graph,method,boundary,reference,max_abs,mean_abs,relative_L2,normalized_max,gate,pass
ogbn-products,paper_tfs,kernel_FP32,paper_tfs,0,0,0,0,0.01,1
ogbn-products,paper_tfs,e2e_FP32_final,paper_tfs,0,0,0,0,0.01,1
ogbn-products,paper_tfs,e2e_BF16_final,paper_tfs,0,0,0,0,0.02,1
ogbn-products,paper_tfs,e2e_BF16_final,source_MKL_FP32,87793.5,79.6746653957,0.0127954883771,0.0135534967021,0.03,1
ogbn-products,b64_fast,kernel_FP32,paper_tfs,7.42822265625,0.0565590515441,0.00328826619572,0.00290152025128,0.01,1
ogbn-products,b64_fast,e2e_FP32_final,paper_tfs,35613,36.1791278913,0.00571474087541,0.00555625806855,0.01,1
ogbn-products,b64_fast,e2e_BF16_final,paper_tfs,32768,36.0753509035,0.00609675543231,0.00512820512821,0.02,1
ogbn-products,b64_fast,e2e_BF16_final,source_MKL_FP32,120561.5,114.44889789,0.0182746867585,0.018612196719,0.03,1
ogbn-products,b64_accurate,kernel_FP32,paper_tfs,0.0191650390625,7.13322475235e-05,5.11476888201e-06,7.48600998243e-06,0.001,1
ogbn-products,b64_accurate,e2e_FP32_final,paper_tfs,52.5,0.164428158725,2.35494527034e-05,8.19092883495e-06,0.001,1
ogbn-products,b64_accurate,e2e_BF16_final,paper_tfs,8192,0.164187761917,0.000271762229989,0.00128205128205,0.01,1
ogbn-products,b64_accurate,e2e_BF16_final,source_MKL_FP32,87793.5,79.7170241606,0.0128025082557,0.0135534967021,0.03,1
ogbn-products,bfull_fast,kernel_FP32,paper_tfs,6.76220703125,0.0565733405329,0.00329457783311,0.00264136948399,0.01,1
ogbn-products,bfull_fast,e2e_FP32_final,paper_tfs,35290.5,36.7816148971,0.00588307246424,0.00550594236285,0.01,1
ogbn-products,bfull_fast,e2e_BF16_final,paper_tfs,32768,36.6786260634,0.00628402291847,0.00512820512821,0.02,1
ogbn-products,bfull_fast,e2e_BF16_final,source_MKL_FP32,120561.5,114.659691528,0.0183357711407,0.018612196719,0.03,1
ogbn-products,bfull_accurate,kernel_FP32,paper_tfs,0.023193359375,8.46767142868e-05,6.64284379022e-06,9.0595025265e-06,0.001,1
ogbn-products,bfull_accurate,e2e_FP32_final,paper_tfs,76,0.206426005442,2.85233669546e-05,1.18573445992e-05,0.001,1
ogbn-products,bfull_accurate,e2e_BF16_final,paper_tfs,8192,0.205963684931,0.000311907295423,0.00128205128205,0.01,1
ogbn-products,bfull_accurate,e2e_BF16_final,source_MKL_FP32,87793.5,79.735989207,0.0128058148152,0.0135534967021,0.03,1
ogbn-products,b256_fast,kernel_FP32,paper_tfs,8.8720703125,0.0565643036659,0.00329104928626,0.00346549812435,0.01,1
ogbn-products,b256_fast,e2e_FP32_final,paper_tfs,36748,36.657297405,0.00579866381876,0.00573333814908,0.01,1
ogbn-products,b256_fast,e2e_BF16_final,paper_tfs,32768,36.5564208625,0.00618876123096,0.00512820512821,0.02,1
ogbn-products,b256_fast,e2e_BF16_final,source_MKL_FP32,120561.5,114.623135205,0.0183034344737,0.018612196719,0.03,1
ogbn-products,b256_accurate,kernel_FP32,paper_tfs,0.022705078125,8.37602721278e-05,6.4268459656e-06,8.86877615753e-06,0.001,1
ogbn-products,b256_accurate,e2e_FP32_final,paper_tfs,69.5,0.199412081361,2.77209962231e-05,1.08432296006e-05,0.001,1
ogbn-products,b256_accurate,e2e_BF16_final,paper_tfs,8192,0.199098416045,0.000306500375023,0.00128205128205,0.01,1
ogbn-products,b256_accurate,e2e_BF16_final,source_MKL_FP32,87793.5,79.7345093401,0.0128057639155,0.0135534967021,0.03,1
ogbn-products,s64_m64_fast,kernel_FP32,paper_tfs,7.42822265625,0.0565590515441,0.00328826619572,0.00290152025128,0.01,1
ogbn-products,s64_m64_fast,e2e_FP32_final,paper_tfs,35613,36.1791278913,0.00571474087541,0.00555625806855,0.01,1
ogbn-products,s64_m64_fast,e2e_BF16_final,paper_tfs,32768,36.0753509035,0.00609675543231,0.00512820512821,0.02,1
ogbn-products,s64_m64_fast,e2e_BF16_final,source_MKL_FP32,120561.5,114.44889789,0.0182746867585,0.018612196719,0.03,1
ogbn-products,s32_m64_fast,kernel_FP32,paper_tfs,7.42822265625,0.0565590515441,0.00328826619572,0.00290152025128,0.01,1
ogbn-products,s32_m64_fast,e2e_FP32_final,paper_tfs,35613,36.1791278913,0.00571474087541,0.00555625806855,0.01,1
ogbn-products,s32_m64_fast,e2e_BF16_final,paper_tfs,32768,36.0753509035,0.00609675543231,0.00512820512821,0.02,1
ogbn-products,s32_m64_fast,e2e_BF16_final,source_MKL_FP32,120561.5,114.44889789,0.0182746867585,0.018612196719,0.03,1
ogbn-products,s32_m256_fast,kernel_FP32,paper_tfs,8.8720703125,0.0565643036659,0.00329104928626,0.00346549812435,0.01,1
ogbn-products,s32_m256_fast,e2e_FP32_final,paper_tfs,36748,36.657297405,0.00579866381876,0.00573333814908,0.01,1
ogbn-products,s32_m256_fast,e2e_BF16_final,paper_tfs,32768,36.5564208625,0.00618876123096,0.00512820512821,0.02,1
ogbn-products,s32_m256_fast,e2e_BF16_final,source_MKL_FP32,120561.5,114.623135205,0.0183034344737,0.018612196719,0.03,1
ogbn-products,s64_m256_fast,kernel_FP32,paper_tfs,8.8720703125,0.0565643036659,0.00329104928626,0.00346549812435,0.01,1
ogbn-products,s64_m256_fast,e2e_FP32_final,paper_tfs,36748,36.657297405,0.00579866381876,0.00573333814908,0.01,1
ogbn-products,s64_m256_fast,e2e_BF16_final,paper_tfs,32768,36.5564208625,0.00618876123096,0.00512820512821,0.02,1
ogbn-products,s64_m256_fast,e2e_BF16_final,source_MKL_FP32,120561.5,114.623135205,0.0183034344737,0.018612196719,0.03,1
ogbn-products,s32_mfull_fast,kernel_FP32,paper_tfs,6.76220703125,0.0565733405329,0.00329457783311,0.00264136948399,0.01,1
ogbn-products,s32_mfull_fast,e2e_FP32_final,paper_tfs,35290.5,36.7816148971,0.00588307246424,0.00550594236285,0.01,1
ogbn-products,s32_mfull_fast,e2e_BF16_final,paper_tfs,32768,36.6786260634,0.00628402291847,0.00512820512821,0.02,1
ogbn-products,s32_mfull_fast,e2e_BF16_final,source_MKL_FP32,120561.5,114.659691528,0.0183357711407,0.018612196719,0.03,1
ogbn-products,s64_mfull_fast,kernel_FP32,paper_tfs,6.76220703125,0.0565733405329,0.00329457783311,0.00264136948399,0.01,1
ogbn-products,s64_mfull_fast,e2e_FP32_final,paper_tfs,35290.5,36.7816148971,0.00588307246424,0.00550594236285,0.01,1
ogbn-products,s64_mfull_fast,e2e_BF16_final,paper_tfs,32768,36.6786260634,0.00628402291847,0.00512820512821,0.02,1
ogbn-products,s64_mfull_fast,e2e_BF16_final,source_MKL_FP32,120561.5,114.659691528,0.0183357711407,0.018612196719,0.03,1
ogbn-products,s128_mfull_fast,kernel_FP32,paper_tfs,6.76220703125,0.0565733405329,0.00329457783311,0.00264136948399,0.01,1
ogbn-products,s128_mfull_fast,e2e_FP32_final,paper_tfs,35290.5,36.7816148971,0.00588307246424,0.00550594236285,0.01,1
ogbn-products,s128_mfull_fast,e2e_BF16_final,paper_tfs,32768,36.6786260634,0.00628402291847,0.00512820512821,0.02,1
ogbn-products,s128_mfull_fast,e2e_BF16_final,source_MKL_FP32,120561.5,114.659691528,0.0183357711407,0.018612196719,0.03,1
ogbn-products,s64_mfull_accurate,kernel_FP32,paper_tfs,0.023193359375,8.46767142868e-05,6.64284379022e-06,9.0595025265e-06,0.001,1
ogbn-products,s64_mfull_accurate,e2e_FP32_final,paper_tfs,76,0.206426005442,2.85233669546e-05,1.18573445992e-05,0.001,1
ogbn-products,s64_mfull_accurate,e2e_BF16_final,paper_tfs,8192,0.205963684931,0.000311907295423,0.00128205128205,0.01,1
ogbn-products,s64_mfull_accurate,e2e_BF16_final,source_MKL_FP32,87793.5,79.735989207,0.0128058148152,0.0135534967021,0.03,1
ogbn-products,s64_mfull_rowwise_fast,kernel_FP32,paper_tfs,6.76220703125,0.0565733405329,0.00329457783311,0.00264136948399,0.01,1
ogbn-products,s64_mfull_rowwise_fast,e2e_FP32_final,paper_tfs,35290.5,36.7816148971,0.00588307246424,0.00550594236285,0.01,1
ogbn-products,s64_mfull_rowwise_fast,e2e_BF16_final,paper_tfs,32768,36.6786260634,0.00628402291847,0.00512820512821,0.02,1
ogbn-products,s64_mfull_rowwise_fast,e2e_BF16_final,source_MKL_FP32,120561.5,114.659691528,0.0183357711407,0.018612196719,0.03,1
reddit,paper_tfs,kernel_FP32,paper_tfs,0,0,0,0,0.01,1
reddit,paper_tfs,e2e_FP32_final,paper_tfs,0,0,0,0,0.01,1
reddit,paper_tfs,e2e_BF16_final,paper_tfs,0,0,0,0,0.02,1
reddit,paper_tfs,e2e_BF16_final,source_MKL_FP32,388622,2831.50670601,0.0120236734565,0.0118142017636,0.03,1
reddit,b64_fast,kernel_FP32,paper_tfs,8.90112304688,0.183179182394,0.00324800577591,0.00367094945782,0.01,1
reddit,b64_fast,e2e_FP32_final,paper_tfs,184064,1319.41411569,0.00560537092091,0.00565019721848,0.01,1
reddit,b64_fast,e2e_BF16_final,paper_tfs,262144,1315.41576132,0.00598069542562,0.00806451612903,0.02,1
reddit,b64_fast,e2e_BF16_final,source_MKL_FP32,586268,4128.18090512,0.017462511111,0.0178226874432,0.03,1
reddit,b64_accurate,kernel_FP32,paper_tfs,0.02294921875,0.000304537084989,5.59899668835e-06,9.46458347828e-06,0.001,1
reddit,b64_accurate,e2e_FP32_final,paper_tfs,496,2.66414896839,9.54928019015e-06,1.52256705296e-05,0.001,1
reddit,b64_accurate,e2e_BF16_final,paper_tfs,131072,2.5931765422,0.000207617856266,0.00403225806452,0.01,1
reddit,b64_accurate,e2e_BF16_final,source_MKL_FP32,388622,2833.21779173,0.0120306019082,0.0118142017636,0.03,1
reddit,bfull_fast,kernel_FP32,paper_tfs,8.81042480469,0.184078272728,0.00328614283687,0.00363354421566,0.01,1
reddit,bfull_fast,e2e_FP32_final,paper_tfs,197034,1371.64503125,0.00585589609114,0.00604833622406,0.01,1
reddit,bfull_fast,e2e_BF16_final,paper_tfs,262144,1367.38437275,0.00625788269038,0.00806451612903,0.02,1
reddit,bfull_fast,e2e_BF16_final,source_MKL_FP32,595806,4147.15709347,0.0175517640027,0.0181126449248,0.03,1
reddit,bfull_accurate,kernel_FP32,paper_tfs,0.0323486328125,0.000453630676095,8.81336728147e-06,1.3341035222e-05,0.001,1
reddit,bfull_accurate,e2e_FP32_final,paper_tfs,666,4.22007803125,1.57085826374e-05,2.0444146316e-05,0.001,1
reddit,bfull_accurate,e2e_BF16_final,paper_tfs,131072,4.12424953819,0.000267446882477,0.00403225806452,0.01,1
reddit,bfull_accurate,e2e_BF16_final,source_MKL_FP32,388622,2834.42342937,0.0120352424898,0.0118142017636,0.03,1
reddit,b256_fast,kernel_FP32,paper_tfs,7.36450195312,0.183482215297,0.00325580063625,0.003037225113,0.01,1
reddit,b256_fast,e2e_FP32_final,paper_tfs,188370,1331.99902491,0.00563108032304,0.00578237814046,0.01,1
reddit,b256_fast,e2e_BF16_final,paper_tfs,262144,1327.85045998,0.00601156121112,0.00806451612903,0.02,1
reddit,b256_fast,e2e_BF16_final,source_MKL_FP32,586268,4132.82898935,0.0174687575202,0.0178226874432,0.03,1
reddit,b256_accurate,kernel_FP32,paper_tfs,0.030517578125,0.000412317431631,7.67966354572e-06,1.25858822849e-05,0.001,1
reddit,b256_accurate,e2e_FP32_final,paper_tfs,542,3.61601167027,1.30556931087e-05,1.66377286836e-05,0.001,1
reddit,b256_accurate,e2e_BF16_final,paper_tfs,131072,3.53209035087,0.000251653680714,0.00403225806452,0.01,1
reddit,b256_accurate,e2e_BF16_final,source_MKL_FP32,388622,2834.08773825,0.0120342516485,0.0118142017636,0.03,1
reddit,s64_m64_fast,kernel_FP32,paper_tfs,8.90112304688,0.183179182394,0.00324800577591,0.00367094945782,0.01,1
reddit,s64_m64_fast,e2e_FP32_final,paper_tfs,184064,1319.41411569,0.00560537092091,0.00565019721848,0.01,1
reddit,s64_m64_fast,e2e_BF16_final,paper_tfs,262144,1315.41576132,0.00598069542562,0.00806451612903,0.02,1
reddit,s64_m64_fast,e2e_BF16_final,source_MKL_FP32,586268,4128.18090512,0.017462511111,0.0178226874432,0.03,1
reddit,s32_m64_fast,kernel_FP32,paper_tfs,8.90112304688,0.183179182394,0.00324800577591,0.00367094945782,0.01,1
reddit,s32_m64_fast,e2e_FP32_final,paper_tfs,184064,1319.41411569,0.00560537092091,0.00565019721848,0.01,1
reddit,s32_m64_fast,e2e_BF16_final,paper_tfs,262144,1315.41576132,0.00598069542562,0.00806451612903,0.02,1
reddit,s32_m64_fast,e2e_BF16_final,source_MKL_FP32,586268,4128.18090512,0.017462511111,0.0178226874432,0.03,1
reddit,s32_m256_fast,kernel_FP32,paper_tfs,7.36450195312,0.183482215297,0.00325580063625,0.003037225113,0.01,1
reddit,s32_m256_fast,e2e_FP32_final,paper_tfs,188370,1331.99902491,0.00563108032304,0.00578237814046,0.01,1
reddit,s32_m256_fast,e2e_BF16_final,paper_tfs,262144,1327.85045998,0.00601156121112,0.00806451612903,0.02,1
reddit,s32_m256_fast,e2e_BF16_final,source_MKL_FP32,586268,4132.82898935,0.0174687575202,0.0178226874432,0.03,1
reddit,s64_m256_fast,kernel_FP32,paper_tfs,7.36450195312,0.183482215297,0.00325580063625,0.003037225113,0.01,1
reddit,s64_m256_fast,e2e_FP32_final,paper_tfs,188370,1331.99902491,0.00563108032304,0.00578237814046,0.01,1
reddit,s64_m256_fast,e2e_BF16_final,paper_tfs,262144,1327.85045998,0.00601156121112,0.00806451612903,0.02,1
reddit,s64_m256_fast,e2e_BF16_final,source_MKL_FP32,586268,4132.82898935,0.0174687575202,0.0178226874432,0.03,1
reddit,s32_mfull_fast,kernel_FP32,paper_tfs,8.81042480469,0.184078272728,0.00328614283687,0.00363354421566,0.01,1
reddit,s32_mfull_fast,e2e_FP32_final,paper_tfs,197034,1371.64503125,0.00585589609114,0.00604833622406,0.01,1
reddit,s32_mfull_fast,e2e_BF16_final,paper_tfs,262144,1367.38437275,0.00625788269038,0.00806451612903,0.02,1
reddit,s32_mfull_fast,e2e_BF16_final,source_MKL_FP32,595806,4147.15709347,0.0175517640027,0.0181126449248,0.03,1
reddit,s64_mfull_fast,kernel_FP32,paper_tfs,8.81042480469,0.184078272728,0.00328614283687,0.00363354421566,0.01,1
reddit,s64_mfull_fast,e2e_FP32_final,paper_tfs,197034,1371.64503125,0.00585589609114,0.00604833622406,0.01,1
reddit,s64_mfull_fast,e2e_BF16_final,paper_tfs,262144,1367.38437275,0.00625788269038,0.00806451612903,0.02,1
reddit,s64_mfull_fast,e2e_BF16_final,source_MKL_FP32,595806,4147.15709347,0.0175517640027,0.0181126449248,0.03,1
reddit,s128_mfull_fast,kernel_FP32,paper_tfs,8.81042480469,0.184078272728,0.00328614283687,0.00363354421566,0.01,1
reddit,s128_mfull_fast,e2e_FP32_final,paper_tfs,197034,1371.64503125,0.00585589609114,0.00604833622406,0.01,1
reddit,s128_mfull_fast,e2e_BF16_final,paper_tfs,262144,1367.38437275,0.00625788269038,0.00806451612903,0.02,1
reddit,s128_mfull_fast,e2e_BF16_final,source_MKL_FP32,595806,4147.15709347,0.0175517640027,0.0181126449248,0.03,1
reddit,s64_mfull_accurate,kernel_FP32,paper_tfs,0.0323486328125,0.000453630676095,8.81336728147e-06,1.3341035222e-05,0.001,1
reddit,s64_mfull_accurate,e2e_FP32_final,paper_tfs,666,4.22007803125,1.57085826374e-05,2.0444146316e-05,0.001,1
reddit,s64_mfull_accurate,e2e_BF16_final,paper_tfs,131072,4.12424953819,0.000267446882477,0.00403225806452,0.01,1
reddit,s64_mfull_accurate,e2e_BF16_final,source_MKL_FP32,388622,2834.42342937,0.0120352424898,0.0118142017636,0.03,1
reddit,s64_mfull_rowwise_fast,kernel_FP32,paper_tfs,8.81042480469,0.184078272728,0.00328614283687,0.00363354421566,0.01,1
reddit,s64_mfull_rowwise_fast,e2e_FP32_final,paper_tfs,197034,1371.64503125,0.00585589609114,0.00604833622406,0.01,1
reddit,s64_mfull_rowwise_fast,e2e_BF16_final,paper_tfs,262144,1367.38437275,0.00625788269038,0.00806451612903,0.02,1
reddit,s64_mfull_rowwise_fast,e2e_BF16_final,source_MKL_FP32,595806,4147.15709347,0.0175517640027,0.0181126449248,0.03,1
mycielskian19,paper_tfs,kernel_FP32,paper_tfs,0,0,0,0,0.01,1
mycielskian19,paper_tfs,e2e_FP32_final,paper_tfs,0,0,0,0,0.01,1
mycielskian19,paper_tfs,e2e_BF16_final,paper_tfs,0,0,0,0,0.02,1
mycielskian19,paper_tfs,e2e_BF16_final,source_MKL_FP32,4399232,46905.9725516,0.0110781608543,0.0149732438601,0.03,1
mycielskian19,b64_fast,kernel_FP32,paper_tfs,53.53125,0.441249271908,0.00307224794212,0.00296637405903,0.01,1
mycielskian19,b64_fast,e2e_FP32_final,paper_tfs,1630688,24497.4466493,0.00562924062475,0.00559769409144,0.01,1
mycielskian19,b64_fast,e2e_BF16_final,paper_tfs,2097152,24432.4311723,0.00600570842091,0.00724637681159,0.02,1
mycielskian19,b64_fast,e2e_BF16_final,source_MKL_FP32,6012768,70880.202984,0.016537247198,0.0204650815275,0.03,1
mycielskian19,b64_accurate,kernel_FP32,paper_tfs,0.4267578125,0.000776676154508,6.8316516821e-06,2.36483045789e-05,0.001,1
mycielskian19,b64_accurate,e2e_FP32_final,paper_tfs,11456,57.0755253148,1.189406119e-05,3.93252317497e-05,0.001,1
mycielskian19,b64_accurate,e2e_BF16_final,paper_tfs,1048576,56.6190694059,0.000228908386099,0.0036231884058,0.01,1
mycielskian19,b64_accurate,e2e_BF16_final,source_MKL_FP32,4399232,46940.1583486,0.0110858851289,0.0149732438601,0.03,1
mycielskian19,bfull_fast,kernel_FP32,paper_tfs,72.32421875,0.453115868829,0.003259883094,0.00400776530232,0.01,1
mycielskian19,bfull_fast,e2e_FP32_final,paper_tfs,1773728,25575.3728534,0.00588971972333,0.00608871025323,0.01,1
mycielskian19,bfull_fast,e2e_BF16_final,paper_tfs,2097152,25506.0948911,0.00629538593344,0.00724637681159,0.02,1
mycielskian19,bfull_fast,e2e_BF16_final,source_MKL_FP32,6012768,71300.1778745,0.0166271367838,0.0204650815275,0.03,1
mycielskian19,bfull_accurate,kernel_FP32,paper_tfs,0.498046875,0.00126911545771,1.05769898971e-05,2.7598707861e-05,0.001,1
mycielskian19,bfull_accurate,e2e_FP32_final,paper_tfs,14272,86.3132213164,1.86671516692e-05,4.89917691631e-05,0.001,1
mycielskian19,bfull_accurate,e2e_BF16_final,paper_tfs,1048576,85.5138829949,0.000297194224028,0.0036231884058,0.01,1
mycielskian19,bfull_accurate,e2e_BF16_final,source_MKL_FP32,4399232,46968.8820884,0.0110922533748,0.0149732438601,0.03,1
mycielskian19,b256_fast,kernel_FP32,paper_tfs,53.693359375,0.442333286352,0.00307594807118,0.00297535716787,0.01,1
mycielskian19,b256_fast,e2e_FP32_final,paper_tfs,1636832,24686.5635029,0.00566453666808,0.00561878471852,0.01,1
mycielskian19,b256_fast,e2e_BF16_final,paper_tfs,2097152,24621.2616071,0.00604457843178,0.00724637681159,0.02,1
mycielskian19,b256_fast,e2e_BF16_final,source_MKL_FP32,6012768,70941.4483322,0.0165568358181,0.0204650815275,0.03,1
mycielskian19,b256_accurate,kernel_FP32,paper_tfs,0.4921875,0.00105138832885,8.43091664205e-06,2.72740171802e-05,0.001,1
mycielskian19,b256_accurate,e2e_FP32_final,paper_tfs,13248,73.5621185528,1.56399261429e-05,4.54766646491e-05,0.001,1
mycielskian19,b256_accurate,e2e_BF16_final,paper_tfs,1048576,73.0188027535,0.000274535000561,0.0036231884058,0.01,1
mycielskian19,b256_accurate,e2e_BF16_final,source_MKL_FP32,4399232,46960.5652809,0.0110903856261,0.0149732438601,0.03,1
mycielskian19,s64_m64_fast,kernel_FP32,paper_tfs,53.53125,0.441249271908,0.00307224794212,0.00296637405903,0.01,1
mycielskian19,s64_m64_fast,e2e_FP32_final,paper_tfs,1630688,24497.4466493,0.00562924062475,0.00559769409144,0.01,1
mycielskian19,s64_m64_fast,e2e_BF16_final,paper_tfs,2097152,24432.4311723,0.00600570842091,0.00724637681159,0.02,1
mycielskian19,s64_m64_fast,e2e_BF16_final,source_MKL_FP32,6012768,70880.202984,0.016537247198,0.0204650815275,0.03,1
mycielskian19,s32_m64_fast,kernel_FP32,paper_tfs,53.53125,0.441249271908,0.00307224794212,0.00296637405903,0.01,1
mycielskian19,s32_m64_fast,e2e_FP32_final,paper_tfs,1630688,24497.4466493,0.00562924062475,0.00559769409144,0.01,1
mycielskian19,s32_m64_fast,e2e_BF16_final,paper_tfs,2097152,24432.4311723,0.00600570842091,0.00724637681159,0.02,1
mycielskian19,s32_m64_fast,e2e_BF16_final,source_MKL_FP32,6012768,70880.202984,0.016537247198,0.0204650815275,0.03,1
mycielskian19,s32_m256_fast,kernel_FP32,paper_tfs,53.693359375,0.442333286352,0.00307594807118,0.00297535716787,0.01,1
mycielskian19,s32_m256_fast,e2e_FP32_final,paper_tfs,1636832,24686.5635029,0.00566453666808,0.00561878471852,0.01,1
mycielskian19,s32_m256_fast,e2e_BF16_final,paper_tfs,2097152,24621.2616071,0.00604457843178,0.00724637681159,0.02,1
mycielskian19,s32_m256_fast,e2e_BF16_final,source_MKL_FP32,6012768,70941.4483322,0.0165568358181,0.0204650815275,0.03,1
mycielskian19,s64_m256_fast,kernel_FP32,paper_tfs,53.693359375,0.442333286352,0.00307594807118,0.00297535716787,0.01,1
mycielskian19,s64_m256_fast,e2e_FP32_final,paper_tfs,1636832,24686.5635029,0.00566453666808,0.00561878471852,0.01,1
mycielskian19,s64_m256_fast,e2e_BF16_final,paper_tfs,2097152,24621.2616071,0.00604457843178,0.00724637681159,0.02,1
mycielskian19,s64_m256_fast,e2e_BF16_final,source_MKL_FP32,6012768,70941.4483322,0.0165568358181,0.0204650815275,0.03,1
mycielskian19,s32_mfull_fast,kernel_FP32,paper_tfs,72.32421875,0.453115868829,0.003259883094,0.00400776530232,0.01,1
mycielskian19,s32_mfull_fast,e2e_FP32_final,paper_tfs,1773728,25575.3728534,0.00588971972333,0.00608871025323,0.01,1
mycielskian19,s32_mfull_fast,e2e_BF16_final,paper_tfs,2097152,25506.0948911,0.00629538593344,0.00724637681159,0.02,1
mycielskian19,s32_mfull_fast,e2e_BF16_final,source_MKL_FP32,6012768,71300.1778745,0.0166271367838,0.0204650815275,0.03,1
mycielskian19,s64_mfull_fast,kernel_FP32,paper_tfs,72.32421875,0.453115868829,0.003259883094,0.00400776530232,0.01,1
mycielskian19,s64_mfull_fast,e2e_FP32_final,paper_tfs,1773728,25575.3728534,0.00588971972333,0.00608871025323,0.01,1
mycielskian19,s64_mfull_fast,e2e_BF16_final,paper_tfs,2097152,25506.0948911,0.00629538593344,0.00724637681159,0.02,1
mycielskian19,s64_mfull_fast,e2e_BF16_final,source_MKL_FP32,6012768,71300.1778745,0.0166271367838,0.0204650815275,0.03,1
mycielskian19,s128_mfull_fast,kernel_FP32,paper_tfs,72.32421875,0.453115868829,0.003259883094,0.00400776530232,0.01,1
mycielskian19,s128_mfull_fast,e2e_FP32_final,paper_tfs,1773728,25575.3728534,0.00588971972333,0.00608871025323,0.01,1
mycielskian19,s128_mfull_fast,e2e_BF16_final,paper_tfs,2097152,25506.0948911,0.00629538593344,0.00724637681159,0.02,1
mycielskian19,s128_mfull_fast,e2e_BF16_final,source_MKL_FP32,6012768,71300.1778745,0.0166271367838,0.0204650815275,0.03,1
mycielskian19,s64_mfull_accurate,kernel_FP32,paper_tfs,0.498046875,0.00126911545771,1.05769898971e-05,2.7598707861e-05,0.001,1
mycielskian19,s64_mfull_accurate,e2e_FP32_final,paper_tfs,14272,86.3132213164,1.86671516692e-05,4.89917691631e-05,0.001,1
mycielskian19,s64_mfull_accurate,e2e_BF16_final,paper_tfs,1048576,85.5138829949,0.000297194224028,0.0036231884058,0.01,1
mycielskian19,s64_mfull_accurate,e2e_BF16_final,source_MKL_FP32,4399232,46968.8820884,0.0110922533748,0.0149732438601,0.03,1
mycielskian19,s64_mfull_rowwise_fast,kernel_FP32,paper_tfs,72.32421875,0.453115868829,0.003259883094,0.00400776530232,0.01,1
mycielskian19,s64_mfull_rowwise_fast,e2e_FP32_final,paper_tfs,1773728,25575.3728534,0.00588971972333,0.00608871025323,0.01,1
mycielskian19,s64_mfull_rowwise_fast,e2e_BF16_final,paper_tfs,2097152,25506.0948911,0.00629538593344,0.00724637681159,0.02,1
mycielskian19,s64_mfull_rowwise_fast,e2e_BF16_final,source_MKL_FP32,6012768,71300.1778745,0.0166271367838,0.0204650815275,0.03,1
roadNet-CA,paper_tfs,kernel_FP32,paper_tfs,0,0,0,0,0.01,1
roadNet-CA,paper_tfs,e2e_FP32_final,paper_tfs,0,0,0,0,0.01,1
roadNet-CA,paper_tfs,e2e_BF16_final,paper_tfs,0,0,0,0,0.02,1
roadNet-CA,paper_tfs,e2e_BF16_final,source_MKL_FP32,12.6315307617,0.767823984775,0.0132329376713,0.0160488692742,0.03,1
roadNet-CA,b64_fast,kernel_FP32,paper_tfs,0.146816253662,0.0124401047832,0.00276077147962,0.00328926536493,0.01,1
roadNet-CA,b64_fast,e2e_FP32_final,paper_tfs,4.62408447266,0.286809950805,0.00508033488093,0.00593296898577,0.01,1
roadNet-CA,b64_fast,e2e_BF16_final,paper_tfs,8,0.28601018643,0.00561707779365,0.0103092783505,0.02,1
roadNet-CA,b64_fast,e2e_BF16_final,source_MKL_FP32,16.6315307617,1.01011954163,0.0175083451157,0.0211310305979,0.03,1
roadNet-CA,b64_accurate,kernel_FP32,paper_tfs,6.19888305664e-05,3.57532333319e-07,9.75211719476e-08,1.38879523424e-06,0.001,1
roadNet-CA,b64_accurate,e2e_FP32_final,paper_tfs,0.12516784668,4.97787199094e-05,1.39370751287e-05,0.000160597618135,0.001,1
roadNet-CA,b64_accurate,e2e_BF16_final,paper_tfs,2,4.97695859887e-05,5.80276526105e-05,0.00257731958763,0.01,1
roadNet-CA,b64_accurate,e2e_BF16_final,source_MKL_FP32,12.6315307617,0.767825105617,0.0132329577107,0.0160488692742,0.03,1
roadNet-CA,bfull_fast,kernel_FP32,paper_tfs,0.146816253662,0.0124401047832,0.00276077147962,0.00328926536493,0.01,1
roadNet-CA,bfull_fast,e2e_FP32_final,paper_tfs,4.62408447266,0.286809950805,0.00508033488093,0.00593296898577,0.01,1
roadNet-CA,bfull_fast,e2e_BF16_final,paper_tfs,8,0.28601018643,0.00561707779365,0.0103092783505,0.02,1
roadNet-CA,bfull_fast,e2e_BF16_final,source_MKL_FP32,16.6315307617,1.01011954163,0.0175083451157,0.0211310305979,0.03,1
roadNet-CA,bfull_accurate,kernel_FP32,paper_tfs,6.19888305664e-05,3.57532333319e-07,9.75211719476e-08,1.38879523424e-06,0.001,1
roadNet-CA,bfull_accurate,e2e_FP32_final,paper_tfs,0.12516784668,4.97787199094e-05,1.39370751287e-05,0.000160597618135,0.001,1
roadNet-CA,bfull_accurate,e2e_BF16_final,paper_tfs,2,4.97695859887e-05,5.80276526105e-05,0.00257731958763,0.01,1
roadNet-CA,bfull_accurate,e2e_BF16_final,source_MKL_FP32,12.6315307617,0.767825105617,0.0132329577107,0.0160488692742,0.03,1
roadNet-CA,b256_fast,kernel_FP32,paper_tfs,0.146816253662,0.0124401047832,0.00276077147962,0.00328926536493,0.01,1
roadNet-CA,b256_fast,e2e_FP32_final,paper_tfs,4.62408447266,0.286809950805,0.00508033488093,0.00593296898577,0.01,1
roadNet-CA,b256_fast,e2e_BF16_final,paper_tfs,8,0.28601018643,0.00561707779365,0.0103092783505,0.02,1
roadNet-CA,b256_fast,e2e_BF16_final,source_MKL_FP32,16.6315307617,1.01011954163,0.0175083451157,0.0211310305979,0.03,1
roadNet-CA,b256_accurate,kernel_FP32,paper_tfs,6.19888305664e-05,3.57532333319e-07,9.75211719476e-08,1.38879523424e-06,0.001,1
roadNet-CA,b256_accurate,e2e_FP32_final,paper_tfs,0.12516784668,4.97787199094e-05,1.39370751287e-05,0.000160597618135,0.001,1
roadNet-CA,b256_accurate,e2e_BF16_final,paper_tfs,2,4.97695859887e-05,5.80276526105e-05,0.00257731958763,0.01,1
roadNet-CA,b256_accurate,e2e_BF16_final,source_MKL_FP32,12.6315307617,0.767825105617,0.0132329577107,0.0160488692742,0.03,1
roadNet-CA,s64_m64_fast,kernel_FP32,paper_tfs,0.146816253662,0.0124401047832,0.00276077147962,0.00328926536493,0.01,1
roadNet-CA,s64_m64_fast,e2e_FP32_final,paper_tfs,4.62408447266,0.286809950805,0.00508033488093,0.00593296898577,0.01,1
roadNet-CA,s64_m64_fast,e2e_BF16_final,paper_tfs,8,0.28601018643,0.00561707779365,0.0103092783505,0.02,1
roadNet-CA,s64_m64_fast,e2e_BF16_final,source_MKL_FP32,16.6315307617,1.01011954163,0.0175083451157,0.0211310305979,0.03,1
roadNet-CA,s32_m64_fast,kernel_FP32,paper_tfs,0.146816253662,0.0124401047832,0.00276077147962,0.00328926536493,0.01,1
roadNet-CA,s32_m64_fast,e2e_FP32_final,paper_tfs,4.62408447266,0.286809950805,0.00508033488093,0.00593296898577,0.01,1
roadNet-CA,s32_m64_fast,e2e_BF16_final,paper_tfs,8,0.28601018643,0.00561707779365,0.0103092783505,0.02,1
roadNet-CA,s32_m64_fast,e2e_BF16_final,source_MKL_FP32,16.6315307617,1.01011954163,0.0175083451157,0.0211310305979,0.03,1
roadNet-CA,s32_m256_fast,kernel_FP32,paper_tfs,0.146816253662,0.0124401047832,0.00276077147962,0.00328926536493,0.01,1
roadNet-CA,s32_m256_fast,e2e_FP32_final,paper_tfs,4.62408447266,0.286809950805,0.00508033488093,0.00593296898577,0.01,1
roadNet-CA,s32_m256_fast,e2e_BF16_final,paper_tfs,8,0.28601018643,0.00561707779365,0.0103092783505,0.02,1
roadNet-CA,s32_m256_fast,e2e_BF16_final,source_MKL_FP32,16.6315307617,1.01011954163,0.0175083451157,0.0211310305979,0.03,1
roadNet-CA,s64_m256_fast,kernel_FP32,paper_tfs,0.146816253662,0.0124401047832,0.00276077147962,0.00328926536493,0.01,1
roadNet-CA,s64_m256_fast,e2e_FP32_final,paper_tfs,4.62408447266,0.286809950805,0.00508033488093,0.00593296898577,0.01,1
roadNet-CA,s64_m256_fast,e2e_BF16_final,paper_tfs,8,0.28601018643,0.00561707779365,0.0103092783505,0.02,1
roadNet-CA,s64_m256_fast,e2e_BF16_final,source_MKL_FP32,16.6315307617,1.01011954163,0.0175083451157,0.0211310305979,0.03,1
roadNet-CA,s32_mfull_fast,kernel_FP32,paper_tfs,0.146816253662,0.0124401047832,0.00276077147962,0.00328926536493,0.01,1
roadNet-CA,s32_mfull_fast,e2e_FP32_final,paper_tfs,4.62408447266,0.286809950805,0.00508033488093,0.00593296898577,0.01,1
roadNet-CA,s32_mfull_fast,e2e_BF16_final,paper_tfs,8,0.28601018643,0.00561707779365,0.0103092783505,0.02,1
roadNet-CA,s32_mfull_fast,e2e_BF16_final,source_MKL_FP32,16.6315307617,1.01011954163,0.0175083451157,0.0211310305979,0.03,1
roadNet-CA,s64_mfull_fast,kernel_FP32,paper_tfs,0.146816253662,0.0124401047832,0.00276077147962,0.00328926536493,0.01,1
roadNet-CA,s64_mfull_fast,e2e_FP32_final,paper_tfs,4.62408447266,0.286809950805,0.00508033488093,0.00593296898577,0.01,1
roadNet-CA,s64_mfull_fast,e2e_BF16_final,paper_tfs,8,0.28601018643,0.00561707779365,0.0103092783505,0.02,1
roadNet-CA,s64_mfull_fast,e2e_BF16_final,source_MKL_FP32,16.6315307617,1.01011954163,0.0175083451157,0.0211310305979,0.03,1
roadNet-CA,s128_mfull_fast,kernel_FP32,paper_tfs,0.146816253662,0.0124401047832,0.00276077147962,0.00328926536493,0.01,1
roadNet-CA,s128_mfull_fast,e2e_FP32_final,paper_tfs,4.62408447266,0.286809950805,0.00508033488093,0.00593296898577,0.01,1
roadNet-CA,s128_mfull_fast,e2e_BF16_final,paper_tfs,8,0.28601018643,0.00561707779365,0.0103092783505,0.02,1
roadNet-CA,s128_mfull_fast,e2e_BF16_final,source_MKL_FP32,16.6315307617,1.01011954163,0.0175083451157,0.0211310305979,0.03,1
roadNet-CA,s64_mfull_accurate,kernel_FP32,paper_tfs,6.19888305664e-05,3.57532333319e-07,9.75211719476e-08,1.38879523424e-06,0.001,1
roadNet-CA,s64_mfull_accurate,e2e_FP32_final,paper_tfs,0.12516784668,4.97787199094e-05,1.39370751287e-05,0.000160597618135,0.001,1
roadNet-CA,s64_mfull_accurate,e2e_BF16_final,paper_tfs,2,4.97695859887e-05,5.80276526105e-05,0.00257731958763,0.01,1
roadNet-CA,s64_mfull_accurate,e2e_BF16_final,source_MKL_FP32,12.6315307617,0.767825105617,0.0132329577107,0.0160488692742,0.03,1
roadNet-CA,s64_mfull_rowwise_fast,kernel_FP32,paper_tfs,0.146816253662,0.0124401047832,0.00276077147962,0.00328926536493,0.01,1
roadNet-CA,s64_mfull_rowwise_fast,e2e_FP32_final,paper_tfs,4.62408447266,0.286809950805,0.00508033488093,0.00593296898577,0.01,1
roadNet-CA,s64_mfull_rowwise_fast,e2e_BF16_final,paper_tfs,8,0.28601018643,0.00561707779365,0.0103092783505,0.02,1
roadNet-CA,s64_mfull_rowwise_fast,e2e_BF16_final,source_MKL_FP32,16.6315307617,1.01011954163,0.0175083451157,0.0211310305979,0.03,1
hollywood-2009,paper_tfs,kernel_FP32,paper_tfs,0,0,0,0,0.01,1
hollywood-2009,paper_tfs,e2e_FP32_final,paper_tfs,0,0,0,0,0.01,1
hollywood-2009,paper_tfs,e2e_BF16_final,paper_tfs,0,0,0,0,0.02,1
hollywood-2009,paper_tfs,e2e_BF16_final,source_MKL_FP32,135670,328.748540249,0.012284731855,0.0121214103042,0.03,1
hollywood-2009,b64_fast,kernel_FP32,paper_tfs,5.35668945312,0.0720189606988,0.00327599238865,0.00320654959787,0.01,1
hollywood-2009,b64_fast,e2e_FP32_final,paper_tfs,62954,150.087356643,0.0055820651573,0.0056761117958,0.01,1
hollywood-2009,b64_fast,e2e_BF16_final,paper_tfs,65536,149.706760795,0.00595497440904,0.00591715976331,0.02,1
hollywood-2009,b64_fast,e2e_BF16_final,source_MKL_FP32,191195,474.725805987,0.0176778331721,0.0170822808515,0.03,1
hollywood-2009,b64_accurate,kernel_FP32,paper_tfs,0.0123291015625,9.70584173903e-05,5.38491223282e-06,7.38028142255e-06,0.001,1
hollywood-2009,b64_accurate,e2e_FP32_final,paper_tfs,137.75,0.410268000075,9.69482129165e-06,1.24199320118e-05,0.001,1
hollywood-2009,b64_accurate,e2e_BF16_final,paper_tfs,32768,0.404353601075,0.000185861313755,0.00295857988166,0.01,1
hollywood-2009,b64_accurate,e2e_BF16_final,source_MKL_FP32,135670,328.905996849,0.0122894310308,0.0121214103042,0.03,1
hollywood-2009,bfull_fast,kernel_FP32,paper_tfs,5.36962890625,0.0721906003622,0.00330233041237,0.00321429523976,0.01,1
hollywood-2009,bfull_fast,e2e_FP32_final,paper_tfs,63238,155.674478996,0.00588085158172,0.00570171804401,0.01,1
hollywood-2009,bfull_fast,e2e_BF16_final,paper_tfs,65536,155.418417367,0.006278850379,0.00591715976331,0.02,1
hollywood-2009,bfull_fast,e2e_BF16_final,source_MKL_FP32,195468,477.143287344,0.0178326776142,0.0174640512225,0.03,1
hollywood-2009,bfull_accurate,kernel_FP32,paper_tfs,0.0201416015625,0.000125896911392,7.97482025252e-06,1.20568953933e-05,0.001,1
hollywood-2009,bfull_accurate,e2e_FP32_final,paper_tfs,209,0.632018481625,1.80237551635e-05,1.88440347765e-05,0.001,1
hollywood-2009,bfull_accurate,e2e_BF16_final,paper_tfs,32768,0.641630867684,0.000287666272361,0.00295857988166,0.01,1
hollywood-2009,bfull_accurate,e2e_BF16_final,source_MKL_FP32,135670,329.0756669,0.0122979298412,0.0121214103042,0.03,1
hollywood-2009,b256_fast,kernel_FP32,paper_tfs,5.17431640625,0.0720542135521,0.00327767596538,0.00309737989049,0.01,1
hollywood-2009,b256_fast,e2e_FP32_final,paper_tfs,63822,152.041662504,0.0056388547197,0.00575437314597,0.01,1
hollywood-2009,b256_fast,e2e_BF16_final,paper_tfs,65536,151.61832769,0.00600920521275,0.00591715976331,0.02,1
hollywood-2009,b256_fast,e2e_BF16_final,source_MKL_FP32,191195,475.583439097,0.0177114766143,0.0170822808515,0.03,1
hollywood-2009,b256_accurate,kernel_FP32,paper_tfs,0.0152587890625,0.000120186796752,7.20912407837e-06,9.13401166158e-06,0.001,1
hollywood-2009,b256_accurate,e2e_FP32_final,paper_tfs,178,0.552097485911,1.396505874e-05,1.60489865561e-05,0.001,1
hollywood-2009,b256_accurate,e2e_BF16_final,paper_tfs,32768,0.561171480035,0.000254179383323,0.00295857988166,0.01,1
hollywood-2009,b256_accurate,e2e_BF16_final,source_MKL_FP32,135670,329.038528415,0.0122952310324,0.0121214103042,0.03,1
hollywood-2009,s64_m64_fast,kernel_FP32,paper_tfs,5.35668945312,0.0720189606988,0.00327599238865,0.00320654959787,0.01,1
hollywood-2009,s64_m64_fast,e2e_FP32_final,paper_tfs,62954,150.087356643,0.0055820651573,0.0056761117958,0.01,1
hollywood-2009,s64_m64_fast,e2e_BF16_final,paper_tfs,65536,149.706760795,0.00595497440904,0.00591715976331,0.02,1
hollywood-2009,s64_m64_fast,e2e_BF16_final,source_MKL_FP32,191195,474.725805987,0.0176778331721,0.0170822808515,0.03,1
hollywood-2009,s32_m64_fast,kernel_FP32,paper_tfs,5.35668945312,0.0720189606988,0.00327599238865,0.00320654959787,0.01,1
hollywood-2009,s32_m64_fast,e2e_FP32_final,paper_tfs,62954,150.087356643,0.0055820651573,0.0056761117958,0.01,1
hollywood-2009,s32_m64_fast,e2e_BF16_final,paper_tfs,65536,149.706760795,0.00595497440904,0.00591715976331,0.02,1
hollywood-2009,s32_m64_fast,e2e_BF16_final,source_MKL_FP32,191195,474.725805987,0.0176778331721,0.0170822808515,0.03,1
hollywood-2009,s32_m256_fast,kernel_FP32,paper_tfs,5.17431640625,0.0720542135521,0.00327767596538,0.00309737989049,0.01,1
hollywood-2009,s32_m256_fast,e2e_FP32_final,paper_tfs,63822,152.041662504,0.0056388547197,0.00575437314597,0.01,1
hollywood-2009,s32_m256_fast,e2e_BF16_final,paper_tfs,65536,151.61832769,0.00600920521275,0.00591715976331,0.02,1
hollywood-2009,s32_m256_fast,e2e_BF16_final,source_MKL_FP32,191195,475.583439097,0.0177114766143,0.0170822808515,0.03,1
hollywood-2009,s64_m256_fast,kernel_FP32,paper_tfs,5.17431640625,0.0720542135521,0.00327767596538,0.00309737989049,0.01,1
hollywood-2009,s64_m256_fast,e2e_FP32_final,paper_tfs,63822,152.041662504,0.0056388547197,0.00575437314597,0.01,1
hollywood-2009,s64_m256_fast,e2e_BF16_final,paper_tfs,65536,151.61832769,0.00600920521275,0.00591715976331,0.02,1
hollywood-2009,s64_m256_fast,e2e_BF16_final,source_MKL_FP32,191195,475.583439097,0.0177114766143,0.0170822808515,0.03,1
hollywood-2009,s32_mfull_fast,kernel_FP32,paper_tfs,5.36962890625,0.0721906003622,0.00330233041237,0.00321429523976,0.01,1
hollywood-2009,s32_mfull_fast,e2e_FP32_final,paper_tfs,63238,155.674478996,0.00588085158172,0.00570171804401,0.01,1
hollywood-2009,s32_mfull_fast,e2e_BF16_final,paper_tfs,65536,155.418417367,0.006278850379,0.00591715976331,0.02,1
hollywood-2009,s32_mfull_fast,e2e_BF16_final,source_MKL_FP32,195468,477.143287344,0.0178326776142,0.0174640512225,0.03,1
hollywood-2009,s64_mfull_fast,kernel_FP32,paper_tfs,5.36962890625,0.0721906003622,0.00330233041237,0.00321429523976,0.01,1
hollywood-2009,s64_mfull_fast,e2e_FP32_final,paper_tfs,63238,155.674478996,0.00588085158172,0.00570171804401,0.01,1
hollywood-2009,s64_mfull_fast,e2e_BF16_final,paper_tfs,65536,155.418417367,0.006278850379,0.00591715976331,0.02,1
hollywood-2009,s64_mfull_fast,e2e_BF16_final,source_MKL_FP32,195468,477.143287344,0.0178326776142,0.0174640512225,0.03,1
hollywood-2009,s128_mfull_fast,kernel_FP32,paper_tfs,5.36962890625,0.0721906003622,0.00330233041237,0.00321429523976,0.01,1
hollywood-2009,s128_mfull_fast,e2e_FP32_final,paper_tfs,63238,155.674478996,0.00588085158172,0.00570171804401,0.01,1
hollywood-2009,s128_mfull_fast,e2e_BF16_final,paper_tfs,65536,155.418417367,0.006278850379,0.00591715976331,0.02,1
hollywood-2009,s128_mfull_fast,e2e_BF16_final,source_MKL_FP32,195468,477.143287344,0.0178326776142,0.0174640512225,0.03,1
hollywood-2009,s64_mfull_accurate,kernel_FP32,paper_tfs,0.0201416015625,0.000125896911392,7.97482025252e-06,1.20568953933e-05,0.001,1
hollywood-2009,s64_mfull_accurate,e2e_FP32_final,paper_tfs,209,0.632018481625,1.80237551635e-05,1.88440347765e-05,0.001,1
hollywood-2009,s64_mfull_accurate,e2e_BF16_final,paper_tfs,32768,0.641630867684,0.000287666272361,0.00295857988166,0.01,1
hollywood-2009,s64_mfull_accurate,e2e_BF16_final,source_MKL_FP32,135670,329.0756669,0.0122979298412,0.0121214103042,0.03,1
hollywood-2009,s64_mfull_rowwise_fast,kernel_FP32,paper_tfs,5.36962890625,0.0721906003622,0.00330233041237,0.00321429523976,0.01,1
hollywood-2009,s64_mfull_rowwise_fast,e2e_FP32_final,paper_tfs,63238,155.674478996,0.00588085158172,0.00570171804401,0.01,1
hollywood-2009,s64_mfull_rowwise_fast,e2e_BF16_final,paper_tfs,65536,155.418417367,0.006278850379,0.00591715976331,0.02,1
hollywood-2009,s64_mfull_rowwise_fast,e2e_BF16_final,source_MKL_FP32,195468,477.143287344,0.0178326776142,0.0174640512225,0.03,1
indochina-2004,paper_tfs,kernel_FP32,paper_tfs,0,0,0,0,0.01,1
indochina-2004,paper_tfs,e2e_FP32_final,paper_tfs,0,0,0,0,0.01,1
indochina-2004,paper_tfs,e2e_BF16_final,paper_tfs,0,0,0,0,0.02,1
indochina-2004,paper_tfs,e2e_BF16_final,source_MKL_FP32,598908,148.494195791,0.0122209035657,0.0149265441402,0.03,1
indochina-2004,b64_fast,kernel_FP32,paper_tfs,4.52941894531,0.0328525803849,0.00326500475592,0.00317213615436,0.01,1
indochina-2004,b64_fast,e2e_FP32_final,paper_tfs,224264,66.3393086463,0.00563891480015,0.00563724859315,0.01,1
indochina-2004,b64_fast,e2e_BF16_final,paper_tfs,262144,65.6555387791,0.0059788431947,0.00662251655629,0.02,1
indochina-2004,b64_fast,e2e_BF16_final,source_MKL_FP32,820392,211.366855102,0.0175146014647,0.0204465751005,0.03,1
indochina-2004,b64_accurate,kernel_FP32,paper_tfs,0.0145263671875,3.18835774604e-05,5.14559950007e-06,1.01734052653e-05,0.001,1
indochina-2004,b64_accurate,e2e_FP32_final,paper_tfs,1174,0.216089750406,2.04969989611e-05,2.95104423731e-05,0.001,1
indochina-2004,b64_accurate,e2e_BF16_final,paper_tfs,262144,0.220514044586,0.000331452300851,0.00662251655629,0.01,1
indochina-2004,b64_accurate,e2e_BF16_final,source_MKL_FP32,600072,148.531856818,0.0122258785591,0.0149555544346,0.03,1
indochina-2004,bfull_fast,kernel_FP32,paper_tfs,5.46606445312,0.0328383965999,0.0032578925049,0.00382810706697,0.01,1
indochina-2004,bfull_fast,e2e_FP32_final,paper_tfs,279990,71.2863304077,0.00600463832796,0.00703801427602,0.01,1
indochina-2004,bfull_fast,e2e_BF16_final,paper_tfs,262144,70.31088722,0.00630784269788,0.00662251655629,0.02,1
indochina-2004,bfull_fast,e2e_BF16_final,source_MKL_FP32,837844,214.81538276,0.0177392012683,0.0208815301325,0.03,1
indochina-2004,bfull_accurate,kernel_FP32,paper_tfs,0.022216796875,3.48116067448e-05,7.04351588373e-06,1.55593256999e-05,0.001,1
indochina-2004,bfull_accurate,e2e_FP32_final,paper_tfs,1588,0.327437481333,2.81410611443e-05,3.9917020859e-05,0.001,1
indochina-2004,bfull_accurate,e2e_BF16_final,paper_tfs,262144,0.358840546203,0.000419933240726,0.00662251655629,0.01,1
indochina-2004,bfull_accurate,e2e_BF16_final,source_MKL_FP32,600072,148.679133979,0.0122424262899,0.0149555544346,0.03,1
indochina-2004,b256_fast,kernel_FP32,paper_tfs,5.31188964844,0.0328011408345,0.00322483237286,0.00372013218588,0.01,1
indochina-2004,b256_fast,e2e_FP32_final,paper_tfs,225512,67.2914388204,0.0055550536483,0.00566861914859,0.01,1
indochina-2004,b256_fast,e2e_BF16_final,paper_tfs,262144,66.9687299182,0.0059520265279,0.00662251655629,0.02,1
indochina-2004,b256_fast,e2e_BF16_final,source_MKL_FP32,820392,211.728782941,0.0174899448931,0.0204465751005,0.03,1
indochina-2004,b256_accurate,kernel_FP32,paper_tfs,0.0184326171875,3.40656468211e-05,6.10089857891e-06,1.29091108829e-05,0.001,1
indochina-2004,b256_accurate,e2e_FP32_final,paper_tfs,1284,0.305327029859,2.6249239333e-05,3.22754753041e-05,0.001,1
indochina-2004,b256_accurate,e2e_BF16_final,paper_tfs,262144,0.308451227395,0.00034203849611,0.00662251655629,0.01,1
indochina-2004,b256_accurate,e2e_BF16_final,source_MKL_FP32,600072,148.582282178,0.0122291856971,0.0149555544346,0.03,1
indochina-2004,s64_m64_fast,kernel_FP32,paper_tfs,4.52941894531,0.0328525803849,0.00326500475592,0.00317213615436,0.01,1
indochina-2004,s64_m64_fast,e2e_FP32_final,paper_tfs,224264,66.3393086463,0.00563891480015,0.00563724859315,0.01,1
indochina-2004,s64_m64_fast,e2e_BF16_final,paper_tfs,262144,65.6555387791,0.0059788431947,0.00662251655629,0.02,1
indochina-2004,s64_m64_fast,e2e_BF16_final,source_MKL_FP32,820392,211.366855102,0.0175146014647,0.0204465751005,0.03,1
indochina-2004,s32_m64_fast,kernel_FP32,paper_tfs,4.52941894531,0.0328525803849,0.00326500475592,0.00317213615436,0.01,1
indochina-2004,s32_m64_fast,e2e_FP32_final,paper_tfs,224264,66.3393086463,0.00563891480015,0.00563724859315,0.01,1
indochina-2004,s32_m64_fast,e2e_BF16_final,paper_tfs,262144,65.6555387791,0.0059788431947,0.00662251655629,0.02,1
indochina-2004,s32_m64_fast,e2e_BF16_final,source_MKL_FP32,820392,211.366855102,0.0175146014647,0.0204465751005,0.03,1
indochina-2004,s32_m256_fast,kernel_FP32,paper_tfs,5.31188964844,0.0328011408345,0.00322483237286,0.00372013218588,0.01,1
indochina-2004,s32_m256_fast,e2e_FP32_final,paper_tfs,225512,67.2914388204,0.0055550536483,0.00566861914859,0.01,1
indochina-2004,s32_m256_fast,e2e_BF16_final,paper_tfs,262144,66.9687299182,0.0059520265279,0.00662251655629,0.02,1
indochina-2004,s32_m256_fast,e2e_BF16_final,source_MKL_FP32,820392,211.728782941,0.0174899448931,0.0204465751005,0.03,1
indochina-2004,s64_m256_fast,kernel_FP32,paper_tfs,5.31188964844,0.0328011408345,0.00322483237286,0.00372013218588,0.01,1
indochina-2004,s64_m256_fast,e2e_FP32_final,paper_tfs,225512,67.2914388204,0.0055550536483,0.00566861914859,0.01,1
indochina-2004,s64_m256_fast,e2e_BF16_final,paper_tfs,262144,66.9687299182,0.0059520265279,0.00662251655629,0.02,1
indochina-2004,s64_m256_fast,e2e_BF16_final,source_MKL_FP32,820392,211.728782941,0.0174899448931,0.0204465751005,0.03,1
indochina-2004,s32_mfull_fast,kernel_FP32,paper_tfs,5.46606445312,0.0328383965999,0.0032578925049,0.00382810706697,0.01,1
indochina-2004,s32_mfull_fast,e2e_FP32_final,paper_tfs,279990,71.2863304077,0.00600463832796,0.00703801427602,0.01,1
indochina-2004,s32_mfull_fast,e2e_BF16_final,paper_tfs,262144,70.31088722,0.00630784269788,0.00662251655629,0.02,1
indochina-2004,s32_mfull_fast,e2e_BF16_final,source_MKL_FP32,837844,214.81538276,0.0177392012683,0.0208815301325,0.03,1
indochina-2004,s64_mfull_fast,kernel_FP32,paper_tfs,5.46606445312,0.0328383965999,0.0032578925049,0.00382810706697,0.01,1
indochina-2004,s64_mfull_fast,e2e_FP32_final,paper_tfs,279990,71.2863304077,0.00600463832796,0.00703801427602,0.01,1
indochina-2004,s64_mfull_fast,e2e_BF16_final,paper_tfs,262144,70.31088722,0.00630784269788,0.00662251655629,0.02,1
indochina-2004,s64_mfull_fast,e2e_BF16_final,source_MKL_FP32,837844,214.81538276,0.0177392012683,0.0208815301325,0.03,1
indochina-2004,s128_mfull_fast,kernel_FP32,paper_tfs,5.46606445312,0.0328383965999,0.0032578925049,0.00382810706697,0.01,1
indochina-2004,s128_mfull_fast,e2e_FP32_final,paper_tfs,279990,71.2863304077,0.00600463832796,0.00703801427602,0.01,1
indochina-2004,s128_mfull_fast,e2e_BF16_final,paper_tfs,262144,70.31088722,0.00630784269788,0.00662251655629,0.02,1
indochina-2004,s128_mfull_fast,e2e_BF16_final,source_MKL_FP32,837844,214.81538276,0.0177392012683,0.0208815301325,0.03,1
indochina-2004,s64_mfull_accurate,kernel_FP32,paper_tfs,0.022216796875,3.48116067448e-05,7.04351588373e-06,1.55593256999e-05,0.001,1
indochina-2004,s64_mfull_accurate,e2e_FP32_final,paper_tfs,1588,0.327437481333,2.81410611443e-05,3.9917020859e-05,0.001,1
indochina-2004,s64_mfull_accurate,e2e_BF16_final,paper_tfs,262144,0.358840546203,0.000419933240726,0.00662251655629,0.01,1
indochina-2004,s64_mfull_accurate,e2e_BF16_final,source_MKL_FP32,600072,148.679133979,0.0122424262899,0.0149555544346,0.03,1
indochina-2004,s64_mfull_rowwise_fast,kernel_FP32,paper_tfs,5.46606445312,0.0328383965999,0.0032578925049,0.00382810706697,0.01,1
indochina-2004,s64_mfull_rowwise_fast,e2e_FP32_final,paper_tfs,279990,71.2863304077,0.00600463832796,0.00703801427602,0.01,1
indochina-2004,s64_mfull_rowwise_fast,e2e_BF16_final,paper_tfs,262144,70.31088722,0.00630784269788,0.00662251655629,0.02,1
indochina-2004,s64_mfull_rowwise_fast,e2e_BF16_final,source_MKL_FP32,837844,214.81538276,0.0177392012683,0.0208815301325,0.03,1
soc-Pokec,paper_tfs,kernel_FP32,paper_tfs,0,0,0,0,0.01,1
soc-Pokec,paper_tfs,e2e_FP32_final,paper_tfs,0,0,0,0,0.01,1
soc-Pokec,paper_tfs,e2e_BF16_final,paper_tfs,0,0,0,0,0.02,1
soc-Pokec,paper_tfs,e2e_BF16_final,source_MKL_FP32,24560.25,13.6608355281,0.0129342882828,0.0162940691287,0.03,1
soc-Pokec,b64_fast,kernel_FP32,paper_tfs,4.00445556641,0.0318868461282,0.00326384582366,0.00286975680748,0.01,1
soc-Pokec,b64_fast,e2e_FP32_final,paper_tfs,8355.375,6.17901146105,0.00577880454095,0.00560472184169,0.01,1
soc-Pokec,b64_fast,e2e_BF16_final,paper_tfs,8192,6.16187444121,0.00616993107827,0.00552486187845,0.02,1
soc-Pokec,b64_fast,e2e_BF16_final,source_MKL_FP32,32752.25,19.4949399242,0.0184188598131,0.0217289085258,0.03,1
soc-Pokec,b64_accurate,kernel_FP32,paper_tfs,0.00848388671875,2.85636748445e-05,4.33430631347e-06,6.07990056607e-06,0.001,1
soc-Pokec,b64_accurate,e2e_FP32_final,paper_tfs,17.875,0.0308176564305,2.87493814782e-05,1.19904137062e-05,0.001,1
soc-Pokec,b64_accurate,e2e_BF16_final,paper_tfs,2048,0.0307028183746,0.00028957652545,0.00138121546961,0.01,1
soc-Pokec,b64_accurate,e2e_BF16_final,source_MKL_FP32,24560.25,13.6657135074,0.0129400343352,0.0162940691287,0.03,1
soc-Pokec,bfull_fast,kernel_FP32,paper_tfs,4.73297119141,0.0318924909954,0.0032661749059,0.00339184093091,0.01,1
soc-Pokec,bfull_fast,e2e_FP32_final,paper_tfs,8185.375,6.21850247866,0.00587816919252,0.00549068713791,0.01,1
soc-Pokec,bfull_fast,e2e_BF16_final,paper_tfs,8192,6.20118277799,0.00629675829904,0.00552486187845,0.02,1
soc-Pokec,bfull_fast,e2e_BF16_final,source_MKL_FP32,32752.25,19.5084609413,0.0184729933051,0.0217289085258,0.03,1
soc-Pokec,bfull_accurate,kernel_FP32,paper_tfs,0.0137329101562,3.08311286098e-05,4.98428988925e-06,9.8415656645e-06,0.001,1
soc-Pokec,bfull_accurate,e2e_FP32_final,paper_tfs,25.625,0.0345863904605,3.29508981367e-05,1.71890546137e-05,0.001,1
soc-Pokec,bfull_accurate,e2e_BF16_final,paper_tfs,4096,0.0344097108189,0.000329442011749,0.00276243093923,0.01,1
soc-Pokec,bfull_accurate,e2e_BF16_final,source_MKL_FP32,24560.25,13.6668029697,0.0129437036711,0.0162940691287,0.03,1
soc-Pokec,b256_fast,kernel_FP32,paper_tfs,4.2265625,0.0318921786627,0.00326562993252,0.00302892772949,0.01,1
soc-Pokec,b256_fast,e2e_FP32_final,paper_tfs,8118.875,6.22594276105,0.00585087117942,0.00544607944496,0.01,1
soc-Pokec,b256_fast,e2e_BF16_final,paper_tfs,8192,6.20833870072,0.00624748150285,0.00552486187845,0.02,1
soc-Pokec,b256_fast,e2e_BF16_final,source_MKL_FP32,32752.25,19.5166191243,0.0184469074649,0.0217289085258,0.03,1
soc-Pokec,b256_accurate,kernel_FP32,paper_tfs,0.00933837890625,3.07926062392e-05,4.95446614903e-06,6.69226465186e-06,0.001,1
soc-Pokec,b256_accurate,e2e_FP32_final,paper_tfs,24.5,0.0342527430439,3.21105980579e-05,1.64344131917e-05,0.001,1
soc-Pokec,b256_accurate,e2e_BF16_final,paper_tfs,4096,0.0340568095881,0.000326837458276,0.00276243093923,0.01,1
soc-Pokec,b256_accurate,e2e_BF16_final,source_MKL_FP32,24560.25,13.6667752838,0.0129434336215,0.0162940691287,0.03,1
soc-Pokec,s64_m64_fast,kernel_FP32,paper_tfs,4.00445556641,0.0318868461282,0.00326384582366,0.00286975680748,0.01,1
soc-Pokec,s64_m64_fast,e2e_FP32_final,paper_tfs,8355.375,6.17901146105,0.00577880454095,0.00560472184169,0.01,1
soc-Pokec,s64_m64_fast,e2e_BF16_final,paper_tfs,8192,6.16187444121,0.00616993107827,0.00552486187845,0.02,1
soc-Pokec,s64_m64_fast,e2e_BF16_final,source_MKL_FP32,32752.25,19.4949399242,0.0184188598131,0.0217289085258,0.03,1
soc-Pokec,s32_m64_fast,kernel_FP32,paper_tfs,4.00445556641,0.0318868461282,0.00326384582366,0.00286975680748,0.01,1
soc-Pokec,s32_m64_fast,e2e_FP32_final,paper_tfs,8355.375,6.17901146105,0.00577880454095,0.00560472184169,0.01,1
soc-Pokec,s32_m64_fast,e2e_BF16_final,paper_tfs,8192,6.16187444121,0.00616993107827,0.00552486187845,0.02,1
soc-Pokec,s32_m64_fast,e2e_BF16_final,source_MKL_FP32,32752.25,19.4949399242,0.0184188598131,0.0217289085258,0.03,1
soc-Pokec,s32_m256_fast,kernel_FP32,paper_tfs,4.2265625,0.0318921786627,0.00326562993252,0.00302892772949,0.01,1
soc-Pokec,s32_m256_fast,e2e_FP32_final,paper_tfs,8118.875,6.22594276105,0.00585087117942,0.00544607944496,0.01,1
soc-Pokec,s32_m256_fast,e2e_BF16_final,paper_tfs,8192,6.20833870072,0.00624748150285,0.00552486187845,0.02,1
soc-Pokec,s32_m256_fast,e2e_BF16_final,source_MKL_FP32,32752.25,19.5166191243,0.0184469074649,0.0217289085258,0.03,1
soc-Pokec,s64_m256_fast,kernel_FP32,paper_tfs,4.2265625,0.0318921786627,0.00326562993252,0.00302892772949,0.01,1
soc-Pokec,s64_m256_fast,e2e_FP32_final,paper_tfs,8118.875,6.22594276105,0.00585087117942,0.00544607944496,0.01,1
soc-Pokec,s64_m256_fast,e2e_BF16_final,paper_tfs,8192,6.20833870072,0.00624748150285,0.00552486187845,0.02,1
soc-Pokec,s64_m256_fast,e2e_BF16_final,source_MKL_FP32,32752.25,19.5166191243,0.0184469074649,0.0217289085258,0.03,1
soc-Pokec,s32_mfull_fast,kernel_FP32,paper_tfs,4.73297119141,0.0318924909954,0.0032661749059,0.00339184093091,0.01,1
soc-Pokec,s32_mfull_fast,e2e_FP32_final,paper_tfs,8185.375,6.21850247866,0.00587816919252,0.00549068713791,0.01,1
soc-Pokec,s32_mfull_fast,e2e_BF16_final,paper_tfs,8192,6.20118277799,0.00629675829904,0.00552486187845,0.02,1
soc-Pokec,s32_mfull_fast,e2e_BF16_final,source_MKL_FP32,32752.25,19.5084609413,0.0184729933051,0.0217289085258,0.03,1
soc-Pokec,s64_mfull_fast,kernel_FP32,paper_tfs,4.73297119141,0.0318924909954,0.0032661749059,0.00339184093091,0.01,1
soc-Pokec,s64_mfull_fast,e2e_FP32_final,paper_tfs,8185.375,6.21850247866,0.00587816919252,0.00549068713791,0.01,1
soc-Pokec,s64_mfull_fast,e2e_BF16_final,paper_tfs,8192,6.20118277799,0.00629675829904,0.00552486187845,0.02,1
soc-Pokec,s64_mfull_fast,e2e_BF16_final,source_MKL_FP32,32752.25,19.5084609413,0.0184729933051,0.0217289085258,0.03,1
soc-Pokec,s128_mfull_fast,kernel_FP32,paper_tfs,4.73297119141,0.0318924909954,0.0032661749059,0.00339184093091,0.01,1
soc-Pokec,s128_mfull_fast,e2e_FP32_final,paper_tfs,8185.375,6.21850247866,0.00587816919252,0.00549068713791,0.01,1
soc-Pokec,s128_mfull_fast,e2e_BF16_final,paper_tfs,8192,6.20118277799,0.00629675829904,0.00552486187845,0.02,1
soc-Pokec,s128_mfull_fast,e2e_BF16_final,source_MKL_FP32,32752.25,19.5084609413,0.0184729933051,0.0217289085258,0.03,1
soc-Pokec,s64_mfull_accurate,kernel_FP32,paper_tfs,0.0137329101562,3.08311286098e-05,4.98428988925e-06,9.8415656645e-06,0.001,1
soc-Pokec,s64_mfull_accurate,e2e_FP32_final,paper_tfs,25.625,0.0345863904605,3.29508981367e-05,1.71890546137e-05,0.001,1
soc-Pokec,s64_mfull_accurate,e2e_BF16_final,paper_tfs,4096,0.0344097108189,0.000329442011749,0.00276243093923,0.01,1
soc-Pokec,s64_mfull_accurate,e2e_BF16_final,source_MKL_FP32,24560.25,13.6668029697,0.0129437036711,0.0162940691287,0.03,1
soc-Pokec,s64_mfull_rowwise_fast,kernel_FP32,paper_tfs,4.73297119141,0.0318924909954,0.0032661749059,0.00339184093091,0.01,1
soc-Pokec,s64_mfull_rowwise_fast,e2e_FP32_final,paper_tfs,8185.375,6.21850247866,0.00587816919252,0.00549068713791,0.01,1
soc-Pokec,s64_mfull_rowwise_fast,e2e_BF16_final,paper_tfs,8192,6.20118277799,0.00629675829904,0.00552486187845,0.02,1
soc-Pokec,s64_mfull_rowwise_fast,e2e_BF16_final,source_MKL_FP32,32752.25,19.5084609413,0.0184729933051,0.0217289085258,0.03,1
cit-Patents,paper_tfs,kernel_FP32,paper_tfs,0,0,0,0,0.01,1
cit-Patents,paper_tfs,e2e_FP32_final,paper_tfs,0,0,0,0,0.01,1
cit-Patents,paper_tfs,e2e_BF16_final,paper_tfs,0,0,0,0,0.02,1
cit-Patents,paper_tfs,e2e_BF16_final,source_MKL_FP32,645.875,0.90145634162,0.0130847827918,0.0121119786651,0.03,1
cit-Patents,b64_fast,kernel_FP32,paper_tfs,1.05746459961,0.0129792868356,0.00316353991885,0.00307708319402,0.01,1
cit-Patents,b64_fast,e2e_FP32_final,paper_tfs,293.6328125,0.378905496522,0.00565339537812,0.00556512154649,0.01,1
cit-Patents,b64_fast,e2e_BF16_final,paper_tfs,512,0.377830157192,0.0060872254351,0.00970873786408,0.02,1
cit-Patents,b64_fast,e2e_BF16_final,source_MKL_FP32,1101.30859375,1.24226116915,0.0183148573313,0.0206526436094,0.03,1
cit-Patents,b64_accurate,kernel_FP32,paper_tfs,0.00228118896484,3.22952444084e-06,2.16146055957e-06,6.63796048464e-06,0.001,1
cit-Patents,b64_accurate,e2e_FP32_final,paper_tfs,1.48937988281,0.000567116548294,2.73928494229e-05,2.82277038665e-05,0.001,1
cit-Patents,b64_accurate,e2e_BF16_final,paper_tfs,128,0.000563345769416,0.000205845939058,0.00242718446602,0.01,1
cit-Patents,b64_accurate,e2e_BF16_final,source_MKL_FP32,645.875,0.901510830384,0.0130869081286,0.0121119786651,0.03,1
cit-Patents,bfull_fast,kernel_FP32,paper_tfs,1.30975341797,0.0129795904996,0.00316388184882,0.00381121054288,0.01,1
cit-Patents,bfull_fast,e2e_FP32_final,paper_tfs,290.23828125,0.379328330491,0.005692006456,0.00550078616504,0.01,1
cit-Patents,bfull_fast,e2e_BF16_final,paper_tfs,256,0.378260670604,0.00612542567851,0.00485436893204,0.02,1
cit-Patents,bfull_fast,e2e_BF16_final,source_MKL_FP32,900.375,1.2424405523,0.0183197833007,0.016884571768,0.03,1
cit-Patents,bfull_accurate,kernel_FP32,paper_tfs,0.00360107421875,3.29198377836e-06,2.31602499937e-06,1.04786533403e-05,0.001,1
cit-Patents,bfull_accurate,e2e_FP32_final,paper_tfs,1.4755859375,0.000581692462032,2.8300676679e-05,2.79662719727e-05,0.001,1
cit-Patents,bfull_accurate,e2e_BF16_final,paper_tfs,128,0.000577671980162,0.000214847664114,0.00242718446602,0.01,1
cit-Patents,bfull_accurate,e2e_BF16_final,source_MKL_FP32,645.875,0.901516773621,0.0130873843597,0.0121119786651,0.03,1
cit-Patents,b256_fast,kernel_FP32,paper_tfs,1.3434753418,0.0129796922442,0.00316401677479,0.00390933691526,0.01,1
cit-Patents,b256_fast,e2e_FP32_final,paper_tfs,308.05078125,0.379294852718,0.00568378511595,0.00583838034159,0.01,1
cit-Patents,b256_fast,e2e_BF16_final,paper_tfs,512,0.378229220055,0.00611928594144,0.00970873786408,0.02,1
cit-Patents,b256_fast,e2e_BF16_final,source_MKL_FP32,1101.30859375,1.24242341641,0.0183168920169,0.0206526436094,0.03,1
cit-Patents,b256_accurate,kernel_FP32,paper_tfs,0.00308227539062,3.29147716311e-06,2.31219154206e-06,8.96901684213e-06,0.001,1
cit-Patents,b256_accurate,e2e_FP32_final,paper_tfs,1.4755859375,0.000581451003937,2.8266956233e-05,2.79662719727e-05,0.001,1
cit-Patents,b256_accurate,e2e_BF16_final,paper_tfs,128,0.00057754927781,0.000214939058305,0.00242718446602,0.01,1
cit-Patents,b256_accurate,e2e_BF16_final,source_MKL_FP32,645.875,0.90151690202,0.0130873931563,0.0121119786651,0.03,1
cit-Patents,s64_m64_fast,kernel_FP32,paper_tfs,1.05746459961,0.0129792868356,0.00316353991885,0.00307708319402,0.01,1
cit-Patents,s64_m64_fast,e2e_FP32_final,paper_tfs,293.6328125,0.378905496522,0.00565339537812,0.00556512154649,0.01,1
cit-Patents,s64_m64_fast,e2e_BF16_final,paper_tfs,512,0.377830157192,0.0060872254351,0.00970873786408,0.02,1
cit-Patents,s64_m64_fast,e2e_BF16_final,source_MKL_FP32,1101.30859375,1.24226116915,0.0183148573313,0.0206526436094,0.03,1
cit-Patents,s32_m64_fast,kernel_FP32,paper_tfs,1.05746459961,0.0129792868356,0.00316353991885,0.00307708319402,0.01,1
cit-Patents,s32_m64_fast,e2e_FP32_final,paper_tfs,293.6328125,0.378905496522,0.00565339537812,0.00556512154649,0.01,1
cit-Patents,s32_m64_fast,e2e_BF16_final,paper_tfs,512,0.377830157192,0.0060872254351,0.00970873786408,0.02,1
cit-Patents,s32_m64_fast,e2e_BF16_final,source_MKL_FP32,1101.30859375,1.24226116915,0.0183148573313,0.0206526436094,0.03,1
cit-Patents,s32_m256_fast,kernel_FP32,paper_tfs,1.3434753418,0.0129796922442,0.00316401677479,0.00390933691526,0.01,1
cit-Patents,s32_m256_fast,e2e_FP32_final,paper_tfs,308.05078125,0.379294852718,0.00568378511595,0.00583838034159,0.01,1
cit-Patents,s32_m256_fast,e2e_BF16_final,paper_tfs,512,0.378229220055,0.00611928594144,0.00970873786408,0.02,1
cit-Patents,s32_m256_fast,e2e_BF16_final,source_MKL_FP32,1101.30859375,1.24242341641,0.0183168920169,0.0206526436094,0.03,1
cit-Patents,s64_m256_fast,kernel_FP32,paper_tfs,1.3434753418,0.0129796922442,0.00316401677479,0.00390933691526,0.01,1
cit-Patents,s64_m256_fast,e2e_FP32_final,paper_tfs,308.05078125,0.379294852718,0.00568378511595,0.00583838034159,0.01,1
cit-Patents,s64_m256_fast,e2e_BF16_final,paper_tfs,512,0.378229220055,0.00611928594144,0.00970873786408,0.02,1
cit-Patents,s64_m256_fast,e2e_BF16_final,source_MKL_FP32,1101.30859375,1.24242341641,0.0183168920169,0.0206526436094,0.03,1
cit-Patents,s32_mfull_fast,kernel_FP32,paper_tfs,1.30975341797,0.0129795904996,0.00316388184882,0.00381121054288,0.01,1
cit-Patents,s32_mfull_fast,e2e_FP32_final,paper_tfs,290.23828125,0.379328330491,0.005692006456,0.00550078616504,0.01,1
cit-Patents,s32_mfull_fast,e2e_BF16_final,paper_tfs,256,0.378260670604,0.00612542567851,0.00485436893204,0.02,1
cit-Patents,s32_mfull_fast,e2e_BF16_final,source_MKL_FP32,900.375,1.2424405523,0.0183197833007,0.016884571768,0.03,1
cit-Patents,s64_mfull_fast,kernel_FP32,paper_tfs,1.30975341797,0.0129795904996,0.00316388184882,0.00381121054288,0.01,1
cit-Patents,s64_mfull_fast,e2e_FP32_final,paper_tfs,290.23828125,0.379328330491,0.005692006456,0.00550078616504,0.01,1
cit-Patents,s64_mfull_fast,e2e_BF16_final,paper_tfs,256,0.378260670604,0.00612542567851,0.00485436893204,0.02,1
cit-Patents,s64_mfull_fast,e2e_BF16_final,source_MKL_FP32,900.375,1.2424405523,0.0183197833007,0.016884571768,0.03,1
cit-Patents,s128_mfull_fast,kernel_FP32,paper_tfs,1.30975341797,0.0129795904996,0.00316388184882,0.00381121054288,0.01,1
cit-Patents,s128_mfull_fast,e2e_FP32_final,paper_tfs,290.23828125,0.379328330491,0.005692006456,0.00550078616504,0.01,1
cit-Patents,s128_mfull_fast,e2e_BF16_final,paper_tfs,256,0.378260670604,0.00612542567851,0.00485436893204,0.02,1
cit-Patents,s128_mfull_fast,e2e_BF16_final,source_MKL_FP32,900.375,1.2424405523,0.0183197833007,0.016884571768,0.03,1
cit-Patents,s64_mfull_accurate,kernel_FP32,paper_tfs,0.00360107421875,3.29198377836e-06,2.31602499937e-06,1.04786533403e-05,0.001,1
cit-Patents,s64_mfull_accurate,e2e_FP32_final,paper_tfs,1.4755859375,0.000581692462032,2.8300676679e-05,2.79662719727e-05,0.001,1
cit-Patents,s64_mfull_accurate,e2e_BF16_final,paper_tfs,128,0.000577671980162,0.000214847664114,0.00242718446602,0.01,1
cit-Patents,s64_mfull_accurate,e2e_BF16_final,source_MKL_FP32,645.875,0.901516773621,0.0130873843597,0.0121119786651,0.03,1
cit-Patents,s64_mfull_rowwise_fast,kernel_FP32,paper_tfs,1.30975341797,0.0129795904996,0.00316388184882,0.00381121054288,0.01,1
cit-Patents,s64_mfull_rowwise_fast,e2e_FP32_final,paper_tfs,290.23828125,0.379328330491,0.005692006456,0.00550078616504,0.01,1
cit-Patents,s64_mfull_rowwise_fast,e2e_BF16_final,paper_tfs,256,0.378260670604,0.00612542567851,0.00485436893204,0.02,1
cit-Patents,s64_mfull_rowwise_fast,e2e_BF16_final,source_MKL_FP32,900.375,1.2424405523,0.0183197833007,0.016884571768,0.03,1
soc-LiveJournal1,paper_tfs,kernel_FP32,paper_tfs,0,0,0,0,0.01,1
soc-LiveJournal1,paper_tfs,e2e_FP32_final,paper_tfs,0,0,0,0,0.01,1
soc-LiveJournal1,paper_tfs,e2e_BF16_final,paper_tfs,0,0,0,0,0.02,1
soc-LiveJournal1,paper_tfs,e2e_BF16_final,source_MKL_FP32,66260,13.2248135724,0.0128773740708,0.0144412546499,0.03,1
soc-LiveJournal1,b64_fast,kernel_FP32,paper_tfs,6.44287109375,0.0244987727338,0.00323585575574,0.00276904748439,0.01,1
soc-LiveJournal1,b64_fast,e2e_FP32_final,paper_tfs,25650,5.91146481266,0.00571259040755,0.00564956321057,0.01,1
soc-LiveJournal1,b64_fast,e2e_BF16_final,paper_tfs,32768,5.89548085473,0.00609595795163,0.00724637681159,0.02,1
soc-LiveJournal1,b64_fast,e2e_BF16_final,source_MKL_FP32,99028,18.8218154772,0.0183508870473,0.0215829846887,0.03,1
soc-LiveJournal1,b64_accurate,kernel_FP32,paper_tfs,0.019775390625,1.92471797808e-05,4.29442241239e-06,8.49916052427e-06,0.001,1
soc-LiveJournal1,b64_accurate,e2e_FP32_final,paper_tfs,53.5,0.0281621811556,2.33989743552e-05,1.17836893476e-05,0.001,1
soc-LiveJournal1,b64_accurate,e2e_BF16_final,paper_tfs,4096,0.0283399337012,0.000276295268994,0.000905797101449,0.01,1
soc-LiveJournal1,b64_accurate,e2e_BF16_final,source_MKL_FP32,66260,13.2300280477,0.0128835755375,0.0144412546499,0.03,1
soc-LiveJournal1,bfull_fast,kernel_FP32,paper_tfs,7.9365234375,0.0245026906471,0.00323954448119,0.00341099642374,0.01,1
soc-LiveJournal1,bfull_fast,e2e_FP32_final,paper_tfs,23714.5,5.98659947406,0.00588794429307,0.00522325796324,0.01,1
soc-LiveJournal1,bfull_fast,e2e_BF16_final,paper_tfs,32768,5.97030326947,0.00628301249673,0.00724637681159,0.02,1
soc-LiveJournal1,bfull_fast,e2e_BF16_final,source_MKL_FP32,99028,18.8515393465,0.0183946727007,0.0215829846887,0.03,1
soc-LiveJournal1,bfull_accurate,kernel_FP32,paper_tfs,0.0235595703125,2.12894958322e-05,5.2152487564e-06,1.01255430937e-05,0.001,1
soc-LiveJournal1,bfull_accurate,e2e_FP32_final,paper_tfs,65.75,0.0337082991272,2.77753994732e-05,1.44818238244e-05,0.001,1
soc-LiveJournal1,bfull_accurate,e2e_BF16_final,paper_tfs,4096,0.0336595410837,0.000307796730564,0.000905797101449,0.01,1
soc-LiveJournal1,bfull_accurate,e2e_BF16_final,source_MKL_FP32,66260,13.2322252229,0.0128878122324,0.0144412546499,0.03,1
soc-LiveJournal1,b256_fast,kernel_FP32,paper_tfs,7.19409179688,0.0245019427835,0.0032379436355,0.0030919106564,0.01,1
soc-LiveJournal1,b256_fast,e2e_FP32_final,paper_tfs,26336,5.9749102464,0.0058427523995,0.00580065874127,0.01,1
soc-LiveJournal1,b256_fast,e2e_BF16_final,paper_tfs,32768,5.95765711716,0.00622524330269,0.00724637681159,0.02,1
soc-LiveJournal1,b256_fast,e2e_BF16_final,source_MKL_FP32,99028,18.8469981876,0.0183933121241,0.0215829846887,0.03,1
soc-LiveJournal1,b256_accurate,kernel_FP32,paper_tfs,0.027099609375,2.11872491882e-05,5.11941049651e-06,1.16469977555e-05,0.001,1
soc-LiveJournal1,b256_accurate,e2e_FP32_final,paper_tfs,63.5,0.0330793793633,2.64242852129e-05,1.39862481041e-05,0.001,1
soc-LiveJournal1,b256_accurate,e2e_BF16_final,paper_tfs,4096,0.032979876814,0.000298945055907,0.000905797101449,0.01,1
soc-LiveJournal1,b256_accurate,e2e_BF16_final,source_MKL_FP32,66260,13.2320272007,0.0128873065781,0.0144412546499,0.03,1
soc-LiveJournal1,s64_m64_fast,kernel_FP32,paper_tfs,6.44287109375,0.0244987727338,0.00323585575574,0.00276904748439,0.01,1
soc-LiveJournal1,s64_m64_fast,e2e_FP32_final,paper_tfs,25650,5.91146481266,0.00571259040755,0.00564956321057,0.01,1
soc-LiveJournal1,s64_m64_fast,e2e_BF16_final,paper_tfs,32768,5.89548085473,0.00609595795163,0.00724637681159,0.02,1
soc-LiveJournal1,s64_m64_fast,e2e_BF16_final,source_MKL_FP32,99028,18.8218154772,0.0183508870473,0.0215829846887,0.03,1
soc-LiveJournal1,s32_m64_fast,kernel_FP32,paper_tfs,6.44287109375,0.0244987727338,0.00323585575574,0.00276904748439,0.01,1
soc-LiveJournal1,s32_m64_fast,e2e_FP32_final,paper_tfs,25650,5.91146481266,0.00571259040755,0.00564956321057,0.01,1
soc-LiveJournal1,s32_m64_fast,e2e_BF16_final,paper_tfs,32768,5.89548085473,0.00609595795163,0.00724637681159,0.02,1
soc-LiveJournal1,s32_m64_fast,e2e_BF16_final,source_MKL_FP32,99028,18.8218154772,0.0183508870473,0.0215829846887,0.03,1
soc-LiveJournal1,s32_m256_fast,kernel_FP32,paper_tfs,7.19409179688,0.0245019427835,0.0032379436355,0.0030919106564,0.01,1
soc-LiveJournal1,s32_m256_fast,e2e_FP32_final,paper_tfs,26336,5.9749102464,0.0058427523995,0.00580065874127,0.01,1
soc-LiveJournal1,s32_m256_fast,e2e_BF16_final,paper_tfs,32768,5.95765711716,0.00622524330269,0.00724637681159,0.02,1
soc-LiveJournal1,s32_m256_fast,e2e_BF16_final,source_MKL_FP32,99028,18.8469981876,0.0183933121241,0.0215829846887,0.03,1
soc-LiveJournal1,s64_m256_fast,kernel_FP32,paper_tfs,7.19409179688,0.0245019427835,0.0032379436355,0.0030919106564,0.01,1
soc-LiveJournal1,s64_m256_fast,e2e_FP32_final,paper_tfs,26336,5.9749102464,0.0058427523995,0.00580065874127,0.01,1
soc-LiveJournal1,s64_m256_fast,e2e_BF16_final,paper_tfs,32768,5.95765711716,0.00622524330269,0.00724637681159,0.02,1
soc-LiveJournal1,s64_m256_fast,e2e_BF16_final,source_MKL_FP32,99028,18.8469981876,0.0183933121241,0.0215829846887,0.03,1
soc-LiveJournal1,s32_mfull_fast,kernel_FP32,paper_tfs,7.9365234375,0.0245026906471,0.00323954448119,0.00341099642374,0.01,1
soc-LiveJournal1,s32_mfull_fast,e2e_FP32_final,paper_tfs,23714.5,5.98659947406,0.00588794429307,0.00522325796324,0.01,1
soc-LiveJournal1,s32_mfull_fast,e2e_BF16_final,paper_tfs,32768,5.97030326947,0.00628301249673,0.00724637681159,0.02,1
soc-LiveJournal1,s32_mfull_fast,e2e_BF16_final,source_MKL_FP32,99028,18.8515393465,0.0183946727007,0.0215829846887,0.03,1
soc-LiveJournal1,s64_mfull_fast,kernel_FP32,paper_tfs,7.9365234375,0.0245026906471,0.00323954448119,0.00341099642374,0.01,1
soc-LiveJournal1,s64_mfull_fast,e2e_FP32_final,paper_tfs,23714.5,5.98659947406,0.00588794429307,0.00522325796324,0.01,1
soc-LiveJournal1,s64_mfull_fast,e2e_BF16_final,paper_tfs,32768,5.97030326947,0.00628301249673,0.00724637681159,0.02,1
soc-LiveJournal1,s64_mfull_fast,e2e_BF16_final,source_MKL_FP32,99028,18.8515393465,0.0183946727007,0.0215829846887,0.03,1
soc-LiveJournal1,s128_mfull_fast,kernel_FP32,paper_tfs,7.9365234375,0.0245026906471,0.00323954448119,0.00341099642374,0.01,1
soc-LiveJournal1,s128_mfull_fast,e2e_FP32_final,paper_tfs,23714.5,5.98659947406,0.00588794429307,0.00522325796324,0.01,1
soc-LiveJournal1,s128_mfull_fast,e2e_BF16_final,paper_tfs,32768,5.97030326947,0.00628301249673,0.00724637681159,0.02,1
soc-LiveJournal1,s128_mfull_fast,e2e_BF16_final,source_MKL_FP32,99028,18.8515393465,0.0183946727007,0.0215829846887,0.03,1
soc-LiveJournal1,s64_mfull_accurate,kernel_FP32,paper_tfs,0.0235595703125,2.12894958322e-05,5.2152487564e-06,1.01255430937e-05,0.001,1
soc-LiveJournal1,s64_mfull_accurate,e2e_FP32_final,paper_tfs,65.75,0.0337082991272,2.77753994732e-05,1.44818238244e-05,0.001,1
soc-LiveJournal1,s64_mfull_accurate,e2e_BF16_final,paper_tfs,4096,0.0336595410837,0.000307796730564,0.000905797101449,0.01,1
soc-LiveJournal1,s64_mfull_accurate,e2e_BF16_final,source_MKL_FP32,66260,13.2322252229,0.0128878122324,0.0144412546499,0.03,1
soc-LiveJournal1,s64_mfull_rowwise_fast,kernel_FP32,paper_tfs,7.9365234375,0.0245026906471,0.00323954448119,0.00341099642374,0.01,1
soc-LiveJournal1,s64_mfull_rowwise_fast,e2e_FP32_final,paper_tfs,23714.5,5.98659947406,0.00588794429307,0.00522325796324,0.01,1
soc-LiveJournal1,s64_mfull_rowwise_fast,e2e_BF16_final,paper_tfs,32768,5.97030326947,0.00628301249673,0.00724637681159,0.02,1
soc-LiveJournal1,s64_mfull_rowwise_fast,e2e_BF16_final,source_MKL_FP32,99028,18.8515393465,0.0183946727007,0.0215829846887,0.03,1
com-LiveJournal,paper_tfs,kernel_FP32,paper_tfs,0,0,0,0,0.01,1
com-LiveJournal,paper_tfs,e2e_FP32_final,paper_tfs,0,0,0,0,0.01,1
com-LiveJournal,paper_tfs,e2e_BF16_final,paper_tfs,0,0,0,0,0.02,1
com-LiveJournal,paper_tfs,e2e_BF16_final,source_MKL_FP32,37904.75,18.7738840035,0.0128691809134,0.0133545182028,0.03,1
com-LiveJournal,b64_fast,kernel_FP32,paper_tfs,6.5400390625,0.0290276905659,0.00324243976422,0.00314571058735,0.01,1
com-LiveJournal,b64_fast,e2e_FP32_final,paper_tfs,15810.75,8.4445481637,0.00569256585011,0.00562246660952,0.01,1
com-LiveJournal,b64_fast,e2e_BF16_final,paper_tfs,16384,8.42146359547,0.00607767240714,0.00584795321637,0.02,1
com-LiveJournal,b64_fast,e2e_BF16_final,source_MKL_FP32,53345.75,26.7890945634,0.0183444969133,0.0187946573824,0.03,1
com-LiveJournal,b64_accurate,kernel_FP32,paper_tfs,0.016357421875,2.35548542032e-05,4.36237507206e-06,7.8677993636e-06,0.001,1
com-LiveJournal,b64_accurate,e2e_FP32_final,paper_tfs,40.25,0.0392444836517,2.02247542215e-05,1.43133172704e-05,0.001,1
com-LiveJournal,b64_accurate,e2e_BF16_final,paper_tfs,8192,0.0389933933146,0.000250946534661,0.00292397660819,0.01,1
com-LiveJournal,b64_accurate,e2e_BF16_final,source_MKL_FP32,37904.75,18.7816637337,0.0128756010588,0.0133545182028,0.03,1
com-LiveJournal,bfull_fast,kernel_FP32,paper_tfs,5.24780273438,0.0290304786294,0.00324507654098,0.00252415443762,0.01,1
com-LiveJournal,bfull_fast,e2e_FP32_final,paper_tfs,15874.5,8.56417095331,0.00587799678191,0.00564513677041,0.01,1
com-LiveJournal,bfull_fast,e2e_BF16_final,paper_tfs,16384,8.53978982793,0.00627983341884,0.00584795321637,0.02,1
com-LiveJournal,bfull_fast,e2e_BF16_final,source_MKL_FP32,54288.75,26.8372687296,0.018407251517,0.0191268930696,0.03,1
com-LiveJournal,bfull_accurate,kernel_FP32,paper_tfs,0.02001953125,2.61520194221e-05,5.34868647771e-06,9.62924698232e-06,0.001,1
com-LiveJournal,bfull_accurate,e2e_FP32_final,paper_tfs,39.75,0.0465230719616,2.51449358526e-05,1.41355120869e-05,0.001,1
com-LiveJournal,bfull_accurate,e2e_BF16_final,paper_tfs,8192,0.0462518415758,0.000302442768664,0.00292397660819,0.01,1
com-LiveJournal,bfull_accurate,e2e_BF16_final,source_MKL_FP32,37904.75,18.7850000283,0.0128801674759,0.0133545182028,0.03,1
com-LiveJournal,b256_fast,kernel_FP32,paper_tfs,6.4501953125,0.02903140451,0.00324486642727,0.00310249640577,0.01,1
com-LiveJournal,b256_fast,e2e_FP32_final,paper_tfs,15713.25,8.53822841876,0.00579647650617,0.00558779459874,0.01,1
com-LiveJournal,b256_fast,e2e_BF16_final,paper_tfs,16384,8.51380457267,0.00619044085524,0.00584795321637,0.02,1
com-LiveJournal,b256_fast,e2e_BF16_final,source_MKL_FP32,53345.75,26.8285301654,0.018384206257,0.0187946573824,0.03,1
com-LiveJournal,b256_accurate,kernel_FP32,paper_tfs,0.0206298828125,2.60138604738e-05,5.23652820574e-06,9.92282158544e-06,0.001,1
com-LiveJournal,b256_accurate,e2e_FP32_final,paper_tfs,43.25,0.0465264759202,2.49406548114e-05,1.53801483713e-05,0.001,1
com-LiveJournal,b256_accurate,e2e_BF16_final,paper_tfs,8192,0.0462240874419,0.000293764644875,0.00292397660819,0.01,1
com-LiveJournal,b256_accurate,e2e_BF16_final,source_MKL_FP32,37904.75,18.7849388741,0.0128797463702,0.0133545182028,0.03,1
com-LiveJournal,s64_m64_fast,kernel_FP32,paper_tfs,6.5400390625,0.0290276905659,0.00324243976422,0.00314571058735,0.01,1
com-LiveJournal,s64_m64_fast,e2e_FP32_final,paper_tfs,15810.75,8.4445481637,0.00569256585011,0.00562246660952,0.01,1
com-LiveJournal,s64_m64_fast,e2e_BF16_final,paper_tfs,16384,8.42146359547,0.00607767240714,0.00584795321637,0.02,1
com-LiveJournal,s64_m64_fast,e2e_BF16_final,source_MKL_FP32,53345.75,26.7890945634,0.0183444969133,0.0187946573824,0.03,1
com-LiveJournal,s32_m64_fast,kernel_FP32,paper_tfs,6.5400390625,0.0290276905659,0.00324243976422,0.00314571058735,0.01,1
com-LiveJournal,s32_m64_fast,e2e_FP32_final,paper_tfs,15810.75,8.4445481637,0.00569256585011,0.00562246660952,0.01,1
com-LiveJournal,s32_m64_fast,e2e_BF16_final,paper_tfs,16384,8.42146359547,0.00607767240714,0.00584795321637,0.02,1
com-LiveJournal,s32_m64_fast,e2e_BF16_final,source_MKL_FP32,53345.75,26.7890945634,0.0183444969133,0.0187946573824,0.03,1
com-LiveJournal,s32_m256_fast,kernel_FP32,paper_tfs,6.4501953125,0.02903140451,0.00324486642727,0.00310249640577,0.01,1
com-LiveJournal,s32_m256_fast,e2e_FP32_final,paper_tfs,15713.25,8.53822841876,0.00579647650617,0.00558779459874,0.01,1
com-LiveJournal,s32_m256_fast,e2e_BF16_final,paper_tfs,16384,8.51380457267,0.00619044085524,0.00584795321637,0.02,1
com-LiveJournal,s32_m256_fast,e2e_BF16_final,source_MKL_FP32,53345.75,26.8285301654,0.018384206257,0.0187946573824,0.03,1
com-LiveJournal,s64_m256_fast,kernel_FP32,paper_tfs,6.4501953125,0.02903140451,0.00324486642727,0.00310249640577,0.01,1
com-LiveJournal,s64_m256_fast,e2e_FP32_final,paper_tfs,15713.25,8.53822841876,0.00579647650617,0.00558779459874,0.01,1
com-LiveJournal,s64_m256_fast,e2e_BF16_final,paper_tfs,16384,8.51380457267,0.00619044085524,0.00584795321637,0.02,1
com-LiveJournal,s64_m256_fast,e2e_BF16_final,source_MKL_FP32,53345.75,26.8285301654,0.018384206257,0.0187946573824,0.03,1
com-LiveJournal,s32_mfull_fast,kernel_FP32,paper_tfs,5.24780273438,0.0290304786294,0.00324507654098,0.00252415443762,0.01,1
com-LiveJournal,s32_mfull_fast,e2e_FP32_final,paper_tfs,15874.5,8.56417095331,0.00587799678191,0.00564513677041,0.01,1
com-LiveJournal,s32_mfull_fast,e2e_BF16_final,paper_tfs,16384,8.53978982793,0.00627983341884,0.00584795321637,0.02,1
com-LiveJournal,s32_mfull_fast,e2e_BF16_final,source_MKL_FP32,54288.75,26.8372687296,0.018407251517,0.0191268930696,0.03,1
com-LiveJournal,s64_mfull_fast,kernel_FP32,paper_tfs,5.24780273438,0.0290304786294,0.00324507654098,0.00252415443762,0.01,1
com-LiveJournal,s64_mfull_fast,e2e_FP32_final,paper_tfs,15874.5,8.56417095331,0.00587799678191,0.00564513677041,0.01,1
com-LiveJournal,s64_mfull_fast,e2e_BF16_final,paper_tfs,16384,8.53978982793,0.00627983341884,0.00584795321637,0.02,1
com-LiveJournal,s64_mfull_fast,e2e_BF16_final,source_MKL_FP32,54288.75,26.8372687296,0.018407251517,0.0191268930696,0.03,1
com-LiveJournal,s128_mfull_fast,kernel_FP32,paper_tfs,5.24780273438,0.0290304786294,0.00324507654098,0.00252415443762,0.01,1
com-LiveJournal,s128_mfull_fast,e2e_FP32_final,paper_tfs,15874.5,8.56417095331,0.00587799678191,0.00564513677041,0.01,1
com-LiveJournal,s128_mfull_fast,e2e_BF16_final,paper_tfs,16384,8.53978982793,0.00627983341884,0.00584795321637,0.02,1
com-LiveJournal,s128_mfull_fast,e2e_BF16_final,source_MKL_FP32,54288.75,26.8372687296,0.018407251517,0.0191268930696,0.03,1
com-LiveJournal,s64_mfull_accurate,kernel_FP32,paper_tfs,0.02001953125,2.61520194221e-05,5.34868647771e-06,9.62924698232e-06,0.001,1
com-LiveJournal,s64_mfull_accurate,e2e_FP32_final,paper_tfs,39.75,0.0465230719616,2.51449358526e-05,1.41355120869e-05,0.001,1
com-LiveJournal,s64_mfull_accurate,e2e_BF16_final,paper_tfs,8192,0.0462518415758,0.000302442768664,0.00292397660819,0.01,1
com-LiveJournal,s64_mfull_accurate,e2e_BF16_final,source_MKL_FP32,37904.75,18.7850000283,0.0128801674759,0.0133545182028,0.03,1
com-LiveJournal,s64_mfull_rowwise_fast,kernel_FP32,paper_tfs,5.24780273438,0.0290304786294,0.00324507654098,0.00252415443762,0.01,1
com-LiveJournal,s64_mfull_rowwise_fast,e2e_FP32_final,paper_tfs,15874.5,8.56417095331,0.00587799678191,0.00564513677041,0.01,1
com-LiveJournal,s64_mfull_rowwise_fast,e2e_BF16_final,paper_tfs,16384,8.53978982793,0.00627983341884,0.00584795321637,0.02,1
com-LiveJournal,s64_mfull_rowwise_fast,e2e_BF16_final,source_MKL_FP32,54288.75,26.8372687296,0.018407251517,0.0191268930696,0.03,1
as-Skitter,paper_tfs,kernel_FP32,paper_tfs,0,0,0,0,0.01,1
as-Skitter,paper_tfs,e2e_FP32_final,paper_tfs,0,0,0,0,0.01,1
as-Skitter,paper_tfs,e2e_BF16_final,paper_tfs,0,0,0,0,0.02,1
as-Skitter,paper_tfs,e2e_BF16_final,source_MKL_FP32,101176,49.296742437,0.0115825632437,0.0141074558509,0.03,1
as-Skitter,b64_fast,kernel_FP32,paper_tfs,12.7639160156,0.0241241709683,0.00317383389263,0.00291060256337,0.01,1
as-Skitter,b64_fast,e2e_FP32_final,paper_tfs,39717.5,25.447340191,0.00592238221834,0.00559843487678,0.01,1
as-Skitter,b64_fast,e2e_BF16_final,paper_tfs,32768,25.374573895,0.00630847915001,0.00462962962963,0.02,1
as-Skitter,b64_fast,e2e_BF16_final,source_MKL_FP32,133944,73.1586083381,0.017168137754,0.0186764555477,0.03,1
as-Skitter,b64_accurate,kernel_FP32,paper_tfs,0.0478515625,1.26918311543e-05,4.43286143655e-06,1.09117672275e-05,0.001,1
as-Skitter,b64_accurate,e2e_FP32_final,paper_tfs,132,0.160743608146,3.98353491586e-05,1.86062416752e-05,0.001,1
as-Skitter,b64_accurate,e2e_BF16_final,paper_tfs,8192,0.160524014425,0.000344394291288,0.00115740740741,0.01,1
as-Skitter,b64_accurate,e2e_BF16_final,source_MKL_FP32,101176,49.3371451971,0.0115919883574,0.0141074558509,0.03,1
as-Skitter,bfull_fast,kernel_FP32,paper_tfs,13.8238525391,0.0241367617241,0.00322832966378,0.00315230377469,0.01,1
as-Skitter,bfull_fast,e2e_FP32_final,paper_tfs,46943.5,25.7084822882,0.00604604186784,0.00661698565212,0.01,1
as-Skitter,bfull_fast,e2e_BF16_final,paper_tfs,65536,25.6329044094,0.0064397834697,0.00925925925926,0.02,1
as-Skitter,bfull_fast,e2e_BF16_final,source_MKL_FP32,133944,73.3207592817,0.0172384073062,0.0186764555477,0.03,1
as-Skitter,bfull_accurate,kernel_FP32,paper_tfs,0.05859375,1.44155470569e-05,6.51587562234e-06,1.33613476255e-05,0.001,1
as-Skitter,bfull_accurate,e2e_FP32_final,paper_tfs,174,0.247799351897,5.19874991689e-05,2.4526409481e-05,0.001,1
as-Skitter,bfull_accurate,e2e_BF16_final,paper_tfs,8192,0.246892729096,0.000383564387194,0.00115740740741,0.01,1
as-Skitter,bfull_accurate,e2e_BF16_final,source_MKL_FP32,101176,49.3575111018,0.0115952641068,0.0141074558509,0.03,1
as-Skitter,b256_fast,kernel_FP32,paper_tfs,11.4736328125,0.0241246486473,0.00317803618427,0.0026163745542,0.01,1
as-Skitter,b256_fast,e2e_FP32_final,paper_tfs,39627,25.5883120755,0.00592553561045,0.00558567832472,0.01,1
as-Skitter,b256_fast,e2e_BF16_final,paper_tfs,32768,25.5164447212,0.00631264961826,0.00462962962963,0.02,1
as-Skitter,b256_fast,e2e_BF16_final,source_MKL_FP32,133944,73.2798203343,0.0171726640694,0.0186764555477,0.03,1
as-Skitter,b256_accurate,kernel_FP32,paper_tfs,0.048095703125,1.41017036371e-05,5.57236300803e-06,1.09674395093e-05,0.001,1
as-Skitter,b256_accurate,e2e_FP32_final,paper_tfs,134.5,0.237257447174,5.01852099732e-05,1.8958632616e-05,0.001,1
as-Skitter,b256_accurate,e2e_BF16_final,paper_tfs,8192,0.236324831713,0.000364210959419,0.00115740740741,0.01,1
as-Skitter,b256_accurate,e2e_BF16_final,source_MKL_FP32,101176,49.3541344356,0.0115933197921,0.0141074558509,0.03,1
as-Skitter,s64_m64_fast,kernel_FP32,paper_tfs,12.7639160156,0.0241241709683,0.00317383389263,0.00291060256337,0.01,1
as-Skitter,s64_m64_fast,e2e_FP32_final,paper_tfs,39717.5,25.447340191,0.00592238221834,0.00559843487678,0.01,1
as-Skitter,s64_m64_fast,e2e_BF16_final,paper_tfs,32768,25.374573895,0.00630847915001,0.00462962962963,0.02,1
as-Skitter,s64_m64_fast,e2e_BF16_final,source_MKL_FP32,133944,73.1586083381,0.017168137754,0.0186764555477,0.03,1
as-Skitter,s32_m64_fast,kernel_FP32,paper_tfs,12.7639160156,0.0241241709683,0.00317383389263,0.00291060256337,0.01,1
as-Skitter,s32_m64_fast,e2e_FP32_final,paper_tfs,39717.5,25.447340191,0.00592238221834,0.00559843487678,0.01,1
as-Skitter,s32_m64_fast,e2e_BF16_final,paper_tfs,32768,25.374573895,0.00630847915001,0.00462962962963,0.02,1
as-Skitter,s32_m64_fast,e2e_BF16_final,source_MKL_FP32,133944,73.1586083381,0.017168137754,0.0186764555477,0.03,1
as-Skitter,s32_m256_fast,kernel_FP32,paper_tfs,11.4736328125,0.0241246486473,0.00317803618427,0.0026163745542,0.01,1
as-Skitter,s32_m256_fast,e2e_FP32_final,paper_tfs,39627,25.5883120755,0.00592553561045,0.00558567832472,0.01,1
as-Skitter,s32_m256_fast,e2e_BF16_final,paper_tfs,32768,25.5164447212,0.00631264961826,0.00462962962963,0.02,1
as-Skitter,s32_m256_fast,e2e_BF16_final,source_MKL_FP32,133944,73.2798203343,0.0171726640694,0.0186764555477,0.03,1
as-Skitter,s64_m256_fast,kernel_FP32,paper_tfs,11.4736328125,0.0241246486473,0.00317803618427,0.0026163745542,0.01,1
as-Skitter,s64_m256_fast,e2e_FP32_final,paper_tfs,39627,25.5883120755,0.00592553561045,0.00558567832472,0.01,1
as-Skitter,s64_m256_fast,e2e_BF16_final,paper_tfs,32768,25.5164447212,0.00631264961826,0.00462962962963,0.02,1
as-Skitter,s64_m256_fast,e2e_BF16_final,source_MKL_FP32,133944,73.2798203343,0.0171726640694,0.0186764555477,0.03,1
as-Skitter,s32_mfull_fast,kernel_FP32,paper_tfs,13.8238525391,0.0241367617241,0.00322832966378,0.00315230377469,0.01,1
as-Skitter,s32_mfull_fast,e2e_FP32_final,paper_tfs,46943.5,25.7084822882,0.00604604186784,0.00661698565212,0.01,1
as-Skitter,s32_mfull_fast,e2e_BF16_final,paper_tfs,65536,25.6329044094,0.0064397834697,0.00925925925926,0.02,1
as-Skitter,s32_mfull_fast,e2e_BF16_final,source_MKL_FP32,133944,73.3207592817,0.0172384073062,0.0186764555477,0.03,1
as-Skitter,s64_mfull_fast,kernel_FP32,paper_tfs,13.8238525391,0.0241367617241,0.00322832966378,0.00315230377469,0.01,1
as-Skitter,s64_mfull_fast,e2e_FP32_final,paper_tfs,46943.5,25.7084822882,0.00604604186784,0.00661698565212,0.01,1
as-Skitter,s64_mfull_fast,e2e_BF16_final,paper_tfs,65536,25.6329044094,0.0064397834697,0.00925925925926,0.02,1
as-Skitter,s64_mfull_fast,e2e_BF16_final,source_MKL_FP32,133944,73.3207592817,0.0172384073062,0.0186764555477,0.03,1
as-Skitter,s128_mfull_fast,kernel_FP32,paper_tfs,13.8238525391,0.0241367617241,0.00322832966378,0.00315230377469,0.01,1
as-Skitter,s128_mfull_fast,e2e_FP32_final,paper_tfs,46943.5,25.7084822882,0.00604604186784,0.00661698565212,0.01,1
as-Skitter,s128_mfull_fast,e2e_BF16_final,paper_tfs,65536,25.6329044094,0.0064397834697,0.00925925925926,0.02,1
as-Skitter,s128_mfull_fast,e2e_BF16_final,source_MKL_FP32,133944,73.3207592817,0.0172384073062,0.0186764555477,0.03,1
as-Skitter,s64_mfull_accurate,kernel_FP32,paper_tfs,0.05859375,1.44155470569e-05,6.51587562234e-06,1.33613476255e-05,0.001,1
as-Skitter,s64_mfull_accurate,e2e_FP32_final,paper_tfs,174,0.247799351897,5.19874991689e-05,2.4526409481e-05,0.001,1
as-Skitter,s64_mfull_accurate,e2e_BF16_final,paper_tfs,8192,0.246892729096,0.000383564387194,0.00115740740741,0.01,1
as-Skitter,s64_mfull_accurate,e2e_BF16_final,source_MKL_FP32,101176,49.3575111018,0.0115952641068,0.0141074558509,0.03,1
as-Skitter,s64_mfull_rowwise_fast,kernel_FP32,paper_tfs,13.8238525391,0.0241367617241,0.00322832966378,0.00315230377469,0.01,1
as-Skitter,s64_mfull_rowwise_fast,e2e_FP32_final,paper_tfs,46943.5,25.7084822882,0.00604604186784,0.00661698565212,0.01,1
as-Skitter,s64_mfull_rowwise_fast,e2e_BF16_final,paper_tfs,65536,25.6329044094,0.0064397834697,0.00925925925926,0.02,1
as-Skitter,s64_mfull_rowwise_fast,e2e_BF16_final,source_MKL_FP32,133944,73.3207592817,0.0172384073062,0.0186764555477,0.03,1
rgg_n_2_24_s0,paper_tfs,kernel_FP32,paper_tfs,0,0,0,0,0.01,1
rgg_n_2_24_s0,paper_tfs,e2e_FP32_final,paper_tfs,0,0,0,0,0.01,1
rgg_n_2_24_s0,paper_tfs,e2e_BF16_final,paper_tfs,0,0,0,0,0.02,1
rgg_n_2_24_s0,paper_tfs,e2e_BF16_final,source_MKL_FP32,190.588867188,9.43934433653,0.0131541738972,0.0151953371992,0.03,1
rgg_n_2_24_s0,b64_fast,kernel_FP32,paper_tfs,0.37043762207,0.038433857048,0.00326824265474,0.00318313558326,0.01,1
rgg_n_2_24_s0,b64_fast,e2e_FP32_final,paper_tfs,75.341796875,4.19348919808,0.00586274522077,0.00606981347617,0.01,1
rgg_n_2_24_s0,b64_fast,e2e_BF16_final,paper_tfs,64,4.18172953651,0.00627735988506,0.00518134715026,0.02,1
rgg_n_2_24_s0,b64_fast,e2e_BF16_final,source_MKL_FP32,254.588867188,13.3989871429,0.0186044922592,0.0202979520323,0.03,1
rgg_n_2_24_s0,b64_accurate,kernel_FP32,paper_tfs,0.000587463378906,1.75700264172e-05,2.06862955043e-06,5.04801746326e-06,0.001,1
rgg_n_2_24_s0,b64_accurate,e2e_FP32_final,paper_tfs,0.678466796875,0.00969019326899,2.41550188253e-05,5.46597914785e-05,0.001,1
rgg_n_2_24_s0,b64_accurate,e2e_BF16_final,paper_tfs,32,0.00966458987456,0.000226961742922,0.00259067357513,0.01,1
rgg_n_2_24_s0,b64_accurate,e2e_BF16_final,source_MKL_FP32,190.588867188,9.44004502978,0.0131552288483,0.0151953371992,0.03,1
rgg_n_2_24_s0,bfull_fast,kernel_FP32,paper_tfs,0.37043762207,0.038433857048,0.00326824265474,0.00318313558326,0.01,1
rgg_n_2_24_s0,bfull_fast,e2e_FP32_final,paper_tfs,75.341796875,4.19348919808,0.00586274522077,0.00606981347617,0.01,1
rgg_n_2_24_s0,bfull_fast,e2e_BF16_final,paper_tfs,64,4.18172953651,0.00627735988506,0.00518134715026,0.02,1
rgg_n_2_24_s0,bfull_fast,e2e_BF16_final,source_MKL_FP32,254.588867188,13.3989871429,0.0186044922592,0.0202979520323,0.03,1
rgg_n_2_24_s0,bfull_accurate,kernel_FP32,paper_tfs,0.000587463378906,1.75700264172e-05,2.06862955043e-06,5.04801746326e-06,0.001,1
rgg_n_2_24_s0,bfull_accurate,e2e_FP32_final,paper_tfs,0.678466796875,0.00969019326899,2.41550188253e-05,5.46597914785e-05,0.001,1
rgg_n_2_24_s0,bfull_accurate,e2e_BF16_final,paper_tfs,32,0.00966458987456,0.000226961742922,0.00259067357513,0.01,1
rgg_n_2_24_s0,bfull_accurate,e2e_BF16_final,source_MKL_FP32,190.588867188,9.44004502978,0.0131552288483,0.0151953371992,0.03,1
rgg_n_2_24_s0,b256_fast,kernel_FP32,paper_tfs,0.37043762207,0.038433857048,0.00326824265474,0.00318313558326,0.01,1
rgg_n_2_24_s0,b256_fast,e2e_FP32_final,paper_tfs,75.341796875,4.19348919808,0.00586274522077,0.00606981347617,0.01,1
rgg_n_2_24_s0,b256_fast,e2e_BF16_final,paper_tfs,64,4.18172953651,0.00627735988506,0.00518134715026,0.02,1
rgg_n_2_24_s0,b256_fast,e2e_BF16_final,source_MKL_FP32,254.588867188,13.3989871429,0.0186044922592,0.0202979520323,0.03,1
rgg_n_2_24_s0,b256_accurate,kernel_FP32,paper_tfs,0.000587463378906,1.75700264172e-05,2.06862955043e-06,5.04801746326e-06,0.001,1
rgg_n_2_24_s0,b256_accurate,e2e_FP32_final,paper_tfs,0.678466796875,0.00969019326899,2.41550188253e-05,5.46597914785e-05,0.001,1
rgg_n_2_24_s0,b256_accurate,e2e_BF16_final,paper_tfs,32,0.00966458987456,0.000226961742922,0.00259067357513,0.01,1
rgg_n_2_24_s0,b256_accurate,e2e_BF16_final,source_MKL_FP32,190.588867188,9.44004502978,0.0131552288483,0.0151953371992,0.03,1
rgg_n_2_24_s0,s64_m64_fast,kernel_FP32,paper_tfs,0.37043762207,0.038433857048,0.00326824265474,0.00318313558326,0.01,1
rgg_n_2_24_s0,s64_m64_fast,e2e_FP32_final,paper_tfs,75.341796875,4.19348919808,0.00586274522077,0.00606981347617,0.01,1
rgg_n_2_24_s0,s64_m64_fast,e2e_BF16_final,paper_tfs,64,4.18172953651,0.00627735988506,0.00518134715026,0.02,1
rgg_n_2_24_s0,s64_m64_fast,e2e_BF16_final,source_MKL_FP32,254.588867188,13.3989871429,0.0186044922592,0.0202979520323,0.03,1
rgg_n_2_24_s0,s32_m64_fast,kernel_FP32,paper_tfs,0.37043762207,0.038433857048,0.00326824265474,0.00318313558326,0.01,1
rgg_n_2_24_s0,s32_m64_fast,e2e_FP32_final,paper_tfs,75.341796875,4.19348919808,0.00586274522077,0.00606981347617,0.01,1
rgg_n_2_24_s0,s32_m64_fast,e2e_BF16_final,paper_tfs,64,4.18172953651,0.00627735988506,0.00518134715026,0.02,1
rgg_n_2_24_s0,s32_m64_fast,e2e_BF16_final,source_MKL_FP32,254.588867188,13.3989871429,0.0186044922592,0.0202979520323,0.03,1
rgg_n_2_24_s0,s32_m256_fast,kernel_FP32,paper_tfs,0.37043762207,0.038433857048,0.00326824265474,0.00318313558326,0.01,1
rgg_n_2_24_s0,s32_m256_fast,e2e_FP32_final,paper_tfs,75.341796875,4.19348919808,0.00586274522077,0.00606981347617,0.01,1
rgg_n_2_24_s0,s32_m256_fast,e2e_BF16_final,paper_tfs,64,4.18172953651,0.00627735988506,0.00518134715026,0.02,1
rgg_n_2_24_s0,s32_m256_fast,e2e_BF16_final,source_MKL_FP32,254.588867188,13.3989871429,0.0186044922592,0.0202979520323,0.03,1
rgg_n_2_24_s0,s64_m256_fast,kernel_FP32,paper_tfs,0.37043762207,0.038433857048,0.00326824265474,0.00318313558326,0.01,1
rgg_n_2_24_s0,s64_m256_fast,e2e_FP32_final,paper_tfs,75.341796875,4.19348919808,0.00586274522077,0.00606981347617,0.01,1
rgg_n_2_24_s0,s64_m256_fast,e2e_BF16_final,paper_tfs,64,4.18172953651,0.00627735988506,0.00518134715026,0.02,1
rgg_n_2_24_s0,s64_m256_fast,e2e_BF16_final,source_MKL_FP32,254.588867188,13.3989871429,0.0186044922592,0.0202979520323,0.03,1
rgg_n_2_24_s0,s32_mfull_fast,kernel_FP32,paper_tfs,0.37043762207,0.038433857048,0.00326824265474,0.00318313558326,0.01,1
rgg_n_2_24_s0,s32_mfull_fast,e2e_FP32_final,paper_tfs,75.341796875,4.19348919808,0.00586274522077,0.00606981347617,0.01,1
rgg_n_2_24_s0,s32_mfull_fast,e2e_BF16_final,paper_tfs,64,4.18172953651,0.00627735988506,0.00518134715026,0.02,1
rgg_n_2_24_s0,s32_mfull_fast,e2e_BF16_final,source_MKL_FP32,254.588867188,13.3989871429,0.0186044922592,0.0202979520323,0.03,1
rgg_n_2_24_s0,s64_mfull_fast,kernel_FP32,paper_tfs,0.37043762207,0.038433857048,0.00326824265474,0.00318313558326,0.01,1
rgg_n_2_24_s0,s64_mfull_fast,e2e_FP32_final,paper_tfs,75.341796875,4.19348919808,0.00586274522077,0.00606981347617,0.01,1
rgg_n_2_24_s0,s64_mfull_fast,e2e_BF16_final,paper_tfs,64,4.18172953651,0.00627735988506,0.00518134715026,0.02,1
rgg_n_2_24_s0,s64_mfull_fast,e2e_BF16_final,source_MKL_FP32,254.588867188,13.3989871429,0.0186044922592,0.0202979520323,0.03,1
rgg_n_2_24_s0,s128_mfull_fast,kernel_FP32,paper_tfs,0.37043762207,0.038433857048,0.00326824265474,0.00318313558326,0.01,1
rgg_n_2_24_s0,s128_mfull_fast,e2e_FP32_final,paper_tfs,75.341796875,4.19348919808,0.00586274522077,0.00606981347617,0.01,1
rgg_n_2_24_s0,s128_mfull_fast,e2e_BF16_final,paper_tfs,64,4.18172953651,0.00627735988506,0.00518134715026,0.02,1
rgg_n_2_24_s0,s128_mfull_fast,e2e_BF16_final,source_MKL_FP32,254.588867188,13.3989871429,0.0186044922592,0.0202979520323,0.03,1
rgg_n_2_24_s0,s64_mfull_accurate,kernel_FP32,paper_tfs,0.000587463378906,1.75700264172e-05,2.06862955043e-06,5.04801746326e-06,0.001,1
rgg_n_2_24_s0,s64_mfull_accurate,e2e_FP32_final,paper_tfs,0.678466796875,0.00969019326899,2.41550188253e-05,5.46597914785e-05,0.001,1
rgg_n_2_24_s0,s64_mfull_accurate,e2e_BF16_final,paper_tfs,32,0.00966458987456,0.000226961742922,0.00259067357513,0.01,1
rgg_n_2_24_s0,s64_mfull_accurate,e2e_BF16_final,source_MKL_FP32,190.588867188,9.44004502978,0.0131552288483,0.0151953371992,0.03,1
rgg_n_2_24_s0,s64_mfull_rowwise_fast,kernel_FP32,paper_tfs,0.37043762207,0.038433857048,0.00326824265474,0.00318313558326,0.01,1
rgg_n_2_24_s0,s64_mfull_rowwise_fast,e2e_FP32_final,paper_tfs,75.341796875,4.19348919808,0.00586274522077,0.00606981347617,0.01,1
rgg_n_2_24_s0,s64_mfull_rowwise_fast,e2e_BF16_final,paper_tfs,64,4.18172953651,0.00627735988506,0.00518134715026,0.02,1
rgg_n_2_24_s0,s64_mfull_rowwise_fast,e2e_BF16_final,source_MKL_FP32,254.588867188,13.3989871429,0.0186044922592,0.0202979520323,0.03,1
web-Google,paper_tfs,kernel_FP32,paper_tfs,0,0,0,0,0.01,1
web-Google,paper_tfs,e2e_FP32_final,paper_tfs,0,0,0,0,0.01,1
web-Google,paper_tfs,e2e_BF16_final,paper_tfs,0,0,0,0,0.02,1
web-Google,paper_tfs,e2e_BF16_final,source_MKL_FP32,666.25,2.55826937075,0.0131663707239,0.0153772862624,0.03,1
web-Google,b64_fast,kernel_FP32,paper_tfs,0.785339355469,0.0165102109181,0.00313470904496,0.00308683995465,0.01,1
web-Google,b64_fast,e2e_FP32_final,paper_tfs,250.734375,1.09735202262,0.00579343270334,0.00584607095178,0.01,1
web-Google,b64_fast,e2e_BF16_final,paper_tfs,256,1.0941678288,0.00621922114826,0.0059880239521,0.02,1
web-Google,b64_fast,e2e_BF16_final,source_MKL_FP32,830.890625,3.56662743723,0.0185075073576,0.0191772502715,0.03,1
web-Google,b64_accurate,kernel_FP32,paper_tfs,0.00140380859375,3.8645378833e-06,1.72403873835e-06,5.51778339605e-06,0.001,1
web-Google,b64_accurate,e2e_FP32_final,paper_tfs,0.989868164062,0.0021598240435,2.70953680847e-05,2.30795618671e-05,0.001,1
web-Google,b64_accurate,e2e_BF16_final,paper_tfs,64,0.00215816125157,0.00021223500033,0.00149700598802,0.01,1
web-Google,b64_accurate,e2e_BF16_final,source_MKL_FP32,666.25,2.55840684614,0.0131674870155,0.0153772862624,0.03,1
web-Google,bfull_fast,kernel_FP32,paper_tfs,0.785766601562,0.0165107423424,0.00313519421366,0.00308851928003,0.01,1
web-Google,bfull_fast,e2e_FP32_final,paper_tfs,238.81640625,1.09799728619,0.00580214833271,0.00556819405152,0.01,1
web-Google,bfull_fast,e2e_BF16_final,paper_tfs,256,1.09479791867,0.00622767757251,0.0059880239521,0.02,1
web-Google,bfull_fast,e2e_BF16_final,source_MKL_FP32,830.890625,3.56713013078,0.0185106584075,0.0191772502715,0.03,1
web-Google,bfull_accurate,kernel_FP32,paper_tfs,0.00238800048828,3.88771503757e-06,1.78155993192e-06,9.38622936394e-06,0.001,1
web-Google,bfull_accurate,e2e_FP32_final,paper_tfs,0.989868164062,0.00220585729248,2.85605374328e-05,2.30795618671e-05,0.001,1
web-Google,bfull_accurate,e2e_BF16_final,paper_tfs,64,0.00220057463454,0.000215257449702,0.00149700598802,0.01,1
web-Google,bfull_accurate,e2e_BF16_final,source_MKL_FP32,666.25,2.55842348191,0.0131676065531,0.0153772862624,0.03,1
web-Google,b256_fast,kernel_FP32,paper_tfs,0.867385864258,0.0165106876032,0.00313507755652,0.00340933040379,0.01,1
web-Google,b256_fast,e2e_FP32_final,paper_tfs,244.765625,1.09815107817,0.00580250020992,0.00570690480835,0.01,1
web-Google,b256_fast,e2e_BF16_final,paper_tfs,256,1.09496334561,0.0062284944515,0.0059880239521,0.02,1
web-Google,b256_fast,e2e_BF16_final,source_MKL_FP32,830.890625,3.56736233398,0.0185131879469,0.0191772502715,0.03,1
web-Google,b256_accurate,kernel_FP32,paper_tfs,0.00206756591797,3.88707368408e-06,1.77790985803e-06,8.12673532788e-06,0.001,1
web-Google,b256_accurate,e2e_FP32_final,paper_tfs,0.989868164062,0.00220279621455,2.85359378144e-05,2.30795618671e-05,0.001,1
web-Google,b256_accurate,e2e_BF16_final,paper_tfs,64,0.00219737751931,0.000214449938799,0.00149700598802,0.01,1
web-Google,b256_accurate,e2e_BF16_final,source_MKL_FP32,666.25,2.55842255804,0.0131675498319,0.0153772862624,0.03,1
web-Google,s64_m64_fast,kernel_FP32,paper_tfs,0.785339355469,0.0165102109181,0.00313470904496,0.00308683995465,0.01,1
web-Google,s64_m64_fast,e2e_FP32_final,paper_tfs,250.734375,1.09735202262,0.00579343270334,0.00584607095178,0.01,1
web-Google,s64_m64_fast,e2e_BF16_final,paper_tfs,256,1.0941678288,0.00621922114826,0.0059880239521,0.02,1
web-Google,s64_m64_fast,e2e_BF16_final,source_MKL_FP32,830.890625,3.56662743723,0.0185075073576,0.0191772502715,0.03,1
web-Google,s32_m64_fast,kernel_FP32,paper_tfs,0.785339355469,0.0165102109181,0.00313470904496,0.00308683995465,0.01,1
web-Google,s32_m64_fast,e2e_FP32_final,paper_tfs,250.734375,1.09735202262,0.00579343270334,0.00584607095178,0.01,1
web-Google,s32_m64_fast,e2e_BF16_final,paper_tfs,256,1.0941678288,0.00621922114826,0.0059880239521,0.02,1
web-Google,s32_m64_fast,e2e_BF16_final,source_MKL_FP32,830.890625,3.56662743723,0.0185075073576,0.0191772502715,0.03,1
web-Google,s32_m256_fast,kernel_FP32,paper_tfs,0.867385864258,0.0165106876032,0.00313507755652,0.00340933040379,0.01,1
web-Google,s32_m256_fast,e2e_FP32_final,paper_tfs,244.765625,1.09815107817,0.00580250020992,0.00570690480835,0.01,1
web-Google,s32_m256_fast,e2e_BF16_final,paper_tfs,256,1.09496334561,0.0062284944515,0.0059880239521,0.02,1
web-Google,s32_m256_fast,e2e_BF16_final,source_MKL_FP32,830.890625,3.56736233398,0.0185131879469,0.0191772502715,0.03,1
web-Google,s64_m256_fast,kernel_FP32,paper_tfs,0.867385864258,0.0165106876032,0.00313507755652,0.00340933040379,0.01,1
web-Google,s64_m256_fast,e2e_FP32_final,paper_tfs,244.765625,1.09815107817,0.00580250020992,0.00570690480835,0.01,1
web-Google,s64_m256_fast,e2e_BF16_final,paper_tfs,256,1.09496334561,0.0062284944515,0.0059880239521,0.02,1
web-Google,s64_m256_fast,e2e_BF16_final,source_MKL_FP32,830.890625,3.56736233398,0.0185131879469,0.0191772502715,0.03,1
web-Google,s32_mfull_fast,kernel_FP32,paper_tfs,0.785766601562,0.0165107423424,0.00313519421366,0.00308851928003,0.01,1
web-Google,s32_mfull_fast,e2e_FP32_final,paper_tfs,238.81640625,1.09799728619,0.00580214833271,0.00556819405152,0.01,1
web-Google,s32_mfull_fast,e2e_BF16_final,paper_tfs,256,1.09479791867,0.00622767757251,0.0059880239521,0.02,1
web-Google,s32_mfull_fast,e2e_BF16_final,source_MKL_FP32,830.890625,3.56713013078,0.0185106584075,0.0191772502715,0.03,1
web-Google,s64_mfull_fast,kernel_FP32,paper_tfs,0.785766601562,0.0165107423424,0.00313519421366,0.00308851928003,0.01,1
web-Google,s64_mfull_fast,e2e_FP32_final,paper_tfs,238.81640625,1.09799728619,0.00580214833271,0.00556819405152,0.01,1
web-Google,s64_mfull_fast,e2e_BF16_final,paper_tfs,256,1.09479791867,0.00622767757251,0.0059880239521,0.02,1
web-Google,s64_mfull_fast,e2e_BF16_final,source_MKL_FP32,830.890625,3.56713013078,0.0185106584075,0.0191772502715,0.03,1
web-Google,s128_mfull_fast,kernel_FP32,paper_tfs,0.785766601562,0.0165107423424,0.00313519421366,0.00308851928003,0.01,1
web-Google,s128_mfull_fast,e2e_FP32_final,paper_tfs,238.81640625,1.09799728619,0.00580214833271,0.00556819405152,0.01,1
web-Google,s128_mfull_fast,e2e_BF16_final,paper_tfs,256,1.09479791867,0.00622767757251,0.0059880239521,0.02,1
web-Google,s128_mfull_fast,e2e_BF16_final,source_MKL_FP32,830.890625,3.56713013078,0.0185106584075,0.0191772502715,0.03,1
web-Google,s64_mfull_accurate,kernel_FP32,paper_tfs,0.00238800048828,3.88771503757e-06,1.78155993192e-06,9.38622936394e-06,0.001,1
web-Google,s64_mfull_accurate,e2e_FP32_final,paper_tfs,0.989868164062,0.00220585729248,2.85605374328e-05,2.30795618671e-05,0.001,1
web-Google,s64_mfull_accurate,e2e_BF16_final,paper_tfs,64,0.00220057463454,0.000215257449702,0.00149700598802,0.01,1
web-Google,s64_mfull_accurate,e2e_BF16_final,source_MKL_FP32,666.25,2.55842348191,0.0131676065531,0.0153772862624,0.03,1
web-Google,s64_mfull_rowwise_fast,kernel_FP32,paper_tfs,0.785766601562,0.0165107423424,0.00313519421366,0.00308851928003,0.01,1
web-Google,s64_mfull_rowwise_fast,e2e_FP32_final,paper_tfs,238.81640625,1.09799728619,0.00580214833271,0.00556819405152,0.01,1
web-Google,s64_mfull_rowwise_fast,e2e_BF16_final,paper_tfs,256,1.09479791867,0.00622767757251,0.0059880239521,0.02,1
web-Google,s64_mfull_rowwise_fast,e2e_BF16_final,source_MKL_FP32,830.890625,3.56713013078,0.0185106584075,0.0191772502715,0.03,1
wiki-Talk,paper_tfs,kernel_FP32,paper_tfs,0,0,0,0,0.01,1
wiki-Talk,paper_tfs,e2e_FP32_final,paper_tfs,0,0,0,0,0.01,1
wiki-Talk,paper_tfs,e2e_BF16_final,paper_tfs,0,0,0,0,0.02,1
wiki-Talk,paper_tfs,e2e_BF16_final,source_MKL_FP32,41242.5,1.89094870253,0.0120588659797,0.011844885633,0.03,1
wiki-Talk,b64_fast,kernel_FP32,paper_tfs,27.34765625,0.00120377999327,0.00316130538823,0.00299441663837,0.01,1
wiki-Talk,b64_fast,e2e_FP32_final,paper_tfs,19292.75,0.875339903864,0.00566961976983,0.00559696310121,0.01,1
wiki-Talk,b64_fast,e2e_BF16_final,paper_tfs,16384,0.872406862499,0.00603904262364,0.0047619047619,0.02,1
wiki-Talk,b64_fast,e2e_BF16_final,source_MKL_FP32,57626.5,2.69952923151,0.0175060748553,0.0165503861776,0.03,1
wiki-Talk,b64_accurate,kernel_FP32,paper_tfs,0.1865234375,1.34126616382e-06,6.68509496663e-06,2.04232816001e-05,0.001,1
wiki-Talk,b64_accurate,e2e_FP32_final,paper_tfs,40.25,0.00328524751346,1.63431801996e-05,1.16768094141e-05,0.001,1
wiki-Talk,b64_accurate,e2e_BF16_final,paper_tfs,4096,0.00326472808623,0.000232421910591,0.00119047619048,0.01,1
wiki-Talk,b64_accurate,e2e_BF16_final,source_MKL_FP32,41242.5,1.8917642259,0.0120654574056,0.011844885633,0.03,1
wiki-Talk,bfull_fast,kernel_FP32,paper_tfs,37.0361328125,0.00121145641839,0.00327674697925,0.00405525107163,0.01,1
wiki-Talk,bfull_fast,e2e_FP32_final,paper_tfs,18391.5,0.88873566301,0.00584344591256,0.00533550410781,0.01,1
wiki-Talk,bfull_fast,e2e_BF16_final,paper_tfs,16384,0.886109368894,0.00624648647755,0.0047619047619,0.02,1
wiki-Talk,bfull_fast,e2e_BF16_final,source_MKL_FP32,57626.5,2.70411876665,0.0175631921176,0.0165503861776,0.03,1
wiki-Talk,bfull_accurate,kernel_FP32,paper_tfs,0.25,1.88037043185e-06,9.918371186e-06,2.73736130346e-05,0.001,1
wiki-Talk,bfull_accurate,e2e_FP32_final,paper_tfs,58,0.00744060388727,3.89447444718e-05,1.68262098389e-05,0.001,1
wiki-Talk,bfull_accurate,e2e_BF16_final,paper_tfs,4096,0.007272773048,0.000316279470337,0.00119047619048,0.01,1
wiki-Talk,bfull_accurate,e2e_BF16_final,source_MKL_FP32,41242.5,1.89292022857,0.0120705716527,0.011844885633,0.03,1
wiki-Talk,b256_fast,kernel_FP32,paper_tfs,26.2861328125,0.00120471954838,0.00314548800772,0.00287818571115,0.01,1
wiki-Talk,b256_fast,e2e_FP32_final,paper_tfs,19329,0.880869643337,0.00575251828102,0.00560747948236,0.01,1
wiki-Talk,b256_fast,e2e_BF16_final,paper_tfs,16384,0.878552268391,0.0061327777034,0.0047619047619,0.02,1
wiki-Talk,b256_fast,e2e_BF16_final,source_MKL_FP32,57626.5,2.70021939816,0.0175247712705,0.0165503861776,0.03,1
wiki-Talk,b256_accurate,kernel_FP32,paper_tfs,0.1953125,1.71763511312e-06,8.13009491152e-06,2.13856351833e-05,0.001,1
wiki-Talk,b256_accurate,e2e_FP32_final,paper_tfs,48.75,0.00476903187724,2.28194327637e-05,1.41427194767e-05,0.001,1
wiki-Talk,b256_accurate,e2e_BF16_final,paper_tfs,4096,0.00470927665027,0.00026746280242,0.00119047619048,0.01,1
wiki-Talk,b256_accurate,e2e_BF16_final,source_MKL_FP32,41242.5,1.89210689267,0.0120674056716,0.011844885633,0.03,1
wiki-Talk,s64_m64_fast,kernel_FP32,paper_tfs,27.34765625,0.00120377999327,0.00316130538823,0.00299441663837,0.01,1
wiki-Talk,s64_m64_fast,e2e_FP32_final,paper_tfs,19292.75,0.875339903864,0.00566961976983,0.00559696310121,0.01,1
wiki-Talk,s64_m64_fast,e2e_BF16_final,paper_tfs,16384,0.872406862499,0.00603904262364,0.0047619047619,0.02,1
wiki-Talk,s64_m64_fast,e2e_BF16_final,source_MKL_FP32,57626.5,2.69952923151,0.0175060748553,0.0165503861776,0.03,1
wiki-Talk,s32_m64_fast,kernel_FP32,paper_tfs,27.34765625,0.00120377999327,0.00316130538823,0.00299441663837,0.01,1
wiki-Talk,s32_m64_fast,e2e_FP32_final,paper_tfs,19292.75,0.875339903864,0.00566961976983,0.00559696310121,0.01,1
wiki-Talk,s32_m64_fast,e2e_BF16_final,paper_tfs,16384,0.872406862499,0.00603904262364,0.0047619047619,0.02,1
wiki-Talk,s32_m64_fast,e2e_BF16_final,source_MKL_FP32,57626.5,2.69952923151,0.0175060748553,0.0165503861776,0.03,1
wiki-Talk,s32_m256_fast,kernel_FP32,paper_tfs,26.2861328125,0.00120471954838,0.00314548800772,0.00287818571115,0.01,1
wiki-Talk,s32_m256_fast,e2e_FP32_final,paper_tfs,19329,0.880869643337,0.00575251828102,0.00560747948236,0.01,1
wiki-Talk,s32_m256_fast,e2e_BF16_final,paper_tfs,16384,0.878552268391,0.0061327777034,0.0047619047619,0.02,1
wiki-Talk,s32_m256_fast,e2e_BF16_final,source_MKL_FP32,57626.5,2.70021939816,0.0175247712705,0.0165503861776,0.03,1
wiki-Talk,s64_m256_fast,kernel_FP32,paper_tfs,26.2861328125,0.00120471954838,0.00314548800772,0.00287818571115,0.01,1
wiki-Talk,s64_m256_fast,e2e_FP32_final,paper_tfs,19329,0.880869643337,0.00575251828102,0.00560747948236,0.01,1
wiki-Talk,s64_m256_fast,e2e_BF16_final,paper_tfs,16384,0.878552268391,0.0061327777034,0.0047619047619,0.02,1
wiki-Talk,s64_m256_fast,e2e_BF16_final,source_MKL_FP32,57626.5,2.70021939816,0.0175247712705,0.0165503861776,0.03,1
wiki-Talk,s32_mfull_fast,kernel_FP32,paper_tfs,37.0361328125,0.00121145641839,0.00327674697925,0.00405525107163,0.01,1
wiki-Talk,s32_mfull_fast,e2e_FP32_final,paper_tfs,18391.5,0.88873566301,0.00584344591256,0.00533550410781,0.01,1
wiki-Talk,s32_mfull_fast,e2e_BF16_final,paper_tfs,16384,0.886109368894,0.00624648647755,0.0047619047619,0.02,1
wiki-Talk,s32_mfull_fast,e2e_BF16_final,source_MKL_FP32,57626.5,2.70411876665,0.0175631921176,0.0165503861776,0.03,1
wiki-Talk,s64_mfull_fast,kernel_FP32,paper_tfs,37.0361328125,0.00121145641839,0.00327674697925,0.00405525107163,0.01,1
wiki-Talk,s64_mfull_fast,e2e_FP32_final,paper_tfs,18391.5,0.88873566301,0.00584344591256,0.00533550410781,0.01,1
wiki-Talk,s64_mfull_fast,e2e_BF16_final,paper_tfs,16384,0.886109368894,0.00624648647755,0.0047619047619,0.02,1
wiki-Talk,s64_mfull_fast,e2e_BF16_final,source_MKL_FP32,57626.5,2.70411876665,0.0175631921176,0.0165503861776,0.03,1
wiki-Talk,s128_mfull_fast,kernel_FP32,paper_tfs,37.0361328125,0.00121145641839,0.00327674697925,0.00405525107163,0.01,1
wiki-Talk,s128_mfull_fast,e2e_FP32_final,paper_tfs,18391.5,0.88873566301,0.00584344591256,0.00533550410781,0.01,1
wiki-Talk,s128_mfull_fast,e2e_BF16_final,paper_tfs,16384,0.886109368894,0.00624648647755,0.0047619047619,0.02,1
wiki-Talk,s128_mfull_fast,e2e_BF16_final,source_MKL_FP32,57626.5,2.70411876665,0.0175631921176,0.0165503861776,0.03,1
wiki-Talk,s64_mfull_accurate,kernel_FP32,paper_tfs,0.25,1.88037043185e-06,9.918371186e-06,2.73736130346e-05,0.001,1
wiki-Talk,s64_mfull_accurate,e2e_FP32_final,paper_tfs,58,0.00744060388727,3.89447444718e-05,1.68262098389e-05,0.001,1
wiki-Talk,s64_mfull_accurate,e2e_BF16_final,paper_tfs,4096,0.007272773048,0.000316279470337,0.00119047619048,0.01,1
wiki-Talk,s64_mfull_accurate,e2e_BF16_final,source_MKL_FP32,41242.5,1.89292022857,0.0120705716527,0.011844885633,0.03,1
wiki-Talk,s64_mfull_rowwise_fast,kernel_FP32,paper_tfs,37.0361328125,0.00121145641839,0.00327674697925,0.00405525107163,0.01,1
wiki-Talk,s64_mfull_rowwise_fast,e2e_FP32_final,paper_tfs,18391.5,0.88873566301,0.00584344591256,0.00533550410781,0.01,1
wiki-Talk,s64_mfull_rowwise_fast,e2e_BF16_final,paper_tfs,16384,0.886109368894,0.00624648647755,0.0047619047619,0.02,1
wiki-Talk,s64_mfull_rowwise_fast,e2e_BF16_final,source_MKL_FP32,57626.5,2.70411876665,0.0175631921176,0.0165503861776,0.03,1
email-Enron,paper_tfs,kernel_FP32,paper_tfs,0,0,0,0,0.01,1
email-Enron,paper_tfs,e2e_FP32_final,paper_tfs,0,0,0,0,0.01,1
email-Enron,paper_tfs,e2e_BF16_final,paper_tfs,0,0,0,0,0.02,1
email-Enron,paper_tfs,e2e_BF16_final,source_MKL_FP32,3058.8125,12.317174065,0.0130503761638,0.0134196176461,0.03,1
email-Enron,b64_fast,kernel_FP32,paper_tfs,1.51919555664,0.0187442744011,0.00317828493231,0.00353306006252,0.01,1
email-Enron,b64_fast,e2e_FP32_final,paper_tfs,1278.078125,5.3380944936,0.00573254593248,0.00566900409618,0.01,1
email-Enron,b64_fast,e2e_BF16_final,paper_tfs,2048,5.3170280145,0.00612116516622,0.00909090909091,0.02,1
email-Enron,b64_fast,e2e_BF16_final,source_MKL_FP32,4703.890625,17.2362089349,0.0185138570724,0.0206369019469,0.03,1
email-Enron,b64_accurate,kernel_FP32,paper_tfs,0.00246810913086,1.0620431713e-05,4.13802838383e-06,5.73986526097e-06,0.001,1
email-Enron,b64_accurate,e2e_FP32_final,paper_tfs,3.21875,0.0177050899689,1.80434187802e-05,1.42769886892e-05,0.001,1
email-Enron,b64_accurate,e2e_BF16_final,paper_tfs,256,0.0174090265264,0.000208673990448,0.00113636363636,0.01,1
email-Enron,b64_accurate,e2e_BF16_final,source_MKL_FP32,3058.8125,12.3198268363,0.0130541988403,0.0134196176461,0.03,1
email-Enron,bfull_fast,kernel_FP32,paper_tfs,1.63317871094,0.0187412289992,0.00317622504898,0.00379814070239,0.01,1
email-Enron,bfull_fast,e2e_FP32_final,paper_tfs,1465.328125,5.36762317403,0.00582180153671,0.00649956444789,0.01,1
email-Enron,bfull_fast,e2e_BF16_final,paper_tfs,2048,5.3539862212,0.00622168735811,0.00909090909091,0.02,1
email-Enron,bfull_fast,e2e_BF16_final,source_MKL_FP32,4082.8125,17.2455459245,0.0185067194323,0.0179121089215,0.03,1
email-Enron,bfull_accurate,kernel_FP32,paper_tfs,0.00425720214844,1.22848121881e-05,5.3744966448e-06,9.90060221211e-06,0.001,1
email-Enron,bfull_accurate,e2e_FP32_final,paper_tfs,4.078125,0.0293688818838,3.14438638538e-05,1.80888060577e-05,0.001,1
email-Enron,bfull_accurate,e2e_BF16_final,paper_tfs,256,0.0287753147115,0.000288201921663,0.00113636363636,0.01,1
email-Enron,bfull_accurate,e2e_BF16_final,source_MKL_FP32,3058.8125,12.3217196815,0.0130549130012,0.0134196176461,0.03,1
email-Enron,b256_fast,kernel_FP32,paper_tfs,1.4231262207,0.0187577392385,0.00318902712421,0.0033096400212,0.01,1
email-Enron,b256_fast,e2e_FP32_final,paper_tfs,1311.9375,5.39550229141,0.00581440022581,0.0058191897005,0.01,1
email-Enron,b256_fast,e2e_BF16_final,paper_tfs,2048,5.37692034873,0.00622341637315,0.00909090909091,0.02,1
email-Enron,b256_fast,e2e_BF16_final,source_MKL_FP32,4703.890625,17.2798980184,0.0185480378699,0.0206369019469,0.03,1
email-Enron,b256_accurate,kernel_FP32,paper_tfs,0.00393676757812,1.21937335718e-05,5.26170198172e-06,9.155395594e-06,0.001,1
email-Enron,b256_accurate,e2e_FP32_final,paper_tfs,3.90625,0.0305963058771,3.11848543867e-05,1.7326442584e-05,0.001,1
email-Enron,b256_accurate,e2e_BF16_final,paper_tfs,256,0.03044151151,0.000280695218231,0.00113636363636,0.01,1
email-Enron,b256_accurate,e2e_BF16_final,source_MKL_FP32,3058.8125,12.3223923895,0.0130566060995,0.0134196176461,0.03,1
email-Enron,s64_m64_fast,kernel_FP32,paper_tfs,1.51919555664,0.0187442744011,0.00317828493231,0.00353306006252,0.01,1
email-Enron,s64_m64_fast,e2e_FP32_final,paper_tfs,1278.078125,5.3380944936,0.00573254593248,0.00566900409618,0.01,1
email-Enron,s64_m64_fast,e2e_BF16_final,paper_tfs,2048,5.3170280145,0.00612116516622,0.00909090909091,0.02,1
email-Enron,s64_m64_fast,e2e_BF16_final,source_MKL_FP32,4703.890625,17.2362089349,0.0185138570724,0.0206369019469,0.03,1
email-Enron,s32_m64_fast,kernel_FP32,paper_tfs,1.51919555664,0.0187442744011,0.00317828493231,0.00353306006252,0.01,1
email-Enron,s32_m64_fast,e2e_FP32_final,paper_tfs,1278.078125,5.3380944936,0.00573254593248,0.00566900409618,0.01,1
email-Enron,s32_m64_fast,e2e_BF16_final,paper_tfs,2048,5.3170280145,0.00612116516622,0.00909090909091,0.02,1
email-Enron,s32_m64_fast,e2e_BF16_final,source_MKL_FP32,4703.890625,17.2362089349,0.0185138570724,0.0206369019469,0.03,1
email-Enron,s32_m256_fast,kernel_FP32,paper_tfs,1.4231262207,0.0187577392385,0.00318902712421,0.0033096400212,0.01,1
email-Enron,s32_m256_fast,e2e_FP32_final,paper_tfs,1311.9375,5.39550229141,0.00581440022581,0.0058191897005,0.01,1
email-Enron,s32_m256_fast,e2e_BF16_final,paper_tfs,2048,5.37692034873,0.00622341637315,0.00909090909091,0.02,1
email-Enron,s32_m256_fast,e2e_BF16_final,source_MKL_FP32,4703.890625,17.2798980184,0.0185480378699,0.0206369019469,0.03,1
email-Enron,s64_m256_fast,kernel_FP32,paper_tfs,1.4231262207,0.0187577392385,0.00318902712421,0.0033096400212,0.01,1
email-Enron,s64_m256_fast,e2e_FP32_final,paper_tfs,1311.9375,5.39550229141,0.00581440022581,0.0058191897005,0.01,1
email-Enron,s64_m256_fast,e2e_BF16_final,paper_tfs,2048,5.37692034873,0.00622341637315,0.00909090909091,0.02,1
email-Enron,s64_m256_fast,e2e_BF16_final,source_MKL_FP32,4703.890625,17.2798980184,0.0185480378699,0.0206369019469,0.03,1
email-Enron,s32_mfull_fast,kernel_FP32,paper_tfs,1.63317871094,0.0187412289992,0.00317622504898,0.00379814070239,0.01,1
email-Enron,s32_mfull_fast,e2e_FP32_final,paper_tfs,1465.328125,5.36762317403,0.00582180153671,0.00649956444789,0.01,1
email-Enron,s32_mfull_fast,e2e_BF16_final,paper_tfs,2048,5.3539862212,0.00622168735811,0.00909090909091,0.02,1
email-Enron,s32_mfull_fast,e2e_BF16_final,source_MKL_FP32,4082.8125,17.2455459245,0.0185067194323,0.0179121089215,0.03,1
email-Enron,s64_mfull_fast,kernel_FP32,paper_tfs,1.63317871094,0.0187412289992,0.00317622504898,0.00379814070239,0.01,1
email-Enron,s64_mfull_fast,e2e_FP32_final,paper_tfs,1465.328125,5.36762317403,0.00582180153671,0.00649956444789,0.01,1
email-Enron,s64_mfull_fast,e2e_BF16_final,paper_tfs,2048,5.3539862212,0.00622168735811,0.00909090909091,0.02,1
email-Enron,s64_mfull_fast,e2e_BF16_final,source_MKL_FP32,4082.8125,17.2455459245,0.0185067194323,0.0179121089215,0.03,1
email-Enron,s128_mfull_fast,kernel_FP32,paper_tfs,1.63317871094,0.0187412289992,0.00317622504898,0.00379814070239,0.01,1
email-Enron,s128_mfull_fast,e2e_FP32_final,paper_tfs,1465.328125,5.36762317403,0.00582180153671,0.00649956444789,0.01,1
email-Enron,s128_mfull_fast,e2e_BF16_final,paper_tfs,2048,5.3539862212,0.00622168735811,0.00909090909091,0.02,1
email-Enron,s128_mfull_fast,e2e_BF16_final,source_MKL_FP32,4082.8125,17.2455459245,0.0185067194323,0.0179121089215,0.03,1
email-Enron,s64_mfull_accurate,kernel_FP32,paper_tfs,0.00425720214844,1.22848121881e-05,5.3744966448e-06,9.90060221211e-06,0.001,1
email-Enron,s64_mfull_accurate,e2e_FP32_final,paper_tfs,4.078125,0.0293688818838,3.14438638538e-05,1.80888060577e-05,0.001,1
email-Enron,s64_mfull_accurate,e2e_BF16_final,paper_tfs,256,0.0287753147115,0.000288201921663,0.00113636363636,0.01,1
email-Enron,s64_mfull_accurate,e2e_BF16_final,source_MKL_FP32,3058.8125,12.3217196815,0.0130549130012,0.0134196176461,0.03,1
email-Enron,s64_mfull_rowwise_fast,kernel_FP32,paper_tfs,1.63317871094,0.0187412289992,0.00317622504898,0.00379814070239,0.01,1
email-Enron,s64_mfull_rowwise_fast,e2e_FP32_final,paper_tfs,1465.328125,5.36762317403,0.00582180153671,0.00649956444789,0.01,1
email-Enron,s64_mfull_rowwise_fast,e2e_BF16_final,paper_tfs,2048,5.3539862212,0.00622168735811,0.00909090909091,0.02,1
email-Enron,s64_mfull_rowwise_fast,e2e_BF16_final,source_MKL_FP32,4082.8125,17.2455459245,0.0185067194323,0.0179121089215,0.03,1
amazon0601,paper_tfs,kernel_FP32,paper_tfs,0,0,0,0,0.01,1
amazon0601,paper_tfs,e2e_FP32_final,paper_tfs,0,0,0,0,0.01,1
amazon0601,paper_tfs,e2e_BF16_final,paper_tfs,0,0,0,0,0.02,1
amazon0601,paper_tfs,e2e_BF16_final,source_MKL_FP32,40.2041015625,3.5819906305,0.0131560059242,0.0164618679776,0.03,1
amazon0601,b64_fast,kernel_FP32,paper_tfs,0.230484008789,0.026546522623,0.00318884804894,0.00354674001057,0.01,1
amazon0601,b64_fast,e2e_FP32_final,paper_tfs,16.0229492188,1.56393010035,0.00578187996819,0.00662488436988,0.01,1
amazon0601,b64_fast,e2e_BF16_final,paper_tfs,16,1.55946604925,0.00621228430385,0.00662251655629,0.02,1
amazon0601,b64_fast,e2e_BF16_final,source_MKL_FP32,52.884765625,5.0315008829,0.0184475342814,0.0216540600563,0.03,1
amazon0601,b64_accurate,kernel_FP32,paper_tfs,0.000173568725586,3.26950999369e-06,9.31734138376e-07,2.67091477129e-06,0.001,1
amazon0601,b64_accurate,e2e_FP32_final,paper_tfs,0.277618408203,0.00135401771162,1.82954956733e-05,0.000114784727093,0.001,1
amazon0601,b64_accurate,e2e_BF16_final,paper_tfs,8,0.00135603184056,0.000135386359365,0.00331125827815,0.01,1
amazon0601,b64_accurate,e2e_BF16_final,source_MKL_FP32,40.2041015625,3.58206534324,0.0131562388281,0.0164618679776,0.03,1
amazon0601,bfull_fast,kernel_FP32,paper_tfs,0.230484008789,0.026546522623,0.00318884804894,0.00354674001057,0.01,1
amazon0601,bfull_fast,e2e_FP32_final,paper_tfs,16.0229492188,1.56393010035,0.00578187996819,0.00662488436988,0.01,1
amazon0601,bfull_fast,e2e_BF16_final,paper_tfs,16,1.55946604925,0.00621228430385,0.00662251655629,0.02,1
amazon0601,bfull_fast,e2e_BF16_final,source_MKL_FP32,52.884765625,5.0315008829,0.0184475342814,0.0216540600563,0.03,1
amazon0601,bfull_accurate,kernel_FP32,paper_tfs,0.000173568725586,3.26950999369e-06,9.31734138376e-07,2.67091477129e-06,0.001,1
amazon0601,bfull_accurate,e2e_FP32_final,paper_tfs,0.277618408203,0.00135401771162,1.82954956733e-05,0.000114784727093,0.001,1
amazon0601,bfull_accurate,e2e_BF16_final,paper_tfs,8,0.00135603184056,0.000135386359365,0.00331125827815,0.01,1
amazon0601,bfull_accurate,e2e_BF16_final,source_MKL_FP32,40.2041015625,3.58206534324,0.0131562388281,0.0164618679776,0.03,1
amazon0601,b256_fast,kernel_FP32,paper_tfs,0.230484008789,0.026546522623,0.00318884804894,0.00354674001057,0.01,1
amazon0601,b256_fast,e2e_FP32_final,paper_tfs,16.0229492188,1.56393010035,0.00578187996819,0.00662488436988,0.01,1
amazon0601,b256_fast,e2e_BF16_final,paper_tfs,16,1.55946604925,0.00621228430385,0.00662251655629,0.02,1
amazon0601,b256_fast,e2e_BF16_final,source_MKL_FP32,52.884765625,5.0315008829,0.0184475342814,0.0216540600563,0.03,1
amazon0601,b256_accurate,kernel_FP32,paper_tfs,0.000173568725586,3.26950999369e-06,9.31734138376e-07,2.67091477129e-06,0.001,1
amazon0601,b256_accurate,e2e_FP32_final,paper_tfs,0.277618408203,0.00135401771162,1.82954956733e-05,0.000114784727093,0.001,1
amazon0601,b256_accurate,e2e_BF16_final,paper_tfs,8,0.00135603184056,0.000135386359365,0.00331125827815,0.01,1
amazon0601,b256_accurate,e2e_BF16_final,source_MKL_FP32,40.2041015625,3.58206534324,0.0131562388281,0.0164618679776,0.03,1
amazon0601,s64_m64_fast,kernel_FP32,paper_tfs,0.230484008789,0.026546522623,0.00318884804894,0.00354674001057,0.01,1
amazon0601,s64_m64_fast,e2e_FP32_final,paper_tfs,16.0229492188,1.56393010035,0.00578187996819,0.00662488436988,0.01,1
amazon0601,s64_m64_fast,e2e_BF16_final,paper_tfs,16,1.55946604925,0.00621228430385,0.00662251655629,0.02,1
amazon0601,s64_m64_fast,e2e_BF16_final,source_MKL_FP32,52.884765625,5.0315008829,0.0184475342814,0.0216540600563,0.03,1
amazon0601,s32_m64_fast,kernel_FP32,paper_tfs,0.230484008789,0.026546522623,0.00318884804894,0.00354674001057,0.01,1
amazon0601,s32_m64_fast,e2e_FP32_final,paper_tfs,16.0229492188,1.56393010035,0.00578187996819,0.00662488436988,0.01,1
amazon0601,s32_m64_fast,e2e_BF16_final,paper_tfs,16,1.55946604925,0.00621228430385,0.00662251655629,0.02,1
amazon0601,s32_m64_fast,e2e_BF16_final,source_MKL_FP32,52.884765625,5.0315008829,0.0184475342814,0.0216540600563,0.03,1
amazon0601,s32_m256_fast,kernel_FP32,paper_tfs,0.230484008789,0.026546522623,0.00318884804894,0.00354674001057,0.01,1
amazon0601,s32_m256_fast,e2e_FP32_final,paper_tfs,16.0229492188,1.56393010035,0.00578187996819,0.00662488436988,0.01,1
amazon0601,s32_m256_fast,e2e_BF16_final,paper_tfs,16,1.55946604925,0.00621228430385,0.00662251655629,0.02,1
amazon0601,s32_m256_fast,e2e_BF16_final,source_MKL_FP32,52.884765625,5.0315008829,0.0184475342814,0.0216540600563,0.03,1
amazon0601,s64_m256_fast,kernel_FP32,paper_tfs,0.230484008789,0.026546522623,0.00318884804894,0.00354674001057,0.01,1
amazon0601,s64_m256_fast,e2e_FP32_final,paper_tfs,16.0229492188,1.56393010035,0.00578187996819,0.00662488436988,0.01,1
amazon0601,s64_m256_fast,e2e_BF16_final,paper_tfs,16,1.55946604925,0.00621228430385,0.00662251655629,0.02,1
amazon0601,s64_m256_fast,e2e_BF16_final,source_MKL_FP32,52.884765625,5.0315008829,0.0184475342814,0.0216540600563,0.03,1
amazon0601,s32_mfull_fast,kernel_FP32,paper_tfs,0.230484008789,0.026546522623,0.00318884804894,0.00354674001057,0.01,1
amazon0601,s32_mfull_fast,e2e_FP32_final,paper_tfs,16.0229492188,1.56393010035,0.00578187996819,0.00662488436988,0.01,1
amazon0601,s32_mfull_fast,e2e_BF16_final,paper_tfs,16,1.55946604925,0.00621228430385,0.00662251655629,0.02,1
amazon0601,s32_mfull_fast,e2e_BF16_final,source_MKL_FP32,52.884765625,5.0315008829,0.0184475342814,0.0216540600563,0.03,1
amazon0601,s64_mfull_fast,kernel_FP32,paper_tfs,0.230484008789,0.026546522623,0.00318884804894,0.00354674001057,0.01,1
amazon0601,s64_mfull_fast,e2e_FP32_final,paper_tfs,16.0229492188,1.56393010035,0.00578187996819,0.00662488436988,0.01,1
amazon0601,s64_mfull_fast,e2e_BF16_final,paper_tfs,16,1.55946604925,0.00621228430385,0.00662251655629,0.02,1
amazon0601,s64_mfull_fast,e2e_BF16_final,source_MKL_FP32,52.884765625,5.0315008829,0.0184475342814,0.0216540600563,0.03,1
amazon0601,s128_mfull_fast,kernel_FP32,paper_tfs,0.230484008789,0.026546522623,0.00318884804894,0.00354674001057,0.01,1
amazon0601,s128_mfull_fast,e2e_FP32_final,paper_tfs,16.0229492188,1.56393010035,0.00578187996819,0.00662488436988,0.01,1
amazon0601,s128_mfull_fast,e2e_BF16_final,paper_tfs,16,1.55946604925,0.00621228430385,0.00662251655629,0.02,1
amazon0601,s128_mfull_fast,e2e_BF16_final,source_MKL_FP32,52.884765625,5.0315008829,0.0184475342814,0.0216540600563,0.03,1
amazon0601,s64_mfull_accurate,kernel_FP32,paper_tfs,0.000173568725586,3.26950999369e-06,9.31734138376e-07,2.67091477129e-06,0.001,1
amazon0601,s64_mfull_accurate,e2e_FP32_final,paper_tfs,0.277618408203,0.00135401771162,1.82954956733e-05,0.000114784727093,0.001,1
amazon0601,s64_mfull_accurate,e2e_BF16_final,paper_tfs,8,0.00135603184056,0.000135386359365,0.00331125827815,0.01,1
amazon0601,s64_mfull_accurate,e2e_BF16_final,source_MKL_FP32,40.2041015625,3.58206534324,0.0131562388281,0.0164618679776,0.03,1
amazon0601,s64_mfull_rowwise_fast,kernel_FP32,paper_tfs,0.230484008789,0.026546522623,0.00318884804894,0.00354674001057,0.01,1
amazon0601,s64_mfull_rowwise_fast,e2e_FP32_final,paper_tfs,16.0229492188,1.56393010035,0.00578187996819,0.00662488436988,0.01,1
amazon0601,s64_mfull_rowwise_fast,e2e_BF16_final,paper_tfs,16,1.55946604925,0.00621228430385,0.00662251655629,0.02,1
amazon0601,s64_mfull_rowwise_fast,e2e_BF16_final,source_MKL_FP32,52.884765625,5.0315008829,0.0184475342814,0.0216540600563,0.03,1
com-Youtube,paper_tfs,kernel_FP32,paper_tfs,0,0,0,0,0.01,1
com-Youtube,paper_tfs,e2e_FP32_final,paper_tfs,0,0,0,0,0.01,1
com-Youtube,paper_tfs,e2e_BF16_final,paper_tfs,0,0,0,0,0.02,1
com-Youtube,paper_tfs,e2e_BF16_final,source_MKL_FP32,44704.25,10.0235319013,0.0124641391878,0.012141452948,0.03,1
com-Youtube,b64_fast,kernel_FP32,paper_tfs,8.55102539062,0.010178289729,0.00301003628531,0.00318687217936,0.01,1
com-Youtube,b64_fast,e2e_FP32_final,paper_tfs,19699.25,4.47160501769,0.0055989650994,0.00540726860641,0.01,1
com-Youtube,b64_fast,e2e_BF16_final,paper_tfs,16384,4.4577749125,0.00598909252314,0.0045045045045,0.02,1
com-Youtube,b64_fast,e2e_BF16_final,source_MKL_FP32,61088.25,13.9844581967,0.0177251642885,0.016591266223,0.03,1
com-Youtube,b64_accurate,kernel_FP32,paper_tfs,0.0244140625,4.28650725066e-06,3.84854546561e-06,9.09884990537e-06,0.001,1
com-Youtube,b64_accurate,e2e_FP32_final,paper_tfs,396.5,0.0346105089079,5.87335546484e-05,0.00010883571722,0.001,1
com-Youtube,b64_accurate,e2e_BF16_final,paper_tfs,16384,0.0339674972795,0.000518489097404,0.0045045045045,0.01,1
com-Youtube,b64_accurate,e2e_BF16_final,source_MKL_FP32,44704.25,10.0269195866,0.0124925657644,0.012141452948,0.03,1
com-Youtube,bfull_fast,kernel_FP32,paper_tfs,10.0947265625,0.0101814606388,0.00302628011987,0.00376219245887,0.01,1
com-Youtube,bfull_fast,e2e_FP32_final,paper_tfs,21057.75,4.47103371774,0.00570767172727,0.0057801647523,0.01,1
com-Youtube,bfull_fast,e2e_BF16_final,paper_tfs,32768,4.46358303888,0.006190860387,0.00900900900901,0.02,1
com-Youtube,bfull_fast,e2e_BF16_final,source_MKL_FP32,70790.25,13.9658556544,0.017815196989,0.0192262813837,0.03,1
com-Youtube,bfull_accurate,kernel_FP32,paper_tfs,0.038330078125,4.95118362617e-06,5.35593560371e-06,1.42851943514e-05,0.001,1
com-Youtube,bfull_accurate,e2e_FP32_final,paper_tfs,416,0.0403360873856,5.75233358092e-05,0.000114188293477,0.001,1
com-Youtube,bfull_accurate,e2e_BF16_final,paper_tfs,16384,0.0387856134388,0.000520553816371,0.0045045045045,0.01,1
com-Youtube,bfull_accurate,e2e_BF16_final,source_MKL_FP32,44704.25,10.0298762748,0.0124947943652,0.012141452948,0.03,1
com-Youtube,b256_fast,kernel_FP32,paper_tfs,9.3193359375,0.0101792080973,0.00301188662441,0.00347321298588,0.01,1
com-Youtube,b256_fast,e2e_FP32_final,paper_tfs,19796.75,4.49211695182,0.00566176499051,0.0054340314877,0.01,1
com-Youtube,b256_fast,e2e_BF16_final,paper_tfs,16384,4.48199226482,0.00606386276094,0.0045045045045,0.02,1
com-Youtube,b256_fast,e2e_BF16_final,source_MKL_FP32,61088.25,14.0163611294,0.0177798891417,0.016591266223,0.03,1
com-Youtube,b256_accurate,kernel_FP32,paper_tfs,0.02783203125,4.85560055838e-06,4.90576248264e-06,1.03726888921e-05,0.001,1
com-Youtube,b256_accurate,e2e_FP32_final,paper_tfs,400.25,0.0339136207084,5.65066493183e-05,0.000109865058808,0.001,1
com-Youtube,b256_accurate,e2e_BF16_final,paper_tfs,16384,0.0334589066875,0.000521765712374,0.0045045045045,0.01,1
com-Youtube,b256_accurate,e2e_BF16_final,source_MKL_FP32,44704.25,10.0270700454,0.0124943276785,0.012141452948,0.03,1
com-Youtube,s64_m64_fast,kernel_FP32,paper_tfs,8.55102539062,0.010178289729,0.00301003628531,0.00318687217936,0.01,1
com-Youtube,s64_m64_fast,e2e_FP32_final,paper_tfs,19699.25,4.47160501769,0.0055989650994,0.00540726860641,0.01,1
com-Youtube,s64_m64_fast,e2e_BF16_final,paper_tfs,16384,4.4577749125,0.00598909252314,0.0045045045045,0.02,1
com-Youtube,s64_m64_fast,e2e_BF16_final,source_MKL_FP32,61088.25,13.9844581967,0.0177251642885,0.016591266223,0.03,1
com-Youtube,s32_m64_fast,kernel_FP32,paper_tfs,8.55102539062,0.010178289729,0.00301003628531,0.00318687217936,0.01,1
com-Youtube,s32_m64_fast,e2e_FP32_final,paper_tfs,19699.25,4.47160501769,0.0055989650994,0.00540726860641,0.01,1
com-Youtube,s32_m64_fast,e2e_BF16_final,paper_tfs,16384,4.4577749125,0.00598909252314,0.0045045045045,0.02,1
com-Youtube,s32_m64_fast,e2e_BF16_final,source_MKL_FP32,61088.25,13.9844581967,0.0177251642885,0.016591266223,0.03,1
com-Youtube,s32_m256_fast,kernel_FP32,paper_tfs,9.3193359375,0.0101792080973,0.00301188662441,0.00347321298588,0.01,1
com-Youtube,s32_m256_fast,e2e_FP32_final,paper_tfs,19796.75,4.49211695182,0.00566176499051,0.0054340314877,0.01,1
com-Youtube,s32_m256_fast,e2e_BF16_final,paper_tfs,16384,4.48199226482,0.00606386276094,0.0045045045045,0.02,1
com-Youtube,s32_m256_fast,e2e_BF16_final,source_MKL_FP32,61088.25,14.0163611294,0.0177798891417,0.016591266223,0.03,1
com-Youtube,s64_m256_fast,kernel_FP32,paper_tfs,9.3193359375,0.0101792080973,0.00301188662441,0.00347321298588,0.01,1
com-Youtube,s64_m256_fast,e2e_FP32_final,paper_tfs,19796.75,4.49211695182,0.00566176499051,0.0054340314877,0.01,1
com-Youtube,s64_m256_fast,e2e_BF16_final,paper_tfs,16384,4.48199226482,0.00606386276094,0.0045045045045,0.02,1
com-Youtube,s64_m256_fast,e2e_BF16_final,source_MKL_FP32,61088.25,14.0163611294,0.0177798891417,0.016591266223,0.03,1
com-Youtube,s32_mfull_fast,kernel_FP32,paper_tfs,10.0947265625,0.0101814606388,0.00302628011987,0.00376219245887,0.01,1
com-Youtube,s32_mfull_fast,e2e_FP32_final,paper_tfs,21057.75,4.47103371774,0.00570767172727,0.0057801647523,0.01,1
com-Youtube,s32_mfull_fast,e2e_BF16_final,paper_tfs,32768,4.46358303888,0.006190860387,0.00900900900901,0.02,1
com-Youtube,s32_mfull_fast,e2e_BF16_final,source_MKL_FP32,70790.25,13.9658556544,0.017815196989,0.0192262813837,0.03,1
com-Youtube,s64_mfull_fast,kernel_FP32,paper_tfs,10.0947265625,0.0101814606388,0.00302628011987,0.00376219245887,0.01,1
com-Youtube,s64_mfull_fast,e2e_FP32_final,paper_tfs,21057.75,4.47103371774,0.00570767172727,0.0057801647523,0.01,1
com-Youtube,s64_mfull_fast,e2e_BF16_final,paper_tfs,32768,4.46358303888,0.006190860387,0.00900900900901,0.02,1
com-Youtube,s64_mfull_fast,e2e_BF16_final,source_MKL_FP32,70790.25,13.9658556544,0.017815196989,0.0192262813837,0.03,1
com-Youtube,s128_mfull_fast,kernel_FP32,paper_tfs,10.0947265625,0.0101814606388,0.00302628011987,0.00376219245887,0.01,1
com-Youtube,s128_mfull_fast,e2e_FP32_final,paper_tfs,21057.75,4.47103371774,0.00570767172727,0.0057801647523,0.01,1
com-Youtube,s128_mfull_fast,e2e_BF16_final,paper_tfs,32768,4.46358303888,0.006190860387,0.00900900900901,0.02,1
com-Youtube,s128_mfull_fast,e2e_BF16_final,source_MKL_FP32,70790.25,13.9658556544,0.017815196989,0.0192262813837,0.03,1
com-Youtube,s64_mfull_accurate,kernel_FP32,paper_tfs,0.038330078125,4.95118362617e-06,5.35593560371e-06,1.42851943514e-05,0.001,1
com-Youtube,s64_mfull_accurate,e2e_FP32_final,paper_tfs,416,0.0403360873856,5.75233358092e-05,0.000114188293477,0.001,1
com-Youtube,s64_mfull_accurate,e2e_BF16_final,paper_tfs,16384,0.0387856134388,0.000520553816371,0.0045045045045,0.01,1
com-Youtube,s64_mfull_accurate,e2e_BF16_final,source_MKL_FP32,44704.25,10.0298762748,0.0124947943652,0.012141452948,0.03,1
com-Youtube,s64_mfull_rowwise_fast,kernel_FP32,paper_tfs,10.0947265625,0.0101814606388,0.00302628011987,0.00376219245887,0.01,1
com-Youtube,s64_mfull_rowwise_fast,e2e_FP32_final,paper_tfs,21057.75,4.47103371774,0.00570767172727,0.0057801647523,0.01,1
com-Youtube,s64_mfull_rowwise_fast,e2e_BF16_final,paper_tfs,32768,4.46358303888,0.006190860387,0.00900900900901,0.02,1
com-Youtube,s64_mfull_rowwise_fast,e2e_BF16_final,source_MKL_FP32,70790.25,13.9658556544,0.017815196989,0.0192262813837,0.03,1
