graph,method,layer,phase,sampled_thread_ms,sampled_tiles,wall_ms
ogbn-products,b64_fast,1,output_zero,0,599,150.461912155
ogbn-products,b64_fast,1,row_schedule,0.265598297119,599,150.461912155
ogbn-products,b64_fast,1,partial_zero,0.214576721191,599,150.461912155
ogbn-products,b64_fast,1,csr_prefetch,16.0021781921,599,150.461912155
ogbn-products,b64_fast,1,feature_gather_decode,21.8591690063,599,150.461912155
ogbn-products,b64_fast,1,fp32_neighbor_reduction,14.2078399658,599,150.461912155
ogbn-products,b64_fast,1,partial_bf16_conversion,0.17786026001,599,150.461912155
ogbn-products,b64_fast,1,tile_load,1.05118751526,599,150.461912155
ogbn-products,b64_fast,1,tile_compute,2.09355354309,599,150.461912155
ogbn-products,b64_fast,1,tile_store,0.120401382446,599,150.461912155
ogbn-products,b64_fast,1,output_scatter,0.660181045532,599,150.461912155
ogbn-products,b64_fast,1,thread_amx_setup,0.0202655792236,599,150.461912155
ogbn-products,b64_fast,2,output_zero,0,599,144.952058792
ogbn-products,b64_fast,2,row_schedule,0.304222106934,599,144.952058792
ogbn-products,b64_fast,2,partial_zero,0.256299972534,599,144.952058792
ogbn-products,b64_fast,2,csr_prefetch,16.0355567932,599,144.952058792
ogbn-products,b64_fast,2,feature_gather_decode,21.3580131531,599,144.952058792
ogbn-products,b64_fast,2,fp32_neighbor_reduction,14.4629478455,599,144.952058792
ogbn-products,b64_fast,2,partial_bf16_conversion,0.155687332153,599,144.952058792
ogbn-products,b64_fast,2,tile_load,1.10411643982,599,144.952058792
ogbn-products,b64_fast,2,tile_compute,2.26998329163,599,144.952058792
ogbn-products,b64_fast,2,tile_store,0.109672546387,599,144.952058792
ogbn-products,b64_fast,2,output_scatter,0.101327896118,599,144.952058792
ogbn-products,b64_fast,2,thread_amx_setup,0.0166893005371,599,144.952058792
ogbn-products,b64_accurate,1,output_zero,0,599,158.948898315
ogbn-products,b64_accurate,1,row_schedule,0.231742858887,599,158.948898315
ogbn-products,b64_accurate,1,partial_zero,0.236988067627,599,158.948898315
ogbn-products,b64_accurate,1,csr_prefetch,16.3767337799,599,158.948898315
ogbn-products,b64_accurate,1,feature_gather_decode,21.8284130096,599,158.948898315
ogbn-products,b64_accurate,1,fp32_neighbor_reduction,14.3887996674,599,158.948898315
ogbn-products,b64_accurate,1,partial_bf16_conversion,0.286340713501,599,158.948898315
ogbn-products,b64_accurate,1,tile_load,1.75452232361,599,158.948898315
ogbn-products,b64_accurate,1,tile_compute,2.57754325867,599,158.948898315
ogbn-products,b64_accurate,1,tile_store,0.0877380371094,599,158.948898315
ogbn-products,b64_accurate,1,output_scatter,0.68211555481,599,158.948898315
ogbn-products,b64_accurate,1,thread_amx_setup,0.0145435333252,599,158.948898315
ogbn-products,b64_accurate,2,output_zero,0,599,149.264097214
ogbn-products,b64_accurate,2,row_schedule,0.266313552856,599,149.264097214
ogbn-products,b64_accurate,2,partial_zero,0.23365020752,599,149.264097214
ogbn-products,b64_accurate,2,csr_prefetch,16.3230895996,599,149.264097214
ogbn-products,b64_accurate,2,feature_gather_decode,21.6753482819,599,149.264097214
ogbn-products,b64_accurate,2,fp32_neighbor_reduction,14.5480632782,599,149.264097214
ogbn-products,b64_accurate,2,partial_bf16_conversion,0.272750854492,599,149.264097214
ogbn-products,b64_accurate,2,tile_load,1.70612335205,599,149.264097214
ogbn-products,b64_accurate,2,tile_compute,2.64286994934,599,149.264097214
ogbn-products,b64_accurate,2,tile_store,0.0979900360107,599,149.264097214
ogbn-products,b64_accurate,2,output_scatter,0.0975131988525,599,149.264097214
ogbn-products,b64_accurate,2,thread_amx_setup,0.0255107879639,599,149.264097214
ogbn-products,bfull_fast,1,output_zero,0.00119209289551,599,143.215894699
ogbn-products,bfull_fast,1,row_schedule,0.268459320068,599,143.215894699
ogbn-products,bfull_fast,1,partial_zero,0.131845474243,599,143.215894699
ogbn-products,bfull_fast,1,csr_prefetch,16.2041187286,599,143.215894699
ogbn-products,bfull_fast,1,feature_gather_decode,21.1265087128,599,143.215894699
ogbn-products,bfull_fast,1,fp32_neighbor_reduction,13.8218402863,599,143.215894699
ogbn-products,bfull_fast,1,partial_bf16_conversion,0.0810623168945,599,143.215894699
ogbn-products,bfull_fast,1,tile_load,0.584125518799,599,143.215894699
ogbn-products,bfull_fast,1,tile_compute,1.54113769531,599,143.215894699
ogbn-products,bfull_fast,1,tile_store,0.0526905059814,599,143.215894699
ogbn-products,bfull_fast,1,output_scatter,0.678539276123,599,143.215894699
ogbn-products,bfull_fast,1,thread_amx_setup,0.0178813934326,599,143.215894699
ogbn-products,bfull_fast,2,output_zero,0,599,146.015882492
ogbn-products,bfull_fast,2,row_schedule,0.290632247925,599,146.015882492
ogbn-products,bfull_fast,2,partial_zero,0.136375427246,599,146.015882492
ogbn-products,bfull_fast,2,csr_prefetch,15.8109664917,599,146.015882492
ogbn-products,bfull_fast,2,feature_gather_decode,20.7688808441,599,146.015882492
ogbn-products,bfull_fast,2,fp32_neighbor_reduction,13.9787197113,599,146.015882492
ogbn-products,bfull_fast,2,partial_bf16_conversion,0.0748634338379,599,146.015882492
ogbn-products,bfull_fast,2,tile_load,0.555753707886,599,146.015882492
ogbn-products,bfull_fast,2,tile_compute,1.34444236755,599,146.015882492
ogbn-products,bfull_fast,2,tile_store,0.0739097595215,599,146.015882492
ogbn-products,bfull_fast,2,output_scatter,0.123023986816,599,146.015882492
ogbn-products,bfull_fast,2,thread_amx_setup,0.02121925354,599,146.015882492
ogbn-products,bfull_accurate,1,output_zero,0.000953674316406,599,149.94597435
ogbn-products,bfull_accurate,1,row_schedule,0.212669372559,599,149.94597435
ogbn-products,bfull_accurate,1,partial_zero,0.147819519043,599,149.94597435
ogbn-products,bfull_accurate,1,csr_prefetch,16.1316394806,599,149.94597435
ogbn-products,bfull_accurate,1,feature_gather_decode,21.2700366974,599,149.94597435
ogbn-products,bfull_accurate,1,fp32_neighbor_reduction,13.8783454895,599,149.94597435
ogbn-products,bfull_accurate,1,partial_bf16_conversion,0.147104263306,599,149.94597435
ogbn-products,bfull_accurate,1,tile_load,0.940322875977,599,149.94597435
ogbn-products,bfull_accurate,1,tile_compute,1.65176391602,599,149.94597435
ogbn-products,bfull_accurate,1,tile_store,0.063419342041,599,149.94597435
ogbn-products,bfull_accurate,1,output_scatter,0.659942626953,599,149.94597435
ogbn-products,bfull_accurate,1,thread_amx_setup,0.0209808349609,599,149.94597435
ogbn-products,bfull_accurate,2,output_zero,0,599,144.678115845
ogbn-products,bfull_accurate,2,row_schedule,0.289440155029,599,144.678115845
ogbn-products,bfull_accurate,2,partial_zero,0.123262405396,599,144.678115845
ogbn-products,bfull_accurate,2,csr_prefetch,16.0083770752,599,144.678115845
ogbn-products,bfull_accurate,2,feature_gather_decode,21.2664604187,599,144.678115845
ogbn-products,bfull_accurate,2,fp32_neighbor_reduction,14.0423774719,599,144.678115845
ogbn-products,bfull_accurate,2,partial_bf16_conversion,0.161647796631,599,144.678115845
ogbn-products,bfull_accurate,2,tile_load,0.927448272705,599,144.678115845
ogbn-products,bfull_accurate,2,tile_compute,1.65414810181,599,144.678115845
ogbn-products,bfull_accurate,2,tile_store,0.0677108764648,599,144.678115845
ogbn-products,bfull_accurate,2,output_scatter,0.112771987915,599,144.678115845
ogbn-products,bfull_accurate,2,thread_amx_setup,0.0307559967041,599,144.678115845
ogbn-products,b256_fast,1,output_zero,0.000953674316406,599,145.480155945
ogbn-products,b256_fast,1,row_schedule,0.262975692749,599,145.480155945
ogbn-products,b256_fast,1,partial_zero,0.149965286255,599,145.480155945
ogbn-products,b256_fast,1,csr_prefetch,16.0632133484,599,145.480155945
ogbn-products,b256_fast,1,feature_gather_decode,21.1634635925,599,145.480155945
ogbn-products,b256_fast,1,fp32_neighbor_reduction,14.2889022827,599,145.480155945
ogbn-products,b256_fast,1,partial_bf16_conversion,0.102996826172,599,145.480155945
ogbn-products,b256_fast,1,tile_load,0.694274902344,599,145.480155945
ogbn-products,b256_fast,1,tile_compute,1.42669677734,599,145.480155945
ogbn-products,b256_fast,1,tile_store,0.0679492950439,599,145.480155945
ogbn-products,b256_fast,1,output_scatter,0.680685043335,599,145.480155945
ogbn-products,b256_fast,1,thread_amx_setup,0.0226497650146,599,145.480155945
ogbn-products,b256_fast,2,output_zero,0,599,145.796060562
ogbn-products,b256_fast,2,row_schedule,0.287055969238,599,145.796060562
ogbn-products,b256_fast,2,partial_zero,0.153303146362,599,145.796060562
ogbn-products,b256_fast,2,csr_prefetch,16.0748958588,599,145.796060562
ogbn-products,b256_fast,2,feature_gather_decode,20.9879875183,599,145.796060562
ogbn-products,b256_fast,2,fp32_neighbor_reduction,14.1999721527,599,145.796060562
ogbn-products,b256_fast,2,partial_bf16_conversion,0.10871887207,599,145.796060562
ogbn-products,b256_fast,2,tile_load,0.632524490356,599,145.796060562
ogbn-products,b256_fast,2,tile_compute,1.4636516571,599,145.796060562
ogbn-products,b256_fast,2,tile_store,0.072717666626,599,145.796060562
ogbn-products,b256_fast,2,output_scatter,0.105857849121,599,145.796060562
ogbn-products,b256_fast,2,thread_amx_setup,0.0262260437012,599,145.796060562
ogbn-products,b256_accurate,1,output_zero,0,599,152.610778809
ogbn-products,b256_accurate,1,row_schedule,0.236749649048,599,152.610778809
ogbn-products,b256_accurate,1,partial_zero,0.147104263306,599,152.610778809
ogbn-products,b256_accurate,1,csr_prefetch,15.9547328949,599,152.610778809
ogbn-products,b256_accurate,1,feature_gather_decode,21.2099552155,599,152.610778809
ogbn-products,b256_accurate,1,fp32_neighbor_reduction,14.2829418182,599,152.610778809
ogbn-products,b256_accurate,1,partial_bf16_conversion,0.179529190063,599,152.610778809
ogbn-products,b256_accurate,1,tile_load,1.0449886322,599,152.610778809
ogbn-products,b256_accurate,1,tile_compute,1.75547599792,599,152.610778809
ogbn-products,b256_accurate,1,tile_store,0.0693798065186,599,152.610778809
ogbn-products,b256_accurate,1,output_scatter,0.681161880493,599,152.610778809
ogbn-products,b256_accurate,1,thread_amx_setup,0.0190734863281,599,152.610778809
ogbn-products,b256_accurate,2,output_zero,0,599,144.222021103
ogbn-products,b256_accurate,2,row_schedule,0.250339508057,599,144.222021103
ogbn-products,b256_accurate,2,partial_zero,0.16450881958,599,144.222021103
ogbn-products,b256_accurate,2,csr_prefetch,16.0615444183,599,144.222021103
ogbn-products,b256_accurate,2,feature_gather_decode,21.1915969849,599,144.222021103
ogbn-products,b256_accurate,2,fp32_neighbor_reduction,14.4329071045,599,144.222021103
ogbn-products,b256_accurate,2,partial_bf16_conversion,0.173568725586,599,144.222021103
ogbn-products,b256_accurate,2,tile_load,1.03569030762,599,144.222021103
ogbn-products,b256_accurate,2,tile_compute,1.83534622192,599,144.222021103
ogbn-products,b256_accurate,2,tile_store,0.0691413879395,599,144.222021103
ogbn-products,b256_accurate,2,output_scatter,0.0946521759033,599,144.222021103
ogbn-products,b256_accurate,2,thread_amx_setup,0.0247955322266,599,144.222021103
ogbn-products,s64_m64_fast,1,output_zero,0,599,194.918870926
ogbn-products,s64_m64_fast,1,row_schedule,0.341653823853,599,194.918870926
ogbn-products,s64_m64_fast,1,partial_zero,0.440359115601,599,194.918870926
ogbn-products,s64_m64_fast,1,csr_prefetch,98.9336967468,599,194.918870926
ogbn-products,s64_m64_fast,1,feature_gather_decode,72.2551345825,599,194.918870926
ogbn-products,s64_m64_fast,1,fp32_neighbor_reduction,28.3317565918,599,194.918870926
ogbn-products,s64_m64_fast,1,partial_bf16_conversion,8.03256034851,599,194.918870926
ogbn-products,s64_m64_fast,1,tile_load,2.41136550903,599,194.918870926
ogbn-products,s64_m64_fast,1,tile_compute,3.68142127991,599,194.918870926
ogbn-products,s64_m64_fast,1,tile_store,0.190258026123,599,194.918870926
ogbn-products,s64_m64_fast,1,output_scatter,0.759124755859,599,194.918870926
ogbn-products,s64_m64_fast,1,thread_amx_setup,0.0290870666504,599,194.918870926
ogbn-products,s64_m64_fast,1,window_state_load,0,599,194.918870926
ogbn-products,s64_m64_fast,1,window_state_store,0.816583633423,599,194.918870926
ogbn-products,s64_m64_fast,2,output_zero,0,599,171.753883362
ogbn-products,s64_m64_fast,2,row_schedule,0.320672988892,599,171.753883362
ogbn-products,s64_m64_fast,2,partial_zero,0.427484512329,599,171.753883362
ogbn-products,s64_m64_fast,2,csr_prefetch,98.997592926,599,171.753883362
ogbn-products,s64_m64_fast,2,feature_gather_decode,72.2982883453,599,171.753883362
ogbn-products,s64_m64_fast,2,fp32_neighbor_reduction,28.1796455383,599,171.753883362
ogbn-products,s64_m64_fast,2,partial_bf16_conversion,8.03852081299,599,171.753883362
ogbn-products,s64_m64_fast,2,tile_load,2.48837471008,599,171.753883362
ogbn-products,s64_m64_fast,2,tile_compute,3.63302230835,599,171.753883362
ogbn-products,s64_m64_fast,2,tile_store,0.169277191162,599,171.753883362
ogbn-products,s64_m64_fast,2,output_scatter,1.1420249939,599,171.753883362
ogbn-products,s64_m64_fast,2,thread_amx_setup,0.0424385070801,599,171.753883362
ogbn-products,s64_m64_fast,2,window_state_load,0,599,171.753883362
ogbn-products,s64_m64_fast,2,window_state_store,0.849485397339,599,171.753883362
ogbn-products,s32_m64_fast,1,output_zero,0,599,193.672895432
ogbn-products,s32_m64_fast,1,row_schedule,0.372648239136,599,193.672895432
ogbn-products,s32_m64_fast,1,partial_zero,0.387668609619,599,193.672895432
ogbn-products,s32_m64_fast,1,csr_prefetch,98.7756252289,599,193.672895432
ogbn-products,s32_m64_fast,1,feature_gather_decode,72.4983215332,599,193.672895432
ogbn-products,s32_m64_fast,1,fp32_neighbor_reduction,28.2707214355,599,193.672895432
ogbn-products,s32_m64_fast,1,partial_bf16_conversion,8.01467895508,599,193.672895432
ogbn-products,s32_m64_fast,1,tile_load,2.42614746094,599,193.672895432
ogbn-products,s32_m64_fast,1,tile_compute,3.88073921204,599,193.672895432
ogbn-products,s32_m64_fast,1,tile_store,0.161170959473,599,193.672895432
ogbn-products,s32_m64_fast,1,output_scatter,0.771760940552,599,193.672895432
ogbn-products,s32_m64_fast,1,thread_amx_setup,0.0331401824951,599,193.672895432
ogbn-products,s32_m64_fast,1,window_state_load,0.431299209595,599,193.672895432
ogbn-products,s32_m64_fast,1,window_state_store,1.27959251404,599,193.672895432
ogbn-products,s32_m64_fast,2,output_zero,0.000953674316406,599,194.275856018
ogbn-products,s32_m64_fast,2,row_schedule,0.309944152832,599,194.275856018
ogbn-products,s32_m64_fast,2,partial_zero,0.402450561523,599,194.275856018
ogbn-products,s32_m64_fast,2,csr_prefetch,98.9108085632,599,194.275856018
ogbn-products,s32_m64_fast,2,feature_gather_decode,72.616815567,599,194.275856018
ogbn-products,s32_m64_fast,2,fp32_neighbor_reduction,28.327703476,599,194.275856018
ogbn-products,s32_m64_fast,2,partial_bf16_conversion,8.00371170044,599,194.275856018
ogbn-products,s32_m64_fast,2,tile_load,2.35509872437,599,194.275856018
ogbn-products,s32_m64_fast,2,tile_compute,3.72457504272,599,194.275856018
ogbn-products,s32_m64_fast,2,tile_store,0.17523765564,599,194.275856018
ogbn-products,s32_m64_fast,2,output_scatter,1.13224983215,599,194.275856018
ogbn-products,s32_m64_fast,2,thread_amx_setup,0.0410079956055,599,194.275856018
ogbn-products,s32_m64_fast,2,window_state_load,0.472784042358,599,194.275856018
ogbn-products,s32_m64_fast,2,window_state_store,1.23310089111,599,194.275856018
ogbn-products,s32_m256_fast,1,output_zero,0,599,188.169956207
ogbn-products,s32_m256_fast,1,row_schedule,0.350713729858,599,188.169956207
ogbn-products,s32_m256_fast,1,partial_zero,0.365257263184,599,188.169956207
ogbn-products,s32_m256_fast,1,csr_prefetch,98.9427566528,599,188.169956207
ogbn-products,s32_m256_fast,1,feature_gather_decode,71.8414783478,599,188.169956207
ogbn-products,s32_m256_fast,1,fp32_neighbor_reduction,28.0199050903,599,188.169956207
ogbn-products,s32_m256_fast,1,partial_bf16_conversion,4.807472229,599,188.169956207
ogbn-products,s32_m256_fast,1,tile_load,1.43361091614,599,188.169956207
ogbn-products,s32_m256_fast,1,tile_compute,2.47740745544,599,188.169956207
ogbn-products,s32_m256_fast,1,tile_store,0.10347366333,599,188.169956207
ogbn-products,s32_m256_fast,1,output_scatter,0.781536102295,599,188.169956207
ogbn-products,s32_m256_fast,1,thread_amx_setup,0.0309944152832,599,188.169956207
ogbn-products,s32_m256_fast,1,window_state_load,0.663995742798,599,188.169956207
ogbn-products,s32_m256_fast,1,window_state_store,1.36065483093,599,188.169956207
ogbn-products,s32_m256_fast,2,output_zero,0,599,183.292865753
ogbn-products,s32_m256_fast,2,row_schedule,0.315427780151,599,183.292865753
ogbn-products,s32_m256_fast,2,partial_zero,0.287532806396,599,183.292865753
ogbn-products,s32_m256_fast,2,csr_prefetch,99.5230674744,599,183.292865753
ogbn-products,s32_m256_fast,2,feature_gather_decode,72.0772743225,599,183.292865753
ogbn-products,s32_m256_fast,2,fp32_neighbor_reduction,28.4955501556,599,183.292865753
ogbn-products,s32_m256_fast,2,partial_bf16_conversion,4.80532646179,599,183.292865753
ogbn-products,s32_m256_fast,2,tile_load,1.47438049316,599,183.292865753
ogbn-products,s32_m256_fast,2,tile_compute,2.37345695496,599,183.292865753
ogbn-products,s32_m256_fast,2,tile_store,0.11157989502,599,183.292865753
ogbn-products,s32_m256_fast,2,output_scatter,1.12819671631,599,183.292865753
ogbn-products,s32_m256_fast,2,thread_amx_setup,0.0340938568115,599,183.292865753
ogbn-products,s32_m256_fast,2,window_state_load,0.701665878296,599,183.292865753
ogbn-products,s32_m256_fast,2,window_state_store,1.28507614136,599,183.292865753
ogbn-products,s64_m256_fast,1,output_zero,0,599,192.713022232
ogbn-products,s64_m256_fast,1,row_schedule,0.357389450073,599,192.713022232
ogbn-products,s64_m256_fast,1,partial_zero,0.297784805298,599,192.713022232
ogbn-products,s64_m256_fast,1,csr_prefetch,99.2295742035,599,192.713022232
ogbn-products,s64_m256_fast,1,feature_gather_decode,72.1571445465,599,192.713022232
ogbn-products,s64_m256_fast,1,fp32_neighbor_reduction,28.2983779907,599,192.713022232
ogbn-products,s64_m256_fast,1,partial_bf16_conversion,4.81796264648,599,192.713022232
ogbn-products,s64_m256_fast,1,tile_load,1.40428543091,599,192.713022232
ogbn-products,s64_m256_fast,1,tile_compute,2.28428840637,599,192.713022232
ogbn-products,s64_m256_fast,1,tile_store,0.100135803223,599,192.713022232
ogbn-products,s64_m256_fast,1,output_scatter,0.780582427979,599,192.713022232
ogbn-products,s64_m256_fast,1,thread_amx_setup,0.0312328338623,599,192.713022232
ogbn-products,s64_m256_fast,1,window_state_load,0.261068344116,599,192.713022232
ogbn-products,s64_m256_fast,1,window_state_store,0.846147537231,599,192.713022232
ogbn-products,s64_m256_fast,2,output_zero,0,599,190.258026123
ogbn-products,s64_m256_fast,2,row_schedule,0.339269638062,599,190.258026123
ogbn-products,s64_m256_fast,2,partial_zero,0.295877456665,599,190.258026123
ogbn-products,s64_m256_fast,2,csr_prefetch,99.8067855835,599,190.258026123
ogbn-products,s64_m256_fast,2,feature_gather_decode,72.2849369049,599,190.258026123
ogbn-products,s64_m256_fast,2,fp32_neighbor_reduction,28.4307003021,599,190.258026123
ogbn-products,s64_m256_fast,2,partial_bf16_conversion,4.81486320496,599,190.258026123
ogbn-products,s64_m256_fast,2,tile_load,1.47557258606,599,190.258026123
ogbn-products,s64_m256_fast,2,tile_compute,2.46095657349,599,190.258026123
ogbn-products,s64_m256_fast,2,tile_store,0.113248825073,599,190.258026123
ogbn-products,s64_m256_fast,2,output_scatter,1.1613368988,599,190.258026123
ogbn-products,s64_m256_fast,2,thread_amx_setup,0.0343322753906,599,190.258026123
ogbn-products,s64_m256_fast,2,window_state_load,0.252246856689,599,190.258026123
ogbn-products,s64_m256_fast,2,window_state_store,0.873804092407,599,190.258026123
ogbn-products,s32_mfull_fast,1,output_zero,0,599,192.734956741
ogbn-products,s32_mfull_fast,1,row_schedule,0.343322753906,599,192.734956741
ogbn-products,s32_mfull_fast,1,partial_zero,0.311374664307,599,192.734956741
ogbn-products,s32_mfull_fast,1,csr_prefetch,98.5331535339,599,192.734956741
ogbn-products,s32_mfull_fast,1,feature_gather_decode,71.213722229,599,192.734956741
ogbn-products,s32_mfull_fast,1,fp32_neighbor_reduction,28.1131267548,599,192.734956741
ogbn-products,s32_mfull_fast,1,partial_bf16_conversion,4.19092178345,599,192.734956741
ogbn-products,s32_mfull_fast,1,tile_load,1.23977661133,599,192.734956741
ogbn-products,s32_mfull_fast,1,tile_compute,2.14791297913,599,192.734956741
ogbn-products,s32_mfull_fast,1,tile_store,0.113010406494,599,192.734956741
ogbn-products,s32_mfull_fast,1,output_scatter,0.757455825806,599,192.734956741
ogbn-products,s32_mfull_fast,1,thread_amx_setup,0.0267028808594,599,192.734956741
ogbn-products,s32_mfull_fast,1,window_state_load,0.703811645508,599,192.734956741
ogbn-products,s32_mfull_fast,1,window_state_store,1.23763084412,599,192.734956741
ogbn-products,s32_mfull_fast,2,output_zero,0,599,184.062004089
ogbn-products,s32_mfull_fast,2,row_schedule,0.310659408569,599,184.062004089
ogbn-products,s32_mfull_fast,2,partial_zero,0.287055969238,599,184.062004089
ogbn-products,s32_mfull_fast,2,csr_prefetch,98.8183021545,599,184.062004089
ogbn-products,s32_mfull_fast,2,feature_gather_decode,71.7558860779,599,184.062004089
ogbn-products,s32_mfull_fast,2,fp32_neighbor_reduction,28.2113552094,599,184.062004089
ogbn-products,s32_mfull_fast,2,partial_bf16_conversion,4.18400764465,599,184.062004089
ogbn-products,s32_mfull_fast,2,tile_load,1.32942199707,599,184.062004089
ogbn-products,s32_mfull_fast,2,tile_compute,2.117395401,599,184.062004089
ogbn-products,s32_mfull_fast,2,tile_store,0.096321105957,599,184.062004089
ogbn-products,s32_mfull_fast,2,output_scatter,1.13582611084,599,184.062004089
ogbn-products,s32_mfull_fast,2,thread_amx_setup,0.0317096710205,599,184.062004089
ogbn-products,s32_mfull_fast,2,window_state_load,0.654935836792,599,184.062004089
ogbn-products,s32_mfull_fast,2,window_state_store,1.23071670532,599,184.062004089
ogbn-products,s64_mfull_fast,1,output_zero,0,599,184.97300148
ogbn-products,s64_mfull_fast,1,row_schedule,0.339031219482,599,184.97300148
ogbn-products,s64_mfull_fast,1,partial_zero,0.341415405273,599,184.97300148
ogbn-products,s64_mfull_fast,1,csr_prefetch,98.6986160278,599,184.97300148
ogbn-products,s64_mfull_fast,1,feature_gather_decode,71.6485977173,599,184.97300148
ogbn-products,s64_mfull_fast,1,fp32_neighbor_reduction,27.895450592,599,184.97300148
ogbn-products,s64_mfull_fast,1,partial_bf16_conversion,4.23359870911,599,184.97300148
ogbn-products,s64_mfull_fast,1,tile_load,1.24359130859,599,184.97300148
ogbn-products,s64_mfull_fast,1,tile_compute,2.18749046326,599,184.97300148
ogbn-products,s64_mfull_fast,1,tile_store,0.0898838043213,599,184.97300148
ogbn-products,s64_mfull_fast,1,output_scatter,0.755310058594,599,184.97300148
ogbn-products,s64_mfull_fast,1,thread_amx_setup,0.0259876251221,599,184.97300148
ogbn-products,s64_mfull_fast,1,window_state_load,0.261783599854,599,184.97300148
ogbn-products,s64_mfull_fast,1,window_state_store,0.828266143799,599,184.97300148
ogbn-products,s64_mfull_fast,2,output_zero,0,599,188.372850418
ogbn-products,s64_mfull_fast,2,row_schedule,0.319957733154,599,188.372850418
ogbn-products,s64_mfull_fast,2,partial_zero,0.285625457764,599,188.372850418
ogbn-products,s64_mfull_fast,2,csr_prefetch,98.9961624146,599,188.372850418
ogbn-products,s64_mfull_fast,2,feature_gather_decode,71.6736316681,599,188.372850418
ogbn-products,s64_mfull_fast,2,fp32_neighbor_reduction,28.0470848083,599,188.372850418
ogbn-products,s64_mfull_fast,2,partial_bf16_conversion,4.1983127594,599,188.372850418
ogbn-products,s64_mfull_fast,2,tile_load,1.27387046814,599,188.372850418
ogbn-products,s64_mfull_fast,2,tile_compute,2.14529037476,599,188.372850418
ogbn-products,s64_mfull_fast,2,tile_store,0.0803470611572,599,188.372850418
ogbn-products,s64_mfull_fast,2,output_scatter,1.1682510376,599,188.372850418
ogbn-products,s64_mfull_fast,2,thread_amx_setup,0.0391006469727,599,188.372850418
ogbn-products,s64_mfull_fast,2,window_state_load,0.246524810791,599,188.372850418
ogbn-products,s64_mfull_fast,2,window_state_store,0.802755355835,599,188.372850418
ogbn-products,s128_mfull_fast,1,output_zero,0,599,177.124977112
ogbn-products,s128_mfull_fast,1,row_schedule,0.344753265381,599,177.124977112
ogbn-products,s128_mfull_fast,1,partial_zero,0.340700149536,599,177.124977112
ogbn-products,s128_mfull_fast,1,csr_prefetch,98.6444950104,599,177.124977112
ogbn-products,s128_mfull_fast,1,feature_gather_decode,71.2361335754,599,177.124977112
ogbn-products,s128_mfull_fast,1,fp32_neighbor_reduction,28.0950069427,599,177.124977112
ogbn-products,s128_mfull_fast,1,partial_bf16_conversion,4.1925907135,599,177.124977112
ogbn-products,s128_mfull_fast,1,tile_load,1.28436088562,599,177.124977112
ogbn-products,s128_mfull_fast,1,tile_compute,2.11334228516,599,177.124977112
ogbn-products,s128_mfull_fast,1,tile_store,0.10085105896,599,177.124977112
ogbn-products,s128_mfull_fast,1,output_scatter,0.746965408325,599,177.124977112
ogbn-products,s128_mfull_fast,1,thread_amx_setup,0.0293254852295,599,177.124977112
ogbn-products,s128_mfull_fast,1,window_state_load,0.0910758972168,599,177.124977112
ogbn-products,s128_mfull_fast,1,window_state_store,0.595331192017,599,177.124977112
ogbn-products,s128_mfull_fast,2,output_zero,0,599,179.005146027
ogbn-products,s128_mfull_fast,2,row_schedule,0.326871871948,599,179.005146027
ogbn-products,s128_mfull_fast,2,partial_zero,0.286102294922,599,179.005146027
ogbn-products,s128_mfull_fast,2,csr_prefetch,99.3211269379,599,179.005146027
ogbn-products,s128_mfull_fast,2,feature_gather_decode,72.2663402557,599,179.005146027
ogbn-products,s128_mfull_fast,2,fp32_neighbor_reduction,28.0766487122,599,179.005146027
ogbn-products,s128_mfull_fast,2,partial_bf16_conversion,4.19783592224,599,179.005146027
ogbn-products,s128_mfull_fast,2,tile_load,1.2366771698,599,179.005146027
ogbn-products,s128_mfull_fast,2,tile_compute,2.15983390808,599,179.005146027
ogbn-products,s128_mfull_fast,2,tile_store,0.0898838043213,599,179.005146027
ogbn-products,s128_mfull_fast,2,output_scatter,1.13797187805,599,179.005146027
ogbn-products,s128_mfull_fast,2,thread_amx_setup,0.0324249267578,599,179.005146027
ogbn-products,s128_mfull_fast,2,window_state_load,0.0839233398438,599,179.005146027
ogbn-products,s128_mfull_fast,2,window_state_store,0.627040863037,599,179.005146027
ogbn-products,s64_mfull_accurate,1,output_zero,0.000953674316406,599,185.104131699
ogbn-products,s64_mfull_accurate,1,row_schedule,0.336408615112,599,185.104131699
ogbn-products,s64_mfull_accurate,1,partial_zero,0.338315963745,599,185.104131699
ogbn-products,s64_mfull_accurate,1,csr_prefetch,99.4212627411,599,185.104131699
ogbn-products,s64_mfull_accurate,1,feature_gather_decode,72.0098018646,599,185.104131699
ogbn-products,s64_mfull_accurate,1,fp32_neighbor_reduction,28.0475616455,599,185.104131699
ogbn-products,s64_mfull_accurate,1,partial_bf16_conversion,12.8555297852,599,185.104131699
ogbn-products,s64_mfull_accurate,1,tile_load,2.2931098938,599,185.104131699
ogbn-products,s64_mfull_accurate,1,tile_compute,2.26998329163,599,185.104131699
ogbn-products,s64_mfull_accurate,1,tile_store,0.0932216644287,599,185.104131699
ogbn-products,s64_mfull_accurate,1,output_scatter,0.835180282593,599,185.104131699
ogbn-products,s64_mfull_accurate,1,thread_amx_setup,0.0262260437012,599,185.104131699
ogbn-products,s64_mfull_accurate,1,window_state_load,0.262022018433,599,185.104131699
ogbn-products,s64_mfull_accurate,1,window_state_store,0.852584838867,599,185.104131699
ogbn-products,s64_mfull_accurate,2,output_zero,0,599,183.021783829
ogbn-products,s64_mfull_accurate,2,row_schedule,0.335454940796,599,183.021783829
ogbn-products,s64_mfull_accurate,2,partial_zero,0.300884246826,599,183.021783829
ogbn-products,s64_mfull_accurate,2,csr_prefetch,98.9184379578,599,183.021783829
ogbn-products,s64_mfull_accurate,2,feature_gather_decode,72.2811222076,599,183.021783829
ogbn-products,s64_mfull_accurate,2,fp32_neighbor_reduction,28.1870365143,599,183.021783829
ogbn-products,s64_mfull_accurate,2,partial_bf16_conversion,12.8607749939,599,183.021783829
ogbn-products,s64_mfull_accurate,2,tile_load,2.33507156372,599,183.021783829
ogbn-products,s64_mfull_accurate,2,tile_compute,2.27093696594,599,183.021783829
ogbn-products,s64_mfull_accurate,2,tile_store,0.0979900360107,599,183.021783829
ogbn-products,s64_mfull_accurate,2,output_scatter,1.16610527039,599,183.021783829
ogbn-products,s64_mfull_accurate,2,thread_amx_setup,0.0381469726562,599,183.021783829
ogbn-products,s64_mfull_accurate,2,window_state_load,0.259399414062,599,183.021783829
ogbn-products,s64_mfull_accurate,2,window_state_store,0.827789306641,599,183.021783829
ogbn-products,s64_mfull_rowwise_fast,1,output_zero,0,599,190.223932266
ogbn-products,s64_mfull_rowwise_fast,1,row_schedule,0.341653823853,599,190.223932266
ogbn-products,s64_mfull_rowwise_fast,1,partial_zero,0.316619873047,599,190.223932266
ogbn-products,s64_mfull_rowwise_fast,1,csr_prefetch,99.0579128265,599,190.223932266
ogbn-products,s64_mfull_rowwise_fast,1,feature_gather_decode,71.7618465424,599,190.223932266
ogbn-products,s64_mfull_rowwise_fast,1,fp32_neighbor_reduction,28.1019210815,599,190.223932266
ogbn-products,s64_mfull_rowwise_fast,1,partial_bf16_conversion,4.20427322388,599,190.223932266
ogbn-products,s64_mfull_rowwise_fast,1,tile_load,1.22594833374,599,190.223932266
ogbn-products,s64_mfull_rowwise_fast,1,tile_compute,2.12502479553,599,190.223932266
ogbn-products,s64_mfull_rowwise_fast,1,tile_store,0.103712081909,599,190.223932266
ogbn-products,s64_mfull_rowwise_fast,1,output_scatter,0.837326049805,599,190.223932266
ogbn-products,s64_mfull_rowwise_fast,1,thread_amx_setup,0.0288486480713,599,190.223932266
ogbn-products,s64_mfull_rowwise_fast,1,window_state_load,0.28657913208,599,190.223932266
ogbn-products,s64_mfull_rowwise_fast,1,window_state_store,0.818490982056,599,190.223932266
ogbn-products,s64_mfull_rowwise_fast,2,output_zero,0,599,186.876058578
ogbn-products,s64_mfull_rowwise_fast,2,row_schedule,0.391006469727,599,186.876058578
ogbn-products,s64_mfull_rowwise_fast,2,partial_zero,0.313282012939,599,186.876058578
ogbn-products,s64_mfull_rowwise_fast,2,csr_prefetch,98.9742279053,599,186.876058578
ogbn-products,s64_mfull_rowwise_fast,2,feature_gather_decode,71.5396404266,599,186.876058578
ogbn-products,s64_mfull_rowwise_fast,2,fp32_neighbor_reduction,27.9071331024,599,186.876058578
ogbn-products,s64_mfull_rowwise_fast,2,partial_bf16_conversion,4.20570373535,599,186.876058578
ogbn-products,s64_mfull_rowwise_fast,2,tile_load,1.26361846924,599,186.876058578
ogbn-products,s64_mfull_rowwise_fast,2,tile_compute,2.23445892334,599,186.876058578
ogbn-products,s64_mfull_rowwise_fast,2,tile_store,0.0905990600586,599,186.876058578
ogbn-products,s64_mfull_rowwise_fast,2,output_scatter,1.15323066711,599,186.876058578
ogbn-products,s64_mfull_rowwise_fast,2,thread_amx_setup,0.0319480895996,599,186.876058578
ogbn-products,s64_mfull_rowwise_fast,2,window_state_load,0.264644622803,599,186.876058578
ogbn-products,s64_mfull_rowwise_fast,2,window_state_store,0.835180282593,599,186.876058578
reddit,b64_fast,1,output_zero,0,58,69.4558620453
reddit,b64_fast,1,row_schedule,0.0216960906982,58,69.4558620453
reddit,b64_fast,1,partial_zero,0.128746032715,58,69.4558620453
reddit,b64_fast,1,csr_prefetch,14.1222476959,58,69.4558620453
reddit,b64_fast,1,feature_gather_decode,16.6013240814,58,69.4558620453
reddit,b64_fast,1,fp32_neighbor_reduction,13.6017799377,58,69.4558620453
reddit,b64_fast,1,partial_bf16_conversion,0.109910964966,58,69.4558620453
reddit,b64_fast,1,tile_load,0.670671463013,58,69.4558620453
reddit,b64_fast,1,tile_compute,1.33562088013,58,69.4558620453
reddit,b64_fast,1,tile_store,0.0755786895752,58,69.4558620453
reddit,b64_fast,1,output_scatter,0.0686645507812,58,69.4558620453
reddit,b64_fast,1,thread_amx_setup,0.0207424163818,58,69.4558620453
reddit,b64_fast,2,output_zero,0,58,70.8651542664
reddit,b64_fast,2,row_schedule,0.0245571136475,58,70.8651542664
reddit,b64_fast,2,partial_zero,0.124216079712,58,70.8651542664
reddit,b64_fast,2,csr_prefetch,14.2600536346,58,70.8651542664
reddit,b64_fast,2,feature_gather_decode,16.8013572693,58,70.8651542664
reddit,b64_fast,2,fp32_neighbor_reduction,13.6179924011,58,70.8651542664
reddit,b64_fast,2,partial_bf16_conversion,0.110387802124,58,70.8651542664
reddit,b64_fast,2,tile_load,0.66614151001,58,70.8651542664
reddit,b64_fast,2,tile_compute,1.25288963318,58,70.8651542664
reddit,b64_fast,2,tile_store,0.0746250152588,58,70.8651542664
reddit,b64_fast,2,output_scatter,0.00667572021484,58,70.8651542664
reddit,b64_fast,2,thread_amx_setup,0.0190734863281,58,70.8651542664
reddit,b64_accurate,1,output_zero,0,58,70.6508159637
reddit,b64_accurate,1,row_schedule,0.025749206543,58,70.6508159637
reddit,b64_accurate,1,partial_zero,0.134944915771,58,70.6508159637
reddit,b64_accurate,1,csr_prefetch,14.8222446442,58,70.6508159637
reddit,b64_accurate,1,feature_gather_decode,17.6000595093,58,70.6508159637
reddit,b64_accurate,1,fp32_neighbor_reduction,14.1456127167,58,70.6508159637
reddit,b64_accurate,1,partial_bf16_conversion,0.195741653442,58,70.6508159637
reddit,b64_accurate,1,tile_load,1.09028816223,58,70.6508159637
reddit,b64_accurate,1,tile_compute,1.39236450195,58,70.6508159637
reddit,b64_accurate,1,tile_store,0.0782012939453,58,70.6508159637
reddit,b64_accurate,1,output_scatter,0.0700950622559,58,70.6508159637
reddit,b64_accurate,1,thread_amx_setup,0.0152587890625,58,70.6508159637
reddit,b64_accurate,2,output_zero,0,58,70.4400539398
reddit,b64_accurate,2,row_schedule,0.0243186950684,58,70.4400539398
reddit,b64_accurate,2,partial_zero,0.125646591187,58,70.4400539398
reddit,b64_accurate,2,csr_prefetch,14.8346424103,58,70.4400539398
reddit,b64_accurate,2,feature_gather_decode,17.5473690033,58,70.4400539398
reddit,b64_accurate,2,fp32_neighbor_reduction,14.3463611603,58,70.4400539398
reddit,b64_accurate,2,partial_bf16_conversion,0.17261505127,58,70.4400539398
reddit,b64_accurate,2,tile_load,1.11651420593,58,70.4400539398
reddit,b64_accurate,2,tile_compute,1.49893760681,58,70.4400539398
reddit,b64_accurate,2,tile_store,0.0629425048828,58,70.4400539398
reddit,b64_accurate,2,output_scatter,0.0181198120117,58,70.4400539398
reddit,b64_accurate,2,thread_amx_setup,0.0290870666504,58,70.4400539398
reddit,bfull_fast,1,output_zero,0,58,63.9090538025
reddit,bfull_fast,1,row_schedule,0.0231266021729,58,63.9090538025
reddit,bfull_fast,1,partial_zero,0.0102519989014,58,63.9090538025
reddit,bfull_fast,1,csr_prefetch,13.8642787933,58,63.9090538025
reddit,bfull_fast,1,feature_gather_decode,16.1461830139,58,63.9090538025
reddit,bfull_fast,1,fp32_neighbor_reduction,12.9466056824,58,63.9090538025
reddit,bfull_fast,1,partial_bf16_conversion,0.0190734863281,58,63.9090538025
reddit,bfull_fast,1,tile_load,0.068187713623,58,63.9090538025
reddit,bfull_fast,1,tile_compute,0.153541564941,58,63.9090538025
reddit,bfull_fast,1,tile_store,0.00691413879395,58,63.9090538025
reddit,bfull_fast,1,output_scatter,0.0660419464111,58,63.9090538025
reddit,bfull_fast,1,thread_amx_setup,0.0269412994385,58,63.9090538025
reddit,bfull_fast,2,output_zero,0,58,71.3770389557
reddit,bfull_fast,2,row_schedule,0.0236034393311,58,71.3770389557
reddit,bfull_fast,2,partial_zero,0.014066696167,58,71.3770389557
reddit,bfull_fast,2,csr_prefetch,13.9653682709,58,71.3770389557
reddit,bfull_fast,2,feature_gather_decode,16.2119865417,58,71.3770389557
reddit,bfull_fast,2,fp32_neighbor_reduction,13.0462646484,58,71.3770389557
reddit,bfull_fast,2,partial_bf16_conversion,0.0219345092773,58,71.3770389557
reddit,bfull_fast,2,tile_load,0.0665187835693,58,71.3770389557
reddit,bfull_fast,2,tile_compute,0.14066696167,58,71.3770389557
reddit,bfull_fast,2,tile_store,0.00905990600586,58,71.3770389557
reddit,bfull_fast,2,output_scatter,0.0178813934326,58,71.3770389557
reddit,bfull_fast,2,thread_amx_setup,0.0183582305908,58,71.3770389557
reddit,bfull_accurate,1,output_zero,0,58,65.5789375305
reddit,bfull_accurate,1,row_schedule,0.0264644622803,58,65.5789375305
reddit,bfull_accurate,1,partial_zero,0.0145435333252,58,65.5789375305
reddit,bfull_accurate,1,csr_prefetch,14.1315460205,58,65.5789375305
reddit,bfull_accurate,1,feature_gather_decode,16.2670612335,58,65.5789375305
reddit,bfull_accurate,1,fp32_neighbor_reduction,13.2684707642,58,65.5789375305
reddit,bfull_accurate,1,partial_bf16_conversion,0.0209808349609,58,65.5789375305
reddit,bfull_accurate,1,tile_load,0.11420249939,58,65.5789375305
reddit,bfull_accurate,1,tile_compute,0.175952911377,58,65.5789375305
reddit,bfull_accurate,1,tile_store,0.00572204589844,58,65.5789375305
reddit,bfull_accurate,1,output_scatter,0.0629425048828,58,65.5789375305
reddit,bfull_accurate,1,thread_amx_setup,0.0123977661133,58,65.5789375305
reddit,bfull_accurate,2,output_zero,0,58,68.7229633331
reddit,bfull_accurate,2,row_schedule,0.0250339508057,58,68.7229633331
reddit,bfull_accurate,2,partial_zero,0.0126361846924,58,68.7229633331
reddit,bfull_accurate,2,csr_prefetch,14.1439437866,58,68.7229633331
reddit,bfull_accurate,2,feature_gather_decode,16.4158344269,58,68.7229633331
reddit,bfull_accurate,2,fp32_neighbor_reduction,13.2446289062,58,68.7229633331
reddit,bfull_accurate,2,partial_bf16_conversion,0.0133514404297,58,68.7229633331
reddit,bfull_accurate,2,tile_load,0.0989437103271,58,68.7229633331
reddit,bfull_accurate,2,tile_compute,0.179767608643,58,68.7229633331
reddit,bfull_accurate,2,tile_store,0.00381469726562,58,68.7229633331
reddit,bfull_accurate,2,output_scatter,0.0154972076416,58,68.7229633331
reddit,bfull_accurate,2,thread_amx_setup,0.02121925354,58,68.7229633331
reddit,b256_fast,1,output_zero,0,58,65.5398368835
reddit,b256_fast,1,row_schedule,0.02121925354,58,65.5398368835
reddit,b256_fast,1,partial_zero,0.0357627868652,58,65.5398368835
reddit,b256_fast,1,csr_prefetch,13.9284133911,58,65.5398368835
reddit,b256_fast,1,feature_gather_decode,15.9244537354,58,65.5398368835
reddit,b256_fast,1,fp32_neighbor_reduction,12.9964351654,58,65.5398368835
reddit,b256_fast,1,partial_bf16_conversion,0.0400543212891,58,65.5398368835
reddit,b256_fast,1,tile_load,0.210762023926,58,65.5398368835
reddit,b256_fast,1,tile_compute,0.523328781128,58,65.5398368835
reddit,b256_fast,1,tile_store,0.0343322753906,58,65.5398368835
reddit,b256_fast,1,output_scatter,0.065803527832,58,65.5398368835
reddit,b256_fast,1,thread_amx_setup,0.0162124633789,58,65.5398368835
reddit,b256_fast,2,output_zero,0,58,62.7689361572
reddit,b256_fast,2,row_schedule,0.0262260437012,58,62.7689361572
reddit,b256_fast,2,partial_zero,0.0402927398682,58,62.7689361572
reddit,b256_fast,2,csr_prefetch,13.8912200928,58,62.7689361572
reddit,b256_fast,2,feature_gather_decode,15.9733295441,58,62.7689361572
reddit,b256_fast,2,fp32_neighbor_reduction,13.0910873413,58,62.7689361572
reddit,b256_fast,2,partial_bf16_conversion,0.0367164611816,58,62.7689361572
reddit,b256_fast,2,tile_load,0.207185745239,58,62.7689361572
reddit,b256_fast,2,tile_compute,0.506401062012,58,62.7689361572
reddit,b256_fast,2,tile_store,0.0259876251221,58,62.7689361572
reddit,b256_fast,2,output_scatter,0.00858306884766,58,62.7689361572
reddit,b256_fast,2,thread_amx_setup,0.0181198120117,58,62.7689361572
reddit,b256_accurate,1,output_zero,0,58,60.6100559235
reddit,b256_accurate,1,row_schedule,0.0195503234863,58,60.6100559235
reddit,b256_accurate,1,partial_zero,0.0395774841309,58,60.6100559235
reddit,b256_accurate,1,csr_prefetch,14.378786087,58,60.6100559235
reddit,b256_accurate,1,feature_gather_decode,16.4473056793,58,60.6100559235
reddit,b256_accurate,1,fp32_neighbor_reduction,13.2904052734,58,60.6100559235
reddit,b256_accurate,1,partial_bf16_conversion,0.0627040863037,58,60.6100559235
reddit,b256_accurate,1,tile_load,0.350475311279,58,60.6100559235
reddit,b256_accurate,1,tile_compute,0.613451004028,58,60.6100559235
reddit,b256_accurate,1,tile_store,0.0176429748535,58,60.6100559235
reddit,b256_accurate,1,output_scatter,0.063419342041,58,60.6100559235
reddit,b256_accurate,1,thread_amx_setup,0.0162124633789,58,60.6100559235
reddit,b256_accurate,2,output_zero,0,58,64.9650096893
reddit,b256_accurate,2,row_schedule,0.0226497650146,58,64.9650096893
reddit,b256_accurate,2,partial_zero,0.0312328338623,58,64.9650096893
reddit,b256_accurate,2,csr_prefetch,14.3790245056,58,64.9650096893
reddit,b256_accurate,2,feature_gather_decode,16.4725780487,58,64.9650096893
reddit,b256_accurate,2,fp32_neighbor_reduction,13.5760307312,58,64.9650096893
reddit,b256_accurate,2,partial_bf16_conversion,0.0648498535156,58,64.9650096893
reddit,b256_accurate,2,tile_load,0.32639503479,58,64.9650096893
reddit,b256_accurate,2,tile_compute,0.594615936279,58,64.9650096893
reddit,b256_accurate,2,tile_store,0.0245571136475,58,64.9650096893
reddit,b256_accurate,2,output_scatter,0.00596046447754,58,64.9650096893
reddit,b256_accurate,2,thread_amx_setup,0.0255107879639,58,64.9650096893
reddit,s64_m64_fast,1,output_zero,0,58,110.04781723
reddit,s64_m64_fast,1,row_schedule,0.0267028808594,58,110.04781723
reddit,s64_m64_fast,1,partial_zero,0.176191329956,58,110.04781723
reddit,s64_m64_fast,1,csr_prefetch,99.2226600647,58,110.04781723
reddit,s64_m64_fast,1,feature_gather_decode,71.7642307281,58,110.04781723
reddit,s64_m64_fast,1,fp32_neighbor_reduction,28.2440185547,58,110.04781723
reddit,s64_m64_fast,1,partial_bf16_conversion,5.85842132568,58,110.04781723
reddit,s64_m64_fast,1,tile_load,1.58786773682,58,110.04781723
reddit,s64_m64_fast,1,tile_compute,2.37083435059,58,110.04781723
reddit,s64_m64_fast,1,tile_store,0.124454498291,58,110.04781723
reddit,s64_m64_fast,1,output_scatter,0.0758171081543,58,110.04781723
reddit,s64_m64_fast,1,thread_amx_setup,0.0276565551758,58,110.04781723
reddit,s64_m64_fast,1,window_state_load,0,58,110.04781723
reddit,s64_m64_fast,1,window_state_store,0.496864318848,58,110.04781723
reddit,s64_m64_fast,2,output_zero,0,58,109.568119049
reddit,s64_m64_fast,2,row_schedule,0.0286102294922,58,109.568119049
reddit,s64_m64_fast,2,partial_zero,0.162839889526,58,109.568119049
reddit,s64_m64_fast,2,csr_prefetch,98.9284515381,58,109.568119049
reddit,s64_m64_fast,2,feature_gather_decode,71.6195106506,58,109.568119049
reddit,s64_m64_fast,2,fp32_neighbor_reduction,28.3741950989,58,109.568119049
reddit,s64_m64_fast,2,partial_bf16_conversion,5.82647323608,58,109.568119049
reddit,s64_m64_fast,2,tile_load,1.55520439148,58,109.568119049
reddit,s64_m64_fast,2,tile_compute,2.2497177124,58,109.568119049
reddit,s64_m64_fast,2,tile_store,0.102996826172,58,109.568119049
reddit,s64_m64_fast,2,output_scatter,0.118970870972,58,109.568119049
reddit,s64_m64_fast,2,thread_amx_setup,0.0391006469727,58,109.568119049
reddit,s64_m64_fast,2,window_state_load,0,58,109.568119049
reddit,s64_m64_fast,2,window_state_store,0.504016876221,58,109.568119049
reddit,s32_m64_fast,1,output_zero,0,58,109.955072403
reddit,s32_m64_fast,1,row_schedule,0.0331401824951,58,109.955072403
reddit,s32_m64_fast,1,partial_zero,0.158071517944,58,109.955072403
reddit,s32_m64_fast,1,csr_prefetch,98.6142158508,58,109.955072403
reddit,s32_m64_fast,1,feature_gather_decode,71.408033371,58,109.955072403
reddit,s32_m64_fast,1,fp32_neighbor_reduction,28.3110141754,58,109.955072403
reddit,s32_m64_fast,1,partial_bf16_conversion,5.84506988525,58,109.955072403
reddit,s32_m64_fast,1,tile_load,1.55925750732,58,109.955072403
reddit,s32_m64_fast,1,tile_compute,2.44402885437,58,109.955072403
reddit,s32_m64_fast,1,tile_store,0.139951705933,58,109.955072403
reddit,s32_m64_fast,1,output_scatter,0.0770092010498,58,109.955072403
reddit,s32_m64_fast,1,thread_amx_setup,0.0326633453369,58,109.955072403
reddit,s32_m64_fast,1,window_state_load,0.431299209595,58,109.955072403
reddit,s32_m64_fast,1,window_state_store,0.958681106567,58,109.955072403
reddit,s32_m64_fast,2,output_zero,0,58,107.927083969
reddit,s32_m64_fast,2,row_schedule,0.0302791595459,58,107.927083969
reddit,s32_m64_fast,2,partial_zero,0.164985656738,58,107.927083969
reddit,s32_m64_fast,2,csr_prefetch,97.9945659637,58,107.927083969
reddit,s32_m64_fast,2,feature_gather_decode,70.9564685822,58,107.927083969
reddit,s32_m64_fast,2,fp32_neighbor_reduction,27.932882309,58,107.927083969
reddit,s32_m64_fast,2,partial_bf16_conversion,5.80549240112,58,107.927083969
reddit,s32_m64_fast,2,tile_load,1.50418281555,58,107.927083969
reddit,s32_m64_fast,2,tile_compute,2.361536026,58,107.927083969
reddit,s32_m64_fast,2,tile_store,0.13256072998,58,107.927083969
reddit,s32_m64_fast,2,output_scatter,0.112771987915,58,107.927083969
reddit,s32_m64_fast,2,thread_amx_setup,0.0431537628174,58,107.927083969
reddit,s32_m64_fast,2,window_state_load,0.464200973511,58,107.927083969
reddit,s32_m64_fast,2,window_state_store,0.922441482544,58,107.927083969
reddit,s32_m256_fast,1,output_zero,0,58,103.099822998
reddit,s32_m256_fast,1,row_schedule,0.0364780426025,58,103.099822998
reddit,s32_m256_fast,1,partial_zero,0.0736713409424,58,103.099822998
reddit,s32_m256_fast,1,csr_prefetch,97.722530365,58,103.099822998
reddit,s32_m256_fast,1,feature_gather_decode,70.116519928,58,103.099822998
reddit,s32_m256_fast,1,fp32_neighbor_reduction,27.9324054718,58,103.099822998
reddit,s32_m256_fast,1,partial_bf16_conversion,1.59096717834,58,103.099822998
reddit,s32_m256_fast,1,tile_load,0.463724136353,58,103.099822998
reddit,s32_m256_fast,1,tile_compute,0.848770141602,58,103.099822998
reddit,s32_m256_fast,1,tile_store,0.0343322753906,58,103.099822998
reddit,s32_m256_fast,1,output_scatter,0.0734329223633,58,103.099822998
reddit,s32_m256_fast,1,thread_amx_setup,0.0324249267578,58,103.099822998
reddit,s32_m256_fast,1,window_state_load,0.77748298645,58,103.099822998
reddit,s32_m256_fast,1,window_state_store,0.923871994019,58,103.099822998
reddit,s32_m256_fast,2,output_zero,0,58,96.8189239502
reddit,s32_m256_fast,2,row_schedule,0.0271797180176,58,96.8189239502
reddit,s32_m256_fast,2,partial_zero,0.0588893890381,58,96.8189239502
reddit,s32_m256_fast,2,csr_prefetch,97.7413654327,58,96.8189239502
reddit,s32_m256_fast,2,feature_gather_decode,69.9822902679,58,96.8189239502
reddit,s32_m256_fast,2,fp32_neighbor_reduction,27.8310775757,58,96.8189239502
reddit,s32_m256_fast,2,partial_bf16_conversion,1.61170959473,58,96.8189239502
reddit,s32_m256_fast,2,tile_load,0.462770462036,58,96.8189239502
reddit,s32_m256_fast,2,tile_compute,0.92601776123,58,96.8189239502
reddit,s32_m256_fast,2,tile_store,0.0336170196533,58,96.8189239502
reddit,s32_m256_fast,2,output_scatter,0.116109848022,58,96.8189239502
reddit,s32_m256_fast,2,thread_amx_setup,0.0405311584473,58,96.8189239502
reddit,s32_m256_fast,2,window_state_load,0.781774520874,58,96.8189239502
reddit,s32_m256_fast,2,window_state_store,1.00040435791,58,96.8189239502
reddit,s64_m256_fast,1,output_zero,0,58,96.647977829
reddit,s64_m256_fast,1,row_schedule,0.0357627868652,58,96.647977829
reddit,s64_m256_fast,1,partial_zero,0.0684261322021,58,96.647977829
reddit,s64_m256_fast,1,csr_prefetch,98.0167388916,58,96.647977829
reddit,s64_m256_fast,1,feature_gather_decode,70.451259613,58,96.647977829
reddit,s64_m256_fast,1,fp32_neighbor_reduction,27.7414321899,58,96.647977829
reddit,s64_m256_fast,1,partial_bf16_conversion,1.61910057068,58,96.647977829
reddit,s64_m256_fast,1,tile_load,0.463724136353,58,96.647977829
reddit,s64_m256_fast,1,tile_compute,0.900268554688,58,96.647977829
reddit,s64_m256_fast,1,tile_store,0.0400543212891,58,96.647977829
reddit,s64_m256_fast,1,output_scatter,0.0753402709961,58,96.647977829
reddit,s64_m256_fast,1,thread_amx_setup,0.025749206543,58,96.647977829
reddit,s64_m256_fast,1,window_state_load,0.360012054443,58,96.647977829
reddit,s64_m256_fast,1,window_state_store,0.476121902466,58,96.647977829
reddit,s64_m256_fast,2,output_zero,0,58,100.15296936
reddit,s64_m256_fast,2,row_schedule,0.0326633453369,58,100.15296936
reddit,s64_m256_fast,2,partial_zero,0.0481605529785,58,100.15296936
reddit,s64_m256_fast,2,csr_prefetch,97.7711677551,58,100.15296936
reddit,s64_m256_fast,2,feature_gather_decode,69.881439209,58,100.15296936
reddit,s64_m256_fast,2,fp32_neighbor_reduction,28.0182361603,58,100.15296936
reddit,s64_m256_fast,2,partial_bf16_conversion,1.62243843079,58,100.15296936
reddit,s64_m256_fast,2,tile_load,0.452041625977,58,100.15296936
reddit,s64_m256_fast,2,tile_compute,0.907421112061,58,100.15296936
reddit,s64_m256_fast,2,tile_store,0.0436305999756,58,100.15296936
reddit,s64_m256_fast,2,output_scatter,0.113725662231,58,100.15296936
reddit,s64_m256_fast,2,thread_amx_setup,0.0391006469727,58,100.15296936
reddit,s64_m256_fast,2,window_state_load,0.339508056641,58,100.15296936
reddit,s64_m256_fast,2,window_state_store,0.493764877319,58,100.15296936
reddit,s32_mfull_fast,1,output_zero,0,58,101.646900177
reddit,s32_mfull_fast,1,row_schedule,0.0374317169189,58,101.646900177
reddit,s32_mfull_fast,1,partial_zero,0.0221729278564,58,101.646900177
reddit,s32_mfull_fast,1,csr_prefetch,97.9745388031,58,101.646900177
reddit,s32_mfull_fast,1,feature_gather_decode,70.374250412,58,101.646900177
reddit,s32_mfull_fast,1,fp32_neighbor_reduction,27.6923179626,58,101.646900177
reddit,s32_mfull_fast,1,partial_bf16_conversion,0.437259674072,58,101.646900177
reddit,s32_mfull_fast,1,tile_load,0.144243240356,58,101.646900177
reddit,s32_mfull_fast,1,tile_compute,0.21767616272,58,101.646900177
reddit,s32_mfull_fast,1,tile_store,0.0102519989014,58,101.646900177
reddit,s32_mfull_fast,1,output_scatter,0.0786781311035,58,101.646900177
reddit,s32_mfull_fast,1,thread_amx_setup,0.0286102294922,58,101.646900177
reddit,s32_mfull_fast,1,window_state_load,0.905275344849,58,101.646900177
reddit,s32_mfull_fast,1,window_state_store,0.943660736084,58,101.646900177
reddit,s32_mfull_fast,2,output_zero,0,58,98.7010002136
reddit,s32_mfull_fast,2,row_schedule,0.0317096710205,58,98.7010002136
reddit,s32_mfull_fast,2,partial_zero,0.0283718109131,58,98.7010002136
reddit,s32_mfull_fast,2,csr_prefetch,97.2764492035,58,98.7010002136
reddit,s32_mfull_fast,2,feature_gather_decode,69.461107254,58,98.7010002136
reddit,s32_mfull_fast,2,fp32_neighbor_reduction,27.7020931244,58,98.7010002136
reddit,s32_mfull_fast,2,partial_bf16_conversion,0.431299209595,58,98.7010002136
reddit,s32_mfull_fast,2,tile_load,0.127792358398,58,98.7010002136
reddit,s32_mfull_fast,2,tile_compute,0.235080718994,58,98.7010002136
reddit,s32_mfull_fast,2,tile_store,0.0100135803223,58,98.7010002136
reddit,s32_mfull_fast,2,output_scatter,0.115394592285,58,98.7010002136
reddit,s32_mfull_fast,2,thread_amx_setup,0.0295639038086,58,98.7010002136
reddit,s32_mfull_fast,2,window_state_load,0.886201858521,58,98.7010002136
reddit,s32_mfull_fast,2,window_state_store,0.946521759033,58,98.7010002136
reddit,s64_mfull_fast,1,output_zero,0,58,98.4270572662
reddit,s64_mfull_fast,1,row_schedule,0.0243186950684,58,98.4270572662
reddit,s64_mfull_fast,1,partial_zero,0.0569820404053,58,98.4270572662
reddit,s64_mfull_fast,1,csr_prefetch,98.0784893036,58,98.4270572662
reddit,s64_mfull_fast,1,feature_gather_decode,70.4090595245,58,98.4270572662
reddit,s64_mfull_fast,1,fp32_neighbor_reduction,27.9240608215,58,98.4270572662
reddit,s64_mfull_fast,1,partial_bf16_conversion,0.445127487183,58,98.4270572662
reddit,s64_mfull_fast,1,tile_load,0.134944915771,58,98.4270572662
reddit,s64_mfull_fast,1,tile_compute,0.221967697144,58,98.4270572662
reddit,s64_mfull_fast,1,tile_store,0.00572204589844,58,98.4270572662
reddit,s64_mfull_fast,1,output_scatter,0.0755786895752,58,98.4270572662
reddit,s64_mfull_fast,1,thread_amx_setup,0.0314712524414,58,98.4270572662
reddit,s64_mfull_fast,1,window_state_load,0.424146652222,58,98.4270572662
reddit,s64_mfull_fast,1,window_state_store,0.508546829224,58,98.4270572662
reddit,s64_mfull_fast,2,output_zero,0.000953674316406,58,90.0530815125
reddit,s64_mfull_fast,2,row_schedule,0.0259876251221,58,90.0530815125
reddit,s64_mfull_fast,2,partial_zero,0.0340938568115,58,90.0530815125
reddit,s64_mfull_fast,2,csr_prefetch,97.6049900055,58,90.0530815125
reddit,s64_mfull_fast,2,feature_gather_decode,70.0967311859,58,90.0530815125
reddit,s64_mfull_fast,2,fp32_neighbor_reduction,27.5087356567,58,90.0530815125
reddit,s64_mfull_fast,2,partial_bf16_conversion,0.428199768066,58,90.0530815125
reddit,s64_mfull_fast,2,tile_load,0.111818313599,58,90.0530815125
reddit,s64_mfull_fast,2,tile_compute,0.23365020752,58,90.0530815125
reddit,s64_mfull_fast,2,tile_store,0.0159740447998,58,90.0530815125
reddit,s64_mfull_fast,2,output_scatter,0.110149383545,58,90.0530815125
reddit,s64_mfull_fast,2,thread_amx_setup,0.0410079956055,58,90.0530815125
reddit,s64_mfull_fast,2,window_state_load,0.430107116699,58,90.0530815125
reddit,s64_mfull_fast,2,window_state_store,0.472068786621,58,90.0530815125
reddit,s128_mfull_fast,1,output_zero,0,58,99.7250080109
reddit,s128_mfull_fast,1,row_schedule,0.0278949737549,58,99.7250080109
reddit,s128_mfull_fast,1,partial_zero,0.0309944152832,58,99.7250080109
reddit,s128_mfull_fast,1,csr_prefetch,97.7590084076,58,99.7250080109
reddit,s128_mfull_fast,1,feature_gather_decode,70.1725482941,58,99.7250080109
reddit,s128_mfull_fast,1,fp32_neighbor_reduction,28.5499095917,58,99.7250080109
reddit,s128_mfull_fast,1,partial_bf16_conversion,0.440359115601,58,99.7250080109
reddit,s128_mfull_fast,1,tile_load,0.131607055664,58,99.7250080109
reddit,s128_mfull_fast,1,tile_compute,0.216484069824,58,99.7250080109
reddit,s128_mfull_fast,1,tile_store,0.00882148742676,58,99.7250080109
reddit,s128_mfull_fast,1,output_scatter,0.0889301300049,58,99.7250080109
reddit,s128_mfull_fast,1,thread_amx_setup,0.0293254852295,58,99.7250080109
reddit,s128_mfull_fast,1,window_state_load,0.197887420654,58,99.7250080109
reddit,s128_mfull_fast,1,window_state_store,0.232458114624,58,99.7250080109
reddit,s128_mfull_fast,2,output_zero,0,58,96.8790054321
reddit,s128_mfull_fast,2,row_schedule,0.0319480895996,58,96.8790054321
reddit,s128_mfull_fast,2,partial_zero,0.0236034393311,58,96.8790054321
reddit,s128_mfull_fast,2,csr_prefetch,97.6066589355,58,96.8790054321
reddit,s128_mfull_fast,2,feature_gather_decode,69.7741508484,58,96.8790054321
reddit,s128_mfull_fast,2,fp32_neighbor_reduction,28.392791748,58,96.8790054321
reddit,s128_mfull_fast,2,partial_bf16_conversion,0.433444976807,58,96.8790054321
reddit,s128_mfull_fast,2,tile_load,0.141143798828,58,96.8790054321
reddit,s128_mfull_fast,2,tile_compute,0.239610671997,58,96.8790054321
reddit,s128_mfull_fast,2,tile_store,0.00810623168945,58,96.8790054321
reddit,s128_mfull_fast,2,output_scatter,0.114440917969,58,96.8790054321
reddit,s128_mfull_fast,2,thread_amx_setup,0.0381469726562,58,96.8790054321
reddit,s128_mfull_fast,2,window_state_load,0.221490859985,58,96.8790054321
reddit,s128_mfull_fast,2,window_state_store,0.237941741943,58,96.8790054321
reddit,s64_mfull_accurate,1,output_zero,0,58,98.8481044769
reddit,s64_mfull_accurate,1,row_schedule,0.0348091125488,58,98.8481044769
reddit,s64_mfull_accurate,1,partial_zero,0.0243186950684,58,98.8481044769
reddit,s64_mfull_accurate,1,csr_prefetch,98.1366634369,58,98.8481044769
reddit,s64_mfull_accurate,1,feature_gather_decode,70.2576637268,58,98.8481044769
reddit,s64_mfull_accurate,1,fp32_neighbor_reduction,28.1186103821,58,98.8481044769
reddit,s64_mfull_accurate,1,partial_bf16_conversion,1.31297111511,58,98.8481044769
reddit,s64_mfull_accurate,1,tile_load,0.224590301514,58,98.8481044769
reddit,s64_mfull_accurate,1,tile_compute,0.231266021729,58,98.8481044769
reddit,s64_mfull_accurate,1,tile_store,0.0150203704834,58,98.8481044769
reddit,s64_mfull_accurate,1,output_scatter,0.0886917114258,58,98.8481044769
reddit,s64_mfull_accurate,1,thread_amx_setup,0.030517578125,58,98.8481044769
reddit,s64_mfull_accurate,1,window_state_load,0.440359115601,58,98.8481044769
reddit,s64_mfull_accurate,1,window_state_store,0.474452972412,58,98.8481044769
reddit,s64_mfull_accurate,2,output_zero,0.000953674316406,58,98.2780456543
reddit,s64_mfull_accurate,2,row_schedule,0.0336170196533,58,98.2780456543
reddit,s64_mfull_accurate,2,partial_zero,0.0181198120117,58,98.2780456543
reddit,s64_mfull_accurate,2,csr_prefetch,98.1040000916,58,98.2780456543
reddit,s64_mfull_accurate,2,feature_gather_decode,70.3039169312,58,98.2780456543
reddit,s64_mfull_accurate,2,fp32_neighbor_reduction,27.7967453003,58,98.2780456543
reddit,s64_mfull_accurate,2,partial_bf16_conversion,1.26791000366,58,98.2780456543
reddit,s64_mfull_accurate,2,tile_load,0.240802764893,58,98.2780456543
reddit,s64_mfull_accurate,2,tile_compute,0.227212905884,58,98.2780456543
reddit,s64_mfull_accurate,2,tile_store,0.00762939453125,58,98.2780456543
reddit,s64_mfull_accurate,2,output_scatter,0.115394592285,58,98.2780456543
reddit,s64_mfull_accurate,2,thread_amx_setup,0.0488758087158,58,98.2780456543
reddit,s64_mfull_accurate,2,window_state_load,0.450611114502,58,98.2780456543
reddit,s64_mfull_accurate,2,window_state_store,0.455141067505,58,98.2780456543
reddit,s64_mfull_rowwise_fast,1,output_zero,0,58,99.3640422821
reddit,s64_mfull_rowwise_fast,1,row_schedule,0.0286102294922,58,99.3640422821
reddit,s64_mfull_rowwise_fast,1,partial_zero,0.0226497650146,58,99.3640422821
reddit,s64_mfull_rowwise_fast,1,csr_prefetch,98.6158847809,58,99.3640422821
reddit,s64_mfull_rowwise_fast,1,feature_gather_decode,70.9438323975,58,99.3640422821
reddit,s64_mfull_rowwise_fast,1,fp32_neighbor_reduction,28.1357765198,58,99.3640422821
reddit,s64_mfull_rowwise_fast,1,partial_bf16_conversion,0.452756881714,58,99.3640422821
reddit,s64_mfull_rowwise_fast,1,tile_load,0.133037567139,58,99.3640422821
reddit,s64_mfull_rowwise_fast,1,tile_compute,0.228881835938,58,99.3640422821
reddit,s64_mfull_rowwise_fast,1,tile_store,0.00715255737305,58,99.3640422821
reddit,s64_mfull_rowwise_fast,1,output_scatter,0.079870223999,58,99.3640422821
reddit,s64_mfull_rowwise_fast,1,thread_amx_setup,0.0286102294922,58,99.3640422821
reddit,s64_mfull_rowwise_fast,1,window_state_load,0.466108322144,58,99.3640422821
reddit,s64_mfull_rowwise_fast,1,window_state_store,0.456094741821,58,99.3640422821
reddit,s64_mfull_rowwise_fast,2,output_zero,0,58,96.9760417938
reddit,s64_mfull_rowwise_fast,2,row_schedule,0.170230865479,58,96.9760417938
reddit,s64_mfull_rowwise_fast,2,partial_zero,0.0290870666504,58,96.9760417938
reddit,s64_mfull_rowwise_fast,2,csr_prefetch,99.5125770569,58,96.9760417938
reddit,s64_mfull_rowwise_fast,2,feature_gather_decode,71.1760520935,58,96.9760417938
reddit,s64_mfull_rowwise_fast,2,fp32_neighbor_reduction,28.3453464508,58,96.9760417938
reddit,s64_mfull_rowwise_fast,2,partial_bf16_conversion,0.448226928711,58,96.9760417938
reddit,s64_mfull_rowwise_fast,2,tile_load,0.144720077515,58,96.9760417938
reddit,s64_mfull_rowwise_fast,2,tile_compute,0.221490859985,58,96.9760417938
reddit,s64_mfull_rowwise_fast,2,tile_store,0.0123977661133,58,96.9760417938
reddit,s64_mfull_rowwise_fast,2,output_scatter,0.114440917969,58,96.9760417938
reddit,s64_mfull_rowwise_fast,2,thread_amx_setup,0.0269412994385,58,96.9760417938
reddit,s64_mfull_rowwise_fast,2,window_state_load,0.44059753418,58,96.9760417938
reddit,s64_mfull_rowwise_fast,2,window_state_store,0.465154647827,58,96.9760417938
mycielskian19,b64_fast,1,output_zero,0,97,1043.38383675
mycielskian19,b64_fast,1,row_schedule,0.0550746917725,97,1043.38383675
mycielskian19,b64_fast,1,partial_zero,1.05762481689,97,1043.38383675
mycielskian19,b64_fast,1,csr_prefetch,173.400402069,97,1043.38383675
mycielskian19,b64_fast,1,feature_gather_decode,211.164474487,97,1043.38383675
mycielskian19,b64_fast,1,fp32_neighbor_reduction,167.694568634,97,1043.38383675
mycielskian19,b64_fast,1,partial_bf16_conversion,0.924587249756,97,1043.38383675
mycielskian19,b64_fast,1,tile_load,8.76331329346,97,1043.38383675
mycielskian19,b64_fast,1,tile_compute,9.32836532593,97,1043.38383675
mycielskian19,b64_fast,1,tile_store,0.619411468506,97,1043.38383675
mycielskian19,b64_fast,1,output_scatter,0.144720077515,97,1043.38383675
mycielskian19,b64_fast,1,thread_amx_setup,0.0176429748535,97,1043.38383675
mycielskian19,b64_fast,2,output_zero,0,97,1035.53199768
mycielskian19,b64_fast,2,row_schedule,0.0572204589844,97,1035.53199768
mycielskian19,b64_fast,2,partial_zero,1.10650062561,97,1035.53199768
mycielskian19,b64_fast,2,csr_prefetch,171.998023987,97,1035.53199768
mycielskian19,b64_fast,2,feature_gather_decode,208.189249039,97,1035.53199768
mycielskian19,b64_fast,2,fp32_neighbor_reduction,166.37134552,97,1035.53199768
mycielskian19,b64_fast,2,partial_bf16_conversion,0.895977020264,97,1035.53199768
mycielskian19,b64_fast,2,tile_load,8.15176963806,97,1035.53199768
mycielskian19,b64_fast,2,tile_compute,8.70418548584,97,1035.53199768
mycielskian19,b64_fast,2,tile_store,0.638723373413,97,1035.53199768
mycielskian19,b64_fast,2,output_scatter,0.0228881835938,97,1035.53199768
mycielskian19,b64_fast,2,thread_amx_setup,0.0288486480713,97,1035.53199768
mycielskian19,b64_accurate,1,output_zero,0,97,1066.38622284
mycielskian19,b64_accurate,1,row_schedule,0.0519752502441,97,1066.38622284
mycielskian19,b64_accurate,1,partial_zero,1.07765197754,97,1066.38622284
mycielskian19,b64_accurate,1,csr_prefetch,172.687530518,97,1066.38622284
mycielskian19,b64_accurate,1,feature_gather_decode,208.454847336,97,1066.38622284
mycielskian19,b64_accurate,1,fp32_neighbor_reduction,167.069196701,97,1066.38622284
mycielskian19,b64_accurate,1,partial_bf16_conversion,1.56474113464,97,1066.38622284
mycielskian19,b64_accurate,1,tile_load,12.07447052,97,1066.38622284
mycielskian19,b64_accurate,1,tile_compute,11.575460434,97,1066.38622284
mycielskian19,b64_accurate,1,tile_store,0.544786453247,97,1066.38622284
mycielskian19,b64_accurate,1,output_scatter,0.119209289551,97,1066.38622284
mycielskian19,b64_accurate,1,thread_amx_setup,0.0123977661133,97,1066.38622284
mycielskian19,b64_accurate,2,output_zero,0,97,1049.31998253
mycielskian19,b64_accurate,2,row_schedule,0.0510215759277,97,1049.31998253
mycielskian19,b64_accurate,2,partial_zero,1.04570388794,97,1049.31998253
mycielskian19,b64_accurate,2,csr_prefetch,172.503471375,97,1049.31998253
mycielskian19,b64_accurate,2,feature_gather_decode,208.155632019,97,1049.31998253
mycielskian19,b64_accurate,2,fp32_neighbor_reduction,166.890144348,97,1049.31998253
mycielskian19,b64_accurate,2,partial_bf16_conversion,1.55544281006,97,1049.31998253
mycielskian19,b64_accurate,2,tile_load,11.4598274231,97,1049.31998253
mycielskian19,b64_accurate,2,tile_compute,11.3887786865,97,1049.31998253
mycielskian19,b64_accurate,2,tile_store,0.50163269043,97,1049.31998253
mycielskian19,b64_accurate,2,output_scatter,0.0154972076416,97,1049.31998253
mycielskian19,b64_accurate,2,thread_amx_setup,0.0231266021729,97,1049.31998253
mycielskian19,bfull_fast,1,output_zero,0,97,1532.00697899
mycielskian19,bfull_fast,1,row_schedule,0.0574588775635,97,1532.00697899
mycielskian19,bfull_fast,1,partial_zero,0.0407695770264,97,1532.00697899
mycielskian19,bfull_fast,1,csr_prefetch,164.184093475,97,1532.00697899
mycielskian19,bfull_fast,1,feature_gather_decode,263.443231583,97,1532.00697899
mycielskian19,bfull_fast,1,fp32_neighbor_reduction,154.646158218,97,1532.00697899
mycielskian19,bfull_fast,1,partial_bf16_conversion,0.0669956207275,97,1532.00697899
mycielskian19,bfull_fast,1,tile_load,0.484704971313,97,1532.00697899
mycielskian19,bfull_fast,1,tile_compute,0.650644302368,97,1532.00697899
mycielskian19,bfull_fast,1,tile_store,0.00953674316406,97,1532.00697899
mycielskian19,bfull_fast,1,output_scatter,0.202655792236,97,1532.00697899
mycielskian19,bfull_fast,1,thread_amx_setup,0.0209808349609,97,1532.00697899
mycielskian19,bfull_fast,2,output_zero,0,97,1596.7669487
mycielskian19,bfull_fast,2,row_schedule,0.0679492950439,97,1596.7669487
mycielskian19,bfull_fast,2,partial_zero,0.0579357147217,97,1596.7669487
mycielskian19,bfull_fast,2,csr_prefetch,163.669347763,97,1596.7669487
mycielskian19,bfull_fast,2,feature_gather_decode,273.288249969,97,1596.7669487
mycielskian19,bfull_fast,2,fp32_neighbor_reduction,155.193567276,97,1596.7669487
mycielskian19,bfull_fast,2,partial_bf16_conversion,0.0953674316406,97,1596.7669487
mycielskian19,bfull_fast,2,tile_load,0.498294830322,97,1596.7669487
mycielskian19,bfull_fast,2,tile_compute,0.616550445557,97,1596.7669487
mycielskian19,bfull_fast,2,tile_store,0.0157356262207,97,1596.7669487
mycielskian19,bfull_fast,2,output_scatter,0.0920295715332,97,1596.7669487
mycielskian19,bfull_fast,2,thread_amx_setup,0.0200271606445,97,1596.7669487
mycielskian19,bfull_accurate,1,output_zero,0,97,1705.81912994
mycielskian19,bfull_accurate,1,row_schedule,0.0741481781006,97,1705.81912994
mycielskian19,bfull_accurate,1,partial_zero,0.035285949707,97,1705.81912994
mycielskian19,bfull_accurate,1,csr_prefetch,163.538217545,97,1705.81912994
mycielskian19,bfull_accurate,1,feature_gather_decode,289.115667343,97,1705.81912994
mycielskian19,bfull_accurate,1,fp32_neighbor_reduction,154.362440109,97,1705.81912994
mycielskian19,bfull_accurate,1,partial_bf16_conversion,0.116109848022,97,1705.81912994
mycielskian19,bfull_accurate,1,tile_load,0.598907470703,97,1705.81912994
mycielskian19,bfull_accurate,1,tile_compute,0.724315643311,97,1705.81912994
mycielskian19,bfull_accurate,1,tile_store,0.00905990600586,97,1705.81912994
mycielskian19,bfull_accurate,1,output_scatter,0.203132629395,97,1705.81912994
mycielskian19,bfull_accurate,1,thread_amx_setup,0.0190734863281,97,1705.81912994
mycielskian19,bfull_accurate,2,output_zero,0,97,1707.54909515
mycielskian19,bfull_accurate,2,row_schedule,0.0672340393066,97,1707.54909515
mycielskian19,bfull_accurate,2,partial_zero,0.0576972961426,97,1707.54909515
mycielskian19,bfull_accurate,2,csr_prefetch,163.102149963,97,1707.54909515
mycielskian19,bfull_accurate,2,feature_gather_decode,260.885477066,97,1707.54909515
mycielskian19,bfull_accurate,2,fp32_neighbor_reduction,154.97803688,97,1707.54909515
mycielskian19,bfull_accurate,2,partial_bf16_conversion,0.0746250152588,97,1707.54909515
mycielskian19,bfull_accurate,2,tile_load,0.533580780029,97,1707.54909515
mycielskian19,bfull_accurate,2,tile_compute,0.733613967896,97,1707.54909515
mycielskian19,bfull_accurate,2,tile_store,0.0145435333252,97,1707.54909515
mycielskian19,bfull_accurate,2,output_scatter,0.1060962677,97,1707.54909515
mycielskian19,bfull_accurate,2,thread_amx_setup,0.0252723693848,97,1707.54909515
mycielskian19,b256_fast,1,output_zero,0,97,982.527971268
mycielskian19,b256_fast,1,row_schedule,0.03981590271,97,982.527971268
mycielskian19,b256_fast,1,partial_zero,0.315427780151,97,982.527971268
mycielskian19,b256_fast,1,csr_prefetch,166.785240173,97,982.527971268
mycielskian19,b256_fast,1,feature_gather_decode,205.380916595,97,982.527971268
mycielskian19,b256_fast,1,fp32_neighbor_reduction,159.000635147,97,982.527971268
mycielskian19,b256_fast,1,partial_bf16_conversion,0.277280807495,97,982.527971268
mycielskian19,b256_fast,1,tile_load,2.82788276672,97,982.527971268
mycielskian19,b256_fast,1,tile_compute,4.34112548828,97,982.527971268
mycielskian19,b256_fast,1,tile_store,0.172138214111,97,982.527971268
mycielskian19,b256_fast,1,output_scatter,0.12993812561,97,982.527971268
mycielskian19,b256_fast,1,thread_amx_setup,0.0193119049072,97,982.527971268
mycielskian19,b256_fast,2,output_zero,0,97,981.269836426
mycielskian19,b256_fast,2,row_schedule,0.042200088501,97,981.269836426
mycielskian19,b256_fast,2,partial_zero,0.314474105835,97,981.269836426
mycielskian19,b256_fast,2,csr_prefetch,166.039228439,97,981.269836426
mycielskian19,b256_fast,2,feature_gather_decode,204.857826233,97,981.269836426
mycielskian19,b256_fast,2,fp32_neighbor_reduction,158.453702927,97,981.269836426
mycielskian19,b256_fast,2,partial_bf16_conversion,0.236034393311,97,981.269836426
mycielskian19,b256_fast,2,tile_load,2.85077095032,97,981.269836426
mycielskian19,b256_fast,2,tile_compute,4.43339347839,97,981.269836426
mycielskian19,b256_fast,2,tile_store,0.138998031616,97,981.269836426
mycielskian19,b256_fast,2,output_scatter,0.0219345092773,97,981.269836426
mycielskian19,b256_fast,2,thread_amx_setup,0.0216960906982,97,981.269836426
mycielskian19,b256_accurate,1,output_zero,0,97,966.260910034
mycielskian19,b256_accurate,1,row_schedule,0.044584274292,97,966.260910034
mycielskian19,b256_accurate,1,partial_zero,0.291585922241,97,966.260910034
mycielskian19,b256_accurate,1,csr_prefetch,165.096521378,97,966.260910034
mycielskian19,b256_accurate,1,feature_gather_decode,201.637744904,97,966.260910034
mycielskian19,b256_accurate,1,fp32_neighbor_reduction,157.53698349,97,966.260910034
mycielskian19,b256_accurate,1,partial_bf16_conversion,0.438213348389,97,966.260910034
mycielskian19,b256_accurate,1,tile_load,3.64327430725,97,966.260910034
mycielskian19,b256_accurate,1,tile_compute,5.09810447693,97,966.260910034
mycielskian19,b256_accurate,1,tile_store,0.146150588989,97,966.260910034
mycielskian19,b256_accurate,1,output_scatter,0.131130218506,97,966.260910034
mycielskian19,b256_accurate,1,thread_amx_setup,0.0162124633789,97,966.260910034
mycielskian19,b256_accurate,2,output_zero,0,97,963.15407753
mycielskian19,b256_accurate,2,row_schedule,0.0405311584473,97,963.15407753
mycielskian19,b256_accurate,2,partial_zero,0.290393829346,97,963.15407753
mycielskian19,b256_accurate,2,csr_prefetch,164.72530365,97,963.15407753
mycielskian19,b256_accurate,2,feature_gather_decode,200.822114944,97,963.15407753
mycielskian19,b256_accurate,2,fp32_neighbor_reduction,157.087802887,97,963.15407753
mycielskian19,b256_accurate,2,partial_bf16_conversion,0.421285629272,97,963.15407753
mycielskian19,b256_accurate,2,tile_load,3.69000434875,97,963.15407753
mycielskian19,b256_accurate,2,tile_compute,4.99534606934,97,963.15407753
mycielskian19,b256_accurate,2,tile_store,0.153303146362,97,963.15407753
mycielskian19,b256_accurate,2,output_scatter,0.030517578125,97,963.15407753
mycielskian19,b256_accurate,2,thread_amx_setup,0.0195503234863,97,963.15407753
mycielskian19,s64_m64_fast,1,output_zero,0,97,1972.23901749
mycielskian19,s64_m64_fast,1,row_schedule,0.0655651092529,97,1972.23901749
mycielskian19,s64_m64_fast,1,partial_zero,1.32036209106,97,1972.23901749
mycielskian19,s64_m64_fast,1,csr_prefetch,1173.77591133,97,1972.23901749
mycielskian19,s64_m64_fast,1,feature_gather_decode,845.141410828,97,1972.23901749
mycielskian19,s64_m64_fast,1,fp32_neighbor_reduction,336.067199707,97,1972.23901749
mycielskian19,s64_m64_fast,1,partial_bf16_conversion,45.9518432617,97,1972.23901749
mycielskian19,s64_m64_fast,1,tile_load,15.6991481781,97,1972.23901749
mycielskian19,s64_m64_fast,1,tile_compute,27.5263786316,97,1972.23901749
mycielskian19,s64_m64_fast,1,tile_store,1.05309486389,97,1972.23901749
mycielskian19,s64_m64_fast,1,output_scatter,0.133037567139,97,1972.23901749
mycielskian19,s64_m64_fast,1,thread_amx_setup,0.0379085540771,97,1972.23901749
mycielskian19,s64_m64_fast,1,window_state_load,0,97,1972.23901749
mycielskian19,s64_m64_fast,1,window_state_store,5.73468208313,97,1972.23901749
mycielskian19,s64_m64_fast,2,output_zero,0,97,1943.5479641
mycielskian19,s64_m64_fast,2,row_schedule,0.0572204589844,97,1943.5479641
mycielskian19,s64_m64_fast,2,partial_zero,1.2309551239,97,1943.5479641
mycielskian19,s64_m64_fast,2,csr_prefetch,1138.22054863,97,1943.5479641
mycielskian19,s64_m64_fast,2,feature_gather_decode,820.958375931,97,1943.5479641
mycielskian19,s64_m64_fast,2,fp32_neighbor_reduction,326.087474823,97,1943.5479641
mycielskian19,s64_m64_fast,2,partial_bf16_conversion,44.900894165,97,1943.5479641
mycielskian19,s64_m64_fast,2,tile_load,15.1915550232,97,1943.5479641
mycielskian19,s64_m64_fast,2,tile_compute,27.827501297,97,1943.5479641
mycielskian19,s64_m64_fast,2,tile_store,1.04689598083,97,1943.5479641
mycielskian19,s64_m64_fast,2,output_scatter,0.200033187866,97,1943.5479641
mycielskian19,s64_m64_fast,2,thread_amx_setup,0.0374317169189,97,1943.5479641
mycielskian19,s64_m64_fast,2,window_state_load,0,97,1943.5479641
mycielskian19,s64_m64_fast,2,window_state_store,5.42092323303,97,1943.5479641
mycielskian19,s32_m64_fast,1,output_zero,0,97,1967.06700325
mycielskian19,s32_m64_fast,1,row_schedule,0.0598430633545,97,1967.06700325
mycielskian19,s32_m64_fast,1,partial_zero,1.32751464844,97,1967.06700325
mycielskian19,s32_m64_fast,1,csr_prefetch,1190.02246857,97,1967.06700325
mycielskian19,s32_m64_fast,1,feature_gather_decode,859.476327896,97,1967.06700325
mycielskian19,s32_m64_fast,1,fp32_neighbor_reduction,341.403007507,97,1967.06700325
mycielskian19,s32_m64_fast,1,partial_bf16_conversion,46.5924739838,97,1967.06700325
mycielskian19,s32_m64_fast,1,tile_load,15.9046649933,97,1967.06700325
mycielskian19,s32_m64_fast,1,tile_compute,27.1058082581,97,1967.06700325
mycielskian19,s32_m64_fast,1,tile_store,1.06501579285,97,1967.06700325
mycielskian19,s32_m64_fast,1,output_scatter,0.129222869873,97,1967.06700325
mycielskian19,s32_m64_fast,1,thread_amx_setup,0.0343322753906,97,1967.06700325
mycielskian19,s32_m64_fast,1,window_state_load,5.59234619141,97,1967.06700325
mycielskian19,s32_m64_fast,1,window_state_store,11.4204883575,97,1967.06700325
mycielskian19,s32_m64_fast,2,output_zero,0,97,1955.72900772
mycielskian19,s32_m64_fast,2,row_schedule,0.0588893890381,97,1955.72900772
mycielskian19,s32_m64_fast,2,partial_zero,1.28245353699,97,1955.72900772
mycielskian19,s32_m64_fast,2,csr_prefetch,1135.39457321,97,1955.72900772
mycielskian19,s32_m64_fast,2,feature_gather_decode,819.187879562,97,1955.72900772
mycielskian19,s32_m64_fast,2,fp32_neighbor_reduction,325.729846954,97,1955.72900772
mycielskian19,s32_m64_fast,2,partial_bf16_conversion,44.7821617126,97,1955.72900772
mycielskian19,s32_m64_fast,2,tile_load,14.9586200714,97,1955.72900772
mycielskian19,s32_m64_fast,2,tile_compute,27.7178287506,97,1955.72900772
mycielskian19,s32_m64_fast,2,tile_store,1.03068351746,97,1955.72900772
mycielskian19,s32_m64_fast,2,output_scatter,0.208377838135,97,1955.72900772
mycielskian19,s32_m64_fast,2,thread_amx_setup,0.0312328338623,97,1955.72900772
mycielskian19,s32_m64_fast,2,window_state_load,5.33318519592,97,1955.72900772
mycielskian19,s32_m64_fast,2,window_state_store,10.899066925,97,1955.72900772
mycielskian19,s32_m256_fast,1,output_zero,0,97,1921.03409767
mycielskian19,s32_m256_fast,1,row_schedule,0.0712871551514,97,1921.03409767
mycielskian19,s32_m256_fast,1,partial_zero,0.358581542969,97,1921.03409767
mycielskian19,s32_m256_fast,1,csr_prefetch,1201.71570778,97,1921.03409767
mycielskian19,s32_m256_fast,1,feature_gather_decode,862.304210663,97,1921.03409767
mycielskian19,s32_m256_fast,1,fp32_neighbor_reduction,343.279600143,97,1921.03409767
mycielskian19,s32_m256_fast,1,partial_bf16_conversion,12.047290802,97,1921.03409767
mycielskian19,s32_m256_fast,1,tile_load,4.41551208496,97,1921.03409767
mycielskian19,s32_m256_fast,1,tile_compute,7.32851028442,97,1921.03409767
mycielskian19,s32_m256_fast,1,tile_store,0.252246856689,97,1921.03409767
mycielskian19,s32_m256_fast,1,output_scatter,0.12731552124,97,1921.03409767
mycielskian19,s32_m256_fast,1,thread_amx_setup,0.0405311584473,97,1921.03409767
mycielskian19,s32_m256_fast,1,window_state_load,9.93871688843,97,1921.03409767
mycielskian19,s32_m256_fast,1,window_state_store,11.4085674286,97,1921.03409767
mycielskian19,s32_m256_fast,2,output_zero,0,97,1857.5630188
mycielskian19,s32_m256_fast,2,row_schedule,0.0660419464111,97,1857.5630188
mycielskian19,s32_m256_fast,2,partial_zero,0.356435775757,97,1857.5630188
mycielskian19,s32_m256_fast,2,csr_prefetch,1153.42450142,97,1857.5630188
mycielskian19,s32_m256_fast,2,feature_gather_decode,828.741788864,97,1857.5630188
mycielskian19,s32_m256_fast,2,fp32_neighbor_reduction,329.534292221,97,1857.5630188
mycielskian19,s32_m256_fast,2,partial_bf16_conversion,11.5704536438,97,1857.5630188
mycielskian19,s32_m256_fast,2,tile_load,4.28581237793,97,1857.5630188
mycielskian19,s32_m256_fast,2,tile_compute,7.49206542969,97,1857.5630188
mycielskian19,s32_m256_fast,2,tile_store,0.263690948486,97,1857.5630188
mycielskian19,s32_m256_fast,2,output_scatter,0.207424163818,97,1857.5630188
mycielskian19,s32_m256_fast,2,thread_amx_setup,0.0391006469727,97,1857.5630188
mycielskian19,s32_m256_fast,2,window_state_load,9.4141960144,97,1857.5630188
mycielskian19,s32_m256_fast,2,window_state_store,10.9765529633,97,1857.5630188
mycielskian19,s64_m256_fast,1,output_zero,0,97,1869.30608749
mycielskian19,s64_m256_fast,1,row_schedule,0.0624656677246,97,1869.30608749
mycielskian19,s64_m256_fast,1,partial_zero,0.366926193237,97,1869.30608749
mycielskian19,s64_m256_fast,1,csr_prefetch,1195.97196579,97,1869.30608749
mycielskian19,s64_m256_fast,1,feature_gather_decode,858.277082443,97,1869.30608749
mycielskian19,s64_m256_fast,1,fp32_neighbor_reduction,341.731071472,97,1869.30608749
mycielskian19,s64_m256_fast,1,partial_bf16_conversion,11.9571685791,97,1869.30608749
mycielskian19,s64_m256_fast,1,tile_load,4.37808036804,97,1869.30608749
mycielskian19,s64_m256_fast,1,tile_compute,7.2124004364,97,1869.30608749
mycielskian19,s64_m256_fast,1,tile_store,0.27871131897,97,1869.30608749
mycielskian19,s64_m256_fast,1,output_scatter,0.132322311401,97,1869.30608749
mycielskian19,s64_m256_fast,1,thread_amx_setup,0.0314712524414,97,1869.30608749
mycielskian19,s64_m256_fast,1,window_state_load,4.17280197144,97,1869.30608749
mycielskian19,s64_m256_fast,1,window_state_store,5.77664375305,97,1869.30608749
mycielskian19,s64_m256_fast,2,output_zero,0,97,1875.95820427
mycielskian19,s64_m256_fast,2,row_schedule,0.0662803649902,97,1875.95820427
mycielskian19,s64_m256_fast,2,partial_zero,0.37693977356,97,1875.95820427
mycielskian19,s64_m256_fast,2,csr_prefetch,1159.40093994,97,1875.95820427
mycielskian19,s64_m256_fast,2,feature_gather_decode,832.436084747,97,1875.95820427
mycielskian19,s64_m256_fast,2,fp32_neighbor_reduction,331.108093262,97,1875.95820427
mycielskian19,s64_m256_fast,2,partial_bf16_conversion,11.6219520569,97,1875.95820427
mycielskian19,s64_m256_fast,2,tile_load,4.22787666321,97,1875.95820427
mycielskian19,s64_m256_fast,2,tile_compute,7.4565410614,97,1875.95820427
mycielskian19,s64_m256_fast,2,tile_store,0.282764434814,97,1875.95820427
mycielskian19,s64_m256_fast,2,output_scatter,0.205278396606,97,1875.95820427
mycielskian19,s64_m256_fast,2,thread_amx_setup,0.0379085540771,97,1875.95820427
mycielskian19,s64_m256_fast,2,window_state_load,4.13632392883,97,1875.95820427
mycielskian19,s64_m256_fast,2,window_state_store,5.67388534546,97,1875.95820427
mycielskian19,s32_mfull_fast,1,output_zero,0,97,1923.79188538
mycielskian19,s32_mfull_fast,1,row_schedule,0.0693798065186,97,1923.79188538
mycielskian19,s32_mfull_fast,1,partial_zero,0.0596046447754,97,1923.79188538
mycielskian19,s32_mfull_fast,1,csr_prefetch,1189.32461739,97,1923.79188538
mycielskian19,s32_mfull_fast,1,feature_gather_decode,853.188514709,97,1923.79188538
mycielskian19,s32_mfull_fast,1,fp32_neighbor_reduction,338.480234146,97,1923.79188538
mycielskian19,s32_mfull_fast,1,partial_bf16_conversion,0.755786895752,97,1923.79188538
mycielskian19,s32_mfull_fast,1,tile_load,0.368356704712,97,1923.79188538
mycielskian19,s32_mfull_fast,1,tile_compute,0.789403915405,97,1923.79188538
mycielskian19,s32_mfull_fast,1,tile_store,0.0197887420654,97,1923.79188538
mycielskian19,s32_mfull_fast,1,output_scatter,0.143766403198,97,1923.79188538
mycielskian19,s32_mfull_fast,1,thread_amx_setup,0.0343322753906,97,1923.79188538
mycielskian19,s32_mfull_fast,1,window_state_load,11.1012458801,97,1923.79188538
mycielskian19,s32_mfull_fast,1,window_state_store,11.1682415009,97,1923.79188538
mycielskian19,s32_mfull_fast,2,output_zero,0,97,1844.60806847
mycielskian19,s32_mfull_fast,2,row_schedule,0.0600814819336,97,1844.60806847
mycielskian19,s32_mfull_fast,2,partial_zero,0.068187713623,97,1844.60806847
mycielskian19,s32_mfull_fast,2,csr_prefetch,1140.26021957,97,1844.60806847
mycielskian19,s32_mfull_fast,2,feature_gather_decode,818.18819046,97,1844.60806847
mycielskian19,s32_mfull_fast,2,fp32_neighbor_reduction,325.040102005,97,1844.60806847
mycielskian19,s32_mfull_fast,2,partial_bf16_conversion,0.730037689209,97,1844.60806847
mycielskian19,s32_mfull_fast,2,tile_load,0.340700149536,97,1844.60806847
mycielskian19,s32_mfull_fast,2,tile_compute,0.831604003906,97,1844.60806847
mycielskian19,s32_mfull_fast,2,tile_store,0.0109672546387,97,1844.60806847
mycielskian19,s32_mfull_fast,2,output_scatter,0.213146209717,97,1844.60806847
mycielskian19,s32_mfull_fast,2,thread_amx_setup,0.035285949707,97,1844.60806847
mycielskian19,s32_mfull_fast,2,window_state_load,10.6151103973,97,1844.60806847
mycielskian19,s32_mfull_fast,2,window_state_store,10.927438736,97,1844.60806847
mycielskian19,s64_mfull_fast,1,output_zero,0,97,1904.14595604
mycielskian19,s64_mfull_fast,1,row_schedule,0.0624656677246,97,1904.14595604
mycielskian19,s64_mfull_fast,1,partial_zero,0.0739097595215,97,1904.14595604
mycielskian19,s64_mfull_fast,1,csr_prefetch,1192.66819954,97,1904.14595604
mycielskian19,s64_mfull_fast,1,feature_gather_decode,854.96544838,97,1904.14595604
mycielskian19,s64_mfull_fast,1,fp32_neighbor_reduction,339.905977249,97,1904.14595604
mycielskian19,s64_mfull_fast,1,partial_bf16_conversion,0.745296478271,97,1904.14595604
mycielskian19,s64_mfull_fast,1,tile_load,0.349998474121,97,1904.14595604
mycielskian19,s64_mfull_fast,1,tile_compute,0.776767730713,97,1904.14595604
mycielskian19,s64_mfull_fast,1,tile_store,0.0255107879639,97,1904.14595604
mycielskian19,s64_mfull_fast,1,output_scatter,0.143527984619,97,1904.14595604
mycielskian19,s64_mfull_fast,1,thread_amx_setup,0.0345706939697,97,1904.14595604
mycielskian19,s64_mfull_fast,1,window_state_load,5.54347038269,97,1904.14595604
mycielskian19,s64_mfull_fast,1,window_state_store,5.86318969727,97,1904.14595604
mycielskian19,s64_mfull_fast,2,output_zero,0,97,1882.44986534
mycielskian19,s64_mfull_fast,2,row_schedule,0.0638961791992,97,1882.44986534
mycielskian19,s64_mfull_fast,2,partial_zero,0.0641345977783,97,1882.44986534
mycielskian19,s64_mfull_fast,2,csr_prefetch,1143.39208603,97,1882.44986534
mycielskian19,s64_mfull_fast,2,feature_gather_decode,819.189071655,97,1882.44986534
mycielskian19,s64_mfull_fast,2,fp32_neighbor_reduction,326.007127762,97,1882.44986534
mycielskian19,s64_mfull_fast,2,partial_bf16_conversion,0.734806060791,97,1882.44986534
mycielskian19,s64_mfull_fast,2,tile_load,0.360250473022,97,1882.44986534
mycielskian19,s64_mfull_fast,2,tile_compute,0.868558883667,97,1882.44986534
mycielskian19,s64_mfull_fast,2,tile_store,0.0162124633789,97,1882.44986534
mycielskian19,s64_mfull_fast,2,output_scatter,0.208377838135,97,1882.44986534
mycielskian19,s64_mfull_fast,2,thread_amx_setup,0.0379085540771,97,1882.44986534
mycielskian19,s64_mfull_fast,2,window_state_load,5.34319877625,97,1882.44986534
mycielskian19,s64_mfull_fast,2,window_state_store,5.46360015869,97,1882.44986534
mycielskian19,s128_mfull_fast,1,output_zero,0,97,1862.97798157
mycielskian19,s128_mfull_fast,1,row_schedule,0.0593662261963,97,1862.97798157
mycielskian19,s128_mfull_fast,1,partial_zero,0.0545978546143,97,1862.97798157
mycielskian19,s128_mfull_fast,1,csr_prefetch,1167.00816154,97,1862.97798157
mycielskian19,s128_mfull_fast,1,feature_gather_decode,838.231801987,97,1862.97798157
mycielskian19,s128_mfull_fast,1,fp32_neighbor_reduction,332.769870758,97,1862.97798157
mycielskian19,s128_mfull_fast,1,partial_bf16_conversion,0.736951828003,97,1862.97798157
mycielskian19,s128_mfull_fast,1,tile_load,0.33974647522,97,1862.97798157
mycielskian19,s128_mfull_fast,1,tile_compute,0.796794891357,97,1862.97798157
mycielskian19,s128_mfull_fast,1,tile_store,0.0269412994385,97,1862.97798157
mycielskian19,s128_mfull_fast,1,output_scatter,0.139236450195,97,1862.97798157
mycielskian19,s128_mfull_fast,1,thread_amx_setup,0.0405311584473,97,1862.97798157
mycielskian19,s128_mfull_fast,1,window_state_load,2.7072429657,97,1862.97798157
mycielskian19,s128_mfull_fast,1,window_state_store,2.79188156128,97,1862.97798157
mycielskian19,s128_mfull_fast,2,output_zero,0,97,1836.72904968
mycielskian19,s128_mfull_fast,2,row_schedule,0.0503063201904,97,1836.72904968
mycielskian19,s128_mfull_fast,2,partial_zero,0.0607967376709,97,1836.72904968
mycielskian19,s128_mfull_fast,2,csr_prefetch,1136.71779633,97,1836.72904968
mycielskian19,s128_mfull_fast,2,feature_gather_decode,814.237594604,97,1836.72904968
mycielskian19,s128_mfull_fast,2,fp32_neighbor_reduction,324.066877365,97,1836.72904968
mycielskian19,s128_mfull_fast,2,partial_bf16_conversion,0.72169303894,97,1836.72904968
mycielskian19,s128_mfull_fast,2,tile_load,0.334978103638,97,1836.72904968
mycielskian19,s128_mfull_fast,2,tile_compute,0.846147537231,97,1836.72904968
mycielskian19,s128_mfull_fast,2,tile_store,0.0178813934326,97,1836.72904968
mycielskian19,s128_mfull_fast,2,output_scatter,0.208139419556,97,1836.72904968
mycielskian19,s128_mfull_fast,2,thread_amx_setup,0.0324249267578,97,1836.72904968
mycielskian19,s128_mfull_fast,2,window_state_load,2.60949134827,97,1836.72904968
mycielskian19,s128_mfull_fast,2,window_state_store,2.83741950989,97,1836.72904968
mycielskian19,s64_mfull_accurate,1,output_zero,0,97,1869.53091621
mycielskian19,s64_mfull_accurate,1,row_schedule,0.0569820404053,97,1869.53091621
mycielskian19,s64_mfull_accurate,1,partial_zero,0.0641345977783,97,1869.53091621
mycielskian19,s64_mfull_accurate,1,csr_prefetch,1193.96257401,97,1869.53091621
mycielskian19,s64_mfull_accurate,1,feature_gather_decode,856.696128845,97,1869.53091621
mycielskian19,s64_mfull_accurate,1,fp32_neighbor_reduction,340.468168259,97,1869.53091621
mycielskian19,s64_mfull_accurate,1,partial_bf16_conversion,2.16817855835,97,1869.53091621
mycielskian19,s64_mfull_accurate,1,tile_load,0.516414642334,97,1869.53091621
mycielskian19,s64_mfull_accurate,1,tile_compute,0.75364112854,97,1869.53091621
mycielskian19,s64_mfull_accurate,1,tile_store,0.0159740447998,97,1869.53091621
mycielskian19,s64_mfull_accurate,1,output_scatter,0.147581100464,97,1869.53091621
mycielskian19,s64_mfull_accurate,1,thread_amx_setup,0.0364780426025,97,1869.53091621
mycielskian19,s64_mfull_accurate,1,window_state_load,5.62310218811,97,1869.53091621
mycielskian19,s64_mfull_accurate,1,window_state_store,5.77449798584,97,1869.53091621
mycielskian19,s64_mfull_accurate,2,output_zero,0,97,1775.90084076
mycielskian19,s64_mfull_accurate,2,row_schedule,0.0641345977783,97,1775.90084076
mycielskian19,s64_mfull_accurate,2,partial_zero,0.063419342041,97,1775.90084076
mycielskian19,s64_mfull_accurate,2,csr_prefetch,1136.42287254,97,1775.90084076
mycielskian19,s64_mfull_accurate,2,feature_gather_decode,815.724611282,97,1775.90084076
mycielskian19,s64_mfull_accurate,2,fp32_neighbor_reduction,323.972225189,97,1775.90084076
mycielskian19,s64_mfull_accurate,2,partial_bf16_conversion,2.1071434021,97,1775.90084076
mycielskian19,s64_mfull_accurate,2,tile_load,0.535488128662,97,1775.90084076
mycielskian19,s64_mfull_accurate,2,tile_compute,0.746726989746,97,1775.90084076
mycielskian19,s64_mfull_accurate,2,tile_store,0.016450881958,97,1775.90084076
mycielskian19,s64_mfull_accurate,2,output_scatter,0.20956993103,97,1775.90084076
mycielskian19,s64_mfull_accurate,2,thread_amx_setup,0.0369548797607,97,1775.90084076
mycielskian19,s64_mfull_accurate,2,window_state_load,5.31411170959,97,1775.90084076
mycielskian19,s64_mfull_accurate,2,window_state_store,5.43069839478,97,1775.90084076
mycielskian19,s64_mfull_rowwise_fast,1,output_zero,0,97,2415.77792168
mycielskian19,s64_mfull_rowwise_fast,1,row_schedule,0.0793933868408,97,2415.77792168
mycielskian19,s64_mfull_rowwise_fast,1,partial_zero,0.0636577606201,97,2415.77792168
mycielskian19,s64_mfull_rowwise_fast,1,csr_prefetch,1134.42206383,97,2415.77792168
mycielskian19,s64_mfull_rowwise_fast,1,feature_gather_decode,826.380729675,97,2415.77792168
mycielskian19,s64_mfull_rowwise_fast,1,fp32_neighbor_reduction,323.032140732,97,2415.77792168
mycielskian19,s64_mfull_rowwise_fast,1,partial_bf16_conversion,0.761270523071,97,2415.77792168
mycielskian19,s64_mfull_rowwise_fast,1,tile_load,0.466346740723,97,2415.77792168
mycielskian19,s64_mfull_rowwise_fast,1,tile_compute,0.850439071655,97,2415.77792168
mycielskian19,s64_mfull_rowwise_fast,1,tile_store,0.0169277191162,97,2415.77792168
mycielskian19,s64_mfull_rowwise_fast,1,output_scatter,0.16188621521,97,2415.77792168
mycielskian19,s64_mfull_rowwise_fast,1,thread_amx_setup,0.0450611114502,97,2415.77792168
mycielskian19,s64_mfull_rowwise_fast,1,window_state_load,5.39612770081,97,2415.77792168
mycielskian19,s64_mfull_rowwise_fast,1,window_state_store,5.3699016571,97,2415.77792168
mycielskian19,s64_mfull_rowwise_fast,2,output_zero,0,97,2403.41615677
mycielskian19,s64_mfull_rowwise_fast,2,row_schedule,8.55875015259,97,2403.41615677
mycielskian19,s64_mfull_rowwise_fast,2,partial_zero,0.0624656677246,97,2403.41615677
mycielskian19,s64_mfull_rowwise_fast,2,csr_prefetch,1135.96868515,97,2403.41615677
mycielskian19,s64_mfull_rowwise_fast,2,feature_gather_decode,818.23348999,97,2403.41615677
mycielskian19,s64_mfull_rowwise_fast,2,fp32_neighbor_reduction,322.766304016,97,2403.41615677
mycielskian19,s64_mfull_rowwise_fast,2,partial_bf16_conversion,0.759363174438,97,2403.41615677
mycielskian19,s64_mfull_rowwise_fast,2,tile_load,0.461578369141,97,2403.41615677
mycielskian19,s64_mfull_rowwise_fast,2,tile_compute,0.830173492432,97,2403.41615677
mycielskian19,s64_mfull_rowwise_fast,2,tile_store,0.0135898590088,97,2403.41615677
mycielskian19,s64_mfull_rowwise_fast,2,output_scatter,0.240802764893,97,2403.41615677
mycielskian19,s64_mfull_rowwise_fast,2,thread_amx_setup,0.0355243682861,97,2403.41615677
mycielskian19,s64_mfull_rowwise_fast,2,window_state_load,5.37657737732,97,2403.41615677
mycielskian19,s64_mfull_rowwise_fast,2,window_state_store,5.41806221008,97,2403.41615677
roadNet-CA,b64_fast,1,output_zero,0,483,16.3660049438
roadNet-CA,b64_fast,1,row_schedule,0.0903606414795,483,16.3660049438
roadNet-CA,b64_fast,1,partial_zero,0.127553939819,483,16.3660049438
roadNet-CA,b64_fast,1,csr_prefetch,0.853538513184,483,16.3660049438
roadNet-CA,b64_fast,1,feature_gather_decode,1.68108940125,483,16.3660049438
roadNet-CA,b64_fast,1,fp32_neighbor_reduction,0.944137573242,483,16.3660049438
roadNet-CA,b64_fast,1,partial_bf16_conversion,0.0898838043213,483,16.3660049438
roadNet-CA,b64_fast,1,tile_load,0.431299209595,483,16.3660049438
roadNet-CA,b64_fast,1,tile_compute,1.11651420593,483,16.3660049438
roadNet-CA,b64_fast,1,tile_store,0.0503063201904,483,16.3660049438
roadNet-CA,b64_fast,1,output_scatter,0.493049621582,483,16.3660049438
roadNet-CA,b64_fast,1,thread_amx_setup,0.0216960906982,483,16.3660049438
roadNet-CA,b64_fast,2,output_zero,0,483,13.7500762939
roadNet-CA,b64_fast,2,row_schedule,0.103950500488,483,13.7500762939
roadNet-CA,b64_fast,2,partial_zero,0.126123428345,483,13.7500762939
roadNet-CA,b64_fast,2,csr_prefetch,0.834226608276,483,13.7500762939
roadNet-CA,b64_fast,2,feature_gather_decode,1.67632102966,483,13.7500762939
roadNet-CA,b64_fast,2,fp32_neighbor_reduction,0.964164733887,483,13.7500762939
roadNet-CA,b64_fast,2,partial_bf16_conversion,0.0846385955811,483,13.7500762939
roadNet-CA,b64_fast,2,tile_load,0.375986099243,483,13.7500762939
roadNet-CA,b64_fast,2,tile_compute,1.1739730835,483,13.7500762939
roadNet-CA,b64_fast,2,tile_store,0.0607967376709,483,13.7500762939
roadNet-CA,b64_fast,2,output_scatter,0.100135803223,483,13.7500762939
roadNet-CA,b64_fast,2,thread_amx_setup,0.02121925354,483,13.7500762939
roadNet-CA,b64_accurate,1,output_zero,0,483,17.5850391388
roadNet-CA,b64_accurate,1,row_schedule,0.0736713409424,483,17.5850391388
roadNet-CA,b64_accurate,1,partial_zero,0.135183334351,483,17.5850391388
roadNet-CA,b64_accurate,1,csr_prefetch,0.898838043213,483,17.5850391388
roadNet-CA,b64_accurate,1,feature_gather_decode,1.61910057068,483,17.5850391388
roadNet-CA,b64_accurate,1,fp32_neighbor_reduction,1.03712081909,483,17.5850391388
roadNet-CA,b64_accurate,1,partial_bf16_conversion,0.135898590088,483,17.5850391388
roadNet-CA,b64_accurate,1,tile_load,0.63419342041,483,17.5850391388
roadNet-CA,b64_accurate,1,tile_compute,1.48749351501,483,17.5850391388
roadNet-CA,b64_accurate,1,tile_store,0.0360012054443,483,17.5850391388
roadNet-CA,b64_accurate,1,output_scatter,0.509262084961,483,17.5850391388
roadNet-CA,b64_accurate,1,thread_amx_setup,0.025749206543,483,17.5850391388
roadNet-CA,b64_accurate,2,output_zero,0,483,14.6670341492
roadNet-CA,b64_accurate,2,row_schedule,0.108957290649,483,14.6670341492
roadNet-CA,b64_accurate,2,partial_zero,0.114440917969,483,14.6670341492
roadNet-CA,b64_accurate,2,csr_prefetch,0.875234603882,483,14.6670341492
roadNet-CA,b64_accurate,2,feature_gather_decode,1.57952308655,483,14.6670341492
roadNet-CA,b64_accurate,2,fp32_neighbor_reduction,0.957250595093,483,14.6670341492
roadNet-CA,b64_accurate,2,partial_bf16_conversion,0.142097473145,483,14.6670341492
roadNet-CA,b64_accurate,2,tile_load,0.634908676147,483,14.6670341492
roadNet-CA,b64_accurate,2,tile_compute,1.4386177063,483,14.6670341492
roadNet-CA,b64_accurate,2,tile_store,0.0548362731934,483,14.6670341492
roadNet-CA,b64_accurate,2,output_scatter,0.0901222229004,483,14.6670341492
roadNet-CA,b64_accurate,2,thread_amx_setup,0.018835067749,483,14.6670341492
roadNet-CA,bfull_fast,1,output_zero,0,483,16.1550045013
roadNet-CA,bfull_fast,1,row_schedule,0.0839233398438,483,16.1550045013
roadNet-CA,bfull_fast,1,partial_zero,0.0977516174316,483,16.1550045013
roadNet-CA,bfull_fast,1,csr_prefetch,0.829935073853,483,16.1550045013
roadNet-CA,bfull_fast,1,feature_gather_decode,1.60193443298,483,16.1550045013
roadNet-CA,bfull_fast,1,fp32_neighbor_reduction,0.999927520752,483,16.1550045013
roadNet-CA,bfull_fast,1,partial_bf16_conversion,0.0615119934082,483,16.1550045013
roadNet-CA,bfull_fast,1,tile_load,0.37407875061,483,16.1550045013
roadNet-CA,bfull_fast,1,tile_compute,1.13224983215,483,16.1550045013
roadNet-CA,bfull_fast,1,tile_store,0.0495910644531,483,16.1550045013
roadNet-CA,bfull_fast,1,output_scatter,0.473976135254,483,16.1550045013
roadNet-CA,bfull_fast,1,thread_amx_setup,0.0176429748535,483,16.1550045013
roadNet-CA,bfull_fast,2,output_zero,0,483,13.5009288788
roadNet-CA,bfull_fast,2,row_schedule,0.0946521759033,483,13.5009288788
roadNet-CA,bfull_fast,2,partial_zero,0.115156173706,483,13.5009288788
roadNet-CA,bfull_fast,2,csr_prefetch,0.924110412598,483,13.5009288788
roadNet-CA,bfull_fast,2,feature_gather_decode,1.57928466797,483,13.5009288788
roadNet-CA,bfull_fast,2,fp32_neighbor_reduction,0.964879989624,483,13.5009288788
roadNet-CA,bfull_fast,2,partial_bf16_conversion,0.0665187835693,483,13.5009288788
roadNet-CA,bfull_fast,2,tile_load,0.376224517822,483,13.5009288788
roadNet-CA,bfull_fast,2,tile_compute,1.2059211731,483,13.5009288788
roadNet-CA,bfull_fast,2,tile_store,0.0529289245605,483,13.5009288788
roadNet-CA,bfull_fast,2,output_scatter,0.0841617584229,483,13.5009288788
roadNet-CA,bfull_fast,2,thread_amx_setup,0.0228881835938,483,13.5009288788
roadNet-CA,bfull_accurate,1,output_zero,0,483,17.539024353
roadNet-CA,bfull_accurate,1,row_schedule,0.0829696655273,483,17.539024353
roadNet-CA,bfull_accurate,1,partial_zero,0.0979900360107,483,17.539024353
roadNet-CA,bfull_accurate,1,csr_prefetch,0.875949859619,483,17.539024353
roadNet-CA,bfull_accurate,1,feature_gather_decode,1.620054245,483,17.539024353
roadNet-CA,bfull_accurate,1,fp32_neighbor_reduction,1.00684165955,483,17.539024353
roadNet-CA,bfull_accurate,1,partial_bf16_conversion,0.130176544189,483,17.539024353
roadNet-CA,bfull_accurate,1,tile_load,0.696420669556,483,17.539024353
roadNet-CA,bfull_accurate,1,tile_compute,1.43313407898,483,17.539024353
roadNet-CA,bfull_accurate,1,tile_store,0.0605583190918,483,17.539024353
roadNet-CA,bfull_accurate,1,output_scatter,0.475645065308,483,17.539024353
roadNet-CA,bfull_accurate,1,thread_amx_setup,0.0183582305908,483,17.539024353
roadNet-CA,bfull_accurate,2,output_zero,0,483,14.7290229797
roadNet-CA,bfull_accurate,2,row_schedule,0.105142593384,483,14.7290229797
roadNet-CA,bfull_accurate,2,partial_zero,0.129699707031,483,14.7290229797
roadNet-CA,bfull_accurate,2,csr_prefetch,0.897645950317,483,14.7290229797
roadNet-CA,bfull_accurate,2,feature_gather_decode,1.54995918274,483,14.7290229797
roadNet-CA,bfull_accurate,2,fp32_neighbor_reduction,0.989675521851,483,14.7290229797
roadNet-CA,bfull_accurate,2,partial_bf16_conversion,0.118494033813,483,14.7290229797
roadNet-CA,bfull_accurate,2,tile_load,0.634670257568,483,14.7290229797
roadNet-CA,bfull_accurate,2,tile_compute,1.51658058167,483,14.7290229797
roadNet-CA,bfull_accurate,2,tile_store,0.0514984130859,483,14.7290229797
roadNet-CA,bfull_accurate,2,output_scatter,0.086784362793,483,14.7290229797
roadNet-CA,bfull_accurate,2,thread_amx_setup,0.0247955322266,483,14.7290229797
roadNet-CA,b256_fast,1,output_zero,0,483,16.175031662
roadNet-CA,b256_fast,1,row_schedule,0.0946521759033,483,16.175031662
roadNet-CA,b256_fast,1,partial_zero,0.122547149658,483,16.175031662
roadNet-CA,b256_fast,1,csr_prefetch,0.877380371094,483,16.175031662
roadNet-CA,b256_fast,1,feature_gather_decode,1.65295600891,483,16.175031662
roadNet-CA,b256_fast,1,fp32_neighbor_reduction,1.02639198303,483,16.175031662
roadNet-CA,b256_fast,1,partial_bf16_conversion,0.0655651092529,483,16.175031662
roadNet-CA,b256_fast,1,tile_load,0.394344329834,483,16.175031662
roadNet-CA,b256_fast,1,tile_compute,1.15489959717,483,16.175031662
roadNet-CA,b256_fast,1,tile_store,0.0507831573486,483,16.175031662
roadNet-CA,b256_fast,1,output_scatter,0.465393066406,483,16.175031662
roadNet-CA,b256_fast,1,thread_amx_setup,0.0190734863281,483,16.175031662
roadNet-CA,b256_fast,2,output_zero,0,483,13.4410858154
roadNet-CA,b256_fast,2,row_schedule,0.113248825073,483,13.4410858154
roadNet-CA,b256_fast,2,partial_zero,0.12469291687,483,13.4410858154
roadNet-CA,b256_fast,2,csr_prefetch,0.848770141602,483,13.4410858154
roadNet-CA,b256_fast,2,feature_gather_decode,1.64484977722,483,13.4410858154
roadNet-CA,b256_fast,2,fp32_neighbor_reduction,0.96869468689,483,13.4410858154
roadNet-CA,b256_fast,2,partial_bf16_conversion,0.0722408294678,483,13.4410858154
roadNet-CA,b256_fast,2,tile_load,0.391721725464,483,13.4410858154
roadNet-CA,b256_fast,2,tile_compute,1.17564201355,483,13.4410858154
roadNet-CA,b256_fast,2,tile_store,0.0531673431396,483,13.4410858154
roadNet-CA,b256_fast,2,output_scatter,0.100374221802,483,13.4410858154
roadNet-CA,b256_fast,2,thread_amx_setup,0.0276565551758,483,13.4410858154
roadNet-CA,b256_accurate,1,output_zero,0,483,17.5659656525
roadNet-CA,b256_accurate,1,row_schedule,0.0700950622559,483,17.5659656525
roadNet-CA,b256_accurate,1,partial_zero,0.14066696167,483,17.5659656525
roadNet-CA,b256_accurate,1,csr_prefetch,0.863790512085,483,17.5659656525
roadNet-CA,b256_accurate,1,feature_gather_decode,1.62076950073,483,17.5659656525
roadNet-CA,b256_accurate,1,fp32_neighbor_reduction,0.994682312012,483,17.5659656525
roadNet-CA,b256_accurate,1,partial_bf16_conversion,0.117778778076,483,17.5659656525
roadNet-CA,b256_accurate,1,tile_load,0.675678253174,483,17.5659656525
roadNet-CA,b256_accurate,1,tile_compute,1.48177146912,483,17.5659656525
roadNet-CA,b256_accurate,1,tile_store,0.0545978546143,483,17.5659656525
roadNet-CA,b256_accurate,1,output_scatter,0.468730926514,483,17.5659656525
roadNet-CA,b256_accurate,1,thread_amx_setup,0.0147819519043,483,17.5659656525
roadNet-CA,b256_accurate,2,output_zero,0,483,14.6071910858
roadNet-CA,b256_accurate,2,row_schedule,0.0855922698975,483,14.6071910858
roadNet-CA,b256_accurate,2,partial_zero,0.11157989502,483,14.6071910858
roadNet-CA,b256_accurate,2,csr_prefetch,0.852108001709,483,14.6071910858
roadNet-CA,b256_accurate,2,feature_gather_decode,1.64270401001,483,14.6071910858
roadNet-CA,b256_accurate,2,fp32_neighbor_reduction,0.998020172119,483,14.6071910858
roadNet-CA,b256_accurate,2,partial_bf16_conversion,0.124931335449,483,14.6071910858
roadNet-CA,b256_accurate,2,tile_load,0.709772109985,483,14.6071910858
roadNet-CA,b256_accurate,2,tile_compute,1.42788887024,483,14.6071910858
roadNet-CA,b256_accurate,2,tile_store,0.0653266906738,483,14.6071910858
roadNet-CA,b256_accurate,2,output_scatter,0.0965595245361,483,14.6071910858
roadNet-CA,b256_accurate,2,thread_amx_setup,0.0219345092773,483,14.6071910858
roadNet-CA,s64_m64_fast,1,output_zero,0,483,19.1159248352
roadNet-CA,s64_m64_fast,1,row_schedule,0.128507614136,483,19.1159248352
roadNet-CA,s64_m64_fast,1,partial_zero,0.168085098267,483,19.1159248352
roadNet-CA,s64_m64_fast,1,csr_prefetch,3.83019447327,483,19.1159248352
roadNet-CA,s64_m64_fast,1,feature_gather_decode,4.0500164032,483,19.1159248352
roadNet-CA,s64_m64_fast,1,fp32_neighbor_reduction,1.2948513031,483,19.1159248352
roadNet-CA,s64_m64_fast,1,partial_bf16_conversion,3.65233421326,483,19.1159248352
roadNet-CA,s64_m64_fast,1,tile_load,0.921249389648,483,19.1159248352
roadNet-CA,s64_m64_fast,1,tile_compute,1.86514854431,483,19.1159248352
roadNet-CA,s64_m64_fast,1,tile_store,0.0901222229004,483,19.1159248352
roadNet-CA,s64_m64_fast,1,output_scatter,0.592231750488,483,19.1159248352
roadNet-CA,s64_m64_fast,1,thread_amx_setup,0.0271797180176,483,19.1159248352
roadNet-CA,s64_m64_fast,1,window_state_load,0,483,19.1159248352
roadNet-CA,s64_m64_fast,1,window_state_store,0.495433807373,483,19.1159248352
roadNet-CA,s64_m64_fast,2,output_zero,0,483,16.2320137024
roadNet-CA,s64_m64_fast,2,row_schedule,0.128746032715,483,16.2320137024
roadNet-CA,s64_m64_fast,2,partial_zero,0.224351882935,483,16.2320137024
roadNet-CA,s64_m64_fast,2,csr_prefetch,3.89814376831,483,16.2320137024
roadNet-CA,s64_m64_fast,2,feature_gather_decode,4.14681434631,483,16.2320137024
roadNet-CA,s64_m64_fast,2,fp32_neighbor_reduction,1.31821632385,483,16.2320137024
roadNet-CA,s64_m64_fast,2,partial_bf16_conversion,3.68404388428,483,16.2320137024
roadNet-CA,s64_m64_fast,2,tile_load,0.964164733887,483,16.2320137024
roadNet-CA,s64_m64_fast,2,tile_compute,1.92165374756,483,16.2320137024
roadNet-CA,s64_m64_fast,2,tile_store,0.0975131988525,483,16.2320137024
roadNet-CA,s64_m64_fast,2,output_scatter,0.964164733887,483,16.2320137024
roadNet-CA,s64_m64_fast,2,thread_amx_setup,0.0348091125488,483,16.2320137024
roadNet-CA,s64_m64_fast,2,window_state_load,0,483,16.2320137024
roadNet-CA,s64_m64_fast,2,window_state_store,0.51474571228,483,16.2320137024
roadNet-CA,s32_m64_fast,1,output_zero,0,483,18.9690589905
roadNet-CA,s32_m64_fast,1,row_schedule,0.124931335449,483,18.9690589905
roadNet-CA,s32_m64_fast,1,partial_zero,0.176429748535,483,18.9690589905
roadNet-CA,s32_m64_fast,1,csr_prefetch,3.81994247437,483,18.9690589905
roadNet-CA,s32_m64_fast,1,feature_gather_decode,4.15706634521,483,18.9690589905
roadNet-CA,s32_m64_fast,1,fp32_neighbor_reduction,1.25336647034,483,18.9690589905
roadNet-CA,s32_m64_fast,1,partial_bf16_conversion,3.6301612854,483,18.9690589905
roadNet-CA,s32_m64_fast,1,tile_load,0.908851623535,483,18.9690589905
roadNet-CA,s32_m64_fast,1,tile_compute,1.86133384705,483,18.9690589905
roadNet-CA,s32_m64_fast,1,tile_store,0.091552734375,483,18.9690589905
roadNet-CA,s32_m64_fast,1,output_scatter,0.579595565796,483,18.9690589905
roadNet-CA,s32_m64_fast,1,thread_amx_setup,0.0231266021729,483,18.9690589905
roadNet-CA,s32_m64_fast,1,window_state_load,0,483,18.9690589905
roadNet-CA,s32_m64_fast,1,window_state_store,0.480890274048,483,18.9690589905
roadNet-CA,s32_m64_fast,2,output_zero,0,483,16.3588523865
roadNet-CA,s32_m64_fast,2,row_schedule,0.137567520142,483,16.3588523865
roadNet-CA,s32_m64_fast,2,partial_zero,0.225305557251,483,16.3588523865
roadNet-CA,s32_m64_fast,2,csr_prefetch,3.99708747864,483,16.3588523865
roadNet-CA,s32_m64_fast,2,feature_gather_decode,4.24218177795,483,16.3588523865
roadNet-CA,s32_m64_fast,2,fp32_neighbor_reduction,1.32393836975,483,16.3588523865
roadNet-CA,s32_m64_fast,2,partial_bf16_conversion,3.68571281433,483,16.3588523865
roadNet-CA,s32_m64_fast,2,tile_load,0.970363616943,483,16.3588523865
roadNet-CA,s32_m64_fast,2,tile_compute,1.85656547546,483,16.3588523865
roadNet-CA,s32_m64_fast,2,tile_store,0.0786781311035,483,16.3588523865
roadNet-CA,s32_m64_fast,2,output_scatter,0.959873199463,483,16.3588523865
roadNet-CA,s32_m64_fast,2,thread_amx_setup,0.0364780426025,483,16.3588523865
roadNet-CA,s32_m64_fast,2,window_state_load,0,483,16.3588523865
roadNet-CA,s32_m64_fast,2,window_state_store,0.483989715576,483,16.3588523865
roadNet-CA,s32_m256_fast,1,output_zero,0,483,18.8848972321
roadNet-CA,s32_m256_fast,1,row_schedule,0.125646591187,483,18.8848972321
roadNet-CA,s32_m256_fast,1,partial_zero,0.210523605347,483,18.8848972321
roadNet-CA,s32_m256_fast,1,csr_prefetch,3.80611419678,483,18.8848972321
roadNet-CA,s32_m256_fast,1,feature_gather_decode,4.07910346985,483,18.8848972321
roadNet-CA,s32_m256_fast,1,fp32_neighbor_reduction,1.30009651184,483,18.8848972321
roadNet-CA,s32_m256_fast,1,partial_bf16_conversion,3.64351272583,483,18.8848972321
roadNet-CA,s32_m256_fast,1,tile_load,1.00612640381,483,18.8848972321
roadNet-CA,s32_m256_fast,1,tile_compute,1.8949508667,483,18.8848972321
roadNet-CA,s32_m256_fast,1,tile_store,0.084400177002,483,18.8848972321
roadNet-CA,s32_m256_fast,1,output_scatter,0.571250915527,483,18.8848972321
roadNet-CA,s32_m256_fast,1,thread_amx_setup,0.0262260437012,483,18.8848972321
roadNet-CA,s32_m256_fast,1,window_state_load,0,483,18.8848972321
roadNet-CA,s32_m256_fast,1,window_state_store,0.504732131958,483,18.8848972321
roadNet-CA,s32_m256_fast,2,output_zero,0,483,16.2711143494
roadNet-CA,s32_m256_fast,2,row_schedule,0.133037567139,483,16.2711143494
roadNet-CA,s32_m256_fast,2,partial_zero,0.211000442505,483,16.2711143494
roadNet-CA,s32_m256_fast,2,csr_prefetch,3.83448600769,483,16.2711143494
roadNet-CA,s32_m256_fast,2,feature_gather_decode,4.17804718018,483,16.2711143494
roadNet-CA,s32_m256_fast,2,fp32_neighbor_reduction,1.32775306702,483,16.2711143494
roadNet-CA,s32_m256_fast,2,partial_bf16_conversion,3.67760658264,483,16.2711143494
roadNet-CA,s32_m256_fast,2,tile_load,0.889301300049,483,16.2711143494
roadNet-CA,s32_m256_fast,2,tile_compute,1.91259384155,483,16.2711143494
roadNet-CA,s32_m256_fast,2,tile_store,0.0848770141602,483,16.2711143494
roadNet-CA,s32_m256_fast,2,output_scatter,0.946760177612,483,16.2711143494
roadNet-CA,s32_m256_fast,2,thread_amx_setup,0.0338554382324,483,16.2711143494
roadNet-CA,s32_m256_fast,2,window_state_load,0,483,16.2711143494
roadNet-CA,s32_m256_fast,2,window_state_store,0.521183013916,483,16.2711143494
roadNet-CA,s64_m256_fast,1,output_zero,0,483,18.9440250397
roadNet-CA,s64_m256_fast,1,row_schedule,0.147581100464,483,18.9440250397
roadNet-CA,s64_m256_fast,1,partial_zero,0.186443328857,483,18.9440250397
roadNet-CA,s64_m256_fast,1,csr_prefetch,3.81445884705,483,18.9440250397
roadNet-CA,s64_m256_fast,1,feature_gather_decode,4.06122207642,483,18.9440250397
roadNet-CA,s64_m256_fast,1,fp32_neighbor_reduction,1.32894515991,483,18.9440250397
roadNet-CA,s64_m256_fast,1,partial_bf16_conversion,3.65614891052,483,18.9440250397
roadNet-CA,s64_m256_fast,1,tile_load,0.96321105957,483,18.9440250397
roadNet-CA,s64_m256_fast,1,tile_compute,1.88994407654,483,18.9440250397
roadNet-CA,s64_m256_fast,1,tile_store,0.0689029693604,483,18.9440250397
roadNet-CA,s64_m256_fast,1,output_scatter,0.559091567993,483,18.9440250397
roadNet-CA,s64_m256_fast,1,thread_amx_setup,0.02121925354,483,18.9440250397
roadNet-CA,s64_m256_fast,1,window_state_load,0,483,18.9440250397
roadNet-CA,s64_m256_fast,1,window_state_store,0.513076782227,483,18.9440250397
roadNet-CA,s64_m256_fast,2,output_zero,0,483,16.2818431854
roadNet-CA,s64_m256_fast,2,row_schedule,0.121831893921,483,16.2818431854
roadNet-CA,s64_m256_fast,2,partial_zero,0.232458114624,483,16.2818431854
roadNet-CA,s64_m256_fast,2,csr_prefetch,3.98015975952,483,16.2818431854
roadNet-CA,s64_m256_fast,2,feature_gather_decode,4.12631034851,483,16.2818431854
roadNet-CA,s64_m256_fast,2,fp32_neighbor_reduction,1.28436088562,483,16.2818431854
roadNet-CA,s64_m256_fast,2,partial_bf16_conversion,3.67617607117,483,16.2818431854
roadNet-CA,s64_m256_fast,2,tile_load,0.947237014771,483,16.2818431854
roadNet-CA,s64_m256_fast,2,tile_compute,1.96075439453,483,16.2818431854
roadNet-CA,s64_m256_fast,2,tile_store,0.0777244567871,483,16.2818431854
roadNet-CA,s64_m256_fast,2,output_scatter,0.954389572144,483,16.2818431854
roadNet-CA,s64_m256_fast,2,thread_amx_setup,0.0314712524414,483,16.2818431854
roadNet-CA,s64_m256_fast,2,window_state_load,0,483,16.2818431854
roadNet-CA,s64_m256_fast,2,window_state_store,0.494956970215,483,16.2818431854
roadNet-CA,s32_mfull_fast,1,output_zero,0.000953674316406,483,18.8570022583
roadNet-CA,s32_mfull_fast,1,row_schedule,0.123977661133,483,18.8570022583
roadNet-CA,s32_mfull_fast,1,partial_zero,0.189542770386,483,18.8570022583
roadNet-CA,s32_mfull_fast,1,csr_prefetch,3.78060340881,483,18.8570022583
roadNet-CA,s32_mfull_fast,1,feature_gather_decode,4.10890579224,483,18.8570022583
roadNet-CA,s32_mfull_fast,1,fp32_neighbor_reduction,1.2321472168,483,18.8570022583
roadNet-CA,s32_mfull_fast,1,partial_bf16_conversion,3.6506652832,483,18.8570022583
roadNet-CA,s32_mfull_fast,1,tile_load,0.935554504395,483,18.8570022583
roadNet-CA,s32_mfull_fast,1,tile_compute,1.85704231262,483,18.8570022583
roadNet-CA,s32_mfull_fast,1,tile_store,0.0720024108887,483,18.8570022583
roadNet-CA,s32_mfull_fast,1,output_scatter,0.58650970459,483,18.8570022583
roadNet-CA,s32_mfull_fast,1,thread_amx_setup,0.0209808349609,483,18.8570022583
roadNet-CA,s32_mfull_fast,1,window_state_load,0,483,18.8570022583
roadNet-CA,s32_mfull_fast,1,window_state_store,0.519752502441,483,18.8570022583
roadNet-CA,s32_mfull_fast,2,output_zero,0,483,16.2150859833
roadNet-CA,s32_mfull_fast,2,row_schedule,0.130414962769,483,16.2150859833
roadNet-CA,s32_mfull_fast,2,partial_zero,0.210285186768,483,16.2150859833
roadNet-CA,s32_mfull_fast,2,csr_prefetch,3.94797325134,483,16.2150859833
roadNet-CA,s32_mfull_fast,2,feature_gather_decode,4.28700447083,483,16.2150859833
roadNet-CA,s32_mfull_fast,2,fp32_neighbor_reduction,1.22499465942,483,16.2150859833
roadNet-CA,s32_mfull_fast,2,partial_bf16_conversion,3.662109375,483,16.2150859833
roadNet-CA,s32_mfull_fast,2,tile_load,0.933647155762,483,16.2150859833
roadNet-CA,s32_mfull_fast,2,tile_compute,1.93691253662,483,16.2150859833
roadNet-CA,s32_mfull_fast,2,tile_store,0.0817775726318,483,16.2150859833
roadNet-CA,s32_mfull_fast,2,output_scatter,0.953674316406,483,16.2150859833
roadNet-CA,s32_mfull_fast,2,thread_amx_setup,0.0371932983398,483,16.2150859833
roadNet-CA,s32_mfull_fast,2,window_state_load,0,483,16.2150859833
roadNet-CA,s32_mfull_fast,2,window_state_store,0.514507293701,483,16.2150859833
roadNet-CA,s64_mfull_fast,1,output_zero,0,483,18.875837326
roadNet-CA,s64_mfull_fast,1,row_schedule,0.133991241455,483,18.875837326
roadNet-CA,s64_mfull_fast,1,partial_zero,0.196933746338,483,18.875837326
roadNet-CA,s64_mfull_fast,1,csr_prefetch,3.79037857056,483,18.875837326
roadNet-CA,s64_mfull_fast,1,feature_gather_decode,4.08291816711,483,18.875837326
roadNet-CA,s64_mfull_fast,1,fp32_neighbor_reduction,1.25551223755,483,18.875837326
roadNet-CA,s64_mfull_fast,1,partial_bf16_conversion,3.6153793335,483,18.875837326
roadNet-CA,s64_mfull_fast,1,tile_load,0.945806503296,483,18.875837326
roadNet-CA,s64_mfull_fast,1,tile_compute,1.88326835632,483,18.875837326
roadNet-CA,s64_mfull_fast,1,tile_store,0.0724792480469,483,18.875837326
roadNet-CA,s64_mfull_fast,1,output_scatter,0.580787658691,483,18.875837326
roadNet-CA,s64_mfull_fast,1,thread_amx_setup,0.0245571136475,483,18.875837326
roadNet-CA,s64_mfull_fast,1,window_state_load,0,483,18.875837326
roadNet-CA,s64_mfull_fast,1,window_state_store,0.504732131958,483,18.875837326
roadNet-CA,s64_mfull_fast,2,output_zero,0,483,16.1590576172
roadNet-CA,s64_mfull_fast,2,row_schedule,0.131130218506,483,16.1590576172
roadNet-CA,s64_mfull_fast,2,partial_zero,0.212907791138,483,16.1590576172
roadNet-CA,s64_mfull_fast,2,csr_prefetch,3.8115978241,483,16.1590576172
roadNet-CA,s64_mfull_fast,2,feature_gather_decode,4.21547889709,483,16.1590576172
roadNet-CA,s64_mfull_fast,2,fp32_neighbor_reduction,1.33991241455,483,16.1590576172
roadNet-CA,s64_mfull_fast,2,partial_bf16_conversion,3.65924835205,483,16.1590576172
roadNet-CA,s64_mfull_fast,2,tile_load,0.949144363403,483,16.1590576172
roadNet-CA,s64_mfull_fast,2,tile_compute,1.86944007874,483,16.1590576172
roadNet-CA,s64_mfull_fast,2,tile_store,0.0753402709961,483,16.1590576172
roadNet-CA,s64_mfull_fast,2,output_scatter,0.967502593994,483,16.1590576172
roadNet-CA,s64_mfull_fast,2,thread_amx_setup,0.0364780426025,483,16.1590576172
roadNet-CA,s64_mfull_fast,2,window_state_load,0,483,16.1590576172
roadNet-CA,s64_mfull_fast,2,window_state_store,0.552654266357,483,16.1590576172
roadNet-CA,s128_mfull_fast,1,output_zero,0.000953674316406,483,18.963098526
roadNet-CA,s128_mfull_fast,1,row_schedule,0.155687332153,483,18.963098526
roadNet-CA,s128_mfull_fast,1,partial_zero,0.178575515747,483,18.963098526
roadNet-CA,s128_mfull_fast,1,csr_prefetch,3.81374359131,483,18.963098526
roadNet-CA,s128_mfull_fast,1,feature_gather_decode,3.94916534424,483,18.963098526
roadNet-CA,s128_mfull_fast,1,fp32_neighbor_reduction,1.31440162659,483,18.963098526
roadNet-CA,s128_mfull_fast,1,partial_bf16_conversion,3.63254547119,483,18.963098526
roadNet-CA,s128_mfull_fast,1,tile_load,0.936985015869,483,18.963098526
roadNet-CA,s128_mfull_fast,1,tile_compute,1.89995765686,483,18.963098526
roadNet-CA,s128_mfull_fast,1,tile_store,0.0903606414795,483,18.963098526
roadNet-CA,s128_mfull_fast,1,output_scatter,0.577688217163,483,18.963098526
roadNet-CA,s128_mfull_fast,1,thread_amx_setup,0.0236034393311,483,18.963098526
roadNet-CA,s128_mfull_fast,1,window_state_load,0,483,18.963098526
roadNet-CA,s128_mfull_fast,1,window_state_store,0.469923019409,483,18.963098526
roadNet-CA,s128_mfull_fast,2,output_zero,0,483,16.242980957
roadNet-CA,s128_mfull_fast,2,row_schedule,0.142812728882,483,16.242980957
roadNet-CA,s128_mfull_fast,2,partial_zero,0.203132629395,483,16.242980957
roadNet-CA,s128_mfull_fast,2,csr_prefetch,3.87644767761,483,16.242980957
roadNet-CA,s128_mfull_fast,2,feature_gather_decode,4.17852401733,483,16.242980957
roadNet-CA,s128_mfull_fast,2,fp32_neighbor_reduction,1.31034851074,483,16.242980957
roadNet-CA,s128_mfull_fast,2,partial_bf16_conversion,3.66902351379,483,16.242980957
roadNet-CA,s128_mfull_fast,2,tile_load,0.990390777588,483,16.242980957
roadNet-CA,s128_mfull_fast,2,tile_compute,1.89113616943,483,16.242980957
roadNet-CA,s128_mfull_fast,2,tile_store,0.0777244567871,483,16.242980957
roadNet-CA,s128_mfull_fast,2,output_scatter,0.972509384155,483,16.242980957
roadNet-CA,s128_mfull_fast,2,thread_amx_setup,0.0410079956055,483,16.242980957
roadNet-CA,s128_mfull_fast,2,window_state_load,0,483,16.242980957
roadNet-CA,s128_mfull_fast,2,window_state_store,0.47779083252,483,16.242980957
roadNet-CA,s64_mfull_accurate,1,output_zero,0,483,20.6611156464
roadNet-CA,s64_mfull_accurate,1,row_schedule,0.144720077515,483,20.6611156464
roadNet-CA,s64_mfull_accurate,1,partial_zero,0.19097328186,483,20.6611156464
roadNet-CA,s64_mfull_accurate,1,csr_prefetch,3.83114814758,483,20.6611156464
roadNet-CA,s64_mfull_accurate,1,feature_gather_decode,4.29844856262,483,20.6611156464
roadNet-CA,s64_mfull_accurate,1,fp32_neighbor_reduction,1.42598152161,483,20.6611156464
roadNet-CA,s64_mfull_accurate,1,partial_bf16_conversion,11.244058609,483,20.6611156464
roadNet-CA,s64_mfull_accurate,1,tile_load,1.77669525146,483,20.6611156464
roadNet-CA,s64_mfull_accurate,1,tile_compute,2.39872932434,483,20.6611156464
roadNet-CA,s64_mfull_accurate,1,tile_store,0.0841617584229,483,20.6611156464
roadNet-CA,s64_mfull_accurate,1,output_scatter,0.622510910034,483,20.6611156464
roadNet-CA,s64_mfull_accurate,1,thread_amx_setup,0.0247955322266,483,20.6611156464
roadNet-CA,s64_mfull_accurate,1,window_state_load,0,483,20.6611156464
roadNet-CA,s64_mfull_accurate,1,window_state_store,0.532150268555,483,20.6611156464
roadNet-CA,s64_mfull_accurate,2,output_zero,0,483,17.7772045135
roadNet-CA,s64_mfull_accurate,2,row_schedule,0.138282775879,483,17.7772045135
roadNet-CA,s64_mfull_accurate,2,partial_zero,0.20956993103,483,17.7772045135
roadNet-CA,s64_mfull_accurate,2,csr_prefetch,4.10723686218,483,17.7772045135
roadNet-CA,s64_mfull_accurate,2,feature_gather_decode,4.34947013855,483,17.7772045135
roadNet-CA,s64_mfull_accurate,2,fp32_neighbor_reduction,1.32751464844,483,17.7772045135
roadNet-CA,s64_mfull_accurate,2,partial_bf16_conversion,11.2211704254,483,17.7772045135
roadNet-CA,s64_mfull_accurate,2,tile_load,1.92260742188,483,17.7772045135
roadNet-CA,s64_mfull_accurate,2,tile_compute,2.17247009277,483,17.7772045135
roadNet-CA,s64_mfull_accurate,2,tile_store,0.0927448272705,483,17.7772045135
roadNet-CA,s64_mfull_accurate,2,output_scatter,1.02305412292,483,17.7772045135
roadNet-CA,s64_mfull_accurate,2,thread_amx_setup,0.0407695770264,483,17.7772045135
roadNet-CA,s64_mfull_accurate,2,window_state_load,0,483,17.7772045135
roadNet-CA,s64_mfull_accurate,2,window_state_store,0.490427017212,483,17.7772045135
roadNet-CA,s64_mfull_rowwise_fast,1,output_zero,0,483,19.0768241882
roadNet-CA,s64_mfull_rowwise_fast,1,row_schedule,0.138521194458,483,19.0768241882
roadNet-CA,s64_mfull_rowwise_fast,1,partial_zero,0.187158584595,483,19.0768241882
roadNet-CA,s64_mfull_rowwise_fast,1,csr_prefetch,3.83019447327,483,19.0768241882
roadNet-CA,s64_mfull_rowwise_fast,1,feature_gather_decode,4.12774085999,483,19.0768241882
roadNet-CA,s64_mfull_rowwise_fast,1,fp32_neighbor_reduction,1.29890441895,483,19.0768241882
roadNet-CA,s64_mfull_rowwise_fast,1,partial_bf16_conversion,3.6449432373,483,19.0768241882
roadNet-CA,s64_mfull_rowwise_fast,1,tile_load,0.949144363403,483,19.0768241882
roadNet-CA,s64_mfull_rowwise_fast,1,tile_compute,1.87706947327,483,19.0768241882
roadNet-CA,s64_mfull_rowwise_fast,1,tile_store,0.0839233398438,483,19.0768241882
roadNet-CA,s64_mfull_rowwise_fast,1,output_scatter,0.657796859741,483,19.0768241882
roadNet-CA,s64_mfull_rowwise_fast,1,thread_amx_setup,0.0238418579102,483,19.0768241882
roadNet-CA,s64_mfull_rowwise_fast,1,window_state_load,0,483,19.0768241882
roadNet-CA,s64_mfull_rowwise_fast,1,window_state_store,0.438213348389,483,19.0768241882
roadNet-CA,s64_mfull_rowwise_fast,2,output_zero,0,483,16.1139965057
roadNet-CA,s64_mfull_rowwise_fast,2,row_schedule,0.329971313477,483,16.1139965057
roadNet-CA,s64_mfull_rowwise_fast,2,partial_zero,0.168085098267,483,16.1139965057
roadNet-CA,s64_mfull_rowwise_fast,2,csr_prefetch,3.71122360229,483,16.1139965057
roadNet-CA,s64_mfull_rowwise_fast,2,feature_gather_decode,4.10103797913,483,16.1139965057
roadNet-CA,s64_mfull_rowwise_fast,2,fp32_neighbor_reduction,1.3108253479,483,16.1139965057
roadNet-CA,s64_mfull_rowwise_fast,2,partial_bf16_conversion,3.65877151489,483,16.1139965057
roadNet-CA,s64_mfull_rowwise_fast,2,tile_load,0.938177108765,483,16.1139965057
roadNet-CA,s64_mfull_rowwise_fast,2,tile_compute,1.84750556946,483,16.1139965057
roadNet-CA,s64_mfull_rowwise_fast,2,tile_store,0.0762939453125,483,16.1139965057
roadNet-CA,s64_mfull_rowwise_fast,2,output_scatter,0.959396362305,483,16.1139965057
roadNet-CA,s64_mfull_rowwise_fast,2,thread_amx_setup,0.0288486480713,483,16.1139965057
roadNet-CA,s64_mfull_rowwise_fast,2,window_state_load,0,483,16.1139965057
roadNet-CA,s64_mfull_rowwise_fast,2,window_state_store,0.531673431396,483,16.1139965057
hollywood-2009,b64_fast,1,output_zero,0,280,94.7210788727
hollywood-2009,b64_fast,1,row_schedule,0.093936920166,280,94.7210788727
hollywood-2009,b64_fast,1,partial_zero,0.171184539795,280,94.7210788727
hollywood-2009,b64_fast,1,csr_prefetch,13.6303901672,280,94.7210788727
hollywood-2009,b64_fast,1,feature_gather_decode,17.5306797028,280,94.7210788727
hollywood-2009,b64_fast,1,fp32_neighbor_reduction,12.8166675568,280,94.7210788727
hollywood-2009,b64_fast,1,partial_bf16_conversion,0.29993057251,280,94.7210788727
hollywood-2009,b64_fast,1,tile_load,0.822305679321,280,94.7210788727
hollywood-2009,b64_fast,1,tile_compute,1.63841247559,280,94.7210788727
hollywood-2009,b64_fast,1,tile_store,0.0848770141602,280,94.7210788727
hollywood-2009,b64_fast,1,output_scatter,0.294208526611,280,94.7210788727
hollywood-2009,b64_fast,1,thread_amx_setup,0.02121925354,280,94.7210788727
hollywood-2009,b64_fast,2,output_zero,0,280,95.8847999573
hollywood-2009,b64_fast,2,row_schedule,0.0929832458496,280,95.8847999573
hollywood-2009,b64_fast,2,partial_zero,0.160217285156,280,95.8847999573
hollywood-2009,b64_fast,2,csr_prefetch,13.3476257324,280,95.8847999573
hollywood-2009,b64_fast,2,feature_gather_decode,17.4858570099,280,95.8847999573
hollywood-2009,b64_fast,2,fp32_neighbor_reduction,12.6881599426,280,95.8847999573
hollywood-2009,b64_fast,2,partial_bf16_conversion,0.164031982422,280,95.8847999573
hollywood-2009,b64_fast,2,tile_load,0.792264938354,280,95.8847999573
hollywood-2009,b64_fast,2,tile_compute,1.59907341003,280,95.8847999573
hollywood-2009,b64_fast,2,tile_store,0.0863075256348,280,95.8847999573
hollywood-2009,b64_fast,2,output_scatter,0.0488758087158,280,95.8847999573
hollywood-2009,b64_fast,2,thread_amx_setup,0.0250339508057,280,95.8847999573
hollywood-2009,b64_accurate,1,output_zero,0,280,95.7179069519
hollywood-2009,b64_accurate,1,row_schedule,0.0808238983154,280,95.7179069519
hollywood-2009,b64_accurate,1,partial_zero,0.192880630493,280,95.7179069519
hollywood-2009,b64_accurate,1,csr_prefetch,13.8962268829,280,95.7179069519
hollywood-2009,b64_accurate,1,feature_gather_decode,17.4190998077,280,95.7179069519
hollywood-2009,b64_accurate,1,fp32_neighbor_reduction,13.0293369293,280,95.7179069519
hollywood-2009,b64_accurate,1,partial_bf16_conversion,0.218152999878,280,95.7179069519
hollywood-2009,b64_accurate,1,tile_load,1.34134292603,280,95.7179069519
hollywood-2009,b64_accurate,1,tile_compute,2.16245651245,280,95.7179069519
hollywood-2009,b64_accurate,1,tile_store,0.068187713623,280,95.7179069519
hollywood-2009,b64_accurate,1,output_scatter,0.311613082886,280,95.7179069519
hollywood-2009,b64_accurate,1,thread_amx_setup,0.0152587890625,280,95.7179069519
hollywood-2009,b64_accurate,2,output_zero,0,280,93.3120250702
hollywood-2009,b64_accurate,2,row_schedule,0.104427337646,280,93.3120250702
hollywood-2009,b64_accurate,2,partial_zero,0.158786773682,280,93.3120250702
hollywood-2009,b64_accurate,2,csr_prefetch,13.9458179474,280,93.3120250702
hollywood-2009,b64_accurate,2,feature_gather_decode,17.3895359039,280,93.3120250702
hollywood-2009,b64_accurate,2,fp32_neighbor_reduction,13.2436752319,280,93.3120250702
hollywood-2009,b64_accurate,2,partial_bf16_conversion,0.221252441406,280,93.3120250702
hollywood-2009,b64_accurate,2,tile_load,1.32966041565,280,93.3120250702
hollywood-2009,b64_accurate,2,tile_compute,2.22396850586,280,93.3120250702
hollywood-2009,b64_accurate,2,tile_store,0.0805854797363,280,93.3120250702
hollywood-2009,b64_accurate,2,output_scatter,0.0460147857666,280,93.3120250702
hollywood-2009,b64_accurate,2,thread_amx_setup,0.0343322753906,280,93.3120250702
hollywood-2009,bfull_fast,1,output_zero,0,280,94.1979885101
hollywood-2009,bfull_fast,1,row_schedule,0.101566314697,280,94.1979885101
hollywood-2009,bfull_fast,1,partial_zero,0.0605583190918,280,94.1979885101
hollywood-2009,bfull_fast,1,csr_prefetch,13.4427547455,280,94.1979885101
hollywood-2009,bfull_fast,1,feature_gather_decode,17.6432132721,280,94.1979885101
hollywood-2009,bfull_fast,1,fp32_neighbor_reduction,12.6025676727,280,94.1979885101
hollywood-2009,bfull_fast,1,partial_bf16_conversion,0.0514984130859,280,94.1979885101
hollywood-2009,bfull_fast,1,tile_load,0.264406204224,280,94.1979885101
hollywood-2009,bfull_fast,1,tile_compute,0.68998336792,280,94.1979885101
hollywood-2009,bfull_fast,1,tile_store,0.0345706939697,280,94.1979885101
hollywood-2009,bfull_fast,1,output_scatter,0.308513641357,280,94.1979885101
hollywood-2009,bfull_fast,1,thread_amx_setup,0.0247955322266,280,94.1979885101
hollywood-2009,bfull_fast,2,output_zero,0,280,92.8227901459
hollywood-2009,bfull_fast,2,row_schedule,0.0872611999512,280,92.8227901459
hollywood-2009,bfull_fast,2,partial_zero,0.0827312469482,280,92.8227901459
hollywood-2009,bfull_fast,2,csr_prefetch,13.6992931366,280,92.8227901459
hollywood-2009,bfull_fast,2,feature_gather_decode,18.833398819,280,92.8227901459
hollywood-2009,bfull_fast,2,fp32_neighbor_reduction,12.5508308411,280,92.8227901459
hollywood-2009,bfull_fast,2,partial_bf16_conversion,0.0722408294678,280,92.8227901459
hollywood-2009,bfull_fast,2,tile_load,0.264644622803,280,92.8227901459
hollywood-2009,bfull_fast,2,tile_compute,0.711917877197,280,92.8227901459
hollywood-2009,bfull_fast,2,tile_store,0.0245571136475,280,92.8227901459
hollywood-2009,bfull_fast,2,output_scatter,0.0710487365723,280,92.8227901459
hollywood-2009,bfull_fast,2,thread_amx_setup,0.0269412994385,280,92.8227901459
hollywood-2009,bfull_accurate,1,output_zero,0,280,94.0899848938
hollywood-2009,bfull_accurate,1,row_schedule,0.0720024108887,280,94.0899848938
hollywood-2009,bfull_accurate,1,partial_zero,0.0877380371094,280,94.0899848938
hollywood-2009,bfull_accurate,1,csr_prefetch,13.7434005737,280,94.0899848938
hollywood-2009,bfull_accurate,1,feature_gather_decode,17.4629688263,280,94.0899848938
hollywood-2009,bfull_accurate,1,fp32_neighbor_reduction,12.5505924225,280,94.0899848938
hollywood-2009,bfull_accurate,1,partial_bf16_conversion,0.0858306884766,280,94.0899848938
hollywood-2009,bfull_accurate,1,tile_load,0.409364700317,280,94.0899848938
hollywood-2009,bfull_accurate,1,tile_compute,1.02829933167,280,94.0899848938
hollywood-2009,bfull_accurate,1,tile_store,0.0236034393311,280,94.0899848938
hollywood-2009,bfull_accurate,1,output_scatter,0.314712524414,280,94.0899848938
hollywood-2009,bfull_accurate,1,thread_amx_setup,0.0152587890625,280,94.0899848938
hollywood-2009,bfull_accurate,2,output_zero,0,280,95.0300693512
hollywood-2009,bfull_accurate,2,row_schedule,0.108242034912,280,95.0300693512
hollywood-2009,bfull_accurate,2,partial_zero,0.075101852417,280,95.0300693512
hollywood-2009,bfull_accurate,2,csr_prefetch,13.6542320251,280,95.0300693512
hollywood-2009,bfull_accurate,2,feature_gather_decode,17.3044204712,280,95.0300693512
hollywood-2009,bfull_accurate,2,fp32_neighbor_reduction,12.5818252563,280,95.0300693512
hollywood-2009,bfull_accurate,2,partial_bf16_conversion,0.0846385955811,280,95.0300693512
hollywood-2009,bfull_accurate,2,tile_load,0.441789627075,280,95.0300693512
hollywood-2009,bfull_accurate,2,tile_compute,1.00040435791,280,95.0300693512
hollywood-2009,bfull_accurate,2,tile_store,0.0295639038086,280,95.0300693512
hollywood-2009,bfull_accurate,2,output_scatter,0.0603199005127,280,95.0300693512
hollywood-2009,bfull_accurate,2,thread_amx_setup,0.0247955322266,280,95.0300693512
hollywood-2009,b256_fast,1,output_zero,0,280,89.2469882965
hollywood-2009,b256_fast,1,row_schedule,0.0932216644287,280,89.2469882965
hollywood-2009,b256_fast,1,partial_zero,0.0984668731689,280,89.2469882965
hollywood-2009,b256_fast,1,csr_prefetch,13.3864879608,280,89.2469882965
hollywood-2009,b256_fast,1,feature_gather_decode,17.630815506,280,89.2469882965
hollywood-2009,b256_fast,1,fp32_neighbor_reduction,12.5293731689,280,89.2469882965
hollywood-2009,b256_fast,1,partial_bf16_conversion,0.0877380371094,280,89.2469882965
hollywood-2009,b256_fast,1,tile_load,0.470638275146,280,89.2469882965
hollywood-2009,b256_fast,1,tile_compute,0.899791717529,280,89.2469882965
hollywood-2009,b256_fast,1,tile_store,0.044584274292,280,89.2469882965
hollywood-2009,b256_fast,1,output_scatter,0.310897827148,280,89.2469882965
hollywood-2009,b256_fast,1,thread_amx_setup,0.025749206543,280,89.2469882965
hollywood-2009,b256_fast,2,output_zero,0,280,88.1550312042
hollywood-2009,b256_fast,2,row_schedule,0.0848770141602,280,88.1550312042
hollywood-2009,b256_fast,2,partial_zero,0.0879764556885,280,88.1550312042
hollywood-2009,b256_fast,2,csr_prefetch,13.3514404297,280,88.1550312042
hollywood-2009,b256_fast,2,feature_gather_decode,17.1871185303,280,88.1550312042
hollywood-2009,b256_fast,2,fp32_neighbor_reduction,12.4678611755,280,88.1550312042
hollywood-2009,b256_fast,2,partial_bf16_conversion,0.0715255737305,280,88.1550312042
hollywood-2009,b256_fast,2,tile_load,0.42724609375,280,88.1550312042
hollywood-2009,b256_fast,2,tile_compute,0.852108001709,280,88.1550312042
hollywood-2009,b256_fast,2,tile_store,0.0529289245605,280,88.1550312042
hollywood-2009,b256_fast,2,output_scatter,0.0443458557129,280,88.1550312042
hollywood-2009,b256_fast,2,thread_amx_setup,0.0250339508057,280,88.1550312042
hollywood-2009,b256_accurate,1,output_zero,0,280,90.3708934784
hollywood-2009,b256_accurate,1,row_schedule,0.072717666626,280,90.3708934784
hollywood-2009,b256_accurate,1,partial_zero,0.0998973846436,280,90.3708934784
hollywood-2009,b256_accurate,1,csr_prefetch,13.5548114777,280,90.3708934784
hollywood-2009,b256_accurate,1,feature_gather_decode,17.4372196198,280,90.3708934784
hollywood-2009,b256_accurate,1,fp32_neighbor_reduction,12.6249790192,280,90.3708934784
hollywood-2009,b256_accurate,1,partial_bf16_conversion,0.111818313599,280,90.3708934784
hollywood-2009,b256_accurate,1,tile_load,0.656127929688,280,90.3708934784
hollywood-2009,b256_accurate,1,tile_compute,1.25551223755,280,90.3708934784
hollywood-2009,b256_accurate,1,tile_store,0.049352645874,280,90.3708934784
hollywood-2009,b256_accurate,1,output_scatter,0.306606292725,280,90.3708934784
hollywood-2009,b256_accurate,1,thread_amx_setup,0.0238418579102,280,90.3708934784
hollywood-2009,b256_accurate,2,output_zero,0,280,96.225976944
hollywood-2009,b256_accurate,2,row_schedule,0.096321105957,280,96.225976944
hollywood-2009,b256_accurate,2,partial_zero,0.0960826873779,280,96.225976944
hollywood-2009,b256_accurate,2,csr_prefetch,13.5345458984,280,96.225976944
hollywood-2009,b256_accurate,2,feature_gather_decode,17.5611972809,280,96.225976944
hollywood-2009,b256_accurate,2,fp32_neighbor_reduction,12.6674175262,280,96.225976944
hollywood-2009,b256_accurate,2,partial_bf16_conversion,0.104904174805,280,96.225976944
hollywood-2009,b256_accurate,2,tile_load,0.664234161377,280,96.225976944
hollywood-2009,b256_accurate,2,tile_compute,1.33848190308,280,96.225976944
hollywood-2009,b256_accurate,2,tile_store,0.0429153442383,280,96.225976944
hollywood-2009,b256_accurate,2,output_scatter,0.0483989715576,280,96.225976944
hollywood-2009,b256_accurate,2,thread_amx_setup,0.0355243682861,280,96.225976944
hollywood-2009,s64_m64_fast,1,output_zero,0,280,108.772039413
hollywood-2009,s64_m64_fast,1,row_schedule,0.138998031616,280,108.772039413
hollywood-2009,s64_m64_fast,1,partial_zero,0.244617462158,280,108.772039413
hollywood-2009,s64_m64_fast,1,csr_prefetch,92.479467392,280,108.772039413
hollywood-2009,s64_m64_fast,1,feature_gather_decode,65.8240318298,280,108.772039413
hollywood-2009,s64_m64_fast,1,fp32_neighbor_reduction,26.1676311493,280,108.772039413
hollywood-2009,s64_m64_fast,1,partial_bf16_conversion,6.19292259216,280,108.772039413
hollywood-2009,s64_m64_fast,1,tile_load,1.76811218262,280,108.772039413
hollywood-2009,s64_m64_fast,1,tile_compute,2.8088092804,280,108.772039413
hollywood-2009,s64_m64_fast,1,tile_store,0.152587890625,280,108.772039413
hollywood-2009,s64_m64_fast,1,output_scatter,0.375270843506,280,108.772039413
hollywood-2009,s64_m64_fast,1,thread_amx_setup,0.0381469726562,280,108.772039413
hollywood-2009,s64_m64_fast,1,window_state_load,0,280,108.772039413
hollywood-2009,s64_m64_fast,1,window_state_store,0.590085983276,280,108.772039413
hollywood-2009,s64_m64_fast,2,output_zero,0,280,108.417987823
hollywood-2009,s64_m64_fast,2,row_schedule,0.109434127808,280,108.417987823
hollywood-2009,s64_m64_fast,2,partial_zero,0.240564346313,280,108.417987823
hollywood-2009,s64_m64_fast,2,csr_prefetch,92.2954082489,280,108.417987823
hollywood-2009,s64_m64_fast,2,feature_gather_decode,66.9584274292,280,108.417987823
hollywood-2009,s64_m64_fast,2,fp32_neighbor_reduction,26.4203548431,280,108.417987823
hollywood-2009,s64_m64_fast,2,partial_bf16_conversion,6.10518455505,280,108.417987823
hollywood-2009,s64_m64_fast,2,tile_load,1.793384552,280,108.417987823
hollywood-2009,s64_m64_fast,2,tile_compute,2.59280204773,280,108.417987823
hollywood-2009,s64_m64_fast,2,tile_store,0.160217285156,280,108.417987823
hollywood-2009,s64_m64_fast,2,output_scatter,0.579833984375,280,108.417987823
hollywood-2009,s64_m64_fast,2,thread_amx_setup,0.0391006469727,280,108.417987823
hollywood-2009,s64_m64_fast,2,window_state_load,0,280,108.417987823
hollywood-2009,s64_m64_fast,2,window_state_store,0.600576400757,280,108.417987823
hollywood-2009,s32_m64_fast,1,output_zero,0,280,107.122898102
hollywood-2009,s32_m64_fast,1,row_schedule,0.148773193359,280,107.122898102
hollywood-2009,s32_m64_fast,1,partial_zero,0.232934951782,280,107.122898102
hollywood-2009,s32_m64_fast,1,csr_prefetch,91.6991233826,280,107.122898102
hollywood-2009,s32_m64_fast,1,feature_gather_decode,66.8611526489,280,107.122898102
hollywood-2009,s32_m64_fast,1,fp32_neighbor_reduction,26.5603065491,280,107.122898102
hollywood-2009,s32_m64_fast,1,partial_bf16_conversion,6.10327720642,280,107.122898102
hollywood-2009,s32_m64_fast,1,tile_load,1.77836418152,280,107.122898102
hollywood-2009,s32_m64_fast,1,tile_compute,2.66695022583,280,107.122898102
hollywood-2009,s32_m64_fast,1,tile_store,0.151395797729,280,107.122898102
hollywood-2009,s32_m64_fast,1,output_scatter,0.360012054443,280,107.122898102
hollywood-2009,s32_m64_fast,1,thread_amx_setup,0.0298023223877,280,107.122898102
hollywood-2009,s32_m64_fast,1,window_state_load,0.429391860962,280,107.122898102
hollywood-2009,s32_m64_fast,1,window_state_store,1.02686882019,280,107.122898102
hollywood-2009,s32_m64_fast,2,output_zero,0,280,104.789972305
hollywood-2009,s32_m64_fast,2,row_schedule,0.139236450195,280,104.789972305
hollywood-2009,s32_m64_fast,2,partial_zero,0.249624252319,280,104.789972305
hollywood-2009,s32_m64_fast,2,csr_prefetch,92.8754806519,280,104.789972305
hollywood-2009,s32_m64_fast,2,feature_gather_decode,67.3341751099,280,104.789972305
hollywood-2009,s32_m64_fast,2,fp32_neighbor_reduction,26.4708995819,280,104.789972305
hollywood-2009,s32_m64_fast,2,partial_bf16_conversion,6.12735748291,280,104.789972305
hollywood-2009,s32_m64_fast,2,tile_load,1.81460380554,280,104.789972305
hollywood-2009,s32_m64_fast,2,tile_compute,2.72107124329,280,104.789972305
hollywood-2009,s32_m64_fast,2,tile_store,0.14328956604,280,104.789972305
hollywood-2009,s32_m64_fast,2,output_scatter,0.578641891479,280,104.789972305
hollywood-2009,s32_m64_fast,2,thread_amx_setup,0.0405311584473,280,104.789972305
hollywood-2009,s32_m64_fast,2,window_state_load,0.40340423584,280,104.789972305
hollywood-2009,s32_m64_fast,2,window_state_store,1.08623504639,280,104.789972305
hollywood-2009,s32_m256_fast,1,output_zero,0,280,110.1770401
hollywood-2009,s32_m256_fast,1,row_schedule,0.147342681885,280,110.1770401
hollywood-2009,s32_m256_fast,1,partial_zero,0.168561935425,280,110.1770401
hollywood-2009,s32_m256_fast,1,csr_prefetch,91.8419361115,280,110.1770401
hollywood-2009,s32_m256_fast,1,feature_gather_decode,67.033290863,280,110.1770401
hollywood-2009,s32_m256_fast,1,fp32_neighbor_reduction,26.3028144836,280,110.1770401
hollywood-2009,s32_m256_fast,1,partial_bf16_conversion,2.93827056885,280,110.1770401
hollywood-2009,s32_m256_fast,1,tile_load,0.836372375488,280,110.1770401
hollywood-2009,s32_m256_fast,1,tile_compute,1.40738487244,280,110.1770401
hollywood-2009,s32_m256_fast,1,tile_store,0.0791549682617,280,110.1770401
hollywood-2009,s32_m256_fast,1,output_scatter,0.388383865356,280,110.1770401
hollywood-2009,s32_m256_fast,1,thread_amx_setup,0.0338554382324,280,110.1770401
hollywood-2009,s32_m256_fast,1,window_state_load,0.674724578857,280,110.1770401
hollywood-2009,s32_m256_fast,1,window_state_store,1.05762481689,280,110.1770401
hollywood-2009,s32_m256_fast,2,output_zero,0,280,102.98204422
hollywood-2009,s32_m256_fast,2,row_schedule,0.112533569336,280,102.98204422
hollywood-2009,s32_m256_fast,2,partial_zero,0.17261505127,280,102.98204422
hollywood-2009,s32_m256_fast,2,csr_prefetch,92.7693843842,280,102.98204422
hollywood-2009,s32_m256_fast,2,feature_gather_decode,67.1977996826,280,102.98204422
hollywood-2009,s32_m256_fast,2,fp32_neighbor_reduction,26.2849330902,280,102.98204422
hollywood-2009,s32_m256_fast,2,partial_bf16_conversion,2.9456615448,280,102.98204422
hollywood-2009,s32_m256_fast,2,tile_load,0.792026519775,280,102.98204422
hollywood-2009,s32_m256_fast,2,tile_compute,1.42431259155,280,102.98204422
hollywood-2009,s32_m256_fast,2,tile_store,0.0815391540527,280,102.98204422
hollywood-2009,s32_m256_fast,2,output_scatter,0.576734542847,280,102.98204422
hollywood-2009,s32_m256_fast,2,thread_amx_setup,0.0395774841309,280,102.98204422
hollywood-2009,s32_m256_fast,2,window_state_load,0.701427459717,280,102.98204422
hollywood-2009,s32_m256_fast,2,window_state_store,1.03545188904,280,102.98204422
hollywood-2009,s64_m256_fast,1,output_zero,0,280,115.378141403
hollywood-2009,s64_m256_fast,1,row_schedule,0.140428543091,280,115.378141403
hollywood-2009,s64_m256_fast,1,partial_zero,0.178098678589,280,115.378141403
hollywood-2009,s64_m256_fast,1,csr_prefetch,93.0485725403,280,115.378141403
hollywood-2009,s64_m256_fast,1,feature_gather_decode,67.1107769012,280,115.378141403
hollywood-2009,s64_m256_fast,1,fp32_neighbor_reduction,26.4341831207,280,115.378141403
hollywood-2009,s64_m256_fast,1,partial_bf16_conversion,2.9673576355,280,115.378141403
hollywood-2009,s64_m256_fast,1,tile_load,0.833988189697,280,115.378141403
hollywood-2009,s64_m256_fast,1,tile_compute,1.37162208557,280,115.378141403
hollywood-2009,s64_m256_fast,1,tile_store,0.0648498535156,280,115.378141403
hollywood-2009,s64_m256_fast,1,output_scatter,0.373363494873,280,115.378141403
hollywood-2009,s64_m256_fast,1,thread_amx_setup,0.0386238098145,280,115.378141403
hollywood-2009,s64_m256_fast,1,window_state_load,0.280857086182,280,115.378141403
hollywood-2009,s64_m256_fast,1,window_state_store,0.582933425903,280,115.378141403
hollywood-2009,s64_m256_fast,2,output_zero,0.000953674316406,280,111.255884171
hollywood-2009,s64_m256_fast,2,row_schedule,0.121593475342,280,111.255884171
hollywood-2009,s64_m256_fast,2,partial_zero,0.145435333252,280,111.255884171
hollywood-2009,s64_m256_fast,2,csr_prefetch,92.2536849976,280,111.255884171
hollywood-2009,s64_m256_fast,2,feature_gather_decode,67.0547485352,280,111.255884171
hollywood-2009,s64_m256_fast,2,fp32_neighbor_reduction,26.3755321503,280,111.255884171
hollywood-2009,s64_m256_fast,2,partial_bf16_conversion,2.97284126282,280,111.255884171
hollywood-2009,s64_m256_fast,2,tile_load,0.845193862915,280,111.255884171
hollywood-2009,s64_m256_fast,2,tile_compute,1.37877464294,280,111.255884171
hollywood-2009,s64_m256_fast,2,tile_store,0.0753402709961,280,111.255884171
hollywood-2009,s64_m256_fast,2,output_scatter,0.583410263062,280,111.255884171
hollywood-2009,s64_m256_fast,2,thread_amx_setup,0.0374317169189,280,111.255884171
hollywood-2009,s64_m256_fast,2,window_state_load,0.27060508728,280,111.255884171
hollywood-2009,s64_m256_fast,2,window_state_store,0.622510910034,280,111.255884171
hollywood-2009,s32_mfull_fast,1,output_zero,0,280,101.324081421
hollywood-2009,s32_mfull_fast,1,row_schedule,0.130891799927,280,101.324081421
hollywood-2009,s32_mfull_fast,1,partial_zero,0.147104263306,280,101.324081421
hollywood-2009,s32_mfull_fast,1,csr_prefetch,92.7197933197,280,101.324081421
hollywood-2009,s32_mfull_fast,1,feature_gather_decode,66.5452480316,280,101.324081421
hollywood-2009,s32_mfull_fast,1,fp32_neighbor_reduction,26.4172554016,280,101.324081421
hollywood-2009,s32_mfull_fast,1,partial_bf16_conversion,2.20847129822,280,101.324081421
hollywood-2009,s32_mfull_fast,1,tile_load,0.54931640625,280,101.324081421
hollywood-2009,s32_mfull_fast,1,tile_compute,1.11842155457,280,101.324081421
hollywood-2009,s32_mfull_fast,1,tile_store,0.0588893890381,280,101.324081421
hollywood-2009,s32_mfull_fast,1,output_scatter,0.370025634766,280,101.324081421
hollywood-2009,s32_mfull_fast,1,thread_amx_setup,0.0321865081787,280,101.324081421
hollywood-2009,s32_mfull_fast,1,window_state_load,0.724792480469,280,101.324081421
hollywood-2009,s32_mfull_fast,1,window_state_store,1.03664398193,280,101.324081421
hollywood-2009,s32_mfull_fast,2,output_zero,0,280,107.891082764
hollywood-2009,s32_mfull_fast,2,row_schedule,0.113964080811,280,107.891082764
hollywood-2009,s32_mfull_fast,2,partial_zero,0.138282775879,280,107.891082764
hollywood-2009,s32_mfull_fast,2,csr_prefetch,92.9293632507,280,107.891082764
hollywood-2009,s32_mfull_fast,2,feature_gather_decode,66.0088062286,280,107.891082764
hollywood-2009,s32_mfull_fast,2,fp32_neighbor_reduction,26.4284610748,280,107.891082764
hollywood-2009,s32_mfull_fast,2,partial_bf16_conversion,2.1550655365,280,107.891082764
hollywood-2009,s32_mfull_fast,2,tile_load,0.59175491333,280,107.891082764
hollywood-2009,s32_mfull_fast,2,tile_compute,1.07049942017,280,107.891082764
hollywood-2009,s32_mfull_fast,2,tile_store,0.0488758087158,280,107.891082764
hollywood-2009,s32_mfull_fast,2,output_scatter,0.577926635742,280,107.891082764
hollywood-2009,s32_mfull_fast,2,thread_amx_setup,0.0412464141846,280,107.891082764
hollywood-2009,s32_mfull_fast,2,window_state_load,0.769853591919,280,107.891082764
hollywood-2009,s32_mfull_fast,2,window_state_store,1.04475021362,280,107.891082764
hollywood-2009,s64_mfull_fast,1,output_zero,0,280,100.535869598
hollywood-2009,s64_mfull_fast,1,row_schedule,0.136613845825,280,100.535869598
hollywood-2009,s64_mfull_fast,1,partial_zero,0.131607055664,280,100.535869598
hollywood-2009,s64_mfull_fast,1,csr_prefetch,92.7410125732,280,100.535869598
hollywood-2009,s64_mfull_fast,1,feature_gather_decode,66.6818618774,280,100.535869598
hollywood-2009,s64_mfull_fast,1,fp32_neighbor_reduction,26.8175601959,280,100.535869598
hollywood-2009,s64_mfull_fast,1,partial_bf16_conversion,2.19988822937,280,100.535869598
hollywood-2009,s64_mfull_fast,1,tile_load,0.555992126465,280,100.535869598
hollywood-2009,s64_mfull_fast,1,tile_compute,1.09052658081,280,100.535869598
hollywood-2009,s64_mfull_fast,1,tile_store,0.0603199005127,280,100.535869598
hollywood-2009,s64_mfull_fast,1,output_scatter,0.356674194336,280,100.535869598
hollywood-2009,s64_mfull_fast,1,thread_amx_setup,0.0338554382324,280,100.535869598
hollywood-2009,s64_mfull_fast,1,window_state_load,0.327110290527,280,100.535869598
hollywood-2009,s64_mfull_fast,1,window_state_store,0.657796859741,280,100.535869598
hollywood-2009,s64_mfull_fast,2,output_zero,0,280,108.90007019
hollywood-2009,s64_mfull_fast,2,row_schedule,0.118970870972,280,108.90007019
hollywood-2009,s64_mfull_fast,2,partial_zero,0.136375427246,280,108.90007019
hollywood-2009,s64_mfull_fast,2,csr_prefetch,92.8242206573,280,108.90007019
hollywood-2009,s64_mfull_fast,2,feature_gather_decode,67.7251815796,280,108.90007019
hollywood-2009,s64_mfull_fast,2,fp32_neighbor_reduction,26.5438556671,280,108.90007019
hollywood-2009,s64_mfull_fast,2,partial_bf16_conversion,2.20656394958,280,108.90007019
hollywood-2009,s64_mfull_fast,2,tile_load,0.585556030273,280,108.90007019
hollywood-2009,s64_mfull_fast,2,tile_compute,1.08337402344,280,108.90007019
hollywood-2009,s64_mfull_fast,2,tile_store,0.056266784668,280,108.90007019
hollywood-2009,s64_mfull_fast,2,output_scatter,0.58126449585,280,108.90007019
hollywood-2009,s64_mfull_fast,2,thread_amx_setup,0.035285949707,280,108.90007019
hollywood-2009,s64_mfull_fast,2,window_state_load,0.320196151733,280,108.90007019
hollywood-2009,s64_mfull_fast,2,window_state_store,0.600099563599,280,108.90007019
hollywood-2009,s128_mfull_fast,1,output_zero,0,280,103.139877319
hollywood-2009,s128_mfull_fast,1,row_schedule,0.155210494995,280,103.139877319
hollywood-2009,s128_mfull_fast,1,partial_zero,0.137329101562,280,103.139877319
hollywood-2009,s128_mfull_fast,1,csr_prefetch,93.0755138397,280,103.139877319
hollywood-2009,s128_mfull_fast,1,feature_gather_decode,66.4217472076,280,103.139877319
hollywood-2009,s128_mfull_fast,1,fp32_neighbor_reduction,26.1130332947,280,103.139877319
hollywood-2009,s128_mfull_fast,1,partial_bf16_conversion,2.16221809387,280,103.139877319
hollywood-2009,s128_mfull_fast,1,tile_load,0.590085983276,280,103.139877319
hollywood-2009,s128_mfull_fast,1,tile_compute,1.06501579285,280,103.139877319
hollywood-2009,s128_mfull_fast,1,tile_store,0.0545978546143,280,103.139877319
hollywood-2009,s128_mfull_fast,1,output_scatter,0.366449356079,280,103.139877319
hollywood-2009,s128_mfull_fast,1,thread_amx_setup,0.0362396240234,280,103.139877319
hollywood-2009,s128_mfull_fast,1,window_state_load,0.141620635986,280,103.139877319
hollywood-2009,s128_mfull_fast,1,window_state_store,0.413179397583,280,103.139877319
hollywood-2009,s128_mfull_fast,2,output_zero,0,280,107.908964157
hollywood-2009,s128_mfull_fast,2,row_schedule,0.110387802124,280,107.908964157
hollywood-2009,s128_mfull_fast,2,partial_zero,0.138998031616,280,107.908964157
hollywood-2009,s128_mfull_fast,2,csr_prefetch,93.0829048157,280,107.908964157
hollywood-2009,s128_mfull_fast,2,feature_gather_decode,67.485332489,280,107.908964157
hollywood-2009,s128_mfull_fast,2,fp32_neighbor_reduction,26.9293785095,280,107.908964157
hollywood-2009,s128_mfull_fast,2,partial_bf16_conversion,2.19082832336,280,107.908964157
hollywood-2009,s128_mfull_fast,2,tile_load,0.538110733032,280,107.908964157
hollywood-2009,s128_mfull_fast,2,tile_compute,1.10077857971,280,107.908964157
hollywood-2009,s128_mfull_fast,2,tile_store,0.0612735748291,280,107.908964157
hollywood-2009,s128_mfull_fast,2,output_scatter,0.592708587646,280,107.908964157
hollywood-2009,s128_mfull_fast,2,thread_amx_setup,0.0412464141846,280,107.908964157
hollywood-2009,s128_mfull_fast,2,window_state_load,0.154733657837,280,107.908964157
hollywood-2009,s128_mfull_fast,2,window_state_store,0.415086746216,280,107.908964157
hollywood-2009,s64_mfull_accurate,1,output_zero,0,280,113.94906044
hollywood-2009,s64_mfull_accurate,1,row_schedule,0.121593475342,280,113.94906044
hollywood-2009,s64_mfull_accurate,1,partial_zero,0.154495239258,280,113.94906044
hollywood-2009,s64_mfull_accurate,1,csr_prefetch,92.6988124847,280,113.94906044
hollywood-2009,s64_mfull_accurate,1,feature_gather_decode,67.2991275787,280,113.94906044
hollywood-2009,s64_mfull_accurate,1,fp32_neighbor_reduction,26.7288684845,280,113.94906044
hollywood-2009,s64_mfull_accurate,1,partial_bf16_conversion,6.58512115479,280,113.94906044
hollywood-2009,s64_mfull_accurate,1,tile_load,1.05452537537,280,113.94906044
hollywood-2009,s64_mfull_accurate,1,tile_compute,1.27363204956,280,113.94906044
hollywood-2009,s64_mfull_accurate,1,tile_store,0.0519752502441,280,113.94906044
hollywood-2009,s64_mfull_accurate,1,output_scatter,0.367164611816,280,113.94906044
hollywood-2009,s64_mfull_accurate,1,thread_amx_setup,0.0295639038086,280,113.94906044
hollywood-2009,s64_mfull_accurate,1,window_state_load,0.348091125488,280,113.94906044
hollywood-2009,s64_mfull_accurate,1,window_state_store,0.63157081604,280,113.94906044
hollywood-2009,s64_mfull_accurate,2,output_zero,0,280,104.597091675
hollywood-2009,s64_mfull_accurate,2,row_schedule,0.118017196655,280,104.597091675
hollywood-2009,s64_mfull_accurate,2,partial_zero,0.138759613037,280,104.597091675
hollywood-2009,s64_mfull_accurate,2,csr_prefetch,93.2590961456,280,104.597091675
hollywood-2009,s64_mfull_accurate,2,feature_gather_decode,67.5556659698,280,104.597091675
hollywood-2009,s64_mfull_accurate,2,fp32_neighbor_reduction,26.6900062561,280,104.597091675
hollywood-2009,s64_mfull_accurate,2,partial_bf16_conversion,6.67190551758,280,104.597091675
hollywood-2009,s64_mfull_accurate,2,tile_load,1.09815597534,280,104.597091675
hollywood-2009,s64_mfull_accurate,2,tile_compute,1.12628936768,280,104.597091675
hollywood-2009,s64_mfull_accurate,2,tile_store,0.0598430633545,280,104.597091675
hollywood-2009,s64_mfull_accurate,2,output_scatter,0.601053237915,280,104.597091675
hollywood-2009,s64_mfull_accurate,2,thread_amx_setup,0.0417232513428,280,104.597091675
hollywood-2009,s64_mfull_accurate,2,window_state_load,0.339269638062,280,104.597091675
hollywood-2009,s64_mfull_accurate,2,window_state_store,0.646829605103,280,104.597091675
hollywood-2009,s64_mfull_rowwise_fast,1,output_zero,0,280,107.863903046
hollywood-2009,s64_mfull_rowwise_fast,1,row_schedule,0.142574310303,280,107.863903046
hollywood-2009,s64_mfull_rowwise_fast,1,partial_zero,0.160932540894,280,107.863903046
hollywood-2009,s64_mfull_rowwise_fast,1,csr_prefetch,93.5022830963,280,107.863903046
hollywood-2009,s64_mfull_rowwise_fast,1,feature_gather_decode,67.0442581177,280,107.863903046
hollywood-2009,s64_mfull_rowwise_fast,1,fp32_neighbor_reduction,26.5128612518,280,107.863903046
hollywood-2009,s64_mfull_rowwise_fast,1,partial_bf16_conversion,2.18462944031,280,107.863903046
hollywood-2009,s64_mfull_rowwise_fast,1,tile_load,0.566482543945,280,107.863903046
hollywood-2009,s64_mfull_rowwise_fast,1,tile_compute,1.10507011414,280,107.863903046
hollywood-2009,s64_mfull_rowwise_fast,1,tile_store,0.0481605529785,280,107.863903046
hollywood-2009,s64_mfull_rowwise_fast,1,output_scatter,0.385046005249,280,107.863903046
hollywood-2009,s64_mfull_rowwise_fast,1,thread_amx_setup,0.0345706939697,280,107.863903046
hollywood-2009,s64_mfull_rowwise_fast,1,window_state_load,0.311374664307,280,107.863903046
hollywood-2009,s64_mfull_rowwise_fast,1,window_state_store,0.586986541748,280,107.863903046
hollywood-2009,s64_mfull_rowwise_fast,2,output_zero,0,280,104.942798615
hollywood-2009,s64_mfull_rowwise_fast,2,row_schedule,0.148296356201,280,104.942798615
hollywood-2009,s64_mfull_rowwise_fast,2,partial_zero,0.156402587891,280,104.942798615
hollywood-2009,s64_mfull_rowwise_fast,2,csr_prefetch,94.4669246674,280,104.942798615
hollywood-2009,s64_mfull_rowwise_fast,2,feature_gather_decode,67.8131580353,280,104.942798615
hollywood-2009,s64_mfull_rowwise_fast,2,fp32_neighbor_reduction,26.7579555511,280,104.942798615
hollywood-2009,s64_mfull_rowwise_fast,2,partial_bf16_conversion,2.19821929932,280,104.942798615
hollywood-2009,s64_mfull_rowwise_fast,2,tile_load,0.582695007324,280,104.942798615
hollywood-2009,s64_mfull_rowwise_fast,2,tile_compute,1.07359886169,280,104.942798615
hollywood-2009,s64_mfull_rowwise_fast,2,tile_store,0.053882598877,280,104.942798615
hollywood-2009,s64_mfull_rowwise_fast,2,output_scatter,0.583648681641,280,104.942798615
hollywood-2009,s64_mfull_rowwise_fast,2,thread_amx_setup,0.0345706939697,280,104.942798615
hollywood-2009,s64_mfull_rowwise_fast,2,window_state_load,0.314950942993,280,104.942798615
hollywood-2009,s64_mfull_rowwise_fast,2,window_state_store,0.609397888184,280,104.942798615
indochina-2004,b64_fast,1,output_zero,0,1812,115.578889847
indochina-2004,b64_fast,1,row_schedule,0.441074371338,1812,115.578889847
indochina-2004,b64_fast,1,partial_zero,0.448703765869,1812,115.578889847
indochina-2004,b64_fast,1,csr_prefetch,24.5144367218,1812,115.578889847
indochina-2004,b64_fast,1,feature_gather_decode,28.0404090881,1812,115.578889847
indochina-2004,b64_fast,1,fp32_neighbor_reduction,23.2064723969,1812,115.578889847
indochina-2004,b64_fast,1,partial_bf16_conversion,0.276803970337,1812,115.578889847
indochina-2004,b64_fast,1,tile_load,1.68061256409,1812,115.578889847
indochina-2004,b64_fast,1,tile_compute,4.36997413635,1812,115.578889847
indochina-2004,b64_fast,1,tile_store,0.20170211792,1812,115.578889847
indochina-2004,b64_fast,1,output_scatter,1.44267082214,1812,115.578889847
indochina-2004,b64_fast,1,thread_amx_setup,0.0238418579102,1812,115.578889847
indochina-2004,b64_fast,2,output_zero,0,1812,106.070995331
indochina-2004,b64_fast,2,row_schedule,0.411033630371,1812,106.070995331
indochina-2004,b64_fast,2,partial_zero,0.454902648926,1812,106.070995331
indochina-2004,b64_fast,2,csr_prefetch,24.63555336,1812,106.070995331
indochina-2004,b64_fast,2,feature_gather_decode,28.0888080597,1812,106.070995331
indochina-2004,b64_fast,2,fp32_neighbor_reduction,23.232460022,1812,106.070995331
indochina-2004,b64_fast,2,partial_bf16_conversion,0.295400619507,1812,106.070995331
indochina-2004,b64_fast,2,tile_load,1.64127349854,1812,106.070995331
indochina-2004,b64_fast,2,tile_compute,4.66680526733,1812,106.070995331
indochina-2004,b64_fast,2,tile_store,0.216722488403,1812,106.070995331
indochina-2004,b64_fast,2,output_scatter,0.26273727417,1812,106.070995331
indochina-2004,b64_fast,2,thread_amx_setup,0.0200271606445,1812,106.070995331
indochina-2004,b64_accurate,1,output_zero,0,1812,125.181913376
indochina-2004,b64_accurate,1,row_schedule,0.370979309082,1812,125.181913376
indochina-2004,b64_accurate,1,partial_zero,0.414848327637,1812,125.181913376
indochina-2004,b64_accurate,1,csr_prefetch,25.5873203278,1812,125.181913376
indochina-2004,b64_accurate,1,feature_gather_decode,29.3734073639,1812,125.181913376
indochina-2004,b64_accurate,1,fp32_neighbor_reduction,23.8997936249,1812,125.181913376
indochina-2004,b64_accurate,1,partial_bf16_conversion,0.514268875122,1812,125.181913376
indochina-2004,b64_accurate,1,tile_load,2.74682044983,1812,125.181913376
indochina-2004,b64_accurate,1,tile_compute,6.30736351013,1812,125.181913376
indochina-2004,b64_accurate,1,tile_store,0.200033187866,1812,125.181913376
indochina-2004,b64_accurate,1,output_scatter,1.45506858826,1812,125.181913376
indochina-2004,b64_accurate,1,thread_amx_setup,0.0216960906982,1812,125.181913376
indochina-2004,b64_accurate,2,output_zero,0,1812,109.68708992
indochina-2004,b64_accurate,2,row_schedule,0.397920608521,1812,109.68708992
indochina-2004,b64_accurate,2,partial_zero,0.477313995361,1812,109.68708992
indochina-2004,b64_accurate,2,csr_prefetch,25.5744457245,1812,109.68708992
indochina-2004,b64_accurate,2,feature_gather_decode,29.1950702667,1812,109.68708992
indochina-2004,b64_accurate,2,fp32_neighbor_reduction,24.2788791656,1812,109.68708992
indochina-2004,b64_accurate,2,partial_bf16_conversion,0.53596496582,1812,109.68708992
indochina-2004,b64_accurate,2,tile_load,2.84457206726,1812,109.68708992
indochina-2004,b64_accurate,2,tile_compute,5.88750839233,1812,109.68708992
indochina-2004,b64_accurate,2,tile_store,0.177383422852,1812,109.68708992
indochina-2004,b64_accurate,2,output_scatter,0.267744064331,1812,109.68708992
indochina-2004,b64_accurate,2,thread_amx_setup,0.0381469726562,1812,109.68708992
indochina-2004,bfull_fast,1,output_zero,0,1812,113.792896271
indochina-2004,bfull_fast,1,row_schedule,0.41675567627,1812,113.792896271
indochina-2004,bfull_fast,1,partial_zero,0.415563583374,1812,113.792896271
indochina-2004,bfull_fast,1,csr_prefetch,24.3360996246,1812,113.792896271
indochina-2004,bfull_fast,1,feature_gather_decode,28.0015468597,1812,113.792896271
indochina-2004,bfull_fast,1,fp32_neighbor_reduction,22.8140354156,1812,113.792896271
indochina-2004,bfull_fast,1,partial_bf16_conversion,0.219345092773,1812,113.792896271
indochina-2004,bfull_fast,1,tile_load,1.22046470642,1812,113.792896271
indochina-2004,bfull_fast,1,tile_compute,3.65972518921,1812,113.792896271
indochina-2004,bfull_fast,1,tile_store,0.187158584595,1812,113.792896271
indochina-2004,bfull_fast,1,output_scatter,1.40047073364,1812,113.792896271
indochina-2004,bfull_fast,1,thread_amx_setup,0.0209808349609,1812,113.792896271
indochina-2004,bfull_fast,2,output_zero,0,1812,104.63809967
indochina-2004,bfull_fast,2,row_schedule,0.403642654419,1812,104.63809967
indochina-2004,bfull_fast,2,partial_zero,0.373840332031,1812,104.63809967
indochina-2004,bfull_fast,2,csr_prefetch,24.6069431305,1812,104.63809967
indochina-2004,bfull_fast,2,feature_gather_decode,27.9943943024,1812,104.63809967
indochina-2004,bfull_fast,2,fp32_neighbor_reduction,23.074388504,1812,104.63809967
indochina-2004,bfull_fast,2,partial_bf16_conversion,0.222682952881,1812,104.63809967
indochina-2004,bfull_fast,2,tile_load,1.26361846924,1812,104.63809967
indochina-2004,bfull_fast,2,tile_compute,3.99971008301,1812,104.63809967
indochina-2004,bfull_fast,2,tile_store,0.199317932129,1812,104.63809967
indochina-2004,bfull_fast,2,output_scatter,0.300645828247,1812,104.63809967
indochina-2004,bfull_fast,2,thread_amx_setup,0.0448226928711,1812,104.63809967
indochina-2004,bfull_accurate,1,output_zero,0,1812,118.65901947
indochina-2004,bfull_accurate,1,row_schedule,0.38743019104,1812,118.65901947
indochina-2004,bfull_accurate,1,partial_zero,0.372409820557,1812,118.65901947
indochina-2004,bfull_accurate,1,csr_prefetch,24.81508255,1812,118.65901947
indochina-2004,bfull_accurate,1,feature_gather_decode,28.459072113,1812,118.65901947
indochina-2004,bfull_accurate,1,fp32_neighbor_reduction,23.4169960022,1812,118.65901947
indochina-2004,bfull_accurate,1,partial_bf16_conversion,0.409841537476,1812,118.65901947
indochina-2004,bfull_accurate,1,tile_load,2.09593772888,1812,118.65901947
indochina-2004,bfull_accurate,1,tile_compute,4.83751296997,1812,118.65901947
indochina-2004,bfull_accurate,1,tile_store,0.147581100464,1812,118.65901947
indochina-2004,bfull_accurate,1,output_scatter,1.44958496094,1812,118.65901947
indochina-2004,bfull_accurate,1,thread_amx_setup,0.0193119049072,1812,118.65901947
indochina-2004,bfull_accurate,2,output_zero,0,1812,105.756998062
indochina-2004,bfull_accurate,2,row_schedule,0.405788421631,1812,105.756998062
indochina-2004,bfull_accurate,2,partial_zero,0.377893447876,1812,105.756998062
indochina-2004,bfull_accurate,2,csr_prefetch,25.230884552,1812,105.756998062
indochina-2004,bfull_accurate,2,feature_gather_decode,28.8906097412,1812,105.756998062
indochina-2004,bfull_accurate,2,fp32_neighbor_reduction,23.3583450317,1812,105.756998062
indochina-2004,bfull_accurate,2,partial_bf16_conversion,0.401258468628,1812,105.756998062
indochina-2004,bfull_accurate,2,tile_load,2.0546913147,1812,105.756998062
indochina-2004,bfull_accurate,2,tile_compute,4.70542907715,1812,105.756998062
indochina-2004,bfull_accurate,2,tile_store,0.163555145264,1812,105.756998062
indochina-2004,bfull_accurate,2,output_scatter,0.286817550659,1812,105.756998062
indochina-2004,bfull_accurate,2,thread_amx_setup,0.0271797180176,1812,105.756998062
indochina-2004,b256_fast,1,output_zero,0,1812,116.318941116
indochina-2004,b256_fast,1,row_schedule,0.420570373535,1812,116.318941116
indochina-2004,b256_fast,1,partial_zero,0.333547592163,1812,116.318941116
indochina-2004,b256_fast,1,csr_prefetch,24.4581699371,1812,116.318941116
indochina-2004,b256_fast,1,feature_gather_decode,27.9364585876,1812,116.318941116
indochina-2004,b256_fast,1,fp32_neighbor_reduction,22.6266384125,1812,116.318941116
indochina-2004,b256_fast,1,partial_bf16_conversion,0.255107879639,1812,116.318941116
indochina-2004,b256_fast,1,tile_load,1.33848190308,1812,116.318941116
indochina-2004,b256_fast,1,tile_compute,3.78584861755,1812,116.318941116
indochina-2004,b256_fast,1,tile_store,0.171661376953,1812,116.318941116
indochina-2004,b256_fast,1,output_scatter,1.41310691833,1812,116.318941116
indochina-2004,b256_fast,1,thread_amx_setup,0.0174045562744,1812,116.318941116
indochina-2004,b256_fast,2,output_zero,0,1812,101.049900055
indochina-2004,b256_fast,2,row_schedule,0.422716140747,1812,101.049900055
indochina-2004,b256_fast,2,partial_zero,0.385046005249,1812,101.049900055
indochina-2004,b256_fast,2,csr_prefetch,24.4691371918,1812,101.049900055
indochina-2004,b256_fast,2,feature_gather_decode,27.9133319855,1812,101.049900055
indochina-2004,b256_fast,2,fp32_neighbor_reduction,22.9227542877,1812,101.049900055
indochina-2004,b256_fast,2,partial_bf16_conversion,0.230073928833,1812,101.049900055
indochina-2004,b256_fast,2,tile_load,1.36923789978,1812,101.049900055
indochina-2004,b256_fast,2,tile_compute,4.15802001953,1812,101.049900055
indochina-2004,b256_fast,2,tile_store,0.178575515747,1812,101.049900055
indochina-2004,b256_fast,2,output_scatter,0.256776809692,1812,101.049900055
indochina-2004,b256_fast,2,thread_amx_setup,0.0350475311279,1812,101.049900055
indochina-2004,b256_accurate,1,output_zero,0,1812,121.987819672
indochina-2004,b256_accurate,1,row_schedule,0.387668609619,1812,121.987819672
indochina-2004,b256_accurate,1,partial_zero,0.38743019104,1812,121.987819672
indochina-2004,b256_accurate,1,csr_prefetch,24.8744487762,1812,121.987819672
indochina-2004,b256_accurate,1,feature_gather_decode,28.5098552704,1812,121.987819672
indochina-2004,b256_accurate,1,fp32_neighbor_reduction,23.4923362732,1812,121.987819672
indochina-2004,b256_accurate,1,partial_bf16_conversion,0.450134277344,1812,121.987819672
indochina-2004,b256_accurate,1,tile_load,2.27308273315,1812,121.987819672
indochina-2004,b256_accurate,1,tile_compute,5.03826141357,1812,121.987819672
indochina-2004,b256_accurate,1,tile_store,0.163555145264,1812,121.987819672
indochina-2004,b256_accurate,1,output_scatter,1.4488697052,1812,121.987819672
indochina-2004,b256_accurate,1,thread_amx_setup,0.0145435333252,1812,121.987819672
indochina-2004,b256_accurate,2,output_zero,0,1812,108.753919601
indochina-2004,b256_accurate,2,row_schedule,0.42724609375,1812,108.753919601
indochina-2004,b256_accurate,2,partial_zero,0.375986099243,1812,108.753919601
indochina-2004,b256_accurate,2,csr_prefetch,25.1076221466,1812,108.753919601
indochina-2004,b256_accurate,2,feature_gather_decode,28.6858081818,1812,108.753919601
indochina-2004,b256_accurate,2,fp32_neighbor_reduction,23.5300064087,1812,108.753919601
indochina-2004,b256_accurate,2,partial_bf16_conversion,0.42986869812,1812,108.753919601
indochina-2004,b256_accurate,2,tile_load,2.28118896484,1812,108.753919601
indochina-2004,b256_accurate,2,tile_compute,5.03182411194,1812,108.753919601
indochina-2004,b256_accurate,2,tile_store,0.142097473145,1812,108.753919601
indochina-2004,b256_accurate,2,output_scatter,0.263452529907,1812,108.753919601
indochina-2004,b256_accurate,2,thread_amx_setup,0.028133392334,1812,108.753919601
indochina-2004,s64_m64_fast,1,output_zero,0,1812,179.322957993
indochina-2004,s64_m64_fast,1,row_schedule,0.618934631348,1812,179.322957993
indochina-2004,s64_m64_fast,1,partial_zero,0.699043273926,1812,179.322957993
indochina-2004,s64_m64_fast,1,csr_prefetch,163.915872574,1812,179.322957993
indochina-2004,s64_m64_fast,1,feature_gather_decode,119.662046432,1812,179.322957993
indochina-2004,s64_m64_fast,1,fp32_neighbor_reduction,47.1739768982,1812,179.322957993
indochina-2004,s64_m64_fast,1,partial_bf16_conversion,15.5882835388,1812,179.322957993
indochina-2004,s64_m64_fast,1,tile_load,4.24885749817,1812,179.322957993
indochina-2004,s64_m64_fast,1,tile_compute,7.43818283081,1812,179.322957993
indochina-2004,s64_m64_fast,1,tile_store,0.348567962646,1812,179.322957993
indochina-2004,s64_m64_fast,1,output_scatter,2.05397605896,1812,179.322957993
indochina-2004,s64_m64_fast,1,thread_amx_setup,0.0295639038086,1812,179.322957993
indochina-2004,s64_m64_fast,1,window_state_load,0,1812,179.322957993
indochina-2004,s64_m64_fast,1,window_state_store,1.88040733337,1812,179.322957993
indochina-2004,s64_m64_fast,2,output_zero,0,1812,169.967889786
indochina-2004,s64_m64_fast,2,row_schedule,0.516891479492,1812,169.967889786
indochina-2004,s64_m64_fast,2,partial_zero,0.782251358032,1812,169.967889786
indochina-2004,s64_m64_fast,2,csr_prefetch,166.542768478,1812,169.967889786
indochina-2004,s64_m64_fast,2,feature_gather_decode,121.339082718,1812,169.967889786
indochina-2004,s64_m64_fast,2,fp32_neighbor_reduction,47.4717617035,1812,169.967889786
indochina-2004,s64_m64_fast,2,partial_bf16_conversion,15.8288478851,1812,169.967889786
indochina-2004,s64_m64_fast,2,tile_load,4.24814224243,1812,169.967889786
indochina-2004,s64_m64_fast,2,tile_compute,7.36832618713,1812,169.967889786
indochina-2004,s64_m64_fast,2,tile_store,0.320196151733,1812,169.967889786
indochina-2004,s64_m64_fast,2,output_scatter,3.25751304626,1812,169.967889786
indochina-2004,s64_m64_fast,2,thread_amx_setup,0.0460147857666,1812,169.967889786
indochina-2004,s64_m64_fast,2,window_state_load,0,1812,169.967889786
indochina-2004,s64_m64_fast,2,window_state_store,1.85513496399,1812,169.967889786
indochina-2004,s32_m64_fast,1,output_zero,0,1812,186.653852463
indochina-2004,s32_m64_fast,1,row_schedule,0.603199005127,1812,186.653852463
indochina-2004,s32_m64_fast,1,partial_zero,0.661849975586,1812,186.653852463
indochina-2004,s32_m64_fast,1,csr_prefetch,164.341926575,1812,186.653852463
indochina-2004,s32_m64_fast,1,feature_gather_decode,120.067358017,1812,186.653852463
indochina-2004,s32_m64_fast,1,fp32_neighbor_reduction,47.2240447998,1812,186.653852463
indochina-2004,s32_m64_fast,1,partial_bf16_conversion,15.8588886261,1812,186.653852463
indochina-2004,s32_m64_fast,1,tile_load,4.21762466431,1812,186.653852463
indochina-2004,s32_m64_fast,1,tile_compute,7.479429245,1812,186.653852463
indochina-2004,s32_m64_fast,1,tile_store,0.363349914551,1812,186.653852463
indochina-2004,s32_m64_fast,1,output_scatter,2.04157829285,1812,186.653852463
indochina-2004,s32_m64_fast,1,thread_amx_setup,0.0302791595459,1812,186.653852463
indochina-2004,s32_m64_fast,1,window_state_load,0.656127929688,1812,186.653852463
indochina-2004,s32_m64_fast,1,window_state_store,2.55560874939,1812,186.653852463
indochina-2004,s32_m64_fast,2,output_zero,0,1812,171.543836594
indochina-2004,s32_m64_fast,2,row_schedule,0.522375106812,1812,171.543836594
indochina-2004,s32_m64_fast,2,partial_zero,0.759124755859,1812,171.543836594
indochina-2004,s32_m64_fast,2,csr_prefetch,165.847063065,1812,171.543836594
indochina-2004,s32_m64_fast,2,feature_gather_decode,121.125936508,1812,171.543836594
indochina-2004,s32_m64_fast,2,fp32_neighbor_reduction,47.6243495941,1812,171.543836594
indochina-2004,s32_m64_fast,2,partial_bf16_conversion,15.8593654633,1812,171.543836594
indochina-2004,s32_m64_fast,2,tile_load,4.24289703369,1812,171.543836594
indochina-2004,s32_m64_fast,2,tile_compute,7.45034217834,1812,171.543836594
indochina-2004,s32_m64_fast,2,tile_store,0.363826751709,1812,171.543836594
indochina-2004,s32_m64_fast,2,output_scatter,3.24320793152,1812,171.543836594
indochina-2004,s32_m64_fast,2,thread_amx_setup,0.0479221343994,1812,171.543836594
indochina-2004,s32_m64_fast,2,window_state_load,0.644445419312,1812,171.543836594
indochina-2004,s32_m64_fast,2,window_state_store,2.61545181274,1812,171.543836594
indochina-2004,s32_m256_fast,1,output_zero,0,1812,180.180072784
indochina-2004,s32_m256_fast,1,row_schedule,0.584125518799,1812,180.180072784
indochina-2004,s32_m256_fast,1,partial_zero,0.613689422607,1812,180.180072784
indochina-2004,s32_m256_fast,1,csr_prefetch,165.461778641,1812,180.180072784
indochina-2004,s32_m256_fast,1,feature_gather_decode,119.443655014,1812,180.180072784
indochina-2004,s32_m256_fast,1,fp32_neighbor_reduction,47.8620529175,1812,180.180072784
indochina-2004,s32_m256_fast,1,partial_bf16_conversion,12.8147602081,1812,180.180072784
indochina-2004,s32_m256_fast,1,tile_load,3.39436531067,1812,180.180072784
indochina-2004,s32_m256_fast,1,tile_compute,6.10971450806,1812,180.180072784
indochina-2004,s32_m256_fast,1,tile_store,0.2760887146,1812,180.180072784
indochina-2004,s32_m256_fast,1,output_scatter,2.09522247314,1812,180.180072784
indochina-2004,s32_m256_fast,1,thread_amx_setup,0.0267028808594,1812,180.180072784
indochina-2004,s32_m256_fast,1,window_state_load,0.925779342651,1812,180.180072784
indochina-2004,s32_m256_fast,1,window_state_store,2.55346298218,1812,180.180072784
indochina-2004,s32_m256_fast,2,output_zero,0,1812,168.125152588
indochina-2004,s32_m256_fast,2,row_schedule,0.546455383301,1812,168.125152588
indochina-2004,s32_m256_fast,2,partial_zero,0.674724578857,1812,168.125152588
indochina-2004,s32_m256_fast,2,csr_prefetch,165.70520401,1812,168.125152588
indochina-2004,s32_m256_fast,2,feature_gather_decode,121.019363403,1812,168.125152588
indochina-2004,s32_m256_fast,2,fp32_neighbor_reduction,47.1966266632,1812,168.125152588
indochina-2004,s32_m256_fast,2,partial_bf16_conversion,12.8211975098,1812,168.125152588
indochina-2004,s32_m256_fast,2,tile_load,3.42059135437,1812,168.125152588
indochina-2004,s32_m256_fast,2,tile_compute,6.15382194519,1812,168.125152588
indochina-2004,s32_m256_fast,2,tile_store,0.288486480713,1812,168.125152588
indochina-2004,s32_m256_fast,2,output_scatter,3.18813323975,1812,168.125152588
indochina-2004,s32_m256_fast,2,thread_amx_setup,0.0452995300293,1812,168.125152588
indochina-2004,s32_m256_fast,2,window_state_load,0.894784927368,1812,168.125152588
indochina-2004,s32_m256_fast,2,window_state_store,2.57229804993,1812,168.125152588
indochina-2004,s64_m256_fast,1,output_zero,0,1812,172.688007355
indochina-2004,s64_m256_fast,1,row_schedule,0.618696212769,1812,172.688007355
indochina-2004,s64_m256_fast,1,partial_zero,0.590801239014,1812,172.688007355
indochina-2004,s64_m256_fast,1,csr_prefetch,164.290428162,1812,172.688007355
indochina-2004,s64_m256_fast,1,feature_gather_decode,119.859218597,1812,172.688007355
indochina-2004,s64_m256_fast,1,fp32_neighbor_reduction,47.575712204,1812,172.688007355
indochina-2004,s64_m256_fast,1,partial_bf16_conversion,12.7468109131,1812,172.688007355
indochina-2004,s64_m256_fast,1,tile_load,3.43370437622,1812,172.688007355
indochina-2004,s64_m256_fast,1,tile_compute,6.26564025879,1812,172.688007355
indochina-2004,s64_m256_fast,1,tile_store,0.26273727417,1812,172.688007355
indochina-2004,s64_m256_fast,1,output_scatter,2.06565856934,1812,172.688007355
indochina-2004,s64_m256_fast,1,thread_amx_setup,0.0300407409668,1812,172.688007355
indochina-2004,s64_m256_fast,1,window_state_load,0.29444694519,1812,172.688007355
indochina-2004,s64_m256_fast,1,window_state_store,1.91330909729,1812,172.688007355
indochina-2004,s64_m256_fast,2,output_zero,0,1812,170.052051544
indochina-2004,s64_m256_fast,2,row_schedule,0.56791305542,1812,170.052051544
indochina-2004,s64_m256_fast,2,partial_zero,0.632286071777,1812,170.052051544
indochina-2004,s64_m256_fast,2,csr_prefetch,165.684938431,1812,170.052051544
indochina-2004,s64_m256_fast,2,feature_gather_decode,120.444536209,1812,170.052051544
indochina-2004,s64_m256_fast,2,fp32_neighbor_reduction,47.637462616,1812,170.052051544
indochina-2004,s64_m256_fast,2,partial_bf16_conversion,12.8445625305,1812,170.052051544
indochina-2004,s64_m256_fast,2,tile_load,3.49140167236,1812,170.052051544
indochina-2004,s64_m256_fast,2,tile_compute,6.09230995178,1812,170.052051544
indochina-2004,s64_m256_fast,2,tile_store,0.33164024353,1812,170.052051544
indochina-2004,s64_m256_fast,2,output_scatter,3.24892997742,1812,170.052051544
indochina-2004,s64_m256_fast,2,thread_amx_setup,0.0464916229248,1812,170.052051544
indochina-2004,s64_m256_fast,2,window_state_load,0.277996063232,1812,170.052051544
indochina-2004,s64_m256_fast,2,window_state_store,1.89352035522,1812,170.052051544
indochina-2004,s32_mfull_fast,1,output_zero,0,1812,180.397987366
indochina-2004,s32_mfull_fast,1,row_schedule,0.571727752686,1812,180.397987366
indochina-2004,s32_mfull_fast,1,partial_zero,0.570774078369,1812,180.397987366
indochina-2004,s32_mfull_fast,1,csr_prefetch,164.566993713,1812,180.397987366
indochina-2004,s32_mfull_fast,1,feature_gather_decode,120.454072952,1812,180.397987366
indochina-2004,s32_mfull_fast,1,fp32_neighbor_reduction,47.2919940948,1812,180.397987366
indochina-2004,s32_mfull_fast,1,partial_bf16_conversion,12.2365951538,1812,180.397987366
indochina-2004,s32_mfull_fast,1,tile_load,3.23605537415,1812,180.397987366
indochina-2004,s32_mfull_fast,1,tile_compute,5.87511062622,1812,180.397987366
indochina-2004,s32_mfull_fast,1,tile_store,0.282764434814,1812,180.397987366
indochina-2004,s32_mfull_fast,1,output_scatter,2.07829475403,1812,180.397987366
indochina-2004,s32_mfull_fast,1,thread_amx_setup,0.0269412994385,1812,180.397987366
indochina-2004,s32_mfull_fast,1,window_state_load,1.01923942566,1812,180.397987366
indochina-2004,s32_mfull_fast,1,window_state_store,2.54797935486,1812,180.397987366
indochina-2004,s32_mfull_fast,2,output_zero,0,1812,161.266088486
indochina-2004,s32_mfull_fast,2,row_schedule,0.50687789917,1812,161.266088486
indochina-2004,s32_mfull_fast,2,partial_zero,0.673770904541,1812,161.266088486
indochina-2004,s32_mfull_fast,2,csr_prefetch,166.595935822,1812,161.266088486
indochina-2004,s32_mfull_fast,2,feature_gather_decode,121.372699738,1812,161.266088486
indochina-2004,s32_mfull_fast,2,fp32_neighbor_reduction,47.331571579,1812,161.266088486
indochina-2004,s32_mfull_fast,2,partial_bf16_conversion,12.2027397156,1812,161.266088486
indochina-2004,s32_mfull_fast,2,tile_load,3.20267677307,1812,161.266088486
indochina-2004,s32_mfull_fast,2,tile_compute,5.81097602844,1812,161.266088486
indochina-2004,s32_mfull_fast,2,tile_store,0.273704528809,1812,161.266088486
indochina-2004,s32_mfull_fast,2,output_scatter,3.21555137634,1812,161.266088486
indochina-2004,s32_mfull_fast,2,thread_amx_setup,0.0414848327637,1812,161.266088486
indochina-2004,s32_mfull_fast,2,window_state_load,0.988483428955,1812,161.266088486
indochina-2004,s32_mfull_fast,2,window_state_store,2.6216506958,1812,161.266088486
indochina-2004,s64_mfull_fast,1,output_zero,0,1812,176.676988602
indochina-2004,s64_mfull_fast,1,row_schedule,0.574350357056,1812,176.676988602
indochina-2004,s64_mfull_fast,1,partial_zero,0.5784034729,1812,176.676988602
indochina-2004,s64_mfull_fast,1,csr_prefetch,164.664506912,1812,176.676988602
indochina-2004,s64_mfull_fast,1,feature_gather_decode,120.641231537,1812,176.676988602
indochina-2004,s64_mfull_fast,1,fp32_neighbor_reduction,47.1897125244,1812,176.676988602
indochina-2004,s64_mfull_fast,1,partial_bf16_conversion,12.2108459473,1812,176.676988602
indochina-2004,s64_mfull_fast,1,tile_load,3.21865081787,1812,176.676988602
indochina-2004,s64_mfull_fast,1,tile_compute,5.93113899231,1812,176.676988602
indochina-2004,s64_mfull_fast,1,tile_store,0.260591506958,1812,176.676988602
indochina-2004,s64_mfull_fast,1,output_scatter,2.08520889282,1812,176.676988602
indochina-2004,s64_mfull_fast,1,thread_amx_setup,0.0278949737549,1812,176.676988602
indochina-2004,s64_mfull_fast,1,window_state_load,0.359773635864,1812,176.676988602
indochina-2004,s64_mfull_fast,1,window_state_store,1.91521644592,1812,176.676988602
indochina-2004,s64_mfull_fast,2,output_zero,0,1812,163.306951523
indochina-2004,s64_mfull_fast,2,row_schedule,0.542163848877,1812,163.306951523
indochina-2004,s64_mfull_fast,2,partial_zero,0.651597976685,1812,163.306951523
indochina-2004,s64_mfull_fast,2,csr_prefetch,166.829824448,1812,163.306951523
indochina-2004,s64_mfull_fast,2,feature_gather_decode,121.409416199,1812,163.306951523
indochina-2004,s64_mfull_fast,2,fp32_neighbor_reduction,47.9502677917,1812,163.306951523
indochina-2004,s64_mfull_fast,2,partial_bf16_conversion,12.2175216675,1812,163.306951523
indochina-2004,s64_mfull_fast,2,tile_load,3.28850746155,1812,163.306951523
indochina-2004,s64_mfull_fast,2,tile_compute,5.82528114319,1812,163.306951523
indochina-2004,s64_mfull_fast,2,tile_store,0.262498855591,1812,163.306951523
indochina-2004,s64_mfull_fast,2,output_scatter,3.2172203064,1812,163.306951523
indochina-2004,s64_mfull_fast,2,thread_amx_setup,0.0507831573486,1812,163.306951523
indochina-2004,s64_mfull_fast,2,window_state_load,0.361680984497,1812,163.306951523
indochina-2004,s64_mfull_fast,2,window_state_store,1.93214416504,1812,163.306951523
indochina-2004,s128_mfull_fast,1,output_zero,0,1812,173.007965088
indochina-2004,s128_mfull_fast,1,row_schedule,0.597953796387,1812,173.007965088
indochina-2004,s128_mfull_fast,1,partial_zero,0.55456161499,1812,173.007965088
indochina-2004,s128_mfull_fast,1,csr_prefetch,164.643526077,1812,173.007965088
indochina-2004,s128_mfull_fast,1,feature_gather_decode,120.583772659,1812,173.007965088
indochina-2004,s128_mfull_fast,1,fp32_neighbor_reduction,47.012090683,1812,173.007965088
indochina-2004,s128_mfull_fast,1,partial_bf16_conversion,12.1631622314,1812,173.007965088
indochina-2004,s128_mfull_fast,1,tile_load,3.35574150085,1812,173.007965088
indochina-2004,s128_mfull_fast,1,tile_compute,5.74994087219,1812,173.007965088
indochina-2004,s128_mfull_fast,1,tile_store,0.272512435913,1812,173.007965088
indochina-2004,s128_mfull_fast,1,output_scatter,2.05183029175,1812,173.007965088
indochina-2004,s128_mfull_fast,1,thread_amx_setup,0.025749206543,1812,173.007965088
indochina-2004,s128_mfull_fast,1,window_state_load,0.132322311401,1812,173.007965088
indochina-2004,s128_mfull_fast,1,window_state_store,1.71685218811,1812,173.007965088
indochina-2004,s128_mfull_fast,2,output_zero,0.000953674316406,1812,165.958881378
indochina-2004,s128_mfull_fast,2,row_schedule,0.542640686035,1812,165.958881378
indochina-2004,s128_mfull_fast,2,partial_zero,0.603199005127,1812,165.958881378
indochina-2004,s128_mfull_fast,2,csr_prefetch,165.615558624,1812,165.958881378
indochina-2004,s128_mfull_fast,2,feature_gather_decode,120.899438858,1812,165.958881378
indochina-2004,s128_mfull_fast,2,fp32_neighbor_reduction,48.1610298157,1812,165.958881378
indochina-2004,s128_mfull_fast,2,partial_bf16_conversion,12.2456550598,1812,165.958881378
indochina-2004,s128_mfull_fast,2,tile_load,3.23796272278,1812,165.958881378
indochina-2004,s128_mfull_fast,2,tile_compute,5.74636459351,1812,165.958881378
indochina-2004,s128_mfull_fast,2,tile_store,0.25200843811,1812,165.958881378
indochina-2004,s128_mfull_fast,2,output_scatter,3.2331943512,1812,165.958881378
indochina-2004,s128_mfull_fast,2,thread_amx_setup,0.0472068786621,1812,165.958881378
indochina-2004,s128_mfull_fast,2,window_state_load,0.146627426147,1812,165.958881378
indochina-2004,s128_mfull_fast,2,window_state_store,1.71685218811,1812,165.958881378
indochina-2004,s64_mfull_accurate,1,output_zero,0.000953674316406,1812,186.354160309
indochina-2004,s64_mfull_accurate,1,row_schedule,0.596761703491,1812,186.354160309
indochina-2004,s64_mfull_accurate,1,partial_zero,0.600814819336,1812,186.354160309
indochina-2004,s64_mfull_accurate,1,csr_prefetch,165.365934372,1812,186.354160309
indochina-2004,s64_mfull_accurate,1,feature_gather_decode,120.582580566,1812,186.354160309
indochina-2004,s64_mfull_accurate,1,fp32_neighbor_reduction,47.7349758148,1812,186.354160309
indochina-2004,s64_mfull_accurate,1,partial_bf16_conversion,36.2718105316,1812,186.354160309
indochina-2004,s64_mfull_accurate,1,tile_load,6.09683990479,1812,186.354160309
indochina-2004,s64_mfull_accurate,1,tile_compute,6.3488483429,1812,186.354160309
indochina-2004,s64_mfull_accurate,1,tile_store,0.257015228271,1812,186.354160309
indochina-2004,s64_mfull_accurate,1,output_scatter,2.12979316711,1812,186.354160309
indochina-2004,s64_mfull_accurate,1,thread_amx_setup,0.0264644622803,1812,186.354160309
indochina-2004,s64_mfull_accurate,1,window_state_load,0.330924987793,1812,186.354160309
indochina-2004,s64_mfull_accurate,1,window_state_store,2.01153755188,1812,186.354160309
indochina-2004,s64_mfull_accurate,2,output_zero,0,1812,176.831007004
indochina-2004,s64_mfull_accurate,2,row_schedule,0.503540039062,1812,176.831007004
indochina-2004,s64_mfull_accurate,2,partial_zero,0.661849975586,1812,176.831007004
indochina-2004,s64_mfull_accurate,2,csr_prefetch,167.388916016,1812,176.831007004
indochina-2004,s64_mfull_accurate,2,feature_gather_decode,120.663166046,1812,176.831007004
indochina-2004,s64_mfull_accurate,2,fp32_neighbor_reduction,47.5919246674,1812,176.831007004
indochina-2004,s64_mfull_accurate,2,partial_bf16_conversion,36.5388393402,1812,176.831007004
indochina-2004,s64_mfull_accurate,2,tile_load,5.88536262512,1812,176.831007004
indochina-2004,s64_mfull_accurate,2,tile_compute,6.12568855286,1812,176.831007004
indochina-2004,s64_mfull_accurate,2,tile_store,0.274419784546,1812,176.831007004
indochina-2004,s64_mfull_accurate,2,output_scatter,3.22318077087,1812,176.831007004
indochina-2004,s64_mfull_accurate,2,thread_amx_setup,0.0536441802979,1812,176.831007004
indochina-2004,s64_mfull_accurate,2,window_state_load,0.344038009644,1812,176.831007004
indochina-2004,s64_mfull_accurate,2,window_state_store,1.9371509552,1812,176.831007004
indochina-2004,s64_mfull_rowwise_fast,1,output_zero,0,1812,172.280073166
indochina-2004,s64_mfull_rowwise_fast,1,row_schedule,0.602006912231,1812,172.280073166
indochina-2004,s64_mfull_rowwise_fast,1,partial_zero,0.655889511108,1812,172.280073166
indochina-2004,s64_mfull_rowwise_fast,1,csr_prefetch,163.828134537,1812,172.280073166
indochina-2004,s64_mfull_rowwise_fast,1,feature_gather_decode,120.745658875,1812,172.280073166
indochina-2004,s64_mfull_rowwise_fast,1,fp32_neighbor_reduction,47.2044944763,1812,172.280073166
indochina-2004,s64_mfull_rowwise_fast,1,partial_bf16_conversion,12.0775699615,1812,172.280073166
indochina-2004,s64_mfull_rowwise_fast,1,tile_load,3.19480895996,1812,172.280073166
indochina-2004,s64_mfull_rowwise_fast,1,tile_compute,5.9540271759,1812,172.280073166
indochina-2004,s64_mfull_rowwise_fast,1,tile_store,0.261783599854,1812,172.280073166
indochina-2004,s64_mfull_rowwise_fast,1,output_scatter,2.15864181519,1812,172.280073166
indochina-2004,s64_mfull_rowwise_fast,1,thread_amx_setup,0.0283718109131,1812,172.280073166
indochina-2004,s64_mfull_rowwise_fast,1,window_state_load,0.334501266479,1812,172.280073166
indochina-2004,s64_mfull_rowwise_fast,1,window_state_store,1.94525718689,1812,172.280073166
indochina-2004,s64_mfull_rowwise_fast,2,output_zero,0,1812,162.764072418
indochina-2004,s64_mfull_rowwise_fast,2,row_schedule,0.552177429199,1812,162.764072418
indochina-2004,s64_mfull_rowwise_fast,2,partial_zero,0.598192214966,1812,162.764072418
indochina-2004,s64_mfull_rowwise_fast,2,csr_prefetch,165.358304977,1812,162.764072418
indochina-2004,s64_mfull_rowwise_fast,2,feature_gather_decode,120.822668076,1812,162.764072418
indochina-2004,s64_mfull_rowwise_fast,2,fp32_neighbor_reduction,47.7607250214,1812,162.764072418
indochina-2004,s64_mfull_rowwise_fast,2,partial_bf16_conversion,12.2358798981,1812,162.764072418
indochina-2004,s64_mfull_rowwise_fast,2,tile_load,3.31163406372,1812,162.764072418
indochina-2004,s64_mfull_rowwise_fast,2,tile_compute,5.73778152466,1812,162.764072418
indochina-2004,s64_mfull_rowwise_fast,2,tile_store,0.268459320068,1812,162.764072418
indochina-2004,s64_mfull_rowwise_fast,2,output_scatter,3.24177742004,1812,162.764072418
indochina-2004,s64_mfull_rowwise_fast,2,thread_amx_setup,0.0298023223877,1812,162.764072418
indochina-2004,s64_mfull_rowwise_fast,2,window_state_load,0.339031219482,1812,162.764072418
indochina-2004,s64_mfull_rowwise_fast,2,window_state_store,1.87277793884,1812,162.764072418
soc-Pokec,b64_fast,1,output_zero,0,400,50.0800609589
soc-Pokec,b64_fast,1,row_schedule,0.164031982422,400,50.0800609589
soc-Pokec,b64_fast,1,partial_zero,0.11420249939,400,50.0800609589
soc-Pokec,b64_fast,1,csr_prefetch,4.67205047607,400,50.0800609589
soc-Pokec,b64_fast,1,feature_gather_decode,6.1776638031,400,50.0800609589
soc-Pokec,b64_fast,1,fp32_neighbor_reduction,3.9381980896,400,50.0800609589
soc-Pokec,b64_fast,1,partial_bf16_conversion,0.0615119934082,400,50.0800609589
soc-Pokec,b64_fast,1,tile_load,0.489950180054,400,50.0800609589
soc-Pokec,b64_fast,1,tile_compute,0.916957855225,400,50.0800609589
soc-Pokec,b64_fast,1,tile_store,0.0464916229248,400,50.0800609589
soc-Pokec,b64_fast,1,output_scatter,0.410079956055,400,50.0800609589
soc-Pokec,b64_fast,1,thread_amx_setup,0.0226497650146,400,50.0800609589
soc-Pokec,b64_fast,2,output_zero,0,400,45.0870990753
soc-Pokec,b64_fast,2,row_schedule,0.165700912476,400,45.0870990753
soc-Pokec,b64_fast,2,partial_zero,0.0991821289062,400,45.0870990753
soc-Pokec,b64_fast,2,csr_prefetch,4.69827651978,400,45.0870990753
soc-Pokec,b64_fast,2,feature_gather_decode,6.51836395264,400,45.0870990753
soc-Pokec,b64_fast,2,fp32_neighbor_reduction,4.09007072449,400,45.0870990753
soc-Pokec,b64_fast,2,partial_bf16_conversion,0.0646114349365,400,45.0870990753
soc-Pokec,b64_fast,2,tile_load,0.49614906311,400,45.0870990753
soc-Pokec,b64_fast,2,tile_compute,0.992298126221,400,45.0870990753
soc-Pokec,b64_fast,2,tile_store,0.0495910644531,400,45.0870990753
soc-Pokec,b64_fast,2,output_scatter,0.0762939453125,400,45.0870990753
soc-Pokec,b64_fast,2,thread_amx_setup,0.0250339508057,400,45.0870990753
soc-Pokec,b64_accurate,1,output_zero,0,400,51.903963089
soc-Pokec,b64_accurate,1,row_schedule,0.122547149658,400,51.903963089
soc-Pokec,b64_accurate,1,partial_zero,0.138282775879,400,51.903963089
soc-Pokec,b64_accurate,1,csr_prefetch,4.85801696777,400,51.903963089
soc-Pokec,b64_accurate,1,feature_gather_decode,6.40940666199,400,51.903963089
soc-Pokec,b64_accurate,1,fp32_neighbor_reduction,3.94105911255,400,51.903963089
soc-Pokec,b64_accurate,1,partial_bf16_conversion,0.114917755127,400,51.903963089
soc-Pokec,b64_accurate,1,tile_load,0.787973403931,400,51.903963089
soc-Pokec,b64_accurate,1,tile_compute,1.31773948669,400,51.903963089
soc-Pokec,b64_accurate,1,tile_store,0.0486373901367,400,51.903963089
soc-Pokec,b64_accurate,1,output_scatter,0.400066375732,400,51.903963089
soc-Pokec,b64_accurate,1,thread_amx_setup,0.0181198120117,400,51.903963089
soc-Pokec,b64_accurate,2,output_zero,0,400,48.9811897278
soc-Pokec,b64_accurate,2,row_schedule,0.159502029419,400,48.9811897278
soc-Pokec,b64_accurate,2,partial_zero,0.0965595245361,400,48.9811897278
soc-Pokec,b64_accurate,2,csr_prefetch,4.65846061707,400,48.9811897278
soc-Pokec,b64_accurate,2,feature_gather_decode,6.41298294067,400,48.9811897278
soc-Pokec,b64_accurate,2,fp32_neighbor_reduction,4.09340858459,400,48.9811897278
soc-Pokec,b64_accurate,2,partial_bf16_conversion,0.152826309204,400,48.9811897278
soc-Pokec,b64_accurate,2,tile_load,0.730276107788,400,48.9811897278
soc-Pokec,b64_accurate,2,tile_compute,1.4545917511,400,48.9811897278
soc-Pokec,b64_accurate,2,tile_store,0.0460147857666,400,48.9811897278
soc-Pokec,b64_accurate,2,output_scatter,0.0619888305664,400,48.9811897278
soc-Pokec,b64_accurate,2,thread_amx_setup,0.0255107879639,400,48.9811897278
soc-Pokec,bfull_fast,1,output_zero,0.00119209289551,400,49.3578910828
soc-Pokec,bfull_fast,1,row_schedule,0.157594680786,400,49.3578910828
soc-Pokec,bfull_fast,1,partial_zero,0.0777244567871,400,49.3578910828
soc-Pokec,bfull_fast,1,csr_prefetch,4.53853607178,400,49.3578910828
soc-Pokec,bfull_fast,1,feature_gather_decode,6.31165504456,400,49.3578910828
soc-Pokec,bfull_fast,1,fp32_neighbor_reduction,3.9234161377,400,49.3578910828
soc-Pokec,bfull_fast,1,partial_bf16_conversion,0.0612735748291,400,49.3578910828
soc-Pokec,bfull_fast,1,tile_load,0.310182571411,400,49.3578910828
soc-Pokec,bfull_fast,1,tile_compute,0.804424285889,400,49.3578910828
soc-Pokec,bfull_fast,1,tile_store,0.0431537628174,400,49.3578910828
soc-Pokec,bfull_fast,1,output_scatter,0.395059585571,400,49.3578910828
soc-Pokec,bfull_fast,1,thread_amx_setup,0.0219345092773,400,49.3578910828
soc-Pokec,bfull_fast,2,output_zero,0,400,43.2710647583
soc-Pokec,bfull_fast,2,row_schedule,0.160932540894,400,43.2710647583
soc-Pokec,bfull_fast,2,partial_zero,0.086784362793,400,43.2710647583
soc-Pokec,bfull_fast,2,csr_prefetch,4.62174415588,400,43.2710647583
soc-Pokec,bfull_fast,2,feature_gather_decode,6.60610198975,400,43.2710647583
soc-Pokec,bfull_fast,2,fp32_neighbor_reduction,3.9165019989,400,43.2710647583
soc-Pokec,bfull_fast,2,partial_bf16_conversion,0.0565052032471,400,43.2710647583
soc-Pokec,bfull_fast,2,tile_load,0.336885452271,400,43.2710647583
soc-Pokec,bfull_fast,2,tile_compute,0.795125961304,400,43.2710647583
soc-Pokec,bfull_fast,2,tile_store,0.0429153442383,400,43.2710647583
soc-Pokec,bfull_fast,2,output_scatter,0.0624656677246,400,43.2710647583
soc-Pokec,bfull_fast,2,thread_amx_setup,0.0190734863281,400,43.2710647583
soc-Pokec,bfull_accurate,1,output_zero,0,400,50.2359867096
soc-Pokec,bfull_accurate,1,row_schedule,0.131368637085,400,50.2359867096
soc-Pokec,bfull_accurate,1,partial_zero,0.0743865966797,400,50.2359867096
soc-Pokec,bfull_accurate,1,csr_prefetch,4.78410720825,400,50.2359867096
soc-Pokec,bfull_accurate,1,feature_gather_decode,6.28399848938,400,50.2359867096
soc-Pokec,bfull_accurate,1,fp32_neighbor_reduction,3.98349761963,400,50.2359867096
soc-Pokec,bfull_accurate,1,partial_bf16_conversion,0.086784362793,400,50.2359867096
soc-Pokec,bfull_accurate,1,tile_load,0.591516494751,400,50.2359867096
soc-Pokec,bfull_accurate,1,tile_compute,1.0449886322,400,50.2359867096
soc-Pokec,bfull_accurate,1,tile_store,0.0195503234863,400,50.2359867096
soc-Pokec,bfull_accurate,1,output_scatter,0.428199768066,400,50.2359867096
soc-Pokec,bfull_accurate,1,thread_amx_setup,0.0133514404297,400,50.2359867096
soc-Pokec,bfull_accurate,2,output_zero,0,400,46.3929176331
soc-Pokec,bfull_accurate,2,row_schedule,0.16188621521,400,46.3929176331
soc-Pokec,bfull_accurate,2,partial_zero,0.0917911529541,400,46.3929176331
soc-Pokec,bfull_accurate,2,csr_prefetch,4.82201576233,400,46.3929176331
soc-Pokec,bfull_accurate,2,feature_gather_decode,6.4389705658,400,46.3929176331
soc-Pokec,bfull_accurate,2,fp32_neighbor_reduction,3.97229194641,400,46.3929176331
soc-Pokec,bfull_accurate,2,partial_bf16_conversion,0.086784362793,400,46.3929176331
soc-Pokec,bfull_accurate,2,tile_load,0.579833984375,400,46.3929176331
soc-Pokec,bfull_accurate,2,tile_compute,1.06763839722,400,46.3929176331
soc-Pokec,bfull_accurate,2,tile_store,0.0236034393311,400,46.3929176331
soc-Pokec,bfull_accurate,2,output_scatter,0.0708103179932,400,46.3929176331
soc-Pokec,bfull_accurate,2,thread_amx_setup,0.0317096710205,400,46.3929176331
soc-Pokec,b256_fast,1,output_zero,0,400,47.8539466858
soc-Pokec,b256_fast,1,row_schedule,0.178098678589,400,47.8539466858
soc-Pokec,b256_fast,1,partial_zero,0.0817775726318,400,47.8539466858
soc-Pokec,b256_fast,1,csr_prefetch,4.59837913513,400,47.8539466858
soc-Pokec,b256_fast,1,feature_gather_decode,6.35051727295,400,47.8539466858
soc-Pokec,b256_fast,1,fp32_neighbor_reduction,3.91411781311,400,47.8539466858
soc-Pokec,b256_fast,1,partial_bf16_conversion,0.0534057617188,400,47.8539466858
soc-Pokec,b256_fast,1,tile_load,0.377655029297,400,47.8539466858
soc-Pokec,b256_fast,1,tile_compute,0.828504562378,400,47.8539466858
soc-Pokec,b256_fast,1,tile_store,0.0429153442383,400,47.8539466858
soc-Pokec,b256_fast,1,output_scatter,0.413417816162,400,47.8539466858
soc-Pokec,b256_fast,1,thread_amx_setup,0.0228881835938,400,47.8539466858
soc-Pokec,b256_fast,2,output_zero,0,400,47.5890636444
soc-Pokec,b256_fast,2,row_schedule,0.154256820679,400,47.5890636444
soc-Pokec,b256_fast,2,partial_zero,0.0884532928467,400,47.5890636444
soc-Pokec,b256_fast,2,csr_prefetch,4.82225418091,400,47.5890636444
soc-Pokec,b256_fast,2,feature_gather_decode,6.22200965881,400,47.5890636444
soc-Pokec,b256_fast,2,fp32_neighbor_reduction,3.85308265686,400,47.5890636444
soc-Pokec,b256_fast,2,partial_bf16_conversion,0.056266784668,400,47.5890636444
soc-Pokec,b256_fast,2,tile_load,0.400304794312,400,47.5890636444
soc-Pokec,b256_fast,2,tile_compute,0.876665115356,400,47.5890636444
soc-Pokec,b256_fast,2,tile_store,0.0426769256592,400,47.5890636444
soc-Pokec,b256_fast,2,output_scatter,0.0619888305664,400,47.5890636444
soc-Pokec,b256_fast,2,thread_amx_setup,0.0236034393311,400,47.5890636444
soc-Pokec,b256_accurate,1,output_zero,0,400,50.3079891205
soc-Pokec,b256_accurate,1,row_schedule,0.141620635986,400,50.3079891205
soc-Pokec,b256_accurate,1,partial_zero,0.0746250152588,400,50.3079891205
soc-Pokec,b256_accurate,1,csr_prefetch,4.76288795471,400,50.3079891205
soc-Pokec,b256_accurate,1,feature_gather_decode,6.24513626099,400,50.3079891205
soc-Pokec,b256_accurate,1,fp32_neighbor_reduction,3.9222240448,400,50.3079891205
soc-Pokec,b256_accurate,1,partial_bf16_conversion,0.104188919067,400,50.3079891205
soc-Pokec,b256_accurate,1,tile_load,0.595808029175,400,50.3079891205
soc-Pokec,b256_accurate,1,tile_compute,1.13081932068,400,50.3079891205
soc-Pokec,b256_accurate,1,tile_store,0.0312328338623,400,50.3079891205
soc-Pokec,b256_accurate,1,output_scatter,0.408172607422,400,50.3079891205
soc-Pokec,b256_accurate,1,thread_amx_setup,0.0171661376953,400,50.3079891205
soc-Pokec,b256_accurate,2,output_zero,0,400,48.9659309387
soc-Pokec,b256_accurate,2,row_schedule,0.153064727783,400,48.9659309387
soc-Pokec,b256_accurate,2,partial_zero,0.0946521759033,400,48.9659309387
soc-Pokec,b256_accurate,2,csr_prefetch,4.73117828369,400,48.9659309387
soc-Pokec,b256_accurate,2,feature_gather_decode,6.33645057678,400,48.9659309387
soc-Pokec,b256_accurate,2,fp32_neighbor_reduction,3.97086143494,400,48.9659309387
soc-Pokec,b256_accurate,2,partial_bf16_conversion,0.109434127808,400,48.9659309387
soc-Pokec,b256_accurate,2,tile_load,0.58913230896,400,48.9659309387
soc-Pokec,b256_accurate,2,tile_compute,1.15084648132,400,48.9659309387
soc-Pokec,b256_accurate,2,tile_store,0.0295639038086,400,48.9659309387
soc-Pokec,b256_accurate,2,output_scatter,0.0772476196289,400,48.9659309387
soc-Pokec,b256_accurate,2,thread_amx_setup,0.0152587890625,400,48.9659309387
soc-Pokec,s64_m64_fast,1,output_zero,0.00119209289551,400,65.4599666595
soc-Pokec,s64_m64_fast,1,row_schedule,0.181436538696,400,65.4599666595
soc-Pokec,s64_m64_fast,1,partial_zero,0.21767616272,400,65.4599666595
soc-Pokec,s64_m64_fast,1,csr_prefetch,26.7498493195,400,65.4599666595
soc-Pokec,s64_m64_fast,1,feature_gather_decode,20.0860500336,400,65.4599666595
soc-Pokec,s64_m64_fast,1,fp32_neighbor_reduction,7.3664188385,400,65.4599666595
soc-Pokec,s64_m64_fast,1,partial_bf16_conversion,3.68928909302,400,65.4599666595
soc-Pokec,s64_m64_fast,1,tile_load,1.13534927368,400,65.4599666595
soc-Pokec,s64_m64_fast,1,tile_compute,1.66583061218,400,65.4599666595
soc-Pokec,s64_m64_fast,1,tile_store,0.0789165496826,400,65.4599666595
soc-Pokec,s64_m64_fast,1,output_scatter,0.496864318848,400,65.4599666595
soc-Pokec,s64_m64_fast,1,thread_amx_setup,0.0364780426025,400,65.4599666595
soc-Pokec,s64_m64_fast,1,window_state_load,0,400,65.4599666595
soc-Pokec,s64_m64_fast,1,window_state_store,0.385999679565,400,65.4599666595
soc-Pokec,s64_m64_fast,2,output_zero,0,400,59.3500137329
soc-Pokec,s64_m64_fast,2,row_schedule,0.169038772583,400,59.3500137329
soc-Pokec,s64_m64_fast,2,partial_zero,0.204086303711,400,59.3500137329
soc-Pokec,s64_m64_fast,2,csr_prefetch,26.7450809479,400,59.3500137329
soc-Pokec,s64_m64_fast,2,feature_gather_decode,20.0524330139,400,59.3500137329
soc-Pokec,s64_m64_fast,2,fp32_neighbor_reduction,7.67517089844,400,59.3500137329
soc-Pokec,s64_m64_fast,2,partial_bf16_conversion,3.73888015747,400,59.3500137329
soc-Pokec,s64_m64_fast,2,tile_load,1.07336044312,400,59.3500137329
soc-Pokec,s64_m64_fast,2,tile_compute,1.57308578491,400,59.3500137329
soc-Pokec,s64_m64_fast,2,tile_store,0.0872611999512,400,59.3500137329
soc-Pokec,s64_m64_fast,2,output_scatter,0.691175460815,400,59.3500137329
soc-Pokec,s64_m64_fast,2,thread_amx_setup,0.0567436218262,400,59.3500137329
soc-Pokec,s64_m64_fast,2,window_state_load,0,400,59.3500137329
soc-Pokec,s64_m64_fast,2,window_state_store,0.395059585571,400,59.3500137329
soc-Pokec,s32_m64_fast,1,output_zero,0,400,62.9229545593
soc-Pokec,s32_m64_fast,1,row_schedule,0.20432472229,400,62.9229545593
soc-Pokec,s32_m64_fast,1,partial_zero,0.225782394409,400,62.9229545593
soc-Pokec,s32_m64_fast,1,csr_prefetch,26.6904830933,400,62.9229545593
soc-Pokec,s32_m64_fast,1,feature_gather_decode,19.9415683746,400,62.9229545593
soc-Pokec,s32_m64_fast,1,fp32_neighbor_reduction,7.64393806458,400,62.9229545593
soc-Pokec,s32_m64_fast,1,partial_bf16_conversion,3.741979599,400,62.9229545593
soc-Pokec,s32_m64_fast,1,tile_load,1.07192993164,400,62.9229545593
soc-Pokec,s32_m64_fast,1,tile_compute,1.58619880676,400,62.9229545593
soc-Pokec,s32_m64_fast,1,tile_store,0.0901222229004,400,62.9229545593
soc-Pokec,s32_m64_fast,1,output_scatter,0.487089157104,400,62.9229545593
soc-Pokec,s32_m64_fast,1,thread_amx_setup,0.0364780426025,400,62.9229545593
soc-Pokec,s32_m64_fast,1,window_state_load,0.0946521759033,400,62.9229545593
soc-Pokec,s32_m64_fast,1,window_state_store,0.463008880615,400,62.9229545593
soc-Pokec,s32_m64_fast,2,output_zero,0,400,62.851190567
soc-Pokec,s32_m64_fast,2,row_schedule,0.188827514648,400,62.851190567
soc-Pokec,s32_m64_fast,2,partial_zero,0.178813934326,400,62.851190567
soc-Pokec,s32_m64_fast,2,csr_prefetch,26.7736911774,400,62.851190567
soc-Pokec,s32_m64_fast,2,feature_gather_decode,19.97423172,400,62.851190567
soc-Pokec,s32_m64_fast,2,fp32_neighbor_reduction,7.51638412476,400,62.851190567
soc-Pokec,s32_m64_fast,2,partial_bf16_conversion,3.73220443726,400,62.851190567
soc-Pokec,s32_m64_fast,2,tile_load,1.11317634583,400,62.851190567
soc-Pokec,s32_m64_fast,2,tile_compute,1.65343284607,400,62.851190567
soc-Pokec,s32_m64_fast,2,tile_store,0.0731945037842,400,62.851190567
soc-Pokec,s32_m64_fast,2,output_scatter,0.697612762451,400,62.851190567
soc-Pokec,s32_m64_fast,2,thread_amx_setup,0.0410079956055,400,62.851190567
soc-Pokec,s32_m64_fast,2,window_state_load,0.0896453857422,400,62.851190567
soc-Pokec,s32_m64_fast,2,window_state_store,0.453472137451,400,62.851190567
soc-Pokec,s32_m256_fast,1,output_zero,0,400,59.6349239349
soc-Pokec,s32_m256_fast,1,row_schedule,0.19645690918,400,59.6349239349
soc-Pokec,s32_m256_fast,1,partial_zero,0.184297561646,400,59.6349239349
soc-Pokec,s32_m256_fast,1,csr_prefetch,26.5116691589,400,59.6349239349
soc-Pokec,s32_m256_fast,1,feature_gather_decode,19.8211669922,400,59.6349239349
soc-Pokec,s32_m256_fast,1,fp32_neighbor_reduction,7.46369361877,400,59.6349239349
soc-Pokec,s32_m256_fast,1,partial_bf16_conversion,2.77304649353,400,59.6349239349
soc-Pokec,s32_m256_fast,1,tile_load,0.814914703369,400,59.6349239349
soc-Pokec,s32_m256_fast,1,tile_compute,1.35850906372,400,59.6349239349
soc-Pokec,s32_m256_fast,1,tile_store,0.0519752502441,400,59.6349239349
soc-Pokec,s32_m256_fast,1,output_scatter,0.504493713379,400,59.6349239349
soc-Pokec,s32_m256_fast,1,thread_amx_setup,0.0286102294922,400,59.6349239349
soc-Pokec,s32_m256_fast,1,window_state_load,0.139713287354,400,59.6349239349
soc-Pokec,s32_m256_fast,1,window_state_store,0.489711761475,400,59.6349239349
soc-Pokec,s32_m256_fast,2,output_zero,0,400,57.3041439056
soc-Pokec,s32_m256_fast,2,row_schedule,0.194787979126,400,57.3041439056
soc-Pokec,s32_m256_fast,2,partial_zero,0.155925750732,400,57.3041439056
soc-Pokec,s32_m256_fast,2,csr_prefetch,26.6404151917,400,57.3041439056
soc-Pokec,s32_m256_fast,2,feature_gather_decode,19.8261737823,400,57.3041439056
soc-Pokec,s32_m256_fast,2,fp32_neighbor_reduction,7.55047798157,400,57.3041439056
soc-Pokec,s32_m256_fast,2,partial_bf16_conversion,2.75850296021,400,57.3041439056
soc-Pokec,s32_m256_fast,2,tile_load,0.811815261841,400,57.3041439056
soc-Pokec,s32_m256_fast,2,tile_compute,1.38759613037,400,57.3041439056
soc-Pokec,s32_m256_fast,2,tile_store,0.0622272491455,400,57.3041439056
soc-Pokec,s32_m256_fast,2,output_scatter,0.696420669556,400,57.3041439056
soc-Pokec,s32_m256_fast,2,thread_amx_setup,0.0483989715576,400,57.3041439056
soc-Pokec,s32_m256_fast,2,window_state_load,0.171184539795,400,57.3041439056
soc-Pokec,s32_m256_fast,2,window_state_store,0.489234924316,400,57.3041439056
soc-Pokec,s64_m256_fast,1,output_zero,0,400,63.3070468903
soc-Pokec,s64_m256_fast,1,row_schedule,0.196218490601,400,63.3070468903
soc-Pokec,s64_m256_fast,1,partial_zero,0.209093093872,400,63.3070468903
soc-Pokec,s64_m256_fast,1,csr_prefetch,26.6325473785,400,63.3070468903
soc-Pokec,s64_m256_fast,1,feature_gather_decode,19.5293426514,400,63.3070468903
soc-Pokec,s64_m256_fast,1,fp32_neighbor_reduction,7.55023956299,400,63.3070468903
soc-Pokec,s64_m256_fast,1,partial_bf16_conversion,2.76947021484,400,63.3070468903
soc-Pokec,s64_m256_fast,1,tile_load,0.808238983154,400,63.3070468903
soc-Pokec,s64_m256_fast,1,tile_compute,1.37066841125,400,63.3070468903
soc-Pokec,s64_m256_fast,1,tile_store,0.0607967376709,400,63.3070468903
soc-Pokec,s64_m256_fast,1,output_scatter,0.464916229248,400,63.3070468903
soc-Pokec,s64_m256_fast,1,thread_amx_setup,0.035285949707,400,63.3070468903
soc-Pokec,s64_m256_fast,1,window_state_load,0.0369548797607,400,63.3070468903
soc-Pokec,s64_m256_fast,1,window_state_store,0.411987304688,400,63.3070468903
soc-Pokec,s64_m256_fast,2,output_zero,0,400,58.0840110779
soc-Pokec,s64_m256_fast,2,row_schedule,0.184535980225,400,58.0840110779
soc-Pokec,s64_m256_fast,2,partial_zero,0.171661376953,400,58.0840110779
soc-Pokec,s64_m256_fast,2,csr_prefetch,26.6237258911,400,58.0840110779
soc-Pokec,s64_m256_fast,2,feature_gather_decode,19.7312831879,400,58.0840110779
soc-Pokec,s64_m256_fast,2,fp32_neighbor_reduction,7.69925117493,400,58.0840110779
soc-Pokec,s64_m256_fast,2,partial_bf16_conversion,2.76303291321,400,58.0840110779
soc-Pokec,s64_m256_fast,2,tile_load,0.826358795166,400,58.0840110779
soc-Pokec,s64_m256_fast,2,tile_compute,1.31773948669,400,58.0840110779
soc-Pokec,s64_m256_fast,2,tile_store,0.0629425048828,400,58.0840110779
soc-Pokec,s64_m256_fast,2,output_scatter,0.697374343872,400,58.0840110779
soc-Pokec,s64_m256_fast,2,thread_amx_setup,0.0388622283936,400,58.0840110779
soc-Pokec,s64_m256_fast,2,window_state_load,0.0426769256592,400,58.0840110779
soc-Pokec,s64_m256_fast,2,window_state_store,0.369787216187,400,58.0840110779
soc-Pokec,s32_mfull_fast,1,output_zero,0,400,62.5879764557
soc-Pokec,s32_mfull_fast,1,row_schedule,0.179290771484,400,62.5879764557
soc-Pokec,s32_mfull_fast,1,partial_zero,0.195980072021,400,62.5879764557
soc-Pokec,s32_mfull_fast,1,csr_prefetch,26.6056060791,400,62.5879764557
soc-Pokec,s32_mfull_fast,1,feature_gather_decode,19.6888446808,400,62.5879764557
soc-Pokec,s32_mfull_fast,1,fp32_neighbor_reduction,7.56669044495,400,62.5879764557
soc-Pokec,s32_mfull_fast,1,partial_bf16_conversion,2.52723693848,400,62.5879764557
soc-Pokec,s32_mfull_fast,1,tile_load,0.754833221436,400,62.5879764557
soc-Pokec,s32_mfull_fast,1,tile_compute,1.28650665283,400,62.5879764557
soc-Pokec,s32_mfull_fast,1,tile_store,0.0567436218262,400,62.5879764557
soc-Pokec,s32_mfull_fast,1,output_scatter,0.490427017212,400,62.5879764557
soc-Pokec,s32_mfull_fast,1,thread_amx_setup,0.0362396240234,400,62.5879764557
soc-Pokec,s32_mfull_fast,1,window_state_load,0.133037567139,400,62.5879764557
soc-Pokec,s32_mfull_fast,1,window_state_store,0.526666641235,400,62.5879764557
soc-Pokec,s32_mfull_fast,2,output_zero,0,400,60.7459545135
soc-Pokec,s32_mfull_fast,2,row_schedule,0.178575515747,400,60.7459545135
soc-Pokec,s32_mfull_fast,2,partial_zero,0.160455703735,400,60.7459545135
soc-Pokec,s32_mfull_fast,2,csr_prefetch,26.4978408813,400,60.7459545135
soc-Pokec,s32_mfull_fast,2,feature_gather_decode,19.8376178741,400,60.7459545135
soc-Pokec,s32_mfull_fast,2,fp32_neighbor_reduction,7.54046440125,400,60.7459545135
soc-Pokec,s32_mfull_fast,2,partial_bf16_conversion,2.57039070129,400,60.7459545135
soc-Pokec,s32_mfull_fast,2,tile_load,0.754117965698,400,60.7459545135
soc-Pokec,s32_mfull_fast,2,tile_compute,1.2526512146,400,60.7459545135
soc-Pokec,s32_mfull_fast,2,tile_store,0.053882598877,400,60.7459545135
soc-Pokec,s32_mfull_fast,2,output_scatter,0.690460205078,400,60.7459545135
soc-Pokec,s32_mfull_fast,2,thread_amx_setup,0.0441074371338,400,60.7459545135
soc-Pokec,s32_mfull_fast,2,window_state_load,0.124931335449,400,60.7459545135
soc-Pokec,s32_mfull_fast,2,window_state_store,0.468492507935,400,60.7459545135
soc-Pokec,s64_mfull_fast,1,output_zero,0,400,53.8070201874
soc-Pokec,s64_mfull_fast,1,row_schedule,0.204563140869,400,53.8070201874
soc-Pokec,s64_mfull_fast,1,partial_zero,0.192642211914,400,53.8070201874
soc-Pokec,s64_mfull_fast,1,csr_prefetch,26.4415740967,400,53.8070201874
soc-Pokec,s64_mfull_fast,1,feature_gather_decode,19.8030471802,400,53.8070201874
soc-Pokec,s64_mfull_fast,1,fp32_neighbor_reduction,7.56621360779,400,53.8070201874
soc-Pokec,s64_mfull_fast,1,partial_bf16_conversion,2.52652168274,400,53.8070201874
soc-Pokec,s64_mfull_fast,1,tile_load,0.718832015991,400,53.8070201874
soc-Pokec,s64_mfull_fast,1,tile_compute,1.23810768127,400,53.8070201874
soc-Pokec,s64_mfull_fast,1,tile_store,0.0598430633545,400,53.8070201874
soc-Pokec,s64_mfull_fast,1,output_scatter,0.486373901367,400,53.8070201874
soc-Pokec,s64_mfull_fast,1,thread_amx_setup,0.0324249267578,400,53.8070201874
soc-Pokec,s64_mfull_fast,1,window_state_load,0.0479221343994,400,53.8070201874
soc-Pokec,s64_mfull_fast,1,window_state_store,0.390768051147,400,53.8070201874
soc-Pokec,s64_mfull_fast,2,output_zero,0,400,56.3509464264
soc-Pokec,s64_mfull_fast,2,row_schedule,0.165462493896,400,56.3509464264
soc-Pokec,s64_mfull_fast,2,partial_zero,0.177621841431,400,56.3509464264
soc-Pokec,s64_mfull_fast,2,csr_prefetch,26.6437530518,400,56.3509464264
soc-Pokec,s64_mfull_fast,2,feature_gather_decode,19.7491645813,400,56.3509464264
soc-Pokec,s64_mfull_fast,2,fp32_neighbor_reduction,7.59100914001,400,56.3509464264
soc-Pokec,s64_mfull_fast,2,partial_bf16_conversion,2.69269943237,400,56.3509464264
soc-Pokec,s64_mfull_fast,2,tile_load,0.751733779907,400,56.3509464264
soc-Pokec,s64_mfull_fast,2,tile_compute,1.22404098511,400,56.3509464264
soc-Pokec,s64_mfull_fast,2,tile_store,0.063419342041,400,56.3509464264
soc-Pokec,s64_mfull_fast,2,output_scatter,0.693798065186,400,56.3509464264
soc-Pokec,s64_mfull_fast,2,thread_amx_setup,0.0402927398682,400,56.3509464264
soc-Pokec,s64_mfull_fast,2,window_state_load,0.0479221343994,400,56.3509464264
soc-Pokec,s64_mfull_fast,2,window_state_store,0.411033630371,400,56.3509464264
soc-Pokec,s128_mfull_fast,1,output_zero,0,400,61.6681575775
soc-Pokec,s128_mfull_fast,1,row_schedule,0.198125839233,400,61.6681575775
soc-Pokec,s128_mfull_fast,1,partial_zero,0.174283981323,400,61.6681575775
soc-Pokec,s128_mfull_fast,1,csr_prefetch,26.4658927917,400,61.6681575775
soc-Pokec,s128_mfull_fast,1,feature_gather_decode,19.7248458862,400,61.6681575775
soc-Pokec,s128_mfull_fast,1,fp32_neighbor_reduction,7.65061378479,400,61.6681575775
soc-Pokec,s128_mfull_fast,1,partial_bf16_conversion,2.5315284729,400,61.6681575775
soc-Pokec,s128_mfull_fast,1,tile_load,0.768899917603,400,61.6681575775
soc-Pokec,s128_mfull_fast,1,tile_compute,1.21760368347,400,61.6681575775
soc-Pokec,s128_mfull_fast,1,tile_store,0.0600814819336,400,61.6681575775
soc-Pokec,s128_mfull_fast,1,output_scatter,0.496864318848,400,61.6681575775
soc-Pokec,s128_mfull_fast,1,thread_amx_setup,0.0417232513428,400,61.6681575775
soc-Pokec,s128_mfull_fast,1,window_state_load,0.00786781311035,400,61.6681575775
soc-Pokec,s128_mfull_fast,1,window_state_store,0.374794006348,400,61.6681575775
soc-Pokec,s128_mfull_fast,2,output_zero,0,400,59.5810413361
soc-Pokec,s128_mfull_fast,2,row_schedule,0.166654586792,400,59.5810413361
soc-Pokec,s128_mfull_fast,2,partial_zero,0.169515609741,400,59.5810413361
soc-Pokec,s128_mfull_fast,2,csr_prefetch,26.6027450562,400,59.5810413361
soc-Pokec,s128_mfull_fast,2,feature_gather_decode,19.734621048,400,59.5810413361
soc-Pokec,s128_mfull_fast,2,fp32_neighbor_reduction,7.6379776001,400,59.5810413361
soc-Pokec,s128_mfull_fast,2,partial_bf16_conversion,2.55656242371,400,59.5810413361
soc-Pokec,s128_mfull_fast,2,tile_load,0.706195831299,400,59.5810413361
soc-Pokec,s128_mfull_fast,2,tile_compute,1.19543075562,400,59.5810413361
soc-Pokec,s128_mfull_fast,2,tile_store,0.0615119934082,400,59.5810413361
soc-Pokec,s128_mfull_fast,2,output_scatter,0.693798065186,400,59.5810413361
soc-Pokec,s128_mfull_fast,2,thread_amx_setup,0.0443458557129,400,59.5810413361
soc-Pokec,s128_mfull_fast,2,window_state_load,0.0159740447998,400,59.5810413361
soc-Pokec,s128_mfull_fast,2,window_state_store,0.337839126587,400,59.5810413361
soc-Pokec,s64_mfull_accurate,1,output_zero,0,400,61.6018772125
soc-Pokec,s64_mfull_accurate,1,row_schedule,0.194072723389,400,61.6018772125
soc-Pokec,s64_mfull_accurate,1,partial_zero,0.186443328857,400,61.6018772125
soc-Pokec,s64_mfull_accurate,1,csr_prefetch,26.8912315369,400,61.6018772125
soc-Pokec,s64_mfull_accurate,1,feature_gather_decode,20.042181015,400,61.6018772125
soc-Pokec,s64_mfull_accurate,1,fp32_neighbor_reduction,7.74073600769,400,61.6018772125
soc-Pokec,s64_mfull_accurate,1,partial_bf16_conversion,7.87019729614,400,61.6018772125
soc-Pokec,s64_mfull_accurate,1,tile_load,1.43122673035,400,61.6018772125
soc-Pokec,s64_mfull_accurate,1,tile_compute,1.48415565491,400,61.6018772125
soc-Pokec,s64_mfull_accurate,1,tile_store,0.0619888305664,400,61.6018772125
soc-Pokec,s64_mfull_accurate,1,output_scatter,0.513553619385,400,61.6018772125
soc-Pokec,s64_mfull_accurate,1,thread_amx_setup,0.0295639038086,400,61.6018772125
soc-Pokec,s64_mfull_accurate,1,window_state_load,0.0414848327637,400,61.6018772125
soc-Pokec,s64_mfull_accurate,1,window_state_store,0.405311584473,400,61.6018772125
soc-Pokec,s64_mfull_accurate,2,output_zero,0,400,61.3660812378
soc-Pokec,s64_mfull_accurate,2,row_schedule,0.195026397705,400,61.3660812378
soc-Pokec,s64_mfull_accurate,2,partial_zero,0.166177749634,400,61.3660812378
soc-Pokec,s64_mfull_accurate,2,csr_prefetch,26.891708374,400,61.3660812378
soc-Pokec,s64_mfull_accurate,2,feature_gather_decode,20.1382637024,400,61.3660812378
soc-Pokec,s64_mfull_accurate,2,fp32_neighbor_reduction,7.72094726562,400,61.3660812378
soc-Pokec,s64_mfull_accurate,2,partial_bf16_conversion,7.83777236938,400,61.3660812378
soc-Pokec,s64_mfull_accurate,2,tile_load,1.45626068115,400,61.3660812378
soc-Pokec,s64_mfull_accurate,2,tile_compute,1.38831138611,400,61.3660812378
soc-Pokec,s64_mfull_accurate,2,tile_store,0.0603199005127,400,61.3660812378
soc-Pokec,s64_mfull_accurate,2,output_scatter,0.726461410522,400,61.3660812378
soc-Pokec,s64_mfull_accurate,2,thread_amx_setup,0.0309944152832,400,61.3660812378
soc-Pokec,s64_mfull_accurate,2,window_state_load,0.0436305999756,400,61.3660812378
soc-Pokec,s64_mfull_accurate,2,window_state_store,0.402688980103,400,61.3660812378
soc-Pokec,s64_mfull_rowwise_fast,1,output_zero,0,400,61.1639022827
soc-Pokec,s64_mfull_rowwise_fast,1,row_schedule,0.191926956177,400,61.1639022827
soc-Pokec,s64_mfull_rowwise_fast,1,partial_zero,0.188589096069,400,61.1639022827
soc-Pokec,s64_mfull_rowwise_fast,1,csr_prefetch,26.802778244,400,61.1639022827
soc-Pokec,s64_mfull_rowwise_fast,1,feature_gather_decode,19.4671154022,400,61.1639022827
soc-Pokec,s64_mfull_rowwise_fast,1,fp32_neighbor_reduction,7.68685340881,400,61.1639022827
soc-Pokec,s64_mfull_rowwise_fast,1,partial_bf16_conversion,2.521276474,400,61.1639022827
soc-Pokec,s64_mfull_rowwise_fast,1,tile_load,0.748634338379,400,61.1639022827
soc-Pokec,s64_mfull_rowwise_fast,1,tile_compute,1.25479698181,400,61.1639022827
soc-Pokec,s64_mfull_rowwise_fast,1,tile_store,0.0548362731934,400,61.1639022827
soc-Pokec,s64_mfull_rowwise_fast,1,output_scatter,0.559568405151,400,61.1639022827
soc-Pokec,s64_mfull_rowwise_fast,1,thread_amx_setup,0.044584274292,400,61.1639022827
soc-Pokec,s64_mfull_rowwise_fast,1,window_state_load,0.0348091125488,400,61.1639022827
soc-Pokec,s64_mfull_rowwise_fast,1,window_state_store,0.356435775757,400,61.1639022827
soc-Pokec,s64_mfull_rowwise_fast,2,output_zero,0,400,58.0101013184
soc-Pokec,s64_mfull_rowwise_fast,2,row_schedule,0.216007232666,400,58.0101013184
soc-Pokec,s64_mfull_rowwise_fast,2,partial_zero,0.175476074219,400,58.0101013184
soc-Pokec,s64_mfull_rowwise_fast,2,csr_prefetch,26.4756679535,400,58.0101013184
soc-Pokec,s64_mfull_rowwise_fast,2,feature_gather_decode,19.7060108185,400,58.0101013184
soc-Pokec,s64_mfull_rowwise_fast,2,fp32_neighbor_reduction,7.67159461975,400,58.0101013184
soc-Pokec,s64_mfull_rowwise_fast,2,partial_bf16_conversion,2.55489349365,400,58.0101013184
soc-Pokec,s64_mfull_rowwise_fast,2,tile_load,0.770807266235,400,58.0101013184
soc-Pokec,s64_mfull_rowwise_fast,2,tile_compute,1.22284889221,400,58.0101013184
soc-Pokec,s64_mfull_rowwise_fast,2,tile_store,0.0395774841309,400,58.0101013184
soc-Pokec,s64_mfull_rowwise_fast,2,output_scatter,0.705242156982,400,58.0101013184
soc-Pokec,s64_mfull_rowwise_fast,2,thread_amx_setup,0.0431537628174,400,58.0101013184
soc-Pokec,s64_mfull_rowwise_fast,2,window_state_load,0.0259876251221,400,58.0101013184
soc-Pokec,s64_mfull_rowwise_fast,2,window_state_store,0.402688980103,400,58.0101013184
cit-Patents,b64_fast,1,output_zero,0,923,38.6459827423
cit-Patents,b64_fast,1,row_schedule,0.221967697144,923,38.6459827423
cit-Patents,b64_fast,1,partial_zero,0.130176544189,923,38.6459827423
cit-Patents,b64_fast,1,csr_prefetch,2.87580490112,923,38.6459827423
cit-Patents,b64_fast,1,feature_gather_decode,4.10079956055,923,38.6459827423
cit-Patents,b64_fast,1,fp32_neighbor_reduction,2.41708755493,923,38.6459827423
cit-Patents,b64_fast,1,partial_bf16_conversion,0.075101852417,923,38.6459827423
cit-Patents,b64_fast,1,tile_load,0.384092330933,923,38.6459827423
cit-Patents,b64_fast,1,tile_compute,1.07073783875,923,38.6459827423
cit-Patents,b64_fast,1,tile_store,0.0479221343994,923,38.6459827423
cit-Patents,b64_fast,1,output_scatter,0.583171844482,923,38.6459827423
cit-Patents,b64_fast,1,thread_amx_setup,0.0209808349609,923,38.6459827423
cit-Patents,b64_fast,2,output_zero,0,923,34.2228412628
cit-Patents,b64_fast,2,row_schedule,0.218868255615,923,34.2228412628
cit-Patents,b64_fast,2,partial_zero,0.124454498291,923,34.2228412628
cit-Patents,b64_fast,2,csr_prefetch,2.93660163879,923,34.2228412628
cit-Patents,b64_fast,2,feature_gather_decode,4.1663646698,923,34.2228412628
cit-Patents,b64_fast,2,fp32_neighbor_reduction,2.28500366211,923,34.2228412628
cit-Patents,b64_fast,2,partial_bf16_conversion,0.0753402709961,923,34.2228412628
cit-Patents,b64_fast,2,tile_load,0.413417816162,923,34.2228412628
cit-Patents,b64_fast,2,tile_compute,1.12986564636,923,34.2228412628
cit-Patents,b64_fast,2,tile_store,0.0536441802979,923,34.2228412628
cit-Patents,b64_fast,2,output_scatter,0.108480453491,923,34.2228412628
cit-Patents,b64_fast,2,thread_amx_setup,0.023365020752,923,34.2228412628
cit-Patents,b64_accurate,1,output_zero,0,923,40.1649475098
cit-Patents,b64_accurate,1,row_schedule,0.174760818481,923,40.1649475098
cit-Patents,b64_accurate,1,partial_zero,0.130414962769,923,40.1649475098
cit-Patents,b64_accurate,1,csr_prefetch,3.09634208679,923,40.1649475098
cit-Patents,b64_accurate,1,feature_gather_decode,4.3249130249,923,40.1649475098
cit-Patents,b64_accurate,1,fp32_neighbor_reduction,2.49409675598,923,40.1649475098
cit-Patents,b64_accurate,1,partial_bf16_conversion,0.137805938721,923,40.1649475098
cit-Patents,b64_accurate,1,tile_load,0.685214996338,923,40.1649475098
cit-Patents,b64_accurate,1,tile_compute,1.70874595642,923,40.1649475098
cit-Patents,b64_accurate,1,tile_store,0.0436305999756,923,40.1649475098
cit-Patents,b64_accurate,1,output_scatter,0.603675842285,923,40.1649475098
cit-Patents,b64_accurate,1,thread_amx_setup,0.0190734863281,923,40.1649475098
cit-Patents,b64_accurate,2,output_zero,0,923,33.5209369659
cit-Patents,b64_accurate,2,row_schedule,0.221252441406,923,33.5209369659
cit-Patents,b64_accurate,2,partial_zero,0.121355056763,923,33.5209369659
cit-Patents,b64_accurate,2,csr_prefetch,3.03792953491,923,33.5209369659
cit-Patents,b64_accurate,2,feature_gather_decode,4.3044090271,923,33.5209369659
cit-Patents,b64_accurate,2,fp32_neighbor_reduction,2.4995803833,923,33.5209369659
cit-Patents,b64_accurate,2,partial_bf16_conversion,0.126600265503,923,33.5209369659
cit-Patents,b64_accurate,2,tile_load,0.710487365723,923,33.5209369659
cit-Patents,b64_accurate,2,tile_compute,1.74760818481,923,33.5209369659
cit-Patents,b64_accurate,2,tile_store,0.0479221343994,923,33.5209369659
cit-Patents,b64_accurate,2,output_scatter,0.0820159912109,923,33.5209369659
cit-Patents,b64_accurate,2,thread_amx_setup,0.0247955322266,923,33.5209369659
cit-Patents,bfull_fast,1,output_zero,0,923,38.8119220734
cit-Patents,bfull_fast,1,row_schedule,0.252962112427,923,38.8119220734
cit-Patents,bfull_fast,1,partial_zero,0.140905380249,923,38.8119220734
cit-Patents,bfull_fast,1,csr_prefetch,3.01551818848,923,38.8119220734
cit-Patents,bfull_fast,1,feature_gather_decode,4.15468215942,923,38.8119220734
cit-Patents,bfull_fast,1,fp32_neighbor_reduction,2.38680839539,923,38.8119220734
cit-Patents,bfull_fast,1,partial_bf16_conversion,0.0638961791992,923,38.8119220734
cit-Patents,bfull_fast,1,tile_load,0.393867492676,923,38.8119220734
cit-Patents,bfull_fast,1,tile_compute,1.13129615784,923,38.8119220734
cit-Patents,bfull_fast,1,tile_store,0.0512599945068,923,38.8119220734
cit-Patents,bfull_fast,1,output_scatter,0.597953796387,923,38.8119220734
cit-Patents,bfull_fast,1,thread_amx_setup,0.0190734863281,923,38.8119220734
cit-Patents,bfull_fast,2,output_zero,0,923,33.3940982819
cit-Patents,bfull_fast,2,row_schedule,0.23078918457,923,33.3940982819
cit-Patents,bfull_fast,2,partial_zero,0.117301940918,923,33.3940982819
cit-Patents,bfull_fast,2,csr_prefetch,3.02267074585,923,33.3940982819
cit-Patents,bfull_fast,2,feature_gather_decode,4.08554077148,923,33.3940982819
cit-Patents,bfull_fast,2,fp32_neighbor_reduction,2.38108634949,923,33.3940982819
cit-Patents,bfull_fast,2,partial_bf16_conversion,0.0805854797363,923,33.3940982819
cit-Patents,bfull_fast,2,tile_load,0.367164611816,923,33.3940982819
cit-Patents,bfull_fast,2,tile_compute,1.17111206055,923,33.3940982819
cit-Patents,bfull_fast,2,tile_store,0.0474452972412,923,33.3940982819
cit-Patents,bfull_fast,2,output_scatter,0.0984668731689,923,33.3940982819
cit-Patents,bfull_fast,2,thread_amx_setup,0.0226497650146,923,33.3940982819
cit-Patents,bfull_accurate,1,output_zero,0,923,39.1619205475
cit-Patents,bfull_accurate,1,row_schedule,0.190734863281,923,39.1619205475
cit-Patents,bfull_accurate,1,partial_zero,0.105381011963,923,39.1619205475
cit-Patents,bfull_accurate,1,csr_prefetch,3.06081771851,923,39.1619205475
cit-Patents,bfull_accurate,1,feature_gather_decode,4.21333312988,923,39.1619205475
cit-Patents,bfull_accurate,1,fp32_neighbor_reduction,2.4037361145,923,39.1619205475
cit-Patents,bfull_accurate,1,partial_bf16_conversion,0.139474868774,923,39.1619205475
cit-Patents,bfull_accurate,1,tile_load,0.684976577759,923,39.1619205475
cit-Patents,bfull_accurate,1,tile_compute,1.65557861328,923,39.1619205475
cit-Patents,bfull_accurate,1,tile_store,0.0627040863037,923,39.1619205475
cit-Patents,bfull_accurate,1,output_scatter,0.590801239014,923,39.1619205475
cit-Patents,bfull_accurate,1,thread_amx_setup,0.0264644622803,923,39.1619205475
cit-Patents,bfull_accurate,2,output_zero,0,923,34.1598987579
cit-Patents,bfull_accurate,2,row_schedule,0.203371047974,923,34.1598987579
cit-Patents,bfull_accurate,2,partial_zero,0.114917755127,923,34.1598987579
cit-Patents,bfull_accurate,2,csr_prefetch,3.07464599609,923,34.1598987579
cit-Patents,bfull_accurate,2,feature_gather_decode,4.31871414185,923,34.1598987579
cit-Patents,bfull_accurate,2,fp32_neighbor_reduction,2.45404243469,923,34.1598987579
cit-Patents,bfull_accurate,2,partial_bf16_conversion,0.160932540894,923,34.1598987579
cit-Patents,bfull_accurate,2,tile_load,0.775814056396,923,34.1598987579
cit-Patents,bfull_accurate,2,tile_compute,2.38680839539,923,34.1598987579
cit-Patents,bfull_accurate,2,tile_store,0.0393390655518,923,34.1598987579
cit-Patents,bfull_accurate,2,output_scatter,0.0991821289062,923,34.1598987579
cit-Patents,bfull_accurate,2,thread_amx_setup,0.0312328338623,923,34.1598987579
cit-Patents,b256_fast,1,output_zero,0,923,38.7690067291
cit-Patents,b256_fast,1,row_schedule,0.243663787842,923,38.7690067291
cit-Patents,b256_fast,1,partial_zero,0.12731552124,923,38.7690067291
cit-Patents,b256_fast,1,csr_prefetch,2.89106369019,923,38.7690067291
cit-Patents,b256_fast,1,feature_gather_decode,4.17113304138,923,38.7690067291
cit-Patents,b256_fast,1,fp32_neighbor_reduction,2.3365020752,923,38.7690067291
cit-Patents,b256_fast,1,partial_bf16_conversion,0.0782012939453,923,38.7690067291
cit-Patents,b256_fast,1,tile_load,0.368118286133,923,38.7690067291
cit-Patents,b256_fast,1,tile_compute,1.08289718628,923,38.7690067291
cit-Patents,b256_fast,1,tile_store,0.053882598877,923,38.7690067291
cit-Patents,b256_fast,1,output_scatter,0.595092773438,923,38.7690067291
cit-Patents,b256_fast,1,thread_amx_setup,0.0245571136475,923,38.7690067291
cit-Patents,b256_fast,2,output_zero,0,923,32.4659347534
cit-Patents,b256_fast,2,row_schedule,0.219345092773,923,32.4659347534
cit-Patents,b256_fast,2,partial_zero,0.120639801025,923,32.4659347534
cit-Patents,b256_fast,2,csr_prefetch,2.9284954071,923,32.4659347534
cit-Patents,b256_fast,2,feature_gather_decode,4.18186187744,923,32.4659347534
cit-Patents,b256_fast,2,fp32_neighbor_reduction,2.36105918884,923,32.4659347534
cit-Patents,b256_fast,2,partial_bf16_conversion,0.0638961791992,923,32.4659347534
cit-Patents,b256_fast,2,tile_load,0.375270843506,923,32.4659347534
cit-Patents,b256_fast,2,tile_compute,1.12581253052,923,32.4659347534
cit-Patents,b256_fast,2,tile_store,0.056266784668,923,32.4659347534
cit-Patents,b256_fast,2,output_scatter,0.0951290130615,923,32.4659347534
cit-Patents,b256_fast,2,thread_amx_setup,0.0228881835938,923,32.4659347534
cit-Patents,b256_accurate,1,output_zero,0,923,40.6529903412
cit-Patents,b256_accurate,1,row_schedule,0.184774398804,923,40.6529903412
cit-Patents,b256_accurate,1,partial_zero,0.128507614136,923,40.6529903412
cit-Patents,b256_accurate,1,csr_prefetch,3.00288200378,923,40.6529903412
cit-Patents,b256_accurate,1,feature_gather_decode,4.35996055603,923,40.6529903412
cit-Patents,b256_accurate,1,fp32_neighbor_reduction,2.3980140686,923,40.6529903412
cit-Patents,b256_accurate,1,partial_bf16_conversion,0.129222869873,923,40.6529903412
cit-Patents,b256_accurate,1,tile_load,0.68473815918,923,40.6529903412
cit-Patents,b256_accurate,1,tile_compute,1.66344642639,923,40.6529903412
cit-Patents,b256_accurate,1,tile_store,0.0550746917725,923,40.6529903412
cit-Patents,b256_accurate,1,output_scatter,0.593423843384,923,40.6529903412
cit-Patents,b256_accurate,1,thread_amx_setup,0.0178813934326,923,40.6529903412
cit-Patents,b256_accurate,2,output_zero,0,923,34.744977951
cit-Patents,b256_accurate,2,row_schedule,0.203847885132,923,34.744977951
cit-Patents,b256_accurate,2,partial_zero,0.123739242554,923,34.744977951
cit-Patents,b256_accurate,2,csr_prefetch,3.02338600159,923,34.744977951
cit-Patents,b256_accurate,2,feature_gather_decode,4.34446334839,923,34.744977951
cit-Patents,b256_accurate,2,fp32_neighbor_reduction,2.44617462158,923,34.744977951
cit-Patents,b256_accurate,2,partial_bf16_conversion,0.140428543091,923,34.744977951
cit-Patents,b256_accurate,2,tile_load,0.71382522583,923,34.744977951
cit-Patents,b256_accurate,2,tile_compute,1.65033340454,923,34.744977951
cit-Patents,b256_accurate,2,tile_store,0.0441074371338,923,34.744977951
cit-Patents,b256_accurate,2,output_scatter,0.0882148742676,923,34.744977951
cit-Patents,b256_accurate,2,thread_amx_setup,0.0219345092773,923,34.744977951
cit-Patents,s64_m64_fast,1,output_zero,0,923,48.9821434021
cit-Patents,s64_m64_fast,1,row_schedule,0.260829925537,923,48.9821434021
cit-Patents,s64_m64_fast,1,partial_zero,0.233173370361,923,48.9821434021
cit-Patents,s64_m64_fast,1,csr_prefetch,14.3821239471,923,48.9821434021
cit-Patents,s64_m64_fast,1,feature_gather_decode,11.5048885345,923,48.9821434021
cit-Patents,s64_m64_fast,1,fp32_neighbor_reduction,4.16588783264,923,48.9821434021
cit-Patents,s64_m64_fast,1,partial_bf16_conversion,3.86071205139,923,48.9821434021
cit-Patents,s64_m64_fast,1,tile_load,0.993490219116,923,48.9821434021
cit-Patents,s64_m64_fast,1,tile_compute,1.84965133667,923,48.9821434021
cit-Patents,s64_m64_fast,1,tile_store,0.100135803223,923,48.9821434021
cit-Patents,s64_m64_fast,1,output_scatter,0.895261764526,923,48.9821434021
cit-Patents,s64_m64_fast,1,thread_amx_setup,0.0317096710205,923,48.9821434021
cit-Patents,s64_m64_fast,1,window_state_load,0,923,48.9821434021
cit-Patents,s64_m64_fast,1,window_state_store,0.490427017212,923,48.9821434021
cit-Patents,s64_m64_fast,2,output_zero,0,923,40.7710075378
cit-Patents,s64_m64_fast,2,row_schedule,0.237941741943,923,40.7710075378
cit-Patents,s64_m64_fast,2,partial_zero,0.227212905884,923,40.7710075378
cit-Patents,s64_m64_fast,2,csr_prefetch,14.4577026367,923,40.7710075378
cit-Patents,s64_m64_fast,2,feature_gather_decode,11.6443634033,923,40.7710075378
cit-Patents,s64_m64_fast,2,fp32_neighbor_reduction,4.05502319336,923,40.7710075378
cit-Patents,s64_m64_fast,2,partial_bf16_conversion,3.72815132141,923,40.7710075378
cit-Patents,s64_m64_fast,2,tile_load,1.00111961365,923,40.7710075378
cit-Patents,s64_m64_fast,2,tile_compute,1.84273719788,923,40.7710075378
cit-Patents,s64_m64_fast,2,tile_store,0.0977516174316,923,40.7710075378
cit-Patents,s64_m64_fast,2,output_scatter,1.07312202454,923,40.7710075378
cit-Patents,s64_m64_fast,2,thread_amx_setup,0.049352645874,923,40.7710075378
cit-Patents,s64_m64_fast,2,window_state_load,0,923,40.7710075378
cit-Patents,s64_m64_fast,2,window_state_store,0.464200973511,923,40.7710075378
cit-Patents,s32_m64_fast,1,output_zero,0,923,46.9570159912
cit-Patents,s32_m64_fast,1,row_schedule,0.280857086182,923,46.9570159912
cit-Patents,s32_m64_fast,1,partial_zero,0.234842300415,923,46.9570159912
cit-Patents,s32_m64_fast,1,csr_prefetch,14.2667293549,923,46.9570159912
cit-Patents,s32_m64_fast,1,feature_gather_decode,11.7280483246,923,46.9570159912
cit-Patents,s32_m64_fast,1,fp32_neighbor_reduction,4.14133071899,923,46.9570159912
cit-Patents,s32_m64_fast,1,partial_bf16_conversion,3.81636619568,923,46.9570159912
cit-Patents,s32_m64_fast,1,tile_load,1.05834007263,923,46.9570159912
cit-Patents,s32_m64_fast,1,tile_compute,1.82962417603,923,46.9570159912
cit-Patents,s32_m64_fast,1,tile_store,0.0898838043213,923,46.9570159912
cit-Patents,s32_m64_fast,1,output_scatter,0.949382781982,923,46.9570159912
cit-Patents,s32_m64_fast,1,thread_amx_setup,0.0302791595459,923,46.9570159912
cit-Patents,s32_m64_fast,1,window_state_load,0.0174045562744,923,46.9570159912
cit-Patents,s32_m64_fast,1,window_state_store,0.541925430298,923,46.9570159912
cit-Patents,s32_m64_fast,2,output_zero,0.000953674316406,923,41.8708324432
cit-Patents,s32_m64_fast,2,row_schedule,0.259637832642,923,41.8708324432
cit-Patents,s32_m64_fast,2,partial_zero,0.219106674194,923,41.8708324432
cit-Patents,s32_m64_fast,2,csr_prefetch,14.2862796783,923,41.8708324432
cit-Patents,s32_m64_fast,2,feature_gather_decode,11.6169452667,923,41.8708324432
cit-Patents,s32_m64_fast,2,fp32_neighbor_reduction,4.06765937805,923,41.8708324432
cit-Patents,s32_m64_fast,2,partial_bf16_conversion,3.71384620667,923,41.8708324432
cit-Patents,s32_m64_fast,2,tile_load,1.01661682129,923,41.8708324432
cit-Patents,s32_m64_fast,2,tile_compute,1.81651115417,923,41.8708324432
cit-Patents,s32_m64_fast,2,tile_store,0.0863075256348,923,41.8708324432
cit-Patents,s32_m64_fast,2,output_scatter,1.06978416443,923,41.8708324432
cit-Patents,s32_m64_fast,2,thread_amx_setup,0.0436305999756,923,41.8708324432
cit-Patents,s32_m64_fast,2,window_state_load,0.0181198120117,923,41.8708324432
cit-Patents,s32_m64_fast,2,window_state_store,0.474214553833,923,41.8708324432
cit-Patents,s32_m256_fast,1,output_zero,0,923,48.8471984863
cit-Patents,s32_m256_fast,1,row_schedule,0.301122665405,923,48.8471984863
cit-Patents,s32_m256_fast,1,partial_zero,0.194549560547,923,48.8471984863
cit-Patents,s32_m256_fast,1,csr_prefetch,14.4817829132,923,48.8471984863
cit-Patents,s32_m256_fast,1,feature_gather_decode,11.7506980896,923,48.8471984863
cit-Patents,s32_m256_fast,1,fp32_neighbor_reduction,4.07814979553,923,48.8471984863
cit-Patents,s32_m256_fast,1,partial_bf16_conversion,3.76152992249,923,48.8471984863
cit-Patents,s32_m256_fast,1,tile_load,0.976800918579,923,48.8471984863
cit-Patents,s32_m256_fast,1,tile_compute,1.80912017822,923,48.8471984863
cit-Patents,s32_m256_fast,1,tile_store,0.0803470611572,923,48.8471984863
cit-Patents,s32_m256_fast,1,output_scatter,0.952005386353,923,48.8471984863
cit-Patents,s32_m256_fast,1,thread_amx_setup,0.0290870666504,923,48.8471984863
cit-Patents,s32_m256_fast,1,window_state_load,0.0231266021729,923,48.8471984863
cit-Patents,s32_m256_fast,1,window_state_store,0.526905059814,923,48.8471984863
cit-Patents,s32_m256_fast,2,output_zero,0,923,43.053150177
cit-Patents,s32_m256_fast,2,row_schedule,0.236034393311,923,43.053150177
cit-Patents,s32_m256_fast,2,partial_zero,0.222444534302,923,43.053150177
cit-Patents,s32_m256_fast,2,csr_prefetch,14.4052505493,923,43.053150177
cit-Patents,s32_m256_fast,2,feature_gather_decode,11.6398334503,923,43.053150177
cit-Patents,s32_m256_fast,2,fp32_neighbor_reduction,4.11939620972,923,43.053150177
cit-Patents,s32_m256_fast,2,partial_bf16_conversion,3.63540649414,923,43.053150177
cit-Patents,s32_m256_fast,2,tile_load,0.98729133606,923,43.053150177
cit-Patents,s32_m256_fast,2,tile_compute,1.7671585083,923,43.053150177
cit-Patents,s32_m256_fast,2,tile_store,0.0941753387451,923,43.053150177
cit-Patents,s32_m256_fast,2,output_scatter,1.06906890869,923,43.053150177
cit-Patents,s32_m256_fast,2,thread_amx_setup,0.0381469726562,923,43.053150177
cit-Patents,s32_m256_fast,2,window_state_load,0.0224113464355,923,43.053150177
cit-Patents,s32_m256_fast,2,window_state_store,0.544548034668,923,43.053150177
cit-Patents,s64_m256_fast,1,output_zero,0,923,46.1578369141
cit-Patents,s64_m256_fast,1,row_schedule,0.289916992188,923,46.1578369141
cit-Patents,s64_m256_fast,1,partial_zero,0.217437744141,923,46.1578369141
cit-Patents,s64_m256_fast,1,csr_prefetch,14.2416954041,923,46.1578369141
cit-Patents,s64_m256_fast,1,feature_gather_decode,11.9602680206,923,46.1578369141
cit-Patents,s64_m256_fast,1,fp32_neighbor_reduction,4.10866737366,923,46.1578369141
cit-Patents,s64_m256_fast,1,partial_bf16_conversion,3.74293327332,923,46.1578369141
cit-Patents,s64_m256_fast,1,tile_load,0.993728637695,923,46.1578369141
cit-Patents,s64_m256_fast,1,tile_compute,1.77001953125,923,46.1578369141
cit-Patents,s64_m256_fast,1,tile_store,0.102043151855,923,46.1578369141
cit-Patents,s64_m256_fast,1,output_scatter,0.939607620239,923,46.1578369141
cit-Patents,s64_m256_fast,1,thread_amx_setup,0.0276565551758,923,46.1578369141
cit-Patents,s64_m256_fast,1,window_state_load,0.00929832458496,923,46.1578369141
cit-Patents,s64_m256_fast,1,window_state_store,0.528573989868,923,46.1578369141
cit-Patents,s64_m256_fast,2,output_zero,0.000953674316406,923,43.2109832764
cit-Patents,s64_m256_fast,2,row_schedule,0.259637832642,923,43.2109832764
cit-Patents,s64_m256_fast,2,partial_zero,0.20956993103,923,43.2109832764
cit-Patents,s64_m256_fast,2,csr_prefetch,14.4460201263,923,43.2109832764
cit-Patents,s64_m256_fast,2,feature_gather_decode,11.7816925049,923,43.2109832764
cit-Patents,s64_m256_fast,2,fp32_neighbor_reduction,4.08673286438,923,43.2109832764
cit-Patents,s64_m256_fast,2,partial_bf16_conversion,3.65996360779,923,43.2109832764
cit-Patents,s64_m256_fast,2,tile_load,0.945329666138,923,43.2109832764
cit-Patents,s64_m256_fast,2,tile_compute,1.80125236511,923,43.2109832764
cit-Patents,s64_m256_fast,2,tile_store,0.0851154327393,923,43.2109832764
cit-Patents,s64_m256_fast,2,output_scatter,1.08170509338,923,43.2109832764
cit-Patents,s64_m256_fast,2,thread_amx_setup,0.0448226928711,923,43.2109832764
cit-Patents,s64_m256_fast,2,window_state_load,0.00596046447754,923,43.2109832764
cit-Patents,s64_m256_fast,2,window_state_store,0.451803207397,923,43.2109832764
cit-Patents,s32_mfull_fast,1,output_zero,0,923,48.9451885223
cit-Patents,s32_mfull_fast,1,row_schedule,0.298500061035,923,48.9451885223
cit-Patents,s32_mfull_fast,1,partial_zero,0.238180160522,923,48.9451885223
cit-Patents,s32_mfull_fast,1,csr_prefetch,14.351606369,923,48.9451885223
cit-Patents,s32_mfull_fast,1,feature_gather_decode,11.7313861847,923,48.9451885223
cit-Patents,s32_mfull_fast,1,fp32_neighbor_reduction,4.21118736267,923,48.9451885223
cit-Patents,s32_mfull_fast,1,partial_bf16_conversion,3.73458862305,923,48.9451885223
cit-Patents,s32_mfull_fast,1,tile_load,0.990629196167,923,48.9451885223
cit-Patents,s32_mfull_fast,1,tile_compute,1.78813934326,923,48.9451885223
cit-Patents,s32_mfull_fast,1,tile_store,0.0975131988525,923,48.9451885223
cit-Patents,s32_mfull_fast,1,output_scatter,0.93150138855,923,48.9451885223
cit-Patents,s32_mfull_fast,1,thread_amx_setup,0.0247955322266,923,48.9451885223
cit-Patents,s32_mfull_fast,1,window_state_load,0.0243186950684,923,48.9451885223
cit-Patents,s32_mfull_fast,1,window_state_store,0.512838363647,923,48.9451885223
cit-Patents,s32_mfull_fast,2,output_zero,0,923,41.2650108337
cit-Patents,s32_mfull_fast,2,row_schedule,0.276565551758,923,41.2650108337
cit-Patents,s32_mfull_fast,2,partial_zero,0.243186950684,923,41.2650108337
cit-Patents,s32_mfull_fast,2,csr_prefetch,14.3344402313,923,41.2650108337
cit-Patents,s32_mfull_fast,2,feature_gather_decode,11.4812850952,923,41.2650108337
cit-Patents,s32_mfull_fast,2,fp32_neighbor_reduction,4.21857833862,923,41.2650108337
cit-Patents,s32_mfull_fast,2,partial_bf16_conversion,3.61824035645,923,41.2650108337
cit-Patents,s32_mfull_fast,2,tile_load,0.969409942627,923,41.2650108337
cit-Patents,s32_mfull_fast,2,tile_compute,1.78503990173,923,41.2650108337
cit-Patents,s32_mfull_fast,2,tile_store,0.0958442687988,923,41.2650108337
cit-Patents,s32_mfull_fast,2,output_scatter,1.04856491089,923,41.2650108337
cit-Patents,s32_mfull_fast,2,thread_amx_setup,0.0395774841309,923,41.2650108337
cit-Patents,s32_mfull_fast,2,window_state_load,0.0240802764893,923,41.2650108337
cit-Patents,s32_mfull_fast,2,window_state_store,0.515460968018,923,41.2650108337
cit-Patents,s64_mfull_fast,1,output_zero,0,923,48.3260154724
cit-Patents,s64_mfull_fast,1,row_schedule,0.257253646851,923,48.3260154724
cit-Patents,s64_mfull_fast,1,partial_zero,0.239610671997,923,48.3260154724
cit-Patents,s64_mfull_fast,1,csr_prefetch,14.4588947296,923,48.3260154724
cit-Patents,s64_mfull_fast,1,feature_gather_decode,11.8062496185,923,48.3260154724
cit-Patents,s64_mfull_fast,1,fp32_neighbor_reduction,4.17447090149,923,48.3260154724
cit-Patents,s64_mfull_fast,1,partial_bf16_conversion,3.71956825256,923,48.3260154724
cit-Patents,s64_mfull_fast,1,tile_load,0.999689102173,923,48.3260154724
cit-Patents,s64_mfull_fast,1,tile_compute,1.76358222961,923,48.3260154724
cit-Patents,s64_mfull_fast,1,tile_store,0.0841617584229,923,48.3260154724
cit-Patents,s64_mfull_fast,1,output_scatter,0.952959060669,923,48.3260154724
cit-Patents,s64_mfull_fast,1,thread_amx_setup,0.0307559967041,923,48.3260154724
cit-Patents,s64_mfull_fast,1,window_state_load,0.00596046447754,923,48.3260154724
cit-Patents,s64_mfull_fast,1,window_state_store,0.499248504639,923,48.3260154724
cit-Patents,s64_mfull_fast,2,output_zero,0,923,43.4420108795
cit-Patents,s64_mfull_fast,2,row_schedule,0.260829925537,923,43.4420108795
cit-Patents,s64_mfull_fast,2,partial_zero,0.241041183472,923,43.4420108795
cit-Patents,s64_mfull_fast,2,csr_prefetch,14.0895843506,923,43.4420108795
cit-Patents,s64_mfull_fast,2,feature_gather_decode,11.6200447083,923,43.4420108795
cit-Patents,s64_mfull_fast,2,fp32_neighbor_reduction,4.14609909058,923,43.4420108795
cit-Patents,s64_mfull_fast,2,partial_bf16_conversion,3.6153793335,923,43.4420108795
cit-Patents,s64_mfull_fast,2,tile_load,0.959634780884,923,43.4420108795
cit-Patents,s64_mfull_fast,2,tile_compute,1.76429748535,923,43.4420108795
cit-Patents,s64_mfull_fast,2,tile_store,0.0908374786377,923,43.4420108795
cit-Patents,s64_mfull_fast,2,output_scatter,1.04069709778,923,43.4420108795
cit-Patents,s64_mfull_fast,2,thread_amx_setup,0.0429153442383,923,43.4420108795
cit-Patents,s64_mfull_fast,2,window_state_load,0.0109672546387,923,43.4420108795
cit-Patents,s64_mfull_fast,2,window_state_store,0.504493713379,923,43.4420108795
cit-Patents,s128_mfull_fast,1,output_zero,0,923,48.7949848175
cit-Patents,s128_mfull_fast,1,row_schedule,0.267028808594,923,48.7949848175
cit-Patents,s128_mfull_fast,1,partial_zero,0.251054763794,923,48.7949848175
cit-Patents,s128_mfull_fast,1,csr_prefetch,14.434337616,923,48.7949848175
cit-Patents,s128_mfull_fast,1,feature_gather_decode,11.8012428284,923,48.7949848175
cit-Patents,s128_mfull_fast,1,fp32_neighbor_reduction,4.145860672,923,48.7949848175
cit-Patents,s128_mfull_fast,1,partial_bf16_conversion,3.71313095093,923,48.7949848175
cit-Patents,s128_mfull_fast,1,tile_load,0.962257385254,923,48.7949848175
cit-Patents,s128_mfull_fast,1,tile_compute,1.83987617493,923,48.7949848175
cit-Patents,s128_mfull_fast,1,tile_store,0.0839233398438,923,48.7949848175
cit-Patents,s128_mfull_fast,1,output_scatter,0.92625617981,923,48.7949848175
cit-Patents,s128_mfull_fast,1,thread_amx_setup,0.0252723693848,923,48.7949848175
cit-Patents,s128_mfull_fast,1,window_state_load,0.00381469726562,923,48.7949848175
cit-Patents,s128_mfull_fast,1,window_state_store,0.513315200806,923,48.7949848175
cit-Patents,s128_mfull_fast,2,output_zero,0,923,41.5170192719
cit-Patents,s128_mfull_fast,2,row_schedule,0.283002853394,923,41.5170192719
cit-Patents,s128_mfull_fast,2,partial_zero,0.207901000977,923,41.5170192719
cit-Patents,s128_mfull_fast,2,csr_prefetch,14.3899917603,923,41.5170192719
cit-Patents,s128_mfull_fast,2,feature_gather_decode,11.8005275726,923,41.5170192719
cit-Patents,s128_mfull_fast,2,fp32_neighbor_reduction,4.11081314087,923,41.5170192719
cit-Patents,s128_mfull_fast,2,partial_bf16_conversion,3.60918045044,923,41.5170192719
cit-Patents,s128_mfull_fast,2,tile_load,0.986814498901,923,41.5170192719
cit-Patents,s128_mfull_fast,2,tile_compute,1.79529190063,923,41.5170192719
cit-Patents,s128_mfull_fast,2,tile_store,0.0901222229004,923,41.5170192719
cit-Patents,s128_mfull_fast,2,output_scatter,1.06167793274,923,41.5170192719
cit-Patents,s128_mfull_fast,2,thread_amx_setup,0.0433921813965,923,41.5170192719
cit-Patents,s128_mfull_fast,2,window_state_load,0.00405311584473,923,41.5170192719
cit-Patents,s128_mfull_fast,2,window_state_store,0.497817993164,923,41.5170192719
cit-Patents,s64_mfull_accurate,1,output_zero,0,923,49.8480796814
cit-Patents,s64_mfull_accurate,1,row_schedule,0.309944152832,923,49.8480796814
cit-Patents,s64_mfull_accurate,1,partial_zero,0.244379043579,923,49.8480796814
cit-Patents,s64_mfull_accurate,1,csr_prefetch,14.8587226868,923,49.8480796814
cit-Patents,s64_mfull_accurate,1,feature_gather_decode,12.0332241058,923,49.8480796814
cit-Patents,s64_mfull_accurate,1,fp32_neighbor_reduction,4.50444221497,923,49.8480796814
cit-Patents,s64_mfull_accurate,1,partial_bf16_conversion,11.6751194,923,49.8480796814
cit-Patents,s64_mfull_accurate,1,tile_load,2.00772285461,923,49.8480796814
cit-Patents,s64_mfull_accurate,1,tile_compute,2.27808952332,923,49.8480796814
cit-Patents,s64_mfull_accurate,1,tile_store,0.0879764556885,923,49.8480796814
cit-Patents,s64_mfull_accurate,1,output_scatter,0.957012176514,923,49.8480796814
cit-Patents,s64_mfull_accurate,1,thread_amx_setup,0.0269412994385,923,49.8480796814
cit-Patents,s64_mfull_accurate,1,window_state_load,0.0114440917969,923,49.8480796814
cit-Patents,s64_mfull_accurate,1,window_state_store,0.590562820435,923,49.8480796814
cit-Patents,s64_mfull_accurate,2,output_zero,0,923,44.2271232605
cit-Patents,s64_mfull_accurate,2,row_schedule,0.253915786743,923,44.2271232605
cit-Patents,s64_mfull_accurate,2,partial_zero,0.210285186768,923,44.2271232605
cit-Patents,s64_mfull_accurate,2,csr_prefetch,15.2804851532,923,44.2271232605
cit-Patents,s64_mfull_accurate,2,feature_gather_decode,12.211561203,923,44.2271232605
cit-Patents,s64_mfull_accurate,2,fp32_neighbor_reduction,4.23383712769,923,44.2271232605
cit-Patents,s64_mfull_accurate,2,partial_bf16_conversion,11.513710022,923,44.2271232605
cit-Patents,s64_mfull_accurate,2,tile_load,1.92213058472,923,44.2271232605
cit-Patents,s64_mfull_accurate,2,tile_compute,2.18653678894,923,44.2271232605
cit-Patents,s64_mfull_accurate,2,tile_store,0.111103057861,923,44.2271232605
cit-Patents,s64_mfull_accurate,2,output_scatter,1.12175941467,923,44.2271232605
cit-Patents,s64_mfull_accurate,2,thread_amx_setup,0.0388622283936,923,44.2271232605
cit-Patents,s64_mfull_accurate,2,window_state_load,0.00762939453125,923,44.2271232605
cit-Patents,s64_mfull_accurate,2,window_state_store,0.536203384399,923,44.2271232605
cit-Patents,s64_mfull_rowwise_fast,1,output_zero,0,923,49.18217659
cit-Patents,s64_mfull_rowwise_fast,1,row_schedule,0.308036804199,923,49.18217659
cit-Patents,s64_mfull_rowwise_fast,1,partial_zero,0.20956993103,923,49.18217659
cit-Patents,s64_mfull_rowwise_fast,1,csr_prefetch,14.5092010498,923,49.18217659
cit-Patents,s64_mfull_rowwise_fast,1,feature_gather_decode,11.8360519409,923,49.18217659
cit-Patents,s64_mfull_rowwise_fast,1,fp32_neighbor_reduction,4.13203239441,923,49.18217659
cit-Patents,s64_mfull_rowwise_fast,1,partial_bf16_conversion,3.72099876404,923,49.18217659
cit-Patents,s64_mfull_rowwise_fast,1,tile_load,0.987529754639,923,49.18217659
cit-Patents,s64_mfull_rowwise_fast,1,tile_compute,1.79672241211,923,49.18217659
cit-Patents,s64_mfull_rowwise_fast,1,tile_store,0.120162963867,923,49.18217659
cit-Patents,s64_mfull_rowwise_fast,1,output_scatter,0.98705291748,923,49.18217659
cit-Patents,s64_mfull_rowwise_fast,1,thread_amx_setup,0.0309944152832,923,49.18217659
cit-Patents,s64_mfull_rowwise_fast,1,window_state_load,0.0107288360596,923,49.18217659
cit-Patents,s64_mfull_rowwise_fast,1,window_state_store,0.493764877319,923,49.18217659
cit-Patents,s64_mfull_rowwise_fast,2,output_zero,0,923,43.112039566
cit-Patents,s64_mfull_rowwise_fast,2,row_schedule,0.439167022705,923,43.112039566
cit-Patents,s64_mfull_rowwise_fast,2,partial_zero,0.237464904785,923,43.112039566
cit-Patents,s64_mfull_rowwise_fast,2,csr_prefetch,14.3625736237,923,43.112039566
cit-Patents,s64_mfull_rowwise_fast,2,feature_gather_decode,11.62981987,923,43.112039566
cit-Patents,s64_mfull_rowwise_fast,2,fp32_neighbor_reduction,4.09579277039,923,43.112039566
cit-Patents,s64_mfull_rowwise_fast,2,partial_bf16_conversion,3.61585617065,923,43.112039566
cit-Patents,s64_mfull_rowwise_fast,2,tile_load,0.954627990723,923,43.112039566
cit-Patents,s64_mfull_rowwise_fast,2,tile_compute,1.80840492249,923,43.112039566
cit-Patents,s64_mfull_rowwise_fast,2,tile_store,0.0927448272705,923,43.112039566
cit-Patents,s64_mfull_rowwise_fast,2,output_scatter,1.0814666748,923,43.112039566
cit-Patents,s64_mfull_rowwise_fast,2,thread_amx_setup,0.028133392334,923,43.112039566
cit-Patents,s64_mfull_rowwise_fast,2,window_state_load,0.00834465026855,923,43.112039566
cit-Patents,s64_mfull_rowwise_fast,2,window_state_store,0.514507293701,923,43.112039566
soc-LiveJournal1,b64_fast,1,output_zero,0,1185,136.691808701
soc-LiveJournal1,b64_fast,1,row_schedule,0.48828125,1185,136.691808701
soc-LiveJournal1,b64_fast,1,partial_zero,0.316381454468,1185,136.691808701
soc-LiveJournal1,b64_fast,1,csr_prefetch,10.7340812683,1185,136.691808701
soc-LiveJournal1,b64_fast,1,feature_gather_decode,17.9376602173,1185,136.691808701
soc-LiveJournal1,b64_fast,1,fp32_neighbor_reduction,9.22989845276,1185,136.691808701
soc-LiveJournal1,b64_fast,1,partial_bf16_conversion,0.243186950684,1185,136.691808701
soc-LiveJournal1,b64_fast,1,tile_load,1.59382820129,1185,136.691808701
soc-LiveJournal1,b64_fast,1,tile_compute,2.56538391113,1185,136.691808701
soc-LiveJournal1,b64_fast,1,tile_store,0.162124633789,1185,136.691808701
soc-LiveJournal1,b64_fast,1,output_scatter,1.26123428345,1185,136.691808701
soc-LiveJournal1,b64_fast,1,thread_amx_setup,0.0221729278564,1185,136.691808701
soc-LiveJournal1,b64_fast,2,output_zero,0,1185,131.106138229
soc-LiveJournal1,b64_fast,2,row_schedule,0.489711761475,1185,131.106138229
soc-LiveJournal1,b64_fast,2,partial_zero,0.314474105835,1185,131.106138229
soc-LiveJournal1,b64_fast,2,csr_prefetch,10.9848976135,1185,131.106138229
soc-LiveJournal1,b64_fast,2,feature_gather_decode,18.3339118958,1185,131.106138229
soc-LiveJournal1,b64_fast,2,fp32_neighbor_reduction,9.2670917511,1185,131.106138229
soc-LiveJournal1,b64_fast,2,partial_bf16_conversion,0.236511230469,1185,131.106138229
soc-LiveJournal1,b64_fast,2,tile_load,1.57523155212,1185,131.106138229
soc-LiveJournal1,b64_fast,2,tile_compute,2.85530090332,1185,131.106138229
soc-LiveJournal1,b64_fast,2,tile_store,0.149488449097,1185,131.106138229
soc-LiveJournal1,b64_fast,2,output_scatter,0.238656997681,1185,131.106138229
soc-LiveJournal1,b64_fast,2,thread_amx_setup,0.0190734863281,1185,131.106138229
soc-LiveJournal1,b64_accurate,1,output_zero,0,1185,142.729997635
soc-LiveJournal1,b64_accurate,1,row_schedule,0.390768051147,1185,142.729997635
soc-LiveJournal1,b64_accurate,1,partial_zero,0.314235687256,1185,142.729997635
soc-LiveJournal1,b64_accurate,1,csr_prefetch,10.9300613403,1185,142.729997635
soc-LiveJournal1,b64_accurate,1,feature_gather_decode,17.7512168884,1185,142.729997635
soc-LiveJournal1,b64_accurate,1,fp32_neighbor_reduction,9.34839248657,1185,142.729997635
soc-LiveJournal1,b64_accurate,1,partial_bf16_conversion,0.396966934204,1185,142.729997635
soc-LiveJournal1,b64_accurate,1,tile_load,2.35724449158,1185,142.729997635
soc-LiveJournal1,b64_accurate,1,tile_compute,3.72958183289,1185,142.729997635
soc-LiveJournal1,b64_accurate,1,tile_store,0.124931335449,1185,142.729997635
soc-LiveJournal1,b64_accurate,1,output_scatter,1.25527381897,1185,142.729997635
soc-LiveJournal1,b64_accurate,1,thread_amx_setup,0.0250339508057,1185,142.729997635
soc-LiveJournal1,b64_accurate,2,output_zero,0,1185,137.829065323
soc-LiveJournal1,b64_accurate,2,row_schedule,0.444889068604,1185,137.829065323
soc-LiveJournal1,b64_accurate,2,partial_zero,0.327587127686,1185,137.829065323
soc-LiveJournal1,b64_accurate,2,csr_prefetch,11.1179351807,1185,137.829065323
soc-LiveJournal1,b64_accurate,2,feature_gather_decode,17.8580284119,1185,137.829065323
soc-LiveJournal1,b64_accurate,2,fp32_neighbor_reduction,9.34219360352,1185,137.829065323
soc-LiveJournal1,b64_accurate,2,partial_bf16_conversion,0.411748886108,1185,137.829065323
soc-LiveJournal1,b64_accurate,2,tile_load,2.32934951782,1185,137.829065323
soc-LiveJournal1,b64_accurate,2,tile_compute,3.53622436523,1185,137.829065323
soc-LiveJournal1,b64_accurate,2,tile_store,0.136613845825,1185,137.829065323
soc-LiveJournal1,b64_accurate,2,output_scatter,0.244855880737,1185,137.829065323
soc-LiveJournal1,b64_accurate,2,thread_amx_setup,0.0388622283936,1185,137.829065323
soc-LiveJournal1,bfull_fast,1,output_zero,0,1185,127.716779709
soc-LiveJournal1,bfull_fast,1,row_schedule,0.475168228149,1185,127.716779709
soc-LiveJournal1,bfull_fast,1,partial_zero,0.232696533203,1185,127.716779709
soc-LiveJournal1,bfull_fast,1,csr_prefetch,10.853767395,1185,127.716779709
soc-LiveJournal1,bfull_fast,1,feature_gather_decode,17.6284313202,1185,127.716779709
soc-LiveJournal1,bfull_fast,1,fp32_neighbor_reduction,8.95571708679,1185,127.716779709
soc-LiveJournal1,bfull_fast,1,partial_bf16_conversion,0.195980072021,1185,127.716779709
soc-LiveJournal1,bfull_fast,1,tile_load,1.07002258301,1185,127.716779709
soc-LiveJournal1,bfull_fast,1,tile_compute,2.10356712341,1185,127.716779709
soc-LiveJournal1,bfull_fast,1,tile_store,0.110149383545,1185,127.716779709
soc-LiveJournal1,bfull_fast,1,output_scatter,1.30009651184,1185,127.716779709
soc-LiveJournal1,bfull_fast,1,thread_amx_setup,0.0202655792236,1185,127.716779709
soc-LiveJournal1,bfull_fast,2,output_zero,0,1185,130.125045776
soc-LiveJournal1,bfull_fast,2,row_schedule,0.487327575684,1185,130.125045776
soc-LiveJournal1,bfull_fast,2,partial_zero,0.25463104248,1185,130.125045776
soc-LiveJournal1,bfull_fast,2,csr_prefetch,10.7343196869,1185,130.125045776
soc-LiveJournal1,bfull_fast,2,feature_gather_decode,17.9424285889,1185,130.125045776
soc-LiveJournal1,bfull_fast,2,fp32_neighbor_reduction,8.86750221252,1185,130.125045776
soc-LiveJournal1,bfull_fast,2,partial_bf16_conversion,0.186920166016,1185,130.125045776
soc-LiveJournal1,bfull_fast,2,tile_load,1.0986328125,1185,130.125045776
soc-LiveJournal1,bfull_fast,2,tile_compute,2.30002403259,1185,130.125045776
soc-LiveJournal1,bfull_fast,2,tile_store,0.113964080811,1185,130.125045776
soc-LiveJournal1,bfull_fast,2,output_scatter,0.253677368164,1185,130.125045776
soc-LiveJournal1,bfull_fast,2,thread_amx_setup,0.0324249267578,1185,130.125045776
soc-LiveJournal1,bfull_accurate,1,output_zero,0,1185,139.950037003
soc-LiveJournal1,bfull_accurate,1,row_schedule,0.39529800415,1185,139.950037003
soc-LiveJournal1,bfull_accurate,1,partial_zero,0.251293182373,1185,139.950037003
soc-LiveJournal1,bfull_accurate,1,csr_prefetch,10.9298229218,1185,139.950037003
soc-LiveJournal1,bfull_accurate,1,feature_gather_decode,17.4353122711,1185,139.950037003
soc-LiveJournal1,bfull_accurate,1,fp32_neighbor_reduction,9.09352302551,1185,139.950037003
soc-LiveJournal1,bfull_accurate,1,partial_bf16_conversion,0.298738479614,1185,139.950037003
soc-LiveJournal1,bfull_accurate,1,tile_load,1.78027153015,1185,139.950037003
soc-LiveJournal1,bfull_accurate,1,tile_compute,2.94756889343,1185,139.950037003
soc-LiveJournal1,bfull_accurate,1,tile_store,0.104427337646,1185,139.950037003
soc-LiveJournal1,bfull_accurate,1,output_scatter,1.28221511841,1185,139.950037003
soc-LiveJournal1,bfull_accurate,1,thread_amx_setup,0.0200271606445,1185,139.950037003
soc-LiveJournal1,bfull_accurate,2,output_zero,0,1185,134.128093719
soc-LiveJournal1,bfull_accurate,2,row_schedule,0.490427017212,1185,134.128093719
soc-LiveJournal1,bfull_accurate,2,partial_zero,0.241041183472,1185,134.128093719
soc-LiveJournal1,bfull_accurate,2,csr_prefetch,10.915517807,1185,134.128093719
soc-LiveJournal1,bfull_accurate,2,feature_gather_decode,18.0230140686,1185,134.128093719
soc-LiveJournal1,bfull_accurate,2,fp32_neighbor_reduction,8.93902778625,1185,134.128093719
soc-LiveJournal1,bfull_accurate,2,partial_bf16_conversion,0.336647033691,1185,134.128093719
soc-LiveJournal1,bfull_accurate,2,tile_load,1.77192687988,1185,134.128093719
soc-LiveJournal1,bfull_accurate,2,tile_compute,3.12161445618,1185,134.128093719
soc-LiveJournal1,bfull_accurate,2,tile_store,0.089168548584,1185,134.128093719
soc-LiveJournal1,bfull_accurate,2,output_scatter,0.263452529907,1185,134.128093719
soc-LiveJournal1,bfull_accurate,2,thread_amx_setup,0.030517578125,1185,134.128093719
soc-LiveJournal1,b256_fast,1,output_zero,0,1185,134.861946106
soc-LiveJournal1,b256_fast,1,row_schedule,0.504016876221,1185,134.861946106
soc-LiveJournal1,b256_fast,1,partial_zero,0.247240066528,1185,134.861946106
soc-LiveJournal1,b256_fast,1,csr_prefetch,10.8969211578,1185,134.861946106
soc-LiveJournal1,b256_fast,1,feature_gather_decode,17.4496173859,1185,134.861946106
soc-LiveJournal1,b256_fast,1,fp32_neighbor_reduction,9.05704498291,1185,134.861946106
soc-LiveJournal1,b256_fast,1,partial_bf16_conversion,0.180006027222,1185,134.861946106
soc-LiveJournal1,b256_fast,1,tile_load,1.17111206055,1185,134.861946106
soc-LiveJournal1,b256_fast,1,tile_compute,2.2566318512,1185,134.861946106
soc-LiveJournal1,b256_fast,1,tile_store,0.115394592285,1185,134.861946106
soc-LiveJournal1,b256_fast,1,output_scatter,1.26552581787,1185,134.861946106
soc-LiveJournal1,b256_fast,1,thread_amx_setup,0.0181198120117,1185,134.861946106
soc-LiveJournal1,b256_fast,2,output_zero,0,1185,133.088111877
soc-LiveJournal1,b256_fast,2,row_schedule,0.509262084961,1185,133.088111877
soc-LiveJournal1,b256_fast,2,partial_zero,0.256776809692,1185,133.088111877
soc-LiveJournal1,b256_fast,2,csr_prefetch,11.1019611359,1185,133.088111877
soc-LiveJournal1,b256_fast,2,feature_gather_decode,18.1224346161,1185,133.088111877
soc-LiveJournal1,b256_fast,2,fp32_neighbor_reduction,9.0651512146,1185,133.088111877
soc-LiveJournal1,b256_fast,2,partial_bf16_conversion,0.206470489502,1185,133.088111877
soc-LiveJournal1,b256_fast,2,tile_load,1.1510848999,1185,133.088111877
soc-LiveJournal1,b256_fast,2,tile_compute,2.37798690796,1185,133.088111877
soc-LiveJournal1,b256_fast,2,tile_store,0.123977661133,1185,133.088111877
soc-LiveJournal1,b256_fast,2,output_scatter,0.24938583374,1185,133.088111877
soc-LiveJournal1,b256_fast,2,thread_amx_setup,0.0362396240234,1185,133.088111877
soc-LiveJournal1,b256_accurate,1,output_zero,0,1185,131.230115891
soc-LiveJournal1,b256_accurate,1,row_schedule,0.382661819458,1185,131.230115891
soc-LiveJournal1,b256_accurate,1,partial_zero,0.26273727417,1185,131.230115891
soc-LiveJournal1,b256_accurate,1,csr_prefetch,11.1083984375,1185,131.230115891
soc-LiveJournal1,b256_accurate,1,feature_gather_decode,17.6775455475,1185,131.230115891
soc-LiveJournal1,b256_accurate,1,fp32_neighbor_reduction,9.23562049866,1185,131.230115891
soc-LiveJournal1,b256_accurate,1,partial_bf16_conversion,0.360727310181,1185,131.230115891
soc-LiveJournal1,b256_accurate,1,tile_load,1.96766853333,1185,131.230115891
soc-LiveJournal1,b256_accurate,1,tile_compute,3.1578540802,1185,131.230115891
soc-LiveJournal1,b256_accurate,1,tile_store,0.114679336548,1185,131.230115891
soc-LiveJournal1,b256_accurate,1,output_scatter,1.28793716431,1185,131.230115891
soc-LiveJournal1,b256_accurate,1,thread_amx_setup,0.0159740447998,1185,131.230115891
soc-LiveJournal1,b256_accurate,2,output_zero,0,1185,131.944894791
soc-LiveJournal1,b256_accurate,2,row_schedule,0.488042831421,1185,131.944894791
soc-LiveJournal1,b256_accurate,2,partial_zero,0.271081924438,1185,131.944894791
soc-LiveJournal1,b256_accurate,2,csr_prefetch,11.0991001129,1185,131.944894791
soc-LiveJournal1,b256_accurate,2,feature_gather_decode,18.2294845581,1185,131.944894791
soc-LiveJournal1,b256_accurate,2,fp32_neighbor_reduction,9.23919677734,1185,131.944894791
soc-LiveJournal1,b256_accurate,2,partial_bf16_conversion,0.328063964844,1185,131.944894791
soc-LiveJournal1,b256_accurate,2,tile_load,1.88708305359,1185,131.944894791
soc-LiveJournal1,b256_accurate,2,tile_compute,3.13711166382,1185,131.944894791
soc-LiveJournal1,b256_accurate,2,tile_store,0.118255615234,1185,131.944894791
soc-LiveJournal1,b256_accurate,2,output_scatter,0.25486946106,1185,131.944894791
soc-LiveJournal1,b256_accurate,2,thread_amx_setup,0.025749206543,1185,131.944894791
soc-LiveJournal1,s64_m64_fast,1,output_zero,0,1185,150.721073151
soc-LiveJournal1,s64_m64_fast,1,row_schedule,0.578641891479,1185,150.721073151
soc-LiveJournal1,s64_m64_fast,1,partial_zero,0.582456588745,1185,150.721073151
soc-LiveJournal1,s64_m64_fast,1,csr_prefetch,60.4438781738,1185,150.721073151
soc-LiveJournal1,s64_m64_fast,1,feature_gather_decode,46.1881160736,1185,150.721073151
soc-LiveJournal1,s64_m64_fast,1,fp32_neighbor_reduction,17.2967910767,1185,150.721073151
soc-LiveJournal1,s64_m64_fast,1,partial_bf16_conversion,10.6403827667,1185,150.721073151
soc-LiveJournal1,s64_m64_fast,1,tile_load,3.16500663757,1185,150.721073151
soc-LiveJournal1,s64_m64_fast,1,tile_compute,4.73618507385,1185,150.721073151
soc-LiveJournal1,s64_m64_fast,1,tile_store,0.238180160522,1185,150.721073151
soc-LiveJournal1,s64_m64_fast,1,output_scatter,1.53684616089,1185,150.721073151
soc-LiveJournal1,s64_m64_fast,1,thread_amx_setup,0.0274181365967,1185,150.721073151
soc-LiveJournal1,s64_m64_fast,1,window_state_load,0,1185,150.721073151
soc-LiveJournal1,s64_m64_fast,1,window_state_store,1.14393234253,1185,150.721073151
soc-LiveJournal1,s64_m64_fast,2,output_zero,0,1185,153.728961945
soc-LiveJournal1,s64_m64_fast,2,row_schedule,0.555038452148,1185,153.728961945
soc-LiveJournal1,s64_m64_fast,2,partial_zero,0.493049621582,1185,153.728961945
soc-LiveJournal1,s64_m64_fast,2,csr_prefetch,60.4290962219,1185,153.728961945
soc-LiveJournal1,s64_m64_fast,2,feature_gather_decode,46.4036464691,1185,153.728961945
soc-LiveJournal1,s64_m64_fast,2,fp32_neighbor_reduction,17.4744129181,1185,153.728961945
soc-LiveJournal1,s64_m64_fast,2,partial_bf16_conversion,10.6730461121,1185,153.728961945
soc-LiveJournal1,s64_m64_fast,2,tile_load,3.14664840698,1185,153.728961945
soc-LiveJournal1,s64_m64_fast,2,tile_compute,4.62341308594,1185,153.728961945
soc-LiveJournal1,s64_m64_fast,2,tile_store,0.227451324463,1185,153.728961945
soc-LiveJournal1,s64_m64_fast,2,output_scatter,2.11787223816,1185,153.728961945
soc-LiveJournal1,s64_m64_fast,2,thread_amx_setup,0.0507831573486,1185,153.728961945
soc-LiveJournal1,s64_m64_fast,2,window_state_load,0,1185,153.728961945
soc-LiveJournal1,s64_m64_fast,2,window_state_store,1.15585327148,1185,153.728961945
soc-LiveJournal1,s32_m64_fast,1,output_zero,0,1185,165.063858032
soc-LiveJournal1,s32_m64_fast,1,row_schedule,0.56791305542,1185,165.063858032
soc-LiveJournal1,s32_m64_fast,1,partial_zero,0.564336776733,1185,165.063858032
soc-LiveJournal1,s32_m64_fast,1,csr_prefetch,60.1937770844,1185,165.063858032
soc-LiveJournal1,s32_m64_fast,1,feature_gather_decode,46.3125705719,1185,165.063858032
soc-LiveJournal1,s32_m64_fast,1,fp32_neighbor_reduction,17.3890590668,1185,165.063858032
soc-LiveJournal1,s32_m64_fast,1,partial_bf16_conversion,10.6265544891,1185,165.063858032
soc-LiveJournal1,s32_m64_fast,1,tile_load,3.02624702454,1185,165.063858032
soc-LiveJournal1,s32_m64_fast,1,tile_compute,4.73093986511,1185,165.063858032
soc-LiveJournal1,s32_m64_fast,1,tile_store,0.265121459961,1185,165.063858032
soc-LiveJournal1,s32_m64_fast,1,output_scatter,1.51658058167,1185,165.063858032
soc-LiveJournal1,s32_m64_fast,1,thread_amx_setup,0.0314712524414,1185,165.063858032
soc-LiveJournal1,s32_m64_fast,1,window_state_load,0.225067138672,1185,165.063858032
soc-LiveJournal1,s32_m64_fast,1,window_state_store,1.33228302002,1185,165.063858032
soc-LiveJournal1,s32_m64_fast,2,output_zero,0,1185,156.887054443
soc-LiveJournal1,s32_m64_fast,2,row_schedule,0.531435012817,1185,156.887054443
soc-LiveJournal1,s32_m64_fast,2,partial_zero,0.495433807373,1185,156.887054443
soc-LiveJournal1,s32_m64_fast,2,csr_prefetch,60.3022575378,1185,156.887054443
soc-LiveJournal1,s32_m64_fast,2,feature_gather_decode,46.1945533752,1185,156.887054443
soc-LiveJournal1,s32_m64_fast,2,fp32_neighbor_reduction,17.2774791718,1185,156.887054443
soc-LiveJournal1,s32_m64_fast,2,partial_bf16_conversion,10.5848312378,1185,156.887054443
soc-LiveJournal1,s32_m64_fast,2,tile_load,3.10683250427,1185,156.887054443
soc-LiveJournal1,s32_m64_fast,2,tile_compute,4.64606285095,1185,156.887054443
soc-LiveJournal1,s32_m64_fast,2,tile_store,0.224113464355,1185,156.887054443
soc-LiveJournal1,s32_m64_fast,2,output_scatter,2.1448135376,1185,156.887054443
soc-LiveJournal1,s32_m64_fast,2,thread_amx_setup,0.0572204589844,1185,156.887054443
soc-LiveJournal1,s32_m64_fast,2,window_state_load,0.192642211914,1185,156.887054443
soc-LiveJournal1,s32_m64_fast,2,window_state_store,1.41358375549,1185,156.887054443
soc-LiveJournal1,s32_m256_fast,1,output_zero,0,1185,151.735067368
soc-LiveJournal1,s32_m256_fast,1,row_schedule,0.595569610596,1185,151.735067368
soc-LiveJournal1,s32_m256_fast,1,partial_zero,0.544786453247,1185,151.735067368
soc-LiveJournal1,s32_m256_fast,1,csr_prefetch,59.9546432495,1185,151.735067368
soc-LiveJournal1,s32_m256_fast,1,feature_gather_decode,45.8738803864,1185,151.735067368
soc-LiveJournal1,s32_m256_fast,1,fp32_neighbor_reduction,17.2119140625,1185,151.735067368
soc-LiveJournal1,s32_m256_fast,1,partial_bf16_conversion,8.30411911011,1185,151.735067368
soc-LiveJournal1,s32_m256_fast,1,tile_load,2.42233276367,1185,151.735067368
soc-LiveJournal1,s32_m256_fast,1,tile_compute,4.14681434631,1185,151.735067368
soc-LiveJournal1,s32_m256_fast,1,tile_store,0.159740447998,1185,151.735067368
soc-LiveJournal1,s32_m256_fast,1,output_scatter,1.53946876526,1185,151.735067368
soc-LiveJournal1,s32_m256_fast,1,thread_amx_setup,0.028133392334,1185,151.735067368
soc-LiveJournal1,s32_m256_fast,1,window_state_load,0.296354293823,1185,151.735067368
soc-LiveJournal1,s32_m256_fast,1,window_state_store,1.34181976318,1185,151.735067368
soc-LiveJournal1,s32_m256_fast,2,output_zero,0,1185,148.530006409
soc-LiveJournal1,s32_m256_fast,2,row_schedule,0.523090362549,1185,148.530006409
soc-LiveJournal1,s32_m256_fast,2,partial_zero,0.449180603027,1185,148.530006409
soc-LiveJournal1,s32_m256_fast,2,csr_prefetch,60.0662231445,1185,148.530006409
soc-LiveJournal1,s32_m256_fast,2,feature_gather_decode,45.9518432617,1185,148.530006409
soc-LiveJournal1,s32_m256_fast,2,fp32_neighbor_reduction,17.4119472504,1185,148.530006409
soc-LiveJournal1,s32_m256_fast,2,partial_bf16_conversion,8.30936431885,1185,148.530006409
soc-LiveJournal1,s32_m256_fast,2,tile_load,2.50387191772,1185,148.530006409
soc-LiveJournal1,s32_m256_fast,2,tile_compute,4.12440299988,1185,148.530006409
soc-LiveJournal1,s32_m256_fast,2,tile_store,0.184059143066,1185,148.530006409
soc-LiveJournal1,s32_m256_fast,2,output_scatter,2.14838981628,1185,148.530006409
soc-LiveJournal1,s32_m256_fast,2,thread_amx_setup,0.0522136688232,1185,148.530006409
soc-LiveJournal1,s32_m256_fast,2,window_state_load,0.306367874146,1185,148.530006409
soc-LiveJournal1,s32_m256_fast,2,window_state_store,1.31177902222,1185,148.530006409
soc-LiveJournal1,s64_m256_fast,1,output_zero,0.00119209289551,1185,158.529043198
soc-LiveJournal1,s64_m256_fast,1,row_schedule,0.571489334106,1185,158.529043198
soc-LiveJournal1,s64_m256_fast,1,partial_zero,0.542640686035,1185,158.529043198
soc-LiveJournal1,s64_m256_fast,1,csr_prefetch,60.0259304047,1185,158.529043198
soc-LiveJournal1,s64_m256_fast,1,feature_gather_decode,45.7427501678,1185,158.529043198
soc-LiveJournal1,s64_m256_fast,1,fp32_neighbor_reduction,17.4179077148,1185,158.529043198
soc-LiveJournal1,s64_m256_fast,1,partial_bf16_conversion,8.30149650574,1185,158.529043198
soc-LiveJournal1,s64_m256_fast,1,tile_load,2.50196456909,1185,158.529043198
soc-LiveJournal1,s64_m256_fast,1,tile_compute,4.06312942505,1185,158.529043198
soc-LiveJournal1,s64_m256_fast,1,tile_store,0.172138214111,1185,158.529043198
soc-LiveJournal1,s64_m256_fast,1,output_scatter,1.54948234558,1185,158.529043198
soc-LiveJournal1,s64_m256_fast,1,thread_amx_setup,0.0264644622803,1185,158.529043198
soc-LiveJournal1,s64_m256_fast,1,window_state_load,0.0917911529541,1185,158.529043198
soc-LiveJournal1,s64_m256_fast,1,window_state_store,1.11389160156,1185,158.529043198
soc-LiveJournal1,s64_m256_fast,2,output_zero,0,1185,149.281978607
soc-LiveJournal1,s64_m256_fast,2,row_schedule,0.528335571289,1185,149.281978607
soc-LiveJournal1,s64_m256_fast,2,partial_zero,0.446796417236,1185,149.281978607
soc-LiveJournal1,s64_m256_fast,2,csr_prefetch,60.5239868164,1185,149.281978607
soc-LiveJournal1,s64_m256_fast,2,feature_gather_decode,46.1564064026,1185,149.281978607
soc-LiveJournal1,s64_m256_fast,2,fp32_neighbor_reduction,17.4462795258,1185,149.281978607
soc-LiveJournal1,s64_m256_fast,2,partial_bf16_conversion,8.3281993866,1185,149.281978607
soc-LiveJournal1,s64_m256_fast,2,tile_load,2.50387191772,1185,149.281978607
soc-LiveJournal1,s64_m256_fast,2,tile_compute,4.02116775513,1185,149.281978607
soc-LiveJournal1,s64_m256_fast,2,tile_store,0.194787979126,1185,149.281978607
soc-LiveJournal1,s64_m256_fast,2,output_scatter,2.12955474854,1185,149.281978607
soc-LiveJournal1,s64_m256_fast,2,thread_amx_setup,0.0431537628174,1185,149.281978607
soc-LiveJournal1,s64_m256_fast,2,window_state_load,0.103235244751,1185,149.281978607
soc-LiveJournal1,s64_m256_fast,2,window_state_store,1.15656852722,1185,149.281978607
soc-LiveJournal1,s32_mfull_fast,1,output_zero,0,1185,141.02101326
soc-LiveJournal1,s32_mfull_fast,1,row_schedule,0.553369522095,1185,141.02101326
soc-LiveJournal1,s32_mfull_fast,1,partial_zero,0.526428222656,1185,141.02101326
soc-LiveJournal1,s32_mfull_fast,1,csr_prefetch,59.8604679108,1185,141.02101326
soc-LiveJournal1,s32_mfull_fast,1,feature_gather_decode,45.6917285919,1185,141.02101326
soc-LiveJournal1,s32_mfull_fast,1,fp32_neighbor_reduction,17.1165466309,1185,141.02101326
soc-LiveJournal1,s32_mfull_fast,1,partial_bf16_conversion,7.70568847656,1185,141.02101326
soc-LiveJournal1,s32_mfull_fast,1,tile_load,2.24781036377,1185,141.02101326
soc-LiveJournal1,s32_mfull_fast,1,tile_compute,3.86261940002,1185,141.02101326
soc-LiveJournal1,s32_mfull_fast,1,tile_store,0.155448913574,1185,141.02101326
soc-LiveJournal1,s32_mfull_fast,1,output_scatter,1.58929824829,1185,141.02101326
soc-LiveJournal1,s32_mfull_fast,1,thread_amx_setup,0.0274181365967,1185,141.02101326
soc-LiveJournal1,s32_mfull_fast,1,window_state_load,0.323057174683,1185,141.02101326
soc-LiveJournal1,s32_mfull_fast,1,window_state_store,1.34468078613,1185,141.02101326
soc-LiveJournal1,s32_mfull_fast,2,output_zero,0,1185,150.655984879
soc-LiveJournal1,s32_mfull_fast,2,row_schedule,0.532150268555,1185,150.655984879
soc-LiveJournal1,s32_mfull_fast,2,partial_zero,0.449657440186,1185,150.655984879
soc-LiveJournal1,s32_mfull_fast,2,csr_prefetch,60.5776309967,1185,150.655984879
soc-LiveJournal1,s32_mfull_fast,2,feature_gather_decode,45.7639694214,1185,150.655984879
soc-LiveJournal1,s32_mfull_fast,2,fp32_neighbor_reduction,17.2216892242,1185,150.655984879
soc-LiveJournal1,s32_mfull_fast,2,partial_bf16_conversion,7.74145126343,1185,150.655984879
soc-LiveJournal1,s32_mfull_fast,2,tile_load,2.33507156372,1185,150.655984879
soc-LiveJournal1,s32_mfull_fast,2,tile_compute,3.80325317383,1185,150.655984879
soc-LiveJournal1,s32_mfull_fast,2,tile_store,0.177383422852,1185,150.655984879
soc-LiveJournal1,s32_mfull_fast,2,output_scatter,2.13861465454,1185,150.655984879
soc-LiveJournal1,s32_mfull_fast,2,thread_amx_setup,0.0505447387695,1185,150.655984879
soc-LiveJournal1,s32_mfull_fast,2,window_state_load,0.352382659912,1185,150.655984879
soc-LiveJournal1,s32_mfull_fast,2,window_state_store,1.30867958069,1185,150.655984879
soc-LiveJournal1,s64_mfull_fast,1,output_zero,0.000953674316406,1185,155.75003624
soc-LiveJournal1,s64_mfull_fast,1,row_schedule,0.546932220459,1185,155.75003624
soc-LiveJournal1,s64_mfull_fast,1,partial_zero,0.511407852173,1185,155.75003624
soc-LiveJournal1,s64_mfull_fast,1,csr_prefetch,60.067653656,1185,155.75003624
soc-LiveJournal1,s64_mfull_fast,1,feature_gather_decode,45.333147049,1185,155.75003624
soc-LiveJournal1,s64_mfull_fast,1,fp32_neighbor_reduction,17.1010494232,1185,155.75003624
soc-LiveJournal1,s64_mfull_fast,1,partial_bf16_conversion,7.74049758911,1185,155.75003624
soc-LiveJournal1,s64_mfull_fast,1,tile_load,2.277135849,1185,155.75003624
soc-LiveJournal1,s64_mfull_fast,1,tile_compute,3.82733345032,1185,155.75003624
soc-LiveJournal1,s64_mfull_fast,1,tile_store,0.205039978027,1185,155.75003624
soc-LiveJournal1,s64_mfull_fast,1,output_scatter,1.5606880188,1185,155.75003624
soc-LiveJournal1,s64_mfull_fast,1,thread_amx_setup,0.0267028808594,1185,155.75003624
soc-LiveJournal1,s64_mfull_fast,1,window_state_load,0.102758407593,1185,155.75003624
soc-LiveJournal1,s64_mfull_fast,1,window_state_store,1.15156173706,1185,155.75003624
soc-LiveJournal1,s64_mfull_fast,2,output_zero,0,1185,146.548032761
soc-LiveJournal1,s64_mfull_fast,2,row_schedule,0.516176223755,1185,146.548032761
soc-LiveJournal1,s64_mfull_fast,2,partial_zero,0.473737716675,1185,146.548032761
soc-LiveJournal1,s64_mfull_fast,2,csr_prefetch,60.2400302887,1185,146.548032761
soc-LiveJournal1,s64_mfull_fast,2,feature_gather_decode,45.5739498138,1185,146.548032761
soc-LiveJournal1,s64_mfull_fast,2,fp32_neighbor_reduction,17.2111988068,1185,146.548032761
soc-LiveJournal1,s64_mfull_fast,2,partial_bf16_conversion,7.77244567871,1185,146.548032761
soc-LiveJournal1,s64_mfull_fast,2,tile_load,2.42328643799,1185,146.548032761
soc-LiveJournal1,s64_mfull_fast,2,tile_compute,3.77917289734,1185,146.548032761
soc-LiveJournal1,s64_mfull_fast,2,tile_store,0.189304351807,1185,146.548032761
soc-LiveJournal1,s64_mfull_fast,2,output_scatter,2.13599205017,1185,146.548032761
soc-LiveJournal1,s64_mfull_fast,2,thread_amx_setup,0.0488758087158,1185,146.548032761
soc-LiveJournal1,s64_mfull_fast,2,window_state_load,0.112533569336,1185,146.548032761
soc-LiveJournal1,s64_mfull_fast,2,window_state_store,1.1727809906,1185,146.548032761
soc-LiveJournal1,s128_mfull_fast,1,output_zero,0.000953674316406,1185,156.059980392
soc-LiveJournal1,s128_mfull_fast,1,row_schedule,0.556468963623,1185,156.059980392
soc-LiveJournal1,s128_mfull_fast,1,partial_zero,0.566482543945,1185,156.059980392
soc-LiveJournal1,s128_mfull_fast,1,csr_prefetch,60.3861808777,1185,156.059980392
soc-LiveJournal1,s128_mfull_fast,1,feature_gather_decode,45.9594726562,1185,156.059980392
soc-LiveJournal1,s128_mfull_fast,1,fp32_neighbor_reduction,17.3079967499,1185,156.059980392
soc-LiveJournal1,s128_mfull_fast,1,partial_bf16_conversion,7.73024559021,1185,156.059980392
soc-LiveJournal1,s128_mfull_fast,1,tile_load,2.31337547302,1185,156.059980392
soc-LiveJournal1,s128_mfull_fast,1,tile_compute,3.83043289185,1185,156.059980392
soc-LiveJournal1,s128_mfull_fast,1,tile_store,0.17237663269,1185,156.059980392
soc-LiveJournal1,s128_mfull_fast,1,output_scatter,1.58667564392,1185,156.059980392
soc-LiveJournal1,s128_mfull_fast,1,thread_amx_setup,0.0300407409668,1185,156.059980392
soc-LiveJournal1,s128_mfull_fast,1,window_state_load,0.0355243682861,1185,156.059980392
soc-LiveJournal1,s128_mfull_fast,1,window_state_store,1.09243392944,1185,156.059980392
soc-LiveJournal1,s128_mfull_fast,2,output_zero,0,1185,140.752077103
soc-LiveJournal1,s128_mfull_fast,2,row_schedule,0.526189804077,1185,140.752077103
soc-LiveJournal1,s128_mfull_fast,2,partial_zero,0.466108322144,1185,140.752077103
soc-LiveJournal1,s128_mfull_fast,2,csr_prefetch,60.8642101288,1185,140.752077103
soc-LiveJournal1,s128_mfull_fast,2,feature_gather_decode,45.937538147,1185,140.752077103
soc-LiveJournal1,s128_mfull_fast,2,fp32_neighbor_reduction,17.1670913696,1185,140.752077103
soc-LiveJournal1,s128_mfull_fast,2,partial_bf16_conversion,7.7497959137,1185,140.752077103
soc-LiveJournal1,s128_mfull_fast,2,tile_load,2.25901603699,1185,140.752077103
soc-LiveJournal1,s128_mfull_fast,2,tile_compute,3.74293327332,1185,140.752077103
soc-LiveJournal1,s128_mfull_fast,2,tile_store,0.181198120117,1185,140.752077103
soc-LiveJournal1,s128_mfull_fast,2,output_scatter,2.15125083923,1185,140.752077103
soc-LiveJournal1,s128_mfull_fast,2,thread_amx_setup,0.0600814819336,1185,140.752077103
soc-LiveJournal1,s128_mfull_fast,2,window_state_load,0.0414848327637,1185,140.752077103
soc-LiveJournal1,s128_mfull_fast,2,window_state_store,1.08337402344,1185,140.752077103
soc-LiveJournal1,s64_mfull_accurate,1,output_zero,0,1185,162.369012833
soc-LiveJournal1,s64_mfull_accurate,1,row_schedule,0.540018081665,1185,162.369012833
soc-LiveJournal1,s64_mfull_accurate,1,partial_zero,0.551700592041,1185,162.369012833
soc-LiveJournal1,s64_mfull_accurate,1,csr_prefetch,61.2156391144,1185,162.369012833
soc-LiveJournal1,s64_mfull_accurate,1,feature_gather_decode,46.5767383575,1185,162.369012833
soc-LiveJournal1,s64_mfull_accurate,1,fp32_neighbor_reduction,17.5316333771,1185,162.369012833
soc-LiveJournal1,s64_mfull_accurate,1,partial_bf16_conversion,23.9431858063,1185,162.369012833
soc-LiveJournal1,s64_mfull_accurate,1,tile_load,4.43935394287,1185,162.369012833
soc-LiveJournal1,s64_mfull_accurate,1,tile_compute,4.72640991211,1185,162.369012833
soc-LiveJournal1,s64_mfull_accurate,1,tile_store,0.166654586792,1185,162.369012833
soc-LiveJournal1,s64_mfull_accurate,1,output_scatter,1.62601470947,1185,162.369012833
soc-LiveJournal1,s64_mfull_accurate,1,thread_amx_setup,0.028133392334,1185,162.369012833
soc-LiveJournal1,s64_mfull_accurate,1,window_state_load,0.126600265503,1185,162.369012833
soc-LiveJournal1,s64_mfull_accurate,1,window_state_store,1.20234489441,1185,162.369012833
soc-LiveJournal1,s64_mfull_accurate,2,output_zero,0,1185,152.115821838
soc-LiveJournal1,s64_mfull_accurate,2,row_schedule,0.556468963623,1185,152.115821838
soc-LiveJournal1,s64_mfull_accurate,2,partial_zero,0.494480133057,1185,152.115821838
soc-LiveJournal1,s64_mfull_accurate,2,csr_prefetch,60.7101917267,1185,152.115821838
soc-LiveJournal1,s64_mfull_accurate,2,feature_gather_decode,46.8955039978,1185,152.115821838
soc-LiveJournal1,s64_mfull_accurate,2,fp32_neighbor_reduction,17.6029205322,1185,152.115821838
soc-LiveJournal1,s64_mfull_accurate,2,partial_bf16_conversion,23.815870285,1185,152.115821838
soc-LiveJournal1,s64_mfull_accurate,2,tile_load,4.39190864563,1185,152.115821838
soc-LiveJournal1,s64_mfull_accurate,2,tile_compute,4.44364547729,1185,152.115821838
soc-LiveJournal1,s64_mfull_accurate,2,tile_store,0.186681747437,1185,152.115821838
soc-LiveJournal1,s64_mfull_accurate,2,output_scatter,2.24685668945,1185,152.115821838
soc-LiveJournal1,s64_mfull_accurate,2,thread_amx_setup,0.0534057617188,1185,152.115821838
soc-LiveJournal1,s64_mfull_accurate,2,window_state_load,0.115633010864,1185,152.115821838
soc-LiveJournal1,s64_mfull_accurate,2,window_state_store,1.22928619385,1185,152.115821838
soc-LiveJournal1,s64_mfull_rowwise_fast,1,output_zero,0.00119209289551,1185,154.583215714
soc-LiveJournal1,s64_mfull_rowwise_fast,1,row_schedule,0.551700592041,1185,154.583215714
soc-LiveJournal1,s64_mfull_rowwise_fast,1,partial_zero,0.544786453247,1185,154.583215714
soc-LiveJournal1,s64_mfull_rowwise_fast,1,csr_prefetch,59.9513053894,1185,154.583215714
soc-LiveJournal1,s64_mfull_rowwise_fast,1,feature_gather_decode,46.0178852081,1185,154.583215714
soc-LiveJournal1,s64_mfull_rowwise_fast,1,fp32_neighbor_reduction,17.373085022,1185,154.583215714
soc-LiveJournal1,s64_mfull_rowwise_fast,1,partial_bf16_conversion,7.73811340332,1185,154.583215714
soc-LiveJournal1,s64_mfull_rowwise_fast,1,tile_load,2.22301483154,1185,154.583215714
soc-LiveJournal1,s64_mfull_rowwise_fast,1,tile_compute,3.93104553223,1185,154.583215714
soc-LiveJournal1,s64_mfull_rowwise_fast,1,tile_store,0.179290771484,1185,154.583215714
soc-LiveJournal1,s64_mfull_rowwise_fast,1,output_scatter,1.63865089417,1185,154.583215714
soc-LiveJournal1,s64_mfull_rowwise_fast,1,thread_amx_setup,0.0290870666504,1185,154.583215714
soc-LiveJournal1,s64_mfull_rowwise_fast,1,window_state_load,0.125885009766,1185,154.583215714
soc-LiveJournal1,s64_mfull_rowwise_fast,1,window_state_store,1.19018554688,1185,154.583215714
soc-LiveJournal1,s64_mfull_rowwise_fast,2,output_zero,0,1185,149.628162384
soc-LiveJournal1,s64_mfull_rowwise_fast,2,row_schedule,0.568866729736,1185,149.628162384
soc-LiveJournal1,s64_mfull_rowwise_fast,2,partial_zero,0.51474571228,1185,149.628162384
soc-LiveJournal1,s64_mfull_rowwise_fast,2,csr_prefetch,60.8487129211,1185,149.628162384
soc-LiveJournal1,s64_mfull_rowwise_fast,2,feature_gather_decode,46.1165904999,1185,149.628162384
soc-LiveJournal1,s64_mfull_rowwise_fast,2,fp32_neighbor_reduction,17.5292491913,1185,149.628162384
soc-LiveJournal1,s64_mfull_rowwise_fast,2,partial_bf16_conversion,7.75122642517,1185,149.628162384
soc-LiveJournal1,s64_mfull_rowwise_fast,2,tile_load,2.29406356812,1185,149.628162384
soc-LiveJournal1,s64_mfull_rowwise_fast,2,tile_compute,3.79776954651,1185,149.628162384
soc-LiveJournal1,s64_mfull_rowwise_fast,2,tile_store,0.162124633789,1185,149.628162384
soc-LiveJournal1,s64_mfull_rowwise_fast,2,output_scatter,2.14266777039,1185,149.628162384
soc-LiveJournal1,s64_mfull_rowwise_fast,2,thread_amx_setup,0.0309944152832,1185,149.628162384
soc-LiveJournal1,s64_mfull_rowwise_fast,2,window_state_load,0.121593475342,1185,149.628162384
soc-LiveJournal1,s64_mfull_rowwise_fast,2,window_state_store,1.20520591736,1185,149.628162384
com-LiveJournal,b64_fast,1,output_zero,0,978,127.6948452
com-LiveJournal,b64_fast,1,row_schedule,0.418186187744,978,127.6948452
com-LiveJournal,b64_fast,1,partial_zero,0.258207321167,978,127.6948452
com-LiveJournal,b64_fast,1,csr_prefetch,11.5690231323,978,127.6948452
com-LiveJournal,b64_fast,1,feature_gather_decode,18.3322429657,978,127.6948452
com-LiveJournal,b64_fast,1,fp32_neighbor_reduction,10.1499557495,978,127.6948452
com-LiveJournal,b64_fast,1,partial_bf16_conversion,0.22554397583,978,127.6948452
com-LiveJournal,b64_fast,1,tile_load,1.300573349,978,127.6948452
com-LiveJournal,b64_fast,1,tile_compute,2.53939628601,978,127.6948452
com-LiveJournal,b64_fast,1,tile_store,0.159025192261,978,127.6948452
com-LiveJournal,b64_fast,1,output_scatter,1.0998249054,978,127.6948452
com-LiveJournal,b64_fast,1,thread_amx_setup,0.0207424163818,978,127.6948452
com-LiveJournal,b64_fast,2,output_zero,0,978,124.233961105
com-LiveJournal,b64_fast,2,row_schedule,0.381469726562,978,124.233961105
com-LiveJournal,b64_fast,2,partial_zero,0.306129455566,978,124.233961105
com-LiveJournal,b64_fast,2,csr_prefetch,11.4920139313,978,124.233961105
com-LiveJournal,b64_fast,2,feature_gather_decode,18.2921886444,978,124.233961105
com-LiveJournal,b64_fast,2,fp32_neighbor_reduction,10.1132392883,978,124.233961105
com-LiveJournal,b64_fast,2,partial_bf16_conversion,0.229597091675,978,124.233961105
com-LiveJournal,b64_fast,2,tile_load,1.30224227905,978,124.233961105
com-LiveJournal,b64_fast,2,tile_compute,2.66909599304,978,124.233961105
com-LiveJournal,b64_fast,2,tile_store,0.118494033813,978,124.233961105
com-LiveJournal,b64_fast,2,output_scatter,0.204086303711,978,124.233961105
com-LiveJournal,b64_fast,2,thread_amx_setup,0.0264644622803,978,124.233961105
com-LiveJournal,b64_accurate,1,output_zero,0,978,133.44502449
com-LiveJournal,b64_accurate,1,row_schedule,0.315427780151,978,133.44502449
com-LiveJournal,b64_accurate,1,partial_zero,0.304222106934,978,133.44502449
com-LiveJournal,b64_accurate,1,csr_prefetch,11.598110199,978,133.44502449
com-LiveJournal,b64_accurate,1,feature_gather_decode,18.2456970215,978,133.44502449
com-LiveJournal,b64_accurate,1,fp32_neighbor_reduction,10.3645324707,978,133.44502449
com-LiveJournal,b64_accurate,1,partial_bf16_conversion,0.370025634766,978,133.44502449
com-LiveJournal,b64_accurate,1,tile_load,2.0797252655,978,133.44502449
com-LiveJournal,b64_accurate,1,tile_compute,3.52358818054,978,133.44502449
com-LiveJournal,b64_accurate,1,tile_store,0.130891799927,978,133.44502449
com-LiveJournal,b64_accurate,1,output_scatter,1.13773345947,978,133.44502449
com-LiveJournal,b64_accurate,1,thread_amx_setup,0.0197887420654,978,133.44502449
com-LiveJournal,b64_accurate,2,output_zero,0,978,124.760150909
com-LiveJournal,b64_accurate,2,row_schedule,0.387191772461,978,124.760150909
com-LiveJournal,b64_accurate,2,partial_zero,0.268459320068,978,124.760150909
com-LiveJournal,b64_accurate,2,csr_prefetch,11.6326808929,978,124.760150909
com-LiveJournal,b64_accurate,2,feature_gather_decode,18.2418823242,978,124.760150909
com-LiveJournal,b64_accurate,2,fp32_neighbor_reduction,10.3087425232,978,124.760150909
com-LiveJournal,b64_accurate,2,partial_bf16_conversion,0.361680984497,978,124.760150909
com-LiveJournal,b64_accurate,2,tile_load,2.11095809937,978,124.760150909
com-LiveJournal,b64_accurate,2,tile_compute,3.4351348877,978,124.760150909
com-LiveJournal,b64_accurate,2,tile_store,0.11944770813,978,124.760150909
com-LiveJournal,b64_accurate,2,output_scatter,0.175714492798,978,124.760150909
com-LiveJournal,b64_accurate,2,thread_amx_setup,0.0479221343994,978,124.760150909
com-LiveJournal,bfull_fast,1,output_zero,0,978,127.71987915
com-LiveJournal,bfull_fast,1,row_schedule,0.38743019104,978,127.71987915
com-LiveJournal,bfull_fast,1,partial_zero,0.211715698242,978,127.71987915
com-LiveJournal,bfull_fast,1,csr_prefetch,11.9879245758,978,127.71987915
com-LiveJournal,bfull_fast,1,feature_gather_decode,18.2683467865,978,127.71987915
com-LiveJournal,bfull_fast,1,fp32_neighbor_reduction,10.538816452,978,127.71987915
com-LiveJournal,bfull_fast,1,partial_bf16_conversion,0.157594680786,978,127.71987915
com-LiveJournal,bfull_fast,1,tile_load,0.97918510437,978,127.71987915
com-LiveJournal,bfull_fast,1,tile_compute,2.01797485352,978,127.71987915
com-LiveJournal,bfull_fast,1,tile_store,0.110864639282,978,127.71987915
com-LiveJournal,bfull_fast,1,output_scatter,1.12128257751,978,127.71987915
com-LiveJournal,bfull_fast,1,thread_amx_setup,0.0209808349609,978,127.71987915
com-LiveJournal,bfull_fast,2,output_zero,0,978,120.699882507
com-LiveJournal,bfull_fast,2,row_schedule,0.398397445679,978,120.699882507
com-LiveJournal,bfull_fast,2,partial_zero,0.215768814087,978,120.699882507
com-LiveJournal,bfull_fast,2,csr_prefetch,11.563539505,978,120.699882507
com-LiveJournal,bfull_fast,2,feature_gather_decode,18.1660652161,978,120.699882507
com-LiveJournal,bfull_fast,2,fp32_neighbor_reduction,10.0860595703,978,120.699882507
com-LiveJournal,bfull_fast,2,partial_bf16_conversion,0.163555145264,978,120.699882507
com-LiveJournal,bfull_fast,2,tile_load,0.950813293457,978,120.699882507
com-LiveJournal,bfull_fast,2,tile_compute,2.16269493103,978,120.699882507
com-LiveJournal,bfull_fast,2,tile_store,0.104427337646,978,120.699882507
com-LiveJournal,bfull_fast,2,output_scatter,0.213146209717,978,120.699882507
com-LiveJournal,bfull_fast,2,thread_amx_setup,0.0295639038086,978,120.699882507
com-LiveJournal,bfull_accurate,1,output_zero,0.000953674316406,978,130.419015884
com-LiveJournal,bfull_accurate,1,row_schedule,0.294923782349,978,130.419015884
com-LiveJournal,bfull_accurate,1,partial_zero,0.241041183472,978,130.419015884
com-LiveJournal,bfull_accurate,1,csr_prefetch,11.8415355682,978,130.419015884
com-LiveJournal,bfull_accurate,1,feature_gather_decode,18.4535980225,978,130.419015884
com-LiveJournal,bfull_accurate,1,fp32_neighbor_reduction,10.1344585419,978,130.419015884
com-LiveJournal,bfull_accurate,1,partial_bf16_conversion,0.265836715698,978,130.419015884
com-LiveJournal,bfull_accurate,1,tile_load,1.57737731934,978,130.419015884
com-LiveJournal,bfull_accurate,1,tile_compute,2.80618667603,978,130.419015884
com-LiveJournal,bfull_accurate,1,tile_store,0.0779628753662,978,130.419015884
com-LiveJournal,bfull_accurate,1,output_scatter,1.15752220154,978,130.419015884
com-LiveJournal,bfull_accurate,1,thread_amx_setup,0.0231266021729,978,130.419015884
com-LiveJournal,bfull_accurate,2,output_zero,0,978,122.933864594
com-LiveJournal,bfull_accurate,2,row_schedule,0.391006469727,978,122.933864594
com-LiveJournal,bfull_accurate,2,partial_zero,0.26273727417,978,122.933864594
com-LiveJournal,bfull_accurate,2,csr_prefetch,11.563539505,978,122.933864594
com-LiveJournal,bfull_accurate,2,feature_gather_decode,18.5215473175,978,122.933864594
com-LiveJournal,bfull_accurate,2,fp32_neighbor_reduction,10.1969242096,978,122.933864594
com-LiveJournal,bfull_accurate,2,partial_bf16_conversion,0.27322769165,978,122.933864594
com-LiveJournal,bfull_accurate,2,tile_load,1.54781341553,978,122.933864594
com-LiveJournal,bfull_accurate,2,tile_compute,2.90393829346,978,122.933864594
com-LiveJournal,bfull_accurate,2,tile_store,0.0977516174316,978,122.933864594
com-LiveJournal,bfull_accurate,2,output_scatter,0.204086303711,978,122.933864594
com-LiveJournal,bfull_accurate,2,thread_amx_setup,0.0314712524414,978,122.933864594
com-LiveJournal,b256_fast,1,output_zero,0,978,128.561019897
com-LiveJournal,b256_fast,1,row_schedule,0.389337539673,978,128.561019897
com-LiveJournal,b256_fast,1,partial_zero,0.23341178894,978,128.561019897
com-LiveJournal,b256_fast,1,csr_prefetch,11.7707252502,978,128.561019897
com-LiveJournal,b256_fast,1,feature_gather_decode,17.8668498993,978,128.561019897
com-LiveJournal,b256_fast,1,fp32_neighbor_reduction,10.082244873,978,128.561019897
com-LiveJournal,b256_fast,1,partial_bf16_conversion,0.190019607544,978,128.561019897
com-LiveJournal,b256_fast,1,tile_load,1.01137161255,978,128.561019897
com-LiveJournal,b256_fast,1,tile_compute,2.01678276062,978,128.561019897
com-LiveJournal,b256_fast,1,tile_store,0.0953674316406,978,128.561019897
com-LiveJournal,b256_fast,1,output_scatter,1.1260509491,978,128.561019897
com-LiveJournal,b256_fast,1,thread_amx_setup,0.0195503234863,978,128.561019897
com-LiveJournal,b256_fast,2,output_zero,0,978,119.250059128
com-LiveJournal,b256_fast,2,row_schedule,0.410556793213,978,119.250059128
com-LiveJournal,b256_fast,2,partial_zero,0.24151802063,978,119.250059128
com-LiveJournal,b256_fast,2,csr_prefetch,11.5163326263,978,119.250059128
com-LiveJournal,b256_fast,2,feature_gather_decode,18.4037685394,978,119.250059128
com-LiveJournal,b256_fast,2,fp32_neighbor_reduction,9.90343093872,978,119.250059128
com-LiveJournal,b256_fast,2,partial_bf16_conversion,0.173807144165,978,119.250059128
com-LiveJournal,b256_fast,2,tile_load,1.05834007263,978,119.250059128
com-LiveJournal,b256_fast,2,tile_compute,2.32768058777,978,119.250059128
com-LiveJournal,b256_fast,2,tile_store,0.114917755127,978,119.250059128
com-LiveJournal,b256_fast,2,output_scatter,0.230073928833,978,119.250059128
com-LiveJournal,b256_fast,2,thread_amx_setup,0.0286102294922,978,119.250059128
com-LiveJournal,b256_accurate,1,output_zero,0,978,129.249095917
com-LiveJournal,b256_accurate,1,row_schedule,0.319719314575,978,129.249095917
com-LiveJournal,b256_accurate,1,partial_zero,0.259160995483,978,129.249095917
com-LiveJournal,b256_accurate,1,csr_prefetch,11.6331577301,978,129.249095917
com-LiveJournal,b256_accurate,1,feature_gather_decode,17.7812576294,978,129.249095917
com-LiveJournal,b256_accurate,1,fp32_neighbor_reduction,10.2510452271,978,129.249095917
com-LiveJournal,b256_accurate,1,partial_bf16_conversion,0.253438949585,978,129.249095917
com-LiveJournal,b256_accurate,1,tile_load,1.72233581543,978,129.249095917
com-LiveJournal,b256_accurate,1,tile_compute,3.01241874695,978,129.249095917
com-LiveJournal,b256_accurate,1,tile_store,0.12993812561,978,129.249095917
com-LiveJournal,b256_accurate,1,output_scatter,1.15537643433,978,129.249095917
com-LiveJournal,b256_accurate,1,thread_amx_setup,0.0166893005371,978,129.249095917
com-LiveJournal,b256_accurate,2,output_zero,0,978,118.470907211
com-LiveJournal,b256_accurate,2,row_schedule,0.40864944458,978,118.470907211
com-LiveJournal,b256_accurate,2,partial_zero,0.248908996582,978,118.470907211
com-LiveJournal,b256_accurate,2,csr_prefetch,11.7156505585,978,118.470907211
com-LiveJournal,b256_accurate,2,feature_gather_decode,18.5785293579,978,118.470907211
com-LiveJournal,b256_accurate,2,fp32_neighbor_reduction,10.1943016052,978,118.470907211
com-LiveJournal,b256_accurate,2,partial_bf16_conversion,0.318050384521,978,118.470907211
com-LiveJournal,b256_accurate,2,tile_load,1.74379348755,978,118.470907211
com-LiveJournal,b256_accurate,2,tile_compute,3.06105613708,978,118.470907211
com-LiveJournal,b256_accurate,2,tile_store,0.104665756226,978,118.470907211
com-LiveJournal,b256_accurate,2,output_scatter,0.210046768188,978,118.470907211
com-LiveJournal,b256_accurate,2,thread_amx_setup,0.0276565551758,978,118.470907211
com-LiveJournal,s64_m64_fast,1,output_zero,0,978,163.983106613
com-LiveJournal,s64_m64_fast,1,row_schedule,0.49090385437,978,163.983106613
com-LiveJournal,s64_m64_fast,1,partial_zero,0.509023666382,978,163.983106613
com-LiveJournal,s64_m64_fast,1,csr_prefetch,67.3232078552,978,163.983106613
com-LiveJournal,s64_m64_fast,1,feature_gather_decode,51.5003204346,978,163.983106613
com-LiveJournal,s64_m64_fast,1,fp32_neighbor_reduction,19.6993350983,978,163.983106613
com-LiveJournal,s64_m64_fast,1,partial_bf16_conversion,9.57441329956,978,163.983106613
com-LiveJournal,s64_m64_fast,1,tile_load,2.78043746948,978,163.983106613
com-LiveJournal,s64_m64_fast,1,tile_compute,4.52733039856,978,163.983106613
com-LiveJournal,s64_m64_fast,1,tile_store,0.203847885132,978,163.983106613
com-LiveJournal,s64_m64_fast,1,output_scatter,1.31630897522,978,163.983106613
com-LiveJournal,s64_m64_fast,1,thread_amx_setup,0.0307559967041,978,163.983106613
com-LiveJournal,s64_m64_fast,1,window_state_load,0,978,163.983106613
com-LiveJournal,s64_m64_fast,1,window_state_store,1.23143196106,978,163.983106613
com-LiveJournal,s64_m64_fast,2,output_zero,0,978,146.167039871
com-LiveJournal,s64_m64_fast,2,row_schedule,0.436544418335,978,146.167039871
com-LiveJournal,s64_m64_fast,2,partial_zero,0.502109527588,978,146.167039871
com-LiveJournal,s64_m64_fast,2,csr_prefetch,67.7621364594,978,146.167039871
com-LiveJournal,s64_m64_fast,2,feature_gather_decode,50.8372783661,978,146.167039871
com-LiveJournal,s64_m64_fast,2,fp32_neighbor_reduction,19.291639328,978,146.167039871
com-LiveJournal,s64_m64_fast,2,partial_bf16_conversion,9.59444046021,978,146.167039871
com-LiveJournal,s64_m64_fast,2,tile_load,2.82955169678,978,146.167039871
com-LiveJournal,s64_m64_fast,2,tile_compute,4.50825691223,978,146.167039871
com-LiveJournal,s64_m64_fast,2,tile_store,0.20694732666,978,146.167039871
com-LiveJournal,s64_m64_fast,2,output_scatter,1.90877914429,978,146.167039871
com-LiveJournal,s64_m64_fast,2,thread_amx_setup,0.0550746917725,978,146.167039871
com-LiveJournal,s64_m64_fast,2,window_state_load,0,978,146.167039871
com-LiveJournal,s64_m64_fast,2,window_state_store,1.1579990387,978,146.167039871
com-LiveJournal,s32_m64_fast,1,output_zero,0,978,165.241003036
com-LiveJournal,s32_m64_fast,1,row_schedule,0.485181808472,978,165.241003036
com-LiveJournal,s32_m64_fast,1,partial_zero,0.527858734131,978,165.241003036
com-LiveJournal,s32_m64_fast,1,csr_prefetch,67.0390129089,978,165.241003036
com-LiveJournal,s32_m64_fast,1,feature_gather_decode,51.0218143463,978,165.241003036
com-LiveJournal,s32_m64_fast,1,fp32_neighbor_reduction,19.2925930023,978,165.241003036
com-LiveJournal,s32_m64_fast,1,partial_bf16_conversion,9.55367088318,978,165.241003036
com-LiveJournal,s32_m64_fast,1,tile_load,2.75778770447,978,165.241003036
com-LiveJournal,s32_m64_fast,1,tile_compute,4.53495979309,978,165.241003036
com-LiveJournal,s32_m64_fast,1,tile_store,0.211954116821,978,165.241003036
com-LiveJournal,s32_m64_fast,1,output_scatter,1.33371353149,978,165.241003036
com-LiveJournal,s32_m64_fast,1,thread_amx_setup,0.0278949737549,978,165.241003036
com-LiveJournal,s32_m64_fast,1,window_state_load,0.263929367065,978,165.241003036
com-LiveJournal,s32_m64_fast,1,window_state_store,1.42097473145,978,165.241003036
com-LiveJournal,s32_m64_fast,2,output_zero,0,978,156.497001648
com-LiveJournal,s32_m64_fast,2,row_schedule,0.440120697021,978,156.497001648
com-LiveJournal,s32_m64_fast,2,partial_zero,0.487804412842,978,156.497001648
com-LiveJournal,s32_m64_fast,2,csr_prefetch,67.3522949219,978,156.497001648
com-LiveJournal,s32_m64_fast,2,feature_gather_decode,51.0568618774,978,156.497001648
com-LiveJournal,s32_m64_fast,2,fp32_neighbor_reduction,19.3328857422,978,156.497001648
com-LiveJournal,s32_m64_fast,2,partial_bf16_conversion,9.54961776733,978,156.497001648
com-LiveJournal,s32_m64_fast,2,tile_load,2.87532806396,978,156.497001648
com-LiveJournal,s32_m64_fast,2,tile_compute,4.44293022156,978,156.497001648
com-LiveJournal,s32_m64_fast,2,tile_store,0.212907791138,978,156.497001648
com-LiveJournal,s32_m64_fast,2,output_scatter,1.92499160767,978,156.497001648
com-LiveJournal,s32_m64_fast,2,thread_amx_setup,0.0505447387695,978,156.497001648
com-LiveJournal,s32_m64_fast,2,window_state_load,0.243663787842,978,156.497001648
com-LiveJournal,s32_m64_fast,2,window_state_store,1.43647193909,978,156.497001648
com-LiveJournal,s32_m256_fast,1,output_zero,0,978,160.126924515
com-LiveJournal,s32_m256_fast,1,row_schedule,0.455141067505,978,160.126924515
com-LiveJournal,s32_m256_fast,1,partial_zero,0.44059753418,978,160.126924515
com-LiveJournal,s32_m256_fast,1,csr_prefetch,67.0533180237,978,160.126924515
com-LiveJournal,s32_m256_fast,1,feature_gather_decode,50.3809452057,978,160.126924515
com-LiveJournal,s32_m256_fast,1,fp32_neighbor_reduction,19.1855430603,978,160.126924515
com-LiveJournal,s32_m256_fast,1,partial_bf16_conversion,7.59792327881,978,160.126924515
com-LiveJournal,s32_m256_fast,1,tile_load,2.23398208618,978,160.126924515
com-LiveJournal,s32_m256_fast,1,tile_compute,3.8104057312,978,160.126924515
com-LiveJournal,s32_m256_fast,1,tile_store,0.16450881958,978,160.126924515
com-LiveJournal,s32_m256_fast,1,output_scatter,1.33848190308,978,160.126924515
com-LiveJournal,s32_m256_fast,1,thread_amx_setup,0.0302791595459,978,160.126924515
com-LiveJournal,s32_m256_fast,1,window_state_load,0.385284423828,978,160.126924515
com-LiveJournal,s32_m256_fast,1,window_state_store,1.33514404297,978,160.126924515
com-LiveJournal,s32_m256_fast,2,output_zero,0,978,135.876178741
com-LiveJournal,s32_m256_fast,2,row_schedule,0.413417816162,978,135.876178741
com-LiveJournal,s32_m256_fast,2,partial_zero,0.44846534729,978,135.876178741
com-LiveJournal,s32_m256_fast,2,csr_prefetch,67.4166679382,978,135.876178741
com-LiveJournal,s32_m256_fast,2,feature_gather_decode,50.7123470306,978,135.876178741
com-LiveJournal,s32_m256_fast,2,fp32_neighbor_reduction,19.1292762756,978,135.876178741
com-LiveJournal,s32_m256_fast,2,partial_bf16_conversion,7.65061378479,978,135.876178741
com-LiveJournal,s32_m256_fast,2,tile_load,2.25019454956,978,135.876178741
com-LiveJournal,s32_m256_fast,2,tile_compute,3.82924079895,978,135.876178741
com-LiveJournal,s32_m256_fast,2,tile_store,0.13542175293,978,135.876178741
com-LiveJournal,s32_m256_fast,2,output_scatter,1.92761421204,978,135.876178741
com-LiveJournal,s32_m256_fast,2,thread_amx_setup,0.0400543212891,978,135.876178741
com-LiveJournal,s32_m256_fast,2,window_state_load,0.375747680664,978,135.876178741
com-LiveJournal,s32_m256_fast,2,window_state_store,1.39284133911,978,135.876178741
com-LiveJournal,s64_m256_fast,1,output_zero,0,978,159.21497345
com-LiveJournal,s64_m256_fast,1,row_schedule,0.456571578979,978,159.21497345
com-LiveJournal,s64_m256_fast,1,partial_zero,0.478982925415,978,159.21497345
com-LiveJournal,s64_m256_fast,1,csr_prefetch,66.8814182281,978,159.21497345
com-LiveJournal,s64_m256_fast,1,feature_gather_decode,50.6567955017,978,159.21497345
com-LiveJournal,s64_m256_fast,1,fp32_neighbor_reduction,19.2265510559,978,159.21497345
com-LiveJournal,s64_m256_fast,1,partial_bf16_conversion,7.60626792908,978,159.21497345
com-LiveJournal,s64_m256_fast,1,tile_load,2.18033790588,978,159.21497345
com-LiveJournal,s64_m256_fast,1,tile_compute,3.86571884155,978,159.21497345
com-LiveJournal,s64_m256_fast,1,tile_store,0.195980072021,978,159.21497345
com-LiveJournal,s64_m256_fast,1,output_scatter,1.30581855774,978,159.21497345
com-LiveJournal,s64_m256_fast,1,thread_amx_setup,0.0271797180176,978,159.21497345
com-LiveJournal,s64_m256_fast,1,window_state_load,0.139236450195,978,159.21497345
com-LiveJournal,s64_m256_fast,1,window_state_store,1.0769367218,978,159.21497345
com-LiveJournal,s64_m256_fast,2,output_zero,0,978,153.226852417
com-LiveJournal,s64_m256_fast,2,row_schedule,0.43511390686,978,153.226852417
com-LiveJournal,s64_m256_fast,2,partial_zero,0.446557998657,978,153.226852417
com-LiveJournal,s64_m256_fast,2,csr_prefetch,67.4645900726,978,153.226852417
com-LiveJournal,s64_m256_fast,2,feature_gather_decode,50.5340099335,978,153.226852417
com-LiveJournal,s64_m256_fast,2,fp32_neighbor_reduction,19.4647312164,978,153.226852417
com-LiveJournal,s64_m256_fast,2,partial_bf16_conversion,7.67207145691,978,153.226852417
com-LiveJournal,s64_m256_fast,2,tile_load,2.24900245667,978,153.226852417
com-LiveJournal,s64_m256_fast,2,tile_compute,3.82661819458,978,153.226852417
com-LiveJournal,s64_m256_fast,2,tile_store,0.165462493896,978,153.226852417
com-LiveJournal,s64_m256_fast,2,output_scatter,1.91879272461,978,153.226852417
com-LiveJournal,s64_m256_fast,2,thread_amx_setup,0.0441074371338,978,153.226852417
com-LiveJournal,s64_m256_fast,2,window_state_load,0.137805938721,978,153.226852417
com-LiveJournal,s64_m256_fast,2,window_state_store,1.12700462341,978,153.226852417
com-LiveJournal,s32_mfull_fast,1,output_zero,0,978,154.091119766
com-LiveJournal,s32_mfull_fast,1,row_schedule,0.470161437988,978,154.091119766
com-LiveJournal,s32_mfull_fast,1,partial_zero,0.498294830322,978,154.091119766
com-LiveJournal,s32_mfull_fast,1,csr_prefetch,66.9143199921,978,154.091119766
com-LiveJournal,s32_mfull_fast,1,feature_gather_decode,50.568819046,978,154.091119766
com-LiveJournal,s32_mfull_fast,1,fp32_neighbor_reduction,19.035577774,978,154.091119766
com-LiveJournal,s32_mfull_fast,1,partial_bf16_conversion,7.17496871948,978,154.091119766
com-LiveJournal,s32_mfull_fast,1,tile_load,2.0706653595,978,154.091119766
com-LiveJournal,s32_mfull_fast,1,tile_compute,3.55362892151,978,154.091119766
com-LiveJournal,s32_mfull_fast,1,tile_store,0.163316726685,978,154.091119766
com-LiveJournal,s32_mfull_fast,1,output_scatter,1.34634971619,978,154.091119766
com-LiveJournal,s32_mfull_fast,1,thread_amx_setup,0.0267028808594,978,154.091119766
com-LiveJournal,s32_mfull_fast,1,window_state_load,0.372171401978,978,154.091119766
com-LiveJournal,s32_mfull_fast,1,window_state_store,1.34301185608,978,154.091119766
com-LiveJournal,s32_mfull_fast,2,output_zero,0,978,151.657819748
com-LiveJournal,s32_mfull_fast,2,row_schedule,0.423908233643,978,151.657819748
com-LiveJournal,s32_mfull_fast,2,partial_zero,0.41675567627,978,151.657819748
com-LiveJournal,s32_mfull_fast,2,csr_prefetch,67.2249794006,978,151.657819748
com-LiveJournal,s32_mfull_fast,2,feature_gather_decode,50.6861209869,978,151.657819748
com-LiveJournal,s32_mfull_fast,2,fp32_neighbor_reduction,19.234418869,978,151.657819748
com-LiveJournal,s32_mfull_fast,2,partial_bf16_conversion,7.21096992493,978,151.657819748
com-LiveJournal,s32_mfull_fast,2,tile_load,2.02584266663,978,151.657819748
com-LiveJournal,s32_mfull_fast,2,tile_compute,3.51715087891,978,151.657819748
com-LiveJournal,s32_mfull_fast,2,tile_store,0.161170959473,978,151.657819748
com-LiveJournal,s32_mfull_fast,2,output_scatter,1.92975997925,978,151.657819748
com-LiveJournal,s32_mfull_fast,2,thread_amx_setup,0.0574588775635,978,151.657819748
com-LiveJournal,s32_mfull_fast,2,window_state_load,0.44059753418,978,151.657819748
com-LiveJournal,s32_mfull_fast,2,window_state_store,1.32012367249,978,151.657819748
com-LiveJournal,s64_mfull_fast,1,output_zero,0,978,157.933950424
com-LiveJournal,s64_mfull_fast,1,row_schedule,0.49614906311,978,157.933950424
com-LiveJournal,s64_mfull_fast,1,partial_zero,0.440359115601,978,157.933950424
com-LiveJournal,s64_mfull_fast,1,csr_prefetch,67.1992301941,978,157.933950424
com-LiveJournal,s64_mfull_fast,1,feature_gather_decode,50.420999527,978,157.933950424
com-LiveJournal,s64_mfull_fast,1,fp32_neighbor_reduction,19.0782546997,978,157.933950424
com-LiveJournal,s64_mfull_fast,1,partial_bf16_conversion,7.18951225281,978,157.933950424
com-LiveJournal,s64_mfull_fast,1,tile_load,2.02965736389,978,157.933950424
com-LiveJournal,s64_mfull_fast,1,tile_compute,3.52001190186,978,157.933950424
com-LiveJournal,s64_mfull_fast,1,tile_store,0.161409378052,978,157.933950424
com-LiveJournal,s64_mfull_fast,1,output_scatter,1.33609771729,978,157.933950424
com-LiveJournal,s64_mfull_fast,1,thread_amx_setup,0.0259876251221,978,157.933950424
com-LiveJournal,s64_mfull_fast,1,window_state_load,0.145196914673,978,157.933950424
com-LiveJournal,s64_mfull_fast,1,window_state_store,1.16276741028,978,157.933950424
com-LiveJournal,s64_mfull_fast,2,output_zero,0,978,152.364969254
com-LiveJournal,s64_mfull_fast,2,row_schedule,0.453948974609,978,152.364969254
com-LiveJournal,s64_mfull_fast,2,partial_zero,0.40602684021,978,152.364969254
com-LiveJournal,s64_mfull_fast,2,csr_prefetch,67.9731369019,978,152.364969254
com-LiveJournal,s64_mfull_fast,2,feature_gather_decode,50.7249832153,978,152.364969254
com-LiveJournal,s64_mfull_fast,2,fp32_neighbor_reduction,19.1738605499,978,152.364969254
com-LiveJournal,s64_mfull_fast,2,partial_bf16_conversion,7.21216201782,978,152.364969254
com-LiveJournal,s64_mfull_fast,2,tile_load,2.13861465454,978,152.364969254
com-LiveJournal,s64_mfull_fast,2,tile_compute,3.40175628662,978,152.364969254
com-LiveJournal,s64_mfull_fast,2,tile_store,0.152826309204,978,152.364969254
com-LiveJournal,s64_mfull_fast,2,output_scatter,1.94573402405,978,152.364969254
com-LiveJournal,s64_mfull_fast,2,thread_amx_setup,0.0402927398682,978,152.364969254
com-LiveJournal,s64_mfull_fast,2,window_state_load,0.154256820679,978,152.364969254
com-LiveJournal,s64_mfull_fast,2,window_state_store,1.10006332397,978,152.364969254
com-LiveJournal,s128_mfull_fast,1,output_zero,0,978,156.997919083
com-LiveJournal,s128_mfull_fast,1,row_schedule,0.478267669678,978,156.997919083
com-LiveJournal,s128_mfull_fast,1,partial_zero,0.446319580078,978,156.997919083
com-LiveJournal,s128_mfull_fast,1,csr_prefetch,67.2461986542,978,156.997919083
com-LiveJournal,s128_mfull_fast,1,feature_gather_decode,50.509929657,978,156.997919083
com-LiveJournal,s128_mfull_fast,1,fp32_neighbor_reduction,19.1919803619,978,156.997919083
com-LiveJournal,s128_mfull_fast,1,partial_bf16_conversion,7.1918964386,978,156.997919083
com-LiveJournal,s128_mfull_fast,1,tile_load,2.08210945129,978,156.997919083
com-LiveJournal,s128_mfull_fast,1,tile_compute,3.52668762207,978,156.997919083
com-LiveJournal,s128_mfull_fast,1,tile_store,0.171184539795,978,156.997919083
com-LiveJournal,s128_mfull_fast,1,output_scatter,1.28698348999,978,156.997919083
com-LiveJournal,s128_mfull_fast,1,thread_amx_setup,0.0298023223877,978,156.997919083
com-LiveJournal,s128_mfull_fast,1,window_state_load,0.0574588775635,978,156.997919083
com-LiveJournal,s128_mfull_fast,1,window_state_store,1.03807449341,978,156.997919083
com-LiveJournal,s128_mfull_fast,2,output_zero,0,978,151.615858078
com-LiveJournal,s128_mfull_fast,2,row_schedule,0.441551208496,978,151.615858078
com-LiveJournal,s128_mfull_fast,2,partial_zero,0.440835952759,978,151.615858078
com-LiveJournal,s128_mfull_fast,2,csr_prefetch,67.878484726,978,151.615858078
com-LiveJournal,s128_mfull_fast,2,feature_gather_decode,50.8675575256,978,151.615858078
com-LiveJournal,s128_mfull_fast,2,fp32_neighbor_reduction,19.5698738098,978,151.615858078
com-LiveJournal,s128_mfull_fast,2,partial_bf16_conversion,7.22098350525,978,151.615858078
com-LiveJournal,s128_mfull_fast,2,tile_load,2.08711624146,978,151.615858078
com-LiveJournal,s128_mfull_fast,2,tile_compute,3.52025032043,978,151.615858078
com-LiveJournal,s128_mfull_fast,2,tile_store,0.170230865479,978,151.615858078
com-LiveJournal,s128_mfull_fast,2,output_scatter,1.93285942078,978,151.615858078
com-LiveJournal,s128_mfull_fast,2,thread_amx_setup,0.0526905059814,978,151.615858078
com-LiveJournal,s128_mfull_fast,2,window_state_load,0.0736713409424,978,151.615858078
com-LiveJournal,s128_mfull_fast,2,window_state_store,1.08575820923,978,151.615858078
com-LiveJournal,s64_mfull_accurate,1,output_zero,0,978,163.969039917
com-LiveJournal,s64_mfull_accurate,1,row_schedule,0.470399856567,978,163.969039917
com-LiveJournal,s64_mfull_accurate,1,partial_zero,0.477313995361,978,163.969039917
com-LiveJournal,s64_mfull_accurate,1,csr_prefetch,67.9883956909,978,163.969039917
com-LiveJournal,s64_mfull_accurate,1,feature_gather_decode,51.530122757,978,163.969039917
com-LiveJournal,s64_mfull_accurate,1,fp32_neighbor_reduction,19.7312831879,978,163.969039917
com-LiveJournal,s64_mfull_accurate,1,partial_bf16_conversion,22.2158432007,978,163.969039917
com-LiveJournal,s64_mfull_accurate,1,tile_load,3.95321846008,978,163.969039917
com-LiveJournal,s64_mfull_accurate,1,tile_compute,4.32705879211,978,163.969039917
com-LiveJournal,s64_mfull_accurate,1,tile_store,0.157833099365,978,163.969039917
com-LiveJournal,s64_mfull_accurate,1,output_scatter,1.36995315552,978,163.969039917
com-LiveJournal,s64_mfull_accurate,1,thread_amx_setup,0.030517578125,978,163.969039917
com-LiveJournal,s64_mfull_accurate,1,window_state_load,0.152111053467,978,163.969039917
com-LiveJournal,s64_mfull_accurate,1,window_state_store,1.13272666931,978,163.969039917
com-LiveJournal,s64_mfull_accurate,2,output_zero,0,978,155.105113983
com-LiveJournal,s64_mfull_accurate,2,row_schedule,0.444650650024,978,155.105113983
com-LiveJournal,s64_mfull_accurate,2,partial_zero,0.418424606323,978,155.105113983
com-LiveJournal,s64_mfull_accurate,2,csr_prefetch,68.4151649475,978,155.105113983
com-LiveJournal,s64_mfull_accurate,2,feature_gather_decode,51.2340068817,978,155.105113983
com-LiveJournal,s64_mfull_accurate,2,fp32_neighbor_reduction,19.6387767792,978,155.105113983
com-LiveJournal,s64_mfull_accurate,2,partial_bf16_conversion,22.1209526062,978,155.105113983
com-LiveJournal,s64_mfull_accurate,2,tile_load,4.02617454529,978,155.105113983
com-LiveJournal,s64_mfull_accurate,2,tile_compute,4.02164459229,978,155.105113983
com-LiveJournal,s64_mfull_accurate,2,tile_store,0.180006027222,978,155.105113983
com-LiveJournal,s64_mfull_accurate,2,output_scatter,2.02655792236,978,155.105113983
com-LiveJournal,s64_mfull_accurate,2,thread_amx_setup,0.0574588775635,978,155.105113983
com-LiveJournal,s64_mfull_accurate,2,window_state_load,0.162601470947,978,155.105113983
com-LiveJournal,s64_mfull_accurate,2,window_state_store,1.23286247253,978,155.105113983
com-LiveJournal,s64_mfull_rowwise_fast,1,output_zero,0,978,145.561218262
com-LiveJournal,s64_mfull_rowwise_fast,1,row_schedule,0.449895858765,978,145.561218262
com-LiveJournal,s64_mfull_rowwise_fast,1,partial_zero,0.444889068604,978,145.561218262
com-LiveJournal,s64_mfull_rowwise_fast,1,csr_prefetch,68.3236122131,978,145.561218262
com-LiveJournal,s64_mfull_rowwise_fast,1,feature_gather_decode,50.5316257477,978,145.561218262
com-LiveJournal,s64_mfull_rowwise_fast,1,fp32_neighbor_reduction,19.3860530853,978,145.561218262
com-LiveJournal,s64_mfull_rowwise_fast,1,partial_bf16_conversion,7.25483894348,978,145.561218262
com-LiveJournal,s64_mfull_rowwise_fast,1,tile_load,2.04110145569,978,145.561218262
com-LiveJournal,s64_mfull_rowwise_fast,1,tile_compute,3.56984138489,978,145.561218262
com-LiveJournal,s64_mfull_rowwise_fast,1,tile_store,0.164747238159,978,145.561218262
com-LiveJournal,s64_mfull_rowwise_fast,1,output_scatter,1.39117240906,978,145.561218262
com-LiveJournal,s64_mfull_rowwise_fast,1,thread_amx_setup,0.0319480895996,978,145.561218262
com-LiveJournal,s64_mfull_rowwise_fast,1,window_state_load,0.155448913574,978,145.561218262
com-LiveJournal,s64_mfull_rowwise_fast,1,window_state_store,1.12581253052,978,145.561218262
com-LiveJournal,s64_mfull_rowwise_fast,2,output_zero,0.000953674316406,978,143.28789711
com-LiveJournal,s64_mfull_rowwise_fast,2,row_schedule,0.561237335205,978,143.28789711
com-LiveJournal,s64_mfull_rowwise_fast,2,partial_zero,0.46443939209,978,143.28789711
com-LiveJournal,s64_mfull_rowwise_fast,2,csr_prefetch,68.0327415466,978,143.28789711
com-LiveJournal,s64_mfull_rowwise_fast,2,feature_gather_decode,51.2001514435,978,143.28789711
com-LiveJournal,s64_mfull_rowwise_fast,2,fp32_neighbor_reduction,19.5620059967,978,143.28789711
com-LiveJournal,s64_mfull_rowwise_fast,2,partial_bf16_conversion,7.28893280029,978,143.28789711
com-LiveJournal,s64_mfull_rowwise_fast,2,tile_load,2.13766098022,978,143.28789711
com-LiveJournal,s64_mfull_rowwise_fast,2,tile_compute,3.60417366028,978,143.28789711
com-LiveJournal,s64_mfull_rowwise_fast,2,tile_store,0.170707702637,978,143.28789711
com-LiveJournal,s64_mfull_rowwise_fast,2,output_scatter,1.93905830383,978,143.28789711
com-LiveJournal,s64_mfull_rowwise_fast,2,thread_amx_setup,0.028133392334,978,143.28789711
com-LiveJournal,s64_mfull_rowwise_fast,2,window_state_load,0.151872634888,978,143.28789711
com-LiveJournal,s64_mfull_rowwise_fast,2,window_state_store,1.10507011414,978,143.28789711
as-Skitter,b64_fast,1,output_zero,0,416,111.438989639
as-Skitter,b64_fast,1,row_schedule,0.113964080811,416,111.438989639
as-Skitter,b64_fast,1,partial_zero,0.173330307007,416,111.438989639
as-Skitter,b64_fast,1,csr_prefetch,15.2981281281,416,111.438989639
as-Skitter,b64_fast,1,feature_gather_decode,18.0947780609,416,111.438989639
as-Skitter,b64_fast,1,fp32_neighbor_reduction,14.6210193634,416,111.438989639
as-Skitter,b64_fast,1,partial_bf16_conversion,0.31566619873,416,111.438989639
as-Skitter,b64_fast,1,tile_load,0.926733016968,416,111.438989639
as-Skitter,b64_fast,1,tile_compute,1.48057937622,416,111.438989639
as-Skitter,b64_fast,1,tile_store,0.0984668731689,416,111.438989639
as-Skitter,b64_fast,1,output_scatter,0.453948974609,416,111.438989639
as-Skitter,b64_fast,1,thread_amx_setup,0.0205039978027,416,111.438989639
as-Skitter,b64_fast,2,output_zero,0,416,106.556892395
as-Skitter,b64_fast,2,row_schedule,0.123262405396,416,106.556892395
as-Skitter,b64_fast,2,partial_zero,0.198125839233,416,106.556892395
as-Skitter,b64_fast,2,csr_prefetch,15.3708457947,416,106.556892395
as-Skitter,b64_fast,2,feature_gather_decode,18.217086792,416,106.556892395
as-Skitter,b64_fast,2,fp32_neighbor_reduction,14.4724845886,416,106.556892395
as-Skitter,b64_fast,2,partial_bf16_conversion,0.160932540894,416,106.556892395
as-Skitter,b64_fast,2,tile_load,0.926971435547,416,106.556892395
as-Skitter,b64_fast,2,tile_compute,1.59049034119,416,106.556892395
as-Skitter,b64_fast,2,tile_store,0.112771987915,416,106.556892395
as-Skitter,b64_fast,2,output_scatter,0.0724792480469,416,106.556892395
as-Skitter,b64_fast,2,thread_amx_setup,0.0252723693848,416,106.556892395
as-Skitter,b64_accurate,1,output_zero,0,416,112.132072449
as-Skitter,b64_accurate,1,row_schedule,0.0901222229004,416,112.132072449
as-Skitter,b64_accurate,1,partial_zero,0.196695327759,416,112.132072449
as-Skitter,b64_accurate,1,csr_prefetch,15.2862071991,416,112.132072449
as-Skitter,b64_accurate,1,feature_gather_decode,18.0294513702,416,112.132072449
as-Skitter,b64_accurate,1,fp32_neighbor_reduction,14.7693157196,416,112.132072449
as-Skitter,b64_accurate,1,partial_bf16_conversion,0.270843505859,416,112.132072449
as-Skitter,b64_accurate,1,tile_load,1.38235092163,416,112.132072449
as-Skitter,b64_accurate,1,tile_compute,2.25234031677,416,112.132072449
as-Skitter,b64_accurate,1,tile_store,0.0936985015869,416,112.132072449
as-Skitter,b64_accurate,1,output_scatter,0.44846534729,416,112.132072449
as-Skitter,b64_accurate,1,thread_amx_setup,0.025749206543,416,112.132072449
as-Skitter,b64_accurate,2,output_zero,0,416,109.165906906
as-Skitter,b64_accurate,2,row_schedule,0.112295150757,416,109.165906906
as-Skitter,b64_accurate,2,partial_zero,0.191211700439,416,109.165906906
as-Skitter,b64_accurate,2,csr_prefetch,15.474319458,416,109.165906906
as-Skitter,b64_accurate,2,feature_gather_decode,18.5732841492,416,109.165906906
as-Skitter,b64_accurate,2,fp32_neighbor_reduction,14.7435665131,416,109.165906906
as-Skitter,b64_accurate,2,partial_bf16_conversion,0.287532806396,416,109.165906906
as-Skitter,b64_accurate,2,tile_load,1.45101547241,416,109.165906906
as-Skitter,b64_accurate,2,tile_compute,2.21633911133,416,109.165906906
as-Skitter,b64_accurate,2,tile_store,0.079870223999,416,109.165906906
as-Skitter,b64_accurate,2,output_scatter,0.0700950622559,416,109.165906906
as-Skitter,b64_accurate,2,thread_amx_setup,0.0333786010742,416,109.165906906
as-Skitter,bfull_fast,1,output_zero,0,416,105.324983597
as-Skitter,bfull_fast,1,row_schedule,0.122547149658,416,105.324983597
as-Skitter,bfull_fast,1,partial_zero,0.0951290130615,416,105.324983597
as-Skitter,bfull_fast,1,csr_prefetch,14.5311355591,416,105.324983597
as-Skitter,bfull_fast,1,feature_gather_decode,17.1377658844,416,105.324983597
as-Skitter,bfull_fast,1,fp32_neighbor_reduction,13.7281417847,416,105.324983597
as-Skitter,bfull_fast,1,partial_bf16_conversion,0.0622272491455,416,105.324983597
as-Skitter,bfull_fast,1,tile_load,0.353574752808,416,105.324983597
as-Skitter,bfull_fast,1,tile_compute,0.984668731689,416,105.324983597
as-Skitter,bfull_fast,1,tile_store,0.0479221343994,416,105.324983597
as-Skitter,bfull_fast,1,output_scatter,0.446319580078,416,105.324983597
as-Skitter,bfull_fast,1,thread_amx_setup,0.0312328338623,416,105.324983597
as-Skitter,bfull_fast,2,output_zero,0,416,100.92997551
as-Skitter,bfull_fast,2,row_schedule,0.112533569336,416,100.92997551
as-Skitter,bfull_fast,2,partial_zero,0.0884532928467,416,100.92997551
as-Skitter,bfull_fast,2,csr_prefetch,14.4817829132,416,100.92997551
as-Skitter,bfull_fast,2,feature_gather_decode,17.1499252319,416,100.92997551
as-Skitter,bfull_fast,2,fp32_neighbor_reduction,13.6606693268,416,100.92997551
as-Skitter,bfull_fast,2,partial_bf16_conversion,0.079870223999,416,100.92997551
as-Skitter,bfull_fast,2,tile_load,0.388383865356,416,100.92997551
as-Skitter,bfull_fast,2,tile_compute,1.10292434692,416,100.92997551
as-Skitter,bfull_fast,2,tile_store,0.0569820404053,416,100.92997551
as-Skitter,bfull_fast,2,output_scatter,0.0846385955811,416,100.92997551
as-Skitter,bfull_fast,2,thread_amx_setup,0.0336170196533,416,100.92997551
as-Skitter,bfull_accurate,1,output_zero,0,416,104.522943497
as-Skitter,bfull_accurate,1,row_schedule,0.115394592285,416,104.522943497
as-Skitter,bfull_accurate,1,partial_zero,0.105381011963,416,104.522943497
as-Skitter,bfull_accurate,1,csr_prefetch,14.7318840027,416,104.522943497
as-Skitter,bfull_accurate,1,feature_gather_decode,17.2047615051,416,104.522943497
as-Skitter,bfull_accurate,1,fp32_neighbor_reduction,13.5884284973,416,104.522943497
as-Skitter,bfull_accurate,1,partial_bf16_conversion,0.11134147644,416,104.522943497
as-Skitter,bfull_accurate,1,tile_load,0.585317611694,416,104.522943497
as-Skitter,bfull_accurate,1,tile_compute,1.47795677185,416,104.522943497
as-Skitter,bfull_accurate,1,tile_store,0.0364780426025,416,104.522943497
as-Skitter,bfull_accurate,1,output_scatter,0.455141067505,416,104.522943497
as-Skitter,bfull_accurate,1,thread_amx_setup,0.0314712524414,416,104.522943497
as-Skitter,bfull_accurate,2,output_zero,0,416,103.348016739
as-Skitter,bfull_accurate,2,row_schedule,0.109910964966,416,103.348016739
as-Skitter,bfull_accurate,2,partial_zero,0.108003616333,416,103.348016739
as-Skitter,bfull_accurate,2,csr_prefetch,14.6265029907,416,103.348016739
as-Skitter,bfull_accurate,2,feature_gather_decode,17.4250602722,416,103.348016739
as-Skitter,bfull_accurate,2,fp32_neighbor_reduction,13.7493610382,416,103.348016739
as-Skitter,bfull_accurate,2,partial_bf16_conversion,0.122308731079,416,103.348016739
as-Skitter,bfull_accurate,2,tile_load,0.635385513306,416,103.348016739
as-Skitter,bfull_accurate,2,tile_compute,1.49893760681,416,103.348016739
as-Skitter,bfull_accurate,2,tile_store,0.0410079956055,416,103.348016739
as-Skitter,bfull_accurate,2,output_scatter,0.0803470611572,416,103.348016739
as-Skitter,bfull_accurate,2,thread_amx_setup,0.030517578125,416,103.348016739
as-Skitter,b256_fast,1,output_zero,0,416,104.383945465
as-Skitter,b256_fast,1,row_schedule,0.122785568237,416,104.383945465
as-Skitter,b256_fast,1,partial_zero,0.113010406494,416,104.383945465
as-Skitter,b256_fast,1,csr_prefetch,14.568567276,416,104.383945465
as-Skitter,b256_fast,1,feature_gather_decode,17.0350074768,416,104.383945465
as-Skitter,b256_fast,1,fp32_neighbor_reduction,13.8580799103,416,104.383945465
as-Skitter,b256_fast,1,partial_bf16_conversion,0.0805854797363,416,104.383945465
as-Skitter,b256_fast,1,tile_load,0.498294830322,416,104.383945465
as-Skitter,b256_fast,1,tile_compute,1.3222694397,416,104.383945465
as-Skitter,b256_fast,1,tile_store,0.0596046447754,416,104.383945465
as-Skitter,b256_fast,1,output_scatter,0.449180603027,416,104.383945465
as-Skitter,b256_fast,1,thread_amx_setup,0.0362396240234,416,104.383945465
as-Skitter,b256_fast,2,output_zero,0,416,101.13286972
as-Skitter,b256_fast,2,row_schedule,0.108003616333,416,101.13286972
as-Skitter,b256_fast,2,partial_zero,0.12469291687,416,101.13286972
as-Skitter,b256_fast,2,csr_prefetch,14.6126747131,416,101.13286972
as-Skitter,b256_fast,2,feature_gather_decode,17.1694755554,416,101.13286972
as-Skitter,b256_fast,2,fp32_neighbor_reduction,13.7574672699,416,101.13286972
as-Skitter,b256_fast,2,partial_bf16_conversion,0.0898838043213,416,101.13286972
as-Skitter,b256_fast,2,tile_load,0.540733337402,416,101.13286972
as-Skitter,b256_fast,2,tile_compute,1.4021396637,416,101.13286972
as-Skitter,b256_fast,2,tile_store,0.0567436218262,416,101.13286972
as-Skitter,b256_fast,2,output_scatter,0.0863075256348,416,101.13286972
as-Skitter,b256_fast,2,thread_amx_setup,0.0400543212891,416,101.13286972
as-Skitter,b256_accurate,1,output_zero,0,416,105.34787178
as-Skitter,b256_accurate,1,row_schedule,0.100612640381,416,105.34787178
as-Skitter,b256_accurate,1,partial_zero,0.108242034912,416,105.34787178
as-Skitter,b256_accurate,1,csr_prefetch,14.707326889,416,105.34787178
as-Skitter,b256_accurate,1,feature_gather_decode,17.3275470734,416,105.34787178
as-Skitter,b256_accurate,1,fp32_neighbor_reduction,13.8394832611,416,105.34787178
as-Skitter,b256_accurate,1,partial_bf16_conversion,0.146150588989,416,105.34787178
as-Skitter,b256_accurate,1,tile_load,0.831604003906,416,105.34787178
as-Skitter,b256_accurate,1,tile_compute,1.84440612793,416,105.34787178
as-Skitter,b256_accurate,1,tile_store,0.0460147857666,416,105.34787178
as-Skitter,b256_accurate,1,output_scatter,0.473976135254,416,105.34787178
as-Skitter,b256_accurate,1,thread_amx_setup,0.025749206543,416,105.34787178
as-Skitter,b256_accurate,2,output_zero,0,416,102.594137192
as-Skitter,b256_accurate,2,row_schedule,0.105381011963,416,102.594137192
as-Skitter,b256_accurate,2,partial_zero,0.110387802124,416,102.594137192
as-Skitter,b256_accurate,2,csr_prefetch,14.6403312683,416,102.594137192
as-Skitter,b256_accurate,2,feature_gather_decode,17.3306465149,416,102.594137192
as-Skitter,b256_accurate,2,fp32_neighbor_reduction,13.7891769409,416,102.594137192
as-Skitter,b256_accurate,2,partial_bf16_conversion,0.167608261108,416,102.594137192
as-Skitter,b256_accurate,2,tile_load,0.869989395142,416,102.594137192
as-Skitter,b256_accurate,2,tile_compute,1.75714492798,416,102.594137192
as-Skitter,b256_accurate,2,tile_store,0.0660419464111,416,102.594137192
as-Skitter,b256_accurate,2,output_scatter,0.0605583190918,416,102.594137192
as-Skitter,b256_accurate,2,thread_amx_setup,0.0467300415039,416,102.594137192
as-Skitter,s64_m64_fast,1,output_zero,0,416,241.673946381
as-Skitter,s64_m64_fast,1,row_schedule,0.178337097168,416,241.673946381
as-Skitter,s64_m64_fast,1,partial_zero,0.29468536377,416,241.673946381
as-Skitter,s64_m64_fast,1,csr_prefetch,96.8673229218,416,241.673946381
as-Skitter,s64_m64_fast,1,feature_gather_decode,70.5902576447,416,241.673946381
as-Skitter,s64_m64_fast,1,fp32_neighbor_reduction,27.9324054718,416,241.673946381
as-Skitter,s64_m64_fast,1,partial_bf16_conversion,7.3230266571,416,241.673946381
as-Skitter,s64_m64_fast,1,tile_load,2.0227432251,416,241.673946381
as-Skitter,s64_m64_fast,1,tile_compute,3.74054908752,416,241.673946381
as-Skitter,s64_m64_fast,1,tile_store,0.169992446899,416,241.673946381
as-Skitter,s64_m64_fast,1,output_scatter,0.528812408447,416,241.673946381
as-Skitter,s64_m64_fast,1,thread_amx_setup,0.042200088501,416,241.673946381
as-Skitter,s64_m64_fast,1,window_state_load,0,416,241.673946381
as-Skitter,s64_m64_fast,1,window_state_store,0.943660736084,416,241.673946381
as-Skitter,s64_m64_fast,2,output_zero,0,416,239.39204216
as-Skitter,s64_m64_fast,2,row_schedule,0.138759613037,416,239.39204216
as-Skitter,s64_m64_fast,2,partial_zero,0.308513641357,416,239.39204216
as-Skitter,s64_m64_fast,2,csr_prefetch,97.2225666046,416,239.39204216
as-Skitter,s64_m64_fast,2,feature_gather_decode,70.9393024445,416,239.39204216
as-Skitter,s64_m64_fast,2,fp32_neighbor_reduction,28.0094146729,416,239.39204216
as-Skitter,s64_m64_fast,2,partial_bf16_conversion,7.33113288879,416,239.39204216
as-Skitter,s64_m64_fast,2,tile_load,2.10237503052,416,239.39204216
as-Skitter,s64_m64_fast,2,tile_compute,3.77225875854,416,239.39204216
as-Skitter,s64_m64_fast,2,tile_store,0.144004821777,416,239.39204216
as-Skitter,s64_m64_fast,2,output_scatter,0.842809677124,416,239.39204216
as-Skitter,s64_m64_fast,2,thread_amx_setup,0.046968460083,416,239.39204216
as-Skitter,s64_m64_fast,2,window_state_load,0,416,239.39204216
as-Skitter,s64_m64_fast,2,window_state_store,0.95272064209,416,239.39204216
as-Skitter,s32_m64_fast,1,output_zero,0,416,243.75295639
as-Skitter,s32_m64_fast,1,row_schedule,0.157594680786,416,243.75295639
as-Skitter,s32_m64_fast,1,partial_zero,0.317335128784,416,243.75295639
as-Skitter,s32_m64_fast,1,csr_prefetch,97.1233844757,416,243.75295639
as-Skitter,s32_m64_fast,1,feature_gather_decode,70.451259613,416,243.75295639
as-Skitter,s32_m64_fast,1,fp32_neighbor_reduction,28.0184745789,416,243.75295639
as-Skitter,s32_m64_fast,1,partial_bf16_conversion,7.31778144836,416,243.75295639
as-Skitter,s32_m64_fast,1,tile_load,2.02775001526,416,243.75295639
as-Skitter,s32_m64_fast,1,tile_compute,3.82089614868,416,243.75295639
as-Skitter,s32_m64_fast,1,tile_store,0.165939331055,416,243.75295639
as-Skitter,s32_m64_fast,1,output_scatter,0.526666641235,416,243.75295639
as-Skitter,s32_m64_fast,1,thread_amx_setup,0.0324249267578,416,243.75295639
as-Skitter,s32_m64_fast,1,window_state_load,0.446319580078,416,243.75295639
as-Skitter,s32_m64_fast,1,window_state_store,1.37543678284,416,243.75295639
as-Skitter,s32_m64_fast,2,output_zero,0,416,241.611003876
as-Skitter,s32_m64_fast,2,row_schedule,0.141620635986,416,241.611003876
as-Skitter,s32_m64_fast,2,partial_zero,0.313520431519,416,241.611003876
as-Skitter,s32_m64_fast,2,csr_prefetch,97.0544815063,416,241.611003876
as-Skitter,s32_m64_fast,2,feature_gather_decode,70.5871582031,416,241.611003876
as-Skitter,s32_m64_fast,2,fp32_neighbor_reduction,27.9226303101,416,241.611003876
as-Skitter,s32_m64_fast,2,partial_bf16_conversion,7.34710693359,416,241.611003876
as-Skitter,s32_m64_fast,2,tile_load,2.10881233215,416,241.611003876
as-Skitter,s32_m64_fast,2,tile_compute,3.88836860657,416,241.611003876
as-Skitter,s32_m64_fast,2,tile_store,0.144243240356,416,241.611003876
as-Skitter,s32_m64_fast,2,output_scatter,0.840425491333,416,241.611003876
as-Skitter,s32_m64_fast,2,thread_amx_setup,0.0467300415039,416,241.611003876
as-Skitter,s32_m64_fast,2,window_state_load,0.436782836914,416,241.611003876
as-Skitter,s32_m64_fast,2,window_state_store,1.2948513031,416,241.611003876
as-Skitter,s32_m256_fast,1,output_zero,0,416,237.017869949
as-Skitter,s32_m256_fast,1,row_schedule,0.162601470947,416,237.017869949
as-Skitter,s32_m256_fast,1,partial_zero,0.234603881836,416,237.017869949
as-Skitter,s32_m256_fast,1,csr_prefetch,97.2154140472,416,237.017869949
as-Skitter,s32_m256_fast,1,feature_gather_decode,70.3418254852,416,237.017869949
as-Skitter,s32_m256_fast,1,fp32_neighbor_reduction,27.8046131134,416,237.017869949
as-Skitter,s32_m256_fast,1,partial_bf16_conversion,4.22024726868,416,237.017869949
as-Skitter,s32_m256_fast,1,tile_load,1.17301940918,416,237.017869949
as-Skitter,s32_m256_fast,1,tile_compute,2.23278999329,416,237.017869949
as-Skitter,s32_m256_fast,1,tile_store,0.114679336548,416,237.017869949
as-Skitter,s32_m256_fast,1,output_scatter,0.532388687134,416,237.017869949
as-Skitter,s32_m256_fast,1,thread_amx_setup,0.0448226928711,416,237.017869949
as-Skitter,s32_m256_fast,1,window_state_load,0.711917877197,416,237.017869949
as-Skitter,s32_m256_fast,1,window_state_store,1.23310089111,416,237.017869949
as-Skitter,s32_m256_fast,2,output_zero,0,416,234.030008316
as-Skitter,s32_m256_fast,2,row_schedule,0.135660171509,416,234.030008316
as-Skitter,s32_m256_fast,2,partial_zero,0.223159790039,416,234.030008316
as-Skitter,s32_m256_fast,2,csr_prefetch,97.5420475006,416,234.030008316
as-Skitter,s32_m256_fast,2,feature_gather_decode,70.8107948303,416,234.030008316
as-Skitter,s32_m256_fast,2,fp32_neighbor_reduction,27.8866291046,416,234.030008316
as-Skitter,s32_m256_fast,2,partial_bf16_conversion,4.19783592224,416,234.030008316
as-Skitter,s32_m256_fast,2,tile_load,1.16467475891,416,234.030008316
as-Skitter,s32_m256_fast,2,tile_compute,2.28333473206,416,234.030008316
as-Skitter,s32_m256_fast,2,tile_store,0.105619430542,416,234.030008316
as-Skitter,s32_m256_fast,2,output_scatter,0.834703445435,416,234.030008316
as-Skitter,s32_m256_fast,2,thread_amx_setup,0.0519752502441,416,234.030008316
as-Skitter,s32_m256_fast,2,window_state_load,0.715494155884,416,234.030008316
as-Skitter,s32_m256_fast,2,window_state_store,1.29365921021,416,234.030008316
as-Skitter,s64_m256_fast,1,output_zero,0,416,237.677097321
as-Skitter,s64_m256_fast,1,row_schedule,0.164747238159,416,237.677097321
as-Skitter,s64_m256_fast,1,partial_zero,0.225067138672,416,237.677097321
as-Skitter,s64_m256_fast,1,csr_prefetch,97.695350647,416,237.677097321
as-Skitter,s64_m256_fast,1,feature_gather_decode,70.3239440918,416,237.677097321
as-Skitter,s64_m256_fast,1,fp32_neighbor_reduction,27.7755260468,416,237.677097321
as-Skitter,s64_m256_fast,1,partial_bf16_conversion,4.18090820312,416,237.677097321
as-Skitter,s64_m256_fast,1,tile_load,1.17588043213,416,237.677097321
as-Skitter,s64_m256_fast,1,tile_compute,2.22110748291,416,237.677097321
as-Skitter,s64_m256_fast,1,tile_store,0.106334686279,416,237.677097321
as-Skitter,s64_m256_fast,1,output_scatter,0.534534454346,416,237.677097321
as-Skitter,s64_m256_fast,1,thread_amx_setup,0.0290870666504,416,237.677097321
as-Skitter,s64_m256_fast,1,window_state_load,0.328540802002,416,237.677097321
as-Skitter,s64_m256_fast,1,window_state_store,0.855922698975,416,237.677097321
as-Skitter,s64_m256_fast,2,output_zero,0,416,234.498023987
as-Skitter,s64_m256_fast,2,row_schedule,0.127077102661,416,234.498023987
as-Skitter,s64_m256_fast,2,partial_zero,0.194549560547,416,234.498023987
as-Skitter,s64_m256_fast,2,csr_prefetch,97.2266197205,416,234.498023987
as-Skitter,s64_m256_fast,2,feature_gather_decode,70.493221283,416,234.498023987
as-Skitter,s64_m256_fast,2,fp32_neighbor_reduction,28.0892848969,416,234.498023987
as-Skitter,s64_m256_fast,2,partial_bf16_conversion,4.19759750366,416,234.498023987
as-Skitter,s64_m256_fast,2,tile_load,1.2583732605,416,234.498023987
as-Skitter,s64_m256_fast,2,tile_compute,2.19392776489,416,234.498023987
as-Skitter,s64_m256_fast,2,tile_store,0.0958442687988,416,234.498023987
as-Skitter,s64_m256_fast,2,output_scatter,0.83065032959,416,234.498023987
as-Skitter,s64_m256_fast,2,thread_amx_setup,0.0519752502441,416,234.498023987
as-Skitter,s64_m256_fast,2,window_state_load,0.308513641357,416,234.498023987
as-Skitter,s64_m256_fast,2,window_state_store,0.861406326294,416,234.498023987
as-Skitter,s32_mfull_fast,1,output_zero,0,416,236.148834229
as-Skitter,s32_mfull_fast,1,row_schedule,0.15115737915,416,236.148834229
as-Skitter,s32_mfull_fast,1,partial_zero,0.188827514648,416,236.148834229
as-Skitter,s32_mfull_fast,1,csr_prefetch,97.3176956177,416,236.148834229
as-Skitter,s32_mfull_fast,1,feature_gather_decode,70.5504417419,416,236.148834229
as-Skitter,s32_mfull_fast,1,fp32_neighbor_reduction,27.8415679932,416,236.148834229
as-Skitter,s32_mfull_fast,1,partial_bf16_conversion,3.1521320343,416,236.148834229
as-Skitter,s32_mfull_fast,1,tile_load,0.840425491333,416,236.148834229
as-Skitter,s32_mfull_fast,1,tile_compute,1.53970718384,416,236.148834229
as-Skitter,s32_mfull_fast,1,tile_store,0.0669956207275,416,236.148834229
as-Skitter,s32_mfull_fast,1,output_scatter,0.53858757019,416,236.148834229
as-Skitter,s32_mfull_fast,1,thread_amx_setup,0.0464916229248,416,236.148834229
as-Skitter,s32_mfull_fast,1,window_state_load,0.808954238892,416,236.148834229
as-Skitter,s32_mfull_fast,1,window_state_store,1.27220153809,416,236.148834229
as-Skitter,s32_mfull_fast,2,output_zero,0,416,231.03094101
as-Skitter,s32_mfull_fast,2,row_schedule,0.122785568237,416,231.03094101
as-Skitter,s32_mfull_fast,2,partial_zero,0.18048286438,416,231.03094101
as-Skitter,s32_mfull_fast,2,csr_prefetch,97.6235866547,416,231.03094101
as-Skitter,s32_mfull_fast,2,feature_gather_decode,70.6923007965,416,231.03094101
as-Skitter,s32_mfull_fast,2,fp32_neighbor_reduction,27.925491333,416,231.03094101
as-Skitter,s32_mfull_fast,2,partial_bf16_conversion,3.19147109985,416,231.03094101
as-Skitter,s32_mfull_fast,2,tile_load,0.826358795166,416,231.03094101
as-Skitter,s32_mfull_fast,2,tile_compute,1.52516365051,416,231.03094101
as-Skitter,s32_mfull_fast,2,tile_store,0.0662803649902,416,231.03094101
as-Skitter,s32_mfull_fast,2,output_scatter,0.841856002808,416,231.03094101
as-Skitter,s32_mfull_fast,2,thread_amx_setup,0.0498294830322,416,231.03094101
as-Skitter,s32_mfull_fast,2,window_state_load,0.831604003906,416,231.03094101
as-Skitter,s32_mfull_fast,2,window_state_store,1.24859809875,416,231.03094101
as-Skitter,s64_mfull_fast,1,output_zero,0,416,232.843875885
as-Skitter,s64_mfull_fast,1,row_schedule,0.166177749634,416,232.843875885
as-Skitter,s64_mfull_fast,1,partial_zero,0.204563140869,416,232.843875885
as-Skitter,s64_mfull_fast,1,csr_prefetch,97.2783565521,416,232.843875885
as-Skitter,s64_mfull_fast,1,feature_gather_decode,70.3938007355,416,232.843875885
as-Skitter,s64_mfull_fast,1,fp32_neighbor_reduction,27.8236865997,416,232.843875885
as-Skitter,s64_mfull_fast,1,partial_bf16_conversion,3.1726360321,416,232.843875885
as-Skitter,s64_mfull_fast,1,tile_load,0.884771347046,416,232.843875885
as-Skitter,s64_mfull_fast,1,tile_compute,1.54256820679,416,232.843875885
as-Skitter,s64_mfull_fast,1,tile_store,0.0820159912109,416,232.843875885
as-Skitter,s64_mfull_fast,1,output_scatter,0.521659851074,416,232.843875885
as-Skitter,s64_mfull_fast,1,thread_amx_setup,0.0531673431396,416,232.843875885
as-Skitter,s64_mfull_fast,1,window_state_load,0.400304794312,416,232.843875885
as-Skitter,s64_mfull_fast,1,window_state_store,0.832796096802,416,232.843875885
as-Skitter,s64_mfull_fast,2,output_zero,0,416,231.142997742
as-Skitter,s64_mfull_fast,2,row_schedule,0.150680541992,416,231.142997742
as-Skitter,s64_mfull_fast,2,partial_zero,0.183343887329,416,231.142997742
as-Skitter,s64_mfull_fast,2,csr_prefetch,97.9766845703,416,231.142997742
as-Skitter,s64_mfull_fast,2,feature_gather_decode,70.5382823944,416,231.142997742
as-Skitter,s64_mfull_fast,2,fp32_neighbor_reduction,27.8031826019,416,231.142997742
as-Skitter,s64_mfull_fast,2,partial_bf16_conversion,3.19910049438,416,231.142997742
as-Skitter,s64_mfull_fast,2,tile_load,0.844240188599,416,231.142997742
as-Skitter,s64_mfull_fast,2,tile_compute,1.59621238708,416,231.142997742
as-Skitter,s64_mfull_fast,2,tile_store,0.0641345977783,416,231.142997742
as-Skitter,s64_mfull_fast,2,output_scatter,0.848770141602,416,231.142997742
as-Skitter,s64_mfull_fast,2,thread_amx_setup,0.051736831665,416,231.142997742
as-Skitter,s64_mfull_fast,2,window_state_load,0.398874282837,416,231.142997742
as-Skitter,s64_mfull_fast,2,window_state_store,0.768899917603,416,231.142997742
as-Skitter,s128_mfull_fast,1,output_zero,0,416,233.93702507
as-Skitter,s128_mfull_fast,1,row_schedule,0.155210494995,416,233.93702507
as-Skitter,s128_mfull_fast,1,partial_zero,0.219345092773,416,233.93702507
as-Skitter,s128_mfull_fast,1,csr_prefetch,97.3417758942,416,233.93702507
as-Skitter,s128_mfull_fast,1,feature_gather_decode,70.374250412,416,233.93702507
as-Skitter,s128_mfull_fast,1,fp32_neighbor_reduction,27.8725624084,416,233.93702507
as-Skitter,s128_mfull_fast,1,partial_bf16_conversion,3.14092636108,416,233.93702507
as-Skitter,s128_mfull_fast,1,tile_load,0.86522102356,416,233.93702507
as-Skitter,s128_mfull_fast,1,tile_compute,1.53756141663,416,233.93702507
as-Skitter,s128_mfull_fast,1,tile_store,0.0724792480469,416,233.93702507
as-Skitter,s128_mfull_fast,1,output_scatter,0.527620315552,416,233.93702507
as-Skitter,s128_mfull_fast,1,thread_amx_setup,0.0503063201904,416,233.93702507
as-Skitter,s128_mfull_fast,1,window_state_load,0.207901000977,416,233.93702507
as-Skitter,s128_mfull_fast,1,window_state_store,0.587701797485,416,233.93702507
as-Skitter,s128_mfull_fast,2,output_zero,0,416,230.171918869
as-Skitter,s128_mfull_fast,2,row_schedule,0.1380443573,416,230.171918869
as-Skitter,s128_mfull_fast,2,partial_zero,0.156879425049,416,230.171918869
as-Skitter,s128_mfull_fast,2,csr_prefetch,97.1384048462,416,230.171918869
as-Skitter,s128_mfull_fast,2,feature_gather_decode,70.4727172852,416,230.171918869
as-Skitter,s128_mfull_fast,2,fp32_neighbor_reduction,28.1026363373,416,230.171918869
as-Skitter,s128_mfull_fast,2,partial_bf16_conversion,3.24606895447,416,230.171918869
as-Skitter,s128_mfull_fast,2,tile_load,0.858783721924,416,230.171918869
as-Skitter,s128_mfull_fast,2,tile_compute,1.58643722534,416,230.171918869
as-Skitter,s128_mfull_fast,2,tile_store,0.0801086425781,416,230.171918869
as-Skitter,s128_mfull_fast,2,output_scatter,0.834941864014,416,230.171918869
as-Skitter,s128_mfull_fast,2,thread_amx_setup,0.0531673431396,416,230.171918869
as-Skitter,s128_mfull_fast,2,window_state_load,0.201940536499,416,230.171918869
as-Skitter,s128_mfull_fast,2,window_state_store,0.6103515625,416,230.171918869
as-Skitter,s64_mfull_accurate,1,output_zero,0,416,234.45892334
as-Skitter,s64_mfull_accurate,1,row_schedule,0.165224075317,416,234.45892334
as-Skitter,s64_mfull_accurate,1,partial_zero,0.206708908081,416,234.45892334
as-Skitter,s64_mfull_accurate,1,csr_prefetch,97.8379249573,416,234.45892334
as-Skitter,s64_mfull_accurate,1,feature_gather_decode,70.4245567322,416,234.45892334
as-Skitter,s64_mfull_accurate,1,fp32_neighbor_reduction,28.0368328094,416,234.45892334
as-Skitter,s64_mfull_accurate,1,partial_bf16_conversion,9.60445404053,416,234.45892334
as-Skitter,s64_mfull_accurate,1,tile_load,1.68466567993,416,234.45892334
as-Skitter,s64_mfull_accurate,1,tile_compute,1.96194648743,416,234.45892334
as-Skitter,s64_mfull_accurate,1,tile_store,0.0684261322021,416,234.45892334
as-Skitter,s64_mfull_accurate,1,output_scatter,0.558853149414,416,234.45892334
as-Skitter,s64_mfull_accurate,1,thread_amx_setup,0.0374317169189,416,234.45892334
as-Skitter,s64_mfull_accurate,1,window_state_load,0.399589538574,416,234.45892334
as-Skitter,s64_mfull_accurate,1,window_state_store,0.84400177002,416,234.45892334
as-Skitter,s64_mfull_accurate,2,output_zero,0,416,233.930110931
as-Skitter,s64_mfull_accurate,2,row_schedule,0.131130218506,416,233.930110931
as-Skitter,s64_mfull_accurate,2,partial_zero,0.179529190063,416,233.930110931
as-Skitter,s64_mfull_accurate,2,csr_prefetch,98.4892845154,416,233.930110931
as-Skitter,s64_mfull_accurate,2,feature_gather_decode,71.2757110596,416,233.930110931
as-Skitter,s64_mfull_accurate,2,fp32_neighbor_reduction,28.1822681427,416,233.930110931
as-Skitter,s64_mfull_accurate,2,partial_bf16_conversion,9.70244407654,416,233.930110931
as-Skitter,s64_mfull_accurate,2,tile_load,1.7237663269,416,233.930110931
as-Skitter,s64_mfull_accurate,2,tile_compute,1.99818611145,416,233.930110931
as-Skitter,s64_mfull_accurate,2,tile_store,0.0905990600586,416,233.930110931
as-Skitter,s64_mfull_accurate,2,output_scatter,0.863075256348,416,233.930110931
as-Skitter,s64_mfull_accurate,2,thread_amx_setup,0.0476837158203,416,233.930110931
as-Skitter,s64_mfull_accurate,2,window_state_load,0.409126281738,416,233.930110931
as-Skitter,s64_mfull_accurate,2,window_state_store,0.836372375488,416,233.930110931
as-Skitter,s64_mfull_rowwise_fast,1,output_zero,0,416,234.553813934
as-Skitter,s64_mfull_rowwise_fast,1,row_schedule,0.167846679688,416,234.553813934
as-Skitter,s64_mfull_rowwise_fast,1,partial_zero,0.175952911377,416,234.553813934
as-Skitter,s64_mfull_rowwise_fast,1,csr_prefetch,97.9857444763,416,234.553813934
as-Skitter,s64_mfull_rowwise_fast,1,feature_gather_decode,70.3120231628,416,234.553813934
as-Skitter,s64_mfull_rowwise_fast,1,fp32_neighbor_reduction,27.9161930084,416,234.553813934
as-Skitter,s64_mfull_rowwise_fast,1,partial_bf16_conversion,3.18837165833,416,234.553813934
as-Skitter,s64_mfull_rowwise_fast,1,tile_load,0.839471817017,416,234.553813934
as-Skitter,s64_mfull_rowwise_fast,1,tile_compute,1.52802467346,416,234.553813934
as-Skitter,s64_mfull_rowwise_fast,1,tile_store,0.0760555267334,416,234.553813934
as-Skitter,s64_mfull_rowwise_fast,1,output_scatter,0.548362731934,416,234.553813934
as-Skitter,s64_mfull_rowwise_fast,1,thread_amx_setup,0.0495910644531,416,234.553813934
as-Skitter,s64_mfull_rowwise_fast,1,window_state_load,0.380516052246,416,234.553813934
as-Skitter,s64_mfull_rowwise_fast,1,window_state_store,0.848770141602,416,234.553813934
as-Skitter,s64_mfull_rowwise_fast,2,output_zero,0,416,231.315851212
as-Skitter,s64_mfull_rowwise_fast,2,row_schedule,0.256061553955,416,231.315851212
as-Skitter,s64_mfull_rowwise_fast,2,partial_zero,0.213861465454,416,231.315851212
as-Skitter,s64_mfull_rowwise_fast,2,csr_prefetch,97.663640976,416,231.315851212
as-Skitter,s64_mfull_rowwise_fast,2,feature_gather_decode,70.2271461487,416,231.315851212
as-Skitter,s64_mfull_rowwise_fast,2,fp32_neighbor_reduction,27.8005599976,416,231.315851212
as-Skitter,s64_mfull_rowwise_fast,2,partial_bf16_conversion,3.19290161133,416,231.315851212
as-Skitter,s64_mfull_rowwise_fast,2,tile_load,0.890016555786,416,231.315851212
as-Skitter,s64_mfull_rowwise_fast,2,tile_compute,1.57117843628,416,231.315851212
as-Skitter,s64_mfull_rowwise_fast,2,tile_store,0.070333480835,416,231.315851212
as-Skitter,s64_mfull_rowwise_fast,2,output_scatter,0.850915908813,416,231.315851212
as-Skitter,s64_mfull_rowwise_fast,2,thread_amx_setup,0.0474452972412,416,231.315851212
as-Skitter,s64_mfull_rowwise_fast,2,window_state_load,0.360012054443,416,231.315851212
as-Skitter,s64_mfull_rowwise_fast,2,window_state_store,0.844717025757,416,231.315851212
rgg_n_2_24_s0,b64_fast,1,output_zero,0,4097,448.194026947
rgg_n_2_24_s0,b64_fast,1,row_schedule,1.83463096619,4097,448.194026947
rgg_n_2_24_s0,b64_fast,1,partial_zero,0.880002975464,4097,448.194026947
rgg_n_2_24_s0,b64_fast,1,csr_prefetch,37.3358726501,4097,448.194026947
rgg_n_2_24_s0,b64_fast,1,feature_gather_decode,53.7235736847,4097,448.194026947
rgg_n_2_24_s0,b64_fast,1,fp32_neighbor_reduction,29.928445816,4097,448.194026947
rgg_n_2_24_s0,b64_fast,1,partial_bf16_conversion,0.582456588745,4097,448.194026947
rgg_n_2_24_s0,b64_fast,1,tile_load,3.33261489868,4097,448.194026947
rgg_n_2_24_s0,b64_fast,1,tile_compute,9.3309879303,4097,448.194026947
rgg_n_2_24_s0,b64_fast,1,tile_store,0.431537628174,4097,448.194026947
rgg_n_2_24_s0,b64_fast,1,output_scatter,4.68683242798,4097,448.194026947
rgg_n_2_24_s0,b64_fast,1,thread_amx_setup,0.0226497650146,4097,448.194026947
rgg_n_2_24_s0,b64_fast,2,output_zero,0,4097,417.141914368
rgg_n_2_24_s0,b64_fast,2,row_schedule,1.83749198914,4097,417.141914368
rgg_n_2_24_s0,b64_fast,2,partial_zero,0.946521759033,4097,417.141914368
rgg_n_2_24_s0,b64_fast,2,csr_prefetch,37.2800827026,4097,417.141914368
rgg_n_2_24_s0,b64_fast,2,feature_gather_decode,52.670955658,4097,417.141914368
rgg_n_2_24_s0,b64_fast,2,fp32_neighbor_reduction,29.7272205353,4097,417.141914368
rgg_n_2_24_s0,b64_fast,2,partial_bf16_conversion,0.601530075073,4097,417.141914368
rgg_n_2_24_s0,b64_fast,2,tile_load,3.38745117188,4097,417.141914368
rgg_n_2_24_s0,b64_fast,2,tile_compute,9.59324836731,4097,417.141914368
rgg_n_2_24_s0,b64_fast,2,tile_store,0.43797492981,4097,417.141914368
rgg_n_2_24_s0,b64_fast,2,output_scatter,0.769853591919,4097,417.141914368
rgg_n_2_24_s0,b64_fast,2,thread_amx_setup,0.0214576721191,4097,417.141914368
rgg_n_2_24_s0,b64_accurate,1,output_zero,0,4097,465.857028961
rgg_n_2_24_s0,b64_accurate,1,row_schedule,1.34873390198,4097,465.857028961
rgg_n_2_24_s0,b64_accurate,1,partial_zero,0.927686691284,4097,465.857028961
rgg_n_2_24_s0,b64_accurate,1,csr_prefetch,38.7780666351,4097,465.857028961
rgg_n_2_24_s0,b64_accurate,1,feature_gather_decode,53.884267807,4097,465.857028961
rgg_n_2_24_s0,b64_accurate,1,fp32_neighbor_reduction,31.3873291016,4097,465.857028961
rgg_n_2_24_s0,b64_accurate,1,partial_bf16_conversion,1.05237960815,4097,465.857028961
rgg_n_2_24_s0,b64_accurate,1,tile_load,5.74064254761,4097,465.857028961
rgg_n_2_24_s0,b64_accurate,1,tile_compute,11.7523670197,4097,465.857028961
rgg_n_2_24_s0,b64_accurate,1,tile_store,0.41937828064,4097,465.857028961
rgg_n_2_24_s0,b64_accurate,1,output_scatter,4.72259521484,4097,465.857028961
rgg_n_2_24_s0,b64_accurate,1,thread_amx_setup,0.0202655792236,4097,465.857028961
rgg_n_2_24_s0,b64_accurate,2,output_zero,0,4097,431.663036346
rgg_n_2_24_s0,b64_accurate,2,row_schedule,1.78241729736,4097,431.663036346
rgg_n_2_24_s0,b64_accurate,2,partial_zero,0.978946685791,4097,431.663036346
rgg_n_2_24_s0,b64_accurate,2,csr_prefetch,38.3965969086,4097,431.663036346
rgg_n_2_24_s0,b64_accurate,2,feature_gather_decode,53.2119274139,4097,431.663036346
rgg_n_2_24_s0,b64_accurate,2,fp32_neighbor_reduction,31.5723419189,4097,431.663036346
rgg_n_2_24_s0,b64_accurate,2,partial_bf16_conversion,1.06620788574,4097,431.663036346
rgg_n_2_24_s0,b64_accurate,2,tile_load,5.7532787323,4097,431.663036346
rgg_n_2_24_s0,b64_accurate,2,tile_compute,12.0561122894,4097,431.663036346
rgg_n_2_24_s0,b64_accurate,2,tile_store,0.409126281738,4097,431.663036346
rgg_n_2_24_s0,b64_accurate,2,output_scatter,0.778436660767,4097,431.663036346
rgg_n_2_24_s0,b64_accurate,2,thread_amx_setup,0.0452995300293,4097,431.663036346
rgg_n_2_24_s0,bfull_fast,1,output_zero,0,4097,449.501991272
rgg_n_2_24_s0,bfull_fast,1,row_schedule,1.86657905579,4097,449.501991272
rgg_n_2_24_s0,bfull_fast,1,partial_zero,0.881910324097,4097,449.501991272
rgg_n_2_24_s0,bfull_fast,1,csr_prefetch,37.5301837921,4097,449.501991272
rgg_n_2_24_s0,bfull_fast,1,feature_gather_decode,53.5969734192,4097,449.501991272
rgg_n_2_24_s0,bfull_fast,1,fp32_neighbor_reduction,29.9363136292,4097,449.501991272
rgg_n_2_24_s0,bfull_fast,1,partial_bf16_conversion,0.601530075073,4097,449.501991272
rgg_n_2_24_s0,bfull_fast,1,tile_load,3.40390205383,4097,449.501991272
rgg_n_2_24_s0,bfull_fast,1,tile_compute,9.16147232056,4097,449.501991272
rgg_n_2_24_s0,bfull_fast,1,tile_store,0.418424606323,4097,449.501991272
rgg_n_2_24_s0,bfull_fast,1,output_scatter,4.69017028809,4097,449.501991272
rgg_n_2_24_s0,bfull_fast,1,thread_amx_setup,0.0214576721191,4097,449.501991272
rgg_n_2_24_s0,bfull_fast,2,output_zero,0,4097,418.235063553
rgg_n_2_24_s0,bfull_fast,2,row_schedule,1.8196105957,4097,418.235063553
rgg_n_2_24_s0,bfull_fast,2,partial_zero,0.917911529541,4097,418.235063553
rgg_n_2_24_s0,bfull_fast,2,csr_prefetch,37.6222133636,4097,418.235063553
rgg_n_2_24_s0,bfull_fast,2,feature_gather_decode,52.4957180023,4097,418.235063553
rgg_n_2_24_s0,bfull_fast,2,fp32_neighbor_reduction,29.6747684479,4097,418.235063553
rgg_n_2_24_s0,bfull_fast,2,partial_bf16_conversion,0.57053565979,4097,418.235063553
rgg_n_2_24_s0,bfull_fast,2,tile_load,3.47256660461,4097,418.235063553
rgg_n_2_24_s0,bfull_fast,2,tile_compute,9.54413414001,4097,418.235063553
rgg_n_2_24_s0,bfull_fast,2,tile_store,0.430583953857,4097,418.235063553
rgg_n_2_24_s0,bfull_fast,2,output_scatter,0.782489776611,4097,418.235063553
rgg_n_2_24_s0,bfull_fast,2,thread_amx_setup,0.0395774841309,4097,418.235063553
rgg_n_2_24_s0,bfull_accurate,1,output_zero,0,4097,466.767072678
rgg_n_2_24_s0,bfull_accurate,1,row_schedule,1.29055976868,4097,466.767072678
rgg_n_2_24_s0,bfull_accurate,1,partial_zero,0.918388366699,4097,466.767072678
rgg_n_2_24_s0,bfull_accurate,1,csr_prefetch,38.4893417358,4097,466.767072678
rgg_n_2_24_s0,bfull_accurate,1,feature_gather_decode,54.1434288025,4097,466.767072678
rgg_n_2_24_s0,bfull_accurate,1,fp32_neighbor_reduction,31.0573577881,4097,466.767072678
rgg_n_2_24_s0,bfull_accurate,1,partial_bf16_conversion,1.06382369995,4097,466.767072678
rgg_n_2_24_s0,bfull_accurate,1,tile_load,5.61141967773,4097,466.767072678
rgg_n_2_24_s0,bfull_accurate,1,tile_compute,11.8813514709,4097,466.767072678
rgg_n_2_24_s0,bfull_accurate,1,tile_store,0.391244888306,4097,466.767072678
rgg_n_2_24_s0,bfull_accurate,1,output_scatter,4.73809242249,4097,466.767072678
rgg_n_2_24_s0,bfull_accurate,1,thread_amx_setup,0.0226497650146,4097,466.767072678
rgg_n_2_24_s0,bfull_accurate,2,output_zero,0,4097,431.959867477
rgg_n_2_24_s0,bfull_accurate,2,row_schedule,1.78027153015,4097,431.959867477
rgg_n_2_24_s0,bfull_accurate,2,partial_zero,0.987529754639,4097,431.959867477
rgg_n_2_24_s0,bfull_accurate,2,csr_prefetch,38.5582447052,4097,431.959867477
rgg_n_2_24_s0,bfull_accurate,2,feature_gather_decode,53.2357692719,4097,431.959867477
rgg_n_2_24_s0,bfull_accurate,2,fp32_neighbor_reduction,31.2197208405,4097,431.959867477
rgg_n_2_24_s0,bfull_accurate,2,partial_bf16_conversion,1.11246109009,4097,431.959867477
rgg_n_2_24_s0,bfull_accurate,2,tile_load,5.85079193115,4097,431.959867477
rgg_n_2_24_s0,bfull_accurate,2,tile_compute,12.0320320129,4097,431.959867477
rgg_n_2_24_s0,bfull_accurate,2,tile_store,0.422239303589,4097,431.959867477
rgg_n_2_24_s0,bfull_accurate,2,output_scatter,0.745296478271,4097,431.959867477
rgg_n_2_24_s0,bfull_accurate,2,thread_amx_setup,0.0348091125488,4097,431.959867477
rgg_n_2_24_s0,b256_fast,1,output_zero,0,4097,450.948953629
rgg_n_2_24_s0,b256_fast,1,row_schedule,1.80602073669,4097,450.948953629
rgg_n_2_24_s0,b256_fast,1,partial_zero,0.917673110962,4097,450.948953629
rgg_n_2_24_s0,b256_fast,1,csr_prefetch,37.4834537506,4097,450.948953629
rgg_n_2_24_s0,b256_fast,1,feature_gather_decode,53.5626411438,4097,450.948953629
rgg_n_2_24_s0,b256_fast,1,fp32_neighbor_reduction,29.9162864685,4097,450.948953629
rgg_n_2_24_s0,b256_fast,1,partial_bf16_conversion,0.598907470703,4097,450.948953629
rgg_n_2_24_s0,b256_fast,1,tile_load,3.24892997742,4097,450.948953629
rgg_n_2_24_s0,b256_fast,1,tile_compute,9.43732261658,4097,450.948953629
rgg_n_2_24_s0,b256_fast,1,tile_store,0.442028045654,4097,450.948953629
rgg_n_2_24_s0,b256_fast,1,output_scatter,4.68754768372,4097,450.948953629
rgg_n_2_24_s0,b256_fast,1,thread_amx_setup,0.0231266021729,4097,450.948953629
rgg_n_2_24_s0,b256_fast,2,output_zero,0,4097,419.651031494
rgg_n_2_24_s0,b256_fast,2,row_schedule,1.88565254211,4097,419.651031494
rgg_n_2_24_s0,b256_fast,2,partial_zero,0.901222229004,4097,419.651031494
rgg_n_2_24_s0,b256_fast,2,csr_prefetch,37.2438430786,4097,419.651031494
rgg_n_2_24_s0,b256_fast,2,feature_gather_decode,52.325963974,4097,419.651031494
rgg_n_2_24_s0,b256_fast,2,fp32_neighbor_reduction,29.9673080444,4097,419.651031494
rgg_n_2_24_s0,b256_fast,2,partial_bf16_conversion,0.58650970459,4097,419.651031494
rgg_n_2_24_s0,b256_fast,2,tile_load,3.44634056091,4097,419.651031494
rgg_n_2_24_s0,b256_fast,2,tile_compute,9.51766967773,4097,419.651031494
rgg_n_2_24_s0,b256_fast,2,tile_store,0.420570373535,4097,419.651031494
rgg_n_2_24_s0,b256_fast,2,output_scatter,0.73504447937,4097,419.651031494
rgg_n_2_24_s0,b256_fast,2,thread_amx_setup,0.0371932983398,4097,419.651031494
rgg_n_2_24_s0,b256_accurate,1,output_zero,0,4097,467.32211113
rgg_n_2_24_s0,b256_accurate,1,row_schedule,1.24382972717,4097,467.32211113
rgg_n_2_24_s0,b256_accurate,1,partial_zero,0.949621200562,4097,467.32211113
rgg_n_2_24_s0,b256_accurate,1,csr_prefetch,38.5653972626,4097,467.32211113
rgg_n_2_24_s0,b256_accurate,1,feature_gather_decode,54.034948349,4097,467.32211113
rgg_n_2_24_s0,b256_accurate,1,fp32_neighbor_reduction,31.3827991486,4097,467.32211113
rgg_n_2_24_s0,b256_accurate,1,partial_bf16_conversion,1.02281570435,4097,467.32211113
rgg_n_2_24_s0,b256_accurate,1,tile_load,5.7544708252,4097,467.32211113
rgg_n_2_24_s0,b256_accurate,1,tile_compute,11.9385719299,4097,467.32211113
rgg_n_2_24_s0,b256_accurate,1,tile_store,0.37670135498,4097,467.32211113
rgg_n_2_24_s0,b256_accurate,1,output_scatter,4.83584403992,4097,467.32211113
rgg_n_2_24_s0,b256_accurate,1,thread_amx_setup,0.0250339508057,4097,467.32211113
rgg_n_2_24_s0,b256_accurate,2,output_zero,0,4097,432.476043701
rgg_n_2_24_s0,b256_accurate,2,row_schedule,1.7683506012,4097,432.476043701
rgg_n_2_24_s0,b256_accurate,2,partial_zero,0.936031341553,4097,432.476043701
rgg_n_2_24_s0,b256_accurate,2,csr_prefetch,38.1691455841,4097,432.476043701
rgg_n_2_24_s0,b256_accurate,2,feature_gather_decode,53.1554222107,4097,432.476043701
rgg_n_2_24_s0,b256_accurate,2,fp32_neighbor_reduction,31.3663482666,4097,432.476043701
rgg_n_2_24_s0,b256_accurate,2,partial_bf16_conversion,1.04141235352,4097,432.476043701
rgg_n_2_24_s0,b256_accurate,2,tile_load,5.77569007874,4097,432.476043701
rgg_n_2_24_s0,b256_accurate,2,tile_compute,11.9414329529,4097,432.476043701
rgg_n_2_24_s0,b256_accurate,2,tile_store,0.418424606323,4097,432.476043701
rgg_n_2_24_s0,b256_accurate,2,output_scatter,0.718355178833,4097,432.476043701
rgg_n_2_24_s0,b256_accurate,2,thread_amx_setup,0.0350475311279,4097,432.476043701
rgg_n_2_24_s0,s64_m64_fast,1,output_zero,0,4097,532.535076141
rgg_n_2_24_s0,s64_m64_fast,1,row_schedule,2.25615501404,4097,532.535076141
rgg_n_2_24_s0,s64_m64_fast,1,partial_zero,2.12168693542,4097,532.535076141
rgg_n_2_24_s0,s64_m64_fast,1,csr_prefetch,196.510791779,4097,532.535076141
rgg_n_2_24_s0,s64_m64_fast,1,feature_gather_decode,151.240348816,4097,532.535076141
rgg_n_2_24_s0,s64_m64_fast,1,fp32_neighbor_reduction,56.0817718506,4097,532.535076141
rgg_n_2_24_s0,s64_m64_fast,1,partial_bf16_conversion,28.7611484528,4097,532.535076141
rgg_n_2_24_s0,s64_m64_fast,1,tile_load,8.46672058105,4097,532.535076141
rgg_n_2_24_s0,s64_m64_fast,1,tile_compute,14.3706798553,4097,532.535076141
rgg_n_2_24_s0,s64_m64_fast,1,tile_store,0.709772109985,4097,532.535076141
rgg_n_2_24_s0,s64_m64_fast,1,output_scatter,5.46717643738,4097,532.535076141
rgg_n_2_24_s0,s64_m64_fast,1,thread_amx_setup,0.0338554382324,4097,532.535076141
rgg_n_2_24_s0,s64_m64_fast,1,window_state_load,0,4097,532.535076141
rgg_n_2_24_s0,s64_m64_fast,1,window_state_store,3.72362136841,4097,532.535076141
rgg_n_2_24_s0,s64_m64_fast,2,output_zero,0,4097,500.04196167
rgg_n_2_24_s0,s64_m64_fast,2,row_schedule,2.10905075073,4097,500.04196167
rgg_n_2_24_s0,s64_m64_fast,2,partial_zero,1.82366371155,4097,500.04196167
rgg_n_2_24_s0,s64_m64_fast,2,csr_prefetch,197.309017181,4097,500.04196167
rgg_n_2_24_s0,s64_m64_fast,2,feature_gather_decode,151.039838791,4097,500.04196167
rgg_n_2_24_s0,s64_m64_fast,2,fp32_neighbor_reduction,55.6757450104,4097,500.04196167
rgg_n_2_24_s0,s64_m64_fast,2,partial_bf16_conversion,28.7792682648,4097,500.04196167
rgg_n_2_24_s0,s64_m64_fast,2,tile_load,8.34774971008,4097,500.04196167
rgg_n_2_24_s0,s64_m64_fast,2,tile_compute,14.2776966095,4097,500.04196167
rgg_n_2_24_s0,s64_m64_fast,2,tile_store,0.674724578857,4097,500.04196167
rgg_n_2_24_s0,s64_m64_fast,2,output_scatter,7.84826278687,4097,500.04196167
rgg_n_2_24_s0,s64_m64_fast,2,thread_amx_setup,0.0588893890381,4097,500.04196167
rgg_n_2_24_s0,s64_m64_fast,2,window_state_load,0,4097,500.04196167
rgg_n_2_24_s0,s64_m64_fast,2,window_state_store,3.77440452576,4097,500.04196167
rgg_n_2_24_s0,s32_m64_fast,1,output_zero,0,4097,532.494068146
rgg_n_2_24_s0,s32_m64_fast,1,row_schedule,2.22015380859,4097,532.494068146
rgg_n_2_24_s0,s32_m64_fast,1,partial_zero,2.10547447205,4097,532.494068146
rgg_n_2_24_s0,s32_m64_fast,1,csr_prefetch,196.603298187,4097,532.494068146
rgg_n_2_24_s0,s32_m64_fast,1,feature_gather_decode,151.090621948,4097,532.494068146
rgg_n_2_24_s0,s32_m64_fast,1,fp32_neighbor_reduction,55.9651851654,4097,532.494068146
rgg_n_2_24_s0,s32_m64_fast,1,partial_bf16_conversion,28.8069248199,4097,532.494068146
rgg_n_2_24_s0,s32_m64_fast,1,tile_load,8.4273815155,4097,532.494068146
rgg_n_2_24_s0,s32_m64_fast,1,tile_compute,14.7569179535,4097,532.494068146
rgg_n_2_24_s0,s32_m64_fast,1,tile_store,0.695705413818,4097,532.494068146
rgg_n_2_24_s0,s32_m64_fast,1,output_scatter,5.52439689636,4097,532.494068146
rgg_n_2_24_s0,s32_m64_fast,1,thread_amx_setup,0.0348091125488,4097,532.494068146
rgg_n_2_24_s0,s32_m64_fast,1,window_state_load,0.000953674316406,4097,532.494068146
rgg_n_2_24_s0,s32_m64_fast,1,window_state_store,3.79276275635,4097,532.494068146
rgg_n_2_24_s0,s32_m64_fast,2,output_zero,0,4097,500.837087631
rgg_n_2_24_s0,s32_m64_fast,2,row_schedule,2.06422805786,4097,500.837087631
rgg_n_2_24_s0,s32_m64_fast,2,partial_zero,1.79243087769,4097,500.837087631
rgg_n_2_24_s0,s32_m64_fast,2,csr_prefetch,202.132463455,4097,500.837087631
rgg_n_2_24_s0,s32_m64_fast,2,feature_gather_decode,151.214838028,4097,500.837087631
rgg_n_2_24_s0,s32_m64_fast,2,fp32_neighbor_reduction,56.1172962189,4097,500.837087631
rgg_n_2_24_s0,s32_m64_fast,2,partial_bf16_conversion,28.8209915161,4097,500.837087631
rgg_n_2_24_s0,s32_m64_fast,2,tile_load,8.2528591156,4097,500.837087631
rgg_n_2_24_s0,s32_m64_fast,2,tile_compute,14.5411491394,4097,500.837087631
rgg_n_2_24_s0,s32_m64_fast,2,tile_store,0.648736953735,4097,500.837087631
rgg_n_2_24_s0,s32_m64_fast,2,output_scatter,7.86447525024,4097,500.837087631
rgg_n_2_24_s0,s32_m64_fast,2,thread_amx_setup,0.0560283660889,4097,500.837087631
rgg_n_2_24_s0,s32_m64_fast,2,window_state_load,0,4097,500.837087631
rgg_n_2_24_s0,s32_m64_fast,2,window_state_store,3.74507904053,4097,500.837087631
rgg_n_2_24_s0,s32_m256_fast,1,output_zero,0,4097,532.240152359
rgg_n_2_24_s0,s32_m256_fast,1,row_schedule,2.18176841736,4097,532.240152359
rgg_n_2_24_s0,s32_m256_fast,1,partial_zero,2.19559669495,4097,532.240152359
rgg_n_2_24_s0,s32_m256_fast,1,csr_prefetch,196.283340454,4097,532.240152359
rgg_n_2_24_s0,s32_m256_fast,1,feature_gather_decode,150.984764099,4097,532.240152359
rgg_n_2_24_s0,s32_m256_fast,1,fp32_neighbor_reduction,55.8788776398,4097,532.240152359
rgg_n_2_24_s0,s32_m256_fast,1,partial_bf16_conversion,28.754234314,4097,532.240152359
rgg_n_2_24_s0,s32_m256_fast,1,tile_load,8.36277008057,4097,532.240152359
rgg_n_2_24_s0,s32_m256_fast,1,tile_compute,14.6594047546,4097,532.240152359
rgg_n_2_24_s0,s32_m256_fast,1,tile_store,0.696897506714,4097,532.240152359
rgg_n_2_24_s0,s32_m256_fast,1,output_scatter,5.446434021,4097,532.240152359
rgg_n_2_24_s0,s32_m256_fast,1,thread_amx_setup,0.0340938568115,4097,532.240152359
rgg_n_2_24_s0,s32_m256_fast,1,window_state_load,0.000953674316406,4097,532.240152359
rgg_n_2_24_s0,s32_m256_fast,1,window_state_store,3.80945205688,4097,532.240152359
rgg_n_2_24_s0,s32_m256_fast,2,output_zero,0,4097,499.831914902
rgg_n_2_24_s0,s32_m256_fast,2,row_schedule,2.1550655365,4097,499.831914902
rgg_n_2_24_s0,s32_m256_fast,2,partial_zero,1.8322467804,4097,499.831914902
rgg_n_2_24_s0,s32_m256_fast,2,csr_prefetch,197.531461716,4097,499.831914902
rgg_n_2_24_s0,s32_m256_fast,2,feature_gather_decode,151.262760162,4097,499.831914902
rgg_n_2_24_s0,s32_m256_fast,2,fp32_neighbor_reduction,55.8044910431,4097,499.831914902
rgg_n_2_24_s0,s32_m256_fast,2,partial_bf16_conversion,28.796672821,4097,499.831914902
rgg_n_2_24_s0,s32_m256_fast,2,tile_load,8.18872451782,4097,499.831914902
rgg_n_2_24_s0,s32_m256_fast,2,tile_compute,14.7483348846,4097,499.831914902
rgg_n_2_24_s0,s32_m256_fast,2,tile_store,0.717639923096,4097,499.831914902
rgg_n_2_24_s0,s32_m256_fast,2,output_scatter,7.83276557922,4097,499.831914902
rgg_n_2_24_s0,s32_m256_fast,2,thread_amx_setup,0.046968460083,4097,499.831914902
rgg_n_2_24_s0,s32_m256_fast,2,window_state_load,0.000953674316406,4097,499.831914902
rgg_n_2_24_s0,s32_m256_fast,2,window_state_store,3.75986099243,4097,499.831914902
rgg_n_2_24_s0,s64_m256_fast,1,output_zero,0,4097,532.438993454
rgg_n_2_24_s0,s64_m256_fast,1,row_schedule,2.22587585449,4097,532.438993454
rgg_n_2_24_s0,s64_m256_fast,1,partial_zero,2.1824836731,4097,532.438993454
rgg_n_2_24_s0,s64_m256_fast,1,csr_prefetch,197.033166885,4097,532.438993454
rgg_n_2_24_s0,s64_m256_fast,1,feature_gather_decode,150.681734085,4097,532.438993454
rgg_n_2_24_s0,s64_m256_fast,1,fp32_neighbor_reduction,55.9244155884,4097,532.438993454
rgg_n_2_24_s0,s64_m256_fast,1,partial_bf16_conversion,28.8178920746,4097,532.438993454
rgg_n_2_24_s0,s64_m256_fast,1,tile_load,8.40401649475,4097,532.438993454
rgg_n_2_24_s0,s64_m256_fast,1,tile_compute,14.8904323578,4097,532.438993454
rgg_n_2_24_s0,s64_m256_fast,1,tile_store,0.695466995239,4097,532.438993454
rgg_n_2_24_s0,s64_m256_fast,1,output_scatter,5.45001029968,4097,532.438993454
rgg_n_2_24_s0,s64_m256_fast,1,thread_amx_setup,0.0307559967041,4097,532.438993454
rgg_n_2_24_s0,s64_m256_fast,1,window_state_load,0,4097,532.438993454
rgg_n_2_24_s0,s64_m256_fast,1,window_state_store,3.88169288635,4097,532.438993454
rgg_n_2_24_s0,s64_m256_fast,2,output_zero,0,4097,499.71818924
rgg_n_2_24_s0,s64_m256_fast,2,row_schedule,2.1026134491,4097,499.71818924
rgg_n_2_24_s0,s64_m256_fast,2,partial_zero,1.74593925476,4097,499.71818924
rgg_n_2_24_s0,s64_m256_fast,2,csr_prefetch,197.741031647,4097,499.71818924
rgg_n_2_24_s0,s64_m256_fast,2,feature_gather_decode,150.932788849,4097,499.71818924
rgg_n_2_24_s0,s64_m256_fast,2,fp32_neighbor_reduction,55.7434558868,4097,499.71818924
rgg_n_2_24_s0,s64_m256_fast,2,partial_bf16_conversion,28.8107395172,4097,499.71818924
rgg_n_2_24_s0,s64_m256_fast,2,tile_load,8.27980041504,4097,499.71818924
rgg_n_2_24_s0,s64_m256_fast,2,tile_compute,14.7035121918,4097,499.71818924
rgg_n_2_24_s0,s64_m256_fast,2,tile_store,0.701189041138,4097,499.71818924
rgg_n_2_24_s0,s64_m256_fast,2,output_scatter,7.82299041748,4097,499.71818924
rgg_n_2_24_s0,s64_m256_fast,2,thread_amx_setup,0.046968460083,4097,499.71818924
rgg_n_2_24_s0,s64_m256_fast,2,window_state_load,0,4097,499.71818924
rgg_n_2_24_s0,s64_m256_fast,2,window_state_store,3.73029708862,4097,499.71818924
rgg_n_2_24_s0,s32_mfull_fast,1,output_zero,0,4097,532.392024994
rgg_n_2_24_s0,s32_mfull_fast,1,row_schedule,2.19535827637,4097,532.392024994
rgg_n_2_24_s0,s32_mfull_fast,1,partial_zero,2.17247009277,4097,532.392024994
rgg_n_2_24_s0,s32_mfull_fast,1,csr_prefetch,198.157310486,4097,532.392024994
rgg_n_2_24_s0,s32_mfull_fast,1,feature_gather_decode,151.129245758,4097,532.392024994
rgg_n_2_24_s0,s32_mfull_fast,1,fp32_neighbor_reduction,55.7262897491,4097,532.392024994
rgg_n_2_24_s0,s32_mfull_fast,1,partial_bf16_conversion,29.0825366974,4097,532.392024994
rgg_n_2_24_s0,s32_mfull_fast,1,tile_load,8.64052772522,4097,532.392024994
rgg_n_2_24_s0,s32_mfull_fast,1,tile_compute,15.5086517334,4097,532.392024994
rgg_n_2_24_s0,s32_mfull_fast,1,tile_store,0.68211555481,4097,532.392024994
rgg_n_2_24_s0,s32_mfull_fast,1,output_scatter,5.53774833679,4097,532.392024994
rgg_n_2_24_s0,s32_mfull_fast,1,thread_amx_setup,0.0333786010742,4097,532.392024994
rgg_n_2_24_s0,s32_mfull_fast,1,window_state_load,0,4097,532.392024994
rgg_n_2_24_s0,s32_mfull_fast,1,window_state_store,3.80516052246,4097,532.392024994
rgg_n_2_24_s0,s32_mfull_fast,2,output_zero,0.00119209289551,4097,499.843835831
rgg_n_2_24_s0,s32_mfull_fast,2,row_schedule,2.10213661194,4097,499.843835831
rgg_n_2_24_s0,s32_mfull_fast,2,partial_zero,1.81245803833,4097,499.843835831
rgg_n_2_24_s0,s32_mfull_fast,2,csr_prefetch,197.681188583,4097,499.843835831
rgg_n_2_24_s0,s32_mfull_fast,2,feature_gather_decode,150.826692581,4097,499.843835831
rgg_n_2_24_s0,s32_mfull_fast,2,fp32_neighbor_reduction,55.7940006256,4097,499.843835831
rgg_n_2_24_s0,s32_mfull_fast,2,partial_bf16_conversion,28.76496315,4097,499.843835831
rgg_n_2_24_s0,s32_mfull_fast,2,tile_load,8.38994979858,4097,499.843835831
rgg_n_2_24_s0,s32_mfull_fast,2,tile_compute,14.5576000214,4097,499.843835831
rgg_n_2_24_s0,s32_mfull_fast,2,tile_store,0.698566436768,4097,499.843835831
rgg_n_2_24_s0,s32_mfull_fast,2,output_scatter,9.03034210205,4097,499.843835831
rgg_n_2_24_s0,s32_mfull_fast,2,thread_amx_setup,0.0455379486084,4097,499.843835831
rgg_n_2_24_s0,s32_mfull_fast,2,window_state_load,0.000953674316406,4097,499.843835831
rgg_n_2_24_s0,s32_mfull_fast,2,window_state_store,3.74817848206,4097,499.843835831
rgg_n_2_24_s0,s64_mfull_fast,1,output_zero,0,4097,532.190084457
rgg_n_2_24_s0,s64_mfull_fast,1,row_schedule,2.22659111023,4097,532.190084457
rgg_n_2_24_s0,s64_mfull_fast,1,partial_zero,2.09212303162,4097,532.190084457
rgg_n_2_24_s0,s64_mfull_fast,1,csr_prefetch,196.815729141,4097,532.190084457
rgg_n_2_24_s0,s64_mfull_fast,1,feature_gather_decode,151.003360748,4097,532.190084457
rgg_n_2_24_s0,s64_mfull_fast,1,fp32_neighbor_reduction,55.2904605865,4097,532.190084457
rgg_n_2_24_s0,s64_mfull_fast,1,partial_bf16_conversion,28.8529396057,4097,532.190084457
rgg_n_2_24_s0,s64_mfull_fast,1,tile_load,8.34727287292,4097,532.190084457
rgg_n_2_24_s0,s64_mfull_fast,1,tile_compute,14.839887619,4097,532.190084457
rgg_n_2_24_s0,s64_mfull_fast,1,tile_store,0.685214996338,4097,532.190084457
rgg_n_2_24_s0,s64_mfull_fast,1,output_scatter,5.47003746033,4097,532.190084457
rgg_n_2_24_s0,s64_mfull_fast,1,thread_amx_setup,0.0326633453369,4097,532.190084457
rgg_n_2_24_s0,s64_mfull_fast,1,window_state_load,0,4097,532.190084457
rgg_n_2_24_s0,s64_mfull_fast,1,window_state_store,3.73768806458,4097,532.190084457
rgg_n_2_24_s0,s64_mfull_fast,2,output_zero,0.000953674316406,4097,500.283002853
rgg_n_2_24_s0,s64_mfull_fast,2,row_schedule,2.13313102722,4097,500.283002853
rgg_n_2_24_s0,s64_mfull_fast,2,partial_zero,1.7831325531,4097,500.283002853
rgg_n_2_24_s0,s64_mfull_fast,2,csr_prefetch,198.066711426,4097,500.283002853
rgg_n_2_24_s0,s64_mfull_fast,2,feature_gather_decode,151.056528091,4097,500.283002853
rgg_n_2_24_s0,s64_mfull_fast,2,fp32_neighbor_reduction,56.0429096222,4097,500.283002853
rgg_n_2_24_s0,s64_mfull_fast,2,partial_bf16_conversion,28.8038253784,4097,500.283002853
rgg_n_2_24_s0,s64_mfull_fast,2,tile_load,8.28981399536,4097,500.283002853
rgg_n_2_24_s0,s64_mfull_fast,2,tile_compute,14.5668983459,4097,500.283002853
rgg_n_2_24_s0,s64_mfull_fast,2,tile_store,0.700950622559,4097,500.283002853
rgg_n_2_24_s0,s64_mfull_fast,2,output_scatter,7.83276557922,4097,500.283002853
rgg_n_2_24_s0,s64_mfull_fast,2,thread_amx_setup,0.0524520874023,4097,500.283002853
rgg_n_2_24_s0,s64_mfull_fast,2,window_state_load,0,4097,500.283002853
rgg_n_2_24_s0,s64_mfull_fast,2,window_state_store,3.74317169189,4097,500.283002853
rgg_n_2_24_s0,s128_mfull_fast,1,output_zero,0,4097,532.22990036
rgg_n_2_24_s0,s128_mfull_fast,1,row_schedule,2.2075176239,4097,532.22990036
rgg_n_2_24_s0,s128_mfull_fast,1,partial_zero,2.15220451355,4097,532.22990036
rgg_n_2_24_s0,s128_mfull_fast,1,csr_prefetch,196.313619614,4097,532.22990036
rgg_n_2_24_s0,s128_mfull_fast,1,feature_gather_decode,151.414632797,4097,532.22990036
rgg_n_2_24_s0,s128_mfull_fast,1,fp32_neighbor_reduction,55.5958747864,4097,532.22990036
rgg_n_2_24_s0,s128_mfull_fast,1,partial_bf16_conversion,28.7640094757,4097,532.22990036
rgg_n_2_24_s0,s128_mfull_fast,1,tile_load,8.47506523132,4097,532.22990036
rgg_n_2_24_s0,s128_mfull_fast,1,tile_compute,14.5637989044,4097,532.22990036
rgg_n_2_24_s0,s128_mfull_fast,1,tile_store,0.675201416016,4097,532.22990036
rgg_n_2_24_s0,s128_mfull_fast,1,output_scatter,5.55729866028,4097,532.22990036
rgg_n_2_24_s0,s128_mfull_fast,1,thread_amx_setup,0.0309944152832,4097,532.22990036
rgg_n_2_24_s0,s128_mfull_fast,1,window_state_load,0,4097,532.22990036
rgg_n_2_24_s0,s128_mfull_fast,1,window_state_store,3.76415252686,4097,532.22990036
rgg_n_2_24_s0,s128_mfull_fast,2,output_zero,0,4097,500.921010971
rgg_n_2_24_s0,s128_mfull_fast,2,row_schedule,2.11119651794,4097,500.921010971
rgg_n_2_24_s0,s128_mfull_fast,2,partial_zero,1.77240371704,4097,500.921010971
rgg_n_2_24_s0,s128_mfull_fast,2,csr_prefetch,197.015285492,4097,500.921010971
rgg_n_2_24_s0,s128_mfull_fast,2,feature_gather_decode,151.613712311,4097,500.921010971
rgg_n_2_24_s0,s128_mfull_fast,2,fp32_neighbor_reduction,56.0867786407,4097,500.921010971
rgg_n_2_24_s0,s128_mfull_fast,2,partial_bf16_conversion,28.8369655609,4097,500.921010971
rgg_n_2_24_s0,s128_mfull_fast,2,tile_load,8.1992149353,4097,500.921010971
rgg_n_2_24_s0,s128_mfull_fast,2,tile_compute,14.6820545197,4097,500.921010971
rgg_n_2_24_s0,s128_mfull_fast,2,tile_store,0.676155090332,4097,500.921010971
rgg_n_2_24_s0,s128_mfull_fast,2,output_scatter,7.86256790161,4097,500.921010971
rgg_n_2_24_s0,s128_mfull_fast,2,thread_amx_setup,0.046968460083,4097,500.921010971
rgg_n_2_24_s0,s128_mfull_fast,2,window_state_load,0,4097,500.921010971
rgg_n_2_24_s0,s128_mfull_fast,2,window_state_store,3.84759902954,4097,500.921010971
rgg_n_2_24_s0,s64_mfull_accurate,1,output_zero,0,4097,557.439088821
rgg_n_2_24_s0,s64_mfull_accurate,1,row_schedule,2.25162506104,4097,557.439088821
rgg_n_2_24_s0,s64_mfull_accurate,1,partial_zero,2.14815139771,4097,557.439088821
rgg_n_2_24_s0,s64_mfull_accurate,1,csr_prefetch,205.711603165,4097,557.439088821
rgg_n_2_24_s0,s64_mfull_accurate,1,feature_gather_decode,159.766674042,4097,557.439088821
rgg_n_2_24_s0,s64_mfull_accurate,1,fp32_neighbor_reduction,58.9306354523,4097,557.439088821
rgg_n_2_24_s0,s64_mfull_accurate,1,partial_bf16_conversion,91.276884079,4097,557.439088821
rgg_n_2_24_s0,s64_mfull_accurate,1,tile_load,15.7446861267,4097,557.439088821
rgg_n_2_24_s0,s64_mfull_accurate,1,tile_compute,16.1097049713,4097,557.439088821
rgg_n_2_24_s0,s64_mfull_accurate,1,tile_store,0.697612762451,4097,557.439088821
rgg_n_2_24_s0,s64_mfull_accurate,1,output_scatter,5.65028190613,4097,557.439088821
rgg_n_2_24_s0,s64_mfull_accurate,1,thread_amx_setup,0.0319480895996,4097,557.439088821
rgg_n_2_24_s0,s64_mfull_accurate,1,window_state_load,0,4097,557.439088821
rgg_n_2_24_s0,s64_mfull_accurate,1,window_state_store,3.94463539124,4097,557.439088821
rgg_n_2_24_s0,s64_mfull_accurate,2,output_zero,0,4097,520.766019821
rgg_n_2_24_s0,s64_mfull_accurate,2,row_schedule,2.12287902832,4097,520.766019821
rgg_n_2_24_s0,s64_mfull_accurate,2,partial_zero,2.00510025024,4097,520.766019821
rgg_n_2_24_s0,s64_mfull_accurate,2,csr_prefetch,207.850456238,4097,520.766019821
rgg_n_2_24_s0,s64_mfull_accurate,2,feature_gather_decode,157.632350922,4097,520.766019821
rgg_n_2_24_s0,s64_mfull_accurate,2,fp32_neighbor_reduction,58.4006309509,4097,520.766019821
rgg_n_2_24_s0,s64_mfull_accurate,2,partial_bf16_conversion,90.8229351044,4097,520.766019821
rgg_n_2_24_s0,s64_mfull_accurate,2,tile_load,15.734910965,4097,520.766019821
rgg_n_2_24_s0,s64_mfull_accurate,2,tile_compute,15.9342288971,4097,520.766019821
rgg_n_2_24_s0,s64_mfull_accurate,2,tile_store,0.718116760254,4097,520.766019821
rgg_n_2_24_s0,s64_mfull_accurate,2,output_scatter,8.11958312988,4097,520.766019821
rgg_n_2_24_s0,s64_mfull_accurate,2,thread_amx_setup,0.0452995300293,4097,520.766019821
rgg_n_2_24_s0,s64_mfull_accurate,2,window_state_load,0,4097,520.766019821
rgg_n_2_24_s0,s64_mfull_accurate,2,window_state_store,3.98063659668,4097,520.766019821
rgg_n_2_24_s0,s64_mfull_rowwise_fast,1,output_zero,0,4097,533.017158508
rgg_n_2_24_s0,s64_mfull_rowwise_fast,1,row_schedule,2.26545333862,4097,533.017158508
rgg_n_2_24_s0,s64_mfull_rowwise_fast,1,partial_zero,2.17700004578,4097,533.017158508
rgg_n_2_24_s0,s64_mfull_rowwise_fast,1,csr_prefetch,198.60124588,4097,533.017158508
rgg_n_2_24_s0,s64_mfull_rowwise_fast,1,feature_gather_decode,151.06844902,4097,533.017158508
rgg_n_2_24_s0,s64_mfull_rowwise_fast,1,fp32_neighbor_reduction,55.6290149689,4097,533.017158508
rgg_n_2_24_s0,s64_mfull_rowwise_fast,1,partial_bf16_conversion,28.8178920746,4097,533.017158508
rgg_n_2_24_s0,s64_mfull_rowwise_fast,1,tile_load,8.31198692322,4097,533.017158508
rgg_n_2_24_s0,s64_mfull_rowwise_fast,1,tile_compute,14.9335861206,4097,533.017158508
rgg_n_2_24_s0,s64_mfull_rowwise_fast,1,tile_store,0.686407089233,4097,533.017158508
rgg_n_2_24_s0,s64_mfull_rowwise_fast,1,output_scatter,5.85532188416,4097,533.017158508
rgg_n_2_24_s0,s64_mfull_rowwise_fast,1,thread_amx_setup,0.0331401824951,4097,533.017158508
rgg_n_2_24_s0,s64_mfull_rowwise_fast,1,window_state_load,0,4097,533.017158508
rgg_n_2_24_s0,s64_mfull_rowwise_fast,1,window_state_store,3.6883354187,4097,533.017158508
rgg_n_2_24_s0,s64_mfull_rowwise_fast,2,output_zero,0,4097,500.185966492
rgg_n_2_24_s0,s64_mfull_rowwise_fast,2,row_schedule,3.27277183533,4097,500.185966492
rgg_n_2_24_s0,s64_mfull_rowwise_fast,2,partial_zero,1.92260742188,4097,500.185966492
rgg_n_2_24_s0,s64_mfull_rowwise_fast,2,csr_prefetch,196.78235054,4097,500.185966492
rgg_n_2_24_s0,s64_mfull_rowwise_fast,2,feature_gather_decode,151.153564453,4097,500.185966492
rgg_n_2_24_s0,s64_mfull_rowwise_fast,2,fp32_neighbor_reduction,55.850982666,4097,500.185966492
rgg_n_2_24_s0,s64_mfull_rowwise_fast,2,partial_bf16_conversion,28.8188457489,4097,500.185966492
rgg_n_2_24_s0,s64_mfull_rowwise_fast,2,tile_load,8.25190544128,4097,500.185966492
rgg_n_2_24_s0,s64_mfull_rowwise_fast,2,tile_compute,14.7883892059,4097,500.185966492
rgg_n_2_24_s0,s64_mfull_rowwise_fast,2,tile_store,0.663995742798,4097,500.185966492
rgg_n_2_24_s0,s64_mfull_rowwise_fast,2,output_scatter,7.85398483276,4097,500.185966492
rgg_n_2_24_s0,s64_mfull_rowwise_fast,2,thread_amx_setup,0.0276565551758,4097,500.185966492
rgg_n_2_24_s0,s64_mfull_rowwise_fast,2,window_state_load,0,4097,500.185966492
rgg_n_2_24_s0,s64_mfull_rowwise_fast,2,window_state_store,3.75270843506,4097,500.185966492
web-Google,b64_fast,1,output_zero,0,225,10.1680755615
web-Google,b64_fast,1,row_schedule,0.0710487365723,225,10.1680755615
web-Google,b64_fast,1,partial_zero,0.0541210174561,225,10.1680755615
web-Google,b64_fast,1,csr_prefetch,0.900030136108,225,10.1680755615
web-Google,b64_fast,1,feature_gather_decode,1.06501579285,225,10.1680755615
web-Google,b64_fast,1,fp32_neighbor_reduction,0.736713409424,225,10.1680755615
web-Google,b64_fast,1,partial_bf16_conversion,0.210523605347,225,10.1680755615
web-Google,b64_fast,1,tile_load,0.149726867676,225,10.1680755615
web-Google,b64_fast,1,tile_compute,0.512361526489,225,10.1680755615
web-Google,b64_fast,1,tile_store,0.0195503234863,225,10.1680755615
web-Google,b64_fast,1,output_scatter,0.207185745239,225,10.1680755615
web-Google,b64_fast,1,thread_amx_setup,0.0214576721191,225,10.1680755615
web-Google,b64_fast,2,output_zero,0,225,9.08803939819
web-Google,b64_fast,2,row_schedule,0.0615119934082,225,9.08803939819
web-Google,b64_fast,2,partial_zero,0.0400543212891,225,9.08803939819
web-Google,b64_fast,2,csr_prefetch,0.942945480347,225,9.08803939819
web-Google,b64_fast,2,feature_gather_decode,1.09887123108,225,9.08803939819
web-Google,b64_fast,2,fp32_neighbor_reduction,0.756978988647,225,9.08803939819
web-Google,b64_fast,2,partial_bf16_conversion,0.149726867676,225,9.08803939819
web-Google,b64_fast,2,tile_load,0.147819519043,225,9.08803939819
web-Google,b64_fast,2,tile_compute,0.676870346069,225,9.08803939819
web-Google,b64_fast,2,tile_store,0.0190734863281,225,9.08803939819
web-Google,b64_fast,2,output_scatter,0.0414848327637,225,9.08803939819
web-Google,b64_fast,2,thread_amx_setup,0.016450881958,225,9.08803939819
web-Google,b64_accurate,1,output_zero,0,225,10.4689598083
web-Google,b64_accurate,1,row_schedule,0.0543594360352,225,10.4689598083
web-Google,b64_accurate,1,partial_zero,0.0426769256592,225,10.4689598083
web-Google,b64_accurate,1,csr_prefetch,0.913143157959,225,10.4689598083
web-Google,b64_accurate,1,feature_gather_decode,1.12557411194,225,10.4689598083
web-Google,b64_accurate,1,fp32_neighbor_reduction,0.773429870605,225,10.4689598083
web-Google,b64_accurate,1,partial_bf16_conversion,0.0591278076172,225,10.4689598083
web-Google,b64_accurate,1,tile_load,0.269889831543,225,10.4689598083
web-Google,b64_accurate,1,tile_compute,0.702857971191,225,10.4689598083
web-Google,b64_accurate,1,tile_store,0.0138282775879,225,10.4689598083
web-Google,b64_accurate,1,output_scatter,0.195741653442,225,10.4689598083
web-Google,b64_accurate,1,thread_amx_setup,0.0152587890625,225,10.4689598083
web-Google,b64_accurate,2,output_zero,0,225,9.26494598389
web-Google,b64_accurate,2,row_schedule,0.0720024108887,225,9.26494598389
web-Google,b64_accurate,2,partial_zero,0.051736831665,225,9.26494598389
web-Google,b64_accurate,2,csr_prefetch,0.900983810425,225,9.26494598389
web-Google,b64_accurate,2,feature_gather_decode,1.15180015564,225,9.26494598389
web-Google,b64_accurate,2,fp32_neighbor_reduction,0.792264938354,225,9.26494598389
web-Google,b64_accurate,2,partial_bf16_conversion,0.0646114349365,225,9.26494598389
web-Google,b64_accurate,2,tile_load,0.286102294922,225,9.26494598389
web-Google,b64_accurate,2,tile_compute,0.75626373291,225,9.26494598389
web-Google,b64_accurate,2,tile_store,0.0145435333252,225,9.26494598389
web-Google,b64_accurate,2,output_scatter,0.0355243682861,225,9.26494598389
web-Google,b64_accurate,2,thread_amx_setup,0.0228881835938,225,9.26494598389
web-Google,bfull_fast,1,output_zero,0,225,9.9618434906
web-Google,bfull_fast,1,row_schedule,0.0631809234619,225,9.9618434906
web-Google,bfull_fast,1,partial_zero,0.0455379486084,225,9.9618434906
web-Google,bfull_fast,1,csr_prefetch,0.870943069458,225,9.9618434906
web-Google,bfull_fast,1,feature_gather_decode,1.03306770325,225,9.9618434906
web-Google,bfull_fast,1,fp32_neighbor_reduction,0.747919082642,225,9.9618434906
web-Google,bfull_fast,1,partial_bf16_conversion,0.035285949707,225,9.9618434906
web-Google,bfull_fast,1,tile_load,0.146865844727,225,9.9618434906
web-Google,bfull_fast,1,tile_compute,0.493288040161,225,9.9618434906
web-Google,bfull_fast,1,tile_store,0.0138282775879,225,9.9618434906
web-Google,bfull_fast,1,output_scatter,0.202417373657,225,9.9618434906
web-Google,bfull_fast,1,thread_amx_setup,0.0152587890625,225,9.9618434906
web-Google,bfull_fast,2,output_zero,0,225,8.82601737976
web-Google,bfull_fast,2,row_schedule,0.0779628753662,225,8.82601737976
web-Google,bfull_fast,2,partial_zero,0.0565052032471,225,8.82601737976
web-Google,bfull_fast,2,csr_prefetch,0.87308883667,225,8.82601737976
web-Google,bfull_fast,2,feature_gather_decode,1.09767913818,225,8.82601737976
web-Google,bfull_fast,2,fp32_neighbor_reduction,0.738859176636,225,8.82601737976
web-Google,bfull_fast,2,partial_bf16_conversion,0.0319480895996,225,8.82601737976
web-Google,bfull_fast,2,tile_load,0.165224075317,225,8.82601737976
web-Google,bfull_fast,2,tile_compute,0.549793243408,225,8.82601737976
web-Google,bfull_fast,2,tile_store,0.0185966491699,225,8.82601737976
web-Google,bfull_fast,2,output_scatter,0.0429153442383,225,8.82601737976
web-Google,bfull_fast,2,thread_amx_setup,0.0238418579102,225,8.82601737976
web-Google,bfull_accurate,1,output_zero,0,225,10.3800296783
web-Google,bfull_accurate,1,row_schedule,0.0519752502441,225,10.3800296783
web-Google,bfull_accurate,1,partial_zero,0.0526905059814,225,10.3800296783
web-Google,bfull_accurate,1,csr_prefetch,0.909805297852,225,10.3800296783
web-Google,bfull_accurate,1,feature_gather_decode,1.09124183655,225,10.3800296783
web-Google,bfull_accurate,1,fp32_neighbor_reduction,0.792026519775,225,10.3800296783
web-Google,bfull_accurate,1,partial_bf16_conversion,0.0498294830322,225,10.3800296783
web-Google,bfull_accurate,1,tile_load,0.251531600952,225,10.3800296783
web-Google,bfull_accurate,1,tile_compute,0.74291229248,225,10.3800296783
web-Google,bfull_accurate,1,tile_store,0.0104904174805,225,10.3800296783
web-Google,bfull_accurate,1,output_scatter,0.21767616272,225,10.3800296783
web-Google,bfull_accurate,1,thread_amx_setup,0.0181198120117,225,10.3800296783
web-Google,bfull_accurate,2,output_zero,0,225,9.32192802429
web-Google,bfull_accurate,2,row_schedule,0.0739097595215,225,9.32192802429
web-Google,bfull_accurate,2,partial_zero,0.0514984130859,225,9.32192802429
web-Google,bfull_accurate,2,csr_prefetch,0.905752182007,225,9.32192802429
web-Google,bfull_accurate,2,feature_gather_decode,1.1420249939,225,9.32192802429
web-Google,bfull_accurate,2,fp32_neighbor_reduction,0.778913497925,225,9.32192802429
web-Google,bfull_accurate,2,partial_bf16_conversion,0.0441074371338,225,9.32192802429
web-Google,bfull_accurate,2,tile_load,0.248432159424,225,9.32192802429
web-Google,bfull_accurate,2,tile_compute,0.757932662964,225,9.32192802429
web-Google,bfull_accurate,2,tile_store,0.0216960906982,225,9.32192802429
web-Google,bfull_accurate,2,output_scatter,0.0321865081787,225,9.32192802429
web-Google,bfull_accurate,2,thread_amx_setup,0.0288486480713,225,9.32192802429
web-Google,b256_fast,1,output_zero,0,225,9.72485542297
web-Google,b256_fast,1,row_schedule,0.0691413879395,225,9.72485542297
web-Google,b256_fast,1,partial_zero,0.03981590271,225,9.72485542297
web-Google,b256_fast,1,csr_prefetch,0.888347625732,225,9.72485542297
web-Google,b256_fast,1,feature_gather_decode,1.05333328247,225,9.72485542297
web-Google,b256_fast,1,fp32_neighbor_reduction,0.771760940552,225,9.72485542297
web-Google,b256_fast,1,partial_bf16_conversion,0.0405311584473,225,9.72485542297
web-Google,b256_fast,1,tile_load,0.137329101562,225,9.72485542297
web-Google,b256_fast,1,tile_compute,0.514268875122,225,9.72485542297
web-Google,b256_fast,1,tile_store,0.0166893005371,225,9.72485542297
web-Google,b256_fast,1,output_scatter,0.19907951355,225,9.72485542297
web-Google,b256_fast,1,thread_amx_setup,0.0162124633789,225,9.72485542297
web-Google,b256_fast,2,output_zero,0,225,8.79597663879
web-Google,b256_fast,2,row_schedule,0.0777244567871,225,8.79597663879
web-Google,b256_fast,2,partial_zero,0.0565052032471,225,8.79597663879
web-Google,b256_fast,2,csr_prefetch,0.887155532837,225,8.79597663879
web-Google,b256_fast,2,feature_gather_decode,1.13153457642,225,8.79597663879
web-Google,b256_fast,2,fp32_neighbor_reduction,0.78010559082,225,8.79597663879
web-Google,b256_fast,2,partial_bf16_conversion,0.0267028808594,225,8.79597663879
web-Google,b256_fast,2,tile_load,0.165224075317,225,8.79597663879
web-Google,b256_fast,2,tile_compute,0.55193901062,225,8.79597663879
web-Google,b256_fast,2,tile_store,0.0243186950684,225,8.79597663879
web-Google,b256_fast,2,output_scatter,0.0410079956055,225,8.79597663879
web-Google,b256_fast,2,thread_amx_setup,0.0286102294922,225,8.79597663879
web-Google,b256_accurate,1,output_zero,0,225,10.5929374695
web-Google,b256_accurate,1,row_schedule,0.0574588775635,225,10.5929374695
web-Google,b256_accurate,1,partial_zero,0.0402927398682,225,10.5929374695
web-Google,b256_accurate,1,csr_prefetch,0.884532928467,225,10.5929374695
web-Google,b256_accurate,1,feature_gather_decode,1.09004974365,225,10.5929374695
web-Google,b256_accurate,1,fp32_neighbor_reduction,0.785827636719,225,10.5929374695
web-Google,b256_accurate,1,partial_bf16_conversion,0.0641345977783,225,10.5929374695
web-Google,b256_accurate,1,tile_load,0.245332717896,225,10.5929374695
web-Google,b256_accurate,1,tile_compute,0.709533691406,225,10.5929374695
web-Google,b256_accurate,1,tile_store,0.0166893005371,225,10.5929374695
web-Google,b256_accurate,1,output_scatter,0.203371047974,225,10.5929374695
web-Google,b256_accurate,1,thread_amx_setup,0.0216960906982,225,10.5929374695
web-Google,b256_accurate,2,output_zero,0,225,9.17291641235
web-Google,b256_accurate,2,row_schedule,0.0717639923096,225,9.17291641235
web-Google,b256_accurate,2,partial_zero,0.0479221343994,225,9.17291641235
web-Google,b256_accurate,2,csr_prefetch,0.885725021362,225,9.17291641235
web-Google,b256_accurate,2,feature_gather_decode,1.12414360046,225,9.17291641235
web-Google,b256_accurate,2,fp32_neighbor_reduction,0.802040100098,225,9.17291641235
web-Google,b256_accurate,2,partial_bf16_conversion,0.0545978546143,225,9.17291641235
web-Google,b256_accurate,2,tile_load,0.259876251221,225,9.17291641235
web-Google,b256_accurate,2,tile_compute,0.71120262146,225,9.17291641235
web-Google,b256_accurate,2,tile_store,0.0226497650146,225,9.17291641235
web-Google,b256_accurate,2,output_scatter,0.0307559967041,225,9.17291641235
web-Google,b256_accurate,2,thread_amx_setup,0.0200271606445,225,9.17291641235
web-Google,s64_m64_fast,1,output_zero,0,225,12.5739574432
web-Google,s64_m64_fast,1,row_schedule,0.0946521759033,225,12.5739574432
web-Google,s64_m64_fast,1,partial_zero,0.0886917114258,225,12.5739574432
web-Google,s64_m64_fast,1,csr_prefetch,4.29940223694,225,12.5739574432
web-Google,s64_m64_fast,1,feature_gather_decode,3.67021560669,225,12.5739574432
web-Google,s64_m64_fast,1,fp32_neighbor_reduction,1.29246711731,225,12.5739574432
web-Google,s64_m64_fast,1,partial_bf16_conversion,1.38306617737,225,12.5739574432
web-Google,s64_m64_fast,1,tile_load,0.391960144043,225,12.5739574432
web-Google,s64_m64_fast,1,tile_compute,0.708103179932,225,12.5739574432
web-Google,s64_m64_fast,1,tile_store,0.0388622283936,225,12.5739574432
web-Google,s64_m64_fast,1,output_scatter,0.267267227173,225,12.5739574432
web-Google,s64_m64_fast,1,thread_amx_setup,0.0362396240234,225,12.5739574432
web-Google,s64_m64_fast,1,window_state_load,0,225,12.5739574432
web-Google,s64_m64_fast,1,window_state_store,0.186204910278,225,12.5739574432
web-Google,s64_m64_fast,2,output_zero,0,225,11.3050937653
web-Google,s64_m64_fast,2,row_schedule,0.0729560852051,225,11.3050937653
web-Google,s64_m64_fast,2,partial_zero,0.0851154327393,225,11.3050937653
web-Google,s64_m64_fast,2,csr_prefetch,4.46057319641,225,11.3050937653
web-Google,s64_m64_fast,2,feature_gather_decode,3.5343170166,225,11.3050937653
web-Google,s64_m64_fast,2,fp32_neighbor_reduction,1.32703781128,225,11.3050937653
web-Google,s64_m64_fast,2,partial_bf16_conversion,1.41525268555,225,11.3050937653
web-Google,s64_m64_fast,2,tile_load,0.36883354187,225,11.3050937653
web-Google,s64_m64_fast,2,tile_compute,0.765323638916,225,11.3050937653
web-Google,s64_m64_fast,2,tile_store,0.0462532043457,225,11.3050937653
web-Google,s64_m64_fast,2,output_scatter,0.370979309082,225,11.3050937653
web-Google,s64_m64_fast,2,thread_amx_setup,0.0419616699219,225,11.3050937653
web-Google,s64_m64_fast,2,window_state_load,0,225,11.3050937653
web-Google,s64_m64_fast,2,window_state_store,0.174283981323,225,11.3050937653
web-Google,s32_m64_fast,1,output_zero,0,225,12.6571655273
web-Google,s32_m64_fast,1,row_schedule,0.0998973846436,225,12.6571655273
web-Google,s32_m64_fast,1,partial_zero,0.0810623168945,225,12.6571655273
web-Google,s32_m64_fast,1,csr_prefetch,4.33325767517,225,12.6571655273
web-Google,s32_m64_fast,1,feature_gather_decode,3.48901748657,225,12.6571655273
web-Google,s32_m64_fast,1,fp32_neighbor_reduction,1.35469436646,225,12.6571655273
web-Google,s32_m64_fast,1,partial_bf16_conversion,1.37782096863,225,12.6571655273
web-Google,s32_m64_fast,1,tile_load,0.380039215088,225,12.6571655273
web-Google,s32_m64_fast,1,tile_compute,0.726461410522,225,12.6571655273
web-Google,s32_m64_fast,1,tile_store,0.030517578125,225,12.6571655273
web-Google,s32_m64_fast,1,output_scatter,0.267267227173,225,12.6571655273
web-Google,s32_m64_fast,1,thread_amx_setup,0.0426769256592,225,12.6571655273
web-Google,s32_m64_fast,1,window_state_load,0.00429153442383,225,12.6571655273
web-Google,s32_m64_fast,1,window_state_store,0.174045562744,225,12.6571655273
web-Google,s32_m64_fast,2,output_zero,0,225,11.2500190735
web-Google,s32_m64_fast,2,row_schedule,0.0655651092529,225,11.2500190735
web-Google,s32_m64_fast,2,partial_zero,0.098705291748,225,11.2500190735
web-Google,s32_m64_fast,2,csr_prefetch,4.46963310242,225,11.2500190735
web-Google,s32_m64_fast,2,feature_gather_decode,3.52430343628,225,11.2500190735
web-Google,s32_m64_fast,2,fp32_neighbor_reduction,1.36256217957,225,11.2500190735
web-Google,s32_m64_fast,2,partial_bf16_conversion,1.41048431396,225,11.2500190735
web-Google,s32_m64_fast,2,tile_load,0.3662109375,225,11.2500190735
web-Google,s32_m64_fast,2,tile_compute,0.781059265137,225,11.2500190735
web-Google,s32_m64_fast,2,tile_store,0.042200088501,225,11.2500190735
web-Google,s32_m64_fast,2,output_scatter,0.364065170288,225,11.2500190735
web-Google,s32_m64_fast,2,thread_amx_setup,0.0362396240234,225,11.2500190735
web-Google,s32_m64_fast,2,window_state_load,0.00405311584473,225,11.2500190735
web-Google,s32_m64_fast,2,window_state_store,0.161170959473,225,11.2500190735
web-Google,s32_m256_fast,1,output_zero,0,225,12.5050544739
web-Google,s32_m256_fast,1,row_schedule,0.0779628753662,225,12.5050544739
web-Google,s32_m256_fast,1,partial_zero,0.0853538513184,225,12.5050544739
web-Google,s32_m256_fast,1,csr_prefetch,4.31299209595,225,12.5050544739
web-Google,s32_m256_fast,1,feature_gather_decode,3.53908538818,225,12.5050544739
web-Google,s32_m256_fast,1,fp32_neighbor_reduction,1.2903213501,225,12.5050544739
web-Google,s32_m256_fast,1,partial_bf16_conversion,1.34301185608,225,12.5050544739
web-Google,s32_m256_fast,1,tile_load,0.354766845703,225,12.5050544739
web-Google,s32_m256_fast,1,tile_compute,0.727653503418,225,12.5050544739
web-Google,s32_m256_fast,1,tile_store,0.0262260437012,225,12.5050544739
web-Google,s32_m256_fast,1,output_scatter,0.267028808594,225,12.5050544739
web-Google,s32_m256_fast,1,thread_amx_setup,0.0317096710205,225,12.5050544739
web-Google,s32_m256_fast,1,window_state_load,0.00476837158203,225,12.5050544739
web-Google,s32_m256_fast,1,window_state_store,0.184297561646,225,12.5050544739
web-Google,s32_m256_fast,2,output_zero,0,225,11.1911296844
web-Google,s32_m256_fast,2,row_schedule,0.102996826172,225,11.1911296844
web-Google,s32_m256_fast,2,partial_zero,0.079870223999,225,11.1911296844
web-Google,s32_m256_fast,2,csr_prefetch,4.43196296692,225,11.1911296844
web-Google,s32_m256_fast,2,feature_gather_decode,3.573179245,225,11.1911296844
web-Google,s32_m256_fast,2,fp32_neighbor_reduction,1.28483772278,225,11.1911296844
web-Google,s32_m256_fast,2,partial_bf16_conversion,1.36184692383,225,11.1911296844
web-Google,s32_m256_fast,2,tile_load,0.379323959351,225,11.1911296844
web-Google,s32_m256_fast,2,tile_compute,0.745296478271,225,11.1911296844
web-Google,s32_m256_fast,2,tile_store,0.0221729278564,225,11.1911296844
web-Google,s32_m256_fast,2,output_scatter,0.370025634766,225,11.1911296844
web-Google,s32_m256_fast,2,thread_amx_setup,0.0438690185547,225,11.1911296844
web-Google,s32_m256_fast,2,window_state_load,0.00524520874023,225,11.1911296844
web-Google,s32_m256_fast,2,window_state_store,0.159740447998,225,11.1911296844
web-Google,s64_m256_fast,1,output_zero,0,225,12.4289989471
web-Google,s64_m256_fast,1,row_schedule,0.105381011963,225,12.4289989471
web-Google,s64_m256_fast,1,partial_zero,0.0700950622559,225,12.4289989471
web-Google,s64_m256_fast,1,csr_prefetch,4.39596176147,225,12.4289989471
web-Google,s64_m256_fast,1,feature_gather_decode,3.59773635864,225,12.4289989471
web-Google,s64_m256_fast,1,fp32_neighbor_reduction,1.31869316101,225,12.4289989471
web-Google,s64_m256_fast,1,partial_bf16_conversion,1.34325027466,225,12.4289989471
web-Google,s64_m256_fast,1,tile_load,0.383615493774,225,12.4289989471
web-Google,s64_m256_fast,1,tile_compute,0.740528106689,225,12.4289989471
web-Google,s64_m256_fast,1,tile_store,0.0391006469727,225,12.4289989471
web-Google,s64_m256_fast,1,output_scatter,0.271558761597,225,12.4289989471
web-Google,s64_m256_fast,1,thread_amx_setup,0.0407695770264,225,12.4289989471
web-Google,s64_m256_fast,1,window_state_load,0.00190734863281,225,12.4289989471
web-Google,s64_m256_fast,1,window_state_store,0.171422958374,225,12.4289989471
web-Google,s64_m256_fast,2,output_zero,0.000953674316406,225,11.0828876495
web-Google,s64_m256_fast,2,row_schedule,0.0936985015869,225,11.0828876495
web-Google,s64_m256_fast,2,partial_zero,0.0884532928467,225,11.0828876495
web-Google,s64_m256_fast,2,csr_prefetch,4.45175170898,225,11.0828876495
web-Google,s64_m256_fast,2,feature_gather_decode,3.59416007996,225,11.0828876495
web-Google,s64_m256_fast,2,fp32_neighbor_reduction,1.3210773468,225,11.0828876495
web-Google,s64_m256_fast,2,partial_bf16_conversion,1.35183334351,225,11.0828876495
web-Google,s64_m256_fast,2,tile_load,0.394344329834,225,11.0828876495
web-Google,s64_m256_fast,2,tile_compute,0.723838806152,225,11.0828876495
web-Google,s64_m256_fast,2,tile_store,0.0417232513428,225,11.0828876495
web-Google,s64_m256_fast,2,output_scatter,0.3662109375,225,11.0828876495
web-Google,s64_m256_fast,2,thread_amx_setup,0.0436305999756,225,11.0828876495
web-Google,s64_m256_fast,2,window_state_load,0.00119209289551,225,11.0828876495
web-Google,s64_m256_fast,2,window_state_store,0.197887420654,225,11.0828876495
web-Google,s32_mfull_fast,1,output_zero,0,225,12.433052063
web-Google,s32_mfull_fast,1,row_schedule,0.0982284545898,225,12.433052063
web-Google,s32_mfull_fast,1,partial_zero,0.0736713409424,225,12.433052063
web-Google,s32_mfull_fast,1,csr_prefetch,4.37140464783,225,12.433052063
web-Google,s32_mfull_fast,1,feature_gather_decode,3.61585617065,225,12.433052063
web-Google,s32_mfull_fast,1,fp32_neighbor_reduction,1.24502182007,225,12.433052063
web-Google,s32_mfull_fast,1,partial_bf16_conversion,1.3313293457,225,12.433052063
web-Google,s32_mfull_fast,1,tile_load,0.364303588867,225,12.433052063
web-Google,s32_mfull_fast,1,tile_compute,0.727891921997,225,12.433052063
web-Google,s32_mfull_fast,1,tile_store,0.0302791595459,225,12.433052063
web-Google,s32_mfull_fast,1,output_scatter,0.260353088379,225,12.433052063
web-Google,s32_mfull_fast,1,thread_amx_setup,0.0450611114502,225,12.433052063
web-Google,s32_mfull_fast,1,window_state_load,0.0138282775879,225,12.433052063
web-Google,s32_mfull_fast,1,window_state_store,0.169515609741,225,12.433052063
web-Google,s32_mfull_fast,2,output_zero,0,225,10.8969211578
web-Google,s32_mfull_fast,2,row_schedule,0.0860691070557,225,10.8969211578
web-Google,s32_mfull_fast,2,partial_zero,0.0896453857422,225,10.8969211578
web-Google,s32_mfull_fast,2,csr_prefetch,4.41098213196,225,10.8969211578
web-Google,s32_mfull_fast,2,feature_gather_decode,3.59702110291,225,10.8969211578
web-Google,s32_mfull_fast,2,fp32_neighbor_reduction,1.2993812561,225,10.8969211578
web-Google,s32_mfull_fast,2,partial_bf16_conversion,1.35040283203,225,10.8969211578
web-Google,s32_mfull_fast,2,tile_load,0.363111495972,225,10.8969211578
web-Google,s32_mfull_fast,2,tile_compute,0.756740570068,225,10.8969211578
web-Google,s32_mfull_fast,2,tile_store,0.0302791595459,225,10.8969211578
web-Google,s32_mfull_fast,2,output_scatter,0.365734100342,225,10.8969211578
web-Google,s32_mfull_fast,2,thread_amx_setup,0.0381469726562,225,10.8969211578
web-Google,s32_mfull_fast,2,window_state_load,0.00667572021484,225,10.8969211578
web-Google,s32_mfull_fast,2,window_state_store,0.171661376953,225,10.8969211578
web-Google,s64_mfull_fast,1,output_zero,0,225,12.1881961823
web-Google,s64_mfull_fast,1,row_schedule,0.0901222229004,225,12.1881961823
web-Google,s64_mfull_fast,1,partial_zero,0.0803470611572,225,12.1881961823
web-Google,s64_mfull_fast,1,csr_prefetch,4.33564186096,225,12.1881961823
web-Google,s64_mfull_fast,1,feature_gather_decode,3.47661972046,225,12.1881961823
web-Google,s64_mfull_fast,1,fp32_neighbor_reduction,1.23834609985,225,12.1881961823
web-Google,s64_mfull_fast,1,partial_bf16_conversion,1.33609771729,225,12.1881961823
web-Google,s64_mfull_fast,1,tile_load,0.383138656616,225,12.1881961823
web-Google,s64_mfull_fast,1,tile_compute,0.730514526367,225,12.1881961823
web-Google,s64_mfull_fast,1,tile_store,0.0300407409668,225,12.1881961823
web-Google,s64_mfull_fast,1,output_scatter,0.258684158325,225,12.1881961823
web-Google,s64_mfull_fast,1,thread_amx_setup,0.0309944152832,225,12.1881961823
web-Google,s64_mfull_fast,1,window_state_load,0.00214576721191,225,12.1881961823
web-Google,s64_mfull_fast,1,window_state_store,0.179052352905,225,12.1881961823
web-Google,s64_mfull_fast,2,output_zero,0,225,11.2280845642
web-Google,s64_mfull_fast,2,row_schedule,0.0667572021484,225,11.2280845642
web-Google,s64_mfull_fast,2,partial_zero,0.0917911529541,225,11.2280845642
web-Google,s64_mfull_fast,2,csr_prefetch,4.20999526978,225,11.2280845642
web-Google,s64_mfull_fast,2,feature_gather_decode,3.66044044495,225,11.2280845642
web-Google,s64_mfull_fast,2,fp32_neighbor_reduction,1.35660171509,225,11.2280845642
web-Google,s64_mfull_fast,2,partial_bf16_conversion,1.34634971619,225,11.2280845642
web-Google,s64_mfull_fast,2,tile_load,0.345945358276,225,11.2280845642
web-Google,s64_mfull_fast,2,tile_compute,0.79345703125,225,11.2280845642
web-Google,s64_mfull_fast,2,tile_store,0.0371932983398,225,11.2280845642
web-Google,s64_mfull_fast,2,output_scatter,0.370025634766,225,11.2280845642
web-Google,s64_mfull_fast,2,thread_amx_setup,0.035285949707,225,11.2280845642
web-Google,s64_mfull_fast,2,window_state_load,0.00333786010742,225,11.2280845642
web-Google,s64_mfull_fast,2,window_state_store,0.207662582397,225,11.2280845642
web-Google,s128_mfull_fast,1,output_zero,0,225,12.4399662018
web-Google,s128_mfull_fast,1,row_schedule,0.0927448272705,225,12.4399662018
web-Google,s128_mfull_fast,1,partial_zero,0.0767707824707,225,12.4399662018
web-Google,s128_mfull_fast,1,csr_prefetch,4.31108474731,225,12.4399662018
web-Google,s128_mfull_fast,1,feature_gather_decode,3.50952148438,225,12.4399662018
web-Google,s128_mfull_fast,1,fp32_neighbor_reduction,1.29652023315,225,12.4399662018
web-Google,s128_mfull_fast,1,partial_bf16_conversion,1.33180618286,225,12.4399662018
web-Google,s128_mfull_fast,1,tile_load,0.394105911255,225,12.4399662018
web-Google,s128_mfull_fast,1,tile_compute,0.723123550415,225,12.4399662018
web-Google,s128_mfull_fast,1,tile_store,0.028133392334,225,12.4399662018
web-Google,s128_mfull_fast,1,output_scatter,0.266790390015,225,12.4399662018
web-Google,s128_mfull_fast,1,thread_amx_setup,0.042200088501,225,12.4399662018
web-Google,s128_mfull_fast,1,window_state_load,0.000953674316406,225,12.4399662018
web-Google,s128_mfull_fast,1,window_state_store,0.189542770386,225,12.4399662018
web-Google,s128_mfull_fast,2,output_zero,0,225,11.00897789
web-Google,s128_mfull_fast,2,row_schedule,0.0674724578857,225,11.00897789
web-Google,s128_mfull_fast,2,partial_zero,0.0808238983154,225,11.00897789
web-Google,s128_mfull_fast,2,csr_prefetch,4.48060035706,225,11.00897789
web-Google,s128_mfull_fast,2,feature_gather_decode,3.40867042542,225,11.00897789
web-Google,s128_mfull_fast,2,fp32_neighbor_reduction,1.33538246155,225,11.00897789
web-Google,s128_mfull_fast,2,partial_bf16_conversion,1.34491920471,225,11.00897789
web-Google,s128_mfull_fast,2,tile_load,0.368118286133,225,11.00897789
web-Google,s128_mfull_fast,2,tile_compute,0.75364112854,225,11.00897789
web-Google,s128_mfull_fast,2,tile_store,0.0345706939697,225,11.00897789
web-Google,s128_mfull_fast,2,output_scatter,0.365972518921,225,11.00897789
web-Google,s128_mfull_fast,2,thread_amx_setup,0.0419616699219,225,11.00897789
web-Google,s128_mfull_fast,2,window_state_load,0,225,11.00897789
web-Google,s128_mfull_fast,2,window_state_store,0.195264816284,225,11.00897789
web-Google,s64_mfull_accurate,1,output_zero,0,225,13.4620666504
web-Google,s64_mfull_accurate,1,row_schedule,0.0903606414795,225,13.4620666504
web-Google,s64_mfull_accurate,1,partial_zero,0.0848770141602,225,13.4620666504
web-Google,s64_mfull_accurate,1,csr_prefetch,4.59146499634,225,13.4620666504
web-Google,s64_mfull_accurate,1,feature_gather_decode,3.71623039246,225,13.4620666504
web-Google,s64_mfull_accurate,1,fp32_neighbor_reduction,1.28936767578,225,13.4620666504
web-Google,s64_mfull_accurate,1,partial_bf16_conversion,4.16231155396,225,13.4620666504
web-Google,s64_mfull_accurate,1,tile_load,0.758171081543,225,13.4620666504
web-Google,s64_mfull_accurate,1,tile_compute,0.883340835571,225,13.4620666504
web-Google,s64_mfull_accurate,1,tile_store,0.032901763916,225,13.4620666504
web-Google,s64_mfull_accurate,1,output_scatter,0.27060508728,225,13.4620666504
web-Google,s64_mfull_accurate,1,thread_amx_setup,0.030517578125,225,13.4620666504
web-Google,s64_mfull_accurate,1,window_state_load,0.00286102294922,225,13.4620666504
web-Google,s64_mfull_accurate,1,window_state_store,0.195980072021,225,13.4620666504
web-Google,s64_mfull_accurate,2,output_zero,0,225,12.1538639069
web-Google,s64_mfull_accurate,2,row_schedule,0.0770092010498,225,12.1538639069
web-Google,s64_mfull_accurate,2,partial_zero,0.0917911529541,225,12.1538639069
web-Google,s64_mfull_accurate,2,csr_prefetch,4.64797019958,225,12.1538639069
web-Google,s64_mfull_accurate,2,feature_gather_decode,3.70454788208,225,12.1538639069
web-Google,s64_mfull_accurate,2,fp32_neighbor_reduction,1.37543678284,225,12.1538639069
web-Google,s64_mfull_accurate,2,partial_bf16_conversion,4.14848327637,225,12.1538639069
web-Google,s64_mfull_accurate,2,tile_load,0.729084014893,225,12.1538639069
web-Google,s64_mfull_accurate,2,tile_compute,0.871896743774,225,12.1538639069
web-Google,s64_mfull_accurate,2,tile_store,0.0240802764893,225,12.1538639069
web-Google,s64_mfull_accurate,2,output_scatter,0.393629074097,225,12.1538639069
web-Google,s64_mfull_accurate,2,thread_amx_setup,0.0452995300293,225,12.1538639069
web-Google,s64_mfull_accurate,2,window_state_load,0.00309944152832,225,12.1538639069
web-Google,s64_mfull_accurate,2,window_state_store,0.194549560547,225,12.1538639069
web-Google,s64_mfull_rowwise_fast,1,output_zero,0,225,12.6340389252
web-Google,s64_mfull_rowwise_fast,1,row_schedule,0.0934600830078,225,12.6340389252
web-Google,s64_mfull_rowwise_fast,1,partial_zero,0.0948905944824,225,12.6340389252
web-Google,s64_mfull_rowwise_fast,1,csr_prefetch,4.43124771118,225,12.6340389252
web-Google,s64_mfull_rowwise_fast,1,feature_gather_decode,3.46970558167,225,12.6340389252
web-Google,s64_mfull_rowwise_fast,1,fp32_neighbor_reduction,1.25002861023,225,12.6340389252
web-Google,s64_mfull_rowwise_fast,1,partial_bf16_conversion,1.32822990417,225,12.6340389252
web-Google,s64_mfull_rowwise_fast,1,tile_load,0.367641448975,225,12.6340389252
web-Google,s64_mfull_rowwise_fast,1,tile_compute,0.716209411621,225,12.6340389252
web-Google,s64_mfull_rowwise_fast,1,tile_store,0.0338554382324,225,12.6340389252
web-Google,s64_mfull_rowwise_fast,1,output_scatter,1.1739730835,225,12.6340389252
web-Google,s64_mfull_rowwise_fast,1,thread_amx_setup,0.0343322753906,225,12.6340389252
web-Google,s64_mfull_rowwise_fast,1,window_state_load,0.00214576721191,225,12.6340389252
web-Google,s64_mfull_rowwise_fast,1,window_state_store,0.188589096069,225,12.6340389252
web-Google,s64_mfull_rowwise_fast,2,output_zero,0,225,10.8940601349
web-Google,s64_mfull_rowwise_fast,2,row_schedule,3.22341918945,225,10.8940601349
web-Google,s64_mfull_rowwise_fast,2,partial_zero,0.0956058502197,225,10.8940601349
web-Google,s64_mfull_rowwise_fast,2,csr_prefetch,4.4801235199,225,10.8940601349
web-Google,s64_mfull_rowwise_fast,2,feature_gather_decode,3.59463691711,225,10.8940601349
web-Google,s64_mfull_rowwise_fast,2,fp32_neighbor_reduction,1.27053260803,225,10.8940601349
web-Google,s64_mfull_rowwise_fast,2,partial_bf16_conversion,1.34825706482,225,10.8940601349
web-Google,s64_mfull_rowwise_fast,2,tile_load,0.383615493774,225,10.8940601349
web-Google,s64_mfull_rowwise_fast,2,tile_compute,0.761032104492,225,10.8940601349
web-Google,s64_mfull_rowwise_fast,2,tile_store,0.0276565551758,225,10.8940601349
web-Google,s64_mfull_rowwise_fast,2,output_scatter,0.364303588867,225,10.8940601349
web-Google,s64_mfull_rowwise_fast,2,thread_amx_setup,0.0267028808594,225,10.8940601349
web-Google,s64_mfull_rowwise_fast,2,window_state_load,0.00286102294922,225,10.8940601349
web-Google,s64_mfull_rowwise_fast,2,window_state_store,0.185012817383,225,10.8940601349
wiki-Talk,b64_fast,1,output_zero,0,586,37.8458499908
wiki-Talk,b64_fast,1,row_schedule,0.0481605529785,586,37.8458499908
wiki-Talk,b64_fast,1,partial_zero,0.267267227173,586,37.8458499908
wiki-Talk,b64_fast,1,csr_prefetch,3.21841239929,586,37.8458499908
wiki-Talk,b64_fast,1,feature_gather_decode,4.31370735168,586,37.8458499908
wiki-Talk,b64_fast,1,fp32_neighbor_reduction,3.1054019928,586,37.8458499908
wiki-Talk,b64_fast,1,partial_bf16_conversion,0.218629837036,586,37.8458499908
wiki-Talk,b64_fast,1,tile_load,1.24621391296,586,37.8458499908
wiki-Talk,b64_fast,1,tile_compute,1.25789642334,586,37.8458499908
wiki-Talk,b64_fast,1,tile_store,0.190496444702,586,37.8458499908
wiki-Talk,b64_fast,1,output_scatter,0.0436305999756,586,37.8458499908
wiki-Talk,b64_fast,1,thread_amx_setup,0.0157356262207,586,37.8458499908
wiki-Talk,b64_fast,2,output_zero,0,586,35.2430343628
wiki-Talk,b64_fast,2,row_schedule,0.0641345977783,586,35.2430343628
wiki-Talk,b64_fast,2,partial_zero,0.259637832642,586,35.2430343628
wiki-Talk,b64_fast,2,csr_prefetch,3.13329696655,586,35.2430343628
wiki-Talk,b64_fast,2,feature_gather_decode,4.42481040955,586,35.2430343628
wiki-Talk,b64_fast,2,fp32_neighbor_reduction,3.08418273926,586,35.2430343628
wiki-Talk,b64_fast,2,partial_bf16_conversion,0.228643417358,586,35.2430343628
wiki-Talk,b64_fast,2,tile_load,1.1568069458,586,35.2430343628
wiki-Talk,b64_fast,2,tile_compute,1.23882293701,586,35.2430343628
wiki-Talk,b64_fast,2,tile_store,0.168085098267,586,35.2430343628
wiki-Talk,b64_fast,2,output_scatter,0.00619888305664,586,35.2430343628
wiki-Talk,b64_fast,2,thread_amx_setup,0.0202655792236,586,35.2430343628
wiki-Talk,b64_accurate,1,output_zero,0,586,43.2658195496
wiki-Talk,b64_accurate,1,row_schedule,0.0650882720947,586,43.2658195496
wiki-Talk,b64_accurate,1,partial_zero,0.23889541626,586,43.2658195496
wiki-Talk,b64_accurate,1,csr_prefetch,3.24964523315,586,43.2658195496
wiki-Talk,b64_accurate,1,feature_gather_decode,4.41265106201,586,43.2658195496
wiki-Talk,b64_accurate,1,fp32_neighbor_reduction,3.14450263977,586,43.2658195496
wiki-Talk,b64_accurate,1,partial_bf16_conversion,0.397443771362,586,43.2658195496
wiki-Talk,b64_accurate,1,tile_load,1.97052955627,586,43.2658195496
wiki-Talk,b64_accurate,1,tile_compute,2.07138061523,586,43.2658195496
wiki-Talk,b64_accurate,1,tile_store,0.14853477478,586,43.2658195496
wiki-Talk,b64_accurate,1,output_scatter,0.0414848327637,586,43.2658195496
wiki-Talk,b64_accurate,1,thread_amx_setup,0.0197887420654,586,43.2658195496
wiki-Talk,b64_accurate,2,output_zero,0,586,38.2559299469
wiki-Talk,b64_accurate,2,row_schedule,0.0624656677246,586,38.2559299469
wiki-Talk,b64_accurate,2,partial_zero,0.27871131897,586,38.2559299469
wiki-Talk,b64_accurate,2,csr_prefetch,3.16953659058,586,38.2559299469
wiki-Talk,b64_accurate,2,feature_gather_decode,4.43911552429,586,38.2559299469
wiki-Talk,b64_accurate,2,fp32_neighbor_reduction,3.02410125732,586,38.2559299469
wiki-Talk,b64_accurate,2,partial_bf16_conversion,0.409841537476,586,38.2559299469
wiki-Talk,b64_accurate,2,tile_load,2.0387172699,586,38.2559299469
wiki-Talk,b64_accurate,2,tile_compute,1.95407867432,586,38.2559299469
wiki-Talk,b64_accurate,2,tile_store,0.133514404297,586,38.2559299469
wiki-Talk,b64_accurate,2,output_scatter,0.00905990600586,586,38.2559299469
wiki-Talk,b64_accurate,2,thread_amx_setup,0.0190734863281,586,38.2559299469
wiki-Talk,bfull_fast,1,output_zero,0,586,31.8529605865
wiki-Talk,bfull_fast,1,row_schedule,0.0622272491455,586,31.8529605865
wiki-Talk,bfull_fast,1,partial_zero,0.0109672546387,586,31.8529605865
wiki-Talk,bfull_fast,1,csr_prefetch,2.91204452515,586,31.8529605865
wiki-Talk,bfull_fast,1,feature_gather_decode,4.33802604675,586,31.8529605865
wiki-Talk,bfull_fast,1,fp32_neighbor_reduction,2.91728973389,586,31.8529605865
wiki-Talk,bfull_fast,1,partial_bf16_conversion,0.00786781311035,586,31.8529605865
wiki-Talk,bfull_fast,1,tile_load,0.0345706939697,586,31.8529605865
wiki-Talk,bfull_fast,1,tile_compute,0.13256072998,586,31.8529605865
wiki-Talk,bfull_fast,1,tile_store,0.00286102294922,586,31.8529605865
wiki-Talk,bfull_fast,1,output_scatter,0.0448226928711,586,31.8529605865
wiki-Talk,bfull_fast,1,thread_amx_setup,0.0126361846924,586,31.8529605865
wiki-Talk,bfull_fast,2,output_zero,0,586,30.4110050201
wiki-Talk,bfull_fast,2,row_schedule,0.0641345977783,586,30.4110050201
wiki-Talk,bfull_fast,2,partial_zero,0.00667572021484,586,30.4110050201
wiki-Talk,bfull_fast,2,csr_prefetch,3.03363800049,586,30.4110050201
wiki-Talk,bfull_fast,2,feature_gather_decode,4.22263145447,586,30.4110050201
wiki-Talk,bfull_fast,2,fp32_neighbor_reduction,2.85506248474,586,30.4110050201
wiki-Talk,bfull_fast,2,partial_bf16_conversion,0.00762939453125,586,30.4110050201
wiki-Talk,bfull_fast,2,tile_load,0.0290870666504,586,30.4110050201
wiki-Talk,bfull_fast,2,tile_compute,0.0944137573242,586,30.4110050201
wiki-Talk,bfull_fast,2,tile_store,0.00476837158203,586,30.4110050201
wiki-Talk,bfull_fast,2,output_scatter,0.0119209289551,586,30.4110050201
wiki-Talk,bfull_fast,2,thread_amx_setup,0.0195503234863,586,30.4110050201
wiki-Talk,bfull_accurate,1,output_zero,0,586,31.1388969421
wiki-Talk,bfull_accurate,1,row_schedule,0.0650882720947,586,31.1388969421
wiki-Talk,bfull_accurate,1,partial_zero,0.0107288360596,586,31.1388969421
wiki-Talk,bfull_accurate,1,csr_prefetch,2.99644470215,586,31.1388969421
wiki-Talk,bfull_accurate,1,feature_gather_decode,4.10485267639,586,31.1388969421
wiki-Talk,bfull_accurate,1,fp32_neighbor_reduction,2.86436080933,586,31.1388969421
wiki-Talk,bfull_accurate,1,partial_bf16_conversion,0.0171661376953,586,31.1388969421
wiki-Talk,bfull_accurate,1,tile_load,0.0619888305664,586,31.1388969421
wiki-Talk,bfull_accurate,1,tile_compute,0.137805938721,586,31.1388969421
wiki-Talk,bfull_accurate,1,tile_store,0.00834465026855,586,31.1388969421
wiki-Talk,bfull_accurate,1,output_scatter,0.035285949707,586,31.1388969421
wiki-Talk,bfull_accurate,1,thread_amx_setup,0.0119209289551,586,31.1388969421
wiki-Talk,bfull_accurate,2,output_zero,0,586,28.6929607391
wiki-Talk,bfull_accurate,2,row_schedule,0.0591278076172,586,28.6929607391
wiki-Talk,bfull_accurate,2,partial_zero,0.0102519989014,586,28.6929607391
wiki-Talk,bfull_accurate,2,csr_prefetch,2.96759605408,586,28.6929607391
wiki-Talk,bfull_accurate,2,feature_gather_decode,4.16493415833,586,28.6929607391
wiki-Talk,bfull_accurate,2,fp32_neighbor_reduction,2.86769866943,586,28.6929607391
wiki-Talk,bfull_accurate,2,partial_bf16_conversion,0.00977516174316,586,28.6929607391
wiki-Talk,bfull_accurate,2,tile_load,0.0481605529785,586,28.6929607391
wiki-Talk,bfull_accurate,2,tile_compute,0.141143798828,586,28.6929607391
wiki-Talk,bfull_accurate,2,tile_store,0.00286102294922,586,28.6929607391
wiki-Talk,bfull_accurate,2,output_scatter,0.00786781311035,586,28.6929607391
wiki-Talk,bfull_accurate,2,thread_amx_setup,0.0171661376953,586,28.6929607391
wiki-Talk,b256_fast,1,output_zero,0,586,34.1300964355
wiki-Talk,b256_fast,1,row_schedule,0.0650882720947,586,34.1300964355
wiki-Talk,b256_fast,1,partial_zero,0.0691413879395,586,34.1300964355
wiki-Talk,b256_fast,1,csr_prefetch,3.24940681458,586,34.1300964355
wiki-Talk,b256_fast,1,feature_gather_decode,4.23502922058,586,34.1300964355
wiki-Talk,b256_fast,1,fp32_neighbor_reduction,2.99739837646,586,34.1300964355
wiki-Talk,b256_fast,1,partial_bf16_conversion,0.0689029693604,586,34.1300964355
wiki-Talk,b256_fast,1,tile_load,0.316381454468,586,34.1300964355
wiki-Talk,b256_fast,1,tile_compute,0.423669815063,586,34.1300964355
wiki-Talk,b256_fast,1,tile_store,0.0424385070801,586,34.1300964355
wiki-Talk,b256_fast,1,output_scatter,0.0419616699219,586,34.1300964355
wiki-Talk,b256_fast,1,thread_amx_setup,0.0169277191162,586,34.1300964355
wiki-Talk,b256_fast,2,output_zero,0,586,31.3680171967
wiki-Talk,b256_fast,2,row_schedule,0.0557899475098,586,31.3680171967
wiki-Talk,b256_fast,2,partial_zero,0.0712871551514,586,31.3680171967
wiki-Talk,b256_fast,2,csr_prefetch,3.17335128784,586,31.3680171967
wiki-Talk,b256_fast,2,feature_gather_decode,4.35376167297,586,31.3680171967
wiki-Talk,b256_fast,2,fp32_neighbor_reduction,3.03888320923,586,31.3680171967
wiki-Talk,b256_fast,2,partial_bf16_conversion,0.0555515289307,586,31.3680171967
wiki-Talk,b256_fast,2,tile_load,0.328063964844,586,31.3680171967
wiki-Talk,b256_fast,2,tile_compute,0.371932983398,586,31.3680171967
wiki-Talk,b256_fast,2,tile_store,0.0290870666504,586,31.3680171967
wiki-Talk,b256_fast,2,output_scatter,0.0100135803223,586,31.3680171967
wiki-Talk,b256_fast,2,thread_amx_setup,0.0298023223877,586,31.3680171967
wiki-Talk,b256_accurate,1,output_zero,0,586,34.1949462891
wiki-Talk,b256_accurate,1,row_schedule,0.0848770141602,586,34.1949462891
wiki-Talk,b256_accurate,1,partial_zero,0.0677108764648,586,34.1949462891
wiki-Talk,b256_accurate,1,csr_prefetch,3.1406879425,586,34.1949462891
wiki-Talk,b256_accurate,1,feature_gather_decode,4.25791740417,586,34.1949462891
wiki-Talk,b256_accurate,1,fp32_neighbor_reduction,3.00431251526,586,34.1949462891
wiki-Talk,b256_accurate,1,partial_bf16_conversion,0.100612640381,586,34.1949462891
wiki-Talk,b256_accurate,1,tile_load,0.544548034668,586,34.1949462891
wiki-Talk,b256_accurate,1,tile_compute,0.60248374939,586,34.1949462891
wiki-Talk,b256_accurate,1,tile_store,0.0290870666504,586,34.1949462891
wiki-Talk,b256_accurate,1,output_scatter,0.0410079956055,586,34.1949462891
wiki-Talk,b256_accurate,1,thread_amx_setup,0.0133514404297,586,34.1949462891
wiki-Talk,b256_accurate,2,output_zero,0,586,32.2790145874
wiki-Talk,b256_accurate,2,row_schedule,0.0643730163574,586,32.2790145874
wiki-Talk,b256_accurate,2,partial_zero,0.068187713623,586,32.2790145874
wiki-Talk,b256_accurate,2,csr_prefetch,3.26085090637,586,32.2790145874
wiki-Talk,b256_accurate,2,feature_gather_decode,4.23288345337,586,32.2790145874
wiki-Talk,b256_accurate,2,fp32_neighbor_reduction,3.03602218628,586,32.2790145874
wiki-Talk,b256_accurate,2,partial_bf16_conversion,0.123262405396,586,32.2790145874
wiki-Talk,b256_accurate,2,tile_load,0.548839569092,586,32.2790145874
wiki-Talk,b256_accurate,2,tile_compute,0.557899475098,586,32.2790145874
wiki-Talk,b256_accurate,2,tile_store,0.0417232513428,586,32.2790145874
wiki-Talk,b256_accurate,2,output_scatter,0.00596046447754,586,32.2790145874
wiki-Talk,b256_accurate,2,thread_amx_setup,0.0259876251221,586,32.2790145874
wiki-Talk,s64_m64_fast,1,output_zero,0,586,86.3349437714
wiki-Talk,s64_m64_fast,1,row_schedule,0.123262405396,586,86.3349437714
wiki-Talk,s64_m64_fast,1,partial_zero,0.300645828247,586,86.3349437714
wiki-Talk,s64_m64_fast,1,csr_prefetch,21.5837955475,586,86.3349437714
wiki-Talk,s64_m64_fast,1,feature_gather_decode,15.6853199005,586,86.3349437714
wiki-Talk,s64_m64_fast,1,fp32_neighbor_reduction,6.20794296265,586,86.3349437714
wiki-Talk,s64_m64_fast,1,partial_bf16_conversion,12.0482444763,586,86.3349437714
wiki-Talk,s64_m64_fast,1,tile_load,3.04627418518,586,86.3349437714
wiki-Talk,s64_m64_fast,1,tile_compute,2.47931480408,586,86.3349437714
wiki-Talk,s64_m64_fast,1,tile_store,0.266075134277,586,86.3349437714
wiki-Talk,s64_m64_fast,1,output_scatter,0.401973724365,586,86.3349437714
wiki-Talk,s64_m64_fast,1,thread_amx_setup,0.0309944152832,586,86.3349437714
wiki-Talk,s64_m64_fast,1,window_state_load,0,586,86.3349437714
wiki-Talk,s64_m64_fast,1,window_state_store,0.1380443573,586,86.3349437714
wiki-Talk,s64_m64_fast,2,output_zero,0,586,83.3609104156
wiki-Talk,s64_m64_fast,2,row_schedule,0.0698566436768,586,83.3609104156
wiki-Talk,s64_m64_fast,2,partial_zero,0.298023223877,586,83.3609104156
wiki-Talk,s64_m64_fast,2,csr_prefetch,21.4557647705,586,83.3609104156
wiki-Talk,s64_m64_fast,2,feature_gather_decode,15.7616138458,586,83.3609104156
wiki-Talk,s64_m64_fast,2,fp32_neighbor_reduction,6.15000724792,586,83.3609104156
wiki-Talk,s64_m64_fast,2,partial_bf16_conversion,12.0661258698,586,83.3609104156
wiki-Talk,s64_m64_fast,2,tile_load,3.06177139282,586,83.3609104156
wiki-Talk,s64_m64_fast,2,tile_compute,2.48265266418,586,83.3609104156
wiki-Talk,s64_m64_fast,2,tile_store,0.28133392334,586,83.3609104156
wiki-Talk,s64_m64_fast,2,output_scatter,0.192642211914,586,83.3609104156
wiki-Talk,s64_m64_fast,2,thread_amx_setup,0.0388622283936,586,83.3609104156
wiki-Talk,s64_m64_fast,2,window_state_load,0,586,83.3609104156
wiki-Talk,s64_m64_fast,2,window_state_store,0.137090682983,586,83.3609104156
wiki-Talk,s32_m64_fast,1,output_zero,0.00119209289551,586,84.8200321198
wiki-Talk,s32_m64_fast,1,row_schedule,0.113964080811,586,84.8200321198
wiki-Talk,s32_m64_fast,1,partial_zero,0.298500061035,586,84.8200321198
wiki-Talk,s32_m64_fast,1,csr_prefetch,21.4343070984,586,84.8200321198
wiki-Talk,s32_m64_fast,1,feature_gather_decode,15.7425403595,586,84.8200321198
wiki-Talk,s32_m64_fast,1,fp32_neighbor_reduction,6.12783432007,586,84.8200321198
wiki-Talk,s32_m64_fast,1,partial_bf16_conversion,12.0475292206,586,84.8200321198
wiki-Talk,s32_m64_fast,1,tile_load,3.04532051086,586,84.8200321198
wiki-Talk,s32_m64_fast,1,tile_compute,2.49576568604,586,84.8200321198
wiki-Talk,s32_m64_fast,1,tile_store,0.2601146698,586,84.8200321198
wiki-Talk,s32_m64_fast,1,output_scatter,0.386953353882,586,84.8200321198
wiki-Talk,s32_m64_fast,1,thread_amx_setup,0.0259876251221,586,84.8200321198
wiki-Talk,s32_m64_fast,1,window_state_load,0.0922679901123,586,84.8200321198
wiki-Talk,s32_m64_fast,1,window_state_store,0.244379043579,586,84.8200321198
wiki-Talk,s32_m64_fast,2,output_zero,0,586,85.1309299469
wiki-Talk,s32_m64_fast,2,row_schedule,0.0715255737305,586,85.1309299469
wiki-Talk,s32_m64_fast,2,partial_zero,0.309705734253,586,85.1309299469
wiki-Talk,s32_m64_fast,2,csr_prefetch,21.4757919312,586,85.1309299469
wiki-Talk,s32_m64_fast,2,feature_gather_decode,15.7613754272,586,85.1309299469
wiki-Talk,s32_m64_fast,2,fp32_neighbor_reduction,6.13117218018,586,85.1309299469
wiki-Talk,s32_m64_fast,2,partial_bf16_conversion,12.0451450348,586,85.1309299469
wiki-Talk,s32_m64_fast,2,tile_load,3.03959846497,586,85.1309299469
wiki-Talk,s32_m64_fast,2,tile_compute,2.46262550354,586,85.1309299469
wiki-Talk,s32_m64_fast,2,tile_store,0.253677368164,586,85.1309299469
wiki-Talk,s32_m64_fast,2,output_scatter,0.186920166016,586,85.1309299469
wiki-Talk,s32_m64_fast,2,thread_amx_setup,0.0381469726562,586,85.1309299469
wiki-Talk,s32_m64_fast,2,window_state_load,0.100135803223,586,85.1309299469
wiki-Talk,s32_m64_fast,2,window_state_store,0.216960906982,586,85.1309299469
wiki-Talk,s32_m256_fast,1,output_zero,0,586,70.4209804535
wiki-Talk,s32_m256_fast,1,row_schedule,0.121116638184,586,70.4209804535
wiki-Talk,s32_m256_fast,1,partial_zero,0.104188919067,586,70.4209804535
wiki-Talk,s32_m256_fast,1,csr_prefetch,21.4862823486,586,70.4209804535
wiki-Talk,s32_m256_fast,1,feature_gather_decode,15.6927108765,586,70.4209804535
wiki-Talk,s32_m256_fast,1,fp32_neighbor_reduction,6.19697570801,586,70.4209804535
wiki-Talk,s32_m256_fast,1,partial_bf16_conversion,3.18312644958,586,70.4209804535
wiki-Talk,s32_m256_fast,1,tile_load,0.778198242188,586,70.4209804535
wiki-Talk,s32_m256_fast,1,tile_compute,0.770330429077,586,70.4209804535
wiki-Talk,s32_m256_fast,1,tile_store,0.08225440979,586,70.4209804535
wiki-Talk,s32_m256_fast,1,output_scatter,0.387907028198,586,70.4209804535
wiki-Talk,s32_m256_fast,1,thread_amx_setup,0.0262260437012,586,70.4209804535
wiki-Talk,s32_m256_fast,1,window_state_load,0.181913375854,586,70.4209804535
wiki-Talk,s32_m256_fast,1,window_state_store,0.197649002075,586,70.4209804535
wiki-Talk,s32_m256_fast,2,output_zero,0,586,67.4960613251
wiki-Talk,s32_m256_fast,2,row_schedule,0.0853538513184,586,67.4960613251
wiki-Talk,s32_m256_fast,2,partial_zero,0.0813007354736,586,67.4960613251
wiki-Talk,s32_m256_fast,2,csr_prefetch,21.4986801147,586,67.4960613251
wiki-Talk,s32_m256_fast,2,feature_gather_decode,15.6106948853,586,67.4960613251
wiki-Talk,s32_m256_fast,2,fp32_neighbor_reduction,6.16526603699,586,67.4960613251
wiki-Talk,s32_m256_fast,2,partial_bf16_conversion,3.19600105286,586,67.4960613251
wiki-Talk,s32_m256_fast,2,tile_load,0.817775726318,586,67.4960613251
wiki-Talk,s32_m256_fast,2,tile_compute,0.728130340576,586,67.4960613251
wiki-Talk,s32_m256_fast,2,tile_store,0.0674724578857,586,67.4960613251
wiki-Talk,s32_m256_fast,2,output_scatter,0.188112258911,586,67.4960613251
wiki-Talk,s32_m256_fast,2,thread_amx_setup,0.0391006469727,586,67.4960613251
wiki-Talk,s32_m256_fast,2,window_state_load,0.181674957275,586,67.4960613251
wiki-Talk,s32_m256_fast,2,window_state_store,0.242233276367,586,67.4960613251
wiki-Talk,s64_m256_fast,1,output_zero,0,586,70.7278251648
wiki-Talk,s64_m256_fast,1,row_schedule,0.117063522339,586,70.7278251648
wiki-Talk,s64_m256_fast,1,partial_zero,0.0879764556885,586,70.7278251648
wiki-Talk,s64_m256_fast,1,csr_prefetch,21.5516090393,586,70.7278251648
wiki-Talk,s64_m256_fast,1,feature_gather_decode,15.5801773071,586,70.7278251648
wiki-Talk,s64_m256_fast,1,fp32_neighbor_reduction,6.25276565552,586,70.7278251648
wiki-Talk,s64_m256_fast,1,partial_bf16_conversion,3.21555137634,586,70.7278251648
wiki-Talk,s64_m256_fast,1,tile_load,0.807046890259,586,70.7278251648
wiki-Talk,s64_m256_fast,1,tile_compute,0.76961517334,586,70.7278251648
wiki-Talk,s64_m256_fast,1,tile_store,0.0674724578857,586,70.7278251648
wiki-Talk,s64_m256_fast,1,output_scatter,0.39005279541,586,70.7278251648
wiki-Talk,s64_m256_fast,1,thread_amx_setup,0.0298023223877,586,70.7278251648
wiki-Talk,s64_m256_fast,1,window_state_load,0.079870223999,586,70.7278251648
wiki-Talk,s64_m256_fast,1,window_state_store,0.145196914673,586,70.7278251648
wiki-Talk,s64_m256_fast,2,output_zero,0,586,68.295955658
wiki-Talk,s64_m256_fast,2,row_schedule,0.0786781311035,586,68.295955658
wiki-Talk,s64_m256_fast,2,partial_zero,0.075101852417,586,68.295955658
wiki-Talk,s64_m256_fast,2,csr_prefetch,21.4807987213,586,68.295955658
wiki-Talk,s64_m256_fast,2,feature_gather_decode,15.5742168427,586,68.295955658
wiki-Talk,s64_m256_fast,2,fp32_neighbor_reduction,6.15119934082,586,68.295955658
wiki-Talk,s64_m256_fast,2,partial_bf16_conversion,3.17883491516,586,68.295955658
wiki-Talk,s64_m256_fast,2,tile_load,0.837564468384,586,68.295955658
wiki-Talk,s64_m256_fast,2,tile_compute,0.741004943848,586,68.295955658
wiki-Talk,s64_m256_fast,2,tile_store,0.0715255737305,586,68.295955658
wiki-Talk,s64_m256_fast,2,output_scatter,0.204086303711,586,68.295955658
wiki-Talk,s64_m256_fast,2,thread_amx_setup,0.0450611114502,586,68.295955658
wiki-Talk,s64_m256_fast,2,window_state_load,0.0758171081543,586,68.295955658
wiki-Talk,s64_m256_fast,2,window_state_store,0.144243240356,586,68.295955658
wiki-Talk,s32_mfull_fast,1,output_zero,0,586,62.5998973846
wiki-Talk,s32_mfull_fast,1,row_schedule,0.108242034912,586,62.5998973846
wiki-Talk,s32_mfull_fast,1,partial_zero,0.0109672546387,586,62.5998973846
wiki-Talk,s32_mfull_fast,1,csr_prefetch,20.5008983612,586,62.5998973846
wiki-Talk,s32_mfull_fast,1,feature_gather_decode,14.7171020508,586,62.5998973846
wiki-Talk,s32_mfull_fast,1,fp32_neighbor_reduction,5.82027435303,586,62.5998973846
wiki-Talk,s32_mfull_fast,1,partial_bf16_conversion,0.282287597656,586,62.5998973846
wiki-Talk,s32_mfull_fast,1,tile_load,0.0808238983154,586,62.5998973846
wiki-Talk,s32_mfull_fast,1,tile_compute,0.150918960571,586,62.5998973846
wiki-Talk,s32_mfull_fast,1,tile_store,0.00596046447754,586,62.5998973846
wiki-Talk,s32_mfull_fast,1,output_scatter,0.387191772461,586,62.5998973846
wiki-Talk,s32_mfull_fast,1,thread_amx_setup,0.0228881835938,586,62.5998973846
wiki-Talk,s32_mfull_fast,1,window_state_load,0.201940536499,586,62.5998973846
wiki-Talk,s32_mfull_fast,1,window_state_store,0.226974487305,586,62.5998973846
wiki-Talk,s32_mfull_fast,2,output_zero,0,586,60.595035553
wiki-Talk,s32_mfull_fast,2,row_schedule,0.100612640381,586,60.595035553
wiki-Talk,s32_mfull_fast,2,partial_zero,0.0126361846924,586,60.595035553
wiki-Talk,s32_mfull_fast,2,csr_prefetch,20.5204486847,586,60.595035553
wiki-Talk,s32_mfull_fast,2,feature_gather_decode,14.7306919098,586,60.595035553
wiki-Talk,s32_mfull_fast,2,fp32_neighbor_reduction,5.78451156616,586,60.595035553
wiki-Talk,s32_mfull_fast,2,partial_bf16_conversion,0.279664993286,586,60.595035553
wiki-Talk,s32_mfull_fast,2,tile_load,0.0584125518799,586,60.595035553
wiki-Talk,s32_mfull_fast,2,tile_compute,0.165224075317,586,60.595035553
wiki-Talk,s32_mfull_fast,2,tile_store,0.00858306884766,586,60.595035553
wiki-Talk,s32_mfull_fast,2,output_scatter,0.179052352905,586,60.595035553
wiki-Talk,s32_mfull_fast,2,thread_amx_setup,0.0383853912354,586,60.595035553
wiki-Talk,s32_mfull_fast,2,window_state_load,0.195026397705,586,60.595035553
wiki-Talk,s32_mfull_fast,2,window_state_store,0.221014022827,586,60.595035553
wiki-Talk,s64_mfull_fast,1,output_zero,0.000953674316406,586,62.6039505005
wiki-Talk,s64_mfull_fast,1,row_schedule,0.111818313599,586,62.6039505005
wiki-Talk,s64_mfull_fast,1,partial_zero,0.0100135803223,586,62.6039505005
wiki-Talk,s64_mfull_fast,1,csr_prefetch,20.5934047699,586,62.6039505005
wiki-Talk,s64_mfull_fast,1,feature_gather_decode,14.6336555481,586,62.6039505005
wiki-Talk,s64_mfull_fast,1,fp32_neighbor_reduction,5.81765174866,586,62.6039505005
wiki-Talk,s64_mfull_fast,1,partial_bf16_conversion,0.277519226074,586,62.6039505005
wiki-Talk,s64_mfull_fast,1,tile_load,0.072717666626,586,62.6039505005
wiki-Talk,s64_mfull_fast,1,tile_compute,0.164747238159,586,62.6039505005
wiki-Talk,s64_mfull_fast,1,tile_store,0.00452995300293,586,62.6039505005
wiki-Talk,s64_mfull_fast,1,output_scatter,0.384092330933,586,62.6039505005
wiki-Talk,s64_mfull_fast,1,thread_amx_setup,0.0207424163818,586,62.6039505005
wiki-Talk,s64_mfull_fast,1,window_state_load,0.0982284545898,586,62.6039505005
wiki-Talk,s64_mfull_fast,1,window_state_store,0.146150588989,586,62.6039505005
wiki-Talk,s64_mfull_fast,2,output_zero,0,586,60.8110427856
wiki-Talk,s64_mfull_fast,2,row_schedule,0.077486038208,586,60.8110427856
wiki-Talk,s64_mfull_fast,2,partial_zero,0.0171661376953,586,60.8110427856
wiki-Talk,s64_mfull_fast,2,csr_prefetch,20.3385353088,586,60.8110427856
wiki-Talk,s64_mfull_fast,2,feature_gather_decode,14.6899223328,586,60.8110427856
wiki-Talk,s64_mfull_fast,2,fp32_neighbor_reduction,5.84292411804,586,60.8110427856
wiki-Talk,s64_mfull_fast,2,partial_bf16_conversion,0.277757644653,586,60.8110427856
wiki-Talk,s64_mfull_fast,2,tile_load,0.08225440979,586,60.8110427856
wiki-Talk,s64_mfull_fast,2,tile_compute,0.162839889526,586,60.8110427856
wiki-Talk,s64_mfull_fast,2,tile_store,0.00762939453125,586,60.8110427856
wiki-Talk,s64_mfull_fast,2,output_scatter,0.199794769287,586,60.8110427856
wiki-Talk,s64_mfull_fast,2,thread_amx_setup,0.0426769256592,586,60.8110427856
wiki-Talk,s64_mfull_fast,2,window_state_load,0.0879764556885,586,60.8110427856
wiki-Talk,s64_mfull_fast,2,window_state_store,0.122547149658,586,60.8110427856
wiki-Talk,s128_mfull_fast,1,output_zero,0,586,63.6100769043
wiki-Talk,s128_mfull_fast,1,row_schedule,0.100612640381,586,63.6100769043
wiki-Talk,s128_mfull_fast,1,partial_zero,0.0145435333252,586,63.6100769043
wiki-Talk,s128_mfull_fast,1,csr_prefetch,20.4229354858,586,63.6100769043
wiki-Talk,s128_mfull_fast,1,feature_gather_decode,14.5611763,586,63.6100769043
wiki-Talk,s128_mfull_fast,1,fp32_neighbor_reduction,5.88536262512,586,63.6100769043
wiki-Talk,s128_mfull_fast,1,partial_bf16_conversion,0.281810760498,586,63.6100769043
wiki-Talk,s128_mfull_fast,1,tile_load,0.0762939453125,586,63.6100769043
wiki-Talk,s128_mfull_fast,1,tile_compute,0.156879425049,586,63.6100769043
wiki-Talk,s128_mfull_fast,1,tile_store,0.00691413879395,586,63.6100769043
wiki-Talk,s128_mfull_fast,1,output_scatter,0.393152236938,586,63.6100769043
wiki-Talk,s128_mfull_fast,1,thread_amx_setup,0.0207424163818,586,63.6100769043
wiki-Talk,s128_mfull_fast,1,window_state_load,0.035285949707,586,63.6100769043
wiki-Talk,s128_mfull_fast,1,window_state_store,0.0929832458496,586,63.6100769043
wiki-Talk,s128_mfull_fast,2,output_zero,0,586,60.1119995117
wiki-Talk,s128_mfull_fast,2,row_schedule,0.0646114349365,586,60.1119995117
wiki-Talk,s128_mfull_fast,2,partial_zero,0.0228881835938,586,60.1119995117
wiki-Talk,s128_mfull_fast,2,csr_prefetch,20.4246044159,586,60.1119995117
wiki-Talk,s128_mfull_fast,2,feature_gather_decode,14.5750045776,586,60.1119995117
wiki-Talk,s128_mfull_fast,2,fp32_neighbor_reduction,5.89728355408,586,60.1119995117
wiki-Talk,s128_mfull_fast,2,partial_bf16_conversion,0.282049179077,586,60.1119995117
wiki-Talk,s128_mfull_fast,2,tile_load,0.0648498535156,586,60.1119995117
wiki-Talk,s128_mfull_fast,2,tile_compute,0.160217285156,586,60.1119995117
wiki-Talk,s128_mfull_fast,2,tile_store,0.00596046447754,586,60.1119995117
wiki-Talk,s128_mfull_fast,2,output_scatter,0.205278396606,586,60.1119995117
wiki-Talk,s128_mfull_fast,2,thread_amx_setup,0.0457763671875,586,60.1119995117
wiki-Talk,s128_mfull_fast,2,window_state_load,0.0519752502441,586,60.1119995117
wiki-Talk,s128_mfull_fast,2,window_state_store,0.0884532928467,586,60.1119995117
wiki-Talk,s64_mfull_accurate,1,output_zero,0,586,63.451051712
wiki-Talk,s64_mfull_accurate,1,row_schedule,0.0994205474854,586,63.451051712
wiki-Talk,s64_mfull_accurate,1,partial_zero,0.0214576721191,586,63.451051712
wiki-Talk,s64_mfull_accurate,1,csr_prefetch,20.405292511,586,63.451051712
wiki-Talk,s64_mfull_accurate,1,feature_gather_decode,14.8029327393,586,63.451051712
wiki-Talk,s64_mfull_accurate,1,fp32_neighbor_reduction,5.85031509399,586,63.451051712
wiki-Talk,s64_mfull_accurate,1,partial_bf16_conversion,0.843286514282,586,63.451051712
wiki-Talk,s64_mfull_accurate,1,tile_load,0.149011611938,586,63.451051712
wiki-Talk,s64_mfull_accurate,1,tile_compute,0.176429748535,586,63.451051712
wiki-Talk,s64_mfull_accurate,1,tile_store,0.00739097595215,586,63.451051712
wiki-Talk,s64_mfull_accurate,1,output_scatter,0.402927398682,586,63.451051712
wiki-Talk,s64_mfull_accurate,1,thread_amx_setup,0.0293254852295,586,63.451051712
wiki-Talk,s64_mfull_accurate,1,window_state_load,0.100135803223,586,63.451051712
wiki-Talk,s64_mfull_accurate,1,window_state_store,0.126600265503,586,63.451051712
wiki-Talk,s64_mfull_accurate,2,output_zero,0,586,59.3211650848
wiki-Talk,s64_mfull_accurate,2,row_schedule,0.0717639923096,586,59.3211650848
wiki-Talk,s64_mfull_accurate,2,partial_zero,0.0102519989014,586,59.3211650848
wiki-Talk,s64_mfull_accurate,2,csr_prefetch,20.4734802246,586,59.3211650848
wiki-Talk,s64_mfull_accurate,2,feature_gather_decode,14.6834850311,586,59.3211650848
wiki-Talk,s64_mfull_accurate,2,fp32_neighbor_reduction,5.85103034973,586,59.3211650848
wiki-Talk,s64_mfull_accurate,2,partial_bf16_conversion,0.842571258545,586,59.3211650848
wiki-Talk,s64_mfull_accurate,2,tile_load,0.155210494995,586,59.3211650848
wiki-Talk,s64_mfull_accurate,2,tile_compute,0.151872634888,586,59.3211650848
wiki-Talk,s64_mfull_accurate,2,tile_store,0.00596046447754,586,59.3211650848
wiki-Talk,s64_mfull_accurate,2,output_scatter,0.200033187866,586,59.3211650848
wiki-Talk,s64_mfull_accurate,2,thread_amx_setup,0.0400543212891,586,59.3211650848
wiki-Talk,s64_mfull_accurate,2,window_state_load,0.0913143157959,586,59.3211650848
wiki-Talk,s64_mfull_accurate,2,window_state_store,0.135183334351,586,59.3211650848
wiki-Talk,s64_mfull_rowwise_fast,1,output_zero,0,586,63.4939670563
wiki-Talk,s64_mfull_rowwise_fast,1,row_schedule,0.104904174805,586,63.4939670563
wiki-Talk,s64_mfull_rowwise_fast,1,partial_zero,0.0174045562744,586,63.4939670563
wiki-Talk,s64_mfull_rowwise_fast,1,csr_prefetch,20.4412937164,586,63.4939670563
wiki-Talk,s64_mfull_rowwise_fast,1,feature_gather_decode,14.6584510803,586,63.4939670563
wiki-Talk,s64_mfull_rowwise_fast,1,fp32_neighbor_reduction,5.8388710022,586,63.4939670563
wiki-Talk,s64_mfull_rowwise_fast,1,partial_bf16_conversion,0.277519226074,586,63.4939670563
wiki-Talk,s64_mfull_rowwise_fast,1,tile_load,0.0813007354736,586,63.4939670563
wiki-Talk,s64_mfull_rowwise_fast,1,tile_compute,0.17237663269,586,63.4939670563
wiki-Talk,s64_mfull_rowwise_fast,1,tile_store,0.00977516174316,586,63.4939670563
wiki-Talk,s64_mfull_rowwise_fast,1,output_scatter,0.47779083252,586,63.4939670563
wiki-Talk,s64_mfull_rowwise_fast,1,thread_amx_setup,0.0283718109131,586,63.4939670563
wiki-Talk,s64_mfull_rowwise_fast,1,window_state_load,0.0991821289062,586,63.4939670563
wiki-Talk,s64_mfull_rowwise_fast,1,window_state_store,0.143766403198,586,63.4939670563
wiki-Talk,s64_mfull_rowwise_fast,2,output_zero,0,586,60.3408813477
wiki-Talk,s64_mfull_rowwise_fast,2,row_schedule,0.438690185547,586,60.3408813477
wiki-Talk,s64_mfull_rowwise_fast,2,partial_zero,0.018835067749,586,60.3408813477
wiki-Talk,s64_mfull_rowwise_fast,2,csr_prefetch,20.3108787537,586,60.3408813477
wiki-Talk,s64_mfull_rowwise_fast,2,feature_gather_decode,14.634847641,586,60.3408813477
wiki-Talk,s64_mfull_rowwise_fast,2,fp32_neighbor_reduction,5.8171749115,586,60.3408813477
wiki-Talk,s64_mfull_rowwise_fast,2,partial_bf16_conversion,0.271558761597,586,60.3408813477
wiki-Talk,s64_mfull_rowwise_fast,2,tile_load,0.079870223999,586,60.3408813477
wiki-Talk,s64_mfull_rowwise_fast,2,tile_compute,0.139713287354,586,60.3408813477
wiki-Talk,s64_mfull_rowwise_fast,2,tile_store,0.0100135803223,586,60.3408813477
wiki-Talk,s64_mfull_rowwise_fast,2,output_scatter,0.197410583496,586,60.3408813477
wiki-Talk,s64_mfull_rowwise_fast,2,thread_amx_setup,0.0336170196533,586,60.3408813477
wiki-Talk,s64_mfull_rowwise_fast,2,window_state_load,0.0965595245361,586,60.3408813477
wiki-Talk,s64_mfull_rowwise_fast,2,window_state_store,0.133514404297,586,60.3408813477
email-Enron,b64_fast,1,output_zero,0,10,1.59811973572
email-Enron,b64_fast,1,row_schedule,0.00286102294922,10,1.59811973572
email-Enron,b64_fast,1,partial_zero,0.00715255737305,10,1.59811973572
email-Enron,b64_fast,1,csr_prefetch,0.180721282959,10,1.59811973572
email-Enron,b64_fast,1,feature_gather_decode,0.18835067749,10,1.59811973572
email-Enron,b64_fast,1,fp32_neighbor_reduction,0.191450119019,10,1.59811973572
email-Enron,b64_fast,1,partial_bf16_conversion,0.0162124633789,10,1.59811973572
email-Enron,b64_fast,1,tile_load,0.0288486480713,10,1.59811973572
email-Enron,b64_fast,1,tile_compute,0.0619888305664,10,1.59811973572
email-Enron,b64_fast,1,tile_store,0.00381469726562,10,1.59811973572
email-Enron,b64_fast,1,output_scatter,0.00810623168945,10,1.59811973572
email-Enron,b64_fast,1,thread_amx_setup,0.0133514404297,10,1.59811973572
email-Enron,b64_fast,2,output_zero,0,10,1.74117088318
email-Enron,b64_fast,2,row_schedule,0.000953674316406,10,1.74117088318
email-Enron,b64_fast,2,partial_zero,0.0119209289551,10,1.74117088318
email-Enron,b64_fast,2,csr_prefetch,0.194787979126,10,1.74117088318
email-Enron,b64_fast,2,feature_gather_decode,0.219106674194,10,1.74117088318
email-Enron,b64_fast,2,fp32_neighbor_reduction,0.182867050171,10,1.74117088318
email-Enron,b64_fast,2,partial_bf16_conversion,0.00405311584473,10,1.74117088318
email-Enron,b64_fast,2,tile_load,0.0245571136475,10,1.74117088318
email-Enron,b64_fast,2,tile_compute,0.0629425048828,10,1.74117088318
email-Enron,b64_fast,2,tile_store,0.00309944152832,10,1.74117088318
email-Enron,b64_fast,2,output_scatter,0.00190734863281,10,1.74117088318
email-Enron,b64_fast,2,thread_amx_setup,0.0104904174805,10,1.74117088318
email-Enron,b64_accurate,1,output_zero,0,10,1.6188621521
email-Enron,b64_accurate,1,row_schedule,0.00119209289551,10,1.6188621521
email-Enron,b64_accurate,1,partial_zero,0.00858306884766,10,1.6188621521
email-Enron,b64_accurate,1,csr_prefetch,0.187158584595,10,1.6188621521
email-Enron,b64_accurate,1,feature_gather_decode,0.216722488403,10,1.6188621521
email-Enron,b64_accurate,1,fp32_neighbor_reduction,0.173091888428,10,1.6188621521
email-Enron,b64_accurate,1,partial_bf16_conversion,0.00691413879395,10,1.6188621521
email-Enron,b64_accurate,1,tile_load,0.0498294830322,10,1.6188621521
email-Enron,b64_accurate,1,tile_compute,0.075101852417,10,1.6188621521
email-Enron,b64_accurate,1,tile_store,0.00405311584473,10,1.6188621521
email-Enron,b64_accurate,1,output_scatter,0.00381469726562,10,1.6188621521
email-Enron,b64_accurate,1,thread_amx_setup,0.0100135803223,10,1.6188621521
email-Enron,b64_accurate,2,output_zero,0,10,1.60813331604
email-Enron,b64_accurate,2,row_schedule,0,10,1.60813331604
email-Enron,b64_accurate,2,partial_zero,0.00500679016113,10,1.60813331604
email-Enron,b64_accurate,2,csr_prefetch,0.192165374756,10,1.60813331604
email-Enron,b64_accurate,2,feature_gather_decode,0.211477279663,10,1.60813331604
email-Enron,b64_accurate,2,fp32_neighbor_reduction,0.198841094971,10,1.60813331604
email-Enron,b64_accurate,2,partial_bf16_conversion,0.00643730163574,10,1.60813331604
email-Enron,b64_accurate,2,tile_load,0.0436305999756,10,1.60813331604
email-Enron,b64_accurate,2,tile_compute,0.0960826873779,10,1.60813331604
email-Enron,b64_accurate,2,tile_store,0.00286102294922,10,1.60813331604
email-Enron,b64_accurate,2,output_scatter,0.00309944152832,10,1.60813331604
email-Enron,b64_accurate,2,thread_amx_setup,0.0162124633789,10,1.60813331604
email-Enron,bfull_fast,1,output_zero,0,10,1.39307975769
email-Enron,bfull_fast,1,row_schedule,0.00333786010742,10,1.39307975769
email-Enron,bfull_fast,1,partial_zero,0.00381469726562,10,1.39307975769
email-Enron,bfull_fast,1,csr_prefetch,0.197410583496,10,1.39307975769
email-Enron,bfull_fast,1,feature_gather_decode,0.218152999878,10,1.39307975769
email-Enron,bfull_fast,1,fp32_neighbor_reduction,0.197649002075,10,1.39307975769
email-Enron,bfull_fast,1,partial_bf16_conversion,0.00333786010742,10,1.39307975769
email-Enron,bfull_fast,1,tile_load,0.0104904174805,10,1.39307975769
email-Enron,bfull_fast,1,tile_compute,0.0100135803223,10,1.39307975769
email-Enron,bfull_fast,1,tile_store,0,10,1.39307975769
email-Enron,bfull_fast,1,output_scatter,0.00786781311035,10,1.39307975769
email-Enron,bfull_fast,1,thread_amx_setup,0.0147819519043,10,1.39307975769
email-Enron,bfull_fast,2,output_zero,0,10,1.4181137085
email-Enron,bfull_fast,2,row_schedule,0,10,1.4181137085
email-Enron,bfull_fast,2,partial_zero,0.00190734863281,10,1.4181137085
email-Enron,bfull_fast,2,csr_prefetch,0.179052352905,10,1.4181137085
email-Enron,bfull_fast,2,feature_gather_decode,0.23078918457,10,1.4181137085
email-Enron,bfull_fast,2,fp32_neighbor_reduction,0.178813934326,10,1.4181137085
email-Enron,bfull_fast,2,partial_bf16_conversion,0.000953674316406,10,1.4181137085
email-Enron,bfull_fast,2,tile_load,0.0102519989014,10,1.4181137085
email-Enron,bfull_fast,2,tile_compute,0.0205039978027,10,1.4181137085
email-Enron,bfull_fast,2,tile_store,0,10,1.4181137085
email-Enron,bfull_fast,2,output_scatter,0.00286102294922,10,1.4181137085
email-Enron,bfull_fast,2,thread_amx_setup,0.0221729278564,10,1.4181137085
email-Enron,bfull_accurate,1,output_zero,0,10,1.35898590088
email-Enron,bfull_accurate,1,row_schedule,0.00309944152832,10,1.35898590088
email-Enron,bfull_accurate,1,partial_zero,0.00214576721191,10,1.35898590088
email-Enron,bfull_accurate,1,csr_prefetch,0.184297561646,10,1.35898590088
email-Enron,bfull_accurate,1,feature_gather_decode,0.213384628296,10,1.35898590088
email-Enron,bfull_accurate,1,fp32_neighbor_reduction,0.170946121216,10,1.35898590088
email-Enron,bfull_accurate,1,partial_bf16_conversion,0.00286102294922,10,1.35898590088
email-Enron,bfull_accurate,1,tile_load,0.0171661376953,10,1.35898590088
email-Enron,bfull_accurate,1,tile_compute,0.0271797180176,10,1.35898590088
email-Enron,bfull_accurate,1,tile_store,0.000953674316406,10,1.35898590088
email-Enron,bfull_accurate,1,output_scatter,0.00810623168945,10,1.35898590088
email-Enron,bfull_accurate,1,thread_amx_setup,0.00953674316406,10,1.35898590088
email-Enron,bfull_accurate,2,output_zero,0,10,1.42693519592
email-Enron,bfull_accurate,2,row_schedule,0.00119209289551,10,1.42693519592
email-Enron,bfull_accurate,2,partial_zero,0.00309944152832,10,1.42693519592
email-Enron,bfull_accurate,2,csr_prefetch,0.189781188965,10,1.42693519592
email-Enron,bfull_accurate,2,feature_gather_decode,0.216722488403,10,1.42693519592
email-Enron,bfull_accurate,2,fp32_neighbor_reduction,0.178575515747,10,1.42693519592
email-Enron,bfull_accurate,2,partial_bf16_conversion,0.00333786010742,10,1.42693519592
email-Enron,bfull_accurate,2,tile_load,0.0205039978027,10,1.42693519592
email-Enron,bfull_accurate,2,tile_compute,0.0307559967041,10,1.42693519592
email-Enron,bfull_accurate,2,tile_store,0.00309944152832,10,1.42693519592
email-Enron,bfull_accurate,2,output_scatter,0.00190734863281,10,1.42693519592
email-Enron,bfull_accurate,2,thread_amx_setup,0.0171661376953,10,1.42693519592
email-Enron,b256_fast,1,output_zero,0,10,1.44410133362
email-Enron,b256_fast,1,row_schedule,0.00214576721191,10,1.44410133362
email-Enron,b256_fast,1,partial_zero,0.00596046447754,10,1.44410133362
email-Enron,b256_fast,1,csr_prefetch,0.202894210815,10,1.44410133362
email-Enron,b256_fast,1,feature_gather_decode,0.219106674194,10,1.44410133362
email-Enron,b256_fast,1,fp32_neighbor_reduction,0.187873840332,10,1.44410133362
email-Enron,b256_fast,1,partial_bf16_conversion,0.00381469726562,10,1.44410133362
email-Enron,b256_fast,1,tile_load,0.0159740447998,10,1.44410133362
email-Enron,b256_fast,1,tile_compute,0.0290870666504,10,1.44410133362
email-Enron,b256_fast,1,tile_store,0,10,1.44410133362
email-Enron,b256_fast,1,output_scatter,0.00810623168945,10,1.44410133362
email-Enron,b256_fast,1,thread_amx_setup,0.0143051147461,10,1.44410133362
email-Enron,b256_fast,2,output_zero,0.000953674316406,10,1.47700309753
email-Enron,b256_fast,2,row_schedule,0.000953674316406,10,1.47700309753
email-Enron,b256_fast,2,partial_zero,0.00929832458496,10,1.47700309753
email-Enron,b256_fast,2,csr_prefetch,0.191450119019,10,1.47700309753
email-Enron,b256_fast,2,feature_gather_decode,0.223159790039,10,1.47700309753
email-Enron,b256_fast,2,fp32_neighbor_reduction,0.191688537598,10,1.47700309753
email-Enron,b256_fast,2,partial_bf16_conversion,0.000953674316406,10,1.47700309753
email-Enron,b256_fast,2,tile_load,0.0174045562744,10,1.47700309753
email-Enron,b256_fast,2,tile_compute,0.0290870666504,10,1.47700309753
email-Enron,b256_fast,2,tile_store,0.00190734863281,10,1.47700309753
email-Enron,b256_fast,2,output_scatter,0.00190734863281,10,1.47700309753
email-Enron,b256_fast,2,thread_amx_setup,0.0133514404297,10,1.47700309753
email-Enron,b256_accurate,1,output_zero,0,10,1.41000747681
email-Enron,b256_accurate,1,row_schedule,0.000953674316406,10,1.41000747681
email-Enron,b256_accurate,1,partial_zero,0.00309944152832,10,1.41000747681
email-Enron,b256_accurate,1,csr_prefetch,0.197887420654,10,1.41000747681
email-Enron,b256_accurate,1,feature_gather_decode,0.203371047974,10,1.41000747681
email-Enron,b256_accurate,1,fp32_neighbor_reduction,0.16975402832,10,1.41000747681
email-Enron,b256_accurate,1,partial_bf16_conversion,0.00667572021484,10,1.41000747681
email-Enron,b256_accurate,1,tile_load,0.0202655792236,10,1.41000747681
email-Enron,b256_accurate,1,tile_compute,0.0462532043457,10,1.41000747681
email-Enron,b256_accurate,1,tile_store,0,10,1.41000747681
email-Enron,b256_accurate,1,output_scatter,0.00762939453125,10,1.41000747681
email-Enron,b256_accurate,1,thread_amx_setup,0.0143051147461,10,1.41000747681
email-Enron,b256_accurate,2,output_zero,0,10,1.48320198059
email-Enron,b256_accurate,2,row_schedule,0.00119209289551,10,1.48320198059
email-Enron,b256_accurate,2,partial_zero,0.00309944152832,10,1.48320198059
email-Enron,b256_accurate,2,csr_prefetch,0.195503234863,10,1.48320198059
email-Enron,b256_accurate,2,feature_gather_decode,0.219106674194,10,1.48320198059
email-Enron,b256_accurate,2,fp32_neighbor_reduction,0.195026397705,10,1.48320198059
email-Enron,b256_accurate,2,partial_bf16_conversion,0.00429153442383,10,1.48320198059
email-Enron,b256_accurate,2,tile_load,0.0231266021729,10,1.48320198059
email-Enron,b256_accurate,2,tile_compute,0.0405311584473,10,1.48320198059
email-Enron,b256_accurate,2,tile_store,0.000953674316406,10,1.48320198059
email-Enron,b256_accurate,2,output_scatter,0.00286102294922,10,1.48320198059
email-Enron,b256_accurate,2,thread_amx_setup,0.0209808349609,10,1.48320198059
email-Enron,s64_m64_fast,1,output_zero,0,10,3.83496284485
email-Enron,s64_m64_fast,1,row_schedule,0.00381469726562,10,3.83496284485
email-Enron,s64_m64_fast,1,partial_zero,0.00858306884766,10,3.83496284485
email-Enron,s64_m64_fast,1,csr_prefetch,1.26242637634,10,3.83496284485
email-Enron,s64_m64_fast,1,feature_gather_decode,0.937223434448,10,3.83496284485
email-Enron,s64_m64_fast,1,fp32_neighbor_reduction,0.388622283936,10,3.83496284485
email-Enron,s64_m64_fast,1,partial_bf16_conversion,0.263929367065,10,3.83496284485
email-Enron,s64_m64_fast,1,tile_load,0.0712871551514,10,3.83496284485
email-Enron,s64_m64_fast,1,tile_compute,0.109195709229,10,3.83496284485
email-Enron,s64_m64_fast,1,tile_store,0.00596046447754,10,3.83496284485
email-Enron,s64_m64_fast,1,output_scatter,0.0112056732178,10,3.83496284485
email-Enron,s64_m64_fast,1,thread_amx_setup,0.0252723693848,10,3.83496284485
email-Enron,s64_m64_fast,1,window_state_load,0,10,3.83496284485
email-Enron,s64_m64_fast,1,window_state_store,0.0205039978027,10,3.83496284485
email-Enron,s64_m64_fast,2,output_zero,0,10,3.56888771057
email-Enron,s64_m64_fast,2,row_schedule,0,10,3.56888771057
email-Enron,s64_m64_fast,2,partial_zero,0.0121593475342,10,3.56888771057
email-Enron,s64_m64_fast,2,csr_prefetch,1.22976303101,10,3.56888771057
email-Enron,s64_m64_fast,2,feature_gather_decode,0.895977020264,10,3.56888771057
email-Enron,s64_m64_fast,2,fp32_neighbor_reduction,0.385999679565,10,3.56888771057
email-Enron,s64_m64_fast,2,partial_bf16_conversion,0.254154205322,10,3.56888771057
email-Enron,s64_m64_fast,2,tile_load,0.0607967376709,10,3.56888771057
email-Enron,s64_m64_fast,2,tile_compute,0.0874996185303,10,3.56888771057
email-Enron,s64_m64_fast,2,tile_store,0.000953674316406,10,3.56888771057
email-Enron,s64_m64_fast,2,output_scatter,0.0219345092773,10,3.56888771057
email-Enron,s64_m64_fast,2,thread_amx_setup,0.0371932983398,10,3.56888771057
email-Enron,s64_m64_fast,2,window_state_load,0,10,3.56888771057
email-Enron,s64_m64_fast,2,window_state_store,0.0197887420654,10,3.56888771057
email-Enron,s32_m64_fast,1,output_zero,0,10,3.69691848755
email-Enron,s32_m64_fast,1,row_schedule,0.000953674316406,10,3.69691848755
email-Enron,s32_m64_fast,1,partial_zero,0.0104904174805,10,3.69691848755
email-Enron,s32_m64_fast,1,csr_prefetch,1.27601623535,10,3.69691848755
email-Enron,s32_m64_fast,1,feature_gather_decode,0.921964645386,10,3.69691848755
email-Enron,s32_m64_fast,1,fp32_neighbor_reduction,0.367641448975,10,3.69691848755
email-Enron,s32_m64_fast,1,partial_bf16_conversion,0.27060508728,10,3.69691848755
email-Enron,s32_m64_fast,1,tile_load,0.0698566436768,10,3.69691848755
email-Enron,s32_m64_fast,1,tile_compute,0.0913143157959,10,3.69691848755
email-Enron,s32_m64_fast,1,tile_store,0.00476837158203,10,3.69691848755
email-Enron,s32_m64_fast,1,output_scatter,0.0131130218506,10,3.69691848755
email-Enron,s32_m64_fast,1,thread_amx_setup,0.0293254852295,10,3.69691848755
email-Enron,s32_m64_fast,1,window_state_load,0.00286102294922,10,3.69691848755
email-Enron,s32_m64_fast,1,window_state_store,0.0197887420654,10,3.69691848755
email-Enron,s32_m64_fast,2,output_zero,0,10,3.60703468323
email-Enron,s32_m64_fast,2,row_schedule,0.00190734863281,10,3.60703468323
email-Enron,s32_m64_fast,2,partial_zero,0.00810623168945,10,3.60703468323
email-Enron,s32_m64_fast,2,csr_prefetch,1.2629032135,10,3.60703468323
email-Enron,s32_m64_fast,2,feature_gather_decode,0.874996185303,10,3.60703468323
email-Enron,s32_m64_fast,2,fp32_neighbor_reduction,0.407457351685,10,3.60703468323
email-Enron,s32_m64_fast,2,partial_bf16_conversion,0.261545181274,10,3.60703468323
email-Enron,s32_m64_fast,2,tile_load,0.051736831665,10,3.60703468323
email-Enron,s32_m64_fast,2,tile_compute,0.106334686279,10,3.60703468323
email-Enron,s32_m64_fast,2,tile_store,0.00309944152832,10,3.60703468323
email-Enron,s32_m64_fast,2,output_scatter,0.0221729278564,10,3.60703468323
email-Enron,s32_m64_fast,2,thread_amx_setup,0.0326633453369,10,3.60703468323
email-Enron,s32_m64_fast,2,window_state_load,0.00405311584473,10,3.60703468323
email-Enron,s32_m64_fast,2,window_state_store,0.0236034393311,10,3.60703468323
email-Enron,s32_m256_fast,1,output_zero,0,10,3.16119194031
email-Enron,s32_m256_fast,1,row_schedule,0.00286102294922,10,3.16119194031
email-Enron,s32_m256_fast,1,partial_zero,0.00190734863281,10,3.16119194031
email-Enron,s32_m256_fast,1,csr_prefetch,1.17087364197,10,3.16119194031
email-Enron,s32_m256_fast,1,feature_gather_decode,0.836372375488,10,3.16119194031
email-Enron,s32_m256_fast,1,fp32_neighbor_reduction,0.325441360474,10,3.16119194031
email-Enron,s32_m256_fast,1,partial_bf16_conversion,0.131368637085,10,3.16119194031
email-Enron,s32_m256_fast,1,tile_load,0.0309944152832,10,3.16119194031
email-Enron,s32_m256_fast,1,tile_compute,0.0488758087158,10,3.16119194031
email-Enron,s32_m256_fast,1,tile_store,0.00476837158203,10,3.16119194031
email-Enron,s32_m256_fast,1,output_scatter,0.0104904174805,10,3.16119194031
email-Enron,s32_m256_fast,1,thread_amx_setup,0.0219345092773,10,3.16119194031
email-Enron,s32_m256_fast,1,window_state_load,0.00715255737305,10,3.16119194031
email-Enron,s32_m256_fast,1,window_state_store,0.0236034393311,10,3.16119194031
email-Enron,s32_m256_fast,2,output_zero,0,10,3.18813323975
email-Enron,s32_m256_fast,2,row_schedule,0.000953674316406,10,3.18813323975
email-Enron,s32_m256_fast,2,partial_zero,0.00596046447754,10,3.18813323975
email-Enron,s32_m256_fast,2,csr_prefetch,1.15251541138,10,3.18813323975
email-Enron,s32_m256_fast,2,feature_gather_decode,0.8864402771,10,3.18813323975
email-Enron,s32_m256_fast,2,fp32_neighbor_reduction,0.346183776855,10,3.18813323975
email-Enron,s32_m256_fast,2,partial_bf16_conversion,0.121355056763,10,3.18813323975
email-Enron,s32_m256_fast,2,tile_load,0.0290870666504,10,3.18813323975
email-Enron,s32_m256_fast,2,tile_compute,0.0622272491455,10,3.18813323975
email-Enron,s32_m256_fast,2,tile_store,0.00286102294922,10,3.18813323975
email-Enron,s32_m256_fast,2,output_scatter,0.0200271606445,10,3.18813323975
email-Enron,s32_m256_fast,2,thread_amx_setup,0.0379085540771,10,3.18813323975
email-Enron,s32_m256_fast,2,window_state_load,0.00905990600586,10,3.18813323975
email-Enron,s32_m256_fast,2,window_state_store,0.0190734863281,10,3.18813323975
email-Enron,s64_m256_fast,1,output_zero,0,10,3.41105461121
email-Enron,s64_m256_fast,1,row_schedule,0.00214576721191,10,3.41105461121
email-Enron,s64_m256_fast,1,partial_zero,0.00381469726562,10,3.41105461121
email-Enron,s64_m256_fast,1,csr_prefetch,1.29079818726,10,3.41105461121
email-Enron,s64_m256_fast,1,feature_gather_decode,0.931024551392,10,3.41105461121
email-Enron,s64_m256_fast,1,fp32_neighbor_reduction,0.353574752808,10,3.41105461121
email-Enron,s64_m256_fast,1,partial_bf16_conversion,0.14066696167,10,3.41105461121
email-Enron,s64_m256_fast,1,tile_load,0.0400543212891,10,3.41105461121
email-Enron,s64_m256_fast,1,tile_compute,0.0648498535156,10,3.41105461121
email-Enron,s64_m256_fast,1,tile_store,0.00500679016113,10,3.41105461121
email-Enron,s64_m256_fast,1,output_scatter,0.0114440917969,10,3.41105461121
email-Enron,s64_m256_fast,1,thread_amx_setup,0.0221729278564,10,3.41105461121
email-Enron,s64_m256_fast,1,window_state_load,0.00286102294922,10,3.41105461121
email-Enron,s64_m256_fast,1,window_state_store,0.0228881835938,10,3.41105461121
email-Enron,s64_m256_fast,2,output_zero,0,10,3.19981575012
email-Enron,s64_m256_fast,2,row_schedule,0,10,3.19981575012
email-Enron,s64_m256_fast,2,partial_zero,0.00286102294922,10,3.19981575012
email-Enron,s64_m256_fast,2,csr_prefetch,1.20878219604,10,3.19981575012
email-Enron,s64_m256_fast,2,feature_gather_decode,0.86784362793,10,3.19981575012
email-Enron,s64_m256_fast,2,fp32_neighbor_reduction,0.348567962646,10,3.19981575012
email-Enron,s64_m256_fast,2,partial_bf16_conversion,0.12469291687,10,3.19981575012
email-Enron,s64_m256_fast,2,tile_load,0.0371932983398,10,3.19981575012
email-Enron,s64_m256_fast,2,tile_compute,0.0619888305664,10,3.19981575012
email-Enron,s64_m256_fast,2,tile_store,0.00214576721191,10,3.19981575012
email-Enron,s64_m256_fast,2,output_scatter,0.018835067749,10,3.19981575012
email-Enron,s64_m256_fast,2,thread_amx_setup,0.0276565551758,10,3.19981575012
email-Enron,s64_m256_fast,2,window_state_load,0.00119209289551,10,3.19981575012
email-Enron,s64_m256_fast,2,window_state_store,0.0193119049072,10,3.19981575012
email-Enron,s32_mfull_fast,1,output_zero,0,10,3.16214561462
email-Enron,s32_mfull_fast,1,row_schedule,0.00286102294922,10,3.16214561462
email-Enron,s32_mfull_fast,1,partial_zero,0.00643730163574,10,3.16214561462
email-Enron,s32_mfull_fast,1,csr_prefetch,1.20663642883,10,3.16214561462
email-Enron,s32_mfull_fast,1,feature_gather_decode,0.905752182007,10,3.16214561462
email-Enron,s32_mfull_fast,1,fp32_neighbor_reduction,0.32377243042,10,3.16214561462
email-Enron,s32_mfull_fast,1,partial_bf16_conversion,0.086784362793,10,3.16214561462
email-Enron,s32_mfull_fast,1,tile_load,0.0262260437012,10,3.16214561462
email-Enron,s32_mfull_fast,1,tile_compute,0.0331401824951,10,3.16214561462
email-Enron,s32_mfull_fast,1,tile_store,0.00286102294922,10,3.16214561462
email-Enron,s32_mfull_fast,1,output_scatter,0.0126361846924,10,3.16214561462
email-Enron,s32_mfull_fast,1,thread_amx_setup,0.0123977661133,10,3.16214561462
email-Enron,s32_mfull_fast,1,window_state_load,0.00953674316406,10,3.16214561462
email-Enron,s32_mfull_fast,1,window_state_store,0.0271797180176,10,3.16214561462
email-Enron,s32_mfull_fast,2,output_zero,0,10,3.35693359375
email-Enron,s32_mfull_fast,2,row_schedule,0.00190734863281,10,3.35693359375
email-Enron,s32_mfull_fast,2,partial_zero,0.00309944152832,10,3.35693359375
email-Enron,s32_mfull_fast,2,csr_prefetch,1.27196311951,10,3.35693359375
email-Enron,s32_mfull_fast,2,feature_gather_decode,0.924110412598,10,3.35693359375
email-Enron,s32_mfull_fast,2,fp32_neighbor_reduction,0.380039215088,10,3.35693359375
email-Enron,s32_mfull_fast,2,partial_bf16_conversion,0.0908374786377,10,3.35693359375
email-Enron,s32_mfull_fast,2,tile_load,0.0259876251221,10,3.35693359375
email-Enron,s32_mfull_fast,2,tile_compute,0.0393390655518,10,3.35693359375
email-Enron,s32_mfull_fast,2,tile_store,0.00309944152832,10,3.35693359375
email-Enron,s32_mfull_fast,2,output_scatter,0.0197887420654,10,3.35693359375
email-Enron,s32_mfull_fast,2,thread_amx_setup,0.030517578125,10,3.35693359375
email-Enron,s32_mfull_fast,2,window_state_load,0.0109672546387,10,3.35693359375
email-Enron,s32_mfull_fast,2,window_state_store,0.0324249267578,10,3.35693359375
email-Enron,s64_mfull_fast,1,output_zero,0,10,3.33499908447
email-Enron,s64_mfull_fast,1,row_schedule,0.00309944152832,10,3.33499908447
email-Enron,s64_mfull_fast,1,partial_zero,0.00286102294922,10,3.33499908447
email-Enron,s64_mfull_fast,1,csr_prefetch,1.26242637634,10,3.33499908447
email-Enron,s64_mfull_fast,1,feature_gather_decode,0.931024551392,10,3.33499908447
email-Enron,s64_mfull_fast,1,fp32_neighbor_reduction,0.378847122192,10,3.33499908447
email-Enron,s64_mfull_fast,1,partial_bf16_conversion,0.0874996185303,10,3.33499908447
email-Enron,s64_mfull_fast,1,tile_load,0.0264644622803,10,3.33499908447
email-Enron,s64_mfull_fast,1,tile_compute,0.030517578125,10,3.33499908447
email-Enron,s64_mfull_fast,1,tile_store,0.00286102294922,10,3.33499908447
email-Enron,s64_mfull_fast,1,output_scatter,0.0102519989014,10,3.33499908447
email-Enron,s64_mfull_fast,1,thread_amx_setup,0.018835067749,10,3.33499908447
email-Enron,s64_mfull_fast,1,window_state_load,0.00405311584473,10,3.33499908447
email-Enron,s64_mfull_fast,1,window_state_store,0.0174045562744,10,3.33499908447
email-Enron,s64_mfull_fast,2,output_zero,0,10,3.13305854797
email-Enron,s64_mfull_fast,2,row_schedule,0.000953674316406,10,3.13305854797
email-Enron,s64_mfull_fast,2,partial_zero,0.00190734863281,10,3.13305854797
email-Enron,s64_mfull_fast,2,csr_prefetch,1.20544433594,10,3.13305854797
email-Enron,s64_mfull_fast,2,feature_gather_decode,0.84376335144,10,3.13305854797
email-Enron,s64_mfull_fast,2,fp32_neighbor_reduction,0.336647033691,10,3.13305854797
email-Enron,s64_mfull_fast,2,partial_bf16_conversion,0.0903606414795,10,3.13305854797
email-Enron,s64_mfull_fast,2,tile_load,0.0197887420654,10,3.13305854797
email-Enron,s64_mfull_fast,2,tile_compute,0.044584274292,10,3.13305854797
email-Enron,s64_mfull_fast,2,tile_store,0.00190734863281,10,3.13305854797
email-Enron,s64_mfull_fast,2,output_scatter,0.0205039978027,10,3.13305854797
email-Enron,s64_mfull_fast,2,thread_amx_setup,0.0267028808594,10,3.13305854797
email-Enron,s64_mfull_fast,2,window_state_load,0.00286102294922,10,3.13305854797
email-Enron,s64_mfull_fast,2,window_state_store,0.0226497650146,10,3.13305854797
email-Enron,s128_mfull_fast,1,output_zero,0.000953674316406,10,3.36408615112
email-Enron,s128_mfull_fast,1,row_schedule,0.00333786010742,10,3.36408615112
email-Enron,s128_mfull_fast,1,partial_zero,0.00596046447754,10,3.36408615112
email-Enron,s128_mfull_fast,1,csr_prefetch,1.26695632935,10,3.36408615112
email-Enron,s128_mfull_fast,1,feature_gather_decode,0.953674316406,10,3.36408615112
email-Enron,s128_mfull_fast,1,fp32_neighbor_reduction,0.388383865356,10,3.36408615112
email-Enron,s128_mfull_fast,1,partial_bf16_conversion,0.0858306884766,10,3.36408615112
email-Enron,s128_mfull_fast,1,tile_load,0.0150203704834,10,3.36408615112
email-Enron,s128_mfull_fast,1,tile_compute,0.0452995300293,10,3.36408615112
email-Enron,s128_mfull_fast,1,tile_store,0,10,3.36408615112
email-Enron,s128_mfull_fast,1,output_scatter,0.0112056732178,10,3.36408615112
email-Enron,s128_mfull_fast,1,thread_amx_setup,0.02121925354,10,3.36408615112
email-Enron,s128_mfull_fast,1,window_state_load,0.00286102294922,10,3.36408615112
email-Enron,s128_mfull_fast,1,window_state_store,0.016450881958,10,3.36408615112
email-Enron,s128_mfull_fast,2,output_zero,0,10,3.26108932495
email-Enron,s128_mfull_fast,2,row_schedule,0.00214576721191,10,3.26108932495
email-Enron,s128_mfull_fast,2,partial_zero,0.00572204589844,10,3.26108932495
email-Enron,s128_mfull_fast,2,csr_prefetch,1.21545791626,10,3.26108932495
email-Enron,s128_mfull_fast,2,feature_gather_decode,0.9605884552,10,3.26108932495
email-Enron,s128_mfull_fast,2,fp32_neighbor_reduction,0.354766845703,10,3.26108932495
email-Enron,s128_mfull_fast,2,partial_bf16_conversion,0.0853538513184,10,3.26108932495
email-Enron,s128_mfull_fast,2,tile_load,0.0190734863281,10,3.26108932495
email-Enron,s128_mfull_fast,2,tile_compute,0.0450611114502,10,3.26108932495
email-Enron,s128_mfull_fast,2,tile_store,0.00381469726562,10,3.26108932495
email-Enron,s128_mfull_fast,2,output_scatter,0.0202655792236,10,3.26108932495
email-Enron,s128_mfull_fast,2,thread_amx_setup,0.0283718109131,10,3.26108932495
email-Enron,s128_mfull_fast,2,window_state_load,0.00190734863281,10,3.26108932495
email-Enron,s128_mfull_fast,2,window_state_store,0.0114440917969,10,3.26108932495
email-Enron,s64_mfull_accurate,1,output_zero,0,10,3.39412689209
email-Enron,s64_mfull_accurate,1,row_schedule,0.000953674316406,10,3.39412689209
email-Enron,s64_mfull_accurate,1,partial_zero,0.00667572021484,10,3.39412689209
email-Enron,s64_mfull_accurate,1,csr_prefetch,1.2993812561,10,3.39412689209
email-Enron,s64_mfull_accurate,1,feature_gather_decode,0.937461853027,10,3.39412689209
email-Enron,s64_mfull_accurate,1,fp32_neighbor_reduction,0.363349914551,10,3.39412689209
email-Enron,s64_mfull_accurate,1,partial_bf16_conversion,0.254154205322,10,3.39412689209
email-Enron,s64_mfull_accurate,1,tile_load,0.0426769256592,10,3.39412689209
email-Enron,s64_mfull_accurate,1,tile_compute,0.0431537628174,10,3.39412689209
email-Enron,s64_mfull_accurate,1,tile_store,0.00381469726562,10,3.39412689209
email-Enron,s64_mfull_accurate,1,output_scatter,0.0119209289551,10,3.39412689209
email-Enron,s64_mfull_accurate,1,thread_amx_setup,0.0221729278564,10,3.39412689209
email-Enron,s64_mfull_accurate,1,window_state_load,0.00596046447754,10,3.39412689209
email-Enron,s64_mfull_accurate,1,window_state_store,0.0126361846924,10,3.39412689209
email-Enron,s64_mfull_accurate,2,output_zero,0,10,3.32999229431
email-Enron,s64_mfull_accurate,2,row_schedule,0.000953674316406,10,3.32999229431
email-Enron,s64_mfull_accurate,2,partial_zero,0.00405311584473,10,3.32999229431
email-Enron,s64_mfull_accurate,2,csr_prefetch,1.25336647034,10,3.32999229431
email-Enron,s64_mfull_accurate,2,feature_gather_decode,0.92077255249,10,3.32999229431
email-Enron,s64_mfull_accurate,2,fp32_neighbor_reduction,0.373601913452,10,3.32999229431
email-Enron,s64_mfull_accurate,2,partial_bf16_conversion,0.246286392212,10,3.32999229431
email-Enron,s64_mfull_accurate,2,tile_load,0.0414848327637,10,3.32999229431
email-Enron,s64_mfull_accurate,2,tile_compute,0.0431537628174,10,3.32999229431
email-Enron,s64_mfull_accurate,2,tile_store,0,10,3.32999229431
email-Enron,s64_mfull_accurate,2,output_scatter,0.0228881835938,10,3.32999229431
email-Enron,s64_mfull_accurate,2,thread_amx_setup,0.0476837158203,10,3.32999229431
email-Enron,s64_mfull_accurate,2,window_state_load,0.00476837158203,10,3.32999229431
email-Enron,s64_mfull_accurate,2,window_state_store,0.0157356262207,10,3.32999229431
email-Enron,s64_mfull_rowwise_fast,1,output_zero,0,10,3.49402427673
email-Enron,s64_mfull_rowwise_fast,1,row_schedule,0.000953674316406,10,3.49402427673
email-Enron,s64_mfull_rowwise_fast,1,partial_zero,0.00405311584473,10,3.49402427673
email-Enron,s64_mfull_rowwise_fast,1,csr_prefetch,1.29818916321,10,3.49402427673
email-Enron,s64_mfull_rowwise_fast,1,feature_gather_decode,0.907897949219,10,3.49402427673
email-Enron,s64_mfull_rowwise_fast,1,fp32_neighbor_reduction,0.368356704712,10,3.49402427673
email-Enron,s64_mfull_rowwise_fast,1,partial_bf16_conversion,0.084400177002,10,3.49402427673
email-Enron,s64_mfull_rowwise_fast,1,tile_load,0.0174045562744,10,3.49402427673
email-Enron,s64_mfull_rowwise_fast,1,tile_compute,0.028133392334,10,3.49402427673
email-Enron,s64_mfull_rowwise_fast,1,tile_store,0.000953674316406,10,3.49402427673
email-Enron,s64_mfull_rowwise_fast,1,output_scatter,0.0135898590088,10,3.49402427673
email-Enron,s64_mfull_rowwise_fast,1,thread_amx_setup,0.0283718109131,10,3.49402427673
email-Enron,s64_mfull_rowwise_fast,1,window_state_load,0.00190734863281,10,3.49402427673
email-Enron,s64_mfull_rowwise_fast,1,window_state_store,0.014066696167,10,3.49402427673
email-Enron,s64_mfull_rowwise_fast,2,output_zero,0,10,3.34620475769
email-Enron,s64_mfull_rowwise_fast,2,row_schedule,0.113725662231,10,3.34620475769
email-Enron,s64_mfull_rowwise_fast,2,partial_zero,0.000953674316406,10,3.34620475769
email-Enron,s64_mfull_rowwise_fast,2,csr_prefetch,1.27410888672,10,3.34620475769
email-Enron,s64_mfull_rowwise_fast,2,feature_gather_decode,0.896215438843,10,3.34620475769
email-Enron,s64_mfull_rowwise_fast,2,fp32_neighbor_reduction,0.398397445679,10,3.34620475769
email-Enron,s64_mfull_rowwise_fast,2,partial_bf16_conversion,0.0853538513184,10,3.34620475769
email-Enron,s64_mfull_rowwise_fast,2,tile_load,0.0128746032715,10,3.34620475769
email-Enron,s64_mfull_rowwise_fast,2,tile_compute,0.0331401824951,10,3.34620475769
email-Enron,s64_mfull_rowwise_fast,2,tile_store,0.000953674316406,10,3.34620475769
email-Enron,s64_mfull_rowwise_fast,2,output_scatter,0.0202655792236,10,3.34620475769
email-Enron,s64_mfull_rowwise_fast,2,thread_amx_setup,0.018835067749,10,3.34620475769
email-Enron,s64_mfull_rowwise_fast,2,window_state_load,0.00500679016113,10,3.34620475769
email-Enron,s64_mfull_rowwise_fast,2,window_state_store,0.0150203704834,10,3.34620475769
amazon0601,b64_fast,1,output_zero,0,100,4.89807128906
amazon0601,b64_fast,1,row_schedule,0.02121925354,100,4.89807128906
amazon0601,b64_fast,1,partial_zero,0.0298023223877,100,4.89807128906
amazon0601,b64_fast,1,csr_prefetch,0.454187393188,100,4.89807128906
amazon0601,b64_fast,1,feature_gather_decode,0.557422637939,100,4.89807128906
amazon0601,b64_fast,1,fp32_neighbor_reduction,0.423908233643,100,4.89807128906
amazon0601,b64_fast,1,partial_bf16_conversion,0.018835067749,100,4.89807128906
amazon0601,b64_fast,1,tile_load,0.0925064086914,100,4.89807128906
amazon0601,b64_fast,1,tile_compute,0.225305557251,100,4.89807128906
amazon0601,b64_fast,1,tile_store,0.0135898590088,100,4.89807128906
amazon0601,b64_fast,1,output_scatter,0.0936985015869,100,4.89807128906
amazon0601,b64_fast,1,thread_amx_setup,0.0216960906982,100,4.89807128906
amazon0601,b64_fast,2,output_zero,0,100,4.44197654724
amazon0601,b64_fast,2,row_schedule,0.0250339508057,100,4.44197654724
amazon0601,b64_fast,2,partial_zero,0.030517578125,100,4.44197654724
amazon0601,b64_fast,2,csr_prefetch,0.470638275146,100,4.44197654724
amazon0601,b64_fast,2,feature_gather_decode,0.582695007324,100,4.44197654724
amazon0601,b64_fast,2,fp32_neighbor_reduction,0.42462348938,100,4.44197654724
amazon0601,b64_fast,2,partial_bf16_conversion,0.0138282775879,100,4.44197654724
amazon0601,b64_fast,2,tile_load,0.107526779175,100,4.44197654724
amazon0601,b64_fast,2,tile_compute,0.251531600952,100,4.44197654724
amazon0601,b64_fast,2,tile_store,0.0107288360596,100,4.44197654724
amazon0601,b64_fast,2,output_scatter,0.0121593475342,100,4.44197654724
amazon0601,b64_fast,2,thread_amx_setup,0.0209808349609,100,4.44197654724
amazon0601,b64_accurate,1,output_zero,0,100,5.038022995
amazon0601,b64_accurate,1,row_schedule,0.0195503234863,100,5.038022995
amazon0601,b64_accurate,1,partial_zero,0.0295639038086,100,5.038022995
amazon0601,b64_accurate,1,csr_prefetch,0.479221343994,100,5.038022995
amazon0601,b64_accurate,1,feature_gather_decode,0.568389892578,100,5.038022995
amazon0601,b64_accurate,1,fp32_neighbor_reduction,0.46181678772,100,5.038022995
amazon0601,b64_accurate,1,partial_bf16_conversion,0.0331401824951,100,5.038022995
amazon0601,b64_accurate,1,tile_load,0.165939331055,100,5.038022995
amazon0601,b64_accurate,1,tile_compute,0.356912612915,100,5.038022995
amazon0601,b64_accurate,1,tile_store,0.0123977661133,100,5.038022995
amazon0601,b64_accurate,1,output_scatter,0.0958442687988,100,5.038022995
amazon0601,b64_accurate,1,thread_amx_setup,0.0183582305908,100,5.038022995
amazon0601,b64_accurate,2,output_zero,0,100,4.49013710022
amazon0601,b64_accurate,2,row_schedule,0.0243186950684,100,4.49013710022
amazon0601,b64_accurate,2,partial_zero,0.0317096710205,100,4.49013710022
amazon0601,b64_accurate,2,csr_prefetch,0.487327575684,100,4.49013710022
amazon0601,b64_accurate,2,feature_gather_decode,0.546455383301,100,4.49013710022
amazon0601,b64_accurate,2,fp32_neighbor_reduction,0.468730926514,100,4.49013710022
amazon0601,b64_accurate,2,partial_bf16_conversion,0.0267028808594,100,4.49013710022
amazon0601,b64_accurate,2,tile_load,0.137090682983,100,4.49013710022
amazon0601,b64_accurate,2,tile_compute,0.396013259888,100,4.49013710022
amazon0601,b64_accurate,2,tile_store,0.0135898590088,100,4.49013710022
amazon0601,b64_accurate,2,output_scatter,0.0109672546387,100,4.49013710022
amazon0601,b64_accurate,2,thread_amx_setup,0.0247955322266,100,4.49013710022
amazon0601,bfull_fast,1,output_zero,0,100,4.70900535583
amazon0601,bfull_fast,1,row_schedule,0.0259876251221,100,4.70900535583
amazon0601,bfull_fast,1,partial_zero,0.02121925354,100,4.70900535583
amazon0601,bfull_fast,1,csr_prefetch,0.486612319946,100,4.70900535583
amazon0601,bfull_fast,1,feature_gather_decode,0.596284866333,100,4.70900535583
amazon0601,bfull_fast,1,fp32_neighbor_reduction,0.430583953857,100,4.70900535583
amazon0601,bfull_fast,1,partial_bf16_conversion,0.025749206543,100,4.70900535583
amazon0601,bfull_fast,1,tile_load,0.105381011963,100,4.70900535583
amazon0601,bfull_fast,1,tile_compute,0.244140625,100,4.70900535583
amazon0601,bfull_fast,1,tile_store,0.00667572021484,100,4.70900535583
amazon0601,bfull_fast,1,output_scatter,0.0996589660645,100,4.70900535583
amazon0601,bfull_fast,1,thread_amx_setup,0.0302791595459,100,4.70900535583
amazon0601,bfull_fast,2,output_zero,0,100,4.23717498779
amazon0601,bfull_fast,2,row_schedule,0.0293254852295,100,4.23717498779
amazon0601,bfull_fast,2,partial_zero,0.0255107879639,100,4.23717498779
amazon0601,bfull_fast,2,csr_prefetch,0.478267669678,100,4.23717498779
amazon0601,bfull_fast,2,feature_gather_decode,0.567436218262,100,4.23717498779
amazon0601,bfull_fast,2,fp32_neighbor_reduction,0.417232513428,100,4.23717498779
amazon0601,bfull_fast,2,partial_bf16_conversion,0.0138282775879,100,4.23717498779
amazon0601,bfull_fast,2,tile_load,0.0877380371094,100,4.23717498779
amazon0601,bfull_fast,2,tile_compute,0.252723693848,100,4.23717498779
amazon0601,bfull_fast,2,tile_store,0.00858306884766,100,4.23717498779
amazon0601,bfull_fast,2,output_scatter,0.0183582305908,100,4.23717498779
amazon0601,bfull_fast,2,thread_amx_setup,0.0205039978027,100,4.23717498779
amazon0601,bfull_accurate,1,output_zero,0,100,5.01012802124
amazon0601,bfull_accurate,1,row_schedule,0.014066696167,100,5.01012802124
amazon0601,bfull_accurate,1,partial_zero,0.0181198120117,100,5.01012802124
amazon0601,bfull_accurate,1,csr_prefetch,0.524759292603,100,5.01012802124
amazon0601,bfull_accurate,1,feature_gather_decode,0.567436218262,100,5.01012802124
amazon0601,bfull_accurate,1,fp32_neighbor_reduction,0.432729721069,100,5.01012802124
amazon0601,bfull_accurate,1,partial_bf16_conversion,0.0312328338623,100,5.01012802124
amazon0601,bfull_accurate,1,tile_load,0.162601470947,100,5.01012802124
amazon0601,bfull_accurate,1,tile_compute,0.384569168091,100,5.01012802124
amazon0601,bfull_accurate,1,tile_store,0.0123977661133,100,5.01012802124
amazon0601,bfull_accurate,1,output_scatter,0.100374221802,100,5.01012802124
amazon0601,bfull_accurate,1,thread_amx_setup,0.0290870666504,100,5.01012802124
amazon0601,bfull_accurate,2,output_zero,0,100,4.49204444885
amazon0601,bfull_accurate,2,row_schedule,0.0286102294922,100,4.49204444885
amazon0601,bfull_accurate,2,partial_zero,0.0300407409668,100,4.49204444885
amazon0601,bfull_accurate,2,csr_prefetch,0.500440597534,100,4.49204444885
amazon0601,bfull_accurate,2,feature_gather_decode,0.605821609497,100,4.49204444885
amazon0601,bfull_accurate,2,fp32_neighbor_reduction,0.42986869812,100,4.49204444885
amazon0601,bfull_accurate,2,partial_bf16_conversion,0.0350475311279,100,4.49204444885
amazon0601,bfull_accurate,2,tile_load,0.166416168213,100,4.49204444885
amazon0601,bfull_accurate,2,tile_compute,0.390768051147,100,4.49204444885
amazon0601,bfull_accurate,2,tile_store,0.00286102294922,100,4.49204444885
amazon0601,bfull_accurate,2,output_scatter,0.0224113464355,100,4.49204444885
amazon0601,bfull_accurate,2,thread_amx_setup,0.025749206543,100,4.49204444885
amazon0601,b256_fast,1,output_zero,0,100,4.69994544983
amazon0601,b256_fast,1,row_schedule,0.0236034393311,100,4.69994544983
amazon0601,b256_fast,1,partial_zero,0.0200271606445,100,4.69994544983
amazon0601,b256_fast,1,csr_prefetch,0.463962554932,100,4.69994544983
amazon0601,b256_fast,1,feature_gather_decode,0.535249710083,100,4.69994544983
amazon0601,b256_fast,1,fp32_neighbor_reduction,0.420331954956,100,4.69994544983
amazon0601,b256_fast,1,partial_bf16_conversion,0.0150203704834,100,4.69994544983
amazon0601,b256_fast,1,tile_load,0.104904174805,100,4.69994544983
amazon0601,b256_fast,1,tile_compute,0.242948532104,100,4.69994544983
amazon0601,b256_fast,1,tile_store,0.011682510376,100,4.69994544983
amazon0601,b256_fast,1,output_scatter,0.100612640381,100,4.69994544983
amazon0601,b256_fast,1,thread_amx_setup,0.0119209289551,100,4.69994544983
amazon0601,b256_fast,2,output_zero,0,100,4.25100326538
amazon0601,b256_fast,2,row_schedule,0.0262260437012,100,4.25100326538
amazon0601,b256_fast,2,partial_zero,0.025749206543,100,4.25100326538
amazon0601,b256_fast,2,csr_prefetch,0.49352645874,100,4.25100326538
amazon0601,b256_fast,2,feature_gather_decode,0.556945800781,100,4.25100326538
amazon0601,b256_fast,2,fp32_neighbor_reduction,0.42724609375,100,4.25100326538
amazon0601,b256_fast,2,partial_bf16_conversion,0.0138282775879,100,4.25100326538
amazon0601,b256_fast,2,tile_load,0.0851154327393,100,4.25100326538
amazon0601,b256_fast,2,tile_compute,0.248908996582,100,4.25100326538
amazon0601,b256_fast,2,tile_store,0.0193119049072,100,4.25100326538
amazon0601,b256_fast,2,output_scatter,0.0138282775879,100,4.25100326538
amazon0601,b256_fast,2,thread_amx_setup,0.0238418579102,100,4.25100326538
amazon0601,b256_accurate,1,output_zero,0,100,5.03492355347
amazon0601,b256_accurate,1,row_schedule,0.0159740447998,100,5.03492355347
amazon0601,b256_accurate,1,partial_zero,0.0283718109131,100,5.03492355347
amazon0601,b256_accurate,1,csr_prefetch,0.517606735229,100,5.03492355347
amazon0601,b256_accurate,1,feature_gather_decode,0.561475753784,100,5.03492355347
amazon0601,b256_accurate,1,fp32_neighbor_reduction,0.473737716675,100,5.03492355347
amazon0601,b256_accurate,1,partial_bf16_conversion,0.0278949737549,100,5.03492355347
amazon0601,b256_accurate,1,tile_load,0.170469284058,100,5.03492355347
amazon0601,b256_accurate,1,tile_compute,0.367879867554,100,5.03492355347
amazon0601,b256_accurate,1,tile_store,0.0114440917969,100,5.03492355347
amazon0601,b256_accurate,1,output_scatter,0.101566314697,100,5.03492355347
amazon0601,b256_accurate,1,thread_amx_setup,0.0238418579102,100,5.03492355347
amazon0601,b256_accurate,2,output_zero,0,100,4.48203086853
amazon0601,b256_accurate,2,row_schedule,0.0236034393311,100,4.48203086853
amazon0601,b256_accurate,2,partial_zero,0.0240802764893,100,4.48203086853
amazon0601,b256_accurate,2,csr_prefetch,0.522613525391,100,4.48203086853
amazon0601,b256_accurate,2,feature_gather_decode,0.586032867432,100,4.48203086853
amazon0601,b256_accurate,2,fp32_neighbor_reduction,0.431060791016,100,4.48203086853
amazon0601,b256_accurate,2,partial_bf16_conversion,0.0245571136475,100,4.48203086853
amazon0601,b256_accurate,2,tile_load,0.150680541992,100,4.48203086853
amazon0601,b256_accurate,2,tile_compute,0.399112701416,100,4.48203086853
amazon0601,b256_accurate,2,tile_store,0.0107288360596,100,4.48203086853
amazon0601,b256_accurate,2,output_scatter,0.0152587890625,100,4.48203086853
amazon0601,b256_accurate,2,thread_amx_setup,0.0290870666504,100,4.48203086853
amazon0601,s64_m64_fast,1,output_zero,0,100,5.79190254211
amazon0601,s64_m64_fast,1,row_schedule,0.0383853912354,100,5.79190254211
amazon0601,s64_m64_fast,1,partial_zero,0.0567436218262,100,5.79190254211
amazon0601,s64_m64_fast,1,csr_prefetch,2.61116027832,100,5.79190254211
amazon0601,s64_m64_fast,1,feature_gather_decode,1.98745727539,100,5.79190254211
amazon0601,s64_m64_fast,1,fp32_neighbor_reduction,0.726222991943,100,5.79190254211
amazon0601,s64_m64_fast,1,partial_bf16_conversion,0.748157501221,100,5.79190254211
amazon0601,s64_m64_fast,1,tile_load,0.205516815186,100,5.79190254211
amazon0601,s64_m64_fast,1,tile_compute,0.343084335327,100,5.79190254211
amazon0601,s64_m64_fast,1,tile_store,0.0195503234863,100,5.79190254211
amazon0601,s64_m64_fast,1,output_scatter,0.124454498291,100,5.79190254211
amazon0601,s64_m64_fast,1,thread_amx_setup,0.0321865081787,100,5.79190254211
amazon0601,s64_m64_fast,1,window_state_load,0,100,5.79190254211
amazon0601,s64_m64_fast,1,window_state_store,0.0984668731689,100,5.79190254211
amazon0601,s64_m64_fast,2,output_zero,0,100,5.1441192627
amazon0601,s64_m64_fast,2,row_schedule,0.0288486480713,100,5.1441192627
amazon0601,s64_m64_fast,2,partial_zero,0.051736831665,100,5.1441192627
amazon0601,s64_m64_fast,2,csr_prefetch,2.54988670349,100,5.1441192627
amazon0601,s64_m64_fast,2,feature_gather_decode,1.9907951355,100,5.1441192627
amazon0601,s64_m64_fast,2,fp32_neighbor_reduction,0.782489776611,100,5.1441192627
amazon0601,s64_m64_fast,2,partial_bf16_conversion,0.755548477173,100,5.1441192627
amazon0601,s64_m64_fast,2,tile_load,0.205516815186,100,5.1441192627
amazon0601,s64_m64_fast,2,tile_compute,0.367641448975,100,5.1441192627
amazon0601,s64_m64_fast,2,tile_store,0.0159740447998,100,5.1441192627
amazon0601,s64_m64_fast,2,output_scatter,0.203847885132,100,5.1441192627
amazon0601,s64_m64_fast,2,thread_amx_setup,0.0362396240234,100,5.1441192627
amazon0601,s64_m64_fast,2,window_state_load,0,100,5.1441192627
amazon0601,s64_m64_fast,2,window_state_store,0.110149383545,100,5.1441192627
amazon0601,s32_m64_fast,1,output_zero,0,100,5.60283660889
amazon0601,s32_m64_fast,1,row_schedule,0.0314712524414,100,5.60283660889
amazon0601,s32_m64_fast,1,partial_zero,0.0524520874023,100,5.60283660889
amazon0601,s32_m64_fast,1,csr_prefetch,2.52413749695,100,5.60283660889
amazon0601,s32_m64_fast,1,feature_gather_decode,1.98411941528,100,5.60283660889
amazon0601,s32_m64_fast,1,fp32_neighbor_reduction,0.744819641113,100,5.60283660889
amazon0601,s32_m64_fast,1,partial_bf16_conversion,0.738143920898,100,5.60283660889
amazon0601,s32_m64_fast,1,tile_load,0.21505355835,100,5.60283660889
amazon0601,s32_m64_fast,1,tile_compute,0.383138656616,100,5.60283660889
amazon0601,s32_m64_fast,1,tile_store,0.018835067749,100,5.60283660889
amazon0601,s32_m64_fast,1,output_scatter,0.120401382446,100,5.60283660889
amazon0601,s32_m64_fast,1,thread_amx_setup,0.0326633453369,100,5.60283660889
amazon0601,s32_m64_fast,1,window_state_load,0,100,5.60283660889
amazon0601,s32_m64_fast,1,window_state_store,0.10085105896,100,5.60283660889
amazon0601,s32_m64_fast,2,output_zero,0.000953674316406,100,5.12290000916
amazon0601,s32_m64_fast,2,row_schedule,0.0348091125488,100,5.12290000916
amazon0601,s32_m64_fast,2,partial_zero,0.049352645874,100,5.12290000916
amazon0601,s32_m64_fast,2,csr_prefetch,2.64739990234,100,5.12290000916
amazon0601,s32_m64_fast,2,feature_gather_decode,1.85680389404,100,5.12290000916
amazon0601,s32_m64_fast,2,fp32_neighbor_reduction,0.803709030151,100,5.12290000916
amazon0601,s32_m64_fast,2,partial_bf16_conversion,0.742197036743,100,5.12290000916
amazon0601,s32_m64_fast,2,tile_load,0.224113464355,100,5.12290000916
amazon0601,s32_m64_fast,2,tile_compute,0.359535217285,100,5.12290000916
amazon0601,s32_m64_fast,2,tile_store,0.0109672546387,100,5.12290000916
amazon0601,s32_m64_fast,2,output_scatter,0.191926956177,100,5.12290000916
amazon0601,s32_m64_fast,2,thread_amx_setup,0.0338554382324,100,5.12290000916
amazon0601,s32_m64_fast,2,window_state_load,0,100,5.12290000916
amazon0601,s32_m64_fast,2,window_state_store,0.0958442687988,100,5.12290000916
amazon0601,s32_m256_fast,1,output_zero,0,100,12.5050544739
amazon0601,s32_m256_fast,1,row_schedule,0.0350475311279,100,12.5050544739
amazon0601,s32_m256_fast,1,partial_zero,0.0467300415039,100,12.5050544739
amazon0601,s32_m256_fast,1,csr_prefetch,2.49266624451,100,12.5050544739
amazon0601,s32_m256_fast,1,feature_gather_decode,2.05779075623,100,12.5050544739
amazon0601,s32_m256_fast,1,fp32_neighbor_reduction,0.762939453125,100,12.5050544739
amazon0601,s32_m256_fast,1,partial_bf16_conversion,0.744819641113,100,12.5050544739
amazon0601,s32_m256_fast,1,tile_load,0.198364257812,100,12.5050544739
amazon0601,s32_m256_fast,1,tile_compute,0.386714935303,100,12.5050544739
amazon0601,s32_m256_fast,1,tile_store,0.018835067749,100,12.5050544739
amazon0601,s32_m256_fast,1,output_scatter,0.12731552124,100,12.5050544739
amazon0601,s32_m256_fast,1,thread_amx_setup,0.0381469726562,100,12.5050544739
amazon0601,s32_m256_fast,1,window_state_load,0,100,12.5050544739
amazon0601,s32_m256_fast,1,window_state_store,0.110149383545,100,12.5050544739
amazon0601,s32_m256_fast,2,output_zero,0,100,5.15604019165
amazon0601,s32_m256_fast,2,row_schedule,0.0293254852295,100,5.15604019165
amazon0601,s32_m256_fast,2,partial_zero,0.0333786010742,100,5.15604019165
amazon0601,s32_m256_fast,2,csr_prefetch,2.51126289368,100,5.15604019165
amazon0601,s32_m256_fast,2,feature_gather_decode,2.06351280212,100,5.15604019165
amazon0601,s32_m256_fast,2,fp32_neighbor_reduction,0.832080841064,100,5.15604019165
amazon0601,s32_m256_fast,2,partial_bf16_conversion,0.757932662964,100,5.15604019165
amazon0601,s32_m256_fast,2,tile_load,0.210762023926,100,5.15604019165
amazon0601,s32_m256_fast,2,tile_compute,0.37145614624,100,5.15604019165
amazon0601,s32_m256_fast,2,tile_store,0.00715255737305,100,5.15604019165
amazon0601,s32_m256_fast,2,output_scatter,0.197887420654,100,5.15604019165
amazon0601,s32_m256_fast,2,thread_amx_setup,0.0388622283936,100,5.15604019165
amazon0601,s32_m256_fast,2,window_state_load,0,100,5.15604019165
amazon0601,s32_m256_fast,2,window_state_store,0.0984668731689,100,5.15604019165
amazon0601,s64_m256_fast,1,output_zero,0,100,5.62691688538
amazon0601,s64_m256_fast,1,row_schedule,0.0393390655518,100,5.62691688538
amazon0601,s64_m256_fast,1,partial_zero,0.0572204589844,100,5.62691688538
amazon0601,s64_m256_fast,1,csr_prefetch,2.58207321167,100,5.62691688538
amazon0601,s64_m256_fast,1,feature_gather_decode,2.04539299011,100,5.62691688538
amazon0601,s64_m256_fast,1,fp32_neighbor_reduction,0.740051269531,100,5.62691688538
amazon0601,s64_m256_fast,1,partial_bf16_conversion,0.743627548218,100,5.62691688538
amazon0601,s64_m256_fast,1,tile_load,0.20956993103,100,5.62691688538
amazon0601,s64_m256_fast,1,tile_compute,0.359773635864,100,5.62691688538
amazon0601,s64_m256_fast,1,tile_store,0.0112056732178,100,5.62691688538
amazon0601,s64_m256_fast,1,output_scatter,0.11944770813,100,5.62691688538
amazon0601,s64_m256_fast,1,thread_amx_setup,0.0286102294922,100,5.62691688538
amazon0601,s64_m256_fast,1,window_state_load,0,100,5.62691688538
amazon0601,s64_m256_fast,1,window_state_store,0.098705291748,100,5.62691688538
amazon0601,s64_m256_fast,2,output_zero,0,100,5.15222549438
amazon0601,s64_m256_fast,2,row_schedule,0.0355243682861,100,5.15222549438
amazon0601,s64_m256_fast,2,partial_zero,0.0381469726562,100,5.15222549438
amazon0601,s64_m256_fast,2,csr_prefetch,2.53629684448,100,5.15222549438
amazon0601,s64_m256_fast,2,feature_gather_decode,2.13098526001,100,5.15222549438
amazon0601,s64_m256_fast,2,fp32_neighbor_reduction,0.709295272827,100,5.15222549438
amazon0601,s64_m256_fast,2,partial_bf16_conversion,0.744581222534,100,5.15222549438
amazon0601,s64_m256_fast,2,tile_load,0.207662582397,100,5.15222549438
amazon0601,s64_m256_fast,2,tile_compute,0.388383865356,100,5.15222549438
amazon0601,s64_m256_fast,2,tile_store,0.0171661376953,100,5.15222549438
amazon0601,s64_m256_fast,2,output_scatter,0.203371047974,100,5.15222549438
amazon0601,s64_m256_fast,2,thread_amx_setup,0.0369548797607,100,5.15222549438
amazon0601,s64_m256_fast,2,window_state_load,0,100,5.15222549438
amazon0601,s64_m256_fast,2,window_state_store,0.0941753387451,100,5.15222549438
amazon0601,s32_mfull_fast,1,output_zero,0.000953674316406,100,5.62500953674
amazon0601,s32_mfull_fast,1,row_schedule,0.0343322753906,100,5.62500953674
amazon0601,s32_mfull_fast,1,partial_zero,0.0534057617188,100,5.62500953674
amazon0601,s32_mfull_fast,1,csr_prefetch,2.60281562805,100,5.62500953674
amazon0601,s32_mfull_fast,1,feature_gather_decode,1.93357467651,100,5.62500953674
amazon0601,s32_mfull_fast,1,fp32_neighbor_reduction,0.733613967896,100,5.62500953674
amazon0601,s32_mfull_fast,1,partial_bf16_conversion,0.745296478271,100,5.62500953674
amazon0601,s32_mfull_fast,1,tile_load,0.194072723389,100,5.62500953674
amazon0601,s32_mfull_fast,1,tile_compute,0.380516052246,100,5.62500953674
amazon0601,s32_mfull_fast,1,tile_store,0.0183582305908,100,5.62500953674
amazon0601,s32_mfull_fast,1,output_scatter,0.119209289551,100,5.62500953674
amazon0601,s32_mfull_fast,1,thread_amx_setup,0.030517578125,100,5.62500953674
amazon0601,s32_mfull_fast,1,window_state_load,0,100,5.62500953674
amazon0601,s32_mfull_fast,1,window_state_store,0.0996589660645,100,5.62500953674
amazon0601,s32_mfull_fast,2,output_zero,0,100,5.17892837524
amazon0601,s32_mfull_fast,2,row_schedule,0.0307559967041,100,5.17892837524
amazon0601,s32_mfull_fast,2,partial_zero,0.0503063201904,100,5.17892837524
amazon0601,s32_mfull_fast,2,csr_prefetch,2.65550613403,100,5.17892837524
amazon0601,s32_mfull_fast,2,feature_gather_decode,2.00295448303,100,5.17892837524
amazon0601,s32_mfull_fast,2,fp32_neighbor_reduction,0.709056854248,100,5.17892837524
amazon0601,s32_mfull_fast,2,partial_bf16_conversion,0.746250152588,100,5.17892837524
amazon0601,s32_mfull_fast,2,tile_load,0.19097328186,100,5.17892837524
amazon0601,s32_mfull_fast,2,tile_compute,0.377655029297,100,5.17892837524
amazon0601,s32_mfull_fast,2,tile_store,0.0166893005371,100,5.17892837524
amazon0601,s32_mfull_fast,2,output_scatter,0.206708908081,100,5.17892837524
amazon0601,s32_mfull_fast,2,thread_amx_setup,0.0438690185547,100,5.17892837524
amazon0601,s32_mfull_fast,2,window_state_load,0,100,5.17892837524
amazon0601,s32_mfull_fast,2,window_state_store,0.101327896118,100,5.17892837524
amazon0601,s64_mfull_fast,1,output_zero,0.000953674316406,100,5.63907623291
amazon0601,s64_mfull_fast,1,row_schedule,0.0443458557129,100,5.63907623291
amazon0601,s64_mfull_fast,1,partial_zero,0.0624656677246,100,5.63907623291
amazon0601,s64_mfull_fast,1,csr_prefetch,2.60186195374,100,5.63907623291
amazon0601,s64_mfull_fast,1,feature_gather_decode,1.93500518799,100,5.63907623291
amazon0601,s64_mfull_fast,1,fp32_neighbor_reduction,0.744581222534,100,5.63907623291
amazon0601,s64_mfull_fast,1,partial_bf16_conversion,0.739574432373,100,5.63907623291
amazon0601,s64_mfull_fast,1,tile_load,0.234127044678,100,5.63907623291
amazon0601,s64_mfull_fast,1,tile_compute,0.36096572876,100,5.63907623291
amazon0601,s64_mfull_fast,1,tile_store,0.025749206543,100,5.63907623291
amazon0601,s64_mfull_fast,1,output_scatter,0.121355056763,100,5.63907623291
amazon0601,s64_mfull_fast,1,thread_amx_setup,0.030517578125,100,5.63907623291
amazon0601,s64_mfull_fast,1,window_state_load,0,100,5.63907623291
amazon0601,s64_mfull_fast,1,window_state_store,0.0977516174316,100,5.63907623291
amazon0601,s64_mfull_fast,2,output_zero,0,100,5.16510009766
amazon0601,s64_mfull_fast,2,row_schedule,0.0283718109131,100,5.16510009766
amazon0601,s64_mfull_fast,2,partial_zero,0.0374317169189,100,5.16510009766
amazon0601,s64_mfull_fast,2,csr_prefetch,2.4721622467,100,5.16510009766
amazon0601,s64_mfull_fast,2,feature_gather_decode,2.01773643494,100,5.16510009766
amazon0601,s64_mfull_fast,2,fp32_neighbor_reduction,0.799894332886,100,5.16510009766
amazon0601,s64_mfull_fast,2,partial_bf16_conversion,0.762462615967,100,5.16510009766
amazon0601,s64_mfull_fast,2,tile_load,0.18310546875,100,5.16510009766
amazon0601,s64_mfull_fast,2,tile_compute,0.401258468628,100,5.16510009766
amazon0601,s64_mfull_fast,2,tile_store,0.0157356262207,100,5.16510009766
amazon0601,s64_mfull_fast,2,output_scatter,0.192165374756,100,5.16510009766
amazon0601,s64_mfull_fast,2,thread_amx_setup,0.0350475311279,100,5.16510009766
amazon0601,s64_mfull_fast,2,window_state_load,0,100,5.16510009766
amazon0601,s64_mfull_fast,2,window_state_store,0.0884532928467,100,5.16510009766
amazon0601,s128_mfull_fast,1,output_zero,0.00119209289551,100,5.58090209961
amazon0601,s128_mfull_fast,1,row_schedule,0.0374317169189,100,5.58090209961
amazon0601,s128_mfull_fast,1,partial_zero,0.0431537628174,100,5.58090209961
amazon0601,s128_mfull_fast,1,csr_prefetch,2.52389907837,100,5.58090209961
amazon0601,s128_mfull_fast,1,feature_gather_decode,2.00033187866,100,5.58090209961
amazon0601,s128_mfull_fast,1,fp32_neighbor_reduction,0.750541687012,100,5.58090209961
amazon0601,s128_mfull_fast,1,partial_bf16_conversion,0.740766525269,100,5.58090209961
amazon0601,s128_mfull_fast,1,tile_load,0.213384628296,100,5.58090209961
amazon0601,s128_mfull_fast,1,tile_compute,0.367164611816,100,5.58090209961
amazon0601,s128_mfull_fast,1,tile_store,0.00882148742676,100,5.58090209961
amazon0601,s128_mfull_fast,1,output_scatter,0.11944770813,100,5.58090209961
amazon0601,s128_mfull_fast,1,thread_amx_setup,0.0338554382324,100,5.58090209961
amazon0601,s128_mfull_fast,1,window_state_load,0,100,5.58090209961
amazon0601,s128_mfull_fast,1,window_state_store,0.102519989014,100,5.58090209961
amazon0601,s128_mfull_fast,2,output_zero,0,100,5.18202781677
amazon0601,s128_mfull_fast,2,row_schedule,0.0238418579102,100,5.18202781677
amazon0601,s128_mfull_fast,2,partial_zero,0.0581741333008,100,5.18202781677
amazon0601,s128_mfull_fast,2,csr_prefetch,2.54321098328,100,5.18202781677
amazon0601,s128_mfull_fast,2,feature_gather_decode,1.98888778687,100,5.18202781677
amazon0601,s128_mfull_fast,2,fp32_neighbor_reduction,0.830411911011,100,5.18202781677
amazon0601,s128_mfull_fast,2,partial_bf16_conversion,0.749111175537,100,5.18202781677
amazon0601,s128_mfull_fast,2,tile_load,0.210046768188,100,5.18202781677
amazon0601,s128_mfull_fast,2,tile_compute,0.36358833313,100,5.18202781677
amazon0601,s128_mfull_fast,2,tile_store,0.00929832458496,100,5.18202781677
amazon0601,s128_mfull_fast,2,output_scatter,0.198841094971,100,5.18202781677
amazon0601,s128_mfull_fast,2,thread_amx_setup,0.0369548797607,100,5.18202781677
amazon0601,s128_mfull_fast,2,window_state_load,0,100,5.18202781677
amazon0601,s128_mfull_fast,2,window_state_store,0.0929832458496,100,5.18202781677
amazon0601,s64_mfull_accurate,1,output_zero,0,100,6.01100921631
amazon0601,s64_mfull_accurate,1,row_schedule,0.0452995300293,100,6.01100921631
amazon0601,s64_mfull_accurate,1,partial_zero,0.0567436218262,100,6.01100921631
amazon0601,s64_mfull_accurate,1,csr_prefetch,2.63524055481,100,6.01100921631
amazon0601,s64_mfull_accurate,1,feature_gather_decode,2.23660469055,100,6.01100921631
amazon0601,s64_mfull_accurate,1,fp32_neighbor_reduction,0.778913497925,100,6.01100921631
amazon0601,s64_mfull_accurate,1,partial_bf16_conversion,2.30836868286,100,6.01100921631
amazon0601,s64_mfull_accurate,1,tile_load,0.387668609619,100,6.01100921631
amazon0601,s64_mfull_accurate,1,tile_compute,0.507593154907,100,6.01100921631
amazon0601,s64_mfull_accurate,1,tile_store,0.0250339508057,100,6.01100921631
amazon0601,s64_mfull_accurate,1,output_scatter,0.120878219604,100,6.01100921631
amazon0601,s64_mfull_accurate,1,thread_amx_setup,0.0288486480713,100,6.01100921631
amazon0601,s64_mfull_accurate,1,window_state_load,0,100,6.01100921631
amazon0601,s64_mfull_accurate,1,window_state_store,0.0758171081543,100,6.01100921631
amazon0601,s64_mfull_accurate,2,output_zero,0.000953674316406,100,5.60998916626
amazon0601,s64_mfull_accurate,2,row_schedule,0.0331401824951,100,5.60998916626
amazon0601,s64_mfull_accurate,2,partial_zero,0.046968460083,100,5.60998916626
amazon0601,s64_mfull_accurate,2,csr_prefetch,2.71153450012,100,5.60998916626
amazon0601,s64_mfull_accurate,2,feature_gather_decode,2.07901000977,100,5.60998916626
amazon0601,s64_mfull_accurate,2,fp32_neighbor_reduction,0.778198242188,100,5.60998916626
amazon0601,s64_mfull_accurate,2,partial_bf16_conversion,2.29382514954,100,5.60998916626
amazon0601,s64_mfull_accurate,2,tile_load,0.353574752808,100,5.60998916626
amazon0601,s64_mfull_accurate,2,tile_compute,0.501394271851,100,5.60998916626
amazon0601,s64_mfull_accurate,2,tile_store,0.0207424163818,100,5.60998916626
amazon0601,s64_mfull_accurate,2,output_scatter,0.205516815186,100,5.60998916626
amazon0601,s64_mfull_accurate,2,thread_amx_setup,0.0362396240234,100,5.60998916626
amazon0601,s64_mfull_accurate,2,window_state_load,0,100,5.60998916626
amazon0601,s64_mfull_accurate,2,window_state_store,0.117301940918,100,5.60998916626
amazon0601,s64_mfull_rowwise_fast,1,output_zero,0,100,5.80501556396
amazon0601,s64_mfull_rowwise_fast,1,row_schedule,0.0395774841309,100,5.80501556396
amazon0601,s64_mfull_rowwise_fast,1,partial_zero,0.0476837158203,100,5.80501556396
amazon0601,s64_mfull_rowwise_fast,1,csr_prefetch,2.60257720947,100,5.80501556396
amazon0601,s64_mfull_rowwise_fast,1,feature_gather_decode,1.97052955627,100,5.80501556396
amazon0601,s64_mfull_rowwise_fast,1,fp32_neighbor_reduction,0.715732574463,100,5.80501556396
amazon0601,s64_mfull_rowwise_fast,1,partial_bf16_conversion,0.739097595215,100,5.80501556396
amazon0601,s64_mfull_rowwise_fast,1,tile_load,0.199794769287,100,5.80501556396
amazon0601,s64_mfull_rowwise_fast,1,tile_compute,0.349521636963,100,5.80501556396
amazon0601,s64_mfull_rowwise_fast,1,tile_store,0.0176429748535,100,5.80501556396
amazon0601,s64_mfull_rowwise_fast,1,output_scatter,0.153303146362,100,5.80501556396
amazon0601,s64_mfull_rowwise_fast,1,thread_amx_setup,0.0476837158203,100,5.80501556396
amazon0601,s64_mfull_rowwise_fast,1,window_state_load,0,100,5.80501556396
amazon0601,s64_mfull_rowwise_fast,1,window_state_store,0.0746250152588,100,5.80501556396
amazon0601,s64_mfull_rowwise_fast,2,output_zero,0,100,4.95004653931
amazon0601,s64_mfull_rowwise_fast,2,row_schedule,0.229835510254,100,4.95004653931
amazon0601,s64_mfull_rowwise_fast,2,partial_zero,0.0684261322021,100,4.95004653931
amazon0601,s64_mfull_rowwise_fast,2,csr_prefetch,2.65383720398,100,4.95004653931
amazon0601,s64_mfull_rowwise_fast,2,feature_gather_decode,1.95288658142,100,4.95004653931
amazon0601,s64_mfull_rowwise_fast,2,fp32_neighbor_reduction,0.688552856445,100,4.95004653931
amazon0601,s64_mfull_rowwise_fast,2,partial_bf16_conversion,0.767230987549,100,4.95004653931
amazon0601,s64_mfull_rowwise_fast,2,tile_load,0.212669372559,100,4.95004653931
amazon0601,s64_mfull_rowwise_fast,2,tile_compute,0.327348709106,100,4.95004653931
amazon0601,s64_mfull_rowwise_fast,2,tile_store,0.00977516174316,100,4.95004653931
amazon0601,s64_mfull_rowwise_fast,2,output_scatter,0.201225280762,100,4.95004653931
amazon0601,s64_mfull_rowwise_fast,2,thread_amx_setup,0.0290870666504,100,4.95004653931
amazon0601,s64_mfull_rowwise_fast,2,window_state_load,0,100,4.95004653931
amazon0601,s64_mfull_rowwise_fast,2,window_state_store,0.112295150757,100,4.95004653931
com-Youtube,b64_fast,1,output_zero,0,279,33.6120128632
com-Youtube,b64_fast,1,row_schedule,0.0629425048828,279,33.6120128632
com-Youtube,b64_fast,1,partial_zero,0.134944915771,279,33.6120128632
com-Youtube,b64_fast,1,csr_prefetch,4.15849685669,279,33.6120128632
com-Youtube,b64_fast,1,feature_gather_decode,5.15031814575,279,33.6120128632
com-Youtube,b64_fast,1,fp32_neighbor_reduction,4.12058830261,279,33.6120128632
com-Youtube,b64_fast,1,partial_bf16_conversion,0.305891036987,279,33.6120128632
com-Youtube,b64_fast,1,tile_load,0.582218170166,279,33.6120128632
com-Youtube,b64_fast,1,tile_compute,0.988960266113,279,33.6120128632
com-Youtube,b64_fast,1,tile_store,0.0782012939453,279,33.6120128632
com-Youtube,b64_fast,1,output_scatter,0.292778015137,279,33.6120128632
com-Youtube,b64_fast,1,thread_amx_setup,0.0176429748535,279,33.6120128632
com-Youtube,b64_fast,2,output_zero,0,279,32.3638916016
com-Youtube,b64_fast,2,row_schedule,0.0684261322021,279,32.3638916016
com-Youtube,b64_fast,2,partial_zero,0.133275985718,279,32.3638916016
com-Youtube,b64_fast,2,csr_prefetch,4.10842895508,279,32.3638916016
com-Youtube,b64_fast,2,feature_gather_decode,5.39565086365,279,32.3638916016
com-Youtube,b64_fast,2,fp32_neighbor_reduction,4.19282913208,279,32.3638916016
com-Youtube,b64_fast,2,partial_bf16_conversion,0.231504440308,279,32.3638916016
com-Youtube,b64_fast,2,tile_load,0.554084777832,279,32.3638916016
com-Youtube,b64_fast,2,tile_compute,1.10983848572,279,32.3638916016
com-Youtube,b64_fast,2,tile_store,0.0669956207275,279,32.3638916016
com-Youtube,b64_fast,2,output_scatter,0.0536441802979,279,32.3638916016
com-Youtube,b64_fast,2,thread_amx_setup,0.0250339508057,279,32.3638916016
com-Youtube,b64_accurate,1,output_zero,0,279,35.6030464172
com-Youtube,b64_accurate,1,row_schedule,0.0646114349365,279,35.6030464172
com-Youtube,b64_accurate,1,partial_zero,0.153779983521,279,35.6030464172
com-Youtube,b64_accurate,1,csr_prefetch,4.25910949707,279,35.6030464172
com-Youtube,b64_accurate,1,feature_gather_decode,5.22422790527,279,35.6030464172
com-Youtube,b64_accurate,1,fp32_neighbor_reduction,4.11796569824,279,35.6030464172
com-Youtube,b64_accurate,1,partial_bf16_conversion,0.189542770386,279,35.6030464172
com-Youtube,b64_accurate,1,tile_load,0.996351242065,279,35.6030464172
com-Youtube,b64_accurate,1,tile_compute,1.61170959473,279,35.6030464172
com-Youtube,b64_accurate,1,tile_store,0.0686645507812,279,35.6030464172
com-Youtube,b64_accurate,1,output_scatter,0.275373458862,279,35.6030464172
com-Youtube,b64_accurate,1,thread_amx_setup,0.0200271606445,279,35.6030464172
com-Youtube,b64_accurate,2,output_zero,0,279,34.0669155121
com-Youtube,b64_accurate,2,row_schedule,0.0762939453125,279,34.0669155121
com-Youtube,b64_accurate,2,partial_zero,0.14591217041,279,34.0669155121
com-Youtube,b64_accurate,2,csr_prefetch,4.12750244141,279,34.0669155121
com-Youtube,b64_accurate,2,feature_gather_decode,5.23257255554,279,34.0669155121
com-Youtube,b64_accurate,2,fp32_neighbor_reduction,4.17733192444,279,34.0669155121
com-Youtube,b64_accurate,2,partial_bf16_conversion,0.211954116821,279,34.0669155121
com-Youtube,b64_accurate,2,tile_load,0.962495803833,279,34.0669155121
com-Youtube,b64_accurate,2,tile_compute,1.49011611938,279,34.0669155121
com-Youtube,b64_accurate,2,tile_store,0.0698566436768,279,34.0669155121
com-Youtube,b64_accurate,2,output_scatter,0.046968460083,279,34.0669155121
com-Youtube,b64_accurate,2,thread_amx_setup,0.0221729278564,279,34.0669155121
com-Youtube,bfull_fast,1,output_zero,0,279,30.3339958191
com-Youtube,bfull_fast,1,row_schedule,0.0710487365723,279,30.3339958191
com-Youtube,bfull_fast,1,partial_zero,0.0619888305664,279,30.3339958191
com-Youtube,bfull_fast,1,csr_prefetch,4.03952598572,279,30.3339958191
com-Youtube,bfull_fast,1,feature_gather_decode,4.8680305481,279,30.3339958191
com-Youtube,bfull_fast,1,fp32_neighbor_reduction,3.70454788208,279,30.3339958191
com-Youtube,bfull_fast,1,partial_bf16_conversion,0.0424385070801,279,30.3339958191
com-Youtube,bfull_fast,1,tile_load,0.255584716797,279,30.3339958191
com-Youtube,bfull_fast,1,tile_compute,0.67925453186,279,30.3339958191
com-Youtube,bfull_fast,1,tile_store,0.0267028808594,279,30.3339958191
com-Youtube,bfull_fast,1,output_scatter,0.277996063232,279,30.3339958191
com-Youtube,bfull_fast,1,thread_amx_setup,0.0150203704834,279,30.3339958191
com-Youtube,bfull_fast,2,output_zero,0,279,29.217004776
com-Youtube,bfull_fast,2,row_schedule,0.0779628753662,279,29.217004776
com-Youtube,bfull_fast,2,partial_zero,0.0720024108887,279,29.217004776
com-Youtube,bfull_fast,2,csr_prefetch,3.93033027649,279,29.217004776
com-Youtube,bfull_fast,2,feature_gather_decode,4.94980812073,279,29.217004776
com-Youtube,bfull_fast,2,fp32_neighbor_reduction,3.87835502625,279,29.217004776
com-Youtube,bfull_fast,2,partial_bf16_conversion,0.0336170196533,279,29.217004776
com-Youtube,bfull_fast,2,tile_load,0.227689743042,279,29.217004776
com-Youtube,bfull_fast,2,tile_compute,0.718832015991,279,29.217004776
com-Youtube,bfull_fast,2,tile_store,0.0286102294922,279,29.217004776
com-Youtube,bfull_fast,2,output_scatter,0.0607967376709,279,29.217004776
com-Youtube,bfull_fast,2,thread_amx_setup,0.0190734863281,279,29.217004776
com-Youtube,bfull_accurate,1,output_zero,0,279,31.5599441528
com-Youtube,bfull_accurate,1,row_schedule,0.0526905059814,279,31.5599441528
com-Youtube,bfull_accurate,1,partial_zero,0.072717666626,279,31.5599441528
com-Youtube,bfull_accurate,1,csr_prefetch,4.09007072449,279,31.5599441528
com-Youtube,bfull_accurate,1,feature_gather_decode,4.96220588684,279,31.5599441528
com-Youtube,bfull_accurate,1,fp32_neighbor_reduction,3.85665893555,279,31.5599441528
com-Youtube,bfull_accurate,1,partial_bf16_conversion,0.0934600830078,279,31.5599441528
com-Youtube,bfull_accurate,1,tile_load,0.412702560425,279,31.5599441528
com-Youtube,bfull_accurate,1,tile_compute,0.892639160156,279,31.5599441528
com-Youtube,bfull_accurate,1,tile_store,0.0274181365967,279,31.5599441528
com-Youtube,bfull_accurate,1,output_scatter,0.295639038086,279,31.5599441528
com-Youtube,bfull_accurate,1,thread_amx_setup,0.0231266021729,279,31.5599441528
com-Youtube,bfull_accurate,2,output_zero,0,279,30.1401615143
com-Youtube,bfull_accurate,2,row_schedule,0.0715255737305,279,30.1401615143
com-Youtube,bfull_accurate,2,partial_zero,0.0731945037842,279,30.1401615143
com-Youtube,bfull_accurate,2,csr_prefetch,4.03380393982,279,30.1401615143
com-Youtube,bfull_accurate,2,feature_gather_decode,5.04040718079,279,30.1401615143
com-Youtube,bfull_accurate,2,fp32_neighbor_reduction,3.84211540222,279,30.1401615143
com-Youtube,bfull_accurate,2,partial_bf16_conversion,0.084400177002,279,30.1401615143
com-Youtube,bfull_accurate,2,tile_load,0.410318374634,279,30.1401615143
com-Youtube,bfull_accurate,2,tile_compute,0.945806503296,279,30.1401615143
com-Youtube,bfull_accurate,2,tile_store,0.0340938568115,279,30.1401615143
com-Youtube,bfull_accurate,2,output_scatter,0.051736831665,279,30.1401615143
com-Youtube,bfull_accurate,2,thread_amx_setup,0.0197887420654,279,30.1401615143
com-Youtube,b256_fast,1,output_zero,0,279,31.2829017639
com-Youtube,b256_fast,1,row_schedule,0.0684261322021,279,31.2829017639
com-Youtube,b256_fast,1,partial_zero,0.0731945037842,279,31.2829017639
com-Youtube,b256_fast,1,csr_prefetch,4.05335426331,279,31.2829017639
com-Youtube,b256_fast,1,feature_gather_decode,4.99796867371,279,31.2829017639
com-Youtube,b256_fast,1,fp32_neighbor_reduction,3.83305549622,279,31.2829017639
com-Youtube,b256_fast,1,partial_bf16_conversion,0.0588893890381,279,31.2829017639
com-Youtube,b256_fast,1,tile_load,0.345706939697,279,31.2829017639
com-Youtube,b256_fast,1,tile_compute,0.890970230103,279,31.2829017639
com-Youtube,b256_fast,1,tile_store,0.0410079956055,279,31.2829017639
com-Youtube,b256_fast,1,output_scatter,0.276327133179,279,31.2829017639
com-Youtube,b256_fast,1,thread_amx_setup,0.0228881835938,279,31.2829017639
com-Youtube,b256_fast,2,output_zero,0,279,30.4090976715
com-Youtube,b256_fast,2,row_schedule,0.0734329223633,279,30.4090976715
com-Youtube,b256_fast,2,partial_zero,0.0896453857422,279,30.4090976715
com-Youtube,b256_fast,2,csr_prefetch,4.08554077148,279,30.4090976715
com-Youtube,b256_fast,2,feature_gather_decode,5.05638122559,279,30.4090976715
com-Youtube,b256_fast,2,fp32_neighbor_reduction,3.91793251038,279,30.4090976715
com-Youtube,b256_fast,2,partial_bf16_conversion,0.0617504119873,279,30.4090976715
com-Youtube,b256_fast,2,tile_load,0.307321548462,279,30.4090976715
com-Youtube,b256_fast,2,tile_compute,0.863790512085,279,30.4090976715
com-Youtube,b256_fast,2,tile_store,0.0433921813965,279,30.4090976715
com-Youtube,b256_fast,2,output_scatter,0.0581741333008,279,30.4090976715
com-Youtube,b256_fast,2,thread_amx_setup,0.0209808349609,279,30.4090976715
com-Youtube,b256_accurate,1,output_zero,0,279,32.4821472168
com-Youtube,b256_accurate,1,row_schedule,0.044584274292,279,32.4821472168
com-Youtube,b256_accurate,1,partial_zero,0.0863075256348,279,32.4821472168
com-Youtube,b256_accurate,1,csr_prefetch,4.11939620972,279,32.4821472168
com-Youtube,b256_accurate,1,feature_gather_decode,5.04064559937,279,32.4821472168
com-Youtube,b256_accurate,1,fp32_neighbor_reduction,3.96037101746,279,32.4821472168
com-Youtube,b256_accurate,1,partial_bf16_conversion,0.105142593384,279,32.4821472168
com-Youtube,b256_accurate,1,tile_load,0.539302825928,279,32.4821472168
com-Youtube,b256_accurate,1,tile_compute,1.24955177307,279,32.4821472168
com-Youtube,b256_accurate,1,tile_store,0.0379085540771,279,32.4821472168
com-Youtube,b256_accurate,1,output_scatter,0.290393829346,279,32.4821472168
com-Youtube,b256_accurate,1,thread_amx_setup,0.0205039978027,279,32.4821472168
com-Youtube,b256_accurate,2,output_zero,0,279,31.0759544373
com-Youtube,b256_accurate,2,row_schedule,0.0674724578857,279,31.0759544373
com-Youtube,b256_accurate,2,partial_zero,0.0786781311035,279,31.0759544373
com-Youtube,b256_accurate,2,csr_prefetch,4.22263145447,279,31.0759544373
com-Youtube,b256_accurate,2,feature_gather_decode,5.00726699829,279,31.0759544373
com-Youtube,b256_accurate,2,fp32_neighbor_reduction,3.98755073547,279,31.0759544373
com-Youtube,b256_accurate,2,partial_bf16_conversion,0.114917755127,279,31.0759544373
com-Youtube,b256_accurate,2,tile_load,0.555753707886,279,31.0759544373
com-Youtube,b256_accurate,2,tile_compute,1.18398666382,279,31.0759544373
com-Youtube,b256_accurate,2,tile_store,0.0367164611816,279,31.0759544373
com-Youtube,b256_accurate,2,output_scatter,0.0762939453125,279,31.0759544373
com-Youtube,b256_accurate,2,thread_amx_setup,0.0228881835938,279,31.0759544373
com-Youtube,s64_m64_fast,1,output_zero,0,279,71.4218616486
com-Youtube,s64_m64_fast,1,row_schedule,0.102043151855,279,71.4218616486
com-Youtube,s64_m64_fast,1,partial_zero,0.192403793335,279,71.4218616486
com-Youtube,s64_m64_fast,1,csr_prefetch,26.1273384094,279,71.4218616486
com-Youtube,s64_m64_fast,1,feature_gather_decode,19.3707942963,279,71.4218616486
com-Youtube,s64_m64_fast,1,fp32_neighbor_reduction,7.51352310181,279,71.4218616486
com-Youtube,s64_m64_fast,1,partial_bf16_conversion,5.58519363403,279,71.4218616486
com-Youtube,s64_m64_fast,1,tile_load,1.51443481445,279,71.4218616486
com-Youtube,s64_m64_fast,1,tile_compute,2.15029716492,279,71.4218616486
com-Youtube,s64_m64_fast,1,tile_store,0.123262405396,279,71.4218616486
com-Youtube,s64_m64_fast,1,output_scatter,0.351428985596,279,71.4218616486
com-Youtube,s64_m64_fast,1,thread_amx_setup,0.0429153442383,279,71.4218616486
com-Youtube,s64_m64_fast,1,window_state_load,0,279,71.4218616486
com-Youtube,s64_m64_fast,1,window_state_store,0.564575195312,279,71.4218616486
com-Youtube,s64_m64_fast,2,output_zero,0,279,69.2820549011
com-Youtube,s64_m64_fast,2,row_schedule,0.077486038208,279,69.2820549011
com-Youtube,s64_m64_fast,2,partial_zero,0.226259231567,279,69.2820549011
com-Youtube,s64_m64_fast,2,csr_prefetch,26.0136127472,279,69.2820549011
com-Youtube,s64_m64_fast,2,feature_gather_decode,19.6297168732,279,69.2820549011
com-Youtube,s64_m64_fast,2,fp32_neighbor_reduction,7.58743286133,279,69.2820549011
com-Youtube,s64_m64_fast,2,partial_bf16_conversion,5.58257102966,279,69.2820549011
com-Youtube,s64_m64_fast,2,tile_load,1.47533416748,279,69.2820549011
com-Youtube,s64_m64_fast,2,tile_compute,2.07471847534,279,69.2820549011
com-Youtube,s64_m64_fast,2,tile_store,0.11682510376,279,69.2820549011
com-Youtube,s64_m64_fast,2,output_scatter,0.569343566895,279,69.2820549011
com-Youtube,s64_m64_fast,2,thread_amx_setup,0.0388622283936,279,69.2820549011
com-Youtube,s64_m64_fast,2,window_state_load,0,279,69.2820549011
com-Youtube,s64_m64_fast,2,window_state_store,0.56266784668,279,69.2820549011
com-Youtube,s32_m64_fast,1,output_zero,0,279,72.0899105072
com-Youtube,s32_m64_fast,1,row_schedule,0.098705291748,279,72.0899105072
com-Youtube,s32_m64_fast,1,partial_zero,0.235557556152,279,72.0899105072
com-Youtube,s32_m64_fast,1,csr_prefetch,26.0605812073,279,72.0899105072
com-Youtube,s32_m64_fast,1,feature_gather_decode,19.5019245148,279,72.0899105072
com-Youtube,s32_m64_fast,1,fp32_neighbor_reduction,7.59553909302,279,72.0899105072
com-Youtube,s32_m64_fast,1,partial_bf16_conversion,5.57470321655,279,72.0899105072
com-Youtube,s32_m64_fast,1,tile_load,1.47104263306,279,72.0899105072
com-Youtube,s32_m64_fast,1,tile_compute,2.08258628845,279,72.0899105072
com-Youtube,s32_m64_fast,1,tile_store,0.1220703125,279,72.0899105072
com-Youtube,s32_m64_fast,1,output_scatter,0.351428985596,279,72.0899105072
com-Youtube,s32_m64_fast,1,thread_amx_setup,0.0276565551758,279,72.0899105072
com-Youtube,s32_m64_fast,1,window_state_load,0.113487243652,279,72.0899105072
com-Youtube,s32_m64_fast,1,window_state_store,0.690460205078,279,72.0899105072
com-Youtube,s32_m64_fast,2,output_zero,0.000953674316406,279,69.5080757141
com-Youtube,s32_m64_fast,2,row_schedule,0.0689029693604,279,69.5080757141
com-Youtube,s32_m64_fast,2,partial_zero,0.203132629395,279,69.5080757141
com-Youtube,s32_m64_fast,2,csr_prefetch,26.0903835297,279,69.5080757141
com-Youtube,s32_m64_fast,2,feature_gather_decode,19.3912982941,279,69.5080757141
com-Youtube,s32_m64_fast,2,fp32_neighbor_reduction,7.47227668762,279,69.5080757141
com-Youtube,s32_m64_fast,2,partial_bf16_conversion,5.56397438049,279,69.5080757141
com-Youtube,s32_m64_fast,2,tile_load,1.46579742432,279,69.5080757141
com-Youtube,s32_m64_fast,2,tile_compute,2.17628479004,279,69.5080757141
com-Youtube,s32_m64_fast,2,tile_store,0.122547149658,279,69.5080757141
com-Youtube,s32_m64_fast,2,output_scatter,0.557661056519,279,69.5080757141
com-Youtube,s32_m64_fast,2,thread_amx_setup,0.0379085540771,279,69.5080757141
com-Youtube,s32_m64_fast,2,window_state_load,0.105142593384,279,69.5080757141
com-Youtube,s32_m64_fast,2,window_state_store,0.680208206177,279,69.5080757141
com-Youtube,s32_m256_fast,1,output_zero,0,279,65.0188922882
com-Youtube,s32_m256_fast,1,row_schedule,0.0991821289062,279,65.0188922882
com-Youtube,s32_m256_fast,1,partial_zero,0.130653381348,279,65.0188922882
com-Youtube,s32_m256_fast,1,csr_prefetch,25.7322788239,279,65.0188922882
com-Youtube,s32_m256_fast,1,feature_gather_decode,19.1700458527,279,65.0188922882
com-Youtube,s32_m256_fast,1,fp32_neighbor_reduction,7.47656822205,279,65.0188922882
com-Youtube,s32_m256_fast,1,partial_bf16_conversion,2.99882888794,279,65.0188922882
com-Youtube,s32_m256_fast,1,tile_load,0.795841217041,279,65.0188922882
com-Youtube,s32_m256_fast,1,tile_compute,1.45101547241,279,65.0188922882
com-Youtube,s32_m256_fast,1,tile_store,0.070333480835,279,65.0188922882
com-Youtube,s32_m256_fast,1,output_scatter,0.358819961548,279,65.0188922882
com-Youtube,s32_m256_fast,1,thread_amx_setup,0.0393390655518,279,65.0188922882
com-Youtube,s32_m256_fast,1,window_state_load,0.198364257812,279,65.0188922882
com-Youtube,s32_m256_fast,1,window_state_store,0.541687011719,279,65.0188922882
com-Youtube,s32_m256_fast,2,output_zero,0,279,64.3088817596
com-Youtube,s32_m256_fast,2,row_schedule,0.0848770141602,279,64.3088817596
com-Youtube,s32_m256_fast,2,partial_zero,0.138759613037,279,64.3088817596
com-Youtube,s32_m256_fast,2,csr_prefetch,25.9218215942,279,64.3088817596
com-Youtube,s32_m256_fast,2,feature_gather_decode,19.2222595215,279,64.3088817596
com-Youtube,s32_m256_fast,2,fp32_neighbor_reduction,7.48109817505,279,64.3088817596
com-Youtube,s32_m256_fast,2,partial_bf16_conversion,2.97093391418,279,64.3088817596
com-Youtube,s32_m256_fast,2,tile_load,0.778675079346,279,64.3088817596
com-Youtube,s32_m256_fast,2,tile_compute,1.53565406799,279,64.3088817596
com-Youtube,s32_m256_fast,2,tile_store,0.0710487365723,279,64.3088817596
com-Youtube,s32_m256_fast,2,output_scatter,0.57578086853,279,64.3088817596
com-Youtube,s32_m256_fast,2,thread_amx_setup,0.0519752502441,279,64.3088817596
com-Youtube,s32_m256_fast,2,window_state_load,0.175952911377,279,64.3088817596
com-Youtube,s32_m256_fast,2,window_state_store,0.577926635742,279,64.3088817596
com-Youtube,s64_m256_fast,1,output_zero,0,279,65.9029483795
com-Youtube,s64_m256_fast,1,row_schedule,0.0929832458496,279,65.9029483795
com-Youtube,s64_m256_fast,1,partial_zero,0.148773193359,279,65.9029483795
com-Youtube,s64_m256_fast,1,csr_prefetch,25.8746147156,279,65.9029483795
com-Youtube,s64_m256_fast,1,feature_gather_decode,19.0789699554,279,65.9029483795
com-Youtube,s64_m256_fast,1,fp32_neighbor_reduction,7.4667930603,279,65.9029483795
com-Youtube,s64_m256_fast,1,partial_bf16_conversion,2.9981136322,279,65.9029483795
com-Youtube,s64_m256_fast,1,tile_load,0.831604003906,279,65.9029483795
com-Youtube,s64_m256_fast,1,tile_compute,1.43599510193,279,65.9029483795
com-Youtube,s64_m256_fast,1,tile_store,0.0581741333008,279,65.9029483795
com-Youtube,s64_m256_fast,1,output_scatter,0.355243682861,279,65.9029483795
com-Youtube,s64_m256_fast,1,thread_amx_setup,0.0307559967041,279,65.9029483795
com-Youtube,s64_m256_fast,1,window_state_load,0.0836849212646,279,65.9029483795
com-Youtube,s64_m256_fast,1,window_state_store,0.457048416138,279,65.9029483795
com-Youtube,s64_m256_fast,2,output_zero,0,279,63.9050006866
com-Youtube,s64_m256_fast,2,row_schedule,0.0803470611572,279,63.9050006866
com-Youtube,s64_m256_fast,2,partial_zero,0.152587890625,279,63.9050006866
com-Youtube,s64_m256_fast,2,csr_prefetch,25.8135795593,279,63.9050006866
com-Youtube,s64_m256_fast,2,feature_gather_decode,19.1583633423,279,63.9050006866
com-Youtube,s64_m256_fast,2,fp32_neighbor_reduction,7.43961334229,279,63.9050006866
com-Youtube,s64_m256_fast,2,partial_bf16_conversion,2.9833316803,279,63.9050006866
com-Youtube,s64_m256_fast,2,tile_load,0.788450241089,279,63.9050006866
com-Youtube,s64_m256_fast,2,tile_compute,1.55711174011,279,63.9050006866
com-Youtube,s64_m256_fast,2,tile_store,0.0581741333008,279,63.9050006866
com-Youtube,s64_m256_fast,2,output_scatter,0.559091567993,279,63.9050006866
com-Youtube,s64_m256_fast,2,thread_amx_setup,0.0391006469727,279,63.9050006866
com-Youtube,s64_m256_fast,2,window_state_load,0.0753402709961,279,63.9050006866
com-Youtube,s64_m256_fast,2,window_state_store,0.455856323242,279,63.9050006866
com-Youtube,s32_mfull_fast,1,output_zero,0,279,63.7140274048
com-Youtube,s32_mfull_fast,1,row_schedule,0.0929832458496,279,63.7140274048
com-Youtube,s32_mfull_fast,1,partial_zero,0.131130218506,279,63.7140274048
com-Youtube,s32_mfull_fast,1,csr_prefetch,25.8793830872,279,63.7140274048
com-Youtube,s32_mfull_fast,1,feature_gather_decode,18.994808197,279,63.7140274048
com-Youtube,s32_mfull_fast,1,fp32_neighbor_reduction,7.47013092041,279,63.7140274048
com-Youtube,s32_mfull_fast,1,partial_bf16_conversion,2.17151641846,279,63.7140274048
com-Youtube,s32_mfull_fast,1,tile_load,0.571966171265,279,63.7140274048
com-Youtube,s32_mfull_fast,1,tile_compute,1.08194351196,279,63.7140274048
com-Youtube,s32_mfull_fast,1,tile_store,0.0438690185547,279,63.7140274048
com-Youtube,s32_mfull_fast,1,output_scatter,0.350713729858,279,63.7140274048
com-Youtube,s32_mfull_fast,1,thread_amx_setup,0.0383853912354,279,63.7140274048
com-Youtube,s32_mfull_fast,1,window_state_load,0.209808349609,279,63.7140274048
com-Youtube,s32_mfull_fast,1,window_state_store,0.541210174561,279,63.7140274048
com-Youtube,s32_mfull_fast,2,output_zero,0,279,62.4160766602
com-Youtube,s32_mfull_fast,2,row_schedule,0.065803527832,279,62.4160766602
com-Youtube,s32_mfull_fast,2,partial_zero,0.119686126709,279,62.4160766602
com-Youtube,s32_mfull_fast,2,csr_prefetch,25.955915451,279,62.4160766602
com-Youtube,s32_mfull_fast,2,feature_gather_decode,19.1366672516,279,62.4160766602
com-Youtube,s32_mfull_fast,2,fp32_neighbor_reduction,7.47394561768,279,62.4160766602
com-Youtube,s32_mfull_fast,2,partial_bf16_conversion,2.18319892883,279,62.4160766602
com-Youtube,s32_mfull_fast,2,tile_load,0.539064407349,279,62.4160766602
com-Youtube,s32_mfull_fast,2,tile_compute,1.16443634033,279,62.4160766602
com-Youtube,s32_mfull_fast,2,tile_store,0.0448226928711,279,62.4160766602
com-Youtube,s32_mfull_fast,2,output_scatter,0.557899475098,279,62.4160766602
com-Youtube,s32_mfull_fast,2,thread_amx_setup,0.0479221343994,279,62.4160766602
com-Youtube,s32_mfull_fast,2,window_state_load,0.201225280762,279,62.4160766602
com-Youtube,s32_mfull_fast,2,window_state_store,0.494003295898,279,62.4160766602
com-Youtube,s64_mfull_fast,1,output_zero,0,279,63.8661384583
com-Youtube,s64_mfull_fast,1,row_schedule,0.0722408294678,279,63.8661384583
com-Youtube,s64_mfull_fast,1,partial_zero,0.125885009766,279,63.8661384583
com-Youtube,s64_mfull_fast,1,csr_prefetch,25.9819030762,279,63.8661384583
com-Youtube,s64_mfull_fast,1,feature_gather_decode,19.1581249237,279,63.8661384583
com-Youtube,s64_mfull_fast,1,fp32_neighbor_reduction,7.5056552887,279,63.8661384583
com-Youtube,s64_mfull_fast,1,partial_bf16_conversion,2.17914581299,279,63.8661384583
com-Youtube,s64_mfull_fast,1,tile_load,0.542640686035,279,63.8661384583
com-Youtube,s64_mfull_fast,1,tile_compute,1.13701820374,279,63.8661384583
com-Youtube,s64_mfull_fast,1,tile_store,0.0524520874023,279,63.8661384583
com-Youtube,s64_mfull_fast,1,output_scatter,0.35285949707,279,63.8661384583
com-Youtube,s64_mfull_fast,1,thread_amx_setup,0.035285949707,279,63.8661384583
com-Youtube,s64_mfull_fast,1,window_state_load,0.110626220703,279,63.8661384583
com-Youtube,s64_mfull_fast,1,window_state_store,0.396728515625,279,63.8661384583
com-Youtube,s64_mfull_fast,2,output_zero,0,279,62.5879764557
com-Youtube,s64_mfull_fast,2,row_schedule,0.070333480835,279,62.5879764557
com-Youtube,s64_mfull_fast,2,partial_zero,0.125408172607,279,62.5879764557
com-Youtube,s64_mfull_fast,2,csr_prefetch,25.9392261505,279,62.5879764557
com-Youtube,s64_mfull_fast,2,feature_gather_decode,19.0403461456,279,62.5879764557
com-Youtube,s64_mfull_fast,2,fp32_neighbor_reduction,7.47275352478,279,62.5879764557
com-Youtube,s64_mfull_fast,2,partial_bf16_conversion,2.13289260864,279,62.5879764557
com-Youtube,s64_mfull_fast,2,tile_load,0.577688217163,279,62.5879764557
com-Youtube,s64_mfull_fast,2,tile_compute,1.09076499939,279,62.5879764557
com-Youtube,s64_mfull_fast,2,tile_store,0.053882598877,279,62.5879764557
com-Youtube,s64_mfull_fast,2,output_scatter,0.565052032471,279,62.5879764557
com-Youtube,s64_mfull_fast,2,thread_amx_setup,0.0391006469727,279,62.5879764557
com-Youtube,s64_mfull_fast,2,window_state_load,0.125408172607,279,62.5879764557
com-Youtube,s64_mfull_fast,2,window_state_store,0.436782836914,279,62.5879764557
com-Youtube,s128_mfull_fast,1,output_zero,0,279,64.09907341
com-Youtube,s128_mfull_fast,1,row_schedule,0.0829696655273,279,64.09907341
com-Youtube,s128_mfull_fast,1,partial_zero,0.135660171509,279,64.09907341
com-Youtube,s128_mfull_fast,1,csr_prefetch,25.8519649506,279,64.09907341
com-Youtube,s128_mfull_fast,1,feature_gather_decode,18.8810825348,279,64.09907341
com-Youtube,s128_mfull_fast,1,fp32_neighbor_reduction,7.39884376526,279,64.09907341
com-Youtube,s128_mfull_fast,1,partial_bf16_conversion,2.19821929932,279,64.09907341
com-Youtube,s128_mfull_fast,1,tile_load,0.562191009521,279,64.09907341
com-Youtube,s128_mfull_fast,1,tile_compute,1.11722946167,279,64.09907341
com-Youtube,s128_mfull_fast,1,tile_store,0.0457763671875,279,64.09907341
com-Youtube,s128_mfull_fast,1,output_scatter,0.355005264282,279,64.09907341
com-Youtube,s128_mfull_fast,1,thread_amx_setup,0.0340938568115,279,64.09907341
com-Youtube,s128_mfull_fast,1,window_state_load,0.0503063201904,279,64.09907341
com-Youtube,s128_mfull_fast,1,window_state_store,0.356435775757,279,64.09907341
com-Youtube,s128_mfull_fast,2,output_zero,0,279,63.2059574127
com-Youtube,s128_mfull_fast,2,row_schedule,0.0770092010498,279,63.2059574127
com-Youtube,s128_mfull_fast,2,partial_zero,0.1220703125,279,63.2059574127
com-Youtube,s128_mfull_fast,2,csr_prefetch,26.1523723602,279,63.2059574127
com-Youtube,s128_mfull_fast,2,feature_gather_decode,18.9387798309,279,63.2059574127
com-Youtube,s128_mfull_fast,2,fp32_neighbor_reduction,7.48205184937,279,63.2059574127
com-Youtube,s128_mfull_fast,2,partial_bf16_conversion,2.16007232666,279,63.2059574127
com-Youtube,s128_mfull_fast,2,tile_load,0.544786453247,279,63.2059574127
com-Youtube,s128_mfull_fast,2,tile_compute,1.14822387695,279,63.2059574127
com-Youtube,s128_mfull_fast,2,tile_store,0.0350475311279,279,63.2059574127
com-Youtube,s128_mfull_fast,2,output_scatter,0.561475753784,279,63.2059574127
com-Youtube,s128_mfull_fast,2,thread_amx_setup,0.0362396240234,279,63.2059574127
com-Youtube,s128_mfull_fast,2,window_state_load,0.0474452972412,279,63.2059574127
com-Youtube,s128_mfull_fast,2,window_state_store,0.366449356079,279,63.2059574127
com-Youtube,s64_mfull_accurate,1,output_zero,0,279,65.5510425568
com-Youtube,s64_mfull_accurate,1,row_schedule,0.0934600830078,279,65.5510425568
com-Youtube,s64_mfull_accurate,1,partial_zero,0.124931335449,279,65.5510425568
com-Youtube,s64_mfull_accurate,1,csr_prefetch,26.0736942291,279,65.5510425568
com-Youtube,s64_mfull_accurate,1,feature_gather_decode,19.3417072296,279,65.5510425568
com-Youtube,s64_mfull_accurate,1,fp32_neighbor_reduction,7.68136978149,279,65.5510425568
com-Youtube,s64_mfull_accurate,1,partial_bf16_conversion,6.55436515808,279,65.5510425568
com-Youtube,s64_mfull_accurate,1,tile_load,1.07789039612,279,65.5510425568
com-Youtube,s64_mfull_accurate,1,tile_compute,1.37758255005,279,65.5510425568
com-Youtube,s64_mfull_accurate,1,tile_store,0.0548362731934,279,65.5510425568
com-Youtube,s64_mfull_accurate,1,output_scatter,0.346899032593,279,65.5510425568
com-Youtube,s64_mfull_accurate,1,thread_amx_setup,0.0355243682861,279,65.5510425568
com-Youtube,s64_mfull_accurate,1,window_state_load,0.0951290130615,279,65.5510425568
com-Youtube,s64_mfull_accurate,1,window_state_store,0.380039215088,279,65.5510425568
com-Youtube,s64_mfull_accurate,2,output_zero,0,279,63.4269714355
com-Youtube,s64_mfull_accurate,2,row_schedule,0.0829696655273,279,63.4269714355
com-Youtube,s64_mfull_accurate,2,partial_zero,0.0934600830078,279,63.4269714355
com-Youtube,s64_mfull_accurate,2,csr_prefetch,26.1735916138,279,63.4269714355
com-Youtube,s64_mfull_accurate,2,feature_gather_decode,19.2551612854,279,63.4269714355
com-Youtube,s64_mfull_accurate,2,fp32_neighbor_reduction,7.52019882202,279,63.4269714355
com-Youtube,s64_mfull_accurate,2,partial_bf16_conversion,6.48546218872,279,63.4269714355
com-Youtube,s64_mfull_accurate,2,tile_load,1.0986328125,279,63.4269714355
com-Youtube,s64_mfull_accurate,2,tile_compute,1.25169754028,279,63.4269714355
com-Youtube,s64_mfull_accurate,2,tile_store,0.0407695770264,279,63.4269714355
com-Youtube,s64_mfull_accurate,2,output_scatter,0.611782073975,279,63.4269714355
com-Youtube,s64_mfull_accurate,2,thread_amx_setup,0.0391006469727,279,63.4269714355
com-Youtube,s64_mfull_accurate,2,window_state_load,0.117301940918,279,63.4269714355
com-Youtube,s64_mfull_accurate,2,window_state_store,0.41127204895,279,63.4269714355
com-Youtube,s64_mfull_rowwise_fast,1,output_zero,0,279,64.8770332336
com-Youtube,s64_mfull_rowwise_fast,1,row_schedule,0.0932216644287,279,64.8770332336
com-Youtube,s64_mfull_rowwise_fast,1,partial_zero,0.0967979431152,279,64.8770332336
com-Youtube,s64_mfull_rowwise_fast,1,csr_prefetch,25.7887840271,279,64.8770332336
com-Youtube,s64_mfull_rowwise_fast,1,feature_gather_decode,19.0010070801,279,64.8770332336
com-Youtube,s64_mfull_rowwise_fast,1,fp32_neighbor_reduction,7.46250152588,279,64.8770332336
com-Youtube,s64_mfull_rowwise_fast,1,partial_bf16_conversion,2.17151641846,279,64.8770332336
com-Youtube,s64_mfull_rowwise_fast,1,tile_load,0.599145889282,279,64.8770332336
com-Youtube,s64_mfull_rowwise_fast,1,tile_compute,1.06358528137,279,64.8770332336
com-Youtube,s64_mfull_rowwise_fast,1,tile_store,0.0472068786621,279,64.8770332336
com-Youtube,s64_mfull_rowwise_fast,1,output_scatter,0.364065170288,279,64.8770332336
com-Youtube,s64_mfull_rowwise_fast,1,thread_amx_setup,0.0345706939697,279,64.8770332336
com-Youtube,s64_mfull_rowwise_fast,1,window_state_load,0.107049942017,279,64.8770332336
com-Youtube,s64_mfull_rowwise_fast,1,window_state_store,0.422954559326,279,64.8770332336
com-Youtube,s64_mfull_rowwise_fast,2,output_zero,0.000953674316406,279,62.7458095551
com-Youtube,s64_mfull_rowwise_fast,2,row_schedule,0.096321105957,279,62.7458095551
com-Youtube,s64_mfull_rowwise_fast,2,partial_zero,0.107288360596,279,62.7458095551
com-Youtube,s64_mfull_rowwise_fast,2,csr_prefetch,25.9249210358,279,62.7458095551
com-Youtube,s64_mfull_rowwise_fast,2,feature_gather_decode,19.0176963806,279,62.7458095551
com-Youtube,s64_mfull_rowwise_fast,2,fp32_neighbor_reduction,7.61461257935,279,62.7458095551
com-Youtube,s64_mfull_rowwise_fast,2,partial_bf16_conversion,2.14838981628,279,62.7458095551
com-Youtube,s64_mfull_rowwise_fast,2,tile_load,0.52547454834,279,62.7458095551
com-Youtube,s64_mfull_rowwise_fast,2,tile_compute,1.12295150757,279,62.7458095551
com-Youtube,s64_mfull_rowwise_fast,2,tile_store,0.0510215759277,279,62.7458095551
com-Youtube,s64_mfull_rowwise_fast,2,output_scatter,0.560522079468,279,62.7458095551
com-Youtube,s64_mfull_rowwise_fast,2,thread_amx_setup,0.0302791595459,279,62.7458095551
com-Youtube,s64_mfull_rowwise_fast,2,window_state_load,0.10085105896,279,62.7458095551
com-Youtube,s64_mfull_rowwise_fast,2,window_state_store,0.380754470825,279,62.7458095551
