graph,method,kind,repeat,order,ms
ogbn-products,paper_tfs,consecutive_e2e,0,0,346.514940262
ogbn-products,paper_tfs,consecutive_e2e,1,0,346.988916397
ogbn-products,paper_tfs,consecutive_e2e,2,0,341.005086899
ogbn-products,paper_tfs,consecutive_e2e,3,0,342.440128326
ogbn-products,paper_tfs,consecutive_e2e,4,0,342.181921005
ogbn-products,b64_fast,consecutive_e2e,0,1,298.938035965
ogbn-products,b64_fast,consecutive_e2e,1,1,295.21894455
ogbn-products,b64_fast,consecutive_e2e,2,1,296.747922897
ogbn-products,b64_fast,consecutive_e2e,3,1,300.752162933
ogbn-products,b64_fast,consecutive_e2e,4,1,295.969963074
ogbn-products,b64_accurate,consecutive_e2e,0,2,305.66906929
ogbn-products,b64_accurate,consecutive_e2e,1,2,308.269023895
ogbn-products,b64_accurate,consecutive_e2e,2,2,308.094024658
ogbn-products,b64_accurate,consecutive_e2e,3,2,310.894966125
ogbn-products,b64_accurate,consecutive_e2e,4,2,330.054998398
ogbn-products,bfull_fast,consecutive_e2e,0,3,295.32790184
ogbn-products,bfull_fast,consecutive_e2e,1,3,293.622016907
ogbn-products,bfull_fast,consecutive_e2e,2,3,292.49215126
ogbn-products,bfull_fast,consecutive_e2e,3,3,294.725179672
ogbn-products,bfull_fast,consecutive_e2e,4,3,292.017936707
ogbn-products,bfull_accurate,consecutive_e2e,0,4,302.594900131
ogbn-products,bfull_accurate,consecutive_e2e,1,4,311.095952988
ogbn-products,bfull_accurate,consecutive_e2e,2,4,305.12213707
ogbn-products,bfull_accurate,consecutive_e2e,3,4,305.788040161
ogbn-products,bfull_accurate,consecutive_e2e,4,4,304.498910904
ogbn-products,b256_fast,consecutive_e2e,0,5,302.901983261
ogbn-products,b256_fast,consecutive_e2e,1,5,301.177978516
ogbn-products,b256_fast,consecutive_e2e,2,5,296.988964081
ogbn-products,b256_fast,consecutive_e2e,3,5,297.319889069
ogbn-products,b256_fast,consecutive_e2e,4,5,294.497966766
ogbn-products,b256_accurate,consecutive_e2e,0,6,299.210071564
ogbn-products,b256_accurate,consecutive_e2e,1,6,301.88703537
ogbn-products,b256_accurate,consecutive_e2e,2,6,307.575941086
ogbn-products,b256_accurate,consecutive_e2e,3,6,302.591085434
ogbn-products,b256_accurate,consecutive_e2e,4,6,302.736997604
ogbn-products,s64_m64_fast,consecutive_e2e,0,7,300.225019455
ogbn-products,s64_m64_fast,consecutive_e2e,1,7,296.343803406
ogbn-products,s64_m64_fast,consecutive_e2e,2,7,302.637815475
ogbn-products,s64_m64_fast,consecutive_e2e,3,7,301.054000854
ogbn-products,s64_m64_fast,consecutive_e2e,4,7,305.289983749
ogbn-products,s32_m64_fast,consecutive_e2e,0,8,300.404787064
ogbn-products,s32_m64_fast,consecutive_e2e,1,8,304.241895676
ogbn-products,s32_m64_fast,consecutive_e2e,2,8,300.326108932
ogbn-products,s32_m64_fast,consecutive_e2e,3,8,298.101186752
ogbn-products,s32_m64_fast,consecutive_e2e,4,8,301.272153854
ogbn-products,s32_m256_fast,consecutive_e2e,0,9,295.173883438
ogbn-products,s32_m256_fast,consecutive_e2e,1,9,294.532060623
ogbn-products,s32_m256_fast,consecutive_e2e,2,9,300.338983536
ogbn-products,s32_m256_fast,consecutive_e2e,3,9,295.325994492
ogbn-products,s32_m256_fast,consecutive_e2e,4,9,317.596912384
ogbn-products,s64_m256_fast,consecutive_e2e,0,10,292.319059372
ogbn-products,s64_m256_fast,consecutive_e2e,1,10,297.791004181
ogbn-products,s64_m256_fast,consecutive_e2e,2,10,291.674852371
ogbn-products,s64_m256_fast,consecutive_e2e,3,10,295.123100281
ogbn-products,s64_m256_fast,consecutive_e2e,4,10,292.397975922
ogbn-products,s32_mfull_fast,consecutive_e2e,0,11,292.864084244
ogbn-products,s32_mfull_fast,consecutive_e2e,1,11,298.410892487
ogbn-products,s32_mfull_fast,consecutive_e2e,2,11,292.881011963
ogbn-products,s32_mfull_fast,consecutive_e2e,3,11,295.710086823
ogbn-products,s32_mfull_fast,consecutive_e2e,4,11,295.887947083
ogbn-products,s64_mfull_fast,consecutive_e2e,0,12,298.21896553
ogbn-products,s64_mfull_fast,consecutive_e2e,1,12,296.745061874
ogbn-products,s64_mfull_fast,consecutive_e2e,2,12,298.737049103
ogbn-products,s64_mfull_fast,consecutive_e2e,3,12,296.818971634
ogbn-products,s64_mfull_fast,consecutive_e2e,4,12,291.923046112
ogbn-products,s128_mfull_fast,consecutive_e2e,0,13,297.652959824
ogbn-products,s128_mfull_fast,consecutive_e2e,1,13,295.675039291
ogbn-products,s128_mfull_fast,consecutive_e2e,2,13,294.268131256
ogbn-products,s128_mfull_fast,consecutive_e2e,3,13,300.76789856
ogbn-products,s128_mfull_fast,consecutive_e2e,4,13,291.306018829
ogbn-products,s64_mfull_accurate,consecutive_e2e,0,14,298.448085785
ogbn-products,s64_mfull_accurate,consecutive_e2e,1,14,299.996137619
ogbn-products,s64_mfull_accurate,consecutive_e2e,2,14,301.070928574
ogbn-products,s64_mfull_accurate,consecutive_e2e,3,14,298.732042313
ogbn-products,s64_mfull_accurate,consecutive_e2e,4,14,297.985076904
ogbn-products,s64_mfull_rowwise_fast,consecutive_e2e,0,15,301.194906235
ogbn-products,s64_mfull_rowwise_fast,consecutive_e2e,1,15,299.320936203
ogbn-products,s64_mfull_rowwise_fast,consecutive_e2e,2,15,319.390058517
ogbn-products,s64_mfull_rowwise_fast,consecutive_e2e,3,15,300.111055374
ogbn-products,s64_mfull_rowwise_fast,consecutive_e2e,4,15,293.527841568
ogbn-products,source_mkl_fp32,consecutive_e2e,0,16,1355.60393333
ogbn-products,source_mkl_fp32,consecutive_e2e,1,16,1358.81209373
ogbn-products,source_mkl_fp32,consecutive_e2e,2,16,1355.76105118
ogbn-products,source_mkl_fp32,consecutive_e2e,3,16,1354.5229435
ogbn-products,source_mkl_fp32,consecutive_e2e,4,16,1353.70898247
ogbn-products,paper_tfs,rotating_e2e,0,0,354.13312912
ogbn-products,b64_fast,rotating_e2e,0,1,291.707992554
ogbn-products,b64_accurate,rotating_e2e,0,2,308.895111084
ogbn-products,bfull_fast,rotating_e2e,0,3,295.754909515
ogbn-products,bfull_accurate,rotating_e2e,0,4,297.861814499
ogbn-products,b256_fast,rotating_e2e,0,5,297.71900177
ogbn-products,b256_accurate,rotating_e2e,0,6,299.760103226
ogbn-products,s64_m64_fast,rotating_e2e,0,7,293.035030365
ogbn-products,s32_m64_fast,rotating_e2e,0,8,300.794839859
ogbn-products,s32_m256_fast,rotating_e2e,0,9,294.543027878
ogbn-products,s64_m256_fast,rotating_e2e,0,10,294.470071793
ogbn-products,s32_mfull_fast,rotating_e2e,0,11,292.376995087
ogbn-products,s64_mfull_fast,rotating_e2e,0,12,291.239976883
ogbn-products,s128_mfull_fast,rotating_e2e,0,13,293.794870377
ogbn-products,s64_mfull_accurate,rotating_e2e,0,14,301.061153412
ogbn-products,s64_mfull_rowwise_fast,rotating_e2e,0,15,294.606924057
ogbn-products,source_mkl_fp32,rotating_e2e,0,16,1356.31799698
ogbn-products,b64_fast,rotating_e2e,1,0,290.79413414
ogbn-products,b64_accurate,rotating_e2e,1,1,379.400968552
ogbn-products,bfull_fast,rotating_e2e,1,2,290.451049805
ogbn-products,bfull_accurate,rotating_e2e,1,3,300.910949707
ogbn-products,b256_fast,rotating_e2e,1,4,292.145967484
ogbn-products,b256_accurate,rotating_e2e,1,5,304.697036743
ogbn-products,s64_m64_fast,rotating_e2e,1,6,295.971155167
ogbn-products,s32_m64_fast,rotating_e2e,1,7,300.676107407
ogbn-products,s32_m256_fast,rotating_e2e,1,8,295.444011688
ogbn-products,s64_m256_fast,rotating_e2e,1,9,295.191049576
ogbn-products,s32_mfull_fast,rotating_e2e,1,10,292.237043381
ogbn-products,s64_mfull_fast,rotating_e2e,1,11,293.003797531
ogbn-products,s128_mfull_fast,rotating_e2e,1,12,296.025037766
ogbn-products,s64_mfull_accurate,rotating_e2e,1,13,298.19893837
ogbn-products,s64_mfull_rowwise_fast,rotating_e2e,1,14,299.448013306
ogbn-products,source_mkl_fp32,rotating_e2e,1,15,1357.3050499
ogbn-products,paper_tfs,rotating_e2e,1,16,335.911989212
ogbn-products,b64_accurate,rotating_e2e,2,0,301.483154297
ogbn-products,bfull_fast,rotating_e2e,2,1,294.751167297
ogbn-products,bfull_accurate,rotating_e2e,2,2,298.061847687
ogbn-products,b256_fast,rotating_e2e,2,3,297.944784164
ogbn-products,b256_accurate,rotating_e2e,2,4,297.274827957
ogbn-products,s64_m64_fast,rotating_e2e,2,5,304.361820221
ogbn-products,s32_m64_fast,rotating_e2e,2,6,297.427892685
ogbn-products,s32_m256_fast,rotating_e2e,2,7,294.106006622
ogbn-products,s64_m256_fast,rotating_e2e,2,8,295.37987709
ogbn-products,s32_mfull_fast,rotating_e2e,2,9,299.610137939
ogbn-products,s64_mfull_fast,rotating_e2e,2,10,290.740013123
ogbn-products,s128_mfull_fast,rotating_e2e,2,11,295.994997025
ogbn-products,s64_mfull_accurate,rotating_e2e,2,12,298.259973526
ogbn-products,s64_mfull_rowwise_fast,rotating_e2e,2,13,296.15688324
ogbn-products,source_mkl_fp32,rotating_e2e,2,14,1356.44197464
ogbn-products,paper_tfs,rotating_e2e,2,15,334.936141968
ogbn-products,b64_fast,rotating_e2e,2,16,288.808107376
ogbn-products,bfull_fast,rotating_e2e,3,0,289.54410553
ogbn-products,bfull_accurate,rotating_e2e,3,1,295.965909958
ogbn-products,b256_fast,rotating_e2e,3,2,292.071819305
ogbn-products,b256_accurate,rotating_e2e,3,3,295.458078384
ogbn-products,s64_m64_fast,rotating_e2e,3,4,292.634010315
ogbn-products,s32_m64_fast,rotating_e2e,3,5,302.505016327
ogbn-products,s32_m256_fast,rotating_e2e,3,6,292.939901352
ogbn-products,s64_m256_fast,rotating_e2e,3,7,296.308994293
ogbn-products,s32_mfull_fast,rotating_e2e,3,8,292.116165161
ogbn-products,s64_mfull_fast,rotating_e2e,3,9,292.61803627
ogbn-products,s128_mfull_fast,rotating_e2e,3,10,297.598838806
ogbn-products,s64_mfull_accurate,rotating_e2e,3,11,302.320957184
ogbn-products,s64_mfull_rowwise_fast,rotating_e2e,3,12,292.192935944
ogbn-products,source_mkl_fp32,rotating_e2e,3,13,1355.67903519
ogbn-products,paper_tfs,rotating_e2e,3,14,334.419965744
ogbn-products,b64_fast,rotating_e2e,3,15,291.332960129
ogbn-products,b64_accurate,rotating_e2e,3,16,308.563947678
ogbn-products,bfull_accurate,rotating_e2e,4,0,301.328897476
ogbn-products,b256_fast,rotating_e2e,4,1,293.741941452
ogbn-products,b256_accurate,rotating_e2e,4,2,305.639982224
ogbn-products,s64_m64_fast,rotating_e2e,4,3,303.457021713
ogbn-products,s32_m64_fast,rotating_e2e,4,4,299.09491539
ogbn-products,s32_m256_fast,rotating_e2e,4,5,293.00904274
ogbn-products,s64_m256_fast,rotating_e2e,4,6,295.094013214
ogbn-products,s32_mfull_fast,rotating_e2e,4,7,295.076847076
ogbn-products,s64_mfull_fast,rotating_e2e,4,8,295.806884766
ogbn-products,s128_mfull_fast,rotating_e2e,4,9,296.725034714
ogbn-products,s64_mfull_accurate,rotating_e2e,4,10,298.705816269
ogbn-products,s64_mfull_rowwise_fast,rotating_e2e,4,11,296.416044235
ogbn-products,source_mkl_fp32,rotating_e2e,4,12,1355.93986511
ogbn-products,paper_tfs,rotating_e2e,4,13,333.826065063
ogbn-products,b64_fast,rotating_e2e,4,14,289.258003235
ogbn-products,b64_accurate,rotating_e2e,4,15,311.460018158
ogbn-products,bfull_fast,rotating_e2e,4,16,290.429115295
reddit,paper_tfs,consecutive_e2e,0,0,308.194160461
reddit,paper_tfs,consecutive_e2e,1,0,313.174962997
reddit,paper_tfs,consecutive_e2e,2,0,321.204900742
reddit,paper_tfs,consecutive_e2e,3,0,311.332941055
reddit,paper_tfs,consecutive_e2e,4,0,318.081855774
reddit,b64_fast,consecutive_e2e,0,1,129.666805267
reddit,b64_fast,consecutive_e2e,1,1,125.224113464
reddit,b64_fast,consecutive_e2e,2,1,123.48985672
reddit,b64_fast,consecutive_e2e,3,1,131.046056747
reddit,b64_fast,consecutive_e2e,4,1,126.647949219
reddit,b64_accurate,consecutive_e2e,0,2,130.702972412
reddit,b64_accurate,consecutive_e2e,1,2,130.144119263
reddit,b64_accurate,consecutive_e2e,2,2,127.953052521
reddit,b64_accurate,consecutive_e2e,3,2,127.541065216
reddit,b64_accurate,consecutive_e2e,4,2,126.735925674
reddit,bfull_fast,consecutive_e2e,0,3,128.238916397
reddit,bfull_fast,consecutive_e2e,1,3,136.980056763
reddit,bfull_fast,consecutive_e2e,2,3,138.556003571
reddit,bfull_fast,consecutive_e2e,3,3,132.547855377
reddit,bfull_fast,consecutive_e2e,4,3,135.829925537
reddit,bfull_accurate,consecutive_e2e,0,4,133.746862411
reddit,bfull_accurate,consecutive_e2e,1,4,139.435052872
reddit,bfull_accurate,consecutive_e2e,2,4,132.10105896
reddit,bfull_accurate,consecutive_e2e,3,4,136.333942413
reddit,bfull_accurate,consecutive_e2e,4,4,132.400035858
reddit,b256_fast,consecutive_e2e,0,5,121.637105942
reddit,b256_fast,consecutive_e2e,1,5,122.799873352
reddit,b256_fast,consecutive_e2e,2,5,124.068975449
reddit,b256_fast,consecutive_e2e,3,5,118.540048599
reddit,b256_fast,consecutive_e2e,4,5,151.020050049
reddit,b256_accurate,consecutive_e2e,0,6,123.534917831
reddit,b256_accurate,consecutive_e2e,1,6,294.875860214
reddit,b256_accurate,consecutive_e2e,2,6,117.63882637
reddit,b256_accurate,consecutive_e2e,3,6,116.858959198
reddit,b256_accurate,consecutive_e2e,4,6,119.080066681
reddit,s64_m64_fast,consecutive_e2e,0,7,129.278182983
reddit,s64_m64_fast,consecutive_e2e,1,7,125.794172287
reddit,s64_m64_fast,consecutive_e2e,2,7,129.323959351
reddit,s64_m64_fast,consecutive_e2e,3,7,128.921031952
reddit,s64_m64_fast,consecutive_e2e,4,7,129.390954971
reddit,s32_m64_fast,consecutive_e2e,0,8,129.610061646
reddit,s32_m64_fast,consecutive_e2e,1,8,136.30604744
reddit,s32_m64_fast,consecutive_e2e,2,8,129.766941071
reddit,s32_m64_fast,consecutive_e2e,3,8,127.12597847
reddit,s32_m64_fast,consecutive_e2e,4,8,128.450155258
reddit,s32_m256_fast,consecutive_e2e,0,9,129.750013351
reddit,s32_m256_fast,consecutive_e2e,1,9,126.974821091
reddit,s32_m256_fast,consecutive_e2e,2,9,127.173900604
reddit,s32_m256_fast,consecutive_e2e,3,9,123.237848282
reddit,s32_m256_fast,consecutive_e2e,4,9,125.953912735
reddit,s64_m256_fast,consecutive_e2e,0,10,124.104976654
reddit,s64_m256_fast,consecutive_e2e,1,10,125.880002975
reddit,s64_m256_fast,consecutive_e2e,2,10,120.909929276
reddit,s64_m256_fast,consecutive_e2e,3,10,123.184919357
reddit,s64_m256_fast,consecutive_e2e,4,10,123.944997787
reddit,s32_mfull_fast,consecutive_e2e,0,11,126.128196716
reddit,s32_mfull_fast,consecutive_e2e,1,11,123.974084854
reddit,s32_mfull_fast,consecutive_e2e,2,11,122.709035873
reddit,s32_mfull_fast,consecutive_e2e,3,11,123.935937881
reddit,s32_mfull_fast,consecutive_e2e,4,11,125.427961349
reddit,s64_mfull_fast,consecutive_e2e,0,12,120.026826859
reddit,s64_mfull_fast,consecutive_e2e,1,12,130.285978317
reddit,s64_mfull_fast,consecutive_e2e,2,12,121.477842331
reddit,s64_mfull_fast,consecutive_e2e,3,12,123.564958572
reddit,s64_mfull_fast,consecutive_e2e,4,12,119.601011276
reddit,s128_mfull_fast,consecutive_e2e,0,13,116.96600914
reddit,s128_mfull_fast,consecutive_e2e,1,13,119.459867477
reddit,s128_mfull_fast,consecutive_e2e,2,13,124.011039734
reddit,s128_mfull_fast,consecutive_e2e,3,13,120.769023895
reddit,s128_mfull_fast,consecutive_e2e,4,13,118.306875229
reddit,s64_mfull_accurate,consecutive_e2e,0,14,125.39601326
reddit,s64_mfull_accurate,consecutive_e2e,1,14,120.195865631
reddit,s64_mfull_accurate,consecutive_e2e,2,14,122.642040253
reddit,s64_mfull_accurate,consecutive_e2e,3,14,122.800827026
reddit,s64_mfull_accurate,consecutive_e2e,4,14,120.871067047
reddit,s64_mfull_rowwise_fast,consecutive_e2e,0,15,131.985187531
reddit,s64_mfull_rowwise_fast,consecutive_e2e,1,15,136.831998825
reddit,s64_mfull_rowwise_fast,consecutive_e2e,2,15,133.347988129
reddit,s64_mfull_rowwise_fast,consecutive_e2e,3,15,135.838985443
reddit,s64_mfull_rowwise_fast,consecutive_e2e,4,15,130.770921707
reddit,source_mkl_fp32,consecutive_e2e,0,16,441.1008358
reddit,source_mkl_fp32,consecutive_e2e,1,16,443.130970001
reddit,source_mkl_fp32,consecutive_e2e,2,16,439.954042435
reddit,source_mkl_fp32,consecutive_e2e,3,16,442.997932434
reddit,source_mkl_fp32,consecutive_e2e,4,16,439.525842667
reddit,paper_tfs,rotating_e2e,0,0,310.528993607
reddit,b64_fast,rotating_e2e,0,1,126.564979553
reddit,b64_accurate,rotating_e2e,0,2,123.323917389
reddit,bfull_fast,rotating_e2e,0,3,146.013975143
reddit,bfull_accurate,rotating_e2e,0,4,135.603189468
reddit,b256_fast,rotating_e2e,0,5,118.795871735
reddit,b256_accurate,rotating_e2e,0,6,121.806144714
reddit,s64_m64_fast,rotating_e2e,0,7,129.464864731
reddit,s32_m64_fast,rotating_e2e,0,8,132.149219513
reddit,s32_m256_fast,rotating_e2e,0,9,126.904010773
reddit,s64_m256_fast,rotating_e2e,0,10,126.139879227
reddit,s32_mfull_fast,rotating_e2e,0,11,125.715970993
reddit,s64_mfull_fast,rotating_e2e,0,12,122.094869614
reddit,s128_mfull_fast,rotating_e2e,0,13,118.153095245
reddit,s64_mfull_accurate,rotating_e2e,0,14,146.224021912
reddit,s64_mfull_rowwise_fast,rotating_e2e,0,15,134.170055389
reddit,source_mkl_fp32,rotating_e2e,0,16,462.239980698
reddit,b64_fast,rotating_e2e,1,0,122.17092514
reddit,b64_accurate,rotating_e2e,1,1,126.338005066
reddit,bfull_fast,rotating_e2e,1,2,139.78099823
reddit,bfull_accurate,rotating_e2e,1,3,136.949062347
reddit,b256_fast,rotating_e2e,1,4,120.033979416
reddit,b256_accurate,rotating_e2e,1,5,123.244047165
reddit,s64_m64_fast,rotating_e2e,1,6,130.701065063
reddit,s32_m64_fast,rotating_e2e,1,7,131.058931351
reddit,s32_m256_fast,rotating_e2e,1,8,123.934984207
reddit,s64_m256_fast,rotating_e2e,1,9,124.347925186
reddit,s32_mfull_fast,rotating_e2e,1,10,125.946998596
reddit,s64_mfull_fast,rotating_e2e,1,11,120.578050613
reddit,s128_mfull_fast,rotating_e2e,1,12,120.604038239
reddit,s64_mfull_accurate,rotating_e2e,1,13,122.12395668
reddit,s64_mfull_rowwise_fast,rotating_e2e,1,14,138.951063156
reddit,source_mkl_fp32,rotating_e2e,1,15,443.261146545
reddit,paper_tfs,rotating_e2e,1,16,321.718931198
reddit,b64_accurate,rotating_e2e,2,0,123.3689785
reddit,bfull_fast,rotating_e2e,2,1,138.577222824
reddit,bfull_accurate,rotating_e2e,2,2,136.445045471
reddit,b256_fast,rotating_e2e,2,3,123.656988144
reddit,b256_accurate,rotating_e2e,2,4,123.321056366
reddit,s64_m64_fast,rotating_e2e,2,5,126.498937607
reddit,s32_m64_fast,rotating_e2e,2,6,129.174947739
reddit,s32_m256_fast,rotating_e2e,2,7,125.295877457
reddit,s64_m256_fast,rotating_e2e,2,8,124.938964844
reddit,s32_mfull_fast,rotating_e2e,2,9,126.054048538
reddit,s64_mfull_fast,rotating_e2e,2,10,120.939970016
reddit,s128_mfull_fast,rotating_e2e,2,11,121.533870697
reddit,s64_mfull_accurate,rotating_e2e,2,12,122.742891312
reddit,s64_mfull_rowwise_fast,rotating_e2e,2,13,139.008998871
reddit,source_mkl_fp32,rotating_e2e,2,14,442.248106003
reddit,paper_tfs,rotating_e2e,2,15,292.942047119
reddit,b64_fast,rotating_e2e,2,16,127.747058868
reddit,bfull_fast,rotating_e2e,3,0,132.715940475
reddit,bfull_accurate,rotating_e2e,3,1,132.812023163
reddit,b256_fast,rotating_e2e,3,2,120.638132095
reddit,b256_accurate,rotating_e2e,3,3,125.452041626
reddit,s64_m64_fast,rotating_e2e,3,4,130.315065384
reddit,s32_m64_fast,rotating_e2e,3,5,132.342815399
reddit,s32_m256_fast,rotating_e2e,3,6,127.269983292
reddit,s64_m256_fast,rotating_e2e,3,7,125.267982483
reddit,s32_mfull_fast,rotating_e2e,3,8,139.630079269
reddit,s64_mfull_fast,rotating_e2e,3,9,121.464014053
reddit,s128_mfull_fast,rotating_e2e,3,10,120.440006256
reddit,s64_mfull_accurate,rotating_e2e,3,11,121.271133423
reddit,s64_mfull_rowwise_fast,rotating_e2e,3,12,136.607170105
reddit,source_mkl_fp32,rotating_e2e,3,13,445.191144943
reddit,paper_tfs,rotating_e2e,3,14,300.006866455
reddit,b64_fast,rotating_e2e,3,15,122.720956802
reddit,b64_accurate,rotating_e2e,3,16,130.65290451
reddit,bfull_accurate,rotating_e2e,4,0,140.460014343
reddit,b256_fast,rotating_e2e,4,1,118.025064468
reddit,b256_accurate,rotating_e2e,4,2,118.944883347
reddit,s64_m64_fast,rotating_e2e,4,3,128.286838531
reddit,s32_m64_fast,rotating_e2e,4,4,136.113166809
reddit,s32_m256_fast,rotating_e2e,4,5,126.78694725
reddit,s64_m256_fast,rotating_e2e,4,6,122.895956039
reddit,s32_mfull_fast,rotating_e2e,4,7,126.229047775
reddit,s64_mfull_fast,rotating_e2e,4,8,122.059106827
reddit,s128_mfull_fast,rotating_e2e,4,9,117.915868759
reddit,s64_mfull_accurate,rotating_e2e,4,10,121.50812149
reddit,s64_mfull_rowwise_fast,rotating_e2e,4,11,144.496917725
reddit,source_mkl_fp32,rotating_e2e,4,12,441.146850586
reddit,paper_tfs,rotating_e2e,4,13,319.114923477
reddit,b64_fast,rotating_e2e,4,14,127.040863037
reddit,b64_accurate,rotating_e2e,4,15,126.812934875
reddit,bfull_fast,rotating_e2e,4,16,137.367010117
mycielskian19,paper_tfs,consecutive_e2e,0,0,2166.92709923
mycielskian19,paper_tfs,consecutive_e2e,1,0,2226.18198395
mycielskian19,paper_tfs,consecutive_e2e,2,0,2282.81092644
mycielskian19,paper_tfs,consecutive_e2e,3,0,2286.99803352
mycielskian19,paper_tfs,consecutive_e2e,4,0,2262.85982132
mycielskian19,b64_fast,consecutive_e2e,0,1,1130.15294075
mycielskian19,b64_fast,consecutive_e2e,1,1,1129.10103798
mycielskian19,b64_fast,consecutive_e2e,2,1,1125.00810623
mycielskian19,b64_fast,consecutive_e2e,3,1,1131.80994987
mycielskian19,b64_fast,consecutive_e2e,4,1,1085.02221107
mycielskian19,b64_accurate,consecutive_e2e,0,2,1185.30488014
mycielskian19,b64_accurate,consecutive_e2e,1,2,1147.81498909
mycielskian19,b64_accurate,consecutive_e2e,2,2,1145.46513557
mycielskian19,b64_accurate,consecutive_e2e,3,2,1099.11203384
mycielskian19,b64_accurate,consecutive_e2e,4,2,1124.43208694
mycielskian19,bfull_fast,consecutive_e2e,0,3,2419.44980621
mycielskian19,bfull_fast,consecutive_e2e,1,3,2479.39491272
mycielskian19,bfull_fast,consecutive_e2e,2,3,2485.46981812
mycielskian19,bfull_fast,consecutive_e2e,3,3,2481.74405098
mycielskian19,bfull_fast,consecutive_e2e,4,3,2448.72617722
mycielskian19,bfull_accurate,consecutive_e2e,0,4,2505.97381592
mycielskian19,bfull_accurate,consecutive_e2e,1,4,2506.45208359
mycielskian19,bfull_accurate,consecutive_e2e,2,4,2438.90404701
mycielskian19,bfull_accurate,consecutive_e2e,3,4,2408.69784355
mycielskian19,bfull_accurate,consecutive_e2e,4,4,2414.86907005
mycielskian19,b256_fast,consecutive_e2e,0,5,1039.49785233
mycielskian19,b256_fast,consecutive_e2e,1,5,1067.25883484
mycielskian19,b256_fast,consecutive_e2e,2,5,1066.30015373
mycielskian19,b256_fast,consecutive_e2e,3,5,1092.17214584
mycielskian19,b256_fast,consecutive_e2e,4,5,1078.59611511
mycielskian19,b256_accurate,consecutive_e2e,0,6,1093.06001663
mycielskian19,b256_accurate,consecutive_e2e,1,6,1036.43703461
mycielskian19,b256_accurate,consecutive_e2e,2,6,1085.63494682
mycielskian19,b256_accurate,consecutive_e2e,3,6,1093.61815453
mycielskian19,b256_accurate,consecutive_e2e,4,6,1085.1559639
mycielskian19,s64_m64_fast,consecutive_e2e,0,7,1112.20288277
mycielskian19,s64_m64_fast,consecutive_e2e,1,7,1127.41398811
mycielskian19,s64_m64_fast,consecutive_e2e,2,7,1158.75387192
mycielskian19,s64_m64_fast,consecutive_e2e,3,7,1120.21017075
mycielskian19,s64_m64_fast,consecutive_e2e,4,7,1105.91506958
mycielskian19,s32_m64_fast,consecutive_e2e,0,8,1154.68382835
mycielskian19,s32_m64_fast,consecutive_e2e,1,8,1184.05795097
mycielskian19,s32_m64_fast,consecutive_e2e,2,8,1199.76401329
mycielskian19,s32_m64_fast,consecutive_e2e,3,8,1136.60478592
mycielskian19,s32_m64_fast,consecutive_e2e,4,8,1170.31502724
mycielskian19,s32_m256_fast,consecutive_e2e,0,9,1086.69090271
mycielskian19,s32_m256_fast,consecutive_e2e,1,9,1121.11210823
mycielskian19,s32_m256_fast,consecutive_e2e,2,9,1092.98205376
mycielskian19,s32_m256_fast,consecutive_e2e,3,9,1156.85296059
mycielskian19,s32_m256_fast,consecutive_e2e,4,9,1110.07785797
mycielskian19,s64_m256_fast,consecutive_e2e,0,10,1120.8999157
mycielskian19,s64_m256_fast,consecutive_e2e,1,10,1087.13197708
mycielskian19,s64_m256_fast,consecutive_e2e,2,10,1123.26097488
mycielskian19,s64_m256_fast,consecutive_e2e,3,10,1080.02185822
mycielskian19,s64_m256_fast,consecutive_e2e,4,10,1146.17705345
mycielskian19,s32_mfull_fast,consecutive_e2e,0,11,1101.04298592
mycielskian19,s32_mfull_fast,consecutive_e2e,1,11,1109.64107513
mycielskian19,s32_mfull_fast,consecutive_e2e,2,11,1113.10982704
mycielskian19,s32_mfull_fast,consecutive_e2e,3,11,1086.47894859
mycielskian19,s32_mfull_fast,consecutive_e2e,4,11,1101.35984421
mycielskian19,s64_mfull_fast,consecutive_e2e,0,12,1128.02886963
mycielskian19,s64_mfull_fast,consecutive_e2e,1,12,1080.61099052
mycielskian19,s64_mfull_fast,consecutive_e2e,2,12,1111.82594299
mycielskian19,s64_mfull_fast,consecutive_e2e,3,12,1109.77077484
mycielskian19,s64_mfull_fast,consecutive_e2e,4,12,1065.0639534
mycielskian19,s128_mfull_fast,consecutive_e2e,0,13,1103.27601433
mycielskian19,s128_mfull_fast,consecutive_e2e,1,13,1081.38489723
mycielskian19,s128_mfull_fast,consecutive_e2e,2,13,1128.85594368
mycielskian19,s128_mfull_fast,consecutive_e2e,3,13,1083.40907097
mycielskian19,s128_mfull_fast,consecutive_e2e,4,13,1093.19090843
mycielskian19,s64_mfull_accurate,consecutive_e2e,0,14,1114.39490318
mycielskian19,s64_mfull_accurate,consecutive_e2e,1,14,1128.56602669
mycielskian19,s64_mfull_accurate,consecutive_e2e,2,14,1122.91693687
mycielskian19,s64_mfull_accurate,consecutive_e2e,3,14,1117.9599762
mycielskian19,s64_mfull_accurate,consecutive_e2e,4,14,1124.1569519
mycielskian19,s64_mfull_rowwise_fast,consecutive_e2e,0,15,2496.71316147
mycielskian19,s64_mfull_rowwise_fast,consecutive_e2e,1,15,2441.76912308
mycielskian19,s64_mfull_rowwise_fast,consecutive_e2e,2,15,2471.47393227
mycielskian19,s64_mfull_rowwise_fast,consecutive_e2e,3,15,2444.0100193
mycielskian19,s64_mfull_rowwise_fast,consecutive_e2e,4,15,2472.75614738
mycielskian19,source_mkl_fp32,consecutive_e2e,0,16,4776.22199059
mycielskian19,source_mkl_fp32,consecutive_e2e,1,16,4778.43308449
mycielskian19,source_mkl_fp32,consecutive_e2e,2,16,4771.96383476
mycielskian19,source_mkl_fp32,consecutive_e2e,3,16,4773.16498756
mycielskian19,source_mkl_fp32,consecutive_e2e,4,16,4771.24285698
mycielskian19,paper_tfs,rotating_e2e,0,0,2183.43281746
mycielskian19,b64_fast,rotating_e2e,0,1,1074.57184792
mycielskian19,b64_accurate,rotating_e2e,0,2,1093.33300591
mycielskian19,bfull_fast,rotating_e2e,0,3,2450.42800903
mycielskian19,bfull_accurate,rotating_e2e,0,4,2506.5741539
mycielskian19,b256_fast,rotating_e2e,0,5,1105.09204865
mycielskian19,b256_accurate,rotating_e2e,0,6,1072.93915749
mycielskian19,s64_m64_fast,rotating_e2e,0,7,1156.5349102
mycielskian19,s32_m64_fast,rotating_e2e,0,8,1144.99902725
mycielskian19,s32_m256_fast,rotating_e2e,0,9,1111.59205437
mycielskian19,s64_m256_fast,rotating_e2e,0,10,1147.89009094
mycielskian19,s32_mfull_fast,rotating_e2e,0,11,1105.88812828
mycielskian19,s64_mfull_fast,rotating_e2e,0,12,1073.46200943
mycielskian19,s128_mfull_fast,rotating_e2e,0,13,1084.05089378
mycielskian19,s64_mfull_accurate,rotating_e2e,0,14,1118.17908287
mycielskian19,s64_mfull_rowwise_fast,rotating_e2e,0,15,2489.05587196
mycielskian19,source_mkl_fp32,rotating_e2e,0,16,4776.41391754
mycielskian19,b64_fast,rotating_e2e,1,0,1080.81889153
mycielskian19,b64_accurate,rotating_e2e,1,1,1104.31313515
mycielskian19,bfull_fast,rotating_e2e,1,2,2474.19404984
mycielskian19,bfull_accurate,rotating_e2e,1,3,2487.4548912
mycielskian19,b256_fast,rotating_e2e,1,4,1091.80402756
mycielskian19,b256_accurate,rotating_e2e,1,5,1067.79408455
mycielskian19,s64_m64_fast,rotating_e2e,1,6,1151.62396431
mycielskian19,s32_m64_fast,rotating_e2e,1,7,1119.96102333
mycielskian19,s32_m256_fast,rotating_e2e,1,8,1062.23988533
mycielskian19,s64_m256_fast,rotating_e2e,1,9,1134.38010216
mycielskian19,s32_mfull_fast,rotating_e2e,1,10,1100.60405731
mycielskian19,s64_mfull_fast,rotating_e2e,1,11,1105.32999039
mycielskian19,s128_mfull_fast,rotating_e2e,1,12,1083.71090889
mycielskian19,s64_mfull_accurate,rotating_e2e,1,13,1135.34593582
mycielskian19,s64_mfull_rowwise_fast,rotating_e2e,1,14,2481.27198219
mycielskian19,source_mkl_fp32,rotating_e2e,1,15,4778.53298187
mycielskian19,paper_tfs,rotating_e2e,1,16,2103.72495651
mycielskian19,b64_accurate,rotating_e2e,2,0,1118.50380898
mycielskian19,bfull_fast,rotating_e2e,2,1,2471.43602371
mycielskian19,bfull_accurate,rotating_e2e,2,2,2476.35602951
mycielskian19,b256_fast,rotating_e2e,2,3,1111.13905907
mycielskian19,b256_accurate,rotating_e2e,2,4,1080.60503006
mycielskian19,s64_m64_fast,rotating_e2e,2,5,1107.55205154
mycielskian19,s32_m64_fast,rotating_e2e,2,6,1168.21622849
mycielskian19,s32_m256_fast,rotating_e2e,2,7,1100.58307648
mycielskian19,s64_m256_fast,rotating_e2e,2,8,1104.33006287
mycielskian19,s32_mfull_fast,rotating_e2e,2,9,1104.93707657
mycielskian19,s64_mfull_fast,rotating_e2e,2,10,1129.57501411
mycielskian19,s128_mfull_fast,rotating_e2e,2,11,1103.7042141
mycielskian19,s64_mfull_accurate,rotating_e2e,2,12,1135.78796387
mycielskian19,s64_mfull_rowwise_fast,rotating_e2e,2,13,2471.9080925
mycielskian19,source_mkl_fp32,rotating_e2e,2,14,4773.42414856
mycielskian19,paper_tfs,rotating_e2e,2,15,2151.88789368
mycielskian19,b64_fast,rotating_e2e,2,16,1117.97404289
mycielskian19,bfull_fast,rotating_e2e,3,0,2475.88801384
mycielskian19,bfull_accurate,rotating_e2e,3,1,2410.8479023
mycielskian19,b256_fast,rotating_e2e,3,2,1103.24811935
mycielskian19,b256_accurate,rotating_e2e,3,3,1072.74389267
mycielskian19,s64_m64_fast,rotating_e2e,3,4,1140.32697678
mycielskian19,s32_m64_fast,rotating_e2e,3,5,1157.28807449
mycielskian19,s32_m256_fast,rotating_e2e,3,6,1109.59911346
mycielskian19,s64_m256_fast,rotating_e2e,3,7,1114.44091797
mycielskian19,s32_mfull_fast,rotating_e2e,3,8,1106.72497749
mycielskian19,s64_mfull_fast,rotating_e2e,3,9,1078.8359642
mycielskian19,s128_mfull_fast,rotating_e2e,3,10,1093.1801796
mycielskian19,s64_mfull_accurate,rotating_e2e,3,11,1094.50006485
mycielskian19,s64_mfull_rowwise_fast,rotating_e2e,3,12,2520.66588402
mycielskian19,source_mkl_fp32,rotating_e2e,3,13,4775.05588531
mycielskian19,paper_tfs,rotating_e2e,3,14,2197.98207283
mycielskian19,b64_fast,rotating_e2e,3,15,1110.37397385
mycielskian19,b64_accurate,rotating_e2e,3,16,1115.52214622
mycielskian19,bfull_accurate,rotating_e2e,4,0,2506.50787354
mycielskian19,b256_fast,rotating_e2e,4,1,1079.36477661
mycielskian19,b256_accurate,rotating_e2e,4,2,1067.01612473
mycielskian19,s64_m64_fast,rotating_e2e,4,3,1118.49498749
mycielskian19,s32_m64_fast,rotating_e2e,4,4,1154.722929
mycielskian19,s32_m256_fast,rotating_e2e,4,5,1116.58596992
mycielskian19,s64_m256_fast,rotating_e2e,4,6,1105.14998436
mycielskian19,s32_mfull_fast,rotating_e2e,4,7,1126.40810013
mycielskian19,s64_mfull_fast,rotating_e2e,4,8,1136.07597351
mycielskian19,s128_mfull_fast,rotating_e2e,4,9,1067.83294678
mycielskian19,s64_mfull_accurate,rotating_e2e,4,10,1096.21787071
mycielskian19,s64_mfull_rowwise_fast,rotating_e2e,4,11,2482.37895966
mycielskian19,source_mkl_fp32,rotating_e2e,4,12,4771.97313309
mycielskian19,paper_tfs,rotating_e2e,4,13,2192.65294075
mycielskian19,b64_fast,rotating_e2e,4,14,1106.18495941
mycielskian19,b64_accurate,rotating_e2e,4,15,1138.13185692
mycielskian19,bfull_fast,rotating_e2e,4,16,2509.09209251
roadNet-CA,paper_tfs,consecutive_e2e,0,0,34.8558425903
roadNet-CA,paper_tfs,consecutive_e2e,1,0,34.8329544067
roadNet-CA,paper_tfs,consecutive_e2e,2,0,34.8470211029
roadNet-CA,paper_tfs,consecutive_e2e,3,0,34.6450805664
roadNet-CA,paper_tfs,consecutive_e2e,4,0,34.8761081696
roadNet-CA,b64_fast,consecutive_e2e,0,1,37.7199649811
roadNet-CA,b64_fast,consecutive_e2e,1,1,38.1081104279
roadNet-CA,b64_fast,consecutive_e2e,2,1,38.5639667511
roadNet-CA,b64_fast,consecutive_e2e,3,1,39.1061306
roadNet-CA,b64_fast,consecutive_e2e,4,1,38.0170345306
roadNet-CA,b64_accurate,consecutive_e2e,0,2,40.3180122375
roadNet-CA,b64_accurate,consecutive_e2e,1,2,40.3509140015
roadNet-CA,b64_accurate,consecutive_e2e,2,2,40.6339168549
roadNet-CA,b64_accurate,consecutive_e2e,3,2,40.4629707336
roadNet-CA,b64_accurate,consecutive_e2e,4,2,40.1179790497
roadNet-CA,bfull_fast,consecutive_e2e,0,3,38.3591651917
roadNet-CA,bfull_fast,consecutive_e2e,1,3,38.2070541382
roadNet-CA,bfull_fast,consecutive_e2e,2,3,37.9960536957
roadNet-CA,bfull_fast,consecutive_e2e,3,3,38.4531021118
roadNet-CA,bfull_fast,consecutive_e2e,4,3,38.5580062866
roadNet-CA,bfull_accurate,consecutive_e2e,0,4,40.6258106232
roadNet-CA,bfull_accurate,consecutive_e2e,1,4,40.3389930725
roadNet-CA,bfull_accurate,consecutive_e2e,2,4,40.3969287872
roadNet-CA,bfull_accurate,consecutive_e2e,3,4,40.7631397247
roadNet-CA,bfull_accurate,consecutive_e2e,4,4,40.5650138855
roadNet-CA,b256_fast,consecutive_e2e,0,5,38.7411117554
roadNet-CA,b256_fast,consecutive_e2e,1,5,37.9450321198
roadNet-CA,b256_fast,consecutive_e2e,2,5,38.3718013763
roadNet-CA,b256_fast,consecutive_e2e,3,5,37.9481315613
roadNet-CA,b256_fast,consecutive_e2e,4,5,38.074016571
roadNet-CA,b256_accurate,consecutive_e2e,0,6,40.5378341675
roadNet-CA,b256_accurate,consecutive_e2e,1,6,40.3220653534
roadNet-CA,b256_accurate,consecutive_e2e,2,6,40.8329963684
roadNet-CA,b256_accurate,consecutive_e2e,3,6,41.6250228882
roadNet-CA,b256_accurate,consecutive_e2e,4,6,40.3711795807
roadNet-CA,s64_m64_fast,consecutive_e2e,0,7,38.341999054
roadNet-CA,s64_m64_fast,consecutive_e2e,1,7,38.666009903
roadNet-CA,s64_m64_fast,consecutive_e2e,2,7,38.7167930603
roadNet-CA,s64_m64_fast,consecutive_e2e,3,7,38.8197898865
roadNet-CA,s64_m64_fast,consecutive_e2e,4,7,38.6111736298
roadNet-CA,s32_m64_fast,consecutive_e2e,0,8,38.4929180145
roadNet-CA,s32_m64_fast,consecutive_e2e,1,8,38.5220050812
roadNet-CA,s32_m64_fast,consecutive_e2e,2,8,38.7048721313
roadNet-CA,s32_m64_fast,consecutive_e2e,3,8,38.4500026703
roadNet-CA,s32_m64_fast,consecutive_e2e,4,8,38.6679172516
roadNet-CA,s32_m256_fast,consecutive_e2e,0,9,38.8691425323
roadNet-CA,s32_m256_fast,consecutive_e2e,1,9,38.712978363
roadNet-CA,s32_m256_fast,consecutive_e2e,2,9,38.8379096985
roadNet-CA,s32_m256_fast,consecutive_e2e,3,9,38.745880127
roadNet-CA,s32_m256_fast,consecutive_e2e,4,9,38.8269424438
roadNet-CA,s64_m256_fast,consecutive_e2e,0,10,38.565158844
roadNet-CA,s64_m256_fast,consecutive_e2e,1,10,38.7709140778
roadNet-CA,s64_m256_fast,consecutive_e2e,2,10,38.8159751892
roadNet-CA,s64_m256_fast,consecutive_e2e,3,10,39.0701293945
roadNet-CA,s64_m256_fast,consecutive_e2e,4,10,39.3490791321
roadNet-CA,s32_mfull_fast,consecutive_e2e,0,11,38.4891033173
roadNet-CA,s32_mfull_fast,consecutive_e2e,1,11,38.8031005859
roadNet-CA,s32_mfull_fast,consecutive_e2e,2,11,38.1391048431
roadNet-CA,s32_mfull_fast,consecutive_e2e,3,11,38.1898880005
roadNet-CA,s32_mfull_fast,consecutive_e2e,4,11,38.9909744263
roadNet-CA,s64_mfull_fast,consecutive_e2e,0,12,38.6929512024
roadNet-CA,s64_mfull_fast,consecutive_e2e,1,12,38.6180877686
roadNet-CA,s64_mfull_fast,consecutive_e2e,2,12,38.5799407959
roadNet-CA,s64_mfull_fast,consecutive_e2e,3,12,37.896156311
roadNet-CA,s64_mfull_fast,consecutive_e2e,4,12,38.4531021118
roadNet-CA,s128_mfull_fast,consecutive_e2e,0,13,38.6898517609
roadNet-CA,s128_mfull_fast,consecutive_e2e,1,13,38.5980606079
roadNet-CA,s128_mfull_fast,consecutive_e2e,2,13,38.8920307159
roadNet-CA,s128_mfull_fast,consecutive_e2e,3,13,38.6238098145
roadNet-CA,s128_mfull_fast,consecutive_e2e,4,13,38.6559963226
roadNet-CA,s64_mfull_accurate,consecutive_e2e,0,14,41.1169528961
roadNet-CA,s64_mfull_accurate,consecutive_e2e,1,14,41.94688797
roadNet-CA,s64_mfull_accurate,consecutive_e2e,2,14,41.6021347046
roadNet-CA,s64_mfull_accurate,consecutive_e2e,3,14,40.8420562744
roadNet-CA,s64_mfull_accurate,consecutive_e2e,4,14,40.8248901367
roadNet-CA,s64_mfull_rowwise_fast,consecutive_e2e,0,15,38.2149219513
roadNet-CA,s64_mfull_rowwise_fast,consecutive_e2e,1,15,38.2859706879
roadNet-CA,s64_mfull_rowwise_fast,consecutive_e2e,2,15,38.7828350067
roadNet-CA,s64_mfull_rowwise_fast,consecutive_e2e,3,15,38.9609336853
roadNet-CA,s64_mfull_rowwise_fast,consecutive_e2e,4,15,38.9020442963
roadNet-CA,source_mkl_fp32,consecutive_e2e,0,16,66.2698745728
roadNet-CA,source_mkl_fp32,consecutive_e2e,1,16,66.6148662567
roadNet-CA,source_mkl_fp32,consecutive_e2e,2,16,68.3879852295
roadNet-CA,source_mkl_fp32,consecutive_e2e,3,16,68.7417984009
roadNet-CA,source_mkl_fp32,consecutive_e2e,4,16,67.6298141479
roadNet-CA,paper_tfs,rotating_e2e,0,0,35.8800888062
roadNet-CA,b64_fast,rotating_e2e,0,1,39.0651226044
roadNet-CA,b64_accurate,rotating_e2e,0,2,41.2042140961
roadNet-CA,bfull_fast,rotating_e2e,0,3,38.5739803314
roadNet-CA,bfull_accurate,rotating_e2e,0,4,41.5229797363
roadNet-CA,b256_fast,rotating_e2e,0,5,39.0729904175
roadNet-CA,b256_accurate,rotating_e2e,0,6,40.5740737915
roadNet-CA,s64_m64_fast,rotating_e2e,0,7,37.5699996948
roadNet-CA,s32_m64_fast,rotating_e2e,0,8,37.7659797668
roadNet-CA,s32_m256_fast,rotating_e2e,0,9,37.9910469055
roadNet-CA,s64_m256_fast,rotating_e2e,0,10,38.4650230408
roadNet-CA,s32_mfull_fast,rotating_e2e,0,11,38.6798381805
roadNet-CA,s64_mfull_fast,rotating_e2e,0,12,38.4938716888
roadNet-CA,s128_mfull_fast,rotating_e2e,0,13,38.4621620178
roadNet-CA,s64_mfull_accurate,rotating_e2e,0,14,40.9281253815
roadNet-CA,s64_mfull_rowwise_fast,rotating_e2e,0,15,38.3670330048
roadNet-CA,source_mkl_fp32,rotating_e2e,0,16,65.7479763031
roadNet-CA,b64_fast,rotating_e2e,1,0,39.4899845123
roadNet-CA,b64_accurate,rotating_e2e,1,1,41.620016098
roadNet-CA,bfull_fast,rotating_e2e,1,2,39.0679836273
roadNet-CA,bfull_accurate,rotating_e2e,1,3,40.9309864044
roadNet-CA,b256_fast,rotating_e2e,1,4,37.6379489899
roadNet-CA,b256_accurate,rotating_e2e,1,5,40.2200222015
roadNet-CA,s64_m64_fast,rotating_e2e,1,6,38.2871627808
roadNet-CA,s32_m64_fast,rotating_e2e,1,7,38.094997406
roadNet-CA,s32_m256_fast,rotating_e2e,1,8,38.5398864746
roadNet-CA,s64_m256_fast,rotating_e2e,1,9,38.6118888855
roadNet-CA,s32_mfull_fast,rotating_e2e,1,10,38.5270118713
roadNet-CA,s64_mfull_fast,rotating_e2e,1,11,38.61784935
roadNet-CA,s128_mfull_fast,rotating_e2e,1,12,38.5591983795
roadNet-CA,s64_mfull_accurate,rotating_e2e,1,13,41.0439968109
roadNet-CA,s64_mfull_rowwise_fast,rotating_e2e,1,14,38.5720729828
roadNet-CA,source_mkl_fp32,rotating_e2e,1,15,65.7379627228
roadNet-CA,paper_tfs,rotating_e2e,1,16,35.7689857483
roadNet-CA,b64_accurate,rotating_e2e,2,0,41.4960384369
roadNet-CA,bfull_fast,rotating_e2e,2,1,38.66314888
roadNet-CA,bfull_accurate,rotating_e2e,2,2,40.9390926361
roadNet-CA,b256_fast,rotating_e2e,2,3,38.4669303894
roadNet-CA,b256_accurate,rotating_e2e,2,4,41.435956955
roadNet-CA,s64_m64_fast,rotating_e2e,2,5,39.1039848328
roadNet-CA,s32_m64_fast,rotating_e2e,2,6,37.976026535
roadNet-CA,s32_m256_fast,rotating_e2e,2,7,38.0730628967
roadNet-CA,s64_m256_fast,rotating_e2e,2,8,37.9819869995
roadNet-CA,s32_mfull_fast,rotating_e2e,2,9,38.0589962006
roadNet-CA,s64_mfull_fast,rotating_e2e,2,10,38.0749702454
roadNet-CA,s128_mfull_fast,rotating_e2e,2,11,38.1410121918
roadNet-CA,s64_mfull_accurate,rotating_e2e,2,12,41.0251617432
roadNet-CA,s64_mfull_rowwise_fast,rotating_e2e,2,13,39.412021637
roadNet-CA,source_mkl_fp32,rotating_e2e,2,14,66.5259361267
roadNet-CA,paper_tfs,rotating_e2e,2,15,35.5610847473
roadNet-CA,b64_fast,rotating_e2e,2,16,38.2399559021
roadNet-CA,bfull_fast,rotating_e2e,3,0,38.3899211884
roadNet-CA,bfull_accurate,rotating_e2e,3,1,40.8670902252
roadNet-CA,b256_fast,rotating_e2e,3,2,38.9189720154
roadNet-CA,b256_accurate,rotating_e2e,3,3,42.1581268311
roadNet-CA,s64_m64_fast,rotating_e2e,3,4,38.9471054077
roadNet-CA,s32_m64_fast,rotating_e2e,3,5,38.7098789215
roadNet-CA,s32_m256_fast,rotating_e2e,3,6,38.0082130432
roadNet-CA,s64_m256_fast,rotating_e2e,3,7,37.6369953156
roadNet-CA,s32_mfull_fast,rotating_e2e,3,8,38.0201339722
roadNet-CA,s64_mfull_fast,rotating_e2e,3,9,38.2118225098
roadNet-CA,s128_mfull_fast,rotating_e2e,3,10,37.8229618073
roadNet-CA,s64_mfull_accurate,rotating_e2e,3,11,40.8689975739
roadNet-CA,s64_mfull_rowwise_fast,rotating_e2e,3,12,38.7449264526
roadNet-CA,source_mkl_fp32,rotating_e2e,3,13,65.9251213074
roadNet-CA,paper_tfs,rotating_e2e,3,14,35.5319976807
roadNet-CA,b64_fast,rotating_e2e,3,15,39.1118526459
roadNet-CA,b64_accurate,rotating_e2e,3,16,41.4800643921
roadNet-CA,bfull_accurate,rotating_e2e,4,0,41.5959358215
roadNet-CA,b256_fast,rotating_e2e,4,1,39.892911911
roadNet-CA,b256_accurate,rotating_e2e,4,2,41.6078567505
roadNet-CA,s64_m64_fast,rotating_e2e,4,3,38.1000041962
roadNet-CA,s32_m64_fast,rotating_e2e,4,4,38.1481647491
roadNet-CA,s32_m256_fast,rotating_e2e,4,5,37.957906723
roadNet-CA,s64_m256_fast,rotating_e2e,4,6,38.379907608
roadNet-CA,s32_mfull_fast,rotating_e2e,4,7,38.113117218
roadNet-CA,s64_mfull_fast,rotating_e2e,4,8,38.1450653076
roadNet-CA,s128_mfull_fast,rotating_e2e,4,9,38.6691093445
roadNet-CA,s64_mfull_accurate,rotating_e2e,4,10,40.7650470734
roadNet-CA,s64_mfull_rowwise_fast,rotating_e2e,4,11,38.0749702454
roadNet-CA,source_mkl_fp32,rotating_e2e,4,12,65.4919147491
roadNet-CA,paper_tfs,rotating_e2e,4,13,36.101102829
roadNet-CA,b64_fast,rotating_e2e,4,14,39.3350124359
roadNet-CA,b64_accurate,rotating_e2e,4,15,41.4998531342
roadNet-CA,bfull_fast,rotating_e2e,4,16,39.8650169373
hollywood-2009,paper_tfs,consecutive_e2e,0,0,304.944992065
hollywood-2009,paper_tfs,consecutive_e2e,1,0,307.792186737
hollywood-2009,paper_tfs,consecutive_e2e,2,0,302.484035492
hollywood-2009,paper_tfs,consecutive_e2e,3,0,311.487913132
hollywood-2009,paper_tfs,consecutive_e2e,4,0,316.85090065
hollywood-2009,b64_fast,consecutive_e2e,0,1,193.123102188
hollywood-2009,b64_fast,consecutive_e2e,1,1,195.381164551
hollywood-2009,b64_fast,consecutive_e2e,2,1,195.12796402
hollywood-2009,b64_fast,consecutive_e2e,3,1,197.422027588
hollywood-2009,b64_fast,consecutive_e2e,4,1,193.779945374
hollywood-2009,b64_accurate,consecutive_e2e,0,2,192.851066589
hollywood-2009,b64_accurate,consecutive_e2e,1,2,197.880983353
hollywood-2009,b64_accurate,consecutive_e2e,2,2,193.245887756
hollywood-2009,b64_accurate,consecutive_e2e,3,2,194.646835327
hollywood-2009,b64_accurate,consecutive_e2e,4,2,193.44496727
hollywood-2009,bfull_fast,consecutive_e2e,0,3,194.468975067
hollywood-2009,bfull_fast,consecutive_e2e,1,3,195.642948151
hollywood-2009,bfull_fast,consecutive_e2e,2,3,196.098804474
hollywood-2009,bfull_fast,consecutive_e2e,3,3,197.668075562
hollywood-2009,bfull_fast,consecutive_e2e,4,3,194.9031353
hollywood-2009,bfull_accurate,consecutive_e2e,0,4,195.837974548
hollywood-2009,bfull_accurate,consecutive_e2e,1,4,196.234941483
hollywood-2009,bfull_accurate,consecutive_e2e,2,4,199.908971786
hollywood-2009,bfull_accurate,consecutive_e2e,3,4,194.612026215
hollywood-2009,bfull_accurate,consecutive_e2e,4,4,194.124937057
hollywood-2009,b256_fast,consecutive_e2e,0,5,190.826177597
hollywood-2009,b256_fast,consecutive_e2e,1,5,189.349889755
hollywood-2009,b256_fast,consecutive_e2e,2,5,192.169189453
hollywood-2009,b256_fast,consecutive_e2e,3,5,190.357923508
hollywood-2009,b256_fast,consecutive_e2e,4,5,190.378904343
hollywood-2009,b256_accurate,consecutive_e2e,0,6,190.743923187
hollywood-2009,b256_accurate,consecutive_e2e,1,6,189.589977264
hollywood-2009,b256_accurate,consecutive_e2e,2,6,191.189050674
hollywood-2009,b256_accurate,consecutive_e2e,3,6,188.359022141
hollywood-2009,b256_accurate,consecutive_e2e,4,6,191.80393219
hollywood-2009,s64_m64_fast,consecutive_e2e,0,7,193.802833557
hollywood-2009,s64_m64_fast,consecutive_e2e,1,7,194.229841232
hollywood-2009,s64_m64_fast,consecutive_e2e,2,7,195.395946503
hollywood-2009,s64_m64_fast,consecutive_e2e,3,7,196.027994156
hollywood-2009,s64_m64_fast,consecutive_e2e,4,7,196.898937225
hollywood-2009,s32_m64_fast,consecutive_e2e,0,8,196.90322876
hollywood-2009,s32_m64_fast,consecutive_e2e,1,8,195.883989334
hollywood-2009,s32_m64_fast,consecutive_e2e,2,8,197.056055069
hollywood-2009,s32_m64_fast,consecutive_e2e,3,8,196.231842041
hollywood-2009,s32_m64_fast,consecutive_e2e,4,8,196.601867676
hollywood-2009,s32_m256_fast,consecutive_e2e,0,9,191.741943359
hollywood-2009,s32_m256_fast,consecutive_e2e,1,9,192.292928696
hollywood-2009,s32_m256_fast,consecutive_e2e,2,9,193.985939026
hollywood-2009,s32_m256_fast,consecutive_e2e,3,9,192.982196808
hollywood-2009,s32_m256_fast,consecutive_e2e,4,9,192.093133926
hollywood-2009,s64_m256_fast,consecutive_e2e,0,10,192.182064056
hollywood-2009,s64_m256_fast,consecutive_e2e,1,10,192.024946213
hollywood-2009,s64_m256_fast,consecutive_e2e,2,10,193.603038788
hollywood-2009,s64_m256_fast,consecutive_e2e,3,10,191.754817963
hollywood-2009,s64_m256_fast,consecutive_e2e,4,10,193.796157837
hollywood-2009,s32_mfull_fast,consecutive_e2e,0,11,191.761016846
hollywood-2009,s32_mfull_fast,consecutive_e2e,1,11,193.28212738
hollywood-2009,s32_mfull_fast,consecutive_e2e,2,11,194.47684288
hollywood-2009,s32_mfull_fast,consecutive_e2e,3,11,192.539930344
hollywood-2009,s32_mfull_fast,consecutive_e2e,4,11,191.186904907
hollywood-2009,s64_mfull_fast,consecutive_e2e,0,12,192.350149155
hollywood-2009,s64_mfull_fast,consecutive_e2e,1,12,192.944049835
hollywood-2009,s64_mfull_fast,consecutive_e2e,2,12,194.384813309
hollywood-2009,s64_mfull_fast,consecutive_e2e,3,12,193.131923676
hollywood-2009,s64_mfull_fast,consecutive_e2e,4,12,192.51203537
hollywood-2009,s128_mfull_fast,consecutive_e2e,0,13,193.099975586
hollywood-2009,s128_mfull_fast,consecutive_e2e,1,13,191.428899765
hollywood-2009,s128_mfull_fast,consecutive_e2e,2,13,192.355871201
hollywood-2009,s128_mfull_fast,consecutive_e2e,3,13,190.135955811
hollywood-2009,s128_mfull_fast,consecutive_e2e,4,13,190.630197525
hollywood-2009,s64_mfull_accurate,consecutive_e2e,0,14,193.829059601
hollywood-2009,s64_mfull_accurate,consecutive_e2e,1,14,193.016052246
hollywood-2009,s64_mfull_accurate,consecutive_e2e,2,14,194.1010952
hollywood-2009,s64_mfull_accurate,consecutive_e2e,3,14,193.41802597
hollywood-2009,s64_mfull_accurate,consecutive_e2e,4,14,193.545818329
hollywood-2009,s64_mfull_rowwise_fast,consecutive_e2e,0,15,194.38290596
hollywood-2009,s64_mfull_rowwise_fast,consecutive_e2e,1,15,196.099042892
hollywood-2009,s64_mfull_rowwise_fast,consecutive_e2e,2,15,197.610855103
hollywood-2009,s64_mfull_rowwise_fast,consecutive_e2e,3,15,198.15993309
hollywood-2009,s64_mfull_rowwise_fast,consecutive_e2e,4,15,197.27897644
hollywood-2009,source_mkl_fp32,consecutive_e2e,0,16,386.807918549
hollywood-2009,source_mkl_fp32,consecutive_e2e,1,16,386.307954788
hollywood-2009,source_mkl_fp32,consecutive_e2e,2,16,386.898994446
hollywood-2009,source_mkl_fp32,consecutive_e2e,3,16,387.111902237
hollywood-2009,source_mkl_fp32,consecutive_e2e,4,16,387.75396347
hollywood-2009,paper_tfs,rotating_e2e,0,0,294.157981873
hollywood-2009,b64_fast,rotating_e2e,0,1,196.583986282
hollywood-2009,b64_accurate,rotating_e2e,0,2,192.451000214
hollywood-2009,bfull_fast,rotating_e2e,0,3,198.282003403
hollywood-2009,bfull_accurate,rotating_e2e,0,4,199.522972107
hollywood-2009,b256_fast,rotating_e2e,0,5,191.179990768
hollywood-2009,b256_accurate,rotating_e2e,0,6,189.518928528
hollywood-2009,s64_m64_fast,rotating_e2e,0,7,195.882081985
hollywood-2009,s32_m64_fast,rotating_e2e,0,8,196.712970734
hollywood-2009,s32_m256_fast,rotating_e2e,0,9,194.071054459
hollywood-2009,s64_m256_fast,rotating_e2e,0,10,193.89796257
hollywood-2009,s32_mfull_fast,rotating_e2e,0,11,193.469047546
hollywood-2009,s64_mfull_fast,rotating_e2e,0,12,193.001031876
hollywood-2009,s128_mfull_fast,rotating_e2e,0,13,192.52705574
hollywood-2009,s64_mfull_accurate,rotating_e2e,0,14,194.720983505
hollywood-2009,s64_mfull_rowwise_fast,rotating_e2e,0,15,199.069976807
hollywood-2009,source_mkl_fp32,rotating_e2e,0,16,387.953996658
hollywood-2009,b64_fast,rotating_e2e,1,0,186.330080032
hollywood-2009,b64_accurate,rotating_e2e,1,1,189.812898636
hollywood-2009,bfull_fast,rotating_e2e,1,2,193.551063538
hollywood-2009,bfull_accurate,rotating_e2e,1,3,196.848154068
hollywood-2009,b256_fast,rotating_e2e,1,4,191.050052643
hollywood-2009,b256_accurate,rotating_e2e,1,5,191.862821579
hollywood-2009,s64_m64_fast,rotating_e2e,1,6,195.410966873
hollywood-2009,s32_m64_fast,rotating_e2e,1,7,196.770191193
hollywood-2009,s32_m256_fast,rotating_e2e,1,8,196.995019913
hollywood-2009,s64_m256_fast,rotating_e2e,1,9,192.874193192
hollywood-2009,s32_mfull_fast,rotating_e2e,1,10,193.615913391
hollywood-2009,s64_mfull_fast,rotating_e2e,1,11,191.987991333
hollywood-2009,s128_mfull_fast,rotating_e2e,1,12,190.021038055
hollywood-2009,s64_mfull_accurate,rotating_e2e,1,13,194.150209427
hollywood-2009,s64_mfull_rowwise_fast,rotating_e2e,1,14,200.834989548
hollywood-2009,source_mkl_fp32,rotating_e2e,1,15,387.167930603
hollywood-2009,paper_tfs,rotating_e2e,1,16,291.69178009
hollywood-2009,b64_accurate,rotating_e2e,2,0,194.663047791
hollywood-2009,bfull_fast,rotating_e2e,2,1,201.637029648
hollywood-2009,bfull_accurate,rotating_e2e,2,2,194.988965988
hollywood-2009,b256_fast,rotating_e2e,2,3,191.946029663
hollywood-2009,b256_accurate,rotating_e2e,2,4,188.760995865
hollywood-2009,s64_m64_fast,rotating_e2e,2,5,196.859836578
hollywood-2009,s32_m64_fast,rotating_e2e,2,6,196.387052536
hollywood-2009,s32_m256_fast,rotating_e2e,2,7,196.971893311
hollywood-2009,s64_m256_fast,rotating_e2e,2,8,192.362785339
hollywood-2009,s32_mfull_fast,rotating_e2e,2,9,194.635152817
hollywood-2009,s64_mfull_fast,rotating_e2e,2,10,191.751003265
hollywood-2009,s128_mfull_fast,rotating_e2e,2,11,192.127943039
hollywood-2009,s64_mfull_accurate,rotating_e2e,2,12,193.639993668
hollywood-2009,s64_mfull_rowwise_fast,rotating_e2e,2,13,200.974941254
hollywood-2009,source_mkl_fp32,rotating_e2e,2,14,387.375116348
hollywood-2009,paper_tfs,rotating_e2e,2,15,294.87991333
hollywood-2009,b64_fast,rotating_e2e,2,16,195.957899094
hollywood-2009,bfull_fast,rotating_e2e,3,0,198.833942413
hollywood-2009,bfull_accurate,rotating_e2e,3,1,198.25220108
hollywood-2009,b256_fast,rotating_e2e,3,2,190.076828003
hollywood-2009,b256_accurate,rotating_e2e,3,3,188.657999039
hollywood-2009,s64_m64_fast,rotating_e2e,3,4,195.590019226
hollywood-2009,s32_m64_fast,rotating_e2e,3,5,197.674036026
hollywood-2009,s32_m256_fast,rotating_e2e,3,6,193.803071976
hollywood-2009,s64_m256_fast,rotating_e2e,3,7,193.550825119
hollywood-2009,s32_mfull_fast,rotating_e2e,3,8,192.190170288
hollywood-2009,s64_mfull_fast,rotating_e2e,3,9,191.279172897
hollywood-2009,s128_mfull_fast,rotating_e2e,3,10,192.926168442
hollywood-2009,s64_mfull_accurate,rotating_e2e,3,11,193.857908249
hollywood-2009,s64_mfull_rowwise_fast,rotating_e2e,3,12,196.600914001
hollywood-2009,source_mkl_fp32,rotating_e2e,3,13,386.231899261
hollywood-2009,paper_tfs,rotating_e2e,3,14,300.968170166
hollywood-2009,b64_fast,rotating_e2e,3,15,193.905115128
hollywood-2009,b64_accurate,rotating_e2e,3,16,192.338943481
hollywood-2009,bfull_accurate,rotating_e2e,4,0,203.436136246
hollywood-2009,b256_fast,rotating_e2e,4,1,186.425924301
hollywood-2009,b256_accurate,rotating_e2e,4,2,193.109989166
hollywood-2009,s64_m64_fast,rotating_e2e,4,3,195.065975189
hollywood-2009,s32_m64_fast,rotating_e2e,4,4,197.885036469
hollywood-2009,s32_m256_fast,rotating_e2e,4,5,192.601919174
hollywood-2009,s64_m256_fast,rotating_e2e,4,6,193.645000458
hollywood-2009,s32_mfull_fast,rotating_e2e,4,7,192.677021027
hollywood-2009,s64_mfull_fast,rotating_e2e,4,8,193.018913269
hollywood-2009,s128_mfull_fast,rotating_e2e,4,9,193.302154541
hollywood-2009,s64_mfull_accurate,rotating_e2e,4,10,194.634914398
hollywood-2009,s64_mfull_rowwise_fast,rotating_e2e,4,11,194.896936417
hollywood-2009,source_mkl_fp32,rotating_e2e,4,12,387.127876282
hollywood-2009,paper_tfs,rotating_e2e,4,13,288.833856583
hollywood-2009,b64_fast,rotating_e2e,4,14,198.926210403
hollywood-2009,b64_accurate,rotating_e2e,4,15,191.990852356
hollywood-2009,bfull_fast,rotating_e2e,4,16,200.857877731
indochina-2004,paper_tfs,consecutive_e2e,0,0,345.076084137
indochina-2004,paper_tfs,consecutive_e2e,1,0,346.797943115
indochina-2004,paper_tfs,consecutive_e2e,2,0,345.338821411
indochina-2004,paper_tfs,consecutive_e2e,3,0,347.320079803
indochina-2004,paper_tfs,consecutive_e2e,4,0,351.412057877
indochina-2004,b64_fast,consecutive_e2e,0,1,214.223861694
indochina-2004,b64_fast,consecutive_e2e,1,1,214.615821838
indochina-2004,b64_fast,consecutive_e2e,2,1,213.608026505
indochina-2004,b64_fast,consecutive_e2e,3,1,214.115858078
indochina-2004,b64_fast,consecutive_e2e,4,1,212.989091873
indochina-2004,b64_accurate,consecutive_e2e,0,2,224.415063858
indochina-2004,b64_accurate,consecutive_e2e,1,2,224.86615181
indochina-2004,b64_accurate,consecutive_e2e,2,2,223.950147629
indochina-2004,b64_accurate,consecutive_e2e,3,2,225.003957748
indochina-2004,b64_accurate,consecutive_e2e,4,2,223.536014557
indochina-2004,bfull_fast,consecutive_e2e,0,3,207.528829575
indochina-2004,bfull_fast,consecutive_e2e,1,3,208.276033401
indochina-2004,bfull_fast,consecutive_e2e,2,3,207.528114319
indochina-2004,bfull_fast,consecutive_e2e,3,3,206.871032715
indochina-2004,bfull_fast,consecutive_e2e,4,3,207.492828369
indochina-2004,bfull_accurate,consecutive_e2e,0,4,215.240955353
indochina-2004,bfull_accurate,consecutive_e2e,1,4,215.442895889
indochina-2004,bfull_accurate,consecutive_e2e,2,4,215.975999832
indochina-2004,bfull_accurate,consecutive_e2e,3,4,216.275930405
indochina-2004,bfull_accurate,consecutive_e2e,4,4,214.715003967
indochina-2004,b256_fast,consecutive_e2e,0,5,210.474967957
indochina-2004,b256_fast,consecutive_e2e,1,5,209.442138672
indochina-2004,b256_fast,consecutive_e2e,2,5,208.487033844
indochina-2004,b256_fast,consecutive_e2e,3,5,209.795951843
indochina-2004,b256_fast,consecutive_e2e,4,5,210.256099701
indochina-2004,b256_accurate,consecutive_e2e,0,6,218.071937561
indochina-2004,b256_accurate,consecutive_e2e,1,6,217.381000519
indochina-2004,b256_accurate,consecutive_e2e,2,6,217.567205429
indochina-2004,b256_accurate,consecutive_e2e,3,6,218.441963196
indochina-2004,b256_accurate,consecutive_e2e,4,6,218.858003616
indochina-2004,s64_m64_fast,consecutive_e2e,0,7,215.677022934
indochina-2004,s64_m64_fast,consecutive_e2e,1,7,213.946819305
indochina-2004,s64_m64_fast,consecutive_e2e,2,7,215.36898613
indochina-2004,s64_m64_fast,consecutive_e2e,3,7,215.511083603
indochina-2004,s64_m64_fast,consecutive_e2e,4,7,213.903903961
indochina-2004,s32_m64_fast,consecutive_e2e,0,8,215.620994568
indochina-2004,s32_m64_fast,consecutive_e2e,1,8,215.43598175
indochina-2004,s32_m64_fast,consecutive_e2e,2,8,216.413021088
indochina-2004,s32_m64_fast,consecutive_e2e,3,8,215.348958969
indochina-2004,s32_m64_fast,consecutive_e2e,4,8,216.568946838
indochina-2004,s32_m256_fast,consecutive_e2e,0,9,210.191011429
indochina-2004,s32_m256_fast,consecutive_e2e,1,9,211.487054825
indochina-2004,s32_m256_fast,consecutive_e2e,2,9,209.668159485
indochina-2004,s32_m256_fast,consecutive_e2e,3,9,210.047006607
indochina-2004,s32_m256_fast,consecutive_e2e,4,9,210.80493927
indochina-2004,s64_m256_fast,consecutive_e2e,0,10,210.113048553
indochina-2004,s64_m256_fast,consecutive_e2e,1,10,209.196090698
indochina-2004,s64_m256_fast,consecutive_e2e,2,10,209.239959717
indochina-2004,s64_m256_fast,consecutive_e2e,3,10,209.320068359
indochina-2004,s64_m256_fast,consecutive_e2e,4,10,209.547996521
indochina-2004,s32_mfull_fast,consecutive_e2e,0,11,209.579944611
indochina-2004,s32_mfull_fast,consecutive_e2e,1,11,209.94591713
indochina-2004,s32_mfull_fast,consecutive_e2e,2,11,210.281133652
indochina-2004,s32_mfull_fast,consecutive_e2e,3,11,208.634853363
indochina-2004,s32_mfull_fast,consecutive_e2e,4,11,209.46097374
indochina-2004,s64_mfull_fast,consecutive_e2e,0,12,208.285808563
indochina-2004,s64_mfull_fast,consecutive_e2e,1,12,208.832979202
indochina-2004,s64_mfull_fast,consecutive_e2e,2,12,210.227012634
indochina-2004,s64_mfull_fast,consecutive_e2e,3,12,208.989143372
indochina-2004,s64_mfull_fast,consecutive_e2e,4,12,208.239078522
indochina-2004,s128_mfull_fast,consecutive_e2e,0,13,208.501815796
indochina-2004,s128_mfull_fast,consecutive_e2e,1,13,227.555990219
indochina-2004,s128_mfull_fast,consecutive_e2e,2,13,207.761049271
indochina-2004,s128_mfull_fast,consecutive_e2e,3,13,207.992076874
indochina-2004,s128_mfull_fast,consecutive_e2e,4,13,208.379030228
indochina-2004,s64_mfull_accurate,consecutive_e2e,0,14,215.726852417
indochina-2004,s64_mfull_accurate,consecutive_e2e,1,14,216.620206833
indochina-2004,s64_mfull_accurate,consecutive_e2e,2,14,216.419935226
indochina-2004,s64_mfull_accurate,consecutive_e2e,3,14,216.924905777
indochina-2004,s64_mfull_accurate,consecutive_e2e,4,14,216.683864594
indochina-2004,s64_mfull_rowwise_fast,consecutive_e2e,0,15,207.775115967
indochina-2004,s64_mfull_rowwise_fast,consecutive_e2e,1,15,208.196163177
indochina-2004,s64_mfull_rowwise_fast,consecutive_e2e,2,15,208.341121674
indochina-2004,s64_mfull_rowwise_fast,consecutive_e2e,3,15,208.355903625
indochina-2004,s64_mfull_rowwise_fast,consecutive_e2e,4,15,208.37187767
indochina-2004,source_mkl_fp32,consecutive_e2e,0,16,690.350055695
indochina-2004,source_mkl_fp32,consecutive_e2e,1,16,689.452171326
indochina-2004,source_mkl_fp32,consecutive_e2e,2,16,690.690994263
indochina-2004,source_mkl_fp32,consecutive_e2e,3,16,690.863132477
indochina-2004,source_mkl_fp32,consecutive_e2e,4,16,689.969778061
indochina-2004,paper_tfs,rotating_e2e,0,0,351.442813873
indochina-2004,b64_fast,rotating_e2e,0,1,211.575031281
indochina-2004,b64_accurate,rotating_e2e,0,2,224.058151245
indochina-2004,bfull_fast,rotating_e2e,0,3,205.848932266
indochina-2004,bfull_accurate,rotating_e2e,0,4,217.201948166
indochina-2004,b256_fast,rotating_e2e,0,5,209.583997726
indochina-2004,b256_accurate,rotating_e2e,0,6,218.285083771
indochina-2004,s64_m64_fast,rotating_e2e,0,7,214.570999146
indochina-2004,s32_m64_fast,rotating_e2e,0,8,214.632034302
indochina-2004,s32_m256_fast,rotating_e2e,0,9,209.838867188
indochina-2004,s64_m256_fast,rotating_e2e,0,10,209.156990051
indochina-2004,s32_mfull_fast,rotating_e2e,0,11,209.186792374
indochina-2004,s64_mfull_fast,rotating_e2e,0,12,208.561897278
indochina-2004,s128_mfull_fast,rotating_e2e,0,13,209.485054016
indochina-2004,s64_mfull_accurate,rotating_e2e,0,14,216.65096283
indochina-2004,s64_mfull_rowwise_fast,rotating_e2e,0,15,207.744836807
indochina-2004,source_mkl_fp32,rotating_e2e,0,16,690.498828888
indochina-2004,b64_fast,rotating_e2e,1,0,212.536811829
indochina-2004,b64_accurate,rotating_e2e,1,1,221.667051315
indochina-2004,bfull_fast,rotating_e2e,1,2,206.070184708
indochina-2004,bfull_accurate,rotating_e2e,1,3,215.045928955
indochina-2004,b256_fast,rotating_e2e,1,4,207.65709877
indochina-2004,b256_accurate,rotating_e2e,1,5,217.51999855
indochina-2004,s64_m64_fast,rotating_e2e,1,6,213.464975357
indochina-2004,s32_m64_fast,rotating_e2e,1,7,214.294910431
indochina-2004,s32_m256_fast,rotating_e2e,1,8,210.246801376
indochina-2004,s64_m256_fast,rotating_e2e,1,9,208.552837372
indochina-2004,s32_mfull_fast,rotating_e2e,1,10,208.049058914
indochina-2004,s64_mfull_fast,rotating_e2e,1,11,207.99612999
indochina-2004,s128_mfull_fast,rotating_e2e,1,12,207.710981369
indochina-2004,s64_mfull_accurate,rotating_e2e,1,13,217.106103897
indochina-2004,s64_mfull_rowwise_fast,rotating_e2e,1,14,207.162857056
indochina-2004,source_mkl_fp32,rotating_e2e,1,15,693.676948547
indochina-2004,paper_tfs,rotating_e2e,1,16,351.571083069
indochina-2004,b64_accurate,rotating_e2e,2,0,222.738981247
indochina-2004,bfull_fast,rotating_e2e,2,1,207.061052322
indochina-2004,bfull_accurate,rotating_e2e,2,2,215.515136719
indochina-2004,b256_fast,rotating_e2e,2,3,208.745002747
indochina-2004,b256_accurate,rotating_e2e,2,4,217.526912689
indochina-2004,s64_m64_fast,rotating_e2e,2,5,214.388847351
indochina-2004,s32_m64_fast,rotating_e2e,2,6,214.868068695
indochina-2004,s32_m256_fast,rotating_e2e,2,7,210.035085678
indochina-2004,s64_m256_fast,rotating_e2e,2,8,208.750009537
indochina-2004,s32_mfull_fast,rotating_e2e,2,9,208.80317688
indochina-2004,s64_mfull_fast,rotating_e2e,2,10,207.986831665
indochina-2004,s128_mfull_fast,rotating_e2e,2,11,207.530021667
indochina-2004,s64_mfull_accurate,rotating_e2e,2,12,216.986179352
indochina-2004,s64_mfull_rowwise_fast,rotating_e2e,2,13,207.123994827
indochina-2004,source_mkl_fp32,rotating_e2e,2,14,692.435026169
indochina-2004,paper_tfs,rotating_e2e,2,15,349.13110733
indochina-2004,b64_fast,rotating_e2e,2,16,211.079120636
indochina-2004,bfull_fast,rotating_e2e,3,0,207.573890686
indochina-2004,bfull_accurate,rotating_e2e,3,1,214.350938797
indochina-2004,b256_fast,rotating_e2e,3,2,208.640098572
indochina-2004,b256_accurate,rotating_e2e,3,3,218.480825424
indochina-2004,s64_m64_fast,rotating_e2e,3,4,213.07682991
indochina-2004,s32_m64_fast,rotating_e2e,3,5,214.749097824
indochina-2004,s32_m256_fast,rotating_e2e,3,6,208.791017532
indochina-2004,s64_m256_fast,rotating_e2e,3,7,209.268808365
indochina-2004,s32_mfull_fast,rotating_e2e,3,8,208.031892776
indochina-2004,s64_mfull_fast,rotating_e2e,3,9,207.602977753
indochina-2004,s128_mfull_fast,rotating_e2e,3,10,209.154844284
indochina-2004,s64_mfull_accurate,rotating_e2e,3,11,215.991020203
indochina-2004,s64_mfull_rowwise_fast,rotating_e2e,3,12,207.723855972
indochina-2004,source_mkl_fp32,rotating_e2e,3,13,692.464828491
indochina-2004,paper_tfs,rotating_e2e,3,14,352.74887085
indochina-2004,b64_fast,rotating_e2e,3,15,211.823940277
indochina-2004,b64_accurate,rotating_e2e,3,16,225.270986557
indochina-2004,bfull_accurate,rotating_e2e,4,0,213.937044144
indochina-2004,b256_fast,rotating_e2e,4,1,208.186864853
indochina-2004,b256_accurate,rotating_e2e,4,2,216.729879379
indochina-2004,s64_m64_fast,rotating_e2e,4,3,212.459087372
indochina-2004,s32_m64_fast,rotating_e2e,4,4,214.454889297
indochina-2004,s32_m256_fast,rotating_e2e,4,5,210.777044296
indochina-2004,s64_m256_fast,rotating_e2e,4,6,209.563970566
indochina-2004,s32_mfull_fast,rotating_e2e,4,7,208.448171616
indochina-2004,s64_mfull_fast,rotating_e2e,4,8,207.988977432
indochina-2004,s128_mfull_fast,rotating_e2e,4,9,207.665920258
indochina-2004,s64_mfull_accurate,rotating_e2e,4,10,216.716051102
indochina-2004,s64_mfull_rowwise_fast,rotating_e2e,4,11,206.740140915
indochina-2004,source_mkl_fp32,rotating_e2e,4,12,689.931869507
indochina-2004,paper_tfs,rotating_e2e,4,13,348.672866821
indochina-2004,b64_fast,rotating_e2e,4,14,211.940050125
indochina-2004,b64_accurate,rotating_e2e,4,15,222.702026367
indochina-2004,bfull_fast,rotating_e2e,4,16,205.949068069
soc-Pokec,paper_tfs,consecutive_e2e,0,0,94.6190357208
soc-Pokec,paper_tfs,consecutive_e2e,1,0,92.8800106049
soc-Pokec,paper_tfs,consecutive_e2e,2,0,98.0350971222
soc-Pokec,paper_tfs,consecutive_e2e,3,0,96.2250232697
soc-Pokec,paper_tfs,consecutive_e2e,4,0,99.7459888458
soc-Pokec,b64_fast,consecutive_e2e,0,1,93.8799381256
soc-Pokec,b64_fast,consecutive_e2e,1,1,94.0129756927
soc-Pokec,b64_fast,consecutive_e2e,2,1,93.5218334198
soc-Pokec,b64_fast,consecutive_e2e,3,1,92.1640396118
soc-Pokec,b64_fast,consecutive_e2e,4,1,93.4238433838
soc-Pokec,b64_accurate,consecutive_e2e,0,2,98.7930297852
soc-Pokec,b64_accurate,consecutive_e2e,1,2,98.3071327209
soc-Pokec,b64_accurate,consecutive_e2e,2,2,97.2509384155
soc-Pokec,b64_accurate,consecutive_e2e,3,2,98.0679988861
soc-Pokec,b64_accurate,consecutive_e2e,4,2,97.2440242767
soc-Pokec,bfull_fast,consecutive_e2e,0,3,92.6740169525
soc-Pokec,bfull_fast,consecutive_e2e,1,3,94.211101532
soc-Pokec,bfull_fast,consecutive_e2e,2,3,93.820810318
soc-Pokec,bfull_fast,consecutive_e2e,3,3,92.8359031677
soc-Pokec,bfull_fast,consecutive_e2e,4,3,93.9240455627
soc-Pokec,bfull_accurate,consecutive_e2e,0,4,96.3270664215
soc-Pokec,bfull_accurate,consecutive_e2e,1,4,95.7369804382
soc-Pokec,bfull_accurate,consecutive_e2e,2,4,96.6119766235
soc-Pokec,bfull_accurate,consecutive_e2e,3,4,96.3177680969
soc-Pokec,bfull_accurate,consecutive_e2e,4,4,95.5579280853
soc-Pokec,b256_fast,consecutive_e2e,0,5,94.3291187286
soc-Pokec,b256_fast,consecutive_e2e,1,5,94.3760871887
soc-Pokec,b256_fast,consecutive_e2e,2,5,103.652954102
soc-Pokec,b256_fast,consecutive_e2e,3,5,92.9510593414
soc-Pokec,b256_fast,consecutive_e2e,4,5,92.6699638367
soc-Pokec,b256_accurate,consecutive_e2e,0,6,97.128868103
soc-Pokec,b256_accurate,consecutive_e2e,1,6,97.3889827728
soc-Pokec,b256_accurate,consecutive_e2e,2,6,96.0159301758
soc-Pokec,b256_accurate,consecutive_e2e,3,6,96.9500541687
soc-Pokec,b256_accurate,consecutive_e2e,4,6,96.5371131897
soc-Pokec,s64_m64_fast,consecutive_e2e,0,7,94.691991806
soc-Pokec,s64_m64_fast,consecutive_e2e,1,7,95.0849056244
soc-Pokec,s64_m64_fast,consecutive_e2e,2,7,94.5467948914
soc-Pokec,s64_m64_fast,consecutive_e2e,3,7,93.8668251038
soc-Pokec,s64_m64_fast,consecutive_e2e,4,7,94.0761566162
soc-Pokec,s32_m64_fast,consecutive_e2e,0,8,94.743013382
soc-Pokec,s32_m64_fast,consecutive_e2e,1,8,93.5080051422
soc-Pokec,s32_m64_fast,consecutive_e2e,2,8,94.2101478577
soc-Pokec,s32_m64_fast,consecutive_e2e,3,8,95.0858592987
soc-Pokec,s32_m64_fast,consecutive_e2e,4,8,94.3560600281
soc-Pokec,s32_m256_fast,consecutive_e2e,0,9,94.8090553284
soc-Pokec,s32_m256_fast,consecutive_e2e,1,9,94.9370861053
soc-Pokec,s32_m256_fast,consecutive_e2e,2,9,93.4898853302
soc-Pokec,s32_m256_fast,consecutive_e2e,3,9,93.3418273926
soc-Pokec,s32_m256_fast,consecutive_e2e,4,9,93.1549072266
soc-Pokec,s64_m256_fast,consecutive_e2e,0,10,93.7638282776
soc-Pokec,s64_m256_fast,consecutive_e2e,1,10,94.486951828
soc-Pokec,s64_m256_fast,consecutive_e2e,2,10,93.4641361237
soc-Pokec,s64_m256_fast,consecutive_e2e,3,10,94.0990447998
soc-Pokec,s64_m256_fast,consecutive_e2e,4,10,93.4629440308
soc-Pokec,s32_mfull_fast,consecutive_e2e,0,11,94.6409702301
soc-Pokec,s32_mfull_fast,consecutive_e2e,1,11,94.3410396576
soc-Pokec,s32_mfull_fast,consecutive_e2e,2,11,93.976020813
soc-Pokec,s32_mfull_fast,consecutive_e2e,3,11,93.4178829193
soc-Pokec,s32_mfull_fast,consecutive_e2e,4,11,93.7650203705
soc-Pokec,s64_mfull_fast,consecutive_e2e,0,12,92.8421020508
soc-Pokec,s64_mfull_fast,consecutive_e2e,1,12,93.4779644012
soc-Pokec,s64_mfull_fast,consecutive_e2e,2,12,94.6180820465
soc-Pokec,s64_mfull_fast,consecutive_e2e,3,12,94.1209793091
soc-Pokec,s64_mfull_fast,consecutive_e2e,4,12,93.248128891
soc-Pokec,s128_mfull_fast,consecutive_e2e,0,13,93.9750671387
soc-Pokec,s128_mfull_fast,consecutive_e2e,1,13,93.0440425873
soc-Pokec,s128_mfull_fast,consecutive_e2e,2,13,93.6818122864
soc-Pokec,s128_mfull_fast,consecutive_e2e,3,13,93.493938446
soc-Pokec,s128_mfull_fast,consecutive_e2e,4,13,93.75
soc-Pokec,s64_mfull_accurate,consecutive_e2e,0,14,97.3479747772
soc-Pokec,s64_mfull_accurate,consecutive_e2e,1,14,96.4388847351
soc-Pokec,s64_mfull_accurate,consecutive_e2e,2,14,96.6219902039
soc-Pokec,s64_mfull_accurate,consecutive_e2e,3,14,97.3219871521
soc-Pokec,s64_mfull_accurate,consecutive_e2e,4,14,98.4668731689
soc-Pokec,s64_mfull_rowwise_fast,consecutive_e2e,0,15,93.5120582581
soc-Pokec,s64_mfull_rowwise_fast,consecutive_e2e,1,15,93.2710170746
soc-Pokec,s64_mfull_rowwise_fast,consecutive_e2e,2,15,95.1659679413
soc-Pokec,s64_mfull_rowwise_fast,consecutive_e2e,3,15,93.7099456787
soc-Pokec,s64_mfull_rowwise_fast,consecutive_e2e,4,15,94.6359634399
soc-Pokec,source_mkl_fp32,consecutive_e2e,0,16,330.429077148
soc-Pokec,source_mkl_fp32,consecutive_e2e,1,16,330.760955811
soc-Pokec,source_mkl_fp32,consecutive_e2e,2,16,331.288099289
soc-Pokec,source_mkl_fp32,consecutive_e2e,3,16,331.426143646
soc-Pokec,source_mkl_fp32,consecutive_e2e,4,16,330.383062363
soc-Pokec,paper_tfs,rotating_e2e,0,0,97.6219177246
soc-Pokec,b64_fast,rotating_e2e,0,1,92.5259590149
soc-Pokec,b64_accurate,rotating_e2e,0,2,96.0791110992
soc-Pokec,bfull_fast,rotating_e2e,0,3,93.7321186066
soc-Pokec,bfull_accurate,rotating_e2e,0,4,95.1421260834
soc-Pokec,b256_fast,rotating_e2e,0,5,91.9291973114
soc-Pokec,b256_accurate,rotating_e2e,0,6,95.104932785
soc-Pokec,s64_m64_fast,rotating_e2e,0,7,93.7919616699
soc-Pokec,s32_m64_fast,rotating_e2e,0,8,94.9189662933
soc-Pokec,s32_m256_fast,rotating_e2e,0,9,93.4309959412
soc-Pokec,s64_m256_fast,rotating_e2e,0,10,94.0959453583
soc-Pokec,s32_mfull_fast,rotating_e2e,0,11,93.8341617584
soc-Pokec,s64_mfull_fast,rotating_e2e,0,12,95.3330993652
soc-Pokec,s128_mfull_fast,rotating_e2e,0,13,93.9319133759
soc-Pokec,s64_mfull_accurate,rotating_e2e,0,14,95.8828926086
soc-Pokec,s64_mfull_rowwise_fast,rotating_e2e,0,15,92.9598808289
soc-Pokec,source_mkl_fp32,rotating_e2e,0,16,332.237005234
soc-Pokec,b64_fast,rotating_e2e,1,0,91.6340351105
soc-Pokec,b64_accurate,rotating_e2e,1,1,95.8089828491
soc-Pokec,bfull_fast,rotating_e2e,1,2,92.2348499298
soc-Pokec,bfull_accurate,rotating_e2e,1,3,94.3531990051
soc-Pokec,b256_fast,rotating_e2e,1,4,93.0140018463
soc-Pokec,b256_accurate,rotating_e2e,1,5,95.5469608307
soc-Pokec,s64_m64_fast,rotating_e2e,1,6,91.7451381683
soc-Pokec,s32_m64_fast,rotating_e2e,1,7,92.474937439
soc-Pokec,s32_m256_fast,rotating_e2e,1,8,94.1820144653
soc-Pokec,s64_m256_fast,rotating_e2e,1,9,94.5410728455
soc-Pokec,s32_mfull_fast,rotating_e2e,1,10,95.2560901642
soc-Pokec,s64_mfull_fast,rotating_e2e,1,11,92.9441452026
soc-Pokec,s128_mfull_fast,rotating_e2e,1,12,94.1050052643
soc-Pokec,s64_mfull_accurate,rotating_e2e,1,13,96.3790416718
soc-Pokec,s64_mfull_rowwise_fast,rotating_e2e,1,14,92.9820537567
soc-Pokec,source_mkl_fp32,rotating_e2e,1,15,331.275939941
soc-Pokec,paper_tfs,rotating_e2e,1,16,96.1971282959
soc-Pokec,b64_accurate,rotating_e2e,2,0,96.2769985199
soc-Pokec,bfull_fast,rotating_e2e,2,1,92.1959877014
soc-Pokec,bfull_accurate,rotating_e2e,2,2,95.4840183258
soc-Pokec,b256_fast,rotating_e2e,2,3,92.1630859375
soc-Pokec,b256_accurate,rotating_e2e,2,4,96.3730812073
soc-Pokec,s64_m64_fast,rotating_e2e,2,5,92.050075531
soc-Pokec,s32_m64_fast,rotating_e2e,2,6,93.0049419403
soc-Pokec,s32_m256_fast,rotating_e2e,2,7,93.3549404144
soc-Pokec,s64_m256_fast,rotating_e2e,2,8,93.5189723969
soc-Pokec,s32_mfull_fast,rotating_e2e,2,9,94.3191051483
soc-Pokec,s64_mfull_fast,rotating_e2e,2,10,95.0031280518
soc-Pokec,s128_mfull_fast,rotating_e2e,2,11,94.9060916901
soc-Pokec,s64_mfull_accurate,rotating_e2e,2,12,96.6091156006
soc-Pokec,s64_mfull_rowwise_fast,rotating_e2e,2,13,92.423915863
soc-Pokec,source_mkl_fp32,rotating_e2e,2,14,331.510066986
soc-Pokec,paper_tfs,rotating_e2e,2,15,97.3069667816
soc-Pokec,b64_fast,rotating_e2e,2,16,92.8320884705
soc-Pokec,bfull_fast,rotating_e2e,3,0,90.8589363098
soc-Pokec,bfull_accurate,rotating_e2e,3,1,95.7989692688
soc-Pokec,b256_fast,rotating_e2e,3,2,92.7820205688
soc-Pokec,b256_accurate,rotating_e2e,3,3,95.7159996033
soc-Pokec,s64_m64_fast,rotating_e2e,3,4,92.698097229
soc-Pokec,s32_m64_fast,rotating_e2e,3,5,94.9728488922
soc-Pokec,s32_m256_fast,rotating_e2e,3,6,94.2339897156
soc-Pokec,s64_m256_fast,rotating_e2e,3,7,93.2629108429
soc-Pokec,s32_mfull_fast,rotating_e2e,3,8,93.7471389771
soc-Pokec,s64_mfull_fast,rotating_e2e,3,9,95.0028896332
soc-Pokec,s128_mfull_fast,rotating_e2e,3,10,92.3800468445
soc-Pokec,s64_mfull_accurate,rotating_e2e,3,11,95.4809188843
soc-Pokec,s64_mfull_rowwise_fast,rotating_e2e,3,12,93.1718349457
soc-Pokec,source_mkl_fp32,rotating_e2e,3,13,331.14695549
soc-Pokec,paper_tfs,rotating_e2e,3,14,94.5591926575
soc-Pokec,b64_fast,rotating_e2e,3,15,92.9400920868
soc-Pokec,b64_accurate,rotating_e2e,3,16,98.3099937439
soc-Pokec,bfull_accurate,rotating_e2e,4,0,94.9940681458
soc-Pokec,b256_fast,rotating_e2e,4,1,92.0188426971
soc-Pokec,b256_accurate,rotating_e2e,4,2,94.9289798737
soc-Pokec,s64_m64_fast,rotating_e2e,4,3,93.0500030518
soc-Pokec,s32_m64_fast,rotating_e2e,4,4,94.0182209015
soc-Pokec,s32_m256_fast,rotating_e2e,4,5,93.8160419464
soc-Pokec,s64_m256_fast,rotating_e2e,4,6,92.4990177155
soc-Pokec,s32_mfull_fast,rotating_e2e,4,7,93.7688350677
soc-Pokec,s64_mfull_fast,rotating_e2e,4,8,93.3799743652
soc-Pokec,s128_mfull_fast,rotating_e2e,4,9,92.6640033722
soc-Pokec,s64_mfull_accurate,rotating_e2e,4,10,95.587015152
soc-Pokec,s64_mfull_rowwise_fast,rotating_e2e,4,11,92.6611423492
soc-Pokec,source_mkl_fp32,rotating_e2e,4,12,331.470012665
soc-Pokec,paper_tfs,rotating_e2e,4,13,96.4460372925
soc-Pokec,b64_fast,rotating_e2e,4,14,91.2528038025
soc-Pokec,b64_accurate,rotating_e2e,4,15,97.1519947052
soc-Pokec,bfull_fast,rotating_e2e,4,16,91.5749073029
cit-Patents,paper_tfs,consecutive_e2e,0,0,76.2629508972
cit-Patents,paper_tfs,consecutive_e2e,1,0,76.5669345856
cit-Patents,paper_tfs,consecutive_e2e,2,0,76.3528347015
cit-Patents,paper_tfs,consecutive_e2e,3,0,76.3549804688
cit-Patents,paper_tfs,consecutive_e2e,4,0,76.297044754
cit-Patents,b64_fast,consecutive_e2e,0,1,81.7918777466
cit-Patents,b64_fast,consecutive_e2e,1,1,81.8169116974
cit-Patents,b64_fast,consecutive_e2e,2,1,81.5629959106
cit-Patents,b64_fast,consecutive_e2e,3,1,81.5179347992
cit-Patents,b64_fast,consecutive_e2e,4,1,82.0200443268
cit-Patents,b64_accurate,consecutive_e2e,0,2,88.0019664764
cit-Patents,b64_accurate,consecutive_e2e,1,2,85.8330726624
cit-Patents,b64_accurate,consecutive_e2e,2,2,86.7600440979
cit-Patents,b64_accurate,consecutive_e2e,3,2,85.4427814484
cit-Patents,b64_accurate,consecutive_e2e,4,2,85.8371257782
cit-Patents,bfull_fast,consecutive_e2e,0,3,82.0789337158
cit-Patents,bfull_fast,consecutive_e2e,1,3,81.9380283356
cit-Patents,bfull_fast,consecutive_e2e,2,3,82.0169448853
cit-Patents,bfull_fast,consecutive_e2e,3,3,82.2370052338
cit-Patents,bfull_fast,consecutive_e2e,4,3,81.864118576
cit-Patents,bfull_accurate,consecutive_e2e,0,4,85.5479240417
cit-Patents,bfull_accurate,consecutive_e2e,1,4,85.4530334473
cit-Patents,bfull_accurate,consecutive_e2e,2,4,85.5851173401
cit-Patents,bfull_accurate,consecutive_e2e,3,4,85.7231616974
cit-Patents,bfull_accurate,consecutive_e2e,4,4,85.5398178101
cit-Patents,b256_fast,consecutive_e2e,0,5,82.8409194946
cit-Patents,b256_fast,consecutive_e2e,1,5,82.8578472137
cit-Patents,b256_fast,consecutive_e2e,2,5,82.8249454498
cit-Patents,b256_fast,consecutive_e2e,3,5,82.3369026184
cit-Patents,b256_fast,consecutive_e2e,4,5,82.3690891266
cit-Patents,b256_accurate,consecutive_e2e,0,6,85.4878425598
cit-Patents,b256_accurate,consecutive_e2e,1,6,85.765838623
cit-Patents,b256_accurate,consecutive_e2e,2,6,85.5391025543
cit-Patents,b256_accurate,consecutive_e2e,3,6,85.4821205139
cit-Patents,b256_accurate,consecutive_e2e,4,6,85.5100154877
cit-Patents,s64_m64_fast,consecutive_e2e,0,7,83.0681324005
cit-Patents,s64_m64_fast,consecutive_e2e,1,7,82.9401016235
cit-Patents,s64_m64_fast,consecutive_e2e,2,7,83.0218791962
cit-Patents,s64_m64_fast,consecutive_e2e,3,7,83.0929279327
cit-Patents,s64_m64_fast,consecutive_e2e,4,7,82.9770565033
cit-Patents,s32_m64_fast,consecutive_e2e,0,8,83.0769538879
cit-Patents,s32_m64_fast,consecutive_e2e,1,8,83.2118988037
cit-Patents,s32_m64_fast,consecutive_e2e,2,8,82.8452110291
cit-Patents,s32_m64_fast,consecutive_e2e,3,8,83.0450057983
cit-Patents,s32_m64_fast,consecutive_e2e,4,8,83.153963089
cit-Patents,s32_m256_fast,consecutive_e2e,0,9,84.3260288239
cit-Patents,s32_m256_fast,consecutive_e2e,1,9,82.8177928925
cit-Patents,s32_m256_fast,consecutive_e2e,2,9,82.9639434814
cit-Patents,s32_m256_fast,consecutive_e2e,3,9,83.3308696747
cit-Patents,s32_m256_fast,consecutive_e2e,4,9,82.8759670258
cit-Patents,s64_m256_fast,consecutive_e2e,0,10,82.9401016235
cit-Patents,s64_m256_fast,consecutive_e2e,1,10,82.731962204
cit-Patents,s64_m256_fast,consecutive_e2e,2,10,83.0547809601
cit-Patents,s64_m256_fast,consecutive_e2e,3,10,82.7012062073
cit-Patents,s64_m256_fast,consecutive_e2e,4,10,82.8461647034
cit-Patents,s32_mfull_fast,consecutive_e2e,0,11,82.9498767853
cit-Patents,s32_mfull_fast,consecutive_e2e,1,11,83.074092865
cit-Patents,s32_mfull_fast,consecutive_e2e,2,11,82.7670097351
cit-Patents,s32_mfull_fast,consecutive_e2e,3,11,82.897901535
cit-Patents,s32_mfull_fast,consecutive_e2e,4,11,82.8769207001
cit-Patents,s64_mfull_fast,consecutive_e2e,0,12,83.5840702057
cit-Patents,s64_mfull_fast,consecutive_e2e,1,12,83.2710266113
cit-Patents,s64_mfull_fast,consecutive_e2e,2,12,82.9119682312
cit-Patents,s64_mfull_fast,consecutive_e2e,3,12,83.0879211426
cit-Patents,s64_mfull_fast,consecutive_e2e,4,12,83.0221176147
cit-Patents,s128_mfull_fast,consecutive_e2e,0,13,82.9699039459
cit-Patents,s128_mfull_fast,consecutive_e2e,1,13,82.8239917755
cit-Patents,s128_mfull_fast,consecutive_e2e,2,13,82.9432010651
cit-Patents,s128_mfull_fast,consecutive_e2e,3,13,82.8800201416
cit-Patents,s128_mfull_fast,consecutive_e2e,4,13,82.9029083252
cit-Patents,s64_mfull_accurate,consecutive_e2e,0,14,86.1568450928
cit-Patents,s64_mfull_accurate,consecutive_e2e,1,14,86.1880779266
cit-Patents,s64_mfull_accurate,consecutive_e2e,2,14,86.1799716949
cit-Patents,s64_mfull_accurate,consecutive_e2e,3,14,86.2929821014
cit-Patents,s64_mfull_accurate,consecutive_e2e,4,14,86.009979248
cit-Patents,s64_mfull_rowwise_fast,consecutive_e2e,0,15,82.662820816
cit-Patents,s64_mfull_rowwise_fast,consecutive_e2e,1,15,83.18400383
cit-Patents,s64_mfull_rowwise_fast,consecutive_e2e,2,15,82.8721523285
cit-Patents,s64_mfull_rowwise_fast,consecutive_e2e,3,15,83.0588340759
cit-Patents,s64_mfull_rowwise_fast,consecutive_e2e,4,15,82.6900005341
cit-Patents,source_mkl_fp32,consecutive_e2e,0,16,271.150112152
cit-Patents,source_mkl_fp32,consecutive_e2e,1,16,271.79980278
cit-Patents,source_mkl_fp32,consecutive_e2e,2,16,271.274089813
cit-Patents,source_mkl_fp32,consecutive_e2e,3,16,273.072004318
cit-Patents,source_mkl_fp32,consecutive_e2e,4,16,272.042989731
cit-Patents,paper_tfs,rotating_e2e,0,0,76.8580436707
cit-Patents,b64_fast,rotating_e2e,0,1,80.4529190063
cit-Patents,b64_accurate,rotating_e2e,0,2,84.4449996948
cit-Patents,bfull_fast,rotating_e2e,0,3,81.1069011688
cit-Patents,bfull_accurate,rotating_e2e,0,4,84.9230289459
cit-Patents,b256_fast,rotating_e2e,0,5,81.5699100494
cit-Patents,b256_accurate,rotating_e2e,0,6,85.0870609283
cit-Patents,s64_m64_fast,rotating_e2e,0,7,81.7530155182
cit-Patents,s32_m64_fast,rotating_e2e,0,8,82.4728012085
cit-Patents,s32_m256_fast,rotating_e2e,0,9,82.4270248413
cit-Patents,s64_m256_fast,rotating_e2e,0,10,82.0920467377
cit-Patents,s32_mfull_fast,rotating_e2e,0,11,81.9759368896
cit-Patents,s64_mfull_fast,rotating_e2e,0,12,82.2758674622
cit-Patents,s128_mfull_fast,rotating_e2e,0,13,82.1521282196
cit-Patents,s64_mfull_accurate,rotating_e2e,0,14,85.6909751892
cit-Patents,s64_mfull_rowwise_fast,rotating_e2e,0,15,81.9480419159
cit-Patents,source_mkl_fp32,rotating_e2e,0,16,271.859169006
cit-Patents,b64_fast,rotating_e2e,1,0,81.8707942963
cit-Patents,b64_accurate,rotating_e2e,1,1,84.4230651855
cit-Patents,bfull_fast,rotating_e2e,1,2,80.9681415558
cit-Patents,bfull_accurate,rotating_e2e,1,3,84.6769809723
cit-Patents,b256_fast,rotating_e2e,1,4,81.0191631317
cit-Patents,b256_accurate,rotating_e2e,1,5,85.2620601654
cit-Patents,s64_m64_fast,rotating_e2e,1,6,81.6740989685
cit-Patents,s32_m64_fast,rotating_e2e,1,7,82.1449756622
cit-Patents,s32_m256_fast,rotating_e2e,1,8,82.1499824524
cit-Patents,s64_m256_fast,rotating_e2e,1,9,82.1619033813
cit-Patents,s32_mfull_fast,rotating_e2e,1,10,82.230091095
cit-Patents,s64_mfull_fast,rotating_e2e,1,11,82.2718143463
cit-Patents,s128_mfull_fast,rotating_e2e,1,12,82.0000171661
cit-Patents,s64_mfull_accurate,rotating_e2e,1,13,85.676908493
cit-Patents,s64_mfull_rowwise_fast,rotating_e2e,1,14,81.5989971161
cit-Patents,source_mkl_fp32,rotating_e2e,1,15,272.037029266
cit-Patents,paper_tfs,rotating_e2e,1,16,77.1250724792
cit-Patents,b64_accurate,rotating_e2e,2,0,83.9319229126
cit-Patents,bfull_fast,rotating_e2e,2,1,81.0220241547
cit-Patents,bfull_accurate,rotating_e2e,2,2,84.3670368195
cit-Patents,b256_fast,rotating_e2e,2,3,81.5050601959
cit-Patents,b256_accurate,rotating_e2e,2,4,84.9130153656
cit-Patents,s64_m64_fast,rotating_e2e,2,5,82.0300579071
cit-Patents,s32_m64_fast,rotating_e2e,2,6,82.0469856262
cit-Patents,s32_m256_fast,rotating_e2e,2,7,82.0648670197
cit-Patents,s64_m256_fast,rotating_e2e,2,8,81.9561481476
cit-Patents,s32_mfull_fast,rotating_e2e,2,9,82.0410251617
cit-Patents,s64_mfull_fast,rotating_e2e,2,10,82.172870636
cit-Patents,s128_mfull_fast,rotating_e2e,2,11,82.4391841888
cit-Patents,s64_mfull_accurate,rotating_e2e,2,12,85.7989788055
cit-Patents,s64_mfull_rowwise_fast,rotating_e2e,2,13,81.8738937378
cit-Patents,source_mkl_fp32,rotating_e2e,2,14,272.165060043
cit-Patents,paper_tfs,rotating_e2e,2,15,76.9491195679
cit-Patents,b64_fast,rotating_e2e,2,16,80.5139541626
cit-Patents,bfull_fast,rotating_e2e,3,0,80.6150436401
cit-Patents,bfull_accurate,rotating_e2e,3,1,84.6219062805
cit-Patents,b256_fast,rotating_e2e,3,2,81.4280509949
cit-Patents,b256_accurate,rotating_e2e,3,3,84.9380493164
cit-Patents,s64_m64_fast,rotating_e2e,3,4,81.8889141083
cit-Patents,s32_m64_fast,rotating_e2e,3,5,82.0860862732
cit-Patents,s32_m256_fast,rotating_e2e,3,6,82.1969509125
cit-Patents,s64_m256_fast,rotating_e2e,3,7,82.3240280151
cit-Patents,s32_mfull_fast,rotating_e2e,3,8,82.0951461792
cit-Patents,s64_mfull_fast,rotating_e2e,3,9,82.1070671082
cit-Patents,s128_mfull_fast,rotating_e2e,3,10,82.2060108185
cit-Patents,s64_mfull_accurate,rotating_e2e,3,11,85.3660106659
cit-Patents,s64_mfull_rowwise_fast,rotating_e2e,3,12,81.7739963531
cit-Patents,source_mkl_fp32,rotating_e2e,3,13,271.354913712
cit-Patents,paper_tfs,rotating_e2e,3,14,77.5990486145
cit-Patents,b64_fast,rotating_e2e,3,15,80.5599689484
cit-Patents,b64_accurate,rotating_e2e,3,16,84.6481323242
cit-Patents,bfull_accurate,rotating_e2e,4,0,84.4581127167
cit-Patents,b256_fast,rotating_e2e,4,1,81.4719200134
cit-Patents,b256_accurate,rotating_e2e,4,2,85.205078125
cit-Patents,s64_m64_fast,rotating_e2e,4,3,82.1089744568
cit-Patents,s32_m64_fast,rotating_e2e,4,4,82.20911026
cit-Patents,s32_m256_fast,rotating_e2e,4,5,82.2792053223
cit-Patents,s64_m256_fast,rotating_e2e,4,6,82.0181369781
cit-Patents,s32_mfull_fast,rotating_e2e,4,7,82.1969509125
cit-Patents,s64_mfull_fast,rotating_e2e,4,8,82.1797847748
cit-Patents,s128_mfull_fast,rotating_e2e,4,9,82.1011066437
cit-Patents,s64_mfull_accurate,rotating_e2e,4,10,85.8018398285
cit-Patents,s64_mfull_rowwise_fast,rotating_e2e,4,11,81.8440914154
cit-Patents,source_mkl_fp32,rotating_e2e,4,12,272.38702774
cit-Patents,paper_tfs,rotating_e2e,4,13,76.9820213318
cit-Patents,b64_fast,rotating_e2e,4,14,80.7440280914
cit-Patents,b64_accurate,rotating_e2e,4,15,84.4979286194
cit-Patents,bfull_fast,rotating_e2e,4,16,81.0680389404
soc-LiveJournal1,paper_tfs,consecutive_e2e,0,0,253.59082222
soc-LiveJournal1,paper_tfs,consecutive_e2e,1,0,249.840021133
soc-LiveJournal1,paper_tfs,consecutive_e2e,2,0,250.096797943
soc-LiveJournal1,paper_tfs,consecutive_e2e,3,0,255.358934402
soc-LiveJournal1,paper_tfs,consecutive_e2e,4,0,257.780075073
soc-LiveJournal1,b64_fast,consecutive_e2e,0,1,269.411087036
soc-LiveJournal1,b64_fast,consecutive_e2e,1,1,268.296003342
soc-LiveJournal1,b64_fast,consecutive_e2e,2,1,265.798091888
soc-LiveJournal1,b64_fast,consecutive_e2e,3,1,272.139072418
soc-LiveJournal1,b64_fast,consecutive_e2e,4,1,268.247127533
soc-LiveJournal1,b64_accurate,consecutive_e2e,0,2,275.074958801
soc-LiveJournal1,b64_accurate,consecutive_e2e,1,2,274.629116058
soc-LiveJournal1,b64_accurate,consecutive_e2e,2,2,277.166128159
soc-LiveJournal1,b64_accurate,consecutive_e2e,3,2,277.189016342
soc-LiveJournal1,b64_accurate,consecutive_e2e,4,2,277.271032333
soc-LiveJournal1,bfull_fast,consecutive_e2e,0,3,268.434047699
soc-LiveJournal1,bfull_fast,consecutive_e2e,1,3,268.458127975
soc-LiveJournal1,bfull_fast,consecutive_e2e,2,3,269.732952118
soc-LiveJournal1,bfull_fast,consecutive_e2e,3,3,271.506786346
soc-LiveJournal1,bfull_fast,consecutive_e2e,4,3,267.367124557
soc-LiveJournal1,bfull_accurate,consecutive_e2e,0,4,275.061130524
soc-LiveJournal1,bfull_accurate,consecutive_e2e,1,4,273.020029068
soc-LiveJournal1,bfull_accurate,consecutive_e2e,2,4,275.791883469
soc-LiveJournal1,bfull_accurate,consecutive_e2e,3,4,273.385047913
soc-LiveJournal1,bfull_accurate,consecutive_e2e,4,4,273.030996323
soc-LiveJournal1,b256_fast,consecutive_e2e,0,5,266.676902771
soc-LiveJournal1,b256_fast,consecutive_e2e,1,5,269.390106201
soc-LiveJournal1,b256_fast,consecutive_e2e,2,5,269.020795822
soc-LiveJournal1,b256_fast,consecutive_e2e,3,5,265.040874481
soc-LiveJournal1,b256_fast,consecutive_e2e,4,5,270.377159119
soc-LiveJournal1,b256_accurate,consecutive_e2e,0,6,274.351119995
soc-LiveJournal1,b256_accurate,consecutive_e2e,1,6,274.203777313
soc-LiveJournal1,b256_accurate,consecutive_e2e,2,6,272.928953171
soc-LiveJournal1,b256_accurate,consecutive_e2e,3,6,272.747039795
soc-LiveJournal1,b256_accurate,consecutive_e2e,4,6,274.939060211
soc-LiveJournal1,s64_m64_fast,consecutive_e2e,0,7,270.234823227
soc-LiveJournal1,s64_m64_fast,consecutive_e2e,1,7,271.957159042
soc-LiveJournal1,s64_m64_fast,consecutive_e2e,2,7,273.261070251
soc-LiveJournal1,s64_m64_fast,consecutive_e2e,3,7,271.098136902
soc-LiveJournal1,s64_m64_fast,consecutive_e2e,4,7,269.302845001
soc-LiveJournal1,s32_m64_fast,consecutive_e2e,0,8,272.359132767
soc-LiveJournal1,s32_m64_fast,consecutive_e2e,1,8,274.682998657
soc-LiveJournal1,s32_m64_fast,consecutive_e2e,2,8,272.250890732
soc-LiveJournal1,s32_m64_fast,consecutive_e2e,3,8,275.635004044
soc-LiveJournal1,s32_m64_fast,consecutive_e2e,4,8,272.806882858
soc-LiveJournal1,s32_m256_fast,consecutive_e2e,0,9,275.080919266
soc-LiveJournal1,s32_m256_fast,consecutive_e2e,1,9,272.677898407
soc-LiveJournal1,s32_m256_fast,consecutive_e2e,2,9,273.113965988
soc-LiveJournal1,s32_m256_fast,consecutive_e2e,3,9,274.595975876
soc-LiveJournal1,s32_m256_fast,consecutive_e2e,4,9,274.569988251
soc-LiveJournal1,s64_m256_fast,consecutive_e2e,0,10,271.647930145
soc-LiveJournal1,s64_m256_fast,consecutive_e2e,1,10,270.640850067
soc-LiveJournal1,s64_m256_fast,consecutive_e2e,2,10,272.537946701
soc-LiveJournal1,s64_m256_fast,consecutive_e2e,3,10,271.363973618
soc-LiveJournal1,s64_m256_fast,consecutive_e2e,4,10,271.833181381
soc-LiveJournal1,s32_mfull_fast,consecutive_e2e,0,11,275.301933289
soc-LiveJournal1,s32_mfull_fast,consecutive_e2e,1,11,273.844003677
soc-LiveJournal1,s32_mfull_fast,consecutive_e2e,2,11,275.100946426
soc-LiveJournal1,s32_mfull_fast,consecutive_e2e,3,11,272.802114487
soc-LiveJournal1,s32_mfull_fast,consecutive_e2e,4,11,274.564027786
soc-LiveJournal1,s64_mfull_fast,consecutive_e2e,0,12,271.050930023
soc-LiveJournal1,s64_mfull_fast,consecutive_e2e,1,12,270.515918732
soc-LiveJournal1,s64_mfull_fast,consecutive_e2e,2,12,273.307085037
soc-LiveJournal1,s64_mfull_fast,consecutive_e2e,3,12,273.869991302
soc-LiveJournal1,s64_mfull_fast,consecutive_e2e,4,12,271.91400528
soc-LiveJournal1,s128_mfull_fast,consecutive_e2e,0,13,272.247076035
soc-LiveJournal1,s128_mfull_fast,consecutive_e2e,1,13,270.609855652
soc-LiveJournal1,s128_mfull_fast,consecutive_e2e,2,13,271.512031555
soc-LiveJournal1,s128_mfull_fast,consecutive_e2e,3,13,273.234128952
soc-LiveJournal1,s128_mfull_fast,consecutive_e2e,4,13,269.119024277
soc-LiveJournal1,s64_mfull_accurate,consecutive_e2e,0,14,277.296066284
soc-LiveJournal1,s64_mfull_accurate,consecutive_e2e,1,14,278.980970383
soc-LiveJournal1,s64_mfull_accurate,consecutive_e2e,2,14,277.199983597
soc-LiveJournal1,s64_mfull_accurate,consecutive_e2e,3,14,276.208162308
soc-LiveJournal1,s64_mfull_accurate,consecutive_e2e,4,14,279.711008072
soc-LiveJournal1,s64_mfull_rowwise_fast,consecutive_e2e,0,15,269.18387413
soc-LiveJournal1,s64_mfull_rowwise_fast,consecutive_e2e,1,15,273.741006851
soc-LiveJournal1,s64_mfull_rowwise_fast,consecutive_e2e,2,15,270.534992218
soc-LiveJournal1,s64_mfull_rowwise_fast,consecutive_e2e,3,15,269.910812378
soc-LiveJournal1,s64_mfull_rowwise_fast,consecutive_e2e,4,15,270.660161972
soc-LiveJournal1,source_mkl_fp32,consecutive_e2e,0,16,683.408021927
soc-LiveJournal1,source_mkl_fp32,consecutive_e2e,1,16,683.764219284
soc-LiveJournal1,source_mkl_fp32,consecutive_e2e,2,16,684.18097496
soc-LiveJournal1,source_mkl_fp32,consecutive_e2e,3,16,683.145999908
soc-LiveJournal1,source_mkl_fp32,consecutive_e2e,4,16,683.307886124
soc-LiveJournal1,paper_tfs,rotating_e2e,0,0,246.064901352
soc-LiveJournal1,b64_fast,rotating_e2e,0,1,267.578125
soc-LiveJournal1,b64_accurate,rotating_e2e,0,2,272.284984589
soc-LiveJournal1,bfull_fast,rotating_e2e,0,3,268.896102905
soc-LiveJournal1,bfull_accurate,rotating_e2e,0,4,271.040916443
soc-LiveJournal1,b256_fast,rotating_e2e,0,5,269.629955292
soc-LiveJournal1,b256_accurate,rotating_e2e,0,6,272.73607254
soc-LiveJournal1,s64_m64_fast,rotating_e2e,0,7,269.912004471
soc-LiveJournal1,s32_m64_fast,rotating_e2e,0,8,272.085905075
soc-LiveJournal1,s32_m256_fast,rotating_e2e,0,9,273.017883301
soc-LiveJournal1,s64_m256_fast,rotating_e2e,0,10,271.505832672
soc-LiveJournal1,s32_mfull_fast,rotating_e2e,0,11,269.901990891
soc-LiveJournal1,s64_mfull_fast,rotating_e2e,0,12,273.873090744
soc-LiveJournal1,s128_mfull_fast,rotating_e2e,0,13,270.656108856
soc-LiveJournal1,s64_mfull_accurate,rotating_e2e,0,14,276.245117188
soc-LiveJournal1,s64_mfull_rowwise_fast,rotating_e2e,0,15,267.470836639
soc-LiveJournal1,source_mkl_fp32,rotating_e2e,0,16,684.449195862
soc-LiveJournal1,b64_fast,rotating_e2e,1,0,264.565944672
soc-LiveJournal1,b64_accurate,rotating_e2e,1,1,274.68419075
soc-LiveJournal1,bfull_fast,rotating_e2e,1,2,265.926837921
soc-LiveJournal1,bfull_accurate,rotating_e2e,1,3,271.39210701
soc-LiveJournal1,b256_fast,rotating_e2e,1,4,266.875982285
soc-LiveJournal1,b256_accurate,rotating_e2e,1,5,270.753145218
soc-LiveJournal1,s64_m64_fast,rotating_e2e,1,6,273.625850677
soc-LiveJournal1,s32_m64_fast,rotating_e2e,1,7,270.081996918
soc-LiveJournal1,s32_m256_fast,rotating_e2e,1,8,274.511814117
soc-LiveJournal1,s64_m256_fast,rotating_e2e,1,9,273.573875427
soc-LiveJournal1,s32_mfull_fast,rotating_e2e,1,10,270.318984985
soc-LiveJournal1,s64_mfull_fast,rotating_e2e,1,11,267.90189743
soc-LiveJournal1,s128_mfull_fast,rotating_e2e,1,12,270.751953125
soc-LiveJournal1,s64_mfull_accurate,rotating_e2e,1,13,275.64907074
soc-LiveJournal1,s64_mfull_rowwise_fast,rotating_e2e,1,14,269.17386055
soc-LiveJournal1,source_mkl_fp32,rotating_e2e,1,15,688.388824463
soc-LiveJournal1,paper_tfs,rotating_e2e,1,16,248.234987259
soc-LiveJournal1,b64_accurate,rotating_e2e,2,0,272.486209869
soc-LiveJournal1,bfull_fast,rotating_e2e,2,1,267.462968826
soc-LiveJournal1,bfull_accurate,rotating_e2e,2,2,272.406816483
soc-LiveJournal1,b256_fast,rotating_e2e,2,3,268.450021744
soc-LiveJournal1,b256_accurate,rotating_e2e,2,4,276.148796082
soc-LiveJournal1,s64_m64_fast,rotating_e2e,2,5,270.921945572
soc-LiveJournal1,s32_m64_fast,rotating_e2e,2,6,273.647069931
soc-LiveJournal1,s32_m256_fast,rotating_e2e,2,7,276.40414238
soc-LiveJournal1,s64_m256_fast,rotating_e2e,2,8,271.655082703
soc-LiveJournal1,s32_mfull_fast,rotating_e2e,2,9,273.395061493
soc-LiveJournal1,s64_mfull_fast,rotating_e2e,2,10,270.244121552
soc-LiveJournal1,s128_mfull_fast,rotating_e2e,2,11,270.34497261
soc-LiveJournal1,s64_mfull_accurate,rotating_e2e,2,12,274.457931519
soc-LiveJournal1,s64_mfull_rowwise_fast,rotating_e2e,2,13,269.460916519
soc-LiveJournal1,source_mkl_fp32,rotating_e2e,2,14,684.614181519
soc-LiveJournal1,paper_tfs,rotating_e2e,2,15,241.196870804
soc-LiveJournal1,b64_fast,rotating_e2e,2,16,263.952970505
soc-LiveJournal1,bfull_fast,rotating_e2e,3,0,266.311883926
soc-LiveJournal1,bfull_accurate,rotating_e2e,3,1,271.852016449
soc-LiveJournal1,b256_fast,rotating_e2e,3,2,266.602039337
soc-LiveJournal1,b256_accurate,rotating_e2e,3,3,270.261049271
soc-LiveJournal1,s64_m64_fast,rotating_e2e,3,4,271.074056625
soc-LiveJournal1,s32_m64_fast,rotating_e2e,3,5,272.083044052
soc-LiveJournal1,s32_m256_fast,rotating_e2e,3,6,275.242090225
soc-LiveJournal1,s64_m256_fast,rotating_e2e,3,7,271.601200104
soc-LiveJournal1,s32_mfull_fast,rotating_e2e,3,8,273.025989532
soc-LiveJournal1,s64_mfull_fast,rotating_e2e,3,9,269.487142563
soc-LiveJournal1,s128_mfull_fast,rotating_e2e,3,10,272.608041763
soc-LiveJournal1,s64_mfull_accurate,rotating_e2e,3,11,275.146007538
soc-LiveJournal1,s64_mfull_rowwise_fast,rotating_e2e,3,12,269.994020462
soc-LiveJournal1,source_mkl_fp32,rotating_e2e,3,13,684.850931168
soc-LiveJournal1,paper_tfs,rotating_e2e,3,14,257.259130478
soc-LiveJournal1,b64_fast,rotating_e2e,3,15,264.147996902
soc-LiveJournal1,b64_accurate,rotating_e2e,3,16,274.996995926
soc-LiveJournal1,bfull_accurate,rotating_e2e,4,0,271.874189377
soc-LiveJournal1,b256_fast,rotating_e2e,4,1,269.668102264
soc-LiveJournal1,b256_accurate,rotating_e2e,4,2,273.867845535
soc-LiveJournal1,s64_m64_fast,rotating_e2e,4,3,272.855043411
soc-LiveJournal1,s32_m64_fast,rotating_e2e,4,4,274.666070938
soc-LiveJournal1,s32_m256_fast,rotating_e2e,4,5,272.875070572
soc-LiveJournal1,s64_m256_fast,rotating_e2e,4,6,272.673845291
soc-LiveJournal1,s32_mfull_fast,rotating_e2e,4,7,272.970914841
soc-LiveJournal1,s64_mfull_fast,rotating_e2e,4,8,273.467063904
soc-LiveJournal1,s128_mfull_fast,rotating_e2e,4,9,271.129131317
soc-LiveJournal1,s64_mfull_accurate,rotating_e2e,4,10,278.264045715
soc-LiveJournal1,s64_mfull_rowwise_fast,rotating_e2e,4,11,269.201040268
soc-LiveJournal1,source_mkl_fp32,rotating_e2e,4,12,685.577869415
soc-LiveJournal1,paper_tfs,rotating_e2e,4,13,241.143941879
soc-LiveJournal1,b64_fast,rotating_e2e,4,14,264.346122742
soc-LiveJournal1,b64_accurate,rotating_e2e,4,15,276.591062546
soc-LiveJournal1,bfull_fast,rotating_e2e,4,16,269.505023956
com-LiveJournal,paper_tfs,consecutive_e2e,0,0,232.073068619
com-LiveJournal,paper_tfs,consecutive_e2e,1,0,242.266893387
com-LiveJournal,paper_tfs,consecutive_e2e,2,0,237.403154373
com-LiveJournal,paper_tfs,consecutive_e2e,3,0,253.473043442
com-LiveJournal,paper_tfs,consecutive_e2e,4,0,246.976137161
com-LiveJournal,b64_fast,consecutive_e2e,0,1,249.993085861
com-LiveJournal,b64_fast,consecutive_e2e,1,1,248.793125153
com-LiveJournal,b64_fast,consecutive_e2e,2,1,250.950098038
com-LiveJournal,b64_fast,consecutive_e2e,3,1,245.301961899
com-LiveJournal,b64_fast,consecutive_e2e,4,1,248.872995377
com-LiveJournal,b64_accurate,consecutive_e2e,0,2,254.92310524
com-LiveJournal,b64_accurate,consecutive_e2e,1,2,255.514144897
com-LiveJournal,b64_accurate,consecutive_e2e,2,2,258.643865585
com-LiveJournal,b64_accurate,consecutive_e2e,3,2,257.729053497
com-LiveJournal,b64_accurate,consecutive_e2e,4,2,251.899957657
com-LiveJournal,bfull_fast,consecutive_e2e,0,3,245.348930359
com-LiveJournal,bfull_fast,consecutive_e2e,1,3,250.362873077
com-LiveJournal,bfull_fast,consecutive_e2e,2,3,251.268863678
com-LiveJournal,bfull_fast,consecutive_e2e,3,3,248.768091202
com-LiveJournal,bfull_fast,consecutive_e2e,4,3,250.419855118
com-LiveJournal,bfull_accurate,consecutive_e2e,0,4,256.087064743
com-LiveJournal,bfull_accurate,consecutive_e2e,1,4,255.446910858
com-LiveJournal,bfull_accurate,consecutive_e2e,2,4,258.588790894
com-LiveJournal,bfull_accurate,consecutive_e2e,3,4,254.411935806
com-LiveJournal,bfull_accurate,consecutive_e2e,4,4,255.24687767
com-LiveJournal,b256_fast,consecutive_e2e,0,5,246.381998062
com-LiveJournal,b256_fast,consecutive_e2e,1,5,245.182991028
com-LiveJournal,b256_fast,consecutive_e2e,2,5,244.264125824
com-LiveJournal,b256_fast,consecutive_e2e,3,5,251.626968384
com-LiveJournal,b256_fast,consecutive_e2e,4,5,246.152877808
com-LiveJournal,b256_accurate,consecutive_e2e,0,6,254.464149475
com-LiveJournal,b256_accurate,consecutive_e2e,1,6,256.547927856
com-LiveJournal,b256_accurate,consecutive_e2e,2,6,251.600027084
com-LiveJournal,b256_accurate,consecutive_e2e,3,6,254.09913063
com-LiveJournal,b256_accurate,consecutive_e2e,4,6,255.346059799
com-LiveJournal,s64_m64_fast,consecutive_e2e,0,7,253.24177742
com-LiveJournal,s64_m64_fast,consecutive_e2e,1,7,250.947952271
com-LiveJournal,s64_m64_fast,consecutive_e2e,2,7,251.173973083
com-LiveJournal,s64_m64_fast,consecutive_e2e,3,7,251.918792725
com-LiveJournal,s64_m64_fast,consecutive_e2e,4,7,251.358032227
com-LiveJournal,s32_m64_fast,consecutive_e2e,0,8,253.154039383
com-LiveJournal,s32_m64_fast,consecutive_e2e,1,8,254.223823547
com-LiveJournal,s32_m64_fast,consecutive_e2e,2,8,252.95996666
com-LiveJournal,s32_m64_fast,consecutive_e2e,3,8,250.936031342
com-LiveJournal,s32_m64_fast,consecutive_e2e,4,8,251.358032227
com-LiveJournal,s32_m256_fast,consecutive_e2e,0,9,252.35581398
com-LiveJournal,s32_m256_fast,consecutive_e2e,1,9,248.404026031
com-LiveJournal,s32_m256_fast,consecutive_e2e,2,9,250.960826874
com-LiveJournal,s32_m256_fast,consecutive_e2e,3,9,252.48503685
com-LiveJournal,s32_m256_fast,consecutive_e2e,4,9,257.216930389
com-LiveJournal,s64_m256_fast,consecutive_e2e,0,10,249.599933624
com-LiveJournal,s64_m256_fast,consecutive_e2e,1,10,255.169868469
com-LiveJournal,s64_m256_fast,consecutive_e2e,2,10,250.684976578
com-LiveJournal,s64_m256_fast,consecutive_e2e,3,10,252.320051193
com-LiveJournal,s64_m256_fast,consecutive_e2e,4,10,253.286123276
com-LiveJournal,s32_mfull_fast,consecutive_e2e,0,11,251.894950867
com-LiveJournal,s32_mfull_fast,consecutive_e2e,1,11,251.070022583
com-LiveJournal,s32_mfull_fast,consecutive_e2e,2,11,251.617908478
com-LiveJournal,s32_mfull_fast,consecutive_e2e,3,11,253.191947937
com-LiveJournal,s32_mfull_fast,consecutive_e2e,4,11,253.224849701
com-LiveJournal,s64_mfull_fast,consecutive_e2e,0,12,248.283863068
com-LiveJournal,s64_mfull_fast,consecutive_e2e,1,12,252.811908722
com-LiveJournal,s64_mfull_fast,consecutive_e2e,2,12,249.81713295
com-LiveJournal,s64_mfull_fast,consecutive_e2e,3,12,254.330158234
com-LiveJournal,s64_mfull_fast,consecutive_e2e,4,12,252.403974533
com-LiveJournal,s128_mfull_fast,consecutive_e2e,0,13,250.982046127
com-LiveJournal,s128_mfull_fast,consecutive_e2e,1,13,253.656864166
com-LiveJournal,s128_mfull_fast,consecutive_e2e,2,13,249.231100082
com-LiveJournal,s128_mfull_fast,consecutive_e2e,3,13,254.235029221
com-LiveJournal,s128_mfull_fast,consecutive_e2e,4,13,251.347064972
com-LiveJournal,s64_mfull_accurate,consecutive_e2e,0,14,256.375074387
com-LiveJournal,s64_mfull_accurate,consecutive_e2e,1,14,258.0909729
com-LiveJournal,s64_mfull_accurate,consecutive_e2e,2,14,257.75718689
com-LiveJournal,s64_mfull_accurate,consecutive_e2e,3,14,257.193088531
com-LiveJournal,s64_mfull_accurate,consecutive_e2e,4,14,256.525993347
com-LiveJournal,s64_mfull_rowwise_fast,consecutive_e2e,0,15,249.625921249
com-LiveJournal,s64_mfull_rowwise_fast,consecutive_e2e,1,15,249.0670681
com-LiveJournal,s64_mfull_rowwise_fast,consecutive_e2e,2,15,248.862981796
com-LiveJournal,s64_mfull_rowwise_fast,consecutive_e2e,3,15,254.009008408
com-LiveJournal,s64_mfull_rowwise_fast,consecutive_e2e,4,15,251.789093018
com-LiveJournal,source_mkl_fp32,consecutive_e2e,0,16,645.839929581
com-LiveJournal,source_mkl_fp32,consecutive_e2e,1,16,644.810914993
com-LiveJournal,source_mkl_fp32,consecutive_e2e,2,16,644.554853439
com-LiveJournal,source_mkl_fp32,consecutive_e2e,3,16,644.684076309
com-LiveJournal,source_mkl_fp32,consecutive_e2e,4,16,644.864082336
com-LiveJournal,paper_tfs,rotating_e2e,0,0,237.517118454
com-LiveJournal,b64_fast,rotating_e2e,0,1,244.016885757
com-LiveJournal,b64_accurate,rotating_e2e,0,2,253.798961639
com-LiveJournal,bfull_fast,rotating_e2e,0,3,251.349925995
com-LiveJournal,bfull_accurate,rotating_e2e,0,4,252.07901001
com-LiveJournal,b256_fast,rotating_e2e,0,5,250.88095665
com-LiveJournal,b256_accurate,rotating_e2e,0,6,254.196166992
com-LiveJournal,s64_m64_fast,rotating_e2e,0,7,250.452041626
com-LiveJournal,s32_m64_fast,rotating_e2e,0,8,248.486042023
com-LiveJournal,s32_m256_fast,rotating_e2e,0,9,251.835107803
com-LiveJournal,s64_m256_fast,rotating_e2e,0,10,253.884077072
com-LiveJournal,s32_mfull_fast,rotating_e2e,0,11,248.302936554
com-LiveJournal,s64_mfull_fast,rotating_e2e,0,12,255.347013474
com-LiveJournal,s128_mfull_fast,rotating_e2e,0,13,251.121044159
com-LiveJournal,s64_mfull_accurate,rotating_e2e,0,14,255.232095718
com-LiveJournal,s64_mfull_rowwise_fast,rotating_e2e,0,15,248.965978622
com-LiveJournal,source_mkl_fp32,rotating_e2e,0,16,644.748926163
com-LiveJournal,b64_fast,rotating_e2e,1,0,243.947029114
com-LiveJournal,b64_accurate,rotating_e2e,1,1,255.294799805
com-LiveJournal,bfull_fast,rotating_e2e,1,2,243.076086044
com-LiveJournal,bfull_accurate,rotating_e2e,1,3,253.218889236
com-LiveJournal,b256_fast,rotating_e2e,1,4,244.841814041
com-LiveJournal,b256_accurate,rotating_e2e,1,5,250.957965851
com-LiveJournal,s64_m64_fast,rotating_e2e,1,6,252.392053604
com-LiveJournal,s32_m64_fast,rotating_e2e,1,7,250.231981277
com-LiveJournal,s32_m256_fast,rotating_e2e,1,8,248.991966248
com-LiveJournal,s64_m256_fast,rotating_e2e,1,9,246.89078331
com-LiveJournal,s32_mfull_fast,rotating_e2e,1,10,248.486995697
com-LiveJournal,s64_mfull_fast,rotating_e2e,1,11,248.814105988
com-LiveJournal,s128_mfull_fast,rotating_e2e,1,12,249.372005463
com-LiveJournal,s64_mfull_accurate,rotating_e2e,1,13,255.461931229
com-LiveJournal,s64_mfull_rowwise_fast,rotating_e2e,1,14,245.630979538
com-LiveJournal,source_mkl_fp32,rotating_e2e,1,15,644.994020462
com-LiveJournal,paper_tfs,rotating_e2e,1,16,238.358020782
com-LiveJournal,b64_accurate,rotating_e2e,2,0,250.818967819
com-LiveJournal,bfull_fast,rotating_e2e,2,1,243.444919586
com-LiveJournal,bfull_accurate,rotating_e2e,2,2,256.651878357
com-LiveJournal,b256_fast,rotating_e2e,2,3,245.427131653
com-LiveJournal,b256_accurate,rotating_e2e,2,4,252.291917801
com-LiveJournal,s64_m64_fast,rotating_e2e,2,5,250.255823135
com-LiveJournal,s32_m64_fast,rotating_e2e,2,6,252.103090286
com-LiveJournal,s32_m256_fast,rotating_e2e,2,7,252.613067627
com-LiveJournal,s64_m256_fast,rotating_e2e,2,8,252.109050751
com-LiveJournal,s32_mfull_fast,rotating_e2e,2,9,250.931024551
com-LiveJournal,s64_mfull_fast,rotating_e2e,2,10,248.167991638
com-LiveJournal,s128_mfull_fast,rotating_e2e,2,11,251.8658638
com-LiveJournal,s64_mfull_accurate,rotating_e2e,2,12,256.037950516
com-LiveJournal,s64_mfull_rowwise_fast,rotating_e2e,2,13,251.600980759
com-LiveJournal,source_mkl_fp32,rotating_e2e,2,14,643.932819366
com-LiveJournal,paper_tfs,rotating_e2e,2,15,237.087965012
com-LiveJournal,b64_fast,rotating_e2e,2,16,245.777130127
com-LiveJournal,bfull_fast,rotating_e2e,3,0,244.66586113
com-LiveJournal,bfull_accurate,rotating_e2e,3,1,255.56397438
com-LiveJournal,b256_fast,rotating_e2e,3,2,243.981122971
com-LiveJournal,b256_accurate,rotating_e2e,3,3,252.346992493
com-LiveJournal,s64_m64_fast,rotating_e2e,3,4,251.897096634
com-LiveJournal,s32_m64_fast,rotating_e2e,3,5,250.655174255
com-LiveJournal,s32_m256_fast,rotating_e2e,3,6,251.28698349
com-LiveJournal,s64_m256_fast,rotating_e2e,3,7,251.997947693
com-LiveJournal,s32_mfull_fast,rotating_e2e,3,8,252.036094666
com-LiveJournal,s64_mfull_fast,rotating_e2e,3,9,253.191947937
com-LiveJournal,s128_mfull_fast,rotating_e2e,3,10,250.715970993
com-LiveJournal,s64_mfull_accurate,rotating_e2e,3,11,258.443832397
com-LiveJournal,s64_mfull_rowwise_fast,rotating_e2e,3,12,250.304222107
com-LiveJournal,source_mkl_fp32,rotating_e2e,3,13,646.238803864
com-LiveJournal,paper_tfs,rotating_e2e,3,14,237.322092056
com-LiveJournal,b64_fast,rotating_e2e,3,15,242.235183716
com-LiveJournal,b64_accurate,rotating_e2e,3,16,257.75885582
com-LiveJournal,bfull_accurate,rotating_e2e,4,0,250.577926636
com-LiveJournal,b256_fast,rotating_e2e,4,1,245.146036148
com-LiveJournal,b256_accurate,rotating_e2e,4,2,253.268003464
com-LiveJournal,s64_m64_fast,rotating_e2e,4,3,250.416994095
com-LiveJournal,s32_m64_fast,rotating_e2e,4,4,247.699022293
com-LiveJournal,s32_m256_fast,rotating_e2e,4,5,251.447916031
com-LiveJournal,s64_m256_fast,rotating_e2e,4,6,250.606060028
com-LiveJournal,s32_mfull_fast,rotating_e2e,4,7,249.135017395
com-LiveJournal,s64_mfull_fast,rotating_e2e,4,8,252.305984497
com-LiveJournal,s128_mfull_fast,rotating_e2e,4,9,250.731945038
com-LiveJournal,s64_mfull_accurate,rotating_e2e,4,10,252.722024918
com-LiveJournal,s64_mfull_rowwise_fast,rotating_e2e,4,11,248.821973801
com-LiveJournal,source_mkl_fp32,rotating_e2e,4,12,646.009206772
com-LiveJournal,paper_tfs,rotating_e2e,4,13,245.665073395
com-LiveJournal,b64_fast,rotating_e2e,4,14,246.495008469
com-LiveJournal,b64_accurate,rotating_e2e,4,15,251.632928848
com-LiveJournal,bfull_fast,rotating_e2e,4,16,248.03185463
as-Skitter,paper_tfs,consecutive_e2e,0,0,101.318836212
as-Skitter,paper_tfs,consecutive_e2e,1,0,102.086782455
as-Skitter,paper_tfs,consecutive_e2e,2,0,99.6131896973
as-Skitter,paper_tfs,consecutive_e2e,3,0,107.199192047
as-Skitter,paper_tfs,consecutive_e2e,4,0,101.791858673
as-Skitter,b64_fast,consecutive_e2e,0,1,79.7889232635
as-Skitter,b64_fast,consecutive_e2e,1,1,83.841085434
as-Skitter,b64_fast,consecutive_e2e,2,1,79.6480178833
as-Skitter,b64_fast,consecutive_e2e,3,1,81.4409255981
as-Skitter,b64_fast,consecutive_e2e,4,1,78.3100128174
as-Skitter,b64_accurate,consecutive_e2e,0,2,82.7879905701
as-Skitter,b64_accurate,consecutive_e2e,1,2,81.8309783936
as-Skitter,b64_accurate,consecutive_e2e,2,2,82.5510025024
as-Skitter,b64_accurate,consecutive_e2e,3,2,81.9811820984
as-Skitter,b64_accurate,consecutive_e2e,4,2,82.3028087616
as-Skitter,bfull_fast,consecutive_e2e,0,3,77.2149562836
as-Skitter,bfull_fast,consecutive_e2e,1,3,80.61003685
as-Skitter,bfull_fast,consecutive_e2e,2,3,79.0309906006
as-Skitter,bfull_fast,consecutive_e2e,3,3,78.8240432739
as-Skitter,bfull_fast,consecutive_e2e,4,3,87.5790119171
as-Skitter,bfull_accurate,consecutive_e2e,0,4,83.7709903717
as-Skitter,bfull_accurate,consecutive_e2e,1,4,80.6810855865
as-Skitter,bfull_accurate,consecutive_e2e,2,4,80.9659957886
as-Skitter,bfull_accurate,consecutive_e2e,3,4,81.9659233093
as-Skitter,bfull_accurate,consecutive_e2e,4,4,81.6299915314
as-Skitter,b256_fast,consecutive_e2e,0,5,75.7510662079
as-Skitter,b256_fast,consecutive_e2e,1,5,77.0590305328
as-Skitter,b256_fast,consecutive_e2e,2,5,77.8980255127
as-Skitter,b256_fast,consecutive_e2e,3,5,78.3760547638
as-Skitter,b256_fast,consecutive_e2e,4,5,78.4118175507
as-Skitter,b256_accurate,consecutive_e2e,0,6,79.8170566559
as-Skitter,b256_accurate,consecutive_e2e,1,6,80.9190273285
as-Skitter,b256_accurate,consecutive_e2e,2,6,81.1011791229
as-Skitter,b256_accurate,consecutive_e2e,3,6,80.0750255585
as-Skitter,b256_accurate,consecutive_e2e,4,6,79.2768001556
as-Skitter,s64_m64_fast,consecutive_e2e,0,7,79.9489021301
as-Skitter,s64_m64_fast,consecutive_e2e,1,7,79.892873764
as-Skitter,s64_m64_fast,consecutive_e2e,2,7,80.6069374084
as-Skitter,s64_m64_fast,consecutive_e2e,3,7,80.0638198853
as-Skitter,s64_m64_fast,consecutive_e2e,4,7,79.5412063599
as-Skitter,s32_m64_fast,consecutive_e2e,0,8,81.8538665771
as-Skitter,s32_m64_fast,consecutive_e2e,1,8,79.864025116
as-Skitter,s32_m64_fast,consecutive_e2e,2,8,79.6210765839
as-Skitter,s32_m64_fast,consecutive_e2e,3,8,78.9141654968
as-Skitter,s32_m64_fast,consecutive_e2e,4,8,79.0991783142
as-Skitter,s32_m256_fast,consecutive_e2e,0,9,77.2371292114
as-Skitter,s32_m256_fast,consecutive_e2e,1,9,77.5971412659
as-Skitter,s32_m256_fast,consecutive_e2e,2,9,76.7481327057
as-Skitter,s32_m256_fast,consecutive_e2e,3,9,79.1170597076
as-Skitter,s32_m256_fast,consecutive_e2e,4,9,77.3220062256
as-Skitter,s64_m256_fast,consecutive_e2e,0,10,79.5569419861
as-Skitter,s64_m256_fast,consecutive_e2e,1,10,77.9860019684
as-Skitter,s64_m256_fast,consecutive_e2e,2,10,77.7130126953
as-Skitter,s64_m256_fast,consecutive_e2e,3,10,78.0050754547
as-Skitter,s64_m256_fast,consecutive_e2e,4,10,77.143907547
as-Skitter,s32_mfull_fast,consecutive_e2e,0,11,76.6968727112
as-Skitter,s32_mfull_fast,consecutive_e2e,1,11,77.3770809174
as-Skitter,s32_mfull_fast,consecutive_e2e,2,11,76.6971111298
as-Skitter,s32_mfull_fast,consecutive_e2e,3,11,76.4977931976
as-Skitter,s32_mfull_fast,consecutive_e2e,4,11,76.2519836426
as-Skitter,s64_mfull_fast,consecutive_e2e,0,12,76.1148929596
as-Skitter,s64_mfull_fast,consecutive_e2e,1,12,77.2938728333
as-Skitter,s64_mfull_fast,consecutive_e2e,2,12,77.5189399719
as-Skitter,s64_mfull_fast,consecutive_e2e,3,12,76.7560005188
as-Skitter,s64_mfull_fast,consecutive_e2e,4,12,76.8940448761
as-Skitter,s128_mfull_fast,consecutive_e2e,0,13,78.0658721924
as-Skitter,s128_mfull_fast,consecutive_e2e,1,13,77.3861408234
as-Skitter,s128_mfull_fast,consecutive_e2e,2,13,77.1470069885
as-Skitter,s128_mfull_fast,consecutive_e2e,3,13,74.8198032379
as-Skitter,s128_mfull_fast,consecutive_e2e,4,13,77.4071216583
as-Skitter,s64_mfull_accurate,consecutive_e2e,0,14,81.0370445251
as-Skitter,s64_mfull_accurate,consecutive_e2e,1,14,79.6339511871
as-Skitter,s64_mfull_accurate,consecutive_e2e,2,14,78.4530639648
as-Skitter,s64_mfull_accurate,consecutive_e2e,3,14,77.9991149902
as-Skitter,s64_mfull_accurate,consecutive_e2e,4,14,79.5750617981
as-Skitter,s64_mfull_rowwise_fast,consecutive_e2e,0,15,78.2198905945
as-Skitter,s64_mfull_rowwise_fast,consecutive_e2e,1,15,78.1359672546
as-Skitter,s64_mfull_rowwise_fast,consecutive_e2e,2,15,78.9389610291
as-Skitter,s64_mfull_rowwise_fast,consecutive_e2e,3,15,79.1869163513
as-Skitter,s64_mfull_rowwise_fast,consecutive_e2e,4,15,78.4418582916
as-Skitter,source_mkl_fp32,consecutive_e2e,0,16,162.500858307
as-Skitter,source_mkl_fp32,consecutive_e2e,1,16,163.301944733
as-Skitter,source_mkl_fp32,consecutive_e2e,2,16,162.456035614
as-Skitter,source_mkl_fp32,consecutive_e2e,3,16,162.595033646
as-Skitter,source_mkl_fp32,consecutive_e2e,4,16,162.540912628
as-Skitter,paper_tfs,rotating_e2e,0,0,105.118989944
as-Skitter,b64_fast,rotating_e2e,0,1,76.9798755646
as-Skitter,b64_accurate,rotating_e2e,0,2,81.5808773041
as-Skitter,bfull_fast,rotating_e2e,0,3,78.3832073212
as-Skitter,bfull_accurate,rotating_e2e,0,4,80.2581310272
as-Skitter,b256_fast,rotating_e2e,0,5,77.3360729218
as-Skitter,b256_accurate,rotating_e2e,0,6,81.4728736877
as-Skitter,s64_m64_fast,rotating_e2e,0,7,79.1749954224
as-Skitter,s32_m64_fast,rotating_e2e,0,8,77.5079727173
as-Skitter,s32_m256_fast,rotating_e2e,0,9,78.094959259
as-Skitter,s64_m256_fast,rotating_e2e,0,10,76.8530368805
as-Skitter,s32_mfull_fast,rotating_e2e,0,11,77.0330429077
as-Skitter,s64_mfull_fast,rotating_e2e,0,12,75.6440162659
as-Skitter,s128_mfull_fast,rotating_e2e,0,13,75.3629207611
as-Skitter,s64_mfull_accurate,rotating_e2e,0,14,80.6977748871
as-Skitter,s64_mfull_rowwise_fast,rotating_e2e,0,15,78.1688690186
as-Skitter,source_mkl_fp32,rotating_e2e,0,16,162.457942963
as-Skitter,b64_fast,rotating_e2e,1,0,76.602935791
as-Skitter,b64_accurate,rotating_e2e,1,1,82.5788974762
as-Skitter,bfull_fast,rotating_e2e,1,2,78.6640644073
as-Skitter,bfull_accurate,rotating_e2e,1,3,81.4001560211
as-Skitter,b256_fast,rotating_e2e,1,4,79.5619487762
as-Skitter,b256_accurate,rotating_e2e,1,5,82.4368000031
as-Skitter,s64_m64_fast,rotating_e2e,1,6,79.9341201782
as-Skitter,s32_m64_fast,rotating_e2e,1,7,79.1478157043
as-Skitter,s32_m256_fast,rotating_e2e,1,8,76.0679244995
as-Skitter,s64_m256_fast,rotating_e2e,1,9,74.3050575256
as-Skitter,s32_mfull_fast,rotating_e2e,1,10,77.0289897919
as-Skitter,s64_mfull_fast,rotating_e2e,1,11,77.6851177216
as-Skitter,s128_mfull_fast,rotating_e2e,1,12,76.9109725952
as-Skitter,s64_mfull_accurate,rotating_e2e,1,13,77.8760910034
as-Skitter,s64_mfull_rowwise_fast,rotating_e2e,1,14,79.9779891968
as-Skitter,source_mkl_fp32,rotating_e2e,1,15,163.295030594
as-Skitter,paper_tfs,rotating_e2e,1,16,104.944944382
as-Skitter,b64_accurate,rotating_e2e,2,0,83.1961631775
as-Skitter,bfull_fast,rotating_e2e,2,1,79.2870521545
as-Skitter,bfull_accurate,rotating_e2e,2,2,80.0650119781
as-Skitter,b256_fast,rotating_e2e,2,3,77.7220726013
as-Skitter,b256_accurate,rotating_e2e,2,4,79.2410373688
as-Skitter,s64_m64_fast,rotating_e2e,2,5,79.3998241425
as-Skitter,s32_m64_fast,rotating_e2e,2,6,80.3878307343
as-Skitter,s32_m256_fast,rotating_e2e,2,7,76.4110088348
as-Skitter,s64_m256_fast,rotating_e2e,2,8,78.085899353
as-Skitter,s32_mfull_fast,rotating_e2e,2,9,76.691865921
as-Skitter,s64_mfull_fast,rotating_e2e,2,10,76.1079788208
as-Skitter,s128_mfull_fast,rotating_e2e,2,11,76.0118961334
as-Skitter,s64_mfull_accurate,rotating_e2e,2,12,79.3881416321
as-Skitter,s64_mfull_rowwise_fast,rotating_e2e,2,13,80.4359912872
as-Skitter,source_mkl_fp32,rotating_e2e,2,14,162.870883942
as-Skitter,paper_tfs,rotating_e2e,2,15,103.87301445
as-Skitter,b64_fast,rotating_e2e,2,16,78.1610012054
as-Skitter,bfull_fast,rotating_e2e,3,0,76.8260955811
as-Skitter,bfull_accurate,rotating_e2e,3,1,81.5579891205
as-Skitter,b256_fast,rotating_e2e,3,2,76.1270523071
as-Skitter,b256_accurate,rotating_e2e,3,3,79.421043396
as-Skitter,s64_m64_fast,rotating_e2e,3,4,80.0859928131
as-Skitter,s32_m64_fast,rotating_e2e,3,5,79.5171260834
as-Skitter,s32_m256_fast,rotating_e2e,3,6,75.6080150604
as-Skitter,s64_m256_fast,rotating_e2e,3,7,78.1559944153
as-Skitter,s32_mfull_fast,rotating_e2e,3,8,77.4929523468
as-Skitter,s64_mfull_fast,rotating_e2e,3,9,75.5009651184
as-Skitter,s128_mfull_fast,rotating_e2e,3,10,75.6471157074
as-Skitter,s64_mfull_accurate,rotating_e2e,3,11,78.5119533539
as-Skitter,s64_mfull_rowwise_fast,rotating_e2e,3,12,79.5710086823
as-Skitter,source_mkl_fp32,rotating_e2e,3,13,162.589073181
as-Skitter,paper_tfs,rotating_e2e,3,14,106.683969498
as-Skitter,b64_fast,rotating_e2e,3,15,76.4448642731
as-Skitter,b64_accurate,rotating_e2e,3,16,81.4259052277
as-Skitter,bfull_accurate,rotating_e2e,4,0,80.8851718903
as-Skitter,b256_fast,rotating_e2e,4,1,76.642036438
as-Skitter,b256_accurate,rotating_e2e,4,2,78.1238079071
as-Skitter,s64_m64_fast,rotating_e2e,4,3,78.8650512695
as-Skitter,s32_m64_fast,rotating_e2e,4,4,78.2668590546
as-Skitter,s32_m256_fast,rotating_e2e,4,5,76.6859054565
as-Skitter,s64_m256_fast,rotating_e2e,4,6,77.5628089905
as-Skitter,s32_mfull_fast,rotating_e2e,4,7,75.4129886627
as-Skitter,s64_mfull_fast,rotating_e2e,4,8,76.8921375275
as-Skitter,s128_mfull_fast,rotating_e2e,4,9,76.9701004028
as-Skitter,s64_mfull_accurate,rotating_e2e,4,10,78.3100128174
as-Skitter,s64_mfull_rowwise_fast,rotating_e2e,4,11,77.9759883881
as-Skitter,source_mkl_fp32,rotating_e2e,4,12,162.951946259
as-Skitter,paper_tfs,rotating_e2e,4,13,100.508928299
as-Skitter,b64_fast,rotating_e2e,4,14,77.7390003204
as-Skitter,b64_accurate,rotating_e2e,4,15,79.4990062714
as-Skitter,bfull_fast,rotating_e2e,4,16,76.5008926392
rgg_n_2_24_s0,paper_tfs,consecutive_e2e,0,0,879.396915436
rgg_n_2_24_s0,paper_tfs,consecutive_e2e,1,0,898.245096207
rgg_n_2_24_s0,paper_tfs,consecutive_e2e,2,0,895.742177963
rgg_n_2_24_s0,paper_tfs,consecutive_e2e,3,0,891.999006271
rgg_n_2_24_s0,paper_tfs,consecutive_e2e,4,0,894.84000206
rgg_n_2_24_s0,b64_fast,consecutive_e2e,0,1,926.423788071
rgg_n_2_24_s0,b64_fast,consecutive_e2e,1,1,925.173044205
rgg_n_2_24_s0,b64_fast,consecutive_e2e,2,1,926.613807678
rgg_n_2_24_s0,b64_fast,consecutive_e2e,3,1,924.662828445
rgg_n_2_24_s0,b64_fast,consecutive_e2e,4,1,923.116922379
rgg_n_2_24_s0,b64_accurate,consecutive_e2e,0,2,979.01892662
rgg_n_2_24_s0,b64_accurate,consecutive_e2e,1,2,979.748010635
rgg_n_2_24_s0,b64_accurate,consecutive_e2e,2,2,977.3478508
rgg_n_2_24_s0,b64_accurate,consecutive_e2e,3,2,979.510784149
rgg_n_2_24_s0,b64_accurate,consecutive_e2e,4,2,979.219913483
rgg_n_2_24_s0,bfull_fast,consecutive_e2e,0,3,923.204898834
rgg_n_2_24_s0,bfull_fast,consecutive_e2e,1,3,924.795866013
rgg_n_2_24_s0,bfull_fast,consecutive_e2e,2,3,923.014879227
rgg_n_2_24_s0,bfull_fast,consecutive_e2e,3,3,927.955150604
rgg_n_2_24_s0,bfull_fast,consecutive_e2e,4,3,925.736904144
rgg_n_2_24_s0,bfull_accurate,consecutive_e2e,0,4,978.99389267
rgg_n_2_24_s0,bfull_accurate,consecutive_e2e,1,4,981.111049652
rgg_n_2_24_s0,bfull_accurate,consecutive_e2e,2,4,980.302095413
rgg_n_2_24_s0,bfull_accurate,consecutive_e2e,3,4,988.008022308
rgg_n_2_24_s0,bfull_accurate,consecutive_e2e,4,4,980.487823486
rgg_n_2_24_s0,b256_fast,consecutive_e2e,0,5,924.842119217
rgg_n_2_24_s0,b256_fast,consecutive_e2e,1,5,923.830032349
rgg_n_2_24_s0,b256_fast,consecutive_e2e,2,5,922.36495018
rgg_n_2_24_s0,b256_fast,consecutive_e2e,3,5,922.744989395
rgg_n_2_24_s0,b256_fast,consecutive_e2e,4,5,925.463914871
rgg_n_2_24_s0,b256_accurate,consecutive_e2e,0,6,978.348970413
rgg_n_2_24_s0,b256_accurate,consecutive_e2e,1,6,978.11293602
rgg_n_2_24_s0,b256_accurate,consecutive_e2e,2,6,979.440927505
rgg_n_2_24_s0,b256_accurate,consecutive_e2e,3,6,979.962825775
rgg_n_2_24_s0,b256_accurate,consecutive_e2e,4,6,980.079174042
rgg_n_2_24_s0,s64_m64_fast,consecutive_e2e,0,7,925.569057465
rgg_n_2_24_s0,s64_m64_fast,consecutive_e2e,1,7,928.339958191
rgg_n_2_24_s0,s64_m64_fast,consecutive_e2e,2,7,926.836013794
rgg_n_2_24_s0,s64_m64_fast,consecutive_e2e,3,7,926.241159439
rgg_n_2_24_s0,s64_m64_fast,consecutive_e2e,4,7,925.344944
rgg_n_2_24_s0,s32_m64_fast,consecutive_e2e,0,8,927.393913269
rgg_n_2_24_s0,s32_m64_fast,consecutive_e2e,1,8,925.263881683
rgg_n_2_24_s0,s32_m64_fast,consecutive_e2e,2,8,926.625967026
rgg_n_2_24_s0,s32_m64_fast,consecutive_e2e,3,8,924.090862274
rgg_n_2_24_s0,s32_m64_fast,consecutive_e2e,4,8,926.514148712
rgg_n_2_24_s0,s32_m256_fast,consecutive_e2e,0,9,926.645040512
rgg_n_2_24_s0,s32_m256_fast,consecutive_e2e,1,9,926.943063736
rgg_n_2_24_s0,s32_m256_fast,consecutive_e2e,2,9,927.388906479
rgg_n_2_24_s0,s32_m256_fast,consecutive_e2e,3,9,926.380872726
rgg_n_2_24_s0,s32_m256_fast,consecutive_e2e,4,9,926.285028458
rgg_n_2_24_s0,s64_m256_fast,consecutive_e2e,0,10,926.908969879
rgg_n_2_24_s0,s64_m256_fast,consecutive_e2e,1,10,929.435968399
rgg_n_2_24_s0,s64_m256_fast,consecutive_e2e,2,10,924.359798431
rgg_n_2_24_s0,s64_m256_fast,consecutive_e2e,3,10,926.97095871
rgg_n_2_24_s0,s64_m256_fast,consecutive_e2e,4,10,925.07314682
rgg_n_2_24_s0,s32_mfull_fast,consecutive_e2e,0,11,928.62200737
rgg_n_2_24_s0,s32_mfull_fast,consecutive_e2e,1,11,927.185058594
rgg_n_2_24_s0,s32_mfull_fast,consecutive_e2e,2,11,927.963018417
rgg_n_2_24_s0,s32_mfull_fast,consecutive_e2e,3,11,927.326202393
rgg_n_2_24_s0,s32_mfull_fast,consecutive_e2e,4,11,927.386045456
rgg_n_2_24_s0,s64_mfull_fast,consecutive_e2e,0,12,927.86192894
rgg_n_2_24_s0,s64_mfull_fast,consecutive_e2e,1,12,928.914070129
rgg_n_2_24_s0,s64_mfull_fast,consecutive_e2e,2,12,926.238775253
rgg_n_2_24_s0,s64_mfull_fast,consecutive_e2e,3,12,928.646087646
rgg_n_2_24_s0,s64_mfull_fast,consecutive_e2e,4,12,930.186033249
rgg_n_2_24_s0,s128_mfull_fast,consecutive_e2e,0,13,925.102949142
rgg_n_2_24_s0,s128_mfull_fast,consecutive_e2e,1,13,925.771951675
rgg_n_2_24_s0,s128_mfull_fast,consecutive_e2e,2,13,928.068876266
rgg_n_2_24_s0,s128_mfull_fast,consecutive_e2e,3,13,929.085969925
rgg_n_2_24_s0,s128_mfull_fast,consecutive_e2e,4,13,925.539970398
rgg_n_2_24_s0,s64_mfull_accurate,consecutive_e2e,0,14,980.914115906
rgg_n_2_24_s0,s64_mfull_accurate,consecutive_e2e,1,14,982.078790665
rgg_n_2_24_s0,s64_mfull_accurate,consecutive_e2e,2,14,981.785058975
rgg_n_2_24_s0,s64_mfull_accurate,consecutive_e2e,3,14,982.114076614
rgg_n_2_24_s0,s64_mfull_accurate,consecutive_e2e,4,14,985.014915466
rgg_n_2_24_s0,s64_mfull_rowwise_fast,consecutive_e2e,0,15,924.850940704
rgg_n_2_24_s0,s64_mfull_rowwise_fast,consecutive_e2e,1,15,925.426959991
rgg_n_2_24_s0,s64_mfull_rowwise_fast,consecutive_e2e,2,15,924.113988876
rgg_n_2_24_s0,s64_mfull_rowwise_fast,consecutive_e2e,3,15,926.724910736
rgg_n_2_24_s0,s64_mfull_rowwise_fast,consecutive_e2e,4,15,926.563978195
rgg_n_2_24_s0,source_mkl_fp32,consecutive_e2e,0,16,2024.24192429
rgg_n_2_24_s0,source_mkl_fp32,consecutive_e2e,1,16,2027.02903748
rgg_n_2_24_s0,source_mkl_fp32,consecutive_e2e,2,16,2028.65290642
rgg_n_2_24_s0,source_mkl_fp32,consecutive_e2e,3,16,2025.80499649
rgg_n_2_24_s0,source_mkl_fp32,consecutive_e2e,4,16,2022.26185799
rgg_n_2_24_s0,paper_tfs,rotating_e2e,0,0,903.090953827
rgg_n_2_24_s0,b64_fast,rotating_e2e,0,1,904.917955399
rgg_n_2_24_s0,b64_accurate,rotating_e2e,0,2,965.797901154
rgg_n_2_24_s0,bfull_fast,rotating_e2e,0,3,916.141986847
rgg_n_2_24_s0,bfull_accurate,rotating_e2e,0,4,978.059053421
rgg_n_2_24_s0,b256_fast,rotating_e2e,0,5,923.084020615
rgg_n_2_24_s0,b256_accurate,rotating_e2e,0,6,978.285074234
rgg_n_2_24_s0,s64_m64_fast,rotating_e2e,0,7,925.040960312
rgg_n_2_24_s0,s32_m64_fast,rotating_e2e,0,8,928.771018982
rgg_n_2_24_s0,s32_m256_fast,rotating_e2e,0,9,926.45907402
rgg_n_2_24_s0,s64_m256_fast,rotating_e2e,0,10,926.970005035
rgg_n_2_24_s0,s32_mfull_fast,rotating_e2e,0,11,925.218105316
rgg_n_2_24_s0,s64_mfull_fast,rotating_e2e,0,12,925.802946091
rgg_n_2_24_s0,s128_mfull_fast,rotating_e2e,0,13,926.046133041
rgg_n_2_24_s0,s64_mfull_accurate,rotating_e2e,0,14,982.223033905
rgg_n_2_24_s0,s64_mfull_rowwise_fast,rotating_e2e,0,15,924.548149109
rgg_n_2_24_s0,source_mkl_fp32,rotating_e2e,0,16,2038.91086578
rgg_n_2_24_s0,b64_fast,rotating_e2e,1,0,915.026903152
rgg_n_2_24_s0,b64_accurate,rotating_e2e,1,1,966.866016388
rgg_n_2_24_s0,bfull_fast,rotating_e2e,1,2,916.119098663
rgg_n_2_24_s0,bfull_accurate,rotating_e2e,1,3,967.713117599
rgg_n_2_24_s0,b256_fast,rotating_e2e,1,4,917.163133621
rgg_n_2_24_s0,b256_accurate,rotating_e2e,1,5,972.04208374
rgg_n_2_24_s0,s64_m64_fast,rotating_e2e,1,6,917.906999588
rgg_n_2_24_s0,s32_m64_fast,rotating_e2e,1,7,918.672084808
rgg_n_2_24_s0,s32_m256_fast,rotating_e2e,1,8,916.872024536
rgg_n_2_24_s0,s64_m256_fast,rotating_e2e,1,9,920.827865601
rgg_n_2_24_s0,s32_mfull_fast,rotating_e2e,1,10,920.069932938
rgg_n_2_24_s0,s64_mfull_fast,rotating_e2e,1,11,920.186042786
rgg_n_2_24_s0,s128_mfull_fast,rotating_e2e,1,12,922.331094742
rgg_n_2_24_s0,s64_mfull_accurate,rotating_e2e,1,13,973.605871201
rgg_n_2_24_s0,s64_mfull_rowwise_fast,rotating_e2e,1,14,918.713092804
rgg_n_2_24_s0,source_mkl_fp32,rotating_e2e,1,15,2040.05908966
rgg_n_2_24_s0,paper_tfs,rotating_e2e,1,16,905.173063278
rgg_n_2_24_s0,b64_accurate,rotating_e2e,2,0,961.373090744
rgg_n_2_24_s0,bfull_fast,rotating_e2e,2,1,911.490917206
rgg_n_2_24_s0,bfull_accurate,rotating_e2e,2,2,965.695858002
rgg_n_2_24_s0,b256_fast,rotating_e2e,2,3,912.999868393
rgg_n_2_24_s0,b256_accurate,rotating_e2e,2,4,969.449043274
rgg_n_2_24_s0,s64_m64_fast,rotating_e2e,2,5,914.191007614
rgg_n_2_24_s0,s32_m64_fast,rotating_e2e,2,6,913.862943649
rgg_n_2_24_s0,s32_m256_fast,rotating_e2e,2,7,924.106121063
rgg_n_2_24_s0,s64_m256_fast,rotating_e2e,2,8,916.439056396
rgg_n_2_24_s0,s32_mfull_fast,rotating_e2e,2,9,919.193983078
rgg_n_2_24_s0,s64_mfull_fast,rotating_e2e,2,10,918.908834457
rgg_n_2_24_s0,s128_mfull_fast,rotating_e2e,2,11,917.892932892
rgg_n_2_24_s0,s64_mfull_accurate,rotating_e2e,2,12,974.144935608
rgg_n_2_24_s0,s64_mfull_rowwise_fast,rotating_e2e,2,13,915.574789047
rgg_n_2_24_s0,source_mkl_fp32,rotating_e2e,2,14,2039.95203972
rgg_n_2_24_s0,paper_tfs,rotating_e2e,2,15,902.984857559
rgg_n_2_24_s0,b64_fast,rotating_e2e,2,16,902.732133865
rgg_n_2_24_s0,bfull_fast,rotating_e2e,3,0,907.127857208
rgg_n_2_24_s0,bfull_accurate,rotating_e2e,3,1,962.530136108
rgg_n_2_24_s0,b256_fast,rotating_e2e,3,2,911.936998367
rgg_n_2_24_s0,b256_accurate,rotating_e2e,3,3,969.028949738
rgg_n_2_24_s0,s64_m64_fast,rotating_e2e,3,4,913.515090942
rgg_n_2_24_s0,s32_m64_fast,rotating_e2e,3,5,917.435884476
rgg_n_2_24_s0,s32_m256_fast,rotating_e2e,3,6,916.243076324
rgg_n_2_24_s0,s64_m256_fast,rotating_e2e,3,7,918.359041214
rgg_n_2_24_s0,s32_mfull_fast,rotating_e2e,3,8,917.258024216
rgg_n_2_24_s0,s64_mfull_fast,rotating_e2e,3,9,919.17514801
rgg_n_2_24_s0,s128_mfull_fast,rotating_e2e,3,10,918.365955353
rgg_n_2_24_s0,s64_mfull_accurate,rotating_e2e,3,11,972.898006439
rgg_n_2_24_s0,s64_mfull_rowwise_fast,rotating_e2e,3,12,918.551921844
rgg_n_2_24_s0,source_mkl_fp32,rotating_e2e,3,13,2037.1119976
rgg_n_2_24_s0,paper_tfs,rotating_e2e,3,14,902.449846268
rgg_n_2_24_s0,b64_fast,rotating_e2e,3,15,904.519081116
rgg_n_2_24_s0,b64_accurate,rotating_e2e,3,16,965.15417099
rgg_n_2_24_s0,bfull_accurate,rotating_e2e,4,0,965.705871582
rgg_n_2_24_s0,b256_fast,rotating_e2e,4,1,912.791013718
rgg_n_2_24_s0,b256_accurate,rotating_e2e,4,2,970.705032349
rgg_n_2_24_s0,s64_m64_fast,rotating_e2e,4,3,922.63007164
rgg_n_2_24_s0,s32_m64_fast,rotating_e2e,4,4,920.985937119
rgg_n_2_24_s0,s32_m256_fast,rotating_e2e,4,5,920.217990875
rgg_n_2_24_s0,s64_m256_fast,rotating_e2e,4,6,919.139862061
rgg_n_2_24_s0,s32_mfull_fast,rotating_e2e,4,7,920.69196701
rgg_n_2_24_s0,s64_mfull_fast,rotating_e2e,4,8,921.511173248
rgg_n_2_24_s0,s128_mfull_fast,rotating_e2e,4,9,921.880960464
rgg_n_2_24_s0,s64_mfull_accurate,rotating_e2e,4,10,980.209112167
rgg_n_2_24_s0,s64_mfull_rowwise_fast,rotating_e2e,4,11,923.300027847
rgg_n_2_24_s0,source_mkl_fp32,rotating_e2e,4,12,2039.83020782
rgg_n_2_24_s0,paper_tfs,rotating_e2e,4,13,903.031110764
rgg_n_2_24_s0,b64_fast,rotating_e2e,4,14,902.943134308
rgg_n_2_24_s0,b64_accurate,rotating_e2e,4,15,963.041067123
rgg_n_2_24_s0,bfull_fast,rotating_e2e,4,16,911.56411171
web-Google,paper_tfs,consecutive_e2e,0,0,20.5519199371
web-Google,paper_tfs,consecutive_e2e,1,0,20.4668045044
web-Google,paper_tfs,consecutive_e2e,2,0,20.5240249634
web-Google,paper_tfs,consecutive_e2e,3,0,20.4291343689
web-Google,paper_tfs,consecutive_e2e,4,0,20.6580162048
web-Google,b64_fast,consecutive_e2e,0,1,21.1589336395
web-Google,b64_fast,consecutive_e2e,1,1,21.213054657
web-Google,b64_fast,consecutive_e2e,2,1,21.5311050415
web-Google,b64_fast,consecutive_e2e,3,1,21.4550495148
web-Google,b64_fast,consecutive_e2e,4,1,21.1288928986
web-Google,b64_accurate,consecutive_e2e,0,2,22.6349830627
web-Google,b64_accurate,consecutive_e2e,1,2,22.1860408783
web-Google,b64_accurate,consecutive_e2e,2,2,22.2151279449
web-Google,b64_accurate,consecutive_e2e,3,2,22.1109390259
web-Google,b64_accurate,consecutive_e2e,4,2,22.2079753876
web-Google,bfull_fast,consecutive_e2e,0,3,21.1961269379
web-Google,bfull_fast,consecutive_e2e,1,3,21.4791297913
web-Google,bfull_fast,consecutive_e2e,2,3,21.5239524841
web-Google,bfull_fast,consecutive_e2e,3,3,21.2290287018
web-Google,bfull_fast,consecutive_e2e,4,3,21.6128826141
web-Google,bfull_accurate,consecutive_e2e,0,4,22.1829414368
web-Google,bfull_accurate,consecutive_e2e,1,4,22.4781036377
web-Google,bfull_accurate,consecutive_e2e,2,4,22.0241546631
web-Google,bfull_accurate,consecutive_e2e,3,4,22.4170684814
web-Google,bfull_accurate,consecutive_e2e,4,4,22.5670337677
web-Google,b256_fast,consecutive_e2e,0,5,21.4681625366
web-Google,b256_fast,consecutive_e2e,1,5,21.4948654175
web-Google,b256_fast,consecutive_e2e,2,5,21.4040279388
web-Google,b256_fast,consecutive_e2e,3,5,21.0900306702
web-Google,b256_fast,consecutive_e2e,4,5,21.1520195007
web-Google,b256_accurate,consecutive_e2e,0,6,22.3269462585
web-Google,b256_accurate,consecutive_e2e,1,6,22.0370292664
web-Google,b256_accurate,consecutive_e2e,2,6,22.1071243286
web-Google,b256_accurate,consecutive_e2e,3,6,22.4499702454
web-Google,b256_accurate,consecutive_e2e,4,6,22.1109390259
web-Google,s64_m64_fast,consecutive_e2e,0,7,21.5420722961
web-Google,s64_m64_fast,consecutive_e2e,1,7,21.6920375824
web-Google,s64_m64_fast,consecutive_e2e,2,7,21.6760635376
web-Google,s64_m64_fast,consecutive_e2e,3,7,21.2731361389
web-Google,s64_m64_fast,consecutive_e2e,4,7,21.0871696472
web-Google,s32_m64_fast,consecutive_e2e,0,8,21.7368602753
web-Google,s32_m64_fast,consecutive_e2e,1,8,21.2960243225
web-Google,s32_m64_fast,consecutive_e2e,2,8,21.4610099792
web-Google,s32_m64_fast,consecutive_e2e,3,8,21.1248397827
web-Google,s32_m64_fast,consecutive_e2e,4,8,21.6979980469
web-Google,s32_m256_fast,consecutive_e2e,0,9,21.5139389038
web-Google,s32_m256_fast,consecutive_e2e,1,9,21.411895752
web-Google,s32_m256_fast,consecutive_e2e,2,9,21.3181972504
web-Google,s32_m256_fast,consecutive_e2e,3,9,21.5909481049
web-Google,s32_m256_fast,consecutive_e2e,4,9,21.7871665955
web-Google,s64_m256_fast,consecutive_e2e,0,10,21.2688446045
web-Google,s64_m256_fast,consecutive_e2e,1,10,21.3749408722
web-Google,s64_m256_fast,consecutive_e2e,2,10,21.1188793182
web-Google,s64_m256_fast,consecutive_e2e,3,10,21.4869976044
web-Google,s64_m256_fast,consecutive_e2e,4,10,21.5339660645
web-Google,s32_mfull_fast,consecutive_e2e,0,11,21.5020179749
web-Google,s32_mfull_fast,consecutive_e2e,1,11,21.2779045105
web-Google,s32_mfull_fast,consecutive_e2e,2,11,22.3488807678
web-Google,s32_mfull_fast,consecutive_e2e,3,11,21.7311382294
web-Google,s32_mfull_fast,consecutive_e2e,4,11,21.5289592743
web-Google,s64_mfull_fast,consecutive_e2e,0,12,21.6329097748
web-Google,s64_mfull_fast,consecutive_e2e,1,12,21.4750766754
web-Google,s64_mfull_fast,consecutive_e2e,2,12,21.4948654175
web-Google,s64_mfull_fast,consecutive_e2e,3,12,21.3170051575
web-Google,s64_mfull_fast,consecutive_e2e,4,12,21.3031768799
web-Google,s128_mfull_fast,consecutive_e2e,0,13,21.6429233551
web-Google,s128_mfull_fast,consecutive_e2e,1,13,21.6181278229
web-Google,s128_mfull_fast,consecutive_e2e,2,13,21.1570262909
web-Google,s128_mfull_fast,consecutive_e2e,3,13,21.5220451355
web-Google,s128_mfull_fast,consecutive_e2e,4,13,21.518945694
web-Google,s64_mfull_accurate,consecutive_e2e,0,14,22.1679210663
web-Google,s64_mfull_accurate,consecutive_e2e,1,14,22.5448608398
web-Google,s64_mfull_accurate,consecutive_e2e,2,14,22.19581604
web-Google,s64_mfull_accurate,consecutive_e2e,3,14,22.3159790039
web-Google,s64_mfull_accurate,consecutive_e2e,4,14,22.6271152496
web-Google,s64_mfull_rowwise_fast,consecutive_e2e,0,15,21.6150283813
web-Google,s64_mfull_rowwise_fast,consecutive_e2e,1,15,21.623134613
web-Google,s64_mfull_rowwise_fast,consecutive_e2e,2,15,21.6641426086
web-Google,s64_mfull_rowwise_fast,consecutive_e2e,3,15,21.712064743
web-Google,s64_mfull_rowwise_fast,consecutive_e2e,4,15,21.2540626526
web-Google,source_mkl_fp32,consecutive_e2e,0,16,46.205997467
web-Google,source_mkl_fp32,consecutive_e2e,1,16,46.7569828033
web-Google,source_mkl_fp32,consecutive_e2e,2,16,46.7879772186
web-Google,source_mkl_fp32,consecutive_e2e,3,16,73.8999843597
web-Google,source_mkl_fp32,consecutive_e2e,4,16,59.042930603
web-Google,paper_tfs,rotating_e2e,0,0,21.1050510406
web-Google,b64_fast,rotating_e2e,0,1,21.0099220276
web-Google,b64_accurate,rotating_e2e,0,2,22.0139026642
web-Google,bfull_fast,rotating_e2e,0,3,21.3170051575
web-Google,bfull_accurate,rotating_e2e,0,4,22.4268436432
web-Google,b256_fast,rotating_e2e,0,5,21.3708877563
web-Google,b256_accurate,rotating_e2e,0,6,22.3278999329
web-Google,s64_m64_fast,rotating_e2e,0,7,21.341085434
web-Google,s32_m64_fast,rotating_e2e,0,8,20.8110809326
web-Google,s32_m256_fast,rotating_e2e,0,9,21.3949680328
web-Google,s64_m256_fast,rotating_e2e,0,10,21.2941169739
web-Google,s32_mfull_fast,rotating_e2e,0,11,21.4030742645
web-Google,s64_mfull_fast,rotating_e2e,0,12,21.3301181793
web-Google,s128_mfull_fast,rotating_e2e,0,13,21.2910175323
web-Google,s64_mfull_accurate,rotating_e2e,0,14,22.0558643341
web-Google,s64_mfull_rowwise_fast,rotating_e2e,0,15,21.5339660645
web-Google,source_mkl_fp32,rotating_e2e,0,16,45.8168983459
web-Google,b64_fast,rotating_e2e,1,0,21.4660167694
web-Google,b64_accurate,rotating_e2e,1,1,22.045135498
web-Google,bfull_fast,rotating_e2e,1,2,21.3088989258
web-Google,bfull_accurate,rotating_e2e,1,3,21.9218730927
web-Google,b256_fast,rotating_e2e,1,4,21.2199687958
web-Google,b256_accurate,rotating_e2e,1,5,21.968126297
web-Google,s64_m64_fast,rotating_e2e,1,6,21.4200019836
web-Google,s32_m64_fast,rotating_e2e,1,7,21.476984024
web-Google,s32_m256_fast,rotating_e2e,1,8,21.0039615631
web-Google,s64_m256_fast,rotating_e2e,1,9,21.4560031891
web-Google,s32_mfull_fast,rotating_e2e,1,10,21.2750434875
web-Google,s64_mfull_fast,rotating_e2e,1,11,21.3220119476
web-Google,s128_mfull_fast,rotating_e2e,1,12,21.2440490723
web-Google,s64_mfull_accurate,rotating_e2e,1,13,22.1521854401
web-Google,s64_mfull_rowwise_fast,rotating_e2e,1,14,21.0049152374
web-Google,source_mkl_fp32,rotating_e2e,1,15,45.6800460815
web-Google,paper_tfs,rotating_e2e,1,16,20.8520889282
web-Google,b64_accurate,rotating_e2e,2,0,21.8489170074
web-Google,bfull_fast,rotating_e2e,2,1,21.1410522461
web-Google,bfull_accurate,rotating_e2e,2,2,22.1979618073
web-Google,b256_fast,rotating_e2e,2,3,21.3859081268
web-Google,b256_accurate,rotating_e2e,2,4,21.9321250916
web-Google,s64_m64_fast,rotating_e2e,2,5,21.3439464569
web-Google,s32_m64_fast,rotating_e2e,2,6,21.4688777924
web-Google,s32_m256_fast,rotating_e2e,2,7,21.1820602417
web-Google,s64_m256_fast,rotating_e2e,2,8,21.3470458984
web-Google,s32_mfull_fast,rotating_e2e,2,9,21.3561058044
web-Google,s64_mfull_fast,rotating_e2e,2,10,20.9469795227
web-Google,s128_mfull_fast,rotating_e2e,2,11,21.075963974
web-Google,s64_mfull_accurate,rotating_e2e,2,12,22.0980644226
web-Google,s64_mfull_rowwise_fast,rotating_e2e,2,13,21.3119983673
web-Google,source_mkl_fp32,rotating_e2e,2,14,45.7830429077
web-Google,paper_tfs,rotating_e2e,2,15,20.8261013031
web-Google,b64_fast,rotating_e2e,2,16,21.3370323181
web-Google,bfull_fast,rotating_e2e,3,0,21.1820602417
web-Google,bfull_accurate,rotating_e2e,3,1,21.990776062
web-Google,b256_fast,rotating_e2e,3,2,21.2419033051
web-Google,b256_accurate,rotating_e2e,3,3,22.293806076
web-Google,s64_m64_fast,rotating_e2e,3,4,21.4309692383
web-Google,s32_m64_fast,rotating_e2e,3,5,21.3379859924
web-Google,s32_m256_fast,rotating_e2e,3,6,21.2938785553
web-Google,s64_m256_fast,rotating_e2e,3,7,21.17395401
web-Google,s32_mfull_fast,rotating_e2e,3,8,21.2430953979
web-Google,s64_mfull_fast,rotating_e2e,3,9,20.9138393402
web-Google,s128_mfull_fast,rotating_e2e,3,10,21.3809013367
web-Google,s64_mfull_accurate,rotating_e2e,3,11,22.3340988159
web-Google,s64_mfull_rowwise_fast,rotating_e2e,3,12,21.5280056
web-Google,source_mkl_fp32,rotating_e2e,3,13,45.7391738892
web-Google,paper_tfs,rotating_e2e,3,14,20.8511352539
web-Google,b64_fast,rotating_e2e,3,15,21.0599899292
web-Google,b64_accurate,rotating_e2e,3,16,22.2909450531
web-Google,bfull_accurate,rotating_e2e,4,0,21.8291282654
web-Google,b256_fast,rotating_e2e,4,1,21.124124527
web-Google,b256_accurate,rotating_e2e,4,2,21.7840671539
web-Google,s64_m64_fast,rotating_e2e,4,3,21.1410522461
web-Google,s32_m64_fast,rotating_e2e,4,4,20.9801197052
web-Google,s32_m256_fast,rotating_e2e,4,5,21.3091373444
web-Google,s64_m256_fast,rotating_e2e,4,6,20.9121704102
web-Google,s32_mfull_fast,rotating_e2e,4,7,21.3479995728
web-Google,s64_mfull_fast,rotating_e2e,4,8,21.1760997772
web-Google,s128_mfull_fast,rotating_e2e,4,9,20.9240913391
web-Google,s64_mfull_accurate,rotating_e2e,4,10,22.066116333
web-Google,s64_mfull_rowwise_fast,rotating_e2e,4,11,21.476984024
web-Google,source_mkl_fp32,rotating_e2e,4,12,45.8090305328
web-Google,paper_tfs,rotating_e2e,4,13,20.8420753479
web-Google,b64_fast,rotating_e2e,4,14,21.360874176
web-Google,b64_accurate,rotating_e2e,4,15,22.3970413208
web-Google,bfull_fast,rotating_e2e,4,16,20.9531784058
wiki-Talk,paper_tfs,consecutive_e2e,0,0,107.131004333
wiki-Talk,paper_tfs,consecutive_e2e,1,0,108.160972595
wiki-Talk,paper_tfs,consecutive_e2e,2,0,104.649066925
wiki-Talk,paper_tfs,consecutive_e2e,3,0,104.552030563
wiki-Talk,paper_tfs,consecutive_e2e,4,0,104.384183884
wiki-Talk,b64_fast,consecutive_e2e,0,1,48.1650829315
wiki-Talk,b64_fast,consecutive_e2e,1,1,48.9060878754
wiki-Talk,b64_fast,consecutive_e2e,2,1,47.7349758148
wiki-Talk,b64_fast,consecutive_e2e,3,1,46.5848445892
wiki-Talk,b64_fast,consecutive_e2e,4,1,49.4701862335
wiki-Talk,b64_accurate,consecutive_e2e,0,2,50.0800609589
wiki-Talk,b64_accurate,consecutive_e2e,1,2,50.4848957062
wiki-Talk,b64_accurate,consecutive_e2e,2,2,51.8729686737
wiki-Talk,b64_accurate,consecutive_e2e,3,2,50.8749485016
wiki-Talk,b64_accurate,consecutive_e2e,4,2,47.5499629974
wiki-Talk,bfull_fast,consecutive_e2e,0,3,43.7839031219
wiki-Talk,bfull_fast,consecutive_e2e,1,3,45.9959506989
wiki-Talk,bfull_fast,consecutive_e2e,2,3,47.1761226654
wiki-Talk,bfull_fast,consecutive_e2e,3,3,45.5160140991
wiki-Talk,bfull_fast,consecutive_e2e,4,3,47.5339889526
wiki-Talk,bfull_accurate,consecutive_e2e,0,4,47.0209121704
wiki-Talk,bfull_accurate,consecutive_e2e,1,4,47.670841217
wiki-Talk,bfull_accurate,consecutive_e2e,2,4,46.0479259491
wiki-Talk,bfull_accurate,consecutive_e2e,3,4,46.5199947357
wiki-Talk,bfull_accurate,consecutive_e2e,4,4,47.523021698
wiki-Talk,b256_fast,consecutive_e2e,0,5,48.2521057129
wiki-Talk,b256_fast,consecutive_e2e,1,5,46.7910766602
wiki-Talk,b256_fast,consecutive_e2e,2,5,46.196937561
wiki-Talk,b256_fast,consecutive_e2e,3,5,46.9081401825
wiki-Talk,b256_fast,consecutive_e2e,4,5,44.7480678558
wiki-Talk,b256_accurate,consecutive_e2e,0,6,48.2001304626
wiki-Talk,b256_accurate,consecutive_e2e,1,6,46.4940071106
wiki-Talk,b256_accurate,consecutive_e2e,2,6,49.7651100159
wiki-Talk,b256_accurate,consecutive_e2e,3,6,49.4849681854
wiki-Talk,b256_accurate,consecutive_e2e,4,6,47.2228527069
wiki-Talk,s64_m64_fast,consecutive_e2e,0,7,49.6399402618
wiki-Talk,s64_m64_fast,consecutive_e2e,1,7,49.5359897614
wiki-Talk,s64_m64_fast,consecutive_e2e,2,7,47.2450256348
wiki-Talk,s64_m64_fast,consecutive_e2e,3,7,50.0991344452
wiki-Talk,s64_m64_fast,consecutive_e2e,4,7,50.1379966736
wiki-Talk,s32_m64_fast,consecutive_e2e,0,8,49.1409301758
wiki-Talk,s32_m64_fast,consecutive_e2e,1,8,49.4360923767
wiki-Talk,s32_m64_fast,consecutive_e2e,2,8,49.1280555725
wiki-Talk,s32_m64_fast,consecutive_e2e,3,8,48.9599704742
wiki-Talk,s32_m64_fast,consecutive_e2e,4,8,48.280954361
wiki-Talk,s32_m256_fast,consecutive_e2e,0,9,46.6589927673
wiki-Talk,s32_m256_fast,consecutive_e2e,1,9,46.6020107269
wiki-Talk,s32_m256_fast,consecutive_e2e,2,9,46.2169647217
wiki-Talk,s32_m256_fast,consecutive_e2e,3,9,46.7867851257
wiki-Talk,s32_m256_fast,consecutive_e2e,4,9,48.0568408966
wiki-Talk,s64_m256_fast,consecutive_e2e,0,10,47.9748249054
wiki-Talk,s64_m256_fast,consecutive_e2e,1,10,47.4028587341
wiki-Talk,s64_m256_fast,consecutive_e2e,2,10,47.1320152283
wiki-Talk,s64_m256_fast,consecutive_e2e,3,10,47.9679107666
wiki-Talk,s64_m256_fast,consecutive_e2e,4,10,45.1149940491
wiki-Talk,s32_mfull_fast,consecutive_e2e,0,11,47.4560260773
wiki-Talk,s32_mfull_fast,consecutive_e2e,1,11,45.7859039307
wiki-Talk,s32_mfull_fast,consecutive_e2e,2,11,46.8828678131
wiki-Talk,s32_mfull_fast,consecutive_e2e,3,11,47.8389263153
wiki-Talk,s32_mfull_fast,consecutive_e2e,4,11,46.1649894714
wiki-Talk,s64_mfull_fast,consecutive_e2e,0,12,44.9662208557
wiki-Talk,s64_mfull_fast,consecutive_e2e,1,12,44.9199676514
wiki-Talk,s64_mfull_fast,consecutive_e2e,2,12,46.5960502625
wiki-Talk,s64_mfull_fast,consecutive_e2e,3,12,46.9310283661
wiki-Talk,s64_mfull_fast,consecutive_e2e,4,12,46.6601848602
wiki-Talk,s128_mfull_fast,consecutive_e2e,0,13,45.3171730042
wiki-Talk,s128_mfull_fast,consecutive_e2e,1,13,46.9858646393
wiki-Talk,s128_mfull_fast,consecutive_e2e,2,13,46.8599796295
wiki-Talk,s128_mfull_fast,consecutive_e2e,3,13,46.0619926453
wiki-Talk,s128_mfull_fast,consecutive_e2e,4,13,46.6799736023
wiki-Talk,s64_mfull_accurate,consecutive_e2e,0,14,45.5431938171
wiki-Talk,s64_mfull_accurate,consecutive_e2e,1,14,45.5498695374
wiki-Talk,s64_mfull_accurate,consecutive_e2e,2,14,44.8899269104
wiki-Talk,s64_mfull_accurate,consecutive_e2e,3,14,44.9109077454
wiki-Talk,s64_mfull_accurate,consecutive_e2e,4,14,46.0050106049
wiki-Talk,s64_mfull_rowwise_fast,consecutive_e2e,0,15,47.9490756989
wiki-Talk,s64_mfull_rowwise_fast,consecutive_e2e,1,15,48.5939979553
wiki-Talk,s64_mfull_rowwise_fast,consecutive_e2e,2,15,44.7609424591
wiki-Talk,s64_mfull_rowwise_fast,consecutive_e2e,3,15,46.0350513458
wiki-Talk,s64_mfull_rowwise_fast,consecutive_e2e,4,15,45.175075531
wiki-Talk,source_mkl_fp32,consecutive_e2e,0,16,90.7499790192
wiki-Talk,source_mkl_fp32,consecutive_e2e,1,16,90.8319950104
wiki-Talk,source_mkl_fp32,consecutive_e2e,2,16,90.5241966248
wiki-Talk,source_mkl_fp32,consecutive_e2e,3,16,90.7661914825
wiki-Talk,source_mkl_fp32,consecutive_e2e,4,16,90.7728672028
wiki-Talk,paper_tfs,rotating_e2e,0,0,108.162164688
wiki-Talk,b64_fast,rotating_e2e,0,1,48.896074295
wiki-Talk,b64_accurate,rotating_e2e,0,2,47.4169254303
wiki-Talk,bfull_fast,rotating_e2e,0,3,46.7879772186
wiki-Talk,bfull_accurate,rotating_e2e,0,4,45.0150966644
wiki-Talk,b256_fast,rotating_e2e,0,5,47.6801395416
wiki-Talk,b256_accurate,rotating_e2e,0,6,46.4489459991
wiki-Talk,s64_m64_fast,rotating_e2e,0,7,47.4660396576
wiki-Talk,s32_m64_fast,rotating_e2e,0,8,49.4368076324
wiki-Talk,s32_m256_fast,rotating_e2e,0,9,44.5530414581
wiki-Talk,s64_m256_fast,rotating_e2e,0,10,45.7088947296
wiki-Talk,s32_mfull_fast,rotating_e2e,0,11,45.5338954926
wiki-Talk,s64_mfull_fast,rotating_e2e,0,12,45.4611778259
wiki-Talk,s128_mfull_fast,rotating_e2e,0,13,48.0129718781
wiki-Talk,s64_mfull_accurate,rotating_e2e,0,14,46.0710525513
wiki-Talk,s64_mfull_rowwise_fast,rotating_e2e,0,15,45.049905777
wiki-Talk,source_mkl_fp32,rotating_e2e,0,16,91.7601585388
wiki-Talk,b64_fast,rotating_e2e,1,0,46.9460487366
wiki-Talk,b64_accurate,rotating_e2e,1,1,49.4320392609
wiki-Talk,bfull_fast,rotating_e2e,1,2,46.6411113739
wiki-Talk,bfull_accurate,rotating_e2e,1,3,47.2018718719
wiki-Talk,b256_fast,rotating_e2e,1,4,47.1298694611
wiki-Talk,b256_accurate,rotating_e2e,1,5,47.4779605865
wiki-Talk,s64_m64_fast,rotating_e2e,1,6,45.4680919647
wiki-Talk,s32_m64_fast,rotating_e2e,1,7,46.0970401764
wiki-Talk,s32_m256_fast,rotating_e2e,1,8,43.9791679382
wiki-Talk,s64_m256_fast,rotating_e2e,1,9,45.1500415802
wiki-Talk,s32_mfull_fast,rotating_e2e,1,10,44.0609455109
wiki-Talk,s64_mfull_fast,rotating_e2e,1,11,45.0911521912
wiki-Talk,s128_mfull_fast,rotating_e2e,1,12,47.2769737244
wiki-Talk,s64_mfull_accurate,rotating_e2e,1,13,46.3860034943
wiki-Talk,s64_mfull_rowwise_fast,rotating_e2e,1,14,44.5771217346
wiki-Talk,source_mkl_fp32,rotating_e2e,1,15,90.9888744354
wiki-Talk,paper_tfs,rotating_e2e,1,16,109.187841415
wiki-Talk,b64_accurate,rotating_e2e,2,0,49.7899055481
wiki-Talk,bfull_fast,rotating_e2e,2,1,45.9740161896
wiki-Talk,bfull_accurate,rotating_e2e,2,2,45.7050800323
wiki-Talk,b256_fast,rotating_e2e,2,3,47.7411746979
wiki-Talk,b256_accurate,rotating_e2e,2,4,47.0678806305
wiki-Talk,s64_m64_fast,rotating_e2e,2,5,48.1350421906
wiki-Talk,s32_m64_fast,rotating_e2e,2,6,47.0159053802
wiki-Talk,s32_m256_fast,rotating_e2e,2,7,47.8601455688
wiki-Talk,s64_m256_fast,rotating_e2e,2,8,45.36485672
wiki-Talk,s32_mfull_fast,rotating_e2e,2,9,47.4331378937
wiki-Talk,s64_mfull_fast,rotating_e2e,2,10,45.0541973114
wiki-Talk,s128_mfull_fast,rotating_e2e,2,11,45.6628799438
wiki-Talk,s64_mfull_accurate,rotating_e2e,2,12,46.0500717163
wiki-Talk,s64_mfull_rowwise_fast,rotating_e2e,2,13,44.4447994232
wiki-Talk,source_mkl_fp32,rotating_e2e,2,14,91.0241603851
wiki-Talk,paper_tfs,rotating_e2e,2,15,108.934879303
wiki-Talk,b64_fast,rotating_e2e,2,16,46.6611385345
wiki-Talk,bfull_fast,rotating_e2e,3,0,45.9859371185
wiki-Talk,bfull_accurate,rotating_e2e,3,1,45.7019805908
wiki-Talk,b256_fast,rotating_e2e,3,2,47.8000640869
wiki-Talk,b256_accurate,rotating_e2e,3,3,46.618938446
wiki-Talk,s64_m64_fast,rotating_e2e,3,4,46.9269752502
wiki-Talk,s32_m64_fast,rotating_e2e,3,5,47.956943512
wiki-Talk,s32_m256_fast,rotating_e2e,3,6,45.5300807953
wiki-Talk,s64_m256_fast,rotating_e2e,3,7,47.8320121765
wiki-Talk,s32_mfull_fast,rotating_e2e,3,8,46.9989776611
wiki-Talk,s64_mfull_fast,rotating_e2e,3,9,44.4920063019
wiki-Talk,s128_mfull_fast,rotating_e2e,3,10,44.0890789032
wiki-Talk,s64_mfull_accurate,rotating_e2e,3,11,46.8089580536
wiki-Talk,s64_mfull_rowwise_fast,rotating_e2e,3,12,47.3840236664
wiki-Talk,source_mkl_fp32,rotating_e2e,3,13,90.970993042
wiki-Talk,paper_tfs,rotating_e2e,3,14,108.675956726
wiki-Talk,b64_fast,rotating_e2e,3,15,48.1910705566
wiki-Talk,b64_accurate,rotating_e2e,3,16,49.0529537201
wiki-Talk,bfull_accurate,rotating_e2e,4,0,45.0551509857
wiki-Talk,b256_fast,rotating_e2e,4,1,45.9680557251
wiki-Talk,b256_accurate,rotating_e2e,4,2,45.9198951721
wiki-Talk,s64_m64_fast,rotating_e2e,4,3,47.3608970642
wiki-Talk,s32_m64_fast,rotating_e2e,4,4,49.2889881134
wiki-Talk,s32_m256_fast,rotating_e2e,4,5,47.7290153503
wiki-Talk,s64_m256_fast,rotating_e2e,4,6,45.9640026093
wiki-Talk,s32_mfull_fast,rotating_e2e,4,7,45.2919006348
wiki-Talk,s64_mfull_fast,rotating_e2e,4,8,43.6251163483
wiki-Talk,s128_mfull_fast,rotating_e2e,4,9,45.3639030457
wiki-Talk,s64_mfull_accurate,rotating_e2e,4,10,46.9760894775
wiki-Talk,s64_mfull_rowwise_fast,rotating_e2e,4,11,47.1279621124
wiki-Talk,source_mkl_fp32,rotating_e2e,4,12,91.2120342255
wiki-Talk,paper_tfs,rotating_e2e,4,13,106.073141098
wiki-Talk,b64_fast,rotating_e2e,4,14,45.294046402
wiki-Talk,b64_accurate,rotating_e2e,4,15,49.6399402618
wiki-Talk,bfull_fast,rotating_e2e,4,16,45.5391407013
email-Enron,paper_tfs,consecutive_e2e,0,0,2.366065979
email-Enron,paper_tfs,consecutive_e2e,1,0,2.31695175171
email-Enron,paper_tfs,consecutive_e2e,2,0,2.26712226868
email-Enron,paper_tfs,consecutive_e2e,3,0,2.2828578949
email-Enron,paper_tfs,consecutive_e2e,4,0,2.32601165771
email-Enron,b64_fast,consecutive_e2e,0,1,1.22308731079
email-Enron,b64_fast,consecutive_e2e,1,1,1.15394592285
email-Enron,b64_fast,consecutive_e2e,2,1,1.22308731079
email-Enron,b64_fast,consecutive_e2e,3,1,1.2149810791
email-Enron,b64_fast,consecutive_e2e,4,1,1.22594833374
email-Enron,b64_accurate,consecutive_e2e,0,2,1.25408172607
email-Enron,b64_accurate,consecutive_e2e,1,2,1.2948513031
email-Enron,b64_accurate,consecutive_e2e,2,2,1.24502182007
email-Enron,b64_accurate,consecutive_e2e,3,2,1.28102302551
email-Enron,b64_accurate,consecutive_e2e,4,2,1.32584571838
email-Enron,bfull_fast,consecutive_e2e,0,3,1.14297866821
email-Enron,bfull_fast,consecutive_e2e,1,3,1.15299224854
email-Enron,bfull_fast,consecutive_e2e,2,3,1.12199783325
email-Enron,bfull_fast,consecutive_e2e,3,3,1.16300582886
email-Enron,bfull_fast,consecutive_e2e,4,3,1.16300582886
email-Enron,bfull_accurate,consecutive_e2e,0,4,1.17588043213
email-Enron,bfull_accurate,consecutive_e2e,1,4,1.19400024414
email-Enron,bfull_accurate,consecutive_e2e,2,4,1.21307373047
email-Enron,bfull_accurate,consecutive_e2e,3,4,1.20997428894
email-Enron,bfull_accurate,consecutive_e2e,4,4,1.2059211731
email-Enron,b256_fast,consecutive_e2e,0,5,1.16395950317
email-Enron,b256_fast,consecutive_e2e,1,5,1.15895271301
email-Enron,b256_fast,consecutive_e2e,2,5,1.17492675781
email-Enron,b256_fast,consecutive_e2e,3,5,1.13987922668
email-Enron,b256_fast,consecutive_e2e,4,5,1.16610527039
email-Enron,b256_accurate,consecutive_e2e,0,6,1.23596191406
email-Enron,b256_accurate,consecutive_e2e,1,6,1.21092796326
email-Enron,b256_accurate,consecutive_e2e,2,6,1.26600265503
email-Enron,b256_accurate,consecutive_e2e,3,6,1.2059211731
email-Enron,b256_accurate,consecutive_e2e,4,6,1.26814842224
email-Enron,s64_m64_fast,consecutive_e2e,0,7,1.17492675781
email-Enron,s64_m64_fast,consecutive_e2e,1,7,1.2059211731
email-Enron,s64_m64_fast,consecutive_e2e,2,7,1.2001991272
email-Enron,s64_m64_fast,consecutive_e2e,3,7,1.19686126709
email-Enron,s64_m64_fast,consecutive_e2e,4,7,1.18207931519
email-Enron,s32_m64_fast,consecutive_e2e,0,8,1.20902061462
email-Enron,s32_m64_fast,consecutive_e2e,1,8,1.22904777527
email-Enron,s32_m64_fast,consecutive_e2e,2,8,1.24192237854
email-Enron,s32_m64_fast,consecutive_e2e,3,8,1.26695632935
email-Enron,s32_m64_fast,consecutive_e2e,4,8,1.23500823975
email-Enron,s32_m256_fast,consecutive_e2e,0,9,1.19400024414
email-Enron,s32_m256_fast,consecutive_e2e,1,9,1.20615959167
email-Enron,s32_m256_fast,consecutive_e2e,2,9,1.15895271301
email-Enron,s32_m256_fast,consecutive_e2e,3,9,1.19590759277
email-Enron,s32_m256_fast,consecutive_e2e,4,9,1.18803977966
email-Enron,s64_m256_fast,consecutive_e2e,0,10,1.14703178406
email-Enron,s64_m256_fast,consecutive_e2e,1,10,1.2149810791
email-Enron,s64_m256_fast,consecutive_e2e,2,10,1.14703178406
email-Enron,s64_m256_fast,consecutive_e2e,3,10,1.1510848999
email-Enron,s64_m256_fast,consecutive_e2e,4,10,1.1739730835
email-Enron,s32_mfull_fast,consecutive_e2e,0,11,1.18088722229
email-Enron,s32_mfull_fast,consecutive_e2e,1,11,1.18398666382
email-Enron,s32_mfull_fast,consecutive_e2e,2,11,1.1670589447
email-Enron,s32_mfull_fast,consecutive_e2e,3,11,1.19090080261
email-Enron,s32_mfull_fast,consecutive_e2e,4,11,1.13892555237
email-Enron,s64_mfull_fast,consecutive_e2e,0,12,1.15513801575
email-Enron,s64_mfull_fast,consecutive_e2e,1,12,1.16896629333
email-Enron,s64_mfull_fast,consecutive_e2e,2,12,1.18613243103
email-Enron,s64_mfull_fast,consecutive_e2e,3,12,1.14417076111
email-Enron,s64_mfull_fast,consecutive_e2e,4,12,1.13797187805
email-Enron,s128_mfull_fast,consecutive_e2e,0,13,1.16014480591
email-Enron,s128_mfull_fast,consecutive_e2e,1,13,1.16395950317
email-Enron,s128_mfull_fast,consecutive_e2e,2,13,1.15084648132
email-Enron,s128_mfull_fast,consecutive_e2e,3,13,1.14893913269
email-Enron,s128_mfull_fast,consecutive_e2e,4,13,1.15704536438
email-Enron,s64_mfull_accurate,consecutive_e2e,0,14,1.20806694031
email-Enron,s64_mfull_accurate,consecutive_e2e,1,14,1.2309551239
email-Enron,s64_mfull_accurate,consecutive_e2e,2,14,1.22785568237
email-Enron,s64_mfull_accurate,consecutive_e2e,3,14,1.19090080261
email-Enron,s64_mfull_accurate,consecutive_e2e,4,14,1.20997428894
email-Enron,s64_mfull_rowwise_fast,consecutive_e2e,0,15,1.16419792175
email-Enron,s64_mfull_rowwise_fast,consecutive_e2e,1,15,1.16991996765
email-Enron,s64_mfull_rowwise_fast,consecutive_e2e,2,15,1.16205215454
email-Enron,s64_mfull_rowwise_fast,consecutive_e2e,3,15,1.15585327148
email-Enron,s64_mfull_rowwise_fast,consecutive_e2e,4,15,1.17993354797
email-Enron,source_mkl_fp32,consecutive_e2e,0,16,1.44696235657
email-Enron,source_mkl_fp32,consecutive_e2e,1,16,1.45483016968
email-Enron,source_mkl_fp32,consecutive_e2e,2,16,1.47795677185
email-Enron,source_mkl_fp32,consecutive_e2e,3,16,1.45602226257
email-Enron,source_mkl_fp32,consecutive_e2e,4,16,1.44195556641
email-Enron,paper_tfs,rotating_e2e,0,0,2.22706794739
email-Enron,b64_fast,rotating_e2e,0,1,1.30486488342
email-Enron,b64_accurate,rotating_e2e,0,2,1.28316879272
email-Enron,bfull_fast,rotating_e2e,0,3,1.15084648132
email-Enron,bfull_accurate,rotating_e2e,0,4,1.20997428894
email-Enron,b256_fast,rotating_e2e,0,5,1.14297866821
email-Enron,b256_accurate,rotating_e2e,0,6,1.20401382446
email-Enron,s64_m64_fast,rotating_e2e,0,7,1.1670589447
email-Enron,s32_m64_fast,rotating_e2e,0,8,1.25694274902
email-Enron,s32_m256_fast,rotating_e2e,0,9,1.14893913269
email-Enron,s64_m256_fast,rotating_e2e,0,10,1.18017196655
email-Enron,s32_mfull_fast,rotating_e2e,0,11,1.14583969116
email-Enron,s64_mfull_fast,rotating_e2e,0,12,1.14798545837
email-Enron,s128_mfull_fast,rotating_e2e,0,13,1.11794471741
email-Enron,s64_mfull_accurate,rotating_e2e,0,14,1.21879577637
email-Enron,s64_mfull_rowwise_fast,rotating_e2e,0,15,1.14488601685
email-Enron,source_mkl_fp32,rotating_e2e,0,16,1.83701515198
email-Enron,b64_fast,rotating_e2e,1,0,1.22404098511
email-Enron,b64_accurate,rotating_e2e,1,1,1.31320953369
email-Enron,bfull_fast,rotating_e2e,1,2,1.23715400696
email-Enron,bfull_accurate,rotating_e2e,1,3,1.19185447693
email-Enron,b256_fast,rotating_e2e,1,4,1.14011764526
email-Enron,b256_accurate,rotating_e2e,1,5,1.24597549438
email-Enron,s64_m64_fast,rotating_e2e,1,6,1.17802619934
email-Enron,s32_m64_fast,rotating_e2e,1,7,1.21593475342
email-Enron,s32_m256_fast,rotating_e2e,1,8,1.22284889221
email-Enron,s64_m256_fast,rotating_e2e,1,9,1.16801261902
email-Enron,s32_mfull_fast,rotating_e2e,1,10,1.16205215454
email-Enron,s64_mfull_fast,rotating_e2e,1,11,1.14107131958
email-Enron,s128_mfull_fast,rotating_e2e,1,12,1.14989280701
email-Enron,s64_mfull_accurate,rotating_e2e,1,13,1.20210647583
email-Enron,s64_mfull_rowwise_fast,rotating_e2e,1,14,1.14893913269
email-Enron,source_mkl_fp32,rotating_e2e,1,15,1.80888175964
email-Enron,paper_tfs,rotating_e2e,1,16,2.3021697998
email-Enron,b64_accurate,rotating_e2e,2,0,1.33681297302
email-Enron,bfull_fast,rotating_e2e,2,1,1.20210647583
email-Enron,bfull_accurate,rotating_e2e,2,2,1.2059211731
email-Enron,b256_fast,rotating_e2e,2,3,1.14297866821
email-Enron,b256_accurate,rotating_e2e,2,4,1.18589401245
email-Enron,s64_m64_fast,rotating_e2e,2,5,1.17802619934
email-Enron,s32_m64_fast,rotating_e2e,2,6,1.19614601135
email-Enron,s32_m256_fast,rotating_e2e,2,7,1.15013122559
email-Enron,s64_m256_fast,rotating_e2e,2,8,1.14703178406
email-Enron,s32_mfull_fast,rotating_e2e,2,9,1.16181373596
email-Enron,s64_mfull_fast,rotating_e2e,2,10,1.15489959717
email-Enron,s128_mfull_fast,rotating_e2e,2,11,1.15418434143
email-Enron,s64_mfull_accurate,rotating_e2e,2,12,1.18279457092
email-Enron,s64_mfull_rowwise_fast,rotating_e2e,2,13,1.16109848022
email-Enron,source_mkl_fp32,rotating_e2e,2,14,1.84488296509
email-Enron,paper_tfs,rotating_e2e,2,15,2.28095054626
email-Enron,b64_fast,rotating_e2e,2,16,1.35898590088
email-Enron,bfull_fast,rotating_e2e,3,0,1.14488601685
email-Enron,bfull_accurate,rotating_e2e,3,1,1.19614601135
email-Enron,b256_fast,rotating_e2e,3,2,1.12295150757
email-Enron,b256_accurate,rotating_e2e,3,3,1.23310089111
email-Enron,s64_m64_fast,rotating_e2e,3,4,1.1990070343
email-Enron,s32_m64_fast,rotating_e2e,3,5,1.21593475342
email-Enron,s32_m256_fast,rotating_e2e,3,6,1.23000144958
email-Enron,s64_m256_fast,rotating_e2e,3,7,1.1899471283
email-Enron,s32_mfull_fast,rotating_e2e,3,8,1.17993354797
email-Enron,s64_mfull_fast,rotating_e2e,3,9,1.17897987366
email-Enron,s128_mfull_fast,rotating_e2e,3,10,1.14917755127
email-Enron,s64_mfull_accurate,rotating_e2e,3,11,1.18899345398
email-Enron,s64_mfull_rowwise_fast,rotating_e2e,3,12,1.12295150757
email-Enron,source_mkl_fp32,rotating_e2e,3,13,1.81102752686
email-Enron,paper_tfs,rotating_e2e,3,14,2.30813026428
email-Enron,b64_fast,rotating_e2e,3,15,1.39689445496
email-Enron,b64_accurate,rotating_e2e,3,16,1.28412246704
email-Enron,bfull_accurate,rotating_e2e,4,0,1.21998786926
email-Enron,b256_fast,rotating_e2e,4,1,1.12581253052
email-Enron,b256_accurate,rotating_e2e,4,2,1.25098228455
email-Enron,s64_m64_fast,rotating_e2e,4,3,1.19495391846
email-Enron,s32_m64_fast,rotating_e2e,4,4,1.2059211731
email-Enron,s32_m256_fast,rotating_e2e,4,5,1.2321472168
email-Enron,s64_m256_fast,rotating_e2e,4,6,1.17492675781
email-Enron,s32_mfull_fast,rotating_e2e,4,7,1.15489959717
email-Enron,s64_mfull_fast,rotating_e2e,4,8,1.1899471283
email-Enron,s128_mfull_fast,rotating_e2e,4,9,1.18017196655
email-Enron,s64_mfull_accurate,rotating_e2e,4,10,1.20091438293
email-Enron,s64_mfull_rowwise_fast,rotating_e2e,4,11,1.15895271301
email-Enron,source_mkl_fp32,rotating_e2e,4,12,1.85680389404
email-Enron,paper_tfs,rotating_e2e,4,13,2.27689743042
email-Enron,b64_fast,rotating_e2e,4,14,1.3279914856
email-Enron,b64_accurate,rotating_e2e,4,15,1.30200386047
email-Enron,bfull_fast,rotating_e2e,4,16,1.17492675781
amazon0601,paper_tfs,consecutive_e2e,0,0,12.5739574432
amazon0601,paper_tfs,consecutive_e2e,1,0,12.5939846039
amazon0601,paper_tfs,consecutive_e2e,2,0,12.5110149384
amazon0601,paper_tfs,consecutive_e2e,3,0,12.5160217285
amazon0601,paper_tfs,consecutive_e2e,4,0,12.5479698181
amazon0601,b64_fast,consecutive_e2e,0,1,10.9660625458
amazon0601,b64_fast,consecutive_e2e,1,1,10.9610557556
amazon0601,b64_fast,consecutive_e2e,2,1,11.1711025238
amazon0601,b64_fast,consecutive_e2e,3,1,11.1150741577
amazon0601,b64_fast,consecutive_e2e,4,1,11.1629962921
amazon0601,b64_accurate,consecutive_e2e,0,2,11.5070343018
amazon0601,b64_accurate,consecutive_e2e,1,2,11.4810466766
amazon0601,b64_accurate,consecutive_e2e,2,2,11.4390850067
amazon0601,b64_accurate,consecutive_e2e,3,2,11.5249156952
amazon0601,b64_accurate,consecutive_e2e,4,2,11.5239620209
amazon0601,bfull_fast,consecutive_e2e,0,3,11.2268924713
amazon0601,bfull_fast,consecutive_e2e,1,3,11.2278461456
amazon0601,bfull_fast,consecutive_e2e,2,3,11.2769603729
amazon0601,bfull_fast,consecutive_e2e,3,3,11.2209320068
amazon0601,bfull_fast,consecutive_e2e,4,3,11.1820697784
amazon0601,bfull_accurate,consecutive_e2e,0,4,11.4769935608
amazon0601,bfull_accurate,consecutive_e2e,1,4,11.5020275116
amazon0601,bfull_accurate,consecutive_e2e,2,4,11.5089416504
amazon0601,bfull_accurate,consecutive_e2e,3,4,11.4970207214
amazon0601,bfull_accurate,consecutive_e2e,4,4,11.538028717
amazon0601,b256_fast,consecutive_e2e,0,5,11.2481117249
amazon0601,b256_fast,consecutive_e2e,1,5,11.2090110779
amazon0601,b256_fast,consecutive_e2e,2,5,11.2671852112
amazon0601,b256_fast,consecutive_e2e,3,5,11.116027832
amazon0601,b256_fast,consecutive_e2e,4,5,11.3639831543
amazon0601,b256_accurate,consecutive_e2e,0,6,11.5358829498
amazon0601,b256_accurate,consecutive_e2e,1,6,11.7650032043
amazon0601,b256_accurate,consecutive_e2e,2,6,11.4991664886
amazon0601,b256_accurate,consecutive_e2e,3,6,11.4891529083
amazon0601,b256_accurate,consecutive_e2e,4,6,11.5830898285
amazon0601,s64_m64_fast,consecutive_e2e,0,7,11.3279819489
amazon0601,s64_m64_fast,consecutive_e2e,1,7,11.3570690155
amazon0601,s64_m64_fast,consecutive_e2e,2,7,11.3530158997
amazon0601,s64_m64_fast,consecutive_e2e,3,7,11.3229751587
amazon0601,s64_m64_fast,consecutive_e2e,4,7,11.3101005554
amazon0601,s32_m64_fast,consecutive_e2e,0,8,11.6319656372
amazon0601,s32_m64_fast,consecutive_e2e,1,8,11.3351345062
amazon0601,s32_m64_fast,consecutive_e2e,2,8,11.2400054932
amazon0601,s32_m64_fast,consecutive_e2e,3,8,11.705160141
amazon0601,s32_m64_fast,consecutive_e2e,4,8,11.3470554352
amazon0601,s32_m256_fast,consecutive_e2e,0,9,11.4350318909
amazon0601,s32_m256_fast,consecutive_e2e,1,9,11.4359855652
amazon0601,s32_m256_fast,consecutive_e2e,2,9,11.3570690155
amazon0601,s32_m256_fast,consecutive_e2e,3,9,11.2619400024
amazon0601,s32_m256_fast,consecutive_e2e,4,9,11.2249851227
amazon0601,s64_m256_fast,consecutive_e2e,0,10,11.5411281586
amazon0601,s64_m256_fast,consecutive_e2e,1,10,11.3899707794
amazon0601,s64_m256_fast,consecutive_e2e,2,10,11.4450454712
amazon0601,s64_m256_fast,consecutive_e2e,3,10,11.4040374756
amazon0601,s64_m256_fast,consecutive_e2e,4,10,11.4710330963
amazon0601,s32_mfull_fast,consecutive_e2e,0,11,11.5370750427
amazon0601,s32_mfull_fast,consecutive_e2e,1,11,11.5201473236
amazon0601,s32_mfull_fast,consecutive_e2e,2,11,12.3059749603
amazon0601,s32_mfull_fast,consecutive_e2e,3,11,11.8288993835
amazon0601,s32_mfull_fast,consecutive_e2e,4,11,11.4779472351
amazon0601,s64_mfull_fast,consecutive_e2e,0,12,11.5451812744
amazon0601,s64_mfull_fast,consecutive_e2e,1,12,11.4979743958
amazon0601,s64_mfull_fast,consecutive_e2e,2,12,11.5740299225
amazon0601,s64_mfull_fast,consecutive_e2e,3,12,11.4779472351
amazon0601,s64_mfull_fast,consecutive_e2e,4,12,11.4009380341
amazon0601,s128_mfull_fast,consecutive_e2e,0,13,11.4419460297
amazon0601,s128_mfull_fast,consecutive_e2e,1,13,11.5480422974
amazon0601,s128_mfull_fast,consecutive_e2e,2,13,11.4901065826
amazon0601,s128_mfull_fast,consecutive_e2e,3,13,11.4929676056
amazon0601,s128_mfull_fast,consecutive_e2e,4,13,11.4710330963
amazon0601,s64_mfull_accurate,consecutive_e2e,0,14,11.6980075836
amazon0601,s64_mfull_accurate,consecutive_e2e,1,14,11.981010437
amazon0601,s64_mfull_accurate,consecutive_e2e,2,14,12.0429992676
amazon0601,s64_mfull_accurate,consecutive_e2e,3,14,11.7721557617
amazon0601,s64_mfull_accurate,consecutive_e2e,4,14,11.6591453552
amazon0601,s64_mfull_rowwise_fast,consecutive_e2e,0,15,11.5699768066
amazon0601,s64_mfull_rowwise_fast,consecutive_e2e,1,15,11.5039348602
amazon0601,s64_mfull_rowwise_fast,consecutive_e2e,2,15,11.4419460297
amazon0601,s64_mfull_rowwise_fast,consecutive_e2e,3,15,11.4870071411
amazon0601,s64_mfull_rowwise_fast,consecutive_e2e,4,15,11.5168094635
amazon0601,source_mkl_fp32,consecutive_e2e,0,16,25.3219604492
amazon0601,source_mkl_fp32,consecutive_e2e,1,16,25.3539085388
amazon0601,source_mkl_fp32,consecutive_e2e,2,16,25.2809524536
amazon0601,source_mkl_fp32,consecutive_e2e,3,16,25.3870487213
amazon0601,source_mkl_fp32,consecutive_e2e,4,16,25.3460407257
amazon0601,paper_tfs,rotating_e2e,0,0,12.4361515045
amazon0601,b64_fast,rotating_e2e,0,1,10.880947113
amazon0601,b64_accurate,rotating_e2e,0,2,11.2729072571
amazon0601,bfull_fast,rotating_e2e,0,3,11.0540390015
amazon0601,bfull_accurate,rotating_e2e,0,4,11.2869739532
amazon0601,b256_fast,rotating_e2e,0,5,11.1269950867
amazon0601,b256_accurate,rotating_e2e,0,6,11.3270282745
amazon0601,s64_m64_fast,rotating_e2e,0,7,11.0859870911
amazon0601,s32_m64_fast,rotating_e2e,0,8,11.2690925598
amazon0601,s32_m256_fast,rotating_e2e,0,9,11.1892223358
amazon0601,s64_m256_fast,rotating_e2e,0,10,11.4009380341
amazon0601,s32_mfull_fast,rotating_e2e,0,11,11.2471580505
amazon0601,s64_mfull_fast,rotating_e2e,0,12,11.3189220428
amazon0601,s128_mfull_fast,rotating_e2e,0,13,11.1510753632
amazon0601,s64_mfull_accurate,rotating_e2e,0,14,11.5518569946
amazon0601,s64_mfull_rowwise_fast,rotating_e2e,0,15,11.3749504089
amazon0601,source_mkl_fp32,rotating_e2e,0,16,24.9671936035
amazon0601,b64_fast,rotating_e2e,1,0,11.2359523773
amazon0601,b64_accurate,rotating_e2e,1,1,11.3921165466
amazon0601,bfull_fast,rotating_e2e,1,2,10.8551979065
amazon0601,bfull_accurate,rotating_e2e,1,3,11.4850997925
amazon0601,b256_fast,rotating_e2e,1,4,11.0189914703
amazon0601,b256_accurate,rotating_e2e,1,5,11.3930702209
amazon0601,s64_m64_fast,rotating_e2e,1,6,10.9810829163
amazon0601,s32_m64_fast,rotating_e2e,1,7,11.1269950867
amazon0601,s32_m256_fast,rotating_e2e,1,8,11.1570358276
amazon0601,s64_m256_fast,rotating_e2e,1,9,11.0239982605
amazon0601,s32_mfull_fast,rotating_e2e,1,10,11.4932060242
amazon0601,s64_mfull_fast,rotating_e2e,1,11,11.6539001465
amazon0601,s128_mfull_fast,rotating_e2e,1,12,11.3399028778
amazon0601,s64_mfull_accurate,rotating_e2e,1,13,11.5079879761
amazon0601,s64_mfull_rowwise_fast,rotating_e2e,1,14,11.3110542297
amazon0601,source_mkl_fp32,rotating_e2e,1,15,25.1240730286
amazon0601,paper_tfs,rotating_e2e,1,16,12.1140480042
amazon0601,b64_accurate,rotating_e2e,2,0,11.3821029663
amazon0601,bfull_fast,rotating_e2e,2,1,10.8938217163
amazon0601,bfull_accurate,rotating_e2e,2,2,11.4159584045
amazon0601,b256_fast,rotating_e2e,2,3,11.0120773315
amazon0601,b256_accurate,rotating_e2e,2,4,11.4529132843
amazon0601,s64_m64_fast,rotating_e2e,2,5,10.9329223633
amazon0601,s32_m64_fast,rotating_e2e,2,6,11.0950469971
amazon0601,s32_m256_fast,rotating_e2e,2,7,11.1899375916
amazon0601,s64_m256_fast,rotating_e2e,2,8,11.2178325653
amazon0601,s32_mfull_fast,rotating_e2e,2,9,11.3039016724
amazon0601,s64_mfull_fast,rotating_e2e,2,10,11.262178421
amazon0601,s128_mfull_fast,rotating_e2e,2,11,11.1720561981
amazon0601,s64_mfull_accurate,rotating_e2e,2,12,11.4731788635
amazon0601,s64_mfull_rowwise_fast,rotating_e2e,2,13,11.1660957336
amazon0601,source_mkl_fp32,rotating_e2e,2,14,24.8880386353
amazon0601,paper_tfs,rotating_e2e,2,15,12.4299526215
amazon0601,b64_fast,rotating_e2e,2,16,10.9460353851
amazon0601,bfull_fast,rotating_e2e,3,0,11.3351345062
amazon0601,bfull_accurate,rotating_e2e,3,1,11.3389492035
amazon0601,b256_fast,rotating_e2e,3,2,10.9629631042
amazon0601,b256_accurate,rotating_e2e,3,3,11.5139484406
amazon0601,s64_m64_fast,rotating_e2e,3,4,11.1238956451
amazon0601,s32_m64_fast,rotating_e2e,3,5,11.1179351807
amazon0601,s32_m256_fast,rotating_e2e,3,6,11.0969543457
amazon0601,s64_m256_fast,rotating_e2e,3,7,11.2001895905
amazon0601,s32_mfull_fast,rotating_e2e,3,8,11.3880634308
amazon0601,s64_mfull_fast,rotating_e2e,3,9,11.1768245697
amazon0601,s128_mfull_fast,rotating_e2e,3,10,11.1229419708
amazon0601,s64_mfull_accurate,rotating_e2e,3,11,11.5339756012
amazon0601,s64_mfull_rowwise_fast,rotating_e2e,3,12,11.3258361816
amazon0601,source_mkl_fp32,rotating_e2e,3,13,25.3090858459
amazon0601,paper_tfs,rotating_e2e,3,14,12.579202652
amazon0601,b64_fast,rotating_e2e,3,15,11.2340450287
amazon0601,b64_accurate,rotating_e2e,3,16,11.3761425018
amazon0601,bfull_accurate,rotating_e2e,4,0,11.5051269531
amazon0601,b256_fast,rotating_e2e,4,1,11.1222267151
amazon0601,b256_accurate,rotating_e2e,4,2,11.5790367126
amazon0601,s64_m64_fast,rotating_e2e,4,3,11.3351345062
amazon0601,s32_m64_fast,rotating_e2e,4,4,11.3070011139
amazon0601,s32_m256_fast,rotating_e2e,4,5,11.3790035248
amazon0601,s64_m256_fast,rotating_e2e,4,6,11.2488269806
amazon0601,s32_mfull_fast,rotating_e2e,4,7,11.3101005554
amazon0601,s64_mfull_fast,rotating_e2e,4,8,11.3110542297
amazon0601,s128_mfull_fast,rotating_e2e,4,9,11.2891197205
amazon0601,s64_mfull_accurate,rotating_e2e,4,10,11.5180015564
amazon0601,s64_mfull_rowwise_fast,rotating_e2e,4,11,11.146068573
amazon0601,source_mkl_fp32,rotating_e2e,4,12,25.4111289978
amazon0601,paper_tfs,rotating_e2e,4,13,12.5260353088
amazon0601,b64_fast,rotating_e2e,4,14,11.1169815063
amazon0601,b64_accurate,rotating_e2e,4,15,11.3980770111
amazon0601,bfull_fast,rotating_e2e,4,16,11.1458301544
com-Youtube,paper_tfs,consecutive_e2e,0,0,45.9158420563
com-Youtube,paper_tfs,consecutive_e2e,1,0,46.5998649597
com-Youtube,paper_tfs,consecutive_e2e,2,0,48.1090545654
com-Youtube,paper_tfs,consecutive_e2e,3,0,47.9228496552
com-Youtube,paper_tfs,consecutive_e2e,4,0,47.6698875427
com-Youtube,b64_fast,consecutive_e2e,0,1,34.7628593445
com-Youtube,b64_fast,consecutive_e2e,1,1,34.558057785
com-Youtube,b64_fast,consecutive_e2e,2,1,34.609079361
com-Youtube,b64_fast,consecutive_e2e,3,1,35.9098911285
com-Youtube,b64_fast,consecutive_e2e,4,1,34.2240333557
com-Youtube,b64_accurate,consecutive_e2e,0,2,38.0709171295
com-Youtube,b64_accurate,consecutive_e2e,1,2,38.0389690399
com-Youtube,b64_accurate,consecutive_e2e,2,2,37.3558998108
com-Youtube,b64_accurate,consecutive_e2e,3,2,36.404132843
com-Youtube,b64_accurate,consecutive_e2e,4,2,37.0850563049
com-Youtube,bfull_fast,consecutive_e2e,0,3,33.8399410248
com-Youtube,bfull_fast,consecutive_e2e,1,3,33.7460041046
com-Youtube,bfull_fast,consecutive_e2e,2,3,33.784866333
com-Youtube,bfull_fast,consecutive_e2e,3,3,34.2311859131
com-Youtube,bfull_fast,consecutive_e2e,4,3,34.3940258026
com-Youtube,bfull_accurate,consecutive_e2e,0,4,34.7101688385
com-Youtube,bfull_accurate,consecutive_e2e,1,4,36.1530780792
com-Youtube,bfull_accurate,consecutive_e2e,2,4,33.91289711
com-Youtube,bfull_accurate,consecutive_e2e,3,4,35.4311466217
com-Youtube,bfull_accurate,consecutive_e2e,4,4,36.1239910126
com-Youtube,b256_fast,consecutive_e2e,0,5,34.4340801239
com-Youtube,b256_fast,consecutive_e2e,1,5,34.8088741302
com-Youtube,b256_fast,consecutive_e2e,2,5,33.3261489868
com-Youtube,b256_fast,consecutive_e2e,3,5,34.4200134277
com-Youtube,b256_fast,consecutive_e2e,4,5,34.6028804779
com-Youtube,b256_accurate,consecutive_e2e,0,6,35.7780456543
com-Youtube,b256_accurate,consecutive_e2e,1,6,36.2830162048
com-Youtube,b256_accurate,consecutive_e2e,2,6,34.6009731293
com-Youtube,b256_accurate,consecutive_e2e,3,6,35.7558727264
com-Youtube,b256_accurate,consecutive_e2e,4,6,35.4688167572
com-Youtube,s64_m64_fast,consecutive_e2e,0,7,34.6670150757
com-Youtube,s64_m64_fast,consecutive_e2e,1,7,35.5710983276
com-Youtube,s64_m64_fast,consecutive_e2e,2,7,34.8601341248
com-Youtube,s64_m64_fast,consecutive_e2e,3,7,35.0000858307
com-Youtube,s64_m64_fast,consecutive_e2e,4,7,35.2210998535
com-Youtube,s32_m64_fast,consecutive_e2e,0,8,34.6848964691
com-Youtube,s32_m64_fast,consecutive_e2e,1,8,35.6769561768
com-Youtube,s32_m64_fast,consecutive_e2e,2,8,35.4149341583
com-Youtube,s32_m64_fast,consecutive_e2e,3,8,34.9040031433
com-Youtube,s32_m64_fast,consecutive_e2e,4,8,35.1679325104
com-Youtube,s32_m256_fast,consecutive_e2e,0,9,34.6400737762
com-Youtube,s32_m256_fast,consecutive_e2e,1,9,33.8690280914
com-Youtube,s32_m256_fast,consecutive_e2e,2,9,34.7781181335
com-Youtube,s32_m256_fast,consecutive_e2e,3,9,34.5599651337
com-Youtube,s32_m256_fast,consecutive_e2e,4,9,34.1608524323
com-Youtube,s64_m256_fast,consecutive_e2e,0,10,34.2628955841
com-Youtube,s64_m256_fast,consecutive_e2e,1,10,34.1169834137
com-Youtube,s64_m256_fast,consecutive_e2e,2,10,33.5168838501
com-Youtube,s64_m256_fast,consecutive_e2e,3,10,32.9339504242
com-Youtube,s64_m256_fast,consecutive_e2e,4,10,33.9419841766
com-Youtube,s32_mfull_fast,consecutive_e2e,0,11,33.29205513
com-Youtube,s32_mfull_fast,consecutive_e2e,1,11,33.4661006927
com-Youtube,s32_mfull_fast,consecutive_e2e,2,11,34.9340438843
com-Youtube,s32_mfull_fast,consecutive_e2e,3,11,33.9529514313
com-Youtube,s32_mfull_fast,consecutive_e2e,4,11,33.5881710052
com-Youtube,s64_mfull_fast,consecutive_e2e,0,12,33.4239006042
com-Youtube,s64_mfull_fast,consecutive_e2e,1,12,33.6110591888
com-Youtube,s64_mfull_fast,consecutive_e2e,2,12,33.7860584259
com-Youtube,s64_mfull_fast,consecutive_e2e,3,12,33.7262153625
com-Youtube,s64_mfull_fast,consecutive_e2e,4,12,34.0821743011
com-Youtube,s128_mfull_fast,consecutive_e2e,0,13,33.6050987244
com-Youtube,s128_mfull_fast,consecutive_e2e,1,13,32.7439308167
com-Youtube,s128_mfull_fast,consecutive_e2e,2,13,33.539056778
com-Youtube,s128_mfull_fast,consecutive_e2e,3,13,33.2570075989
com-Youtube,s128_mfull_fast,consecutive_e2e,4,13,33.2889556885
com-Youtube,s64_mfull_accurate,consecutive_e2e,0,14,34.9860191345
com-Youtube,s64_mfull_accurate,consecutive_e2e,1,14,35.3918075562
com-Youtube,s64_mfull_accurate,consecutive_e2e,2,14,35.7358455658
com-Youtube,s64_mfull_accurate,consecutive_e2e,3,14,35.325050354
com-Youtube,s64_mfull_accurate,consecutive_e2e,4,14,34.9581241608
com-Youtube,s64_mfull_rowwise_fast,consecutive_e2e,0,15,34.1720581055
com-Youtube,s64_mfull_rowwise_fast,consecutive_e2e,1,15,33.6768627167
com-Youtube,s64_mfull_rowwise_fast,consecutive_e2e,2,15,33.6179733276
com-Youtube,s64_mfull_rowwise_fast,consecutive_e2e,3,15,33.5319042206
com-Youtube,s64_mfull_rowwise_fast,consecutive_e2e,4,15,33.9620113373
com-Youtube,source_mkl_fp32,consecutive_e2e,0,16,53.642988205
com-Youtube,source_mkl_fp32,consecutive_e2e,1,16,53.7109375
com-Youtube,source_mkl_fp32,consecutive_e2e,2,16,53.6210536957
com-Youtube,source_mkl_fp32,consecutive_e2e,3,16,53.5531044006
com-Youtube,source_mkl_fp32,consecutive_e2e,4,16,53.7521839142
com-Youtube,paper_tfs,rotating_e2e,0,0,48.0720996857
com-Youtube,b64_fast,rotating_e2e,0,1,33.8990688324
com-Youtube,b64_accurate,rotating_e2e,0,2,37.0891094208
com-Youtube,bfull_fast,rotating_e2e,0,3,34.2359542847
com-Youtube,bfull_accurate,rotating_e2e,0,4,33.9150428772
com-Youtube,b256_fast,rotating_e2e,0,5,32.6910018921
com-Youtube,b256_accurate,rotating_e2e,0,6,35.5448722839
com-Youtube,s64_m64_fast,rotating_e2e,0,7,35.4640483856
com-Youtube,s32_m64_fast,rotating_e2e,0,8,33.8728427887
com-Youtube,s32_m256_fast,rotating_e2e,0,9,33.7300300598
com-Youtube,s64_m256_fast,rotating_e2e,0,10,33.243894577
com-Youtube,s32_mfull_fast,rotating_e2e,0,11,34.1329574585
com-Youtube,s64_mfull_fast,rotating_e2e,0,12,33.7970256805
com-Youtube,s128_mfull_fast,rotating_e2e,0,13,33.2498550415
com-Youtube,s64_mfull_accurate,rotating_e2e,0,14,34.640789032
com-Youtube,s64_mfull_rowwise_fast,rotating_e2e,0,15,34.4049930573
com-Youtube,source_mkl_fp32,rotating_e2e,0,16,53.3120632172
com-Youtube,b64_fast,rotating_e2e,1,0,34.469127655
com-Youtube,b64_accurate,rotating_e2e,1,1,37.1100902557
com-Youtube,bfull_fast,rotating_e2e,1,2,33.9591503143
com-Youtube,bfull_accurate,rotating_e2e,1,3,35.2618694305
com-Youtube,b256_fast,rotating_e2e,1,4,33.8780879974
com-Youtube,b256_accurate,rotating_e2e,1,5,35.1641178131
com-Youtube,s64_m64_fast,rotating_e2e,1,6,35.5339050293
com-Youtube,s32_m64_fast,rotating_e2e,1,7,34.9600315094
com-Youtube,s32_m256_fast,rotating_e2e,1,8,34.637928009
com-Youtube,s64_m256_fast,rotating_e2e,1,9,33.5080623627
com-Youtube,s32_mfull_fast,rotating_e2e,1,10,33.0040454865
com-Youtube,s64_mfull_fast,rotating_e2e,1,11,33.4711074829
com-Youtube,s128_mfull_fast,rotating_e2e,1,12,32.4599742889
com-Youtube,s64_mfull_accurate,rotating_e2e,1,13,34.8899364471
com-Youtube,s64_mfull_rowwise_fast,rotating_e2e,1,14,32.5450897217
com-Youtube,source_mkl_fp32,rotating_e2e,1,15,53.2801151276
com-Youtube,paper_tfs,rotating_e2e,1,16,46.777009964
com-Youtube,b64_accurate,rotating_e2e,2,0,36.5059375763
com-Youtube,bfull_fast,rotating_e2e,2,1,33.1699848175
com-Youtube,bfull_accurate,rotating_e2e,2,2,35.2461338043
com-Youtube,b256_fast,rotating_e2e,2,3,33.4060192108
com-Youtube,b256_accurate,rotating_e2e,2,4,35.2330207825
com-Youtube,s64_m64_fast,rotating_e2e,2,5,34.7771644592
com-Youtube,s32_m64_fast,rotating_e2e,2,6,34.4638824463
com-Youtube,s32_m256_fast,rotating_e2e,2,7,34.8601341248
com-Youtube,s64_m256_fast,rotating_e2e,2,8,33.4889888763
com-Youtube,s32_mfull_fast,rotating_e2e,2,9,34.1320037842
com-Youtube,s64_mfull_fast,rotating_e2e,2,10,33.940076828
com-Youtube,s128_mfull_fast,rotating_e2e,2,11,33.4119796753
com-Youtube,s64_mfull_accurate,rotating_e2e,2,12,34.6839427948
com-Youtube,s64_mfull_rowwise_fast,rotating_e2e,2,13,33.7579250336
com-Youtube,source_mkl_fp32,rotating_e2e,2,14,53.4901618958
com-Youtube,paper_tfs,rotating_e2e,2,15,48.0530261993
com-Youtube,b64_fast,rotating_e2e,2,16,34.9659919739
com-Youtube,bfull_fast,rotating_e2e,3,0,34.2879295349
com-Youtube,bfull_accurate,rotating_e2e,3,1,34.4099998474
com-Youtube,b256_fast,rotating_e2e,3,2,34.1758728027
com-Youtube,b256_accurate,rotating_e2e,3,3,36.4520549774
com-Youtube,s64_m64_fast,rotating_e2e,3,4,34.0101718903
com-Youtube,s32_m64_fast,rotating_e2e,3,5,35.1819992065
com-Youtube,s32_m256_fast,rotating_e2e,3,6,33.5519313812
com-Youtube,s64_m256_fast,rotating_e2e,3,7,34.5458984375
com-Youtube,s32_mfull_fast,rotating_e2e,3,8,34.2571735382
com-Youtube,s64_mfull_fast,rotating_e2e,3,9,33.6761474609
com-Youtube,s128_mfull_fast,rotating_e2e,3,10,32.7050685883
com-Youtube,s64_mfull_accurate,rotating_e2e,3,11,35.523891449
com-Youtube,s64_mfull_rowwise_fast,rotating_e2e,3,12,34.1498851776
com-Youtube,source_mkl_fp32,rotating_e2e,3,13,53.2879829407
com-Youtube,paper_tfs,rotating_e2e,3,14,47.1150875092
com-Youtube,b64_fast,rotating_e2e,3,15,35.2110862732
com-Youtube,b64_accurate,rotating_e2e,3,16,37.7449989319
com-Youtube,bfull_accurate,rotating_e2e,4,0,34.5780849457
com-Youtube,b256_fast,rotating_e2e,4,1,34.44480896
com-Youtube,b256_accurate,rotating_e2e,4,2,34.989118576
com-Youtube,s64_m64_fast,rotating_e2e,4,3,34.511089325
com-Youtube,s32_m64_fast,rotating_e2e,4,4,34.2378616333
com-Youtube,s32_m256_fast,rotating_e2e,4,5,33.3299636841
com-Youtube,s64_m256_fast,rotating_e2e,4,6,34.0869426727
com-Youtube,s32_mfull_fast,rotating_e2e,4,7,33.9748859406
com-Youtube,s64_mfull_fast,rotating_e2e,4,8,32.4521064758
com-Youtube,s128_mfull_fast,rotating_e2e,4,9,33.4959030151
com-Youtube,s64_mfull_accurate,rotating_e2e,4,10,35.2199077606
com-Youtube,s64_mfull_rowwise_fast,rotating_e2e,4,11,33.047914505
com-Youtube,source_mkl_fp32,rotating_e2e,4,12,53.3361434937
com-Youtube,paper_tfs,rotating_e2e,4,13,48.7968921661
com-Youtube,b64_fast,rotating_e2e,4,14,35.0580215454
com-Youtube,b64_accurate,rotating_e2e,4,15,37.0450019836
com-Youtube,bfull_fast,rotating_e2e,4,16,32.9098701477
