ICPP_ONLINE_SMOKE_BEGIN fp32_max_abs_gate=1e-05 fp32_relative_L2_gate=1e-05 original_master_abs_gate=0.003 scope=small_operators_not_model_accuracy bf16_rounding=H_W_RNE_then_RNE_pH emulator=TDPBF16PS_even_odd_FP32_FMA_chains scalar_exp_vs_SVML=reported_separately matched_SVML_entry=__svml_expf16_z0 internal_entry_scope=checks_only subnormals=excluded_DAZ_FTZ_not_tested instruction_gate_does_not_certify_master_gate=true
ICPP_ONLINE_EXP_ENTRY_DIAGNOSTIC samples=1024 interval=[-10,0] plain_entry=__svml_expf16 kernel_matched_entry=__svml_expf16_z0 differing_values=739 max_abs_error=2.384185791015625e-07 mean_abs_error=8.8215017512993654e-09 relative_L2_error=1.0992883093513768e-07 max_ULP_distance=4 argument_at_max_ULP=-8.4652976989746094 plain_at_max=0.00021065311739221215 matched_at_max=0.00021065317559987307 internal_ABI_scope=checks_only matching_entry_does_not_certify_FP32_master_precision=true
ICPP_ONLINE_SMOKE phase=ALL_EQUAL_SCORES_FP32_CONTROL N=35 D=33 K=8 d=47 block=16 finite=1 max_abs_error=1.93355948891e-07 mean_abs_error=1.03815454599e-08 relative_L2_error=1.20974867198e-06 gate=abs_1e-5_and_relative_L2_1e-5_before_AMX pass=1
ICPP_ONLINE_SMOKE phase=ALL_EQUAL_SCORES_FP32_CONTROL N=35 D=33 K=8 d=47 block=32 finite=1 max_abs_error=1.93355948891e-07 mean_abs_error=1.03815454599e-08 relative_L2_error=1.20974867198e-06 gate=abs_1e-5_and_relative_L2_1e-5_before_AMX pass=1
ICPP_ONLINE_SMOKE phase=ALL_EQUAL_SCORES_FP32_CONTROL N=35 D=33 K=8 d=47 block=64 finite=1 max_abs_error=1.93355948891e-07 mean_abs_error=1.03815454599e-08 relative_L2_error=1.20974867198e-06 gate=abs_1e-5_and_relative_L2_1e-5_before_AMX pass=1
ICPP_ONLINE_SMOKE phase=ALL_EQUAL_SCORES_ORIGINAL_B1_VS_ONLINE N=35 D=33 K=8 d=47 block=16 finite=1 max_abs_error=0 mean_abs_error=0 relative_L2_error=0 gate=bitwise_equal_after_finish_without_activation pass=1
ICPP_ONLINE_SMOKE_EQUAL_SCORES block=16 p=1 r=1 activation=false identical_quantized_H=true identical_packed_W=true numerator_bitwise_equal=true denominator_bitwise_equal=true output_bitwise_equal=true rescale_count=0 spill_bytes=0 reload_bytes=0
ICPP_ONLINE_SMOKE phase=ALL_EQUAL_SCORES_ORIGINAL_B1_VS_ONLINE N=35 D=33 K=8 d=47 block=32 finite=1 max_abs_error=0 mean_abs_error=0 relative_L2_error=0 gate=bitwise_equal_after_finish_without_activation pass=1
ICPP_ONLINE_SMOKE_EQUAL_SCORES block=32 p=1 r=1 activation=false identical_quantized_H=true identical_packed_W=true numerator_bitwise_equal=true denominator_bitwise_equal=true output_bitwise_equal=true rescale_count=0 spill_bytes=0 reload_bytes=0
ICPP_ONLINE_SMOKE phase=ALL_EQUAL_SCORES_ORIGINAL_B1_VS_ONLINE N=35 D=33 K=8 d=47 block=64 finite=1 max_abs_error=0 mean_abs_error=0 relative_L2_error=0 gate=bitwise_equal_after_finish_without_activation pass=1
ICPP_ONLINE_SMOKE_EQUAL_SCORES block=64 p=1 r=1 activation=false identical_quantized_H=true identical_packed_W=true numerator_bitwise_equal=true denominator_bitwise_equal=true output_bitwise_equal=true rescale_count=0 spill_bytes=0 reload_bytes=0
ICPP_ONLINE_SMOKE phase=FP32_V_ONLINE_VS_FP64_STABLE_SAME_LR N=17 D=17 K=1 d=7 block=16 finite=1 max_abs_error=8.81284907342e-08 mean_abs_error=1.29853210901e-08 relative_L2_error=1.07199730864e-06 gate=abs_1e-5_and_relative_L2_1e-5 pass=1
ICPP_ONLINE_SMOKE phase=BF16_EMULATION_STD_EXP_VS_SVML_EXP N=17 D=17 K=1 d=7 block=16 finite=1 max_abs_error=3.72529029846e-09 mean_abs_error=5.85011449181e-10 relative_L2_error=5.55148684106e-08 gate=diagnostic_RNE_threshold_sensitive pass=1
ICPP_ONLINE_SMOKE phase=BF16_EMULATION_VS_FP32_MASTER N=17 D=17 K=1 d=7 block=16 finite=1 max_abs_error=0.000229299921425 mean_abs_error=3.58703763862e-05 relative_L2_error=0.00223417340433 gate=master_absolute_.003_small_fixture_only pass=1
ICPP_ONLINE_SMOKE phase=BF16_EMULATION_VS_QUANTIZED_HW_STABLE N=17 D=17 K=1 d=7 block=16 finite=1 max_abs_error=8.15398665426e-05 mean_abs_error=1.16122148909e-05 relative_L2_error=0.000818282087771 gate=diagnostic_additional_pH_RNE pass=1
ICPP_ONLINE_SMOKE phase=AMX_VS_BF16_TDP_EMULATION_SAME_SVML_EXP N=17 D=17 K=1 d=7 block=16 finite=1 max_abs_error=0 mean_abs_error=0 relative_L2_error=0 gate=operand_based_FP32_rounding_budget pass=1
ICPP_ONLINE_SMOKE_BUDGET N=17 D=17 K=1 d=7 block=16 max_absolute_budget=5.40368916981e-06 max_error_to_budget=0 basis=gamma17_plus_gamma_edge_kb_rescales independent_of_master_BF16_error=true
ICPP_ONLINE_SMOKE phase=AMX_VS_BF16_EMULATION_STD_EXP N=17 D=17 K=1 d=7 block=16 finite=1 max_abs_error=3.72529029846e-09 mean_abs_error=5.85011449181e-10 relative_L2_error=5.55148684106e-08 gate=diagnostic_exp_and_RNE_difference pass=1
ICPP_ONLINE_DEN_BUDGET N=17 D=17 K=1 d=7 block=16 differing_states=0 omitted_differing_states=0 max_absolute_budget=0.0065136041625 max_error_to_budget=0 basis=2_gamma_degree_plus_rescales_times_FP64_same_p_r_shadow master_gate_independent=true arithmetic_budget_pass=1
ICPP_ONLINE_SMOKE phase=AMX_DENOMINATOR_VS_SVML_SIMULATION N=17 D=17 K=1 d=7 block=16 finite=1 max_abs_error=0 mean_abs_error=0 relative_L2_error=0 gate=same_p_r_gamma_budget_and_relative_L2_1e-5 pass=1
ICPP_ONLINE_SMOKE phase=AMX_DENOMINATOR_VS_TR16_SIMD_REPLAY N=17 D=17 K=1 d=7 block=16 finite=1 max_abs_error=0 mean_abs_error=0 relative_L2_error=0 gate=bitwise_same_lane_layout_and_mul_add_order pass=1
ICPP_ONLINE_SMOKE phase=AMX_VS_FP32_MASTER N=17 D=17 K=1 d=7 block=16 finite=1 max_abs_error=0.000229299921425 mean_abs_error=3.58703881255e-05 relative_L2_error=0.00223417812377 gate=master_absolute_.003_small_fixture_only pass=1
ICPP_ONLINE_SMOKE phase=PROFILE_ON_VS_OFF N=17 D=17 K=1 d=7 block=16 finite=1 max_abs_error=0 mean_abs_error=0 relative_L2_error=0 gate=bitwise_arithmetic_invariance pass=1
ICPP_ONLINE_SMOKE phase=FINISH_NORMALIZATION_AND_ELU N=17 D=17 K=1 d=7 block=16 finite=1 max_abs_error=2.04890966415e-07 mean_abs_error=4.93150955739e-08 relative_L2_error=3.52044288546e-06 gate=abs_1e-5_SVML_activation_difference pass=1
ICPP_ONLINE_SMOKE_COUNTERS N=17 D=17 K=1 d=7 block=16 edges=1352 blocks=94 max_updates=40 rescales=25 rescale_events=8 spill_bytes=8192 reload_bytes=8192 neighbor_steps=530 amx_calls=530 original_row_scatter=true complete_neighborhoods=true independent_heads=true
ICPP_ONLINE_SMOKE phase=FP32_V_ONLINE_VS_FP64_STABLE_SAME_LR N=17 D=17 K=1 d=7 block=32 finite=1 max_abs_error=1.4773313551e-07 mean_abs_error=1.35637110714e-08 relative_L2_error=1.2323347245e-06 gate=abs_1e-5_and_relative_L2_1e-5 pass=1
ICPP_ONLINE_SMOKE phase=BF16_EMULATION_STD_EXP_VS_SVML_EXP N=17 D=17 K=1 d=7 block=32 finite=1 max_abs_error=7.45058059692e-09 mean_abs_error=6.70610950524e-10 relative_L2_error=6.64753322496e-08 gate=diagnostic_RNE_threshold_sensitive pass=1
ICPP_ONLINE_SMOKE phase=BF16_EMULATION_VS_FP32_MASTER N=17 D=17 K=1 d=7 block=32 finite=1 max_abs_error=0.000229299921425 mean_abs_error=3.79331775386e-05 relative_L2_error=0.00231401340407 gate=master_absolute_.003_small_fixture_only pass=1
ICPP_ONLINE_SMOKE phase=BF16_EMULATION_VS_QUANTIZED_HW_STABLE N=17 D=17 K=1 d=7 block=32 finite=1 max_abs_error=9.26337228438e-05 mean_abs_error=1.40719218008e-05 relative_L2_error=0.000988504656134 gate=diagnostic_additional_pH_RNE pass=1
ICPP_ONLINE_SMOKE phase=AMX_VS_BF16_TDP_EMULATION_SAME_SVML_EXP N=17 D=17 K=1 d=7 block=32 finite=1 max_abs_error=0 mean_abs_error=0 relative_L2_error=0 gate=operand_based_FP32_rounding_budget pass=1
ICPP_ONLINE_SMOKE_BUDGET N=17 D=17 K=1 d=7 block=32 max_absolute_budget=5.40368916981e-06 max_error_to_budget=0 basis=gamma17_plus_gamma_edge_kb_rescales independent_of_master_BF16_error=true
ICPP_ONLINE_SMOKE phase=AMX_VS_BF16_EMULATION_STD_EXP N=17 D=17 K=1 d=7 block=32 finite=1 max_abs_error=7.45058059692e-09 mean_abs_error=6.70610950524e-10 relative_L2_error=6.64753322496e-08 gate=diagnostic_exp_and_RNE_difference pass=1
ICPP_ONLINE_DEN_BUDGET N=17 D=17 K=1 d=7 block=32 differing_states=0 omitted_differing_states=0 max_absolute_budget=0.0065136041625 max_error_to_budget=0 basis=2_gamma_degree_plus_rescales_times_FP64_same_p_r_shadow master_gate_independent=true arithmetic_budget_pass=1
ICPP_ONLINE_SMOKE phase=AMX_DENOMINATOR_VS_SVML_SIMULATION N=17 D=17 K=1 d=7 block=32 finite=1 max_abs_error=0 mean_abs_error=0 relative_L2_error=0 gate=same_p_r_gamma_budget_and_relative_L2_1e-5 pass=1
ICPP_ONLINE_SMOKE phase=AMX_DENOMINATOR_VS_TR16_SIMD_REPLAY N=17 D=17 K=1 d=7 block=32 finite=1 max_abs_error=0 mean_abs_error=0 relative_L2_error=0 gate=bitwise_same_lane_layout_and_mul_add_order pass=1
ICPP_ONLINE_SMOKE phase=AMX_VS_FP32_MASTER N=17 D=17 K=1 d=7 block=32 finite=1 max_abs_error=0.000229299921425 mean_abs_error=3.79331477011e-05 relative_L2_error=0.00231401430872 gate=master_absolute_.003_small_fixture_only pass=1
ICPP_ONLINE_SMOKE phase=PROFILE_ON_VS_OFF N=17 D=17 K=1 d=7 block=32 finite=1 max_abs_error=0 mean_abs_error=0 relative_L2_error=0 gate=bitwise_arithmetic_invariance pass=1
ICPP_ONLINE_SMOKE phase=FINISH_NORMALIZATION_AND_ELU N=17 D=17 K=1 d=7 block=32 finite=1 max_abs_error=2.03028321266e-07 mean_abs_error=4.91350920511e-08 relative_L2_error=3.4869781531e-06 gate=abs_1e-5_SVML_activation_difference pass=1
ICPP_ONLINE_SMOKE_COUNTERS N=17 D=17 K=1 d=7 block=32 edges=1352 blocks=52 max_updates=27 rescales=12 rescale_events=4 spill_bytes=4096 reload_bytes=4096 neighbor_steps=530 amx_calls=530 original_row_scatter=true complete_neighborhoods=true independent_heads=true
ICPP_ONLINE_SMOKE phase=FP32_V_ONLINE_VS_FP64_STABLE_SAME_LR N=17 D=17 K=1 d=7 block=64 finite=1 max_abs_error=1.4773313551e-07 mean_abs_error=1.27864453965e-08 relative_L2_error=1.16949529206e-06 gate=abs_1e-5_and_relative_L2_1e-5 pass=1
ICPP_ONLINE_SMOKE phase=BF16_EMULATION_STD_EXP_VS_SVML_EXP N=17 D=17 K=1 d=7 block=64 finite=1 max_abs_error=7.45058059692e-09 mean_abs_error=4.67128707331e-10 relative_L2_error=5.5579855607e-08 gate=diagnostic_RNE_threshold_sensitive pass=1
ICPP_ONLINE_SMOKE phase=BF16_EMULATION_VS_FP32_MASTER N=17 D=17 K=1 d=7 block=64 finite=1 max_abs_error=0.000229299921425 mean_abs_error=3.698135719e-05 relative_L2_error=0.00226289364747 gate=master_absolute_.003_small_fixture_only pass=1
ICPP_ONLINE_SMOKE phase=BF16_EMULATION_VS_QUANTIZED_HW_STABLE N=17 D=17 K=1 d=7 block=64 finite=1 max_abs_error=9.26337228438e-05 mean_abs_error=1.22010935758e-05 relative_L2_error=0.000840957733867 gate=diagnostic_additional_pH_RNE pass=1
ICPP_ONLINE_SMOKE phase=AMX_VS_BF16_TDP_EMULATION_SAME_SVML_EXP N=17 D=17 K=1 d=7 block=64 finite=1 max_abs_error=0 mean_abs_error=0 relative_L2_error=0 gate=operand_based_FP32_rounding_budget pass=1
ICPP_ONLINE_SMOKE_BUDGET N=17 D=17 K=1 d=7 block=64 max_absolute_budget=5.40368916981e-06 max_error_to_budget=0 basis=gamma17_plus_gamma_edge_kb_rescales independent_of_master_BF16_error=true
ICPP_ONLINE_SMOKE phase=AMX_VS_BF16_EMULATION_STD_EXP N=17 D=17 K=1 d=7 block=64 finite=1 max_abs_error=7.45058059692e-09 mean_abs_error=4.67128707331e-10 relative_L2_error=5.5579855607e-08 gate=diagnostic_exp_and_RNE_difference pass=1
ICPP_ONLINE_DEN_BUDGET N=17 D=17 K=1 d=7 block=64 differing_states=0 omitted_differing_states=0 max_absolute_budget=0.0065136041625 max_error_to_budget=0 basis=2_gamma_degree_plus_rescales_times_FP64_same_p_r_shadow master_gate_independent=true arithmetic_budget_pass=1
ICPP_ONLINE_SMOKE phase=AMX_DENOMINATOR_VS_SVML_SIMULATION N=17 D=17 K=1 d=7 block=64 finite=1 max_abs_error=0 mean_abs_error=0 relative_L2_error=0 gate=same_p_r_gamma_budget_and_relative_L2_1e-5 pass=1
ICPP_ONLINE_SMOKE phase=AMX_DENOMINATOR_VS_TR16_SIMD_REPLAY N=17 D=17 K=1 d=7 block=64 finite=1 max_abs_error=0 mean_abs_error=0 relative_L2_error=0 gate=bitwise_same_lane_layout_and_mul_add_order pass=1
ICPP_ONLINE_SMOKE phase=AMX_VS_FP32_MASTER N=17 D=17 K=1 d=7 block=64 finite=1 max_abs_error=0.000229299921425 mean_abs_error=3.69812921344e-05 relative_L2_error=0.00226289407979 gate=master_absolute_.003_small_fixture_only pass=1
ICPP_ONLINE_SMOKE phase=PROFILE_ON_VS_OFF N=17 D=17 K=1 d=7 block=64 finite=1 max_abs_error=0 mean_abs_error=0 relative_L2_error=0 gate=bitwise_arithmetic_invariance pass=1
ICPP_ONLINE_SMOKE phase=FINISH_NORMALIZATION_AND_ELU N=17 D=17 K=1 d=7 block=64 finite=1 max_abs_error=2.03028321266e-07 mean_abs_error=5.05702288336e-08 relative_L2_error=3.57851429709e-06 gate=abs_1e-5_SVML_activation_difference pass=1
ICPP_ONLINE_SMOKE_COUNTERS N=17 D=17 K=1 d=7 block=64 edges=1352 blocks=32 max_updates=20 rescales=5 rescale_events=2 spill_bytes=2048 reload_bytes=2048 neighbor_steps=530 amx_calls=530 original_row_scatter=true complete_neighborhoods=true independent_heads=true
ICPP_ONLINE_SMOKE phase=LAYER_WRAPPER_WITH_CONTRACTED_REAL_ATTENTION N=17 D=17 K=1 d=7 block=32 finite=1 max_abs_error=0 mean_abs_error=0 relative_L2_error=0 gate=same_LR_instruction_budget pass=1
ICPP_ONLINE_SMOKE phase=REAL_ATTENTION_AMX_VS_FP32_MASTER N=17 D=17 K=1 d=7 block=32 finite=1 max_abs_error=0.000229299921425 mean_abs_error=3.12064256639e-05 relative_L2_error=0.00212729768749 gate=master_absolute_.003_small_fixture_only pass=1
ICPP_ONLINE_SMOKE phase=FP32_V_ONLINE_VS_FP64_STABLE_SAME_LR N=35 D=17 K=2 d=32 block=16 finite=1 max_abs_error=1.58638989681e-07 mean_abs_error=8.22867072596e-09 relative_L2_error=1.0192435507e-06 gate=abs_1e-5_and_relative_L2_1e-5 pass=1
ICPP_ONLINE_SMOKE phase=BF16_EMULATION_STD_EXP_VS_SVML_EXP N=35 D=17 K=2 d=32 block=16 finite=1 max_abs_error=1.02445483208e-08 mean_abs_error=6.1029490033e-10 relative_L2_error=8.07602462916e-08 gate=diagnostic_RNE_threshold_sensitive pass=1
ICPP_ONLINE_SMOKE phase=BF16_EMULATION_VS_FP32_MASTER N=35 D=17 K=2 d=32 block=16 finite=1 max_abs_error=0.000335206854052 mean_abs_error=3.01696151247e-05 relative_L2_error=0.00299362850091 gate=master_absolute_.003_small_fixture_only pass=1
ICPP_ONLINE_SMOKE phase=BF16_EMULATION_VS_QUANTIZED_HW_STABLE N=35 D=17 K=2 d=32 block=16 finite=1 max_abs_error=0.000101134574165 mean_abs_error=1.03872090021e-05 relative_L2_error=0.00102965061501 gate=diagnostic_additional_pH_RNE pass=1
ICPP_ONLINE_SMOKE phase=AMX_VS_BF16_TDP_EMULATION_SAME_SVML_EXP N=35 D=17 K=2 d=32 block=16 finite=1 max_abs_error=0 mean_abs_error=0 relative_L2_error=0 gate=operand_based_FP32_rounding_budget pass=1
ICPP_ONLINE_SMOKE_BUDGET N=35 D=17 K=2 d=32 block=16 max_absolute_budget=6.6327088985e-06 max_error_to_budget=0 basis=gamma17_plus_gamma_edge_kb_rescales independent_of_master_BF16_error=true
ICPP_ONLINE_SMOKE phase=AMX_VS_BF16_EMULATION_STD_EXP N=35 D=17 K=2 d=32 block=16 finite=1 max_abs_error=1.02445483208e-08 mean_abs_error=6.1029490033e-10 relative_L2_error=8.07602462916e-08 gate=diagnostic_exp_and_RNE_difference pass=1
ICPP_ONLINE_DEN_BUDGET N=35 D=17 K=2 d=32 block=16 differing_states=0 omitted_differing_states=0 max_absolute_budget=0.00674867915978 max_error_to_budget=0 basis=2_gamma_degree_plus_rescales_times_FP64_same_p_r_shadow master_gate_independent=true arithmetic_budget_pass=1
ICPP_ONLINE_SMOKE phase=AMX_DENOMINATOR_VS_SVML_SIMULATION N=35 D=17 K=2 d=32 block=16 finite=1 max_abs_error=0 mean_abs_error=0 relative_L2_error=0 gate=same_p_r_gamma_budget_and_relative_L2_1e-5 pass=1
ICPP_ONLINE_SMOKE phase=AMX_DENOMINATOR_VS_TR16_SIMD_REPLAY N=35 D=17 K=2 d=32 block=16 finite=1 max_abs_error=0 mean_abs_error=0 relative_L2_error=0 gate=bitwise_same_lane_layout_and_mul_add_order pass=1
ICPP_ONLINE_SMOKE phase=AMX_VS_FP32_MASTER N=35 D=17 K=2 d=32 block=16 finite=1 max_abs_error=0.000335206854052 mean_abs_error=3.01695999771e-05 relative_L2_error=0.00299362718774 gate=master_absolute_.003_small_fixture_only pass=1
ICPP_ONLINE_SMOKE phase=PROFILE_ON_VS_OFF N=35 D=17 K=2 d=32 block=16 finite=1 max_abs_error=0 mean_abs_error=0 relative_L2_error=0 gate=bitwise_arithmetic_invariance pass=1
ICPP_ONLINE_SMOKE phase=FINISH_NORMALIZATION_AND_ELU N=35 D=17 K=2 d=32 block=16 finite=1 max_abs_error=2.11410224438e-07 mean_abs_error=3.18299392177e-08 relative_L2_error=3.67483842039e-06 gate=abs_1e-5_SVML_activation_difference pass=1
ICPP_ONLINE_SMOKE_COUNTERS N=35 D=17 K=2 d=32 block=16 edges=2736 blocks=380 max_updates=157 rescales=93 rescale_events=37 spill_bytes=75776 reload_bytes=75776 neighbor_steps=1126 amx_calls=2252 original_row_scatter=true complete_neighborhoods=true independent_heads=true
ICPP_ONLINE_SMOKE phase=FP32_V_ONLINE_VS_FP64_STABLE_SAME_LR N=35 D=17 K=2 d=32 block=32 finite=1 max_abs_error=1.58638989681e-07 mean_abs_error=7.79598014851e-09 relative_L2_error=9.41230338132e-07 gate=abs_1e-5_and_relative_L2_1e-5 pass=1
ICPP_ONLINE_SMOKE phase=BF16_EMULATION_STD_EXP_VS_SVML_EXP N=35 D=17 K=2 d=32 block=32 finite=1 max_abs_error=1.86264514923e-08 mean_abs_error=5.92610100674e-10 relative_L2_error=1.02804979787e-07 gate=diagnostic_RNE_threshold_sensitive pass=1
ICPP_ONLINE_SMOKE phase=BF16_EMULATION_VS_FP32_MASTER N=35 D=17 K=2 d=32 block=32 finite=1 max_abs_error=0.000335206854052 mean_abs_error=3.10086291304e-05 relative_L2_error=0.00305437422036 gate=master_absolute_.003_small_fixture_only pass=1
ICPP_ONLINE_SMOKE phase=BF16_EMULATION_VS_QUANTIZED_HW_STABLE N=35 D=17 K=2 d=32 block=32 finite=1 max_abs_error=0.000101134574165 mean_abs_error=1.18561066849e-05 relative_L2_error=0.00116240697111 gate=diagnostic_additional_pH_RNE pass=1
ICPP_ONLINE_SMOKE phase=AMX_VS_BF16_TDP_EMULATION_SAME_SVML_EXP N=35 D=17 K=2 d=32 block=32 finite=1 max_abs_error=0 mean_abs_error=0 relative_L2_error=0 gate=operand_based_FP32_rounding_budget pass=1
ICPP_ONLINE_SMOKE_BUDGET N=35 D=17 K=2 d=32 block=32 max_absolute_budget=6.44270650386e-06 max_error_to_budget=0 basis=gamma17_plus_gamma_edge_kb_rescales independent_of_master_BF16_error=true
ICPP_ONLINE_SMOKE phase=AMX_VS_BF16_EMULATION_STD_EXP N=35 D=17 K=2 d=32 block=32 finite=1 max_abs_error=1.86264514923e-08 mean_abs_error=5.92610100674e-10 relative_L2_error=1.02804979787e-07 gate=diagnostic_exp_and_RNE_difference pass=1
ICPP_ONLINE_DEN_BUDGET N=35 D=17 K=2 d=32 block=32 differing_states=0 omitted_differing_states=0 max_absolute_budget=0.00655539500595 max_error_to_budget=0 basis=2_gamma_degree_plus_rescales_times_FP64_same_p_r_shadow master_gate_independent=true arithmetic_budget_pass=1
ICPP_ONLINE_SMOKE phase=AMX_DENOMINATOR_VS_SVML_SIMULATION N=35 D=17 K=2 d=32 block=32 finite=1 max_abs_error=0 mean_abs_error=0 relative_L2_error=0 gate=same_p_r_gamma_budget_and_relative_L2_1e-5 pass=1
ICPP_ONLINE_SMOKE phase=AMX_DENOMINATOR_VS_TR16_SIMD_REPLAY N=35 D=17 K=2 d=32 block=32 finite=1 max_abs_error=0 mean_abs_error=0 relative_L2_error=0 gate=bitwise_same_lane_layout_and_mul_add_order pass=1
ICPP_ONLINE_SMOKE phase=AMX_VS_FP32_MASTER N=35 D=17 K=2 d=32 block=32 finite=1 max_abs_error=0.000335206854052 mean_abs_error=3.10085297003e-05 relative_L2_error=0.00305436667241 gate=master_absolute_.003_small_fixture_only pass=1
ICPP_ONLINE_SMOKE phase=PROFILE_ON_VS_OFF N=35 D=17 K=2 d=32 block=32 finite=1 max_abs_error=0 mean_abs_error=0 relative_L2_error=0 gate=bitwise_arithmetic_invariance pass=1
ICPP_ONLINE_SMOKE phase=FINISH_NORMALIZATION_AND_ELU N=35 D=17 K=2 d=32 block=32 finite=1 max_abs_error=1.99303030968e-07 mean_abs_error=3.14508317802e-08 relative_L2_error=3.64369796184e-06 gate=abs_1e-5_SVML_activation_difference pass=1
ICPP_ONLINE_SMOKE_COUNTERS N=35 D=17 K=2 d=32 block=32 edges=2736 blocks=210 max_updates=107 rescales=43 rescale_events=18 spill_bytes=36864 reload_bytes=36864 neighbor_steps=1126 amx_calls=2252 original_row_scatter=true complete_neighborhoods=true independent_heads=true
ICPP_ONLINE_SMOKE phase=FP32_V_ONLINE_VS_FP64_STABLE_SAME_LR N=35 D=17 K=2 d=32 block=64 finite=1 max_abs_error=1.58638989681e-07 mean_abs_error=7.86825097439e-09 relative_L2_error=9.7640317675e-07 gate=abs_1e-5_and_relative_L2_1e-5 pass=1
ICPP_ONLINE_SMOKE phase=BF16_EMULATION_STD_EXP_VS_SVML_EXP N=35 D=17 K=2 d=32 block=64 finite=1 max_abs_error=1.49011611938e-08 mean_abs_error=4.76440017597e-10 relative_L2_error=7.78992347345e-08 gate=diagnostic_RNE_threshold_sensitive pass=1
ICPP_ONLINE_SMOKE phase=BF16_EMULATION_VS_FP32_MASTER N=35 D=17 K=2 d=32 block=64 finite=1 max_abs_error=0.000335206854052 mean_abs_error=3.1511958616e-05 relative_L2_error=0.00309590173436 gate=master_absolute_.003_small_fixture_only pass=1
ICPP_ONLINE_SMOKE phase=BF16_EMULATION_VS_QUANTIZED_HW_STABLE N=35 D=17 K=2 d=32 block=64 finite=1 max_abs_error=0.000101134574165 mean_abs_error=1.22663577497e-05 relative_L2_error=0.00119330065345 gate=diagnostic_additional_pH_RNE pass=1
ICPP_ONLINE_SMOKE phase=AMX_VS_BF16_TDP_EMULATION_SAME_SVML_EXP N=35 D=17 K=2 d=32 block=64 finite=1 max_abs_error=0 mean_abs_error=0 relative_L2_error=0 gate=operand_based_FP32_rounding_budget pass=1
ICPP_ONLINE_SMOKE_BUDGET N=35 D=17 K=2 d=32 block=64 max_absolute_budget=6.35833205428e-06 max_error_to_budget=0 basis=gamma17_plus_gamma_edge_kb_rescales independent_of_master_BF16_error=true
ICPP_ONLINE_SMOKE phase=AMX_VS_BF16_EMULATION_STD_EXP N=35 D=17 K=2 d=32 block=64 finite=1 max_abs_error=1.49011611938e-08 mean_abs_error=4.76440017597e-10 relative_L2_error=7.78992347345e-08 gate=diagnostic_exp_and_RNE_difference pass=1
ICPP_ONLINE_DEN_BUDGET N=35 D=17 K=2 d=32 block=64 differing_states=0 omitted_differing_states=0 max_absolute_budget=0.00654681524514 max_error_to_budget=0 basis=2_gamma_degree_plus_rescales_times_FP64_same_p_r_shadow master_gate_independent=true arithmetic_budget_pass=1
ICPP_ONLINE_SMOKE phase=AMX_DENOMINATOR_VS_SVML_SIMULATION N=35 D=17 K=2 d=32 block=64 finite=1 max_abs_error=0 mean_abs_error=0 relative_L2_error=0 gate=same_p_r_gamma_budget_and_relative_L2_1e-5 pass=1
ICPP_ONLINE_SMOKE phase=AMX_DENOMINATOR_VS_TR16_SIMD_REPLAY N=35 D=17 K=2 d=32 block=64 finite=1 max_abs_error=0 mean_abs_error=0 relative_L2_error=0 gate=bitwise_same_lane_layout_and_mul_add_order pass=1
ICPP_ONLINE_SMOKE phase=AMX_VS_FP32_MASTER N=35 D=17 K=2 d=32 block=64 finite=1 max_abs_error=0.000335206854052 mean_abs_error=3.1511883627e-05 relative_L2_error=0.00309589502866 gate=master_absolute_.003_small_fixture_only pass=1
ICPP_ONLINE_SMOKE phase=PROFILE_ON_VS_OFF N=35 D=17 K=2 d=32 block=64 finite=1 max_abs_error=0 mean_abs_error=0 relative_L2_error=0 gate=bitwise_arithmetic_invariance pass=1
ICPP_ONLINE_SMOKE phase=FINISH_NORMALIZATION_AND_ELU N=35 D=17 K=2 d=32 block=64 finite=1 max_abs_error=1.99303030968e-07 mean_abs_error=3.18373995104e-08 relative_L2_error=3.67656238847e-06 gate=abs_1e-5_SVML_activation_difference pass=1
ICPP_ONLINE_SMOKE_COUNTERS N=35 D=17 K=2 d=32 block=64 edges=2736 blocks=130 max_updates=80 rescales=16 rescale_events=8 spill_bytes=16384 reload_bytes=16384 neighbor_steps=1126 amx_calls=2252 original_row_scatter=true complete_neighborhoods=true independent_heads=true
ICPP_ONLINE_SMOKE phase=FP32_V_ONLINE_VS_FP64_STABLE_SAME_LR N=17 D=17 K=8 d=47 block=16 finite=1 max_abs_error=1.02395050813e-07 mean_abs_error=7.88003121458e-09 relative_L2_error=8.66664691029e-07 gate=abs_1e-5_and_relative_L2_1e-5 pass=1
ICPP_ONLINE_SMOKE phase=BF16_EMULATION_STD_EXP_VS_SVML_EXP N=17 D=17 K=8 d=47 block=16 finite=1 max_abs_error=1.67638063431e-08 mean_abs_error=6.06430492528e-10 relative_L2_error=9.10423688353e-08 gate=diagnostic_RNE_threshold_sensitive pass=1
ICPP_ONLINE_SMOKE phase=BF16_EMULATION_VS_FP32_MASTER N=17 D=17 K=8 d=47 block=16 finite=1 max_abs_error=0.000327621874601 mean_abs_error=2.87662941163e-05 relative_L2_error=0.00277394590984 gate=master_absolute_.003_small_fixture_only pass=1
ICPP_ONLINE_SMOKE phase=BF16_EMULATION_VS_QUANTIZED_HW_STABLE N=17 D=17 K=8 d=47 block=16 finite=1 max_abs_error=0.000110286357116 mean_abs_error=1.25563770318e-05 relative_L2_error=0.00113851156521 gate=diagnostic_additional_pH_RNE pass=1
ICPP_ONLINE_SMOKE phase=AMX_VS_BF16_TDP_EMULATION_SAME_SVML_EXP N=17 D=17 K=8 d=47 block=16 finite=1 max_abs_error=0 mean_abs_error=0 relative_L2_error=0 gate=operand_based_FP32_rounding_budget pass=1
ICPP_ONLINE_SMOKE_BUDGET N=17 D=17 K=8 d=47 block=16 max_absolute_budget=6.57683161424e-06 max_error_to_budget=0 basis=gamma17_plus_gamma_edge_kb_rescales independent_of_master_BF16_error=true
ICPP_ONLINE_SMOKE phase=AMX_VS_BF16_EMULATION_STD_EXP N=17 D=17 K=8 d=47 block=16 finite=1 max_abs_error=1.67638063431e-08 mean_abs_error=6.06430492528e-10 relative_L2_error=9.10423688353e-08 gate=diagnostic_exp_and_RNE_difference pass=1
ICPP_ONLINE_DEN_BUDGET N=17 D=17 K=8 d=47 block=16 differing_states=0 omitted_differing_states=0 max_absolute_budget=0.00665244168375 max_error_to_budget=0 basis=2_gamma_degree_plus_rescales_times_FP64_same_p_r_shadow master_gate_independent=true arithmetic_budget_pass=1
ICPP_ONLINE_SMOKE phase=AMX_DENOMINATOR_VS_SVML_SIMULATION N=17 D=17 K=8 d=47 block=16 finite=1 max_abs_error=0 mean_abs_error=0 relative_L2_error=0 gate=same_p_r_gamma_budget_and_relative_L2_1e-5 pass=1
ICPP_ONLINE_SMOKE phase=AMX_DENOMINATOR_VS_TR16_SIMD_REPLAY N=17 D=17 K=8 d=47 block=16 finite=1 max_abs_error=0 mean_abs_error=0 relative_L2_error=0 gate=bitwise_same_lane_layout_and_mul_add_order pass=1
ICPP_ONLINE_SMOKE phase=AMX_VS_FP32_MASTER N=17 D=17 K=8 d=47 block=16 finite=1 max_abs_error=0.000327621874601 mean_abs_error=2.87663502029e-05 relative_L2_error=0.00277394795814 gate=master_absolute_.003_small_fixture_only pass=1
ICPP_ONLINE_SMOKE phase=PROFILE_ON_VS_OFF N=17 D=17 K=8 d=47 block=16 finite=1 max_abs_error=0 mean_abs_error=0 relative_L2_error=0 gate=bitwise_arithmetic_invariance pass=1
ICPP_ONLINE_SMOKE phase=FINISH_NORMALIZATION_AND_ELU N=17 D=17 K=8 d=47 block=16 finite=1 max_abs_error=2.09547579288e-07 mean_abs_error=3.11002493179e-08 relative_L2_error=3.60622275849e-06 gate=abs_1e-5_SVML_activation_difference pass=1
ICPP_ONLINE_SMOKE_COUNTERS N=17 D=17 K=8 d=47 block=16 edges=1352 blocks=752 max_updates=206 rescales=86 rescale_events=33 spill_bytes=101376 reload_bytes=101376 neighbor_steps=4240 amx_calls=12720 original_row_scatter=true complete_neighborhoods=true independent_heads=true
ICPP_ONLINE_SMOKE phase=FP32_V_ONLINE_VS_FP64_STABLE_SAME_LR N=17 D=17 K=8 d=47 block=32 finite=1 max_abs_error=1.0045433331e-07 mean_abs_error=7.97473334429e-09 relative_L2_error=8.73500755814e-07 gate=abs_1e-5_and_relative_L2_1e-5 pass=1
ICPP_ONLINE_SMOKE phase=BF16_EMULATION_STD_EXP_VS_SVML_EXP N=17 D=17 K=8 d=47 block=32 finite=1 max_abs_error=1.67638063431e-08 mean_abs_error=5.73731938331e-10 relative_L2_error=8.9420330869e-08 gate=diagnostic_RNE_threshold_sensitive pass=1
ICPP_ONLINE_SMOKE phase=BF16_EMULATION_VS_FP32_MASTER N=17 D=17 K=8 d=47 block=32 finite=1 max_abs_error=0.000327621874601 mean_abs_error=2.85922221182e-05 relative_L2_error=0.00276048262918 gate=master_absolute_.003_small_fixture_only pass=1
ICPP_ONLINE_SMOKE phase=BF16_EMULATION_VS_QUANTIZED_HW_STABLE N=17 D=17 K=8 d=47 block=32 finite=1 max_abs_error=0.000110286357116 mean_abs_error=1.25558427085e-05 relative_L2_error=0.00114292762957 gate=diagnostic_additional_pH_RNE pass=1
ICPP_ONLINE_SMOKE phase=AMX_VS_BF16_TDP_EMULATION_SAME_SVML_EXP N=17 D=17 K=8 d=47 block=32 finite=1 max_abs_error=0 mean_abs_error=0 relative_L2_error=0 gate=operand_based_FP32_rounding_budget pass=1
ICPP_ONLINE_SMOKE_BUDGET N=17 D=17 K=8 d=47 block=32 max_absolute_budget=6.57683161424e-06 max_error_to_budget=0 basis=gamma17_plus_gamma_edge_kb_rescales independent_of_master_BF16_error=true
ICPP_ONLINE_SMOKE phase=AMX_VS_BF16_EMULATION_STD_EXP N=17 D=17 K=8 d=47 block=32 finite=1 max_abs_error=1.67638063431e-08 mean_abs_error=5.73731938331e-10 relative_L2_error=8.9420330869e-08 gate=diagnostic_exp_and_RNE_difference pass=1
ICPP_ONLINE_DEN_BUDGET N=17 D=17 K=8 d=47 block=32 differing_states=0 omitted_differing_states=0 max_absolute_budget=0.00665244168375 max_error_to_budget=0 basis=2_gamma_degree_plus_rescales_times_FP64_same_p_r_shadow master_gate_independent=true arithmetic_budget_pass=1
ICPP_ONLINE_SMOKE phase=AMX_DENOMINATOR_VS_SVML_SIMULATION N=17 D=17 K=8 d=47 block=32 finite=1 max_abs_error=0 mean_abs_error=0 relative_L2_error=0 gate=same_p_r_gamma_budget_and_relative_L2_1e-5 pass=1
ICPP_ONLINE_SMOKE phase=AMX_DENOMINATOR_VS_TR16_SIMD_REPLAY N=17 D=17 K=8 d=47 block=32 finite=1 max_abs_error=0 mean_abs_error=0 relative_L2_error=0 gate=bitwise_same_lane_layout_and_mul_add_order pass=1
ICPP_ONLINE_SMOKE phase=AMX_VS_FP32_MASTER N=17 D=17 K=8 d=47 block=32 finite=1 max_abs_error=0.000327621874601 mean_abs_error=2.85923105581e-05 relative_L2_error=0.00276048693793 gate=master_absolute_.003_small_fixture_only pass=1
ICPP_ONLINE_SMOKE phase=PROFILE_ON_VS_OFF N=17 D=17 K=8 d=47 block=32 finite=1 max_abs_error=0 mean_abs_error=0 relative_L2_error=0 gate=bitwise_arithmetic_invariance pass=1
ICPP_ONLINE_SMOKE phase=FINISH_NORMALIZATION_AND_ELU N=17 D=17 K=8 d=47 block=32 finite=1 max_abs_error=2.09547579288e-07 mean_abs_error=3.11111814669e-08 relative_L2_error=3.60518313819e-06 gate=abs_1e-5_SVML_activation_difference pass=1
ICPP_ONLINE_SMOKE_COUNTERS N=17 D=17 K=8 d=47 block=32 edges=1352 blocks=416 max_updates=168 rescales=48 rescale_events=17 spill_bytes=52224 reload_bytes=52224 neighbor_steps=4240 amx_calls=12720 original_row_scatter=true complete_neighborhoods=true independent_heads=true
ICPP_ONLINE_SMOKE phase=FP32_V_ONLINE_VS_FP64_STABLE_SAME_LR N=17 D=17 K=8 d=47 block=64 finite=1 max_abs_error=1.0045433331e-07 mean_abs_error=7.97499657768e-09 relative_L2_error=8.78482432554e-07 gate=abs_1e-5_and_relative_L2_1e-5 pass=1
ICPP_ONLINE_SMOKE phase=BF16_EMULATION_STD_EXP_VS_SVML_EXP N=17 D=17 K=8 d=47 block=64 finite=1 max_abs_error=1.67638063431e-08 mean_abs_error=5.52410462805e-10 relative_L2_error=8.77016795482e-08 gate=diagnostic_RNE_threshold_sensitive pass=1
ICPP_ONLINE_SMOKE phase=BF16_EMULATION_VS_FP32_MASTER N=17 D=17 K=8 d=47 block=64 finite=1 max_abs_error=0.000327621874601 mean_abs_error=2.85624405605e-05 relative_L2_error=0.00276207653995 gate=master_absolute_.003_small_fixture_only pass=1
ICPP_ONLINE_SMOKE phase=BF16_EMULATION_VS_QUANTIZED_HW_STABLE N=17 D=17 K=8 d=47 block=64 finite=1 max_abs_error=0.000110540731271 mean_abs_error=1.26182099162e-05 relative_L2_error=0.00115196018703 gate=diagnostic_additional_pH_RNE pass=1
ICPP_ONLINE_SMOKE phase=AMX_VS_BF16_TDP_EMULATION_SAME_SVML_EXP N=17 D=17 K=8 d=47 block=64 finite=1 max_abs_error=0 mean_abs_error=0 relative_L2_error=0 gate=operand_based_FP32_rounding_budget pass=1
ICPP_ONLINE_SMOKE_BUDGET N=17 D=17 K=8 d=47 block=64 max_absolute_budget=6.57683161424e-06 max_error_to_budget=0 basis=gamma17_plus_gamma_edge_kb_rescales independent_of_master_BF16_error=true
ICPP_ONLINE_SMOKE phase=AMX_VS_BF16_EMULATION_STD_EXP N=17 D=17 K=8 d=47 block=64 finite=1 max_abs_error=1.67638063431e-08 mean_abs_error=5.52410462805e-10 relative_L2_error=8.77016795482e-08 gate=diagnostic_exp_and_RNE_difference pass=1
ICPP_ONLINE_DEN_BUDGET N=17 D=17 K=8 d=47 block=64 differing_states=0 omitted_differing_states=0 max_absolute_budget=0.00665244168375 max_error_to_budget=0 basis=2_gamma_degree_plus_rescales_times_FP64_same_p_r_shadow master_gate_independent=true arithmetic_budget_pass=1
ICPP_ONLINE_SMOKE phase=AMX_DENOMINATOR_VS_SVML_SIMULATION N=17 D=17 K=8 d=47 block=64 finite=1 max_abs_error=0 mean_abs_error=0 relative_L2_error=0 gate=same_p_r_gamma_budget_and_relative_L2_1e-5 pass=1
ICPP_ONLINE_SMOKE phase=AMX_DENOMINATOR_VS_TR16_SIMD_REPLAY N=17 D=17 K=8 d=47 block=64 finite=1 max_abs_error=0 mean_abs_error=0 relative_L2_error=0 gate=bitwise_same_lane_layout_and_mul_add_order pass=1
ICPP_ONLINE_SMOKE phase=AMX_VS_FP32_MASTER N=17 D=17 K=8 d=47 block=64 finite=1 max_abs_error=0.000327621874601 mean_abs_error=2.8562519768e-05 relative_L2_error=0.00276208049054 gate=master_absolute_.003_small_fixture_only pass=1
ICPP_ONLINE_SMOKE phase=PROFILE_ON_VS_OFF N=17 D=17 K=8 d=47 block=64 finite=1 max_abs_error=0 mean_abs_error=0 relative_L2_error=0 gate=bitwise_arithmetic_invariance pass=1
ICPP_ONLINE_SMOKE phase=FINISH_NORMALIZATION_AND_ELU N=17 D=17 K=8 d=47 block=64 finite=1 max_abs_error=2.09547579288e-07 mean_abs_error=3.09490973314e-08 relative_L2_error=3.59021636848e-06 gate=abs_1e-5_SVML_activation_difference pass=1
ICPP_ONLINE_SMOKE_COUNTERS N=17 D=17 K=8 d=47 block=64 edges=1352 blocks=256 max_updates=148 rescales=28 rescale_events=10 spill_bytes=30720 reload_bytes=30720 neighbor_steps=4240 amx_calls=12720 original_row_scatter=true complete_neighborhoods=true independent_heads=true
ICPP_ONLINE_SMOKE phase=FP32_V_ONLINE_VS_FP64_STABLE_SAME_LR N=35 D=33 K=1 d=64 block=16 finite=1 max_abs_error=1.44456846627e-07 mean_abs_error=1.01996914903e-08 relative_L2_error=1.14564936886e-06 gate=abs_1e-5_and_relative_L2_1e-5 pass=1
ICPP_ONLINE_SMOKE phase=BF16_EMULATION_STD_EXP_VS_SVML_EXP N=35 D=33 K=1 d=64 block=16 finite=1 max_abs_error=7.45058059692e-09 mean_abs_error=5.89808303784e-10 relative_L2_error=7.12803277674e-08 gate=diagnostic_RNE_threshold_sensitive pass=1
ICPP_ONLINE_SMOKE phase=BF16_EMULATION_VS_FP32_MASTER N=35 D=33 K=1 d=64 block=16 finite=1 max_abs_error=0.000265093334273 mean_abs_error=2.41137295557e-05 relative_L2_error=0.00227370154766 gate=master_absolute_.003_small_fixture_only pass=1
ICPP_ONLINE_SMOKE phase=BF16_EMULATION_VS_QUANTIZED_HW_STABLE N=35 D=33 K=1 d=64 block=16 finite=1 max_abs_error=8.7065371681e-05 mean_abs_error=1.05217846577e-05 relative_L2_error=0.000953398999848 gate=diagnostic_additional_pH_RNE pass=1
ICPP_ONLINE_SMOKE phase=AMX_VS_BF16_TDP_EMULATION_SAME_SVML_EXP N=35 D=33 K=1 d=64 block=16 finite=1 max_abs_error=0 mean_abs_error=0 relative_L2_error=0 gate=operand_based_FP32_rounding_budget pass=1
ICPP_ONLINE_SMOKE_BUDGET N=35 D=33 K=1 d=64 block=16 max_absolute_budget=1.4950872773e-05 max_error_to_budget=0 basis=gamma17_plus_gamma_edge_kb_rescales independent_of_master_BF16_error=true
ICPP_ONLINE_SMOKE phase=AMX_VS_BF16_EMULATION_STD_EXP N=35 D=33 K=1 d=64 block=16 finite=1 max_abs_error=7.45058059692e-09 mean_abs_error=5.89808303784e-10 relative_L2_error=7.12803277674e-08 gate=diagnostic_exp_and_RNE_difference pass=1
ICPP_ONLINE_DEN_BUDGET N=35 D=33 K=1 d=64 block=16 differing_states=0 omitted_differing_states=0 max_absolute_budget=0.00683576440808 max_error_to_budget=0 basis=2_gamma_degree_plus_rescales_times_FP64_same_p_r_shadow master_gate_independent=true arithmetic_budget_pass=1
ICPP_ONLINE_SMOKE phase=AMX_DENOMINATOR_VS_SVML_SIMULATION N=35 D=33 K=1 d=64 block=16 finite=1 max_abs_error=0 mean_abs_error=0 relative_L2_error=0 gate=same_p_r_gamma_budget_and_relative_L2_1e-5 pass=1
ICPP_ONLINE_SMOKE phase=AMX_DENOMINATOR_VS_TR16_SIMD_REPLAY N=35 D=33 K=1 d=64 block=16 finite=1 max_abs_error=0 mean_abs_error=0 relative_L2_error=0 gate=bitwise_same_lane_layout_and_mul_add_order pass=1
ICPP_ONLINE_SMOKE phase=AMX_VS_FP32_MASTER N=35 D=33 K=1 d=64 block=16 finite=1 max_abs_error=0.000265093334273 mean_abs_error=2.41137043686e-05 relative_L2_error=0.00227370324546 gate=master_absolute_.003_small_fixture_only pass=1
ICPP_ONLINE_SMOKE phase=PROFILE_ON_VS_OFF N=35 D=33 K=1 d=64 block=16 finite=1 max_abs_error=0 mean_abs_error=0 relative_L2_error=0 gate=bitwise_arithmetic_invariance pass=1
ICPP_ONLINE_SMOKE phase=FINISH_NORMALIZATION_AND_ELU N=35 D=33 K=1 d=64 block=16 finite=1 max_abs_error=1.99768692255e-07 mean_abs_error=3.56549746045e-08 relative_L2_error=3.80917689583e-06 gate=abs_1e-5_SVML_activation_difference pass=1
ICPP_ONLINE_SMOKE_COUNTERS N=35 D=33 K=1 d=64 block=16 edges=2736 blocks=190 max_updates=97 rescales=65 rescale_events=27 spill_bytes=110592 reload_bytes=110592 neighbor_steps=563 amx_calls=4504 original_row_scatter=true complete_neighborhoods=true independent_heads=true
ICPP_ONLINE_SMOKE phase=FP32_V_ONLINE_VS_FP64_STABLE_SAME_LR N=35 D=33 K=1 d=64 block=32 finite=1 max_abs_error=1.16220225416e-07 mean_abs_error=1.02541172015e-08 relative_L2_error=1.16174849441e-06 gate=abs_1e-5_and_relative_L2_1e-5 pass=1
ICPP_ONLINE_SMOKE phase=BF16_EMULATION_STD_EXP_VS_SVML_EXP N=35 D=33 K=1 d=64 block=32 finite=1 max_abs_error=7.45058059692e-09 mean_abs_error=3.95979782297e-10 relative_L2_error=5.37784503556e-08 gate=diagnostic_RNE_threshold_sensitive pass=1
ICPP_ONLINE_SMOKE phase=BF16_EMULATION_VS_FP32_MASTER N=35 D=33 K=1 d=64 block=32 finite=1 max_abs_error=0.000265093334273 mean_abs_error=2.50704482882e-05 relative_L2_error=0.00234565890251 gate=master_absolute_.003_small_fixture_only pass=1
ICPP_ONLINE_SMOKE phase=BF16_EMULATION_VS_QUANTIZED_HW_STABLE N=35 D=33 K=1 d=64 block=32 finite=1 max_abs_error=8.7065371681e-05 mean_abs_error=1.27749479111e-05 relative_L2_error=0.00110906676576 gate=diagnostic_additional_pH_RNE pass=1
ICPP_ONLINE_SMOKE phase=AMX_VS_BF16_TDP_EMULATION_SAME_SVML_EXP N=35 D=33 K=1 d=64 block=32 finite=1 max_abs_error=0 mean_abs_error=0 relative_L2_error=0 gate=operand_based_FP32_rounding_budget pass=1
ICPP_ONLINE_SMOKE_BUDGET N=35 D=33 K=1 d=64 block=32 max_absolute_budget=1.47210395166e-05 max_error_to_budget=0 basis=gamma17_plus_gamma_edge_kb_rescales independent_of_master_BF16_error=true
ICPP_ONLINE_SMOKE phase=AMX_VS_BF16_EMULATION_STD_EXP N=35 D=33 K=1 d=64 block=32 finite=1 max_abs_error=7.45058059692e-09 mean_abs_error=3.95979782297e-10 relative_L2_error=5.37784503556e-08 gate=diagnostic_exp_and_RNE_difference pass=1
ICPP_ONLINE_DEN_BUDGET N=35 D=33 K=1 d=64 block=32 differing_states=0 omitted_differing_states=0 max_absolute_budget=0.00662361564396 max_error_to_budget=0 basis=2_gamma_degree_plus_rescales_times_FP64_same_p_r_shadow master_gate_independent=true arithmetic_budget_pass=1
ICPP_ONLINE_SMOKE phase=AMX_DENOMINATOR_VS_SVML_SIMULATION N=35 D=33 K=1 d=64 block=32 finite=1 max_abs_error=0 mean_abs_error=0 relative_L2_error=0 gate=same_p_r_gamma_budget_and_relative_L2_1e-5 pass=1
ICPP_ONLINE_SMOKE phase=AMX_DENOMINATOR_VS_TR16_SIMD_REPLAY N=35 D=33 K=1 d=64 block=32 finite=1 max_abs_error=0 mean_abs_error=0 relative_L2_error=0 gate=bitwise_same_lane_layout_and_mul_add_order pass=1
ICPP_ONLINE_SMOKE phase=AMX_VS_FP32_MASTER N=35 D=33 K=1 d=64 block=32 finite=1 max_abs_error=0.000265093334273 mean_abs_error=2.50704996361e-05 relative_L2_error=0.00234566368441 gate=master_absolute_.003_small_fixture_only pass=1
ICPP_ONLINE_SMOKE phase=PROFILE_ON_VS_OFF N=35 D=33 K=1 d=64 block=32 finite=1 max_abs_error=0 mean_abs_error=0 relative_L2_error=0 gate=bitwise_arithmetic_invariance pass=1
ICPP_ONLINE_SMOKE phase=FINISH_NORMALIZATION_AND_ELU N=35 D=33 K=1 d=64 block=32 finite=1 max_abs_error=2.00234353542e-07 mean_abs_error=3.55166605063e-08 relative_L2_error=3.80077266655e-06 gate=abs_1e-5_SVML_activation_difference pass=1
ICPP_ONLINE_SMOKE_COUNTERS N=35 D=33 K=1 d=64 block=32 edges=2736 blocks=105 max_updates=60 rescales=28 rescale_events=13 spill_bytes=53248 reload_bytes=53248 neighbor_steps=563 amx_calls=4504 original_row_scatter=true complete_neighborhoods=true independent_heads=true
ICPP_ONLINE_SMOKE phase=FP32_V_ONLINE_VS_FP64_STABLE_SAME_LR N=35 D=33 K=1 d=64 block=64 finite=1 max_abs_error=1.45543414744e-07 mean_abs_error=1.05942016539e-08 relative_L2_error=1.21867883587e-06 gate=abs_1e-5_and_relative_L2_1e-5 pass=1
ICPP_ONLINE_SMOKE phase=BF16_EMULATION_STD_EXP_VS_SVML_EXP N=35 D=33 K=1 d=64 block=64 finite=1 max_abs_error=7.45058059692e-09 mean_abs_error=4.33669608161e-10 relative_L2_error=5.63739746788e-08 gate=diagnostic_RNE_threshold_sensitive pass=1
ICPP_ONLINE_SMOKE phase=BF16_EMULATION_VS_FP32_MASTER N=35 D=33 K=1 d=64 block=64 finite=1 max_abs_error=0.000265093334273 mean_abs_error=2.51885280059e-05 relative_L2_error=0.00235663654137 gate=master_absolute_.003_small_fixture_only pass=1
ICPP_ONLINE_SMOKE phase=BF16_EMULATION_VS_QUANTIZED_HW_STABLE N=35 D=33 K=1 d=64 block=64 finite=1 max_abs_error=8.7065371681e-05 mean_abs_error=1.28435854379e-05 relative_L2_error=0.00112664147527 gate=diagnostic_additional_pH_RNE pass=1
ICPP_ONLINE_SMOKE phase=AMX_VS_BF16_TDP_EMULATION_SAME_SVML_EXP N=35 D=33 K=1 d=64 block=64 finite=1 max_abs_error=0 mean_abs_error=0 relative_L2_error=0 gate=operand_based_FP32_rounding_budget pass=1
ICPP_ONLINE_SMOKE_BUDGET N=35 D=33 K=1 d=64 block=64 max_absolute_budget=1.46198856287e-05 max_error_to_budget=0 basis=gamma17_plus_gamma_edge_kb_rescales independent_of_master_BF16_error=true
ICPP_ONLINE_SMOKE phase=AMX_VS_BF16_EMULATION_STD_EXP N=35 D=33 K=1 d=64 block=64 finite=1 max_abs_error=7.45058059692e-09 mean_abs_error=4.33669608161e-10 relative_L2_error=5.63739746788e-08 gate=diagnostic_exp_and_RNE_difference pass=1
ICPP_ONLINE_DEN_BUDGET N=35 D=33 K=1 d=64 block=64 differing_states=0 omitted_differing_states=0 max_absolute_budget=0.00652932865223 max_error_to_budget=0 basis=2_gamma_degree_plus_rescales_times_FP64_same_p_r_shadow master_gate_independent=true arithmetic_budget_pass=1
ICPP_ONLINE_SMOKE phase=AMX_DENOMINATOR_VS_SVML_SIMULATION N=35 D=33 K=1 d=64 block=64 finite=1 max_abs_error=0 mean_abs_error=0 relative_L2_error=0 gate=same_p_r_gamma_budget_and_relative_L2_1e-5 pass=1
ICPP_ONLINE_SMOKE phase=AMX_DENOMINATOR_VS_TR16_SIMD_REPLAY N=35 D=33 K=1 d=64 block=64 finite=1 max_abs_error=0 mean_abs_error=0 relative_L2_error=0 gate=bitwise_same_lane_layout_and_mul_add_order pass=1
ICPP_ONLINE_SMOKE phase=AMX_VS_FP32_MASTER N=35 D=33 K=1 d=64 block=64 finite=1 max_abs_error=0.000265093334273 mean_abs_error=2.51885659982e-05 relative_L2_error=0.00235664110514 gate=master_absolute_.003_small_fixture_only pass=1
ICPP_ONLINE_SMOKE phase=PROFILE_ON_VS_OFF N=35 D=33 K=1 d=64 block=64 finite=1 max_abs_error=0 mean_abs_error=0 relative_L2_error=0 gate=bitwise_arithmetic_invariance pass=1
ICPP_ONLINE_SMOKE phase=FINISH_NORMALIZATION_AND_ELU N=35 D=33 K=1 d=64 block=64 finite=1 max_abs_error=1.98371708393e-07 mean_abs_error=3.5446756032e-08 relative_L2_error=3.79508566316e-06 gate=abs_1e-5_SVML_activation_difference pass=1
ICPP_ONLINE_SMOKE_COUNTERS N=35 D=33 K=1 d=64 block=64 edges=2736 blocks=65 max_updates=43 rescales=11 rescale_events=6 spill_bytes=24576 reload_bytes=24576 neighbor_steps=563 amx_calls=4504 original_row_scatter=true complete_neighborhoods=true independent_heads=true
ICPP_ONLINE_SMOKE phase=FP32_V_ONLINE_VS_FP64_STABLE_SAME_LR N=17 D=33 K=2 d=7 block=16 finite=1 max_abs_error=1.19625558511e-07 mean_abs_error=1.15055219252e-08 relative_L2_error=1.18675839539e-06 gate=abs_1e-5_and_relative_L2_1e-5 pass=1
ICPP_ONLINE_SMOKE phase=BF16_EMULATION_STD_EXP_VS_SVML_EXP N=17 D=33 K=2 d=7 block=16 finite=1 max_abs_error=9.31322574615e-09 mean_abs_error=6.83695445729e-10 relative_L2_error=8.50654168271e-08 gate=diagnostic_RNE_threshold_sensitive pass=1
ICPP_ONLINE_SMOKE phase=BF16_EMULATION_VS_FP32_MASTER N=17 D=33 K=2 d=7 block=16 finite=1 max_abs_error=0.000182077118559 mean_abs_error=3.17856302643e-05 relative_L2_error=0.00248664619669 gate=master_absolute_.003_small_fixture_only pass=1
ICPP_ONLINE_SMOKE phase=BF16_EMULATION_VS_QUANTIZED_HW_STABLE N=17 D=33 K=2 d=7 block=16 finite=1 max_abs_error=7.50636480797e-05 mean_abs_error=1.392277928e-05 relative_L2_error=0.00112513038184 gate=diagnostic_additional_pH_RNE pass=1
ICPP_ONLINE_SMOKE phase=AMX_VS_BF16_TDP_EMULATION_SAME_SVML_EXP N=17 D=33 K=2 d=7 block=16 finite=1 max_abs_error=0 mean_abs_error=0 relative_L2_error=0 gate=operand_based_FP32_rounding_budget pass=1
ICPP_ONLINE_SMOKE_BUDGET N=17 D=33 K=2 d=7 block=16 max_absolute_budget=1.412170293e-05 max_error_to_budget=0 basis=gamma17_plus_gamma_edge_kb_rescales independent_of_master_BF16_error=true
ICPP_ONLINE_SMOKE phase=AMX_VS_BF16_EMULATION_STD_EXP N=17 D=33 K=2 d=7 block=16 finite=1 max_abs_error=9.31322574615e-09 mean_abs_error=6.83695445729e-10 relative_L2_error=8.50654168271e-08 gate=diagnostic_exp_and_RNE_difference pass=1
ICPP_ONLINE_DEN_BUDGET N=17 D=33 K=2 d=7 block=16 differing_states=0 omitted_differing_states=0 max_absolute_budget=0.00660352282961 max_error_to_budget=0 basis=2_gamma_degree_plus_rescales_times_FP64_same_p_r_shadow master_gate_independent=true arithmetic_budget_pass=1
ICPP_ONLINE_SMOKE phase=AMX_DENOMINATOR_VS_SVML_SIMULATION N=17 D=33 K=2 d=7 block=16 finite=1 max_abs_error=0 mean_abs_error=0 relative_L2_error=0 gate=same_p_r_gamma_budget_and_relative_L2_1e-5 pass=1
ICPP_ONLINE_SMOKE phase=AMX_DENOMINATOR_VS_TR16_SIMD_REPLAY N=17 D=33 K=2 d=7 block=16 finite=1 max_abs_error=0 mean_abs_error=0 relative_L2_error=0 gate=bitwise_same_lane_layout_and_mul_add_order pass=1
ICPP_ONLINE_SMOKE phase=AMX_VS_FP32_MASTER N=17 D=33 K=2 d=7 block=16 finite=1 max_abs_error=0.000182077118559 mean_abs_error=3.17854645681e-05 relative_L2_error=0.00248664555601 gate=master_absolute_.003_small_fixture_only pass=1
ICPP_ONLINE_SMOKE phase=PROFILE_ON_VS_OFF N=17 D=33 K=2 d=7 block=16 finite=1 max_abs_error=0 mean_abs_error=0 relative_L2_error=0 gate=bitwise_arithmetic_invariance pass=1
ICPP_ONLINE_SMOKE phase=FINISH_NORMALIZATION_AND_ELU N=17 D=33 K=2 d=7 block=16 finite=1 max_abs_error=1.98371708393e-07 mean_abs_error=4.69257689214e-08 relative_L2_error=4.26807410931e-06 gate=abs_1e-5_SVML_activation_difference pass=1
ICPP_ONLINE_SMOKE_COUNTERS N=17 D=33 K=2 d=7 block=16 edges=1352 blocks=188 max_updates=71 rescales=41 rescale_events=16 spill_bytes=16384 reload_bytes=16384 neighbor_steps=1060 amx_calls=2120 original_row_scatter=true complete_neighborhoods=true independent_heads=true
ICPP_ONLINE_SMOKE phase=FP32_V_ONLINE_VS_FP64_STABLE_SAME_LR N=17 D=33 K=2 d=7 block=32 finite=1 max_abs_error=1.12174977914e-07 mean_abs_error=1.2722054702e-08 relative_L2_error=1.27579557443e-06 gate=abs_1e-5_and_relative_L2_1e-5 pass=1
ICPP_ONLINE_SMOKE phase=BF16_EMULATION_STD_EXP_VS_SVML_EXP N=17 D=33 K=2 d=7 block=32 finite=1 max_abs_error=9.31322574615e-09 mean_abs_error=6.57281885315e-10 relative_L2_error=7.90870997649e-08 gate=diagnostic_RNE_threshold_sensitive pass=1
ICPP_ONLINE_SMOKE phase=BF16_EMULATION_VS_FP32_MASTER N=17 D=33 K=2 d=7 block=32 finite=1 max_abs_error=0.000182077118559 mean_abs_error=3.24022160082e-05 relative_L2_error=0.00251235769549 gate=master_absolute_.003_small_fixture_only pass=1
ICPP_ONLINE_SMOKE phase=BF16_EMULATION_VS_QUANTIZED_HW_STABLE N=17 D=33 K=2 d=7 block=32 finite=1 max_abs_error=7.50636480797e-05 mean_abs_error=1.53884318967e-05 relative_L2_error=0.00118707825857 gate=diagnostic_additional_pH_RNE pass=1
ICPP_ONLINE_SMOKE phase=AMX_VS_BF16_TDP_EMULATION_SAME_SVML_EXP N=17 D=33 K=2 d=7 block=32 finite=1 max_abs_error=0 mean_abs_error=0 relative_L2_error=0 gate=operand_based_FP32_rounding_budget pass=1
ICPP_ONLINE_SMOKE_BUDGET N=17 D=33 K=2 d=7 block=32 max_absolute_budget=1.412170293e-05 max_error_to_budget=0 basis=gamma17_plus_gamma_edge_kb_rescales independent_of_master_BF16_error=true
ICPP_ONLINE_SMOKE phase=AMX_VS_BF16_EMULATION_STD_EXP N=17 D=33 K=2 d=7 block=32 finite=1 max_abs_error=9.31322574615e-09 mean_abs_error=6.57281885315e-10 relative_L2_error=7.90870997649e-08 gate=diagnostic_exp_and_RNE_difference pass=1
ICPP_ONLINE_DEN_BUDGET N=17 D=33 K=2 d=7 block=32 differing_states=0 omitted_differing_states=0 max_absolute_budget=0.00660352282961 max_error_to_budget=0 basis=2_gamma_degree_plus_rescales_times_FP64_same_p_r_shadow master_gate_independent=true arithmetic_budget_pass=1
ICPP_ONLINE_SMOKE phase=AMX_DENOMINATOR_VS_SVML_SIMULATION N=17 D=33 K=2 d=7 block=32 finite=1 max_abs_error=0 mean_abs_error=0 relative_L2_error=0 gate=same_p_r_gamma_budget_and_relative_L2_1e-5 pass=1
ICPP_ONLINE_SMOKE phase=AMX_DENOMINATOR_VS_TR16_SIMD_REPLAY N=17 D=33 K=2 d=7 block=32 finite=1 max_abs_error=0 mean_abs_error=0 relative_L2_error=0 gate=bitwise_same_lane_layout_and_mul_add_order pass=1
ICPP_ONLINE_SMOKE phase=AMX_VS_FP32_MASTER N=17 D=33 K=2 d=7 block=32 finite=1 max_abs_error=0.000182077118559 mean_abs_error=3.24020581383e-05 relative_L2_error=0.00251235427312 gate=master_absolute_.003_small_fixture_only pass=1
ICPP_ONLINE_SMOKE phase=PROFILE_ON_VS_OFF N=17 D=33 K=2 d=7 block=32 finite=1 max_abs_error=0 mean_abs_error=0 relative_L2_error=0 gate=bitwise_arithmetic_invariance pass=1
ICPP_ONLINE_SMOKE phase=FINISH_NORMALIZATION_AND_ELU N=17 D=33 K=2 d=7 block=32 finite=1 max_abs_error=1.98371708393e-07 mean_abs_error=4.67188626982e-08 relative_L2_error=4.26972388307e-06 gate=abs_1e-5_SVML_activation_difference pass=1
ICPP_ONLINE_SMOKE_COUNTERS N=17 D=33 K=2 d=7 block=32 edges=1352 blocks=104 max_updates=50 rescales=20 rescale_events=8 spill_bytes=8192 reload_bytes=8192 neighbor_steps=1060 amx_calls=2120 original_row_scatter=true complete_neighborhoods=true independent_heads=true
ICPP_ONLINE_SMOKE phase=FP32_V_ONLINE_VS_FP64_STABLE_SAME_LR N=17 D=33 K=2 d=7 block=64 finite=1 max_abs_error=8.99037679858e-08 mean_abs_error=1.10979490015e-08 relative_L2_error=1.06619131226e-06 gate=abs_1e-5_and_relative_L2_1e-5 pass=1
ICPP_ONLINE_SMOKE phase=BF16_EMULATION_STD_EXP_VS_SVML_EXP N=17 D=33 K=2 d=7 block=64 finite=1 max_abs_error=9.31322574615e-09 mean_abs_error=6.11302724593e-10 relative_L2_error=7.93261183074e-08 gate=diagnostic_RNE_threshold_sensitive pass=1
ICPP_ONLINE_SMOKE phase=BF16_EMULATION_VS_FP32_MASTER N=17 D=33 K=2 d=7 block=64 finite=1 max_abs_error=0.000182077118559 mean_abs_error=3.22336912911e-05 relative_L2_error=0.00249132767252 gate=master_absolute_.003_small_fixture_only pass=1
ICPP_ONLINE_SMOKE phase=BF16_EMULATION_VS_QUANTIZED_HW_STABLE N=17 D=33 K=2 d=7 block=64 finite=1 max_abs_error=7.50636480797e-05 mean_abs_error=1.61126076959e-05 relative_L2_error=0.00124342366592 gate=diagnostic_additional_pH_RNE pass=1
ICPP_ONLINE_SMOKE phase=AMX_VS_BF16_TDP_EMULATION_SAME_SVML_EXP N=17 D=33 K=2 d=7 block=64 finite=1 max_abs_error=0 mean_abs_error=0 relative_L2_error=0 gate=operand_based_FP32_rounding_budget pass=1
ICPP_ONLINE_SMOKE_BUDGET N=17 D=33 K=2 d=7 block=64 max_absolute_budget=1.412170293e-05 max_error_to_budget=0 basis=gamma17_plus_gamma_edge_kb_rescales independent_of_master_BF16_error=true
ICPP_ONLINE_SMOKE phase=AMX_VS_BF16_EMULATION_STD_EXP N=17 D=33 K=2 d=7 block=64 finite=1 max_abs_error=9.31322574615e-09 mean_abs_error=6.11302724593e-10 relative_L2_error=7.93261183074e-08 gate=diagnostic_exp_and_RNE_difference pass=1
ICPP_ONLINE_DEN_BUDGET N=17 D=33 K=2 d=7 block=64 differing_states=0 omitted_differing_states=0 max_absolute_budget=0.00660352282961 max_error_to_budget=0 basis=2_gamma_degree_plus_rescales_times_FP64_same_p_r_shadow master_gate_independent=true arithmetic_budget_pass=1
ICPP_ONLINE_SMOKE phase=AMX_DENOMINATOR_VS_SVML_SIMULATION N=17 D=33 K=2 d=7 block=64 finite=1 max_abs_error=0 mean_abs_error=0 relative_L2_error=0 gate=same_p_r_gamma_budget_and_relative_L2_1e-5 pass=1
ICPP_ONLINE_SMOKE phase=AMX_DENOMINATOR_VS_TR16_SIMD_REPLAY N=17 D=33 K=2 d=7 block=64 finite=1 max_abs_error=0 mean_abs_error=0 relative_L2_error=0 gate=bitwise_same_lane_layout_and_mul_add_order pass=1
ICPP_ONLINE_SMOKE phase=AMX_VS_FP32_MASTER N=17 D=33 K=2 d=7 block=64 finite=1 max_abs_error=0.000182077118559 mean_abs_error=3.22334796158e-05 relative_L2_error=0.00249132139581 gate=master_absolute_.003_small_fixture_only pass=1
ICPP_ONLINE_SMOKE phase=PROFILE_ON_VS_OFF N=17 D=33 K=2 d=7 block=64 finite=1 max_abs_error=0 mean_abs_error=0 relative_L2_error=0 gate=bitwise_arithmetic_invariance pass=1
ICPP_ONLINE_SMOKE phase=FINISH_NORMALIZATION_AND_ELU N=17 D=33 K=2 d=7 block=64 finite=1 max_abs_error=1.98371708393e-07 mean_abs_error=4.63143439118e-08 relative_L2_error=4.22780777842e-06 gate=abs_1e-5_SVML_activation_difference pass=1
ICPP_ONLINE_SMOKE_COUNTERS N=17 D=33 K=2 d=7 block=64 edges=1352 blocks=64 max_updates=39 rescales=9 rescale_events=4 spill_bytes=4096 reload_bytes=4096 neighbor_steps=1060 amx_calls=2120 original_row_scatter=true complete_neighborhoods=true independent_heads=true
ICPP_ONLINE_SMOKE phase=FP32_V_ONLINE_VS_FP64_STABLE_SAME_LR N=35 D=33 K=8 d=32 block=16 finite=1 max_abs_error=2.37074401624e-07 mean_abs_error=1.14179630624e-08 relative_L2_error=1.23834241934e-06 gate=abs_1e-5_and_relative_L2_1e-5 pass=1
ICPP_ONLINE_SMOKE phase=BF16_EMULATION_STD_EXP_VS_SVML_EXP N=35 D=33 K=8 d=32 block=16 finite=1 max_abs_error=2.60770320892e-08 mean_abs_error=6.58818701181e-10 relative_L2_error=1.00218808931e-07 gate=diagnostic_RNE_threshold_sensitive pass=1
ICPP_ONLINE_SMOKE phase=BF16_EMULATION_VS_FP32_MASTER N=35 D=33 K=8 d=32 block=16 finite=1 max_abs_error=0.000301352164786 mean_abs_error=2.47782552601e-05 relative_L2_error=0.00221187832059 gate=master_absolute_.003_small_fixture_only pass=1
ICPP_ONLINE_SMOKE phase=BF16_EMULATION_VS_QUANTIZED_HW_STABLE N=35 D=33 K=8 d=32 block=16 finite=1 max_abs_error=0.000168999633761 mean_abs_error=1.07294094275e-05 relative_L2_error=0.000918401958041 gate=diagnostic_additional_pH_RNE pass=1
ICPP_ONLINE_SMOKE phase=AMX_VS_BF16_TDP_EMULATION_SAME_SVML_EXP N=35 D=33 K=8 d=32 block=16 finite=1 max_abs_error=0 mean_abs_error=0 relative_L2_error=0 gate=operand_based_FP32_rounding_budget pass=1
ICPP_ONLINE_SMOKE_BUDGET N=35 D=33 K=8 d=32 block=16 max_absolute_budget=1.58106310097e-05 max_error_to_budget=0 basis=gamma17_plus_gamma_edge_kb_rescales independent_of_master_BF16_error=true
ICPP_ONLINE_SMOKE phase=AMX_VS_BF16_EMULATION_STD_EXP N=35 D=33 K=8 d=32 block=16 finite=1 max_abs_error=2.60770320892e-08 mean_abs_error=6.58818701181e-10 relative_L2_error=1.00218808931e-07 gate=diagnostic_exp_and_RNE_difference pass=1
ICPP_ONLINE_DEN_BUDGET N=35 D=33 K=8 d=32 block=16 differing_states=0 omitted_differing_states=0 max_absolute_budget=0.0064888844497 max_error_to_budget=0 basis=2_gamma_degree_plus_rescales_times_FP64_same_p_r_shadow master_gate_independent=true arithmetic_budget_pass=1
ICPP_ONLINE_SMOKE phase=AMX_DENOMINATOR_VS_SVML_SIMULATION N=35 D=33 K=8 d=32 block=16 finite=1 max_abs_error=0 mean_abs_error=0 relative_L2_error=0 gate=same_p_r_gamma_budget_and_relative_L2_1e-5 pass=1
ICPP_ONLINE_SMOKE phase=AMX_DENOMINATOR_VS_TR16_SIMD_REPLAY N=35 D=33 K=8 d=32 block=16 finite=1 max_abs_error=0 mean_abs_error=0 relative_L2_error=0 gate=bitwise_same_lane_layout_and_mul_add_order pass=1
ICPP_ONLINE_SMOKE phase=AMX_VS_FP32_MASTER N=35 D=33 K=8 d=32 block=16 finite=1 max_abs_error=0.000301352164786 mean_abs_error=2.47782101734e-05 relative_L2_error=0.00221187714476 gate=master_absolute_.003_small_fixture_only pass=1
ICPP_ONLINE_SMOKE phase=PROFILE_ON_VS_OFF N=35 D=33 K=8 d=32 block=16 finite=1 max_abs_error=0 mean_abs_error=0 relative_L2_error=0 gate=bitwise_arithmetic_invariance pass=1
ICPP_ONLINE_SMOKE phase=FINISH_NORMALIZATION_AND_ELU N=35 D=33 K=8 d=32 block=16 finite=1 max_abs_error=2.19792127609e-07 mean_abs_error=3.53211883107e-08 relative_L2_error=3.60713715891e-06 gate=abs_1e-5_SVML_activation_difference pass=1
ICPP_ONLINE_SMOKE_COUNTERS N=35 D=33 K=8 d=32 block=16 edges=2736 blocks=1520 max_updates=485 rescales=229 rescale_events=83 spill_bytes=169984 reload_bytes=169984 neighbor_steps=4504 amx_calls=18016 original_row_scatter=true complete_neighborhoods=true independent_heads=true
ICPP_ONLINE_SMOKE phase=FP32_V_ONLINE_VS_FP64_STABLE_SAME_LR N=35 D=33 K=8 d=32 block=32 finite=1 max_abs_error=2.16629600286e-07 mean_abs_error=1.15223914433e-08 relative_L2_error=1.26323622852e-06 gate=abs_1e-5_and_relative_L2_1e-5 pass=1
ICPP_ONLINE_SMOKE phase=BF16_EMULATION_STD_EXP_VS_SVML_EXP N=35 D=33 K=8 d=32 block=32 finite=1 max_abs_error=2.23517417908e-08 mean_abs_error=5.61973045876e-10 relative_L2_error=1.01722462463e-07 gate=diagnostic_RNE_threshold_sensitive pass=1
ICPP_ONLINE_SMOKE phase=BF16_EMULATION_VS_FP32_MASTER N=35 D=33 K=8 d=32 block=32 finite=1 max_abs_error=0.000301352164786 mean_abs_error=2.5230206771e-05 relative_L2_error=0.00224002826557 gate=master_absolute_.003_small_fixture_only pass=1
ICPP_ONLINE_SMOKE phase=BF16_EMULATION_VS_QUANTIZED_HW_STABLE N=35 D=33 K=8 d=32 block=32 finite=1 max_abs_error=0.000168999633761 mean_abs_error=1.14937104489e-05 relative_L2_error=0.000983389377812 gate=diagnostic_additional_pH_RNE pass=1
ICPP_ONLINE_SMOKE phase=AMX_VS_BF16_TDP_EMULATION_SAME_SVML_EXP N=35 D=33 K=8 d=32 block=32 finite=1 max_abs_error=0 mean_abs_error=0 relative_L2_error=0 gate=operand_based_FP32_rounding_budget pass=1
ICPP_ONLINE_SMOKE_BUDGET N=35 D=33 K=8 d=32 block=32 max_absolute_budget=1.58106310097e-05 max_error_to_budget=0 basis=gamma17_plus_gamma_edge_kb_rescales independent_of_master_BF16_error=true
ICPP_ONLINE_SMOKE phase=AMX_VS_BF16_EMULATION_STD_EXP N=35 D=33 K=8 d=32 block=32 finite=1 max_abs_error=2.23517417908e-08 mean_abs_error=5.61973045876e-10 relative_L2_error=1.01722462463e-07 gate=diagnostic_exp_and_RNE_difference pass=1
ICPP_ONLINE_DEN_BUDGET N=35 D=33 K=8 d=32 block=32 differing_states=0 omitted_differing_states=0 max_absolute_budget=0.0064888844497 max_error_to_budget=0 basis=2_gamma_degree_plus_rescales_times_FP64_same_p_r_shadow master_gate_independent=true arithmetic_budget_pass=1
ICPP_ONLINE_SMOKE phase=AMX_DENOMINATOR_VS_SVML_SIMULATION N=35 D=33 K=8 d=32 block=32 finite=1 max_abs_error=0 mean_abs_error=0 relative_L2_error=0 gate=same_p_r_gamma_budget_and_relative_L2_1e-5 pass=1
ICPP_ONLINE_SMOKE phase=AMX_DENOMINATOR_VS_TR16_SIMD_REPLAY N=35 D=33 K=8 d=32 block=32 finite=1 max_abs_error=0 mean_abs_error=0 relative_L2_error=0 gate=bitwise_same_lane_layout_and_mul_add_order pass=1
ICPP_ONLINE_SMOKE phase=AMX_VS_FP32_MASTER N=35 D=33 K=8 d=32 block=32 finite=1 max_abs_error=0.000301352164786 mean_abs_error=2.52301672606e-05 relative_L2_error=0.00224002665988 gate=master_absolute_.003_small_fixture_only pass=1
ICPP_ONLINE_SMOKE phase=PROFILE_ON_VS_OFF N=35 D=33 K=8 d=32 block=32 finite=1 max_abs_error=0 mean_abs_error=0 relative_L2_error=0 gate=bitwise_arithmetic_invariance pass=1
ICPP_ONLINE_SMOKE phase=FINISH_NORMALIZATION_AND_ELU N=35 D=33 K=8 d=32 block=32 finite=1 max_abs_error=2.12341547012e-07 mean_abs_error=3.51653953195e-08 relative_L2_error=3.59855943298e-06 gate=abs_1e-5_SVML_activation_difference pass=1
ICPP_ONLINE_SMOKE_COUNTERS N=35 D=33 K=8 d=32 block=32 edges=2736 blocks=840 max_updates=369 rescales=113 rescale_events=43 spill_bytes=88064 reload_bytes=88064 neighbor_steps=4504 amx_calls=18016 original_row_scatter=true complete_neighborhoods=true independent_heads=true
ICPP_ONLINE_SMOKE phase=FP32_V_ONLINE_VS_FP64_STABLE_SAME_LR N=35 D=33 K=8 d=32 block=64 finite=1 max_abs_error=2.10997369535e-07 mean_abs_error=1.15343309312e-08 relative_L2_error=1.25905526847e-06 gate=abs_1e-5_and_relative_L2_1e-5 pass=1
ICPP_ONLINE_SMOKE phase=BF16_EMULATION_STD_EXP_VS_SVML_EXP N=35 D=33 K=8 d=32 block=64 finite=1 max_abs_error=2.23517417908e-08 mean_abs_error=4.82929023755e-10 relative_L2_error=9.39696002662e-08 gate=diagnostic_RNE_threshold_sensitive pass=1
ICPP_ONLINE_SMOKE phase=BF16_EMULATION_VS_FP32_MASTER N=35 D=33 K=8 d=32 block=64 finite=1 max_abs_error=0.000301352164786 mean_abs_error=2.54558043468e-05 relative_L2_error=0.0022544923546 gate=master_absolute_.003_small_fixture_only pass=1
ICPP_ONLINE_SMOKE phase=BF16_EMULATION_VS_QUANTIZED_HW_STABLE N=35 D=33 K=8 d=32 block=64 finite=1 max_abs_error=0.000168999633761 mean_abs_error=1.18135017964e-05 relative_L2_error=0.00100444629882 gate=diagnostic_additional_pH_RNE pass=1
ICPP_ONLINE_SMOKE phase=AMX_VS_BF16_TDP_EMULATION_SAME_SVML_EXP N=35 D=33 K=8 d=32 block=64 finite=1 max_abs_error=0 mean_abs_error=0 relative_L2_error=0 gate=operand_based_FP32_rounding_budget pass=1
ICPP_ONLINE_SMOKE_BUDGET N=35 D=33 K=8 d=32 block=64 max_absolute_budget=1.57831535928e-05 max_error_to_budget=0 basis=gamma17_plus_gamma_edge_kb_rescales independent_of_master_BF16_error=true
ICPP_ONLINE_SMOKE phase=AMX_VS_BF16_EMULATION_STD_EXP N=35 D=33 K=8 d=32 block=64 finite=1 max_abs_error=2.23517417908e-08 mean_abs_error=4.82929023755e-10 relative_L2_error=9.39696002662e-08 gate=diagnostic_exp_and_RNE_difference pass=1
ICPP_ONLINE_DEN_BUDGET N=35 D=33 K=8 d=32 block=64 differing_states=0 omitted_differing_states=0 max_absolute_budget=0.00646520190003 max_error_to_budget=0 basis=2_gamma_degree_plus_rescales_times_FP64_same_p_r_shadow master_gate_independent=true arithmetic_budget_pass=1
ICPP_ONLINE_SMOKE phase=AMX_DENOMINATOR_VS_SVML_SIMULATION N=35 D=33 K=8 d=32 block=64 finite=1 max_abs_error=0 mean_abs_error=0 relative_L2_error=0 gate=same_p_r_gamma_budget_and_relative_L2_1e-5 pass=1
ICPP_ONLINE_SMOKE phase=AMX_DENOMINATOR_VS_TR16_SIMD_REPLAY N=35 D=33 K=8 d=32 block=64 finite=1 max_abs_error=0 mean_abs_error=0 relative_L2_error=0 gate=bitwise_same_lane_layout_and_mul_add_order pass=1
ICPP_ONLINE_SMOKE phase=AMX_VS_FP32_MASTER N=35 D=33 K=8 d=32 block=64 finite=1 max_abs_error=0.000301352164786 mean_abs_error=2.54557672595e-05 relative_L2_error=0.00225449122147 gate=master_absolute_.003_small_fixture_only pass=1
ICPP_ONLINE_SMOKE phase=PROFILE_ON_VS_OFF N=35 D=33 K=8 d=32 block=64 finite=1 max_abs_error=0 mean_abs_error=0 relative_L2_error=0 gate=bitwise_arithmetic_invariance pass=1
ICPP_ONLINE_SMOKE phase=FINISH_NORMALIZATION_AND_ELU N=35 D=33 K=8 d=32 block=64 finite=1 max_abs_error=2.12341547012e-07 mean_abs_error=3.52109488233e-08 relative_L2_error=3.59907336382e-06 gate=abs_1e-5_SVML_activation_difference pass=1
ICPP_ONLINE_SMOKE_COUNTERS N=35 D=33 K=8 d=32 block=64 edges=2736 blocks=520 max_updates=296 rescales=40 rescale_events=20 spill_bytes=40960 reload_bytes=40960 neighbor_steps=4504 amx_calls=18016 original_row_scatter=true complete_neighborhoods=true independent_heads=true
ICPP_ONLINE_SMOKE phase=FP32_V_ONLINE_VS_FP64_STABLE_SAME_LR N=17 D=128 K=1 d=47 block=16 finite=1 max_abs_error=3.23399303323e-07 mean_abs_error=2.31531771879e-08 relative_L2_error=2.43602593125e-06 gate=abs_1e-5_and_relative_L2_1e-5 pass=1
ICPP_ONLINE_SMOKE phase=BF16_EMULATION_STD_EXP_VS_SVML_EXP N=17 D=128 K=1 d=47 block=16 finite=1 max_abs_error=7.45058059692e-09 mean_abs_error=7.40016084011e-10 relative_L2_error=7.82208835287e-08 gate=diagnostic_RNE_threshold_sensitive pass=1
ICPP_ONLINE_SMOKE phase=BF16_EMULATION_VS_FP32_MASTER N=17 D=128 K=1 d=47 block=16 finite=1 max_abs_error=0.000270315905746 mean_abs_error=2.84299986905e-05 relative_L2_error=0.00244220861069 gate=master_absolute_.003_small_fixture_only pass=1
ICPP_ONLINE_SMOKE phase=BF16_EMULATION_VS_QUANTIZED_HW_STABLE N=17 D=128 K=1 d=47 block=16 finite=1 max_abs_error=9.63808557282e-05 mean_abs_error=1.14669537699e-05 relative_L2_error=0.000961068333605 gate=diagnostic_additional_pH_RNE pass=1
ICPP_ONLINE_SMOKE phase=AMX_VS_BF16_TDP_EMULATION_SAME_SVML_EXP N=17 D=128 K=1 d=47 block=16 finite=1 max_abs_error=0 mean_abs_error=0 relative_L2_error=0 gate=operand_based_FP32_rounding_budget pass=1
ICPP_ONLINE_SMOKE_BUDGET N=17 D=128 K=1 d=47 block=16 max_absolute_budget=5.21521500891e-05 max_error_to_budget=0 basis=gamma17_plus_gamma_edge_kb_rescales independent_of_master_BF16_error=true
ICPP_ONLINE_SMOKE phase=AMX_VS_BF16_EMULATION_STD_EXP N=17 D=128 K=1 d=47 block=16 finite=1 max_abs_error=7.45058059692e-09 mean_abs_error=7.40016084011e-10 relative_L2_error=7.82208835287e-08 gate=diagnostic_exp_and_RNE_difference pass=1
ICPP_ONLINE_DEN_BUDGET N=17 D=128 K=1 d=47 block=16 differing_states=0 omitted_differing_states=0 max_absolute_budget=0.00623985892751 max_error_to_budget=0 basis=2_gamma_degree_plus_rescales_times_FP64_same_p_r_shadow master_gate_independent=true arithmetic_budget_pass=1
ICPP_ONLINE_SMOKE phase=AMX_DENOMINATOR_VS_SVML_SIMULATION N=17 D=128 K=1 d=47 block=16 finite=1 max_abs_error=0 mean_abs_error=0 relative_L2_error=0 gate=same_p_r_gamma_budget_and_relative_L2_1e-5 pass=1
ICPP_ONLINE_SMOKE phase=AMX_DENOMINATOR_VS_TR16_SIMD_REPLAY N=17 D=128 K=1 d=47 block=16 finite=1 max_abs_error=0 mean_abs_error=0 relative_L2_error=0 gate=bitwise_same_lane_layout_and_mul_add_order pass=1
ICPP_ONLINE_SMOKE phase=AMX_VS_FP32_MASTER N=17 D=128 K=1 d=47 block=16 finite=1 max_abs_error=0.000270315905746 mean_abs_error=2.84300043098e-05 relative_L2_error=0.00244220958008 gate=master_absolute_.003_small_fixture_only pass=1
ICPP_ONLINE_SMOKE phase=PROFILE_ON_VS_OFF N=17 D=128 K=1 d=47 block=16 finite=1 max_abs_error=0 mean_abs_error=0 relative_L2_error=0 gate=bitwise_arithmetic_invariance pass=1
ICPP_ONLINE_SMOKE phase=FINISH_NORMALIZATION_AND_ELU N=17 D=128 K=1 d=47 block=16 finite=1 max_abs_error=2.01165676117e-07 mean_abs_error=2.77037686553e-08 relative_L2_error=3.14395083514e-06 gate=abs_1e-5_SVML_activation_difference pass=1
ICPP_ONLINE_SMOKE_COUNTERS N=17 D=128 K=1 d=47 block=16 edges=1352 blocks=94 max_updates=40 rescales=25 rescale_events=8 spill_bytes=24576 reload_bytes=24576 neighbor_steps=530 amx_calls=6360 original_row_scatter=true complete_neighborhoods=true independent_heads=true
ICPP_ONLINE_SMOKE phase=FP32_V_ONLINE_VS_FP64_STABLE_SAME_LR N=17 D=128 K=1 d=47 block=32 finite=1 max_abs_error=3.23399303323e-07 mean_abs_error=2.36847327826e-08 relative_L2_error=2.45294933608e-06 gate=abs_1e-5_and_relative_L2_1e-5 pass=1
ICPP_ONLINE_SMOKE phase=BF16_EMULATION_STD_EXP_VS_SVML_EXP N=17 D=128 K=1 d=47 block=32 finite=1 max_abs_error=7.45058059692e-09 mean_abs_error=6.8408344043e-10 relative_L2_error=6.93499386721e-08 gate=diagnostic_RNE_threshold_sensitive pass=1
ICPP_ONLINE_SMOKE phase=BF16_EMULATION_VS_FP32_MASTER N=17 D=128 K=1 d=47 block=32 finite=1 max_abs_error=0.000270315905746 mean_abs_error=2.9722875317e-05 relative_L2_error=0.00252475638472 gate=master_absolute_.003_small_fixture_only pass=1
ICPP_ONLINE_SMOKE phase=BF16_EMULATION_VS_QUANTIZED_HW_STABLE N=17 D=128 K=1 d=47 block=32 finite=1 max_abs_error=9.63808557282e-05 mean_abs_error=1.22700532551e-05 relative_L2_error=0.00104006391486 gate=diagnostic_additional_pH_RNE pass=1
ICPP_ONLINE_SMOKE phase=AMX_VS_BF16_TDP_EMULATION_SAME_SVML_EXP N=17 D=128 K=1 d=47 block=32 finite=1 max_abs_error=0 mean_abs_error=0 relative_L2_error=0 gate=operand_based_FP32_rounding_budget pass=1
ICPP_ONLINE_SMOKE_BUDGET N=17 D=128 K=1 d=47 block=32 max_absolute_budget=5.21521500891e-05 max_error_to_budget=0 basis=gamma17_plus_gamma_edge_kb_rescales independent_of_master_BF16_error=true
ICPP_ONLINE_SMOKE phase=AMX_VS_BF16_EMULATION_STD_EXP N=17 D=128 K=1 d=47 block=32 finite=1 max_abs_error=7.45058059692e-09 mean_abs_error=6.8408344043e-10 relative_L2_error=6.93499386721e-08 gate=diagnostic_exp_and_RNE_difference pass=1
ICPP_ONLINE_DEN_BUDGET N=17 D=128 K=1 d=47 block=32 differing_states=0 omitted_differing_states=0 max_absolute_budget=0.00623985892751 max_error_to_budget=0 basis=2_gamma_degree_plus_rescales_times_FP64_same_p_r_shadow master_gate_independent=true arithmetic_budget_pass=1
ICPP_ONLINE_SMOKE phase=AMX_DENOMINATOR_VS_SVML_SIMULATION N=17 D=128 K=1 d=47 block=32 finite=1 max_abs_error=0 mean_abs_error=0 relative_L2_error=0 gate=same_p_r_gamma_budget_and_relative_L2_1e-5 pass=1
ICPP_ONLINE_SMOKE phase=AMX_DENOMINATOR_VS_TR16_SIMD_REPLAY N=17 D=128 K=1 d=47 block=32 finite=1 max_abs_error=0 mean_abs_error=0 relative_L2_error=0 gate=bitwise_same_lane_layout_and_mul_add_order pass=1
ICPP_ONLINE_SMOKE phase=AMX_VS_FP32_MASTER N=17 D=128 K=1 d=47 block=32 finite=1 max_abs_error=0.000270315905746 mean_abs_error=2.97228694093e-05 relative_L2_error=0.00252475578466 gate=master_absolute_.003_small_fixture_only pass=1
ICPP_ONLINE_SMOKE phase=PROFILE_ON_VS_OFF N=17 D=128 K=1 d=47 block=32 finite=1 max_abs_error=0 mean_abs_error=0 relative_L2_error=0 gate=bitwise_arithmetic_invariance pass=1
ICPP_ONLINE_SMOKE phase=FINISH_NORMALIZATION_AND_ELU N=17 D=128 K=1 d=47 block=32 finite=1 max_abs_error=2.01165676117e-07 mean_abs_error=2.81418610979e-08 relative_L2_error=3.16094370692e-06 gate=abs_1e-5_SVML_activation_difference pass=1
ICPP_ONLINE_SMOKE_COUNTERS N=17 D=128 K=1 d=47 block=32 edges=1352 blocks=52 max_updates=27 rescales=12 rescale_events=4 spill_bytes=12288 reload_bytes=12288 neighbor_steps=530 amx_calls=6360 original_row_scatter=true complete_neighborhoods=true independent_heads=true
ICPP_ONLINE_SMOKE phase=FP32_V_ONLINE_VS_FP64_STABLE_SAME_LR N=17 D=128 K=1 d=47 block=64 finite=1 max_abs_error=3.85149948812e-07 mean_abs_error=2.56493046742e-08 relative_L2_error=2.82813996591e-06 gate=abs_1e-5_and_relative_L2_1e-5 pass=1
ICPP_ONLINE_SMOKE phase=BF16_EMULATION_STD_EXP_VS_SVML_EXP N=17 D=128 K=1 d=47 block=64 finite=1 max_abs_error=7.45058059692e-09 mean_abs_error=6.46587949084e-10 relative_L2_error=6.61246779866e-08 gate=diagnostic_RNE_threshold_sensitive pass=1
ICPP_ONLINE_SMOKE phase=BF16_EMULATION_VS_FP32_MASTER N=17 D=128 K=1 d=47 block=64 finite=1 max_abs_error=0.000270315905746 mean_abs_error=3.01668293664e-05 relative_L2_error=0.0025755418686 gate=master_absolute_.003_small_fixture_only pass=1
ICPP_ONLINE_SMOKE phase=BF16_EMULATION_VS_QUANTIZED_HW_STABLE N=17 D=128 K=1 d=47 block=64 finite=1 max_abs_error=0.000110614101085 mean_abs_error=1.29438657278e-05 relative_L2_error=0.00111362493917 gate=diagnostic_additional_pH_RNE pass=1
ICPP_ONLINE_SMOKE phase=AMX_VS_BF16_TDP_EMULATION_SAME_SVML_EXP N=17 D=128 K=1 d=47 block=64 finite=1 max_abs_error=0 mean_abs_error=0 relative_L2_error=0 gate=operand_based_FP32_rounding_budget pass=1
ICPP_ONLINE_SMOKE_BUDGET N=17 D=128 K=1 d=47 block=64 max_absolute_budget=5.21521500891e-05 max_error_to_budget=0 basis=gamma17_plus_gamma_edge_kb_rescales independent_of_master_BF16_error=true
ICPP_ONLINE_SMOKE phase=AMX_VS_BF16_EMULATION_STD_EXP N=17 D=128 K=1 d=47 block=64 finite=1 max_abs_error=7.45058059692e-09 mean_abs_error=6.46587949084e-10 relative_L2_error=6.61246779866e-08 gate=diagnostic_exp_and_RNE_difference pass=1
ICPP_ONLINE_DEN_BUDGET N=17 D=128 K=1 d=47 block=64 differing_states=0 omitted_differing_states=0 max_absolute_budget=0.00623985892751 max_error_to_budget=0 basis=2_gamma_degree_plus_rescales_times_FP64_same_p_r_shadow master_gate_independent=true arithmetic_budget_pass=1
ICPP_ONLINE_SMOKE phase=AMX_DENOMINATOR_VS_SVML_SIMULATION N=17 D=128 K=1 d=47 block=64 finite=1 max_abs_error=0 mean_abs_error=0 relative_L2_error=0 gate=same_p_r_gamma_budget_and_relative_L2_1e-5 pass=1
ICPP_ONLINE_SMOKE phase=AMX_DENOMINATOR_VS_TR16_SIMD_REPLAY N=17 D=128 K=1 d=47 block=64 finite=1 max_abs_error=0 mean_abs_error=0 relative_L2_error=0 gate=bitwise_same_lane_layout_and_mul_add_order pass=1
ICPP_ONLINE_SMOKE phase=AMX_VS_FP32_MASTER N=17 D=128 K=1 d=47 block=64 finite=1 max_abs_error=0.000270315905746 mean_abs_error=3.016685906e-05 relative_L2_error=0.00257554428169 gate=master_absolute_.003_small_fixture_only pass=1
ICPP_ONLINE_SMOKE phase=PROFILE_ON_VS_OFF N=17 D=128 K=1 d=47 block=64 finite=1 max_abs_error=0 mean_abs_error=0 relative_L2_error=0 gate=bitwise_arithmetic_invariance pass=1
ICPP_ONLINE_SMOKE phase=FINISH_NORMALIZATION_AND_ELU N=17 D=128 K=1 d=47 block=64 finite=1 max_abs_error=2.01165676117e-07 mean_abs_error=2.82087692879e-08 relative_L2_error=3.18063873249e-06 gate=abs_1e-5_SVML_activation_difference pass=1
ICPP_ONLINE_SMOKE_COUNTERS N=17 D=128 K=1 d=47 block=64 edges=1352 blocks=32 max_updates=20 rescales=5 rescale_events=2 spill_bytes=6144 reload_bytes=6144 neighbor_steps=530 amx_calls=6360 original_row_scatter=true complete_neighborhoods=true independent_heads=true
ICPP_ONLINE_SMOKE phase=FP32_V_ONLINE_VS_FP64_STABLE_SAME_LR N=35 D=128 K=2 d=64 block=16 finite=1 max_abs_error=2.99511128246e-07 mean_abs_error=1.95751712197e-08 relative_L2_error=2.5001557935e-06 gate=abs_1e-5_and_relative_L2_1e-5 pass=1
ICPP_ONLINE_SMOKE phase=BF16_EMULATION_STD_EXP_VS_SVML_EXP N=35 D=128 K=2 d=64 block=16 finite=1 max_abs_error=8.38190317154e-09 mean_abs_error=5.95805208345e-10 relative_L2_error=8.50102733754e-08 gate=diagnostic_RNE_threshold_sensitive pass=1
ICPP_ONLINE_SMOKE phase=BF16_EMULATION_VS_FP32_MASTER N=35 D=128 K=2 d=64 block=16 finite=1 max_abs_error=0.000264629807511 mean_abs_error=2.42042428301e-05 relative_L2_error=0.00255231984201 gate=master_absolute_.003_small_fixture_only pass=1
ICPP_ONLINE_SMOKE phase=BF16_EMULATION_VS_QUANTIZED_HW_STABLE N=35 D=128 K=2 d=64 block=16 finite=1 max_abs_error=0.000111363550929 mean_abs_error=1.05489258754e-05 relative_L2_error=0.00106835228371 gate=diagnostic_additional_pH_RNE pass=1
ICPP_ONLINE_SMOKE phase=AMX_VS_BF16_TDP_EMULATION_SAME_SVML_EXP N=35 D=128 K=2 d=64 block=16 finite=1 max_abs_error=0 mean_abs_error=0 relative_L2_error=0 gate=operand_based_FP32_rounding_budget pass=1
ICPP_ONLINE_SMOKE_BUDGET N=35 D=128 K=2 d=64 block=16 max_absolute_budget=5.20109623531e-05 max_error_to_budget=0 basis=gamma17_plus_gamma_edge_kb_rescales independent_of_master_BF16_error=true
ICPP_ONLINE_SMOKE phase=AMX_VS_BF16_EMULATION_STD_EXP N=35 D=128 K=2 d=64 block=16 finite=1 max_abs_error=8.38190317154e-09 mean_abs_error=5.95805208345e-10 relative_L2_error=8.50102733754e-08 gate=diagnostic_exp_and_RNE_difference pass=1
ICPP_ONLINE_DEN_BUDGET N=35 D=128 K=2 d=64 block=16 differing_states=0 omitted_differing_states=0 max_absolute_budget=0.00660200986258 max_error_to_budget=0 basis=2_gamma_degree_plus_rescales_times_FP64_same_p_r_shadow master_gate_independent=true arithmetic_budget_pass=1
ICPP_ONLINE_SMOKE phase=AMX_DENOMINATOR_VS_SVML_SIMULATION N=35 D=128 K=2 d=64 block=16 finite=1 max_abs_error=0 mean_abs_error=0 relative_L2_error=0 gate=same_p_r_gamma_budget_and_relative_L2_1e-5 pass=1
ICPP_ONLINE_SMOKE phase=AMX_DENOMINATOR_VS_TR16_SIMD_REPLAY N=35 D=128 K=2 d=64 block=16 finite=1 max_abs_error=0 mean_abs_error=0 relative_L2_error=0 gate=bitwise_same_lane_layout_and_mul_add_order pass=1
ICPP_ONLINE_SMOKE phase=AMX_VS_FP32_MASTER N=35 D=128 K=2 d=64 block=16 finite=1 max_abs_error=0.000264629923926 mean_abs_error=2.42042361195e-05 relative_L2_error=0.00255232217505 gate=master_absolute_.003_small_fixture_only pass=1
ICPP_ONLINE_SMOKE phase=PROFILE_ON_VS_OFF N=35 D=128 K=2 d=64 block=16 finite=1 max_abs_error=0 mean_abs_error=0 relative_L2_error=0 gate=bitwise_arithmetic_invariance pass=1
ICPP_ONLINE_SMOKE phase=FINISH_NORMALIZATION_AND_ELU N=35 D=128 K=2 d=64 block=16 finite=1 max_abs_error=2.01165676117e-07 mean_abs_error=3.41188586336e-08 relative_L2_error=4.07136846639e-06 gate=abs_1e-5_SVML_activation_difference pass=1
ICPP_ONLINE_SMOKE_COUNTERS N=35 D=128 K=2 d=64 block=16 edges=2736 blocks=380 max_updates=157 rescales=93 rescale_events=37 spill_bytes=151552 reload_bytes=151552 neighbor_steps=1126 amx_calls=18016 original_row_scatter=true complete_neighborhoods=true independent_heads=true
ICPP_ONLINE_SMOKE phase=FP32_V_ONLINE_VS_FP64_STABLE_SAME_LR N=35 D=128 K=2 d=64 block=32 finite=1 max_abs_error=2.99511128246e-07 mean_abs_error=1.97412932051e-08 relative_L2_error=2.50838618615e-06 gate=abs_1e-5_and_relative_L2_1e-5 pass=1
ICPP_ONLINE_SMOKE phase=BF16_EMULATION_STD_EXP_VS_SVML_EXP N=35 D=128 K=2 d=64 block=32 finite=1 max_abs_error=1.49011611938e-08 mean_abs_error=5.16770930809e-10 relative_L2_error=8.89734057062e-08 gate=diagnostic_RNE_threshold_sensitive pass=1
ICPP_ONLINE_SMOKE phase=BF16_EMULATION_VS_FP32_MASTER N=35 D=128 K=2 d=64 block=32 finite=1 max_abs_error=0.000264629807511 mean_abs_error=2.45567176656e-05 relative_L2_error=0.00257536461783 gate=master_absolute_.003_small_fixture_only pass=1
ICPP_ONLINE_SMOKE phase=BF16_EMULATION_VS_QUANTIZED_HW_STABLE N=35 D=128 K=2 d=64 block=32 finite=1 max_abs_error=0.000111363550929 mean_abs_error=1.20465631114e-05 relative_L2_error=0.00121990725149 gate=diagnostic_additional_pH_RNE pass=1
ICPP_ONLINE_SMOKE phase=AMX_VS_BF16_TDP_EMULATION_SAME_SVML_EXP N=35 D=128 K=2 d=64 block=32 finite=1 max_abs_error=0 mean_abs_error=0 relative_L2_error=0 gate=operand_based_FP32_rounding_budget pass=1
ICPP_ONLINE_SMOKE_BUDGET N=35 D=128 K=2 d=64 block=32 max_absolute_budget=5.159600726e-05 max_error_to_budget=0 basis=gamma17_plus_gamma_edge_kb_rescales independent_of_master_BF16_error=true
ICPP_ONLINE_SMOKE phase=AMX_VS_BF16_EMULATION_STD_EXP N=35 D=128 K=2 d=64 block=32 finite=1 max_abs_error=1.49011611938e-08 mean_abs_error=5.16770930809e-10 relative_L2_error=8.89734057062e-08 gate=diagnostic_exp_and_RNE_difference pass=1
ICPP_ONLINE_DEN_BUDGET N=35 D=128 K=2 d=64 block=32 differing_states=0 omitted_differing_states=0 max_absolute_budget=0.00660200986258 max_error_to_budget=0 basis=2_gamma_degree_plus_rescales_times_FP64_same_p_r_shadow master_gate_independent=true arithmetic_budget_pass=1
ICPP_ONLINE_SMOKE phase=AMX_DENOMINATOR_VS_SVML_SIMULATION N=35 D=128 K=2 d=64 block=32 finite=1 max_abs_error=0 mean_abs_error=0 relative_L2_error=0 gate=same_p_r_gamma_budget_and_relative_L2_1e-5 pass=1
ICPP_ONLINE_SMOKE phase=AMX_DENOMINATOR_VS_TR16_SIMD_REPLAY N=35 D=128 K=2 d=64 block=32 finite=1 max_abs_error=0 mean_abs_error=0 relative_L2_error=0 gate=bitwise_same_lane_layout_and_mul_add_order pass=1
ICPP_ONLINE_SMOKE phase=AMX_VS_FP32_MASTER N=35 D=128 K=2 d=64 block=32 finite=1 max_abs_error=0.000264629923926 mean_abs_error=2.45567071001e-05 relative_L2_error=0.00257536684834 gate=master_absolute_.003_small_fixture_only pass=1
ICPP_ONLINE_SMOKE phase=PROFILE_ON_VS_OFF N=35 D=128 K=2 d=64 block=32 finite=1 max_abs_error=0 mean_abs_error=0 relative_L2_error=0 gate=bitwise_arithmetic_invariance pass=1
ICPP_ONLINE_SMOKE phase=FINISH_NORMALIZATION_AND_ELU N=35 D=128 K=2 d=64 block=32 finite=1 max_abs_error=2.01165676117e-07 mean_abs_error=3.44369202995e-08 relative_L2_error=4.09546254715e-06 gate=abs_1e-5_SVML_activation_difference pass=1
ICPP_ONLINE_SMOKE_COUNTERS N=35 D=128 K=2 d=64 block=32 edges=2736 blocks=210 max_updates=107 rescales=43 rescale_events=18 spill_bytes=73728 reload_bytes=73728 neighbor_steps=1126 amx_calls=18016 original_row_scatter=true complete_neighborhoods=true independent_heads=true
ICPP_ONLINE_SMOKE phase=FP32_V_ONLINE_VS_FP64_STABLE_SAME_LR N=35 D=128 K=2 d=64 block=64 finite=1 max_abs_error=3.1847509852e-07 mean_abs_error=2.00286662194e-08 relative_L2_error=2.56891770291e-06 gate=abs_1e-5_and_relative_L2_1e-5 pass=1
ICPP_ONLINE_SMOKE phase=BF16_EMULATION_STD_EXP_VS_SVML_EXP N=35 D=128 K=2 d=64 block=64 finite=1 max_abs_error=1.11758708954e-08 mean_abs_error=4.29093611436e-10 relative_L2_error=7.07840969322e-08 gate=diagnostic_RNE_threshold_sensitive pass=1
ICPP_ONLINE_SMOKE phase=BF16_EMULATION_VS_FP32_MASTER N=35 D=128 K=2 d=64 block=64 finite=1 max_abs_error=0.000264629807511 mean_abs_error=2.50410831073e-05 relative_L2_error=0.00261462054329 gate=master_absolute_.003_small_fixture_only pass=1
ICPP_ONLINE_SMOKE phase=BF16_EMULATION_VS_QUANTIZED_HW_STABLE N=35 D=128 K=2 d=64 block=64 finite=1 max_abs_error=0.000111363550929 mean_abs_error=1.24310980647e-05 relative_L2_error=0.00124676534823 gate=diagnostic_additional_pH_RNE pass=1
ICPP_ONLINE_SMOKE phase=AMX_VS_BF16_TDP_EMULATION_SAME_SVML_EXP N=35 D=128 K=2 d=64 block=64 finite=1 max_abs_error=0 mean_abs_error=0 relative_L2_error=0 gate=operand_based_FP32_rounding_budget pass=1
ICPP_ONLINE_SMOKE_BUDGET N=35 D=128 K=2 d=64 block=64 max_absolute_budget=5.14154818332e-05 max_error_to_budget=0 basis=gamma17_plus_gamma_edge_kb_rescales independent_of_master_BF16_error=true
ICPP_ONLINE_SMOKE phase=AMX_VS_BF16_EMULATION_STD_EXP N=35 D=128 K=2 d=64 block=64 finite=1 max_abs_error=1.11758708954e-08 mean_abs_error=4.29093611436e-10 relative_L2_error=7.07840969322e-08 gate=diagnostic_exp_and_RNE_difference pass=1
ICPP_ONLINE_DEN_BUDGET N=35 D=128 K=2 d=64 block=64 differing_states=0 omitted_differing_states=0 max_absolute_budget=0.00660200986258 max_error_to_budget=0 basis=2_gamma_degree_plus_rescales_times_FP64_same_p_r_shadow master_gate_independent=true arithmetic_budget_pass=1
ICPP_ONLINE_SMOKE phase=AMX_DENOMINATOR_VS_SVML_SIMULATION N=35 D=128 K=2 d=64 block=64 finite=1 max_abs_error=0 mean_abs_error=0 relative_L2_error=0 gate=same_p_r_gamma_budget_and_relative_L2_1e-5 pass=1
ICPP_ONLINE_SMOKE phase=AMX_DENOMINATOR_VS_TR16_SIMD_REPLAY N=35 D=128 K=2 d=64 block=64 finite=1 max_abs_error=0 mean_abs_error=0 relative_L2_error=0 gate=bitwise_same_lane_layout_and_mul_add_order pass=1
ICPP_ONLINE_SMOKE phase=AMX_VS_FP32_MASTER N=35 D=128 K=2 d=64 block=64 finite=1 max_abs_error=0.000264629923926 mean_abs_error=2.50410723352e-05 relative_L2_error=0.00261462268154 gate=master_absolute_.003_small_fixture_only pass=1
ICPP_ONLINE_SMOKE phase=PROFILE_ON_VS_OFF N=35 D=128 K=2 d=64 block=64 finite=1 max_abs_error=0 mean_abs_error=0 relative_L2_error=0 gate=bitwise_arithmetic_invariance pass=1
ICPP_ONLINE_SMOKE phase=FINISH_NORMALIZATION_AND_ELU N=35 D=128 K=2 d=64 block=64 finite=1 max_abs_error=2.04425305128e-07 mean_abs_error=3.44709479881e-08 relative_L2_error=4.10246561871e-06 gate=abs_1e-5_SVML_activation_difference pass=1
ICPP_ONLINE_SMOKE_COUNTERS N=35 D=128 K=2 d=64 block=64 edges=2736 blocks=130 max_updates=80 rescales=16 rescale_events=8 spill_bytes=32768 reload_bytes=32768 neighbor_steps=1126 amx_calls=18016 original_row_scatter=true complete_neighborhoods=true independent_heads=true
ICPP_ONLINE_SMOKE phase=FP32_V_ONLINE_VS_FP64_STABLE_SAME_LR N=17 D=128 K=8 d=7 block=16 finite=1 max_abs_error=4.54097844861e-07 mean_abs_error=2.60404403564e-08 relative_L2_error=3.28772493888e-06 gate=abs_1e-5_and_relative_L2_1e-5 pass=1
ICPP_ONLINE_SMOKE phase=BF16_EMULATION_STD_EXP_VS_SVML_EXP N=17 D=128 K=8 d=7 block=16 finite=1 max_abs_error=2.47079879045e-06 mean_abs_error=1.08791234098e-08 relative_L2_error=7.94655424203e-06 gate=diagnostic_RNE_threshold_sensitive pass=1
ICPP_ONLINE_SMOKE phase=BF16_EMULATION_VS_FP32_MASTER N=17 D=128 K=8 d=7 block=16 finite=1 max_abs_error=0.000288999870543 mean_abs_error=2.68905102662e-05 relative_L2_error=0.00266508875895 gate=master_absolute_.003_small_fixture_only pass=1
ICPP_ONLINE_SMOKE phase=BF16_EMULATION_VS_QUANTIZED_HW_STABLE N=17 D=128 K=8 d=7 block=16 finite=1 max_abs_error=0.00011730756332 mean_abs_error=1.30642889552e-05 relative_L2_error=0.00124419589195 gate=diagnostic_additional_pH_RNE pass=1
ICPP_ONLINE_SMOKE phase=AMX_VS_BF16_TDP_EMULATION_SAME_SVML_EXP N=17 D=128 K=8 d=7 block=16 finite=1 max_abs_error=0 mean_abs_error=0 relative_L2_error=0 gate=operand_based_FP32_rounding_budget pass=1
ICPP_ONLINE_SMOKE_BUDGET N=17 D=128 K=8 d=7 block=16 max_absolute_budget=5.05748786156e-05 max_error_to_budget=0 basis=gamma17_plus_gamma_edge_kb_rescales independent_of_master_BF16_error=true
ICPP_ONLINE_SMOKE phase=AMX_VS_BF16_EMULATION_STD_EXP N=17 D=128 K=8 d=7 block=16 finite=1 max_abs_error=2.47079879045e-06 mean_abs_error=1.08791234098e-08 relative_L2_error=7.94655424203e-06 gate=diagnostic_exp_and_RNE_difference pass=1
ICPP_ONLINE_DEN_BUDGET N=17 D=128 K=8 d=7 block=16 differing_states=0 omitted_differing_states=0 max_absolute_budget=0.00649687959522 max_error_to_budget=0 basis=2_gamma_degree_plus_rescales_times_FP64_same_p_r_shadow master_gate_independent=true arithmetic_budget_pass=1
ICPP_ONLINE_SMOKE phase=AMX_DENOMINATOR_VS_SVML_SIMULATION N=17 D=128 K=8 d=7 block=16 finite=1 max_abs_error=0 mean_abs_error=0 relative_L2_error=0 gate=same_p_r_gamma_budget_and_relative_L2_1e-5 pass=1
ICPP_ONLINE_SMOKE phase=AMX_DENOMINATOR_VS_TR16_SIMD_REPLAY N=17 D=128 K=8 d=7 block=16 finite=1 max_abs_error=0 mean_abs_error=0 relative_L2_error=0 gate=bitwise_same_lane_layout_and_mul_add_order pass=1
ICPP_ONLINE_SMOKE phase=AMX_VS_FP32_MASTER N=17 D=128 K=8 d=7 block=16 finite=1 max_abs_error=0.000288999870543 mean_abs_error=2.68891766489e-05 relative_L2_error=0.0026651490492 gate=master_absolute_.003_small_fixture_only pass=1
ICPP_ONLINE_SMOKE phase=PROFILE_ON_VS_OFF N=17 D=128 K=8 d=7 block=16 finite=1 max_abs_error=0 mean_abs_error=0 relative_L2_error=0 gate=bitwise_arithmetic_invariance pass=1
ICPP_ONLINE_SMOKE phase=FINISH_NORMALIZATION_AND_ELU N=17 D=128 K=8 d=7 block=16 finite=1 max_abs_error=2.00234353542e-07 mean_abs_error=3.30856030379e-08 relative_L2_error=3.89137064328e-06 gate=abs_1e-5_SVML_activation_difference pass=1
ICPP_ONLINE_SMOKE_COUNTERS N=17 D=128 K=8 d=7 block=16 edges=1352 blocks=752 max_updates=218 rescales=98 rescale_events=35 spill_bytes=35840 reload_bytes=35840 neighbor_steps=4240 amx_calls=16960 original_row_scatter=true complete_neighborhoods=true independent_heads=true
ICPP_ONLINE_SMOKE phase=FP32_V_ONLINE_VS_FP64_STABLE_SAME_LR N=17 D=128 K=8 d=7 block=32 finite=1 max_abs_error=4.54097844861e-07 mean_abs_error=2.66290766937e-08 relative_L2_error=3.35959622697e-06 gate=abs_1e-5_and_relative_L2_1e-5 pass=1
ICPP_ONLINE_SMOKE phase=BF16_EMULATION_STD_EXP_VS_SVML_EXP N=17 D=128 K=8 d=7 block=32 finite=1 max_abs_error=2.47079879045e-06 mean_abs_error=1.08443366705e-08 relative_L2_error=7.94653000749e-06 gate=diagnostic_RNE_threshold_sensitive pass=1
ICPP_ONLINE_SMOKE phase=BF16_EMULATION_VS_FP32_MASTER N=17 D=128 K=8 d=7 block=32 finite=1 max_abs_error=0.000288999870543 mean_abs_error=2.68223970872e-05 relative_L2_error=0.00267701724747 gate=master_absolute_.003_small_fixture_only pass=1
ICPP_ONLINE_SMOKE phase=BF16_EMULATION_VS_QUANTIZED_HW_STABLE N=17 D=128 K=8 d=7 block=32 finite=1 max_abs_error=0.00011730756332 mean_abs_error=1.38081844649e-05 relative_L2_error=0.001296629344 gate=diagnostic_additional_pH_RNE pass=1
ICPP_ONLINE_SMOKE phase=AMX_VS_BF16_TDP_EMULATION_SAME_SVML_EXP N=17 D=128 K=8 d=7 block=32 finite=1 max_abs_error=0 mean_abs_error=0 relative_L2_error=0 gate=operand_based_FP32_rounding_budget pass=1
ICPP_ONLINE_SMOKE_BUDGET N=17 D=128 K=8 d=7 block=32 max_absolute_budget=5.05748786156e-05 max_error_to_budget=0 basis=gamma17_plus_gamma_edge_kb_rescales independent_of_master_BF16_error=true
ICPP_ONLINE_SMOKE phase=AMX_VS_BF16_EMULATION_STD_EXP N=17 D=128 K=8 d=7 block=32 finite=1 max_abs_error=2.47079879045e-06 mean_abs_error=1.08443366705e-08 relative_L2_error=7.94653000749e-06 gate=diagnostic_exp_and_RNE_difference pass=1
ICPP_ONLINE_DEN_BUDGET N=17 D=128 K=8 d=7 block=32 differing_states=0 omitted_differing_states=0 max_absolute_budget=0.00649687959522 max_error_to_budget=0 basis=2_gamma_degree_plus_rescales_times_FP64_same_p_r_shadow master_gate_independent=true arithmetic_budget_pass=1
ICPP_ONLINE_SMOKE phase=AMX_DENOMINATOR_VS_SVML_SIMULATION N=17 D=128 K=8 d=7 block=32 finite=1 max_abs_error=0 mean_abs_error=0 relative_L2_error=0 gate=same_p_r_gamma_budget_and_relative_L2_1e-5 pass=1
ICPP_ONLINE_SMOKE phase=AMX_DENOMINATOR_VS_TR16_SIMD_REPLAY N=17 D=128 K=8 d=7 block=32 finite=1 max_abs_error=0 mean_abs_error=0 relative_L2_error=0 gate=bitwise_same_lane_layout_and_mul_add_order pass=1
ICPP_ONLINE_SMOKE phase=AMX_VS_FP32_MASTER N=17 D=128 K=8 d=7 block=32 finite=1 max_abs_error=0.000288999870543 mean_abs_error=2.6821058407e-05 relative_L2_error=0.00267707562111 gate=master_absolute_.003_small_fixture_only pass=1
ICPP_ONLINE_SMOKE phase=PROFILE_ON_VS_OFF N=17 D=128 K=8 d=7 block=32 finite=1 max_abs_error=0 mean_abs_error=0 relative_L2_error=0 gate=bitwise_arithmetic_invariance pass=1
ICPP_ONLINE_SMOKE phase=FINISH_NORMALIZATION_AND_ELU N=17 D=128 K=8 d=7 block=32 finite=1 max_abs_error=1.95577740669e-07 mean_abs_error=3.28318105476e-08 relative_L2_error=3.84700182615e-06 gate=abs_1e-5_SVML_activation_difference pass=1
ICPP_ONLINE_SMOKE_COUNTERS N=17 D=128 K=8 d=7 block=32 edges=1352 blocks=416 max_updates=176 rescales=56 rescale_events=19 spill_bytes=19456 reload_bytes=19456 neighbor_steps=4240 amx_calls=16960 original_row_scatter=true complete_neighborhoods=true independent_heads=true
ICPP_ONLINE_SMOKE phase=FP32_V_ONLINE_VS_FP64_STABLE_SAME_LR N=17 D=128 K=8 d=7 block=64 finite=1 max_abs_error=4.54097844861e-07 mean_abs_error=2.59806846937e-08 relative_L2_error=3.29278370479e-06 gate=abs_1e-5_and_relative_L2_1e-5 pass=1
ICPP_ONLINE_SMOKE phase=BF16_EMULATION_STD_EXP_VS_SVML_EXP N=17 D=128 K=8 d=7 block=64 finite=1 max_abs_error=2.47079879045e-06 mean_abs_error=1.08241486586e-08 relative_L2_error=7.94622866482e-06 gate=diagnostic_RNE_threshold_sensitive pass=1
ICPP_ONLINE_SMOKE phase=BF16_EMULATION_VS_FP32_MASTER N=17 D=128 K=8 d=7 block=64 finite=1 max_abs_error=0.000288999870543 mean_abs_error=2.70722725309e-05 relative_L2_error=0.00269665480404 gate=master_absolute_.003_small_fixture_only pass=1
ICPP_ONLINE_SMOKE phase=BF16_EMULATION_VS_QUANTIZED_HW_STABLE N=17 D=128 K=8 d=7 block=64 finite=1 max_abs_error=0.00011730756332 mean_abs_error=1.38198876253e-05 relative_L2_error=0.00130718103622 gate=diagnostic_additional_pH_RNE pass=1
ICPP_ONLINE_SMOKE phase=AMX_VS_BF16_TDP_EMULATION_SAME_SVML_EXP N=17 D=128 K=8 d=7 block=64 finite=1 max_abs_error=0 mean_abs_error=0 relative_L2_error=0 gate=operand_based_FP32_rounding_budget pass=1
ICPP_ONLINE_SMOKE_BUDGET N=17 D=128 K=8 d=7 block=64 max_absolute_budget=5.05748786156e-05 max_error_to_budget=0 basis=gamma17_plus_gamma_edge_kb_rescales independent_of_master_BF16_error=true
ICPP_ONLINE_SMOKE phase=AMX_VS_BF16_EMULATION_STD_EXP N=17 D=128 K=8 d=7 block=64 finite=1 max_abs_error=2.47079879045e-06 mean_abs_error=1.08241486586e-08 relative_L2_error=7.94622866482e-06 gate=diagnostic_exp_and_RNE_difference pass=1
ICPP_ONLINE_DEN_BUDGET N=17 D=128 K=8 d=7 block=64 differing_states=0 omitted_differing_states=0 max_absolute_budget=0.00649687959522 max_error_to_budget=0 basis=2_gamma_degree_plus_rescales_times_FP64_same_p_r_shadow master_gate_independent=true arithmetic_budget_pass=1
ICPP_ONLINE_SMOKE phase=AMX_DENOMINATOR_VS_SVML_SIMULATION N=17 D=128 K=8 d=7 block=64 finite=1 max_abs_error=0 mean_abs_error=0 relative_L2_error=0 gate=same_p_r_gamma_budget_and_relative_L2_1e-5 pass=1
ICPP_ONLINE_SMOKE phase=AMX_DENOMINATOR_VS_TR16_SIMD_REPLAY N=17 D=128 K=8 d=7 block=64 finite=1 max_abs_error=0 mean_abs_error=0 relative_L2_error=0 gate=bitwise_same_lane_layout_and_mul_add_order pass=1
ICPP_ONLINE_SMOKE phase=AMX_VS_FP32_MASTER N=17 D=128 K=8 d=7 block=64 finite=1 max_abs_error=0.000288999870543 mean_abs_error=2.70709246597e-05 relative_L2_error=0.0026967107171 gate=master_absolute_.003_small_fixture_only pass=1
ICPP_ONLINE_SMOKE phase=PROFILE_ON_VS_OFF N=17 D=128 K=8 d=7 block=64 finite=1 max_abs_error=0 mean_abs_error=0 relative_L2_error=0 gate=bitwise_arithmetic_invariance pass=1
ICPP_ONLINE_SMOKE phase=FINISH_NORMALIZATION_AND_ELU N=17 D=128 K=8 d=7 block=64 finite=1 max_abs_error=1.95577740669e-07 mean_abs_error=3.28657603989e-08 relative_L2_error=3.84727393398e-06 gate=abs_1e-5_SVML_activation_difference pass=1
ICPP_ONLINE_SMOKE_COUNTERS N=17 D=128 K=8 d=7 block=64 edges=1352 blocks=256 max_updates=147 rescales=27 rescale_events=10 spill_bytes=10240 reload_bytes=10240 neighbor_steps=4240 amx_calls=16960 original_row_scatter=true complete_neighborhoods=true independent_heads=true
ICPP_ONLINE_SMOKE phase=FP32_V_ONLINE_VS_FP64_STABLE_SAME_LR N=35 D=256 K=1 d=32 block=16 finite=1 max_abs_error=4.0757382031e-07 mean_abs_error=2.93226720925e-08 relative_L2_error=3.53967243971e-06 gate=abs_1e-5_and_relative_L2_1e-5 pass=1
ICPP_ONLINE_SMOKE phase=BF16_EMULATION_STD_EXP_VS_SVML_EXP N=35 D=256 K=1 d=32 block=16 finite=1 max_abs_error=9.35106072575e-07 mean_abs_error=1.63896418469e-08 relative_L2_error=6.45402050678e-06 gate=diagnostic_RNE_threshold_sensitive pass=1
ICPP_ONLINE_SMOKE phase=BF16_EMULATION_VS_FP32_MASTER N=35 D=256 K=1 d=32 block=16 finite=1 max_abs_error=0.00026088364881 mean_abs_error=2.72427543512e-05 relative_L2_error=0.00265519802364 gate=master_absolute_.003_small_fixture_only pass=1
ICPP_ONLINE_SMOKE phase=BF16_EMULATION_VS_QUANTIZED_HW_STABLE N=35 D=256 K=1 d=32 block=16 finite=1 max_abs_error=9.29002538178e-05 mean_abs_error=1.00458902892e-05 relative_L2_error=0.000949188997951 gate=diagnostic_additional_pH_RNE pass=1
ICPP_ONLINE_SMOKE phase=AMX_VS_BF16_TDP_EMULATION_SAME_SVML_EXP N=35 D=256 K=1 d=32 block=16 finite=1 max_abs_error=0 mean_abs_error=0 relative_L2_error=0 gate=operand_based_FP32_rounding_budget pass=1
ICPP_ONLINE_SMOKE_BUDGET N=35 D=256 K=1 d=32 block=16 max_absolute_budget=0.000143261893407 max_error_to_budget=0 basis=gamma17_plus_gamma_edge_kb_rescales independent_of_master_BF16_error=true
ICPP_ONLINE_SMOKE phase=AMX_VS_BF16_EMULATION_STD_EXP N=35 D=256 K=1 d=32 block=16 finite=1 max_abs_error=9.35106072575e-07 mean_abs_error=1.63896418469e-08 relative_L2_error=6.45402050678e-06 gate=diagnostic_exp_and_RNE_difference pass=1
ICPP_ONLINE_DEN_BUDGET N=35 D=256 K=1 d=32 block=16 differing_states=0 omitted_differing_states=0 max_absolute_budget=0.00677893797217 max_error_to_budget=0 basis=2_gamma_degree_plus_rescales_times_FP64_same_p_r_shadow master_gate_independent=true arithmetic_budget_pass=1
ICPP_ONLINE_SMOKE phase=AMX_DENOMINATOR_VS_SVML_SIMULATION N=35 D=256 K=1 d=32 block=16 finite=1 max_abs_error=0 mean_abs_error=0 relative_L2_error=0 gate=same_p_r_gamma_budget_and_relative_L2_1e-5 pass=1
ICPP_ONLINE_SMOKE phase=AMX_DENOMINATOR_VS_TR16_SIMD_REPLAY N=35 D=256 K=1 d=32 block=16 finite=1 max_abs_error=0 mean_abs_error=0 relative_L2_error=0 gate=bitwise_same_lane_layout_and_mul_add_order pass=1
ICPP_ONLINE_SMOKE phase=AMX_VS_FP32_MASTER N=35 D=256 K=1 d=32 block=16 finite=1 max_abs_error=0.00026088364881 mean_abs_error=2.72376104327e-05 relative_L2_error=0.00265508142235 gate=master_absolute_.003_small_fixture_only pass=1
ICPP_ONLINE_SMOKE phase=PROFILE_ON_VS_OFF N=35 D=256 K=1 d=32 block=16 finite=1 max_abs_error=0 mean_abs_error=0 relative_L2_error=0 gate=bitwise_arithmetic_invariance pass=1
ICPP_ONLINE_SMOKE phase=FINISH_NORMALIZATION_AND_ELU N=35 D=256 K=1 d=32 block=16 finite=1 max_abs_error=1.9883736968e-07 mean_abs_error=3.11126021708e-08 relative_L2_error=3.65202630889e-06 gate=abs_1e-5_SVML_activation_difference pass=1
ICPP_ONLINE_SMOKE_COUNTERS N=35 D=256 K=1 d=32 block=16 edges=2736 blocks=190 max_updates=97 rescales=65 rescale_events=27 spill_bytes=55296 reload_bytes=55296 neighbor_steps=563 amx_calls=9008 original_row_scatter=true complete_neighborhoods=true independent_heads=true
ICPP_ONLINE_SMOKE phase=FP32_V_ONLINE_VS_FP64_STABLE_SAME_LR N=35 D=256 K=1 d=32 block=32 finite=1 max_abs_error=3.55794925497e-07 mean_abs_error=2.6976147632e-08 relative_L2_error=3.1956655724e-06 gate=abs_1e-5_and_relative_L2_1e-5 pass=1
ICPP_ONLINE_SMOKE phase=BF16_EMULATION_STD_EXP_VS_SVML_EXP N=35 D=256 K=1 d=32 block=32 finite=1 max_abs_error=9.35106072575e-07 mean_abs_error=1.61726648327e-08 relative_L2_error=6.45410680548e-06 gate=diagnostic_RNE_threshold_sensitive pass=1
ICPP_ONLINE_SMOKE phase=BF16_EMULATION_VS_FP32_MASTER N=35 D=256 K=1 d=32 block=32 finite=1 max_abs_error=0.00026088364881 mean_abs_error=2.799233288e-05 relative_L2_error=0.00274348502715 gate=master_absolute_.003_small_fixture_only pass=1
ICPP_ONLINE_SMOKE phase=BF16_EMULATION_VS_QUANTIZED_HW_STABLE N=35 D=256 K=1 d=32 block=32 finite=1 max_abs_error=9.29002538178e-05 mean_abs_error=1.20013182828e-05 relative_L2_error=0.00110575480097 gate=diagnostic_additional_pH_RNE pass=1
ICPP_ONLINE_SMOKE phase=AMX_VS_BF16_TDP_EMULATION_SAME_SVML_EXP N=35 D=256 K=1 d=32 block=32 finite=1 max_abs_error=0 mean_abs_error=0 relative_L2_error=0 gate=operand_based_FP32_rounding_budget pass=1
ICPP_ONLINE_SMOKE_BUDGET N=35 D=256 K=1 d=32 block=32 max_absolute_budget=0.000142687957437 max_error_to_budget=0 basis=gamma17_plus_gamma_edge_kb_rescales independent_of_master_BF16_error=true
ICPP_ONLINE_SMOKE phase=AMX_VS_BF16_EMULATION_STD_EXP N=35 D=256 K=1 d=32 block=32 finite=1 max_abs_error=9.35106072575e-07 mean_abs_error=1.61726648327e-08 relative_L2_error=6.45410680548e-06 gate=diagnostic_exp_and_RNE_difference pass=1
ICPP_ONLINE_DEN_BUDGET N=35 D=256 K=1 d=32 block=32 differing_states=0 omitted_differing_states=0 max_absolute_budget=0.00656855290926 max_error_to_budget=0 basis=2_gamma_degree_plus_rescales_times_FP64_same_p_r_shadow master_gate_independent=true arithmetic_budget_pass=1
ICPP_ONLINE_SMOKE phase=AMX_DENOMINATOR_VS_SVML_SIMULATION N=35 D=256 K=1 d=32 block=32 finite=1 max_abs_error=0 mean_abs_error=0 relative_L2_error=0 gate=same_p_r_gamma_budget_and_relative_L2_1e-5 pass=1
ICPP_ONLINE_SMOKE phase=AMX_DENOMINATOR_VS_TR16_SIMD_REPLAY N=35 D=256 K=1 d=32 block=32 finite=1 max_abs_error=0 mean_abs_error=0 relative_L2_error=0 gate=bitwise_same_lane_layout_and_mul_add_order pass=1
ICPP_ONLINE_SMOKE phase=AMX_VS_FP32_MASTER N=35 D=256 K=1 d=32 block=32 finite=1 max_abs_error=0.00026088364881 mean_abs_error=2.79872160929e-05 relative_L2_error=0.00274337323697 gate=master_absolute_.003_small_fixture_only pass=1
ICPP_ONLINE_SMOKE phase=PROFILE_ON_VS_OFF N=35 D=256 K=1 d=32 block=32 finite=1 max_abs_error=0 mean_abs_error=0 relative_L2_error=0 gate=bitwise_arithmetic_invariance pass=1
ICPP_ONLINE_SMOKE phase=FINISH_NORMALIZATION_AND_ELU N=35 D=256 K=1 d=32 block=32 finite=1 max_abs_error=2.01165676117e-07 mean_abs_error=3.065569477e-08 relative_L2_error=3.60902835592e-06 gate=abs_1e-5_SVML_activation_difference pass=1
ICPP_ONLINE_SMOKE_COUNTERS N=35 D=256 K=1 d=32 block=32 edges=2736 blocks=105 max_updates=60 rescales=28 rescale_events=13 spill_bytes=26624 reload_bytes=26624 neighbor_steps=563 amx_calls=9008 original_row_scatter=true complete_neighborhoods=true independent_heads=true
ICPP_ONLINE_SMOKE phase=FP32_V_ONLINE_VS_FP64_STABLE_SAME_LR N=35 D=256 K=1 d=32 block=64 finite=1 max_abs_error=4.89110421661e-07 mean_abs_error=2.86374705102e-08 relative_L2_error=3.43742792585e-06 gate=abs_1e-5_and_relative_L2_1e-5 pass=1
ICPP_ONLINE_SMOKE phase=BF16_EMULATION_STD_EXP_VS_SVML_EXP N=35 D=256 K=1 d=32 block=64 finite=1 max_abs_error=9.35106072575e-07 mean_abs_error=1.61738987409e-08 relative_L2_error=6.45379980269e-06 gate=diagnostic_RNE_threshold_sensitive pass=1
ICPP_ONLINE_SMOKE phase=BF16_EMULATION_VS_FP32_MASTER N=35 D=256 K=1 d=32 block=64 finite=1 max_abs_error=0.00026088364881 mean_abs_error=2.76663470203e-05 relative_L2_error=0.00271377331908 gate=master_absolute_.003_small_fixture_only pass=1
ICPP_ONLINE_SMOKE phase=BF16_EMULATION_VS_QUANTIZED_HW_STABLE N=35 D=256 K=1 d=32 block=64 finite=1 max_abs_error=9.29002538178e-05 mean_abs_error=1.2235916793e-05 relative_L2_error=0.00114714215549 gate=diagnostic_additional_pH_RNE pass=1
ICPP_ONLINE_SMOKE phase=AMX_VS_BF16_TDP_EMULATION_SAME_SVML_EXP N=35 D=256 K=1 d=32 block=64 finite=1 max_abs_error=0 mean_abs_error=0 relative_L2_error=0 gate=operand_based_FP32_rounding_budget pass=1
ICPP_ONLINE_SMOKE_BUDGET N=35 D=256 K=1 d=32 block=64 max_absolute_budget=0.000142445497277 max_error_to_budget=0 basis=gamma17_plus_gamma_edge_kb_rescales independent_of_master_BF16_error=true
ICPP_ONLINE_SMOKE phase=AMX_VS_BF16_EMULATION_STD_EXP N=35 D=256 K=1 d=32 block=64 finite=1 max_abs_error=9.35106072575e-07 mean_abs_error=1.61738987409e-08 relative_L2_error=6.45379980269e-06 gate=diagnostic_exp_and_RNE_difference pass=1
ICPP_ONLINE_DEN_BUDGET N=35 D=256 K=1 d=32 block=64 differing_states=0 omitted_differing_states=0 max_absolute_budget=0.00647504875214 max_error_to_budget=0 basis=2_gamma_degree_plus_rescales_times_FP64_same_p_r_shadow master_gate_independent=true arithmetic_budget_pass=1
ICPP_ONLINE_SMOKE phase=AMX_DENOMINATOR_VS_SVML_SIMULATION N=35 D=256 K=1 d=32 block=64 finite=1 max_abs_error=0 mean_abs_error=0 relative_L2_error=0 gate=same_p_r_gamma_budget_and_relative_L2_1e-5 pass=1
ICPP_ONLINE_SMOKE phase=AMX_DENOMINATOR_VS_TR16_SIMD_REPLAY N=35 D=256 K=1 d=32 block=64 finite=1 max_abs_error=0 mean_abs_error=0 relative_L2_error=0 gate=bitwise_same_lane_layout_and_mul_add_order pass=1
ICPP_ONLINE_SMOKE phase=AMX_VS_FP32_MASTER N=35 D=256 K=1 d=32 block=64 finite=1 max_abs_error=0.00026088364881 mean_abs_error=2.76611919691e-05 relative_L2_error=0.00271365841892 gate=master_absolute_.003_small_fixture_only pass=1
ICPP_ONLINE_SMOKE phase=PROFILE_ON_VS_OFF N=35 D=256 K=1 d=32 block=64 finite=1 max_abs_error=0 mean_abs_error=0 relative_L2_error=0 gate=bitwise_arithmetic_invariance pass=1
ICPP_ONLINE_SMOKE phase=FINISH_NORMALIZATION_AND_ELU N=35 D=256 K=1 d=32 block=64 finite=1 max_abs_error=1.97440385818e-07 mean_abs_error=3.08000348273e-08 relative_L2_error=3.60607401519e-06 gate=abs_1e-5_SVML_activation_difference pass=1
ICPP_ONLINE_SMOKE_COUNTERS N=35 D=256 K=1 d=32 block=64 edges=2736 blocks=65 max_updates=43 rescales=11 rescale_events=6 spill_bytes=12288 reload_bytes=12288 neighbor_steps=563 amx_calls=9008 original_row_scatter=true complete_neighborhoods=true independent_heads=true
ICPP_ONLINE_SMOKE phase=FP32_V_ONLINE_VS_FP64_STABLE_SAME_LR N=17 D=256 K=2 d=47 block=16 finite=1 max_abs_error=6.6773682135e-07 mean_abs_error=3.73332073593e-08 relative_L2_error=4.11363417363e-06 gate=abs_1e-5_and_relative_L2_1e-5 pass=1
ICPP_ONLINE_SMOKE phase=BF16_EMULATION_STD_EXP_VS_SVML_EXP N=17 D=256 K=2 d=47 block=16 finite=1 max_abs_error=7.68341124058e-09 mean_abs_error=4.25271868339e-10 relative_L2_error=6.25791795107e-08 gate=diagnostic_RNE_threshold_sensitive pass=1
ICPP_ONLINE_SMOKE phase=BF16_EMULATION_VS_FP32_MASTER N=17 D=256 K=2 d=47 block=16 finite=1 max_abs_error=0.000286875667051 mean_abs_error=2.71194177367e-05 relative_L2_error=0.00246137772551 gate=master_absolute_.003_small_fixture_only pass=1
ICPP_ONLINE_SMOKE phase=BF16_EMULATION_VS_QUANTIZED_HW_STABLE N=17 D=256 K=2 d=47 block=16 finite=1 max_abs_error=0.000114013046432 mean_abs_error=1.18904770489e-05 relative_L2_error=0.00107287237672 gate=diagnostic_additional_pH_RNE pass=1
ICPP_ONLINE_SMOKE phase=AMX_VS_BF16_TDP_EMULATION_SAME_SVML_EXP N=17 D=256 K=2 d=47 block=16 finite=1 max_abs_error=0 mean_abs_error=0 relative_L2_error=0 gate=operand_based_FP32_rounding_budget pass=1
ICPP_ONLINE_SMOKE_BUDGET N=17 D=256 K=2 d=47 block=16 max_absolute_budget=0.000143554765067 max_error_to_budget=0 basis=gamma17_plus_gamma_edge_kb_rescales independent_of_master_BF16_error=true
ICPP_ONLINE_SMOKE phase=AMX_VS_BF16_EMULATION_STD_EXP N=17 D=256 K=2 d=47 block=16 finite=1 max_abs_error=7.68341124058e-09 mean_abs_error=4.25271868339e-10 relative_L2_error=6.25791795107e-08 gate=diagnostic_exp_and_RNE_difference pass=1
ICPP_ONLINE_DEN_BUDGET N=17 D=256 K=2 d=47 block=16 differing_states=0 omitted_differing_states=0 max_absolute_budget=0.00664803710502 max_error_to_budget=0 basis=2_gamma_degree_plus_rescales_times_FP64_same_p_r_shadow master_gate_independent=true arithmetic_budget_pass=1
ICPP_ONLINE_SMOKE phase=AMX_DENOMINATOR_VS_SVML_SIMULATION N=17 D=256 K=2 d=47 block=16 finite=1 max_abs_error=0 mean_abs_error=0 relative_L2_error=0 gate=same_p_r_gamma_budget_and_relative_L2_1e-5 pass=1
ICPP_ONLINE_SMOKE phase=AMX_DENOMINATOR_VS_TR16_SIMD_REPLAY N=17 D=256 K=2 d=47 block=16 finite=1 max_abs_error=0 mean_abs_error=0 relative_L2_error=0 gate=bitwise_same_lane_layout_and_mul_add_order pass=1
ICPP_ONLINE_SMOKE phase=AMX_VS_FP32_MASTER N=17 D=256 K=2 d=47 block=16 finite=1 max_abs_error=0.000286875667051 mean_abs_error=2.71194103418e-05 relative_L2_error=0.00246137586464 gate=master_absolute_.003_small_fixture_only pass=1
ICPP_ONLINE_SMOKE phase=PROFILE_ON_VS_OFF N=17 D=256 K=2 d=47 block=16 finite=1 max_abs_error=0 mean_abs_error=0 relative_L2_error=0 gate=bitwise_arithmetic_invariance pass=1
ICPP_ONLINE_SMOKE phase=FINISH_NORMALIZATION_AND_ELU N=17 D=256 K=2 d=47 block=16 finite=1 max_abs_error=2.01165676117e-07 mean_abs_error=3.35799285516e-08 relative_L2_error=3.63433039221e-06 gate=abs_1e-5_SVML_activation_difference pass=1
ICPP_ONLINE_SMOKE_COUNTERS N=17 D=256 K=2 d=47 block=16 edges=1352 blocks=188 max_updates=71 rescales=41 rescale_events=16 spill_bytes=49152 reload_bytes=49152 neighbor_steps=1060 amx_calls=25440 original_row_scatter=true complete_neighborhoods=true independent_heads=true
ICPP_ONLINE_SMOKE phase=FP32_V_ONLINE_VS_FP64_STABLE_SAME_LR N=17 D=256 K=2 d=47 block=32 finite=1 max_abs_error=6.6773682135e-07 mean_abs_error=3.71610413669e-08 relative_L2_error=4.15645318917e-06 gate=abs_1e-5_and_relative_L2_1e-5 pass=1
ICPP_ONLINE_SMOKE phase=BF16_EMULATION_STD_EXP_VS_SVML_EXP N=17 D=256 K=2 d=47 block=32 finite=1 max_abs_error=7.45058059692e-09 mean_abs_error=3.3303214504e-10 relative_L2_error=4.94431500064e-08 gate=diagnostic_RNE_threshold_sensitive pass=1
ICPP_ONLINE_SMOKE phase=BF16_EMULATION_VS_FP32_MASTER N=17 D=256 K=2 d=47 block=32 finite=1 max_abs_error=0.000286875667051 mean_abs_error=2.73567313883e-05 relative_L2_error=0.00245780235728 gate=master_absolute_.003_small_fixture_only pass=1
ICPP_ONLINE_SMOKE phase=BF16_EMULATION_VS_QUANTIZED_HW_STABLE N=17 D=256 K=2 d=47 block=32 finite=1 max_abs_error=0.000114013046432 mean_abs_error=1.2877368086e-05 relative_L2_error=0.00114532116111 gate=diagnostic_additional_pH_RNE pass=1
ICPP_ONLINE_SMOKE phase=AMX_VS_BF16_TDP_EMULATION_SAME_SVML_EXP N=17 D=256 K=2 d=47 block=32 finite=1 max_abs_error=0 mean_abs_error=0 relative_L2_error=0 gate=operand_based_FP32_rounding_budget pass=1
ICPP_ONLINE_SMOKE_BUDGET N=17 D=256 K=2 d=47 block=32 max_absolute_budget=0.000143554765067 max_error_to_budget=0 basis=gamma17_plus_gamma_edge_kb_rescales independent_of_master_BF16_error=true
ICPP_ONLINE_SMOKE phase=AMX_VS_BF16_EMULATION_STD_EXP N=17 D=256 K=2 d=47 block=32 finite=1 max_abs_error=7.45058059692e-09 mean_abs_error=3.3303214504e-10 relative_L2_error=4.94431500064e-08 gate=diagnostic_exp_and_RNE_difference pass=1
ICPP_ONLINE_DEN_BUDGET N=17 D=256 K=2 d=47 block=32 differing_states=0 omitted_differing_states=0 max_absolute_budget=0.00664803710502 max_error_to_budget=0 basis=2_gamma_degree_plus_rescales_times_FP64_same_p_r_shadow master_gate_independent=true arithmetic_budget_pass=1
ICPP_ONLINE_SMOKE phase=AMX_DENOMINATOR_VS_SVML_SIMULATION N=17 D=256 K=2 d=47 block=32 finite=1 max_abs_error=0 mean_abs_error=0 relative_L2_error=0 gate=same_p_r_gamma_budget_and_relative_L2_1e-5 pass=1
ICPP_ONLINE_SMOKE phase=AMX_DENOMINATOR_VS_TR16_SIMD_REPLAY N=17 D=256 K=2 d=47 block=32 finite=1 max_abs_error=0 mean_abs_error=0 relative_L2_error=0 gate=bitwise_same_lane_layout_and_mul_add_order pass=1
ICPP_ONLINE_SMOKE phase=AMX_VS_FP32_MASTER N=17 D=256 K=2 d=47 block=32 finite=1 max_abs_error=0.000286875667051 mean_abs_error=2.73567165883e-05 relative_L2_error=0.0024578022444 gate=master_absolute_.003_small_fixture_only pass=1
ICPP_ONLINE_SMOKE phase=PROFILE_ON_VS_OFF N=17 D=256 K=2 d=47 block=32 finite=1 max_abs_error=0 mean_abs_error=0 relative_L2_error=0 gate=bitwise_arithmetic_invariance pass=1
ICPP_ONLINE_SMOKE phase=FINISH_NORMALIZATION_AND_ELU N=17 D=256 K=2 d=47 block=32 finite=1 max_abs_error=2.01165676117e-07 mean_abs_error=3.40337675461e-08 relative_L2_error=3.65986237664e-06 gate=abs_1e-5_SVML_activation_difference pass=1
ICPP_ONLINE_SMOKE_COUNTERS N=17 D=256 K=2 d=47 block=32 edges=1352 blocks=104 max_updates=50 rescales=20 rescale_events=8 spill_bytes=24576 reload_bytes=24576 neighbor_steps=1060 amx_calls=25440 original_row_scatter=true complete_neighborhoods=true independent_heads=true
ICPP_ONLINE_SMOKE phase=FP32_V_ONLINE_VS_FP64_STABLE_SAME_LR N=17 D=256 K=2 d=47 block=64 finite=1 max_abs_error=6.6773682135e-07 mean_abs_error=3.65752545467e-08 relative_L2_error=4.09797525135e-06 gate=abs_1e-5_and_relative_L2_1e-5 pass=1
ICPP_ONLINE_SMOKE phase=BF16_EMULATION_STD_EXP_VS_SVML_EXP N=17 D=256 K=2 d=47 block=64 finite=1 max_abs_error=7.45058059692e-09 mean_abs_error=2.85865909167e-10 relative_L2_error=4.57355862139e-08 gate=diagnostic_RNE_threshold_sensitive pass=1
ICPP_ONLINE_SMOKE phase=BF16_EMULATION_VS_FP32_MASTER N=17 D=256 K=2 d=47 block=64 finite=1 max_abs_error=0.000286875667051 mean_abs_error=2.75455387916e-05 relative_L2_error=0.00248759254123 gate=master_absolute_.003_small_fixture_only pass=1
ICPP_ONLINE_SMOKE phase=BF16_EMULATION_VS_QUANTIZED_HW_STABLE N=17 D=256 K=2 d=47 block=64 finite=1 max_abs_error=0.000114013046432 mean_abs_error=1.29573770915e-05 relative_L2_error=0.00117509811157 gate=diagnostic_additional_pH_RNE pass=1
ICPP_ONLINE_SMOKE phase=AMX_VS_BF16_TDP_EMULATION_SAME_SVML_EXP N=17 D=256 K=2 d=47 block=64 finite=1 max_abs_error=0 mean_abs_error=0 relative_L2_error=0 gate=operand_based_FP32_rounding_budget pass=1
ICPP_ONLINE_SMOKE_BUDGET N=17 D=256 K=2 d=47 block=64 max_absolute_budget=0.000143554765067 max_error_to_budget=0 basis=gamma17_plus_gamma_edge_kb_rescales independent_of_master_BF16_error=true
ICPP_ONLINE_SMOKE phase=AMX_VS_BF16_EMULATION_STD_EXP N=17 D=256 K=2 d=47 block=64 finite=1 max_abs_error=7.45058059692e-09 mean_abs_error=2.85865909167e-10 relative_L2_error=4.57355862139e-08 gate=diagnostic_exp_and_RNE_difference pass=1
ICPP_ONLINE_DEN_BUDGET N=17 D=256 K=2 d=47 block=64 differing_states=0 omitted_differing_states=0 max_absolute_budget=0.00664803710502 max_error_to_budget=0 basis=2_gamma_degree_plus_rescales_times_FP64_same_p_r_shadow master_gate_independent=true arithmetic_budget_pass=1
ICPP_ONLINE_SMOKE phase=AMX_DENOMINATOR_VS_SVML_SIMULATION N=17 D=256 K=2 d=47 block=64 finite=1 max_abs_error=0 mean_abs_error=0 relative_L2_error=0 gate=same_p_r_gamma_budget_and_relative_L2_1e-5 pass=1
ICPP_ONLINE_SMOKE phase=AMX_DENOMINATOR_VS_TR16_SIMD_REPLAY N=17 D=256 K=2 d=47 block=64 finite=1 max_abs_error=0 mean_abs_error=0 relative_L2_error=0 gate=bitwise_same_lane_layout_and_mul_add_order pass=1
ICPP_ONLINE_SMOKE phase=AMX_VS_FP32_MASTER N=17 D=256 K=2 d=47 block=64 finite=1 max_abs_error=0.000286875667051 mean_abs_error=2.75455284218e-05 relative_L2_error=0.0024875921646 gate=master_absolute_.003_small_fixture_only pass=1
ICPP_ONLINE_SMOKE phase=PROFILE_ON_VS_OFF N=17 D=256 K=2 d=47 block=64 finite=1 max_abs_error=0 mean_abs_error=0 relative_L2_error=0 gate=bitwise_arithmetic_invariance pass=1
ICPP_ONLINE_SMOKE phase=FINISH_NORMALIZATION_AND_ELU N=17 D=256 K=2 d=47 block=64 finite=1 max_abs_error=2.01165676117e-07 mean_abs_error=3.33669884091e-08 relative_L2_error=3.59551807195e-06 gate=abs_1e-5_SVML_activation_difference pass=1
ICPP_ONLINE_SMOKE_COUNTERS N=17 D=256 K=2 d=47 block=64 edges=1352 blocks=64 max_updates=39 rescales=9 rescale_events=4 spill_bytes=12288 reload_bytes=12288 neighbor_steps=1060 amx_calls=25440 original_row_scatter=true complete_neighborhoods=true independent_heads=true
ICPP_ONLINE_SMOKE phase=FP32_V_ONLINE_VS_FP64_STABLE_SAME_LR N=35 D=256 K=8 d=64 block=16 finite=1 max_abs_error=8.66647694851e-07 mean_abs_error=2.77542677067e-08 relative_L2_error=3.42735126241e-06 gate=abs_1e-5_and_relative_L2_1e-5 pass=1
ICPP_ONLINE_SMOKE phase=BF16_EMULATION_STD_EXP_VS_SVML_EXP N=35 D=256 K=8 d=64 block=16 finite=1 max_abs_error=1.87894329429e-06 mean_abs_error=1.7287360252e-08 relative_L2_error=7.10133843232e-06 gate=diagnostic_RNE_threshold_sensitive pass=1
ICPP_ONLINE_SMOKE phase=BF16_EMULATION_VS_FP32_MASTER N=35 D=256 K=8 d=64 block=16 finite=1 max_abs_error=0.000339178073641 mean_abs_error=2.72951760562e-05 relative_L2_error=0.00273966929831 gate=master_absolute_.003_small_fixture_only pass=1
ICPP_ONLINE_SMOKE phase=BF16_EMULATION_VS_QUANTIZED_HW_STABLE N=35 D=256 K=8 d=64 block=16 finite=1 max_abs_error=9.80735670355e-05 mean_abs_error=1.08141975029e-05 relative_L2_error=0.00103342433007 gate=diagnostic_additional_pH_RNE pass=1
ICPP_ONLINE_SMOKE phase=AMX_VS_BF16_TDP_EMULATION_SAME_SVML_EXP N=35 D=256 K=8 d=64 block=16 finite=1 max_abs_error=0 mean_abs_error=0 relative_L2_error=0 gate=operand_based_FP32_rounding_budget pass=1
ICPP_ONLINE_SMOKE_BUDGET N=35 D=256 K=8 d=64 block=16 max_absolute_budget=0.000143720302849 max_error_to_budget=0 basis=gamma17_plus_gamma_edge_kb_rescales independent_of_master_BF16_error=true
ICPP_ONLINE_SMOKE phase=AMX_VS_BF16_EMULATION_STD_EXP N=35 D=256 K=8 d=64 block=16 finite=1 max_abs_error=1.87894329429e-06 mean_abs_error=1.7287360252e-08 relative_L2_error=7.10133843232e-06 gate=diagnostic_exp_and_RNE_difference pass=1
ICPP_ONLINE_DEN_BUDGET N=35 D=256 K=8 d=64 block=16 differing_states=0 omitted_differing_states=0 max_absolute_budget=0.00674568281253 max_error_to_budget=0 basis=2_gamma_degree_plus_rescales_times_FP64_same_p_r_shadow master_gate_independent=true arithmetic_budget_pass=1
ICPP_ONLINE_SMOKE phase=AMX_DENOMINATOR_VS_SVML_SIMULATION N=35 D=256 K=8 d=64 block=16 finite=1 max_abs_error=0 mean_abs_error=0 relative_L2_error=0 gate=same_p_r_gamma_budget_and_relative_L2_1e-5 pass=1
ICPP_ONLINE_SMOKE phase=AMX_DENOMINATOR_VS_TR16_SIMD_REPLAY N=35 D=256 K=8 d=64 block=16 finite=1 max_abs_error=0 mean_abs_error=0 relative_L2_error=0 gate=bitwise_same_lane_layout_and_mul_add_order pass=1
ICPP_ONLINE_SMOKE phase=AMX_VS_FP32_MASTER N=35 D=256 K=8 d=64 block=16 finite=1 max_abs_error=0.000339178073641 mean_abs_error=2.72930473103e-05 relative_L2_error=0.00273963332281 gate=master_absolute_.003_small_fixture_only pass=1
ICPP_ONLINE_SMOKE phase=PROFILE_ON_VS_OFF N=35 D=256 K=8 d=64 block=16 finite=1 max_abs_error=0 mean_abs_error=0 relative_L2_error=0 gate=bitwise_arithmetic_invariance pass=1
ICPP_ONLINE_SMOKE phase=FINISH_NORMALIZATION_AND_ELU N=35 D=256 K=8 d=64 block=16 finite=1 max_abs_error=2.11410224438e-07 mean_abs_error=3.63191210075e-08 relative_L2_error=4.11092034757e-06 gate=abs_1e-5_SVML_activation_difference pass=1
ICPP_ONLINE_SMOKE_COUNTERS N=35 D=256 K=8 d=64 block=16 edges=2736 blocks=1520 max_updates=493 rescales=237 rescale_events=91 spill_bytes=372736 reload_bytes=372736 neighbor_steps=4504 amx_calls=144128 original_row_scatter=true complete_neighborhoods=true independent_heads=true
ICPP_ONLINE_SMOKE phase=FP32_V_ONLINE_VS_FP64_STABLE_SAME_LR N=35 D=256 K=8 d=64 block=32 finite=1 max_abs_error=8.66647694851e-07 mean_abs_error=2.76975621316e-08 relative_L2_error=3.38769547167e-06 gate=abs_1e-5_and_relative_L2_1e-5 pass=1
ICPP_ONLINE_SMOKE phase=BF16_EMULATION_STD_EXP_VS_SVML_EXP N=35 D=256 K=8 d=64 block=32 finite=1 max_abs_error=1.87894329429e-06 mean_abs_error=1.87925114747e-08 relative_L2_error=7.62896779187e-06 gate=diagnostic_RNE_threshold_sensitive pass=1
ICPP_ONLINE_SMOKE phase=BF16_EMULATION_VS_FP32_MASTER N=35 D=256 K=8 d=64 block=32 finite=1 max_abs_error=0.000339178073641 mean_abs_error=2.75479453724e-05 relative_L2_error=0.00276759410014 gate=master_absolute_.003_small_fixture_only pass=1
ICPP_ONLINE_SMOKE phase=BF16_EMULATION_VS_QUANTIZED_HW_STABLE N=35 D=256 K=8 d=64 block=32 finite=1 max_abs_error=0.000108212478272 mean_abs_error=1.16081796096e-05 relative_L2_error=0.00111436799364 gate=diagnostic_additional_pH_RNE pass=1
ICPP_ONLINE_SMOKE phase=AMX_VS_BF16_TDP_EMULATION_SAME_SVML_EXP N=35 D=256 K=8 d=64 block=32 finite=1 max_abs_error=0 mean_abs_error=0 relative_L2_error=0 gate=operand_based_FP32_rounding_budget pass=1
ICPP_ONLINE_SMOKE_BUDGET N=35 D=256 K=8 d=64 block=32 max_absolute_budget=0.000143720302849 max_error_to_budget=0 basis=gamma17_plus_gamma_edge_kb_rescales independent_of_master_BF16_error=true
ICPP_ONLINE_SMOKE phase=AMX_VS_BF16_EMULATION_STD_EXP N=35 D=256 K=8 d=64 block=32 finite=1 max_abs_error=1.87894329429e-06 mean_abs_error=1.87925114747e-08 relative_L2_error=7.62896779187e-06 gate=diagnostic_exp_and_RNE_difference pass=1
ICPP_ONLINE_DEN_BUDGET N=35 D=256 K=8 d=64 block=32 differing_states=0 omitted_differing_states=0 max_absolute_budget=0.00674568281253 max_error_to_budget=0 basis=2_gamma_degree_plus_rescales_times_FP64_same_p_r_shadow master_gate_independent=true arithmetic_budget_pass=1
ICPP_ONLINE_SMOKE phase=AMX_DENOMINATOR_VS_SVML_SIMULATION N=35 D=256 K=8 d=64 block=32 finite=1 max_abs_error=0 mean_abs_error=0 relative_L2_error=0 gate=same_p_r_gamma_budget_and_relative_L2_1e-5 pass=1
ICPP_ONLINE_SMOKE phase=AMX_DENOMINATOR_VS_TR16_SIMD_REPLAY N=35 D=256 K=8 d=64 block=32 finite=1 max_abs_error=0 mean_abs_error=0 relative_L2_error=0 gate=bitwise_same_lane_layout_and_mul_add_order pass=1
ICPP_ONLINE_SMOKE phase=AMX_VS_FP32_MASTER N=35 D=256 K=8 d=64 block=32 finite=1 max_abs_error=0.000339178073641 mean_abs_error=2.75460954856e-05 relative_L2_error=0.00276755244932 gate=master_absolute_.003_small_fixture_only pass=1
ICPP_ONLINE_SMOKE phase=PROFILE_ON_VS_OFF N=35 D=256 K=8 d=64 block=32 finite=1 max_abs_error=0 mean_abs_error=0 relative_L2_error=0 gate=bitwise_arithmetic_invariance pass=1
ICPP_ONLINE_SMOKE phase=FINISH_NORMALIZATION_AND_ELU N=35 D=256 K=8 d=64 block=32 finite=1 max_abs_error=2.09547579288e-07 mean_abs_error=3.63831119026e-08 relative_L2_error=4.11788323085e-06 gate=abs_1e-5_SVML_activation_difference pass=1
ICPP_ONLINE_SMOKE_COUNTERS N=35 D=256 K=8 d=64 block=32 edges=2736 blocks=840 max_updates=386 rescales=130 rescale_events=49 spill_bytes=200704 reload_bytes=200704 neighbor_steps=4504 amx_calls=144128 original_row_scatter=true complete_neighborhoods=true independent_heads=true
ICPP_ONLINE_SMOKE phase=FP32_V_ONLINE_VS_FP64_STABLE_SAME_LR N=35 D=256 K=8 d=64 block=64 finite=1 max_abs_error=8.66647694851e-07 mean_abs_error=2.74393893869e-08 relative_L2_error=3.33776651435e-06 gate=abs_1e-5_and_relative_L2_1e-5 pass=1
ICPP_ONLINE_SMOKE phase=BF16_EMULATION_STD_EXP_VS_SVML_EXP N=35 D=256 K=8 d=64 block=64 finite=1 max_abs_error=2.92062759399e-06 mean_abs_error=2.14126403251e-08 relative_L2_error=8.72948063619e-06 gate=diagnostic_RNE_threshold_sensitive pass=1
ICPP_ONLINE_SMOKE phase=BF16_EMULATION_VS_FP32_MASTER N=35 D=256 K=8 d=64 block=64 finite=1 max_abs_error=0.000339178073641 mean_abs_error=2.78157295114e-05 relative_L2_error=0.00278191076022 gate=master_absolute_.003_small_fixture_only pass=1
ICPP_ONLINE_SMOKE phase=BF16_EMULATION_VS_QUANTIZED_HW_STABLE N=35 D=256 K=8 d=64 block=64 finite=1 max_abs_error=0.000108212478272 mean_abs_error=1.19440349025e-05 relative_L2_error=0.00114161949807 gate=diagnostic_additional_pH_RNE pass=1
ICPP_ONLINE_SMOKE phase=AMX_VS_BF16_TDP_EMULATION_SAME_SVML_EXP N=35 D=256 K=8 d=64 block=64 finite=1 max_abs_error=0 mean_abs_error=0 relative_L2_error=0 gate=operand_based_FP32_rounding_budget pass=1
ICPP_ONLINE_SMOKE_BUDGET N=35 D=256 K=8 d=64 block=64 max_absolute_budget=0.000143654884958 max_error_to_budget=0 basis=gamma17_plus_gamma_edge_kb_rescales independent_of_master_BF16_error=true
ICPP_ONLINE_SMOKE phase=AMX_VS_BF16_EMULATION_STD_EXP N=35 D=256 K=8 d=64 block=64 finite=1 max_abs_error=2.92062759399e-06 mean_abs_error=2.14126403251e-08 relative_L2_error=8.72948063619e-06 gate=diagnostic_exp_and_RNE_difference pass=1
ICPP_ONLINE_DEN_BUDGET N=35 D=256 K=8 d=64 block=64 differing_states=0 omitted_differing_states=0 max_absolute_budget=0.00674568281253 max_error_to_budget=0 basis=2_gamma_degree_plus_rescales_times_FP64_same_p_r_shadow master_gate_independent=true arithmetic_budget_pass=1
ICPP_ONLINE_SMOKE phase=AMX_DENOMINATOR_VS_SVML_SIMULATION N=35 D=256 K=8 d=64 block=64 finite=1 max_abs_error=0 mean_abs_error=0 relative_L2_error=0 gate=same_p_r_gamma_budget_and_relative_L2_1e-5 pass=1
ICPP_ONLINE_SMOKE phase=AMX_DENOMINATOR_VS_TR16_SIMD_REPLAY N=35 D=256 K=8 d=64 block=64 finite=1 max_abs_error=0 mean_abs_error=0 relative_L2_error=0 gate=bitwise_same_lane_layout_and_mul_add_order pass=1
ICPP_ONLINE_SMOKE phase=AMX_VS_FP32_MASTER N=35 D=256 K=8 d=64 block=64 finite=1 max_abs_error=0.000339178073641 mean_abs_error=2.78136471478e-05 relative_L2_error=0.00278184805496 gate=master_absolute_.003_small_fixture_only pass=1
ICPP_ONLINE_SMOKE phase=PROFILE_ON_VS_OFF N=35 D=256 K=8 d=64 block=64 finite=1 max_abs_error=0 mean_abs_error=0 relative_L2_error=0 gate=bitwise_arithmetic_invariance pass=1
ICPP_ONLINE_SMOKE phase=FINISH_NORMALIZATION_AND_ELU N=35 D=256 K=8 d=64 block=64 finite=1 max_abs_error=2.10478901863e-07 mean_abs_error=3.64154370039e-08 relative_L2_error=4.11998967121e-06 gate=abs_1e-5_SVML_activation_difference pass=1
ICPP_ONLINE_SMOKE_COUNTERS N=35 D=256 K=8 d=64 block=64 edges=2736 blocks=520 max_updates=306 rescales=50 rescale_events=24 spill_bytes=98304 reload_bytes=98304 neighbor_steps=4504 amx_calls=144128 original_row_scatter=true complete_neighborhoods=true independent_heads=true
ICPP_ONLINE_SMOKE phase=FP32_V_ONLINE_VS_FP64_STABLE_SAME_LR N=17 D=256 K=8 d=32 block=16 finite=1 max_abs_error=6.36845984413e-07 mean_abs_error=3.36830458999e-08 relative_L2_error=3.77737787375e-06 gate=abs_1e-5_and_relative_L2_1e-5 pass=1
ICPP_ONLINE_SMOKE phase=BF16_EMULATION_STD_EXP_VS_SVML_EXP N=17 D=256 K=8 d=32 block=16 finite=1 max_abs_error=4.7292560339e-06 mean_abs_error=7.62853997488e-08 relative_L2_error=2.32054288085e-05 gate=diagnostic_RNE_threshold_sensitive pass=1
ICPP_ONLINE_SMOKE phase=BF16_EMULATION_VS_FP32_MASTER N=17 D=256 K=8 d=32 block=16 finite=1 max_abs_error=0.000356601980362 mean_abs_error=2.94298904192e-05 relative_L2_error=0.0027779975487 gate=master_absolute_.003_small_fixture_only pass=1
ICPP_ONLINE_SMOKE phase=BF16_EMULATION_VS_QUANTIZED_HW_STABLE N=17 D=256 K=8 d=32 block=16 finite=1 max_abs_error=9.6950218587e-05 mean_abs_error=1.14129093819e-05 relative_L2_error=0.000995043964053 gate=diagnostic_additional_pH_RNE pass=1
ICPP_ONLINE_SMOKE phase=AMX_VS_BF16_TDP_EMULATION_SAME_SVML_EXP N=17 D=256 K=8 d=32 block=16 finite=1 max_abs_error=0 mean_abs_error=0 relative_L2_error=0 gate=operand_based_FP32_rounding_budget pass=1
ICPP_ONLINE_SMOKE_BUDGET N=17 D=256 K=8 d=32 block=16 max_absolute_budget=0.000140331730181 max_error_to_budget=0 basis=gamma17_plus_gamma_edge_kb_rescales independent_of_master_BF16_error=true
ICPP_ONLINE_SMOKE phase=AMX_VS_BF16_EMULATION_STD_EXP N=17 D=256 K=8 d=32 block=16 finite=1 max_abs_error=4.7292560339e-06 mean_abs_error=7.62853997488e-08 relative_L2_error=2.32054288085e-05 gate=diagnostic_exp_and_RNE_difference pass=1
ICPP_ONLINE_DEN_BUDGET N=17 D=256 K=8 d=32 block=16 differing_states=0 omitted_differing_states=0 max_absolute_budget=0.00679782895334 max_error_to_budget=0 basis=2_gamma_degree_plus_rescales_times_FP64_same_p_r_shadow master_gate_independent=true arithmetic_budget_pass=1
ICPP_ONLINE_SMOKE phase=AMX_DENOMINATOR_VS_SVML_SIMULATION N=17 D=256 K=8 d=32 block=16 finite=1 max_abs_error=0 mean_abs_error=0 relative_L2_error=0 gate=same_p_r_gamma_budget_and_relative_L2_1e-5 pass=1
ICPP_ONLINE_SMOKE phase=AMX_DENOMINATOR_VS_TR16_SIMD_REPLAY N=17 D=256 K=8 d=32 block=16 finite=1 max_abs_error=0 mean_abs_error=0 relative_L2_error=0 gate=bitwise_same_lane_layout_and_mul_add_order pass=1
ICPP_ONLINE_SMOKE phase=AMX_VS_FP32_MASTER N=17 D=256 K=8 d=32 block=16 finite=1 max_abs_error=0.000356601980362 mean_abs_error=2.94158039821e-05 relative_L2_error=0.00277700839762 gate=master_absolute_.003_small_fixture_only pass=1
ICPP_ONLINE_SMOKE phase=PROFILE_ON_VS_OFF N=17 D=256 K=8 d=32 block=16 finite=1 max_abs_error=0 mean_abs_error=0 relative_L2_error=0 gate=bitwise_arithmetic_invariance pass=1
ICPP_ONLINE_SMOKE phase=FINISH_NORMALIZATION_AND_ELU N=17 D=256 K=8 d=32 block=16 finite=1 max_abs_error=2.15135514736e-07 mean_abs_error=3.19652050744e-08 relative_L2_error=3.54888864881e-06 gate=abs_1e-5_SVML_activation_difference pass=1
ICPP_ONLINE_SMOKE_COUNTERS N=17 D=256 K=8 d=32 block=16 edges=1352 blocks=752 max_updates=224 rescales=104 rescale_events=36 spill_bytes=73728 reload_bytes=73728 neighbor_steps=4240 amx_calls=67840 original_row_scatter=true complete_neighborhoods=true independent_heads=true
ICPP_ONLINE_SMOKE phase=FP32_V_ONLINE_VS_FP64_STABLE_SAME_LR N=17 D=256 K=8 d=32 block=32 finite=1 max_abs_error=6.48021855308e-07 mean_abs_error=3.33109024685e-08 relative_L2_error=3.68999944896e-06 gate=abs_1e-5_and_relative_L2_1e-5 pass=1
ICPP_ONLINE_SMOKE phase=BF16_EMULATION_STD_EXP_VS_SVML_EXP N=17 D=256 K=8 d=32 block=32 finite=1 max_abs_error=4.7292560339e-06 mean_abs_error=7.61666941805e-08 relative_L2_error=2.32041365203e-05 gate=diagnostic_RNE_threshold_sensitive pass=1
ICPP_ONLINE_SMOKE phase=BF16_EMULATION_VS_FP32_MASTER N=17 D=256 K=8 d=32 block=32 finite=1 max_abs_error=0.000356601980362 mean_abs_error=2.96072711136e-05 relative_L2_error=0.002787053197 gate=master_absolute_.003_small_fixture_only pass=1
ICPP_ONLINE_SMOKE phase=BF16_EMULATION_VS_QUANTIZED_HW_STABLE N=17 D=256 K=8 d=32 block=32 finite=1 max_abs_error=9.6950218587e-05 mean_abs_error=1.18840899696e-05 relative_L2_error=0.00103869066287 gate=diagnostic_additional_pH_RNE pass=1
ICPP_ONLINE_SMOKE phase=AMX_VS_BF16_TDP_EMULATION_SAME_SVML_EXP N=17 D=256 K=8 d=32 block=32 finite=1 max_abs_error=0 mean_abs_error=0 relative_L2_error=0 gate=operand_based_FP32_rounding_budget pass=1
ICPP_ONLINE_SMOKE_BUDGET N=17 D=256 K=8 d=32 block=32 max_absolute_budget=0.000140268756205 max_error_to_budget=0 basis=gamma17_plus_gamma_edge_kb_rescales independent_of_master_BF16_error=true
ICPP_ONLINE_SMOKE phase=AMX_VS_BF16_EMULATION_STD_EXP N=17 D=256 K=8 d=32 block=32 finite=1 max_abs_error=4.7292560339e-06 mean_abs_error=7.61666941805e-08 relative_L2_error=2.32041365203e-05 gate=diagnostic_exp_and_RNE_difference pass=1
ICPP_ONLINE_DEN_BUDGET N=17 D=256 K=8 d=32 block=32 differing_states=0 omitted_differing_states=0 max_absolute_budget=0.00679782895334 max_error_to_budget=0 basis=2_gamma_degree_plus_rescales_times_FP64_same_p_r_shadow master_gate_independent=true arithmetic_budget_pass=1
ICPP_ONLINE_SMOKE phase=AMX_DENOMINATOR_VS_SVML_SIMULATION N=17 D=256 K=8 d=32 block=32 finite=1 max_abs_error=0 mean_abs_error=0 relative_L2_error=0 gate=same_p_r_gamma_budget_and_relative_L2_1e-5 pass=1
ICPP_ONLINE_SMOKE phase=AMX_DENOMINATOR_VS_TR16_SIMD_REPLAY N=17 D=256 K=8 d=32 block=32 finite=1 max_abs_error=0 mean_abs_error=0 relative_L2_error=0 gate=bitwise_same_lane_layout_and_mul_add_order pass=1
ICPP_ONLINE_SMOKE phase=AMX_VS_FP32_MASTER N=17 D=256 K=8 d=32 block=32 finite=1 max_abs_error=0.000356601980362 mean_abs_error=2.95916332391e-05 relative_L2_error=0.00278601685447 gate=master_absolute_.003_small_fixture_only pass=1
ICPP_ONLINE_SMOKE phase=PROFILE_ON_VS_OFF N=17 D=256 K=8 d=32 block=32 finite=1 max_abs_error=0 mean_abs_error=0 relative_L2_error=0 gate=bitwise_arithmetic_invariance pass=1
ICPP_ONLINE_SMOKE phase=COUNTERS_AND_CLOCKS_OFF_VS_PROFILE N=17 D=256 K=8 d=32 block=32 finite=1 max_abs_error=0 mean_abs_error=0 relative_L2_error=0 gate=bitwise_benchmark_specialization_invariance pass=1
ICPP_ONLINE_SMOKE phase=FINISH_NORMALIZATION_AND_ELU N=17 D=256 K=8 d=32 block=32 finite=1 max_abs_error=2.15135514736e-07 mean_abs_error=3.19146294784e-08 relative_L2_error=3.53318444904e-06 gate=abs_1e-5_SVML_activation_difference pass=1
ICPP_ONLINE_SMOKE_COUNTERS N=17 D=256 K=8 d=32 block=32 edges=1352 blocks=416 max_updates=170 rescales=50 rescale_events=20 spill_bytes=40960 reload_bytes=40960 neighbor_steps=4240 amx_calls=67840 original_row_scatter=true complete_neighborhoods=true independent_heads=true
ICPP_ONLINE_SMOKE phase=FP32_V_ONLINE_VS_FP64_STABLE_SAME_LR N=17 D=256 K=8 d=32 block=64 finite=1 max_abs_error=6.48021855308e-07 mean_abs_error=3.3420125207e-08 relative_L2_error=3.66968211951e-06 gate=abs_1e-5_and_relative_L2_1e-5 pass=1
ICPP_ONLINE_SMOKE phase=BF16_EMULATION_STD_EXP_VS_SVML_EXP N=17 D=256 K=8 d=32 block=64 finite=1 max_abs_error=4.7292560339e-06 mean_abs_error=7.61777652723e-08 relative_L2_error=2.32049966737e-05 gate=diagnostic_RNE_threshold_sensitive pass=1
ICPP_ONLINE_SMOKE phase=BF16_EMULATION_VS_FP32_MASTER N=17 D=256 K=8 d=32 block=64 finite=1 max_abs_error=0.000356601980362 mean_abs_error=2.9684714547e-05 relative_L2_error=0.00279741169397 gate=master_absolute_.003_small_fixture_only pass=1
ICPP_ONLINE_SMOKE phase=BF16_EMULATION_VS_QUANTIZED_HW_STABLE N=17 D=256 K=8 d=32 block=64 finite=1 max_abs_error=9.6950218587e-05 mean_abs_error=1.19157388057e-05 relative_L2_error=0.00104701122743 gate=diagnostic_additional_pH_RNE pass=1
ICPP_ONLINE_SMOKE phase=AMX_VS_BF16_TDP_EMULATION_SAME_SVML_EXP N=17 D=256 K=8 d=32 block=64 finite=1 max_abs_error=0 mean_abs_error=0 relative_L2_error=0 gate=operand_based_FP32_rounding_budget pass=1
ICPP_ONLINE_SMOKE_BUDGET N=17 D=256 K=8 d=32 block=64 max_absolute_budget=0.000140268756205 max_error_to_budget=0 basis=gamma17_plus_gamma_edge_kb_rescales independent_of_master_BF16_error=true
ICPP_ONLINE_SMOKE phase=AMX_VS_BF16_EMULATION_STD_EXP N=17 D=256 K=8 d=32 block=64 finite=1 max_abs_error=4.7292560339e-06 mean_abs_error=7.61777652723e-08 relative_L2_error=2.32049966737e-05 gate=diagnostic_exp_and_RNE_difference pass=1
ICPP_ONLINE_DEN_BUDGET N=17 D=256 K=8 d=32 block=64 differing_states=0 omitted_differing_states=0 max_absolute_budget=0.00679782895334 max_error_to_budget=0 basis=2_gamma_degree_plus_rescales_times_FP64_same_p_r_shadow master_gate_independent=true arithmetic_budget_pass=1
ICPP_ONLINE_SMOKE phase=AMX_DENOMINATOR_VS_SVML_SIMULATION N=17 D=256 K=8 d=32 block=64 finite=1 max_abs_error=0 mean_abs_error=0 relative_L2_error=0 gate=same_p_r_gamma_budget_and_relative_L2_1e-5 pass=1
ICPP_ONLINE_SMOKE phase=AMX_DENOMINATOR_VS_TR16_SIMD_REPLAY N=17 D=256 K=8 d=32 block=64 finite=1 max_abs_error=0 mean_abs_error=0 relative_L2_error=0 gate=bitwise_same_lane_layout_and_mul_add_order pass=1
ICPP_ONLINE_SMOKE phase=AMX_VS_FP32_MASTER N=17 D=256 K=8 d=32 block=64 finite=1 max_abs_error=0.000356601980362 mean_abs_error=2.96658232704e-05 relative_L2_error=0.00279630412084 gate=master_absolute_.003_small_fixture_only pass=1
ICPP_ONLINE_SMOKE phase=PROFILE_ON_VS_OFF N=17 D=256 K=8 d=32 block=64 finite=1 max_abs_error=0 mean_abs_error=0 relative_L2_error=0 gate=bitwise_arithmetic_invariance pass=1
ICPP_ONLINE_SMOKE phase=FINISH_NORMALIZATION_AND_ELU N=17 D=256 K=8 d=32 block=64 finite=1 max_abs_error=2.15135514736e-07 mean_abs_error=3.19039926536e-08 relative_L2_error=3.53400813801e-06 gate=abs_1e-5_SVML_activation_difference pass=1
ICPP_ONLINE_SMOKE_COUNTERS N=17 D=256 K=8 d=32 block=64 edges=1352 blocks=256 max_updates=144 rescales=24 rescale_events=11 spill_bytes=22528 reload_bytes=22528 neighbor_steps=4240 amx_calls=67840 original_row_scatter=true complete_neighborhoods=true independent_heads=true
ICPP_ONLINE_SMOKE phase=LAYER_WRAPPER_WITH_CONTRACTED_REAL_ATTENTION N=17 D=256 K=8 d=32 block=32 finite=1 max_abs_error=0 mean_abs_error=0 relative_L2_error=0 gate=same_LR_instruction_budget pass=1
ICPP_ONLINE_SMOKE phase=REAL_ATTENTION_AMX_VS_FP32_MASTER N=17 D=256 K=8 d=32 block=32 finite=1 max_abs_error=0.000322961412977 mean_abs_error=3.02772724261e-05 relative_L2_error=0.00284430710378 gate=master_absolute_.003_small_fixture_only pass=1
ICPP_ONLINE_SMOKE phase=FP32_V_ONLINE_VS_FP64_STABLE_SAME_LR N=35 D=128 K=8 d=32 block=16 finite=1 max_abs_error=4.49510793726e-07 mean_abs_error=1.95384902104e-08 relative_L2_error=2.63002712144e-06 gate=abs_1e-5_and_relative_L2_1e-5 pass=1
ICPP_ONLINE_SMOKE phase=BF16_EMULATION_STD_EXP_VS_SVML_EXP N=35 D=128 K=8 d=32 block=16 finite=1 max_abs_error=1.54646113515e-06 mean_abs_error=8.23074819729e-09 relative_L2_error=4.67241477486e-06 gate=diagnostic_RNE_threshold_sensitive pass=1
ICPP_ONLINE_SMOKE phase=BF16_EMULATION_VS_FP32_MASTER N=35 D=128 K=8 d=32 block=16 finite=1 max_abs_error=0.000301615030778 mean_abs_error=2.59845418569e-05 relative_L2_error=0.0027201127092 gate=master_absolute_.003_small_fixture_only pass=1
ICPP_ONLINE_SMOKE phase=BF16_EMULATION_VS_QUANTIZED_HW_STABLE N=35 D=128 K=8 d=32 block=16 finite=1 max_abs_error=0.000100959610431 mean_abs_error=1.13053040551e-05 relative_L2_error=0.00111512398458 gate=diagnostic_additional_pH_RNE pass=1
ICPP_ONLINE_SMOKE phase=AMX_VS_BF16_TDP_EMULATION_SAME_SVML_EXP N=35 D=128 K=8 d=32 block=16 finite=1 max_abs_error=0 mean_abs_error=0 relative_L2_error=0 gate=operand_based_FP32_rounding_budget pass=1
ICPP_ONLINE_SMOKE_BUDGET N=35 D=128 K=8 d=32 block=16 max_absolute_budget=5.29442985587e-05 max_error_to_budget=0 basis=gamma17_plus_gamma_edge_kb_rescales independent_of_master_BF16_error=true
ICPP_ONLINE_SMOKE phase=AMX_VS_BF16_EMULATION_STD_EXP N=35 D=128 K=8 d=32 block=16 finite=1 max_abs_error=1.54646113515e-06 mean_abs_error=8.23074819729e-09 relative_L2_error=4.67241477486e-06 gate=diagnostic_exp_and_RNE_difference pass=1
ICPP_ONLINE_DEN_BUDGET N=35 D=128 K=8 d=32 block=16 differing_states=0 omitted_differing_states=0 max_absolute_budget=0.00673034274814 max_error_to_budget=0 basis=2_gamma_degree_plus_rescales_times_FP64_same_p_r_shadow master_gate_independent=true arithmetic_budget_pass=1
ICPP_ONLINE_SMOKE phase=AMX_DENOMINATOR_VS_SVML_SIMULATION N=35 D=128 K=8 d=32 block=16 finite=1 max_abs_error=0 mean_abs_error=0 relative_L2_error=0 gate=same_p_r_gamma_budget_and_relative_L2_1e-5 pass=1
ICPP_ONLINE_SMOKE phase=AMX_DENOMINATOR_VS_TR16_SIMD_REPLAY N=35 D=128 K=8 d=32 block=16 finite=1 max_abs_error=0 mean_abs_error=0 relative_L2_error=0 gate=bitwise_same_lane_layout_and_mul_add_order pass=1
ICPP_ONLINE_SMOKE phase=AMX_VS_FP32_MASTER N=35 D=128 K=8 d=32 block=16 finite=1 max_abs_error=0.000301615030778 mean_abs_error=2.59834446337e-05 relative_L2_error=0.00272008959095 gate=master_absolute_.003_small_fixture_only pass=1
ICPP_ONLINE_SMOKE phase=PROFILE_ON_VS_OFF N=35 D=128 K=8 d=32 block=16 finite=1 max_abs_error=0 mean_abs_error=0 relative_L2_error=0 gate=bitwise_arithmetic_invariance pass=1
ICPP_ONLINE_SMOKE phase=FINISH_NORMALIZATION_AND_ELU N=35 D=128 K=8 d=32 block=16 finite=1 max_abs_error=2.15135514736e-07 mean_abs_error=3.4301103824e-08 relative_L2_error=4.14430713789e-06 gate=abs_1e-5_SVML_activation_difference pass=1
ICPP_ONLINE_SMOKE_COUNTERS N=35 D=128 K=8 d=32 block=16 edges=2736 blocks=1520 max_updates=485 rescales=229 rescale_events=86 spill_bytes=176128 reload_bytes=176128 neighbor_steps=4504 amx_calls=36032 original_row_scatter=true complete_neighborhoods=true independent_heads=true
ICPP_ONLINE_SMOKE phase=FP32_V_ONLINE_VS_FP64_STABLE_SAME_LR N=35 D=128 K=8 d=32 block=32 finite=1 max_abs_error=4.45785503428e-07 mean_abs_error=1.97240036962e-08 relative_L2_error=2.62842151799e-06 gate=abs_1e-5_and_relative_L2_1e-5 pass=1
ICPP_ONLINE_SMOKE phase=BF16_EMULATION_STD_EXP_VS_SVML_EXP N=35 D=128 K=8 d=32 block=32 finite=1 max_abs_error=1.54646113515e-06 mean_abs_error=7.91844984503e-09 relative_L2_error=4.60727929676e-06 gate=diagnostic_RNE_threshold_sensitive pass=1
ICPP_ONLINE_SMOKE phase=BF16_EMULATION_VS_FP32_MASTER N=35 D=128 K=8 d=32 block=32 finite=1 max_abs_error=0.000301615030778 mean_abs_error=2.63475431059e-05 relative_L2_error=0.00276545798361 gate=master_absolute_.003_small_fixture_only pass=1
ICPP_ONLINE_SMOKE phase=BF16_EMULATION_VS_QUANTIZED_HW_STABLE N=35 D=128 K=8 d=32 block=32 finite=1 max_abs_error=0.000100959610431 mean_abs_error=1.19605428701e-05 relative_L2_error=0.00118417877774 gate=diagnostic_additional_pH_RNE pass=1
ICPP_ONLINE_SMOKE phase=AMX_VS_BF16_TDP_EMULATION_SAME_SVML_EXP N=35 D=128 K=8 d=32 block=32 finite=1 max_abs_error=0 mean_abs_error=0 relative_L2_error=0 gate=operand_based_FP32_rounding_budget pass=1
ICPP_ONLINE_SMOKE_BUDGET N=35 D=128 K=8 d=32 block=32 max_absolute_budget=5.29442985587e-05 max_error_to_budget=0 basis=gamma17_plus_gamma_edge_kb_rescales independent_of_master_BF16_error=true
ICPP_ONLINE_SMOKE phase=AMX_VS_BF16_EMULATION_STD_EXP N=35 D=128 K=8 d=32 block=32 finite=1 max_abs_error=1.54646113515e-06 mean_abs_error=7.91844984503e-09 relative_L2_error=4.60727929676e-06 gate=diagnostic_exp_and_RNE_difference pass=1
ICPP_ONLINE_DEN_BUDGET N=35 D=128 K=8 d=32 block=32 differing_states=0 omitted_differing_states=0 max_absolute_budget=0.00673034274814 max_error_to_budget=0 basis=2_gamma_degree_plus_rescales_times_FP64_same_p_r_shadow master_gate_independent=true arithmetic_budget_pass=1
ICPP_ONLINE_SMOKE phase=AMX_DENOMINATOR_VS_SVML_SIMULATION N=35 D=128 K=8 d=32 block=32 finite=1 max_abs_error=0 mean_abs_error=0 relative_L2_error=0 gate=same_p_r_gamma_budget_and_relative_L2_1e-5 pass=1
ICPP_ONLINE_SMOKE phase=AMX_DENOMINATOR_VS_TR16_SIMD_REPLAY N=35 D=128 K=8 d=32 block=32 finite=1 max_abs_error=0 mean_abs_error=0 relative_L2_error=0 gate=bitwise_same_lane_layout_and_mul_add_order pass=1
ICPP_ONLINE_SMOKE phase=AMX_VS_FP32_MASTER N=35 D=128 K=8 d=32 block=32 finite=1 max_abs_error=0.000301615030778 mean_abs_error=2.63466436014e-05 relative_L2_error=0.00276544463359 gate=master_absolute_.003_small_fixture_only pass=1
ICPP_ONLINE_SMOKE phase=PROFILE_ON_VS_OFF N=35 D=128 K=8 d=32 block=32 finite=1 max_abs_error=0 mean_abs_error=0 relative_L2_error=0 gate=bitwise_arithmetic_invariance pass=1
ICPP_ONLINE_SMOKE phase=FINISH_NORMALIZATION_AND_ELU N=35 D=128 K=8 d=32 block=32 finite=1 max_abs_error=2.07684934139e-07 mean_abs_error=3.44493477046e-08 relative_L2_error=4.15895335971e-06 gate=abs_1e-5_SVML_activation_difference pass=1
ICPP_ONLINE_SMOKE_COUNTERS N=35 D=128 K=8 d=32 block=32 edges=2736 blocks=840 max_updates=370 rescales=114 rescale_events=44 spill_bytes=90112 reload_bytes=90112 neighbor_steps=4504 amx_calls=36032 original_row_scatter=true complete_neighborhoods=true independent_heads=true
ICPP_ONLINE_SMOKE phase=FP32_V_ONLINE_VS_FP64_STABLE_SAME_LR N=35 D=128 K=8 d=32 block=64 finite=1 max_abs_error=4.34609632533e-07 mean_abs_error=1.95870607021e-08 relative_L2_error=2.61735622313e-06 gate=abs_1e-5_and_relative_L2_1e-5 pass=1
ICPP_ONLINE_SMOKE phase=BF16_EMULATION_STD_EXP_VS_SVML_EXP N=35 D=128 K=8 d=32 block=64 finite=1 max_abs_error=1.54646113515e-06 mean_abs_error=1.05062272025e-08 relative_L2_error=5.41533030709e-06 gate=diagnostic_RNE_threshold_sensitive pass=1
ICPP_ONLINE_SMOKE phase=BF16_EMULATION_VS_FP32_MASTER N=35 D=128 K=8 d=32 block=64 finite=1 max_abs_error=0.000301615030778 mean_abs_error=2.65223312541e-05 relative_L2_error=0.00277867708011 gate=master_absolute_.003_small_fixture_only pass=1
ICPP_ONLINE_SMOKE phase=BF16_EMULATION_VS_QUANTIZED_HW_STABLE N=35 D=128 K=8 d=32 block=64 finite=1 max_abs_error=0.000103363092667 mean_abs_error=1.22525030859e-05 relative_L2_error=0.00121551419799 gate=diagnostic_additional_pH_RNE pass=1
ICPP_ONLINE_SMOKE phase=AMX_VS_BF16_TDP_EMULATION_SAME_SVML_EXP N=35 D=128 K=8 d=32 block=64 finite=1 max_abs_error=0 mean_abs_error=0 relative_L2_error=0 gate=operand_based_FP32_rounding_budget pass=1
ICPP_ONLINE_SMOKE_BUDGET N=35 D=128 K=8 d=32 block=64 max_absolute_budget=5.28970431482e-05 max_error_to_budget=0 basis=gamma17_plus_gamma_edge_kb_rescales independent_of_master_BF16_error=true
ICPP_ONLINE_SMOKE phase=AMX_VS_BF16_EMULATION_STD_EXP N=35 D=128 K=8 d=32 block=64 finite=1 max_abs_error=1.54646113515e-06 mean_abs_error=1.05062272025e-08 relative_L2_error=5.41533030709e-06 gate=diagnostic_exp_and_RNE_difference pass=1
ICPP_ONLINE_DEN_BUDGET N=35 D=128 K=8 d=32 block=64 differing_states=0 omitted_differing_states=0 max_absolute_budget=0.00673034274814 max_error_to_budget=0 basis=2_gamma_degree_plus_rescales_times_FP64_same_p_r_shadow master_gate_independent=true arithmetic_budget_pass=1
ICPP_ONLINE_SMOKE phase=AMX_DENOMINATOR_VS_SVML_SIMULATION N=35 D=128 K=8 d=32 block=64 finite=1 max_abs_error=0 mean_abs_error=0 relative_L2_error=0 gate=same_p_r_gamma_budget_and_relative_L2_1e-5 pass=1
ICPP_ONLINE_SMOKE phase=AMX_DENOMINATOR_VS_TR16_SIMD_REPLAY N=35 D=128 K=8 d=32 block=64 finite=1 max_abs_error=0 mean_abs_error=0 relative_L2_error=0 gate=bitwise_same_lane_layout_and_mul_add_order pass=1
ICPP_ONLINE_SMOKE phase=AMX_VS_FP32_MASTER N=35 D=128 K=8 d=32 block=64 finite=1 max_abs_error=0.000301615030778 mean_abs_error=2.65215684281e-05 relative_L2_error=0.00277867601999 gate=master_absolute_.003_small_fixture_only pass=1
ICPP_ONLINE_SMOKE phase=PROFILE_ON_VS_OFF N=35 D=128 K=8 d=32 block=64 finite=1 max_abs_error=0 mean_abs_error=0 relative_L2_error=0 gate=bitwise_arithmetic_invariance pass=1
ICPP_ONLINE_SMOKE phase=FINISH_NORMALIZATION_AND_ELU N=35 D=128 K=8 d=32 block=64 finite=1 max_abs_error=2.07684934139e-07 mean_abs_error=3.45412032437e-08 relative_L2_error=4.1659500288e-06 gate=abs_1e-5_SVML_activation_difference pass=1
ICPP_ONLINE_SMOKE_COUNTERS N=35 D=128 K=8 d=32 block=64 edges=2736 blocks=520 max_updates=302 rescales=46 rescale_events=19 spill_bytes=38912 reload_bytes=38912 neighbor_steps=4504 amx_calls=36032 original_row_scatter=true complete_neighborhoods=true independent_heads=true
ICPP_ONLINE_SMOKE phase=FP32_V_ONLINE_VS_FP64_STABLE_SAME_LR N=17 D=33 K=8 d=64 block=16 finite=1 max_abs_error=2.21776796486e-07 mean_abs_error=1.29971283276e-08 relative_L2_error=1.35150103803e-06 gate=abs_1e-5_and_relative_L2_1e-5 pass=1
ICPP_ONLINE_SMOKE phase=BF16_EMULATION_STD_EXP_VS_SVML_EXP N=17 D=33 K=8 d=64 block=16 finite=1 max_abs_error=2.23517417908e-08 mean_abs_error=6.60627369802e-10 relative_L2_error=9.31215783728e-08 gate=diagnostic_RNE_threshold_sensitive pass=1
ICPP_ONLINE_SMOKE phase=BF16_EMULATION_VS_FP32_MASTER N=17 D=33 K=8 d=64 block=16 finite=1 max_abs_error=0.000295281537139 mean_abs_error=2.93102484238e-05 relative_L2_error=0.00250824763283 gate=master_absolute_.003_small_fixture_only pass=1
ICPP_ONLINE_SMOKE phase=BF16_EMULATION_VS_QUANTIZED_HW_STABLE N=17 D=33 K=8 d=64 block=16 finite=1 max_abs_error=0.000185022316189 mean_abs_error=1.18042824693e-05 relative_L2_error=0.000987543147678 gate=diagnostic_additional_pH_RNE pass=1
ICPP_ONLINE_SMOKE phase=AMX_VS_BF16_TDP_EMULATION_SAME_SVML_EXP N=17 D=33 K=8 d=64 block=16 finite=1 max_abs_error=0 mean_abs_error=0 relative_L2_error=0 gate=operand_based_FP32_rounding_budget pass=1
ICPP_ONLINE_SMOKE_BUDGET N=17 D=33 K=8 d=64 block=16 max_absolute_budget=1.58404850624e-05 max_error_to_budget=0 basis=gamma17_plus_gamma_edge_kb_rescales independent_of_master_BF16_error=true
ICPP_ONLINE_SMOKE phase=AMX_VS_BF16_EMULATION_STD_EXP N=17 D=33 K=8 d=64 block=16 finite=1 max_abs_error=2.23517417908e-08 mean_abs_error=6.60627369802e-10 relative_L2_error=9.31215783728e-08 gate=diagnostic_exp_and_RNE_difference pass=1
ICPP_ONLINE_DEN_BUDGET N=17 D=33 K=8 d=64 block=16 differing_states=0 omitted_differing_states=0 max_absolute_budget=0.00687237630373 max_error_to_budget=0 basis=2_gamma_degree_plus_rescales_times_FP64_same_p_r_shadow master_gate_independent=true arithmetic_budget_pass=1
ICPP_ONLINE_SMOKE phase=AMX_DENOMINATOR_VS_SVML_SIMULATION N=17 D=33 K=8 d=64 block=16 finite=1 max_abs_error=0 mean_abs_error=0 relative_L2_error=0 gate=same_p_r_gamma_budget_and_relative_L2_1e-5 pass=1
ICPP_ONLINE_SMOKE phase=AMX_DENOMINATOR_VS_TR16_SIMD_REPLAY N=17 D=33 K=8 d=64 block=16 finite=1 max_abs_error=0 mean_abs_error=0 relative_L2_error=0 gate=bitwise_same_lane_layout_and_mul_add_order pass=1
ICPP_ONLINE_SMOKE phase=AMX_VS_FP32_MASTER N=17 D=33 K=8 d=64 block=16 finite=1 max_abs_error=0.000295281537139 mean_abs_error=2.93102895448e-05 relative_L2_error=0.00250824972719 gate=master_absolute_.003_small_fixture_only pass=1
ICPP_ONLINE_SMOKE phase=PROFILE_ON_VS_OFF N=17 D=33 K=8 d=64 block=16 finite=1 max_abs_error=0 mean_abs_error=0 relative_L2_error=0 gate=bitwise_arithmetic_invariance pass=1
ICPP_ONLINE_SMOKE phase=FINISH_NORMALIZATION_AND_ELU N=17 D=33 K=8 d=64 block=16 finite=1 max_abs_error=2.12341547012e-07 mean_abs_error=3.41325335577e-08 relative_L2_error=3.45737607267e-06 gate=abs_1e-5_SVML_activation_difference pass=1
ICPP_ONLINE_SMOKE_COUNTERS N=17 D=33 K=8 d=64 block=16 edges=1352 blocks=752 max_updates=202 rescales=82 rescale_events=29 spill_bytes=118784 reload_bytes=118784 neighbor_steps=4240 amx_calls=33920 original_row_scatter=true complete_neighborhoods=true independent_heads=true
ICPP_ONLINE_SMOKE phase=FP32_V_ONLINE_VS_FP64_STABLE_SAME_LR N=17 D=33 K=8 d=64 block=32 finite=1 max_abs_error=1.92308753394e-07 mean_abs_error=1.27805706939e-08 relative_L2_error=1.31344868284e-06 gate=abs_1e-5_and_relative_L2_1e-5 pass=1
ICPP_ONLINE_SMOKE phase=BF16_EMULATION_STD_EXP_VS_SVML_EXP N=17 D=33 K=8 d=64 block=32 finite=1 max_abs_error=2.23517417908e-08 mean_abs_error=6.3267942519e-10 relative_L2_error=9.32086359379e-08 gate=diagnostic_RNE_threshold_sensitive pass=1
ICPP_ONLINE_SMOKE phase=BF16_EMULATION_VS_FP32_MASTER N=17 D=33 K=8 d=64 block=32 finite=1 max_abs_error=0.000295281537139 mean_abs_error=2.94276285361e-05 relative_L2_error=0.00252432045355 gate=master_absolute_.003_small_fixture_only pass=1
ICPP_ONLINE_SMOKE phase=BF16_EMULATION_VS_QUANTIZED_HW_STABLE N=17 D=33 K=8 d=64 block=32 finite=1 max_abs_error=0.000185022316189 mean_abs_error=1.22182013349e-05 relative_L2_error=0.00102552144526 gate=diagnostic_additional_pH_RNE pass=1
ICPP_ONLINE_SMOKE phase=AMX_VS_BF16_TDP_EMULATION_SAME_SVML_EXP N=17 D=33 K=8 d=64 block=32 finite=1 max_abs_error=0 mean_abs_error=0 relative_L2_error=0 gate=operand_based_FP32_rounding_budget pass=1
ICPP_ONLINE_SMOKE_BUDGET N=17 D=33 K=8 d=64 block=32 max_absolute_budget=1.58404850624e-05 max_error_to_budget=0 basis=gamma17_plus_gamma_edge_kb_rescales independent_of_master_BF16_error=true
ICPP_ONLINE_SMOKE phase=AMX_VS_BF16_EMULATION_STD_EXP N=17 D=33 K=8 d=64 block=32 finite=1 max_abs_error=2.23517417908e-08 mean_abs_error=6.3267942519e-10 relative_L2_error=9.32086359379e-08 gate=diagnostic_exp_and_RNE_difference pass=1
ICPP_ONLINE_DEN_BUDGET N=17 D=33 K=8 d=64 block=32 differing_states=0 omitted_differing_states=0 max_absolute_budget=0.00687237630373 max_error_to_budget=0 basis=2_gamma_degree_plus_rescales_times_FP64_same_p_r_shadow master_gate_independent=true arithmetic_budget_pass=1
ICPP_ONLINE_SMOKE phase=AMX_DENOMINATOR_VS_SVML_SIMULATION N=17 D=33 K=8 d=64 block=32 finite=1 max_abs_error=0 mean_abs_error=0 relative_L2_error=0 gate=same_p_r_gamma_budget_and_relative_L2_1e-5 pass=1
ICPP_ONLINE_SMOKE phase=AMX_DENOMINATOR_VS_TR16_SIMD_REPLAY N=17 D=33 K=8 d=64 block=32 finite=1 max_abs_error=0 mean_abs_error=0 relative_L2_error=0 gate=bitwise_same_lane_layout_and_mul_add_order pass=1
ICPP_ONLINE_SMOKE phase=AMX_VS_FP32_MASTER N=17 D=33 K=8 d=64 block=32 finite=1 max_abs_error=0.000295281537139 mean_abs_error=2.94276480932e-05 relative_L2_error=0.00252432093352 gate=master_absolute_.003_small_fixture_only pass=1
ICPP_ONLINE_SMOKE phase=PROFILE_ON_VS_OFF N=17 D=33 K=8 d=64 block=32 finite=1 max_abs_error=0 mean_abs_error=0 relative_L2_error=0 gate=bitwise_arithmetic_invariance pass=1
ICPP_ONLINE_SMOKE phase=FINISH_NORMALIZATION_AND_ELU N=17 D=33 K=8 d=64 block=32 finite=1 max_abs_error=2.12341547012e-07 mean_abs_error=3.42206664051e-08 relative_L2_error=3.46501742448e-06 gate=abs_1e-5_SVML_activation_difference pass=1
ICPP_ONLINE_SMOKE_COUNTERS N=17 D=33 K=8 d=64 block=32 edges=1352 blocks=416 max_updates=168 rescales=48 rescale_events=19 spill_bytes=77824 reload_bytes=77824 neighbor_steps=4240 amx_calls=33920 original_row_scatter=true complete_neighborhoods=true independent_heads=true
ICPP_ONLINE_SMOKE phase=FP32_V_ONLINE_VS_FP64_STABLE_SAME_LR N=17 D=33 K=8 d=64 block=64 finite=1 max_abs_error=1.96393201916e-07 mean_abs_error=1.28406941036e-08 relative_L2_error=1.33278487657e-06 gate=abs_1e-5_and_relative_L2_1e-5 pass=1
ICPP_ONLINE_SMOKE phase=BF16_EMULATION_STD_EXP_VS_SVML_EXP N=17 D=33 K=8 d=64 block=64 finite=1 max_abs_error=2.23517417908e-08 mean_abs_error=6.08364652772e-10 relative_L2_error=9.20772340146e-08 gate=diagnostic_RNE_threshold_sensitive pass=1
ICPP_ONLINE_SMOKE phase=BF16_EMULATION_VS_FP32_MASTER N=17 D=33 K=8 d=64 block=64 finite=1 max_abs_error=0.000295281537139 mean_abs_error=2.96019762729e-05 relative_L2_error=0.00253134854754 gate=master_absolute_.003_small_fixture_only pass=1
ICPP_ONLINE_SMOKE phase=BF16_EMULATION_VS_QUANTIZED_HW_STABLE N=17 D=33 K=8 d=64 block=64 finite=1 max_abs_error=0.000185022316189 mean_abs_error=1.22933606605e-05 relative_L2_error=0.00102956847036 gate=diagnostic_additional_pH_RNE pass=1
ICPP_ONLINE_SMOKE phase=AMX_VS_BF16_TDP_EMULATION_SAME_SVML_EXP N=17 D=33 K=8 d=64 block=64 finite=1 max_abs_error=0 mean_abs_error=0 relative_L2_error=0 gate=operand_based_FP32_rounding_budget pass=1
ICPP_ONLINE_SMOKE_BUDGET N=17 D=33 K=8 d=64 block=64 max_absolute_budget=1.58404850624e-05 max_error_to_budget=0 basis=gamma17_plus_gamma_edge_kb_rescales independent_of_master_BF16_error=true
ICPP_ONLINE_SMOKE phase=AMX_VS_BF16_EMULATION_STD_EXP N=17 D=33 K=8 d=64 block=64 finite=1 max_abs_error=2.23517417908e-08 mean_abs_error=6.08364652772e-10 relative_L2_error=9.20772340146e-08 gate=diagnostic_exp_and_RNE_difference pass=1
ICPP_ONLINE_DEN_BUDGET N=17 D=33 K=8 d=64 block=64 differing_states=0 omitted_differing_states=0 max_absolute_budget=0.00687237630373 max_error_to_budget=0 basis=2_gamma_degree_plus_rescales_times_FP64_same_p_r_shadow master_gate_independent=true arithmetic_budget_pass=1
ICPP_ONLINE_SMOKE phase=AMX_DENOMINATOR_VS_SVML_SIMULATION N=17 D=33 K=8 d=64 block=64 finite=1 max_abs_error=0 mean_abs_error=0 relative_L2_error=0 gate=same_p_r_gamma_budget_and_relative_L2_1e-5 pass=1
ICPP_ONLINE_SMOKE phase=AMX_DENOMINATOR_VS_TR16_SIMD_REPLAY N=17 D=33 K=8 d=64 block=64 finite=1 max_abs_error=0 mean_abs_error=0 relative_L2_error=0 gate=bitwise_same_lane_layout_and_mul_add_order pass=1
ICPP_ONLINE_SMOKE phase=AMX_VS_FP32_MASTER N=17 D=33 K=8 d=64 block=64 finite=1 max_abs_error=0.000295281537139 mean_abs_error=2.96019988628e-05 relative_L2_error=0.00253134879556 gate=master_absolute_.003_small_fixture_only pass=1
ICPP_ONLINE_SMOKE phase=PROFILE_ON_VS_OFF N=17 D=33 K=8 d=64 block=64 finite=1 max_abs_error=0 mean_abs_error=0 relative_L2_error=0 gate=bitwise_arithmetic_invariance pass=1
ICPP_ONLINE_SMOKE phase=FINISH_NORMALIZATION_AND_ELU N=17 D=33 K=8 d=64 block=64 finite=1 max_abs_error=2.12341547012e-07 mean_abs_error=3.41314152235e-08 relative_L2_error=3.4573978006e-06 gate=abs_1e-5_SVML_activation_difference pass=1
ICPP_ONLINE_SMOKE_COUNTERS N=17 D=33 K=8 d=64 block=64 edges=1352 blocks=256 max_updates=145 rescales=25 rescale_events=11 spill_bytes=45056 reload_bytes=45056 neighbor_steps=4240 amx_calls=33920 original_row_scatter=true complete_neighborhoods=true independent_heads=true
ICPP_ONLINE_SMOKE phase=FP32_V_ONLINE_VS_FP64_STABLE_SAME_LR N=35 D=17 K=8 d=7 block=16 finite=1 max_abs_error=1.6481583006e-07 mean_abs_error=9.15939678526e-09 relative_L2_error=9.65603229057e-07 gate=abs_1e-5_and_relative_L2_1e-5 pass=1
ICPP_ONLINE_SMOKE phase=BF16_EMULATION_STD_EXP_VS_SVML_EXP N=35 D=17 K=8 d=7 block=16 finite=1 max_abs_error=1.45263038576e-06 mean_abs_error=3.8617738993e-09 relative_L2_error=3.41878861518e-06 gate=diagnostic_RNE_threshold_sensitive pass=1
ICPP_ONLINE_SMOKE phase=BF16_EMULATION_VS_FP32_MASTER N=35 D=17 K=8 d=7 block=16 finite=1 max_abs_error=0.000322259216245 mean_abs_error=2.58415308453e-05 relative_L2_error=0.00226670776869 gate=master_absolute_.003_small_fixture_only pass=1
ICPP_ONLINE_SMOKE phase=BF16_EMULATION_VS_QUANTIZED_HW_STABLE N=35 D=17 K=8 d=7 block=16 finite=1 max_abs_error=8.39673379163e-05 mean_abs_error=1.0621125338e-05 relative_L2_error=0.000872521429978 gate=diagnostic_additional_pH_RNE pass=1
ICPP_ONLINE_SMOKE phase=AMX_VS_BF16_TDP_EMULATION_SAME_SVML_EXP N=35 D=17 K=8 d=7 block=16 finite=1 max_abs_error=0 mean_abs_error=0 relative_L2_error=0 gate=operand_based_FP32_rounding_budget pass=1
ICPP_ONLINE_SMOKE_BUDGET N=35 D=17 K=8 d=7 block=16 max_absolute_budget=5.89072690719e-06 max_error_to_budget=0 basis=gamma17_plus_gamma_edge_kb_rescales independent_of_master_BF16_error=true
ICPP_ONLINE_SMOKE phase=AMX_VS_BF16_EMULATION_STD_EXP N=35 D=17 K=8 d=7 block=16 finite=1 max_abs_error=1.45263038576e-06 mean_abs_error=3.8617738993e-09 relative_L2_error=3.41878861518e-06 gate=diagnostic_exp_and_RNE_difference pass=1
ICPP_ONLINE_DEN_BUDGET N=35 D=17 K=8 d=7 block=16 differing_states=0 omitted_differing_states=0 max_absolute_budget=0.00668398303785 max_error_to_budget=0 basis=2_gamma_degree_plus_rescales_times_FP64_same_p_r_shadow master_gate_independent=true arithmetic_budget_pass=1
ICPP_ONLINE_SMOKE phase=AMX_DENOMINATOR_VS_SVML_SIMULATION N=35 D=17 K=8 d=7 block=16 finite=1 max_abs_error=0 mean_abs_error=0 relative_L2_error=0 gate=same_p_r_gamma_budget_and_relative_L2_1e-5 pass=1
ICPP_ONLINE_SMOKE phase=AMX_DENOMINATOR_VS_TR16_SIMD_REPLAY N=35 D=17 K=8 d=7 block=16 finite=1 max_abs_error=0 mean_abs_error=0 relative_L2_error=0 gate=bitwise_same_lane_layout_and_mul_add_order pass=1
ICPP_ONLINE_SMOKE phase=AMX_VS_FP32_MASTER N=35 D=17 K=8 d=7 block=16 finite=1 max_abs_error=0.000322259216245 mean_abs_error=2.58426260957e-05 relative_L2_error=0.0022667555373 gate=master_absolute_.003_small_fixture_only pass=1
ICPP_ONLINE_SMOKE phase=PROFILE_ON_VS_OFF N=35 D=17 K=8 d=7 block=16 finite=1 max_abs_error=0 mean_abs_error=0 relative_L2_error=0 gate=bitwise_arithmetic_invariance pass=1
ICPP_ONLINE_SMOKE phase=FINISH_NORMALIZATION_AND_ELU N=35 D=17 K=8 d=7 block=16 finite=1 max_abs_error=2.12341547012e-07 mean_abs_error=3.42697817081e-08 relative_L2_error=3.42584839786e-06 gate=abs_1e-5_SVML_activation_difference pass=1
ICPP_ONLINE_SMOKE_COUNTERS N=35 D=17 K=8 d=7 block=16 edges=2736 blocks=1520 max_updates=506 rescales=250 rescale_events=91 spill_bytes=93184 reload_bytes=93184 neighbor_steps=4504 amx_calls=4504 original_row_scatter=true complete_neighborhoods=true independent_heads=true
ICPP_ONLINE_SMOKE phase=FP32_V_ONLINE_VS_FP64_STABLE_SAME_LR N=35 D=17 K=8 d=7 block=32 finite=1 max_abs_error=1.6481583006e-07 mean_abs_error=8.85344435428e-09 relative_L2_error=9.29054292761e-07 gate=abs_1e-5_and_relative_L2_1e-5 pass=1
ICPP_ONLINE_SMOKE phase=BF16_EMULATION_STD_EXP_VS_SVML_EXP N=35 D=17 K=8 d=7 block=32 finite=1 max_abs_error=1.45263038576e-06 mean_abs_error=3.80135932165e-09 relative_L2_error=3.41882064447e-06 gate=diagnostic_RNE_threshold_sensitive pass=1
ICPP_ONLINE_SMOKE phase=BF16_EMULATION_VS_FP32_MASTER N=35 D=17 K=8 d=7 block=32 finite=1 max_abs_error=0.000322259216245 mean_abs_error=2.60146792569e-05 relative_L2_error=0.00227958525178 gate=master_absolute_.003_small_fixture_only pass=1
ICPP_ONLINE_SMOKE phase=BF16_EMULATION_VS_QUANTIZED_HW_STABLE N=35 D=17 K=8 d=7 block=32 finite=1 max_abs_error=8.424039029e-05 mean_abs_error=1.11808873363e-05 relative_L2_error=0.000933465147911 gate=diagnostic_additional_pH_RNE pass=1
ICPP_ONLINE_SMOKE phase=AMX_VS_BF16_TDP_EMULATION_SAME_SVML_EXP N=35 D=17 K=8 d=7 block=32 finite=1 max_abs_error=0 mean_abs_error=0 relative_L2_error=0 gate=operand_based_FP32_rounding_budget pass=1
ICPP_ONLINE_SMOKE_BUDGET N=35 D=17 K=8 d=7 block=32 max_absolute_budget=5.89072690719e-06 max_error_to_budget=0 basis=gamma17_plus_gamma_edge_kb_rescales independent_of_master_BF16_error=true
ICPP_ONLINE_SMOKE phase=AMX_VS_BF16_EMULATION_STD_EXP N=35 D=17 K=8 d=7 block=32 finite=1 max_abs_error=1.45263038576e-06 mean_abs_error=3.80135932165e-09 relative_L2_error=3.41882064447e-06 gate=diagnostic_exp_and_RNE_difference pass=1
ICPP_ONLINE_DEN_BUDGET N=35 D=17 K=8 d=7 block=32 differing_states=0 omitted_differing_states=0 max_absolute_budget=0.00658689323902 max_error_to_budget=0 basis=2_gamma_degree_plus_rescales_times_FP64_same_p_r_shadow master_gate_independent=true arithmetic_budget_pass=1
ICPP_ONLINE_SMOKE phase=AMX_DENOMINATOR_VS_SVML_SIMULATION N=35 D=17 K=8 d=7 block=32 finite=1 max_abs_error=0 mean_abs_error=0 relative_L2_error=0 gate=same_p_r_gamma_budget_and_relative_L2_1e-5 pass=1
ICPP_ONLINE_SMOKE phase=AMX_DENOMINATOR_VS_TR16_SIMD_REPLAY N=35 D=17 K=8 d=7 block=32 finite=1 max_abs_error=0 mean_abs_error=0 relative_L2_error=0 gate=bitwise_same_lane_layout_and_mul_add_order pass=1
ICPP_ONLINE_SMOKE phase=AMX_VS_FP32_MASTER N=35 D=17 K=8 d=7 block=32 finite=1 max_abs_error=0.000322259216245 mean_abs_error=2.60157816329e-05 relative_L2_error=0.00227963285831 gate=master_absolute_.003_small_fixture_only pass=1
ICPP_ONLINE_SMOKE phase=PROFILE_ON_VS_OFF N=35 D=17 K=8 d=7 block=32 finite=1 max_abs_error=0 mean_abs_error=0 relative_L2_error=0 gate=bitwise_arithmetic_invariance pass=1
ICPP_ONLINE_SMOKE phase=FINISH_NORMALIZATION_AND_ELU N=35 D=17 K=8 d=7 block=32 finite=1 max_abs_error=2.12341547012e-07 mean_abs_error=3.47220905923e-08 relative_L2_error=3.46043434261e-06 gate=abs_1e-5_SVML_activation_difference pass=1
ICPP_ONLINE_SMOKE_COUNTERS N=35 D=17 K=8 d=7 block=32 edges=2736 blocks=840 max_updates=382 rescales=126 rescale_events=46 spill_bytes=47104 reload_bytes=47104 neighbor_steps=4504 amx_calls=4504 original_row_scatter=true complete_neighborhoods=true independent_heads=true
ICPP_ONLINE_SMOKE phase=FP32_V_ONLINE_VS_FP64_STABLE_SAME_LR N=35 D=17 K=8 d=7 block=64 finite=1 max_abs_error=1.6481583006e-07 mean_abs_error=8.93881164355e-09 relative_L2_error=9.24855665977e-07 gate=abs_1e-5_and_relative_L2_1e-5 pass=1
ICPP_ONLINE_SMOKE phase=BF16_EMULATION_STD_EXP_VS_SVML_EXP N=35 D=17 K=8 d=7 block=64 finite=1 max_abs_error=1.45263038576e-06 mean_abs_error=3.72471675997e-09 relative_L2_error=3.41857565529e-06 gate=diagnostic_RNE_threshold_sensitive pass=1
ICPP_ONLINE_SMOKE phase=BF16_EMULATION_VS_FP32_MASTER N=35 D=17 K=8 d=7 block=64 finite=1 max_abs_error=0.000322259216245 mean_abs_error=2.61578119839e-05 relative_L2_error=0.00229787007212 gate=master_absolute_.003_small_fixture_only pass=1
ICPP_ONLINE_SMOKE phase=BF16_EMULATION_VS_QUANTIZED_HW_STABLE N=35 D=17 K=8 d=7 block=64 finite=1 max_abs_error=8.5547165643e-05 mean_abs_error=1.1687710258e-05 relative_L2_error=0.000971814997534 gate=diagnostic_additional_pH_RNE pass=1
ICPP_ONLINE_SMOKE phase=AMX_VS_BF16_TDP_EMULATION_SAME_SVML_EXP N=35 D=17 K=8 d=7 block=64 finite=1 max_abs_error=0 mean_abs_error=0 relative_L2_error=0 gate=operand_based_FP32_rounding_budget pass=1
ICPP_ONLINE_SMOKE_BUDGET N=35 D=17 K=8 d=7 block=64 max_absolute_budget=5.89111704691e-06 max_error_to_budget=0 basis=gamma17_plus_gamma_edge_kb_rescales independent_of_master_BF16_error=true
ICPP_ONLINE_SMOKE phase=AMX_VS_BF16_EMULATION_STD_EXP N=35 D=17 K=8 d=7 block=64 finite=1 max_abs_error=1.45263038576e-06 mean_abs_error=3.72471675997e-09 relative_L2_error=3.41857565529e-06 gate=diagnostic_exp_and_RNE_difference pass=1
ICPP_ONLINE_DEN_BUDGET N=35 D=17 K=8 d=7 block=64 differing_states=0 omitted_differing_states=0 max_absolute_budget=0.00656285296335 max_error_to_budget=0 basis=2_gamma_degree_plus_rescales_times_FP64_same_p_r_shadow master_gate_independent=true arithmetic_budget_pass=1
ICPP_ONLINE_SMOKE phase=AMX_DENOMINATOR_VS_SVML_SIMULATION N=35 D=17 K=8 d=7 block=64 finite=1 max_abs_error=0 mean_abs_error=0 relative_L2_error=0 gate=same_p_r_gamma_budget_and_relative_L2_1e-5 pass=1
ICPP_ONLINE_SMOKE phase=AMX_DENOMINATOR_VS_TR16_SIMD_REPLAY N=35 D=17 K=8 d=7 block=64 finite=1 max_abs_error=0 mean_abs_error=0 relative_L2_error=0 gate=bitwise_same_lane_layout_and_mul_add_order pass=1
ICPP_ONLINE_SMOKE phase=AMX_VS_FP32_MASTER N=35 D=17 K=8 d=7 block=64 finite=1 max_abs_error=0.000322259216245 mean_abs_error=2.61589105066e-05 relative_L2_error=0.0022979155045 gate=master_absolute_.003_small_fixture_only pass=1
ICPP_ONLINE_SMOKE phase=PROFILE_ON_VS_OFF N=35 D=17 K=8 d=7 block=64 finite=1 max_abs_error=0 mean_abs_error=0 relative_L2_error=0 gate=bitwise_arithmetic_invariance pass=1
ICPP_ONLINE_SMOKE phase=FINISH_NORMALIZATION_AND_ELU N=35 D=17 K=8 d=7 block=64 finite=1 max_abs_error=2.12341547012e-07 mean_abs_error=3.44867486296e-08 relative_L2_error=3.44702799335e-06 gate=abs_1e-5_SVML_activation_difference pass=1
ICPP_ONLINE_SMOKE_COUNTERS N=35 D=17 K=8 d=7 block=64 edges=2736 blocks=520 max_updates=305 rescales=49 rescale_events=24 spill_bytes=24576 reload_bytes=24576 neighbor_steps=4504 amx_calls=4504 original_row_scatter=true complete_neighborhoods=true independent_heads=true
ICPP_ONLINE_SMOKE_PASS operator_cases=48 D=17,33,128,256 K=1,2,8 d=7,32,47,64 N=17,35 block=16,32,64 state=V_head_dim no_local_U=true master_gate_scope=small_fixtures_only trained_model_accuracy=UNVERIFIED
ICPP_PAIR_SMOKE_START oracle=original_icpp_online bitwise_required=1 master_precision_certification=0 untrained_model_accuracy_certification=0 profile_intervals=sampled_worker_seconds logical_bytes_are_DRAM_measurement=0
ICPP_PAIR_SMOKE_CASE N=17 D=17 K=1 d=7 E=1352 block=16 optimized=0 equal_scores=0
ICPP_PAIR_SMOKE phase=operator.numerator max_abs_error=0 mean_abs_error=0 relative_L2_error=0 bitwise=PASS
ICPP_PAIR_SMOKE phase=operator.denominator max_abs_error=0 mean_abs_error=0 relative_L2_error=0 bitwise=PASS
ICPP_PAIR_SMOKE phase=operator.maximum max_abs_error=0 mean_abs_error=0 relative_L2_error=0 bitwise=PASS
ICPP_PAIR_SMOKE phase=operator.normalized max_abs_error=0 mean_abs_error=0 relative_L2_error=0 bitwise=PASS
ICPP_PAIR_SMOKE_CASE_RESULT pass=PASS raw_H_vectors=2704 logical_raw_H_bytes=45968 source_index_loads=1352 counters_unit=head logical_bytes_are_DRAM_measurement=0
ICPP_PAIR_SMOKE_CASE N=17 D=17 K=1 d=7 E=1352 block=32 optimized=0 equal_scores=0
ICPP_PAIR_SMOKE phase=operator.numerator max_abs_error=0 mean_abs_error=0 relative_L2_error=0 bitwise=PASS
ICPP_PAIR_SMOKE phase=operator.denominator max_abs_error=0 mean_abs_error=0 relative_L2_error=0 bitwise=PASS
ICPP_PAIR_SMOKE phase=operator.maximum max_abs_error=0 mean_abs_error=0 relative_L2_error=0 bitwise=PASS
ICPP_PAIR_SMOKE phase=operator.normalized max_abs_error=0 mean_abs_error=0 relative_L2_error=0 bitwise=PASS
ICPP_PAIR_SMOKE_CASE_RESULT pass=PASS raw_H_vectors=2704 logical_raw_H_bytes=45968 source_index_loads=1352 counters_unit=head logical_bytes_are_DRAM_measurement=0
ICPP_PAIR_SMOKE_CASE N=17 D=17 K=1 d=7 E=1352 block=64 optimized=0 equal_scores=0
ICPP_PAIR_SMOKE phase=operator.numerator max_abs_error=0 mean_abs_error=0 relative_L2_error=0 bitwise=PASS
ICPP_PAIR_SMOKE phase=operator.denominator max_abs_error=0 mean_abs_error=0 relative_L2_error=0 bitwise=PASS
ICPP_PAIR_SMOKE phase=operator.maximum max_abs_error=0 mean_abs_error=0 relative_L2_error=0 bitwise=PASS
ICPP_PAIR_SMOKE phase=operator.normalized max_abs_error=0 mean_abs_error=0 relative_L2_error=0 bitwise=PASS
ICPP_PAIR_SMOKE_CASE_RESULT pass=PASS raw_H_vectors=2704 logical_raw_H_bytes=45968 source_index_loads=1352 counters_unit=head logical_bytes_are_DRAM_measurement=0
ICPP_PAIR_SMOKE_CASE N=35 D=17 K=2 d=7 E=2736 block=16 optimized=1 equal_scores=0
ICPP_PAIR_SMOKE phase=operator.numerator max_abs_error=0 mean_abs_error=0 relative_L2_error=0 bitwise=PASS
ICPP_PAIR_SMOKE phase=operator.denominator max_abs_error=0 mean_abs_error=0 relative_L2_error=0 bitwise=PASS
ICPP_PAIR_SMOKE phase=operator.maximum max_abs_error=0 mean_abs_error=0 relative_L2_error=0 bitwise=PASS
ICPP_PAIR_SMOKE phase=operator.normalized max_abs_error=0 mean_abs_error=0 relative_L2_error=0 bitwise=PASS
ICPP_PAIR_SMOKE_CASE_RESULT pass=PASS raw_H_vectors=5472 logical_raw_H_bytes=93024 source_index_loads=2736 counters_unit=head logical_bytes_are_DRAM_measurement=0
ICPP_PAIR_SMOKE_CASE N=35 D=17 K=2 d=7 E=2736 block=32 optimized=1 equal_scores=0
ICPP_PAIR_SMOKE phase=operator.numerator max_abs_error=0 mean_abs_error=0 relative_L2_error=0 bitwise=PASS
ICPP_PAIR_SMOKE phase=operator.denominator max_abs_error=0 mean_abs_error=0 relative_L2_error=0 bitwise=PASS
ICPP_PAIR_SMOKE phase=operator.maximum max_abs_error=0 mean_abs_error=0 relative_L2_error=0 bitwise=PASS
ICPP_PAIR_SMOKE phase=operator.normalized max_abs_error=0 mean_abs_error=0 relative_L2_error=0 bitwise=PASS
ICPP_PAIR_SMOKE_CASE_RESULT pass=PASS raw_H_vectors=5472 logical_raw_H_bytes=93024 source_index_loads=2736 counters_unit=head logical_bytes_are_DRAM_measurement=0
ICPP_PAIR_SMOKE_CASE N=35 D=17 K=2 d=7 E=2736 block=64 optimized=1 equal_scores=0
ICPP_PAIR_SMOKE phase=operator.numerator max_abs_error=0 mean_abs_error=0 relative_L2_error=0 bitwise=PASS
ICPP_PAIR_SMOKE phase=operator.denominator max_abs_error=0 mean_abs_error=0 relative_L2_error=0 bitwise=PASS
ICPP_PAIR_SMOKE phase=operator.maximum max_abs_error=0 mean_abs_error=0 relative_L2_error=0 bitwise=PASS
ICPP_PAIR_SMOKE phase=operator.normalized max_abs_error=0 mean_abs_error=0 relative_L2_error=0 bitwise=PASS
ICPP_PAIR_SMOKE_CASE_RESULT pass=PASS raw_H_vectors=5472 logical_raw_H_bytes=93024 source_index_loads=2736 counters_unit=head logical_bytes_are_DRAM_measurement=0
ICPP_PAIR_SMOKE_CASE N=17 D=17 K=3 d=16 E=1352 block=16 optimized=0 equal_scores=0
ICPP_PAIR_SMOKE phase=operator.numerator max_abs_error=0 mean_abs_error=0 relative_L2_error=0 bitwise=PASS
ICPP_PAIR_SMOKE phase=operator.denominator max_abs_error=0 mean_abs_error=0 relative_L2_error=0 bitwise=PASS
ICPP_PAIR_SMOKE phase=operator.maximum max_abs_error=0 mean_abs_error=0 relative_L2_error=0 bitwise=PASS
ICPP_PAIR_SMOKE phase=operator.normalized max_abs_error=0 mean_abs_error=0 relative_L2_error=0 bitwise=PASS
ICPP_PAIR_SMOKE_CASE_RESULT pass=PASS raw_H_vectors=8112 logical_raw_H_bytes=137904 source_index_loads=4056 counters_unit=head logical_bytes_are_DRAM_measurement=0
ICPP_PAIR_SMOKE_CASE N=17 D=17 K=3 d=16 E=1352 block=32 optimized=0 equal_scores=0
ICPP_PAIR_SMOKE phase=operator.numerator max_abs_error=0 mean_abs_error=0 relative_L2_error=0 bitwise=PASS
ICPP_PAIR_SMOKE phase=operator.denominator max_abs_error=0 mean_abs_error=0 relative_L2_error=0 bitwise=PASS
ICPP_PAIR_SMOKE phase=operator.maximum max_abs_error=0 mean_abs_error=0 relative_L2_error=0 bitwise=PASS
ICPP_PAIR_SMOKE phase=operator.normalized max_abs_error=0 mean_abs_error=0 relative_L2_error=0 bitwise=PASS
ICPP_PAIR_SMOKE_CASE_RESULT pass=PASS raw_H_vectors=8112 logical_raw_H_bytes=137904 source_index_loads=4056 counters_unit=head logical_bytes_are_DRAM_measurement=0
ICPP_PAIR_SMOKE_CASE N=17 D=17 K=3 d=16 E=1352 block=64 optimized=0 equal_scores=0
ICPP_PAIR_SMOKE phase=operator.numerator max_abs_error=0 mean_abs_error=0 relative_L2_error=0 bitwise=PASS
ICPP_PAIR_SMOKE phase=operator.denominator max_abs_error=0 mean_abs_error=0 relative_L2_error=0 bitwise=PASS
ICPP_PAIR_SMOKE phase=operator.maximum max_abs_error=0 mean_abs_error=0 relative_L2_error=0 bitwise=PASS
ICPP_PAIR_SMOKE phase=operator.normalized max_abs_error=0 mean_abs_error=0 relative_L2_error=0 bitwise=PASS
ICPP_PAIR_SMOKE_CASE_RESULT pass=PASS raw_H_vectors=8112 logical_raw_H_bytes=137904 source_index_loads=4056 counters_unit=head logical_bytes_are_DRAM_measurement=0
ICPP_PAIR_SMOKE_CASE N=35 D=33 K=4 d=16 E=2736 block=16 optimized=1 equal_scores=0
ICPP_PAIR_SMOKE phase=operator.numerator max_abs_error=0 mean_abs_error=0 relative_L2_error=0 bitwise=PASS
ICPP_PAIR_SMOKE phase=operator.denominator max_abs_error=0 mean_abs_error=0 relative_L2_error=0 bitwise=PASS
ICPP_PAIR_SMOKE phase=operator.maximum max_abs_error=0 mean_abs_error=0 relative_L2_error=0 bitwise=PASS
ICPP_PAIR_SMOKE phase=operator.normalized max_abs_error=0 mean_abs_error=0 relative_L2_error=0 bitwise=PASS
ICPP_PAIR_SMOKE_CASE_RESULT pass=PASS raw_H_vectors=16416 logical_raw_H_bytes=361152 source_index_loads=5472 counters_unit=head logical_bytes_are_DRAM_measurement=0
ICPP_PAIR_SMOKE_CASE N=35 D=33 K=4 d=16 E=2736 block=32 optimized=1 equal_scores=0
ICPP_PAIR_SMOKE phase=operator.numerator max_abs_error=0 mean_abs_error=0 relative_L2_error=0 bitwise=PASS
ICPP_PAIR_SMOKE phase=operator.denominator max_abs_error=0 mean_abs_error=0 relative_L2_error=0 bitwise=PASS
ICPP_PAIR_SMOKE phase=operator.maximum max_abs_error=0 mean_abs_error=0 relative_L2_error=0 bitwise=PASS
ICPP_PAIR_SMOKE phase=operator.normalized max_abs_error=0 mean_abs_error=0 relative_L2_error=0 bitwise=PASS
ICPP_PAIR_SMOKE_CASE_RESULT pass=PASS raw_H_vectors=16416 logical_raw_H_bytes=361152 source_index_loads=5472 counters_unit=head logical_bytes_are_DRAM_measurement=0
ICPP_PAIR_SMOKE_CASE N=35 D=33 K=4 d=16 E=2736 block=64 optimized=1 equal_scores=0
ICPP_PAIR_SMOKE phase=operator.numerator max_abs_error=0 mean_abs_error=0 relative_L2_error=0 bitwise=PASS
ICPP_PAIR_SMOKE phase=operator.denominator max_abs_error=0 mean_abs_error=0 relative_L2_error=0 bitwise=PASS
ICPP_PAIR_SMOKE phase=operator.maximum max_abs_error=0 mean_abs_error=0 relative_L2_error=0 bitwise=PASS
ICPP_PAIR_SMOKE phase=operator.normalized max_abs_error=0 mean_abs_error=0 relative_L2_error=0 bitwise=PASS
ICPP_PAIR_SMOKE_CASE_RESULT pass=PASS raw_H_vectors=16416 logical_raw_H_bytes=361152 source_index_loads=5472 counters_unit=head logical_bytes_are_DRAM_measurement=0
ICPP_PAIR_SMOKE_CASE N=17 D=33 K=8 d=32 E=1352 block=16 optimized=1 equal_scores=0
ICPP_PAIR_SMOKE phase=operator.numerator max_abs_error=0 mean_abs_error=0 relative_L2_error=0 bitwise=PASS
ICPP_PAIR_SMOKE phase=operator.denominator max_abs_error=0 mean_abs_error=0 relative_L2_error=0 bitwise=PASS
ICPP_PAIR_SMOKE phase=operator.maximum max_abs_error=0 mean_abs_error=0 relative_L2_error=0 bitwise=PASS
ICPP_PAIR_SMOKE phase=operator.normalized max_abs_error=0 mean_abs_error=0 relative_L2_error=0 bitwise=PASS
ICPP_PAIR_SMOKE_CASE_RESULT pass=PASS raw_H_vectors=16224 logical_raw_H_bytes=356928 source_index_loads=5408 counters_unit=head logical_bytes_are_DRAM_measurement=0
ICPP_PAIR_SMOKE_CASE N=17 D=33 K=8 d=32 E=1352 block=32 optimized=1 equal_scores=0
ICPP_PAIR_SMOKE phase=operator.numerator max_abs_error=0 mean_abs_error=0 relative_L2_error=0 bitwise=PASS
ICPP_PAIR_SMOKE phase=operator.denominator max_abs_error=0 mean_abs_error=0 relative_L2_error=0 bitwise=PASS
ICPP_PAIR_SMOKE phase=operator.maximum max_abs_error=0 mean_abs_error=0 relative_L2_error=0 bitwise=PASS
ICPP_PAIR_SMOKE phase=operator.normalized max_abs_error=0 mean_abs_error=0 relative_L2_error=0 bitwise=PASS
ICPP_PAIR_SMOKE_CASE_RESULT pass=PASS raw_H_vectors=16224 logical_raw_H_bytes=356928 source_index_loads=5408 counters_unit=head logical_bytes_are_DRAM_measurement=0
ICPP_PAIR_SMOKE_CASE N=17 D=33 K=8 d=32 E=1352 block=64 optimized=1 equal_scores=0
ICPP_PAIR_SMOKE phase=operator.numerator max_abs_error=0 mean_abs_error=0 relative_L2_error=0 bitwise=PASS
ICPP_PAIR_SMOKE phase=operator.denominator max_abs_error=0 mean_abs_error=0 relative_L2_error=0 bitwise=PASS
ICPP_PAIR_SMOKE phase=operator.maximum max_abs_error=0 mean_abs_error=0 relative_L2_error=0 bitwise=PASS
ICPP_PAIR_SMOKE phase=operator.normalized max_abs_error=0 mean_abs_error=0 relative_L2_error=0 bitwise=PASS
ICPP_PAIR_SMOKE_CASE_RESULT pass=PASS raw_H_vectors=16224 logical_raw_H_bytes=356928 source_index_loads=5408 counters_unit=head logical_bytes_are_DRAM_measurement=0
ICPP_PAIR_SMOKE_CASE N=35 D=33 K=2 d=47 E=2736 block=16 optimized=0 equal_scores=0
ICPP_PAIR_SMOKE phase=operator.numerator max_abs_error=0 mean_abs_error=0 relative_L2_error=0 bitwise=PASS
ICPP_PAIR_SMOKE phase=operator.denominator max_abs_error=0 mean_abs_error=0 relative_L2_error=0 bitwise=PASS
ICPP_PAIR_SMOKE phase=operator.maximum max_abs_error=0 mean_abs_error=0 relative_L2_error=0 bitwise=PASS
ICPP_PAIR_SMOKE phase=operator.normalized max_abs_error=0 mean_abs_error=0 relative_L2_error=0 bitwise=PASS
ICPP_PAIR_SMOKE_CASE_RESULT pass=PASS raw_H_vectors=16416 logical_raw_H_bytes=361152 source_index_loads=5472 counters_unit=head logical_bytes_are_DRAM_measurement=0
ICPP_PAIR_SMOKE_CASE N=35 D=33 K=2 d=47 E=2736 block=32 optimized=0 equal_scores=0
ICPP_PAIR_SMOKE phase=operator.numerator max_abs_error=0 mean_abs_error=0 relative_L2_error=0 bitwise=PASS
ICPP_PAIR_SMOKE phase=operator.denominator max_abs_error=0 mean_abs_error=0 relative_L2_error=0 bitwise=PASS
ICPP_PAIR_SMOKE phase=operator.maximum max_abs_error=0 mean_abs_error=0 relative_L2_error=0 bitwise=PASS
ICPP_PAIR_SMOKE phase=operator.normalized max_abs_error=0 mean_abs_error=0 relative_L2_error=0 bitwise=PASS
ICPP_PAIR_SMOKE_CASE_RESULT pass=PASS raw_H_vectors=16416 logical_raw_H_bytes=361152 source_index_loads=5472 counters_unit=head logical_bytes_are_DRAM_measurement=0
ICPP_PAIR_SMOKE_CASE N=35 D=33 K=2 d=47 E=2736 block=64 optimized=0 equal_scores=0
ICPP_PAIR_SMOKE phase=operator.numerator max_abs_error=0 mean_abs_error=0 relative_L2_error=0 bitwise=PASS
ICPP_PAIR_SMOKE phase=operator.denominator max_abs_error=0 mean_abs_error=0 relative_L2_error=0 bitwise=PASS
ICPP_PAIR_SMOKE phase=operator.maximum max_abs_error=0 mean_abs_error=0 relative_L2_error=0 bitwise=PASS
ICPP_PAIR_SMOKE phase=operator.normalized max_abs_error=0 mean_abs_error=0 relative_L2_error=0 bitwise=PASS
ICPP_PAIR_SMOKE_CASE_RESULT pass=PASS raw_H_vectors=16416 logical_raw_H_bytes=361152 source_index_loads=5472 counters_unit=head logical_bytes_are_DRAM_measurement=0
ICPP_PAIR_SMOKE_CASE N=17 D=100 K=4 d=7 E=1352 block=16 optimized=1 equal_scores=0
ICPP_PAIR_SMOKE phase=operator.numerator max_abs_error=0 mean_abs_error=0 relative_L2_error=0 bitwise=PASS
ICPP_PAIR_SMOKE phase=operator.denominator max_abs_error=0 mean_abs_error=0 relative_L2_error=0 bitwise=PASS
ICPP_PAIR_SMOKE phase=operator.maximum max_abs_error=0 mean_abs_error=0 relative_L2_error=0 bitwise=PASS
ICPP_PAIR_SMOKE phase=operator.normalized max_abs_error=0 mean_abs_error=0 relative_L2_error=0 bitwise=PASS
ICPP_PAIR_SMOKE_CASE_RESULT pass=PASS raw_H_vectors=18928 logical_raw_H_bytes=540800 source_index_loads=2704 counters_unit=head logical_bytes_are_DRAM_measurement=0
ICPP_PAIR_SMOKE_CASE N=17 D=100 K=4 d=7 E=1352 block=32 optimized=1 equal_scores=0
ICPP_PAIR_SMOKE phase=operator.numerator max_abs_error=0 mean_abs_error=0 relative_L2_error=0 bitwise=PASS
ICPP_PAIR_SMOKE phase=operator.denominator max_abs_error=0 mean_abs_error=0 relative_L2_error=0 bitwise=PASS
ICPP_PAIR_SMOKE phase=operator.maximum max_abs_error=0 mean_abs_error=0 relative_L2_error=0 bitwise=PASS
ICPP_PAIR_SMOKE phase=operator.normalized max_abs_error=0 mean_abs_error=0 relative_L2_error=0 bitwise=PASS
ICPP_PAIR_SMOKE_CASE_RESULT pass=PASS raw_H_vectors=18928 logical_raw_H_bytes=540800 source_index_loads=2704 counters_unit=head logical_bytes_are_DRAM_measurement=0
ICPP_PAIR_SMOKE_CASE N=17 D=100 K=4 d=7 E=1352 block=64 optimized=1 equal_scores=0
ICPP_PAIR_SMOKE phase=operator.numerator max_abs_error=0 mean_abs_error=0 relative_L2_error=0 bitwise=PASS
ICPP_PAIR_SMOKE phase=operator.denominator max_abs_error=0 mean_abs_error=0 relative_L2_error=0 bitwise=PASS
ICPP_PAIR_SMOKE phase=operator.maximum max_abs_error=0 mean_abs_error=0 relative_L2_error=0 bitwise=PASS
ICPP_PAIR_SMOKE phase=operator.normalized max_abs_error=0 mean_abs_error=0 relative_L2_error=0 bitwise=PASS
ICPP_PAIR_SMOKE_CASE_RESULT pass=PASS raw_H_vectors=18928 logical_raw_H_bytes=540800 source_index_loads=2704 counters_unit=head logical_bytes_are_DRAM_measurement=0
ICPP_PAIR_SMOKE_CASE N=35 D=100 K=8 d=16 E=2736 block=16 optimized=1 equal_scores=0
ICPP_PAIR_SMOKE phase=operator.numerator max_abs_error=0 mean_abs_error=0 relative_L2_error=0 bitwise=PASS
ICPP_PAIR_SMOKE phase=operator.denominator max_abs_error=0 mean_abs_error=0 relative_L2_error=0 bitwise=PASS
ICPP_PAIR_SMOKE phase=operator.maximum max_abs_error=0 mean_abs_error=0 relative_L2_error=0 bitwise=PASS
ICPP_PAIR_SMOKE phase=operator.normalized max_abs_error=0 mean_abs_error=0 relative_L2_error=0 bitwise=PASS
ICPP_PAIR_SMOKE_CASE_RESULT pass=PASS raw_H_vectors=76608 logical_raw_H_bytes=2188800 source_index_loads=10944 counters_unit=head logical_bytes_are_DRAM_measurement=0
ICPP_PAIR_SMOKE_CASE N=35 D=100 K=8 d=16 E=2736 block=32 optimized=1 equal_scores=0
ICPP_PAIR_SMOKE phase=operator.numerator max_abs_error=0 mean_abs_error=0 relative_L2_error=0 bitwise=PASS
ICPP_PAIR_SMOKE phase=operator.denominator max_abs_error=0 mean_abs_error=0 relative_L2_error=0 bitwise=PASS
ICPP_PAIR_SMOKE phase=operator.maximum max_abs_error=0 mean_abs_error=0 relative_L2_error=0 bitwise=PASS
ICPP_PAIR_SMOKE phase=operator.normalized max_abs_error=0 mean_abs_error=0 relative_L2_error=0 bitwise=PASS
ICPP_PAIR_SMOKE_CASE_RESULT pass=PASS raw_H_vectors=76608 logical_raw_H_bytes=2188800 source_index_loads=10944 counters_unit=head logical_bytes_are_DRAM_measurement=0
ICPP_PAIR_SMOKE_CASE N=35 D=100 K=8 d=16 E=2736 block=64 optimized=1 equal_scores=0
ICPP_PAIR_SMOKE phase=operator.numerator max_abs_error=0 mean_abs_error=0 relative_L2_error=0 bitwise=PASS
ICPP_PAIR_SMOKE phase=operator.denominator max_abs_error=0 mean_abs_error=0 relative_L2_error=0 bitwise=PASS
ICPP_PAIR_SMOKE phase=operator.maximum max_abs_error=0 mean_abs_error=0 relative_L2_error=0 bitwise=PASS
ICPP_PAIR_SMOKE phase=operator.normalized max_abs_error=0 mean_abs_error=0 relative_L2_error=0 bitwise=PASS
ICPP_PAIR_SMOKE_CASE_RESULT pass=PASS raw_H_vectors=76608 logical_raw_H_bytes=2188800 source_index_loads=10944 counters_unit=head logical_bytes_are_DRAM_measurement=0
ICPP_PAIR_SMOKE_CASE N=17 D=100 K=3 d=32 E=1352 block=16 optimized=0 equal_scores=0
ICPP_PAIR_SMOKE phase=operator.numerator max_abs_error=0 mean_abs_error=0 relative_L2_error=0 bitwise=PASS
ICPP_PAIR_SMOKE phase=operator.denominator max_abs_error=0 mean_abs_error=0 relative_L2_error=0 bitwise=PASS
ICPP_PAIR_SMOKE phase=operator.maximum max_abs_error=0 mean_abs_error=0 relative_L2_error=0 bitwise=PASS
ICPP_PAIR_SMOKE phase=operator.normalized max_abs_error=0 mean_abs_error=0 relative_L2_error=0 bitwise=PASS
ICPP_PAIR_SMOKE_CASE_RESULT pass=PASS raw_H_vectors=28392 logical_raw_H_bytes=811200 source_index_loads=4056 counters_unit=head logical_bytes_are_DRAM_measurement=0
ICPP_PAIR_SMOKE_CASE N=17 D=100 K=3 d=32 E=1352 block=32 optimized=0 equal_scores=0
ICPP_PAIR_SMOKE phase=operator.numerator max_abs_error=0 mean_abs_error=0 relative_L2_error=0 bitwise=PASS
ICPP_PAIR_SMOKE phase=operator.denominator max_abs_error=0 mean_abs_error=0 relative_L2_error=0 bitwise=PASS
ICPP_PAIR_SMOKE phase=operator.maximum max_abs_error=0 mean_abs_error=0 relative_L2_error=0 bitwise=PASS
ICPP_PAIR_SMOKE phase=operator.normalized max_abs_error=0 mean_abs_error=0 relative_L2_error=0 bitwise=PASS
ICPP_PAIR_SMOKE_CASE_RESULT pass=PASS raw_H_vectors=28392 logical_raw_H_bytes=811200 source_index_loads=4056 counters_unit=head logical_bytes_are_DRAM_measurement=0
ICPP_PAIR_SMOKE_CASE N=17 D=100 K=3 d=32 E=1352 block=64 optimized=0 equal_scores=0
ICPP_PAIR_SMOKE phase=operator.numerator max_abs_error=0 mean_abs_error=0 relative_L2_error=0 bitwise=PASS
ICPP_PAIR_SMOKE phase=operator.denominator max_abs_error=0 mean_abs_error=0 relative_L2_error=0 bitwise=PASS
ICPP_PAIR_SMOKE phase=operator.maximum max_abs_error=0 mean_abs_error=0 relative_L2_error=0 bitwise=PASS
ICPP_PAIR_SMOKE phase=operator.normalized max_abs_error=0 mean_abs_error=0 relative_L2_error=0 bitwise=PASS
ICPP_PAIR_SMOKE_CASE_RESULT pass=PASS raw_H_vectors=28392 logical_raw_H_bytes=811200 source_index_loads=4056 counters_unit=head logical_bytes_are_DRAM_measurement=0
ICPP_PAIR_SMOKE_CASE N=35 D=128 K=2 d=32 E=2736 block=16 optimized=1 equal_scores=0
ICPP_PAIR_SMOKE phase=operator.numerator max_abs_error=0 mean_abs_error=0 relative_L2_error=0 bitwise=PASS
ICPP_PAIR_SMOKE phase=operator.denominator max_abs_error=0 mean_abs_error=0 relative_L2_error=0 bitwise=PASS
ICPP_PAIR_SMOKE phase=operator.maximum max_abs_error=0 mean_abs_error=0 relative_L2_error=0 bitwise=PASS
ICPP_PAIR_SMOKE phase=operator.normalized max_abs_error=0 mean_abs_error=0 relative_L2_error=0 bitwise=PASS
ICPP_PAIR_SMOKE_CASE_RESULT pass=PASS raw_H_vectors=21888 logical_raw_H_bytes=700416 source_index_loads=2736 counters_unit=head logical_bytes_are_DRAM_measurement=0
ICPP_PAIR_SMOKE_CASE N=35 D=128 K=2 d=32 E=2736 block=32 optimized=1 equal_scores=0
ICPP_PAIR_SMOKE phase=operator.numerator max_abs_error=0 mean_abs_error=0 relative_L2_error=0 bitwise=PASS
ICPP_PAIR_SMOKE phase=operator.denominator max_abs_error=0 mean_abs_error=0 relative_L2_error=0 bitwise=PASS
ICPP_PAIR_SMOKE phase=operator.maximum max_abs_error=0 mean_abs_error=0 relative_L2_error=0 bitwise=PASS
ICPP_PAIR_SMOKE phase=operator.normalized max_abs_error=0 mean_abs_error=0 relative_L2_error=0 bitwise=PASS
ICPP_PAIR_SMOKE_CASE_RESULT pass=PASS raw_H_vectors=21888 logical_raw_H_bytes=700416 source_index_loads=2736 counters_unit=head logical_bytes_are_DRAM_measurement=0
ICPP_PAIR_SMOKE_CASE N=35 D=128 K=2 d=32 E=2736 block=64 optimized=1 equal_scores=0
ICPP_PAIR_SMOKE phase=operator.numerator max_abs_error=0 mean_abs_error=0 relative_L2_error=0 bitwise=PASS
ICPP_PAIR_SMOKE phase=operator.denominator max_abs_error=0 mean_abs_error=0 relative_L2_error=0 bitwise=PASS
ICPP_PAIR_SMOKE phase=operator.maximum max_abs_error=0 mean_abs_error=0 relative_L2_error=0 bitwise=PASS
ICPP_PAIR_SMOKE phase=operator.normalized max_abs_error=0 mean_abs_error=0 relative_L2_error=0 bitwise=PASS
ICPP_PAIR_SMOKE_CASE_RESULT pass=PASS raw_H_vectors=21888 logical_raw_H_bytes=700416 source_index_loads=2736 counters_unit=head logical_bytes_are_DRAM_measurement=0
ICPP_PAIR_SMOKE_CASE N=17 D=128 K=4 d=47 E=1352 block=16 optimized=0 equal_scores=0
ICPP_PAIR_SMOKE phase=operator.numerator max_abs_error=0 mean_abs_error=0 relative_L2_error=0 bitwise=PASS
ICPP_PAIR_SMOKE phase=operator.denominator max_abs_error=0 mean_abs_error=0 relative_L2_error=0 bitwise=PASS
ICPP_PAIR_SMOKE phase=operator.maximum max_abs_error=0 mean_abs_error=0 relative_L2_error=0 bitwise=PASS
ICPP_PAIR_SMOKE phase=operator.normalized max_abs_error=0 mean_abs_error=0 relative_L2_error=0 bitwise=PASS
ICPP_PAIR_SMOKE_CASE_RESULT pass=PASS raw_H_vectors=43264 logical_raw_H_bytes=1384448 source_index_loads=5408 counters_unit=head logical_bytes_are_DRAM_measurement=0
ICPP_PAIR_SMOKE_CASE N=17 D=128 K=4 d=47 E=1352 block=32 optimized=0 equal_scores=0
ICPP_PAIR_SMOKE phase=operator.numerator max_abs_error=0 mean_abs_error=0 relative_L2_error=0 bitwise=PASS
ICPP_PAIR_SMOKE phase=operator.denominator max_abs_error=0 mean_abs_error=0 relative_L2_error=0 bitwise=PASS
ICPP_PAIR_SMOKE phase=operator.maximum max_abs_error=0 mean_abs_error=0 relative_L2_error=0 bitwise=PASS
ICPP_PAIR_SMOKE phase=operator.normalized max_abs_error=0 mean_abs_error=0 relative_L2_error=0 bitwise=PASS
ICPP_PAIR_SMOKE_CASE_RESULT pass=PASS raw_H_vectors=43264 logical_raw_H_bytes=1384448 source_index_loads=5408 counters_unit=head logical_bytes_are_DRAM_measurement=0
ICPP_PAIR_SMOKE_CASE N=17 D=128 K=4 d=47 E=1352 block=64 optimized=0 equal_scores=0
ICPP_PAIR_SMOKE phase=operator.numerator max_abs_error=0 mean_abs_error=0 relative_L2_error=0 bitwise=PASS
ICPP_PAIR_SMOKE phase=operator.denominator max_abs_error=0 mean_abs_error=0 relative_L2_error=0 bitwise=PASS
ICPP_PAIR_SMOKE phase=operator.maximum max_abs_error=0 mean_abs_error=0 relative_L2_error=0 bitwise=PASS
ICPP_PAIR_SMOKE phase=operator.normalized max_abs_error=0 mean_abs_error=0 relative_L2_error=0 bitwise=PASS
ICPP_PAIR_SMOKE_CASE_RESULT pass=PASS raw_H_vectors=43264 logical_raw_H_bytes=1384448 source_index_loads=5408 counters_unit=head logical_bytes_are_DRAM_measurement=0
ICPP_PAIR_SMOKE_CASE N=35 D=128 K=1 d=16 E=2736 block=16 optimized=0 equal_scores=0
ICPP_PAIR_SMOKE phase=operator.numerator max_abs_error=0 mean_abs_error=0 relative_L2_error=0 bitwise=PASS
ICPP_PAIR_SMOKE phase=operator.denominator max_abs_error=0 mean_abs_error=0 relative_L2_error=0 bitwise=PASS
ICPP_PAIR_SMOKE phase=operator.maximum max_abs_error=0 mean_abs_error=0 relative_L2_error=0 bitwise=PASS
ICPP_PAIR_SMOKE phase=operator.normalized max_abs_error=0 mean_abs_error=0 relative_L2_error=0 bitwise=PASS
ICPP_PAIR_SMOKE_CASE_RESULT pass=PASS raw_H_vectors=21888 logical_raw_H_bytes=700416 source_index_loads=2736 counters_unit=head logical_bytes_are_DRAM_measurement=0
ICPP_PAIR_SMOKE_CASE N=35 D=128 K=1 d=16 E=2736 block=32 optimized=0 equal_scores=0
ICPP_PAIR_SMOKE phase=operator.numerator max_abs_error=0 mean_abs_error=0 relative_L2_error=0 bitwise=PASS
ICPP_PAIR_SMOKE phase=operator.denominator max_abs_error=0 mean_abs_error=0 relative_L2_error=0 bitwise=PASS
ICPP_PAIR_SMOKE phase=operator.maximum max_abs_error=0 mean_abs_error=0 relative_L2_error=0 bitwise=PASS
ICPP_PAIR_SMOKE phase=operator.normalized max_abs_error=0 mean_abs_error=0 relative_L2_error=0 bitwise=PASS
ICPP_PAIR_SMOKE_CASE_RESULT pass=PASS raw_H_vectors=21888 logical_raw_H_bytes=700416 source_index_loads=2736 counters_unit=head logical_bytes_are_DRAM_measurement=0
ICPP_PAIR_SMOKE_CASE N=35 D=128 K=1 d=16 E=2736 block=64 optimized=0 equal_scores=0
ICPP_PAIR_SMOKE phase=operator.numerator max_abs_error=0 mean_abs_error=0 relative_L2_error=0 bitwise=PASS
ICPP_PAIR_SMOKE phase=operator.denominator max_abs_error=0 mean_abs_error=0 relative_L2_error=0 bitwise=PASS
ICPP_PAIR_SMOKE phase=operator.maximum max_abs_error=0 mean_abs_error=0 relative_L2_error=0 bitwise=PASS
ICPP_PAIR_SMOKE phase=operator.normalized max_abs_error=0 mean_abs_error=0 relative_L2_error=0 bitwise=PASS
ICPP_PAIR_SMOKE_CASE_RESULT pass=PASS raw_H_vectors=21888 logical_raw_H_bytes=700416 source_index_loads=2736 counters_unit=head logical_bytes_are_DRAM_measurement=0
ICPP_PAIR_SMOKE_CASE N=17 D=256 K=8 d=32 E=1352 block=16 optimized=1 equal_scores=0
ICPP_PAIR_SMOKE phase=operator.numerator max_abs_error=0 mean_abs_error=0 relative_L2_error=0 bitwise=PASS
ICPP_PAIR_SMOKE phase=operator.denominator max_abs_error=0 mean_abs_error=0 relative_L2_error=0 bitwise=PASS
ICPP_PAIR_SMOKE phase=operator.maximum max_abs_error=0 mean_abs_error=0 relative_L2_error=0 bitwise=PASS
ICPP_PAIR_SMOKE phase=operator.normalized max_abs_error=0 mean_abs_error=0 relative_L2_error=0 bitwise=PASS
ICPP_PAIR_SMOKE_CASE_RESULT pass=PASS raw_H_vectors=86528 logical_raw_H_bytes=2768896 source_index_loads=5408 counters_unit=head logical_bytes_are_DRAM_measurement=0
ICPP_PAIR_SMOKE_CASE N=17 D=256 K=8 d=32 E=1352 block=32 optimized=1 equal_scores=0
ICPP_PAIR_SMOKE phase=operator.numerator max_abs_error=0 mean_abs_error=0 relative_L2_error=0 bitwise=PASS
ICPP_PAIR_SMOKE phase=operator.denominator max_abs_error=0 mean_abs_error=0 relative_L2_error=0 bitwise=PASS
ICPP_PAIR_SMOKE phase=operator.maximum max_abs_error=0 mean_abs_error=0 relative_L2_error=0 bitwise=PASS
ICPP_PAIR_SMOKE phase=operator.normalized max_abs_error=0 mean_abs_error=0 relative_L2_error=0 bitwise=PASS
ICPP_PAIR_SMOKE phase=profile.original.numerator max_abs_error=0 mean_abs_error=0 relative_L2_error=0 bitwise=PASS
ICPP_PAIR_SMOKE phase=profile.original.denominator max_abs_error=0 mean_abs_error=0 relative_L2_error=0 bitwise=PASS
ICPP_PAIR_SMOKE phase=profile.original.maximum max_abs_error=0 mean_abs_error=0 relative_L2_error=0 bitwise=PASS
ICPP_PAIR_SMOKE phase=profile.pair.numerator max_abs_error=0 mean_abs_error=0 relative_L2_error=0 bitwise=PASS
ICPP_PAIR_SMOKE phase=profile.pair.denominator max_abs_error=0 mean_abs_error=0 relative_L2_error=0 bitwise=PASS
ICPP_PAIR_SMOKE phase=profile.pair.maximum max_abs_error=0 mean_abs_error=0 relative_L2_error=0 bitwise=PASS
ICPP_PAIR_SMOKE phase=profile.normalized max_abs_error=0 mean_abs_error=0 relative_L2_error=0 bitwise=PASS
ICPP_PAIR_SMOKE phase=no_profile_no_counters.numerator max_abs_error=0 mean_abs_error=0 relative_L2_error=0 bitwise=PASS
ICPP_PAIR_SMOKE phase=no_profile_no_counters.denominator max_abs_error=0 mean_abs_error=0 relative_L2_error=0 bitwise=PASS
ICPP_PAIR_SMOKE phase=no_profile_no_counters.maximum max_abs_error=0 mean_abs_error=0 relative_L2_error=0 bitwise=PASS
ICPP_PAIR_SMOKE phase=no_profile_no_counters.normalized max_abs_error=0 mean_abs_error=0 relative_L2_error=0 bitwise=PASS
ICPP_PAIR_SMOKE phase=profile_no_counters.numerator max_abs_error=0 mean_abs_error=0 relative_L2_error=0 bitwise=PASS
ICPP_PAIR_SMOKE phase=profile_no_counters.denominator max_abs_error=0 mean_abs_error=0 relative_L2_error=0 bitwise=PASS
ICPP_PAIR_SMOKE phase=profile_no_counters.maximum max_abs_error=0 mean_abs_error=0 relative_L2_error=0 bitwise=PASS
ICPP_PAIR_SMOKE phase=profile_no_counters.normalized max_abs_error=0 mean_abs_error=0 relative_L2_error=0 bitwise=PASS
ICPP_PAIR_SMOKE_CASE_RESULT pass=PASS raw_H_vectors=86528 logical_raw_H_bytes=2768896 source_index_loads=5408 counters_unit=head logical_bytes_are_DRAM_measurement=0
ICPP_PAIR_SMOKE_CASE N=17 D=256 K=8 d=32 E=1352 block=64 optimized=1 equal_scores=0
ICPP_PAIR_SMOKE phase=operator.numerator max_abs_error=0 mean_abs_error=0 relative_L2_error=0 bitwise=PASS
ICPP_PAIR_SMOKE phase=operator.denominator max_abs_error=0 mean_abs_error=0 relative_L2_error=0 bitwise=PASS
ICPP_PAIR_SMOKE phase=operator.maximum max_abs_error=0 mean_abs_error=0 relative_L2_error=0 bitwise=PASS
ICPP_PAIR_SMOKE phase=operator.normalized max_abs_error=0 mean_abs_error=0 relative_L2_error=0 bitwise=PASS
ICPP_PAIR_SMOKE_CASE_RESULT pass=PASS raw_H_vectors=86528 logical_raw_H_bytes=2768896 source_index_loads=5408 counters_unit=head logical_bytes_are_DRAM_measurement=0
ICPP_PAIR_SMOKE_CASE N=35 D=256 K=4 d=32 E=2736 block=16 optimized=1 equal_scores=0
ICPP_PAIR_SMOKE phase=operator.numerator max_abs_error=0 mean_abs_error=0 relative_L2_error=0 bitwise=PASS
ICPP_PAIR_SMOKE phase=operator.denominator max_abs_error=0 mean_abs_error=0 relative_L2_error=0 bitwise=PASS
ICPP_PAIR_SMOKE phase=operator.maximum max_abs_error=0 mean_abs_error=0 relative_L2_error=0 bitwise=PASS
ICPP_PAIR_SMOKE phase=operator.normalized max_abs_error=0 mean_abs_error=0 relative_L2_error=0 bitwise=PASS
ICPP_PAIR_SMOKE_CASE_RESULT pass=PASS raw_H_vectors=87552 logical_raw_H_bytes=2801664 source_index_loads=5472 counters_unit=head logical_bytes_are_DRAM_measurement=0
ICPP_PAIR_SMOKE_CASE N=35 D=256 K=4 d=32 E=2736 block=32 optimized=1 equal_scores=0
ICPP_PAIR_SMOKE phase=operator.numerator max_abs_error=0 mean_abs_error=0 relative_L2_error=0 bitwise=PASS
ICPP_PAIR_SMOKE phase=operator.denominator max_abs_error=0 mean_abs_error=0 relative_L2_error=0 bitwise=PASS
ICPP_PAIR_SMOKE phase=operator.maximum max_abs_error=0 mean_abs_error=0 relative_L2_error=0 bitwise=PASS
ICPP_PAIR_SMOKE phase=operator.normalized max_abs_error=0 mean_abs_error=0 relative_L2_error=0 bitwise=PASS
ICPP_PAIR_SMOKE_CASE_RESULT pass=PASS raw_H_vectors=87552 logical_raw_H_bytes=2801664 source_index_loads=5472 counters_unit=head logical_bytes_are_DRAM_measurement=0
ICPP_PAIR_SMOKE_CASE N=35 D=256 K=4 d=32 E=2736 block=64 optimized=1 equal_scores=0
ICPP_PAIR_SMOKE phase=operator.numerator max_abs_error=0 mean_abs_error=0 relative_L2_error=0 bitwise=PASS
ICPP_PAIR_SMOKE phase=operator.denominator max_abs_error=0 mean_abs_error=0 relative_L2_error=0 bitwise=PASS
ICPP_PAIR_SMOKE phase=operator.maximum max_abs_error=0 mean_abs_error=0 relative_L2_error=0 bitwise=PASS
ICPP_PAIR_SMOKE phase=operator.normalized max_abs_error=0 mean_abs_error=0 relative_L2_error=0 bitwise=PASS
ICPP_PAIR_SMOKE_CASE_RESULT pass=PASS raw_H_vectors=87552 logical_raw_H_bytes=2801664 source_index_loads=5472 counters_unit=head logical_bytes_are_DRAM_measurement=0
ICPP_PAIR_SMOKE_CASE N=17 D=256 K=3 d=47 E=1352 block=16 optimized=0 equal_scores=0
ICPP_PAIR_SMOKE phase=operator.numerator max_abs_error=0 mean_abs_error=0 relative_L2_error=0 bitwise=PASS
ICPP_PAIR_SMOKE phase=operator.denominator max_abs_error=0 mean_abs_error=0 relative_L2_error=0 bitwise=PASS
ICPP_PAIR_SMOKE phase=operator.maximum max_abs_error=0 mean_abs_error=0 relative_L2_error=0 bitwise=PASS
ICPP_PAIR_SMOKE phase=operator.normalized max_abs_error=0 mean_abs_error=0 relative_L2_error=0 bitwise=PASS
ICPP_PAIR_SMOKE_CASE_RESULT pass=PASS raw_H_vectors=64896 logical_raw_H_bytes=2076672 source_index_loads=4056 counters_unit=head logical_bytes_are_DRAM_measurement=0
ICPP_PAIR_SMOKE_CASE N=17 D=256 K=3 d=47 E=1352 block=32 optimized=0 equal_scores=0
ICPP_PAIR_SMOKE phase=operator.numerator max_abs_error=0 mean_abs_error=0 relative_L2_error=0 bitwise=PASS
ICPP_PAIR_SMOKE phase=operator.denominator max_abs_error=0 mean_abs_error=0 relative_L2_error=0 bitwise=PASS
ICPP_PAIR_SMOKE phase=operator.maximum max_abs_error=0 mean_abs_error=0 relative_L2_error=0 bitwise=PASS
ICPP_PAIR_SMOKE phase=operator.normalized max_abs_error=0 mean_abs_error=0 relative_L2_error=0 bitwise=PASS
ICPP_PAIR_SMOKE_CASE_RESULT pass=PASS raw_H_vectors=64896 logical_raw_H_bytes=2076672 source_index_loads=4056 counters_unit=head logical_bytes_are_DRAM_measurement=0
ICPP_PAIR_SMOKE_CASE N=17 D=256 K=3 d=47 E=1352 block=64 optimized=0 equal_scores=0
ICPP_PAIR_SMOKE phase=operator.numerator max_abs_error=0 mean_abs_error=0 relative_L2_error=0 bitwise=PASS
ICPP_PAIR_SMOKE phase=operator.denominator max_abs_error=0 mean_abs_error=0 relative_L2_error=0 bitwise=PASS
ICPP_PAIR_SMOKE phase=operator.maximum max_abs_error=0 mean_abs_error=0 relative_L2_error=0 bitwise=PASS
ICPP_PAIR_SMOKE phase=operator.normalized max_abs_error=0 mean_abs_error=0 relative_L2_error=0 bitwise=PASS
ICPP_PAIR_SMOKE_CASE_RESULT pass=PASS raw_H_vectors=64896 logical_raw_H_bytes=2076672 source_index_loads=4056 counters_unit=head logical_bytes_are_DRAM_measurement=0
ICPP_PAIR_SMOKE_CASE N=35 D=17 K=8 d=7 E=2736 block=16 optimized=1 equal_scores=0
ICPP_PAIR_SMOKE phase=operator.numerator max_abs_error=0 mean_abs_error=0 relative_L2_error=0 bitwise=PASS
ICPP_PAIR_SMOKE phase=operator.denominator max_abs_error=0 mean_abs_error=0 relative_L2_error=0 bitwise=PASS
ICPP_PAIR_SMOKE phase=operator.maximum max_abs_error=0 mean_abs_error=0 relative_L2_error=0 bitwise=PASS
ICPP_PAIR_SMOKE phase=operator.normalized max_abs_error=0 mean_abs_error=0 relative_L2_error=0 bitwise=PASS
ICPP_PAIR_SMOKE_CASE_RESULT pass=PASS raw_H_vectors=21888 logical_raw_H_bytes=372096 source_index_loads=10944 counters_unit=head logical_bytes_are_DRAM_measurement=0
ICPP_PAIR_SMOKE_CASE N=35 D=17 K=8 d=7 E=2736 block=32 optimized=1 equal_scores=0
ICPP_PAIR_SMOKE phase=operator.numerator max_abs_error=0 mean_abs_error=0 relative_L2_error=0 bitwise=PASS
ICPP_PAIR_SMOKE phase=operator.denominator max_abs_error=0 mean_abs_error=0 relative_L2_error=0 bitwise=PASS
ICPP_PAIR_SMOKE phase=operator.maximum max_abs_error=0 mean_abs_error=0 relative_L2_error=0 bitwise=PASS
ICPP_PAIR_SMOKE phase=operator.normalized max_abs_error=0 mean_abs_error=0 relative_L2_error=0 bitwise=PASS
ICPP_PAIR_SMOKE_CASE_RESULT pass=PASS raw_H_vectors=21888 logical_raw_H_bytes=372096 source_index_loads=10944 counters_unit=head logical_bytes_are_DRAM_measurement=0
ICPP_PAIR_SMOKE_CASE N=35 D=17 K=8 d=7 E=2736 block=64 optimized=1 equal_scores=0
ICPP_PAIR_SMOKE phase=operator.numerator max_abs_error=0 mean_abs_error=0 relative_L2_error=0 bitwise=PASS
ICPP_PAIR_SMOKE phase=operator.denominator max_abs_error=0 mean_abs_error=0 relative_L2_error=0 bitwise=PASS
ICPP_PAIR_SMOKE phase=operator.maximum max_abs_error=0 mean_abs_error=0 relative_L2_error=0 bitwise=PASS
ICPP_PAIR_SMOKE phase=operator.normalized max_abs_error=0 mean_abs_error=0 relative_L2_error=0 bitwise=PASS
ICPP_PAIR_SMOKE_CASE_RESULT pass=PASS raw_H_vectors=21888 logical_raw_H_bytes=372096 source_index_loads=10944 counters_unit=head logical_bytes_are_DRAM_measurement=0
ICPP_PAIR_SMOKE_CASE N=17 D=33 K=2 d=16 E=1352 block=16 optimized=1 equal_scores=0
ICPP_PAIR_SMOKE phase=operator.numerator max_abs_error=0 mean_abs_error=0 relative_L2_error=0 bitwise=PASS
ICPP_PAIR_SMOKE phase=operator.denominator max_abs_error=0 mean_abs_error=0 relative_L2_error=0 bitwise=PASS
ICPP_PAIR_SMOKE phase=operator.maximum max_abs_error=0 mean_abs_error=0 relative_L2_error=0 bitwise=PASS
ICPP_PAIR_SMOKE phase=operator.normalized max_abs_error=0 mean_abs_error=0 relative_L2_error=0 bitwise=PASS
ICPP_PAIR_SMOKE_CASE_RESULT pass=PASS raw_H_vectors=4056 logical_raw_H_bytes=89232 source_index_loads=1352 counters_unit=head logical_bytes_are_DRAM_measurement=0
ICPP_PAIR_SMOKE_CASE N=17 D=33 K=2 d=16 E=1352 block=32 optimized=1 equal_scores=0
ICPP_PAIR_SMOKE phase=operator.numerator max_abs_error=0 mean_abs_error=0 relative_L2_error=0 bitwise=PASS
ICPP_PAIR_SMOKE phase=operator.denominator max_abs_error=0 mean_abs_error=0 relative_L2_error=0 bitwise=PASS
ICPP_PAIR_SMOKE phase=operator.maximum max_abs_error=0 mean_abs_error=0 relative_L2_error=0 bitwise=PASS
ICPP_PAIR_SMOKE phase=operator.normalized max_abs_error=0 mean_abs_error=0 relative_L2_error=0 bitwise=PASS
ICPP_PAIR_SMOKE_CASE_RESULT pass=PASS raw_H_vectors=4056 logical_raw_H_bytes=89232 source_index_loads=1352 counters_unit=head logical_bytes_are_DRAM_measurement=0
ICPP_PAIR_SMOKE_CASE N=17 D=33 K=2 d=16 E=1352 block=64 optimized=1 equal_scores=0
ICPP_PAIR_SMOKE phase=operator.numerator max_abs_error=0 mean_abs_error=0 relative_L2_error=0 bitwise=PASS
ICPP_PAIR_SMOKE phase=operator.denominator max_abs_error=0 mean_abs_error=0 relative_L2_error=0 bitwise=PASS
ICPP_PAIR_SMOKE phase=operator.maximum max_abs_error=0 mean_abs_error=0 relative_L2_error=0 bitwise=PASS
ICPP_PAIR_SMOKE phase=operator.normalized max_abs_error=0 mean_abs_error=0 relative_L2_error=0 bitwise=PASS
ICPP_PAIR_SMOKE_CASE_RESULT pass=PASS raw_H_vectors=4056 logical_raw_H_bytes=89232 source_index_loads=1352 counters_unit=head logical_bytes_are_DRAM_measurement=0
ICPP_PAIR_SMOKE_CASE N=35 D=100 K=8 d=32 E=2736 block=16 optimized=1 equal_scores=0
ICPP_PAIR_SMOKE phase=operator.numerator max_abs_error=0 mean_abs_error=0 relative_L2_error=0 bitwise=PASS
ICPP_PAIR_SMOKE phase=operator.denominator max_abs_error=0 mean_abs_error=0 relative_L2_error=0 bitwise=PASS
ICPP_PAIR_SMOKE phase=operator.maximum max_abs_error=0 mean_abs_error=0 relative_L2_error=0 bitwise=PASS
ICPP_PAIR_SMOKE phase=operator.normalized max_abs_error=0 mean_abs_error=0 relative_L2_error=0 bitwise=PASS
ICPP_PAIR_SMOKE_CASE_RESULT pass=PASS raw_H_vectors=76608 logical_raw_H_bytes=2188800 source_index_loads=10944 counters_unit=head logical_bytes_are_DRAM_measurement=0
ICPP_PAIR_SMOKE_CASE N=35 D=100 K=8 d=32 E=2736 block=32 optimized=1 equal_scores=0
ICPP_PAIR_SMOKE phase=operator.numerator max_abs_error=0 mean_abs_error=0 relative_L2_error=0 bitwise=PASS
ICPP_PAIR_SMOKE phase=operator.denominator max_abs_error=0 mean_abs_error=0 relative_L2_error=0 bitwise=PASS
ICPP_PAIR_SMOKE phase=operator.maximum max_abs_error=0 mean_abs_error=0 relative_L2_error=0 bitwise=PASS
ICPP_PAIR_SMOKE phase=operator.normalized max_abs_error=0 mean_abs_error=0 relative_L2_error=0 bitwise=PASS
ICPP_PAIR_SMOKE_CASE_RESULT pass=PASS raw_H_vectors=76608 logical_raw_H_bytes=2188800 source_index_loads=10944 counters_unit=head logical_bytes_are_DRAM_measurement=0
ICPP_PAIR_SMOKE_CASE N=35 D=100 K=8 d=32 E=2736 block=64 optimized=1 equal_scores=0
ICPP_PAIR_SMOKE phase=operator.numerator max_abs_error=0 mean_abs_error=0 relative_L2_error=0 bitwise=PASS
ICPP_PAIR_SMOKE phase=operator.denominator max_abs_error=0 mean_abs_error=0 relative_L2_error=0 bitwise=PASS
ICPP_PAIR_SMOKE phase=operator.maximum max_abs_error=0 mean_abs_error=0 relative_L2_error=0 bitwise=PASS
ICPP_PAIR_SMOKE phase=operator.normalized max_abs_error=0 mean_abs_error=0 relative_L2_error=0 bitwise=PASS
ICPP_PAIR_SMOKE_CASE_RESULT pass=PASS raw_H_vectors=76608 logical_raw_H_bytes=2188800 source_index_loads=10944 counters_unit=head logical_bytes_are_DRAM_measurement=0
ICPP_PAIR_SMOKE_CASE N=35 D=33 K=8 d=32 E=2736 block=16 optimized=1 equal_scores=1
ICPP_PAIR_SMOKE phase=operator.numerator max_abs_error=0 mean_abs_error=0 relative_L2_error=0 bitwise=PASS
ICPP_PAIR_SMOKE phase=operator.denominator max_abs_error=0 mean_abs_error=0 relative_L2_error=0 bitwise=PASS
ICPP_PAIR_SMOKE phase=operator.maximum max_abs_error=0 mean_abs_error=0 relative_L2_error=0 bitwise=PASS
ICPP_PAIR_SMOKE phase=operator.normalized max_abs_error=0 mean_abs_error=0 relative_L2_error=0 bitwise=PASS
ICPP_PAIR_SMOKE_CASE_RESULT pass=PASS raw_H_vectors=32832 logical_raw_H_bytes=722304 source_index_loads=10944 counters_unit=head logical_bytes_are_DRAM_measurement=0
ICPP_PAIR_SMOKE_CASE N=35 D=33 K=8 d=32 E=2736 block=32 optimized=1 equal_scores=1
ICPP_PAIR_SMOKE phase=operator.numerator max_abs_error=0 mean_abs_error=0 relative_L2_error=0 bitwise=PASS
ICPP_PAIR_SMOKE phase=operator.denominator max_abs_error=0 mean_abs_error=0 relative_L2_error=0 bitwise=PASS
ICPP_PAIR_SMOKE phase=operator.maximum max_abs_error=0 mean_abs_error=0 relative_L2_error=0 bitwise=PASS
ICPP_PAIR_SMOKE phase=operator.normalized max_abs_error=0 mean_abs_error=0 relative_L2_error=0 bitwise=PASS
ICPP_PAIR_SMOKE_CASE_RESULT pass=PASS raw_H_vectors=32832 logical_raw_H_bytes=722304 source_index_loads=10944 counters_unit=head logical_bytes_are_DRAM_measurement=0
ICPP_PAIR_SMOKE_CASE N=35 D=33 K=8 d=32 E=2736 block=64 optimized=1 equal_scores=1
ICPP_PAIR_SMOKE phase=operator.numerator max_abs_error=0 mean_abs_error=0 relative_L2_error=0 bitwise=PASS
ICPP_PAIR_SMOKE phase=operator.denominator max_abs_error=0 mean_abs_error=0 relative_L2_error=0 bitwise=PASS
ICPP_PAIR_SMOKE phase=operator.maximum max_abs_error=0 mean_abs_error=0 relative_L2_error=0 bitwise=PASS
ICPP_PAIR_SMOKE phase=operator.normalized max_abs_error=0 mean_abs_error=0 relative_L2_error=0 bitwise=PASS
ICPP_PAIR_SMOKE_CASE_RESULT pass=PASS raw_H_vectors=32832 logical_raw_H_bytes=722304 source_index_loads=10944 counters_unit=head logical_bytes_are_DRAM_measurement=0
ICPP_PAIR_SMOKE_LAYER N=17 D=128 K=8 d=32 block=32 lr_policy=fp32 hidden=1
ICPP_PAIR_SMOKE phase=layer.left max_abs_error=0 mean_abs_error=0 relative_L2_error=0 bitwise=PASS
ICPP_PAIR_SMOKE phase=layer.right max_abs_error=0 mean_abs_error=0 relative_L2_error=0 bitwise=PASS
ICPP_PAIR_SMOKE phase=layer.normalized_ELU max_abs_error=0 mean_abs_error=0 relative_L2_error=0 bitwise=PASS
ICPP_PAIR_SMOKE phase=layer.denominator max_abs_error=0 mean_abs_error=0 relative_L2_error=0 bitwise=PASS
ICPP_PAIR_SMOKE phase=layer.maximum max_abs_error=0 mean_abs_error=0 relative_L2_error=0 bitwise=PASS
ICPP_PAIR_SMOKE_LAYER_RESULT pass=PASS
ICPP_PAIR_SMOKE_LAYER N=35 D=100 K=3 d=47 block=32 lr_policy=fp32 hidden=1
ICPP_PAIR_SMOKE phase=layer.left max_abs_error=0 mean_abs_error=0 relative_L2_error=0 bitwise=PASS
ICPP_PAIR_SMOKE phase=layer.right max_abs_error=0 mean_abs_error=0 relative_L2_error=0 bitwise=PASS
ICPP_PAIR_SMOKE phase=layer.normalized_ELU max_abs_error=0 mean_abs_error=0 relative_L2_error=0 bitwise=PASS
ICPP_PAIR_SMOKE phase=layer.denominator max_abs_error=0 mean_abs_error=0 relative_L2_error=0 bitwise=PASS
ICPP_PAIR_SMOKE phase=layer.maximum max_abs_error=0 mean_abs_error=0 relative_L2_error=0 bitwise=PASS
ICPP_PAIR_SMOKE_LAYER_RESULT pass=PASS
ICPP_PAIR_SMOKE_RESULT pass=PASS operator_cases=57 optimized_cases=36 fallback_cases=21 layer_wrapper_cases=2 comparison=EXACT_original_online original_master_gate_unchanged=1
ICPP_BLOCK_SMOKE_BEGIN fp32_abs_gate=1.0000000000000001e-05 fp32_relative_L2_gate=1.0000000000000001e-05 unchanged_master_abs_gate=0.0030000000000000001 bf16_interface=RNE_H_W_FP32_FMA_Ublock_then_RNE_Ublock instruction_emulator=TDPBF16PS_even_odd_FP32_FMA_chains matched_exp_entry=__svml_expf16_z0 internal_ABI_scope=checks_only production_exp_symbol_requires_assembly_audit=1 old_Online_den_max_bitwise_required=1 old_output_bitwise_required=0 tiny_reference_edge_materialization=checks_only subnormals=excluded DAZ_FTZ_not_tested=1 model_precision=UNVERIFIED trained_accuracy=UNVERIFIED
ICPP_BLOCK_SMOKE phase=FIXED_INDEPENDENT_LR_FP32_BLOCK_UW_VS_STABLE_FP64 N=17 D=17 K=1 d=7 block=16 finite=1 max_abs_error=2.7523391864237023e-08 mean_abs_error=3.299104027287216e-09 relative_L2_error=3.7466748366414973e-07 gate=abs_1e-5_relative_L2_1e-5_before_AMX pass=1
ICPP_BLOCK_SMOKE phase=STD_EXP_VS_MATCHED_SVML_BF16_BLOCK_EMULATION N=17 D=17 K=1 d=7 block=16 finite=1 max_abs_error=5.5879354476928711e-09 mean_abs_error=6.7385150307492044e-10 relative_L2_error=7.9235285686676292e-08 gate=diagnostic_only_not_master_gate pass=1
ICPP_BLOCK_SMOKE_EXACT phase=matched_SVML_vs_original_online.maximum pass=1
ICPP_BLOCK_SMOKE_EXACT phase=matched_SVML_vs_original_online.denominator pass=1
ICPP_BLOCK_SMOKE_EXACT phase=old_vs_block.maximum pass=1
ICPP_BLOCK_SMOKE_EXACT phase=old_vs_block.denominator pass=1
ICPP_BLOCK_SMOKE_EXACT phase=reference_vs_block.maximum pass=1
ICPP_BLOCK_SMOKE_EXACT phase=reference_vs_block.denominator pass=1
ICPP_BLOCK_SMOKE phase=AMX_NUMERATOR_VS_BLOCK_EMULATOR N=17 D=17 K=1 d=7 block=16 finite=1 max_abs_error=0 mean_abs_error=0 relative_L2_error=0 gate=same_quantized_block_TDP_operand_operation_budget pass=1
ICPP_BLOCK_SMOKE_BUDGET phase=AMX_NUMERATOR_VS_BLOCK_EMULATOR max_budget=4.2532433667301267e-05 max_error_over_budget=0 observed_master_error_used=0
ICPP_BLOCK_SMOKE phase=AMX_OUTPUT_VS_BLOCK_EMULATOR N=17 D=17 K=1 d=7 block=16 finite=1 max_abs_error=0 mean_abs_error=0 relative_L2_error=0 gate=same_quantized_block_TDP_operand_operation_budget pass=1
ICPP_BLOCK_SMOKE_BUDGET phase=AMX_OUTPUT_VS_BLOCK_EMULATOR max_budget=4.6252628951055481e-07 max_error_over_budget=0 observed_master_error_used=0
ICPP_BLOCK_SMOKE phase=AMX_BLOCK_OUTPUT_VS_FP32_MASTER N=17 D=17 K=1 d=7 block=16 finite=1 max_abs_error=0.0002630729034136664 mean_abs_error=3.2282707881679591e-05 relative_L2_error=0.002946543002437337 gate=master_absolute_.003_small_fixture_only pass=1
ICPP_BLOCK_SMOKE_MASTER_STATUS abs_gate=0.0030000000000000001 abs_gate_pass=1 block_quantization_error_is_not_instruction_error=1 model_precision=UNVERIFIED
ICPP_BLOCK_SMOKE phase=AMX_BLOCK_VS_STABLE_QUANTIZED_HW N=17 D=17 K=1 d=7 block=16 finite=1 max_abs_error=6.7308858032827379e-05 mean_abs_error=1.419656260379612e-05 relative_L2_error=0.0012006796790198042 gate=quantization_diagnostic_only pass=1
ICPP_BLOCK_SMOKE_CASE_CONTROL_PASS label=FIXED_INDEPENDENT_LR actual_input_feature_FMA=22984 useful_projection_FMA=11186 block_projection_calls=35 conversion_elements=17920 original_output_bitwise_required=0 master_precision_certification=0
ICPP_BLOCK_SMOKE phase=FIXED_INDEPENDENT_LR_FP32_BLOCK_UW_VS_STABLE_FP64 N=17 D=17 K=1 d=7 block=32 finite=1 max_abs_error=3.3111327311929895e-08 mean_abs_error=3.3962571091972417e-09 relative_L2_error=3.5094512258575032e-07 gate=abs_1e-5_relative_L2_1e-5_before_AMX pass=1
ICPP_BLOCK_SMOKE phase=STD_EXP_VS_MATCHED_SVML_BF16_BLOCK_EMULATION N=17 D=17 K=1 d=7 block=32 finite=1 max_abs_error=5.5879354476928711e-09 mean_abs_error=6.1038558707893398e-10 relative_L2_error=7.3364800164420184e-08 gate=diagnostic_only_not_master_gate pass=1
ICPP_BLOCK_SMOKE_EXACT phase=matched_SVML_vs_original_online.maximum pass=1
ICPP_BLOCK_SMOKE_EXACT phase=matched_SVML_vs_original_online.denominator pass=1
ICPP_BLOCK_SMOKE_EXACT phase=old_vs_block.maximum pass=1
ICPP_BLOCK_SMOKE_EXACT phase=old_vs_block.denominator pass=1
ICPP_BLOCK_SMOKE_EXACT phase=reference_vs_block.maximum pass=1
ICPP_BLOCK_SMOKE_EXACT phase=reference_vs_block.denominator pass=1
ICPP_BLOCK_SMOKE phase=AMX_NUMERATOR_VS_BLOCK_EMULATOR N=17 D=17 K=1 d=7 block=32 finite=1 max_abs_error=0 mean_abs_error=0 relative_L2_error=0 gate=same_quantized_block_TDP_operand_operation_budget pass=1
ICPP_BLOCK_SMOKE_BUDGET phase=AMX_NUMERATOR_VS_BLOCK_EMULATOR max_budget=2.7494834163667392e-05 max_error_over_budget=0 observed_master_error_used=0
ICPP_BLOCK_SMOKE phase=AMX_OUTPUT_VS_BLOCK_EMULATOR N=17 D=17 K=1 d=7 block=32 finite=1 max_abs_error=0 mean_abs_error=0 relative_L2_error=0 gate=same_quantized_block_TDP_operand_operation_budget pass=1
ICPP_BLOCK_SMOKE_BUDGET phase=AMX_OUTPUT_VS_BLOCK_EMULATOR max_budget=3.731445482756529e-07 max_error_over_budget=0 observed_master_error_used=0
ICPP_BLOCK_SMOKE phase=AMX_BLOCK_OUTPUT_VS_FP32_MASTER N=17 D=17 K=1 d=7 block=32 finite=1 max_abs_error=0.0002630729034136664 mean_abs_error=3.1874256612197183e-05 relative_L2_error=0.0027104350935325508 gate=master_absolute_.003_small_fixture_only pass=1
ICPP_BLOCK_SMOKE_MASTER_STATUS abs_gate=0.0030000000000000001 abs_gate_pass=1 block_quantization_error_is_not_instruction_error=1 model_precision=UNVERIFIED
ICPP_BLOCK_SMOKE phase=AMX_BLOCK_VS_STABLE_QUANTIZED_HW N=17 D=17 K=1 d=7 block=32 finite=1 max_abs_error=6.7308858032827379e-05 mean_abs_error=1.3066061266803227e-05 relative_L2_error=0.0011024597442164839 gate=quantization_diagnostic_only pass=1
ICPP_BLOCK_SMOKE_CASE_CONTROL_PASS label=FIXED_INDEPENDENT_LR actual_input_feature_FMA=22984 useful_projection_FMA=6188 block_projection_calls=18 conversion_elements=9216 original_output_bitwise_required=0 master_precision_certification=0
ICPP_BLOCK_SMOKE phase=FIXED_INDEPENDENT_LR_FP32_BLOCK_UW_VS_STABLE_FP64 N=17 D=17 K=1 d=7 block=64 finite=1 max_abs_error=3.0281098149786967e-08 mean_abs_error=3.6177646429760802e-09 relative_L2_error=3.7095378851763877e-07 gate=abs_1e-5_relative_L2_1e-5_before_AMX pass=1
ICPP_BLOCK_SMOKE phase=STD_EXP_VS_MATCHED_SVML_BF16_BLOCK_EMULATION N=17 D=17 K=1 d=7 block=64 finite=1 max_abs_error=3.7252902984619141e-09 mean_abs_error=5.1537014058783275e-10 relative_L2_error=6.8253351825637211e-08 gate=diagnostic_only_not_master_gate pass=1
ICPP_BLOCK_SMOKE_EXACT phase=matched_SVML_vs_original_online.maximum pass=1
ICPP_BLOCK_SMOKE_EXACT phase=matched_SVML_vs_original_online.denominator pass=1
ICPP_BLOCK_SMOKE_EXACT phase=old_vs_block.maximum pass=1
ICPP_BLOCK_SMOKE_EXACT phase=old_vs_block.denominator pass=1
ICPP_BLOCK_SMOKE_EXACT phase=reference_vs_block.maximum pass=1
ICPP_BLOCK_SMOKE_EXACT phase=reference_vs_block.denominator pass=1
ICPP_BLOCK_SMOKE phase=AMX_NUMERATOR_VS_BLOCK_EMULATOR N=17 D=17 K=1 d=7 block=64 finite=1 max_abs_error=0 mean_abs_error=0 relative_L2_error=0 gate=same_quantized_block_TDP_operand_operation_budget pass=1
ICPP_BLOCK_SMOKE_BUDGET phase=AMX_NUMERATOR_VS_BLOCK_EMULATOR max_budget=2.3262065496284725e-05 max_error_over_budget=0 observed_master_error_used=0
ICPP_BLOCK_SMOKE phase=AMX_OUTPUT_VS_BLOCK_EMULATOR N=17 D=17 K=1 d=7 block=64 finite=1 max_abs_error=0 mean_abs_error=0 relative_L2_error=0 gate=same_quantized_block_TDP_operand_operation_budget pass=1
ICPP_BLOCK_SMOKE_BUDGET phase=AMX_OUTPUT_VS_BLOCK_EMULATOR max_budget=3.731445482756529e-07 max_error_over_budget=0 observed_master_error_used=0
ICPP_BLOCK_SMOKE phase=AMX_BLOCK_OUTPUT_VS_FP32_MASTER N=17 D=17 K=1 d=7 block=64 finite=1 max_abs_error=0.0002630729034136664 mean_abs_error=3.3039026423591952e-05 relative_L2_error=0.0028445199499872627 gate=master_absolute_.003_small_fixture_only pass=1
ICPP_BLOCK_SMOKE_MASTER_STATUS abs_gate=0.0030000000000000001 abs_gate_pass=1 block_quantization_error_is_not_instruction_error=1 model_precision=UNVERIFIED
ICPP_BLOCK_SMOKE phase=AMX_BLOCK_VS_STABLE_QUANTIZED_HW N=17 D=17 K=1 d=7 block=64 finite=1 max_abs_error=6.7308858032827379e-05 mean_abs_error=1.4255689176005054e-05 relative_L2_error=0.0011729759819599924 gate=quantization_diagnostic_only pass=1
ICPP_BLOCK_SMOKE_CASE_CONTROL_PASS label=FIXED_INDEPENDENT_LR actual_input_feature_FMA=22984 useful_projection_FMA=3808 block_projection_calls=10 conversion_elements=5120 original_output_bitwise_required=0 master_precision_certification=0
ICPP_BLOCK_SMOKE phase=FIXED_INDEPENDENT_LR_FP32_BLOCK_UW_VS_STABLE_FP64 N=35 D=17 K=2 d=32 block=16 finite=1 max_abs_error=2.2478253501601042e-08 mean_abs_error=2.0748206005157945e-09 relative_L2_error=2.360844166403232e-07 gate=abs_1e-5_relative_L2_1e-5_before_AMX pass=1
ICPP_BLOCK_SMOKE phase=STD_EXP_VS_MATCHED_SVML_BF16_BLOCK_EMULATION N=35 D=17 K=2 d=32 block=16 finite=1 max_abs_error=7.9162418842315674e-09 mean_abs_error=5.3816425601585902e-10 relative_L2_error=8.0437710525803751e-08 gate=diagnostic_only_not_master_gate pass=1
ICPP_BLOCK_SMOKE_EXACT phase=matched_SVML_vs_original_online.maximum pass=1
ICPP_BLOCK_SMOKE_EXACT phase=matched_SVML_vs_original_online.denominator pass=1
ICPP_BLOCK_SMOKE_EXACT phase=old_vs_block.maximum pass=1
ICPP_BLOCK_SMOKE_EXACT phase=old_vs_block.denominator pass=1
ICPP_BLOCK_SMOKE_EXACT phase=reference_vs_block.maximum pass=1
ICPP_BLOCK_SMOKE_EXACT phase=reference_vs_block.denominator pass=1
ICPP_BLOCK_SMOKE phase=AMX_NUMERATOR_VS_BLOCK_EMULATOR N=35 D=17 K=2 d=32 block=16 finite=1 max_abs_error=0 mean_abs_error=0 relative_L2_error=0 gate=same_quantized_block_TDP_operand_operation_budget pass=1
ICPP_BLOCK_SMOKE_BUDGET phase=AMX_NUMERATOR_VS_BLOCK_EMULATOR max_budget=0.00016353721718730081 max_error_over_budget=0 observed_master_error_used=0
ICPP_BLOCK_SMOKE phase=AMX_OUTPUT_VS_BLOCK_EMULATOR N=35 D=17 K=2 d=32 block=16 finite=1 max_abs_error=0 mean_abs_error=0 relative_L2_error=0 gate=same_quantized_block_TDP_operand_operation_budget pass=1
ICPP_BLOCK_SMOKE_BUDGET phase=AMX_OUTPUT_VS_BLOCK_EMULATOR max_budget=8.6206419990059573e-07 max_error_over_budget=0 observed_master_error_used=0
ICPP_BLOCK_SMOKE phase=AMX_BLOCK_OUTPUT_VS_FP32_MASTER N=35 D=17 K=2 d=32 block=16 finite=1 max_abs_error=0.00027969651867658374 mean_abs_error=2.9032845251515647e-05 relative_L2_error=0.0029508160073647861 gate=master_absolute_.003_small_fixture_only pass=1
ICPP_BLOCK_SMOKE_MASTER_STATUS abs_gate=0.0030000000000000001 abs_gate_pass=1 block_quantization_error_is_not_instruction_error=1 model_precision=UNVERIFIED
ICPP_BLOCK_SMOKE phase=AMX_BLOCK_VS_STABLE_QUANTIZED_HW N=35 D=17 K=2 d=32 block=16 finite=1 max_abs_error=0.00011141137214027222 mean_abs_error=1.1263501458249843e-05 relative_L2_error=0.0012008356122968353 gate=quantization_diagnostic_only pass=1
ICPP_BLOCK_SMOKE_CASE_CONTROL_PASS label=FIXED_INDEPENDENT_LR actual_input_feature_FMA=93024 useful_projection_FMA=206720 block_projection_calls=76 conversion_elements=38912 original_output_bitwise_required=0 master_precision_certification=0
ICPP_BLOCK_SMOKE phase=FIXED_INDEPENDENT_LR_FP32_BLOCK_UW_VS_STABLE_FP64 N=35 D=17 K=2 d=32 block=32 finite=1 max_abs_error=2.2640914296157e-08 mean_abs_error=2.3538781631107436e-09 relative_L2_error=2.7385229060948735e-07 gate=abs_1e-5_relative_L2_1e-5_before_AMX pass=1
ICPP_BLOCK_SMOKE phase=STD_EXP_VS_MATCHED_SVML_BF16_BLOCK_EMULATION N=35 D=17 K=2 d=32 block=32 finite=1 max_abs_error=1.1175870895385742e-08 mean_abs_error=5.0791868488886392e-10 relative_L2_error=8.8214775240162564e-08 gate=diagnostic_only_not_master_gate pass=1
ICPP_BLOCK_SMOKE_EXACT phase=matched_SVML_vs_original_online.maximum pass=1
ICPP_BLOCK_SMOKE_EXACT phase=matched_SVML_vs_original_online.denominator pass=1
ICPP_BLOCK_SMOKE_EXACT phase=old_vs_block.maximum pass=1
ICPP_BLOCK_SMOKE_EXACT phase=old_vs_block.denominator pass=1
ICPP_BLOCK_SMOKE_EXACT phase=reference_vs_block.maximum pass=1
ICPP_BLOCK_SMOKE_EXACT phase=reference_vs_block.denominator pass=1
ICPP_BLOCK_SMOKE phase=AMX_NUMERATOR_VS_BLOCK_EMULATOR N=35 D=17 K=2 d=32 block=32 finite=1 max_abs_error=0 mean_abs_error=0 relative_L2_error=0 gate=same_quantized_block_TDP_operand_operation_budget pass=1
ICPP_BLOCK_SMOKE_BUDGET phase=AMX_NUMERATOR_VS_BLOCK_EMULATOR max_budget=7.8847601581856323e-05 max_error_over_budget=0 observed_master_error_used=0
ICPP_BLOCK_SMOKE phase=AMX_OUTPUT_VS_BLOCK_EMULATOR N=35 D=17 K=2 d=32 block=32 finite=1 max_abs_error=0 mean_abs_error=0 relative_L2_error=0 gate=same_quantized_block_TDP_operand_operation_budget pass=1
ICPP_BLOCK_SMOKE_BUDGET phase=AMX_OUTPUT_VS_BLOCK_EMULATOR max_budget=4.8540490533217884e-07 max_error_over_budget=0 observed_master_error_used=0
ICPP_BLOCK_SMOKE phase=AMX_BLOCK_OUTPUT_VS_FP32_MASTER N=35 D=17 K=2 d=32 block=32 finite=1 max_abs_error=0.00027969651867658374 mean_abs_error=2.904298348881815e-05 relative_L2_error=0.0029991045796300404 gate=master_absolute_.003_small_fixture_only pass=1
ICPP_BLOCK_SMOKE_MASTER_STATUS abs_gate=0.0030000000000000001 abs_gate_pass=1 block_quantization_error_is_not_instruction_error=1 model_precision=UNVERIFIED
ICPP_BLOCK_SMOKE phase=AMX_BLOCK_VS_STABLE_QUANTIZED_HW N=35 D=17 K=2 d=32 block=32 finite=1 max_abs_error=0.00011141137214027222 mean_abs_error=1.1910069329325266e-05 relative_L2_error=0.001279557981062566 gate=quantization_diagnostic_only pass=1
ICPP_BLOCK_SMOKE_CASE_CONTROL_PASS label=FIXED_INDEPENDENT_LR actual_input_feature_FMA=93024 useful_projection_FMA=114240 block_projection_calls=40 conversion_elements=20480 original_output_bitwise_required=0 master_precision_certification=0
ICPP_BLOCK_SMOKE phase=FIXED_INDEPENDENT_LR_FP32_BLOCK_UW_VS_STABLE_FP64 N=35 D=17 K=2 d=32 block=64 finite=1 max_abs_error=2.9155829063542971e-08 mean_abs_error=2.7362574072243293e-09 relative_L2_error=3.202177243470989e-07 gate=abs_1e-5_relative_L2_1e-5_before_AMX pass=1
ICPP_BLOCK_SMOKE phase=STD_EXP_VS_MATCHED_SVML_BF16_BLOCK_EMULATION N=35 D=17 K=2 d=32 block=64 finite=1 max_abs_error=7.4505805969238281e-09 mean_abs_error=3.7260373833955134e-10 relative_L2_error=6.6182155285036231e-08 gate=diagnostic_only_not_master_gate pass=1
ICPP_BLOCK_SMOKE_EXACT phase=matched_SVML_vs_original_online.maximum pass=1
ICPP_BLOCK_SMOKE_EXACT phase=matched_SVML_vs_original_online.denominator pass=1
ICPP_BLOCK_SMOKE_EXACT phase=old_vs_block.maximum pass=1
ICPP_BLOCK_SMOKE_EXACT phase=old_vs_block.denominator pass=1
ICPP_BLOCK_SMOKE_EXACT phase=reference_vs_block.maximum pass=1
ICPP_BLOCK_SMOKE_EXACT phase=reference_vs_block.denominator pass=1
ICPP_BLOCK_SMOKE phase=AMX_NUMERATOR_VS_BLOCK_EMULATOR N=35 D=17 K=2 d=32 block=64 finite=1 max_abs_error=0 mean_abs_error=0 relative_L2_error=0 gate=same_quantized_block_TDP_operand_operation_budget pass=1
ICPP_BLOCK_SMOKE_BUDGET phase=AMX_NUMERATOR_VS_BLOCK_EMULATOR max_budget=4.6696967602219873e-05 max_error_over_budget=0 observed_master_error_used=0
ICPP_BLOCK_SMOKE phase=AMX_OUTPUT_VS_BLOCK_EMULATOR N=35 D=17 K=2 d=32 block=64 finite=1 max_abs_error=0 mean_abs_error=0 relative_L2_error=0 gate=same_quantized_block_TDP_operand_operation_budget pass=1
ICPP_BLOCK_SMOKE_BUDGET phase=AMX_OUTPUT_VS_BLOCK_EMULATOR max_budget=4.8540490533217884e-07 max_error_over_budget=0 observed_master_error_used=0
ICPP_BLOCK_SMOKE phase=AMX_BLOCK_OUTPUT_VS_FP32_MASTER N=35 D=17 K=2 d=32 block=64 finite=1 max_abs_error=0.00027969651867658374 mean_abs_error=2.9442847386101115e-05 relative_L2_error=0.0030237481412806935 gate=master_absolute_.003_small_fixture_only pass=1
ICPP_BLOCK_SMOKE_MASTER_STATUS abs_gate=0.0030000000000000001 abs_gate_pass=1 block_quantization_error_is_not_instruction_error=1 model_precision=UNVERIFIED
ICPP_BLOCK_SMOKE phase=AMX_BLOCK_VS_STABLE_QUANTIZED_HW N=35 D=17 K=2 d=32 block=64 finite=1 max_abs_error=0.00011141137214027222 mean_abs_error=1.282850244239474e-05 relative_L2_error=0.0013692413695777044 gate=quantization_diagnostic_only pass=1
ICPP_BLOCK_SMOKE_CASE_CONTROL_PASS label=FIXED_INDEPENDENT_LR actual_input_feature_FMA=93024 useful_projection_FMA=70720 block_projection_calls=22 conversion_elements=11264 original_output_bitwise_required=0 master_precision_certification=0
ICPP_BLOCK_SMOKE phase=FIXED_INDEPENDENT_LR_FP32_BLOCK_UW_VS_STABLE_FP64 N=17 D=17 K=8 d=47 block=16 finite=1 max_abs_error=2.7434514882074268e-08 mean_abs_error=2.07001629763617e-09 relative_L2_error=2.3893135701986343e-07 gate=abs_1e-5_relative_L2_1e-5_before_AMX pass=1
ICPP_BLOCK_SMOKE phase=STD_EXP_VS_MATCHED_SVML_BF16_BLOCK_EMULATION N=17 D=17 K=8 d=47 block=16 finite=1 max_abs_error=1.4901161193847656e-08 mean_abs_error=5.2228195680127171e-10 relative_L2_error=9.1930322611770969e-08 gate=diagnostic_only_not_master_gate pass=1
ICPP_BLOCK_SMOKE_EXACT phase=matched_SVML_vs_original_online.maximum pass=1
ICPP_BLOCK_SMOKE_EXACT phase=matched_SVML_vs_original_online.denominator pass=1
ICPP_BLOCK_SMOKE_EXACT phase=old_vs_block.maximum pass=1
ICPP_BLOCK_SMOKE_EXACT phase=old_vs_block.denominator pass=1
ICPP_BLOCK_SMOKE_EXACT phase=reference_vs_block.maximum pass=1
ICPP_BLOCK_SMOKE_EXACT phase=reference_vs_block.denominator pass=1
ICPP_BLOCK_SMOKE phase=AMX_NUMERATOR_VS_BLOCK_EMULATOR N=17 D=17 K=8 d=47 block=16 finite=1 max_abs_error=0 mean_abs_error=0 relative_L2_error=0 gate=same_quantized_block_TDP_operand_operation_budget pass=1
ICPP_BLOCK_SMOKE_BUDGET phase=AMX_NUMERATOR_VS_BLOCK_EMULATOR max_budget=4.202047519058671e-05 max_error_over_budget=0 observed_master_error_used=0
ICPP_BLOCK_SMOKE phase=AMX_OUTPUT_VS_BLOCK_EMULATOR N=17 D=17 K=8 d=47 block=16 finite=1 max_abs_error=0 mean_abs_error=0 relative_L2_error=0 gate=same_quantized_block_TDP_operand_operation_budget pass=1
ICPP_BLOCK_SMOKE_BUDGET phase=AMX_OUTPUT_VS_BLOCK_EMULATOR max_budget=4.5002187692874064e-07 max_error_over_budget=0 observed_master_error_used=0
ICPP_BLOCK_SMOKE phase=AMX_BLOCK_OUTPUT_VS_FP32_MASTER N=17 D=17 K=8 d=47 block=16 finite=1 max_abs_error=0.00037684236128252176 mean_abs_error=2.3954131977703026e-05 relative_L2_error=0.0027417888174273916 gate=master_absolute_.003_small_fixture_only pass=1
ICPP_BLOCK_SMOKE_MASTER_STATUS abs_gate=0.0030000000000000001 abs_gate_pass=1 block_quantization_error_is_not_instruction_error=1 model_precision=UNVERIFIED
ICPP_BLOCK_SMOKE phase=AMX_BLOCK_VS_STABLE_QUANTIZED_HW N=17 D=17 K=8 d=47 block=16 finite=1 max_abs_error=0.00019238268628863839 mean_abs_error=1.128461488534356e-05 relative_L2_error=0.0013496475654205186 gate=quantization_diagnostic_only pass=1
ICPP_BLOCK_SMOKE_CASE_CONTROL_PASS label=FIXED_INDEPENDENT_LR actual_input_feature_FMA=183872 useful_projection_FMA=600848 block_projection_calls=280 conversion_elements=143360 original_output_bitwise_required=0 master_precision_certification=0
ICPP_BLOCK_SMOKE phase=FIXED_INDEPENDENT_LR_FP32_BLOCK_UW_VS_STABLE_FP64 N=17 D=17 K=8 d=47 block=32 finite=1 max_abs_error=2.7434514882074268e-08 mean_abs_error=2.1440810372599998e-09 relative_L2_error=2.4217632457330114e-07 gate=abs_1e-5_relative_L2_1e-5_before_AMX pass=1
ICPP_BLOCK_SMOKE phase=STD_EXP_VS_MATCHED_SVML_BF16_BLOCK_EMULATION N=17 D=17 K=8 d=47 block=32 finite=1 max_abs_error=1.4901161193847656e-08 mean_abs_error=4.6762242083003843e-10 relative_L2_error=9.1090495210746574e-08 gate=diagnostic_only_not_master_gate pass=1
ICPP_BLOCK_SMOKE_EXACT phase=matched_SVML_vs_original_online.maximum pass=1
ICPP_BLOCK_SMOKE_EXACT phase=matched_SVML_vs_original_online.denominator pass=1
ICPP_BLOCK_SMOKE_EXACT phase=old_vs_block.maximum pass=1
ICPP_BLOCK_SMOKE_EXACT phase=old_vs_block.denominator pass=1
ICPP_BLOCK_SMOKE_EXACT phase=reference_vs_block.maximum pass=1
ICPP_BLOCK_SMOKE_EXACT phase=reference_vs_block.denominator pass=1
ICPP_BLOCK_SMOKE phase=AMX_NUMERATOR_VS_BLOCK_EMULATOR N=17 D=17 K=8 d=47 block=32 finite=1 max_abs_error=0 mean_abs_error=0 relative_L2_error=0 gate=same_quantized_block_TDP_operand_operation_budget pass=1
ICPP_BLOCK_SMOKE_BUDGET phase=AMX_NUMERATOR_VS_BLOCK_EMULATOR max_budget=2.6721739615364993e-05 max_error_over_budget=0 observed_master_error_used=0
ICPP_BLOCK_SMOKE phase=AMX_OUTPUT_VS_BLOCK_EMULATOR N=17 D=17 K=8 d=47 block=32 finite=1 max_abs_error=0 mean_abs_error=0 relative_L2_error=0 gate=same_quantized_block_TDP_operand_operation_budget pass=1
ICPP_BLOCK_SMOKE_BUDGET phase=AMX_OUTPUT_VS_BLOCK_EMULATOR max_budget=4.4900682121216288e-07 max_error_over_budget=0 observed_master_error_used=0
ICPP_BLOCK_SMOKE phase=AMX_BLOCK_OUTPUT_VS_FP32_MASTER N=17 D=17 K=8 d=47 block=32 finite=1 max_abs_error=0.00037684236128252176 mean_abs_error=2.3645349645307575e-05 relative_L2_error=0.0027051919022952381 gate=master_absolute_.003_small_fixture_only pass=1
ICPP_BLOCK_SMOKE_MASTER_STATUS abs_gate=0.0030000000000000001 abs_gate_pass=1 block_quantization_error_is_not_instruction_error=1 model_precision=UNVERIFIED
ICPP_BLOCK_SMOKE phase=AMX_BLOCK_VS_STABLE_QUANTIZED_HW N=17 D=17 K=8 d=47 block=32 finite=1 max_abs_error=0.00019238268628863839 mean_abs_error=1.0569498968185387e-05 relative_L2_error=0.0012822659853442347 gate=quantization_diagnostic_only pass=1
ICPP_BLOCK_SMOKE_CASE_CONTROL_PASS label=FIXED_INDEPENDENT_LR actual_input_feature_FMA=183872 useful_projection_FMA=332384 block_projection_calls=144 conversion_elements=73728 original_output_bitwise_required=0 master_precision_certification=0
ICPP_BLOCK_SMOKE phase=FIXED_INDEPENDENT_LR_FP32_BLOCK_UW_VS_STABLE_FP64 N=17 D=17 K=8 d=47 block=64 finite=1 max_abs_error=2.7434514882074268e-08 mean_abs_error=2.2009404475295624e-09 relative_L2_error=2.433610197091243e-07 gate=abs_1e-5_relative_L2_1e-5_before_AMX pass=1
ICPP_BLOCK_SMOKE phase=STD_EXP_VS_MATCHED_SVML_BF16_BLOCK_EMULATION N=17 D=17 K=8 d=47 block=64 finite=1 max_abs_error=2.4179462343454361e-07 mean_abs_error=1.33069104282363e-09 relative_L2_error=8.2228767509598844e-07 gate=diagnostic_only_not_master_gate pass=1
ICPP_BLOCK_SMOKE_EXACT phase=matched_SVML_vs_original_online.maximum pass=1
ICPP_BLOCK_SMOKE_EXACT phase=matched_SVML_vs_original_online.denominator pass=1
ICPP_BLOCK_SMOKE_EXACT phase=old_vs_block.maximum pass=1
ICPP_BLOCK_SMOKE_EXACT phase=old_vs_block.denominator pass=1
ICPP_BLOCK_SMOKE_EXACT phase=reference_vs_block.maximum pass=1
ICPP_BLOCK_SMOKE_EXACT phase=reference_vs_block.denominator pass=1
ICPP_BLOCK_SMOKE phase=AMX_NUMERATOR_VS_BLOCK_EMULATOR N=17 D=17 K=8 d=47 block=64 finite=1 max_abs_error=0 mean_abs_error=0 relative_L2_error=0 gate=same_quantized_block_TDP_operand_operation_budget pass=1
ICPP_BLOCK_SMOKE_BUDGET phase=AMX_NUMERATOR_VS_BLOCK_EMULATOR max_budget=2.2276414071276153e-05 max_error_over_budget=0 observed_master_error_used=0
ICPP_BLOCK_SMOKE phase=AMX_OUTPUT_VS_BLOCK_EMULATOR N=17 D=17 K=8 d=47 block=64 finite=1 max_abs_error=0 mean_abs_error=0 relative_L2_error=0 gate=same_quantized_block_TDP_operand_operation_budget pass=1
ICPP_BLOCK_SMOKE_BUDGET phase=AMX_OUTPUT_VS_BLOCK_EMULATOR max_budget=4.4900682121216288e-07 max_error_over_budget=0 observed_master_error_used=0
ICPP_BLOCK_SMOKE phase=AMX_BLOCK_OUTPUT_VS_FP32_MASTER N=17 D=17 K=8 d=47 block=64 finite=1 max_abs_error=0.00037684236128252176 mean_abs_error=2.3693108411071205e-05 relative_L2_error=0.0027085222873682547 gate=master_absolute_.003_small_fixture_only pass=1
ICPP_BLOCK_SMOKE_MASTER_STATUS abs_gate=0.0030000000000000001 abs_gate_pass=1 block_quantization_error_is_not_instruction_error=1 model_precision=UNVERIFIED
ICPP_BLOCK_SMOKE phase=AMX_BLOCK_VS_STABLE_QUANTIZED_HW N=17 D=17 K=8 d=47 block=64 finite=1 max_abs_error=0.00019238268628863839 mean_abs_error=1.0721092761385376e-05 relative_L2_error=0.001285592368499808 gate=quantization_diagnostic_only pass=1
ICPP_BLOCK_SMOKE_CASE_CONTROL_PASS label=FIXED_INDEPENDENT_LR actual_input_feature_FMA=183872 useful_projection_FMA=204544 block_projection_calls=80 conversion_elements=40960 original_output_bitwise_required=0 master_precision_certification=0
ICPP_BLOCK_SMOKE phase=FIXED_INDEPENDENT_LR_FP32_BLOCK_UW_VS_STABLE_FP64 N=35 D=33 K=1 d=64 block=16 finite=1 max_abs_error=4.0619944248476703e-08 mean_abs_error=2.4969501766091912e-09 relative_L2_error=2.8299533041617252e-07 gate=abs_1e-5_relative_L2_1e-5_before_AMX pass=1
ICPP_BLOCK_SMOKE phase=STD_EXP_VS_MATCHED_SVML_BF16_BLOCK_EMULATION N=35 D=33 K=1 d=64 block=16 finite=1 max_abs_error=8.3819031715393066e-09 mean_abs_error=6.7159768540087888e-10 relative_L2_error=8.8361593277852496e-08 gate=diagnostic_only_not_master_gate pass=1
ICPP_BLOCK_SMOKE_EXACT phase=matched_SVML_vs_original_online.maximum pass=1
ICPP_BLOCK_SMOKE_EXACT phase=matched_SVML_vs_original_online.denominator pass=1
ICPP_BLOCK_SMOKE_EXACT phase=old_vs_block.maximum pass=1
ICPP_BLOCK_SMOKE_EXACT phase=old_vs_block.denominator pass=1
ICPP_BLOCK_SMOKE_EXACT phase=reference_vs_block.maximum pass=1
ICPP_BLOCK_SMOKE_EXACT phase=reference_vs_block.denominator pass=1
ICPP_BLOCK_SMOKE phase=AMX_NUMERATOR_VS_BLOCK_EMULATOR N=35 D=33 K=1 d=64 block=16 finite=1 max_abs_error=0 mean_abs_error=0 relative_L2_error=0 gate=same_quantized_block_TDP_operand_operation_budget pass=1
ICPP_BLOCK_SMOKE_BUDGET phase=AMX_NUMERATOR_VS_BLOCK_EMULATOR max_budget=0.00025689908445491094 max_error_over_budget=0 observed_master_error_used=0
ICPP_BLOCK_SMOKE phase=AMX_OUTPUT_VS_BLOCK_EMULATOR N=35 D=33 K=1 d=64 block=16 finite=1 max_abs_error=0 mean_abs_error=0 relative_L2_error=0 gate=same_quantized_block_TDP_operand_operation_budget pass=1
ICPP_BLOCK_SMOKE_BUDGET phase=AMX_OUTPUT_VS_BLOCK_EMULATOR max_budget=1.3595443521345605e-06 max_error_over_budget=0 observed_master_error_used=0
ICPP_BLOCK_SMOKE phase=AMX_BLOCK_OUTPUT_VS_FP32_MASTER N=35 D=33 K=1 d=64 block=16 finite=1 max_abs_error=0.00025042035599126544 mean_abs_error=2.5468408246164583e-05 relative_L2_error=0.0026076591915563593 gate=master_absolute_.003_small_fixture_only pass=1
ICPP_BLOCK_SMOKE_MASTER_STATUS abs_gate=0.0030000000000000001 abs_gate_pass=1 block_quantization_error_is_not_instruction_error=1 model_precision=UNVERIFIED
ICPP_BLOCK_SMOKE phase=AMX_BLOCK_VS_STABLE_QUANTIZED_HW N=35 D=33 K=1 d=64 block=16 finite=1 max_abs_error=0.00014856771165842886 mean_abs_error=1.2989328434111392e-05 relative_L2_error=0.0013990767521709069 gate=quantization_diagnostic_only pass=1
ICPP_BLOCK_SMOKE_CASE_CONTROL_PASS label=FIXED_INDEPENDENT_LR actual_input_feature_FMA=90288 useful_projection_FMA=401280 block_projection_calls=38 conversion_elements=38912 original_output_bitwise_required=0 master_precision_certification=0
ICPP_BLOCK_SMOKE phase=FIXED_INDEPENDENT_LR_FP32_BLOCK_UW_VS_STABLE_FP64 N=35 D=33 K=1 d=64 block=32 finite=1 max_abs_error=3.6894653950014789e-08 mean_abs_error=2.8429748803581477e-09 relative_L2_error=3.1753547241446578e-07 gate=abs_1e-5_relative_L2_1e-5_before_AMX pass=1
ICPP_BLOCK_SMOKE phase=STD_EXP_VS_MATCHED_SVML_BF16_BLOCK_EMULATION N=35 D=33 K=1 d=64 block=32 finite=1 max_abs_error=7.4505805969238281e-09 mean_abs_error=4.2518146463927614e-10 relative_L2_error=6.1424335426081467e-08 gate=diagnostic_only_not_master_gate pass=1
ICPP_BLOCK_SMOKE_EXACT phase=matched_SVML_vs_original_online.maximum pass=1
ICPP_BLOCK_SMOKE_EXACT phase=matched_SVML_vs_original_online.denominator pass=1
ICPP_BLOCK_SMOKE_EXACT phase=old_vs_block.maximum pass=1
ICPP_BLOCK_SMOKE_EXACT phase=old_vs_block.denominator pass=1
ICPP_BLOCK_SMOKE_EXACT phase=reference_vs_block.maximum pass=1
ICPP_BLOCK_SMOKE_EXACT phase=reference_vs_block.denominator pass=1
ICPP_BLOCK_SMOKE phase=AMX_NUMERATOR_VS_BLOCK_EMULATOR N=35 D=33 K=1 d=64 block=32 finite=1 max_abs_error=0 mean_abs_error=0 relative_L2_error=0 gate=same_quantized_block_TDP_operand_operation_budget pass=1
ICPP_BLOCK_SMOKE_BUDGET phase=AMX_NUMERATOR_VS_BLOCK_EMULATOR max_budget=0.00011463282373455527 max_error_over_budget=0 observed_master_error_used=0
ICPP_BLOCK_SMOKE phase=AMX_OUTPUT_VS_BLOCK_EMULATOR N=35 D=33 K=1 d=64 block=32 finite=1 max_abs_error=0 mean_abs_error=0 relative_L2_error=0 gate=same_quantized_block_TDP_operand_operation_budget pass=1
ICPP_BLOCK_SMOKE_BUDGET phase=AMX_OUTPUT_VS_BLOCK_EMULATOR max_budget=7.603533681030929e-07 max_error_over_budget=0 observed_master_error_used=0
ICPP_BLOCK_SMOKE phase=AMX_BLOCK_OUTPUT_VS_FP32_MASTER N=35 D=33 K=1 d=64 block=32 finite=1 max_abs_error=0.00025042035599126544 mean_abs_error=2.5757685763961727e-05 relative_L2_error=0.0026410997644328023 gate=master_absolute_.003_small_fixture_only pass=1
ICPP_BLOCK_SMOKE_MASTER_STATUS abs_gate=0.0030000000000000001 abs_gate_pass=1 block_quantization_error_is_not_instruction_error=1 model_precision=UNVERIFIED
ICPP_BLOCK_SMOKE phase=AMX_BLOCK_VS_STABLE_QUANTIZED_HW N=35 D=33 K=1 d=64 block=32 finite=1 max_abs_error=0.00014856771165842886 mean_abs_error=1.2191823615973878e-05 relative_L2_error=0.0012800635868984616 gate=quantization_diagnostic_only pass=1
ICPP_BLOCK_SMOKE_CASE_CONTROL_PASS label=FIXED_INDEPENDENT_LR actual_input_feature_FMA=90288 useful_projection_FMA=221760 block_projection_calls=20 conversion_elements=20480 original_output_bitwise_required=0 master_precision_certification=0
ICPP_BLOCK_SMOKE phase=FIXED_INDEPENDENT_LR_FP32_BLOCK_UW_VS_STABLE_FP64 N=35 D=33 K=1 d=64 block=64 finite=1 max_abs_error=3.6894653950014789e-08 mean_abs_error=3.2743728380088178e-09 relative_L2_error=3.5452198999416637e-07 gate=abs_1e-5_relative_L2_1e-5_before_AMX pass=1
ICPP_BLOCK_SMOKE phase=STD_EXP_VS_MATCHED_SVML_BF16_BLOCK_EMULATION N=35 D=33 K=1 d=64 block=64 finite=1 max_abs_error=7.4505805969238281e-09 mean_abs_error=4.4177771282452988e-10 relative_L2_error=6.2019895475090495e-08 gate=diagnostic_only_not_master_gate pass=1
ICPP_BLOCK_SMOKE_EXACT phase=matched_SVML_vs_original_online.maximum pass=1
ICPP_BLOCK_SMOKE_EXACT phase=matched_SVML_vs_original_online.denominator pass=1
ICPP_BLOCK_SMOKE_EXACT phase=old_vs_block.maximum pass=1
ICPP_BLOCK_SMOKE_EXACT phase=old_vs_block.denominator pass=1
ICPP_BLOCK_SMOKE_EXACT phase=reference_vs_block.maximum pass=1
ICPP_BLOCK_SMOKE_EXACT phase=reference_vs_block.denominator pass=1
ICPP_BLOCK_SMOKE phase=AMX_NUMERATOR_VS_BLOCK_EMULATOR N=35 D=33 K=1 d=64 block=64 finite=1 max_abs_error=0 mean_abs_error=0 relative_L2_error=0 gate=same_quantized_block_TDP_operand_operation_budget pass=1
ICPP_BLOCK_SMOKE_BUDGET phase=AMX_NUMERATOR_VS_BLOCK_EMULATOR max_budget=6.2408609609658437e-05 max_error_over_budget=0 observed_master_error_used=0
ICPP_BLOCK_SMOKE phase=AMX_OUTPUT_VS_BLOCK_EMULATOR N=35 D=33 K=1 d=64 block=64 finite=1 max_abs_error=0 mean_abs_error=0 relative_L2_error=0 gate=same_quantized_block_TDP_operand_operation_budget pass=1
ICPP_BLOCK_SMOKE_BUDGET phase=AMX_OUTPUT_VS_BLOCK_EMULATOR max_budget=7.603533681030929e-07 max_error_over_budget=0 observed_master_error_used=0
ICPP_BLOCK_SMOKE phase=AMX_BLOCK_OUTPUT_VS_FP32_MASTER N=35 D=33 K=1 d=64 block=64 finite=1 max_abs_error=0.00025042035599126544 mean_abs_error=2.7402987032655268e-05 relative_L2_error=0.0027264991104209179 gate=master_absolute_.003_small_fixture_only pass=1
ICPP_BLOCK_SMOKE_MASTER_STATUS abs_gate=0.0030000000000000001 abs_gate_pass=1 block_quantization_error_is_not_instruction_error=1 model_precision=UNVERIFIED
ICPP_BLOCK_SMOKE phase=AMX_BLOCK_VS_STABLE_QUANTIZED_HW N=35 D=33 K=1 d=64 block=64 finite=1 max_abs_error=0.00014856771165842886 mean_abs_error=1.3353951142856396e-05 relative_L2_error=0.0013518289455687928 gate=quantization_diagnostic_only pass=1
ICPP_BLOCK_SMOKE_CASE_CONTROL_PASS label=FIXED_INDEPENDENT_LR actual_input_feature_FMA=90288 useful_projection_FMA=137280 block_projection_calls=11 conversion_elements=11264 original_output_bitwise_required=0 master_precision_certification=0
ICPP_BLOCK_SMOKE phase=FIXED_INDEPENDENT_LR_FP32_BLOCK_UW_VS_STABLE_FP64 N=17 D=33 K=2 d=7 block=16 finite=1 max_abs_error=2.5030673513060098e-08 mean_abs_error=2.2720207252272509e-09 relative_L2_error=2.3549984584754287e-07 gate=abs_1e-5_relative_L2_1e-5_before_AMX pass=1
ICPP_BLOCK_SMOKE phase=STD_EXP_VS_MATCHED_SVML_BF16_BLOCK_EMULATION N=17 D=33 K=2 d=7 block=16 finite=1 max_abs_error=7.4505805969238281e-09 mean_abs_error=5.1427339697687124e-10 relative_L2_error=7.5142784515635804e-08 gate=diagnostic_only_not_master_gate pass=1
ICPP_BLOCK_SMOKE_EXACT phase=matched_SVML_vs_original_online.maximum pass=1
ICPP_BLOCK_SMOKE_EXACT phase=matched_SVML_vs_original_online.denominator pass=1
ICPP_BLOCK_SMOKE_EXACT phase=old_vs_block.maximum pass=1
ICPP_BLOCK_SMOKE_EXACT phase=old_vs_block.denominator pass=1
ICPP_BLOCK_SMOKE_EXACT phase=reference_vs_block.maximum pass=1
ICPP_BLOCK_SMOKE_EXACT phase=reference_vs_block.denominator pass=1
ICPP_BLOCK_SMOKE phase=AMX_NUMERATOR_VS_BLOCK_EMULATOR N=17 D=33 K=2 d=7 block=16 finite=1 max_abs_error=0 mean_abs_error=0 relative_L2_error=0 gate=same_quantized_block_TDP_operand_operation_budget pass=1
ICPP_BLOCK_SMOKE_BUDGET phase=AMX_NUMERATOR_VS_BLOCK_EMULATOR max_budget=7.2176726576562365e-05 max_error_over_budget=0 observed_master_error_used=0
ICPP_BLOCK_SMOKE phase=AMX_OUTPUT_VS_BLOCK_EMULATOR N=17 D=33 K=2 d=7 block=16 finite=1 max_abs_error=0 mean_abs_error=0 relative_L2_error=0 gate=same_quantized_block_TDP_operand_operation_budget pass=1
ICPP_BLOCK_SMOKE_BUDGET phase=AMX_OUTPUT_VS_BLOCK_EMULATOR max_budget=7.5117925324495306e-07 max_error_over_budget=0 observed_master_error_used=0
ICPP_BLOCK_SMOKE phase=AMX_BLOCK_OUTPUT_VS_FP32_MASTER N=17 D=33 K=2 d=7 block=16 finite=1 max_abs_error=0.00027243130037560293 mean_abs_error=2.3222813771962243e-05 relative_L2_error=0.0027801069238351278 gate=master_absolute_.003_small_fixture_only pass=1
ICPP_BLOCK_SMOKE_MASTER_STATUS abs_gate=0.0030000000000000001 abs_gate_pass=1 block_quantization_error_is_not_instruction_error=1 model_precision=UNVERIFIED
ICPP_BLOCK_SMOKE phase=AMX_BLOCK_VS_STABLE_QUANTIZED_HW N=17 D=33 K=2 d=7 block=16 finite=1 max_abs_error=0.00012102110706921603 mean_abs_error=1.0852896395235764e-05 relative_L2_error=0.0012095926582257614 gate=quantization_diagnostic_only pass=1
ICPP_BLOCK_SMOKE_CASE_CONTROL_PASS label=FIXED_INDEPENDENT_LR actual_input_feature_FMA=89232 useful_projection_FMA=43428 block_projection_calls=70 conversion_elements=71680 original_output_bitwise_required=0 master_precision_certification=0
ICPP_BLOCK_SMOKE phase=FIXED_INDEPENDENT_LR_FP32_BLOCK_UW_VS_STABLE_FP64 N=17 D=33 K=2 d=7 block=32 finite=1 max_abs_error=1.5717447766905313e-08 mean_abs_error=2.620476457212032e-09 relative_L2_error=2.4632267736899346e-07 gate=abs_1e-5_relative_L2_1e-5_before_AMX pass=1
ICPP_BLOCK_SMOKE phase=STD_EXP_VS_MATCHED_SVML_BF16_BLOCK_EMULATION N=17 D=33 K=2 d=7 block=32 finite=1 max_abs_error=7.4505805969238281e-09 mean_abs_error=4.7711404201872025e-10 relative_L2_error=7.5054859732325268e-08 gate=diagnostic_only_not_master_gate pass=1
ICPP_BLOCK_SMOKE_EXACT phase=matched_SVML_vs_original_online.maximum pass=1
ICPP_BLOCK_SMOKE_EXACT phase=matched_SVML_vs_original_online.denominator pass=1
ICPP_BLOCK_SMOKE_EXACT phase=old_vs_block.maximum pass=1
ICPP_BLOCK_SMOKE_EXACT phase=old_vs_block.denominator pass=1
ICPP_BLOCK_SMOKE_EXACT phase=reference_vs_block.maximum pass=1
ICPP_BLOCK_SMOKE_EXACT phase=reference_vs_block.denominator pass=1
ICPP_BLOCK_SMOKE phase=AMX_NUMERATOR_VS_BLOCK_EMULATOR N=17 D=33 K=2 d=7 block=32 finite=1 max_abs_error=0 mean_abs_error=0 relative_L2_error=0 gate=same_quantized_block_TDP_operand_operation_budget pass=1
ICPP_BLOCK_SMOKE_BUDGET phase=AMX_NUMERATOR_VS_BLOCK_EMULATOR max_budget=4.1369688270442081e-05 max_error_over_budget=0 observed_master_error_used=0
ICPP_BLOCK_SMOKE phase=AMX_OUTPUT_VS_BLOCK_EMULATOR N=17 D=33 K=2 d=7 block=32 finite=1 max_abs_error=0 mean_abs_error=0 relative_L2_error=0 gate=same_quantized_block_TDP_operand_operation_budget pass=1
ICPP_BLOCK_SMOKE_BUDGET phase=AMX_OUTPUT_VS_BLOCK_EMULATOR max_budget=7.3230952034414692e-07 max_error_over_budget=0 observed_master_error_used=0
ICPP_BLOCK_SMOKE phase=AMX_BLOCK_OUTPUT_VS_FP32_MASTER N=17 D=33 K=2 d=7 block=32 finite=1 max_abs_error=0.00027243130037560293 mean_abs_error=2.7533169194498031e-05 relative_L2_error=0.0030123963274443872 gate=master_absolute_.003_small_fixture_only pass=1
ICPP_BLOCK_SMOKE_MASTER_STATUS abs_gate=0.0030000000000000001 abs_gate_pass=1 block_quantization_error_is_not_instruction_error=1 model_precision=UNVERIFIED
ICPP_BLOCK_SMOKE phase=AMX_BLOCK_VS_STABLE_QUANTIZED_HW N=17 D=33 K=2 d=7 block=32 finite=1 max_abs_error=0.00012102110706921603 mean_abs_error=1.1738041206673275e-05 relative_L2_error=0.0012308308134104731 gate=quantization_diagnostic_only pass=1
ICPP_BLOCK_SMOKE_CASE_CONTROL_PASS label=FIXED_INDEPENDENT_LR actual_input_feature_FMA=89232 useful_projection_FMA=24024 block_projection_calls=36 conversion_elements=36864 original_output_bitwise_required=0 master_precision_certification=0
ICPP_BLOCK_SMOKE phase=FIXED_INDEPENDENT_LR_FP32_BLOCK_UW_VS_STABLE_FP64 N=17 D=33 K=2 d=7 block=64 finite=1 max_abs_error=1.5717447766905313e-08 mean_abs_error=2.8215528470859123e-09 relative_L2_error=2.6447788994937466e-07 gate=abs_1e-5_relative_L2_1e-5_before_AMX pass=1
ICPP_BLOCK_SMOKE phase=STD_EXP_VS_MATCHED_SVML_BF16_BLOCK_EMULATION N=17 D=33 K=2 d=7 block=64 finite=1 max_abs_error=7.4505805969238281e-09 mean_abs_error=4.1495600233232104e-10 relative_L2_error=6.6542360928985129e-08 gate=diagnostic_only_not_master_gate pass=1
ICPP_BLOCK_SMOKE_EXACT phase=matched_SVML_vs_original_online.maximum pass=1
ICPP_BLOCK_SMOKE_EXACT phase=matched_SVML_vs_original_online.denominator pass=1
ICPP_BLOCK_SMOKE_EXACT phase=old_vs_block.maximum pass=1
ICPP_BLOCK_SMOKE_EXACT phase=old_vs_block.denominator pass=1
ICPP_BLOCK_SMOKE_EXACT phase=reference_vs_block.maximum pass=1
ICPP_BLOCK_SMOKE_EXACT phase=reference_vs_block.denominator pass=1
ICPP_BLOCK_SMOKE phase=AMX_NUMERATOR_VS_BLOCK_EMULATOR N=17 D=33 K=2 d=7 block=64 finite=1 max_abs_error=0 mean_abs_error=0 relative_L2_error=0 gate=same_quantized_block_TDP_operand_operation_budget pass=1
ICPP_BLOCK_SMOKE_BUDGET phase=AMX_NUMERATOR_VS_BLOCK_EMULATOR max_budget=3.036218843927199e-05 max_error_over_budget=0 observed_master_error_used=0
ICPP_BLOCK_SMOKE phase=AMX_OUTPUT_VS_BLOCK_EMULATOR N=17 D=33 K=2 d=7 block=64 finite=1 max_abs_error=0 mean_abs_error=0 relative_L2_error=0 gate=same_quantized_block_TDP_operand_operation_budget pass=1
ICPP_BLOCK_SMOKE_BUDGET phase=AMX_OUTPUT_VS_BLOCK_EMULATOR max_budget=7.3230952034414692e-07 max_error_over_budget=0 observed_master_error_used=0
ICPP_BLOCK_SMOKE phase=AMX_BLOCK_OUTPUT_VS_FP32_MASTER N=17 D=33 K=2 d=7 block=64 finite=1 max_abs_error=0.00027243130037560293 mean_abs_error=2.6971168572415531e-05 relative_L2_error=0.0029505150491259059 gate=master_absolute_.003_small_fixture_only pass=1
ICPP_BLOCK_SMOKE_MASTER_STATUS abs_gate=0.0030000000000000001 abs_gate_pass=1 block_quantization_error_is_not_instruction_error=1 model_precision=UNVERIFIED
ICPP_BLOCK_SMOKE phase=AMX_BLOCK_VS_STABLE_QUANTIZED_HW N=17 D=33 K=2 d=7 block=64 finite=1 max_abs_error=0.00012102110706921603 mean_abs_error=1.2083213319500808e-05 relative_L2_error=0.0012279240956326579 gate=quantization_diagnostic_only pass=1
ICPP_BLOCK_SMOKE_CASE_CONTROL_PASS label=FIXED_INDEPENDENT_LR actual_input_feature_FMA=89232 useful_projection_FMA=14784 block_projection_calls=20 conversion_elements=20480 original_output_bitwise_required=0 master_precision_certification=0
ICPP_BLOCK_SMOKE phase=FIXED_INDEPENDENT_LR_FP32_BLOCK_UW_VS_STABLE_FP64 N=35 D=33 K=8 d=32 block=16 finite=1 max_abs_error=3.2791036108648086e-08 mean_abs_error=2.4356765762951094e-09 relative_L2_error=2.5060158319129308e-07 gate=abs_1e-5_relative_L2_1e-5_before_AMX pass=1
ICPP_BLOCK_SMOKE phase=STD_EXP_VS_MATCHED_SVML_BF16_BLOCK_EMULATION N=35 D=33 K=8 d=32 block=16 finite=1 max_abs_error=1.3872049748897552e-06 mean_abs_error=3.6358094693663846e-09 relative_L2_error=3.2455422038626302e-06 gate=diagnostic_only_not_master_gate pass=1
ICPP_BLOCK_SMOKE_EXACT phase=matched_SVML_vs_original_online.maximum pass=1
ICPP_BLOCK_SMOKE_EXACT phase=matched_SVML_vs_original_online.denominator pass=1
ICPP_BLOCK_SMOKE_EXACT phase=old_vs_block.maximum pass=1
ICPP_BLOCK_SMOKE_EXACT phase=old_vs_block.denominator pass=1
ICPP_BLOCK_SMOKE_EXACT phase=reference_vs_block.maximum pass=1
ICPP_BLOCK_SMOKE_EXACT phase=reference_vs_block.denominator pass=1
ICPP_BLOCK_SMOKE phase=AMX_NUMERATOR_VS_BLOCK_EMULATOR N=35 D=33 K=8 d=32 block=16 finite=1 max_abs_error=0 mean_abs_error=0 relative_L2_error=0 gate=same_quantized_block_TDP_operand_operation_budget pass=1
ICPP_BLOCK_SMOKE_BUDGET phase=AMX_NUMERATOR_VS_BLOCK_EMULATOR max_budget=0.00023165366154119291 max_error_over_budget=0 observed_master_error_used=0
ICPP_BLOCK_SMOKE phase=AMX_OUTPUT_VS_BLOCK_EMULATOR N=35 D=33 K=8 d=32 block=16 finite=1 max_abs_error=0 mean_abs_error=0 relative_L2_error=0 gate=same_quantized_block_TDP_operand_operation_budget pass=1
ICPP_BLOCK_SMOKE_BUDGET phase=AMX_OUTPUT_VS_BLOCK_EMULATOR max_budget=1.2400793774707454e-06 max_error_over_budget=0 observed_master_error_used=0
ICPP_BLOCK_SMOKE phase=AMX_BLOCK_OUTPUT_VS_FP32_MASTER N=35 D=33 K=8 d=32 block=16 finite=1 max_abs_error=0.00033793148262838135 mean_abs_error=2.5727153666642487e-05 relative_L2_error=0.0025917198824154906 gate=master_absolute_.003_small_fixture_only pass=1
ICPP_BLOCK_SMOKE_MASTER_STATUS abs_gate=0.0030000000000000001 abs_gate_pass=1 block_quantization_error_is_not_instruction_error=1 model_precision=UNVERIFIED
ICPP_BLOCK_SMOKE phase=AMX_BLOCK_VS_STABLE_QUANTIZED_HW N=35 D=33 K=8 d=32 block=16 finite=1 max_abs_error=0.00012296197150580765 mean_abs_error=1.1995012035424494e-05 relative_L2_error=0.0012252347943013753 gate=quantization_diagnostic_only pass=1
ICPP_BLOCK_SMOKE_CASE_CONTROL_PASS label=FIXED_INDEPENDENT_LR actual_input_feature_FMA=722304 useful_projection_FMA=1605120 block_projection_calls=304 conversion_elements=311296 original_output_bitwise_required=0 master_precision_certification=0
ICPP_BLOCK_SMOKE phase=FIXED_INDEPENDENT_LR_FP32_BLOCK_UW_VS_STABLE_FP64 N=35 D=33 K=8 d=32 block=32 finite=1 max_abs_error=3.3653611099249137e-08 mean_abs_error=2.4753631706944259e-09 relative_L2_error=2.5666826475323637e-07 gate=abs_1e-5_relative_L2_1e-5_before_AMX pass=1
ICPP_BLOCK_SMOKE phase=STD_EXP_VS_MATCHED_SVML_BF16_BLOCK_EMULATION N=35 D=33 K=8 d=32 block=32 finite=1 max_abs_error=2.6115449145436287e-06 mean_abs_error=7.4678486886422701e-09 relative_L2_error=6.3840600420465751e-06 gate=diagnostic_only_not_master_gate pass=1
ICPP_BLOCK_SMOKE_EXACT phase=matched_SVML_vs_original_online.maximum pass=1
ICPP_BLOCK_SMOKE_EXACT phase=matched_SVML_vs_original_online.denominator pass=1
ICPP_BLOCK_SMOKE_EXACT phase=old_vs_block.maximum pass=1
ICPP_BLOCK_SMOKE_EXACT phase=old_vs_block.denominator pass=1
ICPP_BLOCK_SMOKE_EXACT phase=reference_vs_block.maximum pass=1
ICPP_BLOCK_SMOKE_EXACT phase=reference_vs_block.denominator pass=1
ICPP_BLOCK_SMOKE phase=AMX_NUMERATOR_VS_BLOCK_EMULATOR N=35 D=33 K=8 d=32 block=32 finite=1 max_abs_error=0 mean_abs_error=0 relative_L2_error=0 gate=same_quantized_block_TDP_operand_operation_budget pass=1
ICPP_BLOCK_SMOKE_BUDGET phase=AMX_NUMERATOR_VS_BLOCK_EMULATOR max_budget=0.00011186767123686422 max_error_over_budget=0 observed_master_error_used=0
ICPP_BLOCK_SMOKE phase=AMX_OUTPUT_VS_BLOCK_EMULATOR N=35 D=33 K=8 d=32 block=32 finite=1 max_abs_error=0 mean_abs_error=0 relative_L2_error=0 gate=same_quantized_block_TDP_operand_operation_budget pass=1
ICPP_BLOCK_SMOKE_BUDGET phase=AMX_OUTPUT_VS_BLOCK_EMULATOR max_budget=7.1289064766234847e-07 max_error_over_budget=0 observed_master_error_used=0
ICPP_BLOCK_SMOKE phase=AMX_BLOCK_OUTPUT_VS_FP32_MASTER N=35 D=33 K=8 d=32 block=32 finite=1 max_abs_error=0.00033793148262838135 mean_abs_error=2.6158508186863114e-05 relative_L2_error=0.0026122083298776972 gate=master_absolute_.003_small_fixture_only pass=1
ICPP_BLOCK_SMOKE_MASTER_STATUS abs_gate=0.0030000000000000001 abs_gate_pass=1 block_quantization_error_is_not_instruction_error=1 model_precision=UNVERIFIED
ICPP_BLOCK_SMOKE phase=AMX_BLOCK_VS_STABLE_QUANTIZED_HW N=35 D=33 K=8 d=32 block=32 finite=1 max_abs_error=0.00012296197150580765 mean_abs_error=1.1874940296040398e-05 relative_L2_error=0.001176007039826568 gate=quantization_diagnostic_only pass=1
ICPP_BLOCK_SMOKE_CASE_CONTROL_PASS label=FIXED_INDEPENDENT_LR actual_input_feature_FMA=722304 useful_projection_FMA=887040 block_projection_calls=160 conversion_elements=163840 original_output_bitwise_required=0 master_precision_certification=0
ICPP_BLOCK_SMOKE phase=FIXED_INDEPENDENT_LR_FP32_BLOCK_UW_VS_STABLE_FP64 N=35 D=33 K=8 d=32 block=64 finite=1 max_abs_error=2.9928320800787223e-08 mean_abs_error=2.5848530553634573e-09 relative_L2_error=2.6385780395645987e-07 gate=abs_1e-5_relative_L2_1e-5_before_AMX pass=1
ICPP_BLOCK_SMOKE phase=STD_EXP_VS_MATCHED_SVML_BF16_BLOCK_EMULATION N=35 D=33 K=8 d=32 block=64 finite=1 max_abs_error=1.5646219253540039e-07 mean_abs_error=7.9322625928008553e-10 relative_L2_error=3.8355501733344755e-07 gate=diagnostic_only_not_master_gate pass=1
ICPP_BLOCK_SMOKE_EXACT phase=matched_SVML_vs_original_online.maximum pass=1
ICPP_BLOCK_SMOKE_EXACT phase=matched_SVML_vs_original_online.denominator pass=1
ICPP_BLOCK_SMOKE_EXACT phase=old_vs_block.maximum pass=1
ICPP_BLOCK_SMOKE_EXACT phase=old_vs_block.denominator pass=1
ICPP_BLOCK_SMOKE_EXACT phase=reference_vs_block.maximum pass=1
ICPP_BLOCK_SMOKE_EXACT phase=reference_vs_block.denominator pass=1
ICPP_BLOCK_SMOKE phase=AMX_NUMERATOR_VS_BLOCK_EMULATOR N=35 D=33 K=8 d=32 block=64 finite=1 max_abs_error=0 mean_abs_error=0 relative_L2_error=0 gate=same_quantized_block_TDP_operand_operation_budget pass=1
ICPP_BLOCK_SMOKE_BUDGET phase=AMX_NUMERATOR_VS_BLOCK_EMULATOR max_budget=6.1519777524601511e-05 max_error_over_budget=0 observed_master_error_used=0
ICPP_BLOCK_SMOKE phase=AMX_OUTPUT_VS_BLOCK_EMULATOR N=35 D=33 K=8 d=32 block=64 finite=1 max_abs_error=0 mean_abs_error=0 relative_L2_error=0 gate=same_quantized_block_TDP_operand_operation_budget pass=1
ICPP_BLOCK_SMOKE_BUDGET phase=AMX_OUTPUT_VS_BLOCK_EMULATOR max_budget=7.1289064766234847e-07 max_error_over_budget=0 observed_master_error_used=0
ICPP_BLOCK_SMOKE phase=AMX_BLOCK_OUTPUT_VS_FP32_MASTER N=35 D=33 K=8 d=32 block=64 finite=1 max_abs_error=0.00033793148262838135 mean_abs_error=2.5680782739130119e-05 relative_L2_error=0.0025808896689123299 gate=master_absolute_.003_small_fixture_only pass=1
ICPP_BLOCK_SMOKE_MASTER_STATUS abs_gate=0.0030000000000000001 abs_gate_pass=1 block_quantization_error_is_not_instruction_error=1 model_precision=UNVERIFIED
ICPP_BLOCK_SMOKE phase=AMX_BLOCK_VS_STABLE_QUANTIZED_HW N=35 D=33 K=8 d=32 block=64 finite=1 max_abs_error=0.00012296197150580765 mean_abs_error=1.1740549921224883e-05 relative_L2_error=0.001160160555999134 gate=quantization_diagnostic_only pass=1
ICPP_BLOCK_SMOKE_CASE_CONTROL_PASS label=FIXED_INDEPENDENT_LR actual_input_feature_FMA=722304 useful_projection_FMA=549120 block_projection_calls=88 conversion_elements=90112 original_output_bitwise_required=0 master_precision_certification=0
ICPP_BLOCK_SMOKE phase=FIXED_INDEPENDENT_LR_FP32_BLOCK_UW_VS_STABLE_FP64 N=17 D=100 K=1 d=47 block=16 finite=1 max_abs_error=3.502412310174563e-08 mean_abs_error=3.6751739626414852e-09 relative_L2_error=3.6708387331985896e-07 gate=abs_1e-5_relative_L2_1e-5_before_AMX pass=1
ICPP_BLOCK_SMOKE phase=STD_EXP_VS_MATCHED_SVML_BF16_BLOCK_EMULATION N=17 D=100 K=1 d=47 block=16 finite=1 max_abs_error=7.4505805969238281e-09 mean_abs_error=6.1429942873568399e-10 relative_L2_error=8.0364047902146022e-08 gate=diagnostic_only_not_master_gate pass=1
ICPP_BLOCK_SMOKE_EXACT phase=matched_SVML_vs_original_online.maximum pass=1
ICPP_BLOCK_SMOKE_EXACT phase=matched_SVML_vs_original_online.denominator pass=1
ICPP_BLOCK_SMOKE_EXACT phase=old_vs_block.maximum pass=1
ICPP_BLOCK_SMOKE_EXACT phase=old_vs_block.denominator pass=1
ICPP_BLOCK_SMOKE_EXACT phase=reference_vs_block.maximum pass=1
ICPP_BLOCK_SMOKE_EXACT phase=reference_vs_block.denominator pass=1
ICPP_BLOCK_SMOKE phase=AMX_NUMERATOR_VS_BLOCK_EMULATOR N=17 D=100 K=1 d=47 block=16 finite=1 max_abs_error=0 mean_abs_error=0 relative_L2_error=0 gate=same_quantized_block_TDP_operand_operation_budget pass=1
ICPP_BLOCK_SMOKE_BUDGET phase=AMX_NUMERATOR_VS_BLOCK_EMULATOR max_budget=0.00019613296770306353 max_error_over_budget=0 observed_master_error_used=0
ICPP_BLOCK_SMOKE phase=AMX_OUTPUT_VS_BLOCK_EMULATOR N=17 D=100 K=1 d=47 block=16 finite=1 max_abs_error=0 mean_abs_error=0 relative_L2_error=0 gate=same_quantized_block_TDP_operand_operation_budget pass=1
ICPP_BLOCK_SMOKE_BUDGET phase=AMX_OUTPUT_VS_BLOCK_EMULATOR max_budget=1.8422022335638843e-06 max_error_over_budget=0 observed_master_error_used=0
ICPP_BLOCK_SMOKE phase=AMX_BLOCK_OUTPUT_VS_FP32_MASTER N=17 D=100 K=1 d=47 block=16 finite=1 max_abs_error=0.00021069899967042158 mean_abs_error=2.6558240740714465e-05 relative_L2_error=0.0025269087425423831 gate=master_absolute_.003_small_fixture_only pass=1
ICPP_BLOCK_SMOKE_MASTER_STATUS abs_gate=0.0030000000000000001 abs_gate_pass=1 block_quantization_error_is_not_instruction_error=1 model_precision=UNVERIFIED
ICPP_BLOCK_SMOKE phase=AMX_BLOCK_VS_STABLE_QUANTIZED_HW N=17 D=100 K=1 d=47 block=16 finite=1 max_abs_error=0.00010126048059511117 mean_abs_error=1.1181110461083616e-05 relative_L2_error=0.0010714461158708311 gate=quantization_diagnostic_only pass=1
ICPP_BLOCK_SMOKE_CASE_CONTROL_PASS label=FIXED_INDEPENDENT_LR actual_input_feature_FMA=135200 useful_projection_FMA=441800 block_projection_calls=35 conversion_elements=71680 original_output_bitwise_required=0 master_precision_certification=0
ICPP_BLOCK_SMOKE phase=FIXED_INDEPENDENT_LR_FP32_BLOCK_UW_VS_STABLE_FP64 N=17 D=100 K=1 d=47 block=32 finite=1 max_abs_error=3.502412310174563e-08 mean_abs_error=3.3915804350245436e-09 relative_L2_error=3.4504626487966599e-07 gate=abs_1e-5_relative_L2_1e-5_before_AMX pass=1
ICPP_BLOCK_SMOKE phase=STD_EXP_VS_MATCHED_SVML_BF16_BLOCK_EMULATION N=17 D=100 K=1 d=47 block=32 finite=1 max_abs_error=8.3819031715393066e-08 mean_abs_error=2.9992483045879021e-09 relative_L2_error=7.6194793609412685e-07 gate=diagnostic_only_not_master_gate pass=1
ICPP_BLOCK_SMOKE_EXACT phase=matched_SVML_vs_original_online.maximum pass=1
ICPP_BLOCK_SMOKE_EXACT phase=matched_SVML_vs_original_online.denominator pass=1
ICPP_BLOCK_SMOKE_EXACT phase=old_vs_block.maximum pass=1
ICPP_BLOCK_SMOKE_EXACT phase=old_vs_block.denominator pass=1
ICPP_BLOCK_SMOKE_EXACT phase=reference_vs_block.maximum pass=1
ICPP_BLOCK_SMOKE_EXACT phase=reference_vs_block.denominator pass=1
ICPP_BLOCK_SMOKE phase=AMX_NUMERATOR_VS_BLOCK_EMULATOR N=17 D=100 K=1 d=47 block=32 finite=1 max_abs_error=0 mean_abs_error=0 relative_L2_error=0 gate=same_quantized_block_TDP_operand_operation_budget pass=1
ICPP_BLOCK_SMOKE_BUDGET phase=AMX_NUMERATOR_VS_BLOCK_EMULATOR max_budget=0.00010329426015314411 max_error_over_budget=0 observed_master_error_used=0
ICPP_BLOCK_SMOKE phase=AMX_OUTPUT_VS_BLOCK_EMULATOR N=17 D=100 K=1 d=47 block=32 finite=1 max_abs_error=0 mean_abs_error=0 relative_L2_error=0 gate=same_quantized_block_TDP_operand_operation_budget pass=1
ICPP_BLOCK_SMOKE_BUDGET phase=AMX_OUTPUT_VS_BLOCK_EMULATOR max_budget=1.139098494144258e-06 max_error_over_budget=0 observed_master_error_used=0
ICPP_BLOCK_SMOKE phase=AMX_BLOCK_OUTPUT_VS_FP32_MASTER N=17 D=100 K=1 d=47 block=32 finite=1 max_abs_error=0.00021069899967042158 mean_abs_error=2.7194703211921837e-05 relative_L2_error=0.0025710256026225597 gate=master_absolute_.003_small_fixture_only pass=1
ICPP_BLOCK_SMOKE_MASTER_STATUS abs_gate=0.0030000000000000001 abs_gate_pass=1 block_quantization_error_is_not_instruction_error=1 model_precision=UNVERIFIED
ICPP_BLOCK_SMOKE phase=AMX_BLOCK_VS_STABLE_QUANTIZED_HW N=17 D=100 K=1 d=47 block=32 finite=1 max_abs_error=0.00010126048059511117 mean_abs_error=1.2973026714933084e-05 relative_L2_error=0.0012569309969082442 gate=quantization_diagnostic_only pass=1
ICPP_BLOCK_SMOKE_CASE_CONTROL_PASS label=FIXED_INDEPENDENT_LR actual_input_feature_FMA=135200 useful_projection_FMA=244400 block_projection_calls=18 conversion_elements=36864 original_output_bitwise_required=0 master_precision_certification=0
ICPP_BLOCK_SMOKE phase=FIXED_INDEPENDENT_LR_FP32_BLOCK_UW_VS_STABLE_FP64 N=17 D=100 K=1 d=47 block=64 finite=1 max_abs_error=3.502412310174563e-08 mean_abs_error=3.4879484025137407e-09 relative_L2_error=3.5261672725405496e-07 gate=abs_1e-5_relative_L2_1e-5_before_AMX pass=1
ICPP_BLOCK_SMOKE phase=STD_EXP_VS_MATCHED_SVML_BF16_BLOCK_EMULATION N=17 D=100 K=1 d=47 block=64 finite=1 max_abs_error=9.3132257461547852e-09 mean_abs_error=4.7233167398156828e-10 relative_L2_error=7.3133119466135233e-08 gate=diagnostic_only_not_master_gate pass=1
ICPP_BLOCK_SMOKE_EXACT phase=matched_SVML_vs_original_online.maximum pass=1
ICPP_BLOCK_SMOKE_EXACT phase=matched_SVML_vs_original_online.denominator pass=1
ICPP_BLOCK_SMOKE_EXACT phase=old_vs_block.maximum pass=1
ICPP_BLOCK_SMOKE_EXACT phase=old_vs_block.denominator pass=1
ICPP_BLOCK_SMOKE_EXACT phase=reference_vs_block.maximum pass=1
ICPP_BLOCK_SMOKE_EXACT phase=reference_vs_block.denominator pass=1
ICPP_BLOCK_SMOKE phase=AMX_NUMERATOR_VS_BLOCK_EMULATOR N=17 D=100 K=1 d=47 block=64 finite=1 max_abs_error=0 mean_abs_error=0 relative_L2_error=0 gate=same_quantized_block_TDP_operand_operation_budget pass=1
ICPP_BLOCK_SMOKE_BUDGET phase=AMX_NUMERATOR_VS_BLOCK_EMULATOR max_budget=7.2067721228179785e-05 max_error_over_budget=0 observed_master_error_used=0
ICPP_BLOCK_SMOKE phase=AMX_OUTPUT_VS_BLOCK_EMULATOR N=17 D=100 K=1 d=47 block=64 finite=1 max_abs_error=0 mean_abs_error=0 relative_L2_error=0 gate=same_quantized_block_TDP_operand_operation_budget pass=1
ICPP_BLOCK_SMOKE_BUDGET phase=AMX_OUTPUT_VS_BLOCK_EMULATOR max_budget=1.139098494144258e-06 max_error_over_budget=0 observed_master_error_used=0
ICPP_BLOCK_SMOKE phase=AMX_BLOCK_OUTPUT_VS_FP32_MASTER N=17 D=100 K=1 d=47 block=64 finite=1 max_abs_error=0.00021069899967042158 mean_abs_error=2.6635893452922589e-05 relative_L2_error=0.0025368384889362257 gate=master_absolute_.003_small_fixture_only pass=1
ICPP_BLOCK_SMOKE_MASTER_STATUS abs_gate=0.0030000000000000001 abs_gate_pass=1 block_quantization_error_is_not_instruction_error=1 model_precision=UNVERIFIED
ICPP_BLOCK_SMOKE phase=AMX_BLOCK_VS_STABLE_QUANTIZED_HW N=17 D=100 K=1 d=47 block=64 finite=1 max_abs_error=0.00010126048059511117 mean_abs_error=1.2895475214222458e-05 relative_L2_error=0.0012172090050569322 gate=quantization_diagnostic_only pass=1
ICPP_BLOCK_SMOKE_CASE_CONTROL_PASS label=FIXED_INDEPENDENT_LR actual_input_feature_FMA=135200 useful_projection_FMA=150400 block_projection_calls=10 conversion_elements=20480 original_output_bitwise_required=0 master_precision_certification=0
ICPP_BLOCK_SMOKE phase=FIXED_INDEPENDENT_LR_FP32_BLOCK_UW_VS_STABLE_FP64 N=35 D=100 K=2 d=64 block=16 finite=1 max_abs_error=4.3547184108705395e-08 mean_abs_error=3.6641422026664527e-09 relative_L2_error=3.720089071422322e-07 gate=abs_1e-5_relative_L2_1e-5_before_AMX pass=1
ICPP_BLOCK_SMOKE phase=STD_EXP_VS_MATCHED_SVML_BF16_BLOCK_EMULATION N=35 D=100 K=2 d=64 block=16 finite=1 max_abs_error=4.3660402297973633e-06 mean_abs_error=1.1324567412072741e-07 relative_L2_error=3.0211457124200495e-05 gate=diagnostic_only_not_master_gate pass=1
ICPP_BLOCK_SMOKE_EXACT phase=matched_SVML_vs_original_online.maximum pass=1
ICPP_BLOCK_SMOKE_EXACT phase=matched_SVML_vs_original_online.denominator pass=1
ICPP_BLOCK_SMOKE_EXACT phase=old_vs_block.maximum pass=1
ICPP_BLOCK_SMOKE_EXACT phase=old_vs_block.denominator pass=1
ICPP_BLOCK_SMOKE_EXACT phase=reference_vs_block.maximum pass=1
ICPP_BLOCK_SMOKE_EXACT phase=reference_vs_block.denominator pass=1
ICPP_BLOCK_SMOKE phase=AMX_NUMERATOR_VS_BLOCK_EMULATOR N=35 D=100 K=2 d=64 block=16 finite=1 max_abs_error=0 mean_abs_error=0 relative_L2_error=0 gate=same_quantized_block_TDP_operand_operation_budget pass=1
ICPP_BLOCK_SMOKE_BUDGET phase=AMX_NUMERATOR_VS_BLOCK_EMULATOR max_budget=0.000601642083389435 max_error_over_budget=0 observed_master_error_used=0
ICPP_BLOCK_SMOKE phase=AMX_OUTPUT_VS_BLOCK_EMULATOR N=35 D=100 K=2 d=64 block=16 finite=1 max_abs_error=0 mean_abs_error=0 relative_L2_error=0 gate=same_quantized_block_TDP_operand_operation_budget pass=1
ICPP_BLOCK_SMOKE_BUDGET phase=AMX_OUTPUT_VS_BLOCK_EMULATOR max_budget=3.0990709029220346e-06 max_error_over_budget=0 observed_master_error_used=0
ICPP_BLOCK_SMOKE phase=AMX_BLOCK_OUTPUT_VS_FP32_MASTER N=35 D=100 K=2 d=64 block=16 finite=1 max_abs_error=0.00033884305917077084 mean_abs_error=2.940281300734478e-05 relative_L2_error=0.0027944163701493344 gate=master_absolute_.003_small_fixture_only pass=1
ICPP_BLOCK_SMOKE_MASTER_STATUS abs_gate=0.0030000000000000001 abs_gate_pass=1 block_quantization_error_is_not_instruction_error=1 model_precision=UNVERIFIED
ICPP_BLOCK_SMOKE phase=AMX_BLOCK_VS_STABLE_QUANTIZED_HW N=35 D=100 K=2 d=64 block=16 finite=1 max_abs_error=0.00018472459001515895 mean_abs_error=1.3437721718631234e-05 relative_L2_error=0.0013482736406482457 gate=quantization_diagnostic_only pass=1
ICPP_BLOCK_SMOKE_CASE_CONTROL_PASS label=FIXED_INDEPENDENT_LR actual_input_feature_FMA=547200 useful_projection_FMA=2432000 block_projection_calls=76 conversion_elements=155648 original_output_bitwise_required=0 master_precision_certification=0
ICPP_BLOCK_SMOKE phase=FIXED_INDEPENDENT_LR_FP32_BLOCK_UW_VS_STABLE_FP64 N=35 D=100 K=2 d=64 block=32 finite=1 max_abs_error=5.433291160039655e-08 mean_abs_error=3.4198661665434064e-09 relative_L2_error=3.466095296980697e-07 gate=abs_1e-5_relative_L2_1e-5_before_AMX pass=1
ICPP_BLOCK_SMOKE phase=STD_EXP_VS_MATCHED_SVML_BF16_BLOCK_EMULATION N=35 D=100 K=2 d=64 block=32 finite=1 max_abs_error=1.862645149230957e-08 mean_abs_error=5.1818491085344124e-10 relative_L2_error=8.4259241083589394e-08 gate=diagnostic_only_not_master_gate pass=1
ICPP_BLOCK_SMOKE_EXACT phase=matched_SVML_vs_original_online.maximum pass=1
ICPP_BLOCK_SMOKE_EXACT phase=matched_SVML_vs_original_online.denominator pass=1
ICPP_BLOCK_SMOKE_EXACT phase=old_vs_block.maximum pass=1
ICPP_BLOCK_SMOKE_EXACT phase=old_vs_block.denominator pass=1
ICPP_BLOCK_SMOKE_EXACT phase=reference_vs_block.maximum pass=1
ICPP_BLOCK_SMOKE_EXACT phase=reference_vs_block.denominator pass=1
ICPP_BLOCK_SMOKE phase=AMX_NUMERATOR_VS_BLOCK_EMULATOR N=35 D=100 K=2 d=64 block=32 finite=1 max_abs_error=0 mean_abs_error=0 relative_L2_error=0 gate=same_quantized_block_TDP_operand_operation_budget pass=1
ICPP_BLOCK_SMOKE_BUDGET phase=AMX_NUMERATOR_VS_BLOCK_EMULATOR max_budget=0.00026235223918082248 max_error_over_budget=0 observed_master_error_used=0
ICPP_BLOCK_SMOKE phase=AMX_OUTPUT_VS_BLOCK_EMULATOR N=35 D=100 K=2 d=64 block=32 finite=1 max_abs_error=0 mean_abs_error=0 relative_L2_error=0 gate=same_quantized_block_TDP_operand_operation_budget pass=1
ICPP_BLOCK_SMOKE_BUDGET phase=AMX_OUTPUT_VS_BLOCK_EMULATOR max_budget=1.351380748953784e-06 max_error_over_budget=0 observed_master_error_used=0
ICPP_BLOCK_SMOKE phase=AMX_BLOCK_OUTPUT_VS_FP32_MASTER N=35 D=100 K=2 d=64 block=32 finite=1 max_abs_error=0.00033884305917077084 mean_abs_error=2.8803028758223876e-05 relative_L2_error=0.0027300835198611506 gate=master_absolute_.003_small_fixture_only pass=1
ICPP_BLOCK_SMOKE_MASTER_STATUS abs_gate=0.0030000000000000001 abs_gate_pass=1 block_quantization_error_is_not_instruction_error=1 model_precision=UNVERIFIED
ICPP_BLOCK_SMOKE phase=AMX_BLOCK_VS_STABLE_QUANTIZED_HW N=35 D=100 K=2 d=64 block=32 finite=1 max_abs_error=0.00018472459001515895 mean_abs_error=1.1774873054995002e-05 relative_L2_error=0.0012007724639447523 gate=quantization_diagnostic_only pass=1
ICPP_BLOCK_SMOKE_CASE_CONTROL_PASS label=FIXED_INDEPENDENT_LR actual_input_feature_FMA=547200 useful_projection_FMA=1344000 block_projection_calls=40 conversion_elements=81920 original_output_bitwise_required=0 master_precision_certification=0
ICPP_BLOCK_SMOKE phase=FIXED_INDEPENDENT_LR_FP32_BLOCK_UW_VS_STABLE_FP64 N=35 D=100 K=2 d=64 block=64 finite=1 max_abs_error=5.433291160039655e-08 mean_abs_error=3.5736209892636016e-09 relative_L2_error=3.5530402637179585e-07 gate=abs_1e-5_relative_L2_1e-5_before_AMX pass=1
ICPP_BLOCK_SMOKE phase=STD_EXP_VS_MATCHED_SVML_BF16_BLOCK_EMULATION N=35 D=100 K=2 d=64 block=64 finite=1 max_abs_error=7.4505805969238281e-09 mean_abs_error=4.0707023783527672e-10 relative_L2_error=6.288672650671709e-08 gate=diagnostic_only_not_master_gate pass=1
ICPP_BLOCK_SMOKE_EXACT phase=matched_SVML_vs_original_online.maximum pass=1
ICPP_BLOCK_SMOKE_EXACT phase=matched_SVML_vs_original_online.denominator pass=1
ICPP_BLOCK_SMOKE_EXACT phase=old_vs_block.maximum pass=1
ICPP_BLOCK_SMOKE_EXACT phase=old_vs_block.denominator pass=1
ICPP_BLOCK_SMOKE_EXACT phase=reference_vs_block.maximum pass=1
ICPP_BLOCK_SMOKE_EXACT phase=reference_vs_block.denominator pass=1
ICPP_BLOCK_SMOKE phase=AMX_NUMERATOR_VS_BLOCK_EMULATOR N=35 D=100 K=2 d=64 block=64 finite=1 max_abs_error=0 mean_abs_error=0 relative_L2_error=0 gate=same_quantized_block_TDP_operand_operation_budget pass=1
ICPP_BLOCK_SMOKE_BUDGET phase=AMX_NUMERATOR_VS_BLOCK_EMULATOR max_budget=0.00013372806680937523 max_error_over_budget=0 observed_master_error_used=0
ICPP_BLOCK_SMOKE phase=AMX_OUTPUT_VS_BLOCK_EMULATOR N=35 D=100 K=2 d=64 block=64 finite=1 max_abs_error=0 mean_abs_error=0 relative_L2_error=0 gate=same_quantized_block_TDP_operand_operation_budget pass=1
ICPP_BLOCK_SMOKE_BUDGET phase=AMX_OUTPUT_VS_BLOCK_EMULATOR max_budget=1.1810253463751876e-06 max_error_over_budget=0 observed_master_error_used=0
ICPP_BLOCK_SMOKE phase=AMX_BLOCK_OUTPUT_VS_FP32_MASTER N=35 D=100 K=2 d=64 block=64 finite=1 max_abs_error=0.00033884305917077084 mean_abs_error=2.8331002560063957e-05 relative_L2_error=0.0026935397882877775 gate=master_absolute_.003_small_fixture_only pass=1
ICPP_BLOCK_SMOKE_MASTER_STATUS abs_gate=0.0030000000000000001 abs_gate_pass=1 block_quantization_error_is_not_instruction_error=1 model_precision=UNVERIFIED
ICPP_BLOCK_SMOKE phase=AMX_BLOCK_VS_STABLE_QUANTIZED_HW N=35 D=100 K=2 d=64 block=64 finite=1 max_abs_error=0.00018472459001515895 mean_abs_error=1.2776817505061473e-05 relative_L2_error=0.0012381535563803744 gate=quantization_diagnostic_only pass=1
ICPP_BLOCK_SMOKE_CASE_CONTROL_PASS label=FIXED_INDEPENDENT_LR actual_input_feature_FMA=547200 useful_projection_FMA=832000 block_projection_calls=22 conversion_elements=45056 original_output_bitwise_required=0 master_precision_certification=0
ICPP_BLOCK_SMOKE phase=FIXED_INDEPENDENT_LR_FP32_BLOCK_UW_VS_STABLE_FP64 N=17 D=100 K=8 d=32 block=16 finite=1 max_abs_error=7.9016859971803299e-08 mean_abs_error=4.2463968673221641e-09 relative_L2_error=4.3159029475961425e-07 gate=abs_1e-5_relative_L2_1e-5_before_AMX pass=1
ICPP_BLOCK_SMOKE phase=STD_EXP_VS_MATCHED_SVML_BF16_BLOCK_EMULATION N=17 D=100 K=8 d=32 block=16 finite=1 max_abs_error=1.280568540096283e-06 mean_abs_error=9.5283465300861493e-09 relative_L2_error=4.9114317459208218e-06 gate=diagnostic_only_not_master_gate pass=1
ICPP_BLOCK_SMOKE_EXACT phase=matched_SVML_vs_original_online.maximum pass=1
ICPP_BLOCK_SMOKE_EXACT phase=matched_SVML_vs_original_online.denominator pass=1
ICPP_BLOCK_SMOKE_EXACT phase=old_vs_block.maximum pass=1
ICPP_BLOCK_SMOKE_EXACT phase=old_vs_block.denominator pass=1
ICPP_BLOCK_SMOKE_EXACT phase=reference_vs_block.maximum pass=1
ICPP_BLOCK_SMOKE_EXACT phase=reference_vs_block.denominator pass=1
ICPP_BLOCK_SMOKE phase=AMX_NUMERATOR_VS_BLOCK_EMULATOR N=17 D=100 K=8 d=32 block=16 finite=1 max_abs_error=0 mean_abs_error=0 relative_L2_error=0 gate=same_quantized_block_TDP_operand_operation_budget pass=1
ICPP_BLOCK_SMOKE_BUDGET phase=AMX_NUMERATOR_VS_BLOCK_EMULATOR max_budget=0.00024247717880956099 max_error_over_budget=0 observed_master_error_used=0
ICPP_BLOCK_SMOKE phase=AMX_OUTPUT_VS_BLOCK_EMULATOR N=17 D=100 K=8 d=32 block=16 finite=1 max_abs_error=0 mean_abs_error=0 relative_L2_error=0 gate=same_quantized_block_TDP_operand_operation_budget pass=1
ICPP_BLOCK_SMOKE_BUDGET phase=AMX_OUTPUT_VS_BLOCK_EMULATOR max_budget=1.8618146019645933e-06 max_error_over_budget=0 observed_master_error_used=0
ICPP_BLOCK_SMOKE phase=AMX_BLOCK_OUTPUT_VS_FP32_MASTER N=17 D=100 K=8 d=32 block=16 finite=1 max_abs_error=0.00025740164720329355 mean_abs_error=2.9525457191050276e-05 relative_L2_error=0.0026256642594252701 gate=master_absolute_.003_small_fixture_only pass=1
ICPP_BLOCK_SMOKE_MASTER_STATUS abs_gate=0.0030000000000000001 abs_gate_pass=1 block_quantization_error_is_not_instruction_error=1 model_precision=UNVERIFIED
ICPP_BLOCK_SMOKE phase=AMX_BLOCK_VS_STABLE_QUANTIZED_HW N=17 D=100 K=8 d=32 block=16 finite=1 max_abs_error=0.00011492294433040895 mean_abs_error=1.2610245745132508e-05 relative_L2_error=0.0011925392400689244 gate=quantization_diagnostic_only pass=1
ICPP_BLOCK_SMOKE_CASE_CONTROL_PASS label=FIXED_INDEPENDENT_LR actual_input_feature_FMA=1081600 useful_projection_FMA=2406400 block_projection_calls=280 conversion_elements=573440 original_output_bitwise_required=0 master_precision_certification=0
ICPP_BLOCK_SMOKE phase=FIXED_INDEPENDENT_LR_FP32_BLOCK_UW_VS_STABLE_FP64 N=17 D=100 K=8 d=32 block=32 finite=1 max_abs_error=4.7438164025442875e-08 mean_abs_error=4.0707048926493008e-09 relative_L2_error=4.1246147581598917e-07 gate=abs_1e-5_relative_L2_1e-5_before_AMX pass=1
ICPP_BLOCK_SMOKE phase=STD_EXP_VS_MATCHED_SVML_BF16_BLOCK_EMULATION N=17 D=100 K=8 d=32 block=32 finite=1 max_abs_error=1.6044359654188156e-06 mean_abs_error=7.0118243237803818e-09 relative_L2_error=5.1371960902250581e-06 gate=diagnostic_only_not_master_gate pass=1
ICPP_BLOCK_SMOKE_EXACT phase=matched_SVML_vs_original_online.maximum pass=1
ICPP_BLOCK_SMOKE_EXACT phase=matched_SVML_vs_original_online.denominator pass=1
ICPP_BLOCK_SMOKE_EXACT phase=old_vs_block.maximum pass=1
ICPP_BLOCK_SMOKE_EXACT phase=old_vs_block.denominator pass=1
ICPP_BLOCK_SMOKE_EXACT phase=reference_vs_block.maximum pass=1
ICPP_BLOCK_SMOKE_EXACT phase=reference_vs_block.denominator pass=1
ICPP_BLOCK_SMOKE phase=AMX_NUMERATOR_VS_BLOCK_EMULATOR N=17 D=100 K=8 d=32 block=32 finite=1 max_abs_error=0 mean_abs_error=0 relative_L2_error=0 gate=same_quantized_block_TDP_operand_operation_budget pass=1
ICPP_BLOCK_SMOKE_BUDGET phase=AMX_NUMERATOR_VS_BLOCK_EMULATOR max_budget=0.00013388247353336244 max_error_over_budget=0 observed_master_error_used=0
ICPP_BLOCK_SMOKE phase=AMX_OUTPUT_VS_BLOCK_EMULATOR N=17 D=100 K=8 d=32 block=32 finite=1 max_abs_error=0 mean_abs_error=0 relative_L2_error=0 gate=same_quantized_block_TDP_operand_operation_budget pass=1
ICPP_BLOCK_SMOKE_BUDGET phase=AMX_OUTPUT_VS_BLOCK_EMULATOR max_budget=1.0726317023696487e-06 max_error_over_budget=0 observed_master_error_used=0
ICPP_BLOCK_SMOKE phase=AMX_BLOCK_OUTPUT_VS_FP32_MASTER N=17 D=100 K=8 d=32 block=32 finite=1 max_abs_error=0.00025740164720329355 mean_abs_error=3.0056114879370487e-05 relative_L2_error=0.0026417400786766607 gate=master_absolute_.003_small_fixture_only pass=1
ICPP_BLOCK_SMOKE_MASTER_STATUS abs_gate=0.0030000000000000001 abs_gate_pass=1 block_quantization_error_is_not_instruction_error=1 model_precision=UNVERIFIED
ICPP_BLOCK_SMOKE phase=AMX_BLOCK_VS_STABLE_QUANTIZED_HW N=17 D=100 K=8 d=32 block=32 finite=1 max_abs_error=0.00011492294433040895 mean_abs_error=1.3397623221060679e-05 relative_L2_error=0.0012417314428974282 gate=quantization_diagnostic_only pass=1
ICPP_BLOCK_SMOKE_CASE_CONTROL_PASS label=FIXED_INDEPENDENT_LR actual_input_feature_FMA=1081600 useful_projection_FMA=1331200 block_projection_calls=144 conversion_elements=294912 original_output_bitwise_required=0 master_precision_certification=0
ICPP_BLOCK_SMOKE phase=FIXED_INDEPENDENT_LR_FP32_BLOCK_UW_VS_STABLE_FP64 N=17 D=100 K=8 d=32 block=64 finite=1 max_abs_error=4.0885024598508179e-08 mean_abs_error=3.8285292604016121e-09 relative_L2_error=3.6491374066537976e-07 gate=abs_1e-5_relative_L2_1e-5_before_AMX pass=1
ICPP_BLOCK_SMOKE phase=STD_EXP_VS_MATCHED_SVML_BF16_BLOCK_EMULATION N=17 D=100 K=8 d=32 block=64 finite=1 max_abs_error=1.3383105397224426e-06 mean_abs_error=5.9676274379599441e-09 relative_L2_error=4.2566260292475186e-06 gate=diagnostic_only_not_master_gate pass=1
ICPP_BLOCK_SMOKE_EXACT phase=matched_SVML_vs_original_online.maximum pass=1
ICPP_BLOCK_SMOKE_EXACT phase=matched_SVML_vs_original_online.denominator pass=1
ICPP_BLOCK_SMOKE_EXACT phase=old_vs_block.maximum pass=1
ICPP_BLOCK_SMOKE_EXACT phase=old_vs_block.denominator pass=1
ICPP_BLOCK_SMOKE_EXACT phase=reference_vs_block.maximum pass=1
ICPP_BLOCK_SMOKE_EXACT phase=reference_vs_block.denominator pass=1
ICPP_BLOCK_SMOKE phase=AMX_NUMERATOR_VS_BLOCK_EMULATOR N=17 D=100 K=8 d=32 block=64 finite=1 max_abs_error=0 mean_abs_error=0 relative_L2_error=0 gate=same_quantized_block_TDP_operand_operation_budget pass=1
ICPP_BLOCK_SMOKE_BUDGET phase=AMX_NUMERATOR_VS_BLOCK_EMULATOR max_budget=9.40269918443136e-05 max_error_over_budget=0 observed_master_error_used=0
ICPP_BLOCK_SMOKE phase=AMX_OUTPUT_VS_BLOCK_EMULATOR N=17 D=100 K=8 d=32 block=64 finite=1 max_abs_error=0 mean_abs_error=0 relative_L2_error=0 gate=same_quantized_block_TDP_operand_operation_budget pass=1
ICPP_BLOCK_SMOKE_BUDGET phase=AMX_OUTPUT_VS_BLOCK_EMULATOR max_budget=1.0726317023696487e-06 max_error_over_budget=0 observed_master_error_used=0
ICPP_BLOCK_SMOKE phase=AMX_BLOCK_OUTPUT_VS_FP32_MASTER N=17 D=100 K=8 d=32 block=64 finite=1 max_abs_error=0.00025740164720329355 mean_abs_error=3.0576419578635528e-05 relative_L2_error=0.0026806831976909327 gate=master_absolute_.003_small_fixture_only pass=1
ICPP_BLOCK_SMOKE_MASTER_STATUS abs_gate=0.0030000000000000001 abs_gate_pass=1 block_quantization_error_is_not_instruction_error=1 model_precision=UNVERIFIED
ICPP_BLOCK_SMOKE phase=AMX_BLOCK_VS_STABLE_QUANTIZED_HW N=17 D=100 K=8 d=32 block=64 finite=1 max_abs_error=0.00011492294433040895 mean_abs_error=1.3830830450958305e-05 relative_L2_error=0.0012703425490367588 gate=quantization_diagnostic_only pass=1
ICPP_BLOCK_SMOKE_CASE_CONTROL_PASS label=FIXED_INDEPENDENT_LR actual_input_feature_FMA=1081600 useful_projection_FMA=819200 block_projection_calls=80 conversion_elements=163840 original_output_bitwise_required=0 master_precision_certification=0
ICPP_BLOCK_SMOKE phase=FIXED_INDEPENDENT_LR_FP32_BLOCK_UW_VS_STABLE_FP64 N=35 D=128 K=1 d=7 block=16 finite=1 max_abs_error=2.9986655509378624e-08 mean_abs_error=3.1234936427060974e-09 relative_L2_error=3.2478541313024277e-07 gate=abs_1e-5_relative_L2_1e-5_before_AMX pass=1
ICPP_BLOCK_SMOKE phase=STD_EXP_VS_MATCHED_SVML_BF16_BLOCK_EMULATION N=35 D=128 K=1 d=7 block=16 finite=1 max_abs_error=8.149072527885437e-08 mean_abs_error=2.2053427528589966e-09 relative_L2_error=6.7000927201475977e-07 gate=diagnostic_only_not_master_gate pass=1
ICPP_BLOCK_SMOKE_EXACT phase=matched_SVML_vs_original_online.maximum pass=1
ICPP_BLOCK_SMOKE_EXACT phase=matched_SVML_vs_original_online.denominator pass=1
ICPP_BLOCK_SMOKE_EXACT phase=old_vs_block.maximum pass=1
ICPP_BLOCK_SMOKE_EXACT phase=old_vs_block.denominator pass=1
ICPP_BLOCK_SMOKE_EXACT phase=reference_vs_block.maximum pass=1
ICPP_BLOCK_SMOKE_EXACT phase=reference_vs_block.denominator pass=1
ICPP_BLOCK_SMOKE phase=AMX_NUMERATOR_VS_BLOCK_EMULATOR N=35 D=128 K=1 d=7 block=16 finite=1 max_abs_error=0 mean_abs_error=0 relative_L2_error=0 gate=same_quantized_block_TDP_operand_operation_budget pass=1
ICPP_BLOCK_SMOKE_BUDGET phase=AMX_NUMERATOR_VS_BLOCK_EMULATOR max_budget=0.00064545327836885383 max_error_over_budget=0 observed_master_error_used=0
ICPP_BLOCK_SMOKE phase=AMX_OUTPUT_VS_BLOCK_EMULATOR N=35 D=128 K=1 d=7 block=16 finite=1 max_abs_error=0 mean_abs_error=0 relative_L2_error=0 gate=same_quantized_block_TDP_operand_operation_budget pass=1
ICPP_BLOCK_SMOKE_BUDGET phase=AMX_OUTPUT_VS_BLOCK_EMULATOR max_budget=3.285949665425284e-06 max_error_over_budget=0 observed_master_error_used=0
ICPP_BLOCK_SMOKE phase=AMX_BLOCK_OUTPUT_VS_FP32_MASTER N=35 D=128 K=1 d=7 block=16 finite=1 max_abs_error=0.00018910802182126908 mean_abs_error=2.3895499155520141e-05 relative_L2_error=0.0023101261626416827 gate=master_absolute_.003_small_fixture_only pass=1
ICPP_BLOCK_SMOKE_MASTER_STATUS abs_gate=0.0030000000000000001 abs_gate_pass=1 block_quantization_error_is_not_instruction_error=1 model_precision=UNVERIFIED
ICPP_BLOCK_SMOKE phase=AMX_BLOCK_VS_STABLE_QUANTIZED_HW N=35 D=128 K=1 d=7 block=16 finite=1 max_abs_error=9.8836923293875098e-05 mean_abs_error=1.1498627192155481e-05 relative_L2_error=0.0011682180302608363 gate=quantization_diagnostic_only pass=1
ICPP_BLOCK_SMOKE_CASE_CONTROL_PASS label=FIXED_INDEPENDENT_LR actual_input_feature_FMA=350208 useful_projection_FMA=170240 block_projection_calls=38 conversion_elements=77824 original_output_bitwise_required=0 master_precision_certification=0
ICPP_BLOCK_SMOKE phase=FIXED_INDEPENDENT_LR_FP32_BLOCK_UW_VS_STABLE_FP64 N=35 D=128 K=1 d=7 block=32 finite=1 max_abs_error=2.6052472401616455e-08 mean_abs_error=2.9715865278983195e-09 relative_L2_error=2.9827838839601064e-07 gate=abs_1e-5_relative_L2_1e-5_before_AMX pass=1
ICPP_BLOCK_SMOKE phase=STD_EXP_VS_MATCHED_SVML_BF16_BLOCK_EMULATION N=35 D=128 K=1 d=7 block=32 finite=1 max_abs_error=5.5879354476928711e-09 mean_abs_error=4.889295027800361e-10 relative_L2_error=6.7283862577861055e-08 gate=diagnostic_only_not_master_gate pass=1
ICPP_BLOCK_SMOKE_EXACT phase=matched_SVML_vs_original_online.maximum pass=1
ICPP_BLOCK_SMOKE_EXACT phase=matched_SVML_vs_original_online.denominator pass=1
ICPP_BLOCK_SMOKE_EXACT phase=old_vs_block.maximum pass=1
ICPP_BLOCK_SMOKE_EXACT phase=old_vs_block.denominator pass=1
ICPP_BLOCK_SMOKE_EXACT phase=reference_vs_block.maximum pass=1
ICPP_BLOCK_SMOKE_EXACT phase=reference_vs_block.denominator pass=1
ICPP_BLOCK_SMOKE phase=AMX_NUMERATOR_VS_BLOCK_EMULATOR N=35 D=128 K=1 d=7 block=32 finite=1 max_abs_error=0 mean_abs_error=0 relative_L2_error=0 gate=same_quantized_block_TDP_operand_operation_budget pass=1
ICPP_BLOCK_SMOKE_BUDGET phase=AMX_NUMERATOR_VS_BLOCK_EMULATOR max_budget=0.00027058335492525528 max_error_over_budget=0 observed_master_error_used=0
ICPP_BLOCK_SMOKE phase=AMX_OUTPUT_VS_BLOCK_EMULATOR N=35 D=128 K=1 d=7 block=32 finite=1 max_abs_error=0 mean_abs_error=0 relative_L2_error=0 gate=same_quantized_block_TDP_operand_operation_budget pass=1
ICPP_BLOCK_SMOKE_BUDGET phase=AMX_OUTPUT_VS_BLOCK_EMULATOR max_budget=1.377516266140296e-06 max_error_over_budget=0 observed_master_error_used=0
ICPP_BLOCK_SMOKE phase=AMX_BLOCK_OUTPUT_VS_FP32_MASTER N=35 D=128 K=1 d=7 block=32 finite=1 max_abs_error=0.00018910802182126908 mean_abs_error=2.4053921924344434e-05 relative_L2_error=0.0023623531835246336 gate=master_absolute_.003_small_fixture_only pass=1
ICPP_BLOCK_SMOKE_MASTER_STATUS abs_gate=0.0030000000000000001 abs_gate_pass=1 block_quantization_error_is_not_instruction_error=1 model_precision=UNVERIFIED
ICPP_BLOCK_SMOKE phase=AMX_BLOCK_VS_STABLE_QUANTIZED_HW N=35 D=128 K=1 d=7 block=32 finite=1 max_abs_error=9.8836923293875098e-05 mean_abs_error=1.0447353417290423e-05 relative_L2_error=0.0010601585098970383 gate=quantization_diagnostic_only pass=1
ICPP_BLOCK_SMOKE_CASE_CONTROL_PASS label=FIXED_INDEPENDENT_LR actual_input_feature_FMA=350208 useful_projection_FMA=94080 block_projection_calls=20 conversion_elements=40960 original_output_bitwise_required=0 master_precision_certification=0
ICPP_BLOCK_SMOKE phase=FIXED_INDEPENDENT_LR_FP32_BLOCK_UW_VS_STABLE_FP64 N=35 D=128 K=1 d=7 block=64 finite=1 max_abs_error=2.6052472401616455e-08 mean_abs_error=3.1275853400754764e-09 relative_L2_error=3.0723388707297628e-07 gate=abs_1e-5_relative_L2_1e-5_before_AMX pass=1
ICPP_BLOCK_SMOKE phase=STD_EXP_VS_MATCHED_SVML_BF16_BLOCK_EMULATION N=35 D=128 K=1 d=7 block=64 finite=1 max_abs_error=7.4505805969238281e-09 mean_abs_error=4.8178718520366419e-10 relative_L2_error=6.6974296128528505e-08 gate=diagnostic_only_not_master_gate pass=1
ICPP_BLOCK_SMOKE_EXACT phase=matched_SVML_vs_original_online.maximum pass=1
ICPP_BLOCK_SMOKE_EXACT phase=matched_SVML_vs_original_online.denominator pass=1
ICPP_BLOCK_SMOKE_EXACT phase=old_vs_block.maximum pass=1
ICPP_BLOCK_SMOKE_EXACT phase=old_vs_block.denominator pass=1
ICPP_BLOCK_SMOKE_EXACT phase=reference_vs_block.maximum pass=1
ICPP_BLOCK_SMOKE_EXACT phase=reference_vs_block.denominator pass=1
ICPP_BLOCK_SMOKE phase=AMX_NUMERATOR_VS_BLOCK_EMULATOR N=35 D=128 K=1 d=7 block=64 finite=1 max_abs_error=0 mean_abs_error=0 relative_L2_error=0 gate=same_quantized_block_TDP_operand_operation_budget pass=1
ICPP_BLOCK_SMOKE_BUDGET phase=AMX_NUMERATOR_VS_BLOCK_EMULATOR max_budget=0.00013855351757369205 max_error_over_budget=0 observed_master_error_used=0
ICPP_BLOCK_SMOKE phase=AMX_OUTPUT_VS_BLOCK_EMULATOR N=35 D=128 K=1 d=7 block=64 finite=1 max_abs_error=0 mean_abs_error=0 relative_L2_error=0 gate=same_quantized_block_TDP_operand_operation_budget pass=1
ICPP_BLOCK_SMOKE_BUDGET phase=AMX_OUTPUT_VS_BLOCK_EMULATOR max_budget=1.1475705157209607e-06 max_error_over_budget=0 observed_master_error_used=0
ICPP_BLOCK_SMOKE phase=AMX_BLOCK_OUTPUT_VS_FP32_MASTER N=35 D=128 K=1 d=7 block=64 finite=1 max_abs_error=0.00018910802182126908 mean_abs_error=2.4172920766066452e-05 relative_L2_error=0.0023650826246789918 gate=master_absolute_.003_small_fixture_only pass=1
ICPP_BLOCK_SMOKE_MASTER_STATUS abs_gate=0.0030000000000000001 abs_gate_pass=1 block_quantization_error_is_not_instruction_error=1 model_precision=UNVERIFIED
ICPP_BLOCK_SMOKE phase=AMX_BLOCK_VS_STABLE_QUANTIZED_HW N=35 D=128 K=1 d=7 block=64 finite=1 max_abs_error=9.8836923293875098e-05 mean_abs_error=1.1608664513740734e-05 relative_L2_error=0.0011714237528474951 gate=quantization_diagnostic_only pass=1
ICPP_BLOCK_SMOKE_CASE_CONTROL_PASS label=FIXED_INDEPENDENT_LR actual_input_feature_FMA=350208 useful_projection_FMA=58240 block_projection_calls=11 conversion_elements=22528 original_output_bitwise_required=0 master_precision_certification=0
ICPP_BLOCK_SMOKE phase=FIXED_INDEPENDENT_LR_FP32_BLOCK_UW_VS_STABLE_FP64 N=17 D=128 K=2 d=32 block=16 finite=1 max_abs_error=6.0499729961915882e-08 mean_abs_error=4.3528261335494524e-09 relative_L2_error=4.266885795955477e-07 gate=abs_1e-5_relative_L2_1e-5_before_AMX pass=1
ICPP_BLOCK_SMOKE phase=STD_EXP_VS_MATCHED_SVML_BF16_BLOCK_EMULATION N=17 D=128 K=2 d=32 block=16 finite=1 max_abs_error=4.4796615839004517e-07 mean_abs_error=7.9980094703975795e-09 relative_L2_error=2.8370813219486949e-06 gate=diagnostic_only_not_master_gate pass=1
ICPP_BLOCK_SMOKE_EXACT phase=matched_SVML_vs_original_online.maximum pass=1
ICPP_BLOCK_SMOKE_EXACT phase=matched_SVML_vs_original_online.denominator pass=1
ICPP_BLOCK_SMOKE_EXACT phase=old_vs_block.maximum pass=1
ICPP_BLOCK_SMOKE_EXACT phase=old_vs_block.denominator pass=1
ICPP_BLOCK_SMOKE_EXACT phase=reference_vs_block.maximum pass=1
ICPP_BLOCK_SMOKE_EXACT phase=reference_vs_block.denominator pass=1
ICPP_BLOCK_SMOKE phase=AMX_NUMERATOR_VS_BLOCK_EMULATOR N=17 D=128 K=2 d=32 block=16 finite=1 max_abs_error=0 mean_abs_error=0 relative_L2_error=0 gate=same_quantized_block_TDP_operand_operation_budget pass=1
ICPP_BLOCK_SMOKE_BUDGET phase=AMX_NUMERATOR_VS_BLOCK_EMULATOR max_budget=0.00024405103318695775 max_error_over_budget=0 observed_master_error_used=0
ICPP_BLOCK_SMOKE phase=AMX_OUTPUT_VS_BLOCK_EMULATOR N=17 D=128 K=2 d=32 block=16 finite=1 max_abs_error=0 mean_abs_error=0 relative_L2_error=0 gate=same_quantized_block_TDP_operand_operation_budget pass=1
ICPP_BLOCK_SMOKE_BUDGET phase=AMX_OUTPUT_VS_BLOCK_EMULATOR max_budget=2.1576918250223981e-06 max_error_over_budget=0 observed_master_error_used=0
ICPP_BLOCK_SMOKE phase=AMX_BLOCK_OUTPUT_VS_FP32_MASTER N=17 D=128 K=2 d=32 block=16 finite=1 max_abs_error=0.00018334630095197257 mean_abs_error=2.8156379492427808e-05 relative_L2_error=0.0023759525105745893 gate=master_absolute_.003_small_fixture_only pass=1
ICPP_BLOCK_SMOKE_MASTER_STATUS abs_gate=0.0030000000000000001 abs_gate_pass=1 block_quantization_error_is_not_instruction_error=1 model_precision=UNVERIFIED
ICPP_BLOCK_SMOKE phase=AMX_BLOCK_VS_STABLE_QUANTIZED_HW N=17 D=128 K=2 d=32 block=16 finite=1 max_abs_error=9.1884142411416403e-05 mean_abs_error=1.2760917810320699e-05 relative_L2_error=0.001142901228174411 gate=quantization_diagnostic_only pass=1
ICPP_BLOCK_SMOKE_CASE_CONTROL_PASS label=FIXED_INDEPENDENT_LR actual_input_feature_FMA=346112 useful_projection_FMA=770048 block_projection_calls=70 conversion_elements=143360 original_output_bitwise_required=0 master_precision_certification=0
ICPP_BLOCK_SMOKE phase=FIXED_INDEPENDENT_LR_FP32_BLOCK_UW_VS_STABLE_FP64 N=17 D=128 K=2 d=32 block=32 finite=1 max_abs_error=4.5974025003614472e-08 mean_abs_error=4.170363915393155e-09 relative_L2_error=3.8867727769777847e-07 gate=abs_1e-5_relative_L2_1e-5_before_AMX pass=1
ICPP_BLOCK_SMOKE phase=STD_EXP_VS_MATCHED_SVML_BF16_BLOCK_EMULATION N=17 D=128 K=2 d=32 block=32 finite=1 max_abs_error=7.4505805969238281e-09 mean_abs_error=4.9722526749546354e-10 relative_L2_error=5.6399982114029193e-08 gate=diagnostic_only_not_master_gate pass=1
ICPP_BLOCK_SMOKE_EXACT phase=matched_SVML_vs_original_online.maximum pass=1
ICPP_BLOCK_SMOKE_EXACT phase=matched_SVML_vs_original_online.denominator pass=1
ICPP_BLOCK_SMOKE_EXACT phase=old_vs_block.maximum pass=1
ICPP_BLOCK_SMOKE_EXACT phase=old_vs_block.denominator pass=1
ICPP_BLOCK_SMOKE_EXACT phase=reference_vs_block.maximum pass=1
ICPP_BLOCK_SMOKE_EXACT phase=reference_vs_block.denominator pass=1
ICPP_BLOCK_SMOKE phase=AMX_NUMERATOR_VS_BLOCK_EMULATOR N=17 D=128 K=2 d=32 block=32 finite=1 max_abs_error=0 mean_abs_error=0 relative_L2_error=0 gate=same_quantized_block_TDP_operand_operation_budget pass=1
ICPP_BLOCK_SMOKE_BUDGET phase=AMX_NUMERATOR_VS_BLOCK_EMULATOR max_budget=0.00013092259844817329 max_error_over_budget=0 observed_master_error_used=0
ICPP_BLOCK_SMOKE phase=AMX_OUTPUT_VS_BLOCK_EMULATOR N=17 D=128 K=2 d=32 block=32 finite=1 max_abs_error=0 mean_abs_error=0 relative_L2_error=0 gate=same_quantized_block_TDP_operand_operation_budget pass=1
ICPP_BLOCK_SMOKE_BUDGET phase=AMX_OUTPUT_VS_BLOCK_EMULATOR max_budget=1.2938564915585351e-06 max_error_over_budget=0 observed_master_error_used=0
ICPP_BLOCK_SMOKE phase=AMX_BLOCK_OUTPUT_VS_FP32_MASTER N=17 D=128 K=2 d=32 block=32 finite=1 max_abs_error=0.00018334630095197257 mean_abs_error=2.8143630403086311e-05 relative_L2_error=0.0023155068160338231 gate=master_absolute_.003_small_fixture_only pass=1
ICPP_BLOCK_SMOKE_MASTER_STATUS abs_gate=0.0030000000000000001 abs_gate_pass=1 block_quantization_error_is_not_instruction_error=1 model_precision=UNVERIFIED
ICPP_BLOCK_SMOKE phase=AMX_BLOCK_VS_STABLE_QUANTIZED_HW N=17 D=128 K=2 d=32 block=32 finite=1 max_abs_error=9.1884142411416403e-05 mean_abs_error=1.3170384832149094e-05 relative_L2_error=0.001153213898076667 gate=quantization_diagnostic_only pass=1
ICPP_BLOCK_SMOKE_CASE_CONTROL_PASS label=FIXED_INDEPENDENT_LR actual_input_feature_FMA=346112 useful_projection_FMA=425984 block_projection_calls=36 conversion_elements=73728 original_output_bitwise_required=0 master_precision_certification=0
ICPP_BLOCK_SMOKE phase=FIXED_INDEPENDENT_LR_FP32_BLOCK_UW_VS_STABLE_FP64 N=17 D=128 K=2 d=32 block=64 finite=1 max_abs_error=3.7769002841914201e-08 mean_abs_error=3.8541961371745669e-09 relative_L2_error=3.5520493482304207e-07 gate=abs_1e-5_relative_L2_1e-5_before_AMX pass=1
ICPP_BLOCK_SMOKE phase=STD_EXP_VS_MATCHED_SVML_BF16_BLOCK_EMULATION N=17 D=128 K=2 d=32 block=64 finite=1 max_abs_error=7.4505805969238281e-09 mean_abs_error=4.4810419427342234e-10 relative_L2_error=5.2329740302932416e-08 gate=diagnostic_only_not_master_gate pass=1
ICPP_BLOCK_SMOKE_EXACT phase=matched_SVML_vs_original_online.maximum pass=1
ICPP_BLOCK_SMOKE_EXACT phase=matched_SVML_vs_original_online.denominator pass=1
ICPP_BLOCK_SMOKE_EXACT phase=old_vs_block.maximum pass=1
ICPP_BLOCK_SMOKE_EXACT phase=old_vs_block.denominator pass=1
ICPP_BLOCK_SMOKE_EXACT phase=reference_vs_block.maximum pass=1
ICPP_BLOCK_SMOKE_EXACT phase=reference_vs_block.denominator pass=1
ICPP_BLOCK_SMOKE phase=AMX_NUMERATOR_VS_BLOCK_EMULATOR N=17 D=128 K=2 d=32 block=64 finite=1 max_abs_error=0 mean_abs_error=0 relative_L2_error=0 gate=same_quantized_block_TDP_operand_operation_budget pass=1
ICPP_BLOCK_SMOKE_BUDGET phase=AMX_NUMERATOR_VS_BLOCK_EMULATOR max_budget=9.2234092452351288e-05 max_error_over_budget=0 observed_master_error_used=0
ICPP_BLOCK_SMOKE phase=AMX_OUTPUT_VS_BLOCK_EMULATOR N=17 D=128 K=2 d=32 block=64 finite=1 max_abs_error=0 mean_abs_error=0 relative_L2_error=0 gate=same_quantized_block_TDP_operand_operation_budget pass=1
ICPP_BLOCK_SMOKE_BUDGET phase=AMX_OUTPUT_VS_BLOCK_EMULATOR max_budget=1.2938564915585351e-06 max_error_over_budget=0 observed_master_error_used=0
ICPP_BLOCK_SMOKE phase=AMX_BLOCK_OUTPUT_VS_FP32_MASTER N=17 D=128 K=2 d=32 block=64 finite=1 max_abs_error=0.00021283856188035032 mean_abs_error=2.8445810873350449e-05 relative_L2_error=0.0023412523929724014 gate=master_absolute_.003_small_fixture_only pass=1
ICPP_BLOCK_SMOKE_MASTER_STATUS abs_gate=0.0030000000000000001 abs_gate_pass=1 block_quantization_error_is_not_instruction_error=1 model_precision=UNVERIFIED
ICPP_BLOCK_SMOKE phase=AMX_BLOCK_VS_STABLE_QUANTIZED_HW N=17 D=128 K=2 d=32 block=64 finite=1 max_abs_error=9.1884142411416403e-05 mean_abs_error=1.3504041495897889e-05 relative_L2_error=0.0011548261720077022 gate=quantization_diagnostic_only pass=1
ICPP_BLOCK_SMOKE_CASE_CONTROL_PASS label=FIXED_INDEPENDENT_LR actual_input_feature_FMA=346112 useful_projection_FMA=262144 block_projection_calls=20 conversion_elements=40960 original_output_bitwise_required=0 master_precision_certification=0
ICPP_BLOCK_SMOKE phase=FIXED_INDEPENDENT_LR_FP32_BLOCK_UW_VS_STABLE_FP64 N=35 D=128 K=8 d=47 block=16 finite=1 max_abs_error=6.9957324988489944e-08 mean_abs_error=3.9385910600520593e-09 relative_L2_error=4.1155824799233722e-07 gate=abs_1e-5_relative_L2_1e-5_before_AMX pass=1
ICPP_BLOCK_SMOKE phase=STD_EXP_VS_MATCHED_SVML_BF16_BLOCK_EMULATION N=35 D=128 K=8 d=47 block=16 finite=1 max_abs_error=1.7508864402770996e-07 mean_abs_error=2.189036928758389e-09 relative_L2_error=7.3453749844405902e-07 gate=diagnostic_only_not_master_gate pass=1
ICPP_BLOCK_SMOKE_EXACT phase=matched_SVML_vs_original_online.maximum pass=1
ICPP_BLOCK_SMOKE_EXACT phase=matched_SVML_vs_original_online.denominator pass=1
ICPP_BLOCK_SMOKE_EXACT phase=old_vs_block.maximum pass=1
ICPP_BLOCK_SMOKE_EXACT phase=old_vs_block.denominator pass=1
ICPP_BLOCK_SMOKE_EXACT phase=reference_vs_block.maximum pass=1
ICPP_BLOCK_SMOKE_EXACT phase=reference_vs_block.denominator pass=1
ICPP_BLOCK_SMOKE phase=AMX_NUMERATOR_VS_BLOCK_EMULATOR N=35 D=128 K=8 d=47 block=16 finite=1 max_abs_error=0 mean_abs_error=0 relative_L2_error=0 gate=same_quantized_block_TDP_operand_operation_budget pass=1
ICPP_BLOCK_SMOKE_BUDGET phase=AMX_NUMERATOR_VS_BLOCK_EMULATOR max_budget=0.00067438983278731053 max_error_over_budget=0 observed_master_error_used=0
ICPP_BLOCK_SMOKE phase=AMX_OUTPUT_VS_BLOCK_EMULATOR N=35 D=128 K=8 d=47 block=16 finite=1 max_abs_error=0 mean_abs_error=0 relative_L2_error=0 gate=same_quantized_block_TDP_operand_operation_budget pass=1
ICPP_BLOCK_SMOKE_BUDGET phase=AMX_OUTPUT_VS_BLOCK_EMULATOR max_budget=3.4113827445034685e-06 max_error_over_budget=0 observed_master_error_used=0
ICPP_BLOCK_SMOKE phase=AMX_BLOCK_OUTPUT_VS_FP32_MASTER N=35 D=128 K=8 d=47 block=16 finite=1 max_abs_error=0.0002906613372651301 mean_abs_error=2.6278966228051861e-05 relative_L2_error=0.0025908993996208458 gate=master_absolute_.003_small_fixture_only pass=1
ICPP_BLOCK_SMOKE_MASTER_STATUS abs_gate=0.0030000000000000001 abs_gate_pass=1 block_quantization_error_is_not_instruction_error=1 model_precision=UNVERIFIED
ICPP_BLOCK_SMOKE phase=AMX_BLOCK_VS_STABLE_QUANTIZED_HW N=35 D=128 K=8 d=47 block=16 finite=1 max_abs_error=0.00014682608797528945 mean_abs_error=1.2035450039448317e-05 relative_L2_error=0.0012272393098677978 gate=quantization_diagnostic_only pass=1
ICPP_BLOCK_SMOKE_CASE_CONTROL_PASS label=FIXED_INDEPENDENT_LR actual_input_feature_FMA=2801664 useful_projection_FMA=9144320 block_projection_calls=304 conversion_elements=622592 original_output_bitwise_required=0 master_precision_certification=0
ICPP_BLOCK_SMOKE phase=FIXED_INDEPENDENT_LR_FP32_BLOCK_UW_VS_STABLE_FP64 N=35 D=128 K=8 d=47 block=32 finite=1 max_abs_error=5.5169789903164457e-08 mean_abs_error=3.6436576143649011e-09 relative_L2_error=3.799545065056766e-07 gate=abs_1e-5_relative_L2_1e-5_before_AMX pass=1
ICPP_BLOCK_SMOKE phase=STD_EXP_VS_MATCHED_SVML_BF16_BLOCK_EMULATION N=35 D=128 K=8 d=47 block=32 finite=1 max_abs_error=1.310836523771286e-06 mean_abs_error=5.6693917559229806e-09 relative_L2_error=3.5142061274211334e-06 gate=diagnostic_only_not_master_gate pass=1
ICPP_BLOCK_SMOKE_EXACT phase=matched_SVML_vs_original_online.maximum pass=1
ICPP_BLOCK_SMOKE_EXACT phase=matched_SVML_vs_original_online.denominator pass=1
ICPP_BLOCK_SMOKE_EXACT phase=old_vs_block.maximum pass=1
ICPP_BLOCK_SMOKE_EXACT phase=old_vs_block.denominator pass=1
ICPP_BLOCK_SMOKE_EXACT phase=reference_vs_block.maximum pass=1
ICPP_BLOCK_SMOKE_EXACT phase=reference_vs_block.denominator pass=1
ICPP_BLOCK_SMOKE phase=AMX_NUMERATOR_VS_BLOCK_EMULATOR N=35 D=128 K=8 d=47 block=32 finite=1 max_abs_error=0 mean_abs_error=0 relative_L2_error=0 gate=same_quantized_block_TDP_operand_operation_budget pass=1
ICPP_BLOCK_SMOKE_BUDGET phase=AMX_NUMERATOR_VS_BLOCK_EMULATOR max_budget=0.00029623622947387893 max_error_over_budget=0 observed_master_error_used=0
ICPP_BLOCK_SMOKE phase=AMX_OUTPUT_VS_BLOCK_EMULATOR N=35 D=128 K=8 d=47 block=32 finite=1 max_abs_error=0 mean_abs_error=0 relative_L2_error=0 gate=same_quantized_block_TDP_operand_operation_budget pass=1
ICPP_BLOCK_SMOKE_BUDGET phase=AMX_OUTPUT_VS_BLOCK_EMULATOR max_budget=1.4985014439287917e-06 max_error_over_budget=0 observed_master_error_used=0
ICPP_BLOCK_SMOKE phase=AMX_BLOCK_OUTPUT_VS_FP32_MASTER N=35 D=128 K=8 d=47 block=32 finite=1 max_abs_error=0.0002906613372651301 mean_abs_error=2.6681833619141155e-05 relative_L2_error=0.0026216811778999143 gate=master_absolute_.003_small_fixture_only pass=1
ICPP_BLOCK_SMOKE_MASTER_STATUS abs_gate=0.0030000000000000001 abs_gate_pass=1 block_quantization_error_is_not_instruction_error=1 model_precision=UNVERIFIED
ICPP_BLOCK_SMOKE phase=AMX_BLOCK_VS_STABLE_QUANTIZED_HW N=35 D=128 K=8 d=47 block=32 finite=1 max_abs_error=0.00014682608797528945 mean_abs_error=1.2455624151106568e-05 relative_L2_error=0.0012504905659466974 gate=quantization_diagnostic_only pass=1
ICPP_BLOCK_SMOKE_CASE_CONTROL_PASS label=FIXED_INDEPENDENT_LR actual_input_feature_FMA=2801664 useful_projection_FMA=5053440 block_projection_calls=160 conversion_elements=327680 original_output_bitwise_required=0 master_precision_certification=0
ICPP_BLOCK_SMOKE phase=FIXED_INDEPENDENT_LR_FP32_BLOCK_UW_VS_STABLE_FP64 N=35 D=128 K=8 d=47 block=64 finite=1 max_abs_error=5.5169789903164457e-08 mean_abs_error=3.4672493666337975e-09 relative_L2_error=3.5708576634514064e-07 gate=abs_1e-5_relative_L2_1e-5_before_AMX pass=1
ICPP_BLOCK_SMOKE phase=STD_EXP_VS_MATCHED_SVML_BF16_BLOCK_EMULATION N=35 D=128 K=8 d=47 block=64 finite=1 max_abs_error=2.2761523723602295e-06 mean_abs_error=4.770086798503987e-09 relative_L2_error=5.3427013231235164e-06 gate=diagnostic_only_not_master_gate pass=1
ICPP_BLOCK_SMOKE_EXACT phase=matched_SVML_vs_original_online.maximum pass=1
ICPP_BLOCK_SMOKE_EXACT phase=matched_SVML_vs_original_online.denominator pass=1
ICPP_BLOCK_SMOKE_EXACT phase=old_vs_block.maximum pass=1
ICPP_BLOCK_SMOKE_EXACT phase=old_vs_block.denominator pass=1
ICPP_BLOCK_SMOKE_EXACT phase=reference_vs_block.maximum pass=1
ICPP_BLOCK_SMOKE_EXACT phase=reference_vs_block.denominator pass=1
ICPP_BLOCK_SMOKE phase=AMX_NUMERATOR_VS_BLOCK_EMULATOR N=35 D=128 K=8 d=47 block=64 finite=1 max_abs_error=0 mean_abs_error=0 relative_L2_error=0 gate=same_quantized_block_TDP_operand_operation_budget pass=1
ICPP_BLOCK_SMOKE_BUDGET phase=AMX_NUMERATOR_VS_BLOCK_EMULATOR max_budget=0.0001488590040465071 max_error_over_budget=0 observed_master_error_used=0
ICPP_BLOCK_SMOKE phase=AMX_OUTPUT_VS_BLOCK_EMULATOR N=35 D=128 K=8 d=47 block=64 finite=1 max_abs_error=0 mean_abs_error=0 relative_L2_error=0 gate=same_quantized_block_TDP_operand_operation_budget pass=1
ICPP_BLOCK_SMOKE_BUDGET phase=AMX_OUTPUT_VS_BLOCK_EMULATOR max_budget=1.2454253160646232e-06 max_error_over_budget=0 observed_master_error_used=0
ICPP_BLOCK_SMOKE phase=AMX_BLOCK_OUTPUT_VS_FP32_MASTER N=35 D=128 K=8 d=47 block=64 finite=1 max_abs_error=0.0002906613372651301 mean_abs_error=2.6662676828650793e-05 relative_L2_error=0.00261515500513694 gate=master_absolute_.003_small_fixture_only pass=1
ICPP_BLOCK_SMOKE_MASTER_STATUS abs_gate=0.0030000000000000001 abs_gate_pass=1 block_quantization_error_is_not_instruction_error=1 model_precision=UNVERIFIED
ICPP_BLOCK_SMOKE phase=AMX_BLOCK_VS_STABLE_QUANTIZED_HW N=35 D=128 K=8 d=47 block=64 finite=1 max_abs_error=0.00014682608797528945 mean_abs_error=1.2862488428840614e-05 relative_L2_error=0.0012779657540509138 gate=quantization_diagnostic_only pass=1
ICPP_BLOCK_SMOKE_CASE_CONTROL_PASS label=FIXED_INDEPENDENT_LR actual_input_feature_FMA=2801664 useful_projection_FMA=3128320 block_projection_calls=88 conversion_elements=180224 original_output_bitwise_required=0 master_precision_certification=0
ICPP_BLOCK_SMOKE phase=FIXED_INDEPENDENT_LR_FP32_BLOCK_UW_VS_STABLE_FP64 N=17 D=256 K=1 d=64 block=16 finite=1 max_abs_error=7.4936359679977915e-08 mean_abs_error=5.1645917526231179e-09 relative_L2_error=5.261193053358768e-07 gate=abs_1e-5_relative_L2_1e-5_before_AMX pass=1
ICPP_BLOCK_SMOKE phase=STD_EXP_VS_MATCHED_SVML_BF16_BLOCK_EMULATION N=17 D=256 K=1 d=64 block=16 finite=1 max_abs_error=7.9162418842315674e-09 mean_abs_error=6.3383421387270041e-10 relative_L2_error=8.2190425446521124e-08 gate=diagnostic_only_not_master_gate pass=1
ICPP_BLOCK_SMOKE_EXACT phase=matched_SVML_vs_original_online.maximum pass=1
ICPP_BLOCK_SMOKE_EXACT phase=matched_SVML_vs_original_online.denominator pass=1
ICPP_BLOCK_SMOKE_EXACT phase=old_vs_block.maximum pass=1
ICPP_BLOCK_SMOKE_EXACT phase=old_vs_block.denominator pass=1
ICPP_BLOCK_SMOKE_EXACT phase=reference_vs_block.maximum pass=1
ICPP_BLOCK_SMOKE_EXACT phase=reference_vs_block.denominator pass=1
ICPP_BLOCK_SMOKE phase=AMX_NUMERATOR_VS_BLOCK_EMULATOR N=17 D=256 K=1 d=64 block=16 finite=1 max_abs_error=0 mean_abs_error=0 relative_L2_error=0 gate=same_quantized_block_TDP_operand_operation_budget pass=1
ICPP_BLOCK_SMOKE_BUDGET phase=AMX_NUMERATOR_VS_BLOCK_EMULATOR max_budget=0.00055376209872310051 max_error_over_budget=0 observed_master_error_used=0
ICPP_BLOCK_SMOKE phase=AMX_OUTPUT_VS_BLOCK_EMULATOR N=17 D=256 K=1 d=64 block=16 finite=1 max_abs_error=0 mean_abs_error=0 relative_L2_error=0 gate=same_quantized_block_TDP_operand_operation_budget pass=1
ICPP_BLOCK_SMOKE_BUDGET phase=AMX_OUTPUT_VS_BLOCK_EMULATOR max_budget=4.4469292982298203e-06 max_error_over_budget=0 observed_master_error_used=0
ICPP_BLOCK_SMOKE phase=AMX_BLOCK_OUTPUT_VS_FP32_MASTER N=17 D=256 K=1 d=64 block=16 finite=1 max_abs_error=0.00028451329989845342 mean_abs_error=2.9911141860985079e-05 relative_L2_error=0.0027863562097630002 gate=master_absolute_.003_small_fixture_only pass=1
ICPP_BLOCK_SMOKE_MASTER_STATUS abs_gate=0.0030000000000000001 abs_gate_pass=1 block_quantization_error_is_not_instruction_error=1 model_precision=UNVERIFIED
ICPP_BLOCK_SMOKE phase=AMX_BLOCK_VS_STABLE_QUANTIZED_HW N=17 D=256 K=1 d=64 block=16 finite=1 max_abs_error=0.00011571788381900582 mean_abs_error=1.2412595270899659e-05 relative_L2_error=0.0012043111853817341 gate=quantization_diagnostic_only pass=1
ICPP_BLOCK_SMOKE_CASE_CONTROL_PASS label=FIXED_INDEPENDENT_LR actual_input_feature_FMA=346112 useful_projection_FMA=1540096 block_projection_calls=35 conversion_elements=143360 original_output_bitwise_required=0 master_precision_certification=0
ICPP_BLOCK_SMOKE phase=FIXED_INDEPENDENT_LR_FP32_BLOCK_UW_VS_STABLE_FP64 N=17 D=256 K=1 d=64 block=32 finite=1 max_abs_error=4.9802175629970469e-08 mean_abs_error=4.6206016087827656e-09 relative_L2_error=4.5418220214595347e-07 gate=abs_1e-5_relative_L2_1e-5_before_AMX pass=1
ICPP_BLOCK_SMOKE phase=STD_EXP_VS_MATCHED_SVML_BF16_BLOCK_EMULATION N=17 D=256 K=1 d=64 block=32 finite=1 max_abs_error=7.4505805969238281e-09 mean_abs_error=5.4258046421797622e-10 relative_L2_error=6.6660177348949433e-08 gate=diagnostic_only_not_master_gate pass=1
ICPP_BLOCK_SMOKE_EXACT phase=matched_SVML_vs_original_online.maximum pass=1
ICPP_BLOCK_SMOKE_EXACT phase=matched_SVML_vs_original_online.denominator pass=1
ICPP_BLOCK_SMOKE_EXACT phase=old_vs_block.maximum pass=1
ICPP_BLOCK_SMOKE_EXACT phase=old_vs_block.denominator pass=1
ICPP_BLOCK_SMOKE_EXACT phase=reference_vs_block.maximum pass=1
ICPP_BLOCK_SMOKE_EXACT phase=reference_vs_block.denominator pass=1
ICPP_BLOCK_SMOKE phase=AMX_NUMERATOR_VS_BLOCK_EMULATOR N=17 D=256 K=1 d=64 block=32 finite=1 max_abs_error=0 mean_abs_error=0 relative_L2_error=0 gate=same_quantized_block_TDP_operand_operation_budget pass=1
ICPP_BLOCK_SMOKE_BUDGET phase=AMX_NUMERATOR_VS_BLOCK_EMULATOR max_budget=0.00027241183673238609 max_error_over_budget=0 observed_master_error_used=0
ICPP_BLOCK_SMOKE phase=AMX_OUTPUT_VS_BLOCK_EMULATOR N=17 D=256 K=1 d=64 block=32 finite=1 max_abs_error=0 mean_abs_error=0 relative_L2_error=0 gate=same_quantized_block_TDP_operand_operation_budget pass=1
ICPP_BLOCK_SMOKE_BUDGET phase=AMX_OUTPUT_VS_BLOCK_EMULATOR max_budget=2.0220615336543268e-06 max_error_over_budget=0 observed_master_error_used=0
ICPP_BLOCK_SMOKE phase=AMX_BLOCK_OUTPUT_VS_FP32_MASTER N=17 D=256 K=1 d=64 block=32 finite=1 max_abs_error=0.00028451329989845342 mean_abs_error=2.8585271099296151e-05 relative_L2_error=0.0026956985210643295 gate=master_absolute_.003_small_fixture_only pass=1
ICPP_BLOCK_SMOKE_MASTER_STATUS abs_gate=0.0030000000000000001 abs_gate_pass=1 block_quantization_error_is_not_instruction_error=1 model_precision=UNVERIFIED
ICPP_BLOCK_SMOKE phase=AMX_BLOCK_VS_STABLE_QUANTIZED_HW N=17 D=256 K=1 d=64 block=32 finite=1 max_abs_error=0.00011571788381900582 mean_abs_error=1.2010835493901455e-05 relative_L2_error=0.0011386324832211938 gate=quantization_diagnostic_only pass=1
ICPP_BLOCK_SMOKE_CASE_CONTROL_PASS label=FIXED_INDEPENDENT_LR actual_input_feature_FMA=346112 useful_projection_FMA=851968 block_projection_calls=18 conversion_elements=73728 original_output_bitwise_required=0 master_precision_certification=0
ICPP_BLOCK_SMOKE phase=FIXED_INDEPENDENT_LR_FP32_BLOCK_UW_VS_STABLE_FP64 N=17 D=256 K=1 d=64 block=64 finite=1 max_abs_error=4.4736685102936269e-08 mean_abs_error=4.3360771453182509e-09 relative_L2_error=4.143612425884454e-07 gate=abs_1e-5_relative_L2_1e-5_before_AMX pass=1
ICPP_BLOCK_SMOKE phase=STD_EXP_VS_MATCHED_SVML_BF16_BLOCK_EMULATION N=17 D=256 K=1 d=64 block=64 finite=1 max_abs_error=7.4505805969238281e-09 mean_abs_error=4.4645155546330737e-10 relative_L2_error=5.5583569253457637e-08 gate=diagnostic_only_not_master_gate pass=1
ICPP_BLOCK_SMOKE_EXACT phase=matched_SVML_vs_original_online.maximum pass=1
ICPP_BLOCK_SMOKE_EXACT phase=matched_SVML_vs_original_online.denominator pass=1
ICPP_BLOCK_SMOKE_EXACT phase=old_vs_block.maximum pass=1
ICPP_BLOCK_SMOKE_EXACT phase=old_vs_block.denominator pass=1
ICPP_BLOCK_SMOKE_EXACT phase=reference_vs_block.maximum pass=1
ICPP_BLOCK_SMOKE_EXACT phase=reference_vs_block.denominator pass=1
ICPP_BLOCK_SMOKE phase=AMX_NUMERATOR_VS_BLOCK_EMULATOR N=17 D=256 K=1 d=64 block=64 finite=1 max_abs_error=0 mean_abs_error=0 relative_L2_error=0 gate=same_quantized_block_TDP_operand_operation_budget pass=1
ICPP_BLOCK_SMOKE_BUDGET phase=AMX_NUMERATOR_VS_BLOCK_EMULATOR max_budget=0.00017256256682854782 max_error_over_budget=0 observed_master_error_used=0
ICPP_BLOCK_SMOKE phase=AMX_OUTPUT_VS_BLOCK_EMULATOR N=17 D=256 K=1 d=64 block=64 finite=1 max_abs_error=0 mean_abs_error=0 relative_L2_error=0 gate=same_quantized_block_TDP_operand_operation_budget pass=1
ICPP_BLOCK_SMOKE_BUDGET phase=AMX_OUTPUT_VS_BLOCK_EMULATOR max_budget=1.9821250171129138e-06 max_error_over_budget=0 observed_master_error_used=0
ICPP_BLOCK_SMOKE phase=AMX_BLOCK_OUTPUT_VS_FP32_MASTER N=17 D=256 K=1 d=64 block=64 finite=1 max_abs_error=0.00028451329989845342 mean_abs_error=2.9276998981490533e-05 relative_L2_error=0.0027278353735553165 gate=master_absolute_.003_small_fixture_only pass=1
ICPP_BLOCK_SMOKE_MASTER_STATUS abs_gate=0.0030000000000000001 abs_gate_pass=1 block_quantization_error_is_not_instruction_error=1 model_precision=UNVERIFIED
ICPP_BLOCK_SMOKE phase=AMX_BLOCK_VS_STABLE_QUANTIZED_HW N=17 D=256 K=1 d=64 block=64 finite=1 max_abs_error=0.00011571788381900582 mean_abs_error=1.2949995173095158e-05 relative_L2_error=0.001205584729255666 gate=quantization_diagnostic_only pass=1
ICPP_BLOCK_SMOKE_CASE_CONTROL_PASS label=FIXED_INDEPENDENT_LR actual_input_feature_FMA=346112 useful_projection_FMA=524288 block_projection_calls=10 conversion_elements=40960 original_output_bitwise_required=0 master_precision_certification=0
ICPP_BLOCK_SMOKE phase=FIXED_INDEPENDENT_LR_FP32_BLOCK_UW_VS_STABLE_FP64 N=35 D=256 K=2 d=7 block=16 finite=1 max_abs_error=3.54778382782861e-08 mean_abs_error=4.6540558283539037e-09 relative_L2_error=5.3699705017385912e-07 gate=abs_1e-5_relative_L2_1e-5_before_AMX pass=1
ICPP_BLOCK_SMOKE phase=STD_EXP_VS_MATCHED_SVML_BF16_BLOCK_EMULATION N=35 D=256 K=2 d=7 block=16 finite=1 max_abs_error=4.6566128730773926e-08 mean_abs_error=1.0548950629118754e-09 relative_L2_error=2.5886402020063384e-07 gate=diagnostic_only_not_master_gate pass=1
ICPP_BLOCK_SMOKE_EXACT phase=matched_SVML_vs_original_online.maximum pass=1
ICPP_BLOCK_SMOKE_EXACT phase=matched_SVML_vs_original_online.denominator pass=1
ICPP_BLOCK_SMOKE_EXACT phase=old_vs_block.maximum pass=1
ICPP_BLOCK_SMOKE_EXACT phase=old_vs_block.denominator pass=1
ICPP_BLOCK_SMOKE_EXACT phase=reference_vs_block.maximum pass=1
ICPP_BLOCK_SMOKE_EXACT phase=reference_vs_block.denominator pass=1
ICPP_BLOCK_SMOKE phase=AMX_NUMERATOR_VS_BLOCK_EMULATOR N=35 D=256 K=2 d=7 block=16 finite=1 max_abs_error=0 mean_abs_error=0 relative_L2_error=0 gate=same_quantized_block_TDP_operand_operation_budget pass=1
ICPP_BLOCK_SMOKE_BUDGET phase=AMX_NUMERATOR_VS_BLOCK_EMULATOR max_budget=0.001500928191302351 max_error_over_budget=0 observed_master_error_used=0
ICPP_BLOCK_SMOKE phase=AMX_OUTPUT_VS_BLOCK_EMULATOR N=35 D=256 K=2 d=7 block=16 finite=1 max_abs_error=0 mean_abs_error=0 relative_L2_error=0 gate=same_quantized_block_TDP_operand_operation_budget pass=1
ICPP_BLOCK_SMOKE_BUDGET phase=AMX_OUTPUT_VS_BLOCK_EMULATOR max_budget=7.565124287184435e-06 max_error_over_budget=0 observed_master_error_used=0
ICPP_BLOCK_SMOKE phase=AMX_BLOCK_OUTPUT_VS_FP32_MASTER N=35 D=256 K=2 d=7 block=16 finite=1 max_abs_error=0.0002100813399163598 mean_abs_error=2.7620640292506061e-05 relative_L2_error=0.0029681323689553312 gate=master_absolute_.003_small_fixture_only pass=1
ICPP_BLOCK_SMOKE_MASTER_STATUS abs_gate=0.0030000000000000001 abs_gate_pass=1 block_quantization_error_is_not_instruction_error=1 model_precision=UNVERIFIED
ICPP_BLOCK_SMOKE phase=AMX_BLOCK_VS_STABLE_QUANTIZED_HW N=35 D=256 K=2 d=7 block=16 finite=1 max_abs_error=0.00013658955420228769 mean_abs_error=1.0179894318845974e-05 relative_L2_error=0.0011539286376199781 gate=quantization_diagnostic_only pass=1
ICPP_BLOCK_SMOKE_CASE_CONTROL_PASS label=FIXED_INDEPENDENT_LR actual_input_feature_FMA=1400832 useful_projection_FMA=680960 block_projection_calls=76 conversion_elements=311296 original_output_bitwise_required=0 master_precision_certification=0
ICPP_BLOCK_SMOKE phase=FIXED_INDEPENDENT_LR_FP32_BLOCK_UW_VS_STABLE_FP64 N=35 D=256 K=2 d=7 block=32 finite=1 max_abs_error=3.54778382782861e-08 mean_abs_error=4.1689206940632448e-09 relative_L2_error=4.6129990946274683e-07 gate=abs_1e-5_relative_L2_1e-5_before_AMX pass=1
ICPP_BLOCK_SMOKE phase=STD_EXP_VS_MATCHED_SVML_BF16_BLOCK_EMULATION N=35 D=256 K=2 d=7 block=32 finite=1 max_abs_error=1.1874362826347351e-07 mean_abs_error=1.8068355845515521e-09 relative_L2_error=6.8343584215329538e-07 gate=diagnostic_only_not_master_gate pass=1
ICPP_BLOCK_SMOKE_EXACT phase=matched_SVML_vs_original_online.maximum pass=1
ICPP_BLOCK_SMOKE_EXACT phase=matched_SVML_vs_original_online.denominator pass=1
ICPP_BLOCK_SMOKE_EXACT phase=old_vs_block.maximum pass=1
ICPP_BLOCK_SMOKE_EXACT phase=old_vs_block.denominator pass=1
ICPP_BLOCK_SMOKE_EXACT phase=reference_vs_block.maximum pass=1
ICPP_BLOCK_SMOKE_EXACT phase=reference_vs_block.denominator pass=1
ICPP_BLOCK_SMOKE phase=AMX_NUMERATOR_VS_BLOCK_EMULATOR N=35 D=256 K=2 d=7 block=32 finite=1 max_abs_error=0 mean_abs_error=0 relative_L2_error=0 gate=same_quantized_block_TDP_operand_operation_budget pass=1
ICPP_BLOCK_SMOKE_BUDGET phase=AMX_NUMERATOR_VS_BLOCK_EMULATOR max_budget=0.00060668361262559306 max_error_over_budget=0 observed_master_error_used=0
ICPP_BLOCK_SMOKE phase=AMX_OUTPUT_VS_BLOCK_EMULATOR N=35 D=256 K=2 d=7 block=32 finite=1 max_abs_error=0 mean_abs_error=0 relative_L2_error=0 gate=same_quantized_block_TDP_operand_operation_budget pass=1
ICPP_BLOCK_SMOKE_BUDGET phase=AMX_OUTPUT_VS_BLOCK_EMULATOR max_budget=3.0578618102753007e-06 max_error_over_budget=0 observed_master_error_used=0
ICPP_BLOCK_SMOKE phase=AMX_BLOCK_OUTPUT_VS_FP32_MASTER N=35 D=256 K=2 d=7 block=32 finite=1 max_abs_error=0.0002100813399163598 mean_abs_error=2.7974519698763973e-05 relative_L2_error=0.0029874208032126095 gate=master_absolute_.003_small_fixture_only pass=1
ICPP_BLOCK_SMOKE_MASTER_STATUS abs_gate=0.0030000000000000001 abs_gate_pass=1 block_quantization_error_is_not_instruction_error=1 model_precision=UNVERIFIED
ICPP_BLOCK_SMOKE phase=AMX_BLOCK_VS_STABLE_QUANTIZED_HW N=35 D=256 K=2 d=7 block=32 finite=1 max_abs_error=0.00013658955420228769 mean_abs_error=1.2263905279919839e-05 relative_L2_error=0.0013968789443339505 gate=quantization_diagnostic_only pass=1
ICPP_BLOCK_SMOKE_CASE_CONTROL_PASS label=FIXED_INDEPENDENT_LR actual_input_feature_FMA=1400832 useful_projection_FMA=376320 block_projection_calls=40 conversion_elements=163840 original_output_bitwise_required=0 master_precision_certification=0
ICPP_BLOCK_SMOKE phase=FIXED_INDEPENDENT_LR_FP32_BLOCK_UW_VS_STABLE_FP64 N=35 D=256 K=2 d=7 block=64 finite=1 max_abs_error=3.54778382782861e-08 mean_abs_error=4.2585399523790898e-09 relative_L2_error=4.9202580679682965e-07 gate=abs_1e-5_relative_L2_1e-5_before_AMX pass=1
ICPP_BLOCK_SMOKE phase=STD_EXP_VS_MATCHED_SVML_BF16_BLOCK_EMULATION N=35 D=256 K=2 d=7 block=64 finite=1 max_abs_error=4.6566128730773926e-08 mean_abs_error=6.6952174054268671e-10 relative_L2_error=2.4105656148861708e-07 gate=diagnostic_only_not_master_gate pass=1
ICPP_BLOCK_SMOKE_EXACT phase=matched_SVML_vs_original_online.maximum pass=1
ICPP_BLOCK_SMOKE_EXACT phase=matched_SVML_vs_original_online.denominator pass=1
ICPP_BLOCK_SMOKE_EXACT phase=old_vs_block.maximum pass=1
ICPP_BLOCK_SMOKE_EXACT phase=old_vs_block.denominator pass=1
ICPP_BLOCK_SMOKE_EXACT phase=reference_vs_block.maximum pass=1
ICPP_BLOCK_SMOKE_EXACT phase=reference_vs_block.denominator pass=1
ICPP_BLOCK_SMOKE phase=AMX_NUMERATOR_VS_BLOCK_EMULATOR N=35 D=256 K=2 d=7 block=64 finite=1 max_abs_error=0 mean_abs_error=0 relative_L2_error=0 gate=same_quantized_block_TDP_operand_operation_budget pass=1
ICPP_BLOCK_SMOKE_BUDGET phase=AMX_NUMERATOR_VS_BLOCK_EMULATOR max_budget=0.00029332947718037068 max_error_over_budget=0 observed_master_error_used=0
ICPP_BLOCK_SMOKE phase=AMX_OUTPUT_VS_BLOCK_EMULATOR N=35 D=256 K=2 d=7 block=64 finite=1 max_abs_error=0 mean_abs_error=0 relative_L2_error=0 gate=same_quantized_block_TDP_operand_operation_budget pass=1
ICPP_BLOCK_SMOKE_BUDGET phase=AMX_OUTPUT_VS_BLOCK_EMULATOR max_budget=2.0391790232951433e-06 max_error_over_budget=0 observed_master_error_used=0
ICPP_BLOCK_SMOKE phase=AMX_BLOCK_OUTPUT_VS_FP32_MASTER N=35 D=256 K=2 d=7 block=64 finite=1 max_abs_error=0.0002100813399163598 mean_abs_error=2.797098219519705e-05 relative_L2_error=0.0030311897260713702 gate=master_absolute_.003_small_fixture_only pass=1
ICPP_BLOCK_SMOKE_MASTER_STATUS abs_gate=0.0030000000000000001 abs_gate_pass=1 block_quantization_error_is_not_instruction_error=1 model_precision=UNVERIFIED
ICPP_BLOCK_SMOKE phase=AMX_BLOCK_VS_STABLE_QUANTIZED_HW N=35 D=256 K=2 d=7 block=64 finite=1 max_abs_error=0.00013658955420228769 mean_abs_error=1.3259363333094718e-05 relative_L2_error=0.0014189537467406714 gate=quantization_diagnostic_only pass=1
ICPP_BLOCK_SMOKE_CASE_CONTROL_PASS label=FIXED_INDEPENDENT_LR actual_input_feature_FMA=1400832 useful_projection_FMA=232960 block_projection_calls=22 conversion_elements=90112 original_output_bitwise_required=0 master_precision_certification=0
ICPP_BLOCK_SMOKE phase=FIXED_INDEPENDENT_LR_FP32_BLOCK_UW_VS_STABLE_FP64 N=17 D=256 K=8 d=32 block=16 finite=1 max_abs_error=7.1326864518883593e-08 mean_abs_error=5.5245037538858535e-09 relative_L2_error=5.443116970282981e-07 gate=abs_1e-5_relative_L2_1e-5_before_AMX pass=1
ICPP_BLOCK_SMOKE phase=STD_EXP_VS_MATCHED_SVML_BF16_BLOCK_EMULATION N=17 D=256 K=8 d=32 block=16 finite=1 max_abs_error=6.9104135036468506e-06 mean_abs_error=2.9284082505315007e-08 relative_L2_error=2.1435539066199916e-05 gate=diagnostic_only_not_master_gate pass=1
ICPP_BLOCK_SMOKE_EXACT phase=matched_SVML_vs_original_online.maximum pass=1
ICPP_BLOCK_SMOKE_EXACT phase=matched_SVML_vs_original_online.denominator pass=1
ICPP_BLOCK_SMOKE_EXACT phase=old_vs_block.maximum pass=1
ICPP_BLOCK_SMOKE_EXACT phase=old_vs_block.denominator pass=1
ICPP_BLOCK_SMOKE_EXACT phase=reference_vs_block.maximum pass=1
ICPP_BLOCK_SMOKE_EXACT phase=reference_vs_block.denominator pass=1
ICPP_BLOCK_SMOKE phase=AMX_NUMERATOR_VS_BLOCK_EMULATOR N=17 D=256 K=8 d=32 block=16 finite=1 max_abs_error=0 mean_abs_error=0 relative_L2_error=0 gate=same_quantized_block_TDP_operand_operation_budget pass=1
ICPP_BLOCK_SMOKE_BUDGET phase=AMX_NUMERATOR_VS_BLOCK_EMULATOR max_budget=0.00058953113756869679 max_error_over_budget=0 observed_master_error_used=0
ICPP_BLOCK_SMOKE phase=AMX_OUTPUT_VS_BLOCK_EMULATOR N=17 D=256 K=8 d=32 block=16 finite=1 max_abs_error=0 mean_abs_error=0 relative_L2_error=0 gate=same_quantized_block_TDP_operand_operation_budget pass=1
ICPP_BLOCK_SMOKE_BUDGET phase=AMX_OUTPUT_VS_BLOCK_EMULATOR max_budget=4.3402534701847224e-06 max_error_over_budget=0 observed_master_error_used=0
ICPP_BLOCK_SMOKE phase=AMX_BLOCK_OUTPUT_VS_FP32_MASTER N=17 D=256 K=8 d=32 block=16 finite=1 max_abs_error=0.00024709517689141744 mean_abs_error=2.8546685750681948e-05 relative_L2_error=0.0026053836954080573 gate=master_absolute_.003_small_fixture_only pass=1
ICPP_BLOCK_SMOKE_MASTER_STATUS abs_gate=0.0030000000000000001 abs_gate_pass=1 block_quantization_error_is_not_instruction_error=1 model_precision=UNVERIFIED
ICPP_BLOCK_SMOKE phase=AMX_BLOCK_VS_STABLE_QUANTIZED_HW N=17 D=256 K=8 d=32 block=16 finite=1 max_abs_error=0.0001295038433577686 mean_abs_error=1.2459013899473222e-05 relative_L2_error=0.0012058095415274125 gate=quantization_diagnostic_only pass=1
ICPP_BLOCK_SMOKE_CASE_CONTROL_PASS label=FIXED_INDEPENDENT_LR actual_input_feature_FMA=2768896 useful_projection_FMA=6160384 block_projection_calls=280 conversion_elements=1146880 original_output_bitwise_required=0 master_precision_certification=0
ICPP_BLOCK_SMOKE phase=FIXED_INDEPENDENT_LR_FP32_BLOCK_UW_VS_STABLE_FP64 N=17 D=256 K=8 d=32 block=32 finite=1 max_abs_error=4.8350340717262519e-08 mean_abs_error=4.8602949674036037e-09 relative_L2_error=4.6877701889205272e-07 gate=abs_1e-5_relative_L2_1e-5_before_AMX pass=1
ICPP_BLOCK_SMOKE phase=STD_EXP_VS_MATCHED_SVML_BF16_BLOCK_EMULATION N=17 D=256 K=8 d=32 block=32 finite=1 max_abs_error=6.9104135036468506e-06 mean_abs_error=4.4420426552746636e-08 relative_L2_error=2.4412159707863948e-05 gate=diagnostic_only_not_master_gate pass=1
ICPP_BLOCK_SMOKE_EXACT phase=matched_SVML_vs_original_online.maximum pass=1
ICPP_BLOCK_SMOKE_EXACT phase=matched_SVML_vs_original_online.denominator pass=1
ICPP_BLOCK_SMOKE_EXACT phase=old_vs_block.maximum pass=1
ICPP_BLOCK_SMOKE_EXACT phase=old_vs_block.denominator pass=1
ICPP_BLOCK_SMOKE_EXACT phase=reference_vs_block.maximum pass=1
ICPP_BLOCK_SMOKE_EXACT phase=reference_vs_block.denominator pass=1
ICPP_BLOCK_SMOKE phase=AMX_NUMERATOR_VS_BLOCK_EMULATOR N=17 D=256 K=8 d=32 block=32 finite=1 max_abs_error=0 mean_abs_error=0 relative_L2_error=0 gate=same_quantized_block_TDP_operand_operation_budget pass=1
ICPP_BLOCK_SMOKE_BUDGET phase=AMX_NUMERATOR_VS_BLOCK_EMULATOR max_budget=0.00029066739898274716 max_error_over_budget=0 observed_master_error_used=0
ICPP_BLOCK_SMOKE phase=AMX_OUTPUT_VS_BLOCK_EMULATOR N=17 D=256 K=8 d=32 block=32 finite=1 max_abs_error=0 mean_abs_error=0 relative_L2_error=0 gate=same_quantized_block_TDP_operand_operation_budget pass=1
ICPP_BLOCK_SMOKE_BUDGET phase=AMX_OUTPUT_VS_BLOCK_EMULATOR max_budget=2.028116088992444e-06 max_error_over_budget=0 observed_master_error_used=0
ICPP_BLOCK_SMOKE phase=AMX_BLOCK_OUTPUT_VS_FP32_MASTER N=17 D=256 K=8 d=32 block=32 finite=1 max_abs_error=0.00024709517689141744 mean_abs_error=2.8338961895192043e-05 relative_L2_error=0.0025836941016844982 gate=master_absolute_.003_small_fixture_only pass=1
ICPP_BLOCK_SMOKE_MASTER_STATUS abs_gate=0.0030000000000000001 abs_gate_pass=1 block_quantization_error_is_not_instruction_error=1 model_precision=UNVERIFIED
ICPP_BLOCK_SMOKE phase=AMX_BLOCK_VS_STABLE_QUANTIZED_HW N=17 D=256 K=8 d=32 block=32 finite=1 max_abs_error=0.0001295038433577686 mean_abs_error=1.2784494274593124e-05 relative_L2_error=0.001220962320882053 gate=quantization_diagnostic_only pass=1
ICPP_BLOCK_SMOKE_EXACT phase=profile_0_counters_0.numerator pass=1
ICPP_BLOCK_SMOKE_EXACT phase=profile_0_counters_0.denominator pass=1
ICPP_BLOCK_SMOKE_EXACT phase=profile_0_counters_0.maximum pass=1
ICPP_BLOCK_SMOKE_EXACT phase=profile_0_counters_0.normalized pass=1
ICPP_BLOCK_SMOKE_EXACT phase=profile_0_counters_1.numerator pass=1
ICPP_BLOCK_SMOKE_EXACT phase=profile_0_counters_1.denominator pass=1
ICPP_BLOCK_SMOKE_EXACT phase=profile_0_counters_1.maximum pass=1
ICPP_BLOCK_SMOKE_EXACT phase=profile_0_counters_1.normalized pass=1
ICPP_BLOCK_SMOKE_EXACT phase=profile_1_counters_0.numerator pass=1
ICPP_BLOCK_SMOKE_EXACT phase=profile_1_counters_0.denominator pass=1
ICPP_BLOCK_SMOKE_EXACT phase=profile_1_counters_0.maximum pass=1
ICPP_BLOCK_SMOKE_EXACT phase=profile_1_counters_0.normalized pass=1
ICPP_BLOCK_SMOKE_EXACT phase=profile_1_counters_1.numerator pass=1
ICPP_BLOCK_SMOKE_EXACT phase=profile_1_counters_1.denominator pass=1
ICPP_BLOCK_SMOKE_EXACT phase=profile_1_counters_1.maximum pass=1
ICPP_BLOCK_SMOKE_EXACT phase=profile_1_counters_1.normalized pass=1
ICPP_BLOCK_SMOKE_CASE_CONTROL_PASS label=FIXED_INDEPENDENT_LR actual_input_feature_FMA=2768896 useful_projection_FMA=3407872 block_projection_calls=144 conversion_elements=589824 original_output_bitwise_required=0 master_precision_certification=0
ICPP_BLOCK_SMOKE phase=FIXED_INDEPENDENT_LR_FP32_BLOCK_UW_VS_STABLE_FP64 N=17 D=256 K=8 d=32 block=64 finite=1 max_abs_error=5.1418442489903349e-08 mean_abs_error=4.6212737865211334e-09 relative_L2_error=4.3603404319828789e-07 gate=abs_1e-5_relative_L2_1e-5_before_AMX pass=1
ICPP_BLOCK_SMOKE phase=STD_EXP_VS_MATCHED_SVML_BF16_BLOCK_EMULATION N=17 D=256 K=8 d=32 block=64 finite=1 max_abs_error=6.9104135036468506e-06 mean_abs_error=2.6814040870035302e-08 relative_L2_error=2.1416350548902985e-05 gate=diagnostic_only_not_master_gate pass=1
ICPP_BLOCK_SMOKE_EXACT phase=matched_SVML_vs_original_online.maximum pass=1
ICPP_BLOCK_SMOKE_EXACT phase=matched_SVML_vs_original_online.denominator pass=1
ICPP_BLOCK_SMOKE_EXACT phase=old_vs_block.maximum pass=1
ICPP_BLOCK_SMOKE_EXACT phase=old_vs_block.denominator pass=1
ICPP_BLOCK_SMOKE_EXACT phase=reference_vs_block.maximum pass=1
ICPP_BLOCK_SMOKE_EXACT phase=reference_vs_block.denominator pass=1
ICPP_BLOCK_SMOKE phase=AMX_NUMERATOR_VS_BLOCK_EMULATOR N=17 D=256 K=8 d=32 block=64 finite=1 max_abs_error=0 mean_abs_error=0 relative_L2_error=0 gate=same_quantized_block_TDP_operand_operation_budget pass=1
ICPP_BLOCK_SMOKE_BUDGET phase=AMX_NUMERATOR_VS_BLOCK_EMULATOR max_budget=0.00018492530084108204 max_error_over_budget=0 observed_master_error_used=0
ICPP_BLOCK_SMOKE phase=AMX_OUTPUT_VS_BLOCK_EMULATOR N=17 D=256 K=8 d=32 block=64 finite=1 max_abs_error=0 mean_abs_error=0 relative_L2_error=0 gate=same_quantized_block_TDP_operand_operation_budget pass=1
ICPP_BLOCK_SMOKE_BUDGET phase=AMX_OUTPUT_VS_BLOCK_EMULATOR max_budget=2.0065275016449003e-06 max_error_over_budget=0 observed_master_error_used=0
ICPP_BLOCK_SMOKE phase=AMX_BLOCK_OUTPUT_VS_FP32_MASTER N=17 D=256 K=8 d=32 block=64 finite=1 max_abs_error=0.00024709517689141744 mean_abs_error=2.8628543413798122e-05 relative_L2_error=0.0025944794983848111 gate=master_absolute_.003_small_fixture_only pass=1
ICPP_BLOCK_SMOKE_MASTER_STATUS abs_gate=0.0030000000000000001 abs_gate_pass=1 block_quantization_error_is_not_instruction_error=1 model_precision=UNVERIFIED
ICPP_BLOCK_SMOKE phase=AMX_BLOCK_VS_STABLE_QUANTIZED_HW N=17 D=256 K=8 d=32 block=64 finite=1 max_abs_error=0.0001295038433577686 mean_abs_error=1.3307107298010241e-05 relative_L2_error=0.0012431223104486828 gate=quantization_diagnostic_only pass=1
ICPP_BLOCK_SMOKE_CASE_CONTROL_PASS label=FIXED_INDEPENDENT_LR actual_input_feature_FMA=2768896 useful_projection_FMA=2097152 block_projection_calls=80 conversion_elements=327680 original_output_bitwise_required=0 master_precision_certification=0
ICPP_BLOCK_SMOKE phase=FIXED_INDEPENDENT_LR_FP32_BLOCK_UW_VS_STABLE_FP64 N=35 D=128 K=8 d=64 block=16 finite=1 max_abs_error=6.7574792081415147e-08 mean_abs_error=3.8638636088703766e-09 relative_L2_error=4.0426017590332548e-07 gate=abs_1e-5_relative_L2_1e-5_before_AMX pass=1
ICPP_BLOCK_SMOKE phase=STD_EXP_VS_MATCHED_SVML_BF16_BLOCK_EMULATION N=35 D=128 K=8 d=64 block=16 finite=1 max_abs_error=1.4081597328186035e-06 mean_abs_error=6.147948118849302e-09 relative_L2_error=3.7541544079623589e-06 gate=diagnostic_only_not_master_gate pass=1
ICPP_BLOCK_SMOKE_EXACT phase=matched_SVML_vs_original_online.maximum pass=1
ICPP_BLOCK_SMOKE_EXACT phase=matched_SVML_vs_original_online.denominator pass=1
ICPP_BLOCK_SMOKE_EXACT phase=old_vs_block.maximum pass=1
ICPP_BLOCK_SMOKE_EXACT phase=old_vs_block.denominator pass=1
ICPP_BLOCK_SMOKE_EXACT phase=reference_vs_block.maximum pass=1
ICPP_BLOCK_SMOKE_EXACT phase=reference_vs_block.denominator pass=1
ICPP_BLOCK_SMOKE phase=AMX_NUMERATOR_VS_BLOCK_EMULATOR N=35 D=128 K=8 d=64 block=16 finite=1 max_abs_error=0 mean_abs_error=0 relative_L2_error=0 gate=same_quantized_block_TDP_operand_operation_budget pass=1
ICPP_BLOCK_SMOKE_BUDGET phase=AMX_NUMERATOR_VS_BLOCK_EMULATOR max_budget=0.0006805985820731433 max_error_over_budget=0 observed_master_error_used=0
ICPP_BLOCK_SMOKE phase=AMX_OUTPUT_VS_BLOCK_EMULATOR N=35 D=128 K=8 d=64 block=16 finite=1 max_abs_error=0 mean_abs_error=0 relative_L2_error=0 gate=same_quantized_block_TDP_operand_operation_budget pass=1
ICPP_BLOCK_SMOKE_BUDGET phase=AMX_OUTPUT_VS_BLOCK_EMULATOR max_budget=3.551163205419426e-06 max_error_over_budget=0 observed_master_error_used=0
ICPP_BLOCK_SMOKE phase=AMX_BLOCK_OUTPUT_VS_FP32_MASTER N=35 D=128 K=8 d=64 block=16 finite=1 max_abs_error=0.00028186890628793815 mean_abs_error=2.6838344956833741e-05 relative_L2_error=0.0026373467607971666 gate=master_absolute_.003_small_fixture_only pass=1
ICPP_BLOCK_SMOKE_MASTER_STATUS abs_gate=0.0030000000000000001 abs_gate_pass=1 block_quantization_error_is_not_instruction_error=1 model_precision=UNVERIFIED
ICPP_BLOCK_SMOKE phase=AMX_BLOCK_VS_STABLE_QUANTIZED_HW N=35 D=128 K=8 d=64 block=16 finite=1 max_abs_error=0.00012365590624675241 mean_abs_error=1.2509472153023515e-05 relative_L2_error=0.0012731142426853242 gate=quantization_diagnostic_only pass=1
ICPP_BLOCK_SMOKE_CASE_CONTROL_PASS label=FIXED_INDEPENDENT_LR actual_input_feature_FMA=2801664 useful_projection_FMA=12451840 block_projection_calls=304 conversion_elements=622592 original_output_bitwise_required=0 master_precision_certification=0
ICPP_BLOCK_SMOKE phase=FIXED_INDEPENDENT_LR_FP32_BLOCK_UW_VS_STABLE_FP64 N=35 D=128 K=8 d=64 block=32 finite=1 max_abs_error=7.0562980319932578e-08 mean_abs_error=3.5727076835652351e-09 relative_L2_error=3.7337243023045335e-07 gate=abs_1e-5_relative_L2_1e-5_before_AMX pass=1
ICPP_BLOCK_SMOKE phase=STD_EXP_VS_MATCHED_SVML_BF16_BLOCK_EMULATION N=35 D=128 K=8 d=64 block=32 finite=1 max_abs_error=1.5960540622472763e-07 mean_abs_error=1.0584356629245965e-09 relative_L2_error=4.2799377082215339e-07 gate=diagnostic_only_not_master_gate pass=1
ICPP_BLOCK_SMOKE_EXACT phase=matched_SVML_vs_original_online.maximum pass=1
ICPP_BLOCK_SMOKE_EXACT phase=matched_SVML_vs_original_online.denominator pass=1
ICPP_BLOCK_SMOKE_EXACT phase=old_vs_block.maximum pass=1
ICPP_BLOCK_SMOKE_EXACT phase=old_vs_block.denominator pass=1
ICPP_BLOCK_SMOKE_EXACT phase=reference_vs_block.maximum pass=1
ICPP_BLOCK_SMOKE_EXACT phase=reference_vs_block.denominator pass=1
ICPP_BLOCK_SMOKE phase=AMX_NUMERATOR_VS_BLOCK_EMULATOR N=35 D=128 K=8 d=64 block=32 finite=1 max_abs_error=0 mean_abs_error=0 relative_L2_error=0 gate=same_quantized_block_TDP_operand_operation_budget pass=1
ICPP_BLOCK_SMOKE_BUDGET phase=AMX_NUMERATOR_VS_BLOCK_EMULATOR max_budget=0.0002949334108688667 max_error_over_budget=0 observed_master_error_used=0
ICPP_BLOCK_SMOKE phase=AMX_OUTPUT_VS_BLOCK_EMULATOR N=35 D=128 K=8 d=64 block=32 finite=1 max_abs_error=0 mean_abs_error=0 relative_L2_error=0 gate=same_quantized_block_TDP_operand_operation_budget pass=1
ICPP_BLOCK_SMOKE_BUDGET phase=AMX_OUTPUT_VS_BLOCK_EMULATOR max_budget=1.5388745481676793e-06 max_error_over_budget=0 observed_master_error_used=0
ICPP_BLOCK_SMOKE phase=AMX_BLOCK_OUTPUT_VS_FP32_MASTER N=35 D=128 K=8 d=64 block=32 finite=1 max_abs_error=0.00028186890628793815 mean_abs_error=2.7100893981892597e-05 relative_L2_error=0.0026465071134580652 gate=master_absolute_.003_small_fixture_only pass=1
ICPP_BLOCK_SMOKE_MASTER_STATUS abs_gate=0.0030000000000000001 abs_gate_pass=1 block_quantization_error_is_not_instruction_error=1 model_precision=UNVERIFIED
ICPP_BLOCK_SMOKE phase=AMX_BLOCK_VS_STABLE_QUANTIZED_HW N=35 D=128 K=8 d=64 block=32 finite=1 max_abs_error=0.00013214697068370668 mean_abs_error=1.2900254736768412e-05 relative_L2_error=0.0012936814024243047 gate=quantization_diagnostic_only pass=1
ICPP_BLOCK_SMOKE_CASE_CONTROL_PASS label=FIXED_INDEPENDENT_LR actual_input_feature_FMA=2801664 useful_projection_FMA=6881280 block_projection_calls=160 conversion_elements=327680 original_output_bitwise_required=0 master_precision_certification=0
ICPP_BLOCK_SMOKE phase=FIXED_INDEPENDENT_LR_FP32_BLOCK_UW_VS_STABLE_FP64 N=35 D=128 K=8 d=64 block=64 finite=1 max_abs_error=4.4495237244701613e-08 mean_abs_error=3.4733167084054756e-09 relative_L2_error=3.5057582534080117e-07 gate=abs_1e-5_relative_L2_1e-5_before_AMX pass=1
ICPP_BLOCK_SMOKE phase=STD_EXP_VS_MATCHED_SVML_BF16_BLOCK_EMULATION N=35 D=128 K=8 d=64 block=64 finite=1 max_abs_error=3.0640512704849243e-07 mean_abs_error=1.3566502714874267e-09 relative_L2_error=7.7662624961729224e-07 gate=diagnostic_only_not_master_gate pass=1
ICPP_BLOCK_SMOKE_EXACT phase=matched_SVML_vs_original_online.maximum pass=1
ICPP_BLOCK_SMOKE_EXACT phase=matched_SVML_vs_original_online.denominator pass=1
ICPP_BLOCK_SMOKE_EXACT phase=old_vs_block.maximum pass=1
ICPP_BLOCK_SMOKE_EXACT phase=old_vs_block.denominator pass=1
ICPP_BLOCK_SMOKE_EXACT phase=reference_vs_block.maximum pass=1
ICPP_BLOCK_SMOKE_EXACT phase=reference_vs_block.denominator pass=1
ICPP_BLOCK_SMOKE phase=AMX_NUMERATOR_VS_BLOCK_EMULATOR N=35 D=128 K=8 d=64 block=64 finite=1 max_abs_error=0 mean_abs_error=0 relative_L2_error=0 gate=same_quantized_block_TDP_operand_operation_budget pass=1
ICPP_BLOCK_SMOKE_BUDGET phase=AMX_NUMERATOR_VS_BLOCK_EMULATOR max_budget=0.00014794552751668167 max_error_over_budget=0 observed_master_error_used=0
ICPP_BLOCK_SMOKE phase=AMX_OUTPUT_VS_BLOCK_EMULATOR N=35 D=128 K=8 d=64 block=64 finite=1 max_abs_error=0 mean_abs_error=0 relative_L2_error=0 gate=same_quantized_block_TDP_operand_operation_budget pass=1
ICPP_BLOCK_SMOKE_BUDGET phase=AMX_OUTPUT_VS_BLOCK_EMULATOR max_budget=1.3267188124250602e-06 max_error_over_budget=0 observed_master_error_used=0
ICPP_BLOCK_SMOKE phase=AMX_BLOCK_OUTPUT_VS_FP32_MASTER N=35 D=128 K=8 d=64 block=64 finite=1 max_abs_error=0.00028186890628793815 mean_abs_error=2.7061024400829431e-05 relative_L2_error=0.002639207374745513 gate=master_absolute_.003_small_fixture_only pass=1
ICPP_BLOCK_SMOKE_MASTER_STATUS abs_gate=0.0030000000000000001 abs_gate_pass=1 block_quantization_error_is_not_instruction_error=1 model_precision=UNVERIFIED
ICPP_BLOCK_SMOKE phase=AMX_BLOCK_VS_STABLE_QUANTIZED_HW N=35 D=128 K=8 d=64 block=64 finite=1 max_abs_error=0.00013214697068370668 mean_abs_error=1.2967249984723859e-05 relative_L2_error=0.0012912068847544624 gate=quantization_diagnostic_only pass=1
ICPP_BLOCK_SMOKE_CASE_CONTROL_PASS label=FIXED_INDEPENDENT_LR actual_input_feature_FMA=2801664 useful_projection_FMA=4259840 block_projection_calls=88 conversion_elements=180224 original_output_bitwise_required=0 master_precision_certification=0
ICPP_BLOCK_SMOKE phase=FIXED_INDEPENDENT_LR_FP32_BLOCK_UW_VS_STABLE_FP64 N=17 D=33 K=8 d=47 block=16 finite=1 max_abs_error=2.8662160041215134e-08 mean_abs_error=2.7222074544774168e-09 relative_L2_error=3.0572435530192138e-07 gate=abs_1e-5_relative_L2_1e-5_before_AMX pass=1
ICPP_BLOCK_SMOKE phase=STD_EXP_VS_MATCHED_SVML_BF16_BLOCK_EMULATION N=17 D=33 K=8 d=47 block=16 finite=1 max_abs_error=1.5972182154655457e-07 mean_abs_error=1.8440951816614443e-09 relative_L2_error=9.0952653982031685e-07 gate=diagnostic_only_not_master_gate pass=1
ICPP_BLOCK_SMOKE_EXACT phase=matched_SVML_vs_original_online.maximum pass=1
ICPP_BLOCK_SMOKE_EXACT phase=matched_SVML_vs_original_online.denominator pass=1
ICPP_BLOCK_SMOKE_EXACT phase=old_vs_block.maximum pass=1
ICPP_BLOCK_SMOKE_EXACT phase=old_vs_block.denominator pass=1
ICPP_BLOCK_SMOKE_EXACT phase=reference_vs_block.maximum pass=1
ICPP_BLOCK_SMOKE_EXACT phase=reference_vs_block.denominator pass=1
ICPP_BLOCK_SMOKE phase=AMX_NUMERATOR_VS_BLOCK_EMULATOR N=17 D=33 K=8 d=47 block=16 finite=1 max_abs_error=0 mean_abs_error=0 relative_L2_error=0 gate=same_quantized_block_TDP_operand_operation_budget pass=1
ICPP_BLOCK_SMOKE_BUDGET phase=AMX_NUMERATOR_VS_BLOCK_EMULATOR max_budget=8.7667125249987776e-05 max_error_over_budget=0 observed_master_error_used=0
ICPP_BLOCK_SMOKE phase=AMX_OUTPUT_VS_BLOCK_EMULATOR N=17 D=33 K=8 d=47 block=16 finite=1 max_abs_error=0 mean_abs_error=0 relative_L2_error=0 gate=same_quantized_block_TDP_operand_operation_budget pass=1
ICPP_BLOCK_SMOKE_BUDGET phase=AMX_OUTPUT_VS_BLOCK_EMULATOR max_budget=8.9404093907740324e-07 max_error_over_budget=0 observed_master_error_used=0
ICPP_BLOCK_SMOKE phase=AMX_BLOCK_OUTPUT_VS_FP32_MASTER N=17 D=33 K=8 d=47 block=16 finite=1 max_abs_error=0.00030148210148894225 mean_abs_error=2.6159297965362072e-05 relative_L2_error=0.0028786036460974151 gate=master_absolute_.003_small_fixture_only pass=1
ICPP_BLOCK_SMOKE_MASTER_STATUS abs_gate=0.0030000000000000001 abs_gate_pass=1 block_quantization_error_is_not_instruction_error=1 model_precision=UNVERIFIED
ICPP_BLOCK_SMOKE phase=AMX_BLOCK_VS_STABLE_QUANTIZED_HW N=17 D=33 K=8 d=47 block=16 finite=1 max_abs_error=0.00014165957340901876 mean_abs_error=1.2105625427592804e-05 relative_L2_error=0.001355859274367457 gate=quantization_diagnostic_only pass=1
ICPP_BLOCK_SMOKE_CASE_CONTROL_PASS label=FIXED_INDEPENDENT_LR actual_input_feature_FMA=356928 useful_projection_FMA=1166352 block_projection_calls=280 conversion_elements=286720 original_output_bitwise_required=0 master_precision_certification=0
ICPP_BLOCK_SMOKE phase=FIXED_INDEPENDENT_LR_FP32_BLOCK_UW_VS_STABLE_FP64 N=17 D=33 K=8 d=47 block=32 finite=1 max_abs_error=2.9331701349027961e-08 mean_abs_error=2.7060354344021026e-09 relative_L2_error=3.0052608111274726e-07 gate=abs_1e-5_relative_L2_1e-5_before_AMX pass=1
ICPP_BLOCK_SMOKE phase=STD_EXP_VS_MATCHED_SVML_BF16_BLOCK_EMULATION N=17 D=33 K=8 d=47 block=32 finite=1 max_abs_error=2.9802322387695312e-08 mean_abs_error=5.0554664779284787e-10 relative_L2_error=1.2814229875525339e-07 gate=diagnostic_only_not_master_gate pass=1
ICPP_BLOCK_SMOKE_EXACT phase=matched_SVML_vs_original_online.maximum pass=1
ICPP_BLOCK_SMOKE_EXACT phase=matched_SVML_vs_original_online.denominator pass=1
ICPP_BLOCK_SMOKE_EXACT phase=old_vs_block.maximum pass=1
ICPP_BLOCK_SMOKE_EXACT phase=old_vs_block.denominator pass=1
ICPP_BLOCK_SMOKE_EXACT phase=reference_vs_block.maximum pass=1
ICPP_BLOCK_SMOKE_EXACT phase=reference_vs_block.denominator pass=1
ICPP_BLOCK_SMOKE phase=AMX_NUMERATOR_VS_BLOCK_EMULATOR N=17 D=33 K=8 d=47 block=32 finite=1 max_abs_error=0 mean_abs_error=0 relative_L2_error=0 gate=same_quantized_block_TDP_operand_operation_budget pass=1
ICPP_BLOCK_SMOKE_BUDGET phase=AMX_NUMERATOR_VS_BLOCK_EMULATOR max_budget=5.454958958810018e-05 max_error_over_budget=0 observed_master_error_used=0
ICPP_BLOCK_SMOKE phase=AMX_OUTPUT_VS_BLOCK_EMULATOR N=17 D=33 K=8 d=47 block=32 finite=1 max_abs_error=0 mean_abs_error=0 relative_L2_error=0 gate=same_quantized_block_TDP_operand_operation_budget pass=1
ICPP_BLOCK_SMOKE_BUDGET phase=AMX_OUTPUT_VS_BLOCK_EMULATOR max_budget=6.2538758443270417e-07 max_error_over_budget=0 observed_master_error_used=0
ICPP_BLOCK_SMOKE phase=AMX_BLOCK_OUTPUT_VS_FP32_MASTER N=17 D=33 K=8 d=47 block=32 finite=1 max_abs_error=0.00030148210148894225 mean_abs_error=2.5701654291733267e-05 relative_L2_error=0.0028172567964326626 gate=master_absolute_.003_small_fixture_only pass=1
ICPP_BLOCK_SMOKE_MASTER_STATUS abs_gate=0.0030000000000000001 abs_gate_pass=1 block_quantization_error_is_not_instruction_error=1 model_precision=UNVERIFIED
ICPP_BLOCK_SMOKE phase=AMX_BLOCK_VS_STABLE_QUANTIZED_HW N=17 D=33 K=8 d=47 block=32 finite=1 max_abs_error=0.00014165957340901876 mean_abs_error=1.1466738088819225e-05 relative_L2_error=0.0012606441592854518 gate=quantization_diagnostic_only pass=1
ICPP_BLOCK_SMOKE_CASE_CONTROL_PASS label=FIXED_INDEPENDENT_LR actual_input_feature_FMA=356928 useful_projection_FMA=645216 block_projection_calls=144 conversion_elements=147456 original_output_bitwise_required=0 master_precision_certification=0
ICPP_BLOCK_SMOKE phase=FIXED_INDEPENDENT_LR_FP32_BLOCK_UW_VS_STABLE_FP64 N=17 D=33 K=8 d=47 block=64 finite=1 max_abs_error=3.02601133421454e-08 mean_abs_error=2.8527416541642124e-09 relative_L2_error=3.1331108009088716e-07 gate=abs_1e-5_relative_L2_1e-5_before_AMX pass=1
ICPP_BLOCK_SMOKE phase=STD_EXP_VS_MATCHED_SVML_BF16_BLOCK_EMULATION N=17 D=33 K=8 d=47 block=64 finite=1 max_abs_error=4.1909515857696533e-08 mean_abs_error=5.6568932378036751e-10 relative_L2_error=1.9139691765536844e-07 gate=diagnostic_only_not_master_gate pass=1
ICPP_BLOCK_SMOKE_EXACT phase=matched_SVML_vs_original_online.maximum pass=1
ICPP_BLOCK_SMOKE_EXACT phase=matched_SVML_vs_original_online.denominator pass=1
ICPP_BLOCK_SMOKE_EXACT phase=old_vs_block.maximum pass=1
ICPP_BLOCK_SMOKE_EXACT phase=old_vs_block.denominator pass=1
ICPP_BLOCK_SMOKE_EXACT phase=reference_vs_block.maximum pass=1
ICPP_BLOCK_SMOKE_EXACT phase=reference_vs_block.denominator pass=1
ICPP_BLOCK_SMOKE phase=AMX_NUMERATOR_VS_BLOCK_EMULATOR N=17 D=33 K=8 d=47 block=64 finite=1 max_abs_error=0 mean_abs_error=0 relative_L2_error=0 gate=same_quantized_block_TDP_operand_operation_budget pass=1
ICPP_BLOCK_SMOKE_BUDGET phase=AMX_NUMERATOR_VS_BLOCK_EMULATOR max_budget=4.3415826672826449e-05 max_error_over_budget=0 observed_master_error_used=0
ICPP_BLOCK_SMOKE phase=AMX_OUTPUT_VS_BLOCK_EMULATOR N=17 D=33 K=8 d=47 block=64 finite=1 max_abs_error=0 mean_abs_error=0 relative_L2_error=0 gate=same_quantized_block_TDP_operand_operation_budget pass=1
ICPP_BLOCK_SMOKE_BUDGET phase=AMX_OUTPUT_VS_BLOCK_EMULATOR max_budget=6.2538758443270417e-07 max_error_over_budget=0 observed_master_error_used=0
ICPP_BLOCK_SMOKE phase=AMX_BLOCK_OUTPUT_VS_FP32_MASTER N=17 D=33 K=8 d=47 block=64 finite=1 max_abs_error=0.00030148210148894225 mean_abs_error=2.6384376556170865e-05 relative_L2_error=0.0028495756638537411 gate=master_absolute_.003_small_fixture_only pass=1
ICPP_BLOCK_SMOKE_MASTER_STATUS abs_gate=0.0030000000000000001 abs_gate_pass=1 block_quantization_error_is_not_instruction_error=1 model_precision=UNVERIFIED
ICPP_BLOCK_SMOKE phase=AMX_BLOCK_VS_STABLE_QUANTIZED_HW N=17 D=33 K=8 d=47 block=64 finite=1 max_abs_error=0.00014165957340901876 mean_abs_error=1.2513153282234812e-05 relative_L2_error=0.0013373458628941353 gate=quantization_diagnostic_only pass=1
ICPP_BLOCK_SMOKE_CASE_CONTROL_PASS label=FIXED_INDEPENDENT_LR actual_input_feature_FMA=356928 useful_projection_FMA=397056 block_projection_calls=80 conversion_elements=81920 original_output_bitwise_required=0 master_precision_certification=0
ICPP_BLOCK_SMOKE phase=FIXED_INDEPENDENT_LR_FP32_BLOCK_UW_VS_STABLE_FP64 N=35 D=256 K=8 d=32 block=16 finite=1 max_abs_error=6.9209082902144115e-08 mean_abs_error=4.9135379594645114e-09 relative_L2_error=5.4501257142082338e-07 gate=abs_1e-5_relative_L2_1e-5_before_AMX pass=1
ICPP_BLOCK_SMOKE phase=STD_EXP_VS_MATCHED_SVML_BF16_BLOCK_EMULATION N=35 D=256 K=8 d=32 block=16 finite=1 max_abs_error=3.3285468816757202e-06 mean_abs_error=8.359069144806393e-09 relative_L2_error=6.8672448160712685e-06 gate=diagnostic_only_not_master_gate pass=1
ICPP_BLOCK_SMOKE_EXACT phase=matched_SVML_vs_original_online.maximum pass=1
ICPP_BLOCK_SMOKE_EXACT phase=matched_SVML_vs_original_online.denominator pass=1
ICPP_BLOCK_SMOKE_EXACT phase=old_vs_block.maximum pass=1
ICPP_BLOCK_SMOKE_EXACT phase=old_vs_block.denominator pass=1
ICPP_BLOCK_SMOKE_EXACT phase=reference_vs_block.maximum pass=1
ICPP_BLOCK_SMOKE_EXACT phase=reference_vs_block.denominator pass=1
ICPP_BLOCK_SMOKE phase=AMX_NUMERATOR_VS_BLOCK_EMULATOR N=35 D=256 K=8 d=32 block=16 finite=1 max_abs_error=0 mean_abs_error=0 relative_L2_error=0 gate=same_quantized_block_TDP_operand_operation_budget pass=1
ICPP_BLOCK_SMOKE_BUDGET phase=AMX_NUMERATOR_VS_BLOCK_EMULATOR max_budget=0.0014588372621763118 max_error_over_budget=0 observed_master_error_used=0
ICPP_BLOCK_SMOKE phase=AMX_OUTPUT_VS_BLOCK_EMULATOR N=35 D=256 K=8 d=32 block=16 finite=1 max_abs_error=0 mean_abs_error=0 relative_L2_error=0 gate=same_quantized_block_TDP_operand_operation_budget pass=1
ICPP_BLOCK_SMOKE_BUDGET phase=AMX_OUTPUT_VS_BLOCK_EMULATOR max_budget=7.6306356432093188e-06 max_error_over_budget=0 observed_master_error_used=0
ICPP_BLOCK_SMOKE phase=AMX_BLOCK_OUTPUT_VS_FP32_MASTER N=35 D=256 K=8 d=32 block=16 finite=1 max_abs_error=0.00029939648189288015 mean_abs_error=2.863339195221216e-05 relative_L2_error=0.0029632628944180929 gate=master_absolute_.003_small_fixture_only pass=1
ICPP_BLOCK_SMOKE_MASTER_STATUS abs_gate=0.0030000000000000001 abs_gate_pass=1 block_quantization_error_is_not_instruction_error=1 model_precision=UNVERIFIED
ICPP_BLOCK_SMOKE phase=AMX_BLOCK_VS_STABLE_QUANTIZED_HW N=35 D=256 K=8 d=32 block=16 finite=1 max_abs_error=0.00015657498104216334 mean_abs_error=1.2609542524533064e-05 relative_L2_error=0.001364179066526712 gate=quantization_diagnostic_only pass=1
ICPP_BLOCK_SMOKE_CASE_CONTROL_PASS label=FIXED_INDEPENDENT_LR actual_input_feature_FMA=5603328 useful_projection_FMA=12451840 block_projection_calls=304 conversion_elements=1245184 original_output_bitwise_required=0 master_precision_certification=0
ICPP_BLOCK_SMOKE phase=FIXED_INDEPENDENT_LR_FP32_BLOCK_UW_VS_STABLE_FP64 N=35 D=256 K=8 d=32 block=32 finite=1 max_abs_error=6.1277106375157153e-08 mean_abs_error=4.342345174313329e-09 relative_L2_error=4.8575415597679162e-07 gate=abs_1e-5_relative_L2_1e-5_before_AMX pass=1
ICPP_BLOCK_SMOKE phase=STD_EXP_VS_MATCHED_SVML_BF16_BLOCK_EMULATION N=35 D=256 K=8 d=32 block=32 finite=1 max_abs_error=2.0274892449378967e-06 mean_abs_error=1.0217445936941009e-08 relative_L2_error=5.3796428101423255e-06 gate=diagnostic_only_not_master_gate pass=1
ICPP_BLOCK_SMOKE_EXACT phase=matched_SVML_vs_original_online.maximum pass=1
ICPP_BLOCK_SMOKE_EXACT phase=matched_SVML_vs_original_online.denominator pass=1
ICPP_BLOCK_SMOKE_EXACT phase=old_vs_block.maximum pass=1
ICPP_BLOCK_SMOKE_EXACT phase=old_vs_block.denominator pass=1
ICPP_BLOCK_SMOKE_EXACT phase=reference_vs_block.maximum pass=1
ICPP_BLOCK_SMOKE_EXACT phase=reference_vs_block.denominator pass=1
ICPP_BLOCK_SMOKE phase=AMX_NUMERATOR_VS_BLOCK_EMULATOR N=35 D=256 K=8 d=32 block=32 finite=1 max_abs_error=0 mean_abs_error=0 relative_L2_error=0 gate=same_quantized_block_TDP_operand_operation_budget pass=1
ICPP_BLOCK_SMOKE_BUDGET phase=AMX_NUMERATOR_VS_BLOCK_EMULATOR max_budget=0.00058803685854335133 max_error_over_budget=0 observed_master_error_used=0
ICPP_BLOCK_SMOKE phase=AMX_OUTPUT_VS_BLOCK_EMULATOR N=35 D=256 K=8 d=32 block=32 finite=1 max_abs_error=0 mean_abs_error=0 relative_L2_error=0 gate=same_quantized_block_TDP_operand_operation_budget pass=1
ICPP_BLOCK_SMOKE_BUDGET phase=AMX_OUTPUT_VS_BLOCK_EMULATOR max_budget=3.0757992920228346e-06 max_error_over_budget=0 observed_master_error_used=0
ICPP_BLOCK_SMOKE phase=AMX_BLOCK_OUTPUT_VS_FP32_MASTER N=35 D=256 K=8 d=32 block=32 finite=1 max_abs_error=0.00029939648189288015 mean_abs_error=2.7661185481395191e-05 relative_L2_error=0.002859980670221 gate=master_absolute_.003_small_fixture_only pass=1
ICPP_BLOCK_SMOKE_MASTER_STATUS abs_gate=0.0030000000000000001 abs_gate_pass=1 block_quantization_error_is_not_instruction_error=1 model_precision=UNVERIFIED
ICPP_BLOCK_SMOKE phase=AMX_BLOCK_VS_STABLE_QUANTIZED_HW N=35 D=256 K=8 d=32 block=32 finite=1 max_abs_error=0.000152339937765077 mean_abs_error=1.2307449497601847e-05 relative_L2_error=0.0012956341640194672 gate=quantization_diagnostic_only pass=1
ICPP_BLOCK_SMOKE_CASE_CONTROL_PASS label=FIXED_INDEPENDENT_LR actual_input_feature_FMA=5603328 useful_projection_FMA=6881280 block_projection_calls=160 conversion_elements=655360 original_output_bitwise_required=0 master_precision_certification=0
ICPP_BLOCK_SMOKE phase=FIXED_INDEPENDENT_LR_FP32_BLOCK_UW_VS_STABLE_FP64 N=35 D=256 K=8 d=32 block=64 finite=1 max_abs_error=5.471087445585443e-08 mean_abs_error=4.0324436147686962e-09 relative_L2_error=4.3731865739802814e-07 gate=abs_1e-5_relative_L2_1e-5_before_AMX pass=1
ICPP_BLOCK_SMOKE phase=STD_EXP_VS_MATCHED_SVML_BF16_BLOCK_EMULATION N=35 D=256 K=8 d=32 block=64 finite=1 max_abs_error=2.0274892449378967e-06 mean_abs_error=1.2896214280593606e-08 relative_L2_error=7.5245062610529271e-06 gate=diagnostic_only_not_master_gate pass=1
ICPP_BLOCK_SMOKE_EXACT phase=matched_SVML_vs_original_online.maximum pass=1
ICPP_BLOCK_SMOKE_EXACT phase=matched_SVML_vs_original_online.denominator pass=1
ICPP_BLOCK_SMOKE_EXACT phase=old_vs_block.maximum pass=1
ICPP_BLOCK_SMOKE_EXACT phase=old_vs_block.denominator pass=1
ICPP_BLOCK_SMOKE_EXACT phase=reference_vs_block.maximum pass=1
ICPP_BLOCK_SMOKE_EXACT phase=reference_vs_block.denominator pass=1
ICPP_BLOCK_SMOKE phase=AMX_NUMERATOR_VS_BLOCK_EMULATOR N=35 D=256 K=8 d=32 block=64 finite=1 max_abs_error=0 mean_abs_error=0 relative_L2_error=0 gate=same_quantized_block_TDP_operand_operation_budget pass=1
ICPP_BLOCK_SMOKE_BUDGET phase=AMX_NUMERATOR_VS_BLOCK_EMULATOR max_budget=0.00027840329051231254 max_error_over_budget=0 observed_master_error_used=0
ICPP_BLOCK_SMOKE phase=AMX_OUTPUT_VS_BLOCK_EMULATOR N=35 D=256 K=8 d=32 block=64 finite=1 max_abs_error=0 mean_abs_error=0 relative_L2_error=0 gate=same_quantized_block_TDP_operand_operation_budget pass=1
ICPP_BLOCK_SMOKE_BUDGET phase=AMX_OUTPUT_VS_BLOCK_EMULATOR max_budget=2.0664791367336061e-06 max_error_over_budget=0 observed_master_error_used=0
ICPP_BLOCK_SMOKE phase=AMX_BLOCK_OUTPUT_VS_FP32_MASTER N=35 D=256 K=8 d=32 block=64 finite=1 max_abs_error=0.00029939648189288015 mean_abs_error=2.7805980454634272e-05 relative_L2_error=0.0028687587939870396 gate=master_absolute_.003_small_fixture_only pass=1
ICPP_BLOCK_SMOKE_MASTER_STATUS abs_gate=0.0030000000000000001 abs_gate_pass=1 block_quantization_error_is_not_instruction_error=1 model_precision=UNVERIFIED
ICPP_BLOCK_SMOKE phase=AMX_BLOCK_VS_STABLE_QUANTIZED_HW N=35 D=256 K=8 d=32 block=64 finite=1 max_abs_error=0.000152339937765077 mean_abs_error=1.2685498563516099e-05 relative_L2_error=0.0013150812737589763 gate=quantization_diagnostic_only pass=1
ICPP_BLOCK_SMOKE_CASE_CONTROL_PASS label=FIXED_INDEPENDENT_LR actual_input_feature_FMA=5603328 useful_projection_FMA=4259840 block_projection_calls=88 conversion_elements=360448 original_output_bitwise_required=0 master_precision_certification=0
ICPP_BLOCK_SMOKE phase=ALL_EQUAL_SCORES_FP32_BLOCK_UW_VS_STABLE_FP64 N=35 D=100 K=8 d=64 block=16 finite=1 max_abs_error=5.046585919987745e-08 mean_abs_error=3.1606758152561162e-09 relative_L2_error=3.1320833347973715e-07 gate=abs_1e-5_relative_L2_1e-5_before_AMX pass=1
ICPP_BLOCK_SMOKE phase=STD_EXP_VS_MATCHED_SVML_BF16_BLOCK_EMULATION N=35 D=100 K=8 d=64 block=16 finite=1 max_abs_error=0 mean_abs_error=0 relative_L2_error=0 gate=diagnostic_only_not_master_gate pass=1
ICPP_BLOCK_SMOKE_EXACT phase=matched_SVML_vs_original_online.maximum pass=1
ICPP_BLOCK_SMOKE_EXACT phase=matched_SVML_vs_original_online.denominator pass=1
ICPP_BLOCK_SMOKE_EXACT phase=old_vs_block.maximum pass=1
ICPP_BLOCK_SMOKE_EXACT phase=old_vs_block.denominator pass=1
ICPP_BLOCK_SMOKE_EXACT phase=reference_vs_block.maximum pass=1
ICPP_BLOCK_SMOKE_EXACT phase=reference_vs_block.denominator pass=1
ICPP_BLOCK_SMOKE phase=AMX_NUMERATOR_VS_BLOCK_EMULATOR N=35 D=100 K=8 d=64 block=16 finite=1 max_abs_error=0 mean_abs_error=0 relative_L2_error=0 gate=same_quantized_block_TDP_operand_operation_budget pass=1
ICPP_BLOCK_SMOKE_BUDGET phase=AMX_NUMERATOR_VS_BLOCK_EMULATOR max_budget=0.00072773085642486657 max_error_over_budget=0 observed_master_error_used=0
ICPP_BLOCK_SMOKE phase=AMX_OUTPUT_VS_BLOCK_EMULATOR N=35 D=100 K=8 d=64 block=16 finite=1 max_abs_error=0 mean_abs_error=0 relative_L2_error=0 gate=same_quantized_block_TDP_operand_operation_budget pass=1
ICPP_BLOCK_SMOKE_BUDGET phase=AMX_OUTPUT_VS_BLOCK_EMULATOR max_budget=2.6656808033161661e-06 max_error_over_budget=0 observed_master_error_used=0
ICPP_BLOCK_SMOKE phase=AMX_BLOCK_OUTPUT_VS_FP32_MASTER N=35 D=100 K=8 d=64 block=16 finite=1 max_abs_error=0.00034241781205403624 mean_abs_error=2.7742254289363105e-05 relative_L2_error=0.0026525904748252245 gate=master_absolute_.003_small_fixture_only pass=1
ICPP_BLOCK_SMOKE_MASTER_STATUS abs_gate=0.0030000000000000001 abs_gate_pass=1 block_quantization_error_is_not_instruction_error=1 model_precision=UNVERIFIED
ICPP_BLOCK_SMOKE phase=AMX_BLOCK_VS_STABLE_QUANTIZED_HW N=35 D=100 K=8 d=64 block=16 finite=1 max_abs_error=0.00016125328838825261 mean_abs_error=1.3026198402865067e-05 relative_L2_error=0.0012985418220268436 gate=quantization_diagnostic_only pass=1
ICPP_BLOCK_SMOKE_CASE_CONTROL_PASS label=ALL_EQUAL_SCORES actual_input_feature_FMA=2188800 useful_projection_FMA=9728000 block_projection_calls=304 conversion_elements=622592 original_output_bitwise_required=0 master_precision_certification=0
ICPP_BLOCK_SMOKE phase=ALL_EQUAL_SCORES_FP32_BLOCK_UW_VS_STABLE_FP64 N=35 D=100 K=8 d=64 block=32 finite=1 max_abs_error=4.7589231041977875e-08 mean_abs_error=2.97600987496005e-09 relative_L2_error=2.9320348178752007e-07 gate=abs_1e-5_relative_L2_1e-5_before_AMX pass=1
ICPP_BLOCK_SMOKE phase=STD_EXP_VS_MATCHED_SVML_BF16_BLOCK_EMULATION N=35 D=100 K=8 d=64 block=32 finite=1 max_abs_error=0 mean_abs_error=0 relative_L2_error=0 gate=diagnostic_only_not_master_gate pass=1
ICPP_BLOCK_SMOKE_EXACT phase=matched_SVML_vs_original_online.maximum pass=1
ICPP_BLOCK_SMOKE_EXACT phase=matched_SVML_vs_original_online.denominator pass=1
ICPP_BLOCK_SMOKE_EXACT phase=old_vs_block.maximum pass=1
ICPP_BLOCK_SMOKE_EXACT phase=old_vs_block.denominator pass=1
ICPP_BLOCK_SMOKE_EXACT phase=reference_vs_block.maximum pass=1
ICPP_BLOCK_SMOKE_EXACT phase=reference_vs_block.denominator pass=1
ICPP_BLOCK_SMOKE phase=AMX_NUMERATOR_VS_BLOCK_EMULATOR N=35 D=100 K=8 d=64 block=32 finite=1 max_abs_error=0 mean_abs_error=0 relative_L2_error=0 gate=same_quantized_block_TDP_operand_operation_budget pass=1
ICPP_BLOCK_SMOKE_BUDGET phase=AMX_NUMERATOR_VS_BLOCK_EMULATOR max_budget=0.00032090664745647882 max_error_over_budget=0 observed_master_error_used=0
ICPP_BLOCK_SMOKE phase=AMX_OUTPUT_VS_BLOCK_EMULATOR N=35 D=100 K=8 d=64 block=32 finite=1 max_abs_error=0 mean_abs_error=0 relative_L2_error=0 gate=same_quantized_block_TDP_operand_operation_budget pass=1
ICPP_BLOCK_SMOKE_BUDGET phase=AMX_OUTPUT_VS_BLOCK_EMULATOR max_budget=1.2100731247737146e-06 max_error_over_budget=0 observed_master_error_used=0
ICPP_BLOCK_SMOKE phase=AMX_BLOCK_OUTPUT_VS_FP32_MASTER N=35 D=100 K=8 d=64 block=32 finite=1 max_abs_error=0.00034241781205403624 mean_abs_error=2.7399714222250406e-05 relative_L2_error=0.0026382658128478536 gate=master_absolute_.003_small_fixture_only pass=1
ICPP_BLOCK_SMOKE_MASTER_STATUS abs_gate=0.0030000000000000001 abs_gate_pass=1 block_quantization_error_is_not_instruction_error=1 model_precision=UNVERIFIED
ICPP_BLOCK_SMOKE phase=AMX_BLOCK_VS_STABLE_QUANTIZED_HW N=35 D=100 K=8 d=64 block=32 finite=1 max_abs_error=0.00016125328838825261 mean_abs_error=1.2661095043156199e-05 relative_L2_error=0.0012475140423406487 gate=quantization_diagnostic_only pass=1
ICPP_BLOCK_SMOKE_CASE_CONTROL_PASS label=ALL_EQUAL_SCORES actual_input_feature_FMA=2188800 useful_projection_FMA=5376000 block_projection_calls=160 conversion_elements=327680 original_output_bitwise_required=0 master_precision_certification=0
ICPP_BLOCK_SMOKE phase=ALL_EQUAL_SCORES_FP32_BLOCK_UW_VS_STABLE_FP64 N=35 D=100 K=8 d=64 block=64 finite=1 max_abs_error=4.7589231041977875e-08 mean_abs_error=2.9137262318780991e-09 relative_L2_error=2.8070647269849608e-07 gate=abs_1e-5_relative_L2_1e-5_before_AMX pass=1
ICPP_BLOCK_SMOKE phase=STD_EXP_VS_MATCHED_SVML_BF16_BLOCK_EMULATION N=35 D=100 K=8 d=64 block=64 finite=1 max_abs_error=0 mean_abs_error=0 relative_L2_error=0 gate=diagnostic_only_not_master_gate pass=1
ICPP_BLOCK_SMOKE_EXACT phase=matched_SVML_vs_original_online.maximum pass=1
ICPP_BLOCK_SMOKE_EXACT phase=matched_SVML_vs_original_online.denominator pass=1
ICPP_BLOCK_SMOKE_EXACT phase=old_vs_block.maximum pass=1
ICPP_BLOCK_SMOKE_EXACT phase=old_vs_block.denominator pass=1
ICPP_BLOCK_SMOKE_EXACT phase=reference_vs_block.maximum pass=1
ICPP_BLOCK_SMOKE_EXACT phase=reference_vs_block.denominator pass=1
ICPP_BLOCK_SMOKE phase=AMX_NUMERATOR_VS_BLOCK_EMULATOR N=35 D=100 K=8 d=64 block=64 finite=1 max_abs_error=0 mean_abs_error=0 relative_L2_error=0 gate=same_quantized_block_TDP_operand_operation_budget pass=1
ICPP_BLOCK_SMOKE_BUDGET phase=AMX_NUMERATOR_VS_BLOCK_EMULATOR max_budget=0.00016573112889483539 max_error_over_budget=0 observed_master_error_used=0
ICPP_BLOCK_SMOKE phase=AMX_OUTPUT_VS_BLOCK_EMULATOR N=35 D=100 K=8 d=64 block=64 finite=1 max_abs_error=0 mean_abs_error=0 relative_L2_error=0 gate=same_quantized_block_TDP_operand_operation_budget pass=1
ICPP_BLOCK_SMOKE_BUDGET phase=AMX_OUTPUT_VS_BLOCK_EMULATOR max_budget=1.2100731247737146e-06 max_error_over_budget=0 observed_master_error_used=0
ICPP_BLOCK_SMOKE phase=AMX_BLOCK_OUTPUT_VS_FP32_MASTER N=35 D=100 K=8 d=64 block=64 finite=1 max_abs_error=0.00034241781205403624 mean_abs_error=2.755329911673288e-05 relative_L2_error=0.0026367243823672446 gate=master_absolute_.003_small_fixture_only pass=1
ICPP_BLOCK_SMOKE_MASTER_STATUS abs_gate=0.0030000000000000001 abs_gate_pass=1 block_quantization_error_is_not_instruction_error=1 model_precision=UNVERIFIED
ICPP_BLOCK_SMOKE phase=AMX_BLOCK_VS_STABLE_QUANTIZED_HW N=35 D=100 K=8 d=64 block=64 finite=1 max_abs_error=0.00016125328838825261 mean_abs_error=1.3061718342469142e-05 relative_L2_error=0.0012724992902921695 gate=quantization_diagnostic_only pass=1
ICPP_BLOCK_SMOKE_CASE_CONTROL_PASS label=ALL_EQUAL_SCORES actual_input_feature_FMA=2188800 useful_projection_FMA=3328000 block_projection_calls=88 conversion_elements=180224 original_output_bitwise_required=0 master_precision_certification=0
ICPP_BLOCK_SMOKE phase=REAL_CONTRACTED_LR_FP32_BLOCK_UW_VS_STABLE_FP64 N=17 D=128 K=8 d=32 block=32 finite=1 max_abs_error=5.179548616049412e-08 mean_abs_error=3.5310451445691505e-09 relative_L2_error=3.5862678411000148e-07 gate=abs_1e-5_relative_L2_1e-5_before_AMX pass=1
ICPP_BLOCK_SMOKE phase=STD_EXP_VS_MATCHED_SVML_BF16_BLOCK_EMULATION N=17 D=128 K=8 d=32 block=32 finite=1 max_abs_error=3.7252902984619141e-08 mean_abs_error=5.4323149899961641e-10 relative_L2_error=1.0834801833861254e-07 gate=diagnostic_only_not_master_gate pass=1
ICPP_BLOCK_SMOKE_EXACT phase=matched_SVML_vs_original_online.maximum pass=1
ICPP_BLOCK_SMOKE_EXACT phase=matched_SVML_vs_original_online.denominator pass=1
ICPP_BLOCK_SMOKE_EXACT phase=old_vs_block.maximum pass=1
ICPP_BLOCK_SMOKE_EXACT phase=old_vs_block.denominator pass=1
ICPP_BLOCK_SMOKE_EXACT phase=reference_vs_block.maximum pass=1
ICPP_BLOCK_SMOKE_EXACT phase=reference_vs_block.denominator pass=1
ICPP_BLOCK_SMOKE phase=AMX_NUMERATOR_VS_BLOCK_EMULATOR N=17 D=128 K=8 d=32 block=32 finite=1 max_abs_error=0 mean_abs_error=0 relative_L2_error=0 gate=same_quantized_block_TDP_operand_operation_budget pass=1
ICPP_BLOCK_SMOKE_BUDGET phase=AMX_NUMERATOR_VS_BLOCK_EMULATOR max_budget=0.00017677891011865475 max_error_over_budget=0 observed_master_error_used=0
ICPP_BLOCK_SMOKE phase=AMX_OUTPUT_VS_BLOCK_EMULATOR N=17 D=128 K=8 d=32 block=32 finite=1 max_abs_error=0 mean_abs_error=0 relative_L2_error=0 gate=same_quantized_block_TDP_operand_operation_budget pass=1
ICPP_BLOCK_SMOKE_BUDGET phase=AMX_OUTPUT_VS_BLOCK_EMULATOR max_budget=1.3186971450271668e-06 max_error_over_budget=0 observed_master_error_used=0
ICPP_BLOCK_SMOKE phase=AMX_BLOCK_OUTPUT_VS_FP32_MASTER N=17 D=128 K=8 d=32 block=32 finite=1 max_abs_error=0.0003157780808449237 mean_abs_error=2.7507905273131586e-05 relative_L2_error=0.0026416981253773401 gate=master_absolute_.003_small_fixture_only pass=1
ICPP_BLOCK_SMOKE_MASTER_STATUS abs_gate=0.0030000000000000001 abs_gate_pass=1 block_quantization_error_is_not_instruction_error=1 model_precision=UNVERIFIED
ICPP_BLOCK_SMOKE phase=AMX_BLOCK_VS_STABLE_QUANTIZED_HW N=17 D=128 K=8 d=32 block=32 finite=1 max_abs_error=0.00015672810081003054 mean_abs_error=1.2797098808332652e-05 relative_L2_error=0.001290587619093143 gate=quantization_diagnostic_only pass=1
ICPP_BLOCK_SMOKE_CASE_CONTROL_PASS label=REAL_CONTRACTED_LR actual_input_feature_FMA=1384448 useful_projection_FMA=1703936 block_projection_calls=144 conversion_elements=294912 original_output_bitwise_required=0 master_precision_certification=0
ICPP_BLOCK_SMOKE_EXACT phase=layer.left pass=1
ICPP_BLOCK_SMOKE_EXACT phase=layer.right pass=1
ICPP_BLOCK_SMOKE phase=PRODUCTION_LAYER_WRAPPER N=17 D=128 K=8 d=32 block=32 finite=1 max_abs_error=0 mean_abs_error=0 relative_L2_error=0 gate=same_quantized_block_TDP_operand_operation_budget pass=1
ICPP_BLOCK_SMOKE_BUDGET phase=PRODUCTION_LAYER_WRAPPER max_budget=1.3186971450271668e-06 max_error_over_budget=0 observed_master_error_used=0
ICPP_BLOCK_SMOKE_EXACT phase=reference_vs_block.maximum pass=1
ICPP_BLOCK_SMOKE_EXACT phase=reference_vs_block.denominator pass=1
ICPP_BLOCK_SMOKE_EXACT phase=production.ELU_after_normalization pass=1
ICPP_BLOCK_SMOKE_LAYER_CONTROL_PASS hidden_activation=ELU lr_policy=fp32
ICPP_BLOCK_SMOKE phase=REAL_CONTRACTED_LR_FP32_BLOCK_UW_VS_STABLE_FP64 N=35 D=100 K=2 d=47 block=32 finite=1 max_abs_error=3.8418164496900609e-08 mean_abs_error=3.2805889426385614e-09 relative_L2_error=3.5697058117208225e-07 gate=abs_1e-5_relative_L2_1e-5_before_AMX pass=1
ICPP_BLOCK_SMOKE phase=STD_EXP_VS_MATCHED_SVML_BF16_BLOCK_EMULATION N=35 D=100 K=2 d=47 block=32 finite=1 max_abs_error=2.6077032089233398e-08 mean_abs_error=9.4638590783724349e-10 relative_L2_error=1.6889205098171748e-07 gate=diagnostic_only_not_master_gate pass=1
ICPP_BLOCK_SMOKE_EXACT phase=matched_SVML_vs_original_online.maximum pass=1
ICPP_BLOCK_SMOKE_EXACT phase=matched_SVML_vs_original_online.denominator pass=1
ICPP_BLOCK_SMOKE_EXACT phase=old_vs_block.maximum pass=1
ICPP_BLOCK_SMOKE_EXACT phase=old_vs_block.denominator pass=1
ICPP_BLOCK_SMOKE_EXACT phase=reference_vs_block.maximum pass=1
ICPP_BLOCK_SMOKE_EXACT phase=reference_vs_block.denominator pass=1
ICPP_BLOCK_SMOKE phase=AMX_NUMERATOR_VS_BLOCK_EMULATOR N=35 D=100 K=2 d=47 block=32 finite=1 max_abs_error=0 mean_abs_error=0 relative_L2_error=0 gate=same_quantized_block_TDP_operand_operation_budget pass=1
ICPP_BLOCK_SMOKE_BUDGET phase=AMX_NUMERATOR_VS_BLOCK_EMULATOR max_budget=0.00031628993912265657 max_error_over_budget=0 observed_master_error_used=0
ICPP_BLOCK_SMOKE phase=AMX_OUTPUT_VS_BLOCK_EMULATOR N=35 D=100 K=2 d=47 block=32 finite=1 max_abs_error=0 mean_abs_error=0 relative_L2_error=0 gate=same_quantized_block_TDP_operand_operation_budget pass=1
ICPP_BLOCK_SMOKE_BUDGET phase=AMX_OUTPUT_VS_BLOCK_EMULATOR max_budget=1.2220502548605413e-06 max_error_over_budget=0 observed_master_error_used=0
ICPP_BLOCK_SMOKE phase=AMX_BLOCK_OUTPUT_VS_FP32_MASTER N=35 D=100 K=2 d=47 block=32 finite=1 max_abs_error=0.00027209820054194256 mean_abs_error=2.6901683821964577e-05 relative_L2_error=0.0027532601783985893 gate=master_absolute_.003_small_fixture_only pass=1
ICPP_BLOCK_SMOKE_MASTER_STATUS abs_gate=0.0030000000000000001 abs_gate_pass=1 block_quantization_error_is_not_instruction_error=1 model_precision=UNVERIFIED
ICPP_BLOCK_SMOKE phase=AMX_BLOCK_VS_STABLE_QUANTIZED_HW N=35 D=100 K=2 d=47 block=32 finite=1 max_abs_error=0.00015927605960180079 mean_abs_error=1.2412649807268965e-05 relative_L2_error=0.0013417252910352909 gate=quantization_diagnostic_only pass=1
ICPP_BLOCK_SMOKE_CASE_CONTROL_PASS label=REAL_CONTRACTED_LR actual_input_feature_FMA=547200 useful_projection_FMA=987000 block_projection_calls=40 conversion_elements=81920 original_output_bitwise_required=0 master_precision_certification=0
ICPP_BLOCK_SMOKE_EXACT phase=layer.left pass=1
ICPP_BLOCK_SMOKE_EXACT phase=layer.right pass=1
ICPP_BLOCK_SMOKE phase=PRODUCTION_LAYER_WRAPPER N=35 D=100 K=2 d=47 block=32 finite=1 max_abs_error=0 mean_abs_error=0 relative_L2_error=0 gate=same_quantized_block_TDP_operand_operation_budget pass=1
ICPP_BLOCK_SMOKE_BUDGET phase=PRODUCTION_LAYER_WRAPPER max_budget=1.2220502548605413e-06 max_error_over_budget=0 observed_master_error_used=0
ICPP_BLOCK_SMOKE_EXACT phase=reference_vs_block.maximum pass=1
ICPP_BLOCK_SMOKE_EXACT phase=reference_vs_block.denominator pass=1
ICPP_BLOCK_SMOKE_EXACT phase=production.ELU_after_normalization pass=1
ICPP_BLOCK_SMOKE_LAYER_CONTROL_PASS hidden_activation=ELU lr_policy=fp32
ICPP_BLOCK_SMOKE_CONTROL_PASS operator_cases=57 real_LR_layer_controls=2 profile_counter_combinations=4 FP32_math_gate_passed=1 same_quantized_block_instruction_gate_passed=1 master_gate_reported_separately=1 master_precision_certification=0 8x_D_wide_aggregation_removed=0 logical_bytes_are_DRAM_measurement=0 profile_fields=sampled_worker_seconds trained_model_accuracy=UNVERIFIED
ICPP_HEADS_SMOKE_BEGIN fp32_abs_gate=1.0000000000000001e-05 fp32_relative_L2_gate=1.0000000000000001e-05 unchanged_master_abs_gate=0.0030000000000000001 BF16_interface=RNE_H_W_then_PH_then_RNE_Ublock PH_AMX=RNE_P_hi_plus_RNE_residual_lo_two_sequential_TDP instruction_emulator=TDPBF16PS_even_odd_FP32_FMA_chains quantization_bound=monotone_RNE_opcode_error_interval_endpoints matched_exp_entry=__svml_expf16_z0 internal_ABI_scope=checks_only production_exp_symbol_requires_assembly_audit=1 original_block_AVX_output_bitwise_required=1 tiny_reference_edge_materialization=checks_only subnormals=excluded DAZ_FTZ_not_tested=1 model_precision=UNVERIFIED trained_accuracy=UNVERIFIED
ICPP_HEADS_SMOKE phase=FIXED_INDEPENDENT_LR_FP32_BLOCK_UW_VS_STABLE_FP64 N=17 D=17 K=8 d=32 block=16 finite=1 max_abs_error=2.4471188485308826e-08 mean_abs_error=2.363011953194638e-09 relative_L2_error=2.5516407625249473e-07 gate=abs_1e-5_relative_L2_1e-5_before_AMX pass=1
ICPP_HEADS_SMOKE_EXACT phase=matched_SVML_vs_old_block.maximum pass=1
ICPP_HEADS_SMOKE_EXACT phase=matched_SVML_vs_old_block.denominator pass=1
ICPP_HEADS_SMOKE_EXACT phase=avx_shared_old.maximum pass=1
ICPP_HEADS_SMOKE_EXACT phase=avx_shared_old.denominator pass=1
ICPP_HEADS_SMOKE_EXACT phase=shared_AVX_vs_old_block.numerator pass=1
ICPP_HEADS_SMOKE_EXACT phase=reference_vs_heads.maximum pass=1
ICPP_HEADS_SMOKE_EXACT phase=reference_vs_heads.denominator pass=1
ICPP_HEADS_SMOKE phase=avx_shared_NUMERATOR_VS_EMULATOR N=17 D=17 K=8 d=32 block=16 finite=1 max_abs_error=0 mean_abs_error=0 relative_L2_error=0 gate=same_PH_UW_quantized_operand_operation_budget pass=1
ICPP_HEADS_SMOKE_BUDGET phase=avx_shared_NUMERATOR_VS_EMULATOR max_budget=5.4694151460110148e-05 max_error_over_budget=0 observed_master_error_used=0
ICPP_HEADS_SMOKE phase=avx_shared_OUTPUT_VS_EMULATOR N=17 D=17 K=8 d=32 block=16 finite=1 max_abs_error=0 mean_abs_error=0 relative_L2_error=0 gate=same_PH_UW_quantized_operand_operation_budget pass=1
ICPP_HEADS_SMOKE_BUDGET phase=avx_shared_OUTPUT_VS_EMULATOR max_budget=6.0156375211582381e-07 max_error_over_budget=0 observed_master_error_used=0
ICPP_HEADS_SMOKE phase=avx_shared_OUTPUT_VS_FP32_MASTER N=17 D=17 K=8 d=32 block=16 finite=1 max_abs_error=0.00024455320769055378 mean_abs_error=2.7389181314647851e-05 relative_L2_error=0.0027102749821866852 gate=master_absolute_.003_small_fixture_only pass=1
ICPP_HEADS_SMOKE_MASTER_STATUS abs_gate=0.0030000000000000001 abs_gate_pass=1 PH_Ublock_quantization_error_is_not_instruction_error=1 model_precision=UNVERIFIED
ICPP_HEADS_SMOKE phase=avx_shared_VS_STABLE_QUANTIZED_HW N=17 D=17 K=8 d=32 block=16 finite=1 max_abs_error=0.00013614661512836163 mean_abs_error=1.1806431414633328e-05 relative_L2_error=0.0012662157689638217 gate=quantization_diagnostic_only pass=1
ICPP_HEADS_SMOKE_CASE_CONTROL_PASS label=FIXED_INDEPENDENT_LR backend=avx_shared PH_useful_FMA=183872 PH_physical_FMA=346112 UW_physical_FMA=4587520 projection_calls=280 head_context_store_bytes=573440 head_context_reload_bytes=540672 all_eight_V_TMM_resident=0 master_precision_certification=0
ICPP_HEADS_SMOKE phase=FIXED_INDEPENDENT_LR_FP32_BLOCK_UW_VS_STABLE_FP64 N=17 D=17 K=8 d=32 block=16 finite=1 max_abs_error=2.4471188485308826e-08 mean_abs_error=2.363011953194638e-09 relative_L2_error=2.5516407625249473e-07 gate=abs_1e-5_relative_L2_1e-5_before_AMX pass=1
ICPP_HEADS_SMOKE_EXACT phase=matched_SVML_vs_old_block.maximum pass=1
ICPP_HEADS_SMOKE_EXACT phase=matched_SVML_vs_old_block.denominator pass=1
ICPP_HEADS_SMOKE_EXACT phase=amx_hi_lo_old.maximum pass=1
ICPP_HEADS_SMOKE_EXACT phase=amx_hi_lo_old.denominator pass=1
ICPP_HEADS_SMOKE_EXACT phase=reference_vs_heads.maximum pass=1
ICPP_HEADS_SMOKE_EXACT phase=reference_vs_heads.denominator pass=1
ICPP_HEADS_SMOKE phase=amx_hi_lo_NUMERATOR_VS_EMULATOR N=17 D=17 K=8 d=32 block=16 finite=1 max_abs_error=0 mean_abs_error=0 relative_L2_error=0 gate=same_PH_UW_quantized_operand_operation_budget pass=1
ICPP_HEADS_SMOKE_BUDGET phase=amx_hi_lo_NUMERATOR_VS_EMULATOR max_budget=0.001361643315611764 max_error_over_budget=0 observed_master_error_used=0
ICPP_HEADS_SMOKE phase=amx_hi_lo_OUTPUT_VS_EMULATOR N=17 D=17 K=8 d=32 block=16 finite=1 max_abs_error=0 mean_abs_error=0 relative_L2_error=0 gate=same_PH_UW_quantized_operand_operation_budget pass=1
ICPP_HEADS_SMOKE_BUDGET phase=amx_hi_lo_OUTPUT_VS_EMULATOR max_budget=2.8769433217695839e-05 max_error_over_budget=0 observed_master_error_used=0
ICPP_HEADS_SMOKE phase=amx_hi_lo_OUTPUT_VS_FP32_MASTER N=17 D=17 K=8 d=32 block=16 finite=1 max_abs_error=0.00024455320769055378 mean_abs_error=2.737219716840891e-05 relative_L2_error=0.0027083266508334839 gate=master_absolute_.003_small_fixture_only pass=1
ICPP_HEADS_SMOKE_MASTER_STATUS abs_gate=0.0030000000000000001 abs_gate_pass=1 PH_Ublock_quantization_error_is_not_instruction_error=1 model_precision=UNVERIFIED
ICPP_HEADS_SMOKE phase=amx_hi_lo_VS_STABLE_QUANTIZED_HW N=17 D=17 K=8 d=32 block=16 finite=1 max_abs_error=0.00013614661512836163 mean_abs_error=1.1749854769702595e-05 relative_L2_error=0.0012642011034681943 gate=quantization_diagnostic_only pass=1
ICPP_HEADS_SMOKE_CASE_CONTROL_PASS label=FIXED_INDEPENDENT_LR backend=amx_hi_lo PH_useful_FMA=183872 PH_physical_FMA=1540096 UW_physical_FMA=4587520 projection_calls=280 head_context_store_bytes=573440 head_context_reload_bytes=540672 all_eight_V_TMM_resident=0 master_precision_certification=0
ICPP_HEADS_SMOKE phase=FIXED_INDEPENDENT_LR_FP32_BLOCK_UW_VS_STABLE_FP64 N=17 D=17 K=8 d=32 block=32 finite=1 max_abs_error=2.4471188485308826e-08 mean_abs_error=2.4523792823734102e-09 relative_L2_error=2.5881251771244666e-07 gate=abs_1e-5_relative_L2_1e-5_before_AMX pass=1
ICPP_HEADS_SMOKE_EXACT phase=matched_SVML_vs_old_block.maximum pass=1
ICPP_HEADS_SMOKE_EXACT phase=matched_SVML_vs_old_block.denominator pass=1
ICPP_HEADS_SMOKE_EXACT phase=avx_shared_old.maximum pass=1
ICPP_HEADS_SMOKE_EXACT phase=avx_shared_old.denominator pass=1
ICPP_HEADS_SMOKE_EXACT phase=shared_AVX_vs_old_block.numerator pass=1
ICPP_HEADS_SMOKE_EXACT phase=reference_vs_heads.maximum pass=1
ICPP_HEADS_SMOKE_EXACT phase=reference_vs_heads.denominator pass=1
ICPP_HEADS_SMOKE phase=avx_shared_NUMERATOR_VS_EMULATOR N=17 D=17 K=8 d=32 block=32 finite=1 max_abs_error=0 mean_abs_error=0 relative_L2_error=0 gate=same_PH_UW_quantized_operand_operation_budget pass=1
ICPP_HEADS_SMOKE_BUDGET phase=avx_shared_NUMERATOR_VS_EMULATOR max_budget=3.2226169738390342e-05 max_error_over_budget=0 observed_master_error_used=0
ICPP_HEADS_SMOKE phase=avx_shared_OUTPUT_VS_EMULATOR N=17 D=17 K=8 d=32 block=32 finite=1 max_abs_error=0 mean_abs_error=0 relative_L2_error=0 gate=same_PH_UW_quantized_operand_operation_budget pass=1
ICPP_HEADS_SMOKE_BUDGET phase=avx_shared_OUTPUT_VS_EMULATOR max_budget=4.4107228663336073e-07 max_error_over_budget=0 observed_master_error_used=0
ICPP_HEADS_SMOKE phase=avx_shared_OUTPUT_VS_FP32_MASTER N=17 D=17 K=8 d=32 block=32 finite=1 max_abs_error=0.00024455320769055378 mean_abs_error=2.7924273114536509e-05 relative_L2_error=0.0027234348731455054 gate=master_absolute_.003_small_fixture_only pass=1
ICPP_HEADS_SMOKE_MASTER_STATUS abs_gate=0.0030000000000000001 abs_gate_pass=1 PH_Ublock_quantization_error_is_not_instruction_error=1 model_precision=UNVERIFIED
ICPP_HEADS_SMOKE phase=avx_shared_VS_STABLE_QUANTIZED_HW N=17 D=17 K=8 d=32 block=32 finite=1 max_abs_error=0.00013614661512836163 mean_abs_error=1.1952568697777242e-05 relative_L2_error=0.0012642450207394262 gate=quantization_diagnostic_only pass=1
ICPP_HEADS_SMOKE_CASE_CONTROL_PASS label=FIXED_INDEPENDENT_LR backend=avx_shared PH_useful_FMA=183872 PH_physical_FMA=346112 UW_physical_FMA=2359296 projection_calls=144 head_context_store_bytes=294912 head_context_reload_bytes=262144 all_eight_V_TMM_resident=0 master_precision_certification=0
ICPP_HEADS_SMOKE phase=FIXED_INDEPENDENT_LR_FP32_BLOCK_UW_VS_STABLE_FP64 N=17 D=17 K=8 d=32 block=32 finite=1 max_abs_error=2.4471188485308826e-08 mean_abs_error=2.4523792823734102e-09 relative_L2_error=2.5881251771244666e-07 gate=abs_1e-5_relative_L2_1e-5_before_AMX pass=1
ICPP_HEADS_SMOKE_EXACT phase=matched_SVML_vs_old_block.maximum pass=1
ICPP_HEADS_SMOKE_EXACT phase=matched_SVML_vs_old_block.denominator pass=1
ICPP_HEADS_SMOKE_EXACT phase=amx_hi_lo_old.maximum pass=1
ICPP_HEADS_SMOKE_EXACT phase=amx_hi_lo_old.denominator pass=1
ICPP_HEADS_SMOKE_EXACT phase=reference_vs_heads.maximum pass=1
ICPP_HEADS_SMOKE_EXACT phase=reference_vs_heads.denominator pass=1
ICPP_HEADS_SMOKE phase=amx_hi_lo_NUMERATOR_VS_EMULATOR N=17 D=17 K=8 d=32 block=32 finite=1 max_abs_error=0 mean_abs_error=0 relative_L2_error=0 gate=same_PH_UW_quantized_operand_operation_budget pass=1
ICPP_HEADS_SMOKE_BUDGET phase=amx_hi_lo_NUMERATOR_VS_EMULATOR max_budget=0.0012813538249625545 max_error_over_budget=0 observed_master_error_used=0
ICPP_HEADS_SMOKE phase=amx_hi_lo_OUTPUT_VS_EMULATOR N=17 D=17 K=8 d=32 block=32 finite=1 max_abs_error=0 mean_abs_error=0 relative_L2_error=0 gate=same_PH_UW_quantized_operand_operation_budget pass=1
ICPP_HEADS_SMOKE_BUDGET phase=amx_hi_lo_OUTPUT_VS_EMULATOR max_budget=1.7653216381142769e-05 max_error_over_budget=0 observed_master_error_used=0
ICPP_HEADS_SMOKE phase=amx_hi_lo_OUTPUT_VS_FP32_MASTER N=17 D=17 K=8 d=32 block=32 finite=1 max_abs_error=0.00024455320769055378 mean_abs_error=2.7924070727936456e-05 relative_L2_error=0.0027232966772492906 gate=master_absolute_.003_small_fixture_only pass=1
ICPP_HEADS_SMOKE_MASTER_STATUS abs_gate=0.0030000000000000001 abs_gate_pass=1 PH_Ublock_quantization_error_is_not_instruction_error=1 model_precision=UNVERIFIED
ICPP_HEADS_SMOKE phase=amx_hi_lo_VS_STABLE_QUANTIZED_HW N=17 D=17 K=8 d=32 block=32 finite=1 max_abs_error=0.00013614661512836163 mean_abs_error=1.1952117598053098e-05 relative_L2_error=0.0012642951947129948 gate=quantization_diagnostic_only pass=1
ICPP_HEADS_SMOKE_CASE_CONTROL_PASS label=FIXED_INDEPENDENT_LR backend=amx_hi_lo PH_useful_FMA=183872 PH_physical_FMA=851968 UW_physical_FMA=2359296 projection_calls=144 head_context_store_bytes=294912 head_context_reload_bytes=262144 all_eight_V_TMM_resident=0 master_precision_certification=0
ICPP_HEADS_SMOKE phase=FIXED_INDEPENDENT_LR_FP32_BLOCK_UW_VS_STABLE_FP64 N=35 D=33 K=8 d=32 block=16 finite=1 max_abs_error=2.632640838315381e-08 mean_abs_error=2.4679759766016764e-09 relative_L2_error=2.6582943160856648e-07 gate=abs_1e-5_relative_L2_1e-5_before_AMX pass=1
ICPP_HEADS_SMOKE_EXACT phase=matched_SVML_vs_old_block.maximum pass=1
ICPP_HEADS_SMOKE_EXACT phase=matched_SVML_vs_old_block.denominator pass=1
ICPP_HEADS_SMOKE_EXACT phase=avx_shared_old.maximum pass=1
ICPP_HEADS_SMOKE_EXACT phase=avx_shared_old.denominator pass=1
ICPP_HEADS_SMOKE_EXACT phase=shared_AVX_vs_old_block.numerator pass=1
ICPP_HEADS_SMOKE_EXACT phase=reference_vs_heads.maximum pass=1
ICPP_HEADS_SMOKE_EXACT phase=reference_vs_heads.denominator pass=1
ICPP_HEADS_SMOKE phase=avx_shared_NUMERATOR_VS_EMULATOR N=35 D=33 K=8 d=32 block=16 finite=1 max_abs_error=0 mean_abs_error=0 relative_L2_error=0 gate=same_PH_UW_quantized_operand_operation_budget pass=1
ICPP_HEADS_SMOKE_BUDGET phase=avx_shared_NUMERATOR_VS_EMULATOR max_budget=0.00024193067447176434 max_error_over_budget=0 observed_master_error_used=0
ICPP_HEADS_SMOKE phase=avx_shared_OUTPUT_VS_EMULATOR N=35 D=33 K=8 d=32 block=16 finite=1 max_abs_error=0 mean_abs_error=0 relative_L2_error=0 gate=same_PH_UW_quantized_operand_operation_budget pass=1
ICPP_HEADS_SMOKE_BUDGET phase=avx_shared_OUTPUT_VS_EMULATOR max_budget=1.2878282474360137e-06 max_error_over_budget=0 observed_master_error_used=0
ICPP_HEADS_SMOKE phase=avx_shared_OUTPUT_VS_FP32_MASTER N=35 D=33 K=8 d=32 block=16 finite=1 max_abs_error=0.00029178650438916459 mean_abs_error=2.6125487520537898e-05 relative_L2_error=0.0026431189795763426 gate=master_absolute_.003_small_fixture_only pass=1
ICPP_HEADS_SMOKE_MASTER_STATUS abs_gate=0.0030000000000000001 abs_gate_pass=1 PH_Ublock_quantization_error_is_not_instruction_error=1 model_precision=UNVERIFIED
ICPP_HEADS_SMOKE phase=avx_shared_VS_STABLE_QUANTIZED_HW N=35 D=33 K=8 d=32 block=16 finite=1 max_abs_error=0.00013563444378689865 mean_abs_error=1.1872770909645964e-05 relative_L2_error=0.001257823486832932 gate=quantization_diagnostic_only pass=1
ICPP_HEADS_SMOKE_CASE_CONTROL_PASS label=FIXED_INDEPENDENT_LR backend=avx_shared PH_useful_FMA=722304 PH_physical_FMA=1050624 UW_physical_FMA=9961472 projection_calls=304 head_context_store_bytes=622592 head_context_reload_bytes=573440 all_eight_V_TMM_resident=0 master_precision_certification=0
ICPP_HEADS_SMOKE phase=FIXED_INDEPENDENT_LR_FP32_BLOCK_UW_VS_STABLE_FP64 N=35 D=33 K=8 d=32 block=16 finite=1 max_abs_error=2.632640838315381e-08 mean_abs_error=2.4679759766016764e-09 relative_L2_error=2.6582943160856648e-07 gate=abs_1e-5_relative_L2_1e-5_before_AMX pass=1
ICPP_HEADS_SMOKE_EXACT phase=matched_SVML_vs_old_block.maximum pass=1
ICPP_HEADS_SMOKE_EXACT phase=matched_SVML_vs_old_block.denominator pass=1
ICPP_HEADS_SMOKE_EXACT phase=amx_hi_lo_old.maximum pass=1
ICPP_HEADS_SMOKE_EXACT phase=amx_hi_lo_old.denominator pass=1
ICPP_HEADS_SMOKE_EXACT phase=reference_vs_heads.maximum pass=1
ICPP_HEADS_SMOKE_EXACT phase=reference_vs_heads.denominator pass=1
ICPP_HEADS_SMOKE phase=amx_hi_lo_NUMERATOR_VS_EMULATOR N=35 D=33 K=8 d=32 block=16 finite=1 max_abs_error=0 mean_abs_error=0 relative_L2_error=0 gate=same_PH_UW_quantized_operand_operation_budget pass=1
ICPP_HEADS_SMOKE_BUDGET phase=amx_hi_lo_NUMERATOR_VS_EMULATOR max_budget=0.0017934728717673371 max_error_over_budget=0 observed_master_error_used=0
ICPP_HEADS_SMOKE phase=amx_hi_lo_OUTPUT_VS_EMULATOR N=35 D=33 K=8 d=32 block=16 finite=1 max_abs_error=0 mean_abs_error=0 relative_L2_error=0 gate=same_PH_UW_quantized_operand_operation_budget pass=1
ICPP_HEADS_SMOKE_BUDGET phase=amx_hi_lo_OUTPUT_VS_EMULATOR max_budget=4.345428974434666e-05 max_error_over_budget=0 observed_master_error_used=0
ICPP_HEADS_SMOKE phase=amx_hi_lo_OUTPUT_VS_FP32_MASTER N=35 D=33 K=8 d=32 block=16 finite=1 max_abs_error=0.00029178650438916459 mean_abs_error=2.6112922116925721e-05 relative_L2_error=0.0026427669416401699 gate=master_absolute_.003_small_fixture_only pass=1
ICPP_HEADS_SMOKE_MASTER_STATUS abs_gate=0.0030000000000000001 abs_gate_pass=1 PH_Ublock_quantization_error_is_not_instruction_error=1 model_precision=UNVERIFIED
ICPP_HEADS_SMOKE phase=amx_hi_lo_VS_STABLE_QUANTIZED_HW N=35 D=33 K=8 d=32 block=16 finite=1 max_abs_error=0.00013563444378689865 mean_abs_error=1.1872057000381832e-05 relative_L2_error=0.0012577854291367374 gate=quantization_diagnostic_only pass=1
ICPP_HEADS_SMOKE_CASE_CONTROL_PASS label=FIXED_INDEPENDENT_LR backend=amx_hi_lo PH_useful_FMA=722304 PH_physical_FMA=6225920 UW_physical_FMA=9961472 projection_calls=304 head_context_store_bytes=622592 head_context_reload_bytes=573440 all_eight_V_TMM_resident=0 master_precision_certification=0
ICPP_HEADS_SMOKE phase=FIXED_INDEPENDENT_LR_FP32_BLOCK_UW_VS_STABLE_FP64 N=35 D=33 K=8 d=32 block=32 finite=1 max_abs_error=3.5186183716673369e-08 mean_abs_error=2.5160314782413396e-09 relative_L2_error=2.7249381151391721e-07 gate=abs_1e-5_relative_L2_1e-5_before_AMX pass=1
ICPP_HEADS_SMOKE_EXACT phase=matched_SVML_vs_old_block.maximum pass=1
ICPP_HEADS_SMOKE_EXACT phase=matched_SVML_vs_old_block.denominator pass=1
ICPP_HEADS_SMOKE_EXACT phase=avx_shared_old.maximum pass=1
ICPP_HEADS_SMOKE_EXACT phase=avx_shared_old.denominator pass=1
ICPP_HEADS_SMOKE_EXACT phase=shared_AVX_vs_old_block.numerator pass=1
ICPP_HEADS_SMOKE_EXACT phase=reference_vs_heads.maximum pass=1
ICPP_HEADS_SMOKE_EXACT phase=reference_vs_heads.denominator pass=1
ICPP_HEADS_SMOKE phase=avx_shared_NUMERATOR_VS_EMULATOR N=35 D=33 K=8 d=32 block=32 finite=1 max_abs_error=0 mean_abs_error=0 relative_L2_error=0 gate=same_PH_UW_quantized_operand_operation_budget pass=1
ICPP_HEADS_SMOKE_BUDGET phase=avx_shared_NUMERATOR_VS_EMULATOR max_budget=0.00011867042929934328 max_error_over_budget=0 observed_master_error_used=0
ICPP_HEADS_SMOKE phase=avx_shared_OUTPUT_VS_EMULATOR N=35 D=33 K=8 d=32 block=32 finite=1 max_abs_error=0 mean_abs_error=0 relative_L2_error=0 gate=same_PH_UW_quantized_operand_operation_budget pass=1
ICPP_HEADS_SMOKE_BUDGET phase=avx_shared_OUTPUT_VS_EMULATOR max_budget=7.3864908819045746e-07 max_error_over_budget=0 observed_master_error_used=0
ICPP_HEADS_SMOKE phase=avx_shared_OUTPUT_VS_FP32_MASTER N=35 D=33 K=8 d=32 block=32 finite=1 max_abs_error=0.00029178650438916459 mean_abs_error=2.6353639316915312e-05 relative_L2_error=0.0026404628536051281 gate=master_absolute_.003_small_fixture_only pass=1
ICPP_HEADS_SMOKE_MASTER_STATUS abs_gate=0.0030000000000000001 abs_gate_pass=1 PH_Ublock_quantization_error_is_not_instruction_error=1 model_precision=UNVERIFIED
ICPP_HEADS_SMOKE phase=avx_shared_VS_STABLE_QUANTIZED_HW N=35 D=33 K=8 d=32 block=32 finite=1 max_abs_error=0.00013563444378689865 mean_abs_error=1.2072694367307856e-05 relative_L2_error=0.001258818398320349 gate=quantization_diagnostic_only pass=1
ICPP_HEADS_SMOKE_CASE_CONTROL_PASS label=FIXED_INDEPENDENT_LR backend=avx_shared PH_useful_FMA=722304 PH_physical_FMA=1050624 UW_physical_FMA=5242880 projection_calls=160 head_context_store_bytes=327680 head_context_reload_bytes=278528 all_eight_V_TMM_resident=0 master_precision_certification=0
ICPP_HEADS_SMOKE phase=FIXED_INDEPENDENT_LR_FP32_BLOCK_UW_VS_STABLE_FP64 N=35 D=33 K=8 d=32 block=32 finite=1 max_abs_error=3.5186183716673369e-08 mean_abs_error=2.5160314782413396e-09 relative_L2_error=2.7249381151391721e-07 gate=abs_1e-5_relative_L2_1e-5_before_AMX pass=1
ICPP_HEADS_SMOKE_EXACT phase=matched_SVML_vs_old_block.maximum pass=1
ICPP_HEADS_SMOKE_EXACT phase=matched_SVML_vs_old_block.denominator pass=1
ICPP_HEADS_SMOKE_EXACT phase=amx_hi_lo_old.maximum pass=1
ICPP_HEADS_SMOKE_EXACT phase=amx_hi_lo_old.denominator pass=1
ICPP_HEADS_SMOKE_EXACT phase=reference_vs_heads.maximum pass=1
ICPP_HEADS_SMOKE_EXACT phase=reference_vs_heads.denominator pass=1
ICPP_HEADS_SMOKE phase=amx_hi_lo_NUMERATOR_VS_EMULATOR N=35 D=33 K=8 d=32 block=32 finite=1 max_abs_error=0 mean_abs_error=0 relative_L2_error=0 gate=same_PH_UW_quantized_operand_operation_budget pass=1
ICPP_HEADS_SMOKE_BUDGET phase=amx_hi_lo_NUMERATOR_VS_EMULATOR max_budget=0.001800059327968215 max_error_over_budget=0 observed_master_error_used=0
ICPP_HEADS_SMOKE phase=amx_hi_lo_OUTPUT_VS_EMULATOR N=35 D=33 K=8 d=32 block=32 finite=1 max_abs_error=0 mean_abs_error=0 relative_L2_error=0 gate=same_PH_UW_quantized_operand_operation_budget pass=1
ICPP_HEADS_SMOKE_BUDGET phase=amx_hi_lo_OUTPUT_VS_EMULATOR max_budget=6.6120576079829453e-05 max_error_over_budget=0 observed_master_error_used=0
ICPP_HEADS_SMOKE phase=amx_hi_lo_OUTPUT_VS_FP32_MASTER N=35 D=33 K=8 d=32 block=32 finite=1 max_abs_error=0.00029178650438916459 mean_abs_error=2.6366056033993805e-05 relative_L2_error=0.0026410370983109719 gate=master_absolute_.003_small_fixture_only pass=1
ICPP_HEADS_SMOKE_MASTER_STATUS abs_gate=0.0030000000000000001 abs_gate_pass=1 PH_Ublock_quantization_error_is_not_instruction_error=1 model_precision=UNVERIFIED
ICPP_HEADS_SMOKE phase=amx_hi_lo_VS_STABLE_QUANTIZED_HW N=35 D=33 K=8 d=32 block=32 finite=1 max_abs_error=0.00013563444378689865 mean_abs_error=1.207293724877583e-05 relative_L2_error=0.001258659049126929 gate=quantization_diagnostic_only pass=1
ICPP_HEADS_SMOKE_CASE_CONTROL_PASS label=FIXED_INDEPENDENT_LR backend=amx_hi_lo PH_useful_FMA=722304 PH_physical_FMA=3440640 UW_physical_FMA=5242880 projection_calls=160 head_context_store_bytes=327680 head_context_reload_bytes=278528 all_eight_V_TMM_resident=0 master_precision_certification=0
ICPP_HEADS_SMOKE phase=FIXED_INDEPENDENT_LR_FP32_BLOCK_UW_VS_STABLE_FP64 N=17 D=100 K=8 d=32 block=16 finite=1 max_abs_error=4.8112317740933719e-08 mean_abs_error=3.9451556342288767e-09 relative_L2_error=3.8268701238250458e-07 gate=abs_1e-5_relative_L2_1e-5_before_AMX pass=1
ICPP_HEADS_SMOKE_EXACT phase=matched_SVML_vs_old_block.maximum pass=1
ICPP_HEADS_SMOKE_EXACT phase=matched_SVML_vs_old_block.denominator pass=1
ICPP_HEADS_SMOKE_EXACT phase=avx_shared_old.maximum pass=1
ICPP_HEADS_SMOKE_EXACT phase=avx_shared_old.denominator pass=1
ICPP_HEADS_SMOKE_EXACT phase=shared_AVX_vs_old_block.numerator pass=1
ICPP_HEADS_SMOKE_EXACT phase=reference_vs_heads.maximum pass=1
ICPP_HEADS_SMOKE_EXACT phase=reference_vs_heads.denominator pass=1
ICPP_HEADS_SMOKE phase=avx_shared_NUMERATOR_VS_EMULATOR N=17 D=100 K=8 d=32 block=16 finite=1 max_abs_error=0 mean_abs_error=0 relative_L2_error=0 gate=same_PH_UW_quantized_operand_operation_budget pass=1
ICPP_HEADS_SMOKE_BUDGET phase=avx_shared_NUMERATOR_VS_EMULATOR max_budget=0.00021682889981982558 max_error_over_budget=0 observed_master_error_used=0
ICPP_HEADS_SMOKE phase=avx_shared_OUTPUT_VS_EMULATOR N=17 D=100 K=8 d=32 block=16 finite=1 max_abs_error=0 mean_abs_error=0 relative_L2_error=0 gate=same_PH_UW_quantized_operand_operation_budget pass=1
ICPP_HEADS_SMOKE_BUDGET phase=avx_shared_OUTPUT_VS_EMULATOR max_budget=1.8828610158014648e-06 max_error_over_budget=0 observed_master_error_used=0
ICPP_HEADS_SMOKE phase=avx_shared_OUTPUT_VS_FP32_MASTER N=17 D=100 K=8 d=32 block=16 finite=1 max_abs_error=0.00030051291052628562 mean_abs_error=2.9122357899635899e-05 relative_L2_error=0.0026676536349424535 gate=master_absolute_.003_small_fixture_only pass=1
ICPP_HEADS_SMOKE_MASTER_STATUS abs_gate=0.0030000000000000001 abs_gate_pass=1 PH_Ublock_quantization_error_is_not_instruction_error=1 model_precision=UNVERIFIED
ICPP_HEADS_SMOKE phase=avx_shared_VS_STABLE_QUANTIZED_HW N=17 D=100 K=8 d=32 block=16 finite=1 max_abs_error=0.00014604925354958463 mean_abs_error=1.2476416302753906e-05 relative_L2_error=0.0011729737357371115 gate=quantization_diagnostic_only pass=1
ICPP_HEADS_SMOKE_CASE_CONTROL_PASS label=FIXED_INDEPENDENT_LR backend=avx_shared PH_useful_FMA=1081600 PH_physical_FMA=1211392 UW_physical_FMA=18350080 projection_calls=280 head_context_store_bytes=573440 head_context_reload_bytes=540672 all_eight_V_TMM_resident=0 master_precision_certification=0
ICPP_HEADS_SMOKE phase=FIXED_INDEPENDENT_LR_FP32_BLOCK_UW_VS_STABLE_FP64 N=17 D=100 K=8 d=32 block=16 finite=1 max_abs_error=4.8112317740933719e-08 mean_abs_error=3.9451556342288767e-09 relative_L2_error=3.8268701238250458e-07 gate=abs_1e-5_relative_L2_1e-5_before_AMX pass=1
ICPP_HEADS_SMOKE_EXACT phase=matched_SVML_vs_old_block.maximum pass=1
ICPP_HEADS_SMOKE_EXACT phase=matched_SVML_vs_old_block.denominator pass=1
ICPP_HEADS_SMOKE_EXACT phase=amx_hi_lo_old.maximum pass=1
ICPP_HEADS_SMOKE_EXACT phase=amx_hi_lo_old.denominator pass=1
ICPP_HEADS_SMOKE_EXACT phase=reference_vs_heads.maximum pass=1
ICPP_HEADS_SMOKE_EXACT phase=reference_vs_heads.denominator pass=1
ICPP_HEADS_SMOKE phase=amx_hi_lo_NUMERATOR_VS_EMULATOR N=17 D=100 K=8 d=32 block=16 finite=1 max_abs_error=0 mean_abs_error=0 relative_L2_error=0 gate=same_PH_UW_quantized_operand_operation_budget pass=1
ICPP_HEADS_SMOKE_BUDGET phase=amx_hi_lo_NUMERATOR_VS_EMULATOR max_budget=0.0014342771688176756 max_error_over_budget=0 observed_master_error_used=0
ICPP_HEADS_SMOKE phase=amx_hi_lo_OUTPUT_VS_EMULATOR N=17 D=100 K=8 d=32 block=16 finite=1 max_abs_error=0 mean_abs_error=0 relative_L2_error=0 gate=same_PH_UW_quantized_operand_operation_budget pass=1
ICPP_HEADS_SMOKE_BUDGET phase=amx_hi_lo_OUTPUT_VS_EMULATOR max_budget=2.7210310048410742e-05 max_error_over_budget=0 observed_master_error_used=0
ICPP_HEADS_SMOKE phase=amx_hi_lo_OUTPUT_VS_FP32_MASTER N=17 D=100 K=8 d=32 block=16 finite=1 max_abs_error=0.00030051291052628562 mean_abs_error=2.9136863782805316e-05 relative_L2_error=0.0026686652078571379 gate=master_absolute_.003_small_fixture_only pass=1
ICPP_HEADS_SMOKE_MASTER_STATUS abs_gate=0.0030000000000000001 abs_gate_pass=1 PH_Ublock_quantization_error_is_not_instruction_error=1 model_precision=UNVERIFIED
ICPP_HEADS_SMOKE phase=amx_hi_lo_VS_STABLE_QUANTIZED_HW N=17 D=100 K=8 d=32 block=16 finite=1 max_abs_error=0.00014604925354958463 mean_abs_error=1.2485815518513642e-05 relative_L2_error=0.0011750300101426793 gate=quantization_diagnostic_only pass=1
ICPP_HEADS_SMOKE_CASE_CONTROL_PASS label=FIXED_INDEPENDENT_LR backend=amx_hi_lo PH_useful_FMA=1081600 PH_physical_FMA=6160384 UW_physical_FMA=18350080 projection_calls=280 head_context_store_bytes=573440 head_context_reload_bytes=540672 all_eight_V_TMM_resident=0 master_precision_certification=0
ICPP_HEADS_SMOKE phase=FIXED_INDEPENDENT_LR_FP32_BLOCK_UW_VS_STABLE_FP64 N=17 D=100 K=8 d=32 block=32 finite=1 max_abs_error=5.9757305312380105e-08 mean_abs_error=3.7224418243741617e-09 relative_L2_error=3.5642293255491517e-07 gate=abs_1e-5_relative_L2_1e-5_before_AMX pass=1
ICPP_HEADS_SMOKE_EXACT phase=matched_SVML_vs_old_block.maximum pass=1
ICPP_HEADS_SMOKE_EXACT phase=matched_SVML_vs_old_block.denominator pass=1
ICPP_HEADS_SMOKE_EXACT phase=avx_shared_old.maximum pass=1
ICPP_HEADS_SMOKE_EXACT phase=avx_shared_old.denominator pass=1
ICPP_HEADS_SMOKE_EXACT phase=shared_AVX_vs_old_block.numerator pass=1
ICPP_HEADS_SMOKE_EXACT phase=reference_vs_heads.maximum pass=1
ICPP_HEADS_SMOKE_EXACT phase=reference_vs_heads.denominator pass=1
ICPP_HEADS_SMOKE phase=avx_shared_NUMERATOR_VS_EMULATOR N=17 D=100 K=8 d=32 block=32 finite=1 max_abs_error=0 mean_abs_error=0 relative_L2_error=0 gate=same_PH_UW_quantized_operand_operation_budget pass=1
ICPP_HEADS_SMOKE_BUDGET phase=avx_shared_NUMERATOR_VS_EMULATOR max_budget=0.00012211981155189233 max_error_over_budget=0 observed_master_error_used=0
ICPP_HEADS_SMOKE phase=avx_shared_OUTPUT_VS_EMULATOR N=17 D=100 K=8 d=32 block=32 finite=1 max_abs_error=0 mean_abs_error=0 relative_L2_error=0 gate=same_PH_UW_quantized_operand_operation_budget pass=1
ICPP_HEADS_SMOKE_BUDGET phase=avx_shared_OUTPUT_VS_EMULATOR max_budget=1.2520911070066599e-06 max_error_over_budget=0 observed_master_error_used=0
ICPP_HEADS_SMOKE phase=avx_shared_OUTPUT_VS_FP32_MASTER N=17 D=100 K=8 d=32 block=32 finite=1 max_abs_error=0.00030051291052628562 mean_abs_error=2.9935350131181695e-05 relative_L2_error=0.0027384478682769432 gate=master_absolute_.003_small_fixture_only pass=1
ICPP_HEADS_SMOKE_MASTER_STATUS abs_gate=0.0030000000000000001 abs_gate_pass=1 PH_Ublock_quantization_error_is_not_instruction_error=1 model_precision=UNVERIFIED
ICPP_HEADS_SMOKE phase=avx_shared_VS_STABLE_QUANTIZED_HW N=17 D=100 K=8 d=32 block=32 finite=1 max_abs_error=0.00014604925354958463 mean_abs_error=1.3053085332125364e-05 relative_L2_error=0.001221835282431359 gate=quantization_diagnostic_only pass=1
ICPP_HEADS_SMOKE_CASE_CONTROL_PASS label=FIXED_INDEPENDENT_LR backend=avx_shared PH_useful_FMA=1081600 PH_physical_FMA=1211392 UW_physical_FMA=9437184 projection_calls=144 head_context_store_bytes=294912 head_context_reload_bytes=262144 all_eight_V_TMM_resident=0 master_precision_certification=0
ICPP_HEADS_SMOKE phase=FIXED_INDEPENDENT_LR_FP32_BLOCK_UW_VS_STABLE_FP64 N=17 D=100 K=8 d=32 block=32 finite=1 max_abs_error=5.9757305312380105e-08 mean_abs_error=3.7224418243741617e-09 relative_L2_error=3.5642293255491517e-07 gate=abs_1e-5_relative_L2_1e-5_before_AMX pass=1
ICPP_HEADS_SMOKE_EXACT phase=matched_SVML_vs_old_block.maximum pass=1
ICPP_HEADS_SMOKE_EXACT phase=matched_SVML_vs_old_block.denominator pass=1
ICPP_HEADS_SMOKE_EXACT phase=amx_hi_lo_old.maximum pass=1
ICPP_HEADS_SMOKE_EXACT phase=amx_hi_lo_old.denominator pass=1
ICPP_HEADS_SMOKE_EXACT phase=reference_vs_heads.maximum pass=1
ICPP_HEADS_SMOKE_EXACT phase=reference_vs_heads.denominator pass=1
ICPP_HEADS_SMOKE phase=amx_hi_lo_NUMERATOR_VS_EMULATOR N=17 D=100 K=8 d=32 block=32 finite=1 max_abs_error=0 mean_abs_error=0 relative_L2_error=0 gate=same_PH_UW_quantized_operand_operation_budget pass=1
ICPP_HEADS_SMOKE_BUDGET phase=amx_hi_lo_NUMERATOR_VS_EMULATOR max_budget=0.00095143689253453082 max_error_over_budget=0 observed_master_error_used=0
ICPP_HEADS_SMOKE phase=amx_hi_lo_OUTPUT_VS_EMULATOR N=17 D=100 K=8 d=32 block=32 finite=1 max_abs_error=0 mean_abs_error=0 relative_L2_error=0 gate=same_PH_UW_quantized_operand_operation_budget pass=1
ICPP_HEADS_SMOKE_BUDGET phase=amx_hi_lo_OUTPUT_VS_EMULATOR max_budget=1.8470299171829726e-05 max_error_over_budget=0 observed_master_error_used=0
ICPP_HEADS_SMOKE phase=amx_hi_lo_OUTPUT_VS_FP32_MASTER N=17 D=100 K=8 d=32 block=32 finite=1 max_abs_error=0.00030051291052628562 mean_abs_error=2.9916078716784762e-05 relative_L2_error=0.0027384834532340474 gate=master_absolute_.003_small_fixture_only pass=1
ICPP_HEADS_SMOKE_MASTER_STATUS abs_gate=0.0030000000000000001 abs_gate_pass=1 PH_Ublock_quantization_error_is_not_instruction_error=1 model_precision=UNVERIFIED
ICPP_HEADS_SMOKE phase=amx_hi_lo_VS_STABLE_QUANTIZED_HW N=17 D=100 K=8 d=32 block=32 finite=1 max_abs_error=0.00014604925354958463 mean_abs_error=1.3056438674795816e-05 relative_L2_error=0.0012227244108675649 gate=quantization_diagnostic_only pass=1
ICPP_HEADS_SMOKE_CASE_CONTROL_PASS label=FIXED_INDEPENDENT_LR backend=amx_hi_lo PH_useful_FMA=1081600 PH_physical_FMA=3407872 UW_physical_FMA=9437184 projection_calls=144 head_context_store_bytes=294912 head_context_reload_bytes=262144 all_eight_V_TMM_resident=0 master_precision_certification=0
ICPP_HEADS_SMOKE phase=FIXED_INDEPENDENT_LR_FP32_BLOCK_UW_VS_STABLE_FP64 N=35 D=128 K=8 d=32 block=16 finite=1 max_abs_error=7.5939984058026599e-08 mean_abs_error=3.5196875451841854e-09 relative_L2_error=3.9836671724880046e-07 gate=abs_1e-5_relative_L2_1e-5_before_AMX pass=1
ICPP_HEADS_SMOKE_EXACT phase=matched_SVML_vs_old_block.maximum pass=1
ICPP_HEADS_SMOKE_EXACT phase=matched_SVML_vs_old_block.denominator pass=1
ICPP_HEADS_SMOKE_EXACT phase=avx_shared_old.maximum pass=1
ICPP_HEADS_SMOKE_EXACT phase=avx_shared_old.denominator pass=1
ICPP_HEADS_SMOKE_EXACT phase=shared_AVX_vs_old_block.numerator pass=1
ICPP_HEADS_SMOKE_EXACT phase=reference_vs_heads.maximum pass=1
ICPP_HEADS_SMOKE_EXACT phase=reference_vs_heads.denominator pass=1
ICPP_HEADS_SMOKE phase=avx_shared_NUMERATOR_VS_EMULATOR N=35 D=128 K=8 d=32 block=16 finite=1 max_abs_error=0 mean_abs_error=0 relative_L2_error=0 gate=same_PH_UW_quantized_operand_operation_budget pass=1
ICPP_HEADS_SMOKE_BUDGET phase=avx_shared_NUMERATOR_VS_EMULATOR max_budget=0.00065022926103209351 max_error_over_budget=0 observed_master_error_used=0
ICPP_HEADS_SMOKE phase=avx_shared_OUTPUT_VS_EMULATOR N=35 D=128 K=8 d=32 block=16 finite=1 max_abs_error=0 mean_abs_error=0 relative_L2_error=0 gate=same_PH_UW_quantized_operand_operation_budget pass=1
ICPP_HEADS_SMOKE_BUDGET phase=avx_shared_OUTPUT_VS_EMULATOR max_budget=3.3641431617817219e-06 max_error_over_budget=0 observed_master_error_used=0
ICPP_HEADS_SMOKE phase=avx_shared_OUTPUT_VS_FP32_MASTER N=35 D=128 K=8 d=32 block=16 finite=1 max_abs_error=0.00032385994729087347 mean_abs_error=2.7117680318285615e-05 relative_L2_error=0.002866332718073569 gate=master_absolute_.003_small_fixture_only pass=1
ICPP_HEADS_SMOKE_MASTER_STATUS abs_gate=0.0030000000000000001 abs_gate_pass=1 PH_Ublock_quantization_error_is_not_instruction_error=1 model_precision=UNVERIFIED
ICPP_HEADS_SMOKE phase=avx_shared_VS_STABLE_QUANTIZED_HW N=35 D=128 K=8 d=32 block=16 finite=1 max_abs_error=0.00016068814776289218 mean_abs_error=1.1775341443640433e-05 relative_L2_error=0.001286289082496405 gate=quantization_diagnostic_only pass=1
ICPP_HEADS_SMOKE_CASE_CONTROL_PASS label=FIXED_INDEPENDENT_LR backend=avx_shared PH_useful_FMA=2801664 PH_physical_FMA=2801664 UW_physical_FMA=19922944 projection_calls=304 head_context_store_bytes=622592 head_context_reload_bytes=573440 all_eight_V_TMM_resident=0 master_precision_certification=0
ICPP_HEADS_SMOKE phase=FIXED_INDEPENDENT_LR_FP32_BLOCK_UW_VS_STABLE_FP64 N=35 D=128 K=8 d=32 block=16 finite=1 max_abs_error=7.5939984058026599e-08 mean_abs_error=3.5196875451841854e-09 relative_L2_error=3.9836671724880046e-07 gate=abs_1e-5_relative_L2_1e-5_before_AMX pass=1
ICPP_HEADS_SMOKE_EXACT phase=matched_SVML_vs_old_block.maximum pass=1
ICPP_HEADS_SMOKE_EXACT phase=matched_SVML_vs_old_block.denominator pass=1
ICPP_HEADS_SMOKE_EXACT phase=amx_hi_lo_old.maximum pass=1
ICPP_HEADS_SMOKE_EXACT phase=amx_hi_lo_old.denominator pass=1
ICPP_HEADS_SMOKE_EXACT phase=reference_vs_heads.maximum pass=1
ICPP_HEADS_SMOKE_EXACT phase=reference_vs_heads.denominator pass=1
ICPP_HEADS_SMOKE phase=amx_hi_lo_NUMERATOR_VS_EMULATOR N=35 D=128 K=8 d=32 block=16 finite=1 max_abs_error=0 mean_abs_error=0 relative_L2_error=0 gate=same_PH_UW_quantized_operand_operation_budget pass=1
ICPP_HEADS_SMOKE_BUDGET phase=amx_hi_lo_NUMERATOR_VS_EMULATOR max_budget=0.001416075257437878 max_error_over_budget=0 observed_master_error_used=0
ICPP_HEADS_SMOKE phase=amx_hi_lo_OUTPUT_VS_EMULATOR N=35 D=128 K=8 d=32 block=16 finite=1 max_abs_error=0 mean_abs_error=0 relative_L2_error=0 gate=same_PH_UW_quantized_operand_operation_budget pass=1
ICPP_HEADS_SMOKE_BUDGET phase=amx_hi_lo_OUTPUT_VS_EMULATOR max_budget=2.608279977751481e-05 max_error_over_budget=0 observed_master_error_used=0
ICPP_HEADS_SMOKE phase=amx_hi_lo_OUTPUT_VS_FP32_MASTER N=35 D=128 K=8 d=32 block=16 finite=1 max_abs_error=0.00032385994729087347 mean_abs_error=2.714201889137077e-05 relative_L2_error=0.0028698511039090087 gate=master_absolute_.003_small_fixture_only pass=1
ICPP_HEADS_SMOKE_MASTER_STATUS abs_gate=0.0030000000000000001 abs_gate_pass=1 PH_Ublock_quantization_error_is_not_instruction_error=1 model_precision=UNVERIFIED
ICPP_HEADS_SMOKE phase=amx_hi_lo_VS_STABLE_QUANTIZED_HW N=35 D=128 K=8 d=32 block=16 finite=1 max_abs_error=0.00016075892827856295 mean_abs_error=1.1821454820415424e-05 relative_L2_error=0.001292721854351953 gate=quantization_diagnostic_only pass=1
ICPP_HEADS_SMOKE_CASE_CONTROL_PASS label=FIXED_INDEPENDENT_LR backend=amx_hi_lo PH_useful_FMA=2801664 PH_physical_FMA=12451840 UW_physical_FMA=19922944 projection_calls=304 head_context_store_bytes=622592 head_context_reload_bytes=573440 all_eight_V_TMM_resident=0 master_precision_certification=0
ICPP_HEADS_SMOKE phase=FIXED_INDEPENDENT_LR_FP32_BLOCK_UW_VS_STABLE_FP64 N=35 D=128 K=8 d=32 block=32 finite=1 max_abs_error=4.128018516597054e-08 mean_abs_error=3.2540788040898167e-09 relative_L2_error=3.6356818478679778e-07 gate=abs_1e-5_relative_L2_1e-5_before_AMX pass=1
ICPP_HEADS_SMOKE_EXACT phase=matched_SVML_vs_old_block.maximum pass=1
ICPP_HEADS_SMOKE_EXACT phase=matched_SVML_vs_old_block.denominator pass=1
ICPP_HEADS_SMOKE_EXACT phase=avx_shared_old.maximum pass=1
ICPP_HEADS_SMOKE_EXACT phase=avx_shared_old.denominator pass=1
ICPP_HEADS_SMOKE_EXACT phase=shared_AVX_vs_old_block.numerator pass=1
ICPP_HEADS_SMOKE_EXACT phase=reference_vs_heads.maximum pass=1
ICPP_HEADS_SMOKE_EXACT phase=reference_vs_heads.denominator pass=1
ICPP_HEADS_SMOKE phase=avx_shared_NUMERATOR_VS_EMULATOR N=35 D=128 K=8 d=32 block=32 finite=1 max_abs_error=0 mean_abs_error=0 relative_L2_error=0 gate=same_PH_UW_quantized_operand_operation_budget pass=1
ICPP_HEADS_SMOKE_BUDGET phase=avx_shared_NUMERATOR_VS_EMULATOR max_budget=0.00027810067693651545 max_error_over_budget=0 observed_master_error_used=0
ICPP_HEADS_SMOKE phase=avx_shared_OUTPUT_VS_EMULATOR N=35 D=128 K=8 d=32 block=32 finite=1 max_abs_error=0 mean_abs_error=0 relative_L2_error=0 gate=same_PH_UW_quantized_operand_operation_budget pass=1
ICPP_HEADS_SMOKE_BUDGET phase=avx_shared_OUTPUT_VS_EMULATOR max_budget=1.4388304320021974e-06 max_error_over_budget=0 observed_master_error_used=0
ICPP_HEADS_SMOKE phase=avx_shared_OUTPUT_VS_FP32_MASTER N=35 D=128 K=8 d=32 block=32 finite=1 max_abs_error=0.00032385994729087347 mean_abs_error=2.6847419835605343e-05 relative_L2_error=0.0028450904402187271 gate=master_absolute_.003_small_fixture_only pass=1
ICPP_HEADS_SMOKE_MASTER_STATUS abs_gate=0.0030000000000000001 abs_gate_pass=1 PH_Ublock_quantization_error_is_not_instruction_error=1 model_precision=UNVERIFIED
ICPP_HEADS_SMOKE phase=avx_shared_VS_STABLE_QUANTIZED_HW N=35 D=128 K=8 d=32 block=32 finite=1 max_abs_error=0.00016068814776289218 mean_abs_error=1.2305322165164869e-05 relative_L2_error=0.0013357184531981126 gate=quantization_diagnostic_only pass=1
ICPP_HEADS_SMOKE_CASE_CONTROL_PASS label=FIXED_INDEPENDENT_LR backend=avx_shared PH_useful_FMA=2801664 PH_physical_FMA=2801664 UW_physical_FMA=10485760 projection_calls=160 head_context_store_bytes=327680 head_context_reload_bytes=278528 all_eight_V_TMM_resident=0 master_precision_certification=0
ICPP_HEADS_SMOKE phase=FIXED_INDEPENDENT_LR_FP32_BLOCK_UW_VS_STABLE_FP64 N=35 D=128 K=8 d=32 block=32 finite=1 max_abs_error=4.128018516597054e-08 mean_abs_error=3.2540788040898167e-09 relative_L2_error=3.6356818478679778e-07 gate=abs_1e-5_relative_L2_1e-5_before_AMX pass=1
ICPP_HEADS_SMOKE_EXACT phase=matched_SVML_vs_old_block.maximum pass=1
ICPP_HEADS_SMOKE_EXACT phase=matched_SVML_vs_old_block.denominator pass=1
ICPP_HEADS_SMOKE_EXACT phase=amx_hi_lo_old.maximum pass=1
ICPP_HEADS_SMOKE_EXACT phase=amx_hi_lo_old.denominator pass=1
ICPP_HEADS_SMOKE_EXACT phase=reference_vs_heads.maximum pass=1
ICPP_HEADS_SMOKE_EXACT phase=reference_vs_heads.denominator pass=1
ICPP_HEADS_SMOKE phase=amx_hi_lo_NUMERATOR_VS_EMULATOR N=35 D=128 K=8 d=32 block=32 finite=1 max_abs_error=0 mean_abs_error=0 relative_L2_error=0 gate=same_PH_UW_quantized_operand_operation_budget pass=1
ICPP_HEADS_SMOKE_BUDGET phase=amx_hi_lo_NUMERATOR_VS_EMULATOR max_budget=0.0012713680450341189 max_error_over_budget=0 observed_master_error_used=0
ICPP_HEADS_SMOKE phase=amx_hi_lo_OUTPUT_VS_EMULATOR N=35 D=128 K=8 d=32 block=32 finite=1 max_abs_error=0 mean_abs_error=0 relative_L2_error=0 gate=same_PH_UW_quantized_operand_operation_budget pass=1
ICPP_HEADS_SMOKE_BUDGET phase=amx_hi_lo_OUTPUT_VS_EMULATOR max_budget=3.715509142970418e-05 max_error_over_budget=0 observed_master_error_used=0
ICPP_HEADS_SMOKE phase=amx_hi_lo_OUTPUT_VS_FP32_MASTER N=35 D=128 K=8 d=32 block=32 finite=1 max_abs_error=0.00032385994729087347 mean_abs_error=2.6844165014060371e-05 relative_L2_error=0.0028443762681297138 gate=master_absolute_.003_small_fixture_only pass=1
ICPP_HEADS_SMOKE_MASTER_STATUS abs_gate=0.0030000000000000001 abs_gate_pass=1 PH_Ublock_quantization_error_is_not_instruction_error=1 model_precision=UNVERIFIED
ICPP_HEADS_SMOKE phase=amx_hi_lo_VS_STABLE_QUANTIZED_HW N=35 D=128 K=8 d=32 block=32 finite=1 max_abs_error=0.00016075892827856295 mean_abs_error=1.2297442548076409e-05 relative_L2_error=0.0013347660460901994 gate=quantization_diagnostic_only pass=1
ICPP_HEADS_SMOKE_CASE_CONTROL_PASS label=FIXED_INDEPENDENT_LR backend=amx_hi_lo PH_useful_FMA=2801664 PH_physical_FMA=6881280 UW_physical_FMA=10485760 projection_calls=160 head_context_store_bytes=327680 head_context_reload_bytes=278528 all_eight_V_TMM_resident=0 master_precision_certification=0
ICPP_HEADS_SMOKE phase=FIXED_INDEPENDENT_LR_FP32_BLOCK_UW_VS_STABLE_FP64 N=17 D=256 K=8 d=32 block=16 finite=1 max_abs_error=7.9009165931953618e-08 mean_abs_error=5.4948835812263757e-09 relative_L2_error=5.4789309695043568e-07 gate=abs_1e-5_relative_L2_1e-5_before_AMX pass=1
ICPP_HEADS_SMOKE_EXACT phase=matched_SVML_vs_old_block.maximum pass=1
ICPP_HEADS_SMOKE_EXACT phase=matched_SVML_vs_old_block.denominator pass=1
ICPP_HEADS_SMOKE_EXACT phase=avx_shared_old.maximum pass=1
ICPP_HEADS_SMOKE_EXACT phase=avx_shared_old.denominator pass=1
ICPP_HEADS_SMOKE_EXACT phase=shared_AVX_vs_old_block.numerator pass=1
ICPP_HEADS_SMOKE_EXACT phase=reference_vs_heads.maximum pass=1
ICPP_HEADS_SMOKE_EXACT phase=reference_vs_heads.denominator pass=1
ICPP_HEADS_SMOKE phase=avx_shared_NUMERATOR_VS_EMULATOR N=17 D=256 K=8 d=32 block=16 finite=1 max_abs_error=0 mean_abs_error=0 relative_L2_error=0 gate=same_PH_UW_quantized_operand_operation_budget pass=1
ICPP_HEADS_SMOKE_BUDGET phase=avx_shared_NUMERATOR_VS_EMULATOR max_budget=0.0006317903055633123 max_error_over_budget=0 observed_master_error_used=0
ICPP_HEADS_SMOKE phase=avx_shared_OUTPUT_VS_EMULATOR N=17 D=256 K=8 d=32 block=16 finite=1 max_abs_error=0 mean_abs_error=0 relative_L2_error=0 gate=same_PH_UW_quantized_operand_operation_budget pass=1
ICPP_HEADS_SMOKE_BUDGET phase=avx_shared_OUTPUT_VS_EMULATOR max_budget=4.4627724163077192e-06 max_error_over_budget=0 observed_master_error_used=0
ICPP_HEADS_SMOKE phase=avx_shared_OUTPUT_VS_FP32_MASTER N=17 D=256 K=8 d=32 block=16 finite=1 max_abs_error=0.0003088260302047327 mean_abs_error=2.9221912788883188e-05 relative_L2_error=0.0027591468559102993 gate=master_absolute_.003_small_fixture_only pass=1
ICPP_HEADS_SMOKE_MASTER_STATUS abs_gate=0.0030000000000000001 abs_gate_pass=1 PH_Ublock_quantization_error_is_not_instruction_error=1 model_precision=UNVERIFIED
ICPP_HEADS_SMOKE phase=avx_shared_VS_STABLE_QUANTIZED_HW N=17 D=256 K=8 d=32 block=16 finite=1 max_abs_error=0.00015053117106853409 mean_abs_error=1.2485072163175822e-05 relative_L2_error=0.0012863185439393587 gate=quantization_diagnostic_only pass=1
ICPP_HEADS_SMOKE_CASE_CONTROL_PASS label=FIXED_INDEPENDENT_LR backend=avx_shared PH_useful_FMA=2768896 PH_physical_FMA=2768896 UW_physical_FMA=36700160 projection_calls=280 head_context_store_bytes=573440 head_context_reload_bytes=540672 all_eight_V_TMM_resident=0 master_precision_certification=0
ICPP_HEADS_SMOKE phase=FIXED_INDEPENDENT_LR_FP32_BLOCK_UW_VS_STABLE_FP64 N=17 D=256 K=8 d=32 block=16 finite=1 max_abs_error=7.9009165931953618e-08 mean_abs_error=5.4948835812263757e-09 relative_L2_error=5.4789309695043568e-07 gate=abs_1e-5_relative_L2_1e-5_before_AMX pass=1
ICPP_HEADS_SMOKE_EXACT phase=matched_SVML_vs_old_block.maximum pass=1
ICPP_HEADS_SMOKE_EXACT phase=matched_SVML_vs_old_block.denominator pass=1
ICPP_HEADS_SMOKE_EXACT phase=amx_hi_lo_old.maximum pass=1
ICPP_HEADS_SMOKE_EXACT phase=amx_hi_lo_old.denominator pass=1
ICPP_HEADS_SMOKE_EXACT phase=reference_vs_heads.maximum pass=1
ICPP_HEADS_SMOKE_EXACT phase=reference_vs_heads.denominator pass=1
ICPP_HEADS_SMOKE phase=amx_hi_lo_NUMERATOR_VS_EMULATOR N=17 D=256 K=8 d=32 block=16 finite=1 max_abs_error=0 mean_abs_error=0 relative_L2_error=0 gate=same_PH_UW_quantized_operand_operation_budget pass=1
ICPP_HEADS_SMOKE_BUDGET phase=amx_hi_lo_NUMERATOR_VS_EMULATOR max_budget=0.0015443446580387207 max_error_over_budget=0 observed_master_error_used=0
ICPP_HEADS_SMOKE phase=amx_hi_lo_OUTPUT_VS_EMULATOR N=17 D=256 K=8 d=32 block=16 finite=1 max_abs_error=0 mean_abs_error=0 relative_L2_error=0 gate=same_PH_UW_quantized_operand_operation_budget pass=1
ICPP_HEADS_SMOKE_BUDGET phase=amx_hi_lo_OUTPUT_VS_EMULATOR max_budget=2.4911947715053027e-05 max_error_over_budget=0 observed_master_error_used=0
ICPP_HEADS_SMOKE phase=amx_hi_lo_OUTPUT_VS_FP32_MASTER N=17 D=256 K=8 d=32 block=16 finite=1 max_abs_error=0.0003088260302047327 mean_abs_error=2.921315364536345e-05 relative_L2_error=0.0027587155836120898 gate=master_absolute_.003_small_fixture_only pass=1
ICPP_HEADS_SMOKE_MASTER_STATUS abs_gate=0.0030000000000000001 abs_gate_pass=1 PH_Ublock_quantization_error_is_not_instruction_error=1 model_precision=UNVERIFIED
ICPP_HEADS_SMOKE phase=amx_hi_lo_VS_STABLE_QUANTIZED_HW N=17 D=256 K=8 d=32 block=16 finite=1 max_abs_error=0.00015053117106853409 mean_abs_error=1.2470763230913948e-05 relative_L2_error=0.0012860401404724993 gate=quantization_diagnostic_only pass=1
ICPP_HEADS_SMOKE_CASE_CONTROL_PASS label=FIXED_INDEPENDENT_LR backend=amx_hi_lo PH_useful_FMA=2768896 PH_physical_FMA=12320768 UW_physical_FMA=36700160 projection_calls=280 head_context_store_bytes=573440 head_context_reload_bytes=540672 all_eight_V_TMM_resident=0 master_precision_certification=0
ICPP_HEADS_SMOKE phase=FIXED_INDEPENDENT_LR_FP32_BLOCK_UW_VS_STABLE_FP64 N=17 D=256 K=8 d=32 block=32 finite=1 max_abs_error=7.0578917647778905e-08 mean_abs_error=4.839371987544583e-09 relative_L2_error=4.879464516944719e-07 gate=abs_1e-5_relative_L2_1e-5_before_AMX pass=1
ICPP_HEADS_SMOKE_EXACT phase=matched_SVML_vs_old_block.maximum pass=1
ICPP_HEADS_SMOKE_EXACT phase=matched_SVML_vs_old_block.denominator pass=1
ICPP_HEADS_SMOKE_EXACT phase=avx_shared_old.maximum pass=1
ICPP_HEADS_SMOKE_EXACT phase=avx_shared_old.denominator pass=1
ICPP_HEADS_SMOKE_EXACT phase=shared_AVX_vs_old_block.numerator pass=1
ICPP_HEADS_SMOKE_EXACT phase=reference_vs_heads.maximum pass=1
ICPP_HEADS_SMOKE_EXACT phase=reference_vs_heads.denominator pass=1
ICPP_HEADS_SMOKE phase=avx_shared_NUMERATOR_VS_EMULATOR N=17 D=256 K=8 d=32 block=32 finite=1 max_abs_error=0 mean_abs_error=0 relative_L2_error=0 gate=same_PH_UW_quantized_operand_operation_budget pass=1
ICPP_HEADS_SMOKE_BUDGET phase=avx_shared_NUMERATOR_VS_EMULATOR max_budget=0.00031239915144227304 max_error_over_budget=0 observed_master_error_used=0
ICPP_HEADS_SMOKE phase=avx_shared_OUTPUT_VS_EMULATOR N=17 D=256 K=8 d=32 block=32 finite=1 max_abs_error=0 mean_abs_error=0 relative_L2_error=0 gate=same_PH_UW_quantized_operand_operation_budget pass=1
ICPP_HEADS_SMOKE_BUDGET phase=avx_shared_OUTPUT_VS_EMULATOR max_budget=2.0504325684485487e-06 max_error_over_budget=0 observed_master_error_used=0
ICPP_HEADS_SMOKE phase=avx_shared_OUTPUT_VS_FP32_MASTER N=17 D=256 K=8 d=32 block=32 finite=1 max_abs_error=0.0003088260302047327 mean_abs_error=2.9035086075291293e-05 relative_L2_error=0.0027301921836707542 gate=master_absolute_.003_small_fixture_only pass=1
ICPP_HEADS_SMOKE_MASTER_STATUS abs_gate=0.0030000000000000001 abs_gate_pass=1 PH_Ublock_quantization_error_is_not_instruction_error=1 model_precision=UNVERIFIED
ICPP_HEADS_SMOKE phase=avx_shared_VS_STABLE_QUANTIZED_HW N=17 D=256 K=8 d=32 block=32 finite=1 max_abs_error=0.00015053117106853409 mean_abs_error=1.2595326032288044e-05 relative_L2_error=0.0012567121657759523 gate=quantization_diagnostic_only pass=1
ICPP_HEADS_SMOKE_EXACT phase=avx_shared_profile_0_counters_0.numerator pass=1
ICPP_HEADS_SMOKE_EXACT phase=avx_shared_profile_0_counters_0.denominator pass=1
ICPP_HEADS_SMOKE_EXACT phase=avx_shared_profile_0_counters_0.maximum pass=1
ICPP_HEADS_SMOKE_EXACT phase=avx_shared_profile_0_counters_0.normalized pass=1
ICPP_HEADS_SMOKE_EXACT phase=avx_shared_profile_0_counters_1.numerator pass=1
ICPP_HEADS_SMOKE_EXACT phase=avx_shared_profile_0_counters_1.denominator pass=1
ICPP_HEADS_SMOKE_EXACT phase=avx_shared_profile_0_counters_1.maximum pass=1
ICPP_HEADS_SMOKE_EXACT phase=avx_shared_profile_0_counters_1.normalized pass=1
ICPP_HEADS_SMOKE_EXACT phase=avx_shared_profile_1_counters_0.numerator pass=1
ICPP_HEADS_SMOKE_EXACT phase=avx_shared_profile_1_counters_0.denominator pass=1
ICPP_HEADS_SMOKE_EXACT phase=avx_shared_profile_1_counters_0.maximum pass=1
ICPP_HEADS_SMOKE_EXACT phase=avx_shared_profile_1_counters_0.normalized pass=1
ICPP_HEADS_SMOKE_EXACT phase=avx_shared_profile_1_counters_1.numerator pass=1
ICPP_HEADS_SMOKE_EXACT phase=avx_shared_profile_1_counters_1.denominator pass=1
ICPP_HEADS_SMOKE_EXACT phase=avx_shared_profile_1_counters_1.maximum pass=1
ICPP_HEADS_SMOKE_EXACT phase=avx_shared_profile_1_counters_1.normalized pass=1
ICPP_HEADS_SMOKE_CASE_CONTROL_PASS label=FIXED_INDEPENDENT_LR backend=avx_shared PH_useful_FMA=2768896 PH_physical_FMA=2768896 UW_physical_FMA=18874368 projection_calls=144 head_context_store_bytes=294912 head_context_reload_bytes=262144 all_eight_V_TMM_resident=0 master_precision_certification=0
ICPP_HEADS_SMOKE phase=FIXED_INDEPENDENT_LR_FP32_BLOCK_UW_VS_STABLE_FP64 N=17 D=256 K=8 d=32 block=32 finite=1 max_abs_error=7.0578917647778905e-08 mean_abs_error=4.839371987544583e-09 relative_L2_error=4.879464516944719e-07 gate=abs_1e-5_relative_L2_1e-5_before_AMX pass=1
ICPP_HEADS_SMOKE_EXACT phase=matched_SVML_vs_old_block.maximum pass=1
ICPP_HEADS_SMOKE_EXACT phase=matched_SVML_vs_old_block.denominator pass=1
ICPP_HEADS_SMOKE_EXACT phase=amx_hi_lo_old.maximum pass=1
ICPP_HEADS_SMOKE_EXACT phase=amx_hi_lo_old.denominator pass=1
ICPP_HEADS_SMOKE_EXACT phase=reference_vs_heads.maximum pass=1
ICPP_HEADS_SMOKE_EXACT phase=reference_vs_heads.denominator pass=1
ICPP_HEADS_SMOKE phase=amx_hi_lo_NUMERATOR_VS_EMULATOR N=17 D=256 K=8 d=32 block=32 finite=1 max_abs_error=0 mean_abs_error=0 relative_L2_error=0 gate=same_PH_UW_quantized_operand_operation_budget pass=1
ICPP_HEADS_SMOKE_BUDGET phase=amx_hi_lo_NUMERATOR_VS_EMULATOR max_budget=0.0021757614783874664 max_error_over_budget=0 observed_master_error_used=0
ICPP_HEADS_SMOKE phase=amx_hi_lo_OUTPUT_VS_EMULATOR N=17 D=256 K=8 d=32 block=32 finite=1 max_abs_error=0 mean_abs_error=0 relative_L2_error=0 gate=same_PH_UW_quantized_operand_operation_budget pass=1
ICPP_HEADS_SMOKE_BUDGET phase=amx_hi_lo_OUTPUT_VS_EMULATOR max_budget=2.4911947715053027e-05 max_error_over_budget=0 observed_master_error_used=0
ICPP_HEADS_SMOKE phase=amx_hi_lo_OUTPUT_VS_FP32_MASTER N=17 D=256 K=8 d=32 block=32 finite=1 max_abs_error=0.0003088260302047327 mean_abs_error=2.9011690557925164e-05 relative_L2_error=0.0027298636682583886 gate=master_absolute_.003_small_fixture_only pass=1
ICPP_HEADS_SMOKE_MASTER_STATUS abs_gate=0.0030000000000000001 abs_gate_pass=1 PH_Ublock_quantization_error_is_not_instruction_error=1 model_precision=UNVERIFIED
ICPP_HEADS_SMOKE phase=amx_hi_lo_VS_STABLE_QUANTIZED_HW N=17 D=256 K=8 d=32 block=32 finite=1 max_abs_error=0.00015053117106853409 mean_abs_error=1.2602488558486455e-05 relative_L2_error=0.0012567283314036015 gate=quantization_diagnostic_only pass=1
ICPP_HEADS_SMOKE_EXACT phase=amx_hi_lo_profile_0_counters_0.numerator pass=1
ICPP_HEADS_SMOKE_EXACT phase=amx_hi_lo_profile_0_counters_0.denominator pass=1
ICPP_HEADS_SMOKE_EXACT phase=amx_hi_lo_profile_0_counters_0.maximum pass=1
ICPP_HEADS_SMOKE_EXACT phase=amx_hi_lo_profile_0_counters_0.normalized pass=1
ICPP_HEADS_SMOKE_EXACT phase=amx_hi_lo_profile_0_counters_1.numerator pass=1
ICPP_HEADS_SMOKE_EXACT phase=amx_hi_lo_profile_0_counters_1.denominator pass=1
ICPP_HEADS_SMOKE_EXACT phase=amx_hi_lo_profile_0_counters_1.maximum pass=1
ICPP_HEADS_SMOKE_EXACT phase=amx_hi_lo_profile_0_counters_1.normalized pass=1
ICPP_HEADS_SMOKE_EXACT phase=amx_hi_lo_profile_1_counters_0.numerator pass=1
ICPP_HEADS_SMOKE_EXACT phase=amx_hi_lo_profile_1_counters_0.denominator pass=1
ICPP_HEADS_SMOKE_EXACT phase=amx_hi_lo_profile_1_counters_0.maximum pass=1
ICPP_HEADS_SMOKE_EXACT phase=amx_hi_lo_profile_1_counters_0.normalized pass=1
ICPP_HEADS_SMOKE_EXACT phase=amx_hi_lo_profile_1_counters_1.numerator pass=1
ICPP_HEADS_SMOKE_EXACT phase=amx_hi_lo_profile_1_counters_1.denominator pass=1
ICPP_HEADS_SMOKE_EXACT phase=amx_hi_lo_profile_1_counters_1.maximum pass=1
ICPP_HEADS_SMOKE_EXACT phase=amx_hi_lo_profile_1_counters_1.normalized pass=1
ICPP_HEADS_SMOKE_CASE_CONTROL_PASS label=FIXED_INDEPENDENT_LR backend=amx_hi_lo PH_useful_FMA=2768896 PH_physical_FMA=6815744 UW_physical_FMA=18874368 projection_calls=144 head_context_store_bytes=294912 head_context_reload_bytes=262144 all_eight_V_TMM_resident=0 master_precision_certification=0
ICPP_HEADS_SMOKE phase=FIXED_INDEPENDENT_LR_FP32_BLOCK_UW_VS_STABLE_FP64 N=35 D=256 K=8 d=32 block=16 finite=1 max_abs_error=1.096883739670762e-07 mean_abs_error=5.4275926812438433e-09 relative_L2_error=5.4359863573400825e-07 gate=abs_1e-5_relative_L2_1e-5_before_AMX pass=1
ICPP_HEADS_SMOKE_EXACT phase=matched_SVML_vs_old_block.maximum pass=1
ICPP_HEADS_SMOKE_EXACT phase=matched_SVML_vs_old_block.denominator pass=1
ICPP_HEADS_SMOKE_EXACT phase=avx_shared_old.maximum pass=1
ICPP_HEADS_SMOKE_EXACT phase=avx_shared_old.denominator pass=1
ICPP_HEADS_SMOKE_EXACT phase=shared_AVX_vs_old_block.numerator pass=1
ICPP_HEADS_SMOKE_EXACT phase=reference_vs_heads.maximum pass=1
ICPP_HEADS_SMOKE_EXACT phase=reference_vs_heads.denominator pass=1
ICPP_HEADS_SMOKE phase=avx_shared_NUMERATOR_VS_EMULATOR N=35 D=256 K=8 d=32 block=16 finite=1 max_abs_error=0 mean_abs_error=0 relative_L2_error=0 gate=same_PH_UW_quantized_operand_operation_budget pass=1
ICPP_HEADS_SMOKE_BUDGET phase=avx_shared_NUMERATOR_VS_EMULATOR max_budget=0.0015118149664773506 max_error_over_budget=0 observed_master_error_used=0
ICPP_HEADS_SMOKE phase=avx_shared_OUTPUT_VS_EMULATOR N=35 D=256 K=8 d=32 block=16 finite=1 max_abs_error=0 mean_abs_error=0 relative_L2_error=0 gate=same_PH_UW_quantized_operand_operation_budget pass=1
ICPP_HEADS_SMOKE_BUDGET phase=avx_shared_OUTPUT_VS_EMULATOR max_budget=7.8641624218555939e-06 max_error_over_budget=0 observed_master_error_used=0
ICPP_HEADS_SMOKE phase=avx_shared_OUTPUT_VS_FP32_MASTER N=35 D=256 K=8 d=32 block=16 finite=1 max_abs_error=0.00028001604139087782 mean_abs_error=2.879913954637141e-05 relative_L2_error=0.0026664472295551064 gate=master_absolute_.003_small_fixture_only pass=1
ICPP_HEADS_SMOKE_MASTER_STATUS abs_gate=0.0030000000000000001 abs_gate_pass=1 PH_Ublock_quantization_error_is_not_instruction_error=1 model_precision=UNVERIFIED
ICPP_HEADS_SMOKE phase=avx_shared_VS_STABLE_QUANTIZED_HW N=35 D=256 K=8 d=32 block=16 finite=1 max_abs_error=0.00011328139383753053 mean_abs_error=1.2241180219979082e-05 relative_L2_error=0.0011848606034687808 gate=quantization_diagnostic_only pass=1
ICPP_HEADS_SMOKE_CASE_CONTROL_PASS label=FIXED_INDEPENDENT_LR backend=avx_shared PH_useful_FMA=5603328 PH_physical_FMA=5603328 UW_physical_FMA=39845888 projection_calls=304 head_context_store_bytes=622592 head_context_reload_bytes=573440 all_eight_V_TMM_resident=0 master_precision_certification=0
ICPP_HEADS_SMOKE phase=FIXED_INDEPENDENT_LR_FP32_BLOCK_UW_VS_STABLE_FP64 N=35 D=256 K=8 d=32 block=16 finite=1 max_abs_error=1.096883739670762e-07 mean_abs_error=5.4275926812438433e-09 relative_L2_error=5.4359863573400825e-07 gate=abs_1e-5_relative_L2_1e-5_before_AMX pass=1
ICPP_HEADS_SMOKE_EXACT phase=matched_SVML_vs_old_block.maximum pass=1
ICPP_HEADS_SMOKE_EXACT phase=matched_SVML_vs_old_block.denominator pass=1
ICPP_HEADS_SMOKE_EXACT phase=amx_hi_lo_old.maximum pass=1
ICPP_HEADS_SMOKE_EXACT phase=amx_hi_lo_old.denominator pass=1
ICPP_HEADS_SMOKE_EXACT phase=reference_vs_heads.maximum pass=1
ICPP_HEADS_SMOKE_EXACT phase=reference_vs_heads.denominator pass=1
ICPP_HEADS_SMOKE phase=amx_hi_lo_NUMERATOR_VS_EMULATOR N=35 D=256 K=8 d=32 block=16 finite=1 max_abs_error=0 mean_abs_error=0 relative_L2_error=0 gate=same_PH_UW_quantized_operand_operation_budget pass=1
ICPP_HEADS_SMOKE_BUDGET phase=amx_hi_lo_NUMERATOR_VS_EMULATOR max_budget=0.0027936360135094166 max_error_over_budget=0 observed_master_error_used=0
ICPP_HEADS_SMOKE phase=amx_hi_lo_OUTPUT_VS_EMULATOR N=35 D=256 K=8 d=32 block=16 finite=1 max_abs_error=0 mean_abs_error=0 relative_L2_error=0 gate=same_PH_UW_quantized_operand_operation_budget pass=1
ICPP_HEADS_SMOKE_BUDGET phase=amx_hi_lo_OUTPUT_VS_EMULATOR max_budget=1.9711509903287614e-05 max_error_over_budget=0 observed_master_error_used=0
ICPP_HEADS_SMOKE phase=amx_hi_lo_OUTPUT_VS_FP32_MASTER N=35 D=256 K=8 d=32 block=16 finite=1 max_abs_error=0.00028001604139087782 mean_abs_error=2.8798881482283634e-05 relative_L2_error=0.0026667163959769634 gate=master_absolute_.003_small_fixture_only pass=1
ICPP_HEADS_SMOKE_MASTER_STATUS abs_gate=0.0030000000000000001 abs_gate_pass=1 PH_Ublock_quantization_error_is_not_instruction_error=1 model_precision=UNVERIFIED
ICPP_HEADS_SMOKE phase=amx_hi_lo_VS_STABLE_QUANTIZED_HW N=35 D=256 K=8 d=32 block=16 finite=1 max_abs_error=0.00011328139383753053 mean_abs_error=1.224211282804717e-05 relative_L2_error=0.0011850968423477461 gate=quantization_diagnostic_only pass=1
ICPP_HEADS_SMOKE_CASE_CONTROL_PASS label=FIXED_INDEPENDENT_LR backend=amx_hi_lo PH_useful_FMA=5603328 PH_physical_FMA=24903680 UW_physical_FMA=39845888 projection_calls=304 head_context_store_bytes=622592 head_context_reload_bytes=573440 all_eight_V_TMM_resident=0 master_precision_certification=0
ICPP_HEADS_SMOKE phase=FIXED_INDEPENDENT_LR_FP32_BLOCK_UW_VS_STABLE_FP64 N=35 D=256 K=8 d=32 block=32 finite=1 max_abs_error=9.4787212773228546e-08 mean_abs_error=4.719959205321097e-09 relative_L2_error=4.68877842646388e-07 gate=abs_1e-5_relative_L2_1e-5_before_AMX pass=1
ICPP_HEADS_SMOKE_EXACT phase=matched_SVML_vs_old_block.maximum pass=1
ICPP_HEADS_SMOKE_EXACT phase=matched_SVML_vs_old_block.denominator pass=1
ICPP_HEADS_SMOKE_EXACT phase=avx_shared_old.maximum pass=1
ICPP_HEADS_SMOKE_EXACT phase=avx_shared_old.denominator pass=1
ICPP_HEADS_SMOKE_EXACT phase=shared_AVX_vs_old_block.numerator pass=1
ICPP_HEADS_SMOKE_EXACT phase=reference_vs_heads.maximum pass=1
ICPP_HEADS_SMOKE_EXACT phase=reference_vs_heads.denominator pass=1
ICPP_HEADS_SMOKE phase=avx_shared_NUMERATOR_VS_EMULATOR N=35 D=256 K=8 d=32 block=32 finite=1 max_abs_error=0 mean_abs_error=0 relative_L2_error=0 gate=same_PH_UW_quantized_operand_operation_budget pass=1
ICPP_HEADS_SMOKE_BUDGET phase=avx_shared_NUMERATOR_VS_EMULATOR max_budget=0.0006038445570525989 max_error_over_budget=0 observed_master_error_used=0
ICPP_HEADS_SMOKE phase=avx_shared_OUTPUT_VS_EMULATOR N=35 D=256 K=8 d=32 block=32 finite=1 max_abs_error=0 mean_abs_error=0 relative_L2_error=0 gate=same_PH_UW_quantized_operand_operation_budget pass=1
ICPP_HEADS_SMOKE_BUDGET phase=avx_shared_OUTPUT_VS_EMULATOR max_budget=3.1704000410031465e-06 max_error_over_budget=0 observed_master_error_used=0
ICPP_HEADS_SMOKE phase=avx_shared_OUTPUT_VS_FP32_MASTER N=35 D=256 K=8 d=32 block=32 finite=1 max_abs_error=0.00028001604139087782 mean_abs_error=2.9042810448827543e-05 relative_L2_error=0.002681392831743012 gate=master_absolute_.003_small_fixture_only pass=1
ICPP_HEADS_SMOKE_MASTER_STATUS abs_gate=0.0030000000000000001 abs_gate_pass=1 PH_Ublock_quantization_error_is_not_instruction_error=1 model_precision=UNVERIFIED
ICPP_HEADS_SMOKE phase=avx_shared_VS_STABLE_QUANTIZED_HW N=35 D=256 K=8 d=32 block=32 finite=1 max_abs_error=0.00011328139383753053 mean_abs_error=1.2530882323351358e-05 relative_L2_error=0.0011974030918935809 gate=quantization_diagnostic_only pass=1
ICPP_HEADS_SMOKE_CASE_CONTROL_PASS label=FIXED_INDEPENDENT_LR backend=avx_shared PH_useful_FMA=5603328 PH_physical_FMA=5603328 UW_physical_FMA=20971520 projection_calls=160 head_context_store_bytes=327680 head_context_reload_bytes=278528 all_eight_V_TMM_resident=0 master_precision_certification=0
ICPP_HEADS_SMOKE phase=FIXED_INDEPENDENT_LR_FP32_BLOCK_UW_VS_STABLE_FP64 N=35 D=256 K=8 d=32 block=32 finite=1 max_abs_error=9.4787212773228546e-08 mean_abs_error=4.719959205321097e-09 relative_L2_error=4.68877842646388e-07 gate=abs_1e-5_relative_L2_1e-5_before_AMX pass=1
ICPP_HEADS_SMOKE_EXACT phase=matched_SVML_vs_old_block.maximum pass=1
ICPP_HEADS_SMOKE_EXACT phase=matched_SVML_vs_old_block.denominator pass=1
ICPP_HEADS_SMOKE_EXACT phase=amx_hi_lo_old.maximum pass=1
ICPP_HEADS_SMOKE_EXACT phase=amx_hi_lo_old.denominator pass=1
ICPP_HEADS_SMOKE_EXACT phase=reference_vs_heads.maximum pass=1
ICPP_HEADS_SMOKE_EXACT phase=reference_vs_heads.denominator pass=1
ICPP_HEADS_SMOKE phase=amx_hi_lo_NUMERATOR_VS_EMULATOR N=35 D=256 K=8 d=32 block=32 finite=1 max_abs_error=0 mean_abs_error=0 relative_L2_error=0 gate=same_PH_UW_quantized_operand_operation_budget pass=1
ICPP_HEADS_SMOKE_BUDGET phase=amx_hi_lo_NUMERATOR_VS_EMULATOR max_budget=0.0018423534415379251 max_error_over_budget=0 observed_master_error_used=0
ICPP_HEADS_SMOKE phase=amx_hi_lo_OUTPUT_VS_EMULATOR N=35 D=256 K=8 d=32 block=32 finite=1 max_abs_error=0 mean_abs_error=0 relative_L2_error=0 gate=same_PH_UW_quantized_operand_operation_budget pass=1
ICPP_HEADS_SMOKE_BUDGET phase=amx_hi_lo_OUTPUT_VS_EMULATOR max_budget=2.3875993369625738e-05 max_error_over_budget=0 observed_master_error_used=0
ICPP_HEADS_SMOKE phase=amx_hi_lo_OUTPUT_VS_FP32_MASTER N=35 D=256 K=8 d=32 block=32 finite=1 max_abs_error=0.00028001604139087782 mean_abs_error=2.9046791496722231e-05 relative_L2_error=0.0026814498338162702 gate=master_absolute_.003_small_fixture_only pass=1
ICPP_HEADS_SMOKE_MASTER_STATUS abs_gate=0.0030000000000000001 abs_gate_pass=1 PH_Ublock_quantization_error_is_not_instruction_error=1 model_precision=UNVERIFIED
ICPP_HEADS_SMOKE phase=amx_hi_lo_VS_STABLE_QUANTIZED_HW N=35 D=256 K=8 d=32 block=32 finite=1 max_abs_error=0.00011328139383753053 mean_abs_error=1.2530840060597494e-05 relative_L2_error=0.001197249458294108 gate=quantization_diagnostic_only pass=1
ICPP_HEADS_SMOKE_CASE_CONTROL_PASS label=FIXED_INDEPENDENT_LR backend=amx_hi_lo PH_useful_FMA=5603328 PH_physical_FMA=13762560 UW_physical_FMA=20971520 projection_calls=160 head_context_store_bytes=327680 head_context_reload_bytes=278528 all_eight_V_TMM_resident=0 master_precision_certification=0
ICPP_HEADS_SMOKE phase=ALL_EQUAL_SCORES_FP32_BLOCK_UW_VS_STABLE_FP64 N=35 D=100 K=8 d=32 block=16 finite=1 max_abs_error=4.5117140551331758e-08 mean_abs_error=3.143555843164022e-09 relative_L2_error=3.2854947858908624e-07 gate=abs_1e-5_relative_L2_1e-5_before_AMX pass=1
ICPP_HEADS_SMOKE_EXACT phase=matched_SVML_vs_old_block.maximum pass=1
ICPP_HEADS_SMOKE_EXACT phase=matched_SVML_vs_old_block.denominator pass=1
ICPP_HEADS_SMOKE_EXACT phase=avx_shared_old.maximum pass=1
ICPP_HEADS_SMOKE_EXACT phase=avx_shared_old.denominator pass=1
ICPP_HEADS_SMOKE_EXACT phase=shared_AVX_vs_old_block.numerator pass=1
ICPP_HEADS_SMOKE_EXACT phase=reference_vs_heads.maximum pass=1
ICPP_HEADS_SMOKE_EXACT phase=reference_vs_heads.denominator pass=1
ICPP_HEADS_SMOKE phase=avx_shared_NUMERATOR_VS_EMULATOR N=35 D=100 K=8 d=32 block=16 finite=1 max_abs_error=0 mean_abs_error=0 relative_L2_error=0 gate=same_PH_UW_quantized_operand_operation_budget pass=1
ICPP_HEADS_SMOKE_BUDGET phase=avx_shared_NUMERATOR_VS_EMULATOR max_budget=0.00073959593554393313 max_error_over_budget=0 observed_master_error_used=0
ICPP_HEADS_SMOKE phase=avx_shared_OUTPUT_VS_EMULATOR N=35 D=100 K=8 d=32 block=16 finite=1 max_abs_error=0 mean_abs_error=0 relative_L2_error=0 gate=same_PH_UW_quantized_operand_operation_budget pass=1
ICPP_HEADS_SMOKE_BUDGET phase=avx_shared_OUTPUT_VS_EMULATOR max_budget=2.7091426317631621e-06 max_error_over_budget=0 observed_master_error_used=0
ICPP_HEADS_SMOKE phase=avx_shared_OUTPUT_VS_FP32_MASTER N=35 D=100 K=8 d=32 block=16 finite=1 max_abs_error=0.00030759823125921237 mean_abs_error=2.7717305766762813e-05 relative_L2_error=0.0027481139335859875 gate=master_absolute_.003_small_fixture_only pass=1
ICPP_HEADS_SMOKE_MASTER_STATUS abs_gate=0.0030000000000000001 abs_gate_pass=1 PH_Ublock_quantization_error_is_not_instruction_error=1 model_precision=UNVERIFIED
ICPP_HEADS_SMOKE phase=avx_shared_VS_STABLE_QUANTIZED_HW N=35 D=100 K=8 d=32 block=16 finite=1 max_abs_error=0.00013986242314179692 mean_abs_error=1.353824359179525e-05 relative_L2_error=0.0013808681872396558 gate=quantization_diagnostic_only pass=1
ICPP_HEADS_SMOKE_CASE_CONTROL_PASS label=ALL_EQUAL_SCORES backend=avx_shared PH_useful_FMA=2188800 PH_physical_FMA=2451456 UW_physical_FMA=19922944 projection_calls=304 head_context_store_bytes=622592 head_context_reload_bytes=573440 all_eight_V_TMM_resident=0 master_precision_certification=0
ICPP_HEADS_SMOKE phase=ALL_EQUAL_SCORES_FP32_BLOCK_UW_VS_STABLE_FP64 N=35 D=100 K=8 d=32 block=16 finite=1 max_abs_error=4.5117140551331758e-08 mean_abs_error=3.143555843164022e-09 relative_L2_error=3.2854947858908624e-07 gate=abs_1e-5_relative_L2_1e-5_before_AMX pass=1
ICPP_HEADS_SMOKE_EXACT phase=matched_SVML_vs_old_block.maximum pass=1
ICPP_HEADS_SMOKE_EXACT phase=matched_SVML_vs_old_block.denominator pass=1
ICPP_HEADS_SMOKE_EXACT phase=amx_hi_lo_old.maximum pass=1
ICPP_HEADS_SMOKE_EXACT phase=amx_hi_lo_old.denominator pass=1
ICPP_HEADS_SMOKE_EXACT phase=reference_vs_heads.maximum pass=1
ICPP_HEADS_SMOKE_EXACT phase=reference_vs_heads.denominator pass=1
ICPP_HEADS_SMOKE phase=amx_hi_lo_NUMERATOR_VS_EMULATOR N=35 D=100 K=8 d=32 block=16 finite=1 max_abs_error=0 mean_abs_error=0 relative_L2_error=0 gate=same_PH_UW_quantized_operand_operation_budget pass=1
ICPP_HEADS_SMOKE_BUDGET phase=amx_hi_lo_NUMERATOR_VS_EMULATOR max_budget=0.10856353648336421 max_error_over_budget=0 observed_master_error_used=0
ICPP_HEADS_SMOKE phase=amx_hi_lo_OUTPUT_VS_EMULATOR N=35 D=100 K=8 d=32 block=16 finite=1 max_abs_error=0 mean_abs_error=0 relative_L2_error=0 gate=same_PH_UW_quantized_operand_operation_budget pass=1
ICPP_HEADS_SMOKE_BUDGET phase=amx_hi_lo_OUTPUT_VS_EMULATOR max_budget=0.00050937509749817019 max_error_over_budget=0 observed_master_error_used=0
ICPP_HEADS_SMOKE phase=amx_hi_lo_OUTPUT_VS_FP32_MASTER N=35 D=100 K=8 d=32 block=16 finite=1 max_abs_error=0.00030759823125921237 mean_abs_error=2.7717305766762813e-05 relative_L2_error=0.0027481139335859875 gate=master_absolute_.003_small_fixture_only pass=1
ICPP_HEADS_SMOKE_MASTER_STATUS abs_gate=0.0030000000000000001 abs_gate_pass=1 PH_Ublock_quantization_error_is_not_instruction_error=1 model_precision=UNVERIFIED
ICPP_HEADS_SMOKE phase=amx_hi_lo_VS_STABLE_QUANTIZED_HW N=35 D=100 K=8 d=32 block=16 finite=1 max_abs_error=0.00013986242314179692 mean_abs_error=1.353824359179525e-05 relative_L2_error=0.0013808681872396558 gate=quantization_diagnostic_only pass=1
ICPP_HEADS_SMOKE_CASE_CONTROL_PASS label=ALL_EQUAL_SCORES backend=amx_hi_lo PH_useful_FMA=2188800 PH_physical_FMA=12451840 UW_physical_FMA=19922944 projection_calls=304 head_context_store_bytes=622592 head_context_reload_bytes=573440 all_eight_V_TMM_resident=0 master_precision_certification=0
ICPP_HEADS_SMOKE phase=ALL_EQUAL_SCORES_FP32_BLOCK_UW_VS_STABLE_FP64 N=35 D=100 K=8 d=32 block=32 finite=1 max_abs_error=3.9547505048531661e-08 mean_abs_error=2.850512182442657e-09 relative_L2_error=2.8841919830671782e-07 gate=abs_1e-5_relative_L2_1e-5_before_AMX pass=1
ICPP_HEADS_SMOKE_EXACT phase=matched_SVML_vs_old_block.maximum pass=1
ICPP_HEADS_SMOKE_EXACT phase=matched_SVML_vs_old_block.denominator pass=1
ICPP_HEADS_SMOKE_EXACT phase=avx_shared_old.maximum pass=1
ICPP_HEADS_SMOKE_EXACT phase=avx_shared_old.denominator pass=1
ICPP_HEADS_SMOKE_EXACT phase=shared_AVX_vs_old_block.numerator pass=1
ICPP_HEADS_SMOKE_EXACT phase=reference_vs_heads.maximum pass=1
ICPP_HEADS_SMOKE_EXACT phase=reference_vs_heads.denominator pass=1
ICPP_HEADS_SMOKE phase=avx_shared_NUMERATOR_VS_EMULATOR N=35 D=100 K=8 d=32 block=32 finite=1 max_abs_error=0 mean_abs_error=0 relative_L2_error=0 gate=same_PH_UW_quantized_operand_operation_budget pass=1
ICPP_HEADS_SMOKE_BUDGET phase=avx_shared_NUMERATOR_VS_EMULATOR max_budget=0.00032554628562675946 max_error_over_budget=0 observed_master_error_used=0
ICPP_HEADS_SMOKE phase=avx_shared_OUTPUT_VS_EMULATOR N=35 D=100 K=8 d=32 block=32 finite=1 max_abs_error=0 mean_abs_error=0 relative_L2_error=0 gate=same_PH_UW_quantized_operand_operation_budget pass=1
ICPP_HEADS_SMOKE_BUDGET phase=avx_shared_OUTPUT_VS_EMULATOR max_budget=1.2127317201256759e-06 max_error_over_budget=0 observed_master_error_used=0
ICPP_HEADS_SMOKE phase=avx_shared_OUTPUT_VS_FP32_MASTER N=35 D=100 K=8 d=32 block=32 finite=1 max_abs_error=0.00030759823125921237 mean_abs_error=2.7191745624993986e-05 relative_L2_error=0.0027105321253766408 gate=master_absolute_.003_small_fixture_only pass=1
ICPP_HEADS_SMOKE_MASTER_STATUS abs_gate=0.0030000000000000001 abs_gate_pass=1 PH_Ublock_quantization_error_is_not_instruction_error=1 model_precision=UNVERIFIED
ICPP_HEADS_SMOKE phase=avx_shared_VS_STABLE_QUANTIZED_HW N=35 D=100 K=8 d=32 block=32 finite=1 max_abs_error=0.00013986242314179692 mean_abs_error=1.2729366483888954e-05 relative_L2_error=0.0012857778009086453 gate=quantization_diagnostic_only pass=1
ICPP_HEADS_SMOKE_CASE_CONTROL_PASS label=ALL_EQUAL_SCORES backend=avx_shared PH_useful_FMA=2188800 PH_physical_FMA=2451456 UW_physical_FMA=10485760 projection_calls=160 head_context_store_bytes=327680 head_context_reload_bytes=278528 all_eight_V_TMM_resident=0 master_precision_certification=0
ICPP_HEADS_SMOKE phase=ALL_EQUAL_SCORES_FP32_BLOCK_UW_VS_STABLE_FP64 N=35 D=100 K=8 d=32 block=32 finite=1 max_abs_error=3.9547505048531661e-08 mean_abs_error=2.850512182442657e-09 relative_L2_error=2.8841919830671782e-07 gate=abs_1e-5_relative_L2_1e-5_before_AMX pass=1
ICPP_HEADS_SMOKE_EXACT phase=matched_SVML_vs_old_block.maximum pass=1
ICPP_HEADS_SMOKE_EXACT phase=matched_SVML_vs_old_block.denominator pass=1
ICPP_HEADS_SMOKE_EXACT phase=amx_hi_lo_old.maximum pass=1
ICPP_HEADS_SMOKE_EXACT phase=amx_hi_lo_old.denominator pass=1
ICPP_HEADS_SMOKE_EXACT phase=reference_vs_heads.maximum pass=1
ICPP_HEADS_SMOKE_EXACT phase=reference_vs_heads.denominator pass=1
ICPP_HEADS_SMOKE phase=amx_hi_lo_NUMERATOR_VS_EMULATOR N=35 D=100 K=8 d=32 block=32 finite=1 max_abs_error=0 mean_abs_error=0 relative_L2_error=0 gate=same_PH_UW_quantized_operand_operation_budget pass=1
ICPP_HEADS_SMOKE_BUDGET phase=amx_hi_lo_NUMERATOR_VS_EMULATOR max_budget=0.034489034391861344 max_error_over_budget=0 observed_master_error_used=0
ICPP_HEADS_SMOKE phase=amx_hi_lo_OUTPUT_VS_EMULATOR N=35 D=100 K=8 d=32 block=32 finite=1 max_abs_error=0 mean_abs_error=0 relative_L2_error=0 gate=same_PH_UW_quantized_operand_operation_budget pass=1
ICPP_HEADS_SMOKE_BUDGET phase=amx_hi_lo_OUTPUT_VS_EMULATOR max_budget=0.00020490289791102499 max_error_over_budget=0 observed_master_error_used=0
ICPP_HEADS_SMOKE phase=amx_hi_lo_OUTPUT_VS_FP32_MASTER N=35 D=100 K=8 d=32 block=32 finite=1 max_abs_error=0.00030759823125921237 mean_abs_error=2.7191745624993986e-05 relative_L2_error=0.0027105321253766408 gate=master_absolute_.003_small_fixture_only pass=1
ICPP_HEADS_SMOKE_MASTER_STATUS abs_gate=0.0030000000000000001 abs_gate_pass=1 PH_Ublock_quantization_error_is_not_instruction_error=1 model_precision=UNVERIFIED
ICPP_HEADS_SMOKE phase=amx_hi_lo_VS_STABLE_QUANTIZED_HW N=35 D=100 K=8 d=32 block=32 finite=1 max_abs_error=0.00013986242314179692 mean_abs_error=1.2729366483888954e-05 relative_L2_error=0.0012857778009086453 gate=quantization_diagnostic_only pass=1
ICPP_HEADS_SMOKE_CASE_CONTROL_PASS label=ALL_EQUAL_SCORES backend=amx_hi_lo PH_useful_FMA=2188800 PH_physical_FMA=6881280 UW_physical_FMA=10485760 projection_calls=160 head_context_store_bytes=327680 head_context_reload_bytes=278528 all_eight_V_TMM_resident=0 master_precision_certification=0
ICPP_HEADS_SMOKE_EXACT phase=fallback.raw_output pass=1
ICPP_HEADS_SMOKE_EXACT phase=fallback.maximum pass=1
ICPP_HEADS_SMOKE_EXACT phase=fallback.denominator pass=1
ICPP_HEADS_SMOKE_EXACT phase=fallback.independent_state.maximum pass=1
ICPP_HEADS_SMOKE_EXACT phase=fallback.independent_state.denominator pass=1
ICPP_HEADS_SMOKE phase=FALLBACK_INDEPENDENT_BLOCK_EMULATOR N=17 D=100 K=1 d=47 block=32 finite=1 max_abs_error=0 mean_abs_error=0 relative_L2_error=0 gate=same_PH_UW_quantized_operand_operation_budget pass=1
ICPP_HEADS_SMOKE_BUDGET phase=FALLBACK_INDEPENDENT_BLOCK_EMULATOR max_budget=0.00011915615850318789 max_error_over_budget=0 observed_master_error_used=0
ICPP_HEADS_SMOKE phase=FALLBACK_MASTER N=17 D=100 K=1 d=47 block=32 finite=1 max_abs_error=0.00021770908288685359 mean_abs_error=2.7868954110865775e-05 relative_L2_error=0.00267907469075966 gate=master_absolute_.003_small_fixture_only pass=1
ICPP_HEADS_SMOKE_MASTER_STATUS abs_gate=0.0030000000000000001 abs_gate_pass=1 PH_Ublock_quantization_error_is_not_instruction_error=1 model_precision=UNVERIFIED
ICPP_HEADS_SMOKE_EXACT phase=avx_shared_profile_0_counters_0.numerator pass=1
ICPP_HEADS_SMOKE_EXACT phase=avx_shared_profile_0_counters_0.denominator pass=1
ICPP_HEADS_SMOKE_EXACT phase=avx_shared_profile_0_counters_0.maximum pass=1
ICPP_HEADS_SMOKE_EXACT phase=avx_shared_profile_0_counters_0.normalized pass=1
ICPP_HEADS_SMOKE_EXACT phase=avx_shared_profile_0_counters_1.numerator pass=1
ICPP_HEADS_SMOKE_EXACT phase=avx_shared_profile_0_counters_1.denominator pass=1
ICPP_HEADS_SMOKE_EXACT phase=avx_shared_profile_0_counters_1.maximum pass=1
ICPP_HEADS_SMOKE_EXACT phase=avx_shared_profile_0_counters_1.normalized pass=1
ICPP_HEADS_SMOKE_EXACT phase=avx_shared_profile_1_counters_0.numerator pass=1
ICPP_HEADS_SMOKE_EXACT phase=avx_shared_profile_1_counters_0.denominator pass=1
ICPP_HEADS_SMOKE_EXACT phase=avx_shared_profile_1_counters_0.maximum pass=1
ICPP_HEADS_SMOKE_EXACT phase=avx_shared_profile_1_counters_0.normalized pass=1
ICPP_HEADS_SMOKE_EXACT phase=avx_shared_profile_1_counters_1.numerator pass=1
ICPP_HEADS_SMOKE_EXACT phase=avx_shared_profile_1_counters_1.denominator pass=1
ICPP_HEADS_SMOKE_EXACT phase=avx_shared_profile_1_counters_1.maximum pass=1
ICPP_HEADS_SMOKE_EXACT phase=avx_shared_profile_1_counters_1.normalized pass=1
ICPP_HEADS_SMOKE_FALLBACK_CONTROL_PASS N=17 D=100 K=1 d=47 block=32 backend=avx_shared
ICPP_HEADS_SMOKE_EXACT phase=fallback.raw_output pass=1
ICPP_HEADS_SMOKE_EXACT phase=fallback.maximum pass=1
ICPP_HEADS_SMOKE_EXACT phase=fallback.denominator pass=1
ICPP_HEADS_SMOKE_EXACT phase=fallback.independent_state.maximum pass=1
ICPP_HEADS_SMOKE_EXACT phase=fallback.independent_state.denominator pass=1
ICPP_HEADS_SMOKE phase=FALLBACK_INDEPENDENT_BLOCK_EMULATOR N=35 D=33 K=2 d=7 block=16 finite=1 max_abs_error=0 mean_abs_error=0 relative_L2_error=0 gate=same_PH_UW_quantized_operand_operation_budget pass=1
ICPP_HEADS_SMOKE_BUDGET phase=FALLBACK_INDEPENDENT_BLOCK_EMULATOR max_budget=0.00022135769336001753 max_error_over_budget=0 observed_master_error_used=0
ICPP_HEADS_SMOKE phase=FALLBACK_MASTER N=35 D=33 K=2 d=7 block=16 finite=1 max_abs_error=0.00020220987061893292 mean_abs_error=2.6548831613752312e-05 relative_L2_error=0.0026730022669297056 gate=master_absolute_.003_small_fixture_only pass=1
ICPP_HEADS_SMOKE_MASTER_STATUS abs_gate=0.0030000000000000001 abs_gate_pass=1 PH_Ublock_quantization_error_is_not_instruction_error=1 model_precision=UNVERIFIED
ICPP_HEADS_SMOKE_EXACT phase=avx_shared_profile_0_counters_0.numerator pass=1
ICPP_HEADS_SMOKE_EXACT phase=avx_shared_profile_0_counters_0.denominator pass=1
ICPP_HEADS_SMOKE_EXACT phase=avx_shared_profile_0_counters_0.maximum pass=1
ICPP_HEADS_SMOKE_EXACT phase=avx_shared_profile_0_counters_0.normalized pass=1
ICPP_HEADS_SMOKE_EXACT phase=avx_shared_profile_0_counters_1.numerator pass=1
ICPP_HEADS_SMOKE_EXACT phase=avx_shared_profile_0_counters_1.denominator pass=1
ICPP_HEADS_SMOKE_EXACT phase=avx_shared_profile_0_counters_1.maximum pass=1
ICPP_HEADS_SMOKE_EXACT phase=avx_shared_profile_0_counters_1.normalized pass=1
ICPP_HEADS_SMOKE_EXACT phase=avx_shared_profile_1_counters_0.numerator pass=1
ICPP_HEADS_SMOKE_EXACT phase=avx_shared_profile_1_counters_0.denominator pass=1
ICPP_HEADS_SMOKE_EXACT phase=avx_shared_profile_1_counters_0.maximum pass=1
ICPP_HEADS_SMOKE_EXACT phase=avx_shared_profile_1_counters_0.normalized pass=1
ICPP_HEADS_SMOKE_EXACT phase=avx_shared_profile_1_counters_1.numerator pass=1
ICPP_HEADS_SMOKE_EXACT phase=avx_shared_profile_1_counters_1.denominator pass=1
ICPP_HEADS_SMOKE_EXACT phase=avx_shared_profile_1_counters_1.maximum pass=1
ICPP_HEADS_SMOKE_EXACT phase=avx_shared_profile_1_counters_1.normalized pass=1
ICPP_HEADS_SMOKE_FALLBACK_CONTROL_PASS N=35 D=33 K=2 d=7 block=16 backend=avx_shared
ICPP_HEADS_SMOKE phase=REAL_CONTRACTED_LR_FP32_BLOCK_UW_VS_STABLE_FP64 N=17 D=128 K=8 d=32 block=32 finite=1 max_abs_error=5.179548616049412e-08 mean_abs_error=3.5310451445691505e-09 relative_L2_error=3.5862678411000148e-07 gate=abs_1e-5_relative_L2_1e-5_before_AMX pass=1
ICPP_HEADS_SMOKE_EXACT phase=matched_SVML_vs_old_block.maximum pass=1
ICPP_HEADS_SMOKE_EXACT phase=matched_SVML_vs_old_block.denominator pass=1
ICPP_HEADS_SMOKE_EXACT phase=avx_shared_old.maximum pass=1
ICPP_HEADS_SMOKE_EXACT phase=avx_shared_old.denominator pass=1
ICPP_HEADS_SMOKE_EXACT phase=shared_AVX_vs_old_block.numerator pass=1
ICPP_HEADS_SMOKE_EXACT phase=reference_vs_heads.maximum pass=1
ICPP_HEADS_SMOKE_EXACT phase=reference_vs_heads.denominator pass=1
ICPP_HEADS_SMOKE phase=avx_shared_NUMERATOR_VS_EMULATOR N=17 D=128 K=8 d=32 block=32 finite=1 max_abs_error=0 mean_abs_error=0 relative_L2_error=0 gate=same_PH_UW_quantized_operand_operation_budget pass=1
ICPP_HEADS_SMOKE_BUDGET phase=avx_shared_NUMERATOR_VS_EMULATOR max_budget=0.00017677891011865475 max_error_over_budget=0 observed_master_error_used=0
ICPP_HEADS_SMOKE phase=avx_shared_OUTPUT_VS_EMULATOR N=17 D=128 K=8 d=32 block=32 finite=1 max_abs_error=0 mean_abs_error=0 relative_L2_error=0 gate=same_PH_UW_quantized_operand_operation_budget pass=1
ICPP_HEADS_SMOKE_BUDGET phase=avx_shared_OUTPUT_VS_EMULATOR max_budget=1.3186971450271668e-06 max_error_over_budget=0 observed_master_error_used=0
ICPP_HEADS_SMOKE phase=avx_shared_OUTPUT_VS_FP32_MASTER N=17 D=128 K=8 d=32 block=32 finite=1 max_abs_error=0.0003157780808449237 mean_abs_error=2.7507905273131586e-05 relative_L2_error=0.0026416981253773401 gate=master_absolute_.003_small_fixture_only pass=1
ICPP_HEADS_SMOKE_MASTER_STATUS abs_gate=0.0030000000000000001 abs_gate_pass=1 PH_Ublock_quantization_error_is_not_instruction_error=1 model_precision=UNVERIFIED
ICPP_HEADS_SMOKE phase=avx_shared_VS_STABLE_QUANTIZED_HW N=17 D=128 K=8 d=32 block=32 finite=1 max_abs_error=0.00015672810081003054 mean_abs_error=1.2797098808332652e-05 relative_L2_error=0.001290587619093143 gate=quantization_diagnostic_only pass=1
ICPP_HEADS_SMOKE_CASE_CONTROL_PASS label=REAL_CONTRACTED_LR backend=avx_shared PH_useful_FMA=1384448 PH_physical_FMA=1384448 UW_physical_FMA=9437184 projection_calls=144 head_context_store_bytes=294912 head_context_reload_bytes=262144 all_eight_V_TMM_resident=0 master_precision_certification=0
ICPP_HEADS_SMOKE_EXACT phase=layer.left pass=1
ICPP_HEADS_SMOKE_EXACT phase=layer.right pass=1
ICPP_HEADS_SMOKE phase=PRODUCTION_LAYER_WRAPPER N=17 D=128 K=8 d=32 block=32 finite=1 max_abs_error=0 mean_abs_error=0 relative_L2_error=0 gate=same_PH_UW_quantized_operand_operation_budget pass=1
ICPP_HEADS_SMOKE_BUDGET phase=PRODUCTION_LAYER_WRAPPER max_budget=1.3186971450271668e-06 max_error_over_budget=0 observed_master_error_used=0
ICPP_HEADS_SMOKE_EXACT phase=reference_vs_heads.maximum pass=1
ICPP_HEADS_SMOKE_EXACT phase=reference_vs_heads.denominator pass=1
ICPP_HEADS_SMOKE_EXACT phase=production.ELU_after_normalization pass=1
ICPP_HEADS_SMOKE_LAYER_CONTROL_PASS hidden_activation=ELU lr_policy=fp32 backend=avx_shared
ICPP_HEADS_SMOKE_EXACT phase=fallback.raw_output pass=1
ICPP_HEADS_SMOKE_EXACT phase=fallback.maximum pass=1
ICPP_HEADS_SMOKE_EXACT phase=fallback.denominator pass=1
ICPP_HEADS_SMOKE_EXACT phase=fallback.independent_state.maximum pass=1
ICPP_HEADS_SMOKE_EXACT phase=fallback.independent_state.denominator pass=1
ICPP_HEADS_SMOKE phase=FALLBACK_INDEPENDENT_BLOCK_EMULATOR N=17 D=100 K=1 d=47 block=32 finite=1 max_abs_error=0 mean_abs_error=0 relative_L2_error=0 gate=same_PH_UW_quantized_operand_operation_budget pass=1
ICPP_HEADS_SMOKE_BUDGET phase=FALLBACK_INDEPENDENT_BLOCK_EMULATOR max_budget=0.00011915615850318789 max_error_over_budget=0 observed_master_error_used=0
ICPP_HEADS_SMOKE phase=FALLBACK_MASTER N=17 D=100 K=1 d=47 block=32 finite=1 max_abs_error=0.00021770908288685359 mean_abs_error=2.7868954110865775e-05 relative_L2_error=0.00267907469075966 gate=master_absolute_.003_small_fixture_only pass=1
ICPP_HEADS_SMOKE_MASTER_STATUS abs_gate=0.0030000000000000001 abs_gate_pass=1 PH_Ublock_quantization_error_is_not_instruction_error=1 model_precision=UNVERIFIED
ICPP_HEADS_SMOKE_EXACT phase=amx_hi_lo_profile_0_counters_0.numerator pass=1
ICPP_HEADS_SMOKE_EXACT phase=amx_hi_lo_profile_0_counters_0.denominator pass=1
ICPP_HEADS_SMOKE_EXACT phase=amx_hi_lo_profile_0_counters_0.maximum pass=1
ICPP_HEADS_SMOKE_EXACT phase=amx_hi_lo_profile_0_counters_0.normalized pass=1
ICPP_HEADS_SMOKE_EXACT phase=amx_hi_lo_profile_0_counters_1.numerator pass=1
ICPP_HEADS_SMOKE_EXACT phase=amx_hi_lo_profile_0_counters_1.denominator pass=1
ICPP_HEADS_SMOKE_EXACT phase=amx_hi_lo_profile_0_counters_1.maximum pass=1
ICPP_HEADS_SMOKE_EXACT phase=amx_hi_lo_profile_0_counters_1.normalized pass=1
ICPP_HEADS_SMOKE_EXACT phase=amx_hi_lo_profile_1_counters_0.numerator pass=1
ICPP_HEADS_SMOKE_EXACT phase=amx_hi_lo_profile_1_counters_0.denominator pass=1
ICPP_HEADS_SMOKE_EXACT phase=amx_hi_lo_profile_1_counters_0.maximum pass=1
ICPP_HEADS_SMOKE_EXACT phase=amx_hi_lo_profile_1_counters_0.normalized pass=1
ICPP_HEADS_SMOKE_EXACT phase=amx_hi_lo_profile_1_counters_1.numerator pass=1
ICPP_HEADS_SMOKE_EXACT phase=amx_hi_lo_profile_1_counters_1.denominator pass=1
ICPP_HEADS_SMOKE_EXACT phase=amx_hi_lo_profile_1_counters_1.maximum pass=1
ICPP_HEADS_SMOKE_EXACT phase=amx_hi_lo_profile_1_counters_1.normalized pass=1
ICPP_HEADS_SMOKE_FALLBACK_CONTROL_PASS N=17 D=100 K=1 d=47 block=32 backend=amx_hi_lo
ICPP_HEADS_SMOKE_EXACT phase=fallback.raw_output pass=1
ICPP_HEADS_SMOKE_EXACT phase=fallback.maximum pass=1
ICPP_HEADS_SMOKE_EXACT phase=fallback.denominator pass=1
ICPP_HEADS_SMOKE_EXACT phase=fallback.independent_state.maximum pass=1
ICPP_HEADS_SMOKE_EXACT phase=fallback.independent_state.denominator pass=1
ICPP_HEADS_SMOKE phase=FALLBACK_INDEPENDENT_BLOCK_EMULATOR N=35 D=33 K=2 d=7 block=16 finite=1 max_abs_error=0 mean_abs_error=0 relative_L2_error=0 gate=same_PH_UW_quantized_operand_operation_budget pass=1
ICPP_HEADS_SMOKE_BUDGET phase=FALLBACK_INDEPENDENT_BLOCK_EMULATOR max_budget=0.00022135769336001753 max_error_over_budget=0 observed_master_error_used=0
ICPP_HEADS_SMOKE phase=FALLBACK_MASTER N=35 D=33 K=2 d=7 block=16 finite=1 max_abs_error=0.00020220987061893292 mean_abs_error=2.6548831613752312e-05 relative_L2_error=0.0026730022669297056 gate=master_absolute_.003_small_fixture_only pass=1
ICPP_HEADS_SMOKE_MASTER_STATUS abs_gate=0.0030000000000000001 abs_gate_pass=1 PH_Ublock_quantization_error_is_not_instruction_error=1 model_precision=UNVERIFIED
ICPP_HEADS_SMOKE_EXACT phase=amx_hi_lo_profile_0_counters_0.numerator pass=1
ICPP_HEADS_SMOKE_EXACT phase=amx_hi_lo_profile_0_counters_0.denominator pass=1
ICPP_HEADS_SMOKE_EXACT phase=amx_hi_lo_profile_0_counters_0.maximum pass=1
ICPP_HEADS_SMOKE_EXACT phase=amx_hi_lo_profile_0_counters_0.normalized pass=1
ICPP_HEADS_SMOKE_EXACT phase=amx_hi_lo_profile_0_counters_1.numerator pass=1
ICPP_HEADS_SMOKE_EXACT phase=amx_hi_lo_profile_0_counters_1.denominator pass=1
ICPP_HEADS_SMOKE_EXACT phase=amx_hi_lo_profile_0_counters_1.maximum pass=1
ICPP_HEADS_SMOKE_EXACT phase=amx_hi_lo_profile_0_counters_1.normalized pass=1
ICPP_HEADS_SMOKE_EXACT phase=amx_hi_lo_profile_1_counters_0.numerator pass=1
ICPP_HEADS_SMOKE_EXACT phase=amx_hi_lo_profile_1_counters_0.denominator pass=1
ICPP_HEADS_SMOKE_EXACT phase=amx_hi_lo_profile_1_counters_0.maximum pass=1
ICPP_HEADS_SMOKE_EXACT phase=amx_hi_lo_profile_1_counters_0.normalized pass=1
ICPP_HEADS_SMOKE_EXACT phase=amx_hi_lo_profile_1_counters_1.numerator pass=1
ICPP_HEADS_SMOKE_EXACT phase=amx_hi_lo_profile_1_counters_1.denominator pass=1
ICPP_HEADS_SMOKE_EXACT phase=amx_hi_lo_profile_1_counters_1.maximum pass=1
ICPP_HEADS_SMOKE_EXACT phase=amx_hi_lo_profile_1_counters_1.normalized pass=1
ICPP_HEADS_SMOKE_FALLBACK_CONTROL_PASS N=35 D=33 K=2 d=7 block=16 backend=amx_hi_lo
ICPP_HEADS_SMOKE phase=REAL_CONTRACTED_LR_FP32_BLOCK_UW_VS_STABLE_FP64 N=17 D=128 K=8 d=32 block=32 finite=1 max_abs_error=5.179548616049412e-08 mean_abs_error=3.5310451445691505e-09 relative_L2_error=3.5862678411000148e-07 gate=abs_1e-5_relative_L2_1e-5_before_AMX pass=1
ICPP_HEADS_SMOKE_EXACT phase=matched_SVML_vs_old_block.maximum pass=1
ICPP_HEADS_SMOKE_EXACT phase=matched_SVML_vs_old_block.denominator pass=1
ICPP_HEADS_SMOKE_EXACT phase=amx_hi_lo_old.maximum pass=1
ICPP_HEADS_SMOKE_EXACT phase=amx_hi_lo_old.denominator pass=1
ICPP_HEADS_SMOKE_EXACT phase=reference_vs_heads.maximum pass=1
ICPP_HEADS_SMOKE_EXACT phase=reference_vs_heads.denominator pass=1
ICPP_HEADS_SMOKE phase=amx_hi_lo_NUMERATOR_VS_EMULATOR N=17 D=128 K=8 d=32 block=32 finite=1 max_abs_error=0 mean_abs_error=0 relative_L2_error=0 gate=same_PH_UW_quantized_operand_operation_budget pass=1
ICPP_HEADS_SMOKE_BUDGET phase=amx_hi_lo_NUMERATOR_VS_EMULATOR max_budget=0.0019397808916781234 max_error_over_budget=0 observed_master_error_used=0
ICPP_HEADS_SMOKE phase=amx_hi_lo_OUTPUT_VS_EMULATOR N=17 D=128 K=8 d=32 block=32 finite=1 max_abs_error=0 mean_abs_error=0 relative_L2_error=0 gate=same_PH_UW_quantized_operand_operation_budget pass=1
ICPP_HEADS_SMOKE_BUDGET phase=amx_hi_lo_OUTPUT_VS_EMULATOR max_budget=2.925581841922913e-05 max_error_over_budget=0 observed_master_error_used=0
ICPP_HEADS_SMOKE phase=amx_hi_lo_OUTPUT_VS_FP32_MASTER N=17 D=128 K=8 d=32 block=32 finite=1 max_abs_error=0.0003157780808449237 mean_abs_error=2.7521833385618188e-05 relative_L2_error=0.0026422222206484523 gate=master_absolute_.003_small_fixture_only pass=1
ICPP_HEADS_SMOKE_MASTER_STATUS abs_gate=0.0030000000000000001 abs_gate_pass=1 PH_Ublock_quantization_error_is_not_instruction_error=1 model_precision=UNVERIFIED
ICPP_HEADS_SMOKE phase=amx_hi_lo_VS_STABLE_QUANTIZED_HW N=17 D=128 K=8 d=32 block=32 finite=1 max_abs_error=0.00015672810081003054 mean_abs_error=1.2803203036865863e-05 relative_L2_error=0.0012912713901418985 gate=quantization_diagnostic_only pass=1
ICPP_HEADS_SMOKE_CASE_CONTROL_PASS label=REAL_CONTRACTED_LR backend=amx_hi_lo PH_useful_FMA=1384448 PH_physical_FMA=3407872 UW_physical_FMA=9437184 projection_calls=144 head_context_store_bytes=294912 head_context_reload_bytes=262144 all_eight_V_TMM_resident=0 master_precision_certification=0
ICPP_HEADS_SMOKE_EXACT phase=layer.left pass=1
ICPP_HEADS_SMOKE_EXACT phase=layer.right pass=1
ICPP_HEADS_SMOKE phase=PRODUCTION_LAYER_WRAPPER N=17 D=128 K=8 d=32 block=32 finite=1 max_abs_error=0 mean_abs_error=0 relative_L2_error=0 gate=same_PH_UW_quantized_operand_operation_budget pass=1
ICPP_HEADS_SMOKE_BUDGET phase=PRODUCTION_LAYER_WRAPPER max_budget=2.925581841922913e-05 max_error_over_budget=0 observed_master_error_used=0
ICPP_HEADS_SMOKE_EXACT phase=reference_vs_heads.maximum pass=1
ICPP_HEADS_SMOKE_EXACT phase=reference_vs_heads.denominator pass=1
ICPP_HEADS_SMOKE_EXACT phase=production.ELU_after_normalization pass=1
ICPP_HEADS_SMOKE_LAYER_CONTROL_PASS hidden_activation=ELU lr_policy=fp32 backend=amx_hi_lo
ICPP_HEADS_SMOKE_CONTROL_PASS operator_cases=28 fallback_controls=4 real_LR_layer_controls=2 FP32_math_gate_passed=1 independent_quantized_instruction_gate_passed=1 master_gate_reported_separately=1 master_precision_certification=0 8x_D_wide_aggregation_removed=0 logical_bytes_are_DRAM_measurement=0 eight_heads_all_TMM_resident=0 profile_fields=sampled_worker_seconds trained_model_accuracy=UNVERIFIED
