graph,shape,method,layer,phase,sampled_thread_ms,clocked_sections,additive_wall,mode
window_tail,128_32_32,fused_full_accurate,1,thread_amx_setup,0,4,0,smoke
window_tail,128_32_32,fused_full_accurate,1,row_metadata,0,2,0,smoke
window_tail,128_32_32,fused_full_accurate,1,partial_init,0,2,0,smoke
window_tail,128_32_32,fused_full_accurate,1,csr_index,0.063419342041,2257,0,smoke
window_tail,128_32_32,fused_full_accurate,1,cache_membership,0,0,0,smoke
window_tail,128_32_32,fused_full_accurate,1,prefetch,0.0591278076172,2257,0,smoke
window_tail,128_32_32,fused_full_accurate,1,BF16_H_load,0.0700950622559,2257,0,smoke
window_tail,128_32_32,fused_full_accurate,1,BF16_decode,0.0705718994141,2257,0,smoke
window_tail,128_32_32,fused_full_accurate,1,cold_FP32_reduce,0.0698566436768,2257,0,smoke
window_tail,128_32_32,fused_full_accurate,1,FP32_Q_load,0,0,0,smoke
window_tail,128_32_32,fused_full_accurate,1,hot_FP32_reduce,0,0,0,smoke
window_tail,128_32_32,fused_full_accurate,1,partial_state_store,0.00190734863281,48,0,smoke
window_tail,128_32_32,fused_full_accurate,1,partial_hi_pack,0.00596046447754,256,0,smoke
window_tail,128_32_32,fused_full_accurate,1,partial_lo_pack,0.00691413879395,256,0,smoke
window_tail,128_32_32,fused_full_accurate,1,AMX_A_load,0,16,0,smoke
window_tail,128_32_32,fused_full_accurate,1,AMX_B_load,0.000953674316406,16,0,smoke
window_tail,128_32_32,fused_full_accurate,1,AMX_compute,0.00286102294922,16,0,smoke
window_tail,128_32_32,fused_full_accurate,1,C_store,0,2,0,smoke
window_tail,128_32_32,fused_full_accurate,1,hot_cold_merge,0,0,0,smoke
window_tail,128_32_32,fused_full_accurate,1,output_scatter,0.00119209289551,21,0,smoke
window_tail,128_32_32,fused_full_accurate,1,cache_H_gather,0,0,0,smoke
window_tail,128_32_32,fused_full_accurate,1,cache_Q_store,0,0,0,smoke
window_tail,128_32_32,fused_full_accurate,1,thread_amx_release,0,4,0,smoke
window_tail,128_32_32,fused_full_accurate,1,partial_state_load,0,48,0,smoke
window_tail,128_32_32,fused_full_accurate,2,thread_amx_setup,0,4,0,smoke
window_tail,128_32_32,fused_full_accurate,2,row_metadata,0,2,0,smoke
window_tail,128_32_32,fused_full_accurate,2,partial_init,0,2,0,smoke
window_tail,128_32_32,fused_full_accurate,2,csr_index,0.0615119934082,2257,0,smoke
window_tail,128_32_32,fused_full_accurate,2,cache_membership,0,0,0,smoke
window_tail,128_32_32,fused_full_accurate,2,prefetch,0.0655651092529,2257,0,smoke
window_tail,128_32_32,fused_full_accurate,2,BF16_H_load,0.0631809234619,2257,0,smoke
window_tail,128_32_32,fused_full_accurate,2,BF16_decode,0.0677108764648,2257,0,smoke
window_tail,128_32_32,fused_full_accurate,2,cold_FP32_reduce,0.06103515625,2257,0,smoke
window_tail,128_32_32,fused_full_accurate,2,FP32_Q_load,0,0,0,smoke
window_tail,128_32_32,fused_full_accurate,2,hot_FP32_reduce,0,0,0,smoke
window_tail,128_32_32,fused_full_accurate,2,partial_state_store,0.00286102294922,48,0,smoke
window_tail,128_32_32,fused_full_accurate,2,partial_hi_pack,0,64,0,smoke
window_tail,128_32_32,fused_full_accurate,2,partial_lo_pack,0.00524520874023,64,0,smoke
window_tail,128_32_32,fused_full_accurate,2,AMX_A_load,0,4,0,smoke
window_tail,128_32_32,fused_full_accurate,2,AMX_B_load,0,4,0,smoke
window_tail,128_32_32,fused_full_accurate,2,AMX_compute,0.00381469726562,4,0,smoke
window_tail,128_32_32,fused_full_accurate,2,C_store,0,2,0,smoke
window_tail,128_32_32,fused_full_accurate,2,hot_cold_merge,0,0,0,smoke
window_tail,128_32_32,fused_full_accurate,2,output_scatter,0.000953674316406,21,0,smoke
window_tail,128_32_32,fused_full_accurate,2,cache_H_gather,0,0,0,smoke
window_tail,128_32_32,fused_full_accurate,2,cache_Q_store,0,0,0,smoke
window_tail,128_32_32,fused_full_accurate,2,thread_amx_release,0,4,0,smoke
window_tail,128_32_32,fused_full_accurate,2,partial_state_load,0.00214576721191,48,0,smoke
window_tail,128_32_32,hybrid_none,1,thread_amx_setup,0.000953674316406,4,0,smoke
window_tail,128_32_32,hybrid_none,1,row_metadata,0,2,0,smoke
window_tail,128_32_32,hybrid_none,1,partial_init,0,2,0,smoke
window_tail,128_32_32,hybrid_none,1,csr_index,0.0708103179932,2257,0,smoke
window_tail,128_32_32,hybrid_none,1,cache_membership,0.0696182250977,2257,0,smoke
window_tail,128_32_32,hybrid_none,1,prefetch,0.0662803649902,2257,0,smoke
window_tail,128_32_32,hybrid_none,1,BF16_H_load,0.0720024108887,2257,0,smoke
window_tail,128_32_32,hybrid_none,1,BF16_decode,0.0700950622559,2257,0,smoke
window_tail,128_32_32,hybrid_none,1,cold_FP32_reduce,0.0841617584229,2257,0,smoke
window_tail,128_32_32,hybrid_none,1,FP32_Q_load,0,0,0,smoke
window_tail,128_32_32,hybrid_none,1,hot_FP32_reduce,0,0,0,smoke
window_tail,128_32_32,hybrid_none,1,partial_state_store,0,48,0,smoke
window_tail,128_32_32,hybrid_none,1,partial_hi_pack,0.00596046447754,256,0,smoke
window_tail,128_32_32,hybrid_none,1,partial_lo_pack,0.00572204589844,256,0,smoke
window_tail,128_32_32,hybrid_none,1,AMX_A_load,0,16,0,smoke
window_tail,128_32_32,hybrid_none,1,AMX_B_load,0.000953674316406,16,0,smoke
window_tail,128_32_32,hybrid_none,1,AMX_compute,0.00476837158203,16,0,smoke
window_tail,128_32_32,hybrid_none,1,C_store,0,2,0,smoke
window_tail,128_32_32,hybrid_none,1,hot_cold_merge,0.000953674316406,21,0,smoke
window_tail,128_32_32,hybrid_none,1,output_scatter,0.000953674316406,21,0,smoke
window_tail,128_32_32,hybrid_none,1,cache_H_gather,0,0,0,smoke
window_tail,128_32_32,hybrid_none,1,cache_Q_store,0,0,0,smoke
window_tail,128_32_32,hybrid_none,1,thread_amx_release,0,4,0,smoke
window_tail,128_32_32,hybrid_none,1,partial_state_load,0.00309944152832,48,0,smoke
window_tail,128_32_32,hybrid_none,2,thread_amx_setup,0.00309944152832,4,0,smoke
window_tail,128_32_32,hybrid_none,2,row_metadata,0,2,0,smoke
window_tail,128_32_32,hybrid_none,2,partial_init,0,2,0,smoke
window_tail,128_32_32,hybrid_none,2,csr_index,0.056266784668,2257,0,smoke
window_tail,128_32_32,hybrid_none,2,cache_membership,0.0605583190918,2257,0,smoke
window_tail,128_32_32,hybrid_none,2,prefetch,0.0717639923096,2257,0,smoke
window_tail,128_32_32,hybrid_none,2,BF16_H_load,0.0724792480469,2257,0,smoke
window_tail,128_32_32,hybrid_none,2,BF16_decode,0.0679492950439,2257,0,smoke
window_tail,128_32_32,hybrid_none,2,cold_FP32_reduce,0.0646114349365,2257,0,smoke
window_tail,128_32_32,hybrid_none,2,FP32_Q_load,0,0,0,smoke
window_tail,128_32_32,hybrid_none,2,hot_FP32_reduce,0,0,0,smoke
window_tail,128_32_32,hybrid_none,2,partial_state_store,0.00190734863281,48,0,smoke
window_tail,128_32_32,hybrid_none,2,partial_hi_pack,0.00214576721191,64,0,smoke
window_tail,128_32_32,hybrid_none,2,partial_lo_pack,0.00286102294922,64,0,smoke
window_tail,128_32_32,hybrid_none,2,AMX_A_load,0,4,0,smoke
window_tail,128_32_32,hybrid_none,2,AMX_B_load,0,4,0,smoke
window_tail,128_32_32,hybrid_none,2,AMX_compute,0.00309944152832,4,0,smoke
window_tail,128_32_32,hybrid_none,2,C_store,0,2,0,smoke
window_tail,128_32_32,hybrid_none,2,hot_cold_merge,0.000953674316406,21,0,smoke
window_tail,128_32_32,hybrid_none,2,output_scatter,0,21,0,smoke
window_tail,128_32_32,hybrid_none,2,cache_H_gather,0,0,0,smoke
window_tail,128_32_32,hybrid_none,2,cache_Q_store,0,0,0,smoke
window_tail,128_32_32,hybrid_none,2,thread_amx_release,0,4,0,smoke
window_tail,128_32_32,hybrid_none,2,partial_state_load,0.00214576721191,48,0,smoke
window_tail,128_32_32,top_1_64,1,thread_amx_setup,0.00381469726562,8,0,smoke
window_tail,128_32_32,top_1_64,1,row_metadata,0.000953674316406,2,0,smoke
window_tail,128_32_32,top_1_64,1,partial_init,0,2,0,smoke
window_tail,128_32_32,top_1_64,1,csr_index,0.0669956207275,2257,0,smoke
window_tail,128_32_32,top_1_64,1,cache_membership,0.058650970459,2257,0,smoke
window_tail,128_32_32,top_1_64,1,prefetch,0.0584125518799,2257,0,smoke
window_tail,128_32_32,top_1_64,1,BF16_H_load,0.0665187835693,2195,0,smoke
window_tail,128_32_32,top_1_64,1,BF16_decode,0.0672340393066,2195,0,smoke
window_tail,128_32_32,top_1_64,1,cold_FP32_reduce,0.0810623168945,2195,0,smoke
window_tail,128_32_32,top_1_64,1,FP32_Q_load,0,62,0,smoke
window_tail,128_32_32,top_1_64,1,hot_FP32_reduce,0.000953674316406,62,0,smoke
window_tail,128_32_32,top_1_64,1,partial_state_store,0,48,0,smoke
window_tail,128_32_32,top_1_64,1,partial_hi_pack,0.00905990600586,256,0,smoke
window_tail,128_32_32,top_1_64,1,partial_lo_pack,0.00715255737305,256,0,smoke
window_tail,128_32_32,top_1_64,1,AMX_A_load,0.000953674316406,20,0,smoke
window_tail,128_32_32,top_1_64,1,AMX_B_load,0.000953674316406,20,0,smoke
window_tail,128_32_32,top_1_64,1,AMX_compute,0.0100135803223,20,0,smoke
window_tail,128_32_32,top_1_64,1,C_store,0,3,0,smoke
window_tail,128_32_32,top_1_64,1,hot_cold_merge,0.00190734863281,21,0,smoke
window_tail,128_32_32,top_1_64,1,output_scatter,0,21,0,smoke
window_tail,128_32_32,top_1_64,1,cache_H_gather,0,1,0,smoke
window_tail,128_32_32,top_1_64,1,cache_Q_store,0,1,0,smoke
window_tail,128_32_32,top_1_64,1,thread_amx_release,0.000953674316406,8,0,smoke
window_tail,128_32_32,top_1_64,1,partial_state_load,0.00119209289551,48,0,smoke
window_tail,128_32_32,top_1_64,2,thread_amx_setup,0,8,0,smoke
window_tail,128_32_32,top_1_64,2,row_metadata,0.000953674316406,2,0,smoke
window_tail,128_32_32,top_1_64,2,partial_init,0.000953674316406,2,0,smoke
window_tail,128_32_32,top_1_64,2,csr_index,0.06103515625,2257,0,smoke
window_tail,128_32_32,top_1_64,2,cache_membership,0.0526905059814,2257,0,smoke
window_tail,128_32_32,top_1_64,2,prefetch,0.0720024108887,2257,0,smoke
window_tail,128_32_32,top_1_64,2,BF16_H_load,0.0705718994141,2195,0,smoke
window_tail,128_32_32,top_1_64,2,BF16_decode,0.068187713623,2195,0,smoke
window_tail,128_32_32,top_1_64,2,cold_FP32_reduce,0.0567436218262,2195,0,smoke
window_tail,128_32_32,top_1_64,2,FP32_Q_load,0.000953674316406,62,0,smoke
window_tail,128_32_32,top_1_64,2,hot_FP32_reduce,0.00190734863281,62,0,smoke
window_tail,128_32_32,top_1_64,2,partial_state_store,0,48,0,smoke
window_tail,128_32_32,top_1_64,2,partial_hi_pack,0.000953674316406,64,0,smoke
window_tail,128_32_32,top_1_64,2,partial_lo_pack,0.000953674316406,64,0,smoke
window_tail,128_32_32,top_1_64,2,AMX_A_load,0,5,0,smoke
window_tail,128_32_32,top_1_64,2,AMX_B_load,0,5,0,smoke
window_tail,128_32_32,top_1_64,2,AMX_compute,0.00381469726562,5,0,smoke
window_tail,128_32_32,top_1_64,2,C_store,0,3,0,smoke
window_tail,128_32_32,top_1_64,2,hot_cold_merge,0,21,0,smoke
window_tail,128_32_32,top_1_64,2,output_scatter,0.00214576721191,21,0,smoke
window_tail,128_32_32,top_1_64,2,cache_H_gather,0.00119209289551,1,0,smoke
window_tail,128_32_32,top_1_64,2,cache_Q_store,0,1,0,smoke
window_tail,128_32_32,top_1_64,2,thread_amx_release,0.000953674316406,8,0,smoke
window_tail,128_32_32,top_1_64,2,partial_state_load,0,48,0,smoke
window_tail,128_32_32,top_1_16,1,thread_amx_setup,0,8,0,smoke
window_tail,128_32_32,top_1_16,1,row_metadata,0.000953674316406,2,0,smoke
window_tail,128_32_32,top_1_16,1,partial_init,0,2,0,smoke
window_tail,128_32_32,top_1_16,1,csr_index,0.0584125518799,2257,0,smoke
window_tail,128_32_32,top_1_16,1,cache_membership,0.0662803649902,2257,0,smoke
window_tail,128_32_32,top_1_16,1,prefetch,0.0793933868408,2257,0,smoke
window_tail,128_32_32,top_1_16,1,BF16_H_load,0.0655651092529,2070,0,smoke
window_tail,128_32_32,top_1_16,1,BF16_decode,0.0567436218262,2070,0,smoke
window_tail,128_32_32,top_1_16,1,cold_FP32_reduce,0.0743865966797,2070,0,smoke
window_tail,128_32_32,top_1_16,1,FP32_Q_load,0.00381469726562,187,0,smoke
window_tail,128_32_32,top_1_16,1,hot_FP32_reduce,0.0123977661133,187,0,smoke
window_tail,128_32_32,top_1_16,1,partial_state_store,0.000953674316406,48,0,smoke
window_tail,128_32_32,top_1_16,1,partial_hi_pack,0.00596046447754,256,0,smoke
window_tail,128_32_32,top_1_16,1,partial_lo_pack,0.00596046447754,256,0,smoke
window_tail,128_32_32,top_1_16,1,AMX_A_load,0,20,0,smoke
window_tail,128_32_32,top_1_16,1,AMX_B_load,0.000953674316406,20,0,smoke
window_tail,128_32_32,top_1_16,1,AMX_compute,0.00810623168945,20,0,smoke
window_tail,128_32_32,top_1_16,1,C_store,0,3,0,smoke
window_tail,128_32_32,top_1_16,1,hot_cold_merge,0.000953674316406,21,0,smoke
window_tail,128_32_32,top_1_16,1,output_scatter,0,21,0,smoke
window_tail,128_32_32,top_1_16,1,cache_H_gather,0,1,0,smoke
window_tail,128_32_32,top_1_16,1,cache_Q_store,0,1,0,smoke
window_tail,128_32_32,top_1_16,1,thread_amx_release,0,8,0,smoke
window_tail,128_32_32,top_1_16,1,partial_state_load,0.00119209289551,48,0,smoke
window_tail,128_32_32,top_1_16,2,thread_amx_setup,0,8,0,smoke
window_tail,128_32_32,top_1_16,2,row_metadata,0,2,0,smoke
window_tail,128_32_32,top_1_16,2,partial_init,0.000953674316406,2,0,smoke
window_tail,128_32_32,top_1_16,2,csr_index,0.0720024108887,2257,0,smoke
window_tail,128_32_32,top_1_16,2,cache_membership,0.0629425048828,2257,0,smoke
window_tail,128_32_32,top_1_16,2,prefetch,0.0553131103516,2257,0,smoke
window_tail,128_32_32,top_1_16,2,BF16_H_load,0.0543594360352,2070,0,smoke
window_tail,128_32_32,top_1_16,2,BF16_decode,0.0574588775635,2070,0,smoke
window_tail,128_32_32,top_1_16,2,cold_FP32_reduce,0.0655651092529,2070,0,smoke
window_tail,128_32_32,top_1_16,2,FP32_Q_load,0.00309944152832,187,0,smoke
window_tail,128_32_32,top_1_16,2,hot_FP32_reduce,0.00524520874023,187,0,smoke
window_tail,128_32_32,top_1_16,2,partial_state_store,0,48,0,smoke
window_tail,128_32_32,top_1_16,2,partial_hi_pack,0.00309944152832,64,0,smoke
window_tail,128_32_32,top_1_16,2,partial_lo_pack,0.00214576721191,64,0,smoke
window_tail,128_32_32,top_1_16,2,AMX_A_load,0.000953674316406,5,0,smoke
window_tail,128_32_32,top_1_16,2,AMX_B_load,0,5,0,smoke
window_tail,128_32_32,top_1_16,2,AMX_compute,0.00286102294922,5,0,smoke
window_tail,128_32_32,top_1_16,2,C_store,0,3,0,smoke
window_tail,128_32_32,top_1_16,2,hot_cold_merge,0.000953674316406,21,0,smoke
window_tail,128_32_32,top_1_16,2,output_scatter,0,21,0,smoke
window_tail,128_32_32,top_1_16,2,cache_H_gather,0,1,0,smoke
window_tail,128_32_32,top_1_16,2,cache_Q_store,0,1,0,smoke
window_tail,128_32_32,top_1_16,2,thread_amx_release,0,8,0,smoke
window_tail,128_32_32,top_1_16,2,partial_state_load,0.000953674316406,48,0,smoke
window_tail,128_32_32,top_1_4,1,thread_amx_setup,0.00357627868652,8,0,smoke
window_tail,128_32_32,top_1_4,1,row_metadata,0.000953674316406,2,0,smoke
window_tail,128_32_32,top_1_4,1,partial_init,0.00119209289551,2,0,smoke
window_tail,128_32_32,top_1_4,1,csr_index,0.0853538513184,2257,0,smoke
window_tail,128_32_32,top_1_4,1,cache_membership,0.056266784668,2257,0,smoke
window_tail,128_32_32,top_1_4,1,prefetch,0.0593662261963,2257,0,smoke
window_tail,128_32_32,top_1_4,1,BF16_H_load,0.0424385070801,1639,0,smoke
window_tail,128_32_32,top_1_4,1,BF16_decode,0.0548362731934,1639,0,smoke
window_tail,128_32_32,top_1_4,1,cold_FP32_reduce,0.0541210174561,1639,0,smoke
window_tail,128_32_32,top_1_4,1,FP32_Q_load,0.0236034393311,618,0,smoke
window_tail,128_32_32,top_1_4,1,hot_FP32_reduce,0.0119209289551,618,0,smoke
window_tail,128_32_32,top_1_4,1,partial_state_store,0.000953674316406,48,0,smoke
window_tail,128_32_32,top_1_4,1,partial_hi_pack,0.0100135803223,256,0,smoke
window_tail,128_32_32,top_1_4,1,partial_lo_pack,0.00715255737305,256,0,smoke
window_tail,128_32_32,top_1_4,1,AMX_A_load,0.000953674316406,20,0,smoke
window_tail,128_32_32,top_1_4,1,AMX_B_load,0.000953674316406,20,0,smoke
window_tail,128_32_32,top_1_4,1,AMX_compute,0.00762939453125,20,0,smoke
window_tail,128_32_32,top_1_4,1,C_store,0,3,0,smoke
window_tail,128_32_32,top_1_4,1,hot_cold_merge,0.000953674316406,21,0,smoke
window_tail,128_32_32,top_1_4,1,output_scatter,0,21,0,smoke
window_tail,128_32_32,top_1_4,1,cache_H_gather,0,1,0,smoke
window_tail,128_32_32,top_1_4,1,cache_Q_store,0,1,0,smoke
window_tail,128_32_32,top_1_4,1,thread_amx_release,0,8,0,smoke
window_tail,128_32_32,top_1_4,1,partial_state_load,0.00190734863281,48,0,smoke
window_tail,128_32_32,top_1_4,2,thread_amx_setup,0.00381469726562,8,0,smoke
window_tail,128_32_32,top_1_4,2,row_metadata,0,2,0,smoke
window_tail,128_32_32,top_1_4,2,partial_init,0,2,0,smoke
window_tail,128_32_32,top_1_4,2,csr_index,0.0720024108887,2257,0,smoke
window_tail,128_32_32,top_1_4,2,cache_membership,0.0553131103516,2257,0,smoke
window_tail,128_32_32,top_1_4,2,prefetch,0.0588893890381,2257,0,smoke
window_tail,128_32_32,top_1_4,2,BF16_H_load,0.0436305999756,1639,0,smoke
window_tail,128_32_32,top_1_4,2,BF16_decode,0.0429153442383,1639,0,smoke
window_tail,128_32_32,top_1_4,2,cold_FP32_reduce,0.0565052032471,1639,0,smoke
window_tail,128_32_32,top_1_4,2,FP32_Q_load,0.0195503234863,618,0,smoke
window_tail,128_32_32,top_1_4,2,hot_FP32_reduce,0.0293254852295,618,0,smoke
window_tail,128_32_32,top_1_4,2,partial_state_store,0.000953674316406,48,0,smoke
window_tail,128_32_32,top_1_4,2,partial_hi_pack,0.00190734863281,64,0,smoke
window_tail,128_32_32,top_1_4,2,partial_lo_pack,0.00286102294922,64,0,smoke
window_tail,128_32_32,top_1_4,2,AMX_A_load,0,5,0,smoke
window_tail,128_32_32,top_1_4,2,AMX_B_load,0,5,0,smoke
window_tail,128_32_32,top_1_4,2,AMX_compute,0.00548362731934,5,0,smoke
window_tail,128_32_32,top_1_4,2,C_store,0.000953674316406,3,0,smoke
window_tail,128_32_32,top_1_4,2,hot_cold_merge,0.000953674316406,21,0,smoke
window_tail,128_32_32,top_1_4,2,output_scatter,0,21,0,smoke
window_tail,128_32_32,top_1_4,2,cache_H_gather,0,1,0,smoke
window_tail,128_32_32,top_1_4,2,cache_Q_store,0,1,0,smoke
window_tail,128_32_32,top_1_4,2,thread_amx_release,0,8,0,smoke
window_tail,128_32_32,top_1_4,2,partial_state_load,0.00286102294922,48,0,smoke
window_tail,128_32_32,hybrid_all,1,thread_amx_setup,0.00190734863281,8,0,smoke
window_tail,128_32_32,hybrid_all,1,row_metadata,0,2,0,smoke
window_tail,128_32_32,hybrid_all,1,partial_init,0.00214576721191,2,0,smoke
window_tail,128_32_32,hybrid_all,1,csr_index,0.0581741333008,2257,0,smoke
window_tail,128_32_32,hybrid_all,1,cache_membership,0.0534057617188,2257,0,smoke
window_tail,128_32_32,hybrid_all,1,prefetch,0.0617504119873,2257,0,smoke
window_tail,128_32_32,hybrid_all,1,BF16_H_load,0,0,0,smoke
window_tail,128_32_32,hybrid_all,1,BF16_decode,0,0,0,smoke
window_tail,128_32_32,hybrid_all,1,cold_FP32_reduce,0,0,0,smoke
window_tail,128_32_32,hybrid_all,1,FP32_Q_load,0.0627040863037,2257,0,smoke
window_tail,128_32_32,hybrid_all,1,hot_FP32_reduce,0.0796318054199,2257,0,smoke
window_tail,128_32_32,hybrid_all,1,partial_state_store,0,48,0,smoke
window_tail,128_32_32,hybrid_all,1,partial_hi_pack,0,0,0,smoke
window_tail,128_32_32,hybrid_all,1,partial_lo_pack,0,0,0,smoke
window_tail,128_32_32,hybrid_all,1,AMX_A_load,0,8,0,smoke
window_tail,128_32_32,hybrid_all,1,AMX_B_load,0,8,0,smoke
window_tail,128_32_32,hybrid_all,1,AMX_compute,0.00381469726562,8,0,smoke
window_tail,128_32_32,hybrid_all,1,C_store,0,2,0,smoke
window_tail,128_32_32,hybrid_all,1,hot_cold_merge,0,21,0,smoke
window_tail,128_32_32,hybrid_all,1,output_scatter,0,21,0,smoke
window_tail,128_32_32,hybrid_all,1,cache_H_gather,0,2,0,smoke
window_tail,128_32_32,hybrid_all,1,cache_Q_store,0,2,0,smoke
window_tail,128_32_32,hybrid_all,1,thread_amx_release,0,8,0,smoke
window_tail,128_32_32,hybrid_all,1,partial_state_load,0.000953674316406,48,0,smoke
window_tail,128_32_32,hybrid_all,2,thread_amx_setup,0.00190734863281,8,0,smoke
window_tail,128_32_32,hybrid_all,2,row_metadata,0,2,0,smoke
window_tail,128_32_32,hybrid_all,2,partial_init,0,2,0,smoke
window_tail,128_32_32,hybrid_all,2,csr_index,0.0557899475098,2257,0,smoke
window_tail,128_32_32,hybrid_all,2,cache_membership,0.0631809234619,2257,0,smoke
window_tail,128_32_32,hybrid_all,2,prefetch,0.0746250152588,2257,0,smoke
window_tail,128_32_32,hybrid_all,2,BF16_H_load,0,0,0,smoke
window_tail,128_32_32,hybrid_all,2,BF16_decode,0,0,0,smoke
window_tail,128_32_32,hybrid_all,2,cold_FP32_reduce,0,0,0,smoke
window_tail,128_32_32,hybrid_all,2,FP32_Q_load,0.0531673431396,2257,0,smoke
window_tail,128_32_32,hybrid_all,2,hot_FP32_reduce,0.0765323638916,2257,0,smoke
window_tail,128_32_32,hybrid_all,2,partial_state_store,0.000953674316406,48,0,smoke
window_tail,128_32_32,hybrid_all,2,partial_hi_pack,0,0,0,smoke
window_tail,128_32_32,hybrid_all,2,partial_lo_pack,0,0,0,smoke
window_tail,128_32_32,hybrid_all,2,AMX_A_load,0,2,0,smoke
window_tail,128_32_32,hybrid_all,2,AMX_B_load,0,2,0,smoke
window_tail,128_32_32,hybrid_all,2,AMX_compute,0,2,0,smoke
window_tail,128_32_32,hybrid_all,2,C_store,0,2,0,smoke
window_tail,128_32_32,hybrid_all,2,hot_cold_merge,0.000953674316406,21,0,smoke
window_tail,128_32_32,hybrid_all,2,output_scatter,0.00190734863281,21,0,smoke
window_tail,128_32_32,hybrid_all,2,cache_H_gather,0,2,0,smoke
window_tail,128_32_32,hybrid_all,2,cache_Q_store,0.00119209289551,2,0,smoke
window_tail,128_32_32,hybrid_all,2,thread_amx_release,0,8,0,smoke
window_tail,128_32_32,hybrid_all,2,partial_state_load,0.00119209289551,48,0,smoke
window_tail,128_32_32,project_all,1,thread_amx_setup,0.00286102294922,8,0,smoke
window_tail,128_32_32,project_all,1,row_metadata,0,2,0,smoke
window_tail,128_32_32,project_all,1,partial_init,0,2,0,smoke
window_tail,128_32_32,project_all,1,csr_index,0.0603199005127,2257,0,smoke
window_tail,128_32_32,project_all,1,cache_membership,0,0,0,smoke
window_tail,128_32_32,project_all,1,prefetch,0.0567436218262,2257,0,smoke
window_tail,128_32_32,project_all,1,BF16_H_load,0,0,0,smoke
window_tail,128_32_32,project_all,1,BF16_decode,0,0,0,smoke
window_tail,128_32_32,project_all,1,cold_FP32_reduce,0,0,0,smoke
window_tail,128_32_32,project_all,1,FP32_Q_load,0.0689029693604,2257,0,smoke
window_tail,128_32_32,project_all,1,hot_FP32_reduce,0.0584125518799,2257,0,smoke
window_tail,128_32_32,project_all,1,partial_state_store,0,48,0,smoke
window_tail,128_32_32,project_all,1,partial_hi_pack,0,0,0,smoke
window_tail,128_32_32,project_all,1,partial_lo_pack,0,0,0,smoke
window_tail,128_32_32,project_all,1,AMX_A_load,0,8,0,smoke
window_tail,128_32_32,project_all,1,AMX_B_load,0,8,0,smoke
window_tail,128_32_32,project_all,1,AMX_compute,0.00381469726562,8,0,smoke
window_tail,128_32_32,project_all,1,C_store,0,2,0,smoke
window_tail,128_32_32,project_all,1,hot_cold_merge,0,21,0,smoke
window_tail,128_32_32,project_all,1,output_scatter,0,21,0,smoke
window_tail,128_32_32,project_all,1,cache_H_gather,0.00119209289551,2,0,smoke
window_tail,128_32_32,project_all,1,cache_Q_store,0,2,0,smoke
window_tail,128_32_32,project_all,1,thread_amx_release,0.000953674316406,8,0,smoke
window_tail,128_32_32,project_all,1,partial_state_load,0.00286102294922,48,0,smoke
window_tail,128_32_32,project_all,2,thread_amx_setup,0.000953674316406,8,0,smoke
window_tail,128_32_32,project_all,2,row_metadata,0,2,0,smoke
window_tail,128_32_32,project_all,2,partial_init,0,2,0,smoke
window_tail,128_32_32,project_all,2,csr_index,0.0593662261963,2257,0,smoke
window_tail,128_32_32,project_all,2,cache_membership,0,0,0,smoke
window_tail,128_32_32,project_all,2,prefetch,0.0591278076172,2257,0,smoke
window_tail,128_32_32,project_all,2,BF16_H_load,0,0,0,smoke
window_tail,128_32_32,project_all,2,BF16_decode,0,0,0,smoke
window_tail,128_32_32,project_all,2,cold_FP32_reduce,0,0,0,smoke
window_tail,128_32_32,project_all,2,FP32_Q_load,0.0596046447754,2257,0,smoke
window_tail,128_32_32,project_all,2,hot_FP32_reduce,0.0565052032471,2257,0,smoke
window_tail,128_32_32,project_all,2,partial_state_store,0.000953674316406,48,0,smoke
window_tail,128_32_32,project_all,2,partial_hi_pack,0,0,0,smoke
window_tail,128_32_32,project_all,2,partial_lo_pack,0,0,0,smoke
window_tail,128_32_32,project_all,2,AMX_A_load,0.00119209289551,2,0,smoke
window_tail,128_32_32,project_all,2,AMX_B_load,0,2,0,smoke
window_tail,128_32_32,project_all,2,AMX_compute,0.00286102294922,2,0,smoke
window_tail,128_32_32,project_all,2,C_store,0,2,0,smoke
window_tail,128_32_32,project_all,2,hot_cold_merge,0,21,0,smoke
window_tail,128_32_32,project_all,2,output_scatter,0.000953674316406,21,0,smoke
window_tail,128_32_32,project_all,2,cache_H_gather,0,2,0,smoke
window_tail,128_32_32,project_all,2,cache_Q_store,0.00119209289551,2,0,smoke
window_tail,128_32_32,project_all,2,thread_amx_release,0.00214576721191,8,0,smoke
window_tail,128_32_32,project_all,2,partial_state_load,0,48,0,smoke
window_tail,128_32_32,project_used,1,thread_amx_setup,0,8,0,smoke
window_tail,128_32_32,project_used,1,row_metadata,0,2,0,smoke
window_tail,128_32_32,project_used,1,partial_init,0.00119209289551,2,0,smoke
window_tail,128_32_32,project_used,1,csr_index,0.0693798065186,2257,0,smoke
window_tail,128_32_32,project_used,1,cache_membership,0.0536441802979,2257,0,smoke
window_tail,128_32_32,project_used,1,prefetch,0.0541210174561,2257,0,smoke
window_tail,128_32_32,project_used,1,BF16_H_load,0,0,0,smoke
window_tail,128_32_32,project_used,1,BF16_decode,0,0,0,smoke
window_tail,128_32_32,project_used,1,cold_FP32_reduce,0,0,0,smoke
window_tail,128_32_32,project_used,1,FP32_Q_load,0.0596046447754,2257,0,smoke
window_tail,128_32_32,project_used,1,hot_FP32_reduce,0.0655651092529,2257,0,smoke
window_tail,128_32_32,project_used,1,partial_state_store,0,48,0,smoke
window_tail,128_32_32,project_used,1,partial_hi_pack,0,0,0,smoke
window_tail,128_32_32,project_used,1,partial_lo_pack,0,0,0,smoke
window_tail,128_32_32,project_used,1,AMX_A_load,0,8,0,smoke
window_tail,128_32_32,project_used,1,AMX_B_load,0,8,0,smoke
window_tail,128_32_32,project_used,1,AMX_compute,0.00405311584473,8,0,smoke
window_tail,128_32_32,project_used,1,C_store,0,2,0,smoke
window_tail,128_32_32,project_used,1,hot_cold_merge,0,21,0,smoke
window_tail,128_32_32,project_used,1,output_scatter,0.000953674316406,21,0,smoke
window_tail,128_32_32,project_used,1,cache_H_gather,0,2,0,smoke
window_tail,128_32_32,project_used,1,cache_Q_store,0,2,0,smoke
window_tail,128_32_32,project_used,1,thread_amx_release,0,8,0,smoke
window_tail,128_32_32,project_used,1,partial_state_load,0.00309944152832,48,0,smoke
window_tail,128_32_32,project_used,2,thread_amx_setup,0,8,0,smoke
window_tail,128_32_32,project_used,2,row_metadata,0,2,0,smoke
window_tail,128_32_32,project_used,2,partial_init,0,2,0,smoke
window_tail,128_32_32,project_used,2,csr_index,0.0522136688232,2257,0,smoke
window_tail,128_32_32,project_used,2,cache_membership,0.0534057617188,2257,0,smoke
window_tail,128_32_32,project_used,2,prefetch,0.0631809234619,2257,0,smoke
window_tail,128_32_32,project_used,2,BF16_H_load,0,0,0,smoke
window_tail,128_32_32,project_used,2,BF16_decode,0,0,0,smoke
window_tail,128_32_32,project_used,2,cold_FP32_reduce,0,0,0,smoke
window_tail,128_32_32,project_used,2,FP32_Q_load,0.0777244567871,2257,0,smoke
window_tail,128_32_32,project_used,2,hot_FP32_reduce,0.0684261322021,2257,0,smoke
window_tail,128_32_32,project_used,2,partial_state_store,0.00190734863281,48,0,smoke
window_tail,128_32_32,project_used,2,partial_hi_pack,0,0,0,smoke
window_tail,128_32_32,project_used,2,partial_lo_pack,0,0,0,smoke
window_tail,128_32_32,project_used,2,AMX_A_load,0,2,0,smoke
window_tail,128_32_32,project_used,2,AMX_B_load,0,2,0,smoke
window_tail,128_32_32,project_used,2,AMX_compute,0.00381469726562,2,0,smoke
window_tail,128_32_32,project_used,2,C_store,0,2,0,smoke
window_tail,128_32_32,project_used,2,hot_cold_merge,0.000953674316406,21,0,smoke
window_tail,128_32_32,project_used,2,output_scatter,0.00214576721191,21,0,smoke
window_tail,128_32_32,project_used,2,cache_H_gather,0,2,0,smoke
window_tail,128_32_32,project_used,2,cache_Q_store,0,2,0,smoke
window_tail,128_32_32,project_used,2,thread_amx_release,0,8,0,smoke
window_tail,128_32_32,project_used,2,partial_state_load,0.00190734863281,48,0,smoke
window_tail,128_32_32,project_used_L1_full_L2,1,thread_amx_setup,0.000953674316406,8,0,smoke
window_tail,128_32_32,project_used_L1_full_L2,1,row_metadata,0.00119209289551,2,0,smoke
window_tail,128_32_32,project_used_L1_full_L2,1,partial_init,0,2,0,smoke
window_tail,128_32_32,project_used_L1_full_L2,1,csr_index,0.0591278076172,2257,0,smoke
window_tail,128_32_32,project_used_L1_full_L2,1,cache_membership,0.0612735748291,2257,0,smoke
window_tail,128_32_32,project_used_L1_full_L2,1,prefetch,0.0615119934082,2257,0,smoke
window_tail,128_32_32,project_used_L1_full_L2,1,BF16_H_load,0,0,0,smoke
window_tail,128_32_32,project_used_L1_full_L2,1,BF16_decode,0,0,0,smoke
window_tail,128_32_32,project_used_L1_full_L2,1,cold_FP32_reduce,0,0,0,smoke
window_tail,128_32_32,project_used_L1_full_L2,1,FP32_Q_load,0.0588893890381,2257,0,smoke
window_tail,128_32_32,project_used_L1_full_L2,1,hot_FP32_reduce,0.0600814819336,2257,0,smoke
window_tail,128_32_32,project_used_L1_full_L2,1,partial_state_store,0.00190734863281,48,0,smoke
window_tail,128_32_32,project_used_L1_full_L2,1,partial_hi_pack,0,0,0,smoke
window_tail,128_32_32,project_used_L1_full_L2,1,partial_lo_pack,0,0,0,smoke
window_tail,128_32_32,project_used_L1_full_L2,1,AMX_A_load,0,8,0,smoke
window_tail,128_32_32,project_used_L1_full_L2,1,AMX_B_load,0.000953674316406,8,0,smoke
window_tail,128_32_32,project_used_L1_full_L2,1,AMX_compute,0.00381469726562,8,0,smoke
window_tail,128_32_32,project_used_L1_full_L2,1,C_store,0,2,0,smoke
window_tail,128_32_32,project_used_L1_full_L2,1,hot_cold_merge,0.00119209289551,21,0,smoke
window_tail,128_32_32,project_used_L1_full_L2,1,output_scatter,0,21,0,smoke
window_tail,128_32_32,project_used_L1_full_L2,1,cache_H_gather,0,2,0,smoke
window_tail,128_32_32,project_used_L1_full_L2,1,cache_Q_store,0.000953674316406,2,0,smoke
window_tail,128_32_32,project_used_L1_full_L2,1,thread_amx_release,0,8,0,smoke
window_tail,128_32_32,project_used_L1_full_L2,1,partial_state_load,0.00190734863281,48,0,smoke
window_tail,128_32_32,project_used_L1_full_L2,2,thread_amx_setup,0.00238418579102,4,0,smoke
window_tail,128_32_32,project_used_L1_full_L2,2,row_metadata,0,2,0,smoke
window_tail,128_32_32,project_used_L1_full_L2,2,partial_init,0.00119209289551,2,0,smoke
window_tail,128_32_32,project_used_L1_full_L2,2,csr_index,0.0543594360352,2257,0,smoke
window_tail,128_32_32,project_used_L1_full_L2,2,cache_membership,0,0,0,smoke
window_tail,128_32_32,project_used_L1_full_L2,2,prefetch,0.0560283660889,2257,0,smoke
window_tail,128_32_32,project_used_L1_full_L2,2,BF16_H_load,0.0588893890381,2257,0,smoke
window_tail,128_32_32,project_used_L1_full_L2,2,BF16_decode,0.0553131103516,2257,0,smoke
window_tail,128_32_32,project_used_L1_full_L2,2,cold_FP32_reduce,0.06103515625,2257,0,smoke
window_tail,128_32_32,project_used_L1_full_L2,2,FP32_Q_load,0,0,0,smoke
window_tail,128_32_32,project_used_L1_full_L2,2,hot_FP32_reduce,0,0,0,smoke
window_tail,128_32_32,project_used_L1_full_L2,2,partial_state_store,0.00405311584473,48,0,smoke
window_tail,128_32_32,project_used_L1_full_L2,2,partial_hi_pack,0.00286102294922,64,0,smoke
window_tail,128_32_32,project_used_L1_full_L2,2,partial_lo_pack,0.000953674316406,64,0,smoke
window_tail,128_32_32,project_used_L1_full_L2,2,AMX_A_load,0,4,0,smoke
window_tail,128_32_32,project_used_L1_full_L2,2,AMX_B_load,0.00119209289551,4,0,smoke
window_tail,128_32_32,project_used_L1_full_L2,2,AMX_compute,0.00190734863281,4,0,smoke
window_tail,128_32_32,project_used_L1_full_L2,2,C_store,0,2,0,smoke
window_tail,128_32_32,project_used_L1_full_L2,2,hot_cold_merge,0,0,0,smoke
window_tail,128_32_32,project_used_L1_full_L2,2,output_scatter,0.000953674316406,21,0,smoke
window_tail,128_32_32,project_used_L1_full_L2,2,cache_H_gather,0,0,0,smoke
window_tail,128_32_32,project_used_L1_full_L2,2,cache_Q_store,0,0,0,smoke
window_tail,128_32_32,project_used_L1_full_L2,2,thread_amx_release,0,4,0,smoke
window_tail,128_32_32,project_used_L1_full_L2,2,partial_state_load,0.00119209289551,48,0,smoke
window_tail,128_128_128,fused_full_accurate,1,thread_amx_setup,0,4,0,smoke
window_tail,128_128_128,fused_full_accurate,1,row_metadata,0.00190734863281,2,0,smoke
window_tail,128_128_128,fused_full_accurate,1,partial_init,0,2,0,smoke
window_tail,128_128_128,fused_full_accurate,1,csr_index,0.0731945037842,2257,0,smoke
window_tail,128_128_128,fused_full_accurate,1,cache_membership,0,0,0,smoke
window_tail,128_128_128,fused_full_accurate,1,prefetch,0.0548362731934,2257,0,smoke
window_tail,128_128_128,fused_full_accurate,1,BF16_H_load,0.0853538513184,2257,0,smoke
window_tail,128_128_128,fused_full_accurate,1,BF16_decode,0.0772476196289,2257,0,smoke
window_tail,128_128_128,fused_full_accurate,1,cold_FP32_reduce,0.0498294830322,2257,0,smoke
window_tail,128_128_128,fused_full_accurate,1,FP32_Q_load,0,0,0,smoke
window_tail,128_128_128,fused_full_accurate,1,hot_FP32_reduce,0,0,0,smoke
window_tail,128_128_128,fused_full_accurate,1,partial_state_store,0,48,0,smoke
window_tail,128_128_128,fused_full_accurate,1,partial_hi_pack,0.00810623168945,256,0,smoke
window_tail,128_128_128,fused_full_accurate,1,partial_lo_pack,0.00977516174316,256,0,smoke
window_tail,128_128_128,fused_full_accurate,1,AMX_A_load,0,32,0,smoke
window_tail,128_128_128,fused_full_accurate,1,AMX_B_load,0.00286102294922,64,0,smoke
window_tail,128_128_128,fused_full_accurate,1,AMX_compute,0.00619888305664,64,0,smoke
window_tail,128_128_128,fused_full_accurate,1,C_store,0,4,0,smoke
window_tail,128_128_128,fused_full_accurate,1,hot_cold_merge,0,0,0,smoke
window_tail,128_128_128,fused_full_accurate,1,output_scatter,0.00119209289551,21,0,smoke
window_tail,128_128_128,fused_full_accurate,1,cache_H_gather,0,0,0,smoke
window_tail,128_128_128,fused_full_accurate,1,cache_Q_store,0,0,0,smoke
window_tail,128_128_128,fused_full_accurate,1,thread_amx_release,0,4,0,smoke
window_tail,128_128_128,fused_full_accurate,1,partial_state_load,0.000953674316406,48,0,smoke
window_tail,128_128_128,fused_full_accurate,2,thread_amx_setup,0,4,0,smoke
window_tail,128_128_128,fused_full_accurate,2,row_metadata,0,2,0,smoke
window_tail,128_128_128,fused_full_accurate,2,partial_init,0,2,0,smoke
window_tail,128_128_128,fused_full_accurate,2,csr_index,0.079870223999,2257,0,smoke
window_tail,128_128_128,fused_full_accurate,2,cache_membership,0,0,0,smoke
window_tail,128_128_128,fused_full_accurate,2,prefetch,0.0536441802979,2257,0,smoke
window_tail,128_128_128,fused_full_accurate,2,BF16_H_load,0.0636577606201,2257,0,smoke
window_tail,128_128_128,fused_full_accurate,2,BF16_decode,0.0708103179932,2257,0,smoke
window_tail,128_128_128,fused_full_accurate,2,cold_FP32_reduce,0.0507831573486,2257,0,smoke
window_tail,128_128_128,fused_full_accurate,2,FP32_Q_load,0,0,0,smoke
window_tail,128_128_128,fused_full_accurate,2,hot_FP32_reduce,0,0,0,smoke
window_tail,128_128_128,fused_full_accurate,2,partial_state_store,0,48,0,smoke
window_tail,128_128_128,fused_full_accurate,2,partial_hi_pack,0.00905990600586,256,0,smoke
window_tail,128_128_128,fused_full_accurate,2,partial_lo_pack,0.00476837158203,256,0,smoke
window_tail,128_128_128,fused_full_accurate,2,AMX_A_load,0,32,0,smoke
window_tail,128_128_128,fused_full_accurate,2,AMX_B_load,0.00309944152832,64,0,smoke
window_tail,128_128_128,fused_full_accurate,2,AMX_compute,0.00667572021484,64,0,smoke
window_tail,128_128_128,fused_full_accurate,2,C_store,0.00119209289551,4,0,smoke
window_tail,128_128_128,fused_full_accurate,2,hot_cold_merge,0,0,0,smoke
window_tail,128_128_128,fused_full_accurate,2,output_scatter,0.000953674316406,21,0,smoke
window_tail,128_128_128,fused_full_accurate,2,cache_H_gather,0,0,0,smoke
window_tail,128_128_128,fused_full_accurate,2,cache_Q_store,0,0,0,smoke
window_tail,128_128_128,fused_full_accurate,2,thread_amx_release,0,4,0,smoke
window_tail,128_128_128,fused_full_accurate,2,partial_state_load,0.00309944152832,48,0,smoke
window_tail,128_128_128,hybrid_none,1,thread_amx_setup,0.00309944152832,4,0,smoke
window_tail,128_128_128,hybrid_none,1,row_metadata,0,2,0,smoke
window_tail,128_128_128,hybrid_none,1,partial_init,0,2,0,smoke
window_tail,128_128_128,hybrid_none,1,csr_index,0.0636577606201,2257,0,smoke
window_tail,128_128_128,hybrid_none,1,cache_membership,0.0607967376709,2257,0,smoke
window_tail,128_128_128,hybrid_none,1,prefetch,0.0700950622559,2257,0,smoke
window_tail,128_128_128,hybrid_none,1,BF16_H_load,0.0691413879395,2257,0,smoke
window_tail,128_128_128,hybrid_none,1,BF16_decode,0.06103515625,2257,0,smoke
window_tail,128_128_128,hybrid_none,1,cold_FP32_reduce,0.0801086425781,2257,0,smoke
window_tail,128_128_128,hybrid_none,1,FP32_Q_load,0,0,0,smoke
window_tail,128_128_128,hybrid_none,1,hot_FP32_reduce,0,0,0,smoke
window_tail,128_128_128,hybrid_none,1,partial_state_store,0.000953674316406,48,0,smoke
window_tail,128_128_128,hybrid_none,1,partial_hi_pack,0.00953674316406,256,0,smoke
window_tail,128_128_128,hybrid_none,1,partial_lo_pack,0.00619888305664,256,0,smoke
window_tail,128_128_128,hybrid_none,1,AMX_A_load,0.000953674316406,32,0,smoke
window_tail,128_128_128,hybrid_none,1,AMX_B_load,0.00214576721191,64,0,smoke
window_tail,128_128_128,hybrid_none,1,AMX_compute,0.0102519989014,64,0,smoke
window_tail,128_128_128,hybrid_none,1,C_store,0.00500679016113,4,0,smoke
window_tail,128_128_128,hybrid_none,1,hot_cold_merge,0.00190734863281,21,0,smoke
window_tail,128_128_128,hybrid_none,1,output_scatter,0,21,0,smoke
window_tail,128_128_128,hybrid_none,1,cache_H_gather,0,0,0,smoke
window_tail,128_128_128,hybrid_none,1,cache_Q_store,0,0,0,smoke
window_tail,128_128_128,hybrid_none,1,thread_amx_release,0.00214576721191,4,0,smoke
window_tail,128_128_128,hybrid_none,1,partial_state_load,0.000953674316406,48,0,smoke
window_tail,128_128_128,hybrid_none,2,thread_amx_setup,0,4,0,smoke
window_tail,128_128_128,hybrid_none,2,row_metadata,0,2,0,smoke
window_tail,128_128_128,hybrid_none,2,partial_init,0.00190734863281,2,0,smoke
window_tail,128_128_128,hybrid_none,2,csr_index,0.0641345977783,2257,0,smoke
window_tail,128_128_128,hybrid_none,2,cache_membership,0.056266784668,2257,0,smoke
window_tail,128_128_128,hybrid_none,2,prefetch,0.0755786895752,2257,0,smoke
window_tail,128_128_128,hybrid_none,2,BF16_H_load,0.0729560852051,2257,0,smoke
window_tail,128_128_128,hybrid_none,2,BF16_decode,0.0531673431396,2257,0,smoke
window_tail,128_128_128,hybrid_none,2,cold_FP32_reduce,0.0884532928467,2257,0,smoke
window_tail,128_128_128,hybrid_none,2,FP32_Q_load,0,0,0,smoke
window_tail,128_128_128,hybrid_none,2,hot_FP32_reduce,0,0,0,smoke
window_tail,128_128_128,hybrid_none,2,partial_state_store,0.00190734863281,48,0,smoke
window_tail,128_128_128,hybrid_none,2,partial_hi_pack,0.00786781311035,256,0,smoke
window_tail,128_128_128,hybrid_none,2,partial_lo_pack,0.00905990600586,256,0,smoke
window_tail,128_128_128,hybrid_none,2,AMX_A_load,0,32,0,smoke
window_tail,128_128_128,hybrid_none,2,AMX_B_load,0.00596046447754,64,0,smoke
window_tail,128_128_128,hybrid_none,2,AMX_compute,0.00715255737305,64,0,smoke
window_tail,128_128_128,hybrid_none,2,C_store,0.00119209289551,4,0,smoke
window_tail,128_128_128,hybrid_none,2,hot_cold_merge,0.00286102294922,21,0,smoke
window_tail,128_128_128,hybrid_none,2,output_scatter,0,21,0,smoke
window_tail,128_128_128,hybrid_none,2,cache_H_gather,0,0,0,smoke
window_tail,128_128_128,hybrid_none,2,cache_Q_store,0,0,0,smoke
window_tail,128_128_128,hybrid_none,2,thread_amx_release,0,4,0,smoke
window_tail,128_128_128,hybrid_none,2,partial_state_load,0.00214576721191,48,0,smoke
window_tail,128_128_128,top_1_64,1,thread_amx_setup,0,8,0,smoke
window_tail,128_128_128,top_1_64,1,row_metadata,0,2,0,smoke
window_tail,128_128_128,top_1_64,1,partial_init,0.000953674316406,2,0,smoke
window_tail,128_128_128,top_1_64,1,csr_index,0.0720024108887,2257,0,smoke
window_tail,128_128_128,top_1_64,1,cache_membership,0.0505447387695,2257,0,smoke
window_tail,128_128_128,top_1_64,1,prefetch,0.0572204589844,2257,0,smoke
window_tail,128_128_128,top_1_64,1,BF16_H_load,0.0829696655273,2195,0,smoke
window_tail,128_128_128,top_1_64,1,BF16_decode,0.0565052032471,2195,0,smoke
window_tail,128_128_128,top_1_64,1,cold_FP32_reduce,0.0782012939453,2195,0,smoke
window_tail,128_128_128,top_1_64,1,FP32_Q_load,0.00596046447754,62,0,smoke
window_tail,128_128_128,top_1_64,1,hot_FP32_reduce,0.00190734863281,62,0,smoke
window_tail,128_128_128,top_1_64,1,partial_state_store,0.00190734863281,48,0,smoke
window_tail,128_128_128,top_1_64,1,partial_hi_pack,0.00858306884766,256,0,smoke
window_tail,128_128_128,top_1_64,1,partial_lo_pack,0.00691413879395,256,0,smoke
window_tail,128_128_128,top_1_64,1,AMX_A_load,0.000953674316406,40,0,smoke
window_tail,128_128_128,top_1_64,1,AMX_B_load,0.00119209289551,80,0,smoke
window_tail,128_128_128,top_1_64,1,AMX_compute,0.0150203704834,80,0,smoke
window_tail,128_128_128,top_1_64,1,C_store,0.000953674316406,6,0,smoke
window_tail,128_128_128,top_1_64,1,hot_cold_merge,0.00190734863281,21,0,smoke
window_tail,128_128_128,top_1_64,1,output_scatter,0,21,0,smoke
window_tail,128_128_128,top_1_64,1,cache_H_gather,0,1,0,smoke
window_tail,128_128_128,top_1_64,1,cache_Q_store,0,1,0,smoke
window_tail,128_128_128,top_1_64,1,thread_amx_release,0,8,0,smoke
window_tail,128_128_128,top_1_64,1,partial_state_load,0.00214576721191,48,0,smoke
window_tail,128_128_128,top_1_64,2,thread_amx_setup,0,8,0,smoke
window_tail,128_128_128,top_1_64,2,row_metadata,0,2,0,smoke
window_tail,128_128_128,top_1_64,2,partial_init,0.000953674316406,2,0,smoke
window_tail,128_128_128,top_1_64,2,csr_index,0.068187713623,2257,0,smoke
window_tail,128_128_128,top_1_64,2,cache_membership,0.065803527832,2257,0,smoke
window_tail,128_128_128,top_1_64,2,prefetch,0.0655651092529,2257,0,smoke
window_tail,128_128_128,top_1_64,2,BF16_H_load,0.0722408294678,2195,0,smoke
window_tail,128_128_128,top_1_64,2,BF16_decode,0.0588893890381,2195,0,smoke
window_tail,128_128_128,top_1_64,2,cold_FP32_reduce,0.0746250152588,2195,0,smoke
window_tail,128_128_128,top_1_64,2,FP32_Q_load,0.00333786010742,62,0,smoke
window_tail,128_128_128,top_1_64,2,hot_FP32_reduce,0.00286102294922,62,0,smoke
window_tail,128_128_128,top_1_64,2,partial_state_store,0.000953674316406,48,0,smoke
window_tail,128_128_128,top_1_64,2,partial_hi_pack,0.00715255737305,256,0,smoke
window_tail,128_128_128,top_1_64,2,partial_lo_pack,0.00786781311035,256,0,smoke
window_tail,128_128_128,top_1_64,2,AMX_A_load,0,40,0,smoke
window_tail,128_128_128,top_1_64,2,AMX_B_load,0.00381469726562,80,0,smoke
window_tail,128_128_128,top_1_64,2,AMX_compute,0.00405311584473,80,0,smoke
window_tail,128_128_128,top_1_64,2,C_store,0.000953674316406,6,0,smoke
window_tail,128_128_128,top_1_64,2,hot_cold_merge,0.00286102294922,21,0,smoke
window_tail,128_128_128,top_1_64,2,output_scatter,0,21,0,smoke
window_tail,128_128_128,top_1_64,2,cache_H_gather,0.000953674316406,1,0,smoke
window_tail,128_128_128,top_1_64,2,cache_Q_store,0,1,0,smoke
window_tail,128_128_128,top_1_64,2,thread_amx_release,0,8,0,smoke
window_tail,128_128_128,top_1_64,2,partial_state_load,0.00214576721191,48,0,smoke
window_tail,128_128_128,top_1_16,1,thread_amx_setup,0,8,0,smoke
window_tail,128_128_128,top_1_16,1,row_metadata,0,2,0,smoke
window_tail,128_128_128,top_1_16,1,partial_init,0.00119209289551,2,0,smoke
window_tail,128_128_128,top_1_16,1,csr_index,0.0724792480469,2257,0,smoke
window_tail,128_128_128,top_1_16,1,cache_membership,0.0603199005127,2257,0,smoke
window_tail,128_128_128,top_1_16,1,prefetch,0.063419342041,2257,0,smoke
window_tail,128_128_128,top_1_16,1,BF16_H_load,0.06103515625,2070,0,smoke
window_tail,128_128_128,top_1_16,1,BF16_decode,0.0612735748291,2070,0,smoke
window_tail,128_128_128,top_1_16,1,cold_FP32_reduce,0.0700950622559,2070,0,smoke
window_tail,128_128_128,top_1_16,1,FP32_Q_load,0.00643730163574,187,0,smoke
window_tail,128_128_128,top_1_16,1,hot_FP32_reduce,0.00309944152832,187,0,smoke
window_tail,128_128_128,top_1_16,1,partial_state_store,0.00119209289551,48,0,smoke
window_tail,128_128_128,top_1_16,1,partial_hi_pack,0.00596046447754,256,0,smoke
window_tail,128_128_128,top_1_16,1,partial_lo_pack,0.00977516174316,256,0,smoke
window_tail,128_128_128,top_1_16,1,AMX_A_load,0,40,0,smoke
window_tail,128_128_128,top_1_16,1,AMX_B_load,0.00286102294922,80,0,smoke
window_tail,128_128_128,top_1_16,1,AMX_compute,0.00953674316406,80,0,smoke
window_tail,128_128_128,top_1_16,1,C_store,0.000953674316406,6,0,smoke
window_tail,128_128_128,top_1_16,1,hot_cold_merge,0,21,0,smoke
window_tail,128_128_128,top_1_16,1,output_scatter,0,21,0,smoke
window_tail,128_128_128,top_1_16,1,cache_H_gather,0.00119209289551,1,0,smoke
window_tail,128_128_128,top_1_16,1,cache_Q_store,0,1,0,smoke
window_tail,128_128_128,top_1_16,1,thread_amx_release,0,8,0,smoke
window_tail,128_128_128,top_1_16,1,partial_state_load,0.000953674316406,48,0,smoke
window_tail,128_128_128,top_1_16,2,thread_amx_setup,0.00238418579102,8,0,smoke
window_tail,128_128_128,top_1_16,2,row_metadata,0,2,0,smoke
window_tail,128_128_128,top_1_16,2,partial_init,0.00214576721191,2,0,smoke
window_tail,128_128_128,top_1_16,2,csr_index,0.0665187835693,2257,0,smoke
window_tail,128_128_128,top_1_16,2,cache_membership,0.0667572021484,2257,0,smoke
window_tail,128_128_128,top_1_16,2,prefetch,0.0648498535156,2257,0,smoke
window_tail,128_128_128,top_1_16,2,BF16_H_load,0.0650882720947,2070,0,smoke
window_tail,128_128_128,top_1_16,2,BF16_decode,0.0510215759277,2070,0,smoke
window_tail,128_128_128,top_1_16,2,cold_FP32_reduce,0.0772476196289,2070,0,smoke
window_tail,128_128_128,top_1_16,2,FP32_Q_load,0.00476837158203,187,0,smoke
window_tail,128_128_128,top_1_16,2,hot_FP32_reduce,0.00786781311035,187,0,smoke
window_tail,128_128_128,top_1_16,2,partial_state_store,0.00309944152832,48,0,smoke
window_tail,128_128_128,top_1_16,2,partial_hi_pack,0.00500679016113,256,0,smoke
window_tail,128_128_128,top_1_16,2,partial_lo_pack,0.00691413879395,256,0,smoke
window_tail,128_128_128,top_1_16,2,AMX_A_load,0,40,0,smoke
window_tail,128_128_128,top_1_16,2,AMX_B_load,0.00405311584473,80,0,smoke
window_tail,128_128_128,top_1_16,2,AMX_compute,0.00715255737305,80,0,smoke
window_tail,128_128_128,top_1_16,2,C_store,0,6,0,smoke
window_tail,128_128_128,top_1_16,2,hot_cold_merge,0.000953674316406,21,0,smoke
window_tail,128_128_128,top_1_16,2,output_scatter,0.000953674316406,21,0,smoke
window_tail,128_128_128,top_1_16,2,cache_H_gather,0,1,0,smoke
window_tail,128_128_128,top_1_16,2,cache_Q_store,0,1,0,smoke
window_tail,128_128_128,top_1_16,2,thread_amx_release,0,8,0,smoke
window_tail,128_128_128,top_1_16,2,partial_state_load,0,48,0,smoke
window_tail,128_128_128,top_1_4,1,thread_amx_setup,0.00381469726562,8,0,smoke
window_tail,128_128_128,top_1_4,1,row_metadata,0,2,0,smoke
window_tail,128_128_128,top_1_4,1,partial_init,0,2,0,smoke
window_tail,128_128_128,top_1_4,1,csr_index,0.0667572021484,2257,0,smoke
window_tail,128_128_128,top_1_4,1,cache_membership,0.0584125518799,2257,0,smoke
window_tail,128_128_128,top_1_4,1,prefetch,0.0615119934082,2257,0,smoke
window_tail,128_128_128,top_1_4,1,BF16_H_load,0.0464916229248,1639,0,smoke
window_tail,128_128_128,top_1_4,1,BF16_decode,0.0467300415039,1639,0,smoke
window_tail,128_128_128,top_1_4,1,cold_FP32_reduce,0.0545978546143,1639,0,smoke
window_tail,128_128_128,top_1_4,1,FP32_Q_load,0.0174045562744,618,0,smoke
window_tail,128_128_128,top_1_4,1,hot_FP32_reduce,0.0169277191162,618,0,smoke
window_tail,128_128_128,top_1_4,1,partial_state_store,0.000953674316406,48,0,smoke
window_tail,128_128_128,top_1_4,1,partial_hi_pack,0.00810623168945,256,0,smoke
window_tail,128_128_128,top_1_4,1,partial_lo_pack,0.00858306884766,256,0,smoke
window_tail,128_128_128,top_1_4,1,AMX_A_load,0.00119209289551,40,0,smoke
window_tail,128_128_128,top_1_4,1,AMX_B_load,0.00333786010742,80,0,smoke
window_tail,128_128_128,top_1_4,1,AMX_compute,0.00596046447754,80,0,smoke
window_tail,128_128_128,top_1_4,1,C_store,0,6,0,smoke
window_tail,128_128_128,top_1_4,1,hot_cold_merge,0.00190734863281,21,0,smoke
window_tail,128_128_128,top_1_4,1,output_scatter,0,21,0,smoke
window_tail,128_128_128,top_1_4,1,cache_H_gather,0.000953674316406,1,0,smoke
window_tail,128_128_128,top_1_4,1,cache_Q_store,0,1,0,smoke
window_tail,128_128_128,top_1_4,1,thread_amx_release,0.000953674316406,8,0,smoke
window_tail,128_128_128,top_1_4,1,partial_state_load,0.00214576721191,48,0,smoke
window_tail,128_128_128,top_1_4,2,thread_amx_setup,0,8,0,smoke
window_tail,128_128_128,top_1_4,2,row_metadata,0.000953674316406,2,0,smoke
window_tail,128_128_128,top_1_4,2,partial_init,0.000953674316406,2,0,smoke
window_tail,128_128_128,top_1_4,2,csr_index,0.065803527832,2257,0,smoke
window_tail,128_128_128,top_1_4,2,cache_membership,0.0560283660889,2257,0,smoke
window_tail,128_128_128,top_1_4,2,prefetch,0.065803527832,2257,0,smoke
window_tail,128_128_128,top_1_4,2,BF16_H_load,0.0479221343994,1639,0,smoke
window_tail,128_128_128,top_1_4,2,BF16_decode,0.0512599945068,1639,0,smoke
window_tail,128_128_128,top_1_4,2,cold_FP32_reduce,0.0565052032471,1639,0,smoke
window_tail,128_128_128,top_1_4,2,FP32_Q_load,0.0207424163818,618,0,smoke
window_tail,128_128_128,top_1_4,2,hot_FP32_reduce,0.0169277191162,618,0,smoke
window_tail,128_128_128,top_1_4,2,partial_state_store,0.00214576721191,48,0,smoke
window_tail,128_128_128,top_1_4,2,partial_hi_pack,0.00524520874023,256,0,smoke
window_tail,128_128_128,top_1_4,2,partial_lo_pack,0.00596046447754,256,0,smoke
window_tail,128_128_128,top_1_4,2,AMX_A_load,0.00309944152832,40,0,smoke
window_tail,128_128_128,top_1_4,2,AMX_B_load,0.00119209289551,80,0,smoke
window_tail,128_128_128,top_1_4,2,AMX_compute,0.00381469726562,80,0,smoke
window_tail,128_128_128,top_1_4,2,C_store,0,6,0,smoke
window_tail,128_128_128,top_1_4,2,hot_cold_merge,0.00190734863281,21,0,smoke
window_tail,128_128_128,top_1_4,2,output_scatter,0.00119209289551,21,0,smoke
window_tail,128_128_128,top_1_4,2,cache_H_gather,0,1,0,smoke
window_tail,128_128_128,top_1_4,2,cache_Q_store,0,1,0,smoke
window_tail,128_128_128,top_1_4,2,thread_amx_release,0,8,0,smoke
window_tail,128_128_128,top_1_4,2,partial_state_load,0.00286102294922,48,0,smoke
window_tail,128_128_128,hybrid_all,1,thread_amx_setup,0,8,0,smoke
window_tail,128_128_128,hybrid_all,1,row_metadata,0,2,0,smoke
window_tail,128_128_128,hybrid_all,1,partial_init,0.00190734863281,2,0,smoke
window_tail,128_128_128,hybrid_all,1,csr_index,0.0603199005127,2257,0,smoke
window_tail,128_128_128,hybrid_all,1,cache_membership,0.0653266906738,2257,0,smoke
window_tail,128_128_128,hybrid_all,1,prefetch,0.0689029693604,2257,0,smoke
window_tail,128_128_128,hybrid_all,1,BF16_H_load,0,0,0,smoke
window_tail,128_128_128,hybrid_all,1,BF16_decode,0,0,0,smoke
window_tail,128_128_128,hybrid_all,1,cold_FP32_reduce,0,0,0,smoke
window_tail,128_128_128,hybrid_all,1,FP32_Q_load,0.0669956207275,2257,0,smoke
window_tail,128_128_128,hybrid_all,1,hot_FP32_reduce,0.0672340393066,2257,0,smoke
window_tail,128_128_128,hybrid_all,1,partial_state_store,0.00309944152832,48,0,smoke
window_tail,128_128_128,hybrid_all,1,partial_hi_pack,0,0,0,smoke
window_tail,128_128_128,hybrid_all,1,partial_lo_pack,0,0,0,smoke
window_tail,128_128_128,hybrid_all,1,AMX_A_load,0,16,0,smoke
window_tail,128_128_128,hybrid_all,1,AMX_B_load,0.00405311584473,32,0,smoke
window_tail,128_128_128,hybrid_all,1,AMX_compute,0.000953674316406,32,0,smoke
window_tail,128_128_128,hybrid_all,1,C_store,0.00119209289551,4,0,smoke
window_tail,128_128_128,hybrid_all,1,hot_cold_merge,0.00190734863281,21,0,smoke
window_tail,128_128_128,hybrid_all,1,output_scatter,0,21,0,smoke
window_tail,128_128_128,hybrid_all,1,cache_H_gather,0,2,0,smoke
window_tail,128_128_128,hybrid_all,1,cache_Q_store,0.000953674316406,2,0,smoke
window_tail,128_128_128,hybrid_all,1,thread_amx_release,0.000953674316406,8,0,smoke
window_tail,128_128_128,hybrid_all,1,partial_state_load,0.00119209289551,48,0,smoke
window_tail,128_128_128,hybrid_all,2,thread_amx_setup,0,8,0,smoke
window_tail,128_128_128,hybrid_all,2,row_metadata,0,2,0,smoke
window_tail,128_128_128,hybrid_all,2,partial_init,0,2,0,smoke
window_tail,128_128_128,hybrid_all,2,csr_index,0.0600814819336,2257,0,smoke
window_tail,128_128_128,hybrid_all,2,cache_membership,0.0686645507812,2257,0,smoke
window_tail,128_128_128,hybrid_all,2,prefetch,0.0619888305664,2257,0,smoke
window_tail,128_128_128,hybrid_all,2,BF16_H_load,0,0,0,smoke
window_tail,128_128_128,hybrid_all,2,BF16_decode,0,0,0,smoke
window_tail,128_128_128,hybrid_all,2,cold_FP32_reduce,0,0,0,smoke
window_tail,128_128_128,hybrid_all,2,FP32_Q_load,0.0672340393066,2257,0,smoke
window_tail,128_128_128,hybrid_all,2,hot_FP32_reduce,0.0677108764648,2257,0,smoke
window_tail,128_128_128,hybrid_all,2,partial_state_store,0.00286102294922,48,0,smoke
window_tail,128_128_128,hybrid_all,2,partial_hi_pack,0,0,0,smoke
window_tail,128_128_128,hybrid_all,2,partial_lo_pack,0,0,0,smoke
window_tail,128_128_128,hybrid_all,2,AMX_A_load,0.000953674316406,16,0,smoke
window_tail,128_128_128,hybrid_all,2,AMX_B_load,0,32,0,smoke
window_tail,128_128_128,hybrid_all,2,AMX_compute,0.00286102294922,32,0,smoke
window_tail,128_128_128,hybrid_all,2,C_store,0,4,0,smoke
window_tail,128_128_128,hybrid_all,2,hot_cold_merge,0,21,0,smoke
window_tail,128_128_128,hybrid_all,2,output_scatter,0.000953674316406,21,0,smoke
window_tail,128_128_128,hybrid_all,2,cache_H_gather,0,2,0,smoke
window_tail,128_128_128,hybrid_all,2,cache_Q_store,0,2,0,smoke
window_tail,128_128_128,hybrid_all,2,thread_amx_release,0,8,0,smoke
window_tail,128_128_128,hybrid_all,2,partial_state_load,0.000953674316406,48,0,smoke
window_tail,128_128_128,project_all,1,thread_amx_setup,0.0314712524414,8,0,smoke
window_tail,128_128_128,project_all,1,row_metadata,0,2,0,smoke
window_tail,128_128_128,project_all,1,partial_init,0.000953674316406,2,0,smoke
window_tail,128_128_128,project_all,1,csr_index,0.0655651092529,2257,0,smoke
window_tail,128_128_128,project_all,1,cache_membership,0,0,0,smoke
window_tail,128_128_128,project_all,1,prefetch,0.063419342041,2257,0,smoke
window_tail,128_128_128,project_all,1,BF16_H_load,0,0,0,smoke
window_tail,128_128_128,project_all,1,BF16_decode,0,0,0,smoke
window_tail,128_128_128,project_all,1,cold_FP32_reduce,0,0,0,smoke
window_tail,128_128_128,project_all,1,FP32_Q_load,0.0638961791992,2257,0,smoke
window_tail,128_128_128,project_all,1,hot_FP32_reduce,0.063419342041,2257,0,smoke
window_tail,128_128_128,project_all,1,partial_state_store,0.000953674316406,48,0,smoke
window_tail,128_128_128,project_all,1,partial_hi_pack,0,0,0,smoke
window_tail,128_128_128,project_all,1,partial_lo_pack,0,0,0,smoke
window_tail,128_128_128,project_all,1,AMX_A_load,0,16,0,smoke
window_tail,128_128_128,project_all,1,AMX_B_load,0.00190734863281,32,0,smoke
window_tail,128_128_128,project_all,1,AMX_compute,0.00500679016113,32,0,smoke
window_tail,128_128_128,project_all,1,C_store,0,4,0,smoke
window_tail,128_128_128,project_all,1,hot_cold_merge,0,21,0,smoke
window_tail,128_128_128,project_all,1,output_scatter,0,21,0,smoke
window_tail,128_128_128,project_all,1,cache_H_gather,0.000953674316406,2,0,smoke
window_tail,128_128_128,project_all,1,cache_Q_store,0,2,0,smoke
window_tail,128_128_128,project_all,1,thread_amx_release,0,8,0,smoke
window_tail,128_128_128,project_all,1,partial_state_load,0,48,0,smoke
window_tail,128_128_128,project_all,2,thread_amx_setup,0.00190734863281,8,0,smoke
window_tail,128_128_128,project_all,2,row_metadata,0.000953674316406,2,0,smoke
window_tail,128_128_128,project_all,2,partial_init,0,2,0,smoke
window_tail,128_128_128,project_all,2,csr_index,0.0627040863037,2257,0,smoke
window_tail,128_128_128,project_all,2,cache_membership,0,0,0,smoke
window_tail,128_128_128,project_all,2,prefetch,0.0629425048828,2257,0,smoke
window_tail,128_128_128,project_all,2,BF16_H_load,0,0,0,smoke
window_tail,128_128_128,project_all,2,BF16_decode,0,0,0,smoke
window_tail,128_128_128,project_all,2,cold_FP32_reduce,0,0,0,smoke
window_tail,128_128_128,project_all,2,FP32_Q_load,0.0665187835693,2257,0,smoke
window_tail,128_128_128,project_all,2,hot_FP32_reduce,0.0574588775635,2257,0,smoke
window_tail,128_128_128,project_all,2,partial_state_store,0.00286102294922,48,0,smoke
window_tail,128_128_128,project_all,2,partial_hi_pack,0,0,0,smoke
window_tail,128_128_128,project_all,2,partial_lo_pack,0,0,0,smoke
window_tail,128_128_128,project_all,2,AMX_A_load,0,16,0,smoke
window_tail,128_128_128,project_all,2,AMX_B_load,0.000953674316406,32,0,smoke
window_tail,128_128_128,project_all,2,AMX_compute,0.00309944152832,32,0,smoke
window_tail,128_128_128,project_all,2,C_store,0,4,0,smoke
window_tail,128_128_128,project_all,2,hot_cold_merge,0,21,0,smoke
window_tail,128_128_128,project_all,2,output_scatter,0,21,0,smoke
window_tail,128_128_128,project_all,2,cache_H_gather,0.000953674316406,2,0,smoke
window_tail,128_128_128,project_all,2,cache_Q_store,0.00119209289551,2,0,smoke
window_tail,128_128_128,project_all,2,thread_amx_release,0,8,0,smoke
window_tail,128_128_128,project_all,2,partial_state_load,0.00596046447754,48,0,smoke
window_tail,128_128_128,project_used,1,thread_amx_setup,0.000953674316406,8,0,smoke
window_tail,128_128_128,project_used,1,row_metadata,0,2,0,smoke
window_tail,128_128_128,project_used,1,partial_init,0,2,0,smoke
window_tail,128_128_128,project_used,1,csr_index,0.0717639923096,2257,0,smoke
window_tail,128_128_128,project_used,1,cache_membership,0.0576972961426,2257,0,smoke
window_tail,128_128_128,project_used,1,prefetch,0.0743865966797,2257,0,smoke
window_tail,128_128_128,project_used,1,BF16_H_load,0,0,0,smoke
window_tail,128_128_128,project_used,1,BF16_decode,0,0,0,smoke
window_tail,128_128_128,project_used,1,cold_FP32_reduce,0,0,0,smoke
window_tail,128_128_128,project_used,1,FP32_Q_load,0.0655651092529,2257,0,smoke
window_tail,128_128_128,project_used,1,hot_FP32_reduce,0.0674724578857,2257,0,smoke
window_tail,128_128_128,project_used,1,partial_state_store,0.000953674316406,48,0,smoke
window_tail,128_128_128,project_used,1,partial_hi_pack,0,0,0,smoke
window_tail,128_128_128,project_used,1,partial_lo_pack,0,0,0,smoke
window_tail,128_128_128,project_used,1,AMX_A_load,0.000953674316406,16,0,smoke
window_tail,128_128_128,project_used,1,AMX_B_load,0.000953674316406,32,0,smoke
window_tail,128_128_128,project_used,1,AMX_compute,0.00500679016113,32,0,smoke
window_tail,128_128_128,project_used,1,C_store,0,4,0,smoke
window_tail,128_128_128,project_used,1,hot_cold_merge,0,21,0,smoke
window_tail,128_128_128,project_used,1,output_scatter,0.000953674316406,21,0,smoke
window_tail,128_128_128,project_used,1,cache_H_gather,0.000953674316406,2,0,smoke
window_tail,128_128_128,project_used,1,cache_Q_store,0.000953674316406,2,0,smoke
window_tail,128_128_128,project_used,1,thread_amx_release,0,8,0,smoke
window_tail,128_128_128,project_used,1,partial_state_load,0.00214576721191,48,0,smoke
window_tail,128_128_128,project_used,2,thread_amx_setup,0.00286102294922,8,0,smoke
window_tail,128_128_128,project_used,2,row_metadata,0,2,0,smoke
window_tail,128_128_128,project_used,2,partial_init,0.00119209289551,2,0,smoke
window_tail,128_128_128,project_used,2,csr_index,0.0755786895752,2257,0,smoke
window_tail,128_128_128,project_used,2,cache_membership,0.0631809234619,2257,0,smoke
window_tail,128_128_128,project_used,2,prefetch,0.0729560852051,2257,0,smoke
window_tail,128_128_128,project_used,2,BF16_H_load,0,0,0,smoke
window_tail,128_128_128,project_used,2,BF16_decode,0,0,0,smoke
window_tail,128_128_128,project_used,2,cold_FP32_reduce,0,0,0,smoke
window_tail,128_128_128,project_used,2,FP32_Q_load,0.0650882720947,2257,0,smoke
window_tail,128_128_128,project_used,2,hot_FP32_reduce,0.0631809234619,2257,0,smoke
window_tail,128_128_128,project_used,2,partial_state_store,0,48,0,smoke
window_tail,128_128_128,project_used,2,partial_hi_pack,0,0,0,smoke
window_tail,128_128_128,project_used,2,partial_lo_pack,0,0,0,smoke
window_tail,128_128_128,project_used,2,AMX_A_load,0.000953674316406,16,0,smoke
window_tail,128_128_128,project_used,2,AMX_B_load,0.00190734863281,32,0,smoke
window_tail,128_128_128,project_used,2,AMX_compute,0.00405311584473,32,0,smoke
window_tail,128_128_128,project_used,2,C_store,0,4,0,smoke
window_tail,128_128_128,project_used,2,hot_cold_merge,0,21,0,smoke
window_tail,128_128_128,project_used,2,output_scatter,0.00190734863281,21,0,smoke
window_tail,128_128_128,project_used,2,cache_H_gather,0.00190734863281,2,0,smoke
window_tail,128_128_128,project_used,2,cache_Q_store,0,2,0,smoke
window_tail,128_128_128,project_used,2,thread_amx_release,0,8,0,smoke
window_tail,128_128_128,project_used,2,partial_state_load,0,48,0,smoke
window_tail,128_128_128,project_used_L1_full_L2,1,thread_amx_setup,0,8,0,smoke
window_tail,128_128_128,project_used_L1_full_L2,1,row_metadata,0,2,0,smoke
window_tail,128_128_128,project_used_L1_full_L2,1,partial_init,0.00619888305664,2,0,smoke
window_tail,128_128_128,project_used_L1_full_L2,1,csr_index,0.0541210174561,2257,0,smoke
window_tail,128_128_128,project_used_L1_full_L2,1,cache_membership,0.058650970459,2257,0,smoke
window_tail,128_128_128,project_used_L1_full_L2,1,prefetch,0.0622272491455,2257,0,smoke
window_tail,128_128_128,project_used_L1_full_L2,1,BF16_H_load,0,0,0,smoke
window_tail,128_128_128,project_used_L1_full_L2,1,BF16_decode,0,0,0,smoke
window_tail,128_128_128,project_used_L1_full_L2,1,cold_FP32_reduce,0,0,0,smoke
window_tail,128_128_128,project_used_L1_full_L2,1,FP32_Q_load,0.0765323638916,2257,0,smoke
window_tail,128_128_128,project_used_L1_full_L2,1,hot_FP32_reduce,0.0686645507812,2257,0,smoke
window_tail,128_128_128,project_used_L1_full_L2,1,partial_state_store,0.00286102294922,48,0,smoke
window_tail,128_128_128,project_used_L1_full_L2,1,partial_hi_pack,0,0,0,smoke
window_tail,128_128_128,project_used_L1_full_L2,1,partial_lo_pack,0,0,0,smoke
window_tail,128_128_128,project_used_L1_full_L2,1,AMX_A_load,0,16,0,smoke
window_tail,128_128_128,project_used_L1_full_L2,1,AMX_B_load,0.00286102294922,32,0,smoke
window_tail,128_128_128,project_used_L1_full_L2,1,AMX_compute,0.00596046447754,32,0,smoke
window_tail,128_128_128,project_used_L1_full_L2,1,C_store,0,4,0,smoke
window_tail,128_128_128,project_used_L1_full_L2,1,hot_cold_merge,0,21,0,smoke
window_tail,128_128_128,project_used_L1_full_L2,1,output_scatter,0,21,0,smoke
window_tail,128_128_128,project_used_L1_full_L2,1,cache_H_gather,0,2,0,smoke
window_tail,128_128_128,project_used_L1_full_L2,1,cache_Q_store,0,2,0,smoke
window_tail,128_128_128,project_used_L1_full_L2,1,thread_amx_release,0,8,0,smoke
window_tail,128_128_128,project_used_L1_full_L2,1,partial_state_load,0.00190734863281,48,0,smoke
window_tail,128_128_128,project_used_L1_full_L2,2,thread_amx_setup,0,4,0,smoke
window_tail,128_128_128,project_used_L1_full_L2,2,row_metadata,0,2,0,smoke
window_tail,128_128_128,project_used_L1_full_L2,2,partial_init,0,2,0,smoke
window_tail,128_128_128,project_used_L1_full_L2,2,csr_index,0.0631809234619,2257,0,smoke
window_tail,128_128_128,project_used_L1_full_L2,2,cache_membership,0,0,0,smoke
window_tail,128_128_128,project_used_L1_full_L2,2,prefetch,0.0696182250977,2257,0,smoke
window_tail,128_128_128,project_used_L1_full_L2,2,BF16_H_load,0.065803527832,2257,0,smoke
window_tail,128_128_128,project_used_L1_full_L2,2,BF16_decode,0.075101852417,2257,0,smoke
window_tail,128_128_128,project_used_L1_full_L2,2,cold_FP32_reduce,0.0767707824707,2257,0,smoke
window_tail,128_128_128,project_used_L1_full_L2,2,FP32_Q_load,0,0,0,smoke
window_tail,128_128_128,project_used_L1_full_L2,2,hot_FP32_reduce,0,0,0,smoke
window_tail,128_128_128,project_used_L1_full_L2,2,partial_state_store,0.00405311584473,48,0,smoke
window_tail,128_128_128,project_used_L1_full_L2,2,partial_hi_pack,0.00905990600586,256,0,smoke
window_tail,128_128_128,project_used_L1_full_L2,2,partial_lo_pack,0.00905990600586,256,0,smoke
window_tail,128_128_128,project_used_L1_full_L2,2,AMX_A_load,0.000953674316406,32,0,smoke
window_tail,128_128_128,project_used_L1_full_L2,2,AMX_B_load,0.00190734863281,64,0,smoke
window_tail,128_128_128,project_used_L1_full_L2,2,AMX_compute,0.00596046447754,64,0,smoke
window_tail,128_128_128,project_used_L1_full_L2,2,C_store,0,4,0,smoke
window_tail,128_128_128,project_used_L1_full_L2,2,hot_cold_merge,0,0,0,smoke
window_tail,128_128_128,project_used_L1_full_L2,2,output_scatter,0.00119209289551,21,0,smoke
window_tail,128_128_128,project_used_L1_full_L2,2,cache_H_gather,0,0,0,smoke
window_tail,128_128_128,project_used_L1_full_L2,2,cache_Q_store,0,0,0,smoke
window_tail,128_128_128,project_used_L1_full_L2,2,thread_amx_release,0,4,0,smoke
window_tail,128_128_128,project_used_L1_full_L2,2,partial_state_load,0,48,0,smoke
window_high_tail,128_32_32,fused_full_accurate,1,thread_amx_setup,0.000953674316406,4,0,smoke
window_high_tail,128_32_32,fused_full_accurate,1,row_metadata,0,2,0,smoke
window_high_tail,128_32_32,fused_full_accurate,1,partial_init,0,2,0,smoke
window_high_tail,128_32_32,fused_full_accurate,1,csr_index,0.136375427246,4635,0,smoke
window_high_tail,128_32_32,fused_full_accurate,1,cache_membership,0,0,0,smoke
window_high_tail,128_32_32,fused_full_accurate,1,prefetch,0.133514404297,4635,0,smoke
window_high_tail,128_32_32,fused_full_accurate,1,BF16_H_load,0.146865844727,4635,0,smoke
window_high_tail,128_32_32,fused_full_accurate,1,BF16_decode,0.1380443573,4635,0,smoke
window_high_tail,128_32_32,fused_full_accurate,1,cold_FP32_reduce,0.137329101562,4635,0,smoke
window_high_tail,128_32_32,fused_full_accurate,1,FP32_Q_load,0,0,0,smoke
window_high_tail,128_32_32,fused_full_accurate,1,hot_FP32_reduce,0,0,0,smoke
window_high_tail,128_32_32,fused_full_accurate,1,partial_state_store,0.00190734863281,87,0,smoke
window_high_tail,128_32_32,fused_full_accurate,1,partial_hi_pack,0.00739097595215,256,0,smoke
window_high_tail,128_32_32,fused_full_accurate,1,partial_lo_pack,0.00500679016113,256,0,smoke
window_high_tail,128_32_32,fused_full_accurate,1,AMX_A_load,0.000953674316406,16,0,smoke
window_high_tail,128_32_32,fused_full_accurate,1,AMX_B_load,0.000953674316406,16,0,smoke
window_high_tail,128_32_32,fused_full_accurate,1,AMX_compute,0.00286102294922,16,0,smoke
window_high_tail,128_32_32,fused_full_accurate,1,C_store,0,2,0,smoke
window_high_tail,128_32_32,fused_full_accurate,1,hot_cold_merge,0,0,0,smoke
window_high_tail,128_32_32,fused_full_accurate,1,output_scatter,0.000953674316406,25,0,smoke
window_high_tail,128_32_32,fused_full_accurate,1,cache_H_gather,0,0,0,smoke
window_high_tail,128_32_32,fused_full_accurate,1,cache_Q_store,0,0,0,smoke
window_high_tail,128_32_32,fused_full_accurate,1,thread_amx_release,0.00119209289551,4,0,smoke
window_high_tail,128_32_32,fused_full_accurate,1,partial_state_load,0.00309944152832,87,0,smoke
window_high_tail,128_32_32,fused_full_accurate,2,thread_amx_setup,0.000953674316406,4,0,smoke
window_high_tail,128_32_32,fused_full_accurate,2,row_metadata,0,2,0,smoke
window_high_tail,128_32_32,fused_full_accurate,2,partial_init,0.000953674316406,2,0,smoke
window_high_tail,128_32_32,fused_full_accurate,2,csr_index,0.139951705933,4635,0,smoke
window_high_tail,128_32_32,fused_full_accurate,2,cache_membership,0,0,0,smoke
window_high_tail,128_32_32,fused_full_accurate,2,prefetch,0.136852264404,4635,0,smoke
window_high_tail,128_32_32,fused_full_accurate,2,BF16_H_load,0.136613845825,4635,0,smoke
window_high_tail,128_32_32,fused_full_accurate,2,BF16_decode,0.136137008667,4635,0,smoke
window_high_tail,128_32_32,fused_full_accurate,2,cold_FP32_reduce,0.117540359497,4635,0,smoke
window_high_tail,128_32_32,fused_full_accurate,2,FP32_Q_load,0,0,0,smoke
window_high_tail,128_32_32,fused_full_accurate,2,hot_FP32_reduce,0,0,0,smoke
window_high_tail,128_32_32,fused_full_accurate,2,partial_state_store,0.00190734863281,87,0,smoke
window_high_tail,128_32_32,fused_full_accurate,2,partial_hi_pack,0.000953674316406,64,0,smoke
window_high_tail,128_32_32,fused_full_accurate,2,partial_lo_pack,0.000953674316406,64,0,smoke
window_high_tail,128_32_32,fused_full_accurate,2,AMX_A_load,0,4,0,smoke
window_high_tail,128_32_32,fused_full_accurate,2,AMX_B_load,0,4,0,smoke
window_high_tail,128_32_32,fused_full_accurate,2,AMX_compute,0.00286102294922,4,0,smoke
window_high_tail,128_32_32,fused_full_accurate,2,C_store,0,2,0,smoke
window_high_tail,128_32_32,fused_full_accurate,2,hot_cold_merge,0,0,0,smoke
window_high_tail,128_32_32,fused_full_accurate,2,output_scatter,0,25,0,smoke
window_high_tail,128_32_32,fused_full_accurate,2,cache_H_gather,0,0,0,smoke
window_high_tail,128_32_32,fused_full_accurate,2,cache_Q_store,0,0,0,smoke
window_high_tail,128_32_32,fused_full_accurate,2,thread_amx_release,0,4,0,smoke
window_high_tail,128_32_32,fused_full_accurate,2,partial_state_load,0.00190734863281,87,0,smoke
window_high_tail,128_32_32,hybrid_none,1,thread_amx_setup,0,4,0,smoke
window_high_tail,128_32_32,hybrid_none,1,row_metadata,0,2,0,smoke
window_high_tail,128_32_32,hybrid_none,1,partial_init,0.00119209289551,2,0,smoke
window_high_tail,128_32_32,hybrid_none,1,csr_index,0.135898590088,4635,0,smoke
window_high_tail,128_32_32,hybrid_none,1,cache_membership,0.12731552124,4635,0,smoke
window_high_tail,128_32_32,hybrid_none,1,prefetch,0.135898590088,4635,0,smoke
window_high_tail,128_32_32,hybrid_none,1,BF16_H_load,0.135183334351,4635,0,smoke
window_high_tail,128_32_32,hybrid_none,1,BF16_decode,0.133752822876,4635,0,smoke
window_high_tail,128_32_32,hybrid_none,1,cold_FP32_reduce,0.156402587891,4635,0,smoke
window_high_tail,128_32_32,hybrid_none,1,FP32_Q_load,0,0,0,smoke
window_high_tail,128_32_32,hybrid_none,1,hot_FP32_reduce,0,0,0,smoke
window_high_tail,128_32_32,hybrid_none,1,partial_state_store,0.00190734863281,87,0,smoke
window_high_tail,128_32_32,hybrid_none,1,partial_hi_pack,0.00500679016113,256,0,smoke
window_high_tail,128_32_32,hybrid_none,1,partial_lo_pack,0.0102519989014,256,0,smoke
window_high_tail,128_32_32,hybrid_none,1,AMX_A_load,0.00286102294922,16,0,smoke
window_high_tail,128_32_32,hybrid_none,1,AMX_B_load,0.000953674316406,16,0,smoke
window_high_tail,128_32_32,hybrid_none,1,AMX_compute,0.00190734863281,16,0,smoke
window_high_tail,128_32_32,hybrid_none,1,C_store,0,2,0,smoke
window_high_tail,128_32_32,hybrid_none,1,hot_cold_merge,0.000953674316406,25,0,smoke
window_high_tail,128_32_32,hybrid_none,1,output_scatter,0.000953674316406,25,0,smoke
window_high_tail,128_32_32,hybrid_none,1,cache_H_gather,0,0,0,smoke
window_high_tail,128_32_32,hybrid_none,1,cache_Q_store,0,0,0,smoke
window_high_tail,128_32_32,hybrid_none,1,thread_amx_release,0,4,0,smoke
window_high_tail,128_32_32,hybrid_none,1,partial_state_load,0.00405311584473,87,0,smoke
window_high_tail,128_32_32,hybrid_none,2,thread_amx_setup,0.00286102294922,4,0,smoke
window_high_tail,128_32_32,hybrid_none,2,row_metadata,0,2,0,smoke
window_high_tail,128_32_32,hybrid_none,2,partial_init,0,2,0,smoke
window_high_tail,128_32_32,hybrid_none,2,csr_index,0.130653381348,4635,0,smoke
window_high_tail,128_32_32,hybrid_none,2,cache_membership,0.131130218506,4635,0,smoke
window_high_tail,128_32_32,hybrid_none,2,prefetch,0.123500823975,4635,0,smoke
window_high_tail,128_32_32,hybrid_none,2,BF16_H_load,0.134706497192,4635,0,smoke
window_high_tail,128_32_32,hybrid_none,2,BF16_decode,0.133752822876,4635,0,smoke
window_high_tail,128_32_32,hybrid_none,2,cold_FP32_reduce,0.141382217407,4635,0,smoke
window_high_tail,128_32_32,hybrid_none,2,FP32_Q_load,0,0,0,smoke
window_high_tail,128_32_32,hybrid_none,2,hot_FP32_reduce,0,0,0,smoke
window_high_tail,128_32_32,hybrid_none,2,partial_state_store,0.00286102294922,87,0,smoke
window_high_tail,128_32_32,hybrid_none,2,partial_hi_pack,0.00190734863281,64,0,smoke
window_high_tail,128_32_32,hybrid_none,2,partial_lo_pack,0.00619888305664,64,0,smoke
window_high_tail,128_32_32,hybrid_none,2,AMX_A_load,0,4,0,smoke
window_high_tail,128_32_32,hybrid_none,2,AMX_B_load,0,4,0,smoke
window_high_tail,128_32_32,hybrid_none,2,AMX_compute,0.00190734863281,4,0,smoke
window_high_tail,128_32_32,hybrid_none,2,C_store,0.000953674316406,2,0,smoke
window_high_tail,128_32_32,hybrid_none,2,hot_cold_merge,0,25,0,smoke
window_high_tail,128_32_32,hybrid_none,2,output_scatter,0.00119209289551,25,0,smoke
window_high_tail,128_32_32,hybrid_none,2,cache_H_gather,0,0,0,smoke
window_high_tail,128_32_32,hybrid_none,2,cache_Q_store,0,0,0,smoke
window_high_tail,128_32_32,hybrid_none,2,thread_amx_release,0,4,0,smoke
window_high_tail,128_32_32,hybrid_none,2,partial_state_load,0.00190734863281,87,0,smoke
window_high_tail,128_32_32,top_1_64,1,thread_amx_setup,0.00572204589844,8,0,smoke
window_high_tail,128_32_32,top_1_64,1,row_metadata,0,2,0,smoke
window_high_tail,128_32_32,top_1_64,1,partial_init,0,2,0,smoke
window_high_tail,128_32_32,top_1_64,1,csr_index,0.123023986816,4635,0,smoke
window_high_tail,128_32_32,top_1_64,1,cache_membership,0.112056732178,4635,0,smoke
window_high_tail,128_32_32,top_1_64,1,prefetch,0.13256072998,4635,0,smoke
window_high_tail,128_32_32,top_1_64,1,BF16_H_load,0.117301940918,4534,0,smoke
window_high_tail,128_32_32,top_1_64,1,BF16_decode,0.121593475342,4534,0,smoke
window_high_tail,128_32_32,top_1_64,1,cold_FP32_reduce,0.149011611938,4534,0,smoke
window_high_tail,128_32_32,top_1_64,1,FP32_Q_load,0.00476837158203,101,0,smoke
window_high_tail,128_32_32,top_1_64,1,hot_FP32_reduce,0.00596046447754,101,0,smoke
window_high_tail,128_32_32,top_1_64,1,partial_state_store,0.000953674316406,87,0,smoke
window_high_tail,128_32_32,top_1_64,1,partial_hi_pack,0.00739097595215,256,0,smoke
window_high_tail,128_32_32,top_1_64,1,partial_lo_pack,0.00691413879395,256,0,smoke
window_high_tail,128_32_32,top_1_64,1,AMX_A_load,0.00190734863281,20,0,smoke
window_high_tail,128_32_32,top_1_64,1,AMX_B_load,0.00190734863281,20,0,smoke
window_high_tail,128_32_32,top_1_64,1,AMX_compute,0.00596046447754,20,0,smoke
window_high_tail,128_32_32,top_1_64,1,C_store,0.00119209289551,3,0,smoke
window_high_tail,128_32_32,top_1_64,1,hot_cold_merge,0,25,0,smoke
window_high_tail,128_32_32,top_1_64,1,output_scatter,0,25,0,smoke
window_high_tail,128_32_32,top_1_64,1,cache_H_gather,0,1,0,smoke
window_high_tail,128_32_32,top_1_64,1,cache_Q_store,0.00119209289551,1,0,smoke
window_high_tail,128_32_32,top_1_64,1,thread_amx_release,0,8,0,smoke
window_high_tail,128_32_32,top_1_64,1,partial_state_load,0.00286102294922,87,0,smoke
window_high_tail,128_32_32,top_1_64,2,thread_amx_setup,0.000953674316406,8,0,smoke
window_high_tail,128_32_32,top_1_64,2,row_metadata,0,2,0,smoke
window_high_tail,128_32_32,top_1_64,2,partial_init,0,2,0,smoke
window_high_tail,128_32_32,top_1_64,2,csr_index,0.146865844727,4635,0,smoke
window_high_tail,128_32_32,top_1_64,2,cache_membership,0.12469291687,4635,0,smoke
window_high_tail,128_32_32,top_1_64,2,prefetch,0.128030776978,4635,0,smoke
window_high_tail,128_32_32,top_1_64,2,BF16_H_load,0.130176544189,4534,0,smoke
window_high_tail,128_32_32,top_1_64,2,BF16_decode,0.134229660034,4534,0,smoke
window_high_tail,128_32_32,top_1_64,2,cold_FP32_reduce,0.133037567139,4534,0,smoke
window_high_tail,128_32_32,top_1_64,2,FP32_Q_load,0.00190734863281,101,0,smoke
window_high_tail,128_32_32,top_1_64,2,hot_FP32_reduce,0.00381469726562,101,0,smoke
window_high_tail,128_32_32,top_1_64,2,partial_state_store,0.00381469726562,87,0,smoke
window_high_tail,128_32_32,top_1_64,2,partial_hi_pack,0,64,0,smoke
window_high_tail,128_32_32,top_1_64,2,partial_lo_pack,0.000953674316406,64,0,smoke
window_high_tail,128_32_32,top_1_64,2,AMX_A_load,0,5,0,smoke
window_high_tail,128_32_32,top_1_64,2,AMX_B_load,0.00190734863281,5,0,smoke
window_high_tail,128_32_32,top_1_64,2,AMX_compute,0.00286102294922,5,0,smoke
window_high_tail,128_32_32,top_1_64,2,C_store,0,3,0,smoke
window_high_tail,128_32_32,top_1_64,2,hot_cold_merge,0,25,0,smoke
window_high_tail,128_32_32,top_1_64,2,output_scatter,0.00190734863281,25,0,smoke
window_high_tail,128_32_32,top_1_64,2,cache_H_gather,0,1,0,smoke
window_high_tail,128_32_32,top_1_64,2,cache_Q_store,0,1,0,smoke
window_high_tail,128_32_32,top_1_64,2,thread_amx_release,0,8,0,smoke
window_high_tail,128_32_32,top_1_64,2,partial_state_load,0.00119209289551,87,0,smoke
window_high_tail,128_32_32,top_1_16,1,thread_amx_setup,0.00572204589844,8,0,smoke
window_high_tail,128_32_32,top_1_16,1,row_metadata,0,2,0,smoke
window_high_tail,128_32_32,top_1_16,1,partial_init,0,2,0,smoke
window_high_tail,128_32_32,top_1_16,1,csr_index,0.123500823975,4635,0,smoke
window_high_tail,128_32_32,top_1_16,1,cache_membership,0.129699707031,4635,0,smoke
window_high_tail,128_32_32,top_1_16,1,prefetch,0.144481658936,4635,0,smoke
window_high_tail,128_32_32,top_1_16,1,BF16_H_load,0.134468078613,4332,0,smoke
window_high_tail,128_32_32,top_1_16,1,BF16_decode,0.131845474243,4332,0,smoke
window_high_tail,128_32_32,top_1_16,1,cold_FP32_reduce,0.162839889526,4332,0,smoke
window_high_tail,128_32_32,top_1_16,1,FP32_Q_load,0.00691413879395,303,0,smoke
window_high_tail,128_32_32,top_1_16,1,hot_FP32_reduce,0.0100135803223,303,0,smoke
window_high_tail,128_32_32,top_1_16,1,partial_state_store,0.00190734863281,87,0,smoke
window_high_tail,128_32_32,top_1_16,1,partial_hi_pack,0.00715255737305,256,0,smoke
window_high_tail,128_32_32,top_1_16,1,partial_lo_pack,0.0102519989014,256,0,smoke
window_high_tail,128_32_32,top_1_16,1,AMX_A_load,0.00214576721191,20,0,smoke
window_high_tail,128_32_32,top_1_16,1,AMX_B_load,0,20,0,smoke
window_high_tail,128_32_32,top_1_16,1,AMX_compute,0.00429153442383,20,0,smoke
window_high_tail,128_32_32,top_1_16,1,C_store,0,3,0,smoke
window_high_tail,128_32_32,top_1_16,1,hot_cold_merge,0,25,0,smoke
window_high_tail,128_32_32,top_1_16,1,output_scatter,0.000953674316406,25,0,smoke
window_high_tail,128_32_32,top_1_16,1,cache_H_gather,0,1,0,smoke
window_high_tail,128_32_32,top_1_16,1,cache_Q_store,0,1,0,smoke
window_high_tail,128_32_32,top_1_16,1,thread_amx_release,0,8,0,smoke
window_high_tail,128_32_32,top_1_16,1,partial_state_load,0.000953674316406,87,0,smoke
window_high_tail,128_32_32,top_1_16,2,thread_amx_setup,0.000953674316406,8,0,smoke
window_high_tail,128_32_32,top_1_16,2,row_metadata,0.000953674316406,2,0,smoke
window_high_tail,128_32_32,top_1_16,2,partial_init,0,2,0,smoke
window_high_tail,128_32_32,top_1_16,2,csr_index,0.124931335449,4635,0,smoke
window_high_tail,128_32_32,top_1_16,2,cache_membership,0.134706497192,4635,0,smoke
window_high_tail,128_32_32,top_1_16,2,prefetch,0.13279914856,4635,0,smoke
window_high_tail,128_32_32,top_1_16,2,BF16_H_load,0.126600265503,4332,0,smoke
window_high_tail,128_32_32,top_1_16,2,BF16_decode,0.131368637085,4332,0,smoke
window_high_tail,128_32_32,top_1_16,2,cold_FP32_reduce,0.114917755127,4332,0,smoke
window_high_tail,128_32_32,top_1_16,2,FP32_Q_load,0.00572204589844,303,0,smoke
window_high_tail,128_32_32,top_1_16,2,hot_FP32_reduce,0.00119209289551,303,0,smoke
window_high_tail,128_32_32,top_1_16,2,partial_state_store,0.00190734863281,87,0,smoke
window_high_tail,128_32_32,top_1_16,2,partial_hi_pack,0.00214576721191,64,0,smoke
window_high_tail,128_32_32,top_1_16,2,partial_lo_pack,0.00214576721191,64,0,smoke
window_high_tail,128_32_32,top_1_16,2,AMX_A_load,0,5,0,smoke
window_high_tail,128_32_32,top_1_16,2,AMX_B_load,0,5,0,smoke
window_high_tail,128_32_32,top_1_16,2,AMX_compute,0.00190734863281,5,0,smoke
window_high_tail,128_32_32,top_1_16,2,C_store,0,3,0,smoke
window_high_tail,128_32_32,top_1_16,2,hot_cold_merge,0.000953674316406,25,0,smoke
window_high_tail,128_32_32,top_1_16,2,output_scatter,0,25,0,smoke
window_high_tail,128_32_32,top_1_16,2,cache_H_gather,0.00119209289551,1,0,smoke
window_high_tail,128_32_32,top_1_16,2,cache_Q_store,0,1,0,smoke
window_high_tail,128_32_32,top_1_16,2,thread_amx_release,0,8,0,smoke
window_high_tail,128_32_32,top_1_16,2,partial_state_load,0.00476837158203,87,0,smoke
window_high_tail,128_32_32,top_1_4,1,thread_amx_setup,0.00572204589844,8,0,smoke
window_high_tail,128_32_32,top_1_4,1,row_metadata,0,2,0,smoke
window_high_tail,128_32_32,top_1_4,1,partial_init,0,2,0,smoke
window_high_tail,128_32_32,top_1_4,1,csr_index,0.137805938721,4635,0,smoke
window_high_tail,128_32_32,top_1_4,1,cache_membership,0.128746032715,4635,0,smoke
window_high_tail,128_32_32,top_1_4,1,prefetch,0.156879425049,4635,0,smoke
window_high_tail,128_32_32,top_1_4,1,BF16_H_load,0.0998973846436,3443,0,smoke
window_high_tail,128_32_32,top_1_4,1,BF16_decode,0.0979900360107,3443,0,smoke
window_high_tail,128_32_32,top_1_4,1,cold_FP32_reduce,0.126600265503,3443,0,smoke
window_high_tail,128_32_32,top_1_4,1,FP32_Q_load,0.0364780426025,1192,0,smoke
window_high_tail,128_32_32,top_1_4,1,hot_FP32_reduce,0.0298023223877,1192,0,smoke
window_high_tail,128_32_32,top_1_4,1,partial_state_store,0.00286102294922,87,0,smoke
window_high_tail,128_32_32,top_1_4,1,partial_hi_pack,0.00810623168945,256,0,smoke
window_high_tail,128_32_32,top_1_4,1,partial_lo_pack,0.00691413879395,256,0,smoke
window_high_tail,128_32_32,top_1_4,1,AMX_A_load,0.00190734863281,24,0,smoke
window_high_tail,128_32_32,top_1_4,1,AMX_B_load,0,24,0,smoke
window_high_tail,128_32_32,top_1_4,1,AMX_compute,0.00905990600586,24,0,smoke
window_high_tail,128_32_32,top_1_4,1,C_store,0,4,0,smoke
window_high_tail,128_32_32,top_1_4,1,hot_cold_merge,0.000953674316406,25,0,smoke
window_high_tail,128_32_32,top_1_4,1,output_scatter,0.000953674316406,25,0,smoke
window_high_tail,128_32_32,top_1_4,1,cache_H_gather,0.000953674316406,2,0,smoke
window_high_tail,128_32_32,top_1_4,1,cache_Q_store,0,2,0,smoke
window_high_tail,128_32_32,top_1_4,1,thread_amx_release,0.000953674316406,8,0,smoke
window_high_tail,128_32_32,top_1_4,1,partial_state_load,0.00500679016113,87,0,smoke
window_high_tail,128_32_32,top_1_4,2,thread_amx_setup,0.00357627868652,8,0,smoke
window_high_tail,128_32_32,top_1_4,2,row_metadata,0,2,0,smoke
window_high_tail,128_32_32,top_1_4,2,partial_init,0,2,0,smoke
window_high_tail,128_32_32,top_1_4,2,csr_index,0.125646591187,4635,0,smoke
window_high_tail,128_32_32,top_1_4,2,cache_membership,0.115871429443,4635,0,smoke
window_high_tail,128_32_32,top_1_4,2,prefetch,0.124454498291,4635,0,smoke
window_high_tail,128_32_32,top_1_4,2,BF16_H_load,0.0922679901123,3443,0,smoke
window_high_tail,128_32_32,top_1_4,2,BF16_decode,0.0860691070557,3443,0,smoke
window_high_tail,128_32_32,top_1_4,2,cold_FP32_reduce,0.108003616333,3443,0,smoke
window_high_tail,128_32_32,top_1_4,2,FP32_Q_load,0.0314712524414,1192,0,smoke
window_high_tail,128_32_32,top_1_4,2,hot_FP32_reduce,0.0360012054443,1192,0,smoke
window_high_tail,128_32_32,top_1_4,2,partial_state_store,0.00286102294922,87,0,smoke
window_high_tail,128_32_32,top_1_4,2,partial_hi_pack,0,64,0,smoke
window_high_tail,128_32_32,top_1_4,2,partial_lo_pack,0.000953674316406,64,0,smoke
window_high_tail,128_32_32,top_1_4,2,AMX_A_load,0,6,0,smoke
window_high_tail,128_32_32,top_1_4,2,AMX_B_load,0.000953674316406,6,0,smoke
window_high_tail,128_32_32,top_1_4,2,AMX_compute,0.00190734863281,6,0,smoke
window_high_tail,128_32_32,top_1_4,2,C_store,0,4,0,smoke
window_high_tail,128_32_32,top_1_4,2,hot_cold_merge,0,25,0,smoke
window_high_tail,128_32_32,top_1_4,2,output_scatter,0.00214576721191,25,0,smoke
window_high_tail,128_32_32,top_1_4,2,cache_H_gather,0,2,0,smoke
window_high_tail,128_32_32,top_1_4,2,cache_Q_store,0,2,0,smoke
window_high_tail,128_32_32,top_1_4,2,thread_amx_release,0,8,0,smoke
window_high_tail,128_32_32,top_1_4,2,partial_state_load,0.00381469726562,87,0,smoke
window_high_tail,128_32_32,hybrid_all,1,thread_amx_setup,0.00286102294922,8,0,smoke
window_high_tail,128_32_32,hybrid_all,1,row_metadata,0,2,0,smoke
window_high_tail,128_32_32,hybrid_all,1,partial_init,0.000953674316406,2,0,smoke
window_high_tail,128_32_32,hybrid_all,1,csr_index,0.137329101562,4635,0,smoke
window_high_tail,128_32_32,hybrid_all,1,cache_membership,0.139474868774,4635,0,smoke
window_high_tail,128_32_32,hybrid_all,1,prefetch,0.129699707031,4635,0,smoke
window_high_tail,128_32_32,hybrid_all,1,BF16_H_load,0,0,0,smoke
window_high_tail,128_32_32,hybrid_all,1,BF16_decode,0,0,0,smoke
window_high_tail,128_32_32,hybrid_all,1,cold_FP32_reduce,0,0,0,smoke
window_high_tail,128_32_32,hybrid_all,1,FP32_Q_load,0.139713287354,4635,0,smoke
window_high_tail,128_32_32,hybrid_all,1,hot_FP32_reduce,0.138759613037,4635,0,smoke
window_high_tail,128_32_32,hybrid_all,1,partial_state_store,0.00190734863281,87,0,smoke
window_high_tail,128_32_32,hybrid_all,1,partial_hi_pack,0,0,0,smoke
window_high_tail,128_32_32,hybrid_all,1,partial_lo_pack,0,0,0,smoke
window_high_tail,128_32_32,hybrid_all,1,AMX_A_load,0,8,0,smoke
window_high_tail,128_32_32,hybrid_all,1,AMX_B_load,0,8,0,smoke
window_high_tail,128_32_32,hybrid_all,1,AMX_compute,0.0100135803223,8,0,smoke
window_high_tail,128_32_32,hybrid_all,1,C_store,0,2,0,smoke
window_high_tail,128_32_32,hybrid_all,1,hot_cold_merge,0.000953674316406,25,0,smoke
window_high_tail,128_32_32,hybrid_all,1,output_scatter,0.00119209289551,25,0,smoke
window_high_tail,128_32_32,hybrid_all,1,cache_H_gather,0,2,0,smoke
window_high_tail,128_32_32,hybrid_all,1,cache_Q_store,0,2,0,smoke
window_high_tail,128_32_32,hybrid_all,1,thread_amx_release,0.000953674316406,8,0,smoke
window_high_tail,128_32_32,hybrid_all,1,partial_state_load,0.000953674316406,87,0,smoke
window_high_tail,128_32_32,hybrid_all,2,thread_amx_setup,0,8,0,smoke
window_high_tail,128_32_32,hybrid_all,2,row_metadata,0,2,0,smoke
window_high_tail,128_32_32,hybrid_all,2,partial_init,0,2,0,smoke
window_high_tail,128_32_32,hybrid_all,2,csr_index,0.125169754028,4635,0,smoke
window_high_tail,128_32_32,hybrid_all,2,cache_membership,0.137090682983,4635,0,smoke
window_high_tail,128_32_32,hybrid_all,2,prefetch,0.133752822876,4635,0,smoke
window_high_tail,128_32_32,hybrid_all,2,BF16_H_load,0,0,0,smoke
window_high_tail,128_32_32,hybrid_all,2,BF16_decode,0,0,0,smoke
window_high_tail,128_32_32,hybrid_all,2,cold_FP32_reduce,0,0,0,smoke
window_high_tail,128_32_32,hybrid_all,2,FP32_Q_load,0.127077102661,4635,0,smoke
window_high_tail,128_32_32,hybrid_all,2,hot_FP32_reduce,0.138282775879,4635,0,smoke
window_high_tail,128_32_32,hybrid_all,2,partial_state_store,0.00309944152832,87,0,smoke
window_high_tail,128_32_32,hybrid_all,2,partial_hi_pack,0,0,0,smoke
window_high_tail,128_32_32,hybrid_all,2,partial_lo_pack,0,0,0,smoke
window_high_tail,128_32_32,hybrid_all,2,AMX_A_load,0,2,0,smoke
window_high_tail,128_32_32,hybrid_all,2,AMX_B_load,0.000953674316406,2,0,smoke
window_high_tail,128_32_32,hybrid_all,2,AMX_compute,0.00214576721191,2,0,smoke
window_high_tail,128_32_32,hybrid_all,2,C_store,0,2,0,smoke
window_high_tail,128_32_32,hybrid_all,2,hot_cold_merge,0.000953674316406,25,0,smoke
window_high_tail,128_32_32,hybrid_all,2,output_scatter,0.000953674316406,25,0,smoke
window_high_tail,128_32_32,hybrid_all,2,cache_H_gather,0,2,0,smoke
window_high_tail,128_32_32,hybrid_all,2,cache_Q_store,0,2,0,smoke
window_high_tail,128_32_32,hybrid_all,2,thread_amx_release,0.00190734863281,8,0,smoke
window_high_tail,128_32_32,hybrid_all,2,partial_state_load,0.00309944152832,87,0,smoke
window_high_tail,128_32_32,project_all,1,thread_amx_setup,0,8,0,smoke
window_high_tail,128_32_32,project_all,1,row_metadata,0,2,0,smoke
window_high_tail,128_32_32,project_all,1,partial_init,0,2,0,smoke
window_high_tail,128_32_32,project_all,1,csr_index,0.127792358398,4635,0,smoke
window_high_tail,128_32_32,project_all,1,cache_membership,0,0,0,smoke
window_high_tail,128_32_32,project_all,1,prefetch,0.133037567139,4635,0,smoke
window_high_tail,128_32_32,project_all,1,BF16_H_load,0,0,0,smoke
window_high_tail,128_32_32,project_all,1,BF16_decode,0,0,0,smoke
window_high_tail,128_32_32,project_all,1,cold_FP32_reduce,0,0,0,smoke
window_high_tail,128_32_32,project_all,1,FP32_Q_load,0.132083892822,4635,0,smoke
window_high_tail,128_32_32,project_all,1,hot_FP32_reduce,0.133752822876,4635,0,smoke
window_high_tail,128_32_32,project_all,1,partial_state_store,0.00309944152832,87,0,smoke
window_high_tail,128_32_32,project_all,1,partial_hi_pack,0,0,0,smoke
window_high_tail,128_32_32,project_all,1,partial_lo_pack,0,0,0,smoke
window_high_tail,128_32_32,project_all,1,AMX_A_load,0,8,0,smoke
window_high_tail,128_32_32,project_all,1,AMX_B_load,0.000953674316406,8,0,smoke
window_high_tail,128_32_32,project_all,1,AMX_compute,0.000953674316406,8,0,smoke
window_high_tail,128_32_32,project_all,1,C_store,0,2,0,smoke
window_high_tail,128_32_32,project_all,1,hot_cold_merge,0.00119209289551,25,0,smoke
window_high_tail,128_32_32,project_all,1,output_scatter,0,25,0,smoke
window_high_tail,128_32_32,project_all,1,cache_H_gather,0,2,0,smoke
window_high_tail,128_32_32,project_all,1,cache_Q_store,0,2,0,smoke
window_high_tail,128_32_32,project_all,1,thread_amx_release,0,8,0,smoke
window_high_tail,128_32_32,project_all,1,partial_state_load,0.000953674316406,87,0,smoke
window_high_tail,128_32_32,project_all,2,thread_amx_setup,0.00286102294922,8,0,smoke
window_high_tail,128_32_32,project_all,2,row_metadata,0,2,0,smoke
window_high_tail,128_32_32,project_all,2,partial_init,0,2,0,smoke
window_high_tail,128_32_32,project_all,2,csr_index,0.12993812561,4635,0,smoke
window_high_tail,128_32_32,project_all,2,cache_membership,0,0,0,smoke
window_high_tail,128_32_32,project_all,2,prefetch,0.111818313599,4635,0,smoke
window_high_tail,128_32_32,project_all,2,BF16_H_load,0,0,0,smoke
window_high_tail,128_32_32,project_all,2,BF16_decode,0,0,0,smoke
window_high_tail,128_32_32,project_all,2,cold_FP32_reduce,0,0,0,smoke
window_high_tail,128_32_32,project_all,2,FP32_Q_load,0.125408172607,4635,0,smoke
window_high_tail,128_32_32,project_all,2,hot_FP32_reduce,0.148057937622,4635,0,smoke
window_high_tail,128_32_32,project_all,2,partial_state_store,0.00190734863281,87,0,smoke
window_high_tail,128_32_32,project_all,2,partial_hi_pack,0,0,0,smoke
window_high_tail,128_32_32,project_all,2,partial_lo_pack,0,0,0,smoke
window_high_tail,128_32_32,project_all,2,AMX_A_load,0,2,0,smoke
window_high_tail,128_32_32,project_all,2,AMX_B_load,0.000953674316406,2,0,smoke
window_high_tail,128_32_32,project_all,2,AMX_compute,0.00405311584473,2,0,smoke
window_high_tail,128_32_32,project_all,2,C_store,0,2,0,smoke
window_high_tail,128_32_32,project_all,2,hot_cold_merge,0,25,0,smoke
window_high_tail,128_32_32,project_all,2,output_scatter,0.000953674316406,25,0,smoke
window_high_tail,128_32_32,project_all,2,cache_H_gather,0,2,0,smoke
window_high_tail,128_32_32,project_all,2,cache_Q_store,0,2,0,smoke
window_high_tail,128_32_32,project_all,2,thread_amx_release,0,8,0,smoke
window_high_tail,128_32_32,project_all,2,partial_state_load,0.00190734863281,87,0,smoke
window_high_tail,128_32_32,project_used,1,thread_amx_setup,0.00286102294922,8,0,smoke
window_high_tail,128_32_32,project_used,1,row_metadata,0,2,0,smoke
window_high_tail,128_32_32,project_used,1,partial_init,0,2,0,smoke
window_high_tail,128_32_32,project_used,1,csr_index,0.119209289551,4635,0,smoke
window_high_tail,128_32_32,project_used,1,cache_membership,0.115871429443,4635,0,smoke
window_high_tail,128_32_32,project_used,1,prefetch,0.12993812561,4635,0,smoke
window_high_tail,128_32_32,project_used,1,BF16_H_load,0,0,0,smoke
window_high_tail,128_32_32,project_used,1,BF16_decode,0,0,0,smoke
window_high_tail,128_32_32,project_used,1,cold_FP32_reduce,0,0,0,smoke
window_high_tail,128_32_32,project_used,1,FP32_Q_load,0.1220703125,4635,0,smoke
window_high_tail,128_32_32,project_used,1,hot_FP32_reduce,0.12993812561,4635,0,smoke
window_high_tail,128_32_32,project_used,1,partial_state_store,0.00190734863281,87,0,smoke
window_high_tail,128_32_32,project_used,1,partial_hi_pack,0,0,0,smoke
window_high_tail,128_32_32,project_used,1,partial_lo_pack,0,0,0,smoke
window_high_tail,128_32_32,project_used,1,AMX_A_load,0,8,0,smoke
window_high_tail,128_32_32,project_used,1,AMX_B_load,0.000953674316406,8,0,smoke
window_high_tail,128_32_32,project_used,1,AMX_compute,0.00405311584473,8,0,smoke
window_high_tail,128_32_32,project_used,1,C_store,0,2,0,smoke
window_high_tail,128_32_32,project_used,1,hot_cold_merge,0.000953674316406,25,0,smoke
window_high_tail,128_32_32,project_used,1,output_scatter,0.000953674316406,25,0,smoke
window_high_tail,128_32_32,project_used,1,cache_H_gather,0,2,0,smoke
window_high_tail,128_32_32,project_used,1,cache_Q_store,0,2,0,smoke
window_high_tail,128_32_32,project_used,1,thread_amx_release,0,8,0,smoke
window_high_tail,128_32_32,project_used,1,partial_state_load,0.00286102294922,87,0,smoke
window_high_tail,128_32_32,project_used,2,thread_amx_setup,0.00190734863281,8,0,smoke
window_high_tail,128_32_32,project_used,2,row_metadata,0.000953674316406,2,0,smoke
window_high_tail,128_32_32,project_used,2,partial_init,0.000953674316406,2,0,smoke
window_high_tail,128_32_32,project_used,2,csr_index,0.0908374786377,4635,0,smoke
window_high_tail,128_32_32,project_used,2,cache_membership,0.13542175293,4635,0,smoke
window_high_tail,128_32_32,project_used,2,prefetch,0.16188621521,4635,0,smoke
window_high_tail,128_32_32,project_used,2,BF16_H_load,0,0,0,smoke
window_high_tail,128_32_32,project_used,2,BF16_decode,0,0,0,smoke
window_high_tail,128_32_32,project_used,2,cold_FP32_reduce,0,0,0,smoke
window_high_tail,128_32_32,project_used,2,FP32_Q_load,0.133037567139,4635,0,smoke
window_high_tail,128_32_32,project_used,2,hot_FP32_reduce,0.105142593384,4635,0,smoke
window_high_tail,128_32_32,project_used,2,partial_state_store,0.000953674316406,87,0,smoke
window_high_tail,128_32_32,project_used,2,partial_hi_pack,0,0,0,smoke
window_high_tail,128_32_32,project_used,2,partial_lo_pack,0,0,0,smoke
window_high_tail,128_32_32,project_used,2,AMX_A_load,0,2,0,smoke
window_high_tail,128_32_32,project_used,2,AMX_B_load,0,2,0,smoke
window_high_tail,128_32_32,project_used,2,AMX_compute,0.00214576721191,2,0,smoke
window_high_tail,128_32_32,project_used,2,C_store,0,2,0,smoke
window_high_tail,128_32_32,project_used,2,hot_cold_merge,0.00119209289551,25,0,smoke
window_high_tail,128_32_32,project_used,2,output_scatter,0.000953674316406,25,0,smoke
window_high_tail,128_32_32,project_used,2,cache_H_gather,0,2,0,smoke
window_high_tail,128_32_32,project_used,2,cache_Q_store,0.00119209289551,2,0,smoke
window_high_tail,128_32_32,project_used,2,thread_amx_release,0.00286102294922,8,0,smoke
window_high_tail,128_32_32,project_used,2,partial_state_load,0.00405311584473,87,0,smoke
window_high_tail,128_32_32,project_used_L1_full_L2,1,thread_amx_setup,0.00739097595215,8,0,smoke
window_high_tail,128_32_32,project_used_L1_full_L2,1,row_metadata,0,2,0,smoke
window_high_tail,128_32_32,project_used_L1_full_L2,1,partial_init,0,2,0,smoke
window_high_tail,128_32_32,project_used_L1_full_L2,1,csr_index,0.124931335449,4635,0,smoke
window_high_tail,128_32_32,project_used_L1_full_L2,1,cache_membership,0.124216079712,4635,0,smoke
window_high_tail,128_32_32,project_used_L1_full_L2,1,prefetch,0.132322311401,4635,0,smoke
window_high_tail,128_32_32,project_used_L1_full_L2,1,BF16_H_load,0,0,0,smoke
window_high_tail,128_32_32,project_used_L1_full_L2,1,BF16_decode,0,0,0,smoke
window_high_tail,128_32_32,project_used_L1_full_L2,1,cold_FP32_reduce,0,0,0,smoke
window_high_tail,128_32_32,project_used_L1_full_L2,1,FP32_Q_load,0.12993812561,4635,0,smoke
window_high_tail,128_32_32,project_used_L1_full_L2,1,hot_FP32_reduce,0.12993812561,4635,0,smoke
window_high_tail,128_32_32,project_used_L1_full_L2,1,partial_state_store,0.00309944152832,87,0,smoke
window_high_tail,128_32_32,project_used_L1_full_L2,1,partial_hi_pack,0,0,0,smoke
window_high_tail,128_32_32,project_used_L1_full_L2,1,partial_lo_pack,0,0,0,smoke
window_high_tail,128_32_32,project_used_L1_full_L2,1,AMX_A_load,0,8,0,smoke
window_high_tail,128_32_32,project_used_L1_full_L2,1,AMX_B_load,0,8,0,smoke
window_high_tail,128_32_32,project_used_L1_full_L2,1,AMX_compute,0.00476837158203,8,0,smoke
window_high_tail,128_32_32,project_used_L1_full_L2,1,C_store,0,2,0,smoke
window_high_tail,128_32_32,project_used_L1_full_L2,1,hot_cold_merge,0,25,0,smoke
window_high_tail,128_32_32,project_used_L1_full_L2,1,output_scatter,0.000953674316406,25,0,smoke
window_high_tail,128_32_32,project_used_L1_full_L2,1,cache_H_gather,0,2,0,smoke
window_high_tail,128_32_32,project_used_L1_full_L2,1,cache_Q_store,0,2,0,smoke
window_high_tail,128_32_32,project_used_L1_full_L2,1,thread_amx_release,0,8,0,smoke
window_high_tail,128_32_32,project_used_L1_full_L2,1,partial_state_load,0.00214576721191,87,0,smoke
window_high_tail,128_32_32,project_used_L1_full_L2,2,thread_amx_setup,0.00381469726562,4,0,smoke
window_high_tail,128_32_32,project_used_L1_full_L2,2,row_metadata,0,2,0,smoke
window_high_tail,128_32_32,project_used_L1_full_L2,2,partial_init,0,2,0,smoke
window_high_tail,128_32_32,project_used_L1_full_L2,2,csr_index,0.12993812561,4635,0,smoke
window_high_tail,128_32_32,project_used_L1_full_L2,2,cache_membership,0,0,0,smoke
window_high_tail,128_32_32,project_used_L1_full_L2,2,prefetch,0.123023986816,4635,0,smoke
window_high_tail,128_32_32,project_used_L1_full_L2,2,BF16_H_load,0.136375427246,4635,0,smoke
window_high_tail,128_32_32,project_used_L1_full_L2,2,BF16_decode,0.141143798828,4635,0,smoke
window_high_tail,128_32_32,project_used_L1_full_L2,2,cold_FP32_reduce,0.131368637085,4635,0,smoke
window_high_tail,128_32_32,project_used_L1_full_L2,2,FP32_Q_load,0,0,0,smoke
window_high_tail,128_32_32,project_used_L1_full_L2,2,hot_FP32_reduce,0,0,0,smoke
window_high_tail,128_32_32,project_used_L1_full_L2,2,partial_state_store,0.00119209289551,87,0,smoke
window_high_tail,128_32_32,project_used_L1_full_L2,2,partial_hi_pack,0.00190734863281,64,0,smoke
window_high_tail,128_32_32,project_used_L1_full_L2,2,partial_lo_pack,0.00309944152832,64,0,smoke
window_high_tail,128_32_32,project_used_L1_full_L2,2,AMX_A_load,0,4,0,smoke
window_high_tail,128_32_32,project_used_L1_full_L2,2,AMX_B_load,0,4,0,smoke
window_high_tail,128_32_32,project_used_L1_full_L2,2,AMX_compute,0.000953674316406,4,0,smoke
window_high_tail,128_32_32,project_used_L1_full_L2,2,C_store,0,2,0,smoke
window_high_tail,128_32_32,project_used_L1_full_L2,2,hot_cold_merge,0,0,0,smoke
window_high_tail,128_32_32,project_used_L1_full_L2,2,output_scatter,0.000953674316406,25,0,smoke
window_high_tail,128_32_32,project_used_L1_full_L2,2,cache_H_gather,0,0,0,smoke
window_high_tail,128_32_32,project_used_L1_full_L2,2,cache_Q_store,0,0,0,smoke
window_high_tail,128_32_32,project_used_L1_full_L2,2,thread_amx_release,0.000953674316406,4,0,smoke
window_high_tail,128_32_32,project_used_L1_full_L2,2,partial_state_load,0,87,0,smoke
window_high_tail,128_128_128,fused_full_accurate,1,thread_amx_setup,0.00190734863281,4,0,smoke
window_high_tail,128_128_128,fused_full_accurate,1,row_metadata,0,2,0,smoke
window_high_tail,128_128_128,fused_full_accurate,1,partial_init,0.000953674316406,2,0,smoke
window_high_tail,128_128_128,fused_full_accurate,1,csr_index,0.137329101562,4635,0,smoke
window_high_tail,128_128_128,fused_full_accurate,1,cache_membership,0,0,0,smoke
window_high_tail,128_128_128,fused_full_accurate,1,prefetch,0.144481658936,4635,0,smoke
window_high_tail,128_128_128,fused_full_accurate,1,BF16_H_load,0.154495239258,4635,0,smoke
window_high_tail,128_128_128,fused_full_accurate,1,BF16_decode,0.154495239258,4635,0,smoke
window_high_tail,128_128_128,fused_full_accurate,1,cold_FP32_reduce,0.124454498291,4635,0,smoke
window_high_tail,128_128_128,fused_full_accurate,1,FP32_Q_load,0,0,0,smoke
window_high_tail,128_128_128,fused_full_accurate,1,hot_FP32_reduce,0,0,0,smoke
window_high_tail,128_128_128,fused_full_accurate,1,partial_state_store,0.00572204589844,87,0,smoke
window_high_tail,128_128_128,fused_full_accurate,1,partial_hi_pack,0.00810623168945,256,0,smoke
window_high_tail,128_128_128,fused_full_accurate,1,partial_lo_pack,0.00333786010742,256,0,smoke
window_high_tail,128_128_128,fused_full_accurate,1,AMX_A_load,0.00119209289551,32,0,smoke
window_high_tail,128_128_128,fused_full_accurate,1,AMX_B_load,0.00500679016113,64,0,smoke
window_high_tail,128_128_128,fused_full_accurate,1,AMX_compute,0.00381469726562,64,0,smoke
window_high_tail,128_128_128,fused_full_accurate,1,C_store,0,4,0,smoke
window_high_tail,128_128_128,fused_full_accurate,1,hot_cold_merge,0,0,0,smoke
window_high_tail,128_128_128,fused_full_accurate,1,output_scatter,0.00119209289551,25,0,smoke
window_high_tail,128_128_128,fused_full_accurate,1,cache_H_gather,0,0,0,smoke
window_high_tail,128_128_128,fused_full_accurate,1,cache_Q_store,0,0,0,smoke
window_high_tail,128_128_128,fused_full_accurate,1,thread_amx_release,0,4,0,smoke
window_high_tail,128_128_128,fused_full_accurate,1,partial_state_load,0.00214576721191,87,0,smoke
window_high_tail,128_128_128,fused_full_accurate,2,thread_amx_setup,0.00190734863281,4,0,smoke
window_high_tail,128_128_128,fused_full_accurate,2,row_metadata,0,2,0,smoke
window_high_tail,128_128_128,fused_full_accurate,2,partial_init,0.000953674316406,2,0,smoke
window_high_tail,128_128_128,fused_full_accurate,2,csr_index,0.124931335449,4635,0,smoke
window_high_tail,128_128_128,fused_full_accurate,2,cache_membership,0,0,0,smoke
window_high_tail,128_128_128,fused_full_accurate,2,prefetch,0.129222869873,4635,0,smoke
window_high_tail,128_128_128,fused_full_accurate,2,BF16_H_load,0.156164169312,4635,0,smoke
window_high_tail,128_128_128,fused_full_accurate,2,BF16_decode,0.144720077515,4635,0,smoke
window_high_tail,128_128_128,fused_full_accurate,2,cold_FP32_reduce,0.131130218506,4635,0,smoke
window_high_tail,128_128_128,fused_full_accurate,2,FP32_Q_load,0,0,0,smoke
window_high_tail,128_128_128,fused_full_accurate,2,hot_FP32_reduce,0,0,0,smoke
window_high_tail,128_128_128,fused_full_accurate,2,partial_state_store,0.00500679016113,87,0,smoke
window_high_tail,128_128_128,fused_full_accurate,2,partial_hi_pack,0.00786781311035,256,0,smoke
window_high_tail,128_128_128,fused_full_accurate,2,partial_lo_pack,0.0100135803223,256,0,smoke
window_high_tail,128_128_128,fused_full_accurate,2,AMX_A_load,0.000953674316406,32,0,smoke
window_high_tail,128_128_128,fused_full_accurate,2,AMX_B_load,0.00286102294922,64,0,smoke
window_high_tail,128_128_128,fused_full_accurate,2,AMX_compute,0.00429153442383,64,0,smoke
window_high_tail,128_128_128,fused_full_accurate,2,C_store,0,4,0,smoke
window_high_tail,128_128_128,fused_full_accurate,2,hot_cold_merge,0,0,0,smoke
window_high_tail,128_128_128,fused_full_accurate,2,output_scatter,0.00119209289551,25,0,smoke
window_high_tail,128_128_128,fused_full_accurate,2,cache_H_gather,0,0,0,smoke
window_high_tail,128_128_128,fused_full_accurate,2,cache_Q_store,0,0,0,smoke
window_high_tail,128_128_128,fused_full_accurate,2,thread_amx_release,0,4,0,smoke
window_high_tail,128_128_128,fused_full_accurate,2,partial_state_load,0.00405311584473,87,0,smoke
window_high_tail,128_128_128,hybrid_none,1,thread_amx_setup,0.00953674316406,4,0,smoke
window_high_tail,128_128_128,hybrid_none,1,row_metadata,0,2,0,smoke
window_high_tail,128_128_128,hybrid_none,1,partial_init,0.000953674316406,2,0,smoke
window_high_tail,128_128_128,hybrid_none,1,csr_index,0.133991241455,4635,0,smoke
window_high_tail,128_128_128,hybrid_none,1,cache_membership,0.121593475342,4635,0,smoke
window_high_tail,128_128_128,hybrid_none,1,prefetch,0.135660171509,4635,0,smoke
window_high_tail,128_128_128,hybrid_none,1,BF16_H_load,0.155687332153,4635,0,smoke
window_high_tail,128_128_128,hybrid_none,1,BF16_decode,0.123262405396,4635,0,smoke
window_high_tail,128_128_128,hybrid_none,1,cold_FP32_reduce,0.167846679688,4635,0,smoke
window_high_tail,128_128_128,hybrid_none,1,FP32_Q_load,0,0,0,smoke
window_high_tail,128_128_128,hybrid_none,1,hot_FP32_reduce,0,0,0,smoke
window_high_tail,128_128_128,hybrid_none,1,partial_state_store,0.00500679016113,87,0,smoke
window_high_tail,128_128_128,hybrid_none,1,partial_hi_pack,0.00786781311035,256,0,smoke
window_high_tail,128_128_128,hybrid_none,1,partial_lo_pack,0.00953674316406,256,0,smoke
window_high_tail,128_128_128,hybrid_none,1,AMX_A_load,0.00214576721191,32,0,smoke
window_high_tail,128_128_128,hybrid_none,1,AMX_B_load,0.00405311584473,64,0,smoke
window_high_tail,128_128_128,hybrid_none,1,AMX_compute,0.00286102294922,64,0,smoke
window_high_tail,128_128_128,hybrid_none,1,C_store,0.000953674316406,4,0,smoke
window_high_tail,128_128_128,hybrid_none,1,hot_cold_merge,0.00119209289551,25,0,smoke
window_high_tail,128_128_128,hybrid_none,1,output_scatter,0.00119209289551,25,0,smoke
window_high_tail,128_128_128,hybrid_none,1,cache_H_gather,0,0,0,smoke
window_high_tail,128_128_128,hybrid_none,1,cache_Q_store,0,0,0,smoke
window_high_tail,128_128_128,hybrid_none,1,thread_amx_release,0,4,0,smoke
window_high_tail,128_128_128,hybrid_none,1,partial_state_load,0.00190734863281,87,0,smoke
window_high_tail,128_128_128,hybrid_none,2,thread_amx_setup,0.00405311584473,4,0,smoke
window_high_tail,128_128_128,hybrid_none,2,row_metadata,0,2,0,smoke
window_high_tail,128_128_128,hybrid_none,2,partial_init,0.000953674316406,2,0,smoke
window_high_tail,128_128_128,hybrid_none,2,csr_index,0.123977661133,4635,0,smoke
window_high_tail,128_128_128,hybrid_none,2,cache_membership,0.127553939819,4635,0,smoke
window_high_tail,128_128_128,hybrid_none,2,prefetch,0.134229660034,4635,0,smoke
window_high_tail,128_128_128,hybrid_none,2,BF16_H_load,0.133037567139,4635,0,smoke
window_high_tail,128_128_128,hybrid_none,2,BF16_decode,0.150203704834,4635,0,smoke
window_high_tail,128_128_128,hybrid_none,2,cold_FP32_reduce,0.168561935425,4635,0,smoke
window_high_tail,128_128_128,hybrid_none,2,FP32_Q_load,0,0,0,smoke
window_high_tail,128_128_128,hybrid_none,2,hot_FP32_reduce,0,0,0,smoke
window_high_tail,128_128_128,hybrid_none,2,partial_state_store,0.00309944152832,87,0,smoke
window_high_tail,128_128_128,hybrid_none,2,partial_hi_pack,0.00572204589844,256,0,smoke
window_high_tail,128_128_128,hybrid_none,2,partial_lo_pack,0.00882148742676,256,0,smoke
window_high_tail,128_128_128,hybrid_none,2,AMX_A_load,0.000953674316406,32,0,smoke
window_high_tail,128_128_128,hybrid_none,2,AMX_B_load,0.00405311584473,64,0,smoke
window_high_tail,128_128_128,hybrid_none,2,AMX_compute,0.00405311584473,64,0,smoke
window_high_tail,128_128_128,hybrid_none,2,C_store,0,4,0,smoke
window_high_tail,128_128_128,hybrid_none,2,hot_cold_merge,0.00214576721191,25,0,smoke
window_high_tail,128_128_128,hybrid_none,2,output_scatter,0.00119209289551,25,0,smoke
window_high_tail,128_128_128,hybrid_none,2,cache_H_gather,0,0,0,smoke
window_high_tail,128_128_128,hybrid_none,2,cache_Q_store,0,0,0,smoke
window_high_tail,128_128_128,hybrid_none,2,thread_amx_release,0,4,0,smoke
window_high_tail,128_128_128,hybrid_none,2,partial_state_load,0.00309944152832,87,0,smoke
window_high_tail,128_128_128,top_1_64,1,thread_amx_setup,0.00381469726562,8,0,smoke
window_high_tail,128_128_128,top_1_64,1,row_metadata,0.000953674316406,2,0,smoke
window_high_tail,128_128_128,top_1_64,1,partial_init,0,2,0,smoke
window_high_tail,128_128_128,top_1_64,1,csr_index,0.143527984619,4635,0,smoke
window_high_tail,128_128_128,top_1_64,1,cache_membership,0.124454498291,4635,0,smoke
window_high_tail,128_128_128,top_1_64,1,prefetch,0.144958496094,4635,0,smoke
window_high_tail,128_128_128,top_1_64,1,BF16_H_load,0.134468078613,4534,0,smoke
window_high_tail,128_128_128,top_1_64,1,BF16_decode,0.128269195557,4534,0,smoke
window_high_tail,128_128_128,top_1_64,1,cold_FP32_reduce,0.154495239258,4534,0,smoke
window_high_tail,128_128_128,top_1_64,1,FP32_Q_load,0.00381469726562,101,0,smoke
window_high_tail,128_128_128,top_1_64,1,hot_FP32_reduce,0.00619888305664,101,0,smoke
window_high_tail,128_128_128,top_1_64,1,partial_state_store,0.00691413879395,87,0,smoke
window_high_tail,128_128_128,top_1_64,1,partial_hi_pack,0.00929832458496,256,0,smoke
window_high_tail,128_128_128,top_1_64,1,partial_lo_pack,0.00929832458496,256,0,smoke
window_high_tail,128_128_128,top_1_64,1,AMX_A_load,0,40,0,smoke
window_high_tail,128_128_128,top_1_64,1,AMX_B_load,0.00286102294922,80,0,smoke
window_high_tail,128_128_128,top_1_64,1,AMX_compute,0.00286102294922,80,0,smoke
window_high_tail,128_128_128,top_1_64,1,C_store,0.00119209289551,6,0,smoke
window_high_tail,128_128_128,top_1_64,1,hot_cold_merge,0,25,0,smoke
window_high_tail,128_128_128,top_1_64,1,output_scatter,0,25,0,smoke
window_high_tail,128_128_128,top_1_64,1,cache_H_gather,0,1,0,smoke
window_high_tail,128_128_128,top_1_64,1,cache_Q_store,0,1,0,smoke
window_high_tail,128_128_128,top_1_64,1,thread_amx_release,0,8,0,smoke
window_high_tail,128_128_128,top_1_64,1,partial_state_load,0.00190734863281,87,0,smoke
window_high_tail,128_128_128,top_1_64,2,thread_amx_setup,0,8,0,smoke
window_high_tail,128_128_128,top_1_64,2,row_metadata,0,2,0,smoke
window_high_tail,128_128_128,top_1_64,2,partial_init,0.00190734863281,2,0,smoke
window_high_tail,128_128_128,top_1_64,2,csr_index,0.126838684082,4635,0,smoke
window_high_tail,128_128_128,top_1_64,2,cache_membership,0.134706497192,4635,0,smoke
window_high_tail,128_128_128,top_1_64,2,prefetch,0.138521194458,4635,0,smoke
window_high_tail,128_128_128,top_1_64,2,BF16_H_load,0.144004821777,4534,0,smoke
window_high_tail,128_128_128,top_1_64,2,BF16_decode,0.133514404297,4534,0,smoke
window_high_tail,128_128_128,top_1_64,2,cold_FP32_reduce,0.153779983521,4534,0,smoke
window_high_tail,128_128_128,top_1_64,2,FP32_Q_load,0.00190734863281,101,0,smoke
window_high_tail,128_128_128,top_1_64,2,hot_FP32_reduce,0.00238418579102,101,0,smoke
window_high_tail,128_128_128,top_1_64,2,partial_state_store,0.00286102294922,87,0,smoke
window_high_tail,128_128_128,top_1_64,2,partial_hi_pack,0.00810623168945,256,0,smoke
window_high_tail,128_128_128,top_1_64,2,partial_lo_pack,0.00905990600586,256,0,smoke
window_high_tail,128_128_128,top_1_64,2,AMX_A_load,0.00286102294922,40,0,smoke
window_high_tail,128_128_128,top_1_64,2,AMX_B_load,0.00619888305664,80,0,smoke
window_high_tail,128_128_128,top_1_64,2,AMX_compute,0.00476837158203,80,0,smoke
window_high_tail,128_128_128,top_1_64,2,C_store,0,6,0,smoke
window_high_tail,128_128_128,top_1_64,2,hot_cold_merge,0,25,0,smoke
window_high_tail,128_128_128,top_1_64,2,output_scatter,0.00190734863281,25,0,smoke
window_high_tail,128_128_128,top_1_64,2,cache_H_gather,0,1,0,smoke
window_high_tail,128_128_128,top_1_64,2,cache_Q_store,0,1,0,smoke
window_high_tail,128_128_128,top_1_64,2,thread_amx_release,0,8,0,smoke
window_high_tail,128_128_128,top_1_64,2,partial_state_load,0.00190734863281,87,0,smoke
window_high_tail,128_128_128,top_1_16,1,thread_amx_setup,0,8,0,smoke
window_high_tail,128_128_128,top_1_16,1,row_metadata,0.000953674316406,2,0,smoke
window_high_tail,128_128_128,top_1_16,1,partial_init,0.000953674316406,2,0,smoke
window_high_tail,128_128_128,top_1_16,1,csr_index,0.138998031616,4635,0,smoke
window_high_tail,128_128_128,top_1_16,1,cache_membership,0.127077102661,4635,0,smoke
window_high_tail,128_128_128,top_1_16,1,prefetch,0.130891799927,4635,0,smoke
window_high_tail,128_128_128,top_1_16,1,BF16_H_load,0.133037567139,4332,0,smoke
window_high_tail,128_128_128,top_1_16,1,BF16_decode,0.119686126709,4332,0,smoke
window_high_tail,128_128_128,top_1_16,1,cold_FP32_reduce,0.156164169312,4332,0,smoke
window_high_tail,128_128_128,top_1_16,1,FP32_Q_load,0.00977516174316,303,0,smoke
window_high_tail,128_128_128,top_1_16,1,hot_FP32_reduce,0.00691413879395,303,0,smoke
window_high_tail,128_128_128,top_1_16,1,partial_state_store,0.00190734863281,87,0,smoke
window_high_tail,128_128_128,top_1_16,1,partial_hi_pack,0.00596046447754,256,0,smoke
window_high_tail,128_128_128,top_1_16,1,partial_lo_pack,0.00929832458496,256,0,smoke
window_high_tail,128_128_128,top_1_16,1,AMX_A_load,0.00500679016113,40,0,smoke
window_high_tail,128_128_128,top_1_16,1,AMX_B_load,0.00476837158203,80,0,smoke
window_high_tail,128_128_128,top_1_16,1,AMX_compute,0.00190734863281,80,0,smoke
window_high_tail,128_128_128,top_1_16,1,C_store,0,6,0,smoke
window_high_tail,128_128_128,top_1_16,1,hot_cold_merge,0.00214576721191,25,0,smoke
window_high_tail,128_128_128,top_1_16,1,output_scatter,0,25,0,smoke
window_high_tail,128_128_128,top_1_16,1,cache_H_gather,0,1,0,smoke
window_high_tail,128_128_128,top_1_16,1,cache_Q_store,0,1,0,smoke
window_high_tail,128_128_128,top_1_16,1,thread_amx_release,0,8,0,smoke
window_high_tail,128_128_128,top_1_16,1,partial_state_load,0.00381469726562,87,0,smoke
window_high_tail,128_128_128,top_1_16,2,thread_amx_setup,0.000953674316406,8,0,smoke
window_high_tail,128_128_128,top_1_16,2,row_metadata,0,2,0,smoke
window_high_tail,128_128_128,top_1_16,2,partial_init,0.000953674316406,2,0,smoke
window_high_tail,128_128_128,top_1_16,2,csr_index,0.134706497192,4635,0,smoke
window_high_tail,128_128_128,top_1_16,2,cache_membership,0.140190124512,4635,0,smoke
window_high_tail,128_128_128,top_1_16,2,prefetch,0.122785568237,4635,0,smoke
window_high_tail,128_128_128,top_1_16,2,BF16_H_load,0.137567520142,4332,0,smoke
window_high_tail,128_128_128,top_1_16,2,BF16_decode,0.127077102661,4332,0,smoke
window_high_tail,128_128_128,top_1_16,2,cold_FP32_reduce,0.151634216309,4332,0,smoke
window_high_tail,128_128_128,top_1_16,2,FP32_Q_load,0.0193119049072,303,0,smoke
window_high_tail,128_128_128,top_1_16,2,hot_FP32_reduce,0.0126361846924,303,0,smoke
window_high_tail,128_128_128,top_1_16,2,partial_state_store,0,87,0,smoke
window_high_tail,128_128_128,top_1_16,2,partial_hi_pack,0.00715255737305,256,0,smoke
window_high_tail,128_128_128,top_1_16,2,partial_lo_pack,0.00715255737305,256,0,smoke
window_high_tail,128_128_128,top_1_16,2,AMX_A_load,0.000953674316406,40,0,smoke
window_high_tail,128_128_128,top_1_16,2,AMX_B_load,0.00286102294922,80,0,smoke
window_high_tail,128_128_128,top_1_16,2,AMX_compute,0.0109672546387,80,0,smoke
window_high_tail,128_128_128,top_1_16,2,C_store,0,6,0,smoke
window_high_tail,128_128_128,top_1_16,2,hot_cold_merge,0.000953674316406,25,0,smoke
window_high_tail,128_128_128,top_1_16,2,output_scatter,0.00190734863281,25,0,smoke
window_high_tail,128_128_128,top_1_16,2,cache_H_gather,0,1,0,smoke
window_high_tail,128_128_128,top_1_16,2,cache_Q_store,0,1,0,smoke
window_high_tail,128_128_128,top_1_16,2,thread_amx_release,0,8,0,smoke
window_high_tail,128_128_128,top_1_16,2,partial_state_load,0.000953674316406,87,0,smoke
window_high_tail,128_128_128,top_1_4,1,thread_amx_setup,0.00238418579102,8,0,smoke
window_high_tail,128_128_128,top_1_4,1,row_metadata,0,2,0,smoke
window_high_tail,128_128_128,top_1_4,1,partial_init,0.00238418579102,2,0,smoke
window_high_tail,128_128_128,top_1_4,1,csr_index,0.140428543091,4635,0,smoke
window_high_tail,128_128_128,top_1_4,1,cache_membership,0.122547149658,4635,0,smoke
window_high_tail,128_128_128,top_1_4,1,prefetch,0.140190124512,4635,0,smoke
window_high_tail,128_128_128,top_1_4,1,BF16_H_load,0.111818313599,3443,0,smoke
window_high_tail,128_128_128,top_1_4,1,BF16_decode,0.105142593384,3443,0,smoke
window_high_tail,128_128_128,top_1_4,1,cold_FP32_reduce,0.12993812561,3443,0,smoke
window_high_tail,128_128_128,top_1_4,1,FP32_Q_load,0.0407695770264,1192,0,smoke
window_high_tail,128_128_128,top_1_4,1,hot_FP32_reduce,0.0388622283936,1192,0,smoke
window_high_tail,128_128_128,top_1_4,1,partial_state_store,0.00834465026855,87,0,smoke
window_high_tail,128_128_128,top_1_4,1,partial_hi_pack,0.00691413879395,256,0,smoke
window_high_tail,128_128_128,top_1_4,1,partial_lo_pack,0.00810623168945,256,0,smoke
window_high_tail,128_128_128,top_1_4,1,AMX_A_load,0.000953674316406,48,0,smoke
window_high_tail,128_128_128,top_1_4,1,AMX_B_load,0.00309944152832,96,0,smoke
window_high_tail,128_128_128,top_1_4,1,AMX_compute,0.00882148742676,96,0,smoke
window_high_tail,128_128_128,top_1_4,1,C_store,0.000953674316406,8,0,smoke
window_high_tail,128_128_128,top_1_4,1,hot_cold_merge,0.000953674316406,25,0,smoke
window_high_tail,128_128_128,top_1_4,1,output_scatter,0,25,0,smoke
window_high_tail,128_128_128,top_1_4,1,cache_H_gather,0,2,0,smoke
window_high_tail,128_128_128,top_1_4,1,cache_Q_store,0.000953674316406,2,0,smoke
window_high_tail,128_128_128,top_1_4,1,thread_amx_release,0,8,0,smoke
window_high_tail,128_128_128,top_1_4,1,partial_state_load,0.00214576721191,87,0,smoke
window_high_tail,128_128_128,top_1_4,2,thread_amx_setup,0.00190734863281,8,0,smoke
window_high_tail,128_128_128,top_1_4,2,row_metadata,0,2,0,smoke
window_high_tail,128_128_128,top_1_4,2,partial_init,0.00190734863281,2,0,smoke
window_high_tail,128_128_128,top_1_4,2,csr_index,0.128269195557,4635,0,smoke
window_high_tail,128_128_128,top_1_4,2,cache_membership,0.125408172607,4635,0,smoke
window_high_tail,128_128_128,top_1_4,2,prefetch,0.138521194458,4635,0,smoke
window_high_tail,128_128_128,top_1_4,2,BF16_H_load,0.103235244751,3443,0,smoke
window_high_tail,128_128_128,top_1_4,2,BF16_decode,0.091552734375,3443,0,smoke
window_high_tail,128_128_128,top_1_4,2,cold_FP32_reduce,0.107765197754,3443,0,smoke
window_high_tail,128_128_128,top_1_4,2,FP32_Q_load,0.0393390655518,1192,0,smoke
window_high_tail,128_128_128,top_1_4,2,hot_FP32_reduce,0.0424385070801,1192,0,smoke
window_high_tail,128_128_128,top_1_4,2,partial_state_store,0.00286102294922,87,0,smoke
window_high_tail,128_128_128,top_1_4,2,partial_hi_pack,0.00810623168945,256,0,smoke
window_high_tail,128_128_128,top_1_4,2,partial_lo_pack,0.00977516174316,256,0,smoke
window_high_tail,128_128_128,top_1_4,2,AMX_A_load,0.000953674316406,48,0,smoke
window_high_tail,128_128_128,top_1_4,2,AMX_B_load,0,96,0,smoke
window_high_tail,128_128_128,top_1_4,2,AMX_compute,0.0150203704834,96,0,smoke
window_high_tail,128_128_128,top_1_4,2,C_store,0,8,0,smoke
window_high_tail,128_128_128,top_1_4,2,hot_cold_merge,0.000953674316406,25,0,smoke
window_high_tail,128_128_128,top_1_4,2,output_scatter,0.00190734863281,25,0,smoke
window_high_tail,128_128_128,top_1_4,2,cache_H_gather,0.00119209289551,2,0,smoke
window_high_tail,128_128_128,top_1_4,2,cache_Q_store,0,2,0,smoke
window_high_tail,128_128_128,top_1_4,2,thread_amx_release,0,8,0,smoke
window_high_tail,128_128_128,top_1_4,2,partial_state_load,0.00190734863281,87,0,smoke
window_high_tail,128_128_128,hybrid_all,1,thread_amx_setup,0.00548362731934,8,0,smoke
window_high_tail,128_128_128,hybrid_all,1,row_metadata,0,2,0,smoke
window_high_tail,128_128_128,hybrid_all,1,partial_init,0.000953674316406,2,0,smoke
window_high_tail,128_128_128,hybrid_all,1,csr_index,0.136613845825,4635,0,smoke
window_high_tail,128_128_128,hybrid_all,1,cache_membership,0.113248825073,4635,0,smoke
window_high_tail,128_128_128,hybrid_all,1,prefetch,0.131368637085,4635,0,smoke
window_high_tail,128_128_128,hybrid_all,1,BF16_H_load,0,0,0,smoke
window_high_tail,128_128_128,hybrid_all,1,BF16_decode,0,0,0,smoke
window_high_tail,128_128_128,hybrid_all,1,cold_FP32_reduce,0,0,0,smoke
window_high_tail,128_128_128,hybrid_all,1,FP32_Q_load,0.142812728882,4635,0,smoke
window_high_tail,128_128_128,hybrid_all,1,hot_FP32_reduce,0.129461288452,4635,0,smoke
window_high_tail,128_128_128,hybrid_all,1,partial_state_store,0.00190734863281,87,0,smoke
window_high_tail,128_128_128,hybrid_all,1,partial_hi_pack,0,0,0,smoke
window_high_tail,128_128_128,hybrid_all,1,partial_lo_pack,0,0,0,smoke
window_high_tail,128_128_128,hybrid_all,1,AMX_A_load,0.000953674316406,16,0,smoke
window_high_tail,128_128_128,hybrid_all,1,AMX_B_load,0.00190734863281,32,0,smoke
window_high_tail,128_128_128,hybrid_all,1,AMX_compute,0.00500679016113,32,0,smoke
window_high_tail,128_128_128,hybrid_all,1,C_store,0,4,0,smoke
window_high_tail,128_128_128,hybrid_all,1,hot_cold_merge,0,25,0,smoke
window_high_tail,128_128_128,hybrid_all,1,output_scatter,0,25,0,smoke
window_high_tail,128_128_128,hybrid_all,1,cache_H_gather,0,2,0,smoke
window_high_tail,128_128_128,hybrid_all,1,cache_Q_store,0.00119209289551,2,0,smoke
window_high_tail,128_128_128,hybrid_all,1,thread_amx_release,0.000953674316406,8,0,smoke
window_high_tail,128_128_128,hybrid_all,1,partial_state_load,0.00214576721191,87,0,smoke
window_high_tail,128_128_128,hybrid_all,2,thread_amx_setup,0,8,0,smoke
window_high_tail,128_128_128,hybrid_all,2,row_metadata,0.000953674316406,2,0,smoke
window_high_tail,128_128_128,hybrid_all,2,partial_init,0,2,0,smoke
window_high_tail,128_128_128,hybrid_all,2,csr_index,0.132083892822,4635,0,smoke
window_high_tail,128_128_128,hybrid_all,2,cache_membership,0.128746032715,4635,0,smoke
window_high_tail,128_128_128,hybrid_all,2,prefetch,0.140190124512,4635,0,smoke
window_high_tail,128_128_128,hybrid_all,2,BF16_H_load,0,0,0,smoke
window_high_tail,128_128_128,hybrid_all,2,BF16_decode,0,0,0,smoke
window_high_tail,128_128_128,hybrid_all,2,cold_FP32_reduce,0,0,0,smoke
window_high_tail,128_128_128,hybrid_all,2,FP32_Q_load,0.141859054565,4635,0,smoke
window_high_tail,128_128_128,hybrid_all,2,hot_FP32_reduce,0.150918960571,4635,0,smoke
window_high_tail,128_128_128,hybrid_all,2,partial_state_store,0.00309944152832,87,0,smoke
window_high_tail,128_128_128,hybrid_all,2,partial_hi_pack,0,0,0,smoke
window_high_tail,128_128_128,hybrid_all,2,partial_lo_pack,0,0,0,smoke
window_high_tail,128_128_128,hybrid_all,2,AMX_A_load,0,16,0,smoke
window_high_tail,128_128_128,hybrid_all,2,AMX_B_load,0,32,0,smoke
window_high_tail,128_128_128,hybrid_all,2,AMX_compute,0.0109672546387,32,0,smoke
window_high_tail,128_128_128,hybrid_all,2,C_store,0,4,0,smoke
window_high_tail,128_128_128,hybrid_all,2,hot_cold_merge,0.00119209289551,25,0,smoke
window_high_tail,128_128_128,hybrid_all,2,output_scatter,0.00119209289551,25,0,smoke
window_high_tail,128_128_128,hybrid_all,2,cache_H_gather,0,2,0,smoke
window_high_tail,128_128_128,hybrid_all,2,cache_Q_store,0.000953674316406,2,0,smoke
window_high_tail,128_128_128,hybrid_all,2,thread_amx_release,0.000953674316406,8,0,smoke
window_high_tail,128_128_128,hybrid_all,2,partial_state_load,0.00572204589844,87,0,smoke
window_high_tail,128_128_128,project_all,1,thread_amx_setup,0.0362396240234,8,0,smoke
window_high_tail,128_128_128,project_all,1,row_metadata,0.000953674316406,2,0,smoke
window_high_tail,128_128_128,project_all,1,partial_init,0,2,0,smoke
window_high_tail,128_128_128,project_all,1,csr_index,0.131845474243,4635,0,smoke
window_high_tail,128_128_128,project_all,1,cache_membership,0,0,0,smoke
window_high_tail,128_128_128,project_all,1,prefetch,0.136137008667,4635,0,smoke
window_high_tail,128_128_128,project_all,1,BF16_H_load,0,0,0,smoke
window_high_tail,128_128_128,project_all,1,BF16_decode,0,0,0,smoke
window_high_tail,128_128_128,project_all,1,cold_FP32_reduce,0,0,0,smoke
window_high_tail,128_128_128,project_all,1,FP32_Q_load,0.145196914673,4635,0,smoke
window_high_tail,128_128_128,project_all,1,hot_FP32_reduce,0.128507614136,4635,0,smoke
window_high_tail,128_128_128,project_all,1,partial_state_store,0.00286102294922,87,0,smoke
window_high_tail,128_128_128,project_all,1,partial_hi_pack,0,0,0,smoke
window_high_tail,128_128_128,project_all,1,partial_lo_pack,0,0,0,smoke
window_high_tail,128_128_128,project_all,1,AMX_A_load,0.000953674316406,16,0,smoke
window_high_tail,128_128_128,project_all,1,AMX_B_load,0.00190734863281,32,0,smoke
window_high_tail,128_128_128,project_all,1,AMX_compute,0.00739097595215,32,0,smoke
window_high_tail,128_128_128,project_all,1,C_store,0,4,0,smoke
window_high_tail,128_128_128,project_all,1,hot_cold_merge,0,25,0,smoke
window_high_tail,128_128_128,project_all,1,output_scatter,0,25,0,smoke
window_high_tail,128_128_128,project_all,1,cache_H_gather,0,2,0,smoke
window_high_tail,128_128_128,project_all,1,cache_Q_store,0,2,0,smoke
window_high_tail,128_128_128,project_all,1,thread_amx_release,0.00119209289551,8,0,smoke
window_high_tail,128_128_128,project_all,1,partial_state_load,0.00309944152832,87,0,smoke
window_high_tail,128_128_128,project_all,2,thread_amx_setup,0.00119209289551,8,0,smoke
window_high_tail,128_128_128,project_all,2,row_metadata,0,2,0,smoke
window_high_tail,128_128_128,project_all,2,partial_init,0,2,0,smoke
window_high_tail,128_128_128,project_all,2,csr_index,0.137567520142,4635,0,smoke
window_high_tail,128_128_128,project_all,2,cache_membership,0,0,0,smoke
window_high_tail,128_128_128,project_all,2,prefetch,0.145673751831,4635,0,smoke
window_high_tail,128_128_128,project_all,2,BF16_H_load,0,0,0,smoke
window_high_tail,128_128_128,project_all,2,BF16_decode,0,0,0,smoke
window_high_tail,128_128_128,project_all,2,cold_FP32_reduce,0,0,0,smoke
window_high_tail,128_128_128,project_all,2,FP32_Q_load,0.143527984619,4635,0,smoke
window_high_tail,128_128_128,project_all,2,hot_FP32_reduce,0.130891799927,4635,0,smoke
window_high_tail,128_128_128,project_all,2,partial_state_store,0.00286102294922,87,0,smoke
window_high_tail,128_128_128,project_all,2,partial_hi_pack,0,0,0,smoke
window_high_tail,128_128_128,project_all,2,partial_lo_pack,0,0,0,smoke
window_high_tail,128_128_128,project_all,2,AMX_A_load,0.000953674316406,16,0,smoke
window_high_tail,128_128_128,project_all,2,AMX_B_load,0.00309944152832,32,0,smoke
window_high_tail,128_128_128,project_all,2,AMX_compute,0.00596046447754,32,0,smoke
window_high_tail,128_128_128,project_all,2,C_store,0,4,0,smoke
window_high_tail,128_128_128,project_all,2,hot_cold_merge,0,25,0,smoke
window_high_tail,128_128_128,project_all,2,output_scatter,0,25,0,smoke
window_high_tail,128_128_128,project_all,2,cache_H_gather,0,2,0,smoke
window_high_tail,128_128_128,project_all,2,cache_Q_store,0,2,0,smoke
window_high_tail,128_128_128,project_all,2,thread_amx_release,0,8,0,smoke
window_high_tail,128_128_128,project_all,2,partial_state_load,0.0197887420654,87,0,smoke
window_high_tail,128_128_128,project_used,1,thread_amx_setup,0.000953674316406,8,0,smoke
window_high_tail,128_128_128,project_used,1,row_metadata,0,2,0,smoke
window_high_tail,128_128_128,project_used,1,partial_init,0.000953674316406,2,0,smoke
window_high_tail,128_128_128,project_used,1,csr_index,0.137805938721,4635,0,smoke
window_high_tail,128_128_128,project_used,1,cache_membership,0.138759613037,4635,0,smoke
window_high_tail,128_128_128,project_used,1,prefetch,0.129461288452,4635,0,smoke
window_high_tail,128_128_128,project_used,1,BF16_H_load,0,0,0,smoke
window_high_tail,128_128_128,project_used,1,BF16_decode,0,0,0,smoke
window_high_tail,128_128_128,project_used,1,cold_FP32_reduce,0,0,0,smoke
window_high_tail,128_128_128,project_used,1,FP32_Q_load,0.141859054565,4635,0,smoke
window_high_tail,128_128_128,project_used,1,hot_FP32_reduce,0.129699707031,4635,0,smoke
window_high_tail,128_128_128,project_used,1,partial_state_store,0.00405311584473,87,0,smoke
window_high_tail,128_128_128,project_used,1,partial_hi_pack,0,0,0,smoke
window_high_tail,128_128_128,project_used,1,partial_lo_pack,0,0,0,smoke
window_high_tail,128_128_128,project_used,1,AMX_A_load,0,16,0,smoke
window_high_tail,128_128_128,project_used,1,AMX_B_load,0.00214576721191,32,0,smoke
window_high_tail,128_128_128,project_used,1,AMX_compute,0.000953674316406,32,0,smoke
window_high_tail,128_128_128,project_used,1,C_store,0,4,0,smoke
window_high_tail,128_128_128,project_used,1,hot_cold_merge,0,25,0,smoke
window_high_tail,128_128_128,project_used,1,output_scatter,0.00214576721191,25,0,smoke
window_high_tail,128_128_128,project_used,1,cache_H_gather,0,2,0,smoke
window_high_tail,128_128_128,project_used,1,cache_Q_store,0.000953674316406,2,0,smoke
window_high_tail,128_128_128,project_used,1,thread_amx_release,0.00190734863281,8,0,smoke
window_high_tail,128_128_128,project_used,1,partial_state_load,0.00190734863281,87,0,smoke
window_high_tail,128_128_128,project_used,2,thread_amx_setup,0.00357627868652,8,0,smoke
window_high_tail,128_128_128,project_used,2,row_metadata,0,2,0,smoke
window_high_tail,128_128_128,project_used,2,partial_init,0.000953674316406,2,0,smoke
window_high_tail,128_128_128,project_used,2,csr_index,0.139236450195,4635,0,smoke
window_high_tail,128_128_128,project_used,2,cache_membership,0.124931335449,4635,0,smoke
window_high_tail,128_128_128,project_used,2,prefetch,0.139951705933,4635,0,smoke
window_high_tail,128_128_128,project_used,2,BF16_H_load,0,0,0,smoke
window_high_tail,128_128_128,project_used,2,BF16_decode,0,0,0,smoke
window_high_tail,128_128_128,project_used,2,cold_FP32_reduce,0,0,0,smoke
window_high_tail,128_128_128,project_used,2,FP32_Q_load,0.139713287354,4635,0,smoke
window_high_tail,128_128_128,project_used,2,hot_FP32_reduce,0.129222869873,4635,0,smoke
window_high_tail,128_128_128,project_used,2,partial_state_store,0.00190734863281,87,0,smoke
window_high_tail,128_128_128,project_used,2,partial_hi_pack,0,0,0,smoke
window_high_tail,128_128_128,project_used,2,partial_lo_pack,0,0,0,smoke
window_high_tail,128_128_128,project_used,2,AMX_A_load,0.00286102294922,16,0,smoke
window_high_tail,128_128_128,project_used,2,AMX_B_load,0,32,0,smoke
window_high_tail,128_128_128,project_used,2,AMX_compute,0.00190734863281,32,0,smoke
window_high_tail,128_128_128,project_used,2,C_store,0,4,0,smoke
window_high_tail,128_128_128,project_used,2,hot_cold_merge,0.00190734863281,25,0,smoke
window_high_tail,128_128_128,project_used,2,output_scatter,0.000953674316406,25,0,smoke
window_high_tail,128_128_128,project_used,2,cache_H_gather,0,2,0,smoke
window_high_tail,128_128_128,project_used,2,cache_Q_store,0.000953674316406,2,0,smoke
window_high_tail,128_128_128,project_used,2,thread_amx_release,0,8,0,smoke
window_high_tail,128_128_128,project_used,2,partial_state_load,0.00309944152832,87,0,smoke
window_high_tail,128_128_128,project_used_L1_full_L2,1,thread_amx_setup,0.000953674316406,8,0,smoke
window_high_tail,128_128_128,project_used_L1_full_L2,1,row_metadata,0,2,0,smoke
window_high_tail,128_128_128,project_used_L1_full_L2,1,partial_init,0,2,0,smoke
window_high_tail,128_128_128,project_used_L1_full_L2,1,csr_index,0.143051147461,4635,0,smoke
window_high_tail,128_128_128,project_used_L1_full_L2,1,cache_membership,0.125408172607,4635,0,smoke
window_high_tail,128_128_128,project_used_L1_full_L2,1,prefetch,0.134468078613,4635,0,smoke
window_high_tail,128_128_128,project_used_L1_full_L2,1,BF16_H_load,0,0,0,smoke
window_high_tail,128_128_128,project_used_L1_full_L2,1,BF16_decode,0,0,0,smoke
window_high_tail,128_128_128,project_used_L1_full_L2,1,cold_FP32_reduce,0,0,0,smoke
window_high_tail,128_128_128,project_used_L1_full_L2,1,FP32_Q_load,0.14328956604,4635,0,smoke
window_high_tail,128_128_128,project_used_L1_full_L2,1,hot_FP32_reduce,0.122785568237,4635,0,smoke
window_high_tail,128_128_128,project_used_L1_full_L2,1,partial_state_store,0.00429153442383,87,0,smoke
window_high_tail,128_128_128,project_used_L1_full_L2,1,partial_hi_pack,0,0,0,smoke
window_high_tail,128_128_128,project_used_L1_full_L2,1,partial_lo_pack,0,0,0,smoke
window_high_tail,128_128_128,project_used_L1_full_L2,1,AMX_A_load,0.00119209289551,16,0,smoke
window_high_tail,128_128_128,project_used_L1_full_L2,1,AMX_B_load,0.000953674316406,32,0,smoke
window_high_tail,128_128_128,project_used_L1_full_L2,1,AMX_compute,0.00500679016113,32,0,smoke
window_high_tail,128_128_128,project_used_L1_full_L2,1,C_store,0,4,0,smoke
window_high_tail,128_128_128,project_used_L1_full_L2,1,hot_cold_merge,0.000953674316406,25,0,smoke
window_high_tail,128_128_128,project_used_L1_full_L2,1,output_scatter,0.000953674316406,25,0,smoke
window_high_tail,128_128_128,project_used_L1_full_L2,1,cache_H_gather,0,2,0,smoke
window_high_tail,128_128_128,project_used_L1_full_L2,1,cache_Q_store,0.00190734863281,2,0,smoke
window_high_tail,128_128_128,project_used_L1_full_L2,1,thread_amx_release,0,8,0,smoke
window_high_tail,128_128_128,project_used_L1_full_L2,1,partial_state_load,0.00309944152832,87,0,smoke
window_high_tail,128_128_128,project_used_L1_full_L2,2,thread_amx_setup,0,4,0,smoke
window_high_tail,128_128_128,project_used_L1_full_L2,2,row_metadata,0,2,0,smoke
window_high_tail,128_128_128,project_used_L1_full_L2,2,partial_init,0,2,0,smoke
window_high_tail,128_128_128,project_used_L1_full_L2,2,csr_index,0.101089477539,4635,0,smoke
window_high_tail,128_128_128,project_used_L1_full_L2,2,cache_membership,0,0,0,smoke
window_high_tail,128_128_128,project_used_L1_full_L2,2,prefetch,0.139474868774,4635,0,smoke
window_high_tail,128_128_128,project_used_L1_full_L2,2,BF16_H_load,0.130653381348,4635,0,smoke
window_high_tail,128_128_128,project_used_L1_full_L2,2,BF16_decode,0.147819519043,4635,0,smoke
window_high_tail,128_128_128,project_used_L1_full_L2,2,cold_FP32_reduce,0.116586685181,4635,0,smoke
window_high_tail,128_128_128,project_used_L1_full_L2,2,FP32_Q_load,0,0,0,smoke
window_high_tail,128_128_128,project_used_L1_full_L2,2,hot_FP32_reduce,0,0,0,smoke
window_high_tail,128_128_128,project_used_L1_full_L2,2,partial_state_store,0.00286102294922,87,0,smoke
window_high_tail,128_128_128,project_used_L1_full_L2,2,partial_hi_pack,0.00691413879395,256,0,smoke
window_high_tail,128_128_128,project_used_L1_full_L2,2,partial_lo_pack,0.00905990600586,256,0,smoke
window_high_tail,128_128_128,project_used_L1_full_L2,2,AMX_A_load,0.000953674316406,32,0,smoke
window_high_tail,128_128_128,project_used_L1_full_L2,2,AMX_B_load,0.00286102294922,64,0,smoke
window_high_tail,128_128_128,project_used_L1_full_L2,2,AMX_compute,0.00548362731934,64,0,smoke
window_high_tail,128_128_128,project_used_L1_full_L2,2,C_store,0,4,0,smoke
window_high_tail,128_128_128,project_used_L1_full_L2,2,hot_cold_merge,0,0,0,smoke
window_high_tail,128_128_128,project_used_L1_full_L2,2,output_scatter,0,25,0,smoke
window_high_tail,128_128_128,project_used_L1_full_L2,2,cache_H_gather,0,0,0,smoke
window_high_tail,128_128_128,project_used_L1_full_L2,2,cache_Q_store,0,0,0,smoke
window_high_tail,128_128_128,project_used_L1_full_L2,2,thread_amx_release,0,4,0,smoke
window_high_tail,128_128_128,project_used_L1_full_L2,2,partial_state_load,0.00214576721191,87,0,smoke
window_scope_tail,128_32_32,fused_full_accurate,1,thread_amx_setup,0.00309944152832,4,0,smoke
window_scope_tail,128_32_32,fused_full_accurate,1,row_metadata,0,2,0,smoke
window_scope_tail,128_32_32,fused_full_accurate,1,partial_init,0.000953674316406,2,0,smoke
window_scope_tail,128_32_32,fused_full_accurate,1,csr_index,0.137329101562,4617,0,smoke
window_scope_tail,128_32_32,fused_full_accurate,1,cache_membership,0,0,0,smoke
window_scope_tail,128_32_32,fused_full_accurate,1,prefetch,0.136137008667,4617,0,smoke
window_scope_tail,128_32_32,fused_full_accurate,1,BF16_H_load,0.149965286255,4617,0,smoke
window_scope_tail,128_32_32,fused_full_accurate,1,BF16_decode,0.152587890625,4617,0,smoke
window_scope_tail,128_32_32,fused_full_accurate,1,cold_FP32_reduce,0.132322311401,4617,0,smoke
window_scope_tail,128_32_32,fused_full_accurate,1,FP32_Q_load,0,0,0,smoke
window_scope_tail,128_32_32,fused_full_accurate,1,hot_FP32_reduce,0,0,0,smoke
window_scope_tail,128_32_32,fused_full_accurate,1,partial_state_store,0,81,0,smoke
window_scope_tail,128_32_32,fused_full_accurate,1,partial_hi_pack,0.00190734863281,128,0,smoke
window_scope_tail,128_32_32,fused_full_accurate,1,partial_lo_pack,0.00381469726562,128,0,smoke
window_scope_tail,128_32_32,fused_full_accurate,1,AMX_A_load,0,8,0,smoke
window_scope_tail,128_32_32,fused_full_accurate,1,AMX_B_load,0.000953674316406,8,0,smoke
window_scope_tail,128_32_32,fused_full_accurate,1,AMX_compute,0.00119209289551,8,0,smoke
window_scope_tail,128_32_32,fused_full_accurate,1,C_store,0,1,0,smoke
window_scope_tail,128_32_32,fused_full_accurate,1,hot_cold_merge,0,0,0,smoke
window_scope_tail,128_32_32,fused_full_accurate,1,output_scatter,0.00214576721191,25,0,smoke
window_scope_tail,128_32_32,fused_full_accurate,1,cache_H_gather,0,0,0,smoke
window_scope_tail,128_32_32,fused_full_accurate,1,cache_Q_store,0,0,0,smoke
window_scope_tail,128_32_32,fused_full_accurate,1,thread_amx_release,0,4,0,smoke
window_scope_tail,128_32_32,fused_full_accurate,1,partial_state_load,0.00119209289551,81,0,smoke
window_scope_tail,128_32_32,fused_full_accurate,2,thread_amx_setup,0.000953674316406,4,0,smoke
window_scope_tail,128_32_32,fused_full_accurate,2,row_metadata,0,2,0,smoke
window_scope_tail,128_32_32,fused_full_accurate,2,partial_init,0,2,0,smoke
window_scope_tail,128_32_32,fused_full_accurate,2,csr_index,0.144004821777,4617,0,smoke
window_scope_tail,128_32_32,fused_full_accurate,2,cache_membership,0,0,0,smoke
window_scope_tail,128_32_32,fused_full_accurate,2,prefetch,0.134229660034,4617,0,smoke
window_scope_tail,128_32_32,fused_full_accurate,2,BF16_H_load,0.145196914673,4617,0,smoke
window_scope_tail,128_32_32,fused_full_accurate,2,BF16_decode,0.140905380249,4617,0,smoke
window_scope_tail,128_32_32,fused_full_accurate,2,cold_FP32_reduce,0.115633010864,4617,0,smoke
window_scope_tail,128_32_32,fused_full_accurate,2,FP32_Q_load,0,0,0,smoke
window_scope_tail,128_32_32,fused_full_accurate,2,hot_FP32_reduce,0,0,0,smoke
window_scope_tail,128_32_32,fused_full_accurate,2,partial_state_store,0,81,0,smoke
window_scope_tail,128_32_32,fused_full_accurate,2,partial_hi_pack,0,32,0,smoke
window_scope_tail,128_32_32,fused_full_accurate,2,partial_lo_pack,0.000953674316406,32,0,smoke
window_scope_tail,128_32_32,fused_full_accurate,2,AMX_A_load,0,2,0,smoke
window_scope_tail,128_32_32,fused_full_accurate,2,AMX_B_load,0,2,0,smoke
window_scope_tail,128_32_32,fused_full_accurate,2,AMX_compute,0.000953674316406,2,0,smoke
window_scope_tail,128_32_32,fused_full_accurate,2,C_store,0,1,0,smoke
window_scope_tail,128_32_32,fused_full_accurate,2,hot_cold_merge,0,0,0,smoke
window_scope_tail,128_32_32,fused_full_accurate,2,output_scatter,0.000953674316406,25,0,smoke
window_scope_tail,128_32_32,fused_full_accurate,2,cache_H_gather,0,0,0,smoke
window_scope_tail,128_32_32,fused_full_accurate,2,cache_Q_store,0,0,0,smoke
window_scope_tail,128_32_32,fused_full_accurate,2,thread_amx_release,0.000953674316406,4,0,smoke
window_scope_tail,128_32_32,fused_full_accurate,2,partial_state_load,0.00190734863281,81,0,smoke
window_scope_tail,128_32_32,hybrid_none,1,thread_amx_setup,0.000953674316406,4,0,smoke
window_scope_tail,128_32_32,hybrid_none,1,row_metadata,0,2,0,smoke
window_scope_tail,128_32_32,hybrid_none,1,partial_init,0.000953674316406,2,0,smoke
window_scope_tail,128_32_32,hybrid_none,1,csr_index,0.133991241455,4617,0,smoke
window_scope_tail,128_32_32,hybrid_none,1,cache_membership,0.149011611938,4617,0,smoke
window_scope_tail,128_32_32,hybrid_none,1,prefetch,0.136375427246,4617,0,smoke
window_scope_tail,128_32_32,hybrid_none,1,BF16_H_load,0.144720077515,4617,0,smoke
window_scope_tail,128_32_32,hybrid_none,1,BF16_decode,0.145673751831,4617,0,smoke
window_scope_tail,128_32_32,hybrid_none,1,cold_FP32_reduce,0.178337097168,4617,0,smoke
window_scope_tail,128_32_32,hybrid_none,1,FP32_Q_load,0,0,0,smoke
window_scope_tail,128_32_32,hybrid_none,1,hot_FP32_reduce,0,0,0,smoke
window_scope_tail,128_32_32,hybrid_none,1,partial_state_store,0.00190734863281,81,0,smoke
window_scope_tail,128_32_32,hybrid_none,1,partial_hi_pack,0.00405311584473,128,0,smoke
window_scope_tail,128_32_32,hybrid_none,1,partial_lo_pack,0.00596046447754,128,0,smoke
window_scope_tail,128_32_32,hybrid_none,1,AMX_A_load,0,8,0,smoke
window_scope_tail,128_32_32,hybrid_none,1,AMX_B_load,0,8,0,smoke
window_scope_tail,128_32_32,hybrid_none,1,AMX_compute,0.00214576721191,8,0,smoke
window_scope_tail,128_32_32,hybrid_none,1,C_store,0,1,0,smoke
window_scope_tail,128_32_32,hybrid_none,1,hot_cold_merge,0.00405311584473,25,0,smoke
window_scope_tail,128_32_32,hybrid_none,1,output_scatter,0,25,0,smoke
window_scope_tail,128_32_32,hybrid_none,1,cache_H_gather,0,0,0,smoke
window_scope_tail,128_32_32,hybrid_none,1,cache_Q_store,0,0,0,smoke
window_scope_tail,128_32_32,hybrid_none,1,thread_amx_release,0,4,0,smoke
window_scope_tail,128_32_32,hybrid_none,1,partial_state_load,0,81,0,smoke
window_scope_tail,128_32_32,hybrid_none,2,thread_amx_setup,0.000953674316406,4,0,smoke
window_scope_tail,128_32_32,hybrid_none,2,row_metadata,0,2,0,smoke
window_scope_tail,128_32_32,hybrid_none,2,partial_init,0,2,0,smoke
window_scope_tail,128_32_32,hybrid_none,2,csr_index,0.146627426147,4617,0,smoke
window_scope_tail,128_32_32,hybrid_none,2,cache_membership,0.150680541992,4617,0,smoke
window_scope_tail,128_32_32,hybrid_none,2,prefetch,0.131607055664,4617,0,smoke
window_scope_tail,128_32_32,hybrid_none,2,BF16_H_load,0.159502029419,4617,0,smoke
window_scope_tail,128_32_32,hybrid_none,2,BF16_decode,0.128746032715,4617,0,smoke
window_scope_tail,128_32_32,hybrid_none,2,cold_FP32_reduce,0.156879425049,4617,0,smoke
window_scope_tail,128_32_32,hybrid_none,2,FP32_Q_load,0,0,0,smoke
window_scope_tail,128_32_32,hybrid_none,2,hot_FP32_reduce,0,0,0,smoke
window_scope_tail,128_32_32,hybrid_none,2,partial_state_store,0.00476837158203,81,0,smoke
window_scope_tail,128_32_32,hybrid_none,2,partial_hi_pack,0.00190734863281,32,0,smoke
window_scope_tail,128_32_32,hybrid_none,2,partial_lo_pack,0.00405311584473,32,0,smoke
window_scope_tail,128_32_32,hybrid_none,2,AMX_A_load,0,2,0,smoke
window_scope_tail,128_32_32,hybrid_none,2,AMX_B_load,0,2,0,smoke
window_scope_tail,128_32_32,hybrid_none,2,AMX_compute,0.00190734863281,2,0,smoke
window_scope_tail,128_32_32,hybrid_none,2,C_store,0,1,0,smoke
window_scope_tail,128_32_32,hybrid_none,2,hot_cold_merge,0.000953674316406,25,0,smoke
window_scope_tail,128_32_32,hybrid_none,2,output_scatter,0.00309944152832,25,0,smoke
window_scope_tail,128_32_32,hybrid_none,2,cache_H_gather,0,0,0,smoke
window_scope_tail,128_32_32,hybrid_none,2,cache_Q_store,0,0,0,smoke
window_scope_tail,128_32_32,hybrid_none,2,thread_amx_release,0,4,0,smoke
window_scope_tail,128_32_32,hybrid_none,2,partial_state_load,0.00190734863281,81,0,smoke
window_scope_tail,128_32_32,top_1_64,1,thread_amx_setup,0,8,0,smoke
window_scope_tail,128_32_32,top_1_64,1,row_metadata,0,2,0,smoke
window_scope_tail,128_32_32,top_1_64,1,partial_init,0,2,0,smoke
window_scope_tail,128_32_32,top_1_64,1,csr_index,0.121593475342,4617,0,smoke
window_scope_tail,128_32_32,top_1_64,1,cache_membership,0.13279914856,4617,0,smoke
window_scope_tail,128_32_32,top_1_64,1,prefetch,0.134229660034,4617,0,smoke
window_scope_tail,128_32_32,top_1_64,1,BF16_H_load,0.126600265503,4538,0,smoke
window_scope_tail,128_32_32,top_1_64,1,BF16_decode,0.140905380249,4538,0,smoke
window_scope_tail,128_32_32,top_1_64,1,cold_FP32_reduce,0.179767608643,4538,0,smoke
window_scope_tail,128_32_32,top_1_64,1,FP32_Q_load,0.00286102294922,79,0,smoke
window_scope_tail,128_32_32,top_1_64,1,hot_FP32_reduce,0.00190734863281,79,0,smoke
window_scope_tail,128_32_32,top_1_64,1,partial_state_store,0.00452995300293,81,0,smoke
window_scope_tail,128_32_32,top_1_64,1,partial_hi_pack,0.00309944152832,128,0,smoke
window_scope_tail,128_32_32,top_1_64,1,partial_lo_pack,0.00500679016113,128,0,smoke
window_scope_tail,128_32_32,top_1_64,1,AMX_A_load,0,12,0,smoke
window_scope_tail,128_32_32,top_1_64,1,AMX_B_load,0.00119209289551,12,0,smoke
window_scope_tail,128_32_32,top_1_64,1,AMX_compute,0.00190734863281,12,0,smoke
window_scope_tail,128_32_32,top_1_64,1,C_store,0,2,0,smoke
window_scope_tail,128_32_32,top_1_64,1,hot_cold_merge,0.000953674316406,25,0,smoke
window_scope_tail,128_32_32,top_1_64,1,output_scatter,0.000953674316406,25,0,smoke
window_scope_tail,128_32_32,top_1_64,1,cache_H_gather,0,1,0,smoke
window_scope_tail,128_32_32,top_1_64,1,cache_Q_store,0,1,0,smoke
window_scope_tail,128_32_32,top_1_64,1,thread_amx_release,0,8,0,smoke
window_scope_tail,128_32_32,top_1_64,1,partial_state_load,0.00500679016113,81,0,smoke
window_scope_tail,128_32_32,top_1_64,2,thread_amx_setup,0.00572204589844,8,0,smoke
window_scope_tail,128_32_32,top_1_64,2,row_metadata,0.000953674316406,2,0,smoke
window_scope_tail,128_32_32,top_1_64,2,partial_init,0,2,0,smoke
window_scope_tail,128_32_32,top_1_64,2,csr_index,0.134706497192,4617,0,smoke
window_scope_tail,128_32_32,top_1_64,2,cache_membership,0.123500823975,4617,0,smoke
window_scope_tail,128_32_32,top_1_64,2,prefetch,0.125646591187,4617,0,smoke
window_scope_tail,128_32_32,top_1_64,2,BF16_H_load,0.130653381348,4538,0,smoke
window_scope_tail,128_32_32,top_1_64,2,BF16_decode,0.126600265503,4538,0,smoke
window_scope_tail,128_32_32,top_1_64,2,cold_FP32_reduce,0.126838684082,4538,0,smoke
window_scope_tail,128_32_32,top_1_64,2,FP32_Q_load,0.00405311584473,79,0,smoke
window_scope_tail,128_32_32,top_1_64,2,hot_FP32_reduce,0,79,0,smoke
window_scope_tail,128_32_32,top_1_64,2,partial_state_store,0.000953674316406,81,0,smoke
window_scope_tail,128_32_32,top_1_64,2,partial_hi_pack,0,32,0,smoke
window_scope_tail,128_32_32,top_1_64,2,partial_lo_pack,0,32,0,smoke
window_scope_tail,128_32_32,top_1_64,2,AMX_A_load,0,3,0,smoke
window_scope_tail,128_32_32,top_1_64,2,AMX_B_load,0,3,0,smoke
window_scope_tail,128_32_32,top_1_64,2,AMX_compute,0.00596046447754,3,0,smoke
window_scope_tail,128_32_32,top_1_64,2,C_store,0,2,0,smoke
window_scope_tail,128_32_32,top_1_64,2,hot_cold_merge,0.00190734863281,25,0,smoke
window_scope_tail,128_32_32,top_1_64,2,output_scatter,0,25,0,smoke
window_scope_tail,128_32_32,top_1_64,2,cache_H_gather,0,1,0,smoke
window_scope_tail,128_32_32,top_1_64,2,cache_Q_store,0,1,0,smoke
window_scope_tail,128_32_32,top_1_64,2,thread_amx_release,0.000953674316406,8,0,smoke
window_scope_tail,128_32_32,top_1_64,2,partial_state_load,0.00333786010742,81,0,smoke
window_scope_tail,128_32_32,top_1_16,1,thread_amx_setup,0.000953674316406,8,0,smoke
window_scope_tail,128_32_32,top_1_16,1,row_metadata,0,2,0,smoke
window_scope_tail,128_32_32,top_1_16,1,partial_init,0,2,0,smoke
window_scope_tail,128_32_32,top_1_16,1,csr_index,0.128746032715,4617,0,smoke
window_scope_tail,128_32_32,top_1_16,1,cache_membership,0.125169754028,4617,0,smoke
window_scope_tail,128_32_32,top_1_16,1,prefetch,0.147104263306,4617,0,smoke
window_scope_tail,128_32_32,top_1_16,1,BF16_H_load,0.129222869873,4326,0,smoke
window_scope_tail,128_32_32,top_1_16,1,BF16_decode,0.118970870972,4326,0,smoke
window_scope_tail,128_32_32,top_1_16,1,cold_FP32_reduce,0.14328956604,4326,0,smoke
window_scope_tail,128_32_32,top_1_16,1,FP32_Q_load,0.00882148742676,291,0,smoke
window_scope_tail,128_32_32,top_1_16,1,hot_FP32_reduce,0.00882148742676,291,0,smoke
window_scope_tail,128_32_32,top_1_16,1,partial_state_store,0.00190734863281,81,0,smoke
window_scope_tail,128_32_32,top_1_16,1,partial_hi_pack,0.00190734863281,128,0,smoke
window_scope_tail,128_32_32,top_1_16,1,partial_lo_pack,0.00286102294922,128,0,smoke
window_scope_tail,128_32_32,top_1_16,1,AMX_A_load,0.000953674316406,16,0,smoke
window_scope_tail,128_32_32,top_1_16,1,AMX_B_load,0,16,0,smoke
window_scope_tail,128_32_32,top_1_16,1,AMX_compute,0.00834465026855,16,0,smoke
window_scope_tail,128_32_32,top_1_16,1,C_store,0,3,0,smoke
window_scope_tail,128_32_32,top_1_16,1,hot_cold_merge,0.00119209289551,25,0,smoke
window_scope_tail,128_32_32,top_1_16,1,output_scatter,0,25,0,smoke
window_scope_tail,128_32_32,top_1_16,1,cache_H_gather,0.000953674316406,2,0,smoke
window_scope_tail,128_32_32,top_1_16,1,cache_Q_store,0,2,0,smoke
window_scope_tail,128_32_32,top_1_16,1,thread_amx_release,0.000953674316406,8,0,smoke
window_scope_tail,128_32_32,top_1_16,1,partial_state_load,0.000953674316406,81,0,smoke
window_scope_tail,128_32_32,top_1_16,2,thread_amx_setup,0.00286102294922,8,0,smoke
window_scope_tail,128_32_32,top_1_16,2,row_metadata,0,2,0,smoke
window_scope_tail,128_32_32,top_1_16,2,partial_init,0,2,0,smoke
window_scope_tail,128_32_32,top_1_16,2,csr_index,0.130176544189,4617,0,smoke
window_scope_tail,128_32_32,top_1_16,2,cache_membership,0.134229660034,4617,0,smoke
window_scope_tail,128_32_32,top_1_16,2,prefetch,0.133275985718,4617,0,smoke
window_scope_tail,128_32_32,top_1_16,2,BF16_H_load,0.11944770813,4326,0,smoke
window_scope_tail,128_32_32,top_1_16,2,BF16_decode,0.120878219604,4326,0,smoke
window_scope_tail,128_32_32,top_1_16,2,cold_FP32_reduce,0.123977661133,4326,0,smoke
window_scope_tail,128_32_32,top_1_16,2,FP32_Q_load,0.014066696167,291,0,smoke
window_scope_tail,128_32_32,top_1_16,2,hot_FP32_reduce,0.00309944152832,291,0,smoke
window_scope_tail,128_32_32,top_1_16,2,partial_state_store,0,81,0,smoke
window_scope_tail,128_32_32,top_1_16,2,partial_hi_pack,0,32,0,smoke
window_scope_tail,128_32_32,top_1_16,2,partial_lo_pack,0,32,0,smoke
window_scope_tail,128_32_32,top_1_16,2,AMX_A_load,0.000953674316406,4,0,smoke
window_scope_tail,128_32_32,top_1_16,2,AMX_B_load,0.000953674316406,4,0,smoke
window_scope_tail,128_32_32,top_1_16,2,AMX_compute,0.000953674316406,4,0,smoke
window_scope_tail,128_32_32,top_1_16,2,C_store,0.00119209289551,3,0,smoke
window_scope_tail,128_32_32,top_1_16,2,hot_cold_merge,0,25,0,smoke
window_scope_tail,128_32_32,top_1_16,2,output_scatter,0.000953674316406,25,0,smoke
window_scope_tail,128_32_32,top_1_16,2,cache_H_gather,0,2,0,smoke
window_scope_tail,128_32_32,top_1_16,2,cache_Q_store,0.000953674316406,2,0,smoke
window_scope_tail,128_32_32,top_1_16,2,thread_amx_release,0.000953674316406,8,0,smoke
window_scope_tail,128_32_32,top_1_16,2,partial_state_load,0.00190734863281,81,0,smoke
window_scope_tail,128_32_32,top_1_4,1,thread_amx_setup,0,8,0,smoke
window_scope_tail,128_32_32,top_1_4,1,row_metadata,0.00119209289551,2,0,smoke
window_scope_tail,128_32_32,top_1_4,1,partial_init,0,2,0,smoke
window_scope_tail,128_32_32,top_1_4,1,csr_index,0.120639801025,4617,0,smoke
window_scope_tail,128_32_32,top_1_4,1,cache_membership,0.127553939819,4617,0,smoke
window_scope_tail,128_32_32,top_1_4,1,prefetch,0.145196914673,4617,0,smoke
window_scope_tail,128_32_32,top_1_4,1,BF16_H_load,0.104427337646,3459,0,smoke
window_scope_tail,128_32_32,top_1_4,1,BF16_decode,0.110864639282,3459,0,smoke
window_scope_tail,128_32_32,top_1_4,1,cold_FP32_reduce,0.130176544189,3459,0,smoke
window_scope_tail,128_32_32,top_1_4,1,FP32_Q_load,0.0360012054443,1158,0,smoke
window_scope_tail,128_32_32,top_1_4,1,hot_FP32_reduce,0.035285949707,1158,0,smoke
window_scope_tail,128_32_32,top_1_4,1,partial_state_store,0.00286102294922,81,0,smoke
window_scope_tail,128_32_32,top_1_4,1,partial_hi_pack,0.00309944152832,128,0,smoke
window_scope_tail,128_32_32,top_1_4,1,partial_lo_pack,0.00381469726562,128,0,smoke
window_scope_tail,128_32_32,top_1_4,1,AMX_A_load,0,16,0,smoke
window_scope_tail,128_32_32,top_1_4,1,AMX_B_load,0,16,0,smoke
window_scope_tail,128_32_32,top_1_4,1,AMX_compute,0.00810623168945,16,0,smoke
window_scope_tail,128_32_32,top_1_4,1,C_store,0,3,0,smoke
window_scope_tail,128_32_32,top_1_4,1,hot_cold_merge,0.000953674316406,25,0,smoke
window_scope_tail,128_32_32,top_1_4,1,output_scatter,0.000953674316406,25,0,smoke
window_scope_tail,128_32_32,top_1_4,1,cache_H_gather,0.000953674316406,2,0,smoke
window_scope_tail,128_32_32,top_1_4,1,cache_Q_store,0,2,0,smoke
window_scope_tail,128_32_32,top_1_4,1,thread_amx_release,0,8,0,smoke
window_scope_tail,128_32_32,top_1_4,1,partial_state_load,0.000953674316406,81,0,smoke
window_scope_tail,128_32_32,top_1_4,2,thread_amx_setup,0.00381469726562,8,0,smoke
window_scope_tail,128_32_32,top_1_4,2,row_metadata,0,2,0,smoke
window_scope_tail,128_32_32,top_1_4,2,partial_init,0,2,0,smoke
window_scope_tail,128_32_32,top_1_4,2,csr_index,0.137329101562,4617,0,smoke
window_scope_tail,128_32_32,top_1_4,2,cache_membership,0.124454498291,4617,0,smoke
window_scope_tail,128_32_32,top_1_4,2,prefetch,0.148296356201,4617,0,smoke
window_scope_tail,128_32_32,top_1_4,2,BF16_H_load,0.100612640381,3459,0,smoke
window_scope_tail,128_32_32,top_1_4,2,BF16_decode,0.0979900360107,3459,0,smoke
window_scope_tail,128_32_32,top_1_4,2,cold_FP32_reduce,0.109910964966,3459,0,smoke
window_scope_tail,128_32_32,top_1_4,2,FP32_Q_load,0.0228881835938,1158,0,smoke
window_scope_tail,128_32_32,top_1_4,2,hot_FP32_reduce,0.032901763916,1158,0,smoke
window_scope_tail,128_32_32,top_1_4,2,partial_state_store,0,81,0,smoke
window_scope_tail,128_32_32,top_1_4,2,partial_hi_pack,0,32,0,smoke
window_scope_tail,128_32_32,top_1_4,2,partial_lo_pack,0,32,0,smoke
window_scope_tail,128_32_32,top_1_4,2,AMX_A_load,0,4,0,smoke
window_scope_tail,128_32_32,top_1_4,2,AMX_B_load,0,4,0,smoke
window_scope_tail,128_32_32,top_1_4,2,AMX_compute,0.00309944152832,4,0,smoke
window_scope_tail,128_32_32,top_1_4,2,C_store,0,3,0,smoke
window_scope_tail,128_32_32,top_1_4,2,hot_cold_merge,0.000953674316406,25,0,smoke
window_scope_tail,128_32_32,top_1_4,2,output_scatter,0,25,0,smoke
window_scope_tail,128_32_32,top_1_4,2,cache_H_gather,0,2,0,smoke
window_scope_tail,128_32_32,top_1_4,2,cache_Q_store,0.000953674316406,2,0,smoke
window_scope_tail,128_32_32,top_1_4,2,thread_amx_release,0,8,0,smoke
window_scope_tail,128_32_32,top_1_4,2,partial_state_load,0.00286102294922,81,0,smoke
window_scope_tail,128_32_32,hybrid_all,1,thread_amx_setup,0.00381469726562,8,0,smoke
window_scope_tail,128_32_32,hybrid_all,1,row_metadata,0,2,0,smoke
window_scope_tail,128_32_32,hybrid_all,1,partial_init,0,2,0,smoke
window_scope_tail,128_32_32,hybrid_all,1,csr_index,0.151395797729,4617,0,smoke
window_scope_tail,128_32_32,hybrid_all,1,cache_membership,0.113725662231,4617,0,smoke
window_scope_tail,128_32_32,hybrid_all,1,prefetch,0.0870227813721,4617,0,smoke
window_scope_tail,128_32_32,hybrid_all,1,BF16_H_load,0,0,0,smoke
window_scope_tail,128_32_32,hybrid_all,1,BF16_decode,0,0,0,smoke
window_scope_tail,128_32_32,hybrid_all,1,cold_FP32_reduce,0,0,0,smoke
window_scope_tail,128_32_32,hybrid_all,1,FP32_Q_load,0.144720077515,4617,0,smoke
window_scope_tail,128_32_32,hybrid_all,1,hot_FP32_reduce,0.151872634888,4617,0,smoke
window_scope_tail,128_32_32,hybrid_all,1,partial_state_store,0.0100135803223,81,0,smoke
window_scope_tail,128_32_32,hybrid_all,1,partial_hi_pack,0,0,0,smoke
window_scope_tail,128_32_32,hybrid_all,1,partial_lo_pack,0,0,0,smoke
window_scope_tail,128_32_32,hybrid_all,1,AMX_A_load,0,8,0,smoke
window_scope_tail,128_32_32,hybrid_all,1,AMX_B_load,0.000953674316406,8,0,smoke
window_scope_tail,128_32_32,hybrid_all,1,AMX_compute,0.000953674316406,8,0,smoke
window_scope_tail,128_32_32,hybrid_all,1,C_store,0,2,0,smoke
window_scope_tail,128_32_32,hybrid_all,1,hot_cold_merge,0,25,0,smoke
window_scope_tail,128_32_32,hybrid_all,1,output_scatter,0.000953674316406,25,0,smoke
window_scope_tail,128_32_32,hybrid_all,1,cache_H_gather,0,2,0,smoke
window_scope_tail,128_32_32,hybrid_all,1,cache_Q_store,0.00119209289551,2,0,smoke
window_scope_tail,128_32_32,hybrid_all,1,thread_amx_release,0,8,0,smoke
window_scope_tail,128_32_32,hybrid_all,1,partial_state_load,0.00405311584473,81,0,smoke
window_scope_tail,128_32_32,hybrid_all,2,thread_amx_setup,0,8,0,smoke
window_scope_tail,128_32_32,hybrid_all,2,row_metadata,0,2,0,smoke
window_scope_tail,128_32_32,hybrid_all,2,partial_init,0,2,0,smoke
window_scope_tail,128_32_32,hybrid_all,2,csr_index,0.122785568237,4617,0,smoke
window_scope_tail,128_32_32,hybrid_all,2,cache_membership,0.123739242554,4617,0,smoke
window_scope_tail,128_32_32,hybrid_all,2,prefetch,0.130176544189,4617,0,smoke
window_scope_tail,128_32_32,hybrid_all,2,BF16_H_load,0,0,0,smoke
window_scope_tail,128_32_32,hybrid_all,2,BF16_decode,0,0,0,smoke
window_scope_tail,128_32_32,hybrid_all,2,cold_FP32_reduce,0,0,0,smoke
window_scope_tail,128_32_32,hybrid_all,2,FP32_Q_load,0.125169754028,4617,0,smoke
window_scope_tail,128_32_32,hybrid_all,2,hot_FP32_reduce,0.142335891724,4617,0,smoke
window_scope_tail,128_32_32,hybrid_all,2,partial_state_store,0.00286102294922,81,0,smoke
window_scope_tail,128_32_32,hybrid_all,2,partial_hi_pack,0,0,0,smoke
window_scope_tail,128_32_32,hybrid_all,2,partial_lo_pack,0,0,0,smoke
window_scope_tail,128_32_32,hybrid_all,2,AMX_A_load,0,2,0,smoke
window_scope_tail,128_32_32,hybrid_all,2,AMX_B_load,0,2,0,smoke
window_scope_tail,128_32_32,hybrid_all,2,AMX_compute,0,2,0,smoke
window_scope_tail,128_32_32,hybrid_all,2,C_store,0,2,0,smoke
window_scope_tail,128_32_32,hybrid_all,2,hot_cold_merge,0.000953674316406,25,0,smoke
window_scope_tail,128_32_32,hybrid_all,2,output_scatter,0.000953674316406,25,0,smoke
window_scope_tail,128_32_32,hybrid_all,2,cache_H_gather,0.000953674316406,2,0,smoke
window_scope_tail,128_32_32,hybrid_all,2,cache_Q_store,0,2,0,smoke
window_scope_tail,128_32_32,hybrid_all,2,thread_amx_release,0,8,0,smoke
window_scope_tail,128_32_32,hybrid_all,2,partial_state_load,0.00119209289551,81,0,smoke
window_scope_tail,128_32_32,project_all,1,thread_amx_setup,0,8,0,smoke
window_scope_tail,128_32_32,project_all,1,row_metadata,0,2,0,smoke
window_scope_tail,128_32_32,project_all,1,partial_init,0,2,0,smoke
window_scope_tail,128_32_32,project_all,1,csr_index,0.127077102661,4617,0,smoke
window_scope_tail,128_32_32,project_all,1,cache_membership,0,0,0,smoke
window_scope_tail,128_32_32,project_all,1,prefetch,0.126361846924,4617,0,smoke
window_scope_tail,128_32_32,project_all,1,BF16_H_load,0,0,0,smoke
window_scope_tail,128_32_32,project_all,1,BF16_decode,0,0,0,smoke
window_scope_tail,128_32_32,project_all,1,cold_FP32_reduce,0,0,0,smoke
window_scope_tail,128_32_32,project_all,1,FP32_Q_load,0.13256072998,4617,0,smoke
window_scope_tail,128_32_32,project_all,1,hot_FP32_reduce,0.126123428345,4617,0,smoke
window_scope_tail,128_32_32,project_all,1,partial_state_store,0.00309944152832,81,0,smoke
window_scope_tail,128_32_32,project_all,1,partial_hi_pack,0,0,0,smoke
window_scope_tail,128_32_32,project_all,1,partial_lo_pack,0,0,0,smoke
window_scope_tail,128_32_32,project_all,1,AMX_A_load,0,8,0,smoke
window_scope_tail,128_32_32,project_all,1,AMX_B_load,0,8,0,smoke
window_scope_tail,128_32_32,project_all,1,AMX_compute,0.00214576721191,8,0,smoke
window_scope_tail,128_32_32,project_all,1,C_store,0,2,0,smoke
window_scope_tail,128_32_32,project_all,1,hot_cold_merge,0.00214576721191,25,0,smoke
window_scope_tail,128_32_32,project_all,1,output_scatter,0,25,0,smoke
window_scope_tail,128_32_32,project_all,1,cache_H_gather,0,2,0,smoke
window_scope_tail,128_32_32,project_all,1,cache_Q_store,0,2,0,smoke
window_scope_tail,128_32_32,project_all,1,thread_amx_release,0.00190734863281,8,0,smoke
window_scope_tail,128_32_32,project_all,1,partial_state_load,0.00190734863281,81,0,smoke
window_scope_tail,128_32_32,project_all,2,thread_amx_setup,0.00572204589844,8,0,smoke
window_scope_tail,128_32_32,project_all,2,row_metadata,0,2,0,smoke
window_scope_tail,128_32_32,project_all,2,partial_init,0,2,0,smoke
window_scope_tail,128_32_32,project_all,2,csr_index,0.133514404297,4617,0,smoke
window_scope_tail,128_32_32,project_all,2,cache_membership,0,0,0,smoke
window_scope_tail,128_32_32,project_all,2,prefetch,0.158309936523,4617,0,smoke
window_scope_tail,128_32_32,project_all,2,BF16_H_load,0,0,0,smoke
window_scope_tail,128_32_32,project_all,2,BF16_decode,0,0,0,smoke
window_scope_tail,128_32_32,project_all,2,cold_FP32_reduce,0,0,0,smoke
window_scope_tail,128_32_32,project_all,2,FP32_Q_load,0.115156173706,4617,0,smoke
window_scope_tail,128_32_32,project_all,2,hot_FP32_reduce,0.0877380371094,4617,0,smoke
window_scope_tail,128_32_32,project_all,2,partial_state_store,0.000953674316406,81,0,smoke
window_scope_tail,128_32_32,project_all,2,partial_hi_pack,0,0,0,smoke
window_scope_tail,128_32_32,project_all,2,partial_lo_pack,0,0,0,smoke
window_scope_tail,128_32_32,project_all,2,AMX_A_load,0,2,0,smoke
window_scope_tail,128_32_32,project_all,2,AMX_B_load,0,2,0,smoke
window_scope_tail,128_32_32,project_all,2,AMX_compute,0,2,0,smoke
window_scope_tail,128_32_32,project_all,2,C_store,0,2,0,smoke
window_scope_tail,128_32_32,project_all,2,hot_cold_merge,0.000953674316406,25,0,smoke
window_scope_tail,128_32_32,project_all,2,output_scatter,0,25,0,smoke
window_scope_tail,128_32_32,project_all,2,cache_H_gather,0,2,0,smoke
window_scope_tail,128_32_32,project_all,2,cache_Q_store,0.00190734863281,2,0,smoke
window_scope_tail,128_32_32,project_all,2,thread_amx_release,0,8,0,smoke
window_scope_tail,128_32_32,project_all,2,partial_state_load,0.00405311584473,81,0,smoke
window_scope_tail,128_32_32,project_used,1,thread_amx_setup,0,8,0,smoke
window_scope_tail,128_32_32,project_used,1,row_metadata,0.000953674316406,2,0,smoke
window_scope_tail,128_32_32,project_used,1,partial_init,0,2,0,smoke
window_scope_tail,128_32_32,project_used,1,csr_index,0.129222869873,4617,0,smoke
window_scope_tail,128_32_32,project_used,1,cache_membership,0.110626220703,4617,0,smoke
window_scope_tail,128_32_32,project_used,1,prefetch,0.133752822876,4617,0,smoke
window_scope_tail,128_32_32,project_used,1,BF16_H_load,0,0,0,smoke
window_scope_tail,128_32_32,project_used,1,BF16_decode,0,0,0,smoke
window_scope_tail,128_32_32,project_used,1,cold_FP32_reduce,0,0,0,smoke
window_scope_tail,128_32_32,project_used,1,FP32_Q_load,0.123977661133,4617,0,smoke
window_scope_tail,128_32_32,project_used,1,hot_FP32_reduce,0.115156173706,4617,0,smoke
window_scope_tail,128_32_32,project_used,1,partial_state_store,0.00429153442383,81,0,smoke
window_scope_tail,128_32_32,project_used,1,partial_hi_pack,0,0,0,smoke
window_scope_tail,128_32_32,project_used,1,partial_lo_pack,0,0,0,smoke
window_scope_tail,128_32_32,project_used,1,AMX_A_load,0,8,0,smoke
window_scope_tail,128_32_32,project_used,1,AMX_B_load,0.000953674316406,8,0,smoke
window_scope_tail,128_32_32,project_used,1,AMX_compute,0,8,0,smoke
window_scope_tail,128_32_32,project_used,1,C_store,0,2,0,smoke
window_scope_tail,128_32_32,project_used,1,hot_cold_merge,0.00190734863281,25,0,smoke
window_scope_tail,128_32_32,project_used,1,output_scatter,0,25,0,smoke
window_scope_tail,128_32_32,project_used,1,cache_H_gather,0.000953674316406,2,0,smoke
window_scope_tail,128_32_32,project_used,1,cache_Q_store,0,2,0,smoke
window_scope_tail,128_32_32,project_used,1,thread_amx_release,0,8,0,smoke
window_scope_tail,128_32_32,project_used,1,partial_state_load,0.00190734863281,81,0,smoke
window_scope_tail,128_32_32,project_used,2,thread_amx_setup,0.000953674316406,8,0,smoke
window_scope_tail,128_32_32,project_used,2,row_metadata,0,2,0,smoke
window_scope_tail,128_32_32,project_used,2,partial_init,0.00119209289551,2,0,smoke
window_scope_tail,128_32_32,project_used,2,csr_index,0.161647796631,4617,0,smoke
window_scope_tail,128_32_32,project_used,2,cache_membership,0.118732452393,4617,0,smoke
window_scope_tail,128_32_32,project_used,2,prefetch,0.0739097595215,4617,0,smoke
window_scope_tail,128_32_32,project_used,2,BF16_H_load,0,0,0,smoke
window_scope_tail,128_32_32,project_used,2,BF16_decode,0,0,0,smoke
window_scope_tail,128_32_32,project_used,2,cold_FP32_reduce,0,0,0,smoke
window_scope_tail,128_32_32,project_used,2,FP32_Q_load,0.0965595245361,4617,0,smoke
window_scope_tail,128_32_32,project_used,2,hot_FP32_reduce,0.151872634888,4617,0,smoke
window_scope_tail,128_32_32,project_used,2,partial_state_store,0.00214576721191,81,0,smoke
window_scope_tail,128_32_32,project_used,2,partial_hi_pack,0,0,0,smoke
window_scope_tail,128_32_32,project_used,2,partial_lo_pack,0,0,0,smoke
window_scope_tail,128_32_32,project_used,2,AMX_A_load,0,2,0,smoke
window_scope_tail,128_32_32,project_used,2,AMX_B_load,0,2,0,smoke
window_scope_tail,128_32_32,project_used,2,AMX_compute,0,2,0,smoke
window_scope_tail,128_32_32,project_used,2,C_store,0,2,0,smoke
window_scope_tail,128_32_32,project_used,2,hot_cold_merge,0,25,0,smoke
window_scope_tail,128_32_32,project_used,2,output_scatter,0,25,0,smoke
window_scope_tail,128_32_32,project_used,2,cache_H_gather,0,2,0,smoke
window_scope_tail,128_32_32,project_used,2,cache_Q_store,0.000953674316406,2,0,smoke
window_scope_tail,128_32_32,project_used,2,thread_amx_release,0,8,0,smoke
window_scope_tail,128_32_32,project_used,2,partial_state_load,0.000953674316406,81,0,smoke
window_scope_tail,128_32_32,project_used_L1_full_L2,1,thread_amx_setup,0.00190734863281,8,0,smoke
window_scope_tail,128_32_32,project_used_L1_full_L2,1,row_metadata,0,2,0,smoke
window_scope_tail,128_32_32,project_used_L1_full_L2,1,partial_init,0,2,0,smoke
window_scope_tail,128_32_32,project_used_L1_full_L2,1,csr_index,0.133991241455,4617,0,smoke
window_scope_tail,128_32_32,project_used_L1_full_L2,1,cache_membership,0.130891799927,4617,0,smoke
window_scope_tail,128_32_32,project_used_L1_full_L2,1,prefetch,0.126123428345,4617,0,smoke
window_scope_tail,128_32_32,project_used_L1_full_L2,1,BF16_H_load,0,0,0,smoke
window_scope_tail,128_32_32,project_used_L1_full_L2,1,BF16_decode,0,0,0,smoke
window_scope_tail,128_32_32,project_used_L1_full_L2,1,cold_FP32_reduce,0,0,0,smoke
window_scope_tail,128_32_32,project_used_L1_full_L2,1,FP32_Q_load,0.120639801025,4617,0,smoke
window_scope_tail,128_32_32,project_used_L1_full_L2,1,hot_FP32_reduce,0.116348266602,4617,0,smoke
window_scope_tail,128_32_32,project_used_L1_full_L2,1,partial_state_store,0.000953674316406,81,0,smoke
window_scope_tail,128_32_32,project_used_L1_full_L2,1,partial_hi_pack,0,0,0,smoke
window_scope_tail,128_32_32,project_used_L1_full_L2,1,partial_lo_pack,0,0,0,smoke
window_scope_tail,128_32_32,project_used_L1_full_L2,1,AMX_A_load,0,8,0,smoke
window_scope_tail,128_32_32,project_used_L1_full_L2,1,AMX_B_load,0,8,0,smoke
window_scope_tail,128_32_32,project_used_L1_full_L2,1,AMX_compute,0.00309944152832,8,0,smoke
window_scope_tail,128_32_32,project_used_L1_full_L2,1,C_store,0,2,0,smoke
window_scope_tail,128_32_32,project_used_L1_full_L2,1,hot_cold_merge,0.000953674316406,25,0,smoke
window_scope_tail,128_32_32,project_used_L1_full_L2,1,output_scatter,0.00190734863281,25,0,smoke
window_scope_tail,128_32_32,project_used_L1_full_L2,1,cache_H_gather,0.000953674316406,2,0,smoke
window_scope_tail,128_32_32,project_used_L1_full_L2,1,cache_Q_store,0,2,0,smoke
window_scope_tail,128_32_32,project_used_L1_full_L2,1,thread_amx_release,0,8,0,smoke
window_scope_tail,128_32_32,project_used_L1_full_L2,1,partial_state_load,0.00119209289551,81,0,smoke
window_scope_tail,128_32_32,project_used_L1_full_L2,2,thread_amx_setup,0.00190734863281,4,0,smoke
window_scope_tail,128_32_32,project_used_L1_full_L2,2,row_metadata,0,2,0,smoke
window_scope_tail,128_32_32,project_used_L1_full_L2,2,partial_init,0,2,0,smoke
window_scope_tail,128_32_32,project_used_L1_full_L2,2,csr_index,0.137805938721,4617,0,smoke
window_scope_tail,128_32_32,project_used_L1_full_L2,2,cache_membership,0,0,0,smoke
window_scope_tail,128_32_32,project_used_L1_full_L2,2,prefetch,0.137805938721,4617,0,smoke
window_scope_tail,128_32_32,project_used_L1_full_L2,2,BF16_H_load,0.141620635986,4617,0,smoke
window_scope_tail,128_32_32,project_used_L1_full_L2,2,BF16_decode,0.134468078613,4617,0,smoke
window_scope_tail,128_32_32,project_used_L1_full_L2,2,cold_FP32_reduce,0.124931335449,4617,0,smoke
window_scope_tail,128_32_32,project_used_L1_full_L2,2,FP32_Q_load,0,0,0,smoke
window_scope_tail,128_32_32,project_used_L1_full_L2,2,hot_FP32_reduce,0,0,0,smoke
window_scope_tail,128_32_32,project_used_L1_full_L2,2,partial_state_store,0.00190734863281,81,0,smoke
window_scope_tail,128_32_32,project_used_L1_full_L2,2,partial_hi_pack,0,32,0,smoke
window_scope_tail,128_32_32,project_used_L1_full_L2,2,partial_lo_pack,0,32,0,smoke
window_scope_tail,128_32_32,project_used_L1_full_L2,2,AMX_A_load,0.000953674316406,2,0,smoke
window_scope_tail,128_32_32,project_used_L1_full_L2,2,AMX_B_load,0,2,0,smoke
window_scope_tail,128_32_32,project_used_L1_full_L2,2,AMX_compute,0.000953674316406,2,0,smoke
window_scope_tail,128_32_32,project_used_L1_full_L2,2,C_store,0.000953674316406,1,0,smoke
window_scope_tail,128_32_32,project_used_L1_full_L2,2,hot_cold_merge,0,0,0,smoke
window_scope_tail,128_32_32,project_used_L1_full_L2,2,output_scatter,0.000953674316406,25,0,smoke
window_scope_tail,128_32_32,project_used_L1_full_L2,2,cache_H_gather,0,0,0,smoke
window_scope_tail,128_32_32,project_used_L1_full_L2,2,cache_Q_store,0,0,0,smoke
window_scope_tail,128_32_32,project_used_L1_full_L2,2,thread_amx_release,0,4,0,smoke
window_scope_tail,128_32_32,project_used_L1_full_L2,2,partial_state_load,0.00309944152832,81,0,smoke
window_scope_tail,128_128_128,fused_full_accurate,1,thread_amx_setup,0.00190734863281,4,0,smoke
window_scope_tail,128_128_128,fused_full_accurate,1,row_metadata,0,2,0,smoke
window_scope_tail,128_128_128,fused_full_accurate,1,partial_init,0.00119209289551,2,0,smoke
window_scope_tail,128_128_128,fused_full_accurate,1,csr_index,0.136852264404,4617,0,smoke
window_scope_tail,128_128_128,fused_full_accurate,1,cache_membership,0,0,0,smoke
window_scope_tail,128_128_128,fused_full_accurate,1,prefetch,0.142812728882,4617,0,smoke
window_scope_tail,128_128_128,fused_full_accurate,1,BF16_H_load,0.142335891724,4617,0,smoke
window_scope_tail,128_128_128,fused_full_accurate,1,BF16_decode,0.16450881958,4617,0,smoke
window_scope_tail,128_128_128,fused_full_accurate,1,cold_FP32_reduce,0.129461288452,4617,0,smoke
window_scope_tail,128_128_128,fused_full_accurate,1,FP32_Q_load,0,0,0,smoke
window_scope_tail,128_128_128,fused_full_accurate,1,hot_FP32_reduce,0,0,0,smoke
window_scope_tail,128_128_128,fused_full_accurate,1,partial_state_store,0.000953674316406,81,0,smoke
window_scope_tail,128_128_128,fused_full_accurate,1,partial_hi_pack,0.00476837158203,128,0,smoke
window_scope_tail,128_128_128,fused_full_accurate,1,partial_lo_pack,0.00381469726562,128,0,smoke
window_scope_tail,128_128_128,fused_full_accurate,1,AMX_A_load,0,16,0,smoke
window_scope_tail,128_128_128,fused_full_accurate,1,AMX_B_load,0.00214576721191,32,0,smoke
window_scope_tail,128_128_128,fused_full_accurate,1,AMX_compute,0.00286102294922,32,0,smoke
window_scope_tail,128_128_128,fused_full_accurate,1,C_store,0,2,0,smoke
window_scope_tail,128_128_128,fused_full_accurate,1,hot_cold_merge,0,0,0,smoke
window_scope_tail,128_128_128,fused_full_accurate,1,output_scatter,0.000953674316406,25,0,smoke
window_scope_tail,128_128_128,fused_full_accurate,1,cache_H_gather,0,0,0,smoke
window_scope_tail,128_128_128,fused_full_accurate,1,cache_Q_store,0,0,0,smoke
window_scope_tail,128_128_128,fused_full_accurate,1,thread_amx_release,0,4,0,smoke
window_scope_tail,128_128_128,fused_full_accurate,1,partial_state_load,0.000953674316406,81,0,smoke
window_scope_tail,128_128_128,fused_full_accurate,2,thread_amx_setup,0.00190734863281,4,0,smoke
window_scope_tail,128_128_128,fused_full_accurate,2,row_metadata,0,2,0,smoke
window_scope_tail,128_128_128,fused_full_accurate,2,partial_init,0.00190734863281,2,0,smoke
window_scope_tail,128_128_128,fused_full_accurate,2,csr_index,0.134229660034,4617,0,smoke
window_scope_tail,128_128_128,fused_full_accurate,2,cache_membership,0,0,0,smoke
window_scope_tail,128_128_128,fused_full_accurate,2,prefetch,0.138759613037,4617,0,smoke
window_scope_tail,128_128_128,fused_full_accurate,2,BF16_H_load,0.139236450195,4617,0,smoke
window_scope_tail,128_128_128,fused_full_accurate,2,BF16_decode,0.141620635986,4617,0,smoke
window_scope_tail,128_128_128,fused_full_accurate,2,cold_FP32_reduce,0.130653381348,4617,0,smoke
window_scope_tail,128_128_128,fused_full_accurate,2,FP32_Q_load,0,0,0,smoke
window_scope_tail,128_128_128,fused_full_accurate,2,hot_FP32_reduce,0,0,0,smoke
window_scope_tail,128_128_128,fused_full_accurate,2,partial_state_store,0.00286102294922,81,0,smoke
window_scope_tail,128_128_128,fused_full_accurate,2,partial_hi_pack,0.00381469726562,128,0,smoke
window_scope_tail,128_128_128,fused_full_accurate,2,partial_lo_pack,0.00309944152832,128,0,smoke
window_scope_tail,128_128_128,fused_full_accurate,2,AMX_A_load,0.000953674316406,16,0,smoke
window_scope_tail,128_128_128,fused_full_accurate,2,AMX_B_load,0.00190734863281,32,0,smoke
window_scope_tail,128_128_128,fused_full_accurate,2,AMX_compute,0.00309944152832,32,0,smoke
window_scope_tail,128_128_128,fused_full_accurate,2,C_store,0,2,0,smoke
window_scope_tail,128_128_128,fused_full_accurate,2,hot_cold_merge,0,0,0,smoke
window_scope_tail,128_128_128,fused_full_accurate,2,output_scatter,0.00214576721191,25,0,smoke
window_scope_tail,128_128_128,fused_full_accurate,2,cache_H_gather,0,0,0,smoke
window_scope_tail,128_128_128,fused_full_accurate,2,cache_Q_store,0,0,0,smoke
window_scope_tail,128_128_128,fused_full_accurate,2,thread_amx_release,0,4,0,smoke
window_scope_tail,128_128_128,fused_full_accurate,2,partial_state_load,0.00286102294922,81,0,smoke
window_scope_tail,128_128_128,hybrid_none,1,thread_amx_setup,0.00619888305664,4,0,smoke
window_scope_tail,128_128_128,hybrid_none,1,row_metadata,0,2,0,smoke
window_scope_tail,128_128_128,hybrid_none,1,partial_init,0.000953674316406,2,0,smoke
window_scope_tail,128_128_128,hybrid_none,1,csr_index,0.14066696167,4617,0,smoke
window_scope_tail,128_128_128,hybrid_none,1,cache_membership,0.146389007568,4617,0,smoke
window_scope_tail,128_128_128,hybrid_none,1,prefetch,0.144243240356,4617,0,smoke
window_scope_tail,128_128_128,hybrid_none,1,BF16_H_load,0.139474868774,4617,0,smoke
window_scope_tail,128_128_128,hybrid_none,1,BF16_decode,0.140190124512,4617,0,smoke
window_scope_tail,128_128_128,hybrid_none,1,cold_FP32_reduce,0.171184539795,4617,0,smoke
window_scope_tail,128_128_128,hybrid_none,1,FP32_Q_load,0,0,0,smoke
window_scope_tail,128_128_128,hybrid_none,1,hot_FP32_reduce,0,0,0,smoke
window_scope_tail,128_128_128,hybrid_none,1,partial_state_store,0.00190734863281,81,0,smoke
window_scope_tail,128_128_128,hybrid_none,1,partial_hi_pack,0.00500679016113,128,0,smoke
window_scope_tail,128_128_128,hybrid_none,1,partial_lo_pack,0.00405311584473,128,0,smoke
window_scope_tail,128_128_128,hybrid_none,1,AMX_A_load,0.000953674316406,16,0,smoke
window_scope_tail,128_128_128,hybrid_none,1,AMX_B_load,0.00119209289551,32,0,smoke
window_scope_tail,128_128_128,hybrid_none,1,AMX_compute,0,32,0,smoke
window_scope_tail,128_128_128,hybrid_none,1,C_store,0,2,0,smoke
window_scope_tail,128_128_128,hybrid_none,1,hot_cold_merge,0.00286102294922,25,0,smoke
window_scope_tail,128_128_128,hybrid_none,1,output_scatter,0.000953674316406,25,0,smoke
window_scope_tail,128_128_128,hybrid_none,1,cache_H_gather,0,0,0,smoke
window_scope_tail,128_128_128,hybrid_none,1,cache_Q_store,0,0,0,smoke
window_scope_tail,128_128_128,hybrid_none,1,thread_amx_release,0,4,0,smoke
window_scope_tail,128_128_128,hybrid_none,1,partial_state_load,0.00524520874023,81,0,smoke
window_scope_tail,128_128_128,hybrid_none,2,thread_amx_setup,0.00190734863281,4,0,smoke
window_scope_tail,128_128_128,hybrid_none,2,row_metadata,0,2,0,smoke
window_scope_tail,128_128_128,hybrid_none,2,partial_init,0.00190734863281,2,0,smoke
window_scope_tail,128_128_128,hybrid_none,2,csr_index,0.134944915771,4617,0,smoke
window_scope_tail,128_128_128,hybrid_none,2,cache_membership,0.127553939819,4617,0,smoke
window_scope_tail,128_128_128,hybrid_none,2,prefetch,0.138282775879,4617,0,smoke
window_scope_tail,128_128_128,hybrid_none,2,BF16_H_load,0.137567520142,4617,0,smoke
window_scope_tail,128_128_128,hybrid_none,2,BF16_decode,0.126838684082,4617,0,smoke
window_scope_tail,128_128_128,hybrid_none,2,cold_FP32_reduce,0.158071517944,4617,0,smoke
window_scope_tail,128_128_128,hybrid_none,2,FP32_Q_load,0,0,0,smoke
window_scope_tail,128_128_128,hybrid_none,2,hot_FP32_reduce,0,0,0,smoke
window_scope_tail,128_128_128,hybrid_none,2,partial_state_store,0.00286102294922,81,0,smoke
window_scope_tail,128_128_128,hybrid_none,2,partial_hi_pack,0.00214576721191,128,0,smoke
window_scope_tail,128_128_128,hybrid_none,2,partial_lo_pack,0.00405311584473,128,0,smoke
window_scope_tail,128_128_128,hybrid_none,2,AMX_A_load,0.000953674316406,16,0,smoke
window_scope_tail,128_128_128,hybrid_none,2,AMX_B_load,0.000953674316406,32,0,smoke
window_scope_tail,128_128_128,hybrid_none,2,AMX_compute,0.000953674316406,32,0,smoke
window_scope_tail,128_128_128,hybrid_none,2,C_store,0,2,0,smoke
window_scope_tail,128_128_128,hybrid_none,2,hot_cold_merge,0.000953674316406,25,0,smoke
window_scope_tail,128_128_128,hybrid_none,2,output_scatter,0.00119209289551,25,0,smoke
window_scope_tail,128_128_128,hybrid_none,2,cache_H_gather,0,0,0,smoke
window_scope_tail,128_128_128,hybrid_none,2,cache_Q_store,0,0,0,smoke
window_scope_tail,128_128_128,hybrid_none,2,thread_amx_release,0,4,0,smoke
window_scope_tail,128_128_128,hybrid_none,2,partial_state_load,0.000953674316406,81,0,smoke
window_scope_tail,128_128_128,top_1_64,1,thread_amx_setup,0.00452995300293,8,0,smoke
window_scope_tail,128_128_128,top_1_64,1,row_metadata,0,2,0,smoke
window_scope_tail,128_128_128,top_1_64,1,partial_init,0.000953674316406,2,0,smoke
window_scope_tail,128_128_128,top_1_64,1,csr_index,0.157356262207,4617,0,smoke
window_scope_tail,128_128_128,top_1_64,1,cache_membership,0.115633010864,4617,0,smoke
window_scope_tail,128_128_128,top_1_64,1,prefetch,0.134229660034,4617,0,smoke
window_scope_tail,128_128_128,top_1_64,1,BF16_H_load,0.154495239258,4538,0,smoke
window_scope_tail,128_128_128,top_1_64,1,BF16_decode,0.117063522339,4538,0,smoke
window_scope_tail,128_128_128,top_1_64,1,cold_FP32_reduce,0.162124633789,4538,0,smoke
window_scope_tail,128_128_128,top_1_64,1,FP32_Q_load,0.000953674316406,79,0,smoke
window_scope_tail,128_128_128,top_1_64,1,hot_FP32_reduce,0.00524520874023,79,0,smoke
window_scope_tail,128_128_128,top_1_64,1,partial_state_store,0.00286102294922,81,0,smoke
window_scope_tail,128_128_128,top_1_64,1,partial_hi_pack,0.00309944152832,128,0,smoke
window_scope_tail,128_128_128,top_1_64,1,partial_lo_pack,0.00500679016113,128,0,smoke
window_scope_tail,128_128_128,top_1_64,1,AMX_A_load,0,24,0,smoke
window_scope_tail,128_128_128,top_1_64,1,AMX_B_load,0.00309944152832,48,0,smoke
window_scope_tail,128_128_128,top_1_64,1,AMX_compute,0.00429153442383,48,0,smoke
window_scope_tail,128_128_128,top_1_64,1,C_store,0,4,0,smoke
window_scope_tail,128_128_128,top_1_64,1,hot_cold_merge,0.000953674316406,25,0,smoke
window_scope_tail,128_128_128,top_1_64,1,output_scatter,0,25,0,smoke
window_scope_tail,128_128_128,top_1_64,1,cache_H_gather,0,1,0,smoke
window_scope_tail,128_128_128,top_1_64,1,cache_Q_store,0,1,0,smoke
window_scope_tail,128_128_128,top_1_64,1,thread_amx_release,0.000953674316406,8,0,smoke
window_scope_tail,128_128_128,top_1_64,1,partial_state_load,0.00286102294922,81,0,smoke
window_scope_tail,128_128_128,top_1_64,2,thread_amx_setup,0.000953674316406,8,0,smoke
window_scope_tail,128_128_128,top_1_64,2,row_metadata,0.000953674316406,2,0,smoke
window_scope_tail,128_128_128,top_1_64,2,partial_init,0,2,0,smoke
window_scope_tail,128_128_128,top_1_64,2,csr_index,0.133037567139,4617,0,smoke
window_scope_tail,128_128_128,top_1_64,2,cache_membership,0.133037567139,4617,0,smoke
window_scope_tail,128_128_128,top_1_64,2,prefetch,0.128746032715,4617,0,smoke
window_scope_tail,128_128_128,top_1_64,2,BF16_H_load,0.136137008667,4538,0,smoke
window_scope_tail,128_128_128,top_1_64,2,BF16_decode,0.138282775879,4538,0,smoke
window_scope_tail,128_128_128,top_1_64,2,cold_FP32_reduce,0.168323516846,4538,0,smoke
window_scope_tail,128_128_128,top_1_64,2,FP32_Q_load,0.00190734863281,79,0,smoke
window_scope_tail,128_128_128,top_1_64,2,hot_FP32_reduce,0.00190734863281,79,0,smoke
window_scope_tail,128_128_128,top_1_64,2,partial_state_store,0.00500679016113,81,0,smoke
window_scope_tail,128_128_128,top_1_64,2,partial_hi_pack,0.00500679016113,128,0,smoke
window_scope_tail,128_128_128,top_1_64,2,partial_lo_pack,0.00405311584473,128,0,smoke
window_scope_tail,128_128_128,top_1_64,2,AMX_A_load,0.000953674316406,24,0,smoke
window_scope_tail,128_128_128,top_1_64,2,AMX_B_load,0.00286102294922,48,0,smoke
window_scope_tail,128_128_128,top_1_64,2,AMX_compute,0.00429153442383,48,0,smoke
window_scope_tail,128_128_128,top_1_64,2,C_store,0,4,0,smoke
window_scope_tail,128_128_128,top_1_64,2,hot_cold_merge,0.000953674316406,25,0,smoke
window_scope_tail,128_128_128,top_1_64,2,output_scatter,0.00214576721191,25,0,smoke
window_scope_tail,128_128_128,top_1_64,2,cache_H_gather,0.000953674316406,1,0,smoke
window_scope_tail,128_128_128,top_1_64,2,cache_Q_store,0,1,0,smoke
window_scope_tail,128_128_128,top_1_64,2,thread_amx_release,0.000953674316406,8,0,smoke
window_scope_tail,128_128_128,top_1_64,2,partial_state_load,0.00309944152832,81,0,smoke
window_scope_tail,128_128_128,top_1_16,1,thread_amx_setup,0.00190734863281,8,0,smoke
window_scope_tail,128_128_128,top_1_16,1,row_metadata,0,2,0,smoke
window_scope_tail,128_128_128,top_1_16,1,partial_init,0.00214576721191,2,0,smoke
window_scope_tail,128_128_128,top_1_16,1,csr_index,0.129699707031,4617,0,smoke
window_scope_tail,128_128_128,top_1_16,1,cache_membership,0.121116638184,4617,0,smoke
window_scope_tail,128_128_128,top_1_16,1,prefetch,0.152111053467,4617,0,smoke
window_scope_tail,128_128_128,top_1_16,1,BF16_H_load,0.120878219604,4326,0,smoke
window_scope_tail,128_128_128,top_1_16,1,BF16_decode,0.128269195557,4326,0,smoke
window_scope_tail,128_128_128,top_1_16,1,cold_FP32_reduce,0.169992446899,4326,0,smoke
window_scope_tail,128_128_128,top_1_16,1,FP32_Q_load,0.00882148742676,291,0,smoke
window_scope_tail,128_128_128,top_1_16,1,hot_FP32_reduce,0.00882148742676,291,0,smoke
window_scope_tail,128_128_128,top_1_16,1,partial_state_store,0.000953674316406,81,0,smoke
window_scope_tail,128_128_128,top_1_16,1,partial_hi_pack,0.00405311584473,128,0,smoke
window_scope_tail,128_128_128,top_1_16,1,partial_lo_pack,0.00381469726562,128,0,smoke
window_scope_tail,128_128_128,top_1_16,1,AMX_A_load,0.000953674316406,32,0,smoke
window_scope_tail,128_128_128,top_1_16,1,AMX_B_load,0.00214576721191,64,0,smoke
window_scope_tail,128_128_128,top_1_16,1,AMX_compute,0.00286102294922,64,0,smoke
window_scope_tail,128_128_128,top_1_16,1,C_store,0.000953674316406,6,0,smoke
window_scope_tail,128_128_128,top_1_16,1,hot_cold_merge,0.00119209289551,25,0,smoke
window_scope_tail,128_128_128,top_1_16,1,output_scatter,0.000953674316406,25,0,smoke
window_scope_tail,128_128_128,top_1_16,1,cache_H_gather,0,2,0,smoke
window_scope_tail,128_128_128,top_1_16,1,cache_Q_store,0,2,0,smoke
window_scope_tail,128_128_128,top_1_16,1,thread_amx_release,0,8,0,smoke
window_scope_tail,128_128_128,top_1_16,1,partial_state_load,0.00381469726562,81,0,smoke
window_scope_tail,128_128_128,top_1_16,2,thread_amx_setup,0,8,0,smoke
window_scope_tail,128_128_128,top_1_16,2,row_metadata,0,2,0,smoke
window_scope_tail,128_128_128,top_1_16,2,partial_init,0.000953674316406,2,0,smoke
window_scope_tail,128_128_128,top_1_16,2,csr_index,0.120878219604,4617,0,smoke
window_scope_tail,128_128_128,top_1_16,2,cache_membership,0.11682510376,4617,0,smoke
window_scope_tail,128_128_128,top_1_16,2,prefetch,0.143766403198,4617,0,smoke
window_scope_tail,128_128_128,top_1_16,2,BF16_H_load,0.137805938721,4326,0,smoke
window_scope_tail,128_128_128,top_1_16,2,BF16_decode,0.120401382446,4326,0,smoke
window_scope_tail,128_128_128,top_1_16,2,cold_FP32_reduce,0.161170959473,4326,0,smoke
window_scope_tail,128_128_128,top_1_16,2,FP32_Q_load,0.0100135803223,291,0,smoke
window_scope_tail,128_128_128,top_1_16,2,hot_FP32_reduce,0.0119209289551,291,0,smoke
window_scope_tail,128_128_128,top_1_16,2,partial_state_store,0.00309944152832,81,0,smoke
window_scope_tail,128_128_128,top_1_16,2,partial_hi_pack,0.00190734863281,128,0,smoke
window_scope_tail,128_128_128,top_1_16,2,partial_lo_pack,0.00309944152832,128,0,smoke
window_scope_tail,128_128_128,top_1_16,2,AMX_A_load,0.00214576721191,32,0,smoke
window_scope_tail,128_128_128,top_1_16,2,AMX_B_load,0.00119209289551,64,0,smoke
window_scope_tail,128_128_128,top_1_16,2,AMX_compute,0.00476837158203,64,0,smoke
window_scope_tail,128_128_128,top_1_16,2,C_store,0,6,0,smoke
window_scope_tail,128_128_128,top_1_16,2,hot_cold_merge,0,25,0,smoke
window_scope_tail,128_128_128,top_1_16,2,output_scatter,0,25,0,smoke
window_scope_tail,128_128_128,top_1_16,2,cache_H_gather,0,2,0,smoke
window_scope_tail,128_128_128,top_1_16,2,cache_Q_store,0.000953674316406,2,0,smoke
window_scope_tail,128_128_128,top_1_16,2,thread_amx_release,0,8,0,smoke
window_scope_tail,128_128_128,top_1_16,2,partial_state_load,0.00381469726562,81,0,smoke
window_scope_tail,128_128_128,top_1_4,1,thread_amx_setup,0.00238418579102,8,0,smoke
window_scope_tail,128_128_128,top_1_4,1,row_metadata,0,2,0,smoke
window_scope_tail,128_128_128,top_1_4,1,partial_init,0,2,0,smoke
window_scope_tail,128_128_128,top_1_4,1,csr_index,0.147581100464,4617,0,smoke
window_scope_tail,128_128_128,top_1_4,1,cache_membership,0.119209289551,4617,0,smoke
window_scope_tail,128_128_128,top_1_4,1,prefetch,0.134944915771,4617,0,smoke
window_scope_tail,128_128_128,top_1_4,1,BF16_H_load,0.10871887207,3459,0,smoke
window_scope_tail,128_128_128,top_1_4,1,BF16_decode,0.111103057861,3459,0,smoke
window_scope_tail,128_128_128,top_1_4,1,cold_FP32_reduce,0.113964080811,3459,0,smoke
window_scope_tail,128_128_128,top_1_4,1,FP32_Q_load,0.0243186950684,1158,0,smoke
window_scope_tail,128_128_128,top_1_4,1,hot_FP32_reduce,0.0367164611816,1158,0,smoke
window_scope_tail,128_128_128,top_1_4,1,partial_state_store,0.00238418579102,81,0,smoke
window_scope_tail,128_128_128,top_1_4,1,partial_hi_pack,0.00500679016113,128,0,smoke
window_scope_tail,128_128_128,top_1_4,1,partial_lo_pack,0.00405311584473,128,0,smoke
window_scope_tail,128_128_128,top_1_4,1,AMX_A_load,0,32,0,smoke
window_scope_tail,128_128_128,top_1_4,1,AMX_B_load,0.000953674316406,64,0,smoke
window_scope_tail,128_128_128,top_1_4,1,AMX_compute,0.00286102294922,64,0,smoke
window_scope_tail,128_128_128,top_1_4,1,C_store,0,6,0,smoke
window_scope_tail,128_128_128,top_1_4,1,hot_cold_merge,0.000953674316406,25,0,smoke
window_scope_tail,128_128_128,top_1_4,1,output_scatter,0.00119209289551,25,0,smoke
window_scope_tail,128_128_128,top_1_4,1,cache_H_gather,0,2,0,smoke
window_scope_tail,128_128_128,top_1_4,1,cache_Q_store,0.000953674316406,2,0,smoke
window_scope_tail,128_128_128,top_1_4,1,thread_amx_release,0,8,0,smoke
window_scope_tail,128_128_128,top_1_4,1,partial_state_load,0.000953674316406,81,0,smoke
window_scope_tail,128_128_128,top_1_4,2,thread_amx_setup,0,8,0,smoke
window_scope_tail,128_128_128,top_1_4,2,row_metadata,0.000953674316406,2,0,smoke
window_scope_tail,128_128_128,top_1_4,2,partial_init,0.000953674316406,2,0,smoke
window_scope_tail,128_128_128,top_1_4,2,csr_index,0.133991241455,4617,0,smoke
window_scope_tail,128_128_128,top_1_4,2,cache_membership,0.130176544189,4617,0,smoke
window_scope_tail,128_128_128,top_1_4,2,prefetch,0.133752822876,4617,0,smoke
window_scope_tail,128_128_128,top_1_4,2,BF16_H_load,0.103712081909,3459,0,smoke
window_scope_tail,128_128_128,top_1_4,2,BF16_decode,0.0977516174316,3459,0,smoke
window_scope_tail,128_128_128,top_1_4,2,cold_FP32_reduce,0.121355056763,3459,0,smoke
window_scope_tail,128_128_128,top_1_4,2,FP32_Q_load,0.0267028808594,1158,0,smoke
window_scope_tail,128_128_128,top_1_4,2,hot_FP32_reduce,0.0414848327637,1158,0,smoke
window_scope_tail,128_128_128,top_1_4,2,partial_state_store,0.00405311584473,81,0,smoke
window_scope_tail,128_128_128,top_1_4,2,partial_hi_pack,0.00214576721191,128,0,smoke
window_scope_tail,128_128_128,top_1_4,2,partial_lo_pack,0.00190734863281,128,0,smoke
window_scope_tail,128_128_128,top_1_4,2,AMX_A_load,0.000953674316406,32,0,smoke
window_scope_tail,128_128_128,top_1_4,2,AMX_B_load,0.00214576721191,64,0,smoke
window_scope_tail,128_128_128,top_1_4,2,AMX_compute,0.0109672546387,64,0,smoke
window_scope_tail,128_128_128,top_1_4,2,C_store,0,6,0,smoke
window_scope_tail,128_128_128,top_1_4,2,hot_cold_merge,0.00119209289551,25,0,smoke
window_scope_tail,128_128_128,top_1_4,2,output_scatter,0.000953674316406,25,0,smoke
window_scope_tail,128_128_128,top_1_4,2,cache_H_gather,0.000953674316406,2,0,smoke
window_scope_tail,128_128_128,top_1_4,2,cache_Q_store,0.000953674316406,2,0,smoke
window_scope_tail,128_128_128,top_1_4,2,thread_amx_release,0.00190734863281,8,0,smoke
window_scope_tail,128_128_128,top_1_4,2,partial_state_load,0.00190734863281,81,0,smoke
window_scope_tail,128_128_128,hybrid_all,1,thread_amx_setup,0,8,0,smoke
window_scope_tail,128_128_128,hybrid_all,1,row_metadata,0,2,0,smoke
window_scope_tail,128_128_128,hybrid_all,1,partial_init,0.00190734863281,2,0,smoke
window_scope_tail,128_128_128,hybrid_all,1,csr_index,0.13542175293,4617,0,smoke
window_scope_tail,128_128_128,hybrid_all,1,cache_membership,0.120401382446,4617,0,smoke
window_scope_tail,128_128_128,hybrid_all,1,prefetch,0.142574310303,4617,0,smoke
window_scope_tail,128_128_128,hybrid_all,1,BF16_H_load,0,0,0,smoke
window_scope_tail,128_128_128,hybrid_all,1,BF16_decode,0,0,0,smoke
window_scope_tail,128_128_128,hybrid_all,1,cold_FP32_reduce,0,0,0,smoke
window_scope_tail,128_128_128,hybrid_all,1,FP32_Q_load,0.145435333252,4617,0,smoke
window_scope_tail,128_128_128,hybrid_all,1,hot_FP32_reduce,0.151634216309,4617,0,smoke
window_scope_tail,128_128_128,hybrid_all,1,partial_state_store,0.00286102294922,81,0,smoke
window_scope_tail,128_128_128,hybrid_all,1,partial_hi_pack,0,0,0,smoke
window_scope_tail,128_128_128,hybrid_all,1,partial_lo_pack,0,0,0,smoke
window_scope_tail,128_128_128,hybrid_all,1,AMX_A_load,0.00119209289551,16,0,smoke
window_scope_tail,128_128_128,hybrid_all,1,AMX_B_load,0.00190734863281,32,0,smoke
window_scope_tail,128_128_128,hybrid_all,1,AMX_compute,0.000953674316406,32,0,smoke
window_scope_tail,128_128_128,hybrid_all,1,C_store,0,4,0,smoke
window_scope_tail,128_128_128,hybrid_all,1,hot_cold_merge,0.000953674316406,25,0,smoke
window_scope_tail,128_128_128,hybrid_all,1,output_scatter,0.00119209289551,25,0,smoke
window_scope_tail,128_128_128,hybrid_all,1,cache_H_gather,0,2,0,smoke
window_scope_tail,128_128_128,hybrid_all,1,cache_Q_store,0,2,0,smoke
window_scope_tail,128_128_128,hybrid_all,1,thread_amx_release,0.000953674316406,8,0,smoke
window_scope_tail,128_128_128,hybrid_all,1,partial_state_load,0,81,0,smoke
window_scope_tail,128_128_128,hybrid_all,2,thread_amx_setup,0,8,0,smoke
window_scope_tail,128_128_128,hybrid_all,2,row_metadata,0,2,0,smoke
window_scope_tail,128_128_128,hybrid_all,2,partial_init,0.000953674316406,2,0,smoke
window_scope_tail,128_128_128,hybrid_all,2,csr_index,0.10347366333,4617,0,smoke
window_scope_tail,128_128_128,hybrid_all,2,cache_membership,0.123977661133,4617,0,smoke
window_scope_tail,128_128_128,hybrid_all,2,prefetch,0.148773193359,4617,0,smoke
window_scope_tail,128_128_128,hybrid_all,2,BF16_H_load,0,0,0,smoke
window_scope_tail,128_128_128,hybrid_all,2,BF16_decode,0,0,0,smoke
window_scope_tail,128_128_128,hybrid_all,2,cold_FP32_reduce,0,0,0,smoke
window_scope_tail,128_128_128,hybrid_all,2,FP32_Q_load,0.133752822876,4617,0,smoke
window_scope_tail,128_128_128,hybrid_all,2,hot_FP32_reduce,0.177621841431,4617,0,smoke
window_scope_tail,128_128_128,hybrid_all,2,partial_state_store,0.000953674316406,81,0,smoke
window_scope_tail,128_128_128,hybrid_all,2,partial_hi_pack,0,0,0,smoke
window_scope_tail,128_128_128,hybrid_all,2,partial_lo_pack,0,0,0,smoke
window_scope_tail,128_128_128,hybrid_all,2,AMX_A_load,0,16,0,smoke
window_scope_tail,128_128_128,hybrid_all,2,AMX_B_load,0.00214576721191,32,0,smoke
window_scope_tail,128_128_128,hybrid_all,2,AMX_compute,0.00381469726562,32,0,smoke
window_scope_tail,128_128_128,hybrid_all,2,C_store,0,4,0,smoke
window_scope_tail,128_128_128,hybrid_all,2,hot_cold_merge,0,25,0,smoke
window_scope_tail,128_128_128,hybrid_all,2,output_scatter,0.00190734863281,25,0,smoke
window_scope_tail,128_128_128,hybrid_all,2,cache_H_gather,0,2,0,smoke
window_scope_tail,128_128_128,hybrid_all,2,cache_Q_store,0,2,0,smoke
window_scope_tail,128_128_128,hybrid_all,2,thread_amx_release,0.00119209289551,8,0,smoke
window_scope_tail,128_128_128,hybrid_all,2,partial_state_load,0.00333786010742,81,0,smoke
window_scope_tail,128_128_128,project_all,1,thread_amx_setup,0.0672340393066,8,0,smoke
window_scope_tail,128_128_128,project_all,1,row_metadata,0,2,0,smoke
window_scope_tail,128_128_128,project_all,1,partial_init,0,2,0,smoke
window_scope_tail,128_128_128,project_all,1,csr_index,0.140905380249,4617,0,smoke
window_scope_tail,128_128_128,project_all,1,cache_membership,0,0,0,smoke
window_scope_tail,128_128_128,project_all,1,prefetch,0.143527984619,4617,0,smoke
window_scope_tail,128_128_128,project_all,1,BF16_H_load,0,0,0,smoke
window_scope_tail,128_128_128,project_all,1,BF16_decode,0,0,0,smoke
window_scope_tail,128_128_128,project_all,1,cold_FP32_reduce,0,0,0,smoke
window_scope_tail,128_128_128,project_all,1,FP32_Q_load,0.159025192261,4617,0,smoke
window_scope_tail,128_128_128,project_all,1,hot_FP32_reduce,0.138521194458,4617,0,smoke
window_scope_tail,128_128_128,project_all,1,partial_state_store,0.00119209289551,81,0,smoke
window_scope_tail,128_128_128,project_all,1,partial_hi_pack,0,0,0,smoke
window_scope_tail,128_128_128,project_all,1,partial_lo_pack,0,0,0,smoke
window_scope_tail,128_128_128,project_all,1,AMX_A_load,0.000953674316406,16,0,smoke
window_scope_tail,128_128_128,project_all,1,AMX_B_load,0.00190734863281,32,0,smoke
window_scope_tail,128_128_128,project_all,1,AMX_compute,0.00309944152832,32,0,smoke
window_scope_tail,128_128_128,project_all,1,C_store,0.000953674316406,4,0,smoke
window_scope_tail,128_128_128,project_all,1,hot_cold_merge,0,25,0,smoke
window_scope_tail,128_128_128,project_all,1,output_scatter,0.000953674316406,25,0,smoke
window_scope_tail,128_128_128,project_all,1,cache_H_gather,0,2,0,smoke
window_scope_tail,128_128_128,project_all,1,cache_Q_store,0,2,0,smoke
window_scope_tail,128_128_128,project_all,1,thread_amx_release,0,8,0,smoke
window_scope_tail,128_128_128,project_all,1,partial_state_load,0.000953674316406,81,0,smoke
window_scope_tail,128_128_128,project_all,2,thread_amx_setup,0,8,0,smoke
window_scope_tail,128_128_128,project_all,2,row_metadata,0,2,0,smoke
window_scope_tail,128_128_128,project_all,2,partial_init,0,2,0,smoke
window_scope_tail,128_128_128,project_all,2,csr_index,0.145196914673,4617,0,smoke
window_scope_tail,128_128_128,project_all,2,cache_membership,0,0,0,smoke
window_scope_tail,128_128_128,project_all,2,prefetch,0.134229660034,4617,0,smoke
window_scope_tail,128_128_128,project_all,2,BF16_H_load,0,0,0,smoke
window_scope_tail,128_128_128,project_all,2,BF16_decode,0,0,0,smoke
window_scope_tail,128_128_128,project_all,2,cold_FP32_reduce,0,0,0,smoke
window_scope_tail,128_128_128,project_all,2,FP32_Q_load,0.143051147461,4617,0,smoke
window_scope_tail,128_128_128,project_all,2,hot_FP32_reduce,0.128030776978,4617,0,smoke
window_scope_tail,128_128_128,project_all,2,partial_state_store,0.00190734863281,81,0,smoke
window_scope_tail,128_128_128,project_all,2,partial_hi_pack,0,0,0,smoke
window_scope_tail,128_128_128,project_all,2,partial_lo_pack,0,0,0,smoke
window_scope_tail,128_128_128,project_all,2,AMX_A_load,0,16,0,smoke
window_scope_tail,128_128_128,project_all,2,AMX_B_load,0.000953674316406,32,0,smoke
window_scope_tail,128_128_128,project_all,2,AMX_compute,0.00381469726562,32,0,smoke
window_scope_tail,128_128_128,project_all,2,C_store,0,4,0,smoke
window_scope_tail,128_128_128,project_all,2,hot_cold_merge,0.000953674316406,25,0,smoke
window_scope_tail,128_128_128,project_all,2,output_scatter,0.000953674316406,25,0,smoke
window_scope_tail,128_128_128,project_all,2,cache_H_gather,0.000953674316406,2,0,smoke
window_scope_tail,128_128_128,project_all,2,cache_Q_store,0.00214576721191,2,0,smoke
window_scope_tail,128_128_128,project_all,2,thread_amx_release,0.000953674316406,8,0,smoke
window_scope_tail,128_128_128,project_all,2,partial_state_load,0.00333786010742,81,0,smoke
window_scope_tail,128_128_128,project_used,1,thread_amx_setup,0,8,0,smoke
window_scope_tail,128_128_128,project_used,1,row_metadata,0,2,0,smoke
window_scope_tail,128_128_128,project_used,1,partial_init,0,2,0,smoke
window_scope_tail,128_128_128,project_used,1,csr_index,0.139236450195,4617,0,smoke
window_scope_tail,128_128_128,project_used,1,cache_membership,0.139236450195,4617,0,smoke
window_scope_tail,128_128_128,project_used,1,prefetch,0.147104263306,4617,0,smoke
window_scope_tail,128_128_128,project_used,1,BF16_H_load,0,0,0,smoke
window_scope_tail,128_128_128,project_used,1,BF16_decode,0,0,0,smoke
window_scope_tail,128_128_128,project_used,1,cold_FP32_reduce,0,0,0,smoke
window_scope_tail,128_128_128,project_used,1,FP32_Q_load,0.156879425049,4617,0,smoke
window_scope_tail,128_128_128,project_used,1,hot_FP32_reduce,0.1380443573,4617,0,smoke
window_scope_tail,128_128_128,project_used,1,partial_state_store,0.00190734863281,81,0,smoke
window_scope_tail,128_128_128,project_used,1,partial_hi_pack,0,0,0,smoke
window_scope_tail,128_128_128,project_used,1,partial_lo_pack,0,0,0,smoke
window_scope_tail,128_128_128,project_used,1,AMX_A_load,0.00119209289551,16,0,smoke
window_scope_tail,128_128_128,project_used,1,AMX_B_load,0.000953674316406,32,0,smoke
window_scope_tail,128_128_128,project_used,1,AMX_compute,0.00309944152832,32,0,smoke
window_scope_tail,128_128_128,project_used,1,C_store,0.000953674316406,4,0,smoke
window_scope_tail,128_128_128,project_used,1,hot_cold_merge,0.00119209289551,25,0,smoke
window_scope_tail,128_128_128,project_used,1,output_scatter,0.00190734863281,25,0,smoke
window_scope_tail,128_128_128,project_used,1,cache_H_gather,0.000953674316406,2,0,smoke
window_scope_tail,128_128_128,project_used,1,cache_Q_store,0.00119209289551,2,0,smoke
window_scope_tail,128_128_128,project_used,1,thread_amx_release,0,8,0,smoke
window_scope_tail,128_128_128,project_used,1,partial_state_load,0.00214576721191,81,0,smoke
window_scope_tail,128_128_128,project_used,2,thread_amx_setup,0,8,0,smoke
window_scope_tail,128_128_128,project_used,2,row_metadata,0,2,0,smoke
window_scope_tail,128_128_128,project_used,2,partial_init,0,2,0,smoke
window_scope_tail,128_128_128,project_used,2,csr_index,0.139474868774,4617,0,smoke
window_scope_tail,128_128_128,project_used,2,cache_membership,0.145196914673,4617,0,smoke
window_scope_tail,128_128_128,project_used,2,prefetch,0.180244445801,4617,0,smoke
window_scope_tail,128_128_128,project_used,2,BF16_H_load,0,0,0,smoke
window_scope_tail,128_128_128,project_used,2,BF16_decode,0,0,0,smoke
window_scope_tail,128_128_128,project_used,2,cold_FP32_reduce,0,0,0,smoke
window_scope_tail,128_128_128,project_used,2,FP32_Q_load,0.153779983521,4617,0,smoke
window_scope_tail,128_128_128,project_used,2,hot_FP32_reduce,0.146627426147,4617,0,smoke
window_scope_tail,128_128_128,project_used,2,partial_state_store,0.00381469726562,81,0,smoke
window_scope_tail,128_128_128,project_used,2,partial_hi_pack,0,0,0,smoke
window_scope_tail,128_128_128,project_used,2,partial_lo_pack,0,0,0,smoke
window_scope_tail,128_128_128,project_used,2,AMX_A_load,0.000953674316406,16,0,smoke
window_scope_tail,128_128_128,project_used,2,AMX_B_load,0.000953674316406,32,0,smoke
window_scope_tail,128_128_128,project_used,2,AMX_compute,0.00405311584473,32,0,smoke
window_scope_tail,128_128_128,project_used,2,C_store,0,4,0,smoke
window_scope_tail,128_128_128,project_used,2,hot_cold_merge,0.00214576721191,25,0,smoke
window_scope_tail,128_128_128,project_used,2,output_scatter,0,25,0,smoke
window_scope_tail,128_128_128,project_used,2,cache_H_gather,0,2,0,smoke
window_scope_tail,128_128_128,project_used,2,cache_Q_store,0,2,0,smoke
window_scope_tail,128_128_128,project_used,2,thread_amx_release,0,8,0,smoke
window_scope_tail,128_128_128,project_used,2,partial_state_load,0.00309944152832,81,0,smoke
window_scope_tail,128_128_128,project_used_L1_full_L2,1,thread_amx_setup,0.00381469726562,8,0,smoke
window_scope_tail,128_128_128,project_used_L1_full_L2,1,row_metadata,0,2,0,smoke
window_scope_tail,128_128_128,project_used_L1_full_L2,1,partial_init,0.000953674316406,2,0,smoke
window_scope_tail,128_128_128,project_used_L1_full_L2,1,csr_index,0.149488449097,4617,0,smoke
window_scope_tail,128_128_128,project_used_L1_full_L2,1,cache_membership,0.131607055664,4617,0,smoke
window_scope_tail,128_128_128,project_used_L1_full_L2,1,prefetch,0.151634216309,4617,0,smoke
window_scope_tail,128_128_128,project_used_L1_full_L2,1,BF16_H_load,0,0,0,smoke
window_scope_tail,128_128_128,project_used_L1_full_L2,1,BF16_decode,0,0,0,smoke
window_scope_tail,128_128_128,project_used_L1_full_L2,1,cold_FP32_reduce,0,0,0,smoke
window_scope_tail,128_128_128,project_used_L1_full_L2,1,FP32_Q_load,0.166654586792,4617,0,smoke
window_scope_tail,128_128_128,project_used_L1_full_L2,1,hot_FP32_reduce,0.149726867676,4617,0,smoke
window_scope_tail,128_128_128,project_used_L1_full_L2,1,partial_state_store,0.000953674316406,81,0,smoke
window_scope_tail,128_128_128,project_used_L1_full_L2,1,partial_hi_pack,0,0,0,smoke
window_scope_tail,128_128_128,project_used_L1_full_L2,1,partial_lo_pack,0,0,0,smoke
window_scope_tail,128_128_128,project_used_L1_full_L2,1,AMX_A_load,0,16,0,smoke
window_scope_tail,128_128_128,project_used_L1_full_L2,1,AMX_B_load,0.000953674316406,32,0,smoke
window_scope_tail,128_128_128,project_used_L1_full_L2,1,AMX_compute,0.00500679016113,32,0,smoke
window_scope_tail,128_128_128,project_used_L1_full_L2,1,C_store,0,4,0,smoke
window_scope_tail,128_128_128,project_used_L1_full_L2,1,hot_cold_merge,0,25,0,smoke
window_scope_tail,128_128_128,project_used_L1_full_L2,1,output_scatter,0,25,0,smoke
window_scope_tail,128_128_128,project_used_L1_full_L2,1,cache_H_gather,0,2,0,smoke
window_scope_tail,128_128_128,project_used_L1_full_L2,1,cache_Q_store,0.00190734863281,2,0,smoke
window_scope_tail,128_128_128,project_used_L1_full_L2,1,thread_amx_release,0,8,0,smoke
window_scope_tail,128_128_128,project_used_L1_full_L2,1,partial_state_load,0.00691413879395,81,0,smoke
window_scope_tail,128_128_128,project_used_L1_full_L2,2,thread_amx_setup,0,4,0,smoke
window_scope_tail,128_128_128,project_used_L1_full_L2,2,row_metadata,0,2,0,smoke
window_scope_tail,128_128_128,project_used_L1_full_L2,2,partial_init,0.000953674316406,2,0,smoke
window_scope_tail,128_128_128,project_used_L1_full_L2,2,csr_index,0.136852264404,4617,0,smoke
window_scope_tail,128_128_128,project_used_L1_full_L2,2,cache_membership,0,0,0,smoke
window_scope_tail,128_128_128,project_used_L1_full_L2,2,prefetch,0.125885009766,4617,0,smoke
window_scope_tail,128_128_128,project_used_L1_full_L2,2,BF16_H_load,0.131845474243,4617,0,smoke
window_scope_tail,128_128_128,project_used_L1_full_L2,2,BF16_decode,0.142574310303,4617,0,smoke
window_scope_tail,128_128_128,project_used_L1_full_L2,2,cold_FP32_reduce,0.116109848022,4617,0,smoke
window_scope_tail,128_128_128,project_used_L1_full_L2,2,FP32_Q_load,0,0,0,smoke
window_scope_tail,128_128_128,project_used_L1_full_L2,2,hot_FP32_reduce,0,0,0,smoke
window_scope_tail,128_128_128,project_used_L1_full_L2,2,partial_state_store,0.000953674316406,81,0,smoke
window_scope_tail,128_128_128,project_used_L1_full_L2,2,partial_hi_pack,0.00500679016113,128,0,smoke
window_scope_tail,128_128_128,project_used_L1_full_L2,2,partial_lo_pack,0.00500679016113,128,0,smoke
window_scope_tail,128_128_128,project_used_L1_full_L2,2,AMX_A_load,0,16,0,smoke
window_scope_tail,128_128_128,project_used_L1_full_L2,2,AMX_B_load,0,32,0,smoke
window_scope_tail,128_128_128,project_used_L1_full_L2,2,AMX_compute,0.00309944152832,32,0,smoke
window_scope_tail,128_128_128,project_used_L1_full_L2,2,C_store,0,2,0,smoke
window_scope_tail,128_128_128,project_used_L1_full_L2,2,hot_cold_merge,0,0,0,smoke
window_scope_tail,128_128_128,project_used_L1_full_L2,2,output_scatter,0.00190734863281,25,0,smoke
window_scope_tail,128_128_128,project_used_L1_full_L2,2,cache_H_gather,0,0,0,smoke
window_scope_tail,128_128_128,project_used_L1_full_L2,2,cache_Q_store,0,0,0,smoke
window_scope_tail,128_128_128,project_used_L1_full_L2,2,thread_amx_release,0,4,0,smoke
window_scope_tail,128_128_128,project_used_L1_full_L2,2,partial_state_load,0.00286102294922,81,0,smoke
bipartite_hot,128_32_32,fused_full_accurate,1,thread_amx_setup,0.00977516174316,32,0,controlled
bipartite_hot,128_32_32,fused_full_accurate,1,row_metadata,0.00500679016113,17,0,controlled
bipartite_hot,128_32_32,fused_full_accurate,1,partial_init,0.000953674316406,17,0,controlled
bipartite_hot,128_32_32,fused_full_accurate,1,csr_index,0.547170639038,17408,0,controlled
bipartite_hot,128_32_32,fused_full_accurate,1,cache_membership,0,0,0,controlled
bipartite_hot,128_32_32,fused_full_accurate,1,prefetch,0.492095947266,17408,0,controlled
bipartite_hot,128_32_32,fused_full_accurate,1,BF16_H_load,0.543832778931,17408,0,controlled
bipartite_hot,128_32_32,fused_full_accurate,1,BF16_decode,0.594139099121,17408,0,controlled
bipartite_hot,128_32_32,fused_full_accurate,1,cold_FP32_reduce,0.485420227051,17408,0,controlled
bipartite_hot,128_32_32,fused_full_accurate,1,FP32_Q_load,0,0,0,controlled
bipartite_hot,128_32_32,fused_full_accurate,1,hot_FP32_reduce,0,0,0,controlled
bipartite_hot,128_32_32,fused_full_accurate,1,partial_state_store,0.00810623168945,272,0,controlled
bipartite_hot,128_32_32,fused_full_accurate,1,partial_hi_pack,0.0612735748291,2176,0,controlled
bipartite_hot,128_32_32,fused_full_accurate,1,partial_lo_pack,0.0591278076172,2176,0,controlled
bipartite_hot,128_32_32,fused_full_accurate,1,AMX_A_load,0.00572204589844,136,0,controlled
bipartite_hot,128_32_32,fused_full_accurate,1,AMX_B_load,0.00691413879395,136,0,controlled
bipartite_hot,128_32_32,fused_full_accurate,1,AMX_compute,0.0185966491699,136,0,controlled
bipartite_hot,128_32_32,fused_full_accurate,1,C_store,0,17,0,controlled
bipartite_hot,128_32_32,fused_full_accurate,1,hot_cold_merge,0,0,0,controlled
bipartite_hot,128_32_32,fused_full_accurate,1,output_scatter,0.00715255737305,272,0,controlled
bipartite_hot,128_32_32,fused_full_accurate,1,cache_H_gather,0,0,0,controlled
bipartite_hot,128_32_32,fused_full_accurate,1,cache_Q_store,0,0,0,controlled
bipartite_hot,128_32_32,fused_full_accurate,1,thread_amx_release,0.000953674316406,32,0,controlled
bipartite_hot,128_32_32,fused_full_accurate,1,partial_state_load,0.0100135803223,272,0,controlled
bipartite_hot,128_32_32,fused_full_accurate,2,thread_amx_setup,0.0181198120117,32,0,controlled
bipartite_hot,128_32_32,fused_full_accurate,2,row_metadata,0.00190734863281,17,0,controlled
bipartite_hot,128_32_32,fused_full_accurate,2,partial_init,0.00238418579102,17,0,controlled
bipartite_hot,128_32_32,fused_full_accurate,2,csr_index,0.49877166748,17408,0,controlled
bipartite_hot,128_32_32,fused_full_accurate,2,cache_membership,0,0,0,controlled
bipartite_hot,128_32_32,fused_full_accurate,2,prefetch,0.498533248901,17408,0,controlled
bipartite_hot,128_32_32,fused_full_accurate,2,BF16_H_load,0.510931015015,17408,0,controlled
bipartite_hot,128_32_32,fused_full_accurate,2,BF16_decode,0.519514083862,17408,0,controlled
bipartite_hot,128_32_32,fused_full_accurate,2,cold_FP32_reduce,0.499486923218,17408,0,controlled
bipartite_hot,128_32_32,fused_full_accurate,2,FP32_Q_load,0,0,0,controlled
bipartite_hot,128_32_32,fused_full_accurate,2,hot_FP32_reduce,0,0,0,controlled
bipartite_hot,128_32_32,fused_full_accurate,2,partial_state_store,0.00643730163574,272,0,controlled
bipartite_hot,128_32_32,fused_full_accurate,2,partial_hi_pack,0.0109672546387,544,0,controlled
bipartite_hot,128_32_32,fused_full_accurate,2,partial_lo_pack,0.0138282775879,544,0,controlled
bipartite_hot,128_32_32,fused_full_accurate,2,AMX_A_load,0.000953674316406,34,0,controlled
bipartite_hot,128_32_32,fused_full_accurate,2,AMX_B_load,0.00190734863281,34,0,controlled
bipartite_hot,128_32_32,fused_full_accurate,2,AMX_compute,0.0123977661133,34,0,controlled
bipartite_hot,128_32_32,fused_full_accurate,2,C_store,0,17,0,controlled
bipartite_hot,128_32_32,fused_full_accurate,2,hot_cold_merge,0,0,0,controlled
bipartite_hot,128_32_32,fused_full_accurate,2,output_scatter,0.0114440917969,272,0,controlled
bipartite_hot,128_32_32,fused_full_accurate,2,cache_H_gather,0,0,0,controlled
bipartite_hot,128_32_32,fused_full_accurate,2,cache_Q_store,0,0,0,controlled
bipartite_hot,128_32_32,fused_full_accurate,2,thread_amx_release,0,32,0,controlled
bipartite_hot,128_32_32,fused_full_accurate,2,partial_state_load,0.0138282775879,272,0,controlled
bipartite_hot,128_32_32,hybrid_none,1,thread_amx_setup,0.0104904174805,32,0,controlled
bipartite_hot,128_32_32,hybrid_none,1,row_metadata,0.00691413879395,17,0,controlled
bipartite_hot,128_32_32,hybrid_none,1,partial_init,0.00309944152832,17,0,controlled
bipartite_hot,128_32_32,hybrid_none,1,csr_index,1.74832344055,17408,0,controlled
bipartite_hot,128_32_32,hybrid_none,1,cache_membership,0.470161437988,17408,0,controlled
bipartite_hot,128_32_32,hybrid_none,1,prefetch,0.523567199707,17408,0,controlled
bipartite_hot,128_32_32,hybrid_none,1,BF16_H_load,0.526428222656,17408,0,controlled
bipartite_hot,128_32_32,hybrid_none,1,BF16_decode,0.494003295898,17408,0,controlled
bipartite_hot,128_32_32,hybrid_none,1,cold_FP32_reduce,0.624418258667,17408,0,controlled
bipartite_hot,128_32_32,hybrid_none,1,FP32_Q_load,0,0,0,controlled
bipartite_hot,128_32_32,hybrid_none,1,hot_FP32_reduce,0,0,0,controlled
bipartite_hot,128_32_32,hybrid_none,1,partial_state_store,0.00786781311035,272,0,controlled
bipartite_hot,128_32_32,hybrid_none,1,partial_hi_pack,0.0536441802979,2176,0,controlled
bipartite_hot,128_32_32,hybrid_none,1,partial_lo_pack,0.0693798065186,2176,0,controlled
bipartite_hot,128_32_32,hybrid_none,1,AMX_A_load,0.00429153442383,136,0,controlled
bipartite_hot,128_32_32,hybrid_none,1,AMX_B_load,0.0100135803223,136,0,controlled
bipartite_hot,128_32_32,hybrid_none,1,AMX_compute,0.0438690185547,136,0,controlled
bipartite_hot,128_32_32,hybrid_none,1,C_store,0,17,0,controlled
bipartite_hot,128_32_32,hybrid_none,1,hot_cold_merge,0.00977516174316,272,0,controlled
bipartite_hot,128_32_32,hybrid_none,1,output_scatter,0.00572204589844,272,0,controlled
bipartite_hot,128_32_32,hybrid_none,1,cache_H_gather,0,0,0,controlled
bipartite_hot,128_32_32,hybrid_none,1,cache_Q_store,0,0,0,controlled
bipartite_hot,128_32_32,hybrid_none,1,thread_amx_release,0.00286102294922,32,0,controlled
bipartite_hot,128_32_32,hybrid_none,1,partial_state_load,0.00858306884766,272,0,controlled
bipartite_hot,128_32_32,hybrid_none,2,thread_amx_setup,0.0112056732178,32,0,controlled
bipartite_hot,128_32_32,hybrid_none,2,row_metadata,0.00405311584473,17,0,controlled
bipartite_hot,128_32_32,hybrid_none,2,partial_init,0.00190734863281,17,0,controlled
bipartite_hot,128_32_32,hybrid_none,2,csr_index,0.490427017212,17408,0,controlled
bipartite_hot,128_32_32,hybrid_none,2,cache_membership,0.493764877319,17408,0,controlled
bipartite_hot,128_32_32,hybrid_none,2,prefetch,0.490665435791,17408,0,controlled
bipartite_hot,128_32_32,hybrid_none,2,BF16_H_load,0.497341156006,17408,0,controlled
bipartite_hot,128_32_32,hybrid_none,2,BF16_decode,0.499725341797,17408,0,controlled
bipartite_hot,128_32_32,hybrid_none,2,cold_FP32_reduce,0.498056411743,17408,0,controlled
bipartite_hot,128_32_32,hybrid_none,2,FP32_Q_load,0,0,0,controlled
bipartite_hot,128_32_32,hybrid_none,2,hot_FP32_reduce,0,0,0,controlled
bipartite_hot,128_32_32,hybrid_none,2,partial_state_store,0.00333786010742,272,0,controlled
bipartite_hot,128_32_32,hybrid_none,2,partial_hi_pack,0.0169277191162,544,0,controlled
bipartite_hot,128_32_32,hybrid_none,2,partial_lo_pack,0.0317096710205,544,0,controlled
bipartite_hot,128_32_32,hybrid_none,2,AMX_A_load,0,34,0,controlled
bipartite_hot,128_32_32,hybrid_none,2,AMX_B_load,0.000953674316406,34,0,controlled
bipartite_hot,128_32_32,hybrid_none,2,AMX_compute,0.030517578125,34,0,controlled
bipartite_hot,128_32_32,hybrid_none,2,C_store,0,17,0,controlled
bipartite_hot,128_32_32,hybrid_none,2,hot_cold_merge,0.00524520874023,272,0,controlled
bipartite_hot,128_32_32,hybrid_none,2,output_scatter,0.00834465026855,272,0,controlled
bipartite_hot,128_32_32,hybrid_none,2,cache_H_gather,0,0,0,controlled
bipartite_hot,128_32_32,hybrid_none,2,cache_Q_store,0,0,0,controlled
bipartite_hot,128_32_32,hybrid_none,2,thread_amx_release,0.00190734863281,32,0,controlled
bipartite_hot,128_32_32,hybrid_none,2,partial_state_load,0.00405311584473,272,0,controlled
bipartite_hot,128_32_32,top_1_64,1,thread_amx_setup,0.0231266021729,64,0,controlled
bipartite_hot,128_32_32,top_1_64,1,row_metadata,0.00190734863281,17,0,controlled
bipartite_hot,128_32_32,top_1_64,1,partial_init,0.00596046447754,17,0,controlled
bipartite_hot,128_32_32,top_1_64,1,csr_index,0.516891479492,17408,0,controlled
bipartite_hot,128_32_32,top_1_64,1,cache_membership,0.448226928711,17408,0,controlled
bipartite_hot,128_32_32,top_1_64,1,prefetch,0.515937805176,17408,0,controlled
bipartite_hot,128_32_32,top_1_64,1,BF16_H_load,0,0,0,controlled
bipartite_hot,128_32_32,top_1_64,1,BF16_decode,0,0,0,controlled
bipartite_hot,128_32_32,top_1_64,1,cold_FP32_reduce,0,0,0,controlled
bipartite_hot,128_32_32,top_1_64,1,FP32_Q_load,0.51736831665,17408,0,controlled
bipartite_hot,128_32_32,top_1_64,1,hot_FP32_reduce,0.458717346191,17408,0,controlled
bipartite_hot,128_32_32,top_1_64,1,partial_state_store,0.00929832458496,272,0,controlled
bipartite_hot,128_32_32,top_1_64,1,partial_hi_pack,0,0,0,controlled
bipartite_hot,128_32_32,top_1_64,1,partial_lo_pack,0,0,0,controlled
bipartite_hot,128_32_32,top_1_64,1,AMX_A_load,0,8,0,controlled
bipartite_hot,128_32_32,top_1_64,1,AMX_B_load,0.00214576721191,8,0,controlled
bipartite_hot,128_32_32,top_1_64,1,AMX_compute,0.00309944152832,8,0,controlled
bipartite_hot,128_32_32,top_1_64,1,C_store,0,2,0,controlled
bipartite_hot,128_32_32,top_1_64,1,hot_cold_merge,0.00476837158203,272,0,controlled
bipartite_hot,128_32_32,top_1_64,1,output_scatter,0.00858306884766,272,0,controlled
bipartite_hot,128_32_32,top_1_64,1,cache_H_gather,0.00190734863281,2,0,controlled
bipartite_hot,128_32_32,top_1_64,1,cache_Q_store,0,2,0,controlled
bipartite_hot,128_32_32,top_1_64,1,thread_amx_release,0.00190734863281,64,0,controlled
bipartite_hot,128_32_32,top_1_64,1,partial_state_load,0.00762939453125,272,0,controlled
bipartite_hot,128_32_32,top_1_64,2,thread_amx_setup,0.0169277191162,64,0,controlled
bipartite_hot,128_32_32,top_1_64,2,row_metadata,0.00119209289551,17,0,controlled
bipartite_hot,128_32_32,top_1_64,2,partial_init,0.00596046447754,17,0,controlled
bipartite_hot,128_32_32,top_1_64,2,csr_index,0.513553619385,17408,0,controlled
bipartite_hot,128_32_32,top_1_64,2,cache_membership,0.482082366943,17408,0,controlled
bipartite_hot,128_32_32,top_1_64,2,prefetch,0.479221343994,17408,0,controlled
bipartite_hot,128_32_32,top_1_64,2,BF16_H_load,0,0,0,controlled
bipartite_hot,128_32_32,top_1_64,2,BF16_decode,0,0,0,controlled
bipartite_hot,128_32_32,top_1_64,2,cold_FP32_reduce,0,0,0,controlled
bipartite_hot,128_32_32,top_1_64,2,FP32_Q_load,0.513315200806,17408,0,controlled
bipartite_hot,128_32_32,top_1_64,2,hot_FP32_reduce,0.486850738525,17408,0,controlled
bipartite_hot,128_32_32,top_1_64,2,partial_state_store,0.00619888305664,272,0,controlled
bipartite_hot,128_32_32,top_1_64,2,partial_hi_pack,0,0,0,controlled
bipartite_hot,128_32_32,top_1_64,2,partial_lo_pack,0,0,0,controlled
bipartite_hot,128_32_32,top_1_64,2,AMX_A_load,0,2,0,controlled
bipartite_hot,128_32_32,top_1_64,2,AMX_B_load,0,2,0,controlled
bipartite_hot,128_32_32,top_1_64,2,AMX_compute,0.00381469726562,2,0,controlled
bipartite_hot,128_32_32,top_1_64,2,C_store,0,2,0,controlled
bipartite_hot,128_32_32,top_1_64,2,hot_cold_merge,0.00476837158203,272,0,controlled
bipartite_hot,128_32_32,top_1_64,2,output_scatter,0.0114440917969,272,0,controlled
bipartite_hot,128_32_32,top_1_64,2,cache_H_gather,0.000953674316406,2,0,controlled
bipartite_hot,128_32_32,top_1_64,2,cache_Q_store,0,2,0,controlled
bipartite_hot,128_32_32,top_1_64,2,thread_amx_release,0.00190734863281,64,0,controlled
bipartite_hot,128_32_32,top_1_64,2,partial_state_load,0.00429153442383,272,0,controlled
bipartite_hot,128_32_32,top_1_16,1,thread_amx_setup,0.0336170196533,64,0,controlled
bipartite_hot,128_32_32,top_1_16,1,row_metadata,0.00190734863281,17,0,controlled
bipartite_hot,128_32_32,top_1_16,1,partial_init,0.00858306884766,17,0,controlled
bipartite_hot,128_32_32,top_1_16,1,csr_index,0.45919418335,17408,0,controlled
bipartite_hot,128_32_32,top_1_16,1,cache_membership,0.487327575684,17408,0,controlled
bipartite_hot,128_32_32,top_1_16,1,prefetch,0.438690185547,17408,0,controlled
bipartite_hot,128_32_32,top_1_16,1,BF16_H_load,0,0,0,controlled
bipartite_hot,128_32_32,top_1_16,1,BF16_decode,0,0,0,controlled
bipartite_hot,128_32_32,top_1_16,1,cold_FP32_reduce,0,0,0,controlled
bipartite_hot,128_32_32,top_1_16,1,FP32_Q_load,0.50950050354,17408,0,controlled
bipartite_hot,128_32_32,top_1_16,1,hot_FP32_reduce,0.477075576782,17408,0,controlled
bipartite_hot,128_32_32,top_1_16,1,partial_state_store,0.00572204589844,272,0,controlled
bipartite_hot,128_32_32,top_1_16,1,partial_hi_pack,0,0,0,controlled
bipartite_hot,128_32_32,top_1_16,1,partial_lo_pack,0,0,0,controlled
bipartite_hot,128_32_32,top_1_16,1,AMX_A_load,0,8,0,controlled
bipartite_hot,128_32_32,top_1_16,1,AMX_B_load,0,8,0,controlled
bipartite_hot,128_32_32,top_1_16,1,AMX_compute,0.00309944152832,8,0,controlled
bipartite_hot,128_32_32,top_1_16,1,C_store,0,2,0,controlled
bipartite_hot,128_32_32,top_1_16,1,hot_cold_merge,0.00858306884766,272,0,controlled
bipartite_hot,128_32_32,top_1_16,1,output_scatter,0.00786781311035,272,0,controlled
bipartite_hot,128_32_32,top_1_16,1,cache_H_gather,0.00190734863281,2,0,controlled
bipartite_hot,128_32_32,top_1_16,1,cache_Q_store,0,2,0,controlled
bipartite_hot,128_32_32,top_1_16,1,thread_amx_release,0.00190734863281,64,0,controlled
bipartite_hot,128_32_32,top_1_16,1,partial_state_load,0.00810623168945,272,0,controlled
bipartite_hot,128_32_32,top_1_16,2,thread_amx_setup,0.0128746032715,64,0,controlled
bipartite_hot,128_32_32,top_1_16,2,row_metadata,0.0107288360596,17,0,controlled
bipartite_hot,128_32_32,top_1_16,2,partial_init,0,17,0,controlled
bipartite_hot,128_32_32,top_1_16,2,csr_index,0.502586364746,17408,0,controlled
bipartite_hot,128_32_32,top_1_16,2,cache_membership,0.494241714478,17408,0,controlled
bipartite_hot,128_32_32,top_1_16,2,prefetch,0.496864318848,17408,0,controlled
bipartite_hot,128_32_32,top_1_16,2,BF16_H_load,0,0,0,controlled
bipartite_hot,128_32_32,top_1_16,2,BF16_decode,0,0,0,controlled
bipartite_hot,128_32_32,top_1_16,2,cold_FP32_reduce,0,0,0,controlled
bipartite_hot,128_32_32,top_1_16,2,FP32_Q_load,0.45371055603,17408,0,controlled
bipartite_hot,128_32_32,top_1_16,2,hot_FP32_reduce,0.542879104614,17408,0,controlled
bipartite_hot,128_32_32,top_1_16,2,partial_state_store,0.00691413879395,272,0,controlled
bipartite_hot,128_32_32,top_1_16,2,partial_hi_pack,0,0,0,controlled
bipartite_hot,128_32_32,top_1_16,2,partial_lo_pack,0,0,0,controlled
bipartite_hot,128_32_32,top_1_16,2,AMX_A_load,0.000953674316406,2,0,controlled
bipartite_hot,128_32_32,top_1_16,2,AMX_B_load,0,2,0,controlled
bipartite_hot,128_32_32,top_1_16,2,AMX_compute,0.00286102294922,2,0,controlled
bipartite_hot,128_32_32,top_1_16,2,C_store,0,2,0,controlled
bipartite_hot,128_32_32,top_1_16,2,hot_cold_merge,0.00691413879395,272,0,controlled
bipartite_hot,128_32_32,top_1_16,2,output_scatter,0.0100135803223,272,0,controlled
bipartite_hot,128_32_32,top_1_16,2,cache_H_gather,0,2,0,controlled
bipartite_hot,128_32_32,top_1_16,2,cache_Q_store,0.000953674316406,2,0,controlled
bipartite_hot,128_32_32,top_1_16,2,thread_amx_release,0.00190734863281,64,0,controlled
bipartite_hot,128_32_32,top_1_16,2,partial_state_load,0.00762939453125,272,0,controlled
bipartite_hot,128_32_32,top_1_4,1,thread_amx_setup,0.0150203704834,64,0,controlled
bipartite_hot,128_32_32,top_1_4,1,row_metadata,0,17,0,controlled
bipartite_hot,128_32_32,top_1_4,1,partial_init,0,17,0,controlled
bipartite_hot,128_32_32,top_1_4,1,csr_index,0.460386276245,17408,0,controlled
bipartite_hot,128_32_32,top_1_4,1,cache_membership,0.449180603027,17408,0,controlled
bipartite_hot,128_32_32,top_1_4,1,prefetch,0.525236129761,17408,0,controlled
bipartite_hot,128_32_32,top_1_4,1,BF16_H_load,0,0,0,controlled
bipartite_hot,128_32_32,top_1_4,1,BF16_decode,0,0,0,controlled
bipartite_hot,128_32_32,top_1_4,1,cold_FP32_reduce,0,0,0,controlled
bipartite_hot,128_32_32,top_1_4,1,FP32_Q_load,0.492334365845,17408,0,controlled
bipartite_hot,128_32_32,top_1_4,1,hot_FP32_reduce,0.54407119751,17408,0,controlled
bipartite_hot,128_32_32,top_1_4,1,partial_state_store,0.0107288360596,272,0,controlled
bipartite_hot,128_32_32,top_1_4,1,partial_hi_pack,0,0,0,controlled
bipartite_hot,128_32_32,top_1_4,1,partial_lo_pack,0,0,0,controlled
bipartite_hot,128_32_32,top_1_4,1,AMX_A_load,0.000953674316406,8,0,controlled
bipartite_hot,128_32_32,top_1_4,1,AMX_B_load,0,8,0,controlled
bipartite_hot,128_32_32,top_1_4,1,AMX_compute,0.00405311584473,8,0,controlled
bipartite_hot,128_32_32,top_1_4,1,C_store,0,2,0,controlled
bipartite_hot,128_32_32,top_1_4,1,hot_cold_merge,0.00858306884766,272,0,controlled
bipartite_hot,128_32_32,top_1_4,1,output_scatter,0.00977516174316,272,0,controlled
bipartite_hot,128_32_32,top_1_4,1,cache_H_gather,0.00190734863281,2,0,controlled
bipartite_hot,128_32_32,top_1_4,1,cache_Q_store,0.000953674316406,2,0,controlled
bipartite_hot,128_32_32,top_1_4,1,thread_amx_release,0.00405311584473,64,0,controlled
bipartite_hot,128_32_32,top_1_4,1,partial_state_load,0.00762939453125,272,0,controlled
bipartite_hot,128_32_32,top_1_4,2,thread_amx_setup,0.0228881835938,64,0,controlled
bipartite_hot,128_32_32,top_1_4,2,row_metadata,0,17,0,controlled
bipartite_hot,128_32_32,top_1_4,2,partial_init,0.00286102294922,17,0,controlled
bipartite_hot,128_32_32,top_1_4,2,csr_index,0.502109527588,17408,0,controlled
bipartite_hot,128_32_32,top_1_4,2,cache_membership,0.479698181152,17408,0,controlled
bipartite_hot,128_32_32,top_1_4,2,prefetch,0.502109527588,17408,0,controlled
bipartite_hot,128_32_32,top_1_4,2,BF16_H_load,0,0,0,controlled
bipartite_hot,128_32_32,top_1_4,2,BF16_decode,0,0,0,controlled
bipartite_hot,128_32_32,top_1_4,2,cold_FP32_reduce,0,0,0,controlled
bipartite_hot,128_32_32,top_1_4,2,FP32_Q_load,0.487565994263,17408,0,controlled
bipartite_hot,128_32_32,top_1_4,2,hot_FP32_reduce,0.539541244507,17408,0,controlled
bipartite_hot,128_32_32,top_1_4,2,partial_state_store,0.0133514404297,272,0,controlled
bipartite_hot,128_32_32,top_1_4,2,partial_hi_pack,0,0,0,controlled
bipartite_hot,128_32_32,top_1_4,2,partial_lo_pack,0,0,0,controlled
bipartite_hot,128_32_32,top_1_4,2,AMX_A_load,0,2,0,controlled
bipartite_hot,128_32_32,top_1_4,2,AMX_B_load,0,2,0,controlled
bipartite_hot,128_32_32,top_1_4,2,AMX_compute,0.00405311584473,2,0,controlled
bipartite_hot,128_32_32,top_1_4,2,C_store,0,2,0,controlled
bipartite_hot,128_32_32,top_1_4,2,hot_cold_merge,0.0119209289551,272,0,controlled
bipartite_hot,128_32_32,top_1_4,2,output_scatter,0.00953674316406,272,0,controlled
bipartite_hot,128_32_32,top_1_4,2,cache_H_gather,0,2,0,controlled
bipartite_hot,128_32_32,top_1_4,2,cache_Q_store,0,2,0,controlled
bipartite_hot,128_32_32,top_1_4,2,thread_amx_release,0.00214576721191,64,0,controlled
bipartite_hot,128_32_32,top_1_4,2,partial_state_load,0.00596046447754,272,0,controlled
bipartite_hot,128_32_32,hybrid_all,1,thread_amx_setup,0.030517578125,64,0,controlled
bipartite_hot,128_32_32,hybrid_all,1,row_metadata,0.00190734863281,17,0,controlled
bipartite_hot,128_32_32,hybrid_all,1,partial_init,0.00476837158203,17,0,controlled
bipartite_hot,128_32_32,hybrid_all,1,csr_index,0.458955764771,17408,0,controlled
bipartite_hot,128_32_32,hybrid_all,1,cache_membership,0.472545623779,17408,0,controlled
bipartite_hot,128_32_32,hybrid_all,1,prefetch,0.636100769043,17408,0,controlled
bipartite_hot,128_32_32,hybrid_all,1,BF16_H_load,0,0,0,controlled
bipartite_hot,128_32_32,hybrid_all,1,BF16_decode,0,0,0,controlled
bipartite_hot,128_32_32,hybrid_all,1,cold_FP32_reduce,0,0,0,controlled
bipartite_hot,128_32_32,hybrid_all,1,FP32_Q_load,0.455856323242,17408,0,controlled
bipartite_hot,128_32_32,hybrid_all,1,hot_FP32_reduce,0.545740127563,17408,0,controlled
bipartite_hot,128_32_32,hybrid_all,1,partial_state_store,0.00810623168945,272,0,controlled
bipartite_hot,128_32_32,hybrid_all,1,partial_hi_pack,0,0,0,controlled
bipartite_hot,128_32_32,hybrid_all,1,partial_lo_pack,0,0,0,controlled
bipartite_hot,128_32_32,hybrid_all,1,AMX_A_load,0.00190734863281,68,0,controlled
bipartite_hot,128_32_32,hybrid_all,1,AMX_B_load,0.00381469726562,68,0,controlled
bipartite_hot,128_32_32,hybrid_all,1,AMX_compute,0.0536441802979,68,0,controlled
bipartite_hot,128_32_32,hybrid_all,1,C_store,0.00190734863281,17,0,controlled
bipartite_hot,128_32_32,hybrid_all,1,hot_cold_merge,0.0119209289551,272,0,controlled
bipartite_hot,128_32_32,hybrid_all,1,output_scatter,0.00905990600586,272,0,controlled
bipartite_hot,128_32_32,hybrid_all,1,cache_H_gather,0.00381469726562,17,0,controlled
bipartite_hot,128_32_32,hybrid_all,1,cache_Q_store,0.00190734863281,17,0,controlled
bipartite_hot,128_32_32,hybrid_all,1,thread_amx_release,0.00309944152832,64,0,controlled
bipartite_hot,128_32_32,hybrid_all,1,partial_state_load,0.0135898590088,272,0,controlled
bipartite_hot,128_32_32,hybrid_all,2,thread_amx_setup,0.025749206543,64,0,controlled
bipartite_hot,128_32_32,hybrid_all,2,row_metadata,0,17,0,controlled
bipartite_hot,128_32_32,hybrid_all,2,partial_init,0.00286102294922,17,0,controlled
bipartite_hot,128_32_32,hybrid_all,2,csr_index,0.488042831421,17408,0,controlled
bipartite_hot,128_32_32,hybrid_all,2,cache_membership,0.442981719971,17408,0,controlled
bipartite_hot,128_32_32,hybrid_all,2,prefetch,0.499963760376,17408,0,controlled
bipartite_hot,128_32_32,hybrid_all,2,BF16_H_load,0,0,0,controlled
bipartite_hot,128_32_32,hybrid_all,2,BF16_decode,0,0,0,controlled
bipartite_hot,128_32_32,hybrid_all,2,cold_FP32_reduce,0,0,0,controlled
bipartite_hot,128_32_32,hybrid_all,2,FP32_Q_load,0.499486923218,17408,0,controlled
bipartite_hot,128_32_32,hybrid_all,2,hot_FP32_reduce,0.516653060913,17408,0,controlled
bipartite_hot,128_32_32,hybrid_all,2,partial_state_store,0.00405311584473,272,0,controlled
bipartite_hot,128_32_32,hybrid_all,2,partial_hi_pack,0,0,0,controlled
bipartite_hot,128_32_32,hybrid_all,2,partial_lo_pack,0,0,0,controlled
bipartite_hot,128_32_32,hybrid_all,2,AMX_A_load,0,17,0,controlled
bipartite_hot,128_32_32,hybrid_all,2,AMX_B_load,0.00214576721191,17,0,controlled
bipartite_hot,128_32_32,hybrid_all,2,AMX_compute,0.0514984130859,17,0,controlled
bipartite_hot,128_32_32,hybrid_all,2,C_store,0.00286102294922,17,0,controlled
bipartite_hot,128_32_32,hybrid_all,2,hot_cold_merge,0.00381469726562,272,0,controlled
bipartite_hot,128_32_32,hybrid_all,2,output_scatter,0.00572204589844,272,0,controlled
bipartite_hot,128_32_32,hybrid_all,2,cache_H_gather,0.00596046447754,17,0,controlled
bipartite_hot,128_32_32,hybrid_all,2,cache_Q_store,0.00190734863281,17,0,controlled
bipartite_hot,128_32_32,hybrid_all,2,thread_amx_release,0.00333786010742,64,0,controlled
bipartite_hot,128_32_32,hybrid_all,2,partial_state_load,0.00476837158203,272,0,controlled
bipartite_hot,128_32_32,project_all,1,thread_amx_setup,0.0309944152832,64,0,controlled
bipartite_hot,128_32_32,project_all,1,row_metadata,0.00190734863281,17,0,controlled
bipartite_hot,128_32_32,project_all,1,partial_init,0.00190734863281,17,0,controlled
bipartite_hot,128_32_32,project_all,1,csr_index,0.487804412842,17408,0,controlled
bipartite_hot,128_32_32,project_all,1,cache_membership,0,0,0,controlled
bipartite_hot,128_32_32,project_all,1,prefetch,0.4723072052,17408,0,controlled
bipartite_hot,128_32_32,project_all,1,BF16_H_load,0,0,0,controlled
bipartite_hot,128_32_32,project_all,1,BF16_decode,0,0,0,controlled
bipartite_hot,128_32_32,project_all,1,cold_FP32_reduce,0,0,0,controlled
bipartite_hot,128_32_32,project_all,1,FP32_Q_load,0.555038452148,17408,0,controlled
bipartite_hot,128_32_32,project_all,1,hot_FP32_reduce,0.497341156006,17408,0,controlled
bipartite_hot,128_32_32,project_all,1,partial_state_store,0.00572204589844,272,0,controlled
bipartite_hot,128_32_32,project_all,1,partial_hi_pack,0,0,0,controlled
bipartite_hot,128_32_32,project_all,1,partial_lo_pack,0,0,0,controlled
bipartite_hot,128_32_32,project_all,1,AMX_A_load,0,68,0,controlled
bipartite_hot,128_32_32,project_all,1,AMX_B_load,0.0100135803223,68,0,controlled
bipartite_hot,128_32_32,project_all,1,AMX_compute,0.0584125518799,68,0,controlled
bipartite_hot,128_32_32,project_all,1,C_store,0,17,0,controlled
bipartite_hot,128_32_32,project_all,1,hot_cold_merge,0.00977516174316,272,0,controlled
bipartite_hot,128_32_32,project_all,1,output_scatter,0.00858306884766,272,0,controlled
bipartite_hot,128_32_32,project_all,1,cache_H_gather,0.00381469726562,17,0,controlled
bipartite_hot,128_32_32,project_all,1,cache_Q_store,0.000953674316406,17,0,controlled
bipartite_hot,128_32_32,project_all,1,thread_amx_release,0.00309944152832,64,0,controlled
bipartite_hot,128_32_32,project_all,1,partial_state_load,0.011682510376,272,0,controlled
bipartite_hot,128_32_32,project_all,2,thread_amx_setup,0.0209808349609,64,0,controlled
bipartite_hot,128_32_32,project_all,2,row_metadata,0.00190734863281,17,0,controlled
bipartite_hot,128_32_32,project_all,2,partial_init,0.000953674316406,17,0,controlled
bipartite_hot,128_32_32,project_all,2,csr_index,0.462055206299,17408,0,controlled
bipartite_hot,128_32_32,project_all,2,cache_membership,0,0,0,controlled
bipartite_hot,128_32_32,project_all,2,prefetch,0.496387481689,17408,0,controlled
bipartite_hot,128_32_32,project_all,2,BF16_H_load,0,0,0,controlled
bipartite_hot,128_32_32,project_all,2,BF16_decode,0,0,0,controlled
bipartite_hot,128_32_32,project_all,2,cold_FP32_reduce,0,0,0,controlled
bipartite_hot,128_32_32,project_all,2,FP32_Q_load,0.517129898071,17408,0,controlled
bipartite_hot,128_32_32,project_all,2,hot_FP32_reduce,0.494718551636,17408,0,controlled
bipartite_hot,128_32_32,project_all,2,partial_state_store,0.00810623168945,272,0,controlled
bipartite_hot,128_32_32,project_all,2,partial_hi_pack,0,0,0,controlled
bipartite_hot,128_32_32,project_all,2,partial_lo_pack,0,0,0,controlled
bipartite_hot,128_32_32,project_all,2,AMX_A_load,0,17,0,controlled
bipartite_hot,128_32_32,project_all,2,AMX_B_load,0,17,0,controlled
bipartite_hot,128_32_32,project_all,2,AMX_compute,0.0495910644531,17,0,controlled
bipartite_hot,128_32_32,project_all,2,C_store,0.000953674316406,17,0,controlled
bipartite_hot,128_32_32,project_all,2,hot_cold_merge,0.00715255737305,272,0,controlled
bipartite_hot,128_32_32,project_all,2,output_scatter,0.00715255737305,272,0,controlled
bipartite_hot,128_32_32,project_all,2,cache_H_gather,0.00309944152832,17,0,controlled
bipartite_hot,128_32_32,project_all,2,cache_Q_store,0.00190734863281,17,0,controlled
bipartite_hot,128_32_32,project_all,2,thread_amx_release,0.00286102294922,64,0,controlled
bipartite_hot,128_32_32,project_all,2,partial_state_load,0.00977516174316,272,0,controlled
bipartite_hot,128_32_32,project_used,1,thread_amx_setup,0.0240802764893,64,0,controlled
bipartite_hot,128_32_32,project_used,1,row_metadata,0.00214576721191,17,0,controlled
bipartite_hot,128_32_32,project_used,1,partial_init,0.00119209289551,17,0,controlled
bipartite_hot,128_32_32,project_used,1,csr_index,0.456571578979,17408,0,controlled
bipartite_hot,128_32_32,project_used,1,cache_membership,0.469446182251,17408,0,controlled
bipartite_hot,128_32_32,project_used,1,prefetch,0.503063201904,17408,0,controlled
bipartite_hot,128_32_32,project_used,1,BF16_H_load,0,0,0,controlled
bipartite_hot,128_32_32,project_used,1,BF16_decode,0,0,0,controlled
bipartite_hot,128_32_32,project_used,1,cold_FP32_reduce,0,0,0,controlled
bipartite_hot,128_32_32,project_used,1,FP32_Q_load,0.493288040161,17408,0,controlled
bipartite_hot,128_32_32,project_used,1,hot_FP32_reduce,0.468015670776,17408,0,controlled
bipartite_hot,128_32_32,project_used,1,partial_state_store,0.00739097595215,272,0,controlled
bipartite_hot,128_32_32,project_used,1,partial_hi_pack,0,0,0,controlled
bipartite_hot,128_32_32,project_used,1,partial_lo_pack,0,0,0,controlled
bipartite_hot,128_32_32,project_used,1,AMX_A_load,0,8,0,controlled
bipartite_hot,128_32_32,project_used,1,AMX_B_load,0,8,0,controlled
bipartite_hot,128_32_32,project_used,1,AMX_compute,0.00405311584473,8,0,controlled
bipartite_hot,128_32_32,project_used,1,C_store,0,2,0,controlled
bipartite_hot,128_32_32,project_used,1,hot_cold_merge,0.00667572021484,272,0,controlled
bipartite_hot,128_32_32,project_used,1,output_scatter,0.00691413879395,272,0,controlled
bipartite_hot,128_32_32,project_used,1,cache_H_gather,0.00119209289551,2,0,controlled
bipartite_hot,128_32_32,project_used,1,cache_Q_store,0.000953674316406,2,0,controlled
bipartite_hot,128_32_32,project_used,1,thread_amx_release,0.00286102294922,64,0,controlled
bipartite_hot,128_32_32,project_used,1,partial_state_load,0.00858306884766,272,0,controlled
bipartite_hot,128_32_32,project_used,2,thread_amx_setup,0.0214576721191,64,0,controlled
bipartite_hot,128_32_32,project_used,2,row_metadata,0.000953674316406,17,0,controlled
bipartite_hot,128_32_32,project_used,2,partial_init,0,17,0,controlled
bipartite_hot,128_32_32,project_used,2,csr_index,0.523090362549,17408,0,controlled
bipartite_hot,128_32_32,project_used,2,cache_membership,0.414133071899,17408,0,controlled
bipartite_hot,128_32_32,project_used,2,prefetch,0.468492507935,17408,0,controlled
bipartite_hot,128_32_32,project_used,2,BF16_H_load,0,0,0,controlled
bipartite_hot,128_32_32,project_used,2,BF16_decode,0,0,0,controlled
bipartite_hot,128_32_32,project_used,2,cold_FP32_reduce,0,0,0,controlled
bipartite_hot,128_32_32,project_used,2,FP32_Q_load,0.499725341797,17408,0,controlled
bipartite_hot,128_32_32,project_used,2,hot_FP32_reduce,0.484704971313,17408,0,controlled
bipartite_hot,128_32_32,project_used,2,partial_state_store,0.00190734863281,272,0,controlled
bipartite_hot,128_32_32,project_used,2,partial_hi_pack,0,0,0,controlled
bipartite_hot,128_32_32,project_used,2,partial_lo_pack,0,0,0,controlled
bipartite_hot,128_32_32,project_used,2,AMX_A_load,0,2,0,controlled
bipartite_hot,128_32_32,project_used,2,AMX_B_load,0,2,0,controlled
bipartite_hot,128_32_32,project_used,2,AMX_compute,0.00309944152832,2,0,controlled
bipartite_hot,128_32_32,project_used,2,C_store,0,2,0,controlled
bipartite_hot,128_32_32,project_used,2,hot_cold_merge,0.00929832458496,272,0,controlled
bipartite_hot,128_32_32,project_used,2,output_scatter,0.00715255737305,272,0,controlled
bipartite_hot,128_32_32,project_used,2,cache_H_gather,0,2,0,controlled
bipartite_hot,128_32_32,project_used,2,cache_Q_store,0,2,0,controlled
bipartite_hot,128_32_32,project_used,2,thread_amx_release,0.00309944152832,64,0,controlled
bipartite_hot,128_32_32,project_used,2,partial_state_load,0.00381469726562,272,0,controlled
bipartite_hot,128_32_32,project_used_L1_full_L2,1,thread_amx_setup,0.0195503234863,64,0,controlled
bipartite_hot,128_32_32,project_used_L1_full_L2,1,row_metadata,0.000953674316406,17,0,controlled
bipartite_hot,128_32_32,project_used_L1_full_L2,1,partial_init,0.00190734863281,17,0,controlled
bipartite_hot,128_32_32,project_used_L1_full_L2,1,csr_index,0.475883483887,17408,0,controlled
bipartite_hot,128_32_32,project_used_L1_full_L2,1,cache_membership,0.504493713379,17408,0,controlled
bipartite_hot,128_32_32,project_used_L1_full_L2,1,prefetch,0.482797622681,17408,0,controlled
bipartite_hot,128_32_32,project_used_L1_full_L2,1,BF16_H_load,0,0,0,controlled
bipartite_hot,128_32_32,project_used_L1_full_L2,1,BF16_decode,0,0,0,controlled
bipartite_hot,128_32_32,project_used_L1_full_L2,1,cold_FP32_reduce,0,0,0,controlled
bipartite_hot,128_32_32,project_used_L1_full_L2,1,FP32_Q_load,0.498533248901,17408,0,controlled
bipartite_hot,128_32_32,project_used_L1_full_L2,1,hot_FP32_reduce,0.49614906311,17408,0,controlled
bipartite_hot,128_32_32,project_used_L1_full_L2,1,partial_state_store,0.00810623168945,272,0,controlled
bipartite_hot,128_32_32,project_used_L1_full_L2,1,partial_hi_pack,0,0,0,controlled
bipartite_hot,128_32_32,project_used_L1_full_L2,1,partial_lo_pack,0,0,0,controlled
bipartite_hot,128_32_32,project_used_L1_full_L2,1,AMX_A_load,0,8,0,controlled
bipartite_hot,128_32_32,project_used_L1_full_L2,1,AMX_B_load,0,8,0,controlled
bipartite_hot,128_32_32,project_used_L1_full_L2,1,AMX_compute,0.00405311584473,8,0,controlled
bipartite_hot,128_32_32,project_used_L1_full_L2,1,C_store,0,2,0,controlled
bipartite_hot,128_32_32,project_used_L1_full_L2,1,hot_cold_merge,0.00810623168945,272,0,controlled
bipartite_hot,128_32_32,project_used_L1_full_L2,1,output_scatter,0.00524520874023,272,0,controlled
bipartite_hot,128_32_32,project_used_L1_full_L2,1,cache_H_gather,0.000953674316406,2,0,controlled
bipartite_hot,128_32_32,project_used_L1_full_L2,1,cache_Q_store,0,2,0,controlled
bipartite_hot,128_32_32,project_used_L1_full_L2,1,thread_amx_release,0.000953674316406,64,0,controlled
bipartite_hot,128_32_32,project_used_L1_full_L2,1,partial_state_load,0.0138282775879,272,0,controlled
bipartite_hot,128_32_32,project_used_L1_full_L2,2,thread_amx_setup,0.00834465026855,32,0,controlled
bipartite_hot,128_32_32,project_used_L1_full_L2,2,row_metadata,0.00190734863281,17,0,controlled
bipartite_hot,128_32_32,project_used_L1_full_L2,2,partial_init,0,17,0,controlled
bipartite_hot,128_32_32,project_used_L1_full_L2,2,csr_index,0.521659851074,17408,0,controlled
bipartite_hot,128_32_32,project_used_L1_full_L2,2,cache_membership,0,0,0,controlled
bipartite_hot,128_32_32,project_used_L1_full_L2,2,prefetch,0.484704971313,17408,0,controlled
bipartite_hot,128_32_32,project_used_L1_full_L2,2,BF16_H_load,0.526905059814,17408,0,controlled
bipartite_hot,128_32_32,project_used_L1_full_L2,2,BF16_decode,0.533819198608,17408,0,controlled
bipartite_hot,128_32_32,project_used_L1_full_L2,2,cold_FP32_reduce,0.460386276245,17408,0,controlled
bipartite_hot,128_32_32,project_used_L1_full_L2,2,FP32_Q_load,0,0,0,controlled
bipartite_hot,128_32_32,project_used_L1_full_L2,2,hot_FP32_reduce,0,0,0,controlled
bipartite_hot,128_32_32,project_used_L1_full_L2,2,partial_state_store,0.00977516174316,272,0,controlled
bipartite_hot,128_32_32,project_used_L1_full_L2,2,partial_hi_pack,0.0262260437012,544,0,controlled
bipartite_hot,128_32_32,project_used_L1_full_L2,2,partial_lo_pack,0.0252723693848,544,0,controlled
bipartite_hot,128_32_32,project_used_L1_full_L2,2,AMX_A_load,0,34,0,controlled
bipartite_hot,128_32_32,project_used_L1_full_L2,2,AMX_B_load,0.0133514404297,34,0,controlled
bipartite_hot,128_32_32,project_used_L1_full_L2,2,AMX_compute,0.0202655792236,34,0,controlled
bipartite_hot,128_32_32,project_used_L1_full_L2,2,C_store,0.00238418579102,17,0,controlled
bipartite_hot,128_32_32,project_used_L1_full_L2,2,hot_cold_merge,0,0,0,controlled
bipartite_hot,128_32_32,project_used_L1_full_L2,2,output_scatter,0.0104904174805,272,0,controlled
bipartite_hot,128_32_32,project_used_L1_full_L2,2,cache_H_gather,0,0,0,controlled
bipartite_hot,128_32_32,project_used_L1_full_L2,2,cache_Q_store,0,0,0,controlled
bipartite_hot,128_32_32,project_used_L1_full_L2,2,thread_amx_release,0.00381469726562,32,0,controlled
bipartite_hot,128_32_32,project_used_L1_full_L2,2,partial_state_load,0.00786781311035,272,0,controlled
bipartite_hot,128_128_128,fused_full_accurate,1,thread_amx_setup,0.0216960906982,32,0,controlled
bipartite_hot,128_128_128,fused_full_accurate,1,row_metadata,0.00500679016113,17,0,controlled
bipartite_hot,128_128_128,fused_full_accurate,1,partial_init,0.00667572021484,17,0,controlled
bipartite_hot,128_128_128,fused_full_accurate,1,csr_index,0.511169433594,17408,0,controlled
bipartite_hot,128_128_128,fused_full_accurate,1,cache_membership,0,0,0,controlled
bipartite_hot,128_128_128,fused_full_accurate,1,prefetch,0.544786453247,17408,0,controlled
bipartite_hot,128_128_128,fused_full_accurate,1,BF16_H_load,0.571489334106,17408,0,controlled
bipartite_hot,128_128_128,fused_full_accurate,1,BF16_decode,0.609636306763,17408,0,controlled
bipartite_hot,128_128_128,fused_full_accurate,1,cold_FP32_reduce,0.519990921021,17408,0,controlled
bipartite_hot,128_128_128,fused_full_accurate,1,FP32_Q_load,0,0,0,controlled
bipartite_hot,128_128_128,fused_full_accurate,1,hot_FP32_reduce,0,0,0,controlled
bipartite_hot,128_128_128,fused_full_accurate,1,partial_state_store,0.00953674316406,272,0,controlled
bipartite_hot,128_128_128,fused_full_accurate,1,partial_hi_pack,0.0660419464111,2176,0,controlled
bipartite_hot,128_128_128,fused_full_accurate,1,partial_lo_pack,0.0708103179932,2176,0,controlled
bipartite_hot,128_128_128,fused_full_accurate,1,AMX_A_load,0.00905990600586,272,0,controlled
bipartite_hot,128_128_128,fused_full_accurate,1,AMX_B_load,0.0286102294922,544,0,controlled
bipartite_hot,128_128_128,fused_full_accurate,1,AMX_compute,0.0545978546143,544,0,controlled
bipartite_hot,128_128_128,fused_full_accurate,1,C_store,0.000953674316406,34,0,controlled
bipartite_hot,128_128_128,fused_full_accurate,1,hot_cold_merge,0,0,0,controlled
bipartite_hot,128_128_128,fused_full_accurate,1,output_scatter,0.0159740447998,272,0,controlled
bipartite_hot,128_128_128,fused_full_accurate,1,cache_H_gather,0,0,0,controlled
bipartite_hot,128_128_128,fused_full_accurate,1,cache_Q_store,0,0,0,controlled
bipartite_hot,128_128_128,fused_full_accurate,1,thread_amx_release,0.00190734863281,32,0,controlled
bipartite_hot,128_128_128,fused_full_accurate,1,partial_state_load,0.00882148742676,272,0,controlled
bipartite_hot,128_128_128,fused_full_accurate,2,thread_amx_setup,0.0152587890625,32,0,controlled
bipartite_hot,128_128_128,fused_full_accurate,2,row_metadata,0.00309944152832,17,0,controlled
bipartite_hot,128_128_128,fused_full_accurate,2,partial_init,0.00786781311035,17,0,controlled
bipartite_hot,128_128_128,fused_full_accurate,2,csr_index,0.672817230225,17408,0,controlled
bipartite_hot,128_128_128,fused_full_accurate,2,cache_membership,0,0,0,controlled
bipartite_hot,128_128_128,fused_full_accurate,2,prefetch,0.522375106812,17408,0,controlled
bipartite_hot,128_128_128,fused_full_accurate,2,BF16_H_load,0.546216964722,17408,0,controlled
bipartite_hot,128_128_128,fused_full_accurate,2,BF16_decode,0.594615936279,17408,0,controlled
bipartite_hot,128_128_128,fused_full_accurate,2,cold_FP32_reduce,0.4723072052,17408,0,controlled
bipartite_hot,128_128_128,fused_full_accurate,2,FP32_Q_load,0,0,0,controlled
bipartite_hot,128_128_128,fused_full_accurate,2,hot_FP32_reduce,0,0,0,controlled
bipartite_hot,128_128_128,fused_full_accurate,2,partial_state_store,0.00572204589844,272,0,controlled
bipartite_hot,128_128_128,fused_full_accurate,2,partial_hi_pack,0.06103515625,2176,0,controlled
bipartite_hot,128_128_128,fused_full_accurate,2,partial_lo_pack,0.0643730163574,2176,0,controlled
bipartite_hot,128_128_128,fused_full_accurate,2,AMX_A_load,0.0145435333252,272,0,controlled
bipartite_hot,128_128_128,fused_full_accurate,2,AMX_B_load,0.0219345092773,544,0,controlled
bipartite_hot,128_128_128,fused_full_accurate,2,AMX_compute,0.0355243682861,544,0,controlled
bipartite_hot,128_128_128,fused_full_accurate,2,C_store,0.000953674316406,34,0,controlled
bipartite_hot,128_128_128,fused_full_accurate,2,hot_cold_merge,0,0,0,controlled
bipartite_hot,128_128_128,fused_full_accurate,2,output_scatter,0.00905990600586,272,0,controlled
bipartite_hot,128_128_128,fused_full_accurate,2,cache_H_gather,0,0,0,controlled
bipartite_hot,128_128_128,fused_full_accurate,2,cache_Q_store,0,0,0,controlled
bipartite_hot,128_128_128,fused_full_accurate,2,thread_amx_release,0,32,0,controlled
bipartite_hot,128_128_128,fused_full_accurate,2,partial_state_load,0.0135898590088,272,0,controlled
bipartite_hot,128_128_128,hybrid_none,1,thread_amx_setup,0.0998973846436,32,0,controlled
bipartite_hot,128_128_128,hybrid_none,1,row_metadata,0.00762939453125,17,0,controlled
bipartite_hot,128_128_128,hybrid_none,1,partial_init,0.0107288360596,17,0,controlled
bipartite_hot,128_128_128,hybrid_none,1,csr_index,0.509262084961,17408,0,controlled
bipartite_hot,128_128_128,hybrid_none,1,cache_membership,0.50163269043,17408,0,controlled
bipartite_hot,128_128_128,hybrid_none,1,prefetch,0.679969787598,17408,0,controlled
bipartite_hot,128_128_128,hybrid_none,1,BF16_H_load,0.516414642334,17408,0,controlled
bipartite_hot,128_128_128,hybrid_none,1,BF16_decode,0.476121902466,17408,0,controlled
bipartite_hot,128_128_128,hybrid_none,1,cold_FP32_reduce,0.586271286011,17408,0,controlled
bipartite_hot,128_128_128,hybrid_none,1,FP32_Q_load,0,0,0,controlled
bipartite_hot,128_128_128,hybrid_none,1,hot_FP32_reduce,0,0,0,controlled
bipartite_hot,128_128_128,hybrid_none,1,partial_state_store,0.0107288360596,272,0,controlled
bipartite_hot,128_128_128,hybrid_none,1,partial_hi_pack,0.0627040863037,2176,0,controlled
bipartite_hot,128_128_128,hybrid_none,1,partial_lo_pack,0.0700950622559,2176,0,controlled
bipartite_hot,128_128_128,hybrid_none,1,AMX_A_load,0.00834465026855,272,0,controlled
bipartite_hot,128_128_128,hybrid_none,1,AMX_B_load,0.0371932983398,544,0,controlled
bipartite_hot,128_128_128,hybrid_none,1,AMX_compute,0.035285949707,544,0,controlled
bipartite_hot,128_128_128,hybrid_none,1,C_store,0.00286102294922,34,0,controlled
bipartite_hot,128_128_128,hybrid_none,1,hot_cold_merge,0.0119209289551,272,0,controlled
bipartite_hot,128_128_128,hybrid_none,1,output_scatter,0.00882148742676,272,0,controlled
bipartite_hot,128_128_128,hybrid_none,1,cache_H_gather,0,0,0,controlled
bipartite_hot,128_128_128,hybrid_none,1,cache_Q_store,0,0,0,controlled
bipartite_hot,128_128_128,hybrid_none,1,thread_amx_release,0.00214576721191,32,0,controlled
bipartite_hot,128_128_128,hybrid_none,1,partial_state_load,0.0109672546387,272,0,controlled
bipartite_hot,128_128_128,hybrid_none,2,thread_amx_setup,0.018835067749,32,0,controlled
bipartite_hot,128_128_128,hybrid_none,2,row_metadata,0.00214576721191,17,0,controlled
bipartite_hot,128_128_128,hybrid_none,2,partial_init,0.0109672546387,17,0,controlled
bipartite_hot,128_128_128,hybrid_none,2,csr_index,0.488758087158,17408,0,controlled
bipartite_hot,128_128_128,hybrid_none,2,cache_membership,0.491857528687,17408,0,controlled
bipartite_hot,128_128_128,hybrid_none,2,prefetch,0.559091567993,17408,0,controlled
bipartite_hot,128_128_128,hybrid_none,2,BF16_H_load,0.545740127563,17408,0,controlled
bipartite_hot,128_128_128,hybrid_none,2,BF16_decode,0.432968139648,17408,0,controlled
bipartite_hot,128_128_128,hybrid_none,2,cold_FP32_reduce,0.614404678345,17408,0,controlled
bipartite_hot,128_128_128,hybrid_none,2,FP32_Q_load,0,0,0,controlled
bipartite_hot,128_128_128,hybrid_none,2,hot_FP32_reduce,0,0,0,controlled
bipartite_hot,128_128_128,hybrid_none,2,partial_state_store,0.0112056732178,272,0,controlled
bipartite_hot,128_128_128,hybrid_none,2,partial_hi_pack,0.068187713623,2176,0,controlled
bipartite_hot,128_128_128,hybrid_none,2,partial_lo_pack,0.0710487365723,2176,0,controlled
bipartite_hot,128_128_128,hybrid_none,2,AMX_A_load,0.0143051147461,272,0,controlled
bipartite_hot,128_128_128,hybrid_none,2,AMX_B_load,0.0216960906982,544,0,controlled
bipartite_hot,128_128_128,hybrid_none,2,AMX_compute,0.049352645874,544,0,controlled
bipartite_hot,128_128_128,hybrid_none,2,C_store,0,34,0,controlled
bipartite_hot,128_128_128,hybrid_none,2,hot_cold_merge,0.014066696167,272,0,controlled
bipartite_hot,128_128_128,hybrid_none,2,output_scatter,0.0112056732178,272,0,controlled
bipartite_hot,128_128_128,hybrid_none,2,cache_H_gather,0,0,0,controlled
bipartite_hot,128_128_128,hybrid_none,2,cache_Q_store,0,0,0,controlled
bipartite_hot,128_128_128,hybrid_none,2,thread_amx_release,0.000953674316406,32,0,controlled
bipartite_hot,128_128_128,hybrid_none,2,partial_state_load,0.0128746032715,272,0,controlled
bipartite_hot,128_128_128,top_1_64,1,thread_amx_setup,0.0278949737549,64,0,controlled
bipartite_hot,128_128_128,top_1_64,1,row_metadata,0.000953674316406,17,0,controlled
bipartite_hot,128_128_128,top_1_64,1,partial_init,0.0200271606445,17,0,controlled
bipartite_hot,128_128_128,top_1_64,1,csr_index,0.459432601929,17408,0,controlled
bipartite_hot,128_128_128,top_1_64,1,cache_membership,0.468254089355,17408,0,controlled
bipartite_hot,128_128_128,top_1_64,1,prefetch,0.687122344971,17408,0,controlled
bipartite_hot,128_128_128,top_1_64,1,BF16_H_load,0,0,0,controlled
bipartite_hot,128_128_128,top_1_64,1,BF16_decode,0,0,0,controlled
bipartite_hot,128_128_128,top_1_64,1,cold_FP32_reduce,0,0,0,controlled
bipartite_hot,128_128_128,top_1_64,1,FP32_Q_load,0.50687789917,17408,0,controlled
bipartite_hot,128_128_128,top_1_64,1,hot_FP32_reduce,0.532150268555,17408,0,controlled
bipartite_hot,128_128_128,top_1_64,1,partial_state_store,0.00905990600586,272,0,controlled
bipartite_hot,128_128_128,top_1_64,1,partial_hi_pack,0,0,0,controlled
bipartite_hot,128_128_128,top_1_64,1,partial_lo_pack,0,0,0,controlled
bipartite_hot,128_128_128,top_1_64,1,AMX_A_load,0.000953674316406,16,0,controlled
bipartite_hot,128_128_128,top_1_64,1,AMX_B_load,0.00190734863281,32,0,controlled
bipartite_hot,128_128_128,top_1_64,1,AMX_compute,0.0100135803223,32,0,controlled
bipartite_hot,128_128_128,top_1_64,1,C_store,0,4,0,controlled
bipartite_hot,128_128_128,top_1_64,1,hot_cold_merge,0.0109672546387,272,0,controlled
bipartite_hot,128_128_128,top_1_64,1,output_scatter,0.0114440917969,272,0,controlled
bipartite_hot,128_128_128,top_1_64,1,cache_H_gather,0.00238418579102,2,0,controlled
bipartite_hot,128_128_128,top_1_64,1,cache_Q_store,0.00309944152832,2,0,controlled
bipartite_hot,128_128_128,top_1_64,1,thread_amx_release,0.00429153442383,64,0,controlled
bipartite_hot,128_128_128,top_1_64,1,partial_state_load,0.00810623168945,272,0,controlled
bipartite_hot,128_128_128,top_1_64,2,thread_amx_setup,0.0240802764893,64,0,controlled
bipartite_hot,128_128_128,top_1_64,2,row_metadata,0.00190734863281,17,0,controlled
bipartite_hot,128_128_128,top_1_64,2,partial_init,0.0104904174805,17,0,controlled
bipartite_hot,128_128_128,top_1_64,2,csr_index,0.495195388794,17408,0,controlled
bipartite_hot,128_128_128,top_1_64,2,cache_membership,0.435829162598,17408,0,controlled
bipartite_hot,128_128_128,top_1_64,2,prefetch,0.573396682739,17408,0,controlled
bipartite_hot,128_128_128,top_1_64,2,BF16_H_load,0,0,0,controlled
bipartite_hot,128_128_128,top_1_64,2,BF16_decode,0,0,0,controlled
bipartite_hot,128_128_128,top_1_64,2,cold_FP32_reduce,0,0,0,controlled
bipartite_hot,128_128_128,top_1_64,2,FP32_Q_load,0.463724136353,17408,0,controlled
bipartite_hot,128_128_128,top_1_64,2,hot_FP32_reduce,0.509023666382,17408,0,controlled
bipartite_hot,128_128_128,top_1_64,2,partial_state_store,0.00596046447754,272,0,controlled
bipartite_hot,128_128_128,top_1_64,2,partial_hi_pack,0,0,0,controlled
bipartite_hot,128_128_128,top_1_64,2,partial_lo_pack,0,0,0,controlled
bipartite_hot,128_128_128,top_1_64,2,AMX_A_load,0,16,0,controlled
bipartite_hot,128_128_128,top_1_64,2,AMX_B_load,0.00309944152832,32,0,controlled
bipartite_hot,128_128_128,top_1_64,2,AMX_compute,0.00882148742676,32,0,controlled
bipartite_hot,128_128_128,top_1_64,2,C_store,0,4,0,controlled
bipartite_hot,128_128_128,top_1_64,2,hot_cold_merge,0.00667572021484,272,0,controlled
bipartite_hot,128_128_128,top_1_64,2,output_scatter,0.0107288360596,272,0,controlled
bipartite_hot,128_128_128,top_1_64,2,cache_H_gather,0.00286102294922,2,0,controlled
bipartite_hot,128_128_128,top_1_64,2,cache_Q_store,0.00286102294922,2,0,controlled
bipartite_hot,128_128_128,top_1_64,2,thread_amx_release,0.00190734863281,64,0,controlled
bipartite_hot,128_128_128,top_1_64,2,partial_state_load,0.0102519989014,272,0,controlled
bipartite_hot,128_128_128,top_1_16,1,thread_amx_setup,0.02121925354,64,0,controlled
bipartite_hot,128_128_128,top_1_16,1,row_metadata,0.00596046447754,17,0,controlled
bipartite_hot,128_128_128,top_1_16,1,partial_init,0.0147819519043,17,0,controlled
bipartite_hot,128_128_128,top_1_16,1,csr_index,0.536441802979,17408,0,controlled
bipartite_hot,128_128_128,top_1_16,1,cache_membership,0.485420227051,17408,0,controlled
bipartite_hot,128_128_128,top_1_16,1,prefetch,0.674247741699,17408,0,controlled
bipartite_hot,128_128_128,top_1_16,1,BF16_H_load,0,0,0,controlled
bipartite_hot,128_128_128,top_1_16,1,BF16_decode,0,0,0,controlled
bipartite_hot,128_128_128,top_1_16,1,cold_FP32_reduce,0,0,0,controlled
bipartite_hot,128_128_128,top_1_16,1,FP32_Q_load,0.547647476196,17408,0,controlled
bipartite_hot,128_128_128,top_1_16,1,hot_FP32_reduce,0.538110733032,17408,0,controlled
bipartite_hot,128_128_128,top_1_16,1,partial_state_store,0.00786781311035,272,0,controlled
bipartite_hot,128_128_128,top_1_16,1,partial_hi_pack,0,0,0,controlled
bipartite_hot,128_128_128,top_1_16,1,partial_lo_pack,0,0,0,controlled
bipartite_hot,128_128_128,top_1_16,1,AMX_A_load,0.000953674316406,16,0,controlled
bipartite_hot,128_128_128,top_1_16,1,AMX_B_load,0.00405311584473,32,0,controlled
bipartite_hot,128_128_128,top_1_16,1,AMX_compute,0.00882148742676,32,0,controlled
bipartite_hot,128_128_128,top_1_16,1,C_store,0,4,0,controlled
bipartite_hot,128_128_128,top_1_16,1,hot_cold_merge,0.00739097595215,272,0,controlled
bipartite_hot,128_128_128,top_1_16,1,output_scatter,0.0107288360596,272,0,controlled
bipartite_hot,128_128_128,top_1_16,1,cache_H_gather,0.00286102294922,2,0,controlled
bipartite_hot,128_128_128,top_1_16,1,cache_Q_store,0.00190734863281,2,0,controlled
bipartite_hot,128_128_128,top_1_16,1,thread_amx_release,0.00190734863281,64,0,controlled
bipartite_hot,128_128_128,top_1_16,1,partial_state_load,0.00476837158203,272,0,controlled
bipartite_hot,128_128_128,top_1_16,2,thread_amx_setup,0.0193119049072,64,0,controlled
bipartite_hot,128_128_128,top_1_16,2,row_metadata,0.000953674316406,17,0,controlled
bipartite_hot,128_128_128,top_1_16,2,partial_init,0.0133514404297,17,0,controlled
bipartite_hot,128_128_128,top_1_16,2,csr_index,0.440359115601,17408,0,controlled
bipartite_hot,128_128_128,top_1_16,2,cache_membership,0.428676605225,17408,0,controlled
bipartite_hot,128_128_128,top_1_16,2,prefetch,0.529527664185,17408,0,controlled
bipartite_hot,128_128_128,top_1_16,2,BF16_H_load,0,0,0,controlled
bipartite_hot,128_128_128,top_1_16,2,BF16_decode,0,0,0,controlled
bipartite_hot,128_128_128,top_1_16,2,cold_FP32_reduce,0,0,0,controlled
bipartite_hot,128_128_128,top_1_16,2,FP32_Q_load,0.5042552948,17408,0,controlled
bipartite_hot,128_128_128,top_1_16,2,hot_FP32_reduce,0.486373901367,17408,0,controlled
bipartite_hot,128_128_128,top_1_16,2,partial_state_store,0.0200271606445,272,0,controlled
bipartite_hot,128_128_128,top_1_16,2,partial_hi_pack,0,0,0,controlled
bipartite_hot,128_128_128,top_1_16,2,partial_lo_pack,0,0,0,controlled
bipartite_hot,128_128_128,top_1_16,2,AMX_A_load,0.000953674316406,16,0,controlled
bipartite_hot,128_128_128,top_1_16,2,AMX_B_load,0.00309944152832,32,0,controlled
bipartite_hot,128_128_128,top_1_16,2,AMX_compute,0.00596046447754,32,0,controlled
bipartite_hot,128_128_128,top_1_16,2,C_store,0,4,0,controlled
bipartite_hot,128_128_128,top_1_16,2,hot_cold_merge,0.00309944152832,272,0,controlled
bipartite_hot,128_128_128,top_1_16,2,output_scatter,0.00786781311035,272,0,controlled
bipartite_hot,128_128_128,top_1_16,2,cache_H_gather,0.00405311584473,2,0,controlled
bipartite_hot,128_128_128,top_1_16,2,cache_Q_store,0.00333786010742,2,0,controlled
bipartite_hot,128_128_128,top_1_16,2,thread_amx_release,0.00429153442383,64,0,controlled
bipartite_hot,128_128_128,top_1_16,2,partial_state_load,0.00596046447754,272,0,controlled
bipartite_hot,128_128_128,top_1_4,1,thread_amx_setup,0.0302791595459,64,0,controlled
bipartite_hot,128_128_128,top_1_4,1,row_metadata,0.00452995300293,17,0,controlled
bipartite_hot,128_128_128,top_1_4,1,partial_init,0.0152587890625,17,0,controlled
bipartite_hot,128_128_128,top_1_4,1,csr_index,0.476360321045,17408,0,controlled
bipartite_hot,128_128_128,top_1_4,1,cache_membership,0.523090362549,17408,0,controlled
bipartite_hot,128_128_128,top_1_4,1,prefetch,0.664949417114,17408,0,controlled
bipartite_hot,128_128_128,top_1_4,1,BF16_H_load,0,0,0,controlled
bipartite_hot,128_128_128,top_1_4,1,BF16_decode,0,0,0,controlled
bipartite_hot,128_128_128,top_1_4,1,cold_FP32_reduce,0,0,0,controlled
bipartite_hot,128_128_128,top_1_4,1,FP32_Q_load,0.540971755981,17408,0,controlled
bipartite_hot,128_128_128,top_1_4,1,hot_FP32_reduce,0.540971755981,17408,0,controlled
bipartite_hot,128_128_128,top_1_4,1,partial_state_store,0.00858306884766,272,0,controlled
bipartite_hot,128_128_128,top_1_4,1,partial_hi_pack,0,0,0,controlled
bipartite_hot,128_128_128,top_1_4,1,partial_lo_pack,0,0,0,controlled
bipartite_hot,128_128_128,top_1_4,1,AMX_A_load,0.000953674316406,16,0,controlled
bipartite_hot,128_128_128,top_1_4,1,AMX_B_load,0.00190734863281,32,0,controlled
bipartite_hot,128_128_128,top_1_4,1,AMX_compute,0.00905990600586,32,0,controlled
bipartite_hot,128_128_128,top_1_4,1,C_store,0,4,0,controlled
bipartite_hot,128_128_128,top_1_4,1,hot_cold_merge,0.0102519989014,272,0,controlled
bipartite_hot,128_128_128,top_1_4,1,output_scatter,0.00691413879395,272,0,controlled
bipartite_hot,128_128_128,top_1_4,1,cache_H_gather,0,2,0,controlled
bipartite_hot,128_128_128,top_1_4,1,cache_Q_store,0.00214576721191,2,0,controlled
bipartite_hot,128_128_128,top_1_4,1,thread_amx_release,0.00286102294922,64,0,controlled
bipartite_hot,128_128_128,top_1_4,1,partial_state_load,0.00858306884766,272,0,controlled
bipartite_hot,128_128_128,top_1_4,2,thread_amx_setup,0.0326633453369,64,0,controlled
bipartite_hot,128_128_128,top_1_4,2,row_metadata,0.0119209289551,17,0,controlled
bipartite_hot,128_128_128,top_1_4,2,partial_init,0.00190734863281,17,0,controlled
bipartite_hot,128_128_128,top_1_4,2,csr_index,0.463485717773,17408,0,controlled
bipartite_hot,128_128_128,top_1_4,2,cache_membership,0.468015670776,17408,0,controlled
bipartite_hot,128_128_128,top_1_4,2,prefetch,0.496625900269,17408,0,controlled
bipartite_hot,128_128_128,top_1_4,2,BF16_H_load,0,0,0,controlled
bipartite_hot,128_128_128,top_1_4,2,BF16_decode,0,0,0,controlled
bipartite_hot,128_128_128,top_1_4,2,cold_FP32_reduce,0,0,0,controlled
bipartite_hot,128_128_128,top_1_4,2,FP32_Q_load,0.497102737427,17408,0,controlled
bipartite_hot,128_128_128,top_1_4,2,hot_FP32_reduce,0.529527664185,17408,0,controlled
bipartite_hot,128_128_128,top_1_4,2,partial_state_store,0.0121593475342,272,0,controlled
bipartite_hot,128_128_128,top_1_4,2,partial_hi_pack,0,0,0,controlled
bipartite_hot,128_128_128,top_1_4,2,partial_lo_pack,0,0,0,controlled
bipartite_hot,128_128_128,top_1_4,2,AMX_A_load,0,16,0,controlled
bipartite_hot,128_128_128,top_1_4,2,AMX_B_load,0.00405311584473,32,0,controlled
bipartite_hot,128_128_128,top_1_4,2,AMX_compute,0.00619888305664,32,0,controlled
bipartite_hot,128_128_128,top_1_4,2,C_store,0,4,0,controlled
bipartite_hot,128_128_128,top_1_4,2,hot_cold_merge,0.00762939453125,272,0,controlled
bipartite_hot,128_128_128,top_1_4,2,output_scatter,0.00810623168945,272,0,controlled
bipartite_hot,128_128_128,top_1_4,2,cache_H_gather,0.00190734863281,2,0,controlled
bipartite_hot,128_128_128,top_1_4,2,cache_Q_store,0.00500679016113,2,0,controlled
bipartite_hot,128_128_128,top_1_4,2,thread_amx_release,0.000953674316406,64,0,controlled
bipartite_hot,128_128_128,top_1_4,2,partial_state_load,0.00309944152832,272,0,controlled
bipartite_hot,128_128_128,hybrid_all,1,thread_amx_setup,0.0448226928711,64,0,controlled
bipartite_hot,128_128_128,hybrid_all,1,row_metadata,0.00762939453125,17,0,controlled
bipartite_hot,128_128_128,hybrid_all,1,partial_init,0.00858306884766,17,0,controlled
bipartite_hot,128_128_128,hybrid_all,1,csr_index,0.484943389893,17408,0,controlled
bipartite_hot,128_128_128,hybrid_all,1,cache_membership,0.424146652222,17408,0,controlled
bipartite_hot,128_128_128,hybrid_all,1,prefetch,0.624179840088,17408,0,controlled
bipartite_hot,128_128_128,hybrid_all,1,BF16_H_load,0,0,0,controlled
bipartite_hot,128_128_128,hybrid_all,1,BF16_decode,0,0,0,controlled
bipartite_hot,128_128_128,hybrid_all,1,cold_FP32_reduce,0,0,0,controlled
bipartite_hot,128_128_128,hybrid_all,1,FP32_Q_load,0.52547454834,17408,0,controlled
bipartite_hot,128_128_128,hybrid_all,1,hot_FP32_reduce,0.479698181152,17408,0,controlled
bipartite_hot,128_128_128,hybrid_all,1,partial_state_store,0.00810623168945,272,0,controlled
bipartite_hot,128_128_128,hybrid_all,1,partial_hi_pack,0,0,0,controlled
bipartite_hot,128_128_128,hybrid_all,1,partial_lo_pack,0,0,0,controlled
bipartite_hot,128_128_128,hybrid_all,1,AMX_A_load,0.00524520874023,136,0,controlled
bipartite_hot,128_128_128,hybrid_all,1,AMX_B_load,0.0355243682861,272,0,controlled
bipartite_hot,128_128_128,hybrid_all,1,AMX_compute,0.0581741333008,272,0,controlled
bipartite_hot,128_128_128,hybrid_all,1,C_store,0,34,0,controlled
bipartite_hot,128_128_128,hybrid_all,1,hot_cold_merge,0.0107288360596,272,0,controlled
bipartite_hot,128_128_128,hybrid_all,1,output_scatter,0.00381469726562,272,0,controlled
bipartite_hot,128_128_128,hybrid_all,1,cache_H_gather,0.0123977661133,17,0,controlled
bipartite_hot,128_128_128,hybrid_all,1,cache_Q_store,0.0104904174805,17,0,controlled
bipartite_hot,128_128_128,hybrid_all,1,thread_amx_release,0.00309944152832,64,0,controlled
bipartite_hot,128_128_128,hybrid_all,1,partial_state_load,0.00929832458496,272,0,controlled
bipartite_hot,128_128_128,hybrid_all,2,thread_amx_setup,0.0557899475098,64,0,controlled
bipartite_hot,128_128_128,hybrid_all,2,row_metadata,0.00572204589844,17,0,controlled
bipartite_hot,128_128_128,hybrid_all,2,partial_init,0.0104904174805,17,0,controlled
bipartite_hot,128_128_128,hybrid_all,2,csr_index,0.472545623779,17408,0,controlled
bipartite_hot,128_128_128,hybrid_all,2,cache_membership,0.449657440186,17408,0,controlled
bipartite_hot,128_128_128,hybrid_all,2,prefetch,0.574350357056,17408,0,controlled
bipartite_hot,128_128_128,hybrid_all,2,BF16_H_load,0,0,0,controlled
bipartite_hot,128_128_128,hybrid_all,2,BF16_decode,0,0,0,controlled
bipartite_hot,128_128_128,hybrid_all,2,cold_FP32_reduce,0,0,0,controlled
bipartite_hot,128_128_128,hybrid_all,2,FP32_Q_load,0.502586364746,17408,0,controlled
bipartite_hot,128_128_128,hybrid_all,2,hot_FP32_reduce,0.532388687134,17408,0,controlled
bipartite_hot,128_128_128,hybrid_all,2,partial_state_store,0.011682510376,272,0,controlled
bipartite_hot,128_128_128,hybrid_all,2,partial_hi_pack,0,0,0,controlled
bipartite_hot,128_128_128,hybrid_all,2,partial_lo_pack,0,0,0,controlled
bipartite_hot,128_128_128,hybrid_all,2,AMX_A_load,0.00500679016113,136,0,controlled
bipartite_hot,128_128_128,hybrid_all,2,AMX_B_load,0.0183582305908,272,0,controlled
bipartite_hot,128_128_128,hybrid_all,2,AMX_compute,0.0615119934082,272,0,controlled
bipartite_hot,128_128_128,hybrid_all,2,C_store,0.00286102294922,34,0,controlled
bipartite_hot,128_128_128,hybrid_all,2,hot_cold_merge,0.0102519989014,272,0,controlled
bipartite_hot,128_128_128,hybrid_all,2,output_scatter,0.0104904174805,272,0,controlled
bipartite_hot,128_128_128,hybrid_all,2,cache_H_gather,0.00786781311035,17,0,controlled
bipartite_hot,128_128_128,hybrid_all,2,cache_Q_store,0.00905990600586,17,0,controlled
bipartite_hot,128_128_128,hybrid_all,2,thread_amx_release,0.00381469726562,64,0,controlled
bipartite_hot,128_128_128,hybrid_all,2,partial_state_load,0.00882148742676,272,0,controlled
bipartite_hot,128_128_128,project_all,1,thread_amx_setup,2.37727165222,64,0,controlled
bipartite_hot,128_128_128,project_all,1,row_metadata,0.00476837158203,17,0,controlled
bipartite_hot,128_128_128,project_all,1,partial_init,0.00596046447754,17,0,controlled
bipartite_hot,128_128_128,project_all,1,csr_index,0.476598739624,17408,0,controlled
bipartite_hot,128_128_128,project_all,1,cache_membership,0,0,0,controlled
bipartite_hot,128_128_128,project_all,1,prefetch,0.488996505737,17408,0,controlled
bipartite_hot,128_128_128,project_all,1,BF16_H_load,0,0,0,controlled
bipartite_hot,128_128_128,project_all,1,BF16_decode,0,0,0,controlled
bipartite_hot,128_128_128,project_all,1,cold_FP32_reduce,0,0,0,controlled
bipartite_hot,128_128_128,project_all,1,FP32_Q_load,0.52809715271,17408,0,controlled
bipartite_hot,128_128_128,project_all,1,hot_FP32_reduce,0.465631484985,17408,0,controlled
bipartite_hot,128_128_128,project_all,1,partial_state_store,0.0100135803223,272,0,controlled
bipartite_hot,128_128_128,project_all,1,partial_hi_pack,0,0,0,controlled
bipartite_hot,128_128_128,project_all,1,partial_lo_pack,0,0,0,controlled
bipartite_hot,128_128_128,project_all,1,AMX_A_load,0.000953674316406,136,0,controlled
bipartite_hot,128_128_128,project_all,1,AMX_B_load,0.0481605529785,272,0,controlled
bipartite_hot,128_128_128,project_all,1,AMX_compute,0.0567436218262,272,0,controlled
bipartite_hot,128_128_128,project_all,1,C_store,0,34,0,controlled
bipartite_hot,128_128_128,project_all,1,hot_cold_merge,0.00810623168945,272,0,controlled
bipartite_hot,128_128_128,project_all,1,output_scatter,0.0152587890625,272,0,controlled
bipartite_hot,128_128_128,project_all,1,cache_H_gather,0.0109672546387,17,0,controlled
bipartite_hot,128_128_128,project_all,1,cache_Q_store,0.0114440917969,17,0,controlled
bipartite_hot,128_128_128,project_all,1,thread_amx_release,0.000953674316406,64,0,controlled
bipartite_hot,128_128_128,project_all,1,partial_state_load,0.0100135803223,272,0,controlled
bipartite_hot,128_128_128,project_all,2,thread_amx_setup,0.0550746917725,64,0,controlled
bipartite_hot,128_128_128,project_all,2,row_metadata,0.00190734863281,17,0,controlled
bipartite_hot,128_128_128,project_all,2,partial_init,0.00405311584473,17,0,controlled
bipartite_hot,128_128_128,project_all,2,csr_index,0.483274459839,17408,0,controlled
bipartite_hot,128_128_128,project_all,2,cache_membership,0,0,0,controlled
bipartite_hot,128_128_128,project_all,2,prefetch,0.532627105713,17408,0,controlled
bipartite_hot,128_128_128,project_all,2,BF16_H_load,0,0,0,controlled
bipartite_hot,128_128_128,project_all,2,BF16_decode,0,0,0,controlled
bipartite_hot,128_128_128,project_all,2,cold_FP32_reduce,0,0,0,controlled
bipartite_hot,128_128_128,project_all,2,FP32_Q_load,0.55456161499,17408,0,controlled
bipartite_hot,128_128_128,project_all,2,hot_FP32_reduce,0.495195388794,17408,0,controlled
bipartite_hot,128_128_128,project_all,2,partial_state_store,0.00739097595215,272,0,controlled
bipartite_hot,128_128_128,project_all,2,partial_hi_pack,0,0,0,controlled
bipartite_hot,128_128_128,project_all,2,partial_lo_pack,0,0,0,controlled
bipartite_hot,128_128_128,project_all,2,AMX_A_load,0.00381469726562,136,0,controlled
bipartite_hot,128_128_128,project_all,2,AMX_B_load,0.0228881835938,272,0,controlled
bipartite_hot,128_128_128,project_all,2,AMX_compute,0.0748634338379,272,0,controlled
bipartite_hot,128_128_128,project_all,2,C_store,0.00500679016113,34,0,controlled
bipartite_hot,128_128_128,project_all,2,hot_cold_merge,0.00882148742676,272,0,controlled
bipartite_hot,128_128_128,project_all,2,output_scatter,0.0109672546387,272,0,controlled
bipartite_hot,128_128_128,project_all,2,cache_H_gather,0.00762939453125,17,0,controlled
bipartite_hot,128_128_128,project_all,2,cache_Q_store,0.00333786010742,17,0,controlled
bipartite_hot,128_128_128,project_all,2,thread_amx_release,0.00524520874023,64,0,controlled
bipartite_hot,128_128_128,project_all,2,partial_state_load,2.09140777588,272,0,controlled
bipartite_hot,128_128_128,project_used,1,thread_amx_setup,0.0181198120117,64,0,controlled
bipartite_hot,128_128_128,project_used,1,row_metadata,0.00286102294922,17,0,controlled
bipartite_hot,128_128_128,project_used,1,partial_init,0.0104904174805,17,0,controlled
bipartite_hot,128_128_128,project_used,1,csr_index,0.482320785522,17408,0,controlled
bipartite_hot,128_128_128,project_used,1,cache_membership,0.485897064209,17408,0,controlled
bipartite_hot,128_128_128,project_used,1,prefetch,0.698089599609,17408,0,controlled
bipartite_hot,128_128_128,project_used,1,BF16_H_load,0,0,0,controlled
bipartite_hot,128_128_128,project_used,1,BF16_decode,0,0,0,controlled
bipartite_hot,128_128_128,project_used,1,cold_FP32_reduce,0,0,0,controlled
bipartite_hot,128_128_128,project_used,1,FP32_Q_load,0.511407852173,17408,0,controlled
bipartite_hot,128_128_128,project_used,1,hot_FP32_reduce,0.490427017212,17408,0,controlled
bipartite_hot,128_128_128,project_used,1,partial_state_store,0.0131130218506,272,0,controlled
bipartite_hot,128_128_128,project_used,1,partial_hi_pack,0,0,0,controlled
bipartite_hot,128_128_128,project_used,1,partial_lo_pack,0,0,0,controlled
bipartite_hot,128_128_128,project_used,1,AMX_A_load,0,16,0,controlled
bipartite_hot,128_128_128,project_used,1,AMX_B_load,0.00309944152832,32,0,controlled
bipartite_hot,128_128_128,project_used,1,AMX_compute,0.00786781311035,32,0,controlled
bipartite_hot,128_128_128,project_used,1,C_store,0,4,0,controlled
bipartite_hot,128_128_128,project_used,1,hot_cold_merge,0.00810623168945,272,0,controlled
bipartite_hot,128_128_128,project_used,1,output_scatter,0.00882148742676,272,0,controlled
bipartite_hot,128_128_128,project_used,1,cache_H_gather,0.00309944152832,2,0,controlled
bipartite_hot,128_128_128,project_used,1,cache_Q_store,0.00309944152832,2,0,controlled
bipartite_hot,128_128_128,project_used,1,thread_amx_release,0.00309944152832,64,0,controlled
bipartite_hot,128_128_128,project_used,1,partial_state_load,0.00810623168945,272,0,controlled
bipartite_hot,128_128_128,project_used,2,thread_amx_setup,0.03981590271,64,0,controlled
bipartite_hot,128_128_128,project_used,2,row_metadata,0.00190734863281,17,0,controlled
bipartite_hot,128_128_128,project_used,2,partial_init,0.00381469726562,17,0,controlled
bipartite_hot,128_128_128,project_used,2,csr_index,0.441789627075,17408,0,controlled
bipartite_hot,128_128_128,project_used,2,cache_membership,0.444412231445,17408,0,controlled
bipartite_hot,128_128_128,project_used,2,prefetch,0.505685806274,17408,0,controlled
bipartite_hot,128_128_128,project_used,2,BF16_H_load,0,0,0,controlled
bipartite_hot,128_128_128,project_used,2,BF16_decode,0,0,0,controlled
bipartite_hot,128_128_128,project_used,2,cold_FP32_reduce,0,0,0,controlled
bipartite_hot,128_128_128,project_used,2,FP32_Q_load,0.505685806274,17408,0,controlled
bipartite_hot,128_128_128,project_used,2,hot_FP32_reduce,0.463962554932,17408,0,controlled
bipartite_hot,128_128_128,project_used,2,partial_state_store,0.00905990600586,272,0,controlled
bipartite_hot,128_128_128,project_used,2,partial_hi_pack,0,0,0,controlled
bipartite_hot,128_128_128,project_used,2,partial_lo_pack,0,0,0,controlled
bipartite_hot,128_128_128,project_used,2,AMX_A_load,0,16,0,controlled
bipartite_hot,128_128_128,project_used,2,AMX_B_load,0.00190734863281,32,0,controlled
bipartite_hot,128_128_128,project_used,2,AMX_compute,0.00810623168945,32,0,controlled
bipartite_hot,128_128_128,project_used,2,C_store,0,4,0,controlled
bipartite_hot,128_128_128,project_used,2,hot_cold_merge,0.00286102294922,272,0,controlled
bipartite_hot,128_128_128,project_used,2,output_scatter,0.0112056732178,272,0,controlled
bipartite_hot,128_128_128,project_used,2,cache_H_gather,0.00190734863281,2,0,controlled
bipartite_hot,128_128_128,project_used,2,cache_Q_store,0.00214576721191,2,0,controlled
bipartite_hot,128_128_128,project_used,2,thread_amx_release,0.00309944152832,64,0,controlled
bipartite_hot,128_128_128,project_used,2,partial_state_load,0.00786781311035,272,0,controlled
bipartite_hot,128_128_128,project_used_L1_full_L2,1,thread_amx_setup,0.0250339508057,64,0,controlled
bipartite_hot,128_128_128,project_used_L1_full_L2,1,row_metadata,0.00691413879395,17,0,controlled
bipartite_hot,128_128_128,project_used_L1_full_L2,1,partial_init,0.00858306884766,17,0,controlled
bipartite_hot,128_128_128,project_used_L1_full_L2,1,csr_index,0.491380691528,17408,0,controlled
bipartite_hot,128_128_128,project_used_L1_full_L2,1,cache_membership,0.467538833618,17408,0,controlled
bipartite_hot,128_128_128,project_used_L1_full_L2,1,prefetch,0.652313232422,17408,0,controlled
bipartite_hot,128_128_128,project_used_L1_full_L2,1,BF16_H_load,0,0,0,controlled
bipartite_hot,128_128_128,project_used_L1_full_L2,1,BF16_decode,0,0,0,controlled
bipartite_hot,128_128_128,project_used_L1_full_L2,1,cold_FP32_reduce,0,0,0,controlled
bipartite_hot,128_128_128,project_used_L1_full_L2,1,FP32_Q_load,0.550746917725,17408,0,controlled
bipartite_hot,128_128_128,project_used_L1_full_L2,1,hot_FP32_reduce,0.48041343689,17408,0,controlled
bipartite_hot,128_128_128,project_used_L1_full_L2,1,partial_state_store,0.0109672546387,272,0,controlled
bipartite_hot,128_128_128,project_used_L1_full_L2,1,partial_hi_pack,0,0,0,controlled
bipartite_hot,128_128_128,project_used_L1_full_L2,1,partial_lo_pack,0,0,0,controlled
bipartite_hot,128_128_128,project_used_L1_full_L2,1,AMX_A_load,0.000953674316406,16,0,controlled
bipartite_hot,128_128_128,project_used_L1_full_L2,1,AMX_B_load,0.00238418579102,32,0,controlled
bipartite_hot,128_128_128,project_used_L1_full_L2,1,AMX_compute,0.00476837158203,32,0,controlled
bipartite_hot,128_128_128,project_used_L1_full_L2,1,C_store,0,4,0,controlled
bipartite_hot,128_128_128,project_used_L1_full_L2,1,hot_cold_merge,0.0104904174805,272,0,controlled
bipartite_hot,128_128_128,project_used_L1_full_L2,1,output_scatter,0.00858306884766,272,0,controlled
bipartite_hot,128_128_128,project_used_L1_full_L2,1,cache_H_gather,0.00214576721191,2,0,controlled
bipartite_hot,128_128_128,project_used_L1_full_L2,1,cache_Q_store,0.00190734863281,2,0,controlled
bipartite_hot,128_128_128,project_used_L1_full_L2,1,thread_amx_release,0.00190734863281,64,0,controlled
bipartite_hot,128_128_128,project_used_L1_full_L2,1,partial_state_load,0.0104904174805,272,0,controlled
bipartite_hot,128_128_128,project_used_L1_full_L2,2,thread_amx_setup,0.0200271606445,32,0,controlled
bipartite_hot,128_128_128,project_used_L1_full_L2,2,row_metadata,0.00405311584473,17,0,controlled
bipartite_hot,128_128_128,project_used_L1_full_L2,2,partial_init,0.00810623168945,17,0,controlled
bipartite_hot,128_128_128,project_used_L1_full_L2,2,csr_index,0.536680221558,17408,0,controlled
bipartite_hot,128_128_128,project_used_L1_full_L2,2,cache_membership,0,0,0,controlled
bipartite_hot,128_128_128,project_used_L1_full_L2,2,prefetch,0.513076782227,17408,0,controlled
bipartite_hot,128_128_128,project_used_L1_full_L2,2,BF16_H_load,0.602006912231,17408,0,controlled
bipartite_hot,128_128_128,project_used_L1_full_L2,2,BF16_decode,0.555992126465,17408,0,controlled
bipartite_hot,128_128_128,project_used_L1_full_L2,2,cold_FP32_reduce,0.496387481689,17408,0,controlled
bipartite_hot,128_128_128,project_used_L1_full_L2,2,FP32_Q_load,0,0,0,controlled
bipartite_hot,128_128_128,project_used_L1_full_L2,2,hot_FP32_reduce,0,0,0,controlled
bipartite_hot,128_128_128,project_used_L1_full_L2,2,partial_state_store,0.00977516174316,272,0,controlled
bipartite_hot,128_128_128,project_used_L1_full_L2,2,partial_hi_pack,0.0696182250977,2176,0,controlled
bipartite_hot,128_128_128,project_used_L1_full_L2,2,partial_lo_pack,0.0667572021484,2176,0,controlled
bipartite_hot,128_128_128,project_used_L1_full_L2,2,AMX_A_load,0.00977516174316,272,0,controlled
bipartite_hot,128_128_128,project_used_L1_full_L2,2,AMX_B_load,0.0274181365967,544,0,controlled
bipartite_hot,128_128_128,project_used_L1_full_L2,2,AMX_compute,0.0548362731934,544,0,controlled
bipartite_hot,128_128_128,project_used_L1_full_L2,2,C_store,0.00119209289551,34,0,controlled
bipartite_hot,128_128_128,project_used_L1_full_L2,2,hot_cold_merge,0,0,0,controlled
bipartite_hot,128_128_128,project_used_L1_full_L2,2,output_scatter,0.0128746032715,272,0,controlled
bipartite_hot,128_128_128,project_used_L1_full_L2,2,cache_H_gather,0,0,0,controlled
bipartite_hot,128_128_128,project_used_L1_full_L2,2,cache_Q_store,0,0,0,controlled
bipartite_hot,128_128_128,project_used_L1_full_L2,2,thread_amx_release,0,32,0,controlled
bipartite_hot,128_128_128,project_used_L1_full_L2,2,partial_state_load,0.00381469726562,272,0,controlled
bipartite_spread,128_32_32,fused_full_accurate,1,thread_amx_setup,0.0190734863281,32,0,controlled
bipartite_spread,128_32_32,fused_full_accurate,1,row_metadata,0.00858306884766,17,0,controlled
bipartite_spread,128_32_32,fused_full_accurate,1,partial_init,0.00333786010742,17,0,controlled
bipartite_spread,128_32_32,fused_full_accurate,1,csr_index,0.485181808472,17408,0,controlled
bipartite_spread,128_32_32,fused_full_accurate,1,cache_membership,0,0,0,controlled
bipartite_spread,128_32_32,fused_full_accurate,1,prefetch,0.497102737427,17408,0,controlled
bipartite_spread,128_32_32,fused_full_accurate,1,BF16_H_load,0.571489334106,17408,0,controlled
bipartite_spread,128_32_32,fused_full_accurate,1,BF16_decode,0.551223754883,17408,0,controlled
bipartite_spread,128_32_32,fused_full_accurate,1,cold_FP32_reduce,0.482559204102,17408,0,controlled
bipartite_spread,128_32_32,fused_full_accurate,1,FP32_Q_load,0,0,0,controlled
bipartite_spread,128_32_32,fused_full_accurate,1,hot_FP32_reduce,0,0,0,controlled
bipartite_spread,128_32_32,fused_full_accurate,1,partial_state_store,0.00882148742676,272,0,controlled
bipartite_spread,128_32_32,fused_full_accurate,1,partial_hi_pack,0.0650882720947,2176,0,controlled
bipartite_spread,128_32_32,fused_full_accurate,1,partial_lo_pack,0.0593662261963,2176,0,controlled
bipartite_spread,128_32_32,fused_full_accurate,1,AMX_A_load,0.00286102294922,136,0,controlled
bipartite_spread,128_32_32,fused_full_accurate,1,AMX_B_load,0.00381469726562,136,0,controlled
bipartite_spread,128_32_32,fused_full_accurate,1,AMX_compute,0.0274181365967,136,0,controlled
bipartite_spread,128_32_32,fused_full_accurate,1,C_store,0.000953674316406,17,0,controlled
bipartite_spread,128_32_32,fused_full_accurate,1,hot_cold_merge,0,0,0,controlled
bipartite_spread,128_32_32,fused_full_accurate,1,output_scatter,0.00572204589844,272,0,controlled
bipartite_spread,128_32_32,fused_full_accurate,1,cache_H_gather,0,0,0,controlled
bipartite_spread,128_32_32,fused_full_accurate,1,cache_Q_store,0,0,0,controlled
bipartite_spread,128_32_32,fused_full_accurate,1,thread_amx_release,0.00190734863281,32,0,controlled
bipartite_spread,128_32_32,fused_full_accurate,1,partial_state_load,0.00596046447754,272,0,controlled
bipartite_spread,128_32_32,fused_full_accurate,2,thread_amx_setup,0.0166893005371,32,0,controlled
bipartite_spread,128_32_32,fused_full_accurate,2,row_metadata,0.00572204589844,17,0,controlled
bipartite_spread,128_32_32,fused_full_accurate,2,partial_init,0.00214576721191,17,0,controlled
bipartite_spread,128_32_32,fused_full_accurate,2,csr_index,0.48303604126,17408,0,controlled
bipartite_spread,128_32_32,fused_full_accurate,2,cache_membership,0,0,0,controlled
bipartite_spread,128_32_32,fused_full_accurate,2,prefetch,0.5042552948,17408,0,controlled
bipartite_spread,128_32_32,fused_full_accurate,2,BF16_H_load,0.510454177856,17408,0,controlled
bipartite_spread,128_32_32,fused_full_accurate,2,BF16_decode,0.500440597534,17408,0,controlled
bipartite_spread,128_32_32,fused_full_accurate,2,cold_FP32_reduce,0.460863113403,17408,0,controlled
bipartite_spread,128_32_32,fused_full_accurate,2,FP32_Q_load,0,0,0,controlled
bipartite_spread,128_32_32,fused_full_accurate,2,hot_FP32_reduce,0,0,0,controlled
bipartite_spread,128_32_32,fused_full_accurate,2,partial_state_store,0.00786781311035,272,0,controlled
bipartite_spread,128_32_32,fused_full_accurate,2,partial_hi_pack,0.0226497650146,544,0,controlled
bipartite_spread,128_32_32,fused_full_accurate,2,partial_lo_pack,0.018835067749,544,0,controlled
bipartite_spread,128_32_32,fused_full_accurate,2,AMX_A_load,0.00190734863281,34,0,controlled
bipartite_spread,128_32_32,fused_full_accurate,2,AMX_B_load,0.00286102294922,34,0,controlled
bipartite_spread,128_32_32,fused_full_accurate,2,AMX_compute,0.0264644622803,34,0,controlled
bipartite_spread,128_32_32,fused_full_accurate,2,C_store,0,17,0,controlled
bipartite_spread,128_32_32,fused_full_accurate,2,hot_cold_merge,0,0,0,controlled
bipartite_spread,128_32_32,fused_full_accurate,2,output_scatter,0.00786781311035,272,0,controlled
bipartite_spread,128_32_32,fused_full_accurate,2,cache_H_gather,0,0,0,controlled
bipartite_spread,128_32_32,fused_full_accurate,2,cache_Q_store,0,0,0,controlled
bipartite_spread,128_32_32,fused_full_accurate,2,thread_amx_release,0.00429153442383,32,0,controlled
bipartite_spread,128_32_32,fused_full_accurate,2,partial_state_load,0.00619888305664,272,0,controlled
bipartite_spread,128_32_32,hybrid_none,1,thread_amx_setup,0.0219345092773,32,0,controlled
bipartite_spread,128_32_32,hybrid_none,1,row_metadata,0.00190734863281,17,0,controlled
bipartite_spread,128_32_32,hybrid_none,1,partial_init,0.00810623168945,17,0,controlled
bipartite_spread,128_32_32,hybrid_none,1,csr_index,1.3644695282,17408,0,controlled
bipartite_spread,128_32_32,hybrid_none,1,cache_membership,0.438451766968,17408,0,controlled
bipartite_spread,128_32_32,hybrid_none,1,prefetch,0.573873519897,17408,0,controlled
bipartite_spread,128_32_32,hybrid_none,1,BF16_H_load,0.515222549438,17408,0,controlled
bipartite_spread,128_32_32,hybrid_none,1,BF16_decode,0.532388687134,17408,0,controlled
bipartite_spread,128_32_32,hybrid_none,1,cold_FP32_reduce,0.607013702393,17408,0,controlled
bipartite_spread,128_32_32,hybrid_none,1,FP32_Q_load,0,0,0,controlled
bipartite_spread,128_32_32,hybrid_none,1,hot_FP32_reduce,0,0,0,controlled
bipartite_spread,128_32_32,hybrid_none,1,partial_state_store,0.0119209289551,272,0,controlled
bipartite_spread,128_32_32,hybrid_none,1,partial_hi_pack,0.0576972961426,2176,0,controlled
bipartite_spread,128_32_32,hybrid_none,1,partial_lo_pack,0.0674724578857,2176,0,controlled
bipartite_spread,128_32_32,hybrid_none,1,AMX_A_load,0.00619888305664,136,0,controlled
bipartite_spread,128_32_32,hybrid_none,1,AMX_B_load,0.00739097595215,136,0,controlled
bipartite_spread,128_32_32,hybrid_none,1,AMX_compute,0.0300407409668,136,0,controlled
bipartite_spread,128_32_32,hybrid_none,1,C_store,0,17,0,controlled
bipartite_spread,128_32_32,hybrid_none,1,hot_cold_merge,0.00500679016113,272,0,controlled
bipartite_spread,128_32_32,hybrid_none,1,output_scatter,0.00572204589844,272,0,controlled
bipartite_spread,128_32_32,hybrid_none,1,cache_H_gather,0,0,0,controlled
bipartite_spread,128_32_32,hybrid_none,1,cache_Q_store,0,0,0,controlled
bipartite_spread,128_32_32,hybrid_none,1,thread_amx_release,0.00190734863281,32,0,controlled
bipartite_spread,128_32_32,hybrid_none,1,partial_state_load,0.00953674316406,272,0,controlled
bipartite_spread,128_32_32,hybrid_none,2,thread_amx_setup,0.0169277191162,32,0,controlled
bipartite_spread,128_32_32,hybrid_none,2,row_metadata,0.00596046447754,17,0,controlled
bipartite_spread,128_32_32,hybrid_none,2,partial_init,0.00500679016113,17,0,controlled
bipartite_spread,128_32_32,hybrid_none,2,csr_index,0.466108322144,17408,0,controlled
bipartite_spread,128_32_32,hybrid_none,2,cache_membership,0.455141067505,17408,0,controlled
bipartite_spread,128_32_32,hybrid_none,2,prefetch,0.495195388794,17408,0,controlled
bipartite_spread,128_32_32,hybrid_none,2,BF16_H_load,0.473260879517,17408,0,controlled
bipartite_spread,128_32_32,hybrid_none,2,BF16_decode,0.448942184448,17408,0,controlled
bipartite_spread,128_32_32,hybrid_none,2,cold_FP32_reduce,0.495910644531,17408,0,controlled
bipartite_spread,128_32_32,hybrid_none,2,FP32_Q_load,0,0,0,controlled
bipartite_spread,128_32_32,hybrid_none,2,hot_FP32_reduce,0,0,0,controlled
bipartite_spread,128_32_32,hybrid_none,2,partial_state_store,0.00786781311035,272,0,controlled
bipartite_spread,128_32_32,hybrid_none,2,partial_hi_pack,0.0100135803223,544,0,controlled
bipartite_spread,128_32_32,hybrid_none,2,partial_lo_pack,0.018835067749,544,0,controlled
bipartite_spread,128_32_32,hybrid_none,2,AMX_A_load,0.00119209289551,34,0,controlled
bipartite_spread,128_32_32,hybrid_none,2,AMX_B_load,0.000953674316406,34,0,controlled
bipartite_spread,128_32_32,hybrid_none,2,AMX_compute,0.0293254852295,34,0,controlled
bipartite_spread,128_32_32,hybrid_none,2,C_store,0,17,0,controlled
bipartite_spread,128_32_32,hybrid_none,2,hot_cold_merge,0.00905990600586,272,0,controlled
bipartite_spread,128_32_32,hybrid_none,2,output_scatter,0.00858306884766,272,0,controlled
bipartite_spread,128_32_32,hybrid_none,2,cache_H_gather,0,0,0,controlled
bipartite_spread,128_32_32,hybrid_none,2,cache_Q_store,0,0,0,controlled
bipartite_spread,128_32_32,hybrid_none,2,thread_amx_release,0.00333786010742,32,0,controlled
bipartite_spread,128_32_32,hybrid_none,2,partial_state_load,0.0119209289551,272,0,controlled
bipartite_spread,128_32_32,top_1_64,1,thread_amx_setup,0.0424385070801,64,0,controlled
bipartite_spread,128_32_32,top_1_64,1,row_metadata,0.00190734863281,17,0,controlled
bipartite_spread,128_32_32,top_1_64,1,partial_init,0.00476837158203,17,0,controlled
bipartite_spread,128_32_32,top_1_64,1,csr_index,0.487089157104,17408,0,controlled
bipartite_spread,128_32_32,top_1_64,1,cache_membership,0.448226928711,17408,0,controlled
bipartite_spread,128_32_32,top_1_64,1,prefetch,0.643491744995,17408,0,controlled
bipartite_spread,128_32_32,top_1_64,1,BF16_H_load,0.483989715576,17152,0,controlled
bipartite_spread,128_32_32,top_1_64,1,BF16_decode,0.462055206299,17152,0,controlled
bipartite_spread,128_32_32,top_1_64,1,cold_FP32_reduce,0.565052032471,17152,0,controlled
bipartite_spread,128_32_32,top_1_64,1,FP32_Q_load,0.00810623168945,256,0,controlled
bipartite_spread,128_32_32,top_1_64,1,hot_FP32_reduce,0.00786781311035,256,0,controlled
bipartite_spread,128_32_32,top_1_64,1,partial_state_store,0.0114440917969,272,0,controlled
bipartite_spread,128_32_32,top_1_64,1,partial_hi_pack,0.0560283660889,2176,0,controlled
bipartite_spread,128_32_32,top_1_64,1,partial_lo_pack,0.0526905059814,2176,0,controlled
bipartite_spread,128_32_32,top_1_64,1,AMX_A_load,0.00286102294922,144,0,controlled
bipartite_spread,128_32_32,top_1_64,1,AMX_B_load,0.00715255737305,144,0,controlled
bipartite_spread,128_32_32,top_1_64,1,AMX_compute,0.0333786010742,144,0,controlled
bipartite_spread,128_32_32,top_1_64,1,C_store,0.000953674316406,19,0,controlled
bipartite_spread,128_32_32,top_1_64,1,hot_cold_merge,0.00619888305664,272,0,controlled
bipartite_spread,128_32_32,top_1_64,1,output_scatter,0.00715255737305,272,0,controlled
bipartite_spread,128_32_32,top_1_64,1,cache_H_gather,0,2,0,controlled
bipartite_spread,128_32_32,top_1_64,1,cache_Q_store,0,2,0,controlled
bipartite_spread,128_32_32,top_1_64,1,thread_amx_release,0.00667572021484,64,0,controlled
bipartite_spread,128_32_32,top_1_64,1,partial_state_load,0.00858306884766,272,0,controlled
bipartite_spread,128_32_32,top_1_64,2,thread_amx_setup,0.0393390655518,64,0,controlled
bipartite_spread,128_32_32,top_1_64,2,row_metadata,0.00286102294922,17,0,controlled
bipartite_spread,128_32_32,top_1_64,2,partial_init,0.000953674316406,17,0,controlled
bipartite_spread,128_32_32,top_1_64,2,csr_index,0.478982925415,17408,0,controlled
bipartite_spread,128_32_32,top_1_64,2,cache_membership,0.493764877319,17408,0,controlled
bipartite_spread,128_32_32,top_1_64,2,prefetch,0.519037246704,17408,0,controlled
bipartite_spread,128_32_32,top_1_64,2,BF16_H_load,0.494480133057,17152,0,controlled
bipartite_spread,128_32_32,top_1_64,2,BF16_decode,0.509262084961,17152,0,controlled
bipartite_spread,128_32_32,top_1_64,2,cold_FP32_reduce,0.488519668579,17152,0,controlled
bipartite_spread,128_32_32,top_1_64,2,FP32_Q_load,0.00691413879395,256,0,controlled
bipartite_spread,128_32_32,top_1_64,2,hot_FP32_reduce,0.00786781311035,256,0,controlled
bipartite_spread,128_32_32,top_1_64,2,partial_state_store,0.00619888305664,272,0,controlled
bipartite_spread,128_32_32,top_1_64,2,partial_hi_pack,0.0190734863281,544,0,controlled
bipartite_spread,128_32_32,top_1_64,2,partial_lo_pack,0.0278949737549,544,0,controlled
bipartite_spread,128_32_32,top_1_64,2,AMX_A_load,0,36,0,controlled
bipartite_spread,128_32_32,top_1_64,2,AMX_B_load,0.00119209289551,36,0,controlled
bipartite_spread,128_32_32,top_1_64,2,AMX_compute,0.0283718109131,36,0,controlled
bipartite_spread,128_32_32,top_1_64,2,C_store,0.000953674316406,19,0,controlled
bipartite_spread,128_32_32,top_1_64,2,hot_cold_merge,0.00810623168945,272,0,controlled
bipartite_spread,128_32_32,top_1_64,2,output_scatter,0.00929832458496,272,0,controlled
bipartite_spread,128_32_32,top_1_64,2,cache_H_gather,0.00190734863281,2,0,controlled
bipartite_spread,128_32_32,top_1_64,2,cache_Q_store,0,2,0,controlled
bipartite_spread,128_32_32,top_1_64,2,thread_amx_release,0.00715255737305,64,0,controlled
bipartite_spread,128_32_32,top_1_64,2,partial_state_load,0.00691413879395,272,0,controlled
bipartite_spread,128_32_32,top_1_16,1,thread_amx_setup,0.0412464141846,64,0,controlled
bipartite_spread,128_32_32,top_1_16,1,row_metadata,0,17,0,controlled
bipartite_spread,128_32_32,top_1_16,1,partial_init,0.00286102294922,17,0,controlled
bipartite_spread,128_32_32,top_1_16,1,csr_index,0.498533248901,17408,0,controlled
bipartite_spread,128_32_32,top_1_16,1,cache_membership,0.513553619385,17408,0,controlled
bipartite_spread,128_32_32,top_1_16,1,prefetch,0.598192214966,17408,0,controlled
bipartite_spread,128_32_32,top_1_16,1,BF16_H_load,0.47779083252,16376,0,controlled
bipartite_spread,128_32_32,top_1_16,1,BF16_decode,0.452041625977,16376,0,controlled
bipartite_spread,128_32_32,top_1_16,1,cold_FP32_reduce,0.515699386597,16376,0,controlled
bipartite_spread,128_32_32,top_1_16,1,FP32_Q_load,0.0379085540771,1032,0,controlled
bipartite_spread,128_32_32,top_1_16,1,hot_FP32_reduce,0.0238418579102,1032,0,controlled
bipartite_spread,128_32_32,top_1_16,1,partial_state_store,0.00715255737305,272,0,controlled
bipartite_spread,128_32_32,top_1_16,1,partial_hi_pack,0.0598430633545,2176,0,controlled
bipartite_spread,128_32_32,top_1_16,1,partial_lo_pack,0.0708103179932,2176,0,controlled
bipartite_spread,128_32_32,top_1_16,1,AMX_A_load,0.00405311584473,144,0,controlled
bipartite_spread,128_32_32,top_1_16,1,AMX_B_load,0.00596046447754,144,0,controlled
bipartite_spread,128_32_32,top_1_16,1,AMX_compute,0.0364780426025,144,0,controlled
bipartite_spread,128_32_32,top_1_16,1,C_store,0,19,0,controlled
bipartite_spread,128_32_32,top_1_16,1,hot_cold_merge,0.00476837158203,272,0,controlled
bipartite_spread,128_32_32,top_1_16,1,output_scatter,0.00548362731934,272,0,controlled
bipartite_spread,128_32_32,top_1_16,1,cache_H_gather,0.00119209289551,2,0,controlled
bipartite_spread,128_32_32,top_1_16,1,cache_Q_store,0,2,0,controlled
bipartite_spread,128_32_32,top_1_16,1,thread_amx_release,0.00309944152832,64,0,controlled
bipartite_spread,128_32_32,top_1_16,1,partial_state_load,0.011682510376,272,0,controlled
bipartite_spread,128_32_32,top_1_16,2,thread_amx_setup,0.0419616699219,64,0,controlled
bipartite_spread,128_32_32,top_1_16,2,row_metadata,0.00286102294922,17,0,controlled
bipartite_spread,128_32_32,top_1_16,2,partial_init,0.00452995300293,17,0,controlled
bipartite_spread,128_32_32,top_1_16,2,csr_index,0.467777252197,17408,0,controlled
bipartite_spread,128_32_32,top_1_16,2,cache_membership,0.457048416138,17408,0,controlled
bipartite_spread,128_32_32,top_1_16,2,prefetch,0.537872314453,17408,0,controlled
bipartite_spread,128_32_32,top_1_16,2,BF16_H_load,0.4563331604,16376,0,controlled
bipartite_spread,128_32_32,top_1_16,2,BF16_decode,0.460147857666,16376,0,controlled
bipartite_spread,128_32_32,top_1_16,2,cold_FP32_reduce,0.445604324341,16376,0,controlled
bipartite_spread,128_32_32,top_1_16,2,FP32_Q_load,0.0374317169189,1032,0,controlled
bipartite_spread,128_32_32,top_1_16,2,hot_FP32_reduce,0.0245571136475,1032,0,controlled
bipartite_spread,128_32_32,top_1_16,2,partial_state_store,0.00691413879395,272,0,controlled
bipartite_spread,128_32_32,top_1_16,2,partial_hi_pack,0.0221729278564,544,0,controlled
bipartite_spread,128_32_32,top_1_16,2,partial_lo_pack,0.0121593475342,544,0,controlled
bipartite_spread,128_32_32,top_1_16,2,AMX_A_load,0.000953674316406,36,0,controlled
bipartite_spread,128_32_32,top_1_16,2,AMX_B_load,0.000953674316406,36,0,controlled
bipartite_spread,128_32_32,top_1_16,2,AMX_compute,0.0326633453369,36,0,controlled
bipartite_spread,128_32_32,top_1_16,2,C_store,0,19,0,controlled
bipartite_spread,128_32_32,top_1_16,2,hot_cold_merge,0.0109672546387,272,0,controlled
bipartite_spread,128_32_32,top_1_16,2,output_scatter,0.00858306884766,272,0,controlled
bipartite_spread,128_32_32,top_1_16,2,cache_H_gather,0.00119209289551,2,0,controlled
bipartite_spread,128_32_32,top_1_16,2,cache_Q_store,0,2,0,controlled
bipartite_spread,128_32_32,top_1_16,2,thread_amx_release,0.00190734863281,64,0,controlled
bipartite_spread,128_32_32,top_1_16,2,partial_state_load,0.0102519989014,272,0,controlled
bipartite_spread,128_32_32,top_1_4,1,thread_amx_setup,0.0395774841309,64,0,controlled
bipartite_spread,128_32_32,top_1_4,1,row_metadata,0.00357627868652,17,0,controlled
bipartite_spread,128_32_32,top_1_4,1,partial_init,0.00691413879395,17,0,controlled
bipartite_spread,128_32_32,top_1_4,1,csr_index,0.448226928711,17408,0,controlled
bipartite_spread,128_32_32,top_1_4,1,cache_membership,0.471591949463,17408,0,controlled
bipartite_spread,128_32_32,top_1_4,1,prefetch,0.71120262146,17408,0,controlled
bipartite_spread,128_32_32,top_1_4,1,BF16_H_load,0.348091125488,13344,0,controlled
bipartite_spread,128_32_32,top_1_4,1,BF16_decode,0.341892242432,13344,0,controlled
bipartite_spread,128_32_32,top_1_4,1,cold_FP32_reduce,0.389575958252,13344,0,controlled
bipartite_spread,128_32_32,top_1_4,1,FP32_Q_load,0.130891799927,4064,0,controlled
bipartite_spread,128_32_32,top_1_4,1,hot_FP32_reduce,0.112056732178,4064,0,controlled
bipartite_spread,128_32_32,top_1_4,1,partial_state_store,0.00882148742676,272,0,controlled
bipartite_spread,128_32_32,top_1_4,1,partial_hi_pack,0.0622272491455,2176,0,controlled
bipartite_spread,128_32_32,top_1_4,1,partial_lo_pack,0.0615119934082,2176,0,controlled
bipartite_spread,128_32_32,top_1_4,1,AMX_A_load,0.00381469726562,156,0,controlled
bipartite_spread,128_32_32,top_1_4,1,AMX_B_load,0.00953674316406,156,0,controlled
bipartite_spread,128_32_32,top_1_4,1,AMX_compute,0.0507831573486,156,0,controlled
bipartite_spread,128_32_32,top_1_4,1,C_store,0,22,0,controlled
bipartite_spread,128_32_32,top_1_4,1,hot_cold_merge,0.00643730163574,272,0,controlled
bipartite_spread,128_32_32,top_1_4,1,output_scatter,0.00953674316406,272,0,controlled
bipartite_spread,128_32_32,top_1_4,1,cache_H_gather,0.00214576721191,5,0,controlled
bipartite_spread,128_32_32,top_1_4,1,cache_Q_store,0.00286102294922,5,0,controlled
bipartite_spread,128_32_32,top_1_4,1,thread_amx_release,0.00190734863281,64,0,controlled
bipartite_spread,128_32_32,top_1_4,1,partial_state_load,0.00953674316406,272,0,controlled
bipartite_spread,128_32_32,top_1_4,2,thread_amx_setup,0.0360012054443,64,0,controlled
bipartite_spread,128_32_32,top_1_4,2,row_metadata,0.00286102294922,17,0,controlled
bipartite_spread,128_32_32,top_1_4,2,partial_init,0,17,0,controlled
bipartite_spread,128_32_32,top_1_4,2,csr_index,0.442266464233,17408,0,controlled
bipartite_spread,128_32_32,top_1_4,2,cache_membership,0.472545623779,17408,0,controlled
bipartite_spread,128_32_32,top_1_4,2,prefetch,0.773906707764,17408,0,controlled
bipartite_spread,128_32_32,top_1_4,2,BF16_H_load,0.400304794312,13344,0,controlled
bipartite_spread,128_32_32,top_1_4,2,BF16_decode,0.365734100342,13344,0,controlled
bipartite_spread,128_32_32,top_1_4,2,cold_FP32_reduce,0.393390655518,13344,0,controlled
bipartite_spread,128_32_32,top_1_4,2,FP32_Q_load,0.109672546387,4064,0,controlled
bipartite_spread,128_32_32,top_1_4,2,hot_FP32_reduce,0.129699707031,4064,0,controlled
bipartite_spread,128_32_32,top_1_4,2,partial_state_store,0.00500679016113,272,0,controlled
bipartite_spread,128_32_32,top_1_4,2,partial_hi_pack,0.0107288360596,544,0,controlled
bipartite_spread,128_32_32,top_1_4,2,partial_lo_pack,0.0131130218506,544,0,controlled
bipartite_spread,128_32_32,top_1_4,2,AMX_A_load,0.00286102294922,39,0,controlled
bipartite_spread,128_32_32,top_1_4,2,AMX_B_load,0,39,0,controlled
bipartite_spread,128_32_32,top_1_4,2,AMX_compute,0.044584274292,39,0,controlled
bipartite_spread,128_32_32,top_1_4,2,C_store,0,22,0,controlled
bipartite_spread,128_32_32,top_1_4,2,hot_cold_merge,0.011682510376,272,0,controlled
bipartite_spread,128_32_32,top_1_4,2,output_scatter,0.00786781311035,272,0,controlled
bipartite_spread,128_32_32,top_1_4,2,cache_H_gather,0.00286102294922,5,0,controlled
bipartite_spread,128_32_32,top_1_4,2,cache_Q_store,0.00286102294922,5,0,controlled
bipartite_spread,128_32_32,top_1_4,2,thread_amx_release,0.00786781311035,64,0,controlled
bipartite_spread,128_32_32,top_1_4,2,partial_state_load,0.00810623168945,272,0,controlled
bipartite_spread,128_32_32,hybrid_all,1,thread_amx_setup,0.0488758087158,64,0,controlled
bipartite_spread,128_32_32,hybrid_all,1,row_metadata,0.00286102294922,17,0,controlled
bipartite_spread,128_32_32,hybrid_all,1,partial_init,0.00190734863281,17,0,controlled
bipartite_spread,128_32_32,hybrid_all,1,csr_index,0.481605529785,17408,0,controlled
bipartite_spread,128_32_32,hybrid_all,1,cache_membership,0.447750091553,17408,0,controlled
bipartite_spread,128_32_32,hybrid_all,1,prefetch,0.494003295898,17408,0,controlled
bipartite_spread,128_32_32,hybrid_all,1,BF16_H_load,0,0,0,controlled
bipartite_spread,128_32_32,hybrid_all,1,BF16_decode,0,0,0,controlled
bipartite_spread,128_32_32,hybrid_all,1,cold_FP32_reduce,0,0,0,controlled
bipartite_spread,128_32_32,hybrid_all,1,FP32_Q_load,0.442028045654,17408,0,controlled
bipartite_spread,128_32_32,hybrid_all,1,hot_FP32_reduce,0.473260879517,17408,0,controlled
bipartite_spread,128_32_32,hybrid_all,1,partial_state_store,0.0121593475342,272,0,controlled
bipartite_spread,128_32_32,hybrid_all,1,partial_hi_pack,0,0,0,controlled
bipartite_spread,128_32_32,hybrid_all,1,partial_lo_pack,0,0,0,controlled
bipartite_spread,128_32_32,hybrid_all,1,AMX_A_load,0.00286102294922,68,0,controlled
bipartite_spread,128_32_32,hybrid_all,1,AMX_B_load,0.0104904174805,68,0,controlled
bipartite_spread,128_32_32,hybrid_all,1,AMX_compute,0.056266784668,68,0,controlled
bipartite_spread,128_32_32,hybrid_all,1,C_store,0,17,0,controlled
bipartite_spread,128_32_32,hybrid_all,1,hot_cold_merge,0.00667572021484,272,0,controlled
bipartite_spread,128_32_32,hybrid_all,1,output_scatter,0.00858306884766,272,0,controlled
bipartite_spread,128_32_32,hybrid_all,1,cache_H_gather,0.0114440917969,17,0,controlled
bipartite_spread,128_32_32,hybrid_all,1,cache_Q_store,0.00667572021484,17,0,controlled
bipartite_spread,128_32_32,hybrid_all,1,thread_amx_release,0.00190734863281,64,0,controlled
bipartite_spread,128_32_32,hybrid_all,1,partial_state_load,0.00572204589844,272,0,controlled
bipartite_spread,128_32_32,hybrid_all,2,thread_amx_setup,0.0448226928711,64,0,controlled
bipartite_spread,128_32_32,hybrid_all,2,row_metadata,0.00643730163574,17,0,controlled
bipartite_spread,128_32_32,hybrid_all,2,partial_init,0.00238418579102,17,0,controlled
bipartite_spread,128_32_32,hybrid_all,2,csr_index,0.452280044556,17408,0,controlled
bipartite_spread,128_32_32,hybrid_all,2,cache_membership,0.463962554932,17408,0,controlled
bipartite_spread,128_32_32,hybrid_all,2,prefetch,0.536680221558,17408,0,controlled
bipartite_spread,128_32_32,hybrid_all,2,BF16_H_load,0,0,0,controlled
bipartite_spread,128_32_32,hybrid_all,2,BF16_decode,0,0,0,controlled
bipartite_spread,128_32_32,hybrid_all,2,cold_FP32_reduce,0,0,0,controlled
bipartite_spread,128_32_32,hybrid_all,2,FP32_Q_load,0.491619110107,17408,0,controlled
bipartite_spread,128_32_32,hybrid_all,2,hot_FP32_reduce,0.458240509033,17408,0,controlled
bipartite_spread,128_32_32,hybrid_all,2,partial_state_store,0.00882148742676,272,0,controlled
bipartite_spread,128_32_32,hybrid_all,2,partial_hi_pack,0,0,0,controlled
bipartite_spread,128_32_32,hybrid_all,2,partial_lo_pack,0,0,0,controlled
bipartite_spread,128_32_32,hybrid_all,2,AMX_A_load,0.00500679016113,17,0,controlled
bipartite_spread,128_32_32,hybrid_all,2,AMX_B_load,0.00309944152832,17,0,controlled
bipartite_spread,128_32_32,hybrid_all,2,AMX_compute,0.0505447387695,17,0,controlled
bipartite_spread,128_32_32,hybrid_all,2,C_store,0,17,0,controlled
bipartite_spread,128_32_32,hybrid_all,2,hot_cold_merge,0.00667572021484,272,0,controlled
bipartite_spread,128_32_32,hybrid_all,2,output_scatter,0.00882148742676,272,0,controlled
bipartite_spread,128_32_32,hybrid_all,2,cache_H_gather,0.00238418579102,17,0,controlled
bipartite_spread,128_32_32,hybrid_all,2,cache_Q_store,0.0152587890625,17,0,controlled
bipartite_spread,128_32_32,hybrid_all,2,thread_amx_release,0.00190734863281,64,0,controlled
bipartite_spread,128_32_32,hybrid_all,2,partial_state_load,0.00786781311035,272,0,controlled
bipartite_spread,128_32_32,project_all,1,thread_amx_setup,0.0433921813965,64,0,controlled
bipartite_spread,128_32_32,project_all,1,row_metadata,0.00381469726562,17,0,controlled
bipartite_spread,128_32_32,project_all,1,partial_init,0.000953674316406,17,0,controlled
bipartite_spread,128_32_32,project_all,1,csr_index,0.456809997559,17408,0,controlled
bipartite_spread,128_32_32,project_all,1,cache_membership,0,0,0,controlled
bipartite_spread,128_32_32,project_all,1,prefetch,0.456571578979,17408,0,controlled
bipartite_spread,128_32_32,project_all,1,BF16_H_load,0,0,0,controlled
bipartite_spread,128_32_32,project_all,1,BF16_decode,0,0,0,controlled
bipartite_spread,128_32_32,project_all,1,cold_FP32_reduce,0,0,0,controlled
bipartite_spread,128_32_32,project_all,1,FP32_Q_load,0.476121902466,17408,0,controlled
bipartite_spread,128_32_32,project_all,1,hot_FP32_reduce,0.470638275146,17408,0,controlled
bipartite_spread,128_32_32,project_all,1,partial_state_store,0.00691413879395,272,0,controlled
bipartite_spread,128_32_32,project_all,1,partial_hi_pack,0,0,0,controlled
bipartite_spread,128_32_32,project_all,1,partial_lo_pack,0,0,0,controlled
bipartite_spread,128_32_32,project_all,1,AMX_A_load,0.00381469726562,68,0,controlled
bipartite_spread,128_32_32,project_all,1,AMX_B_load,0.00500679016113,68,0,controlled
bipartite_spread,128_32_32,project_all,1,AMX_compute,0.0605583190918,68,0,controlled
bipartite_spread,128_32_32,project_all,1,C_store,0.000953674316406,17,0,controlled
bipartite_spread,128_32_32,project_all,1,hot_cold_merge,0.00572204589844,272,0,controlled
bipartite_spread,128_32_32,project_all,1,output_scatter,0.00715255737305,272,0,controlled
bipartite_spread,128_32_32,project_all,1,cache_H_gather,0.00953674316406,17,0,controlled
bipartite_spread,128_32_32,project_all,1,cache_Q_store,0.00715255737305,17,0,controlled
bipartite_spread,128_32_32,project_all,1,thread_amx_release,0.00190734863281,64,0,controlled
bipartite_spread,128_32_32,project_all,1,partial_state_load,0.00476837158203,272,0,controlled
bipartite_spread,128_32_32,project_all,2,thread_amx_setup,0.0302791595459,64,0,controlled
bipartite_spread,128_32_32,project_all,2,row_metadata,0.00619888305664,17,0,controlled
bipartite_spread,128_32_32,project_all,2,partial_init,0,17,0,controlled
bipartite_spread,128_32_32,project_all,2,csr_index,0.436067581177,17408,0,controlled
bipartite_spread,128_32_32,project_all,2,cache_membership,0,0,0,controlled
bipartite_spread,128_32_32,project_all,2,prefetch,0.452280044556,17408,0,controlled
bipartite_spread,128_32_32,project_all,2,BF16_H_load,0,0,0,controlled
bipartite_spread,128_32_32,project_all,2,BF16_decode,0,0,0,controlled
bipartite_spread,128_32_32,project_all,2,cold_FP32_reduce,0,0,0,controlled
bipartite_spread,128_32_32,project_all,2,FP32_Q_load,0.583410263062,17408,0,controlled
bipartite_spread,128_32_32,project_all,2,hot_FP32_reduce,0.458478927612,17408,0,controlled
bipartite_spread,128_32_32,project_all,2,partial_state_store,0.00596046447754,272,0,controlled
bipartite_spread,128_32_32,project_all,2,partial_hi_pack,0,0,0,controlled
bipartite_spread,128_32_32,project_all,2,partial_lo_pack,0,0,0,controlled
bipartite_spread,128_32_32,project_all,2,AMX_A_load,0.000953674316406,17,0,controlled
bipartite_spread,128_32_32,project_all,2,AMX_B_load,0.00643730163574,17,0,controlled
bipartite_spread,128_32_32,project_all,2,AMX_compute,0.0495910644531,17,0,controlled
bipartite_spread,128_32_32,project_all,2,C_store,0.00190734863281,17,0,controlled
bipartite_spread,128_32_32,project_all,2,hot_cold_merge,0.00977516174316,272,0,controlled
bipartite_spread,128_32_32,project_all,2,output_scatter,0.00715255737305,272,0,controlled
bipartite_spread,128_32_32,project_all,2,cache_H_gather,0.00381469726562,17,0,controlled
bipartite_spread,128_32_32,project_all,2,cache_Q_store,0.00691413879395,17,0,controlled
bipartite_spread,128_32_32,project_all,2,thread_amx_release,0.00548362731934,64,0,controlled
bipartite_spread,128_32_32,project_all,2,partial_state_load,0.00596046447754,272,0,controlled
bipartite_spread,128_32_32,project_used,1,thread_amx_setup,0.046968460083,64,0,controlled
bipartite_spread,128_32_32,project_used,1,row_metadata,0.00572204589844,17,0,controlled
bipartite_spread,128_32_32,project_used,1,partial_init,0.00190734863281,17,0,controlled
bipartite_spread,128_32_32,project_used,1,csr_index,0.422954559326,17408,0,controlled
bipartite_spread,128_32_32,project_used,1,cache_membership,0.447034835815,17408,0,controlled
bipartite_spread,128_32_32,project_used,1,prefetch,0.504016876221,17408,0,controlled
bipartite_spread,128_32_32,project_used,1,BF16_H_load,0,0,0,controlled
bipartite_spread,128_32_32,project_used,1,BF16_decode,0,0,0,controlled
bipartite_spread,128_32_32,project_used,1,cold_FP32_reduce,0,0,0,controlled
bipartite_spread,128_32_32,project_used,1,FP32_Q_load,0.4723072052,17408,0,controlled
bipartite_spread,128_32_32,project_used,1,hot_FP32_reduce,0.46443939209,17408,0,controlled
bipartite_spread,128_32_32,project_used,1,partial_state_store,0.0123977661133,272,0,controlled
bipartite_spread,128_32_32,project_used,1,partial_hi_pack,0,0,0,controlled
bipartite_spread,128_32_32,project_used,1,partial_lo_pack,0,0,0,controlled
bipartite_spread,128_32_32,project_used,1,AMX_A_load,0.00190734863281,68,0,controlled
bipartite_spread,128_32_32,project_used,1,AMX_B_load,0.00977516174316,68,0,controlled
bipartite_spread,128_32_32,project_used,1,AMX_compute,0.0541210174561,68,0,controlled
bipartite_spread,128_32_32,project_used,1,C_store,0.000953674316406,17,0,controlled
bipartite_spread,128_32_32,project_used,1,hot_cold_merge,0.00810623168945,272,0,controlled
bipartite_spread,128_32_32,project_used,1,output_scatter,0.00619888305664,272,0,controlled
bipartite_spread,128_32_32,project_used,1,cache_H_gather,0.00667572021484,17,0,controlled
bipartite_spread,128_32_32,project_used,1,cache_Q_store,0.00691413879395,17,0,controlled
bipartite_spread,128_32_32,project_used,1,thread_amx_release,0.00214576721191,64,0,controlled
bipartite_spread,128_32_32,project_used,1,partial_state_load,0.00548362731934,272,0,controlled
bipartite_spread,128_32_32,project_used,2,thread_amx_setup,0.0500679016113,64,0,controlled
bipartite_spread,128_32_32,project_used,2,row_metadata,0.00715255737305,17,0,controlled
bipartite_spread,128_32_32,project_used,2,partial_init,0.00190734863281,17,0,controlled
bipartite_spread,128_32_32,project_used,2,csr_index,0.43511390686,17408,0,controlled
bipartite_spread,128_32_32,project_used,2,cache_membership,0.419616699219,17408,0,controlled
bipartite_spread,128_32_32,project_used,2,prefetch,0.521659851074,17408,0,controlled
bipartite_spread,128_32_32,project_used,2,BF16_H_load,0,0,0,controlled
bipartite_spread,128_32_32,project_used,2,BF16_decode,0,0,0,controlled
bipartite_spread,128_32_32,project_used,2,cold_FP32_reduce,0,0,0,controlled
bipartite_spread,128_32_32,project_used,2,FP32_Q_load,0.44846534729,17408,0,controlled
bipartite_spread,128_32_32,project_used,2,hot_FP32_reduce,0.495910644531,17408,0,controlled
bipartite_spread,128_32_32,project_used,2,partial_state_store,0.00381469726562,272,0,controlled
bipartite_spread,128_32_32,project_used,2,partial_hi_pack,0,0,0,controlled
bipartite_spread,128_32_32,project_used,2,partial_lo_pack,0,0,0,controlled
bipartite_spread,128_32_32,project_used,2,AMX_A_load,0,17,0,controlled
bipartite_spread,128_32_32,project_used,2,AMX_B_load,0.00190734863281,17,0,controlled
bipartite_spread,128_32_32,project_used,2,AMX_compute,0.0522136688232,17,0,controlled
bipartite_spread,128_32_32,project_used,2,C_store,0.00119209289551,17,0,controlled
bipartite_spread,128_32_32,project_used,2,hot_cold_merge,0.00596046447754,272,0,controlled
bipartite_spread,128_32_32,project_used,2,output_scatter,0.00786781311035,272,0,controlled
bipartite_spread,128_32_32,project_used,2,cache_H_gather,0.00381469726562,17,0,controlled
bipartite_spread,128_32_32,project_used,2,cache_Q_store,0.00476837158203,17,0,controlled
bipartite_spread,128_32_32,project_used,2,thread_amx_release,0.00500679016113,64,0,controlled
bipartite_spread,128_32_32,project_used,2,partial_state_load,0.00691413879395,272,0,controlled
bipartite_spread,128_32_32,project_used_L1_full_L2,1,thread_amx_setup,0.0514984130859,64,0,controlled
bipartite_spread,128_32_32,project_used_L1_full_L2,1,row_metadata,0.000953674316406,17,0,controlled
bipartite_spread,128_32_32,project_used_L1_full_L2,1,partial_init,0,17,0,controlled
bipartite_spread,128_32_32,project_used_L1_full_L2,1,csr_index,0.447750091553,17408,0,controlled
bipartite_spread,128_32_32,project_used_L1_full_L2,1,cache_membership,0.475645065308,17408,0,controlled
bipartite_spread,128_32_32,project_used_L1_full_L2,1,prefetch,0.475645065308,17408,0,controlled
bipartite_spread,128_32_32,project_used_L1_full_L2,1,BF16_H_load,0,0,0,controlled
bipartite_spread,128_32_32,project_used_L1_full_L2,1,BF16_decode,0,0,0,controlled
bipartite_spread,128_32_32,project_used_L1_full_L2,1,cold_FP32_reduce,0,0,0,controlled
bipartite_spread,128_32_32,project_used_L1_full_L2,1,FP32_Q_load,0.446319580078,17408,0,controlled
bipartite_spread,128_32_32,project_used_L1_full_L2,1,hot_FP32_reduce,0.460386276245,17408,0,controlled
bipartite_spread,128_32_32,project_used_L1_full_L2,1,partial_state_store,0.00596046447754,272,0,controlled
bipartite_spread,128_32_32,project_used_L1_full_L2,1,partial_hi_pack,0,0,0,controlled
bipartite_spread,128_32_32,project_used_L1_full_L2,1,partial_lo_pack,0,0,0,controlled
bipartite_spread,128_32_32,project_used_L1_full_L2,1,AMX_A_load,0.00286102294922,68,0,controlled
bipartite_spread,128_32_32,project_used_L1_full_L2,1,AMX_B_load,0.00381469726562,68,0,controlled
bipartite_spread,128_32_32,project_used_L1_full_L2,1,AMX_compute,0.0588893890381,68,0,controlled
bipartite_spread,128_32_32,project_used_L1_full_L2,1,C_store,0.00190734863281,17,0,controlled
bipartite_spread,128_32_32,project_used_L1_full_L2,1,hot_cold_merge,0.00429153442383,272,0,controlled
bipartite_spread,128_32_32,project_used_L1_full_L2,1,output_scatter,0.00786781311035,272,0,controlled
bipartite_spread,128_32_32,project_used_L1_full_L2,1,cache_H_gather,0.00572204589844,17,0,controlled
bipartite_spread,128_32_32,project_used_L1_full_L2,1,cache_Q_store,0.00500679016113,17,0,controlled
bipartite_spread,128_32_32,project_used_L1_full_L2,1,thread_amx_release,0.00429153442383,64,0,controlled
bipartite_spread,128_32_32,project_used_L1_full_L2,1,partial_state_load,0.00905990600586,272,0,controlled
bipartite_spread,128_32_32,project_used_L1_full_L2,2,thread_amx_setup,0.0283718109131,32,0,controlled
bipartite_spread,128_32_32,project_used_L1_full_L2,2,row_metadata,0.00572204589844,17,0,controlled
bipartite_spread,128_32_32,project_used_L1_full_L2,2,partial_init,0.000953674316406,17,0,controlled
bipartite_spread,128_32_32,project_used_L1_full_L2,2,csr_index,0.463485717773,17408,0,controlled
bipartite_spread,128_32_32,project_used_L1_full_L2,2,cache_membership,0,0,0,controlled
bipartite_spread,128_32_32,project_used_L1_full_L2,2,prefetch,0.48041343689,17408,0,controlled
bipartite_spread,128_32_32,project_used_L1_full_L2,2,BF16_H_load,0.495672225952,17408,0,controlled
bipartite_spread,128_32_32,project_used_L1_full_L2,2,BF16_decode,0.502824783325,17408,0,controlled
bipartite_spread,128_32_32,project_used_L1_full_L2,2,cold_FP32_reduce,0.450849533081,17408,0,controlled
bipartite_spread,128_32_32,project_used_L1_full_L2,2,FP32_Q_load,0,0,0,controlled
bipartite_spread,128_32_32,project_used_L1_full_L2,2,hot_FP32_reduce,0,0,0,controlled
bipartite_spread,128_32_32,project_used_L1_full_L2,2,partial_state_store,0.00500679016113,272,0,controlled
bipartite_spread,128_32_32,project_used_L1_full_L2,2,partial_hi_pack,0.018835067749,544,0,controlled
bipartite_spread,128_32_32,project_used_L1_full_L2,2,partial_lo_pack,0.0371932983398,544,0,controlled
bipartite_spread,128_32_32,project_used_L1_full_L2,2,AMX_A_load,0.00500679016113,34,0,controlled
bipartite_spread,128_32_32,project_used_L1_full_L2,2,AMX_B_load,0.00190734863281,34,0,controlled
bipartite_spread,128_32_32,project_used_L1_full_L2,2,AMX_compute,0.0357627868652,34,0,controlled
bipartite_spread,128_32_32,project_used_L1_full_L2,2,C_store,0,17,0,controlled
bipartite_spread,128_32_32,project_used_L1_full_L2,2,hot_cold_merge,0,0,0,controlled
bipartite_spread,128_32_32,project_used_L1_full_L2,2,output_scatter,0.0114440917969,272,0,controlled
bipartite_spread,128_32_32,project_used_L1_full_L2,2,cache_H_gather,0,0,0,controlled
bipartite_spread,128_32_32,project_used_L1_full_L2,2,cache_Q_store,0,0,0,controlled
bipartite_spread,128_32_32,project_used_L1_full_L2,2,thread_amx_release,0.00190734863281,32,0,controlled
bipartite_spread,128_32_32,project_used_L1_full_L2,2,partial_state_load,0.00667572021484,272,0,controlled
bipartite_spread,128_128_128,fused_full_accurate,1,thread_amx_setup,0.0410079956055,32,0,controlled
bipartite_spread,128_128_128,fused_full_accurate,1,row_metadata,0.00691413879395,17,0,controlled
bipartite_spread,128_128_128,fused_full_accurate,1,partial_init,0.00619888305664,17,0,controlled
bipartite_spread,128_128_128,fused_full_accurate,1,csr_index,0.454664230347,17408,0,controlled
bipartite_spread,128_128_128,fused_full_accurate,1,cache_membership,0,0,0,controlled
bipartite_spread,128_128_128,fused_full_accurate,1,prefetch,0.520467758179,17408,0,controlled
bipartite_spread,128_128_128,fused_full_accurate,1,BF16_H_load,0.520706176758,17408,0,controlled
bipartite_spread,128_128_128,fused_full_accurate,1,BF16_decode,0.529527664185,17408,0,controlled
bipartite_spread,128_128_128,fused_full_accurate,1,cold_FP32_reduce,0.487565994263,17408,0,controlled
bipartite_spread,128_128_128,fused_full_accurate,1,FP32_Q_load,0,0,0,controlled
bipartite_spread,128_128_128,fused_full_accurate,1,hot_FP32_reduce,0,0,0,controlled
bipartite_spread,128_128_128,fused_full_accurate,1,partial_state_store,0.00667572021484,272,0,controlled
bipartite_spread,128_128_128,fused_full_accurate,1,partial_hi_pack,0.0605583190918,2176,0,controlled
bipartite_spread,128_128_128,fused_full_accurate,1,partial_lo_pack,0.0605583190918,2176,0,controlled
bipartite_spread,128_128_128,fused_full_accurate,1,AMX_A_load,0.0102519989014,272,0,controlled
bipartite_spread,128_128_128,fused_full_accurate,1,AMX_B_load,0.0340938568115,544,0,controlled
bipartite_spread,128_128_128,fused_full_accurate,1,AMX_compute,0.0326633453369,544,0,controlled
bipartite_spread,128_128_128,fused_full_accurate,1,C_store,0.00286102294922,34,0,controlled
bipartite_spread,128_128_128,fused_full_accurate,1,hot_cold_merge,0,0,0,controlled
bipartite_spread,128_128_128,fused_full_accurate,1,output_scatter,0.0135898590088,272,0,controlled
bipartite_spread,128_128_128,fused_full_accurate,1,cache_H_gather,0,0,0,controlled
bipartite_spread,128_128_128,fused_full_accurate,1,cache_Q_store,0,0,0,controlled
bipartite_spread,128_128_128,fused_full_accurate,1,thread_amx_release,0.00286102294922,32,0,controlled
bipartite_spread,128_128_128,fused_full_accurate,1,partial_state_load,0.00834465026855,272,0,controlled
bipartite_spread,128_128_128,fused_full_accurate,2,thread_amx_setup,0.02121925354,32,0,controlled
bipartite_spread,128_128_128,fused_full_accurate,2,row_metadata,0.00381469726562,17,0,controlled
bipartite_spread,128_128_128,fused_full_accurate,2,partial_init,0.00810623168945,17,0,controlled
bipartite_spread,128_128_128,fused_full_accurate,2,csr_index,1.6016960144,17408,0,controlled
bipartite_spread,128_128_128,fused_full_accurate,2,cache_membership,0,0,0,controlled
bipartite_spread,128_128_128,fused_full_accurate,2,prefetch,0.489234924316,17408,0,controlled
bipartite_spread,128_128_128,fused_full_accurate,2,BF16_H_load,0.521898269653,17408,0,controlled
bipartite_spread,128_128_128,fused_full_accurate,2,BF16_decode,0.570297241211,17408,0,controlled
bipartite_spread,128_128_128,fused_full_accurate,2,cold_FP32_reduce,0.471830368042,17408,0,controlled
bipartite_spread,128_128_128,fused_full_accurate,2,FP32_Q_load,0,0,0,controlled
bipartite_spread,128_128_128,fused_full_accurate,2,hot_FP32_reduce,0,0,0,controlled
bipartite_spread,128_128_128,fused_full_accurate,2,partial_state_store,0.00619888305664,272,0,controlled
bipartite_spread,128_128_128,fused_full_accurate,2,partial_hi_pack,0.0617504119873,2176,0,controlled
bipartite_spread,128_128_128,fused_full_accurate,2,partial_lo_pack,0.0691413879395,2176,0,controlled
bipartite_spread,128_128_128,fused_full_accurate,2,AMX_A_load,0.00190734863281,272,0,controlled
bipartite_spread,128_128_128,fused_full_accurate,2,AMX_B_load,0.0283718109131,544,0,controlled
bipartite_spread,128_128_128,fused_full_accurate,2,AMX_compute,0.0302791595459,544,0,controlled
bipartite_spread,128_128_128,fused_full_accurate,2,C_store,0.00214576721191,34,0,controlled
bipartite_spread,128_128_128,fused_full_accurate,2,hot_cold_merge,0,0,0,controlled
bipartite_spread,128_128_128,fused_full_accurate,2,output_scatter,0.00715255737305,272,0,controlled
bipartite_spread,128_128_128,fused_full_accurate,2,cache_H_gather,0,0,0,controlled
bipartite_spread,128_128_128,fused_full_accurate,2,cache_Q_store,0,0,0,controlled
bipartite_spread,128_128_128,fused_full_accurate,2,thread_amx_release,0.00119209289551,32,0,controlled
bipartite_spread,128_128_128,fused_full_accurate,2,partial_state_load,0.0100135803223,272,0,controlled
bipartite_spread,128_128_128,hybrid_none,1,thread_amx_setup,0.915288925171,32,0,controlled
bipartite_spread,128_128_128,hybrid_none,1,row_metadata,0.00953674316406,17,0,controlled
bipartite_spread,128_128_128,hybrid_none,1,partial_init,0.00691413879395,17,0,controlled
bipartite_spread,128_128_128,hybrid_none,1,csr_index,0.447988510132,17408,0,controlled
bipartite_spread,128_128_128,hybrid_none,1,cache_membership,0.430107116699,17408,0,controlled
bipartite_spread,128_128_128,hybrid_none,1,prefetch,0.743865966797,17408,0,controlled
bipartite_spread,128_128_128,hybrid_none,1,BF16_H_load,0.532388687134,17408,0,controlled
bipartite_spread,128_128_128,hybrid_none,1,BF16_decode,0.457048416138,17408,0,controlled
bipartite_spread,128_128_128,hybrid_none,1,cold_FP32_reduce,0.542879104614,17408,0,controlled
bipartite_spread,128_128_128,hybrid_none,1,FP32_Q_load,0,0,0,controlled
bipartite_spread,128_128_128,hybrid_none,1,hot_FP32_reduce,0,0,0,controlled
bipartite_spread,128_128_128,hybrid_none,1,partial_state_store,0.0131130218506,272,0,controlled
bipartite_spread,128_128_128,hybrid_none,1,partial_hi_pack,0.0600814819336,2176,0,controlled
bipartite_spread,128_128_128,hybrid_none,1,partial_lo_pack,0.0605583190918,2176,0,controlled
bipartite_spread,128_128_128,hybrid_none,1,AMX_A_load,0.0107288360596,272,0,controlled
bipartite_spread,128_128_128,hybrid_none,1,AMX_B_load,0.0298023223877,544,0,controlled
bipartite_spread,128_128_128,hybrid_none,1,AMX_compute,0.0483989715576,544,0,controlled
bipartite_spread,128_128_128,hybrid_none,1,C_store,0.000953674316406,34,0,controlled
bipartite_spread,128_128_128,hybrid_none,1,hot_cold_merge,0.00572204589844,272,0,controlled
bipartite_spread,128_128_128,hybrid_none,1,output_scatter,0.0104904174805,272,0,controlled
bipartite_spread,128_128_128,hybrid_none,1,cache_H_gather,0,0,0,controlled
bipartite_spread,128_128_128,hybrid_none,1,cache_Q_store,0,0,0,controlled
bipartite_spread,128_128_128,hybrid_none,1,thread_amx_release,0.00286102294922,32,0,controlled
bipartite_spread,128_128_128,hybrid_none,1,partial_state_load,0.00810623168945,272,0,controlled
bipartite_spread,128_128_128,hybrid_none,2,thread_amx_setup,0.0247955322266,32,0,controlled
bipartite_spread,128_128_128,hybrid_none,2,row_metadata,0.00381469726562,17,0,controlled
bipartite_spread,128_128_128,hybrid_none,2,partial_init,0.011682510376,17,0,controlled
bipartite_spread,128_128_128,hybrid_none,2,csr_index,0.504016876221,17408,0,controlled
bipartite_spread,128_128_128,hybrid_none,2,cache_membership,0.454187393188,17408,0,controlled
bipartite_spread,128_128_128,hybrid_none,2,prefetch,0.729322433472,17408,0,controlled
bipartite_spread,128_128_128,hybrid_none,2,BF16_H_load,0.479221343994,17408,0,controlled
bipartite_spread,128_128_128,hybrid_none,2,BF16_decode,0.458002090454,17408,0,controlled
bipartite_spread,128_128_128,hybrid_none,2,cold_FP32_reduce,0.587224960327,17408,0,controlled
bipartite_spread,128_128_128,hybrid_none,2,FP32_Q_load,0,0,0,controlled
bipartite_spread,128_128_128,hybrid_none,2,hot_FP32_reduce,0,0,0,controlled
bipartite_spread,128_128_128,hybrid_none,2,partial_state_store,0.00596046447754,272,0,controlled
bipartite_spread,128_128_128,hybrid_none,2,partial_hi_pack,0.0507831573486,2176,0,controlled
bipartite_spread,128_128_128,hybrid_none,2,partial_lo_pack,0.0627040863037,2176,0,controlled
bipartite_spread,128_128_128,hybrid_none,2,AMX_A_load,0.00190734863281,272,0,controlled
bipartite_spread,128_128_128,hybrid_none,2,AMX_B_load,0.0343322753906,544,0,controlled
bipartite_spread,128_128_128,hybrid_none,2,AMX_compute,0.0433921813965,544,0,controlled
bipartite_spread,128_128_128,hybrid_none,2,C_store,0.00190734863281,34,0,controlled
bipartite_spread,128_128_128,hybrid_none,2,hot_cold_merge,0.00882148742676,272,0,controlled
bipartite_spread,128_128_128,hybrid_none,2,output_scatter,0.00786781311035,272,0,controlled
bipartite_spread,128_128_128,hybrid_none,2,cache_H_gather,0,0,0,controlled
bipartite_spread,128_128_128,hybrid_none,2,cache_Q_store,0,0,0,controlled
bipartite_spread,128_128_128,hybrid_none,2,thread_amx_release,0.00429153442383,32,0,controlled
bipartite_spread,128_128_128,hybrid_none,2,partial_state_load,0.00286102294922,272,0,controlled
bipartite_spread,128_128_128,top_1_64,1,thread_amx_setup,0.0457763671875,64,0,controlled
bipartite_spread,128_128_128,top_1_64,1,row_metadata,0.00333786010742,17,0,controlled
bipartite_spread,128_128_128,top_1_64,1,partial_init,0.0154972076416,17,0,controlled
bipartite_spread,128_128_128,top_1_64,1,csr_index,0.486850738525,17408,0,controlled
bipartite_spread,128_128_128,top_1_64,1,cache_membership,0.459909439087,17408,0,controlled
bipartite_spread,128_128_128,top_1_64,1,prefetch,0.835180282593,17408,0,controlled
bipartite_spread,128_128_128,top_1_64,1,BF16_H_load,0.453233718872,17152,0,controlled
bipartite_spread,128_128_128,top_1_64,1,BF16_decode,0.472784042358,17152,0,controlled
bipartite_spread,128_128_128,top_1_64,1,cold_FP32_reduce,0.549554824829,17152,0,controlled
bipartite_spread,128_128_128,top_1_64,1,FP32_Q_load,0.0150203704834,256,0,controlled
bipartite_spread,128_128_128,top_1_64,1,hot_FP32_reduce,0.00405311584473,256,0,controlled
bipartite_spread,128_128_128,top_1_64,1,partial_state_store,0.00405311584473,272,0,controlled
bipartite_spread,128_128_128,top_1_64,1,partial_hi_pack,0.0648498535156,2176,0,controlled
bipartite_spread,128_128_128,top_1_64,1,partial_lo_pack,0.058650970459,2176,0,controlled
bipartite_spread,128_128_128,top_1_64,1,AMX_A_load,0.0102519989014,288,0,controlled
bipartite_spread,128_128_128,top_1_64,1,AMX_B_load,0.0224113464355,576,0,controlled
bipartite_spread,128_128_128,top_1_64,1,AMX_compute,0.046968460083,576,0,controlled
bipartite_spread,128_128_128,top_1_64,1,C_store,0.000953674316406,38,0,controlled
bipartite_spread,128_128_128,top_1_64,1,hot_cold_merge,0.0109672546387,272,0,controlled
bipartite_spread,128_128_128,top_1_64,1,output_scatter,0.00953674316406,272,0,controlled
bipartite_spread,128_128_128,top_1_64,1,cache_H_gather,0.000953674316406,2,0,controlled
bipartite_spread,128_128_128,top_1_64,1,cache_Q_store,0.00190734863281,2,0,controlled
bipartite_spread,128_128_128,top_1_64,1,thread_amx_release,0.00190734863281,64,0,controlled
bipartite_spread,128_128_128,top_1_64,1,partial_state_load,0.00810623168945,272,0,controlled
bipartite_spread,128_128_128,top_1_64,2,thread_amx_setup,0.0441074371338,64,0,controlled
bipartite_spread,128_128_128,top_1_64,2,row_metadata,0.000953674316406,17,0,controlled
bipartite_spread,128_128_128,top_1_64,2,partial_init,0.00381469726562,17,0,controlled
bipartite_spread,128_128_128,top_1_64,2,csr_index,0.463247299194,17408,0,controlled
bipartite_spread,128_128_128,top_1_64,2,cache_membership,0.505924224854,17408,0,controlled
bipartite_spread,128_128_128,top_1_64,2,prefetch,0.73504447937,17408,0,controlled
bipartite_spread,128_128_128,top_1_64,2,BF16_H_load,0.503063201904,17152,0,controlled
bipartite_spread,128_128_128,top_1_64,2,BF16_decode,0.468254089355,17152,0,controlled
bipartite_spread,128_128_128,top_1_64,2,cold_FP32_reduce,0.59700012207,17152,0,controlled
bipartite_spread,128_128_128,top_1_64,2,FP32_Q_load,0.00500679016113,256,0,controlled
bipartite_spread,128_128_128,top_1_64,2,hot_FP32_reduce,0.00524520874023,256,0,controlled
bipartite_spread,128_128_128,top_1_64,2,partial_state_store,0.00691413879395,272,0,controlled
bipartite_spread,128_128_128,top_1_64,2,partial_hi_pack,0.0700950622559,2176,0,controlled
bipartite_spread,128_128_128,top_1_64,2,partial_lo_pack,0.0650882720947,2176,0,controlled
bipartite_spread,128_128_128,top_1_64,2,AMX_A_load,0.0114440917969,288,0,controlled
bipartite_spread,128_128_128,top_1_64,2,AMX_B_load,0.0228881835938,576,0,controlled
bipartite_spread,128_128_128,top_1_64,2,AMX_compute,0.0500679016113,576,0,controlled
bipartite_spread,128_128_128,top_1_64,2,C_store,0.00190734863281,38,0,controlled
bipartite_spread,128_128_128,top_1_64,2,hot_cold_merge,0.00715255737305,272,0,controlled
bipartite_spread,128_128_128,top_1_64,2,output_scatter,0.0126361846924,272,0,controlled
bipartite_spread,128_128_128,top_1_64,2,cache_H_gather,0.00190734863281,2,0,controlled
bipartite_spread,128_128_128,top_1_64,2,cache_Q_store,0.00190734863281,2,0,controlled
bipartite_spread,128_128_128,top_1_64,2,thread_amx_release,0,64,0,controlled
bipartite_spread,128_128_128,top_1_64,2,partial_state_load,0.00953674316406,272,0,controlled
bipartite_spread,128_128_128,top_1_16,1,thread_amx_setup,0.0417232513428,64,0,controlled
bipartite_spread,128_128_128,top_1_16,1,row_metadata,0.00715255737305,17,0,controlled
bipartite_spread,128_128_128,top_1_16,1,partial_init,0.00905990600586,17,0,controlled
bipartite_spread,128_128_128,top_1_16,1,csr_index,0.42986869812,17408,0,controlled
bipartite_spread,128_128_128,top_1_16,1,cache_membership,0.483989715576,17408,0,controlled
bipartite_spread,128_128_128,top_1_16,1,prefetch,0.787258148193,17408,0,controlled
bipartite_spread,128_128_128,top_1_16,1,BF16_H_load,0.47492980957,16376,0,controlled
bipartite_spread,128_128_128,top_1_16,1,BF16_decode,0.421524047852,16376,0,controlled
bipartite_spread,128_128_128,top_1_16,1,cold_FP32_reduce,0.547885894775,16376,0,controlled
bipartite_spread,128_128_128,top_1_16,1,FP32_Q_load,0.032901763916,1032,0,controlled
bipartite_spread,128_128_128,top_1_16,1,hot_FP32_reduce,0.0331401824951,1032,0,controlled
bipartite_spread,128_128_128,top_1_16,1,partial_state_store,0.00810623168945,272,0,controlled
bipartite_spread,128_128_128,top_1_16,1,partial_hi_pack,0.0631809234619,2176,0,controlled
bipartite_spread,128_128_128,top_1_16,1,partial_lo_pack,0.0605583190918,2176,0,controlled
bipartite_spread,128_128_128,top_1_16,1,AMX_A_load,0.0119209289551,288,0,controlled
bipartite_spread,128_128_128,top_1_16,1,AMX_B_load,0.0181198120117,576,0,controlled
bipartite_spread,128_128_128,top_1_16,1,AMX_compute,0.0426769256592,576,0,controlled
bipartite_spread,128_128_128,top_1_16,1,C_store,0,38,0,controlled
bipartite_spread,128_128_128,top_1_16,1,hot_cold_merge,0.00715255737305,272,0,controlled
bipartite_spread,128_128_128,top_1_16,1,output_scatter,0.00882148742676,272,0,controlled
bipartite_spread,128_128_128,top_1_16,1,cache_H_gather,0.00190734863281,2,0,controlled
bipartite_spread,128_128_128,top_1_16,1,cache_Q_store,0.00691413879395,2,0,controlled
bipartite_spread,128_128_128,top_1_16,1,thread_amx_release,0.00309944152832,64,0,controlled
bipartite_spread,128_128_128,top_1_16,1,partial_state_load,0.011682510376,272,0,controlled
bipartite_spread,128_128_128,top_1_16,2,thread_amx_setup,0.0400543212891,64,0,controlled
bipartite_spread,128_128_128,top_1_16,2,row_metadata,0.00238418579102,17,0,controlled
bipartite_spread,128_128_128,top_1_16,2,partial_init,0.0169277191162,17,0,controlled
bipartite_spread,128_128_128,top_1_16,2,csr_index,0.498533248901,17408,0,controlled
bipartite_spread,128_128_128,top_1_16,2,cache_membership,0.556468963623,17408,0,controlled
bipartite_spread,128_128_128,top_1_16,2,prefetch,0.803470611572,17408,0,controlled
bipartite_spread,128_128_128,top_1_16,2,BF16_H_load,0.500202178955,16376,0,controlled
bipartite_spread,128_128_128,top_1_16,2,BF16_decode,0.475883483887,16376,0,controlled
bipartite_spread,128_128_128,top_1_16,2,cold_FP32_reduce,0.531673431396,16376,0,controlled
bipartite_spread,128_128_128,top_1_16,2,FP32_Q_load,0.0400543212891,1032,0,controlled
bipartite_spread,128_128_128,top_1_16,2,hot_FP32_reduce,0.0228881835938,1032,0,controlled
bipartite_spread,128_128_128,top_1_16,2,partial_state_store,0.00619888305664,272,0,controlled
bipartite_spread,128_128_128,top_1_16,2,partial_hi_pack,0.0700950622559,2176,0,controlled
bipartite_spread,128_128_128,top_1_16,2,partial_lo_pack,0.0693798065186,2176,0,controlled
bipartite_spread,128_128_128,top_1_16,2,AMX_A_load,0.00596046447754,288,0,controlled
bipartite_spread,128_128_128,top_1_16,2,AMX_B_load,0.0247955322266,576,0,controlled
bipartite_spread,128_128_128,top_1_16,2,AMX_compute,0.0526905059814,576,0,controlled
bipartite_spread,128_128_128,top_1_16,2,C_store,0,38,0,controlled
bipartite_spread,128_128_128,top_1_16,2,hot_cold_merge,0.00739097595215,272,0,controlled
bipartite_spread,128_128_128,top_1_16,2,output_scatter,0.00500679016113,272,0,controlled
bipartite_spread,128_128_128,top_1_16,2,cache_H_gather,0.00190734863281,2,0,controlled
bipartite_spread,128_128_128,top_1_16,2,cache_Q_store,0.00882148742676,2,0,controlled
bipartite_spread,128_128_128,top_1_16,2,thread_amx_release,0.00309944152832,64,0,controlled
bipartite_spread,128_128_128,top_1_16,2,partial_state_load,0.0152587890625,272,0,controlled
bipartite_spread,128_128_128,top_1_4,1,thread_amx_setup,0.0479221343994,64,0,controlled
bipartite_spread,128_128_128,top_1_4,1,row_metadata,0.00762939453125,17,0,controlled
bipartite_spread,128_128_128,top_1_4,1,partial_init,0.00667572021484,17,0,controlled
bipartite_spread,128_128_128,top_1_4,1,csr_index,0.473260879517,17408,0,controlled
bipartite_spread,128_128_128,top_1_4,1,cache_membership,0.422239303589,17408,0,controlled
bipartite_spread,128_128_128,top_1_4,1,prefetch,0.804901123047,17408,0,controlled
bipartite_spread,128_128_128,top_1_4,1,BF16_H_load,0.351428985596,13344,0,controlled
bipartite_spread,128_128_128,top_1_4,1,BF16_decode,0.318050384521,13344,0,controlled
bipartite_spread,128_128_128,top_1_4,1,cold_FP32_reduce,0.411987304688,13344,0,controlled
bipartite_spread,128_128_128,top_1_4,1,FP32_Q_load,0.115156173706,4064,0,controlled
bipartite_spread,128_128_128,top_1_4,1,hot_FP32_reduce,0.123500823975,4064,0,controlled
bipartite_spread,128_128_128,top_1_4,1,partial_state_store,0.0147819519043,272,0,controlled
bipartite_spread,128_128_128,top_1_4,1,partial_hi_pack,0.0555515289307,2176,0,controlled
bipartite_spread,128_128_128,top_1_4,1,partial_lo_pack,0.0655651092529,2176,0,controlled
bipartite_spread,128_128_128,top_1_4,1,AMX_A_load,0.00596046447754,312,0,controlled
bipartite_spread,128_128_128,top_1_4,1,AMX_B_load,0.0379085540771,624,0,controlled
bipartite_spread,128_128_128,top_1_4,1,AMX_compute,0.0581741333008,624,0,controlled
bipartite_spread,128_128_128,top_1_4,1,C_store,0.00190734863281,44,0,controlled
bipartite_spread,128_128_128,top_1_4,1,hot_cold_merge,0.0114440917969,272,0,controlled
bipartite_spread,128_128_128,top_1_4,1,output_scatter,0.00405311584473,272,0,controlled
bipartite_spread,128_128_128,top_1_4,1,cache_H_gather,0.00548362731934,5,0,controlled
bipartite_spread,128_128_128,top_1_4,1,cache_Q_store,0.0236034393311,5,0,controlled
bipartite_spread,128_128_128,top_1_4,1,thread_amx_release,0.00405311584473,64,0,controlled
bipartite_spread,128_128_128,top_1_4,1,partial_state_load,0.00476837158203,272,0,controlled
bipartite_spread,128_128_128,top_1_4,2,thread_amx_setup,0.0364780426025,64,0,controlled
bipartite_spread,128_128_128,top_1_4,2,row_metadata,0.00596046447754,17,0,controlled
bipartite_spread,128_128_128,top_1_4,2,partial_init,0.0138282775879,17,0,controlled
bipartite_spread,128_128_128,top_1_4,2,csr_index,0.460863113403,17408,0,controlled
bipartite_spread,128_128_128,top_1_4,2,cache_membership,0.456571578979,17408,0,controlled
bipartite_spread,128_128_128,top_1_4,2,prefetch,0.79345703125,17408,0,controlled
bipartite_spread,128_128_128,top_1_4,2,BF16_H_load,0.391483306885,13344,0,controlled
bipartite_spread,128_128_128,top_1_4,2,BF16_decode,0.365734100342,13344,0,controlled
bipartite_spread,128_128_128,top_1_4,2,cold_FP32_reduce,0.412702560425,13344,0,controlled
bipartite_spread,128_128_128,top_1_4,2,FP32_Q_load,0.127553939819,4064,0,controlled
bipartite_spread,128_128_128,top_1_4,2,hot_FP32_reduce,0.121831893921,4064,0,controlled
bipartite_spread,128_128_128,top_1_4,2,partial_state_store,0.0121593475342,272,0,controlled
bipartite_spread,128_128_128,top_1_4,2,partial_hi_pack,0.0550746917725,2176,0,controlled
bipartite_spread,128_128_128,top_1_4,2,partial_lo_pack,0.0572204589844,2176,0,controlled
bipartite_spread,128_128_128,top_1_4,2,AMX_A_load,0.00905990600586,312,0,controlled
bipartite_spread,128_128_128,top_1_4,2,AMX_B_load,0.0264644622803,624,0,controlled
bipartite_spread,128_128_128,top_1_4,2,AMX_compute,0.0579357147217,624,0,controlled
bipartite_spread,128_128_128,top_1_4,2,C_store,0.00190734863281,44,0,controlled
bipartite_spread,128_128_128,top_1_4,2,hot_cold_merge,0.00739097595215,272,0,controlled
bipartite_spread,128_128_128,top_1_4,2,output_scatter,0.0131130218506,272,0,controlled
bipartite_spread,128_128_128,top_1_4,2,cache_H_gather,0.0100135803223,5,0,controlled
bipartite_spread,128_128_128,top_1_4,2,cache_Q_store,0.0472068786621,5,0,controlled
bipartite_spread,128_128_128,top_1_4,2,thread_amx_release,0.00190734863281,64,0,controlled
bipartite_spread,128_128_128,top_1_4,2,partial_state_load,0.00476837158203,272,0,controlled
bipartite_spread,128_128_128,hybrid_all,1,thread_amx_setup,0.0417232513428,64,0,controlled
bipartite_spread,128_128_128,hybrid_all,1,row_metadata,0.00119209289551,17,0,controlled
bipartite_spread,128_128_128,hybrid_all,1,partial_init,0.0159740447998,17,0,controlled
bipartite_spread,128_128_128,hybrid_all,1,csr_index,0.46443939209,17408,0,controlled
bipartite_spread,128_128_128,hybrid_all,1,cache_membership,0.454902648926,17408,0,controlled
bipartite_spread,128_128_128,hybrid_all,1,prefetch,0.736713409424,17408,0,controlled
bipartite_spread,128_128_128,hybrid_all,1,BF16_H_load,0,0,0,controlled
bipartite_spread,128_128_128,hybrid_all,1,BF16_decode,0,0,0,controlled
bipartite_spread,128_128_128,hybrid_all,1,cold_FP32_reduce,0,0,0,controlled
bipartite_spread,128_128_128,hybrid_all,1,FP32_Q_load,0.516653060913,17408,0,controlled
bipartite_spread,128_128_128,hybrid_all,1,hot_FP32_reduce,0.522375106812,17408,0,controlled
bipartite_spread,128_128_128,hybrid_all,1,partial_state_store,0.00500679016113,272,0,controlled
bipartite_spread,128_128_128,hybrid_all,1,partial_hi_pack,0,0,0,controlled
bipartite_spread,128_128_128,hybrid_all,1,partial_lo_pack,0,0,0,controlled
bipartite_spread,128_128_128,hybrid_all,1,AMX_A_load,0.00309944152832,136,0,controlled
bipartite_spread,128_128_128,hybrid_all,1,AMX_B_load,0.0548362731934,272,0,controlled
bipartite_spread,128_128_128,hybrid_all,1,AMX_compute,0.0598430633545,272,0,controlled
bipartite_spread,128_128_128,hybrid_all,1,C_store,0.000953674316406,34,0,controlled
bipartite_spread,128_128_128,hybrid_all,1,hot_cold_merge,0.0119209289551,272,0,controlled
bipartite_spread,128_128_128,hybrid_all,1,output_scatter,0.00667572021484,272,0,controlled
bipartite_spread,128_128_128,hybrid_all,1,cache_H_gather,0.0147819519043,17,0,controlled
bipartite_spread,128_128_128,hybrid_all,1,cache_Q_store,0.133037567139,17,0,controlled
bipartite_spread,128_128_128,hybrid_all,1,thread_amx_release,0.00500679016113,64,0,controlled
bipartite_spread,128_128_128,hybrid_all,1,partial_state_load,0.00739097595215,272,0,controlled
bipartite_spread,128_128_128,hybrid_all,2,thread_amx_setup,0.0524520874023,64,0,controlled
bipartite_spread,128_128_128,hybrid_all,2,row_metadata,0.00286102294922,17,0,controlled
bipartite_spread,128_128_128,hybrid_all,2,partial_init,0.00858306884766,17,0,controlled
bipartite_spread,128_128_128,hybrid_all,2,csr_index,0.462532043457,17408,0,controlled
bipartite_spread,128_128_128,hybrid_all,2,cache_membership,0.45108795166,17408,0,controlled
bipartite_spread,128_128_128,hybrid_all,2,prefetch,0.812768936157,17408,0,controlled
bipartite_spread,128_128_128,hybrid_all,2,BF16_H_load,0,0,0,controlled
bipartite_spread,128_128_128,hybrid_all,2,BF16_decode,0,0,0,controlled
bipartite_spread,128_128_128,hybrid_all,2,cold_FP32_reduce,0,0,0,controlled
bipartite_spread,128_128_128,hybrid_all,2,FP32_Q_load,0.499963760376,17408,0,controlled
bipartite_spread,128_128_128,hybrid_all,2,hot_FP32_reduce,0.524997711182,17408,0,controlled
bipartite_spread,128_128_128,hybrid_all,2,partial_state_store,0.00810623168945,272,0,controlled
bipartite_spread,128_128_128,hybrid_all,2,partial_hi_pack,0,0,0,controlled
bipartite_spread,128_128_128,hybrid_all,2,partial_lo_pack,0,0,0,controlled
bipartite_spread,128_128_128,hybrid_all,2,AMX_A_load,0.00476837158203,136,0,controlled
bipartite_spread,128_128_128,hybrid_all,2,AMX_B_load,0.0371932983398,272,0,controlled
bipartite_spread,128_128_128,hybrid_all,2,AMX_compute,0.0693798065186,272,0,controlled
bipartite_spread,128_128_128,hybrid_all,2,C_store,0,34,0,controlled
bipartite_spread,128_128_128,hybrid_all,2,hot_cold_merge,0.00596046447754,272,0,controlled
bipartite_spread,128_128_128,hybrid_all,2,output_scatter,0.00715255737305,272,0,controlled
bipartite_spread,128_128_128,hybrid_all,2,cache_H_gather,0.014066696167,17,0,controlled
bipartite_spread,128_128_128,hybrid_all,2,cache_Q_store,0.128269195557,17,0,controlled
bipartite_spread,128_128_128,hybrid_all,2,thread_amx_release,0.00214576721191,64,0,controlled
bipartite_spread,128_128_128,hybrid_all,2,partial_state_load,0.00500679016113,272,0,controlled
bipartite_spread,128_128_128,project_all,1,thread_amx_setup,4.643201828,64,0,controlled
bipartite_spread,128_128_128,project_all,1,row_metadata,0.00548362731934,17,0,controlled
bipartite_spread,128_128_128,project_all,1,partial_init,0.00405311584473,17,0,controlled
bipartite_spread,128_128_128,project_all,1,csr_index,0.449180603027,17408,0,controlled
bipartite_spread,128_128_128,project_all,1,cache_membership,0,0,0,controlled
bipartite_spread,128_128_128,project_all,1,prefetch,0.465154647827,17408,0,controlled
bipartite_spread,128_128_128,project_all,1,BF16_H_load,0,0,0,controlled
bipartite_spread,128_128_128,project_all,1,BF16_decode,0,0,0,controlled
bipartite_spread,128_128_128,project_all,1,cold_FP32_reduce,0,0,0,controlled
bipartite_spread,128_128_128,project_all,1,FP32_Q_load,0.511646270752,17408,0,controlled
bipartite_spread,128_128_128,project_all,1,hot_FP32_reduce,0.4563331604,17408,0,controlled
bipartite_spread,128_128_128,project_all,1,partial_state_store,0.00882148742676,272,0,controlled
bipartite_spread,128_128_128,project_all,1,partial_hi_pack,0,0,0,controlled
bipartite_spread,128_128_128,project_all,1,partial_lo_pack,0,0,0,controlled
bipartite_spread,128_128_128,project_all,1,AMX_A_load,0.00357627868652,136,0,controlled
bipartite_spread,128_128_128,project_all,1,AMX_B_load,0.0336170196533,272,0,controlled
bipartite_spread,128_128_128,project_all,1,AMX_compute,0.237464904785,272,0,controlled
bipartite_spread,128_128_128,project_all,1,C_store,0.000953674316406,34,0,controlled
bipartite_spread,128_128_128,project_all,1,hot_cold_merge,0.00786781311035,272,0,controlled
bipartite_spread,128_128_128,project_all,1,output_scatter,0.0104904174805,272,0,controlled
bipartite_spread,128_128_128,project_all,1,cache_H_gather,0.00953674316406,17,0,controlled
bipartite_spread,128_128_128,project_all,1,cache_Q_store,0.107049942017,17,0,controlled
bipartite_spread,128_128_128,project_all,1,thread_amx_release,0.00286102294922,64,0,controlled
bipartite_spread,128_128_128,project_all,1,partial_state_load,0.0107288360596,272,0,controlled
bipartite_spread,128_128_128,project_all,2,thread_amx_setup,0.0553131103516,64,0,controlled
bipartite_spread,128_128_128,project_all,2,row_metadata,0.000953674316406,17,0,controlled
bipartite_spread,128_128_128,project_all,2,partial_init,0.00691413879395,17,0,controlled
bipartite_spread,128_128_128,project_all,2,csr_index,0.448226928711,17408,0,controlled
bipartite_spread,128_128_128,project_all,2,cache_membership,0,0,0,controlled
bipartite_spread,128_128_128,project_all,2,prefetch,0.467538833618,17408,0,controlled
bipartite_spread,128_128_128,project_all,2,BF16_H_load,0,0,0,controlled
bipartite_spread,128_128_128,project_all,2,BF16_decode,0,0,0,controlled
bipartite_spread,128_128_128,project_all,2,cold_FP32_reduce,0,0,0,controlled
bipartite_spread,128_128_128,project_all,2,FP32_Q_load,0.488996505737,17408,0,controlled
bipartite_spread,128_128_128,project_all,2,hot_FP32_reduce,0.452756881714,17408,0,controlled
bipartite_spread,128_128_128,project_all,2,partial_state_store,0.00739097595215,272,0,controlled
bipartite_spread,128_128_128,project_all,2,partial_hi_pack,0,0,0,controlled
bipartite_spread,128_128_128,project_all,2,partial_lo_pack,0,0,0,controlled
bipartite_spread,128_128_128,project_all,2,AMX_A_load,0.0109672546387,136,0,controlled
bipartite_spread,128_128_128,project_all,2,AMX_B_load,0.0326633453369,272,0,controlled
bipartite_spread,128_128_128,project_all,2,AMX_compute,0.0650882720947,272,0,controlled
bipartite_spread,128_128_128,project_all,2,C_store,0.000953674316406,34,0,controlled
bipartite_spread,128_128_128,project_all,2,hot_cold_merge,0.0100135803223,272,0,controlled
bipartite_spread,128_128_128,project_all,2,output_scatter,0.00953674316406,272,0,controlled
bipartite_spread,128_128_128,project_all,2,cache_H_gather,0.0114440917969,17,0,controlled
bipartite_spread,128_128_128,project_all,2,cache_Q_store,0.105381011963,17,0,controlled
bipartite_spread,128_128_128,project_all,2,thread_amx_release,0.00500679016113,64,0,controlled
bipartite_spread,128_128_128,project_all,2,partial_state_load,1.93667411804,272,0,controlled
bipartite_spread,128_128_128,project_used,1,thread_amx_setup,0.0438690185547,64,0,controlled
bipartite_spread,128_128_128,project_used,1,row_metadata,0.00929832458496,17,0,controlled
bipartite_spread,128_128_128,project_used,1,partial_init,0.00190734863281,17,0,controlled
bipartite_spread,128_128_128,project_used,1,csr_index,0.456571578979,17408,0,controlled
bipartite_spread,128_128_128,project_used,1,cache_membership,0.463008880615,17408,0,controlled
bipartite_spread,128_128_128,project_used,1,prefetch,0.738620758057,17408,0,controlled
bipartite_spread,128_128_128,project_used,1,BF16_H_load,0,0,0,controlled
bipartite_spread,128_128_128,project_used,1,BF16_decode,0,0,0,controlled
bipartite_spread,128_128_128,project_used,1,cold_FP32_reduce,0,0,0,controlled
bipartite_spread,128_128_128,project_used,1,FP32_Q_load,0.521659851074,17408,0,controlled
bipartite_spread,128_128_128,project_used,1,hot_FP32_reduce,0.467538833618,17408,0,controlled
bipartite_spread,128_128_128,project_used,1,partial_state_store,0.00619888305664,272,0,controlled
bipartite_spread,128_128_128,project_used,1,partial_hi_pack,0,0,0,controlled
bipartite_spread,128_128_128,project_used,1,partial_lo_pack,0,0,0,controlled
bipartite_spread,128_128_128,project_used,1,AMX_A_load,0.00476837158203,136,0,controlled
bipartite_spread,128_128_128,project_used,1,AMX_B_load,0.0340938568115,272,0,controlled
bipartite_spread,128_128_128,project_used,1,AMX_compute,0.0710487365723,272,0,controlled
bipartite_spread,128_128_128,project_used,1,C_store,0.00572204589844,34,0,controlled
bipartite_spread,128_128_128,project_used,1,hot_cold_merge,0.00977516174316,272,0,controlled
bipartite_spread,128_128_128,project_used,1,output_scatter,0.00572204589844,272,0,controlled
bipartite_spread,128_128_128,project_used,1,cache_H_gather,0.0123977661133,17,0,controlled
bipartite_spread,128_128_128,project_used,1,cache_Q_store,0.0998973846436,17,0,controlled
bipartite_spread,128_128_128,project_used,1,thread_amx_release,0.00333786010742,64,0,controlled
bipartite_spread,128_128_128,project_used,1,partial_state_load,0.0104904174805,272,0,controlled
bipartite_spread,128_128_128,project_used,2,thread_amx_setup,0.0476837158203,64,0,controlled
bipartite_spread,128_128_128,project_used,2,row_metadata,0.00381469726562,17,0,controlled
bipartite_spread,128_128_128,project_used,2,partial_init,0.00381469726562,17,0,controlled
bipartite_spread,128_128_128,project_used,2,csr_index,0.426292419434,17408,0,controlled
bipartite_spread,128_128_128,project_used,2,cache_membership,0.448226928711,17408,0,controlled
bipartite_spread,128_128_128,project_used,2,prefetch,0.796556472778,17408,0,controlled
bipartite_spread,128_128_128,project_used,2,BF16_H_load,0,0,0,controlled
bipartite_spread,128_128_128,project_used,2,BF16_decode,0,0,0,controlled
bipartite_spread,128_128_128,project_used,2,cold_FP32_reduce,0,0,0,controlled
bipartite_spread,128_128_128,project_used,2,FP32_Q_load,0.486373901367,17408,0,controlled
bipartite_spread,128_128_128,project_used,2,hot_FP32_reduce,0.471353530884,17408,0,controlled
bipartite_spread,128_128_128,project_used,2,partial_state_store,0.014066696167,272,0,controlled
bipartite_spread,128_128_128,project_used,2,partial_hi_pack,0,0,0,controlled
bipartite_spread,128_128_128,project_used,2,partial_lo_pack,0,0,0,controlled
bipartite_spread,128_128_128,project_used,2,AMX_A_load,0.00309944152832,136,0,controlled
bipartite_spread,128_128_128,project_used,2,AMX_B_load,0.0417232513428,272,0,controlled
bipartite_spread,128_128_128,project_used,2,AMX_compute,0.0708103179932,272,0,controlled
bipartite_spread,128_128_128,project_used,2,C_store,0.00452995300293,34,0,controlled
bipartite_spread,128_128_128,project_used,2,hot_cold_merge,0.00977516174316,272,0,controlled
bipartite_spread,128_128_128,project_used,2,output_scatter,0.00405311584473,272,0,controlled
bipartite_spread,128_128_128,project_used,2,cache_H_gather,0.00953674316406,17,0,controlled
bipartite_spread,128_128_128,project_used,2,cache_Q_store,0.12993812561,17,0,controlled
bipartite_spread,128_128_128,project_used,2,thread_amx_release,0.00309944152832,64,0,controlled
bipartite_spread,128_128_128,project_used,2,partial_state_load,0.00381469726562,272,0,controlled
bipartite_spread,128_128_128,project_used_L1_full_L2,1,thread_amx_setup,0.0419616699219,64,0,controlled
bipartite_spread,128_128_128,project_used_L1_full_L2,1,row_metadata,0.00190734863281,17,0,controlled
bipartite_spread,128_128_128,project_used_L1_full_L2,1,partial_init,0.00286102294922,17,0,controlled
bipartite_spread,128_128_128,project_used_L1_full_L2,1,csr_index,0.485897064209,17408,0,controlled
bipartite_spread,128_128_128,project_used_L1_full_L2,1,cache_membership,0.410556793213,17408,0,controlled
bipartite_spread,128_128_128,project_used_L1_full_L2,1,prefetch,0.734567642212,17408,0,controlled
bipartite_spread,128_128_128,project_used_L1_full_L2,1,BF16_H_load,0,0,0,controlled
bipartite_spread,128_128_128,project_used_L1_full_L2,1,BF16_decode,0,0,0,controlled
bipartite_spread,128_128_128,project_used_L1_full_L2,1,cold_FP32_reduce,0,0,0,controlled
bipartite_spread,128_128_128,project_used_L1_full_L2,1,FP32_Q_load,0.483751296997,17408,0,controlled
bipartite_spread,128_128_128,project_used_L1_full_L2,1,hot_FP32_reduce,0.448703765869,17408,0,controlled
bipartite_spread,128_128_128,project_used_L1_full_L2,1,partial_state_store,0.011682510376,272,0,controlled
bipartite_spread,128_128_128,project_used_L1_full_L2,1,partial_hi_pack,0,0,0,controlled
bipartite_spread,128_128_128,project_used_L1_full_L2,1,partial_lo_pack,0,0,0,controlled
bipartite_spread,128_128_128,project_used_L1_full_L2,1,AMX_A_load,0.00905990600586,136,0,controlled
bipartite_spread,128_128_128,project_used_L1_full_L2,1,AMX_B_load,0.0431537628174,272,0,controlled
bipartite_spread,128_128_128,project_used_L1_full_L2,1,AMX_compute,0.0710487365723,272,0,controlled
bipartite_spread,128_128_128,project_used_L1_full_L2,1,C_store,0.00500679016113,34,0,controlled
bipartite_spread,128_128_128,project_used_L1_full_L2,1,hot_cold_merge,0.0209808349609,272,0,controlled
bipartite_spread,128_128_128,project_used_L1_full_L2,1,output_scatter,0.00381469726562,272,0,controlled
bipartite_spread,128_128_128,project_used_L1_full_L2,1,cache_H_gather,0.00810623168945,17,0,controlled
bipartite_spread,128_128_128,project_used_L1_full_L2,1,cache_Q_store,0.130653381348,17,0,controlled
bipartite_spread,128_128_128,project_used_L1_full_L2,1,thread_amx_release,0.00786781311035,64,0,controlled
bipartite_spread,128_128_128,project_used_L1_full_L2,1,partial_state_load,0.00715255737305,272,0,controlled
bipartite_spread,128_128_128,project_used_L1_full_L2,2,thread_amx_setup,0.0267028808594,32,0,controlled
bipartite_spread,128_128_128,project_used_L1_full_L2,2,row_metadata,0.00309944152832,17,0,controlled
bipartite_spread,128_128_128,project_used_L1_full_L2,2,partial_init,0.00309944152832,17,0,controlled
bipartite_spread,128_128_128,project_used_L1_full_L2,2,csr_index,0.462293624878,17408,0,controlled
bipartite_spread,128_128_128,project_used_L1_full_L2,2,cache_membership,0,0,0,controlled
bipartite_spread,128_128_128,project_used_L1_full_L2,2,prefetch,0.502824783325,17408,0,controlled
bipartite_spread,128_128_128,project_used_L1_full_L2,2,BF16_H_load,0.498056411743,17408,0,controlled
bipartite_spread,128_128_128,project_used_L1_full_L2,2,BF16_decode,0.534296035767,17408,0,controlled
bipartite_spread,128_128_128,project_used_L1_full_L2,2,cold_FP32_reduce,0.468015670776,17408,0,controlled
bipartite_spread,128_128_128,project_used_L1_full_L2,2,FP32_Q_load,0,0,0,controlled
bipartite_spread,128_128_128,project_used_L1_full_L2,2,hot_FP32_reduce,0,0,0,controlled
bipartite_spread,128_128_128,project_used_L1_full_L2,2,partial_state_store,0.0123977661133,272,0,controlled
bipartite_spread,128_128_128,project_used_L1_full_L2,2,partial_hi_pack,0.0624656677246,2176,0,controlled
bipartite_spread,128_128_128,project_used_L1_full_L2,2,partial_lo_pack,0.0672340393066,2176,0,controlled
bipartite_spread,128_128_128,project_used_L1_full_L2,2,AMX_A_load,0.0133514404297,272,0,controlled
bipartite_spread,128_128_128,project_used_L1_full_L2,2,AMX_B_load,0.0226497650146,544,0,controlled
bipartite_spread,128_128_128,project_used_L1_full_L2,2,AMX_compute,0.0367164611816,544,0,controlled
bipartite_spread,128_128_128,project_used_L1_full_L2,2,C_store,0.000953674316406,34,0,controlled
bipartite_spread,128_128_128,project_used_L1_full_L2,2,hot_cold_merge,0,0,0,controlled
bipartite_spread,128_128_128,project_used_L1_full_L2,2,output_scatter,0.0100135803223,272,0,controlled
bipartite_spread,128_128_128,project_used_L1_full_L2,2,cache_H_gather,0,0,0,controlled
bipartite_spread,128_128_128,project_used_L1_full_L2,2,cache_Q_store,0,0,0,controlled
bipartite_spread,128_128_128,project_used_L1_full_L2,2,thread_amx_release,0.00190734863281,32,0,controlled
bipartite_spread,128_128_128,project_used_L1_full_L2,2,partial_state_load,0.00905990600586,272,0,controlled
ogbn-products,128_32_32,fused_full_accurate,1,thread_amx_setup,0.0221729278564,32,0,focus
ogbn-products,128_32_32,fused_full_accurate,1,row_metadata,0.246524810791,599,0,focus
ogbn-products,128_32_32,fused_full_accurate,1,partial_init,0.0898838043213,599,0,focus
ogbn-products,128_32_32,fused_full_accurate,1,csr_index,15.4366493225,523976,0,focus
ogbn-products,128_32_32,fused_full_accurate,1,cache_membership,0,0,0,focus
ogbn-products,128_32_32,fused_full_accurate,1,prefetch,18.0451869965,523976,0,focus
ogbn-products,128_32_32,fused_full_accurate,1,BF16_H_load,17.5042152405,523976,0,focus
ogbn-products,128_32_32,fused_full_accurate,1,BF16_decode,15.7704353333,523976,0,focus
ogbn-products,128_32_32,fused_full_accurate,1,cold_FP32_reduce,13.4646892548,523976,0,focus
ogbn-products,128_32_32,fused_full_accurate,1,FP32_Q_load,0,0,0,focus
ogbn-products,128_32_32,fused_full_accurate,1,hot_FP32_reduce,0,0,0,focus
ogbn-products,128_32_32,fused_full_accurate,1,partial_state_store,0.416278839111,14260,0,focus
ogbn-products,128_32_32,fused_full_accurate,1,partial_hi_pack,2.05826759338,75136,0,focus
ogbn-products,128_32_32,fused_full_accurate,1,partial_lo_pack,2.09546089172,75136,0,focus
ogbn-products,128_32_32,fused_full_accurate,1,AMX_A_load,0.138759613037,4696,0,focus
ogbn-products,128_32_32,fused_full_accurate,1,AMX_B_load,0.208616256714,4696,0,focus
ogbn-products,128_32_32,fused_full_accurate,1,AMX_compute,1.21164321899,4696,0,focus
ogbn-products,128_32_32,fused_full_accurate,1,C_store,0.0259876251221,587,0,focus
ogbn-products,128_32_32,fused_full_accurate,1,hot_cold_merge,0,0,0,focus
ogbn-products,128_32_32,fused_full_accurate,1,output_scatter,0.834465026855,9573,0,focus
ogbn-products,128_32_32,fused_full_accurate,1,cache_H_gather,0,0,0,focus
ogbn-products,128_32_32,fused_full_accurate,1,cache_Q_store,0,0,0,focus
ogbn-products,128_32_32,fused_full_accurate,1,thread_amx_release,0.00405311584473,32,0,focus
ogbn-products,128_32_32,fused_full_accurate,1,partial_state_load,0.382661819458,14260,0,focus
ogbn-products,128_32_32,fused_full_accurate,2,thread_amx_setup,0.0181198120117,32,0,focus
ogbn-products,128_32_32,fused_full_accurate,2,row_metadata,0.237464904785,599,0,focus
ogbn-products,128_32_32,fused_full_accurate,2,partial_init,0.0393390655518,599,0,focus
ogbn-products,128_32_32,fused_full_accurate,2,csr_index,15.2606964111,523976,0,focus
ogbn-products,128_32_32,fused_full_accurate,2,cache_membership,0,0,0,focus
ogbn-products,128_32_32,fused_full_accurate,2,prefetch,14.7881507874,523976,0,focus
ogbn-products,128_32_32,fused_full_accurate,2,BF16_H_load,15.4414176941,523976,0,focus
ogbn-products,128_32_32,fused_full_accurate,2,BF16_decode,14.7576332092,523976,0,focus
ogbn-products,128_32_32,fused_full_accurate,2,cold_FP32_reduce,13.534784317,523976,0,focus
ogbn-products,128_32_32,fused_full_accurate,2,FP32_Q_load,0,0,0,focus
ogbn-products,128_32_32,fused_full_accurate,2,hot_FP32_reduce,0,0,0,focus
ogbn-products,128_32_32,fused_full_accurate,2,partial_state_store,0.41937828064,14260,0,focus
ogbn-products,128_32_32,fused_full_accurate,2,partial_hi_pack,0.510215759277,18784,0,focus
ogbn-products,128_32_32,fused_full_accurate,2,partial_lo_pack,0.527620315552,18784,0,focus
ogbn-products,128_32_32,fused_full_accurate,2,AMX_A_load,0.0472068786621,1174,0,focus
ogbn-products,128_32_32,fused_full_accurate,2,AMX_B_load,0.0615119934082,1174,0,focus
ogbn-products,128_32_32,fused_full_accurate,2,AMX_compute,1.05834007263,1174,0,focus
ogbn-products,128_32_32,fused_full_accurate,2,C_store,0.0309944152832,587,0,focus
ogbn-products,128_32_32,fused_full_accurate,2,hot_cold_merge,0,0,0,focus
ogbn-products,128_32_32,fused_full_accurate,2,output_scatter,0.427484512329,9573,0,focus
ogbn-products,128_32_32,fused_full_accurate,2,cache_H_gather,0,0,0,focus
ogbn-products,128_32_32,fused_full_accurate,2,cache_Q_store,0,0,0,focus
ogbn-products,128_32_32,fused_full_accurate,2,thread_amx_release,0.00476837158203,32,0,focus
ogbn-products,128_32_32,fused_full_accurate,2,partial_state_load,0.393390655518,14260,0,focus
ogbn-products,128_32_32,hybrid_none,1,thread_amx_setup,0.0274181365967,32,0,focus
ogbn-products,128_32_32,hybrid_none,1,row_metadata,0.285863876343,599,0,focus
ogbn-products,128_32_32,hybrid_none,1,partial_init,0.113248825073,599,0,focus
ogbn-products,128_32_32,hybrid_none,1,csr_index,15.2814388275,523976,0,focus
ogbn-products,128_32_32,hybrid_none,1,cache_membership,14.2707824707,523976,0,focus
ogbn-products,128_32_32,hybrid_none,1,prefetch,40.5697822571,523976,0,focus
ogbn-products,128_32_32,hybrid_none,1,BF16_H_load,16.4654254913,523976,0,focus
ogbn-products,128_32_32,hybrid_none,1,BF16_decode,14.0128135681,523976,0,focus
ogbn-products,128_32_32,hybrid_none,1,cold_FP32_reduce,16.8218612671,523976,0,focus
ogbn-products,128_32_32,hybrid_none,1,FP32_Q_load,0,0,0,focus
ogbn-products,128_32_32,hybrid_none,1,hot_FP32_reduce,0,0,0,focus
ogbn-products,128_32_32,hybrid_none,1,partial_state_store,0.454902648926,14260,0,focus
ogbn-products,128_32_32,hybrid_none,1,partial_hi_pack,2.09856033325,75136,0,focus
ogbn-products,128_32_32,hybrid_none,1,partial_lo_pack,2.10928916931,75136,0,focus
ogbn-products,128_32_32,hybrid_none,1,AMX_A_load,0.130176544189,4696,0,focus
ogbn-products,128_32_32,hybrid_none,1,AMX_B_load,0.213384628296,4696,0,focus
ogbn-products,128_32_32,hybrid_none,1,AMX_compute,1.21116638184,4696,0,focus
ogbn-products,128_32_32,hybrid_none,1,C_store,0.0247955322266,587,0,focus
ogbn-products,128_32_32,hybrid_none,1,hot_cold_merge,0.321865081787,9573,0,focus
ogbn-products,128_32_32,hybrid_none,1,output_scatter,0.958681106567,9573,0,focus
ogbn-products,128_32_32,hybrid_none,1,cache_H_gather,0,0,0,focus
ogbn-products,128_32_32,hybrid_none,1,cache_Q_store,0,0,0,focus
ogbn-products,128_32_32,hybrid_none,1,thread_amx_release,0.00500679016113,32,0,focus
ogbn-products,128_32_32,hybrid_none,1,partial_state_load,0.407695770264,14260,0,focus
ogbn-products,128_32_32,hybrid_none,2,thread_amx_setup,0.0259876251221,32,0,focus
ogbn-products,128_32_32,hybrid_none,2,row_metadata,0.268459320068,599,0,focus
ogbn-products,128_32_32,hybrid_none,2,partial_init,0.0438690185547,599,0,focus
ogbn-products,128_32_32,hybrid_none,2,csr_index,15.202999115,523976,0,focus
ogbn-products,128_32_32,hybrid_none,2,cache_membership,13.840675354,523976,0,focus
ogbn-products,128_32_32,hybrid_none,2,prefetch,29.8230648041,523976,0,focus
ogbn-products,128_32_32,hybrid_none,2,BF16_H_load,14.8847103119,523976,0,focus
ogbn-products,128_32_32,hybrid_none,2,BF16_decode,14.0450000763,523976,0,focus
ogbn-products,128_32_32,hybrid_none,2,cold_FP32_reduce,14.3368244171,523976,0,focus
ogbn-products,128_32_32,hybrid_none,2,FP32_Q_load,0,0,0,focus
ogbn-products,128_32_32,hybrid_none,2,hot_FP32_reduce,0,0,0,focus
ogbn-products,128_32_32,hybrid_none,2,partial_state_store,0.423908233643,14260,0,focus
ogbn-products,128_32_32,hybrid_none,2,partial_hi_pack,0.535249710083,18784,0,focus
ogbn-products,128_32_32,hybrid_none,2,partial_lo_pack,0.571012496948,18784,0,focus
ogbn-products,128_32_32,hybrid_none,2,AMX_A_load,0.0345706939697,1174,0,focus
ogbn-products,128_32_32,hybrid_none,2,AMX_B_load,0.0605583190918,1174,0,focus
ogbn-products,128_32_32,hybrid_none,2,AMX_compute,1.09529495239,1174,0,focus
ogbn-products,128_32_32,hybrid_none,2,C_store,0.0288486480713,587,0,focus
ogbn-products,128_32_32,hybrid_none,2,hot_cold_merge,0.293970108032,9573,0,focus
ogbn-products,128_32_32,hybrid_none,2,output_scatter,0.487089157104,9573,0,focus
ogbn-products,128_32_32,hybrid_none,2,cache_H_gather,0,0,0,focus
ogbn-products,128_32_32,hybrid_none,2,cache_Q_store,0,0,0,focus
ogbn-products,128_32_32,hybrid_none,2,thread_amx_release,0.00762939453125,32,0,focus
ogbn-products,128_32_32,hybrid_none,2,partial_state_load,0.400066375732,14260,0,focus
ogbn-products,128_32_32,top_1_64,1,thread_amx_setup,0.0612735748291,64,0,focus
ogbn-products,128_32_32,top_1_64,1,row_metadata,0.299453735352,599,0,focus
ogbn-products,128_32_32,top_1_64,1,partial_init,0.0970363616943,599,0,focus
ogbn-products,128_32_32,top_1_64,1,csr_index,15.2778625488,523976,0,focus
ogbn-products,128_32_32,top_1_64,1,cache_membership,14.190196991,523976,0,focus
ogbn-products,128_32_32,top_1_64,1,prefetch,38.3474826813,523976,0,focus
ogbn-products,128_32_32,top_1_64,1,BF16_H_load,13.8339996338,439899,0,focus
ogbn-products,128_32_32,top_1_64,1,BF16_decode,11.791229248,439899,0,focus
ogbn-products,128_32_32,top_1_64,1,cold_FP32_reduce,14.0607357025,439899,0,focus
ogbn-products,128_32_32,top_1_64,1,FP32_Q_load,2.54511833191,84077,0,focus
ogbn-products,128_32_32,top_1_64,1,hot_FP32_reduce,2.38442420959,84077,0,focus
ogbn-products,128_32_32,top_1_64,1,partial_state_store,0.435829162598,14260,0,focus
ogbn-products,128_32_32,top_1_64,1,partial_hi_pack,2.06232070923,75136,0,focus
ogbn-products,128_32_32,top_1_64,1,partial_lo_pack,2.08306312561,75136,0,focus
ogbn-products,128_32_32,top_1_64,1,AMX_A_load,0.128984451294,4740,0,focus
ogbn-products,128_32_32,top_1_64,1,AMX_B_load,0.191926956177,4740,0,focus
ogbn-products,128_32_32,top_1_64,1,AMX_compute,1.23596191406,4740,0,focus
ogbn-products,128_32_32,top_1_64,1,C_store,0.0183582305908,598,0,focus
ogbn-products,128_32_32,top_1_64,1,hot_cold_merge,0.338315963745,9573,0,focus
ogbn-products,128_32_32,top_1_64,1,output_scatter,0.92077255249,9573,0,focus
ogbn-products,128_32_32,top_1_64,1,cache_H_gather,0.00882148742676,11,0,focus
ogbn-products,128_32_32,top_1_64,1,cache_Q_store,0.000953674316406,11,0,focus
ogbn-products,128_32_32,top_1_64,1,thread_amx_release,0.00572204589844,64,0,focus
ogbn-products,128_32_32,top_1_64,1,partial_state_load,0.396966934204,14260,0,focus
ogbn-products,128_32_32,top_1_64,2,thread_amx_setup,0.0460147857666,64,0,focus
ogbn-products,128_32_32,top_1_64,2,row_metadata,0.306129455566,599,0,focus
ogbn-products,128_32_32,top_1_64,2,partial_init,0.0545978546143,599,0,focus
ogbn-products,128_32_32,top_1_64,2,csr_index,15.1951313019,523976,0,focus
ogbn-products,128_32_32,top_1_64,2,cache_membership,13.8251781464,523976,0,focus
ogbn-products,128_32_32,top_1_64,2,prefetch,30.5607318878,523976,0,focus
ogbn-products,128_32_32,top_1_64,2,BF16_H_load,12.636423111,439899,0,focus
ogbn-products,128_32_32,top_1_64,2,BF16_decode,11.5120410919,439899,0,focus
ogbn-products,128_32_32,top_1_64,2,cold_FP32_reduce,12.4745368958,439899,0,focus
ogbn-products,128_32_32,top_1_64,2,FP32_Q_load,2.41732597351,84077,0,focus
ogbn-products,128_32_32,top_1_64,2,hot_FP32_reduce,2.33483314514,84077,0,focus
ogbn-products,128_32_32,top_1_64,2,partial_state_store,0.401735305786,14260,0,focus
ogbn-products,128_32_32,top_1_64,2,partial_hi_pack,0.542879104614,18784,0,focus
ogbn-products,128_32_32,top_1_64,2,partial_lo_pack,0.52547454834,18784,0,focus
ogbn-products,128_32_32,top_1_64,2,AMX_A_load,0.051736831665,1185,0,focus
ogbn-products,128_32_32,top_1_64,2,AMX_B_load,0.0641345977783,1185,0,focus
ogbn-products,128_32_32,top_1_64,2,AMX_compute,1.10483169556,1185,0,focus
ogbn-products,128_32_32,top_1_64,2,C_store,0.0219345092773,598,0,focus
ogbn-products,128_32_32,top_1_64,2,hot_cold_merge,0.296831130981,9573,0,focus
ogbn-products,128_32_32,top_1_64,2,output_scatter,0.523567199707,9573,0,focus
ogbn-products,128_32_32,top_1_64,2,cache_H_gather,0.00214576721191,11,0,focus
ogbn-products,128_32_32,top_1_64,2,cache_Q_store,0.00190734863281,11,0,focus
ogbn-products,128_32_32,top_1_64,2,thread_amx_release,0.00309944152832,64,0,focus
ogbn-products,128_32_32,top_1_64,2,partial_state_load,0.37956237793,14260,0,focus
ogbn-products,128_32_32,top_1_16,1,thread_amx_setup,0.0553131103516,64,0,focus
ogbn-products,128_32_32,top_1_16,1,row_metadata,0.282049179077,599,0,focus
ogbn-products,128_32_32,top_1_16,1,partial_init,0.110626220703,599,0,focus
ogbn-products,128_32_32,top_1_16,1,csr_index,15.2995586395,523976,0,focus
ogbn-products,128_32_32,top_1_16,1,cache_membership,14.0149593353,523976,0,focus
ogbn-products,128_32_32,top_1_16,1,prefetch,35.721540451,523976,0,focus
ogbn-products,128_32_32,top_1_16,1,BF16_H_load,10.7970237732,342654,0,focus
ogbn-products,128_32_32,top_1_16,1,BF16_decode,9.03820991516,342654,0,focus
ogbn-products,128_32_32,top_1_16,1,cold_FP32_reduce,11.1014842987,342654,0,focus
ogbn-products,128_32_32,top_1_16,1,FP32_Q_load,5.36918640137,181322,0,focus
ogbn-products,128_32_32,top_1_16,1,hot_FP32_reduce,5.14483451843,181322,0,focus
ogbn-products,128_32_32,top_1_16,1,partial_state_store,0.428438186646,14260,0,focus
ogbn-products,128_32_32,top_1_16,1,partial_hi_pack,2.08234786987,75136,0,focus
ogbn-products,128_32_32,top_1_16,1,partial_lo_pack,2.10952758789,75136,0,focus
ogbn-products,128_32_32,top_1_16,1,AMX_A_load,0.155687332153,4852,0,focus
ogbn-products,128_32_32,top_1_16,1,AMX_B_load,0.214099884033,4852,0,focus
ogbn-products,128_32_32,top_1_16,1,AMX_compute,1.20949745178,4852,0,focus
ogbn-products,128_32_32,top_1_16,1,C_store,0.0262260437012,626,0,focus
ogbn-products,128_32_32,top_1_16,1,hot_cold_merge,0.336885452271,9573,0,focus
ogbn-products,128_32_32,top_1_16,1,output_scatter,0.826120376587,9573,0,focus
ogbn-products,128_32_32,top_1_16,1,cache_H_gather,0.0271797180176,39,0,focus
ogbn-products,128_32_32,top_1_16,1,cache_Q_store,0.000953674316406,39,0,focus
ogbn-products,128_32_32,top_1_16,1,thread_amx_release,0.00476837158203,64,0,focus
ogbn-products,128_32_32,top_1_16,1,partial_state_load,0.407934188843,14260,0,focus
ogbn-products,128_32_32,top_1_16,2,thread_amx_setup,0.0543594360352,64,0,focus
ogbn-products,128_32_32,top_1_16,2,row_metadata,0.286340713501,599,0,focus
ogbn-products,128_32_32,top_1_16,2,partial_init,0.0433921813965,599,0,focus
ogbn-products,128_32_32,top_1_16,2,csr_index,15.1896476746,523976,0,focus
ogbn-products,128_32_32,top_1_16,2,cache_membership,14.1704082489,523976,0,focus
ogbn-products,128_32_32,top_1_16,2,prefetch,31.7134857178,523976,0,focus
ogbn-products,128_32_32,top_1_16,2,BF16_H_load,9.8876953125,342654,0,focus
ogbn-products,128_32_32,top_1_16,2,BF16_decode,8.91208648682,342654,0,focus
ogbn-products,128_32_32,top_1_16,2,cold_FP32_reduce,9.53984260559,342654,0,focus
ogbn-products,128_32_32,top_1_16,2,FP32_Q_load,5.19871711731,181322,0,focus
ogbn-products,128_32_32,top_1_16,2,hot_FP32_reduce,4.98962402344,181322,0,focus
ogbn-products,128_32_32,top_1_16,2,partial_state_store,0.416994094849,14260,0,focus
ogbn-products,128_32_32,top_1_16,2,partial_hi_pack,0.533103942871,18784,0,focus
ogbn-products,128_32_32,top_1_16,2,partial_lo_pack,0.553369522095,18784,0,focus
ogbn-products,128_32_32,top_1_16,2,AMX_A_load,0.0393390655518,1213,0,focus
ogbn-products,128_32_32,top_1_16,2,AMX_B_load,0.0555515289307,1213,0,focus
ogbn-products,128_32_32,top_1_16,2,AMX_compute,1.16109848022,1213,0,focus
ogbn-products,128_32_32,top_1_16,2,C_store,0.0259876251221,626,0,focus
ogbn-products,128_32_32,top_1_16,2,hot_cold_merge,0.320434570312,9573,0,focus
ogbn-products,128_32_32,top_1_16,2,output_scatter,0.506162643433,9573,0,focus
ogbn-products,128_32_32,top_1_16,2,cache_H_gather,0.0104904174805,39,0,focus
ogbn-products,128_32_32,top_1_16,2,cache_Q_store,0.00476837158203,39,0,focus
ogbn-products,128_32_32,top_1_16,2,thread_amx_release,0.00572204589844,64,0,focus
ogbn-products,128_32_32,top_1_16,2,partial_state_load,0.405550003052,14260,0,focus
ogbn-products,128_32_32,top_1_4,1,thread_amx_setup,0.0615119934082,64,0,focus
ogbn-products,128_32_32,top_1_4,1,row_metadata,0.271320343018,599,0,focus
ogbn-products,128_32_32,top_1_4,1,partial_init,0.113010406494,599,0,focus
ogbn-products,128_32_32,top_1_4,1,csr_index,15.1402950287,523976,0,focus
ogbn-products,128_32_32,top_1_4,1,cache_membership,14.0976905823,523976,0,focus
ogbn-products,128_32_32,top_1_4,1,prefetch,35.5122089386,523976,0,focus
ogbn-products,128_32_32,top_1_4,1,BF16_H_load,4.89711761475,152105,0,focus
ogbn-products,128_32_32,top_1_4,1,BF16_decode,4.1389465332,152105,0,focus
ogbn-products,128_32_32,top_1_4,1,cold_FP32_reduce,4.88710403442,152105,0,focus
ogbn-products,128_32_32,top_1_4,1,FP32_Q_load,11.0788345337,371871,0,focus
ogbn-products,128_32_32,top_1_4,1,hot_FP32_reduce,10.4060173035,371871,0,focus
ogbn-products,128_32_32,top_1_4,1,partial_state_store,0.473022460938,14260,0,focus
ogbn-products,128_32_32,top_1_4,1,partial_hi_pack,2.00581550598,75136,0,focus
ogbn-products,128_32_32,top_1_4,1,partial_lo_pack,2.11048126221,75136,0,focus
ogbn-products,128_32_32,top_1_4,1,AMX_A_load,0.151395797729,5300,0,focus
ogbn-products,128_32_32,top_1_4,1,AMX_B_load,0.241994857788,5300,0,focus
ogbn-products,128_32_32,top_1_4,1,AMX_compute,1.2743473053,5300,0,focus
ogbn-products,128_32_32,top_1_4,1,C_store,0.0262260437012,738,0,focus
ogbn-products,128_32_32,top_1_4,1,hot_cold_merge,0.346899032593,9573,0,focus
ogbn-products,128_32_32,top_1_4,1,output_scatter,0.861406326294,9573,0,focus
ogbn-products,128_32_32,top_1_4,1,cache_H_gather,0.125169754028,151,0,focus
ogbn-products,128_32_32,top_1_4,1,cache_Q_store,0.00715255737305,151,0,focus
ogbn-products,128_32_32,top_1_4,1,thread_amx_release,0.00596046447754,64,0,focus
ogbn-products,128_32_32,top_1_4,1,partial_state_load,0.414848327637,14260,0,focus
ogbn-products,128_32_32,top_1_4,2,thread_amx_setup,0.070333480835,64,0,focus
ogbn-products,128_32_32,top_1_4,2,row_metadata,0.266551971436,599,0,focus
ogbn-products,128_32_32,top_1_4,2,partial_init,0.0355243682861,599,0,focus
ogbn-products,128_32_32,top_1_4,2,csr_index,15.100479126,523976,0,focus
ogbn-products,128_32_32,top_1_4,2,cache_membership,14.0821933746,523976,0,focus
ogbn-products,128_32_32,top_1_4,2,prefetch,33.3645343781,523976,0,focus
ogbn-products,128_32_32,top_1_4,2,BF16_H_load,4.52566146851,152105,0,focus
ogbn-products,128_32_32,top_1_4,2,BF16_decode,4.04763221741,152105,0,focus
ogbn-products,128_32_32,top_1_4,2,cold_FP32_reduce,4.37116622925,152105,0,focus
ogbn-products,128_32_32,top_1_4,2,FP32_Q_load,10.8249187469,371871,0,focus
ogbn-products,128_32_32,top_1_4,2,hot_FP32_reduce,10.3435516357,371871,0,focus
ogbn-products,128_32_32,top_1_4,2,partial_state_store,0.415802001953,14260,0,focus
ogbn-products,128_32_32,top_1_4,2,partial_hi_pack,0.520706176758,18784,0,focus
ogbn-products,128_32_32,top_1_4,2,partial_lo_pack,0.568628311157,18784,0,focus
ogbn-products,128_32_32,top_1_4,2,AMX_A_load,0.0636577606201,1325,0,focus
ogbn-products,128_32_32,top_1_4,2,AMX_B_load,0.0748634338379,1325,0,focus
ogbn-products,128_32_32,top_1_4,2,AMX_compute,1.14107131958,1325,0,focus
ogbn-products,128_32_32,top_1_4,2,C_store,0.0298023223877,738,0,focus
ogbn-products,128_32_32,top_1_4,2,hot_cold_merge,0.310659408569,9573,0,focus
ogbn-products,128_32_32,top_1_4,2,output_scatter,0.534534454346,9573,0,focus
ogbn-products,128_32_32,top_1_4,2,cache_H_gather,0.049352645874,151,0,focus
ogbn-products,128_32_32,top_1_4,2,cache_Q_store,0.00810623168945,151,0,focus
ogbn-products,128_32_32,top_1_4,2,thread_amx_release,0.00405311584473,64,0,focus
ogbn-products,128_32_32,top_1_4,2,partial_state_load,0.433683395386,14260,0,focus
ogbn-products,128_32_32,hybrid_all,1,thread_amx_setup,0.0770092010498,64,0,focus
ogbn-products,128_32_32,hybrid_all,1,row_metadata,0.216960906982,599,0,focus
ogbn-products,128_32_32,hybrid_all,1,partial_init,0.0889301300049,599,0,focus
ogbn-products,128_32_32,hybrid_all,1,csr_index,15.0504112244,523976,0,focus
ogbn-products,128_32_32,hybrid_all,1,cache_membership,13.8392448425,523976,0,focus
ogbn-products,128_32_32,hybrid_all,1,prefetch,34.1877937317,523976,0,focus
ogbn-products,128_32_32,hybrid_all,1,BF16_H_load,0,0,0,focus
ogbn-products,128_32_32,hybrid_all,1,BF16_decode,0,0,0,focus
ogbn-products,128_32_32,hybrid_all,1,cold_FP32_reduce,0,0,0,focus
ogbn-products,128_32_32,hybrid_all,1,FP32_Q_load,15.3379440308,523976,0,focus
ogbn-products,128_32_32,hybrid_all,1,hot_FP32_reduce,14.5847797394,523976,0,focus
ogbn-products,128_32_32,hybrid_all,1,partial_state_store,0.396490097046,14260,0,focus
ogbn-products,128_32_32,hybrid_all,1,partial_hi_pack,0,0,0,focus
ogbn-products,128_32_32,hybrid_all,1,partial_lo_pack,0,0,0,focus
ogbn-products,128_32_32,hybrid_all,1,AMX_A_load,0.077486038208,2396,0,focus
ogbn-products,128_32_32,hybrid_all,1,AMX_B_load,0.0748634338379,2396,0,focus
ogbn-products,128_32_32,hybrid_all,1,AMX_compute,0.277996063232,2396,0,focus
ogbn-products,128_32_32,hybrid_all,1,C_store,0.0288486480713,599,0,focus
ogbn-products,128_32_32,hybrid_all,1,hot_cold_merge,0.276327133179,9573,0,focus
ogbn-products,128_32_32,hybrid_all,1,output_scatter,0.732421875,9573,0,focus
ogbn-products,128_32_32,hybrid_all,1,cache_H_gather,0.290155410767,599,0,focus
ogbn-products,128_32_32,hybrid_all,1,cache_Q_store,0.0147819519043,599,0,focus
ogbn-products,128_32_32,hybrid_all,1,thread_amx_release,0.00452995300293,64,0,focus
ogbn-products,128_32_32,hybrid_all,1,partial_state_load,0.381469726562,14260,0,focus
ogbn-products,128_32_32,hybrid_all,2,thread_amx_setup,0.0810623168945,64,0,focus
ogbn-products,128_32_32,hybrid_all,2,row_metadata,0.25486946106,599,0,focus
ogbn-products,128_32_32,hybrid_all,2,partial_init,0.0290870666504,599,0,focus
ogbn-products,128_32_32,hybrid_all,2,csr_index,15.0616168976,523976,0,focus
ogbn-products,128_32_32,hybrid_all,2,cache_membership,13.7875080109,523976,0,focus
ogbn-products,128_32_32,hybrid_all,2,prefetch,33.4677696228,523976,0,focus
ogbn-products,128_32_32,hybrid_all,2,BF16_H_load,0,0,0,focus
ogbn-products,128_32_32,hybrid_all,2,BF16_decode,0,0,0,focus
ogbn-products,128_32_32,hybrid_all,2,cold_FP32_reduce,0,0,0,focus
ogbn-products,128_32_32,hybrid_all,2,FP32_Q_load,15.7480239868,523976,0,focus
ogbn-products,128_32_32,hybrid_all,2,hot_FP32_reduce,14.3451690674,523976,0,focus
ogbn-products,128_32_32,hybrid_all,2,partial_state_store,0.360488891602,14260,0,focus
ogbn-products,128_32_32,hybrid_all,2,partial_hi_pack,0,0,0,focus
ogbn-products,128_32_32,hybrid_all,2,partial_lo_pack,0,0,0,focus
ogbn-products,128_32_32,hybrid_all,2,AMX_A_load,0.0178813934326,599,0,focus
ogbn-products,128_32_32,hybrid_all,2,AMX_B_load,0.016450881958,599,0,focus
ogbn-products,128_32_32,hybrid_all,2,AMX_compute,0.20956993103,599,0,focus
ogbn-products,128_32_32,hybrid_all,2,C_store,0.0288486480713,599,0,focus
ogbn-products,128_32_32,hybrid_all,2,hot_cold_merge,0.261783599854,9573,0,focus
ogbn-products,128_32_32,hybrid_all,2,output_scatter,0.479936599731,9573,0,focus
ogbn-products,128_32_32,hybrid_all,2,cache_H_gather,0.0848770141602,599,0,focus
ogbn-products,128_32_32,hybrid_all,2,cache_Q_store,0.0300407409668,599,0,focus
ogbn-products,128_32_32,hybrid_all,2,thread_amx_release,0.00309944152832,64,0,focus
ogbn-products,128_32_32,hybrid_all,2,partial_state_load,0.422239303589,14260,0,focus
ogbn-products,128_32_32,project_all,1,thread_amx_setup,0.0684261322021,64,0,focus
ogbn-products,128_32_32,project_all,1,row_metadata,0.20956993103,599,0,focus
ogbn-products,128_32_32,project_all,1,partial_init,0.028133392334,599,0,focus
ogbn-products,128_32_32,project_all,1,csr_index,14.8229598999,523976,0,focus
ogbn-products,128_32_32,project_all,1,cache_membership,0,0,0,focus
ogbn-products,128_32_32,project_all,1,prefetch,16.9656276703,523976,0,focus
ogbn-products,128_32_32,project_all,1,BF16_H_load,0,0,0,focus
ogbn-products,128_32_32,project_all,1,BF16_decode,0,0,0,focus
ogbn-products,128_32_32,project_all,1,cold_FP32_reduce,0,0,0,focus
ogbn-products,128_32_32,project_all,1,FP32_Q_load,15.7461166382,523976,0,focus
ogbn-products,128_32_32,project_all,1,hot_FP32_reduce,13.7643814087,523976,0,focus
ogbn-products,128_32_32,project_all,1,partial_state_store,0.414133071899,14260,0,focus
ogbn-products,128_32_32,project_all,1,partial_hi_pack,0,0,0,focus
ogbn-products,128_32_32,project_all,1,partial_lo_pack,0,0,0,focus
ogbn-products,128_32_32,project_all,1,AMX_A_load,0.0729560852051,2396,0,focus
ogbn-products,128_32_32,project_all,1,AMX_B_load,0.0739097595215,2396,0,focus
ogbn-products,128_32_32,project_all,1,AMX_compute,0.279426574707,2396,0,focus
ogbn-products,128_32_32,project_all,1,C_store,0.0252723693848,599,0,focus
ogbn-products,128_32_32,project_all,1,hot_cold_merge,0.277280807495,9573,0,focus
ogbn-products,128_32_32,project_all,1,output_scatter,0.557899475098,9573,0,focus
ogbn-products,128_32_32,project_all,1,cache_H_gather,0.281572341919,599,0,focus
ogbn-products,128_32_32,project_all,1,cache_Q_store,0.0195503234863,599,0,focus
ogbn-products,128_32_32,project_all,1,thread_amx_release,0.00476837158203,64,0,focus
ogbn-products,128_32_32,project_all,1,partial_state_load,0.396966934204,14260,0,focus
ogbn-products,128_32_32,project_all,2,thread_amx_setup,0.0576972961426,64,0,focus
ogbn-products,128_32_32,project_all,2,row_metadata,0.23078918457,599,0,focus
ogbn-products,128_32_32,project_all,2,partial_init,0.0252723693848,599,0,focus
ogbn-products,128_32_32,project_all,2,csr_index,14.6062374115,523976,0,focus
ogbn-products,128_32_32,project_all,2,cache_membership,0,0,0,focus
ogbn-products,128_32_32,project_all,2,prefetch,17.1189308167,523976,0,focus
ogbn-products,128_32_32,project_all,2,BF16_H_load,0,0,0,focus
ogbn-products,128_32_32,project_all,2,BF16_decode,0,0,0,focus
ogbn-products,128_32_32,project_all,2,cold_FP32_reduce,0,0,0,focus
ogbn-products,128_32_32,project_all,2,FP32_Q_load,15.6769752502,523976,0,focus
ogbn-products,128_32_32,project_all,2,hot_FP32_reduce,13.6256217957,523976,0,focus
ogbn-products,128_32_32,project_all,2,partial_state_store,0.377178192139,14260,0,focus
ogbn-products,128_32_32,project_all,2,partial_hi_pack,0,0,0,focus
ogbn-products,128_32_32,project_all,2,partial_lo_pack,0,0,0,focus
ogbn-products,128_32_32,project_all,2,AMX_A_load,0.02121925354,599,0,focus
ogbn-products,128_32_32,project_all,2,AMX_B_load,0.023365020752,599,0,focus
ogbn-products,128_32_32,project_all,2,AMX_compute,0.226259231567,599,0,focus
ogbn-products,128_32_32,project_all,2,C_store,0.0247955322266,599,0,focus
ogbn-products,128_32_32,project_all,2,hot_cold_merge,0.271797180176,9573,0,focus
ogbn-products,128_32_32,project_all,2,output_scatter,0.415086746216,9573,0,focus
ogbn-products,128_32_32,project_all,2,cache_H_gather,0.0839233398438,599,0,focus
ogbn-products,128_32_32,project_all,2,cache_Q_store,0.0309944152832,599,0,focus
ogbn-products,128_32_32,project_all,2,thread_amx_release,0.000953674316406,64,0,focus
ogbn-products,128_32_32,project_all,2,partial_state_load,0.385046005249,14260,0,focus
ogbn-products,128_32_32,project_used,1,thread_amx_setup,0.0803470611572,64,0,focus
ogbn-products,128_32_32,project_used,1,row_metadata,0.247240066528,599,0,focus
ogbn-products,128_32_32,project_used,1,partial_init,0.0367164611816,599,0,focus
ogbn-products,128_32_32,project_used,1,csr_index,14.9931907654,523976,0,focus
ogbn-products,128_32_32,project_used,1,cache_membership,13.9100551605,523976,0,focus
ogbn-products,128_32_32,project_used,1,prefetch,37.7604961395,523976,0,focus
ogbn-products,128_32_32,project_used,1,BF16_H_load,0,0,0,focus
ogbn-products,128_32_32,project_used,1,BF16_decode,0,0,0,focus
ogbn-products,128_32_32,project_used,1,cold_FP32_reduce,0,0,0,focus
ogbn-products,128_32_32,project_used,1,FP32_Q_load,15.6018733978,523976,0,focus
ogbn-products,128_32_32,project_used,1,hot_FP32_reduce,13.9737129211,523976,0,focus
ogbn-products,128_32_32,project_used,1,partial_state_store,0.380754470825,14260,0,focus
ogbn-products,128_32_32,project_used,1,partial_hi_pack,0,0,0,focus
ogbn-products,128_32_32,project_used,1,partial_lo_pack,0,0,0,focus
ogbn-products,128_32_32,project_used,1,AMX_A_load,0.0641345977783,2352,0,focus
ogbn-products,128_32_32,project_used,1,AMX_B_load,0.0786781311035,2352,0,focus
ogbn-products,128_32_32,project_used,1,AMX_compute,0.261068344116,2352,0,focus
ogbn-products,128_32_32,project_used,1,C_store,0.018835067749,588,0,focus
ogbn-products,128_32_32,project_used,1,hot_cold_merge,0.238418579102,9573,0,focus
ogbn-products,128_32_32,project_used,1,output_scatter,0.828981399536,9573,0,focus
ogbn-products,128_32_32,project_used,1,cache_H_gather,0.468969345093,588,0,focus
ogbn-products,128_32_32,project_used,1,cache_Q_store,0.0326633453369,588,0,focus
ogbn-products,128_32_32,project_used,1,thread_amx_release,0.00715255737305,64,0,focus
ogbn-products,128_32_32,project_used,1,partial_state_load,0.334739685059,14260,0,focus
ogbn-products,128_32_32,project_used,2,thread_amx_setup,0.0729560852051,64,0,focus
ogbn-products,128_32_32,project_used,2,row_metadata,0.231266021729,599,0,focus
ogbn-products,128_32_32,project_used,2,partial_init,0.0460147857666,599,0,focus
ogbn-products,128_32_32,project_used,2,csr_index,14.7519111633,523976,0,focus
ogbn-products,128_32_32,project_used,2,cache_membership,13.6244297028,523976,0,focus
ogbn-products,128_32_32,project_used,2,prefetch,36.5025997162,523976,0,focus
ogbn-products,128_32_32,project_used,2,BF16_H_load,0,0,0,focus
ogbn-products,128_32_32,project_used,2,BF16_decode,0,0,0,focus
ogbn-products,128_32_32,project_used,2,cold_FP32_reduce,0,0,0,focus
ogbn-products,128_32_32,project_used,2,FP32_Q_load,15.4025554657,523976,0,focus
ogbn-products,128_32_32,project_used,2,hot_FP32_reduce,13.7922763824,523976,0,focus
ogbn-products,128_32_32,project_used,2,partial_state_store,0.386238098145,14260,0,focus
ogbn-products,128_32_32,project_used,2,partial_hi_pack,0,0,0,focus
ogbn-products,128_32_32,project_used,2,partial_lo_pack,0,0,0,focus
ogbn-products,128_32_32,project_used,2,AMX_A_load,0.023365020752,588,0,focus
ogbn-products,128_32_32,project_used,2,AMX_B_load,0.0126361846924,588,0,focus
ogbn-products,128_32_32,project_used,2,AMX_compute,0.214576721191,588,0,focus
ogbn-products,128_32_32,project_used,2,C_store,0.0197887420654,588,0,focus
ogbn-products,128_32_32,project_used,2,hot_cold_merge,0.295877456665,9573,0,focus
ogbn-products,128_32_32,project_used,2,output_scatter,0.569343566895,9573,0,focus
ogbn-products,128_32_32,project_used,2,cache_H_gather,0.213861465454,588,0,focus
ogbn-products,128_32_32,project_used,2,cache_Q_store,0.0267028808594,588,0,focus
ogbn-products,128_32_32,project_used,2,thread_amx_release,0.000953674316406,64,0,focus
ogbn-products,128_32_32,project_used,2,partial_state_load,0.421524047852,14260,0,focus
ogbn-products,128_32_32,project_used_L1_full_L2,1,thread_amx_setup,0.0646114349365,64,0,focus
ogbn-products,128_32_32,project_used_L1_full_L2,1,row_metadata,0.244855880737,599,0,focus
ogbn-products,128_32_32,project_used_L1_full_L2,1,partial_init,0.0264644622803,599,0,focus
ogbn-products,128_32_32,project_used_L1_full_L2,1,csr_index,14.9075984955,523976,0,focus
ogbn-products,128_32_32,project_used_L1_full_L2,1,cache_membership,13.7524604797,523976,0,focus
ogbn-products,128_32_32,project_used_L1_full_L2,1,prefetch,37.659406662,523976,0,focus
ogbn-products,128_32_32,project_used_L1_full_L2,1,BF16_H_load,0,0,0,focus
ogbn-products,128_32_32,project_used_L1_full_L2,1,BF16_decode,0,0,0,focus
ogbn-products,128_32_32,project_used_L1_full_L2,1,cold_FP32_reduce,0,0,0,focus
ogbn-products,128_32_32,project_used_L1_full_L2,1,FP32_Q_load,15.6061649323,523976,0,focus
ogbn-products,128_32_32,project_used_L1_full_L2,1,hot_FP32_reduce,13.7944221497,523976,0,focus
ogbn-products,128_32_32,project_used_L1_full_L2,1,partial_state_store,0.388383865356,14260,0,focus
ogbn-products,128_32_32,project_used_L1_full_L2,1,partial_hi_pack,0,0,0,focus
ogbn-products,128_32_32,project_used_L1_full_L2,1,partial_lo_pack,0,0,0,focus
ogbn-products,128_32_32,project_used_L1_full_L2,1,AMX_A_load,0.0598430633545,2352,0,focus
ogbn-products,128_32_32,project_used_L1_full_L2,1,AMX_B_load,0.0705718994141,2352,0,focus
ogbn-products,128_32_32,project_used_L1_full_L2,1,AMX_compute,0.295162200928,2352,0,focus
ogbn-products,128_32_32,project_used_L1_full_L2,1,C_store,0.0236034393311,588,0,focus
ogbn-products,128_32_32,project_used_L1_full_L2,1,hot_cold_merge,0.274181365967,9573,0,focus
ogbn-products,128_32_32,project_used_L1_full_L2,1,output_scatter,0.784635543823,9573,0,focus
ogbn-products,128_32_32,project_used_L1_full_L2,1,cache_H_gather,0.45108795166,588,0,focus
ogbn-products,128_32_32,project_used_L1_full_L2,1,cache_Q_store,0.0181198120117,588,0,focus
ogbn-products,128_32_32,project_used_L1_full_L2,1,thread_amx_release,0.00309944152832,64,0,focus
ogbn-products,128_32_32,project_used_L1_full_L2,1,partial_state_load,0.395536422729,14260,0,focus
ogbn-products,128_32_32,project_used_L1_full_L2,2,thread_amx_setup,0.030517578125,32,0,focus
ogbn-products,128_32_32,project_used_L1_full_L2,2,row_metadata,0.216960906982,599,0,focus
ogbn-products,128_32_32,project_used_L1_full_L2,2,partial_init,0.032901763916,599,0,focus
ogbn-products,128_32_32,project_used_L1_full_L2,2,csr_index,15.1343345642,523976,0,focus
ogbn-products,128_32_32,project_used_L1_full_L2,2,cache_membership,0,0,0,focus
ogbn-products,128_32_32,project_used_L1_full_L2,2,prefetch,14.7421360016,523976,0,focus
ogbn-products,128_32_32,project_used_L1_full_L2,2,BF16_H_load,15.3048038483,523976,0,focus
ogbn-products,128_32_32,project_used_L1_full_L2,2,BF16_decode,14.6868228912,523976,0,focus
ogbn-products,128_32_32,project_used_L1_full_L2,2,cold_FP32_reduce,13.5922431946,523976,0,focus
ogbn-products,128_32_32,project_used_L1_full_L2,2,FP32_Q_load,0,0,0,focus
ogbn-products,128_32_32,project_used_L1_full_L2,2,hot_FP32_reduce,0,0,0,focus
ogbn-products,128_32_32,project_used_L1_full_L2,2,partial_state_store,0.384330749512,14260,0,focus
ogbn-products,128_32_32,project_used_L1_full_L2,2,partial_hi_pack,0.542640686035,18784,0,focus
ogbn-products,128_32_32,project_used_L1_full_L2,2,partial_lo_pack,0.550985336304,18784,0,focus
ogbn-products,128_32_32,project_used_L1_full_L2,2,AMX_A_load,0.0636577606201,1174,0,focus
ogbn-products,128_32_32,project_used_L1_full_L2,2,AMX_B_load,0.0631809234619,1174,0,focus
ogbn-products,128_32_32,project_used_L1_full_L2,2,AMX_compute,1.13439559937,1174,0,focus
ogbn-products,128_32_32,project_used_L1_full_L2,2,C_store,0.02121925354,587,0,focus
ogbn-products,128_32_32,project_used_L1_full_L2,2,hot_cold_merge,0,0,0,focus
ogbn-products,128_32_32,project_used_L1_full_L2,2,output_scatter,0.433683395386,9573,0,focus
ogbn-products,128_32_32,project_used_L1_full_L2,2,cache_H_gather,0,0,0,focus
ogbn-products,128_32_32,project_used_L1_full_L2,2,cache_Q_store,0,0,0,focus
ogbn-products,128_32_32,project_used_L1_full_L2,2,thread_amx_release,0.00405311584473,32,0,focus
ogbn-products,128_32_32,project_used_L1_full_L2,2,partial_state_load,0.415563583374,14260,0,focus
ogbn-products,128_128_128,fused_full_accurate,1,thread_amx_setup,0.0414848327637,32,0,focus
ogbn-products,128_128_128,fused_full_accurate,1,row_metadata,0.333786010742,599,0,focus
ogbn-products,128_128_128,fused_full_accurate,1,partial_init,0.150203704834,599,0,focus
ogbn-products,128_128_128,fused_full_accurate,1,csr_index,15.2680873871,523976,0,focus
ogbn-products,128_128_128,fused_full_accurate,1,cache_membership,0,0,0,focus
ogbn-products,128_128_128,fused_full_accurate,1,prefetch,18.1124210358,523976,0,focus
ogbn-products,128_128_128,fused_full_accurate,1,BF16_H_load,17.790555954,523976,0,focus
ogbn-products,128_128_128,fused_full_accurate,1,BF16_decode,15.7389640808,523976,0,focus
ogbn-products,128_128_128,fused_full_accurate,1,cold_FP32_reduce,13.7829780579,523976,0,focus
ogbn-products,128_128_128,fused_full_accurate,1,FP32_Q_load,0,0,0,focus
ogbn-products,128_128_128,fused_full_accurate,1,hot_FP32_reduce,0,0,0,focus
ogbn-products,128_128_128,fused_full_accurate,1,partial_state_store,0.41389465332,14260,0,focus
ogbn-products,128_128_128,fused_full_accurate,1,partial_hi_pack,2.18987464905,75136,0,focus
ogbn-products,128_128_128,fused_full_accurate,1,partial_lo_pack,2.14123725891,75136,0,focus
ogbn-products,128_128_128,fused_full_accurate,1,AMX_A_load,0.284433364868,9392,0,focus
ogbn-products,128_128_128,fused_full_accurate,1,AMX_B_load,0.894784927368,18784,0,focus
ogbn-products,128_128_128,fused_full_accurate,1,AMX_compute,1.76334381104,18784,0,focus
ogbn-products,128_128_128,fused_full_accurate,1,C_store,0.0722408294678,1174,0,focus
ogbn-products,128_128_128,fused_full_accurate,1,hot_cold_merge,0,0,0,focus
ogbn-products,128_128_128,fused_full_accurate,1,output_scatter,1.39307975769,9573,0,focus
ogbn-products,128_128_128,fused_full_accurate,1,cache_H_gather,0,0,0,focus
ogbn-products,128_128_128,fused_full_accurate,1,cache_Q_store,0,0,0,focus
ogbn-products,128_128_128,fused_full_accurate,1,thread_amx_release,0.00286102294922,32,0,focus
ogbn-products,128_128_128,fused_full_accurate,1,partial_state_load,0.429153442383,14260,0,focus
ogbn-products,128_128_128,fused_full_accurate,2,thread_amx_setup,0.0240802764893,32,0,focus
ogbn-products,128_128_128,fused_full_accurate,2,row_metadata,0.323057174683,599,0,focus
ogbn-products,128_128_128,fused_full_accurate,2,partial_init,0.145673751831,599,0,focus
ogbn-products,128_128_128,fused_full_accurate,2,csr_index,15.49243927,523976,0,focus
ogbn-products,128_128_128,fused_full_accurate,2,cache_membership,0,0,0,focus
ogbn-products,128_128_128,fused_full_accurate,2,prefetch,20.9572315216,523976,0,focus
ogbn-products,128_128_128,fused_full_accurate,2,BF16_H_load,17.6775455475,523976,0,focus
ogbn-products,128_128_128,fused_full_accurate,2,BF16_decode,15.9237384796,523976,0,focus
ogbn-products,128_128_128,fused_full_accurate,2,cold_FP32_reduce,13.7021541595,523976,0,focus
ogbn-products,128_128_128,fused_full_accurate,2,FP32_Q_load,0,0,0,focus
ogbn-products,128_128_128,fused_full_accurate,2,hot_FP32_reduce,0,0,0,focus
ogbn-products,128_128_128,fused_full_accurate,2,partial_state_store,0.433206558228,14260,0,focus
ogbn-products,128_128_128,fused_full_accurate,2,partial_hi_pack,2.17294692993,75136,0,focus
ogbn-products,128_128_128,fused_full_accurate,2,partial_lo_pack,2.17604637146,75136,0,focus
ogbn-products,128_128_128,fused_full_accurate,2,AMX_A_load,0.260829925537,9392,0,focus
ogbn-products,128_128_128,fused_full_accurate,2,AMX_B_load,0.9605884552,18784,0,focus
ogbn-products,128_128_128,fused_full_accurate,2,AMX_compute,1.76906585693,18784,0,focus
ogbn-products,128_128_128,fused_full_accurate,2,C_store,0.0793933868408,1174,0,focus
ogbn-products,128_128_128,fused_full_accurate,2,hot_cold_merge,0,0,0,focus
ogbn-products,128_128_128,fused_full_accurate,2,output_scatter,0.930786132812,9573,0,focus
ogbn-products,128_128_128,fused_full_accurate,2,cache_H_gather,0,0,0,focus
ogbn-products,128_128_128,fused_full_accurate,2,cache_Q_store,0,0,0,focus
ogbn-products,128_128_128,fused_full_accurate,2,thread_amx_release,0.00309944152832,32,0,focus
ogbn-products,128_128_128,fused_full_accurate,2,partial_state_load,0.471830368042,14260,0,focus
ogbn-products,128_128_128,hybrid_none,1,thread_amx_setup,0.0557899475098,32,0,focus
ogbn-products,128_128_128,hybrid_none,1,row_metadata,0.32639503479,599,0,focus
ogbn-products,128_128_128,hybrid_none,1,partial_init,0.233173370361,599,0,focus
ogbn-products,128_128_128,hybrid_none,1,csr_index,15.3300762177,523976,0,focus
ogbn-products,128_128_128,hybrid_none,1,cache_membership,13.9594078064,523976,0,focus
ogbn-products,128_128_128,hybrid_none,1,prefetch,41.0697460175,523976,0,focus
ogbn-products,128_128_128,hybrid_none,1,BF16_H_load,16.5295600891,523976,0,focus
ogbn-products,128_128_128,hybrid_none,1,BF16_decode,14.0416622162,523976,0,focus
ogbn-products,128_128_128,hybrid_none,1,cold_FP32_reduce,16.9444084167,523976,0,focus
ogbn-products,128_128_128,hybrid_none,1,FP32_Q_load,0,0,0,focus
ogbn-products,128_128_128,hybrid_none,1,hot_FP32_reduce,0,0,0,focus
ogbn-products,128_128_128,hybrid_none,1,partial_state_store,0.446081161499,14260,0,focus
ogbn-products,128_128_128,hybrid_none,1,partial_hi_pack,2.08616256714,75136,0,focus
ogbn-products,128_128_128,hybrid_none,1,partial_lo_pack,2.11358070374,75136,0,focus
ogbn-products,128_128_128,hybrid_none,1,AMX_A_load,0.322580337524,9392,0,focus
ogbn-products,128_128_128,hybrid_none,1,AMX_B_load,0.989675521851,18784,0,focus
ogbn-products,128_128_128,hybrid_none,1,AMX_compute,1.620054245,18784,0,focus
ogbn-products,128_128_128,hybrid_none,1,C_store,0.0712871551514,1174,0,focus
ogbn-products,128_128_128,hybrid_none,1,hot_cold_merge,0.365972518921,9573,0,focus
ogbn-products,128_128_128,hybrid_none,1,output_scatter,1.44267082214,9573,0,focus
ogbn-products,128_128_128,hybrid_none,1,cache_H_gather,0,0,0,focus
ogbn-products,128_128_128,hybrid_none,1,cache_Q_store,0,0,0,focus
ogbn-products,128_128_128,hybrid_none,1,thread_amx_release,0.00190734863281,32,0,focus
ogbn-products,128_128_128,hybrid_none,1,partial_state_load,0.435829162598,14260,0,focus
ogbn-products,128_128_128,hybrid_none,2,thread_amx_setup,0.0195503234863,32,0,focus
ogbn-products,128_128_128,hybrid_none,2,row_metadata,0.325202941895,599,0,focus
ogbn-products,128_128_128,hybrid_none,2,partial_init,0.208854675293,599,0,focus
ogbn-products,128_128_128,hybrid_none,2,csr_index,15.193939209,523976,0,focus
ogbn-products,128_128_128,hybrid_none,2,cache_membership,14.0416622162,523976,0,focus
ogbn-products,128_128_128,hybrid_none,2,prefetch,43.8144207001,523976,0,focus
ogbn-products,128_128_128,hybrid_none,2,BF16_H_load,16.6516304016,523976,0,focus
ogbn-products,128_128_128,hybrid_none,2,BF16_decode,13.8084888458,523976,0,focus
ogbn-products,128_128_128,hybrid_none,2,cold_FP32_reduce,16.8888568878,523976,0,focus
ogbn-products,128_128_128,hybrid_none,2,FP32_Q_load,0,0,0,focus
ogbn-products,128_128_128,hybrid_none,2,hot_FP32_reduce,0,0,0,focus
ogbn-products,128_128_128,hybrid_none,2,partial_state_store,0.404834747314,14260,0,focus
ogbn-products,128_128_128,hybrid_none,2,partial_hi_pack,2.06899642944,75136,0,focus
ogbn-products,128_128_128,hybrid_none,2,partial_lo_pack,2.12955474854,75136,0,focus
ogbn-products,128_128_128,hybrid_none,2,AMX_A_load,0.265836715698,9392,0,focus
ogbn-products,128_128_128,hybrid_none,2,AMX_B_load,0.994205474854,18784,0,focus
ogbn-products,128_128_128,hybrid_none,2,AMX_compute,1.58953666687,18784,0,focus
ogbn-products,128_128_128,hybrid_none,2,C_store,0.0638961791992,1174,0,focus
ogbn-products,128_128_128,hybrid_none,2,hot_cold_merge,0.309944152832,9573,0,focus
ogbn-products,128_128_128,hybrid_none,2,output_scatter,0.969171524048,9573,0,focus
ogbn-products,128_128_128,hybrid_none,2,cache_H_gather,0,0,0,focus
ogbn-products,128_128_128,hybrid_none,2,cache_Q_store,0,0,0,focus
ogbn-products,128_128_128,hybrid_none,2,thread_amx_release,0.00572204589844,32,0,focus
ogbn-products,128_128_128,hybrid_none,2,partial_state_load,0.437021255493,14260,0,focus
ogbn-products,128_128_128,top_1_64,1,thread_amx_setup,0.049352645874,64,0,focus
ogbn-products,128_128_128,top_1_64,1,row_metadata,0.319957733154,599,0,focus
ogbn-products,128_128_128,top_1_64,1,partial_init,0.271081924438,599,0,focus
ogbn-products,128_128_128,top_1_64,1,csr_index,15.3229236603,523976,0,focus
ogbn-products,128_128_128,top_1_64,1,cache_membership,14.1322612762,523976,0,focus
ogbn-products,128_128_128,top_1_64,1,prefetch,40.2307510376,523976,0,focus
ogbn-products,128_128_128,top_1_64,1,BF16_H_load,14.2586231232,439899,0,focus
ogbn-products,128_128_128,top_1_64,1,BF16_decode,11.8093490601,439899,0,focus
ogbn-products,128_128_128,top_1_64,1,cold_FP32_reduce,14.3358707428,439899,0,focus
ogbn-products,128_128_128,top_1_64,1,FP32_Q_load,2.6957988739,84077,0,focus
ogbn-products,128_128_128,top_1_64,1,hot_FP32_reduce,2.50673294067,84077,0,focus
ogbn-products,128_128_128,top_1_64,1,partial_state_store,0.44059753418,14260,0,focus
ogbn-products,128_128_128,top_1_64,1,partial_hi_pack,2.16579437256,75136,0,focus
ogbn-products,128_128_128,top_1_64,1,partial_lo_pack,2.10332870483,75136,0,focus
ogbn-products,128_128_128,top_1_64,1,AMX_A_load,0.297784805298,9480,0,focus
ogbn-products,128_128_128,top_1_64,1,AMX_B_load,0.916957855225,18960,0,focus
ogbn-products,128_128_128,top_1_64,1,AMX_compute,1.66964530945,18960,0,focus
ogbn-products,128_128_128,top_1_64,1,C_store,0.0569820404053,1196,0,focus
ogbn-products,128_128_128,top_1_64,1,hot_cold_merge,0.3662109375,9573,0,focus
ogbn-products,128_128_128,top_1_64,1,output_scatter,1.46460533142,9573,0,focus
ogbn-products,128_128_128,top_1_64,1,cache_H_gather,0.0121593475342,11,0,focus
ogbn-products,128_128_128,top_1_64,1,cache_Q_store,0.0448226928711,11,0,focus
ogbn-products,128_128_128,top_1_64,1,thread_amx_release,0.00429153442383,64,0,focus
ogbn-products,128_128_128,top_1_64,1,partial_state_load,0.444173812866,14260,0,focus
ogbn-products,128_128_128,top_1_64,2,thread_amx_setup,0.0364780426025,64,0,focus
ogbn-products,128_128_128,top_1_64,2,row_metadata,0.310182571411,599,0,focus
ogbn-products,128_128_128,top_1_64,2,partial_init,0.22554397583,599,0,focus
ogbn-products,128_128_128,top_1_64,2,csr_index,15.4960155487,523976,0,focus
ogbn-products,128_128_128,top_1_64,2,cache_membership,14.0020847321,523976,0,focus
ogbn-products,128_128_128,top_1_64,2,prefetch,44.3289279938,523976,0,focus
ogbn-products,128_128_128,top_1_64,2,BF16_H_load,13.911485672,439899,0,focus
ogbn-products,128_128_128,top_1_64,2,BF16_decode,11.7571353912,439899,0,focus
ogbn-products,128_128_128,top_1_64,2,cold_FP32_reduce,14.3711566925,439899,0,focus
ogbn-products,128_128_128,top_1_64,2,FP32_Q_load,2.6216506958,84077,0,focus
ogbn-products,128_128_128,top_1_64,2,hot_FP32_reduce,2.49338150024,84077,0,focus
ogbn-products,128_128_128,top_1_64,2,partial_state_store,0.408887863159,14260,0,focus
ogbn-products,128_128_128,top_1_64,2,partial_hi_pack,2.19702720642,75136,0,focus
ogbn-products,128_128_128,top_1_64,2,partial_lo_pack,2.13980674744,75136,0,focus
ogbn-products,128_128_128,top_1_64,2,AMX_A_load,0.308990478516,9480,0,focus
ogbn-products,128_128_128,top_1_64,2,AMX_B_load,1.04093551636,18960,0,focus
ogbn-products,128_128_128,top_1_64,2,AMX_compute,1.65438652039,18960,0,focus
ogbn-products,128_128_128,top_1_64,2,C_store,0.0753402709961,1196,0,focus
ogbn-products,128_128_128,top_1_64,2,hot_cold_merge,0.323057174683,9573,0,focus
ogbn-products,128_128_128,top_1_64,2,output_scatter,0.9765625,9573,0,focus
ogbn-products,128_128_128,top_1_64,2,cache_H_gather,0.00905990600586,11,0,focus
ogbn-products,128_128_128,top_1_64,2,cache_Q_store,0.0512599945068,11,0,focus
ogbn-products,128_128_128,top_1_64,2,thread_amx_release,0.00691413879395,64,0,focus
ogbn-products,128_128_128,top_1_64,2,partial_state_load,0.463962554932,14260,0,focus
ogbn-products,128_128_128,top_1_16,1,thread_amx_setup,0.0753402709961,64,0,focus
ogbn-products,128_128_128,top_1_16,1,row_metadata,0.32377243042,599,0,focus
ogbn-products,128_128_128,top_1_16,1,partial_init,0.259160995483,599,0,focus
ogbn-products,128_128_128,top_1_16,1,csr_index,15.2778625488,523976,0,focus
ogbn-products,128_128_128,top_1_16,1,cache_membership,14.1327381134,523976,0,focus
ogbn-products,128_128_128,top_1_16,1,prefetch,44.0559387207,523976,0,focus
ogbn-products,128_128_128,top_1_16,1,BF16_H_load,11.0733509064,342654,0,focus
ogbn-products,128_128_128,top_1_16,1,BF16_decode,9.20248031616,342654,0,focus
ogbn-products,128_128_128,top_1_16,1,cold_FP32_reduce,11.2216472626,342654,0,focus
ogbn-products,128_128_128,top_1_16,1,FP32_Q_load,5.97405433655,181322,0,focus
ogbn-products,128_128_128,top_1_16,1,hot_FP32_reduce,5.42545318604,181322,0,focus
ogbn-products,128_128_128,top_1_16,1,partial_state_store,0.446796417236,14260,0,focus
ogbn-products,128_128_128,top_1_16,1,partial_hi_pack,2.11906433105,75136,0,focus
ogbn-products,128_128_128,top_1_16,1,partial_lo_pack,2.13360786438,75136,0,focus
ogbn-products,128_128_128,top_1_16,1,AMX_A_load,0.293254852295,9704,0,focus
ogbn-products,128_128_128,top_1_16,1,AMX_B_load,0.87833404541,19408,0,focus
ogbn-products,128_128_128,top_1_16,1,AMX_compute,1.72996520996,19408,0,focus
ogbn-products,128_128_128,top_1_16,1,C_store,0.06103515625,1252,0,focus
ogbn-products,128_128_128,top_1_16,1,hot_cold_merge,0.373363494873,9573,0,focus
ogbn-products,128_128_128,top_1_16,1,output_scatter,1.46150588989,9573,0,focus
ogbn-products,128_128_128,top_1_16,1,cache_H_gather,0.0450611114502,39,0,focus
ogbn-products,128_128_128,top_1_16,1,cache_Q_store,0.0650882720947,39,0,focus
ogbn-products,128_128_128,top_1_16,1,thread_amx_release,0.00476837158203,64,0,focus
ogbn-products,128_128_128,top_1_16,1,partial_state_load,0.443696975708,14260,0,focus
ogbn-products,128_128_128,top_1_16,2,thread_amx_setup,0.0686645507812,64,0,focus
ogbn-products,128_128_128,top_1_16,2,row_metadata,0.308752059937,599,0,focus
ogbn-products,128_128_128,top_1_16,2,partial_init,0.239133834839,599,0,focus
ogbn-products,128_128_128,top_1_16,2,csr_index,15.0966644287,523976,0,focus
ogbn-products,128_128_128,top_1_16,2,cache_membership,14.1537189484,523976,0,focus
ogbn-products,128_128_128,top_1_16,2,prefetch,46.4055538177,523976,0,focus
ogbn-products,128_128_128,top_1_16,2,BF16_H_load,10.9140872955,342654,0,focus
ogbn-products,128_128_128,top_1_16,2,BF16_decode,9.17530059814,342654,0,focus
ogbn-products,128_128_128,top_1_16,2,cold_FP32_reduce,11.2023353577,342654,0,focus
ogbn-products,128_128_128,top_1_16,2,FP32_Q_load,6.09469413757,181322,0,focus
ogbn-products,128_128_128,top_1_16,2,hot_FP32_reduce,5.30529022217,181322,0,focus
ogbn-products,128_128_128,top_1_16,2,partial_state_store,0.41651725769,14260,0,focus
ogbn-products,128_128_128,top_1_16,2,partial_hi_pack,2.06804275513,75136,0,focus
ogbn-products,128_128_128,top_1_16,2,partial_lo_pack,2.05993652344,75136,0,focus
ogbn-products,128_128_128,top_1_16,2,AMX_A_load,0.317096710205,9704,0,focus
ogbn-products,128_128_128,top_1_16,2,AMX_B_load,0.973701477051,19408,0,focus
ogbn-products,128_128_128,top_1_16,2,AMX_compute,1.65247917175,19408,0,focus
ogbn-products,128_128_128,top_1_16,2,C_store,0.0669956207275,1252,0,focus
ogbn-products,128_128_128,top_1_16,2,hot_cold_merge,0.351905822754,9573,0,focus
ogbn-products,128_128_128,top_1_16,2,output_scatter,1.05738639832,9573,0,focus
ogbn-products,128_128_128,top_1_16,2,cache_H_gather,0.0374317169189,39,0,focus
ogbn-products,128_128_128,top_1_16,2,cache_Q_store,0.0548362731934,39,0,focus
ogbn-products,128_128_128,top_1_16,2,thread_amx_release,0.00286102294922,64,0,focus
ogbn-products,128_128_128,top_1_16,2,partial_state_load,0.412940979004,14260,0,focus
ogbn-products,128_128_128,top_1_4,1,thread_amx_setup,0.0646114349365,64,0,focus
ogbn-products,128_128_128,top_1_4,1,row_metadata,0.307083129883,599,0,focus
ogbn-products,128_128_128,top_1_4,1,partial_init,0.250577926636,599,0,focus
ogbn-products,128_128_128,top_1_4,1,csr_index,15.2606964111,523976,0,focus
ogbn-products,128_128_128,top_1_4,1,cache_membership,14.3089294434,523976,0,focus
ogbn-products,128_128_128,top_1_4,1,prefetch,53.4398555756,523976,0,focus
ogbn-products,128_128_128,top_1_4,1,BF16_H_load,5.06663322449,152105,0,focus
ogbn-products,128_128_128,top_1_4,1,BF16_decode,3.95703315735,152105,0,focus
ogbn-products,128_128_128,top_1_4,1,cold_FP32_reduce,4.87756729126,152105,0,focus
ogbn-products,128_128_128,top_1_4,1,FP32_Q_load,12.7284526825,371871,0,focus
ogbn-products,128_128_128,top_1_4,1,hot_FP32_reduce,11.1379623413,371871,0,focus
ogbn-products,128_128_128,top_1_4,1,partial_state_store,0.467300415039,14260,0,focus
ogbn-products,128_128_128,top_1_4,1,partial_hi_pack,2.0809173584,75136,0,focus
ogbn-products,128_128_128,top_1_4,1,partial_lo_pack,2.12121009827,75136,0,focus
ogbn-products,128_128_128,top_1_4,1,AMX_A_load,0.305414199829,10600,0,focus
ogbn-products,128_128_128,top_1_4,1,AMX_B_load,1.05547904968,21200,0,focus
ogbn-products,128_128_128,top_1_4,1,AMX_compute,1.76382064819,21200,0,focus
ogbn-products,128_128_128,top_1_4,1,C_store,0.0870227813721,1476,0,focus
ogbn-products,128_128_128,top_1_4,1,hot_cold_merge,0.339269638062,9573,0,focus
ogbn-products,128_128_128,top_1_4,1,output_scatter,1.54972076416,9573,0,focus
ogbn-products,128_128_128,top_1_4,1,cache_H_gather,0.131130218506,151,0,focus
ogbn-products,128_128_128,top_1_4,1,cache_Q_store,0.12731552124,151,0,focus
ogbn-products,128_128_128,top_1_4,1,thread_amx_release,0.00596046447754,64,0,focus
ogbn-products,128_128_128,top_1_4,1,partial_state_load,0.461578369141,14260,0,focus
ogbn-products,128_128_128,top_1_4,2,thread_amx_setup,0.0522136688232,64,0,focus
ogbn-products,128_128_128,top_1_4,2,row_metadata,0.322580337524,599,0,focus
ogbn-products,128_128_128,top_1_4,2,partial_init,0.211954116821,599,0,focus
ogbn-products,128_128_128,top_1_4,2,csr_index,15.2678489685,523976,0,focus
ogbn-products,128_128_128,top_1_4,2,cache_membership,14.3413543701,523976,0,focus
ogbn-products,128_128_128,top_1_4,2,prefetch,54.7249317169,523976,0,focus
ogbn-products,128_128_128,top_1_4,2,BF16_H_load,5.07664680481,152105,0,focus
ogbn-products,128_128_128,top_1_4,2,BF16_decode,4.05931472778,152105,0,focus
ogbn-products,128_128_128,top_1_4,2,cold_FP32_reduce,4.87422943115,152105,0,focus
ogbn-products,128_128_128,top_1_4,2,FP32_Q_load,12.7327442169,371871,0,focus
ogbn-products,128_128_128,top_1_4,2,hot_FP32_reduce,11.1260414124,371871,0,focus
ogbn-products,128_128_128,top_1_4,2,partial_state_store,0.427961349487,14260,0,focus
ogbn-products,128_128_128,top_1_4,2,partial_hi_pack,2.03394889832,75136,0,focus
ogbn-products,128_128_128,top_1_4,2,partial_lo_pack,2.16674804688,75136,0,focus
ogbn-products,128_128_128,top_1_4,2,AMX_A_load,0.308275222778,10600,0,focus
ogbn-products,128_128_128,top_1_4,2,AMX_B_load,1.08647346497,21200,0,focus
ogbn-products,128_128_128,top_1_4,2,AMX_compute,1.77335739136,21200,0,focus
ogbn-products,128_128_128,top_1_4,2,C_store,0.0720024108887,1476,0,focus
ogbn-products,128_128_128,top_1_4,2,hot_cold_merge,0.347852706909,9573,0,focus
ogbn-products,128_128_128,top_1_4,2,output_scatter,1.16062164307,9573,0,focus
ogbn-products,128_128_128,top_1_4,2,cache_H_gather,0.140190124512,151,0,focus
ogbn-products,128_128_128,top_1_4,2,cache_Q_store,0.120162963867,151,0,focus
ogbn-products,128_128_128,top_1_4,2,thread_amx_release,0.00643730163574,64,0,focus
ogbn-products,128_128_128,top_1_4,2,partial_state_load,0.458717346191,14260,0,focus
ogbn-products,128_128_128,hybrid_all,1,thread_amx_setup,0.107049942017,64,0,focus
ogbn-products,128_128_128,hybrid_all,1,row_metadata,0.271320343018,599,0,focus
ogbn-products,128_128_128,hybrid_all,1,partial_init,0.216722488403,599,0,focus
ogbn-products,128_128_128,hybrid_all,1,csr_index,14.9126052856,523976,0,focus
ogbn-products,128_128_128,hybrid_all,1,cache_membership,14.1990184784,523976,0,focus
ogbn-products,128_128_128,hybrid_all,1,prefetch,49.1859912872,523976,0,focus
ogbn-products,128_128_128,hybrid_all,1,BF16_H_load,0,0,0,focus
ogbn-products,128_128_128,hybrid_all,1,BF16_decode,0,0,0,focus
ogbn-products,128_128_128,hybrid_all,1,cold_FP32_reduce,0,0,0,focus
ogbn-products,128_128_128,hybrid_all,1,FP32_Q_load,17.9312229156,523976,0,focus
ogbn-products,128_128_128,hybrid_all,1,hot_FP32_reduce,15.4564380646,523976,0,focus
ogbn-products,128_128_128,hybrid_all,1,partial_state_store,0.465154647827,14260,0,focus
ogbn-products,128_128_128,hybrid_all,1,partial_hi_pack,0,0,0,focus
ogbn-products,128_128_128,hybrid_all,1,partial_lo_pack,0,0,0,focus
ogbn-products,128_128_128,hybrid_all,1,AMX_A_load,0.167608261108,4792,0,focus
ogbn-products,128_128_128,hybrid_all,1,AMX_B_load,0.420808792114,9584,0,focus
ogbn-products,128_128_128,hybrid_all,1,AMX_compute,0.55980682373,9584,0,focus
ogbn-products,128_128_128,hybrid_all,1,C_store,0.0574588775635,1198,0,focus
ogbn-products,128_128_128,hybrid_all,1,hot_cold_merge,0.326871871948,9573,0,focus
ogbn-products,128_128_128,hybrid_all,1,output_scatter,1.44600868225,9573,0,focus
ogbn-products,128_128_128,hybrid_all,1,cache_H_gather,0.328302383423,599,0,focus
ogbn-products,128_128_128,hybrid_all,1,cache_Q_store,0.341415405273,599,0,focus
ogbn-products,128_128_128,hybrid_all,1,thread_amx_release,0.00476837158203,64,0,focus
ogbn-products,128_128_128,hybrid_all,1,partial_state_load,0.454425811768,14260,0,focus
ogbn-products,128_128_128,hybrid_all,2,thread_amx_setup,0.0631809234619,64,0,focus
ogbn-products,128_128_128,hybrid_all,2,row_metadata,0.276803970337,599,0,focus
ogbn-products,128_128_128,hybrid_all,2,partial_init,0.17786026001,599,0,focus
ogbn-products,128_128_128,hybrid_all,2,csr_index,14.931678772,523976,0,focus
ogbn-products,128_128_128,hybrid_all,2,cache_membership,13.7252807617,523976,0,focus
ogbn-products,128_128_128,hybrid_all,2,prefetch,49.2150783539,523976,0,focus
ogbn-products,128_128_128,hybrid_all,2,BF16_H_load,0,0,0,focus
ogbn-products,128_128_128,hybrid_all,2,BF16_decode,0,0,0,focus
ogbn-products,128_128_128,hybrid_all,2,cold_FP32_reduce,0,0,0,focus
ogbn-products,128_128_128,hybrid_all,2,FP32_Q_load,18.1677341461,523976,0,focus
ogbn-products,128_128_128,hybrid_all,2,hot_FP32_reduce,15.2986049652,523976,0,focus
ogbn-products,128_128_128,hybrid_all,2,partial_state_store,0.432252883911,14260,0,focus
ogbn-products,128_128_128,hybrid_all,2,partial_hi_pack,0,0,0,focus
ogbn-products,128_128_128,hybrid_all,2,partial_lo_pack,0,0,0,focus
ogbn-products,128_128_128,hybrid_all,2,AMX_A_load,0.167608261108,4792,0,focus
ogbn-products,128_128_128,hybrid_all,2,AMX_B_load,0.398397445679,9584,0,focus
ogbn-products,128_128_128,hybrid_all,2,AMX_compute,0.546455383301,9584,0,focus
ogbn-products,128_128_128,hybrid_all,2,C_store,0.0770092010498,1198,0,focus
ogbn-products,128_128_128,hybrid_all,2,hot_cold_merge,0.304222106934,9573,0,focus
ogbn-products,128_128_128,hybrid_all,2,output_scatter,1.02543830872,9573,0,focus
ogbn-products,128_128_128,hybrid_all,2,cache_H_gather,0.302314758301,599,0,focus
ogbn-products,128_128_128,hybrid_all,2,cache_Q_store,0.355243682861,599,0,focus
ogbn-products,128_128_128,hybrid_all,2,thread_amx_release,0.00381469726562,64,0,focus
ogbn-products,128_128_128,hybrid_all,2,partial_state_load,0.514507293701,14260,0,focus
ogbn-products,128_128_128,project_all,1,thread_amx_setup,5.202293396,64,0,focus
ogbn-products,128_128_128,project_all,1,row_metadata,0.251770019531,599,0,focus
ogbn-products,128_128_128,project_all,1,partial_init,0.0944137573242,599,0,focus
ogbn-products,128_128_128,project_all,1,csr_index,15.0599479675,523976,0,focus
ogbn-products,128_128_128,project_all,1,cache_membership,0,0,0,focus
ogbn-products,128_128_128,project_all,1,prefetch,22.5601196289,523976,0,focus
ogbn-products,128_128_128,project_all,1,BF16_H_load,0,0,0,focus
ogbn-products,128_128_128,project_all,1,BF16_decode,0,0,0,focus
ogbn-products,128_128_128,project_all,1,cold_FP32_reduce,0,0,0,focus
ogbn-products,128_128_128,project_all,1,FP32_Q_load,23.9624977112,523976,0,focus
ogbn-products,128_128_128,project_all,1,hot_FP32_reduce,13.8082504272,523976,0,focus
ogbn-products,128_128_128,project_all,1,partial_state_store,0.395536422729,14260,0,focus
ogbn-products,128_128_128,project_all,1,partial_hi_pack,0,0,0,focus
ogbn-products,128_128_128,project_all,1,partial_lo_pack,0,0,0,focus
ogbn-products,128_128_128,project_all,1,AMX_A_load,0.161647796631,4792,0,focus
ogbn-products,128_128_128,project_all,1,AMX_B_load,0.394105911255,9584,0,focus
ogbn-products,128_128_128,project_all,1,AMX_compute,0.487327575684,9584,0,focus
ogbn-products,128_128_128,project_all,1,C_store,0.0741481781006,1198,0,focus
ogbn-products,128_128_128,project_all,1,hot_cold_merge,0.320911407471,9573,0,focus
ogbn-products,128_128_128,project_all,1,output_scatter,1.50871276855,9573,0,focus
ogbn-products,128_128_128,project_all,1,cache_H_gather,0.338554382324,599,0,focus
ogbn-products,128_128_128,project_all,1,cache_Q_store,0.360727310181,599,0,focus
ogbn-products,128_128_128,project_all,1,thread_amx_release,0.00309944152832,64,0,focus
ogbn-products,128_128_128,project_all,1,partial_state_load,0.446557998657,14260,0,focus
ogbn-products,128_128_128,project_all,2,thread_amx_setup,0.0648498535156,64,0,focus
ogbn-products,128_128_128,project_all,2,row_metadata,0.262498855591,599,0,focus
ogbn-products,128_128_128,project_all,2,partial_init,0.0743865966797,599,0,focus
ogbn-products,128_128_128,project_all,2,csr_index,14.9779319763,523976,0,focus
ogbn-products,128_128_128,project_all,2,cache_membership,0,0,0,focus
ogbn-products,128_128_128,project_all,2,prefetch,23.4291553497,523976,0,focus
ogbn-products,128_128_128,project_all,2,BF16_H_load,0,0,0,focus
ogbn-products,128_128_128,project_all,2,BF16_decode,0,0,0,focus
ogbn-products,128_128_128,project_all,2,cold_FP32_reduce,0,0,0,focus
ogbn-products,128_128_128,project_all,2,FP32_Q_load,23.9195823669,523976,0,focus
ogbn-products,128_128_128,project_all,2,hot_FP32_reduce,13.7851238251,523976,0,focus
ogbn-products,128_128_128,project_all,2,partial_state_store,0.395774841309,14260,0,focus
ogbn-products,128_128_128,project_all,2,partial_hi_pack,0,0,0,focus
ogbn-products,128_128_128,project_all,2,partial_lo_pack,0,0,0,focus
ogbn-products,128_128_128,project_all,2,AMX_A_load,0.138521194458,4792,0,focus
ogbn-products,128_128_128,project_all,2,AMX_B_load,0.437259674072,9584,0,focus
ogbn-products,128_128_128,project_all,2,AMX_compute,0.5202293396,9584,0,focus
ogbn-products,128_128_128,project_all,2,C_store,0.0710487365723,1198,0,focus
ogbn-products,128_128_128,project_all,2,hot_cold_merge,0.309705734253,9573,0,focus
ogbn-products,128_128_128,project_all,2,output_scatter,1.056432724,9573,0,focus
ogbn-products,128_128_128,project_all,2,cache_H_gather,0.287055969238,599,0,focus
ogbn-products,128_128_128,project_all,2,cache_Q_store,0.375270843506,599,0,focus
ogbn-products,128_128_128,project_all,2,thread_amx_release,0.00667572021484,64,0,focus
ogbn-products,128_128_128,project_all,2,partial_state_load,0.547409057617,14260,0,focus
ogbn-products,128_128_128,project_used,1,thread_amx_setup,0.0739097595215,64,0,focus
ogbn-products,128_128_128,project_used,1,row_metadata,0.270366668701,599,0,focus
ogbn-products,128_128_128,project_used,1,partial_init,0.0972747802734,599,0,focus
ogbn-products,128_128_128,project_used,1,csr_index,15.3434276581,523976,0,focus
ogbn-products,128_128_128,project_used,1,cache_membership,14.2343044281,523976,0,focus
ogbn-products,128_128_128,project_used,1,prefetch,60.9951019287,523976,0,focus
ogbn-products,128_128_128,project_used,1,BF16_H_load,0,0,0,focus
ogbn-products,128_128_128,project_used,1,BF16_decode,0,0,0,focus
ogbn-products,128_128_128,project_used,1,cold_FP32_reduce,0,0,0,focus
ogbn-products,128_128_128,project_used,1,FP32_Q_load,17.927646637,523976,0,focus
ogbn-products,128_128_128,project_used,1,hot_FP32_reduce,13.6358737946,523976,0,focus
ogbn-products,128_128_128,project_used,1,partial_state_store,0.399589538574,14260,0,focus
ogbn-products,128_128_128,project_used,1,partial_hi_pack,0,0,0,focus
ogbn-products,128_128_128,project_used,1,partial_lo_pack,0,0,0,focus
ogbn-products,128_128_128,project_used,1,AMX_A_load,0.162124633789,4704,0,focus
ogbn-products,128_128_128,project_used,1,AMX_B_load,0.386238098145,9408,0,focus
ogbn-products,128_128_128,project_used,1,AMX_compute,0.757694244385,9408,0,focus
ogbn-products,128_128_128,project_used,1,C_store,0.072717666626,1176,0,focus
ogbn-products,128_128_128,project_used,1,hot_cold_merge,0.280141830444,9573,0,focus
ogbn-products,128_128_128,project_used,1,output_scatter,1.53803825378,9573,0,focus
ogbn-products,128_128_128,project_used,1,cache_H_gather,0.473737716675,588,0,focus
ogbn-products,128_128_128,project_used,1,cache_Q_store,0.405550003052,588,0,focus
ogbn-products,128_128_128,project_used,1,thread_amx_release,0.00500679016113,64,0,focus
ogbn-products,128_128_128,project_used,1,partial_state_load,0.435590744019,14260,0,focus
ogbn-products,128_128_128,project_used,2,thread_amx_setup,0.0832080841064,64,0,focus
ogbn-products,128_128_128,project_used,2,row_metadata,0.246047973633,599,0,focus
ogbn-products,128_128_128,project_used,2,partial_init,0.0874996185303,599,0,focus
ogbn-products,128_128_128,project_used,2,csr_index,14.9123668671,523976,0,focus
ogbn-products,128_128_128,project_used,2,cache_membership,14.1644477844,523976,0,focus
ogbn-products,128_128_128,project_used,2,prefetch,61.0988140106,523976,0,focus
ogbn-products,128_128_128,project_used,2,BF16_H_load,0,0,0,focus
ogbn-products,128_128_128,project_used,2,BF16_decode,0,0,0,focus
ogbn-products,128_128_128,project_used,2,cold_FP32_reduce,0,0,0,focus
ogbn-products,128_128_128,project_used,2,FP32_Q_load,18.150806427,523976,0,focus
ogbn-products,128_128_128,project_used,2,hot_FP32_reduce,13.6609077454,523976,0,focus
ogbn-products,128_128_128,project_used,2,partial_state_store,0.439882278442,14260,0,focus
ogbn-products,128_128_128,project_used,2,partial_hi_pack,0,0,0,focus
ogbn-products,128_128_128,project_used,2,partial_lo_pack,0,0,0,focus
ogbn-products,128_128_128,project_used,2,AMX_A_load,0.187397003174,4704,0,focus
ogbn-products,128_128_128,project_used,2,AMX_B_load,0.408172607422,9408,0,focus
ogbn-products,128_128_128,project_used,2,AMX_compute,0.907182693481,9408,0,focus
ogbn-products,128_128_128,project_used,2,C_store,0.0708103179932,1176,0,focus
ogbn-products,128_128_128,project_used,2,hot_cold_merge,0.313282012939,9573,0,focus
ogbn-products,128_128_128,project_used,2,output_scatter,1.03759765625,9573,0,focus
ogbn-products,128_128_128,project_used,2,cache_H_gather,0.482082366943,588,0,focus
ogbn-products,128_128_128,project_used,2,cache_Q_store,0.400066375732,588,0,focus
ogbn-products,128_128_128,project_used,2,thread_amx_release,0.00524520874023,64,0,focus
ogbn-products,128_128_128,project_used,2,partial_state_load,0.43249130249,14260,0,focus
ogbn-products,128_128_128,project_used_L1_full_L2,1,thread_amx_setup,0.0782012939453,64,0,focus
ogbn-products,128_128_128,project_used_L1_full_L2,1,row_metadata,0.267028808594,599,0,focus
ogbn-products,128_128_128,project_used_L1_full_L2,1,partial_init,0.101327896118,599,0,focus
ogbn-products,128_128_128,project_used_L1_full_L2,1,csr_index,15.2225494385,523976,0,focus
ogbn-products,128_128_128,project_used_L1_full_L2,1,cache_membership,14.3313407898,523976,0,focus
ogbn-products,128_128_128,project_used_L1_full_L2,1,prefetch,60.1110458374,523976,0,focus
ogbn-products,128_128_128,project_used_L1_full_L2,1,BF16_H_load,0,0,0,focus
ogbn-products,128_128_128,project_used_L1_full_L2,1,BF16_decode,0,0,0,focus
ogbn-products,128_128_128,project_used_L1_full_L2,1,cold_FP32_reduce,0,0,0,focus
ogbn-products,128_128_128,project_used_L1_full_L2,1,FP32_Q_load,17.9843902588,523976,0,focus
ogbn-products,128_128_128,project_used_L1_full_L2,1,hot_FP32_reduce,13.6408805847,523976,0,focus
ogbn-products,128_128_128,project_used_L1_full_L2,1,partial_state_store,0.4723072052,14260,0,focus
ogbn-products,128_128_128,project_used_L1_full_L2,1,partial_hi_pack,0,0,0,focus
ogbn-products,128_128_128,project_used_L1_full_L2,1,partial_lo_pack,0,0,0,focus
ogbn-products,128_128_128,project_used_L1_full_L2,1,AMX_A_load,0.161409378052,4704,0,focus
ogbn-products,128_128_128,project_used_L1_full_L2,1,AMX_B_load,0.373363494873,9408,0,focus
ogbn-products,128_128_128,project_used_L1_full_L2,1,AMX_compute,0.834941864014,9408,0,focus
ogbn-products,128_128_128,project_used_L1_full_L2,1,C_store,0.0700950622559,1176,0,focus
ogbn-products,128_128_128,project_used_L1_full_L2,1,hot_cold_merge,0.299453735352,9573,0,focus
ogbn-products,128_128_128,project_used_L1_full_L2,1,output_scatter,1.51014328003,9573,0,focus
ogbn-products,128_128_128,project_used_L1_full_L2,1,cache_H_gather,0.468492507935,588,0,focus
ogbn-products,128_128_128,project_used_L1_full_L2,1,cache_Q_store,0.418663024902,588,0,focus
ogbn-products,128_128_128,project_used_L1_full_L2,1,thread_amx_release,0.00596046447754,64,0,focus
ogbn-products,128_128_128,project_used_L1_full_L2,1,partial_state_load,0.426292419434,14260,0,focus
ogbn-products,128_128_128,project_used_L1_full_L2,2,thread_amx_setup,0.0250339508057,32,0,focus
ogbn-products,128_128_128,project_used_L1_full_L2,2,row_metadata,0.312805175781,599,0,focus
ogbn-products,128_128_128,project_used_L1_full_L2,2,partial_init,0.154733657837,599,0,focus
ogbn-products,128_128_128,project_used_L1_full_L2,2,csr_index,15.4130458832,523976,0,focus
ogbn-products,128_128_128,project_used_L1_full_L2,2,cache_membership,0,0,0,focus
ogbn-products,128_128_128,project_used_L1_full_L2,2,prefetch,21.4281082153,523976,0,focus
ogbn-products,128_128_128,project_used_L1_full_L2,2,BF16_H_load,17.5912380219,523976,0,focus
ogbn-products,128_128_128,project_used_L1_full_L2,2,BF16_decode,15.9764289856,523976,0,focus
ogbn-products,128_128_128,project_used_L1_full_L2,2,cold_FP32_reduce,13.5674476624,523976,0,focus
ogbn-products,128_128_128,project_used_L1_full_L2,2,FP32_Q_load,0,0,0,focus
ogbn-products,128_128_128,project_used_L1_full_L2,2,hot_FP32_reduce,0,0,0,focus
ogbn-products,128_128_128,project_used_L1_full_L2,2,partial_state_store,0.468015670776,14260,0,focus
ogbn-products,128_128_128,project_used_L1_full_L2,2,partial_hi_pack,2.17437744141,75136,0,focus
ogbn-products,128_128_128,project_used_L1_full_L2,2,partial_lo_pack,2.11071968079,75136,0,focus
ogbn-products,128_128_128,project_used_L1_full_L2,2,AMX_A_load,0.334978103638,9392,0,focus
ogbn-products,128_128_128,project_used_L1_full_L2,2,AMX_B_load,0.913858413696,18784,0,focus
ogbn-products,128_128_128,project_used_L1_full_L2,2,AMX_compute,1.74379348755,18784,0,focus
ogbn-products,128_128_128,project_used_L1_full_L2,2,C_store,0.0677108764648,1174,0,focus
ogbn-products,128_128_128,project_used_L1_full_L2,2,hot_cold_merge,0,0,0,focus
ogbn-products,128_128_128,project_used_L1_full_L2,2,output_scatter,0.90217590332,9573,0,focus
ogbn-products,128_128_128,project_used_L1_full_L2,2,cache_H_gather,0,0,0,focus
ogbn-products,128_128_128,project_used_L1_full_L2,2,cache_Q_store,0,0,0,focus
ogbn-products,128_128_128,project_used_L1_full_L2,2,thread_amx_release,0.00190734863281,32,0,focus
ogbn-products,128_128_128,project_used_L1_full_L2,2,partial_state_load,0.406980514526,14260,0,focus
reddit,128_32_32,fused_full_accurate,1,thread_amx_setup,0.0262260437012,32,0,focus
reddit,128_32_32,fused_full_accurate,1,row_metadata,0.0276565551758,58,0,focus
reddit,128_32_32,fused_full_accurate,1,partial_init,0.0119209289551,58,0,focus
reddit,128_32_32,fused_full_accurate,1,csr_index,13.93866539,506889,0,focus
reddit,128_32_32,fused_full_accurate,1,cache_membership,0,0,0,focus
reddit,128_32_32,fused_full_accurate,1,prefetch,14.2109394073,506889,0,focus
reddit,128_32_32,fused_full_accurate,1,BF16_H_load,15.613079071,506889,0,focus
reddit,128_32_32,fused_full_accurate,1,BF16_decode,15.5897140503,506889,0,focus
reddit,128_32_32,fused_full_accurate,1,cold_FP32_reduce,13.5753154755,506889,0,focus
reddit,128_32_32,fused_full_accurate,1,FP32_Q_load,0,0,0,focus
reddit,128_32_32,fused_full_accurate,1,hot_FP32_reduce,0,0,0,focus
reddit,128_32_32,fused_full_accurate,1,partial_state_store,0.290393829346,8403,0,focus
reddit,128_32_32,fused_full_accurate,1,partial_hi_pack,0.211000442505,7424,0,focus
reddit,128_32_32,fused_full_accurate,1,partial_lo_pack,0.211954116821,7424,0,focus
reddit,128_32_32,fused_full_accurate,1,AMX_A_load,0.0154972076416,464,0,focus
reddit,128_32_32,fused_full_accurate,1,AMX_B_load,0.0185966491699,464,0,focus
reddit,128_32_32,fused_full_accurate,1,AMX_compute,0.112295150757,464,0,focus
reddit,128_32_32,fused_full_accurate,1,C_store,0.00214576721191,58,0,focus
reddit,128_32_32,fused_full_accurate,1,hot_cold_merge,0,0,0,focus
reddit,128_32_32,fused_full_accurate,1,output_scatter,0.0295639038086,917,0,focus
reddit,128_32_32,fused_full_accurate,1,cache_H_gather,0,0,0,focus
reddit,128_32_32,fused_full_accurate,1,cache_Q_store,0,0,0,focus
reddit,128_32_32,fused_full_accurate,1,thread_amx_release,0.00500679016113,32,0,focus
reddit,128_32_32,fused_full_accurate,1,partial_state_load,0.211954116821,8403,0,focus
reddit,128_32_32,fused_full_accurate,2,thread_amx_setup,0.0197887420654,32,0,focus
reddit,128_32_32,fused_full_accurate,2,row_metadata,0.0157356262207,58,0,focus
reddit,128_32_32,fused_full_accurate,2,partial_init,0.00524520874023,58,0,focus
reddit,128_32_32,fused_full_accurate,2,csr_index,13.9050483704,506889,0,focus
reddit,128_32_32,fused_full_accurate,2,cache_membership,0,0,0,focus
reddit,128_32_32,fused_full_accurate,2,prefetch,14.1272544861,506889,0,focus
reddit,128_32_32,fused_full_accurate,2,BF16_H_load,14.7001743317,506889,0,focus
reddit,128_32_32,fused_full_accurate,2,BF16_decode,14.60313797,506889,0,focus
reddit,128_32_32,fused_full_accurate,2,cold_FP32_reduce,13.4809017181,506889,0,focus
reddit,128_32_32,fused_full_accurate,2,FP32_Q_load,0,0,0,focus
reddit,128_32_32,fused_full_accurate,2,hot_FP32_reduce,0,0,0,focus
reddit,128_32_32,fused_full_accurate,2,partial_state_store,0.220060348511,8403,0,focus
reddit,128_32_32,fused_full_accurate,2,partial_hi_pack,0.0572204589844,1856,0,focus
reddit,128_32_32,fused_full_accurate,2,partial_lo_pack,0.0584125518799,1856,0,focus
reddit,128_32_32,fused_full_accurate,2,AMX_A_load,0.00214576721191,116,0,focus
reddit,128_32_32,fused_full_accurate,2,AMX_B_load,0.00810623168945,116,0,focus
reddit,128_32_32,fused_full_accurate,2,AMX_compute,0.104904174805,116,0,focus
reddit,128_32_32,fused_full_accurate,2,C_store,0.000953674316406,58,0,focus
reddit,128_32_32,fused_full_accurate,2,hot_cold_merge,0,0,0,focus
reddit,128_32_32,fused_full_accurate,2,output_scatter,0.0519752502441,917,0,focus
reddit,128_32_32,fused_full_accurate,2,cache_H_gather,0,0,0,focus
reddit,128_32_32,fused_full_accurate,2,cache_Q_store,0,0,0,focus
reddit,128_32_32,fused_full_accurate,2,thread_amx_release,0.00619888305664,32,0,focus
reddit,128_32_32,fused_full_accurate,2,partial_state_load,0.244617462158,8403,0,focus
reddit,128_32_32,hybrid_none,1,thread_amx_setup,0.0269412994385,32,0,focus
reddit,128_32_32,hybrid_none,1,row_metadata,0.0245571136475,58,0,focus
reddit,128_32_32,hybrid_none,1,partial_init,0.00691413879395,58,0,focus
reddit,128_32_32,hybrid_none,1,csr_index,13.9870643616,506889,0,focus
reddit,128_32_32,hybrid_none,1,cache_membership,13.6363506317,506889,0,focus
reddit,128_32_32,hybrid_none,1,prefetch,21.5318202972,506889,0,focus
reddit,128_32_32,hybrid_none,1,BF16_H_load,14.7120952606,506889,0,focus
reddit,128_32_32,hybrid_none,1,BF16_decode,13.641834259,506889,0,focus
reddit,128_32_32,hybrid_none,1,cold_FP32_reduce,16.542673111,506889,0,focus
reddit,128_32_32,hybrid_none,1,FP32_Q_load,0,0,0,focus
reddit,128_32_32,hybrid_none,1,hot_FP32_reduce,0,0,0,focus
reddit,128_32_32,hybrid_none,1,partial_state_store,0.233173370361,8403,0,focus
reddit,128_32_32,hybrid_none,1,partial_hi_pack,0.202178955078,7424,0,focus
reddit,128_32_32,hybrid_none,1,partial_lo_pack,0.231266021729,7424,0,focus
reddit,128_32_32,hybrid_none,1,AMX_A_load,0.0119209289551,464,0,focus
reddit,128_32_32,hybrid_none,1,AMX_B_load,0.0324249267578,464,0,focus
reddit,128_32_32,hybrid_none,1,AMX_compute,0.1220703125,464,0,focus
reddit,128_32_32,hybrid_none,1,C_store,0.00190734863281,58,0,focus
reddit,128_32_32,hybrid_none,1,hot_cold_merge,0.0357627868652,917,0,focus
reddit,128_32_32,hybrid_none,1,output_scatter,0.0216960906982,917,0,focus
reddit,128_32_32,hybrid_none,1,cache_H_gather,0,0,0,focus
reddit,128_32_32,hybrid_none,1,cache_Q_store,0,0,0,focus
reddit,128_32_32,hybrid_none,1,thread_amx_release,0.00786781311035,32,0,focus
reddit,128_32_32,hybrid_none,1,partial_state_load,0.243663787842,8403,0,focus
reddit,128_32_32,hybrid_none,2,thread_amx_setup,0.0221729278564,32,0,focus
reddit,128_32_32,hybrid_none,2,row_metadata,0.0154972076416,58,0,focus
reddit,128_32_32,hybrid_none,2,partial_init,0.00190734863281,58,0,focus
reddit,128_32_32,hybrid_none,2,csr_index,13.3004188538,506889,0,focus
reddit,128_32_32,hybrid_none,2,cache_membership,12.9599571228,506889,0,focus
reddit,128_32_32,hybrid_none,2,prefetch,16.0510540009,506889,0,focus
reddit,128_32_32,hybrid_none,2,BF16_H_load,13.6926174164,506889,0,focus
reddit,128_32_32,hybrid_none,2,BF16_decode,13.4565830231,506889,0,focus
reddit,128_32_32,hybrid_none,2,cold_FP32_reduce,14.0535831451,506889,0,focus
reddit,128_32_32,hybrid_none,2,FP32_Q_load,0,0,0,focus
reddit,128_32_32,hybrid_none,2,hot_FP32_reduce,0,0,0,focus
reddit,128_32_32,hybrid_none,2,partial_state_store,0.248432159424,8403,0,focus
reddit,128_32_32,hybrid_none,2,partial_hi_pack,0.0495910644531,1856,0,focus
reddit,128_32_32,hybrid_none,2,partial_lo_pack,0.0641345977783,1856,0,focus
reddit,128_32_32,hybrid_none,2,AMX_A_load,0.00333786010742,116,0,focus
reddit,128_32_32,hybrid_none,2,AMX_B_load,0.0121593475342,116,0,focus
reddit,128_32_32,hybrid_none,2,AMX_compute,0.103950500488,116,0,focus
reddit,128_32_32,hybrid_none,2,C_store,0.00286102294922,58,0,focus
reddit,128_32_32,hybrid_none,2,hot_cold_merge,0.0226497650146,917,0,focus
reddit,128_32_32,hybrid_none,2,output_scatter,0.0503063201904,917,0,focus
reddit,128_32_32,hybrid_none,2,cache_H_gather,0,0,0,focus
reddit,128_32_32,hybrid_none,2,cache_Q_store,0,0,0,focus
reddit,128_32_32,hybrid_none,2,thread_amx_release,0.00190734863281,32,0,focus
reddit,128_32_32,hybrid_none,2,partial_state_load,0.235557556152,8403,0,focus
reddit,128_32_32,top_1_64,1,thread_amx_setup,0.058650970459,64,0,focus
reddit,128_32_32,top_1_64,1,row_metadata,0.0288486480713,58,0,focus
reddit,128_32_32,top_1_64,1,partial_init,0.0157356262207,58,0,focus
reddit,128_32_32,top_1_64,1,csr_index,13.9145851135,506889,0,focus
reddit,128_32_32,top_1_64,1,cache_membership,13.3900642395,506889,0,focus
reddit,128_32_32,top_1_64,1,prefetch,21.8012332916,506889,0,focus
reddit,128_32_32,top_1_64,1,BF16_H_load,12.5412940979,433817,0,focus
reddit,128_32_32,top_1_64,1,BF16_decode,11.750459671,433817,0,focus
reddit,128_32_32,top_1_64,1,cold_FP32_reduce,14.2540931702,433817,0,focus
reddit,128_32_32,top_1_64,1,FP32_Q_load,2.00843811035,73072,0,focus
reddit,128_32_32,top_1_64,1,hot_FP32_reduce,2.02298164368,73072,0,focus
reddit,128_32_32,top_1_64,1,partial_state_store,0.238418579102,8403,0,focus
reddit,128_32_32,top_1_64,1,partial_hi_pack,0.204086303711,7424,0,focus
reddit,128_32_32,top_1_64,1,partial_lo_pack,0.21767616272,7424,0,focus
reddit,128_32_32,top_1_64,1,AMX_A_load,0.0197887420654,472,0,focus
reddit,128_32_32,top_1_64,1,AMX_B_load,0.0290870666504,472,0,focus
reddit,128_32_32,top_1_64,1,AMX_compute,0.136375427246,472,0,focus
reddit,128_32_32,top_1_64,1,C_store,0.00309944152832,60,0,focus
reddit,128_32_32,top_1_64,1,hot_cold_merge,0.0364780426025,917,0,focus
reddit,128_32_32,top_1_64,1,output_scatter,0.0247955322266,917,0,focus
reddit,128_32_32,top_1_64,1,cache_H_gather,0.00190734863281,2,0,focus
reddit,128_32_32,top_1_64,1,cache_Q_store,0.00214576721191,2,0,focus
reddit,128_32_32,top_1_64,1,thread_amx_release,0.00190734863281,64,0,focus
reddit,128_32_32,top_1_64,1,partial_state_load,0.220775604248,8403,0,focus
reddit,128_32_32,top_1_64,2,thread_amx_setup,0.0371932983398,64,0,focus
reddit,128_32_32,top_1_64,2,row_metadata,0.016450881958,58,0,focus
reddit,128_32_32,top_1_64,2,partial_init,0.00429153442383,58,0,focus
reddit,128_32_32,top_1_64,2,csr_index,13.4310722351,506889,0,focus
reddit,128_32_32,top_1_64,2,cache_membership,13.1940841675,506889,0,focus
reddit,128_32_32,top_1_64,2,prefetch,16.1163806915,506889,0,focus
reddit,128_32_32,top_1_64,2,BF16_H_load,11.709690094,433817,0,focus
reddit,128_32_32,top_1_64,2,BF16_decode,11.2617015839,433817,0,focus
reddit,128_32_32,top_1_64,2,cold_FP32_reduce,11.9342803955,433817,0,focus
reddit,128_32_32,top_1_64,2,FP32_Q_load,2.02703475952,73072,0,focus
reddit,128_32_32,top_1_64,2,hot_FP32_reduce,2.01034545898,73072,0,focus
reddit,128_32_32,top_1_64,2,partial_state_store,0.234842300415,8403,0,focus
reddit,128_32_32,top_1_64,2,partial_hi_pack,0.0569820404053,1856,0,focus
reddit,128_32_32,top_1_64,2,partial_lo_pack,0.0607967376709,1856,0,focus
reddit,128_32_32,top_1_64,2,AMX_A_load,0.00405311584473,118,0,focus
reddit,128_32_32,top_1_64,2,AMX_B_load,0.00619888305664,118,0,focus
reddit,128_32_32,top_1_64,2,AMX_compute,0.120162963867,118,0,focus
reddit,128_32_32,top_1_64,2,C_store,0,60,0,focus
reddit,128_32_32,top_1_64,2,hot_cold_merge,0.0255107879639,917,0,focus
reddit,128_32_32,top_1_64,2,output_scatter,0.0452995300293,917,0,focus
reddit,128_32_32,top_1_64,2,cache_H_gather,0.000953674316406,2,0,focus
reddit,128_32_32,top_1_64,2,cache_Q_store,0,2,0,focus
reddit,128_32_32,top_1_64,2,thread_amx_release,0.00286102294922,64,0,focus
reddit,128_32_32,top_1_64,2,partial_state_load,0.235319137573,8403,0,focus
reddit,128_32_32,top_1_16,1,thread_amx_setup,0.0448226928711,64,0,focus
reddit,128_32_32,top_1_16,1,row_metadata,0.0340938568115,58,0,focus
reddit,128_32_32,top_1_16,1,partial_init,0.0114440917969,58,0,focus
reddit,128_32_32,top_1_16,1,csr_index,13.7987136841,506889,0,focus
reddit,128_32_32,top_1_16,1,cache_membership,13.5247707367,506889,0,focus
reddit,128_32_32,top_1_16,1,prefetch,22.825717926,506889,0,focus
reddit,128_32_32,top_1_16,1,BF16_H_load,9.41824913025,328658,0,focus
reddit,128_32_32,top_1_16,1,BF16_decode,8.8803768158,328658,0,focus
reddit,128_32_32,top_1_16,1,cold_FP32_reduce,10.4327201843,328658,0,focus
reddit,128_32_32,top_1_16,1,FP32_Q_load,5.01799583435,178231,0,focus
reddit,128_32_32,top_1_16,1,hot_FP32_reduce,5.13195991516,178231,0,focus
reddit,128_32_32,top_1_16,1,partial_state_store,0.225782394409,8403,0,focus
reddit,128_32_32,top_1_16,1,partial_hi_pack,0.205039978027,7424,0,focus
reddit,128_32_32,top_1_16,1,partial_lo_pack,0.21767616272,7424,0,focus
reddit,128_32_32,top_1_16,1,AMX_A_load,0.0157356262207,484,0,focus
reddit,128_32_32,top_1_16,1,AMX_B_load,0.0278949737549,484,0,focus
reddit,128_32_32,top_1_16,1,AMX_compute,0.150442123413,484,0,focus
reddit,128_32_32,top_1_16,1,C_store,0.000953674316406,63,0,focus
reddit,128_32_32,top_1_16,1,hot_cold_merge,0.0309944152832,917,0,focus
reddit,128_32_32,top_1_16,1,output_scatter,0.0336170196533,917,0,focus
reddit,128_32_32,top_1_16,1,cache_H_gather,0.00309944152832,5,0,focus
reddit,128_32_32,top_1_16,1,cache_Q_store,0.00190734863281,5,0,focus
reddit,128_32_32,top_1_16,1,thread_amx_release,0.00572204589844,64,0,focus
reddit,128_32_32,top_1_16,1,partial_state_load,0.242233276367,8403,0,focus
reddit,128_32_32,top_1_16,2,thread_amx_setup,0.0383853912354,64,0,focus
reddit,128_32_32,top_1_16,2,row_metadata,0.0219345092773,58,0,focus
reddit,128_32_32,top_1_16,2,partial_init,0.00572204589844,58,0,focus
reddit,128_32_32,top_1_16,2,csr_index,13.251543045,506889,0,focus
reddit,128_32_32,top_1_16,2,cache_membership,12.9504203796,506889,0,focus
reddit,128_32_32,top_1_16,2,prefetch,18.6066627502,506889,0,focus
reddit,128_32_32,top_1_16,2,BF16_H_load,8.90064239502,328658,0,focus
reddit,128_32_32,top_1_16,2,BF16_decode,8.65268707275,328658,0,focus
reddit,128_32_32,top_1_16,2,cold_FP32_reduce,9.08017158508,328658,0,focus
reddit,128_32_32,top_1_16,2,FP32_Q_load,4.89664077759,178231,0,focus
reddit,128_32_32,top_1_16,2,hot_FP32_reduce,4.83417510986,178231,0,focus
reddit,128_32_32,top_1_16,2,partial_state_store,0.217914581299,8403,0,focus
reddit,128_32_32,top_1_16,2,partial_hi_pack,0.0531673431396,1856,0,focus
reddit,128_32_32,top_1_16,2,partial_lo_pack,0.0617504119873,1856,0,focus
reddit,128_32_32,top_1_16,2,AMX_A_load,0.00500679016113,121,0,focus
reddit,128_32_32,top_1_16,2,AMX_B_load,0.00691413879395,121,0,focus
reddit,128_32_32,top_1_16,2,AMX_compute,0.133037567139,121,0,focus
reddit,128_32_32,top_1_16,2,C_store,0.00214576721191,63,0,focus
reddit,128_32_32,top_1_16,2,hot_cold_merge,0.0348091125488,917,0,focus
reddit,128_32_32,top_1_16,2,output_scatter,0.0405311584473,917,0,focus
reddit,128_32_32,top_1_16,2,cache_H_gather,0,5,0,focus
reddit,128_32_32,top_1_16,2,cache_Q_store,0,5,0,focus
reddit,128_32_32,top_1_16,2,thread_amx_release,0.00476837158203,64,0,focus
reddit,128_32_32,top_1_16,2,partial_state_load,0.215768814087,8403,0,focus
reddit,128_32_32,top_1_4,1,thread_amx_setup,0.0531673431396,64,0,focus
reddit,128_32_32,top_1_4,1,row_metadata,0.0255107879639,58,0,focus
reddit,128_32_32,top_1_4,1,partial_init,0.0104904174805,58,0,focus
reddit,128_32_32,top_1_4,1,csr_index,13.7479305267,506889,0,focus
reddit,128_32_32,top_1_4,1,cache_membership,13.4832859039,506889,0,focus
reddit,128_32_32,top_1_4,1,prefetch,21.3742256165,506889,0,focus
reddit,128_32_32,top_1_4,1,BF16_H_load,4.21690940857,147218,0,focus
reddit,128_32_32,top_1_4,1,BF16_decode,4.03308868408,147218,0,focus
reddit,128_32_32,top_1_4,1,cold_FP32_reduce,4.73523139954,147218,0,focus
reddit,128_32_32,top_1_4,1,FP32_Q_load,9.80401039124,359671,0,focus
reddit,128_32_32,top_1_4,1,hot_FP32_reduce,10.0271701813,359671,0,focus
reddit,128_32_32,top_1_4,1,partial_state_store,0.243663787842,8403,0,focus
reddit,128_32_32,top_1_4,1,partial_hi_pack,0.19907951355,7424,0,focus
reddit,128_32_32,top_1_4,1,partial_lo_pack,0.219821929932,7424,0,focus
reddit,128_32_32,top_1_4,1,AMX_A_load,0.0185966491699,528,0,focus
reddit,128_32_32,top_1_4,1,AMX_B_load,0.0245571136475,528,0,focus
reddit,128_32_32,top_1_4,1,AMX_compute,0.171422958374,528,0,focus
reddit,128_32_32,top_1_4,1,C_store,0.000953674316406,74,0,focus
reddit,128_32_32,top_1_4,1,hot_cold_merge,0.0226497650146,917,0,focus
reddit,128_32_32,top_1_4,1,output_scatter,0.0245571136475,917,0,focus
reddit,128_32_32,top_1_4,1,cache_H_gather,0.00596046447754,16,0,focus
reddit,128_32_32,top_1_4,1,cache_Q_store,0.00452995300293,16,0,focus
reddit,128_32_32,top_1_4,1,thread_amx_release,0.00715255737305,64,0,focus
reddit,128_32_32,top_1_4,1,partial_state_load,0.234365463257,8403,0,focus
reddit,128_32_32,top_1_4,2,thread_amx_setup,0.049352645874,64,0,focus
reddit,128_32_32,top_1_4,2,row_metadata,0.0219345092773,58,0,focus
reddit,128_32_32,top_1_4,2,partial_init,0.00286102294922,58,0,focus
reddit,128_32_32,top_1_4,2,csr_index,13.5447978973,506889,0,focus
reddit,128_32_32,top_1_4,2,cache_membership,13.0441188812,506889,0,focus
reddit,128_32_32,top_1_4,2,prefetch,18.9487934113,506889,0,focus
reddit,128_32_32,top_1_4,2,BF16_H_load,3.90982627869,147218,0,focus
reddit,128_32_32,top_1_4,2,BF16_decode,3.85022163391,147218,0,focus
reddit,128_32_32,top_1_4,2,cold_FP32_reduce,4.07743453979,147218,0,focus
reddit,128_32_32,top_1_4,2,FP32_Q_load,9.74130630493,359671,0,focus
reddit,128_32_32,top_1_4,2,hot_FP32_reduce,9.75036621094,359671,0,focus
reddit,128_32_32,top_1_4,2,partial_state_store,0.238656997681,8403,0,focus
reddit,128_32_32,top_1_4,2,partial_hi_pack,0.0526905059814,1856,0,focus
reddit,128_32_32,top_1_4,2,partial_lo_pack,0.0553131103516,1856,0,focus
reddit,128_32_32,top_1_4,2,AMX_A_load,0.00381469726562,132,0,focus
reddit,128_32_32,top_1_4,2,AMX_B_load,0.0145435333252,132,0,focus
reddit,128_32_32,top_1_4,2,AMX_compute,0.160932540894,132,0,focus
reddit,128_32_32,top_1_4,2,C_store,0.00190734863281,74,0,focus
reddit,128_32_32,top_1_4,2,hot_cold_merge,0.0333786010742,917,0,focus
reddit,128_32_32,top_1_4,2,output_scatter,0.0526905059814,917,0,focus
reddit,128_32_32,top_1_4,2,cache_H_gather,0.00119209289551,16,0,focus
reddit,128_32_32,top_1_4,2,cache_Q_store,0.000953674316406,16,0,focus
reddit,128_32_32,top_1_4,2,thread_amx_release,0.00667572021484,64,0,focus
reddit,128_32_32,top_1_4,2,partial_state_load,0.231266021729,8403,0,focus
reddit,128_32_32,hybrid_all,1,thread_amx_setup,0.0600814819336,64,0,focus
reddit,128_32_32,hybrid_all,1,row_metadata,0.0243186950684,58,0,focus
reddit,128_32_32,hybrid_all,1,partial_init,0.00596046447754,58,0,focus
reddit,128_32_32,hybrid_all,1,csr_index,13.4420394897,506889,0,focus
reddit,128_32_32,hybrid_all,1,cache_membership,12.8839015961,506889,0,focus
reddit,128_32_32,hybrid_all,1,prefetch,18.4895992279,506889,0,focus
reddit,128_32_32,hybrid_all,1,BF16_H_load,0,0,0,focus
reddit,128_32_32,hybrid_all,1,BF16_decode,0,0,0,focus
reddit,128_32_32,hybrid_all,1,cold_FP32_reduce,0,0,0,focus
reddit,128_32_32,hybrid_all,1,FP32_Q_load,13.6477947235,506889,0,focus
reddit,128_32_32,hybrid_all,1,hot_FP32_reduce,13.8423442841,506889,0,focus
reddit,128_32_32,hybrid_all,1,partial_state_store,0.229835510254,8403,0,focus
reddit,128_32_32,hybrid_all,1,partial_hi_pack,0,0,0,focus
reddit,128_32_32,hybrid_all,1,partial_lo_pack,0,0,0,focus
reddit,128_32_32,hybrid_all,1,AMX_A_load,0.0102519989014,232,0,focus
reddit,128_32_32,hybrid_all,1,AMX_B_load,0.00810623168945,232,0,focus
reddit,128_32_32,hybrid_all,1,AMX_compute,0.0705718994141,232,0,focus
reddit,128_32_32,hybrid_all,1,C_store,0.00190734863281,58,0,focus
reddit,128_32_32,hybrid_all,1,hot_cold_merge,0.0274181365967,917,0,focus
reddit,128_32_32,hybrid_all,1,output_scatter,0.0226497650146,917,0,focus
reddit,128_32_32,hybrid_all,1,cache_H_gather,0.0314712524414,58,0,focus
reddit,128_32_32,hybrid_all,1,cache_Q_store,0.00500679016113,58,0,focus
reddit,128_32_32,hybrid_all,1,thread_amx_release,0.00667572021484,64,0,focus
reddit,128_32_32,hybrid_all,1,partial_state_load,0.236988067627,8403,0,focus
reddit,128_32_32,hybrid_all,2,thread_amx_setup,0.042200088501,64,0,focus
reddit,128_32_32,hybrid_all,2,row_metadata,0.0216960906982,58,0,focus
reddit,128_32_32,hybrid_all,2,partial_init,0.00691413879395,58,0,focus
reddit,128_32_32,hybrid_all,2,csr_index,13.2806301117,506889,0,focus
reddit,128_32_32,hybrid_all,2,cache_membership,13.0681991577,506889,0,focus
reddit,128_32_32,hybrid_all,2,prefetch,18.8798904419,506889,0,focus
reddit,128_32_32,hybrid_all,2,BF16_H_load,0,0,0,focus
reddit,128_32_32,hybrid_all,2,BF16_decode,0,0,0,focus
reddit,128_32_32,hybrid_all,2,cold_FP32_reduce,0,0,0,focus
reddit,128_32_32,hybrid_all,2,FP32_Q_load,13.6520862579,506889,0,focus
reddit,128_32_32,hybrid_all,2,hot_FP32_reduce,14.1208171844,506889,0,focus
reddit,128_32_32,hybrid_all,2,partial_state_store,0.236988067627,8403,0,focus
reddit,128_32_32,hybrid_all,2,partial_hi_pack,0,0,0,focus
reddit,128_32_32,hybrid_all,2,partial_lo_pack,0,0,0,focus
reddit,128_32_32,hybrid_all,2,AMX_A_load,0.00309944152832,58,0,focus
reddit,128_32_32,hybrid_all,2,AMX_B_load,0.00429153442383,58,0,focus
reddit,128_32_32,hybrid_all,2,AMX_compute,0.0994205474854,58,0,focus
reddit,128_32_32,hybrid_all,2,C_store,0,58,0,focus
reddit,128_32_32,hybrid_all,2,hot_cold_merge,0.0278949737549,917,0,focus
reddit,128_32_32,hybrid_all,2,output_scatter,0.0486373901367,917,0,focus
reddit,128_32_32,hybrid_all,2,cache_H_gather,0.0128746032715,58,0,focus
reddit,128_32_32,hybrid_all,2,cache_Q_store,0.00190734863281,58,0,focus
reddit,128_32_32,hybrid_all,2,thread_amx_release,0.00190734863281,64,0,focus
reddit,128_32_32,hybrid_all,2,partial_state_load,0.219345092773,8403,0,focus
reddit,128_32_32,project_all,1,thread_amx_setup,0.0851154327393,64,0,focus
reddit,128_32_32,project_all,1,row_metadata,0.0138282775879,58,0,focus
reddit,128_32_32,project_all,1,partial_init,0.00381469726562,58,0,focus
reddit,128_32_32,project_all,1,csr_index,13.2374763489,506889,0,focus
reddit,128_32_32,project_all,1,cache_membership,0,0,0,focus
reddit,128_32_32,project_all,1,prefetch,13.4770870209,506889,0,focus
reddit,128_32_32,project_all,1,BF16_H_load,0,0,0,focus
reddit,128_32_32,project_all,1,BF16_decode,0,0,0,focus
reddit,128_32_32,project_all,1,cold_FP32_reduce,0,0,0,focus
reddit,128_32_32,project_all,1,FP32_Q_load,13.98229599,506889,0,focus
reddit,128_32_32,project_all,1,hot_FP32_reduce,13.3607387543,506889,0,focus
reddit,128_32_32,project_all,1,partial_state_store,0.235557556152,8403,0,focus
reddit,128_32_32,project_all,1,partial_hi_pack,0,0,0,focus
reddit,128_32_32,project_all,1,partial_lo_pack,0,0,0,focus
reddit,128_32_32,project_all,1,AMX_A_load,0.0121593475342,232,0,focus
reddit,128_32_32,project_all,1,AMX_B_load,0.00929832458496,232,0,focus
reddit,128_32_32,project_all,1,AMX_compute,0.065803527832,232,0,focus
reddit,128_32_32,project_all,1,C_store,0.00429153442383,58,0,focus
reddit,128_32_32,project_all,1,hot_cold_merge,0.0264644622803,917,0,focus
reddit,128_32_32,project_all,1,output_scatter,0.0250339508057,917,0,focus
reddit,128_32_32,project_all,1,cache_H_gather,0.0262260437012,58,0,focus
reddit,128_32_32,project_all,1,cache_Q_store,0.00286102294922,58,0,focus
reddit,128_32_32,project_all,1,thread_amx_release,0.00429153442383,64,0,focus
reddit,128_32_32,project_all,1,partial_state_load,0.244617462158,8403,0,focus
reddit,128_32_32,project_all,2,thread_amx_setup,0.0402927398682,64,0,focus
reddit,128_32_32,project_all,2,row_metadata,0.0176429748535,58,0,focus
reddit,128_32_32,project_all,2,partial_init,0.000953674316406,58,0,focus
reddit,128_32_32,project_all,2,csr_index,13.3135318756,506889,0,focus
reddit,128_32_32,project_all,2,cache_membership,0,0,0,focus
reddit,128_32_32,project_all,2,prefetch,13.3080482483,506889,0,focus
reddit,128_32_32,project_all,2,BF16_H_load,0,0,0,focus
reddit,128_32_32,project_all,2,BF16_decode,0,0,0,focus
reddit,128_32_32,project_all,2,cold_FP32_reduce,0,0,0,focus
reddit,128_32_32,project_all,2,FP32_Q_load,13.7438774109,506889,0,focus
reddit,128_32_32,project_all,2,hot_FP32_reduce,13.307094574,506889,0,focus
reddit,128_32_32,project_all,2,partial_state_store,0.224590301514,8403,0,focus
reddit,128_32_32,project_all,2,partial_hi_pack,0,0,0,focus
reddit,128_32_32,project_all,2,partial_lo_pack,0,0,0,focus
reddit,128_32_32,project_all,2,AMX_A_load,0.00309944152832,58,0,focus
reddit,128_32_32,project_all,2,AMX_B_load,0.000953674316406,58,0,focus
reddit,128_32_32,project_all,2,AMX_compute,0.0989437103271,58,0,focus
reddit,128_32_32,project_all,2,C_store,0.000953674316406,58,0,focus
reddit,128_32_32,project_all,2,hot_cold_merge,0.0259876251221,917,0,focus
reddit,128_32_32,project_all,2,output_scatter,0.0467300415039,917,0,focus
reddit,128_32_32,project_all,2,cache_H_gather,0.0123977661133,58,0,focus
reddit,128_32_32,project_all,2,cache_Q_store,0.00286102294922,58,0,focus
reddit,128_32_32,project_all,2,thread_amx_release,0.00524520874023,64,0,focus
reddit,128_32_32,project_all,2,partial_state_load,0.205039978027,8403,0,focus
reddit,128_32_32,project_used,1,thread_amx_setup,0.077486038208,64,0,focus
reddit,128_32_32,project_used,1,row_metadata,0.0162124633789,58,0,focus
reddit,128_32_32,project_used,1,partial_init,0.00429153442383,58,0,focus
reddit,128_32_32,project_used,1,csr_index,13.4038925171,506889,0,focus
reddit,128_32_32,project_used,1,cache_membership,13.1258964539,506889,0,focus
reddit,128_32_32,project_used,1,prefetch,18.6421871185,506889,0,focus
reddit,128_32_32,project_used,1,BF16_H_load,0,0,0,focus
reddit,128_32_32,project_used,1,BF16_decode,0,0,0,focus
reddit,128_32_32,project_used,1,cold_FP32_reduce,0,0,0,focus
reddit,128_32_32,project_used,1,FP32_Q_load,13.9496326447,506889,0,focus
reddit,128_32_32,project_used,1,hot_FP32_reduce,13.1943225861,506889,0,focus
reddit,128_32_32,project_used,1,partial_state_store,0.207185745239,8403,0,focus
reddit,128_32_32,project_used,1,partial_hi_pack,0,0,0,focus
reddit,128_32_32,project_used,1,partial_lo_pack,0,0,0,focus
reddit,128_32_32,project_used,1,AMX_A_load,0.00786781311035,232,0,focus
reddit,128_32_32,project_used,1,AMX_B_load,0.0128746032715,232,0,focus
reddit,128_32_32,project_used,1,AMX_compute,0.063419342041,232,0,focus
reddit,128_32_32,project_used,1,C_store,0.00309944152832,58,0,focus
reddit,128_32_32,project_used,1,hot_cold_merge,0.0224113464355,917,0,focus
reddit,128_32_32,project_used,1,output_scatter,0.025749206543,917,0,focus
reddit,128_32_32,project_used,1,cache_H_gather,0.0412464141846,58,0,focus
reddit,128_32_32,project_used,1,cache_Q_store,0.00309944152832,58,0,focus
reddit,128_32_32,project_used,1,thread_amx_release,0.00619888305664,64,0,focus
reddit,128_32_32,project_used,1,partial_state_load,0.203371047974,8403,0,focus
reddit,128_32_32,project_used,2,thread_amx_setup,0.0495910644531,64,0,focus
reddit,128_32_32,project_used,2,row_metadata,0.0150203704834,58,0,focus
reddit,128_32_32,project_used,2,partial_init,0.000953674316406,58,0,focus
reddit,128_32_32,project_used,2,csr_index,13.130903244,506889,0,focus
reddit,128_32_32,project_used,2,cache_membership,12.7768516541,506889,0,focus
reddit,128_32_32,project_used,2,prefetch,18.7225341797,506889,0,focus
reddit,128_32_32,project_used,2,BF16_H_load,0,0,0,focus
reddit,128_32_32,project_used,2,BF16_decode,0,0,0,focus
reddit,128_32_32,project_used,2,cold_FP32_reduce,0,0,0,focus
reddit,128_32_32,project_used,2,FP32_Q_load,14.0910148621,506889,0,focus
reddit,128_32_32,project_used,2,hot_FP32_reduce,13.1924152374,506889,0,focus
reddit,128_32_32,project_used,2,partial_state_store,0.220060348511,8403,0,focus
reddit,128_32_32,project_used,2,partial_hi_pack,0,0,0,focus
reddit,128_32_32,project_used,2,partial_lo_pack,0,0,0,focus
reddit,128_32_32,project_used,2,AMX_A_load,0.00476837158203,58,0,focus
reddit,128_32_32,project_used,2,AMX_B_load,0.000953674316406,58,0,focus
reddit,128_32_32,project_used,2,AMX_compute,0.0801086425781,58,0,focus
reddit,128_32_32,project_used,2,C_store,0.00309944152832,58,0,focus
reddit,128_32_32,project_used,2,hot_cold_merge,0.0250339508057,917,0,focus
reddit,128_32_32,project_used,2,output_scatter,0.0457763671875,917,0,focus
reddit,128_32_32,project_used,2,cache_H_gather,0.0231266021729,58,0,focus
reddit,128_32_32,project_used,2,cache_Q_store,0.00190734863281,58,0,focus
reddit,128_32_32,project_used,2,thread_amx_release,0.00619888305664,64,0,focus
reddit,128_32_32,project_used,2,partial_state_load,0.224590301514,8403,0,focus
reddit,128_32_32,project_used_L1_full_L2,1,thread_amx_setup,0.0746250152588,64,0,focus
reddit,128_32_32,project_used_L1_full_L2,1,row_metadata,0.0176429748535,58,0,focus
reddit,128_32_32,project_used_L1_full_L2,1,partial_init,0.00286102294922,58,0,focus
reddit,128_32_32,project_used_L1_full_L2,1,csr_index,13.3213996887,506889,0,focus
reddit,128_32_32,project_used_L1_full_L2,1,cache_membership,13.0367279053,506889,0,focus
reddit,128_32_32,project_used_L1_full_L2,1,prefetch,18.275976181,506889,0,focus
reddit,128_32_32,project_used_L1_full_L2,1,BF16_H_load,0,0,0,focus
reddit,128_32_32,project_used_L1_full_L2,1,BF16_decode,0,0,0,focus
reddit,128_32_32,project_used_L1_full_L2,1,cold_FP32_reduce,0,0,0,focus
reddit,128_32_32,project_used_L1_full_L2,1,FP32_Q_load,13.8852596283,506889,0,focus
reddit,128_32_32,project_used_L1_full_L2,1,hot_FP32_reduce,13.2296085358,506889,0,focus
reddit,128_32_32,project_used_L1_full_L2,1,partial_state_store,0.242710113525,8403,0,focus
reddit,128_32_32,project_used_L1_full_L2,1,partial_hi_pack,0,0,0,focus
reddit,128_32_32,project_used_L1_full_L2,1,partial_lo_pack,0,0,0,focus
reddit,128_32_32,project_used_L1_full_L2,1,AMX_A_load,0.00929832458496,232,0,focus
reddit,128_32_32,project_used_L1_full_L2,1,AMX_B_load,0.0100135803223,232,0,focus
reddit,128_32_32,project_used_L1_full_L2,1,AMX_compute,0.0779628753662,232,0,focus
reddit,128_32_32,project_used_L1_full_L2,1,C_store,0.00405311584473,58,0,focus
reddit,128_32_32,project_used_L1_full_L2,1,hot_cold_merge,0.0259876251221,917,0,focus
reddit,128_32_32,project_used_L1_full_L2,1,output_scatter,0.0298023223877,917,0,focus
reddit,128_32_32,project_used_L1_full_L2,1,cache_H_gather,0.0414848327637,58,0,focus
reddit,128_32_32,project_used_L1_full_L2,1,cache_Q_store,0.00572204589844,58,0,focus
reddit,128_32_32,project_used_L1_full_L2,1,thread_amx_release,0.00500679016113,64,0,focus
reddit,128_32_32,project_used_L1_full_L2,1,partial_state_load,0.234127044678,8403,0,focus
reddit,128_32_32,project_used_L1_full_L2,2,thread_amx_setup,0.0331401824951,32,0,focus
reddit,128_32_32,project_used_L1_full_L2,2,row_metadata,0.0131130218506,58,0,focus
reddit,128_32_32,project_used_L1_full_L2,2,partial_init,0.00381469726562,58,0,focus
reddit,128_32_32,project_used_L1_full_L2,2,csr_index,13.6895179749,506889,0,focus
reddit,128_32_32,project_used_L1_full_L2,2,cache_membership,0,0,0,focus
reddit,128_32_32,project_used_L1_full_L2,2,prefetch,13.7574672699,506889,0,focus
reddit,128_32_32,project_used_L1_full_L2,2,BF16_H_load,14.7662162781,506889,0,focus
reddit,128_32_32,project_used_L1_full_L2,2,BF16_decode,14.3938064575,506889,0,focus
reddit,128_32_32,project_used_L1_full_L2,2,cold_FP32_reduce,13.0779743195,506889,0,focus
reddit,128_32_32,project_used_L1_full_L2,2,FP32_Q_load,0,0,0,focus
reddit,128_32_32,project_used_L1_full_L2,2,hot_FP32_reduce,0,0,0,focus
reddit,128_32_32,project_used_L1_full_L2,2,partial_state_store,0.235080718994,8403,0,focus
reddit,128_32_32,project_used_L1_full_L2,2,partial_hi_pack,0.0641345977783,1856,0,focus
reddit,128_32_32,project_used_L1_full_L2,2,partial_lo_pack,0.0646114349365,1856,0,focus
reddit,128_32_32,project_used_L1_full_L2,2,AMX_A_load,0.00596046447754,116,0,focus
reddit,128_32_32,project_used_L1_full_L2,2,AMX_B_load,0.00405311584473,116,0,focus
reddit,128_32_32,project_used_L1_full_L2,2,AMX_compute,0.111103057861,116,0,focus
reddit,128_32_32,project_used_L1_full_L2,2,C_store,0,58,0,focus
reddit,128_32_32,project_used_L1_full_L2,2,hot_cold_merge,0,0,0,focus
reddit,128_32_32,project_used_L1_full_L2,2,output_scatter,0.0476837158203,917,0,focus
reddit,128_32_32,project_used_L1_full_L2,2,cache_H_gather,0,0,0,focus
reddit,128_32_32,project_used_L1_full_L2,2,cache_Q_store,0,0,0,focus
reddit,128_32_32,project_used_L1_full_L2,2,thread_amx_release,0.00119209289551,32,0,focus
reddit,128_32_32,project_used_L1_full_L2,2,partial_state_load,0.212907791138,8403,0,focus
reddit,128_128_128,fused_full_accurate,1,thread_amx_setup,0.0333786010742,32,0,focus
reddit,128_128_128,fused_full_accurate,1,row_metadata,0.0336170196533,58,0,focus
reddit,128_128_128,fused_full_accurate,1,partial_init,0.0209808349609,58,0,focus
reddit,128_128_128,fused_full_accurate,1,csr_index,14.258146286,506889,0,focus
reddit,128_128_128,fused_full_accurate,1,cache_membership,0,0,0,focus
reddit,128_128_128,fused_full_accurate,1,prefetch,14.689207077,506889,0,focus
reddit,128_128_128,fused_full_accurate,1,BF16_H_load,15.3367519379,506889,0,focus
reddit,128_128_128,fused_full_accurate,1,BF16_decode,15.617609024,506889,0,focus
reddit,128_128_128,fused_full_accurate,1,cold_FP32_reduce,13.6947631836,506889,0,focus
reddit,128_128_128,fused_full_accurate,1,FP32_Q_load,0,0,0,focus
reddit,128_128_128,fused_full_accurate,1,hot_FP32_reduce,0,0,0,focus
reddit,128_128_128,fused_full_accurate,1,partial_state_store,0.232934951782,8403,0,focus
reddit,128_128_128,fused_full_accurate,1,partial_hi_pack,0.211715698242,7424,0,focus
reddit,128_128_128,fused_full_accurate,1,partial_lo_pack,0.23627281189,7424,0,focus
reddit,128_128_128,fused_full_accurate,1,AMX_A_load,0.0197887420654,928,0,focus
reddit,128_128_128,fused_full_accurate,1,AMX_B_load,0.0998973846436,1856,0,focus
reddit,128_128_128,fused_full_accurate,1,AMX_compute,0.163316726685,1856,0,focus
reddit,128_128_128,fused_full_accurate,1,C_store,0.00882148742676,116,0,focus
reddit,128_128_128,fused_full_accurate,1,hot_cold_merge,0,0,0,focus
reddit,128_128_128,fused_full_accurate,1,output_scatter,0.0791549682617,917,0,focus
reddit,128_128_128,fused_full_accurate,1,cache_H_gather,0,0,0,focus
reddit,128_128_128,fused_full_accurate,1,cache_Q_store,0,0,0,focus
reddit,128_128_128,fused_full_accurate,1,thread_amx_release,0.00905990600586,32,0,focus
reddit,128_128_128,fused_full_accurate,1,partial_state_load,0.272035598755,8403,0,focus
reddit,128_128_128,fused_full_accurate,2,thread_amx_setup,0.0269412994385,32,0,focus
reddit,128_128_128,fused_full_accurate,2,row_metadata,0.0283718109131,58,0,focus
reddit,128_128_128,fused_full_accurate,2,partial_init,0.0228881835938,58,0,focus
reddit,128_128_128,fused_full_accurate,2,csr_index,14.2228603363,506889,0,focus
reddit,128_128_128,fused_full_accurate,2,cache_membership,0,0,0,focus
reddit,128_128_128,fused_full_accurate,2,prefetch,14.6853923798,506889,0,focus
reddit,128_128_128,fused_full_accurate,2,BF16_H_load,15.3574943542,506889,0,focus
reddit,128_128_128,fused_full_accurate,2,BF16_decode,15.823841095,506889,0,focus
reddit,128_128_128,fused_full_accurate,2,cold_FP32_reduce,13.6189460754,506889,0,focus
reddit,128_128_128,fused_full_accurate,2,FP32_Q_load,0,0,0,focus
reddit,128_128_128,fused_full_accurate,2,hot_FP32_reduce,0,0,0,focus
reddit,128_128_128,fused_full_accurate,2,partial_state_store,0.283241271973,8403,0,focus
reddit,128_128_128,fused_full_accurate,2,partial_hi_pack,0.210523605347,7424,0,focus
reddit,128_128_128,fused_full_accurate,2,partial_lo_pack,0.213146209717,7424,0,focus
reddit,128_128_128,fused_full_accurate,2,AMX_A_load,0.0314712524414,928,0,focus
reddit,128_128_128,fused_full_accurate,2,AMX_B_load,0.084400177002,1856,0,focus
reddit,128_128_128,fused_full_accurate,2,AMX_compute,0.148057937622,1856,0,focus
reddit,128_128_128,fused_full_accurate,2,C_store,0.00381469726562,116,0,focus
reddit,128_128_128,fused_full_accurate,2,hot_cold_merge,0,0,0,focus
reddit,128_128_128,fused_full_accurate,2,output_scatter,0.0693798065186,917,0,focus
reddit,128_128_128,fused_full_accurate,2,cache_H_gather,0,0,0,focus
reddit,128_128_128,fused_full_accurate,2,cache_Q_store,0,0,0,focus
reddit,128_128_128,fused_full_accurate,2,thread_amx_release,0.00381469726562,32,0,focus
reddit,128_128_128,fused_full_accurate,2,partial_state_load,0.249147415161,8403,0,focus
reddit,128_128_128,hybrid_none,1,thread_amx_setup,0.0908374786377,32,0,focus
reddit,128_128_128,hybrid_none,1,row_metadata,0.0300407409668,58,0,focus
reddit,128_128_128,hybrid_none,1,partial_init,0.0224113464355,58,0,focus
reddit,128_128_128,hybrid_none,1,csr_index,13.6408805847,506889,0,focus
reddit,128_128_128,hybrid_none,1,cache_membership,13.5052204132,506889,0,focus
reddit,128_128_128,hybrid_none,1,prefetch,21.6507911682,506889,0,focus
reddit,128_128_128,hybrid_none,1,BF16_H_load,14.5092010498,506889,0,focus
reddit,128_128_128,hybrid_none,1,BF16_decode,13.7102603912,506889,0,focus
reddit,128_128_128,hybrid_none,1,cold_FP32_reduce,16.631603241,506889,0,focus
reddit,128_128_128,hybrid_none,1,FP32_Q_load,0,0,0,focus
reddit,128_128_128,hybrid_none,1,hot_FP32_reduce,0,0,0,focus
reddit,128_128_128,hybrid_none,1,partial_state_store,0.242948532104,8403,0,focus
reddit,128_128_128,hybrid_none,1,partial_hi_pack,0.213861465454,7424,0,focus
reddit,128_128_128,hybrid_none,1,partial_lo_pack,0.232219696045,7424,0,focus
reddit,128_128_128,hybrid_none,1,AMX_A_load,0.0309944152832,928,0,focus
reddit,128_128_128,hybrid_none,1,AMX_B_load,0.0994205474854,1856,0,focus
reddit,128_128_128,hybrid_none,1,AMX_compute,0.164031982422,1856,0,focus
reddit,128_128_128,hybrid_none,1,C_store,0.00786781311035,116,0,focus
reddit,128_128_128,hybrid_none,1,hot_cold_merge,0.0250339508057,917,0,focus
reddit,128_128_128,hybrid_none,1,output_scatter,0.0858306884766,917,0,focus
reddit,128_128_128,hybrid_none,1,cache_H_gather,0,0,0,focus
reddit,128_128_128,hybrid_none,1,cache_Q_store,0,0,0,focus
reddit,128_128_128,hybrid_none,1,thread_amx_release,0.00715255737305,32,0,focus
reddit,128_128_128,hybrid_none,1,partial_state_load,0.248908996582,8403,0,focus
reddit,128_128_128,hybrid_none,2,thread_amx_setup,0.0252723693848,32,0,focus
reddit,128_128_128,hybrid_none,2,row_metadata,0.0209808349609,58,0,focus
reddit,128_128_128,hybrid_none,2,partial_init,0.0216960906982,58,0,focus
reddit,128_128_128,hybrid_none,2,csr_index,13.7233734131,506889,0,focus
reddit,128_128_128,hybrid_none,2,cache_membership,13.4794712067,506889,0,focus
reddit,128_128_128,hybrid_none,2,prefetch,21.3603973389,506889,0,focus
reddit,128_128_128,hybrid_none,2,BF16_H_load,14.5492553711,506889,0,focus
reddit,128_128_128,hybrid_none,2,BF16_decode,13.7465000153,506889,0,focus
reddit,128_128_128,hybrid_none,2,cold_FP32_reduce,16.8306827545,506889,0,focus
reddit,128_128_128,hybrid_none,2,FP32_Q_load,0,0,0,focus
reddit,128_128_128,hybrid_none,2,hot_FP32_reduce,0,0,0,focus
reddit,128_128_128,hybrid_none,2,partial_state_store,0.236988067627,8403,0,focus
reddit,128_128_128,hybrid_none,2,partial_hi_pack,0.225067138672,7424,0,focus
reddit,128_128_128,hybrid_none,2,partial_lo_pack,0.210285186768,7424,0,focus
reddit,128_128_128,hybrid_none,2,AMX_A_load,0.0300407409668,928,0,focus
reddit,128_128_128,hybrid_none,2,AMX_B_load,0.111818313599,1856,0,focus
reddit,128_128_128,hybrid_none,2,AMX_compute,0.139713287354,1856,0,focus
reddit,128_128_128,hybrid_none,2,C_store,0.014066696167,116,0,focus
reddit,128_128_128,hybrid_none,2,hot_cold_merge,0.0343322753906,917,0,focus
reddit,128_128_128,hybrid_none,2,output_scatter,0.0653266906738,917,0,focus
reddit,128_128_128,hybrid_none,2,cache_H_gather,0,0,0,focus
reddit,128_128_128,hybrid_none,2,cache_Q_store,0,0,0,focus
reddit,128_128_128,hybrid_none,2,thread_amx_release,0.00596046447754,32,0,focus
reddit,128_128_128,hybrid_none,2,partial_state_load,0.292778015137,8403,0,focus
reddit,128_128_128,top_1_64,1,thread_amx_setup,0.042200088501,64,0,focus
reddit,128_128_128,top_1_64,1,row_metadata,0.0259876251221,58,0,focus
reddit,128_128_128,top_1_64,1,partial_init,0.0317096710205,58,0,focus
reddit,128_128_128,top_1_64,1,csr_index,13.5498046875,506889,0,focus
reddit,128_128_128,top_1_64,1,cache_membership,13.3376121521,506889,0,focus
reddit,128_128_128,top_1_64,1,prefetch,22.3617553711,506889,0,focus
reddit,128_128_128,top_1_64,1,BF16_H_load,12.6366615295,433817,0,focus
reddit,128_128_128,top_1_64,1,BF16_decode,11.5625858307,433817,0,focus
reddit,128_128_128,top_1_64,1,cold_FP32_reduce,14.2223834991,433817,0,focus
reddit,128_128_128,top_1_64,1,FP32_Q_load,2.1767616272,73072,0,focus
reddit,128_128_128,top_1_64,1,hot_FP32_reduce,2.22420692444,73072,0,focus
reddit,128_128_128,top_1_64,1,partial_state_store,0.275850296021,8403,0,focus
reddit,128_128_128,top_1_64,1,partial_hi_pack,0.21505355835,7424,0,focus
reddit,128_128_128,top_1_64,1,partial_lo_pack,0.221967697144,7424,0,focus
reddit,128_128_128,top_1_64,1,AMX_A_load,0.0247955322266,944,0,focus
reddit,128_128_128,top_1_64,1,AMX_B_load,0.0941753387451,1888,0,focus
reddit,128_128_128,top_1_64,1,AMX_compute,0.160217285156,1888,0,focus
reddit,128_128_128,top_1_64,1,C_store,0.0112056732178,120,0,focus
reddit,128_128_128,top_1_64,1,hot_cold_merge,0.0271797180176,917,0,focus
reddit,128_128_128,top_1_64,1,output_scatter,0.104188919067,917,0,focus
reddit,128_128_128,top_1_64,1,cache_H_gather,0.00500679016113,2,0,focus
reddit,128_128_128,top_1_64,1,cache_Q_store,0.00810623168945,2,0,focus
reddit,128_128_128,top_1_64,1,thread_amx_release,0.00500679016113,64,0,focus
reddit,128_128_128,top_1_64,1,partial_state_load,0.258922576904,8403,0,focus
reddit,128_128_128,top_1_64,2,thread_amx_setup,0.0355243682861,64,0,focus
reddit,128_128_128,top_1_64,2,row_metadata,0.0271797180176,58,0,focus
reddit,128_128_128,top_1_64,2,partial_init,0.0205039978027,58,0,focus
reddit,128_128_128,top_1_64,2,csr_index,13.5486125946,506889,0,focus
reddit,128_128_128,top_1_64,2,cache_membership,13.6291980743,506889,0,focus
reddit,128_128_128,top_1_64,2,prefetch,21.5952396393,506889,0,focus
reddit,128_128_128,top_1_64,2,BF16_H_load,12.5629901886,433817,0,focus
reddit,128_128_128,top_1_64,2,BF16_decode,11.7115974426,433817,0,focus
reddit,128_128_128,top_1_64,2,cold_FP32_reduce,14.4112110138,433817,0,focus
reddit,128_128_128,top_1_64,2,FP32_Q_load,2.10452079773,73072,0,focus
reddit,128_128_128,top_1_64,2,hot_FP32_reduce,2.1767616272,73072,0,focus
reddit,128_128_128,top_1_64,2,partial_state_store,0.262975692749,8403,0,focus
reddit,128_128_128,top_1_64,2,partial_hi_pack,0.215291976929,7424,0,focus
reddit,128_128_128,top_1_64,2,partial_lo_pack,0.211954116821,7424,0,focus
reddit,128_128_128,top_1_64,2,AMX_A_load,0.0276565551758,944,0,focus
reddit,128_128_128,top_1_64,2,AMX_B_load,0.0989437103271,1888,0,focus
reddit,128_128_128,top_1_64,2,AMX_compute,0.159740447998,1888,0,focus
reddit,128_128_128,top_1_64,2,C_store,0.00667572021484,120,0,focus
reddit,128_128_128,top_1_64,2,hot_cold_merge,0.0283718109131,917,0,focus
reddit,128_128_128,top_1_64,2,output_scatter,0.0669956207275,917,0,focus
reddit,128_128_128,top_1_64,2,cache_H_gather,0.00810623168945,2,0,focus
reddit,128_128_128,top_1_64,2,cache_Q_store,0.00715255737305,2,0,focus
reddit,128_128_128,top_1_64,2,thread_amx_release,0.0102519989014,64,0,focus
reddit,128_128_128,top_1_64,2,partial_state_load,0.272750854492,8403,0,focus
reddit,128_128_128,top_1_16,1,thread_amx_setup,0.0593662261963,64,0,focus
reddit,128_128_128,top_1_16,1,row_metadata,0.0283718109131,58,0,focus
reddit,128_128_128,top_1_16,1,partial_init,0.0221729278564,58,0,focus
reddit,128_128_128,top_1_16,1,csr_index,13.4229660034,506889,0,focus
reddit,128_128_128,top_1_16,1,cache_membership,12.9964351654,506889,0,focus
reddit,128_128_128,top_1_16,1,prefetch,23.5910415649,506889,0,focus
reddit,128_128_128,top_1_16,1,BF16_H_load,9.37485694885,328658,0,focus
reddit,128_128_128,top_1_16,1,BF16_decode,8.54134559631,328658,0,focus
reddit,128_128_128,top_1_16,1,cold_FP32_reduce,10.6773376465,328658,0,focus
reddit,128_128_128,top_1_16,1,FP32_Q_load,5.32984733582,178231,0,focus
reddit,128_128_128,top_1_16,1,hot_FP32_reduce,5.25593757629,178231,0,focus
reddit,128_128_128,top_1_16,1,partial_state_store,0.278234481812,8403,0,focus
reddit,128_128_128,top_1_16,1,partial_hi_pack,0.214576721191,7424,0,focus
reddit,128_128_128,top_1_16,1,partial_lo_pack,0.203847885132,7424,0,focus
reddit,128_128_128,top_1_16,1,AMX_A_load,0.0340938568115,968,0,focus
reddit,128_128_128,top_1_16,1,AMX_B_load,0.117301940918,1936,0,focus
reddit,128_128_128,top_1_16,1,AMX_compute,0.19907951355,1936,0,focus
reddit,128_128_128,top_1_16,1,C_store,0.00381469726562,126,0,focus
reddit,128_128_128,top_1_16,1,hot_cold_merge,0.0402927398682,917,0,focus
reddit,128_128_128,top_1_16,1,output_scatter,0.116109848022,917,0,focus
reddit,128_128_128,top_1_16,1,cache_H_gather,0.00476837158203,5,0,focus
reddit,128_128_128,top_1_16,1,cache_Q_store,0.0226497650146,5,0,focus
reddit,128_128_128,top_1_16,1,thread_amx_release,0.00667572021484,64,0,focus
reddit,128_128_128,top_1_16,1,partial_state_load,0.268459320068,8403,0,focus
reddit,128_128_128,top_1_16,2,thread_amx_setup,0.0500679016113,64,0,focus
reddit,128_128_128,top_1_16,2,row_metadata,0.0338554382324,58,0,focus
reddit,128_128_128,top_1_16,2,partial_init,0.0240802764893,58,0,focus
reddit,128_128_128,top_1_16,2,csr_index,13.3540630341,506889,0,focus
reddit,128_128_128,top_1_16,2,cache_membership,13.3082866669,506889,0,focus
reddit,128_128_128,top_1_16,2,prefetch,24.9326229095,506889,0,focus
reddit,128_128_128,top_1_16,2,BF16_H_load,9.45496559143,328658,0,focus
reddit,128_128_128,top_1_16,2,BF16_decode,8.65507125854,328658,0,focus
reddit,128_128_128,top_1_16,2,cold_FP32_reduce,10.5457305908,328658,0,focus
reddit,128_128_128,top_1_16,2,FP32_Q_load,5.25593757629,178231,0,focus
reddit,128_128_128,top_1_16,2,hot_FP32_reduce,5.17249107361,178231,0,focus
reddit,128_128_128,top_1_16,2,partial_state_store,0.238418579102,8403,0,focus
reddit,128_128_128,top_1_16,2,partial_hi_pack,0.214576721191,7424,0,focus
reddit,128_128_128,top_1_16,2,partial_lo_pack,0.20694732666,7424,0,focus
reddit,128_128_128,top_1_16,2,AMX_A_load,0.028133392334,968,0,focus
reddit,128_128_128,top_1_16,2,AMX_B_load,0.137090682983,1936,0,focus
reddit,128_128_128,top_1_16,2,AMX_compute,0.191450119019,1936,0,focus
reddit,128_128_128,top_1_16,2,C_store,0.0112056732178,126,0,focus
reddit,128_128_128,top_1_16,2,hot_cold_merge,0.0295639038086,917,0,focus
reddit,128_128_128,top_1_16,2,output_scatter,0.0953674316406,917,0,focus
reddit,128_128_128,top_1_16,2,cache_H_gather,0.00643730163574,5,0,focus
reddit,128_128_128,top_1_16,2,cache_Q_store,0.028133392334,5,0,focus
reddit,128_128_128,top_1_16,2,thread_amx_release,0.00619888305664,64,0,focus
reddit,128_128_128,top_1_16,2,partial_state_load,0.247716903687,8403,0,focus
reddit,128_128_128,top_1_4,1,thread_amx_setup,0.0574588775635,64,0,focus
reddit,128_128_128,top_1_4,1,row_metadata,0.0331401824951,58,0,focus
reddit,128_128_128,top_1_4,1,partial_init,0.0193119049072,58,0,focus
reddit,128_128_128,top_1_4,1,csr_index,13.1227970123,506889,0,focus
reddit,128_128_128,top_1_4,1,cache_membership,13.3125782013,506889,0,focus
reddit,128_128_128,top_1_4,1,prefetch,25.6090164185,506889,0,focus
reddit,128_128_128,top_1_4,1,BF16_H_load,4.30011749268,147218,0,focus
reddit,128_128_128,top_1_4,1,BF16_decode,3.88145446777,147218,0,focus
reddit,128_128_128,top_1_4,1,cold_FP32_reduce,4.68492507935,147218,0,focus
reddit,128_128_128,top_1_4,1,FP32_Q_load,10.6294155121,359671,0,focus
reddit,128_128_128,top_1_4,1,hot_FP32_reduce,10.5466842651,359671,0,focus
reddit,128_128_128,top_1_4,1,partial_state_store,0.255346298218,8403,0,focus
reddit,128_128_128,top_1_4,1,partial_hi_pack,0.206470489502,7424,0,focus
reddit,128_128_128,top_1_4,1,partial_lo_pack,0.218391418457,7424,0,focus
reddit,128_128_128,top_1_4,1,AMX_A_load,0.0271797180176,1056,0,focus
reddit,128_128_128,top_1_4,1,AMX_B_load,0.154495239258,2112,0,focus
reddit,128_128_128,top_1_4,1,AMX_compute,0.259399414062,2112,0,focus
reddit,128_128_128,top_1_4,1,C_store,0.0128746032715,148,0,focus
reddit,128_128_128,top_1_4,1,hot_cold_merge,0.0393390655518,917,0,focus
reddit,128_128_128,top_1_4,1,output_scatter,0.173091888428,917,0,focus
reddit,128_128_128,top_1_4,1,cache_H_gather,0.00596046447754,16,0,focus
reddit,128_128_128,top_1_4,1,cache_Q_store,0.0960826873779,16,0,focus
reddit,128_128_128,top_1_4,1,thread_amx_release,0.00381469726562,64,0,focus
reddit,128_128_128,top_1_4,1,partial_state_load,0.232458114624,8403,0,focus
reddit,128_128_128,top_1_4,2,thread_amx_setup,0.0543594360352,64,0,focus
reddit,128_128_128,top_1_4,2,row_metadata,0.025749206543,58,0,focus
reddit,128_128_128,top_1_4,2,partial_init,0.0395774841309,58,0,focus
reddit,128_128_128,top_1_4,2,csr_index,13.3755207062,506889,0,focus
reddit,128_128_128,top_1_4,2,cache_membership,13.213634491,506889,0,focus
reddit,128_128_128,top_1_4,2,prefetch,24.4166851044,506889,0,focus
reddit,128_128_128,top_1_4,2,BF16_H_load,4.27222251892,147218,0,focus
reddit,128_128_128,top_1_4,2,BF16_decode,3.85713577271,147218,0,focus
reddit,128_128_128,top_1_4,2,cold_FP32_reduce,4.76598739624,147218,0,focus
reddit,128_128_128,top_1_4,2,FP32_Q_load,10.6210708618,359671,0,focus
reddit,128_128_128,top_1_4,2,hot_FP32_reduce,10.623216629,359671,0,focus
reddit,128_128_128,top_1_4,2,partial_state_store,0.268936157227,8403,0,focus
reddit,128_128_128,top_1_4,2,partial_hi_pack,0.194072723389,7424,0,focus
reddit,128_128_128,top_1_4,2,partial_lo_pack,0.204801559448,7424,0,focus
reddit,128_128_128,top_1_4,2,AMX_A_load,0.0276565551758,1056,0,focus
reddit,128_128_128,top_1_4,2,AMX_B_load,0.123739242554,2112,0,focus
reddit,128_128_128,top_1_4,2,AMX_compute,0.227928161621,2112,0,focus
reddit,128_128_128,top_1_4,2,C_store,0.00953674316406,148,0,focus
reddit,128_128_128,top_1_4,2,hot_cold_merge,0.0369548797607,917,0,focus
reddit,128_128_128,top_1_4,2,output_scatter,0.0743865966797,917,0,focus
reddit,128_128_128,top_1_4,2,cache_H_gather,0.0112056732178,16,0,focus
reddit,128_128_128,top_1_4,2,cache_Q_store,0.0958442687988,16,0,focus
reddit,128_128_128,top_1_4,2,thread_amx_release,0.00500679016113,64,0,focus
reddit,128_128_128,top_1_4,2,partial_state_load,0.247955322266,8403,0,focus
reddit,128_128_128,hybrid_all,1,thread_amx_setup,0.089168548584,64,0,focus
reddit,128_128_128,hybrid_all,1,row_metadata,0.0324249267578,58,0,focus
reddit,128_128_128,hybrid_all,1,partial_init,0.0202655792236,58,0,focus
reddit,128_128_128,hybrid_all,1,csr_index,13.2842063904,506889,0,focus
reddit,128_128_128,hybrid_all,1,cache_membership,13.1223201752,506889,0,focus
reddit,128_128_128,hybrid_all,1,prefetch,25.0675678253,506889,0,focus
reddit,128_128_128,hybrid_all,1,BF16_H_load,0,0,0,focus
reddit,128_128_128,hybrid_all,1,BF16_decode,0,0,0,focus
reddit,128_128_128,hybrid_all,1,cold_FP32_reduce,0,0,0,focus
reddit,128_128_128,hybrid_all,1,FP32_Q_load,16.0644054413,506889,0,focus
reddit,128_128_128,hybrid_all,1,hot_FP32_reduce,14.6160125732,506889,0,focus
reddit,128_128_128,hybrid_all,1,partial_state_store,0.23365020752,8403,0,focus
reddit,128_128_128,hybrid_all,1,partial_hi_pack,0,0,0,focus
reddit,128_128_128,hybrid_all,1,partial_lo_pack,0,0,0,focus
reddit,128_128_128,hybrid_all,1,AMX_A_load,0.0143051147461,464,0,focus
reddit,128_128_128,hybrid_all,1,AMX_B_load,0.035285949707,928,0,focus
reddit,128_128_128,hybrid_all,1,AMX_compute,0.106811523438,928,0,focus
reddit,128_128_128,hybrid_all,1,C_store,0.00882148742676,116,0,focus
reddit,128_128_128,hybrid_all,1,hot_cold_merge,0.0412464141846,917,0,focus
reddit,128_128_128,hybrid_all,1,output_scatter,0.0994205474854,917,0,focus
reddit,128_128_128,hybrid_all,1,cache_H_gather,0.0350475311279,58,0,focus
reddit,128_128_128,hybrid_all,1,cache_Q_store,0.133037567139,58,0,focus
reddit,128_128_128,hybrid_all,1,thread_amx_release,0.00882148742676,64,0,focus
reddit,128_128_128,hybrid_all,1,partial_state_load,0.259876251221,8403,0,focus
reddit,128_128_128,hybrid_all,2,thread_amx_setup,0.0691413879395,64,0,focus
reddit,128_128_128,hybrid_all,2,row_metadata,0.0307559967041,58,0,focus
reddit,128_128_128,hybrid_all,2,partial_init,0.0183582305908,58,0,focus
reddit,128_128_128,hybrid_all,2,csr_index,13.3581161499,506889,0,focus
reddit,128_128_128,hybrid_all,2,cache_membership,12.845993042,506889,0,focus
reddit,128_128_128,hybrid_all,2,prefetch,25.003194809,506889,0,focus
reddit,128_128_128,hybrid_all,2,BF16_H_load,0,0,0,focus
reddit,128_128_128,hybrid_all,2,BF16_decode,0,0,0,focus
reddit,128_128_128,hybrid_all,2,cold_FP32_reduce,0,0,0,focus
reddit,128_128_128,hybrid_all,2,FP32_Q_load,15.8228874207,506889,0,focus
reddit,128_128_128,hybrid_all,2,hot_FP32_reduce,14.6043300629,506889,0,focus
reddit,128_128_128,hybrid_all,2,partial_state_store,0.248193740845,8403,0,focus
reddit,128_128_128,hybrid_all,2,partial_hi_pack,0,0,0,focus
reddit,128_128_128,hybrid_all,2,partial_lo_pack,0,0,0,focus
reddit,128_128_128,hybrid_all,2,AMX_A_load,0.0100135803223,464,0,focus
reddit,128_128_128,hybrid_all,2,AMX_B_load,0.0407695770264,928,0,focus
reddit,128_128_128,hybrid_all,2,AMX_compute,0.0953674316406,928,0,focus
reddit,128_128_128,hybrid_all,2,C_store,0.00405311584473,116,0,focus
reddit,128_128_128,hybrid_all,2,hot_cold_merge,0.0491142272949,917,0,focus
reddit,128_128_128,hybrid_all,2,output_scatter,0.06103515625,917,0,focus
reddit,128_128_128,hybrid_all,2,cache_H_gather,0.0259876251221,58,0,focus
reddit,128_128_128,hybrid_all,2,cache_Q_store,0.11944770813,58,0,focus
reddit,128_128_128,hybrid_all,2,thread_amx_release,0.00810623168945,64,0,focus
reddit,128_128_128,hybrid_all,2,partial_state_load,0.301837921143,8403,0,focus
reddit,128_128_128,project_all,1,thread_amx_setup,5.20706176758,64,0,focus
reddit,128_128_128,project_all,1,row_metadata,0.0381469726562,58,0,focus
reddit,128_128_128,project_all,1,partial_init,0.0100135803223,58,0,focus
reddit,128_128_128,project_all,1,csr_index,13.2846832275,506889,0,focus
reddit,128_128_128,project_all,1,cache_membership,0,0,0,focus
reddit,128_128_128,project_all,1,prefetch,16.2675380707,506889,0,focus
reddit,128_128_128,project_all,1,BF16_H_load,0,0,0,focus
reddit,128_128_128,project_all,1,BF16_decode,0,0,0,focus
reddit,128_128_128,project_all,1,cold_FP32_reduce,0,0,0,focus
reddit,128_128_128,project_all,1,FP32_Q_load,21.7490196228,506889,0,focus
reddit,128_128_128,project_all,1,hot_FP32_reduce,13.2818222046,506889,0,focus
reddit,128_128_128,project_all,1,partial_state_store,0.213384628296,8403,0,focus
reddit,128_128_128,project_all,1,partial_hi_pack,0,0,0,focus
reddit,128_128_128,project_all,1,partial_lo_pack,0,0,0,focus
reddit,128_128_128,project_all,1,AMX_A_load,0.0150203704834,464,0,focus
reddit,128_128_128,project_all,1,AMX_B_load,0.0433921813965,928,0,focus
reddit,128_128_128,project_all,1,AMX_compute,0.118255615234,928,0,focus
reddit,128_128_128,project_all,1,C_store,0.00667572021484,116,0,focus
reddit,128_128_128,project_all,1,hot_cold_merge,0.0417232513428,917,0,focus
reddit,128_128_128,project_all,1,output_scatter,0.0851154327393,917,0,focus
reddit,128_128_128,project_all,1,cache_H_gather,0.0340938568115,58,0,focus
reddit,128_128_128,project_all,1,cache_Q_store,0.129699707031,58,0,focus
reddit,128_128_128,project_all,1,thread_amx_release,0.00810623168945,64,0,focus
reddit,128_128_128,project_all,1,partial_state_load,0.246286392212,8403,0,focus
reddit,128_128_128,project_all,2,thread_amx_setup,0.103235244751,64,0,focus
reddit,128_128_128,project_all,2,row_metadata,0.0319480895996,58,0,focus
reddit,128_128_128,project_all,2,partial_init,0.00381469726562,58,0,focus
reddit,128_128_128,project_all,2,csr_index,13.4015083313,506889,0,focus
reddit,128_128_128,project_all,2,cache_membership,0,0,0,focus
reddit,128_128_128,project_all,2,prefetch,16.1895751953,506889,0,focus
reddit,128_128_128,project_all,2,BF16_H_load,0,0,0,focus
reddit,128_128_128,project_all,2,BF16_decode,0,0,0,focus
reddit,128_128_128,project_all,2,cold_FP32_reduce,0,0,0,focus
reddit,128_128_128,project_all,2,FP32_Q_load,20.0915336609,506889,0,focus
reddit,128_128_128,project_all,2,hot_FP32_reduce,13.2961273193,506889,0,focus
reddit,128_128_128,project_all,2,partial_state_store,0.277519226074,8403,0,focus
reddit,128_128_128,project_all,2,partial_hi_pack,0,0,0,focus
reddit,128_128_128,project_all,2,partial_lo_pack,0,0,0,focus
reddit,128_128_128,project_all,2,AMX_A_load,0.0109672546387,464,0,focus
reddit,128_128_128,project_all,2,AMX_B_load,0.0386238098145,928,0,focus
reddit,128_128_128,project_all,2,AMX_compute,0.117540359497,928,0,focus
reddit,128_128_128,project_all,2,C_store,0.00500679016113,116,0,focus
reddit,128_128_128,project_all,2,hot_cold_merge,0.0345706939697,917,0,focus
reddit,128_128_128,project_all,2,output_scatter,0.0848770141602,917,0,focus
reddit,128_128_128,project_all,2,cache_H_gather,0.0267028808594,58,0,focus
reddit,128_128_128,project_all,2,cache_Q_store,0.138998031616,58,0,focus
reddit,128_128_128,project_all,2,thread_amx_release,0.00405311584473,64,0,focus
reddit,128_128_128,project_all,2,partial_state_load,0.272512435913,8403,0,focus
reddit,128_128_128,project_used,1,thread_amx_setup,0.0927448272705,64,0,focus
reddit,128_128_128,project_used,1,row_metadata,0.044584274292,58,0,focus
reddit,128_128_128,project_used,1,partial_init,0.00858306884766,58,0,focus
reddit,128_128_128,project_used,1,csr_index,13.7424468994,506889,0,focus
reddit,128_128_128,project_used,1,cache_membership,13.3481025696,506889,0,focus
reddit,128_128_128,project_used,1,prefetch,27.7614593506,506889,0,focus
reddit,128_128_128,project_used,1,BF16_H_load,0,0,0,focus
reddit,128_128_128,project_used,1,BF16_decode,0,0,0,focus
reddit,128_128_128,project_used,1,cold_FP32_reduce,0,0,0,focus
reddit,128_128_128,project_used,1,FP32_Q_load,15.6610012054,506889,0,focus
reddit,128_128_128,project_used,1,hot_FP32_reduce,13.610124588,506889,0,focus
reddit,128_128_128,project_used,1,partial_state_store,0.243902206421,8403,0,focus
reddit,128_128_128,project_used,1,partial_hi_pack,0,0,0,focus
reddit,128_128_128,project_used,1,partial_lo_pack,0,0,0,focus
reddit,128_128_128,project_used,1,AMX_A_load,0.0193119049072,464,0,focus
reddit,128_128_128,project_used,1,AMX_B_load,0.0457763671875,928,0,focus
reddit,128_128_128,project_used,1,AMX_compute,0.118494033813,928,0,focus
reddit,128_128_128,project_used,1,C_store,0.00905990600586,116,0,focus
reddit,128_128_128,project_used,1,hot_cold_merge,0.0348091125488,917,0,focus
reddit,128_128_128,project_used,1,output_scatter,0.11157989502,917,0,focus
reddit,128_128_128,project_used,1,cache_H_gather,0.0441074371338,58,0,focus
reddit,128_128_128,project_used,1,cache_Q_store,0.14853477478,58,0,focus
reddit,128_128_128,project_used,1,thread_amx_release,0.00309944152832,64,0,focus
reddit,128_128_128,project_used,1,partial_state_load,0.266075134277,8403,0,focus
reddit,128_128_128,project_used,2,thread_amx_setup,0.0648498535156,64,0,focus
reddit,128_128_128,project_used,2,row_metadata,0.0319480895996,58,0,focus
reddit,128_128_128,project_used,2,partial_init,0.0126361846924,58,0,focus
reddit,128_128_128,project_used,2,csr_index,13.2522583008,506889,0,focus
reddit,128_128_128,project_used,2,cache_membership,13.1461620331,506889,0,focus
reddit,128_128_128,project_used,2,prefetch,26.1166095734,506889,0,focus
reddit,128_128_128,project_used,2,BF16_H_load,0,0,0,focus
reddit,128_128_128,project_used,2,BF16_decode,0,0,0,focus
reddit,128_128_128,project_used,2,cold_FP32_reduce,0,0,0,focus
reddit,128_128_128,project_used,2,FP32_Q_load,15.0303840637,506889,0,focus
reddit,128_128_128,project_used,2,hot_FP32_reduce,13.2050514221,506889,0,focus
reddit,128_128_128,project_used,2,partial_state_store,0.246047973633,8403,0,focus
reddit,128_128_128,project_used,2,partial_hi_pack,0,0,0,focus
reddit,128_128_128,project_used,2,partial_lo_pack,0,0,0,focus
reddit,128_128_128,project_used,2,AMX_A_load,0.0224113464355,464,0,focus
reddit,128_128_128,project_used,2,AMX_B_load,0.0426769256592,928,0,focus
reddit,128_128_128,project_used,2,AMX_compute,0.135660171509,928,0,focus
reddit,128_128_128,project_used,2,C_store,0.00405311584473,116,0,focus
reddit,128_128_128,project_used,2,hot_cold_merge,0.0391006469727,917,0,focus
reddit,128_128_128,project_used,2,output_scatter,0.0870227813721,917,0,focus
reddit,128_128_128,project_used,2,cache_H_gather,0.0472068786621,58,0,focus
reddit,128_128_128,project_used,2,cache_Q_store,0.139713287354,58,0,focus
reddit,128_128_128,project_used,2,thread_amx_release,0.00286102294922,64,0,focus
reddit,128_128_128,project_used,2,partial_state_load,0.245809555054,8403,0,focus
reddit,128_128_128,project_used_L1_full_L2,1,thread_amx_setup,0.0786781311035,64,0,focus
reddit,128_128_128,project_used_L1_full_L2,1,row_metadata,0.0321865081787,58,0,focus
reddit,128_128_128,project_used_L1_full_L2,1,partial_init,0.011682510376,58,0,focus
reddit,128_128_128,project_used_L1_full_L2,1,csr_index,13.7567520142,506889,0,focus
reddit,128_128_128,project_used_L1_full_L2,1,cache_membership,13.5643482208,506889,0,focus
reddit,128_128_128,project_used_L1_full_L2,1,prefetch,28.1319618225,506889,0,focus
reddit,128_128_128,project_used_L1_full_L2,1,BF16_H_load,0,0,0,focus
reddit,128_128_128,project_used_L1_full_L2,1,BF16_decode,0,0,0,focus
reddit,128_128_128,project_used_L1_full_L2,1,cold_FP32_reduce,0,0,0,focus
reddit,128_128_128,project_used_L1_full_L2,1,FP32_Q_load,15.5081748962,506889,0,focus
reddit,128_128_128,project_used_L1_full_L2,1,hot_FP32_reduce,13.819694519,506889,0,focus
reddit,128_128_128,project_used_L1_full_L2,1,partial_state_store,0.256299972534,8403,0,focus
reddit,128_128_128,project_used_L1_full_L2,1,partial_hi_pack,0,0,0,focus
reddit,128_128_128,project_used_L1_full_L2,1,partial_lo_pack,0,0,0,focus
reddit,128_128_128,project_used_L1_full_L2,1,AMX_A_load,0.016450881958,464,0,focus
reddit,128_128_128,project_used_L1_full_L2,1,AMX_B_load,0.0383853912354,928,0,focus
reddit,128_128_128,project_used_L1_full_L2,1,AMX_compute,0.126361846924,928,0,focus
reddit,128_128_128,project_used_L1_full_L2,1,C_store,0.00500679016113,116,0,focus
reddit,128_128_128,project_used_L1_full_L2,1,hot_cold_merge,0.0417232513428,917,0,focus
reddit,128_128_128,project_used_L1_full_L2,1,output_scatter,0.104188919067,917,0,focus
reddit,128_128_128,project_used_L1_full_L2,1,cache_H_gather,0.0455379486084,58,0,focus
reddit,128_128_128,project_used_L1_full_L2,1,cache_Q_store,0.126838684082,58,0,focus
reddit,128_128_128,project_used_L1_full_L2,1,thread_amx_release,0.00977516174316,64,0,focus
reddit,128_128_128,project_used_L1_full_L2,1,partial_state_load,0.248432159424,8403,0,focus
reddit,128_128_128,project_used_L1_full_L2,2,thread_amx_setup,0.030517578125,32,0,focus
reddit,128_128_128,project_used_L1_full_L2,2,row_metadata,0.0302791595459,58,0,focus
reddit,128_128_128,project_used_L1_full_L2,2,partial_init,0.0162124633789,58,0,focus
reddit,128_128_128,project_used_L1_full_L2,2,csr_index,14.0466690063,506889,0,focus
reddit,128_128_128,project_used_L1_full_L2,2,cache_membership,0,0,0,focus
reddit,128_128_128,project_used_L1_full_L2,2,prefetch,14.5635604858,506889,0,focus
reddit,128_128_128,project_used_L1_full_L2,2,BF16_H_load,15.4731273651,506889,0,focus
reddit,128_128_128,project_used_L1_full_L2,2,BF16_decode,15.6090259552,506889,0,focus
reddit,128_128_128,project_used_L1_full_L2,2,cold_FP32_reduce,13.6120319366,506889,0,focus
reddit,128_128_128,project_used_L1_full_L2,2,FP32_Q_load,0,0,0,focus
reddit,128_128_128,project_used_L1_full_L2,2,hot_FP32_reduce,0,0,0,focus
reddit,128_128_128,project_used_L1_full_L2,2,partial_state_store,0.268697738647,8403,0,focus
reddit,128_128_128,project_used_L1_full_L2,2,partial_hi_pack,0.212669372559,7424,0,focus
reddit,128_128_128,project_used_L1_full_L2,2,partial_lo_pack,0.220060348511,7424,0,focus
reddit,128_128_128,project_used_L1_full_L2,2,AMX_A_load,0.0267028808594,928,0,focus
reddit,128_128_128,project_used_L1_full_L2,2,AMX_B_load,0.0998973846436,1856,0,focus
reddit,128_128_128,project_used_L1_full_L2,2,AMX_compute,0.158309936523,1856,0,focus
reddit,128_128_128,project_used_L1_full_L2,2,C_store,0.00572204589844,116,0,focus
reddit,128_128_128,project_used_L1_full_L2,2,hot_cold_merge,0,0,0,focus
reddit,128_128_128,project_used_L1_full_L2,2,output_scatter,0.0619888305664,917,0,focus
reddit,128_128_128,project_used_L1_full_L2,2,cache_H_gather,0,0,0,focus
reddit,128_128_128,project_used_L1_full_L2,2,cache_Q_store,0,0,0,focus
reddit,128_128_128,project_used_L1_full_L2,2,thread_amx_release,0.00405311584473,32,0,focus
reddit,128_128_128,project_used_L1_full_L2,2,partial_state_load,0.242233276367,8403,0,focus
mycielskian19,128_32_32,fused_full_accurate,1,thread_amx_setup,0.0245571136475,32,0,focus
mycielskian19,128_32_32,fused_full_accurate,1,row_metadata,0.0531673431396,97,0,focus
mycielskian19,128_32_32,fused_full_accurate,1,partial_init,0.0288486480713,97,0,focus
mycielskian19,128_32_32,fused_full_accurate,1,csr_index,163.856983185,6091897,0,focus
mycielskian19,128_32_32,fused_full_accurate,1,cache_membership,0,0,0,focus
mycielskian19,128_32_32,fused_full_accurate,1,prefetch,166.069507599,6091897,0,focus
mycielskian19,128_32_32,fused_full_accurate,1,BF16_H_load,183.88915062,6091897,0,focus
mycielskian19,128_32_32,fused_full_accurate,1,BF16_decode,185.016870499,6091897,0,focus
mycielskian19,128_32_32,fused_full_accurate,1,cold_FP32_reduce,159.49010849,6091897,0,focus
mycielskian19,128_32_32,fused_full_accurate,1,FP32_Q_load,0,0,0,focus
mycielskian19,128_32_32,fused_full_accurate,1,hot_FP32_reduce,0,0,0,focus
mycielskian19,128_32_32,fused_full_accurate,1,partial_state_store,2.73871421814,96067,0,focus
mycielskian19,128_32_32,fused_full_accurate,1,partial_hi_pack,0.377416610718,12416,0,focus
mycielskian19,128_32_32,fused_full_accurate,1,partial_lo_pack,0.347852706909,12416,0,focus
mycielskian19,128_32_32,fused_full_accurate,1,AMX_A_load,0.0197887420654,776,0,focus
mycielskian19,128_32_32,fused_full_accurate,1,AMX_B_load,0.0889301300049,776,0,focus
mycielskian19,128_32_32,fused_full_accurate,1,AMX_compute,0.516891479492,776,0,focus
mycielskian19,128_32_32,fused_full_accurate,1,C_store,0.00786781311035,97,0,focus
mycielskian19,128_32_32,fused_full_accurate,1,hot_cold_merge,0,0,0,focus
mycielskian19,128_32_32,fused_full_accurate,1,output_scatter,0.118255615234,1551,0,focus
mycielskian19,128_32_32,fused_full_accurate,1,cache_H_gather,0,0,0,focus
mycielskian19,128_32_32,fused_full_accurate,1,cache_Q_store,0,0,0,focus
mycielskian19,128_32_32,fused_full_accurate,1,thread_amx_release,0.00405311584473,32,0,focus
mycielskian19,128_32_32,fused_full_accurate,1,partial_state_load,2.82263755798,96067,0,focus
mycielskian19,128_32_32,fused_full_accurate,2,thread_amx_setup,0.0228881835938,32,0,focus
mycielskian19,128_32_32,fused_full_accurate,2,row_metadata,0.0510215759277,97,0,focus
mycielskian19,128_32_32,fused_full_accurate,2,partial_init,0.00667572021484,97,0,focus
mycielskian19,128_32_32,fused_full_accurate,2,csr_index,160.667896271,6091897,0,focus
mycielskian19,128_32_32,fused_full_accurate,2,cache_membership,0,0,0,focus
mycielskian19,128_32_32,fused_full_accurate,2,prefetch,162.418365479,6091897,0,focus
mycielskian19,128_32_32,fused_full_accurate,2,BF16_H_load,170.788526535,6091897,0,focus
mycielskian19,128_32_32,fused_full_accurate,2,BF16_decode,170.52936554,6091897,0,focus
mycielskian19,128_32_32,fused_full_accurate,2,cold_FP32_reduce,156.252622604,6091897,0,focus
mycielskian19,128_32_32,fused_full_accurate,2,FP32_Q_load,0,0,0,focus
mycielskian19,128_32_32,fused_full_accurate,2,hot_FP32_reduce,0,0,0,focus
mycielskian19,128_32_32,fused_full_accurate,2,partial_state_store,2.52223014832,96067,0,focus
mycielskian19,128_32_32,fused_full_accurate,2,partial_hi_pack,0.0922679901123,3104,0,focus
mycielskian19,128_32_32,fused_full_accurate,2,partial_lo_pack,0.114679336548,3104,0,focus
mycielskian19,128_32_32,fused_full_accurate,2,AMX_A_load,0.00905990600586,194,0,focus
mycielskian19,128_32_32,fused_full_accurate,2,AMX_B_load,0.0109672546387,194,0,focus
mycielskian19,128_32_32,fused_full_accurate,2,AMX_compute,0.452041625977,194,0,focus
mycielskian19,128_32_32,fused_full_accurate,2,C_store,0.00762939453125,97,0,focus
mycielskian19,128_32_32,fused_full_accurate,2,hot_cold_merge,0,0,0,focus
mycielskian19,128_32_32,fused_full_accurate,2,output_scatter,0.0758171081543,1551,0,focus
mycielskian19,128_32_32,fused_full_accurate,2,cache_H_gather,0,0,0,focus
mycielskian19,128_32_32,fused_full_accurate,2,cache_Q_store,0,0,0,focus
mycielskian19,128_32_32,fused_full_accurate,2,thread_amx_release,0.00619888305664,32,0,focus
mycielskian19,128_32_32,fused_full_accurate,2,partial_state_load,2.62522697449,96067,0,focus
mycielskian19,128_32_32,hybrid_none,1,thread_amx_setup,0.0228881835938,32,0,focus
mycielskian19,128_32_32,hybrid_none,1,row_metadata,0.0510215759277,97,0,focus
mycielskian19,128_32_32,hybrid_none,1,partial_init,0.0207424163818,97,0,focus
mycielskian19,128_32_32,hybrid_none,1,csr_index,164.352893829,6091897,0,focus
mycielskian19,128_32_32,hybrid_none,1,cache_membership,162.423610687,6091897,0,focus
mycielskian19,128_32_32,hybrid_none,1,prefetch,169.044017792,6091897,0,focus
mycielskian19,128_32_32,hybrid_none,1,BF16_H_load,173.022270203,6091897,0,focus
mycielskian19,128_32_32,hybrid_none,1,BF16_decode,164.152145386,6091897,0,focus
mycielskian19,128_32_32,hybrid_none,1,cold_FP32_reduce,199.736595154,6091897,0,focus
mycielskian19,128_32_32,hybrid_none,1,FP32_Q_load,0,0,0,focus
mycielskian19,128_32_32,hybrid_none,1,hot_FP32_reduce,0,0,0,focus
mycielskian19,128_32_32,hybrid_none,1,partial_state_store,3.0369758606,96067,0,focus
mycielskian19,128_32_32,hybrid_none,1,partial_hi_pack,0.361680984497,12416,0,focus
mycielskian19,128_32_32,hybrid_none,1,partial_lo_pack,0.36358833313,12416,0,focus
mycielskian19,128_32_32,hybrid_none,1,AMX_A_load,0.032901763916,776,0,focus
mycielskian19,128_32_32,hybrid_none,1,AMX_B_load,0.068187713623,776,0,focus
mycielskian19,128_32_32,hybrid_none,1,AMX_compute,0.5042552948,776,0,focus
mycielskian19,128_32_32,hybrid_none,1,C_store,0.00214576721191,97,0,focus
mycielskian19,128_32_32,hybrid_none,1,hot_cold_merge,0.06103515625,1551,0,focus
mycielskian19,128_32_32,hybrid_none,1,output_scatter,0.113248825073,1551,0,focus
mycielskian19,128_32_32,hybrid_none,1,cache_H_gather,0,0,0,focus
mycielskian19,128_32_32,hybrid_none,1,cache_Q_store,0,0,0,focus
mycielskian19,128_32_32,hybrid_none,1,thread_amx_release,0.0169277191162,32,0,focus
mycielskian19,128_32_32,hybrid_none,1,partial_state_load,3.06415557861,96067,0,focus
mycielskian19,128_32_32,hybrid_none,2,thread_amx_setup,0.0214576721191,32,0,focus
mycielskian19,128_32_32,hybrid_none,2,row_metadata,0.049352645874,97,0,focus
mycielskian19,128_32_32,hybrid_none,2,partial_init,0.00524520874023,97,0,focus
mycielskian19,128_32_32,hybrid_none,2,csr_index,159.979820251,6091897,0,focus
mycielskian19,128_32_32,hybrid_none,2,cache_membership,157.860994339,6091897,0,focus
mycielskian19,128_32_32,hybrid_none,2,prefetch,160.011053085,6091897,0,focus
mycielskian19,128_32_32,hybrid_none,2,BF16_H_load,162.003755569,6091897,0,focus
mycielskian19,128_32_32,hybrid_none,2,BF16_decode,159.835338593,6091897,0,focus
mycielskian19,128_32_32,hybrid_none,2,cold_FP32_reduce,168.383359909,6091897,0,focus
mycielskian19,128_32_32,hybrid_none,2,FP32_Q_load,0,0,0,focus
mycielskian19,128_32_32,hybrid_none,2,hot_FP32_reduce,0,0,0,focus
mycielskian19,128_32_32,hybrid_none,2,partial_state_store,2.60782241821,96067,0,focus
mycielskian19,128_32_32,hybrid_none,2,partial_hi_pack,0.0941753387451,3104,0,focus
mycielskian19,128_32_32,hybrid_none,2,partial_lo_pack,0.111818313599,3104,0,focus
mycielskian19,128_32_32,hybrid_none,2,AMX_A_load,0.00429153442383,194,0,focus
mycielskian19,128_32_32,hybrid_none,2,AMX_B_load,0.0109672546387,194,0,focus
mycielskian19,128_32_32,hybrid_none,2,AMX_compute,0.453472137451,194,0,focus
mycielskian19,128_32_32,hybrid_none,2,C_store,0.00667572021484,97,0,focus
mycielskian19,128_32_32,hybrid_none,2,hot_cold_merge,0.0467300415039,1551,0,focus
mycielskian19,128_32_32,hybrid_none,2,output_scatter,0.0514984130859,1551,0,focus
mycielskian19,128_32_32,hybrid_none,2,cache_H_gather,0,0,0,focus
mycielskian19,128_32_32,hybrid_none,2,cache_Q_store,0,0,0,focus
mycielskian19,128_32_32,hybrid_none,2,thread_amx_release,0.00977516174316,32,0,focus
mycielskian19,128_32_32,hybrid_none,2,partial_state_load,2.67958641052,96067,0,focus
mycielskian19,128_32_32,top_1_64,1,thread_amx_setup,0.0371932983398,64,0,focus
mycielskian19,128_32_32,top_1_64,1,row_metadata,0.0503063201904,97,0,focus
mycielskian19,128_32_32,top_1_64,1,partial_init,0.0245571136475,97,0,focus
mycielskian19,128_32_32,top_1_64,1,csr_index,162.385940552,6091897,0,focus
mycielskian19,128_32_32,top_1_64,1,cache_membership,160.32576561,6091897,0,focus
mycielskian19,128_32_32,top_1_64,1,prefetch,168.627977371,6091897,0,focus
mycielskian19,128_32_32,top_1_64,1,BF16_H_load,151.580095291,5417017,0,focus
mycielskian19,128_32_32,top_1_64,1,BF16_decode,142.884731293,5417017,0,focus
mycielskian19,128_32_32,top_1_64,1,cold_FP32_reduce,174.767494202,5417017,0,focus
mycielskian19,128_32_32,top_1_64,1,FP32_Q_load,19.2563533783,674880,0,focus
mycielskian19,128_32_32,top_1_64,1,hot_FP32_reduce,19.6225643158,674880,0,focus
mycielskian19,128_32_32,top_1_64,1,partial_state_store,2.75063514709,96067,0,focus
mycielskian19,128_32_32,top_1_64,1,partial_hi_pack,0.351428985596,12288,0,focus
mycielskian19,128_32_32,top_1_64,1,partial_lo_pack,0.36883354187,12288,0,focus
mycielskian19,128_32_32,top_1_64,1,AMX_A_load,0.0228881835938,780,0,focus
mycielskian19,128_32_32,top_1_64,1,AMX_B_load,0.0643730163574,780,0,focus
mycielskian19,128_32_32,top_1_64,1,AMX_compute,0.341415405273,780,0,focus
mycielskian19,128_32_32,top_1_64,1,C_store,0.00596046447754,99,0,focus
mycielskian19,128_32_32,top_1_64,1,hot_cold_merge,0.06103515625,1551,0,focus
mycielskian19,128_32_32,top_1_64,1,output_scatter,0.107049942017,1551,0,focus
mycielskian19,128_32_32,top_1_64,1,cache_H_gather,0.00381469726562,3,0,focus
mycielskian19,128_32_32,top_1_64,1,cache_Q_store,0.000953674316406,3,0,focus
mycielskian19,128_32_32,top_1_64,1,thread_amx_release,0.0109672546387,64,0,focus
mycielskian19,128_32_32,top_1_64,1,partial_state_load,2.81596183777,96067,0,focus
mycielskian19,128_32_32,top_1_64,2,thread_amx_setup,0.0391006469727,64,0,focus
mycielskian19,128_32_32,top_1_64,2,row_metadata,0.0505447387695,97,0,focus
mycielskian19,128_32_32,top_1_64,2,partial_init,0.00643730163574,97,0,focus
mycielskian19,128_32_32,top_1_64,2,csr_index,159.199953079,6091897,0,focus
mycielskian19,128_32_32,top_1_64,2,cache_membership,157.244443893,6091897,0,focus
mycielskian19,128_32_32,top_1_64,2,prefetch,160.696983337,6091897,0,focus
mycielskian19,128_32_32,top_1_64,2,BF16_H_load,143.017053604,5417017,0,focus
mycielskian19,128_32_32,top_1_64,2,BF16_decode,141.129493713,5417017,0,focus
mycielskian19,128_32_32,top_1_64,2,cold_FP32_reduce,148.275613785,5417017,0,focus
mycielskian19,128_32_32,top_1_64,2,FP32_Q_load,18.5372829437,674880,0,focus
mycielskian19,128_32_32,top_1_64,2,hot_FP32_reduce,18.6338424683,674880,0,focus
mycielskian19,128_32_32,top_1_64,2,partial_state_store,2.65693664551,96067,0,focus
mycielskian19,128_32_32,top_1_64,2,partial_hi_pack,0.091552734375,3072,0,focus
mycielskian19,128_32_32,top_1_64,2,partial_lo_pack,0.10085105896,3072,0,focus
mycielskian19,128_32_32,top_1_64,2,AMX_A_load,0.00762939453125,195,0,focus
mycielskian19,128_32_32,top_1_64,2,AMX_B_load,0.0119209289551,195,0,focus
mycielskian19,128_32_32,top_1_64,2,AMX_compute,0.310182571411,195,0,focus
mycielskian19,128_32_32,top_1_64,2,C_store,0.00667572021484,99,0,focus
mycielskian19,128_32_32,top_1_64,2,hot_cold_merge,0.0596046447754,1551,0,focus
mycielskian19,128_32_32,top_1_64,2,output_scatter,0.0526905059814,1551,0,focus
mycielskian19,128_32_32,top_1_64,2,cache_H_gather,0.000953674316406,3,0,focus
mycielskian19,128_32_32,top_1_64,2,cache_Q_store,0,3,0,focus
mycielskian19,128_32_32,top_1_64,2,thread_amx_release,0.00309944152832,64,0,focus
mycielskian19,128_32_32,top_1_64,2,partial_state_load,2.62045860291,96067,0,focus
mycielskian19,128_32_32,top_1_16,1,thread_amx_setup,0.0452995300293,64,0,focus
mycielskian19,128_32_32,top_1_16,1,row_metadata,0.056266784668,97,0,focus
mycielskian19,128_32_32,top_1_16,1,partial_init,0.0243186950684,97,0,focus
mycielskian19,128_32_32,top_1_16,1,csr_index,162.365436554,6091897,0,focus
mycielskian19,128_32_32,top_1_16,1,cache_membership,160.234212875,6091897,0,focus
mycielskian19,128_32_32,top_1_16,1,prefetch,167.720794678,6091897,0,focus
mycielskian19,128_32_32,top_1_16,1,BF16_H_load,128.82900238,4636466,0,focus
mycielskian19,128_32_32,top_1_16,1,BF16_decode,121.930122375,4636466,0,focus
mycielskian19,128_32_32,top_1_16,1,cold_FP32_reduce,148.369789124,4636466,0,focus
mycielskian19,128_32_32,top_1_16,1,FP32_Q_load,41.3494110107,1455431,0,focus
mycielskian19,128_32_32,top_1_16,1,hot_FP32_reduce,41.4609909058,1455431,0,focus
mycielskian19,128_32_32,top_1_16,1,partial_state_store,2.6524066925,96067,0,focus
mycielskian19,128_32_32,top_1_16,1,partial_hi_pack,0.317096710205,11904,0,focus
mycielskian19,128_32_32,top_1_16,1,partial_lo_pack,0.346899032593,11904,0,focus
mycielskian19,128_32_32,top_1_16,1,AMX_A_load,0.0269412994385,772,0,focus
mycielskian19,128_32_32,top_1_16,1,AMX_B_load,0.0572204589844,772,0,focus
mycielskian19,128_32_32,top_1_16,1,AMX_compute,0.339031219482,772,0,focus
mycielskian19,128_32_32,top_1_16,1,C_store,0.000953674316406,100,0,focus
mycielskian19,128_32_32,top_1_16,1,hot_cold_merge,0.0588893890381,1551,0,focus
mycielskian19,128_32_32,top_1_16,1,output_scatter,0.110149383545,1551,0,focus
mycielskian19,128_32_32,top_1_16,1,cache_H_gather,0.00572204589844,7,0,focus
mycielskian19,128_32_32,top_1_16,1,cache_Q_store,0.000953674316406,7,0,focus
mycielskian19,128_32_32,top_1_16,1,thread_amx_release,0.00691413879395,64,0,focus
mycielskian19,128_32_32,top_1_16,1,partial_state_load,2.93850898743,96067,0,focus
mycielskian19,128_32_32,top_1_16,2,thread_amx_setup,0.0433921813965,64,0,focus
mycielskian19,128_32_32,top_1_16,2,row_metadata,0.0450611114502,97,0,focus
mycielskian19,128_32_32,top_1_16,2,partial_init,0.00858306884766,97,0,focus
mycielskian19,128_32_32,top_1_16,2,csr_index,159.037590027,6091897,0,focus
mycielskian19,128_32_32,top_1_16,2,cache_membership,156.772375107,6091897,0,focus
mycielskian19,128_32_32,top_1_16,2,prefetch,161.469459534,6091897,0,focus
mycielskian19,128_32_32,top_1_16,2,BF16_H_load,122.294902802,4636466,0,focus
mycielskian19,128_32_32,top_1_16,2,BF16_decode,120.484113693,4636466,0,focus
mycielskian19,128_32_32,top_1_16,2,cold_FP32_reduce,126.825809479,4636466,0,focus
mycielskian19,128_32_32,top_1_16,2,FP32_Q_load,39.5655632019,1455431,0,focus
mycielskian19,128_32_32,top_1_16,2,hot_FP32_reduce,40.2550697327,1455431,0,focus
mycielskian19,128_32_32,top_1_16,2,partial_state_store,2.59613990784,96067,0,focus
mycielskian19,128_32_32,top_1_16,2,partial_hi_pack,0.0979900360107,2976,0,focus
mycielskian19,128_32_32,top_1_16,2,partial_lo_pack,0.0994205474854,2976,0,focus
mycielskian19,128_32_32,top_1_16,2,AMX_A_load,0.0121593475342,193,0,focus
mycielskian19,128_32_32,top_1_16,2,AMX_B_load,0.0126361846924,193,0,focus
mycielskian19,128_32_32,top_1_16,2,AMX_compute,0.29468536377,193,0,focus
mycielskian19,128_32_32,top_1_16,2,C_store,0.00119209289551,100,0,focus
mycielskian19,128_32_32,top_1_16,2,hot_cold_merge,0.0491142272949,1551,0,focus
mycielskian19,128_32_32,top_1_16,2,output_scatter,0.0674724578857,1551,0,focus
mycielskian19,128_32_32,top_1_16,2,cache_H_gather,0.00190734863281,7,0,focus
mycielskian19,128_32_32,top_1_16,2,cache_Q_store,0.00238418579102,7,0,focus
mycielskian19,128_32_32,top_1_16,2,thread_amx_release,0.00596046447754,64,0,focus
mycielskian19,128_32_32,top_1_16,2,partial_state_load,2.57134437561,96067,0,focus
mycielskian19,128_32_32,top_1_4,1,thread_amx_setup,0.0679492950439,64,0,focus
mycielskian19,128_32_32,top_1_4,1,row_metadata,0.0510215759277,97,0,focus
mycielskian19,128_32_32,top_1_4,1,partial_init,0.0224113464355,97,0,focus
mycielskian19,128_32_32,top_1_4,1,csr_index,160.600185394,6091897,0,focus
mycielskian19,128_32_32,top_1_4,1,cache_membership,157.94301033,6091897,0,focus
mycielskian19,128_32_32,top_1_4,1,prefetch,165.287971497,6091897,0,focus
mycielskian19,128_32_32,top_1_4,1,BF16_H_load,86.7657661438,3170584,0,focus
mycielskian19,128_32_32,top_1_4,1,BF16_decode,82.8795433044,3170584,0,focus
mycielskian19,128_32_32,top_1_4,1,cold_FP32_reduce,100.565433502,3170584,0,focus
mycielskian19,128_32_32,top_1_4,1,FP32_Q_load,79.9589157104,2921313,0,focus
mycielskian19,128_32_32,top_1_4,1,hot_FP32_reduce,81.4831256866,2921313,0,focus
mycielskian19,128_32_32,top_1_4,1,partial_state_store,2.75182723999,96067,0,focus
mycielskian19,128_32_32,top_1_4,1,partial_hi_pack,0.271797180176,9984,0,focus
mycielskian19,128_32_32,top_1_4,1,partial_lo_pack,0.288724899292,9984,0,focus
mycielskian19,128_32_32,top_1_4,1,AMX_A_load,0.0209808349609,724,0,focus
mycielskian19,128_32_32,top_1_4,1,AMX_B_load,0.0443458557129,724,0,focus
mycielskian19,128_32_32,top_1_4,1,AMX_compute,0.353813171387,724,0,focus
mycielskian19,128_32_32,top_1_4,1,C_store,0.00691413879395,103,0,focus
mycielskian19,128_32_32,top_1_4,1,hot_cold_merge,0.0483989715576,1551,0,focus
mycielskian19,128_32_32,top_1_4,1,output_scatter,0.0791549682617,1551,0,focus
mycielskian19,128_32_32,top_1_4,1,cache_H_gather,0.0205039978027,25,0,focus
mycielskian19,128_32_32,top_1_4,1,cache_Q_store,0.00286102294922,25,0,focus
mycielskian19,128_32_32,top_1_4,1,thread_amx_release,0.0112056732178,64,0,focus
mycielskian19,128_32_32,top_1_4,1,partial_state_load,2.63285636902,96067,0,focus
mycielskian19,128_32_32,top_1_4,2,thread_amx_setup,0.0560283660889,64,0,focus
mycielskian19,128_32_32,top_1_4,2,row_metadata,0.0414848327637,97,0,focus
mycielskian19,128_32_32,top_1_4,2,partial_init,0.00572204589844,97,0,focus
mycielskian19,128_32_32,top_1_4,2,csr_index,159.344911575,6091897,0,focus
mycielskian19,128_32_32,top_1_4,2,cache_membership,156.270503998,6091897,0,focus
mycielskian19,128_32_32,top_1_4,2,prefetch,162.27221489,6091897,0,focus
mycielskian19,128_32_32,top_1_4,2,BF16_H_load,83.1735134125,3170584,0,focus
mycielskian19,128_32_32,top_1_4,2,BF16_decode,82.6179981232,3170584,0,focus
mycielskian19,128_32_32,top_1_4,2,cold_FP32_reduce,86.9889259338,3170584,0,focus
mycielskian19,128_32_32,top_1_4,2,FP32_Q_load,78.9170265198,2921313,0,focus
mycielskian19,128_32_32,top_1_4,2,hot_FP32_reduce,79.8432826996,2921313,0,focus
mycielskian19,128_32_32,top_1_4,2,partial_state_store,2.69055366516,96067,0,focus
mycielskian19,128_32_32,top_1_4,2,partial_hi_pack,0.077486038208,2496,0,focus
mycielskian19,128_32_32,top_1_4,2,partial_lo_pack,0.104665756226,2496,0,focus
mycielskian19,128_32_32,top_1_4,2,AMX_A_load,0.00524520874023,181,0,focus
mycielskian19,128_32_32,top_1_4,2,AMX_B_load,0.0109672546387,181,0,focus
mycielskian19,128_32_32,top_1_4,2,AMX_compute,0.301361083984,181,0,focus
mycielskian19,128_32_32,top_1_4,2,C_store,0.00286102294922,103,0,focus
mycielskian19,128_32_32,top_1_4,2,hot_cold_merge,0.042200088501,1551,0,focus
mycielskian19,128_32_32,top_1_4,2,output_scatter,0.0801086425781,1551,0,focus
mycielskian19,128_32_32,top_1_4,2,cache_H_gather,0.0114440917969,25,0,focus
mycielskian19,128_32_32,top_1_4,2,cache_Q_store,0.00596046447754,25,0,focus
mycielskian19,128_32_32,top_1_4,2,thread_amx_release,0.00190734863281,64,0,focus
mycielskian19,128_32_32,top_1_4,2,partial_state_load,2.51817703247,96067,0,focus
mycielskian19,128_32_32,hybrid_all,1,thread_amx_setup,0.0853538513184,64,0,focus
mycielskian19,128_32_32,hybrid_all,1,row_metadata,0.0481605529785,97,0,focus
mycielskian19,128_32_32,hybrid_all,1,partial_init,0.0348091125488,97,0,focus
mycielskian19,128_32_32,hybrid_all,1,csr_index,159.758806229,6091897,0,focus
mycielskian19,128_32_32,hybrid_all,1,cache_membership,157.639026642,6091897,0,focus
mycielskian19,128_32_32,hybrid_all,1,prefetch,162.81414032,6091897,0,focus
mycielskian19,128_32_32,hybrid_all,1,BF16_H_load,0,0,0,focus
mycielskian19,128_32_32,hybrid_all,1,BF16_decode,0,0,0,focus
mycielskian19,128_32_32,hybrid_all,1,cold_FP32_reduce,0,0,0,focus
mycielskian19,128_32_32,hybrid_all,1,FP32_Q_load,163.18488121,6091897,0,focus
mycielskian19,128_32_32,hybrid_all,1,hot_FP32_reduce,168.755531311,6091897,0,focus
mycielskian19,128_32_32,hybrid_all,1,partial_state_store,2.66003608704,96067,0,focus
mycielskian19,128_32_32,hybrid_all,1,partial_hi_pack,0,0,0,focus
mycielskian19,128_32_32,hybrid_all,1,partial_lo_pack,0,0,0,focus
mycielskian19,128_32_32,hybrid_all,1,AMX_A_load,0.0114440917969,388,0,focus
mycielskian19,128_32_32,hybrid_all,1,AMX_B_load,0.0274181365967,388,0,focus
mycielskian19,128_32_32,hybrid_all,1,AMX_compute,0.338792800903,388,0,focus
mycielskian19,128_32_32,hybrid_all,1,C_store,0.00286102294922,97,0,focus
mycielskian19,128_32_32,hybrid_all,1,hot_cold_merge,0.0350475311279,1551,0,focus
mycielskian19,128_32_32,hybrid_all,1,output_scatter,0.091552734375,1551,0,focus
mycielskian19,128_32_32,hybrid_all,1,cache_H_gather,0.0607967376709,97,0,focus
mycielskian19,128_32_32,hybrid_all,1,cache_Q_store,0.0159740447998,97,0,focus
mycielskian19,128_32_32,hybrid_all,1,thread_amx_release,0.00381469726562,64,0,focus
mycielskian19,128_32_32,hybrid_all,1,partial_state_load,2.75135040283,96067,0,focus
mycielskian19,128_32_32,hybrid_all,2,thread_amx_setup,0.0829696655273,64,0,focus
mycielskian19,128_32_32,hybrid_all,2,row_metadata,0.056266784668,97,0,focus
mycielskian19,128_32_32,hybrid_all,2,partial_init,0.00977516174316,97,0,focus
mycielskian19,128_32_32,hybrid_all,2,csr_index,158.90288353,6091897,0,focus
mycielskian19,128_32_32,hybrid_all,2,cache_membership,156.294107437,6091897,0,focus
mycielskian19,128_32_32,hybrid_all,2,prefetch,161.848545074,6091897,0,focus
mycielskian19,128_32_32,hybrid_all,2,BF16_H_load,0,0,0,focus
mycielskian19,128_32_32,hybrid_all,2,BF16_decode,0,0,0,focus
mycielskian19,128_32_32,hybrid_all,2,cold_FP32_reduce,0,0,0,focus
mycielskian19,128_32_32,hybrid_all,2,FP32_Q_load,162.791013718,6091897,0,focus
mycielskian19,128_32_32,hybrid_all,2,hot_FP32_reduce,166.603088379,6091897,0,focus
mycielskian19,128_32_32,hybrid_all,2,partial_state_store,2.64501571655,96067,0,focus
mycielskian19,128_32_32,hybrid_all,2,partial_hi_pack,0,0,0,focus
mycielskian19,128_32_32,hybrid_all,2,partial_lo_pack,0,0,0,focus
mycielskian19,128_32_32,hybrid_all,2,AMX_A_load,0.00381469726562,97,0,focus
mycielskian19,128_32_32,hybrid_all,2,AMX_B_load,0.00762939453125,97,0,focus
mycielskian19,128_32_32,hybrid_all,2,AMX_compute,0.341653823853,97,0,focus
mycielskian19,128_32_32,hybrid_all,2,C_store,0.00190734863281,97,0,focus
mycielskian19,128_32_32,hybrid_all,2,hot_cold_merge,0.0460147857666,1551,0,focus
mycielskian19,128_32_32,hybrid_all,2,output_scatter,0.0739097595215,1551,0,focus
mycielskian19,128_32_32,hybrid_all,2,cache_H_gather,0.025749206543,97,0,focus
mycielskian19,128_32_32,hybrid_all,2,cache_Q_store,0.0147819519043,97,0,focus
mycielskian19,128_32_32,hybrid_all,2,thread_amx_release,0.00691413879395,64,0,focus
mycielskian19,128_32_32,hybrid_all,2,partial_state_load,2.69269943237,96067,0,focus
mycielskian19,128_32_32,project_all,1,thread_amx_setup,0.0970363616943,64,0,focus
mycielskian19,128_32_32,project_all,1,row_metadata,0.0500679016113,97,0,focus
mycielskian19,128_32_32,project_all,1,partial_init,0.00500679016113,97,0,focus
mycielskian19,128_32_32,project_all,1,csr_index,158.107042313,6091897,0,focus
mycielskian19,128_32_32,project_all,1,cache_membership,0,0,0,focus
mycielskian19,128_32_32,project_all,1,prefetch,162.227153778,6091897,0,focus
mycielskian19,128_32_32,project_all,1,BF16_H_load,0,0,0,focus
mycielskian19,128_32_32,project_all,1,BF16_decode,0,0,0,focus
mycielskian19,128_32_32,project_all,1,cold_FP32_reduce,0,0,0,focus
mycielskian19,128_32_32,project_all,1,FP32_Q_load,164.289951324,6091897,0,focus
mycielskian19,128_32_32,project_all,1,hot_FP32_reduce,159.995794296,6091897,0,focus
mycielskian19,128_32_32,project_all,1,partial_state_store,2.5737285614,96067,0,focus
mycielskian19,128_32_32,project_all,1,partial_hi_pack,0,0,0,focus
mycielskian19,128_32_32,project_all,1,partial_lo_pack,0,0,0,focus
mycielskian19,128_32_32,project_all,1,AMX_A_load,0.0114440917969,388,0,focus
mycielskian19,128_32_32,project_all,1,AMX_B_load,0.0286102294922,388,0,focus
mycielskian19,128_32_32,project_all,1,AMX_compute,0.383615493774,388,0,focus
mycielskian19,128_32_32,project_all,1,C_store,0.000953674316406,97,0,focus
mycielskian19,128_32_32,project_all,1,hot_cold_merge,0.0503063201904,1551,0,focus
mycielskian19,128_32_32,project_all,1,output_scatter,0.0746250152588,1551,0,focus
mycielskian19,128_32_32,project_all,1,cache_H_gather,0.0650882720947,97,0,focus
mycielskian19,128_32_32,project_all,1,cache_Q_store,0.00858306884766,97,0,focus
mycielskian19,128_32_32,project_all,1,thread_amx_release,0.00405311584473,64,0,focus
mycielskian19,128_32_32,project_all,1,partial_state_load,2.59160995483,96067,0,focus
mycielskian19,128_32_32,project_all,2,thread_amx_setup,0.0603199005127,64,0,focus
mycielskian19,128_32_32,project_all,2,row_metadata,0.0519752502441,97,0,focus
mycielskian19,128_32_32,project_all,2,partial_init,0.00596046447754,97,0,focus
mycielskian19,128_32_32,project_all,2,csr_index,157.448530197,6091897,0,focus
mycielskian19,128_32_32,project_all,2,cache_membership,0,0,0,focus
mycielskian19,128_32_32,project_all,2,prefetch,159.620523453,6091897,0,focus
mycielskian19,128_32_32,project_all,2,BF16_H_load,0,0,0,focus
mycielskian19,128_32_32,project_all,2,BF16_decode,0,0,0,focus
mycielskian19,128_32_32,project_all,2,cold_FP32_reduce,0,0,0,focus
mycielskian19,128_32_32,project_all,2,FP32_Q_load,163.996219635,6091897,0,focus
mycielskian19,128_32_32,project_all,2,hot_FP32_reduce,158.72502327,6091897,0,focus
mycielskian19,128_32_32,project_all,2,partial_state_store,2.55250930786,96067,0,focus
mycielskian19,128_32_32,project_all,2,partial_hi_pack,0,0,0,focus
mycielskian19,128_32_32,project_all,2,partial_lo_pack,0,0,0,focus
mycielskian19,128_32_32,project_all,2,AMX_A_load,0.00524520874023,97,0,focus
mycielskian19,128_32_32,project_all,2,AMX_B_load,0.0131130218506,97,0,focus
mycielskian19,128_32_32,project_all,2,AMX_compute,0.312805175781,97,0,focus
mycielskian19,128_32_32,project_all,2,C_store,0.00190734863281,97,0,focus
mycielskian19,128_32_32,project_all,2,hot_cold_merge,0.0474452972412,1551,0,focus
mycielskian19,128_32_32,project_all,2,output_scatter,0.0741481781006,1551,0,focus
mycielskian19,128_32_32,project_all,2,cache_H_gather,0.0202655792236,97,0,focus
mycielskian19,128_32_32,project_all,2,cache_Q_store,0.0133514404297,97,0,focus
mycielskian19,128_32_32,project_all,2,thread_amx_release,0.00858306884766,64,0,focus
mycielskian19,128_32_32,project_all,2,partial_state_load,2.62022018433,96067,0,focus
mycielskian19,128_32_32,project_used,1,thread_amx_setup,0.0765323638916,64,0,focus
mycielskian19,128_32_32,project_used,1,row_metadata,0.056266784668,97,0,focus
mycielskian19,128_32_32,project_used,1,partial_init,0.0104904174805,97,0,focus
mycielskian19,128_32_32,project_used,1,csr_index,160.094261169,6091897,0,focus
mycielskian19,128_32_32,project_used,1,cache_membership,157.794237137,6091897,0,focus
mycielskian19,128_32_32,project_used,1,prefetch,167.092323303,6091897,0,focus
mycielskian19,128_32_32,project_used,1,BF16_H_load,0,0,0,focus
mycielskian19,128_32_32,project_used,1,BF16_decode,0,0,0,focus
mycielskian19,128_32_32,project_used,1,cold_FP32_reduce,0,0,0,focus
mycielskian19,128_32_32,project_used,1,FP32_Q_load,166.004180908,6091897,0,focus
mycielskian19,128_32_32,project_used,1,hot_FP32_reduce,159.245491028,6091897,0,focus
mycielskian19,128_32_32,project_used,1,partial_state_store,2.62808799744,96067,0,focus
mycielskian19,128_32_32,project_used,1,partial_hi_pack,0,0,0,focus
mycielskian19,128_32_32,project_used,1,partial_lo_pack,0,0,0,focus
mycielskian19,128_32_32,project_used,1,AMX_A_load,0.0147819519043,388,0,focus
mycielskian19,128_32_32,project_used,1,AMX_B_load,0.0307559967041,388,0,focus
mycielskian19,128_32_32,project_used,1,AMX_compute,0.32639503479,388,0,focus
mycielskian19,128_32_32,project_used,1,C_store,0.00715255737305,97,0,focus
mycielskian19,128_32_32,project_used,1,hot_cold_merge,0.049352645874,1551,0,focus
mycielskian19,128_32_32,project_used,1,output_scatter,0.0820159912109,1551,0,focus
mycielskian19,128_32_32,project_used,1,cache_H_gather,0.0720024108887,97,0,focus
mycielskian19,128_32_32,project_used,1,cache_Q_store,0.0119209289551,97,0,focus
mycielskian19,128_32_32,project_used,1,thread_amx_release,0.00619888305664,64,0,focus
mycielskian19,128_32_32,project_used,1,partial_state_load,2.64835357666,96067,0,focus
mycielskian19,128_32_32,project_used,2,thread_amx_setup,0.0760555267334,64,0,focus
mycielskian19,128_32_32,project_used,2,row_metadata,0.0457763671875,97,0,focus
mycielskian19,128_32_32,project_used,2,partial_init,0.00667572021484,97,0,focus
mycielskian19,128_32_32,project_used,2,csr_index,157.154798508,6091897,0,focus
mycielskian19,128_32_32,project_used,2,cache_membership,155.12919426,6091897,0,focus
mycielskian19,128_32_32,project_used,2,prefetch,163.026571274,6091897,0,focus
mycielskian19,128_32_32,project_used,2,BF16_H_load,0,0,0,focus
mycielskian19,128_32_32,project_used,2,BF16_decode,0,0,0,focus
mycielskian19,128_32_32,project_used,2,cold_FP32_reduce,0,0,0,focus
mycielskian19,128_32_32,project_used,2,FP32_Q_load,164.545536041,6091897,0,focus
mycielskian19,128_32_32,project_used,2,hot_FP32_reduce,157.31883049,6091897,0,focus
mycielskian19,128_32_32,project_used,2,partial_state_store,2.44164466858,96067,0,focus
mycielskian19,128_32_32,project_used,2,partial_hi_pack,0,0,0,focus
mycielskian19,128_32_32,project_used,2,partial_lo_pack,0,0,0,focus
mycielskian19,128_32_32,project_used,2,AMX_A_load,0.00190734863281,97,0,focus
mycielskian19,128_32_32,project_used,2,AMX_B_load,0.0138282775879,97,0,focus
mycielskian19,128_32_32,project_used,2,AMX_compute,0.34499168396,97,0,focus
mycielskian19,128_32_32,project_used,2,C_store,0.00500679016113,97,0,focus
mycielskian19,128_32_32,project_used,2,hot_cold_merge,0.0481605529785,1551,0,focus
mycielskian19,128_32_32,project_used,2,output_scatter,0.0560283660889,1551,0,focus
mycielskian19,128_32_32,project_used,2,cache_H_gather,0.0464916229248,97,0,focus
mycielskian19,128_32_32,project_used,2,cache_Q_store,0.014066696167,97,0,focus
mycielskian19,128_32_32,project_used,2,thread_amx_release,0.00572204589844,64,0,focus
mycielskian19,128_32_32,project_used,2,partial_state_load,2.63833999634,96067,0,focus
mycielskian19,128_32_32,project_used_L1_full_L2,1,thread_amx_setup,0.089168548584,64,0,focus
mycielskian19,128_32_32,project_used_L1_full_L2,1,row_metadata,0.0541210174561,97,0,focus
mycielskian19,128_32_32,project_used_L1_full_L2,1,partial_init,0.00405311584473,97,0,focus
mycielskian19,128_32_32,project_used_L1_full_L2,1,csr_index,159.456253052,6091897,0,focus
mycielskian19,128_32_32,project_used_L1_full_L2,1,cache_membership,157.652139664,6091897,0,focus
mycielskian19,128_32_32,project_used_L1_full_L2,1,prefetch,165.954828262,6091897,0,focus
mycielskian19,128_32_32,project_used_L1_full_L2,1,BF16_H_load,0,0,0,focus
mycielskian19,128_32_32,project_used_L1_full_L2,1,BF16_decode,0,0,0,focus
mycielskian19,128_32_32,project_used_L1_full_L2,1,cold_FP32_reduce,0,0,0,focus
mycielskian19,128_32_32,project_used_L1_full_L2,1,FP32_Q_load,165.234804153,6091897,0,focus
mycielskian19,128_32_32,project_used_L1_full_L2,1,hot_FP32_reduce,159.423589706,6091897,0,focus
mycielskian19,128_32_32,project_used_L1_full_L2,1,partial_state_store,2.56085395813,96067,0,focus
mycielskian19,128_32_32,project_used_L1_full_L2,1,partial_hi_pack,0,0,0,focus
mycielskian19,128_32_32,project_used_L1_full_L2,1,partial_lo_pack,0,0,0,focus
mycielskian19,128_32_32,project_used_L1_full_L2,1,AMX_A_load,0.0205039978027,388,0,focus
mycielskian19,128_32_32,project_used_L1_full_L2,1,AMX_B_load,0.0286102294922,388,0,focus
mycielskian19,128_32_32,project_used_L1_full_L2,1,AMX_compute,0.340461730957,388,0,focus
mycielskian19,128_32_32,project_used_L1_full_L2,1,C_store,0.00309944152832,97,0,focus
mycielskian19,128_32_32,project_used_L1_full_L2,1,hot_cold_merge,0.0407695770264,1551,0,focus
mycielskian19,128_32_32,project_used_L1_full_L2,1,output_scatter,0.084400177002,1551,0,focus
mycielskian19,128_32_32,project_used_L1_full_L2,1,cache_H_gather,0.0667572021484,97,0,focus
mycielskian19,128_32_32,project_used_L1_full_L2,1,cache_Q_store,0.00715255737305,97,0,focus
mycielskian19,128_32_32,project_used_L1_full_L2,1,thread_amx_release,0.00810623168945,64,0,focus
mycielskian19,128_32_32,project_used_L1_full_L2,1,partial_state_load,2.72941589355,96067,0,focus
mycielskian19,128_32_32,project_used_L1_full_L2,2,thread_amx_setup,0.0345706939697,32,0,focus
mycielskian19,128_32_32,project_used_L1_full_L2,2,row_metadata,0.0417232513428,97,0,focus
mycielskian19,128_32_32,project_used_L1_full_L2,2,partial_init,0.00524520874023,97,0,focus
mycielskian19,128_32_32,project_used_L1_full_L2,2,csr_index,160.888433456,6091897,0,focus
mycielskian19,128_32_32,project_used_L1_full_L2,2,cache_membership,0,0,0,focus
mycielskian19,128_32_32,project_used_L1_full_L2,2,prefetch,162.55402565,6091897,0,focus
mycielskian19,128_32_32,project_used_L1_full_L2,2,BF16_H_load,170.594930649,6091897,0,focus
mycielskian19,128_32_32,project_used_L1_full_L2,2,BF16_decode,170.944213867,6091897,0,focus
mycielskian19,128_32_32,project_used_L1_full_L2,2,cold_FP32_reduce,156.683206558,6091897,0,focus
mycielskian19,128_32_32,project_used_L1_full_L2,2,FP32_Q_load,0,0,0,focus
mycielskian19,128_32_32,project_used_L1_full_L2,2,hot_FP32_reduce,0,0,0,focus
mycielskian19,128_32_32,project_used_L1_full_L2,2,partial_state_store,2.56943702698,96067,0,focus
mycielskian19,128_32_32,project_used_L1_full_L2,2,partial_hi_pack,0.106811523438,3104,0,focus
mycielskian19,128_32_32,project_used_L1_full_L2,2,partial_lo_pack,0.107526779175,3104,0,focus
mycielskian19,128_32_32,project_used_L1_full_L2,2,AMX_A_load,0.0138282775879,194,0,focus
mycielskian19,128_32_32,project_used_L1_full_L2,2,AMX_B_load,0.0178813934326,194,0,focus
mycielskian19,128_32_32,project_used_L1_full_L2,2,AMX_compute,0.388860702515,194,0,focus
mycielskian19,128_32_32,project_used_L1_full_L2,2,C_store,0.00286102294922,97,0,focus
mycielskian19,128_32_32,project_used_L1_full_L2,2,hot_cold_merge,0,0,0,focus
mycielskian19,128_32_32,project_used_L1_full_L2,2,output_scatter,0.0653266906738,1551,0,focus
mycielskian19,128_32_32,project_used_L1_full_L2,2,cache_H_gather,0,0,0,focus
mycielskian19,128_32_32,project_used_L1_full_L2,2,cache_Q_store,0,0,0,focus
mycielskian19,128_32_32,project_used_L1_full_L2,2,thread_amx_release,0.00596046447754,32,0,focus
mycielskian19,128_32_32,project_used_L1_full_L2,2,partial_state_load,2.60877609253,96067,0,focus
mycielskian19,128_128_128,fused_full_accurate,1,thread_amx_setup,0.0407695770264,32,0,focus
mycielskian19,128_128_128,fused_full_accurate,1,row_metadata,0.0557899475098,97,0,focus
mycielskian19,128_128_128,fused_full_accurate,1,partial_init,0.0388622283936,97,0,focus
mycielskian19,128_128_128,fused_full_accurate,1,csr_index,163.610935211,6091897,0,focus
mycielskian19,128_128_128,fused_full_accurate,1,cache_membership,0,0,0,focus
mycielskian19,128_128_128,fused_full_accurate,1,prefetch,165.028095245,6091897,0,focus
mycielskian19,128_128_128,fused_full_accurate,1,BF16_H_load,182.339429855,6091897,0,focus
mycielskian19,128_128_128,fused_full_accurate,1,BF16_decode,184.236764908,6091897,0,focus
mycielskian19,128_128_128,fused_full_accurate,1,cold_FP32_reduce,158.880472183,6091897,0,focus
mycielskian19,128_128_128,fused_full_accurate,1,FP32_Q_load,0,0,0,focus
mycielskian19,128_128_128,fused_full_accurate,1,hot_FP32_reduce,0,0,0,focus
mycielskian19,128_128_128,fused_full_accurate,1,partial_state_store,2.74968147278,96067,0,focus
mycielskian19,128_128_128,fused_full_accurate,1,partial_hi_pack,0.349521636963,12416,0,focus
mycielskian19,128_128_128,fused_full_accurate,1,partial_lo_pack,0.352144241333,12416,0,focus
mycielskian19,128_128_128,fused_full_accurate,1,AMX_A_load,0.049352645874,1552,0,focus
mycielskian19,128_128_128,fused_full_accurate,1,AMX_B_load,0.339269638062,3104,0,focus
mycielskian19,128_128_128,fused_full_accurate,1,AMX_compute,0.67663192749,3104,0,focus
mycielskian19,128_128_128,fused_full_accurate,1,C_store,0.0152587890625,194,0,focus
mycielskian19,128_128_128,fused_full_accurate,1,hot_cold_merge,0,0,0,focus
mycielskian19,128_128_128,fused_full_accurate,1,output_scatter,0.198364257812,1551,0,focus
mycielskian19,128_128_128,fused_full_accurate,1,cache_H_gather,0,0,0,focus
mycielskian19,128_128_128,fused_full_accurate,1,cache_Q_store,0,0,0,focus
mycielskian19,128_128_128,fused_full_accurate,1,thread_amx_release,0.00786781311035,32,0,focus
mycielskian19,128_128_128,fused_full_accurate,1,partial_state_load,2.83598899841,96067,0,focus
mycielskian19,128_128_128,fused_full_accurate,2,thread_amx_setup,0.0269412994385,32,0,focus
mycielskian19,128_128_128,fused_full_accurate,2,row_metadata,0.0588893890381,97,0,focus
mycielskian19,128_128_128,fused_full_accurate,2,partial_init,0.0464916229248,97,0,focus
mycielskian19,128_128_128,fused_full_accurate,2,csr_index,161.08083725,6091897,0,focus
mycielskian19,128_128_128,fused_full_accurate,2,cache_membership,0,0,0,focus
mycielskian19,128_128_128,fused_full_accurate,2,prefetch,163.779735565,6091897,0,focus
mycielskian19,128_128_128,fused_full_accurate,2,BF16_H_load,178.283214569,6091897,0,focus
mycielskian19,128_128_128,fused_full_accurate,2,BF16_decode,181.482553482,6091897,0,focus
mycielskian19,128_128_128,fused_full_accurate,2,cold_FP32_reduce,156.669616699,6091897,0,focus
mycielskian19,128_128_128,fused_full_accurate,2,FP32_Q_load,0,0,0,focus
mycielskian19,128_128_128,fused_full_accurate,2,hot_FP32_reduce,0,0,0,focus
mycielskian19,128_128_128,fused_full_accurate,2,partial_state_store,2.80117988586,96067,0,focus
mycielskian19,128_128_128,fused_full_accurate,2,partial_hi_pack,0.339984893799,12416,0,focus
mycielskian19,128_128_128,fused_full_accurate,2,partial_lo_pack,0.36358833313,12416,0,focus
mycielskian19,128_128_128,fused_full_accurate,2,AMX_A_load,0.0503063201904,1552,0,focus
mycielskian19,128_128_128,fused_full_accurate,2,AMX_B_load,0.35834312439,3104,0,focus
mycielskian19,128_128_128,fused_full_accurate,2,AMX_compute,0.645160675049,3104,0,focus
mycielskian19,128_128_128,fused_full_accurate,2,C_store,0.0174045562744,194,0,focus
mycielskian19,128_128_128,fused_full_accurate,2,hot_cold_merge,0,0,0,focus
mycielskian19,128_128_128,fused_full_accurate,2,output_scatter,0.139713287354,1551,0,focus
mycielskian19,128_128_128,fused_full_accurate,2,cache_H_gather,0,0,0,focus
mycielskian19,128_128_128,fused_full_accurate,2,cache_Q_store,0,0,0,focus
mycielskian19,128_128_128,fused_full_accurate,2,thread_amx_release,0.00405311584473,32,0,focus
mycielskian19,128_128_128,fused_full_accurate,2,partial_state_load,2.79188156128,96067,0,focus
mycielskian19,128_128_128,hybrid_none,1,thread_amx_setup,0.10871887207,32,0,focus
mycielskian19,128_128_128,hybrid_none,1,row_metadata,0.0588893890381,97,0,focus
mycielskian19,128_128_128,hybrid_none,1,partial_init,0.0555515289307,97,0,focus
mycielskian19,128_128_128,hybrid_none,1,csr_index,162.122488022,6091897,0,focus
mycielskian19,128_128_128,hybrid_none,1,cache_membership,159.957408905,6091897,0,focus
mycielskian19,128_128_128,hybrid_none,1,prefetch,169.445037842,6091897,0,focus
mycielskian19,128_128_128,hybrid_none,1,BF16_H_load,173.57134819,6091897,0,focus
mycielskian19,128_128_128,hybrid_none,1,BF16_decode,164.536237717,6091897,0,focus
mycielskian19,128_128_128,hybrid_none,1,cold_FP32_reduce,199.617385864,6091897,0,focus
mycielskian19,128_128_128,hybrid_none,1,FP32_Q_load,0,0,0,focus
mycielskian19,128_128_128,hybrid_none,1,hot_FP32_reduce,0,0,0,focus
mycielskian19,128_128_128,hybrid_none,1,partial_state_store,3.09205055237,96067,0,focus
mycielskian19,128_128_128,hybrid_none,1,partial_hi_pack,0.358819961548,12416,0,focus
mycielskian19,128_128_128,hybrid_none,1,partial_lo_pack,0.368595123291,12416,0,focus
mycielskian19,128_128_128,hybrid_none,1,AMX_A_load,0.0419616699219,1552,0,focus
mycielskian19,128_128_128,hybrid_none,1,AMX_B_load,0.293016433716,3104,0,focus
mycielskian19,128_128_128,hybrid_none,1,AMX_compute,0.653266906738,3104,0,focus
mycielskian19,128_128_128,hybrid_none,1,C_store,0.0126361846924,194,0,focus
mycielskian19,128_128_128,hybrid_none,1,hot_cold_merge,0.0596046447754,1551,0,focus
mycielskian19,128_128_128,hybrid_none,1,output_scatter,0.156402587891,1551,0,focus
mycielskian19,128_128_128,hybrid_none,1,cache_H_gather,0,0,0,focus
mycielskian19,128_128_128,hybrid_none,1,cache_Q_store,0,0,0,focus
mycielskian19,128_128_128,hybrid_none,1,thread_amx_release,0.00691413879395,32,0,focus
mycielskian19,128_128_128,hybrid_none,1,partial_state_load,3.05080413818,96067,0,focus
mycielskian19,128_128_128,hybrid_none,2,thread_amx_setup,0.0197887420654,32,0,focus
mycielskian19,128_128_128,hybrid_none,2,row_metadata,0.0679492950439,97,0,focus
mycielskian19,128_128_128,hybrid_none,2,partial_init,0.0555515289307,97,0,focus
mycielskian19,128_128_128,hybrid_none,2,csr_index,158.874034882,6091897,0,focus
mycielskian19,128_128_128,hybrid_none,2,cache_membership,157.071352005,6091897,0,focus
mycielskian19,128_128_128,hybrid_none,2,prefetch,167.330026627,6091897,0,focus
mycielskian19,128_128_128,hybrid_none,2,BF16_H_load,170.019388199,6091897,0,focus
mycielskian19,128_128_128,hybrid_none,2,BF16_decode,160.767555237,6091897,0,focus
mycielskian19,128_128_128,hybrid_none,2,cold_FP32_reduce,195.654630661,6091897,0,focus
mycielskian19,128_128_128,hybrid_none,2,FP32_Q_load,0,0,0,focus
mycielskian19,128_128_128,hybrid_none,2,hot_FP32_reduce,0,0,0,focus
mycielskian19,128_128_128,hybrid_none,2,partial_state_store,2.9194355011,96067,0,focus
mycielskian19,128_128_128,hybrid_none,2,partial_hi_pack,0.336408615112,12416,0,focus
mycielskian19,128_128_128,hybrid_none,2,partial_lo_pack,0.369787216187,12416,0,focus
mycielskian19,128_128_128,hybrid_none,2,AMX_A_load,0.0486373901367,1552,0,focus
mycielskian19,128_128_128,hybrid_none,2,AMX_B_load,0.317811965942,3104,0,focus
mycielskian19,128_128_128,hybrid_none,2,AMX_compute,0.591039657593,3104,0,focus
mycielskian19,128_128_128,hybrid_none,2,C_store,0.0226497650146,194,0,focus
mycielskian19,128_128_128,hybrid_none,2,hot_cold_merge,0.0584125518799,1551,0,focus
mycielskian19,128_128_128,hybrid_none,2,output_scatter,0.147342681885,1551,0,focus
mycielskian19,128_128_128,hybrid_none,2,cache_H_gather,0,0,0,focus
mycielskian19,128_128_128,hybrid_none,2,cache_Q_store,0,0,0,focus
mycielskian19,128_128_128,hybrid_none,2,thread_amx_release,0.00929832458496,32,0,focus
mycielskian19,128_128_128,hybrid_none,2,partial_state_load,2.93159484863,96067,0,focus
mycielskian19,128_128_128,top_1_64,1,thread_amx_setup,0.0452995300293,64,0,focus
mycielskian19,128_128_128,top_1_64,1,row_metadata,0.0605583190918,97,0,focus
mycielskian19,128_128_128,top_1_64,1,partial_init,0.0488758087158,97,0,focus
mycielskian19,128_128_128,top_1_64,1,csr_index,165.966272354,6091897,0,focus
mycielskian19,128_128_128,top_1_64,1,cache_membership,163.722753525,6091897,0,focus
mycielskian19,128_128_128,top_1_64,1,prefetch,175.117731094,6091897,0,focus
mycielskian19,128_128_128,top_1_64,1,BF16_H_load,156.932353973,5417017,0,focus
mycielskian19,128_128_128,top_1_64,1,BF16_decode,147.979736328,5417017,0,focus
mycielskian19,128_128_128,top_1_64,1,cold_FP32_reduce,179.193735123,5417017,0,focus
mycielskian19,128_128_128,top_1_64,1,FP32_Q_load,22.1300125122,674880,0,focus
mycielskian19,128_128_128,top_1_64,1,hot_FP32_reduce,22.4404335022,674880,0,focus
mycielskian19,128_128_128,top_1_64,1,partial_state_store,2.9878616333,96067,0,focus
mycielskian19,128_128_128,top_1_64,1,partial_hi_pack,0.372886657715,12288,0,focus
mycielskian19,128_128_128,top_1_64,1,partial_lo_pack,0.377178192139,12288,0,focus
mycielskian19,128_128_128,top_1_64,1,AMX_A_load,0.0541210174561,1560,0,focus
mycielskian19,128_128_128,top_1_64,1,AMX_B_load,0.346422195435,3120,0,focus
mycielskian19,128_128_128,top_1_64,1,AMX_compute,0.512599945068,3120,0,focus
mycielskian19,128_128_128,top_1_64,1,C_store,0.0138282775879,198,0,focus
mycielskian19,128_128_128,top_1_64,1,hot_cold_merge,0.0648498535156,1551,0,focus
mycielskian19,128_128_128,top_1_64,1,output_scatter,0.16975402832,1551,0,focus
mycielskian19,128_128_128,top_1_64,1,cache_H_gather,0.00286102294922,3,0,focus
mycielskian19,128_128_128,top_1_64,1,cache_Q_store,0.00333786010742,3,0,focus
mycielskian19,128_128_128,top_1_64,1,thread_amx_release,0.00619888305664,64,0,focus
mycielskian19,128_128_128,top_1_64,1,partial_state_load,3.05485725403,96067,0,focus
mycielskian19,128_128_128,top_1_64,2,thread_amx_setup,0.0443458557129,64,0,focus
mycielskian19,128_128_128,top_1_64,2,row_metadata,0.065803527832,97,0,focus
mycielskian19,128_128_128,top_1_64,2,partial_init,0.06103515625,97,0,focus
mycielskian19,128_128_128,top_1_64,2,csr_index,160.241127014,6091897,0,focus
mycielskian19,128_128_128,top_1_64,2,cache_membership,158.122777939,6091897,0,focus
mycielskian19,128_128_128,top_1_64,2,prefetch,170.615196228,6091897,0,focus
mycielskian19,128_128_128,top_1_64,2,BF16_H_load,151.29160881,5417017,0,focus
mycielskian19,128_128_128,top_1_64,2,BF16_decode,143.085479736,5417017,0,focus
mycielskian19,128_128_128,top_1_64,2,cold_FP32_reduce,174.288511276,5417017,0,focus
mycielskian19,128_128_128,top_1_64,2,FP32_Q_load,21.0065841675,674880,0,focus
mycielskian19,128_128_128,top_1_64,2,hot_FP32_reduce,20.6716060638,674880,0,focus
mycielskian19,128_128_128,top_1_64,2,partial_state_store,2.92181968689,96067,0,focus
mycielskian19,128_128_128,top_1_64,2,partial_hi_pack,0.338792800903,12288,0,focus
mycielskian19,128_128_128,top_1_64,2,partial_lo_pack,0.364780426025,12288,0,focus
mycielskian19,128_128_128,top_1_64,2,AMX_A_load,0.0374317169189,1560,0,focus
mycielskian19,128_128_128,top_1_64,2,AMX_B_load,0.324726104736,3120,0,focus
mycielskian19,128_128_128,top_1_64,2,AMX_compute,0.484943389893,3120,0,focus
mycielskian19,128_128_128,top_1_64,2,C_store,0.0121593475342,198,0,focus
mycielskian19,128_128_128,top_1_64,2,hot_cold_merge,0.0731945037842,1551,0,focus
mycielskian19,128_128_128,top_1_64,2,output_scatter,0.149011611938,1551,0,focus
mycielskian19,128_128_128,top_1_64,2,cache_H_gather,0.00309944152832,3,0,focus
mycielskian19,128_128_128,top_1_64,2,cache_Q_store,0.00190734863281,3,0,focus
mycielskian19,128_128_128,top_1_64,2,thread_amx_release,0.0109672546387,64,0,focus
mycielskian19,128_128_128,top_1_64,2,partial_state_load,3.05342674255,96067,0,focus
mycielskian19,128_128_128,top_1_16,1,thread_amx_setup,0.0429153442383,64,0,focus
mycielskian19,128_128_128,top_1_16,1,row_metadata,0.0758171081543,97,0,focus
mycielskian19,128_128_128,top_1_16,1,partial_init,0.063419342041,97,0,focus
mycielskian19,128_128_128,top_1_16,1,csr_index,166.650295258,6091897,0,focus
mycielskian19,128_128_128,top_1_16,1,cache_membership,163.953781128,6091897,0,focus
mycielskian19,128_128_128,top_1_16,1,prefetch,179.551124573,6091897,0,focus
mycielskian19,128_128_128,top_1_16,1,BF16_H_load,133.308172226,4636466,0,focus
mycielskian19,128_128_128,top_1_16,1,BF16_decode,125.151157379,4636466,0,focus
mycielskian19,128_128_128,top_1_16,1,cold_FP32_reduce,152.963161469,4636466,0,focus
mycielskian19,128_128_128,top_1_16,1,FP32_Q_load,48.6264228821,1455431,0,focus
mycielskian19,128_128_128,top_1_16,1,hot_FP32_reduce,47.5695133209,1455431,0,focus
mycielskian19,128_128_128,top_1_16,1,partial_state_store,3.01218032837,96067,0,focus
mycielskian19,128_128_128,top_1_16,1,partial_hi_pack,0.372886657715,11904,0,focus
mycielskian19,128_128_128,top_1_16,1,partial_lo_pack,0.353097915649,11904,0,focus
mycielskian19,128_128_128,top_1_16,1,AMX_A_load,0.0367164611816,1544,0,focus
mycielskian19,128_128_128,top_1_16,1,AMX_B_load,0.400304794312,3088,0,focus
mycielskian19,128_128_128,top_1_16,1,AMX_compute,0.587463378906,3088,0,focus
mycielskian19,128_128_128,top_1_16,1,C_store,0.018835067749,200,0,focus
mycielskian19,128_128_128,top_1_16,1,hot_cold_merge,0.0791549682617,1551,0,focus
mycielskian19,128_128_128,top_1_16,1,output_scatter,0.201940536499,1551,0,focus
mycielskian19,128_128_128,top_1_16,1,cache_H_gather,0.00524520874023,7,0,focus
mycielskian19,128_128_128,top_1_16,1,cache_Q_store,0.00643730163574,7,0,focus
mycielskian19,128_128_128,top_1_16,1,thread_amx_release,0.00715255737305,64,0,focus
mycielskian19,128_128_128,top_1_16,1,partial_state_load,3.1521320343,96067,0,focus
mycielskian19,128_128_128,top_1_16,2,thread_amx_setup,0.0364780426025,64,0,focus
mycielskian19,128_128_128,top_1_16,2,row_metadata,0.0729560852051,97,0,focus
mycielskian19,128_128_128,top_1_16,2,partial_init,0.0722408294678,97,0,focus
mycielskian19,128_128_128,top_1_16,2,csr_index,158.573150635,6091897,0,focus
mycielskian19,128_128_128,top_1_16,2,cache_membership,156.47816658,6091897,0,focus
mycielskian19,128_128_128,top_1_16,2,prefetch,174.314022064,6091897,0,focus
mycielskian19,128_128_128,top_1_16,2,BF16_H_load,129.024982452,4636466,0,focus
mycielskian19,128_128_128,top_1_16,2,BF16_decode,120.618343353,4636466,0,focus
mycielskian19,128_128_128,top_1_16,2,cold_FP32_reduce,147.590637207,4636466,0,focus
mycielskian19,128_128_128,top_1_16,2,FP32_Q_load,48.9220619202,1455431,0,focus
mycielskian19,128_128_128,top_1_16,2,hot_FP32_reduce,43.8966751099,1455431,0,focus
mycielskian19,128_128_128,top_1_16,2,partial_state_store,3.02886962891,96067,0,focus
mycielskian19,128_128_128,top_1_16,2,partial_hi_pack,0.338315963745,11904,0,focus
mycielskian19,128_128_128,top_1_16,2,partial_lo_pack,0.375270843506,11904,0,focus
mycielskian19,128_128_128,top_1_16,2,AMX_A_load,0.0519752502441,1544,0,focus
mycielskian19,128_128_128,top_1_16,2,AMX_B_load,0.449419021606,3088,0,focus
mycielskian19,128_128_128,top_1_16,2,AMX_compute,0.540018081665,3088,0,focus
mycielskian19,128_128_128,top_1_16,2,C_store,0.0154972076416,200,0,focus
mycielskian19,128_128_128,top_1_16,2,hot_cold_merge,0.0836849212646,1551,0,focus
mycielskian19,128_128_128,top_1_16,2,output_scatter,0.165462493896,1551,0,focus
mycielskian19,128_128_128,top_1_16,2,cache_H_gather,0.00596046447754,7,0,focus
mycielskian19,128_128_128,top_1_16,2,cache_Q_store,0.00214576721191,7,0,focus
mycielskian19,128_128_128,top_1_16,2,thread_amx_release,0.00596046447754,64,0,focus
mycielskian19,128_128_128,top_1_16,2,partial_state_load,3.14450263977,96067,0,focus
mycielskian19,128_128_128,top_1_4,1,thread_amx_setup,0.058650970459,64,0,focus
mycielskian19,128_128_128,top_1_4,1,row_metadata,0.077486038208,97,0,focus
mycielskian19,128_128_128,top_1_4,1,partial_init,0.0612735748291,97,0,focus
mycielskian19,128_128_128,top_1_4,1,csr_index,159.116983414,6091897,0,focus
mycielskian19,128_128_128,top_1_4,1,cache_membership,156.889677048,6091897,0,focus
mycielskian19,128_128_128,top_1_4,1,prefetch,174.454212189,6091897,0,focus
mycielskian19,128_128_128,top_1_4,1,BF16_H_load,87.8286361694,3170584,0,focus
mycielskian19,128_128_128,top_1_4,1,BF16_decode,82.9396247864,3170584,0,focus
mycielskian19,128_128_128,top_1_4,1,cold_FP32_reduce,100.973367691,3170584,0,focus
mycielskian19,128_128_128,top_1_4,1,FP32_Q_load,88.301897049,2921313,0,focus
mycielskian19,128_128_128,top_1_4,1,hot_FP32_reduce,85.9527587891,2921313,0,focus
mycielskian19,128_128_128,top_1_4,1,partial_state_store,2.87938117981,96067,0,focus
mycielskian19,128_128_128,top_1_4,1,partial_hi_pack,0.284194946289,9984,0,focus
mycielskian19,128_128_128,top_1_4,1,partial_lo_pack,0.295877456665,9984,0,focus
mycielskian19,128_128_128,top_1_4,1,AMX_A_load,0.0431537628174,1448,0,focus
mycielskian19,128_128_128,top_1_4,1,AMX_B_load,0.39005279541,2896,0,focus
mycielskian19,128_128_128,top_1_4,1,AMX_compute,0.542163848877,2896,0,focus
mycielskian19,128_128_128,top_1_4,1,C_store,0.00882148742676,206,0,focus
mycielskian19,128_128_128,top_1_4,1,hot_cold_merge,0.0784397125244,1551,0,focus
mycielskian19,128_128_128,top_1_4,1,output_scatter,0.18572807312,1551,0,focus
mycielskian19,128_128_128,top_1_4,1,cache_H_gather,0.018835067749,25,0,focus
mycielskian19,128_128_128,top_1_4,1,cache_Q_store,0.0166893005371,25,0,focus
mycielskian19,128_128_128,top_1_4,1,thread_amx_release,0.0114440917969,64,0,focus
mycielskian19,128_128_128,top_1_4,1,partial_state_load,2.99334526062,96067,0,focus
mycielskian19,128_128_128,top_1_4,2,thread_amx_setup,0.0872611999512,64,0,focus
mycielskian19,128_128_128,top_1_4,2,row_metadata,0.0793933868408,97,0,focus
mycielskian19,128_128_128,top_1_4,2,partial_init,0.0574588775635,97,0,focus
mycielskian19,128_128_128,top_1_4,2,csr_index,159.007549286,6091897,0,focus
mycielskian19,128_128_128,top_1_4,2,cache_membership,156.597137451,6091897,0,focus
mycielskian19,128_128_128,top_1_4,2,prefetch,175.143718719,6091897,0,focus
mycielskian19,128_128_128,top_1_4,2,BF16_H_load,87.3925685883,3170584,0,focus
mycielskian19,128_128_128,top_1_4,2,BF16_decode,82.658290863,3170584,0,focus
mycielskian19,128_128_128,top_1_4,2,cold_FP32_reduce,100.391626358,3170584,0,focus
mycielskian19,128_128_128,top_1_4,2,FP32_Q_load,87.1684551239,2921313,0,focus
mycielskian19,128_128_128,top_1_4,2,hot_FP32_reduce,86.2853527069,2921313,0,focus
mycielskian19,128_128_128,top_1_4,2,partial_state_store,2.98833847046,96067,0,focus
mycielskian19,128_128_128,top_1_4,2,partial_hi_pack,0.290393829346,9984,0,focus
mycielskian19,128_128_128,top_1_4,2,partial_lo_pack,0.284433364868,9984,0,focus
mycielskian19,128_128_128,top_1_4,2,AMX_A_load,0.0462532043457,1448,0,focus
mycielskian19,128_128_128,top_1_4,2,AMX_B_load,0.341653823853,2896,0,focus
mycielskian19,128_128_128,top_1_4,2,AMX_compute,0.540733337402,2896,0,focus
mycielskian19,128_128_128,top_1_4,2,C_store,0.0286102294922,206,0,focus
mycielskian19,128_128_128,top_1_4,2,hot_cold_merge,0.0815391540527,1551,0,focus
mycielskian19,128_128_128,top_1_4,2,output_scatter,0.155687332153,1551,0,focus
mycielskian19,128_128_128,top_1_4,2,cache_H_gather,0.0209808349609,25,0,focus
mycielskian19,128_128_128,top_1_4,2,cache_Q_store,0.0338554382324,25,0,focus
mycielskian19,128_128_128,top_1_4,2,thread_amx_release,0.00834465026855,64,0,focus
mycielskian19,128_128_128,top_1_4,2,partial_state_load,3.07750701904,96067,0,focus
mycielskian19,128_128_128,hybrid_all,1,thread_amx_setup,0.0813007354736,64,0,focus
mycielskian19,128_128_128,hybrid_all,1,row_metadata,0.0793933868408,97,0,focus
mycielskian19,128_128_128,hybrid_all,1,partial_init,0.0720024108887,97,0,focus
mycielskian19,128_128_128,hybrid_all,1,csr_index,159.192562103,6091897,0,focus
mycielskian19,128_128_128,hybrid_all,1,cache_membership,157.182216644,6091897,0,focus
mycielskian19,128_128_128,hybrid_all,1,prefetch,173.061609268,6091897,0,focus
mycielskian19,128_128_128,hybrid_all,1,BF16_H_load,0,0,0,focus
mycielskian19,128_128_128,hybrid_all,1,BF16_decode,0,0,0,focus
mycielskian19,128_128_128,hybrid_all,1,cold_FP32_reduce,0,0,0,focus
mycielskian19,128_128_128,hybrid_all,1,FP32_Q_load,185.568571091,6091897,0,focus
mycielskian19,128_128_128,hybrid_all,1,hot_FP32_reduce,179.214000702,6091897,0,focus
mycielskian19,128_128_128,hybrid_all,1,partial_state_store,3.03721427917,96067,0,focus
mycielskian19,128_128_128,hybrid_all,1,partial_hi_pack,0,0,0,focus
mycielskian19,128_128_128,hybrid_all,1,partial_lo_pack,0,0,0,focus
mycielskian19,128_128_128,hybrid_all,1,AMX_A_load,0.0302791595459,776,0,focus
mycielskian19,128_128_128,hybrid_all,1,AMX_B_load,0.151395797729,1552,0,focus
mycielskian19,128_128_128,hybrid_all,1,AMX_compute,0.424861907959,1552,0,focus
mycielskian19,128_128_128,hybrid_all,1,C_store,0.0176429748535,194,0,focus
mycielskian19,128_128_128,hybrid_all,1,hot_cold_merge,0.102519989014,1551,0,focus
mycielskian19,128_128_128,hybrid_all,1,output_scatter,0.198125839233,1551,0,focus
mycielskian19,128_128_128,hybrid_all,1,cache_H_gather,0.0641345977783,97,0,focus
mycielskian19,128_128_128,hybrid_all,1,cache_Q_store,0.0617504119873,97,0,focus
mycielskian19,128_128_128,hybrid_all,1,thread_amx_release,0.00786781311035,64,0,focus
mycielskian19,128_128_128,hybrid_all,1,partial_state_load,3.21745872498,96067,0,focus
mycielskian19,128_128_128,hybrid_all,2,thread_amx_setup,0.0813007354736,64,0,focus
mycielskian19,128_128_128,hybrid_all,2,row_metadata,0.0839233398438,97,0,focus
mycielskian19,128_128_128,hybrid_all,2,partial_init,0.058650970459,97,0,focus
mycielskian19,128_128_128,hybrid_all,2,csr_index,158.68806839,6091897,0,focus
mycielskian19,128_128_128,hybrid_all,2,cache_membership,156.492233276,6091897,0,focus
mycielskian19,128_128_128,hybrid_all,2,prefetch,172.451257706,6091897,0,focus
mycielskian19,128_128_128,hybrid_all,2,BF16_H_load,0,0,0,focus
mycielskian19,128_128_128,hybrid_all,2,BF16_decode,0,0,0,focus
mycielskian19,128_128_128,hybrid_all,2,cold_FP32_reduce,0,0,0,focus
mycielskian19,128_128_128,hybrid_all,2,FP32_Q_load,183.793306351,6091897,0,focus
mycielskian19,128_128_128,hybrid_all,2,hot_FP32_reduce,178.791761398,6091897,0,focus
mycielskian19,128_128_128,hybrid_all,2,partial_state_store,3.32856178284,96067,0,focus
mycielskian19,128_128_128,hybrid_all,2,partial_hi_pack,0,0,0,focus
mycielskian19,128_128_128,hybrid_all,2,partial_lo_pack,0,0,0,focus
mycielskian19,128_128_128,hybrid_all,2,AMX_A_load,0.0267028808594,776,0,focus
mycielskian19,128_128_128,hybrid_all,2,AMX_B_load,0.108003616333,1552,0,focus
mycielskian19,128_128_128,hybrid_all,2,AMX_compute,0.42724609375,1552,0,focus
mycielskian19,128_128_128,hybrid_all,2,C_store,0.0109672546387,194,0,focus
mycielskian19,128_128_128,hybrid_all,2,hot_cold_merge,0.101804733276,1551,0,focus
mycielskian19,128_128_128,hybrid_all,2,output_scatter,0.151872634888,1551,0,focus
mycielskian19,128_128_128,hybrid_all,2,cache_H_gather,0.0624656677246,97,0,focus
mycielskian19,128_128_128,hybrid_all,2,cache_Q_store,0.0622272491455,97,0,focus
mycielskian19,128_128_128,hybrid_all,2,thread_amx_release,0.00810623168945,64,0,focus
mycielskian19,128_128_128,hybrid_all,2,partial_state_load,3.51357460022,96067,0,focus
mycielskian19,128_128_128,project_all,1,thread_amx_setup,7.03287124634,64,0,focus
mycielskian19,128_128_128,project_all,1,row_metadata,0.0784397125244,97,0,focus
mycielskian19,128_128_128,project_all,1,partial_init,0.0326633453369,97,0,focus
mycielskian19,128_128_128,project_all,1,csr_index,166.252851486,6091897,0,focus
mycielskian19,128_128_128,project_all,1,cache_membership,0,0,0,focus
mycielskian19,128_128_128,project_all,1,prefetch,178.779840469,6091897,0,focus
mycielskian19,128_128_128,project_all,1,BF16_H_load,0,0,0,focus
mycielskian19,128_128_128,project_all,1,BF16_decode,0,0,0,focus
mycielskian19,128_128_128,project_all,1,cold_FP32_reduce,0,0,0,focus
mycielskian19,128_128_128,project_all,1,FP32_Q_load,194.660663605,6091897,0,focus
mycielskian19,128_128_128,project_all,1,hot_FP32_reduce,168.409585953,6091897,0,focus
mycielskian19,128_128_128,project_all,1,partial_state_store,2.96425819397,96067,0,focus
mycielskian19,128_128_128,project_all,1,partial_hi_pack,0,0,0,focus
mycielskian19,128_128_128,project_all,1,partial_lo_pack,0,0,0,focus
mycielskian19,128_128_128,project_all,1,AMX_A_load,0.0250339508057,776,0,focus
mycielskian19,128_128_128,project_all,1,AMX_B_load,0.15664100647,1552,0,focus
mycielskian19,128_128_128,project_all,1,AMX_compute,0.438690185547,1552,0,focus
mycielskian19,128_128_128,project_all,1,C_store,0.00953674316406,194,0,focus
mycielskian19,128_128_128,project_all,1,hot_cold_merge,0.0691413879395,1551,0,focus
mycielskian19,128_128_128,project_all,1,output_scatter,0.208616256714,1551,0,focus
mycielskian19,128_128_128,project_all,1,cache_H_gather,0.0739097595215,97,0,focus
mycielskian19,128_128_128,project_all,1,cache_Q_store,0.0560283660889,97,0,focus
mycielskian19,128_128_128,project_all,1,thread_amx_release,0.00619888305664,64,0,focus
mycielskian19,128_128_128,project_all,1,partial_state_load,2.88152694702,96067,0,focus
mycielskian19,128_128_128,project_all,2,thread_amx_setup,0.0598430633545,64,0,focus
mycielskian19,128_128_128,project_all,2,row_metadata,0.0765323638916,97,0,focus
mycielskian19,128_128_128,project_all,2,partial_init,0.0383853912354,97,0,focus
mycielskian19,128_128_128,project_all,2,csr_index,166.922807693,6091897,0,focus
mycielskian19,128_128_128,project_all,2,cache_membership,0,0,0,focus
mycielskian19,128_128_128,project_all,2,prefetch,177.953243256,6091897,0,focus
mycielskian19,128_128_128,project_all,2,BF16_H_load,0,0,0,focus
mycielskian19,128_128_128,project_all,2,BF16_decode,0,0,0,focus
mycielskian19,128_128_128,project_all,2,cold_FP32_reduce,0,0,0,focus
mycielskian19,128_128_128,project_all,2,FP32_Q_load,193.074464798,6091897,0,focus
mycielskian19,128_128_128,project_all,2,hot_FP32_reduce,168.778896332,6091897,0,focus
mycielskian19,128_128_128,project_all,2,partial_state_store,3.04889678955,96067,0,focus
mycielskian19,128_128_128,project_all,2,partial_hi_pack,0,0,0,focus
mycielskian19,128_128_128,project_all,2,partial_lo_pack,0,0,0,focus
mycielskian19,128_128_128,project_all,2,AMX_A_load,0.0226497650146,776,0,focus
mycielskian19,128_128_128,project_all,2,AMX_B_load,0.169277191162,1552,0,focus
mycielskian19,128_128_128,project_all,2,AMX_compute,0.497341156006,1552,0,focus
mycielskian19,128_128_128,project_all,2,C_store,0.00858306884766,194,0,focus
mycielskian19,128_128_128,project_all,2,hot_cold_merge,0.0853538513184,1551,0,focus
mycielskian19,128_128_128,project_all,2,output_scatter,0.163078308105,1551,0,focus
mycielskian19,128_128_128,project_all,2,cache_H_gather,0.072717666626,97,0,focus
mycielskian19,128_128_128,project_all,2,cache_Q_store,0.035285949707,97,0,focus
mycielskian19,128_128_128,project_all,2,thread_amx_release,0.00500679016113,64,0,focus
mycielskian19,128_128_128,project_all,2,partial_state_load,7.68828392029,96067,0,focus
mycielskian19,128_128_128,project_used,1,thread_amx_setup,0.0765323638916,64,0,focus
mycielskian19,128_128_128,project_used,1,row_metadata,0.0660419464111,97,0,focus
mycielskian19,128_128_128,project_used,1,partial_init,0.0381469726562,97,0,focus
mycielskian19,128_128_128,project_used,1,csr_index,161.788463593,6091897,0,focus
mycielskian19,128_128_128,project_used,1,cache_membership,160.25519371,6091897,0,focus
mycielskian19,128_128_128,project_used,1,prefetch,186.842441559,6091897,0,focus
mycielskian19,128_128_128,project_used,1,BF16_H_load,0,0,0,focus
mycielskian19,128_128_128,project_used,1,BF16_decode,0,0,0,focus
mycielskian19,128_128_128,project_used,1,cold_FP32_reduce,0,0,0,focus
mycielskian19,128_128_128,project_used,1,FP32_Q_load,184.360265732,6091897,0,focus
mycielskian19,128_128_128,project_used,1,hot_FP32_reduce,160.949468613,6091897,0,focus
mycielskian19,128_128_128,project_used,1,partial_state_store,3.00598144531,96067,0,focus
mycielskian19,128_128_128,project_used,1,partial_hi_pack,0,0,0,focus
mycielskian19,128_128_128,project_used,1,partial_lo_pack,0,0,0,focus
mycielskian19,128_128_128,project_used,1,AMX_A_load,0.0157356262207,776,0,focus
mycielskian19,128_128_128,project_used,1,AMX_B_load,0.17261505127,1552,0,focus
mycielskian19,128_128_128,project_used,1,AMX_compute,0.433444976807,1552,0,focus
mycielskian19,128_128_128,project_used,1,C_store,0.00810623168945,194,0,focus
mycielskian19,128_128_128,project_used,1,hot_cold_merge,0.0813007354736,1551,0,focus
mycielskian19,128_128_128,project_used,1,output_scatter,0.191450119019,1551,0,focus
mycielskian19,128_128_128,project_used,1,cache_H_gather,0.0789165496826,97,0,focus
mycielskian19,128_128_128,project_used,1,cache_Q_store,0.0481605529785,97,0,focus
mycielskian19,128_128_128,project_used,1,thread_amx_release,0.00596046447754,64,0,focus
mycielskian19,128_128_128,project_used,1,partial_state_load,2.94709205627,96067,0,focus
mycielskian19,128_128_128,project_used,2,thread_amx_setup,0.0877380371094,64,0,focus
mycielskian19,128_128_128,project_used,2,row_metadata,0.0648498535156,97,0,focus
mycielskian19,128_128_128,project_used,2,partial_init,0.0379085540771,97,0,focus
mycielskian19,128_128_128,project_used,2,csr_index,159.091234207,6091897,0,focus
mycielskian19,128_128_128,project_used,2,cache_membership,157.828330994,6091897,0,focus
mycielskian19,128_128_128,project_used,2,prefetch,186.873674393,6091897,0,focus
mycielskian19,128_128_128,project_used,2,BF16_H_load,0,0,0,focus
mycielskian19,128_128_128,project_used,2,BF16_decode,0,0,0,focus
mycielskian19,128_128_128,project_used,2,cold_FP32_reduce,0,0,0,focus
mycielskian19,128_128_128,project_used,2,FP32_Q_load,184.323310852,6091897,0,focus
mycielskian19,128_128_128,project_used,2,hot_FP32_reduce,160.88104248,6091897,0,focus
mycielskian19,128_128_128,project_used,2,partial_state_store,3.18455696106,96067,0,focus
mycielskian19,128_128_128,project_used,2,partial_hi_pack,0,0,0,focus
mycielskian19,128_128_128,project_used,2,partial_lo_pack,0,0,0,focus
mycielskian19,128_128_128,project_used,2,AMX_A_load,0.0278949737549,776,0,focus
mycielskian19,128_128_128,project_used,2,AMX_B_load,0.163078308105,1552,0,focus
mycielskian19,128_128_128,project_used,2,AMX_compute,0.414371490479,1552,0,focus
mycielskian19,128_128_128,project_used,2,C_store,0.0100135803223,194,0,focus
mycielskian19,128_128_128,project_used,2,hot_cold_merge,0.0874996185303,1551,0,focus
mycielskian19,128_128_128,project_used,2,output_scatter,0.154972076416,1551,0,focus
mycielskian19,128_128_128,project_used,2,cache_H_gather,0.0956058502197,97,0,focus
mycielskian19,128_128_128,project_used,2,cache_Q_store,0.0476837158203,97,0,focus
mycielskian19,128_128_128,project_used,2,thread_amx_release,0.00882148742676,64,0,focus
mycielskian19,128_128_128,project_used,2,partial_state_load,3.02958488464,96067,0,focus
mycielskian19,128_128_128,project_used_L1_full_L2,1,thread_amx_setup,0.0689029693604,64,0,focus
mycielskian19,128_128_128,project_used_L1_full_L2,1,row_metadata,0.0808238983154,97,0,focus
mycielskian19,128_128_128,project_used_L1_full_L2,1,partial_init,0.0298023223877,97,0,focus
mycielskian19,128_128_128,project_used_L1_full_L2,1,csr_index,161.465167999,6091897,0,focus
mycielskian19,128_128_128,project_used_L1_full_L2,1,cache_membership,159.655094147,6091897,0,focus
mycielskian19,128_128_128,project_used_L1_full_L2,1,prefetch,187.850236893,6091897,0,focus
mycielskian19,128_128_128,project_used_L1_full_L2,1,BF16_H_load,0,0,0,focus
mycielskian19,128_128_128,project_used_L1_full_L2,1,BF16_decode,0,0,0,focus
mycielskian19,128_128_128,project_used_L1_full_L2,1,cold_FP32_reduce,0,0,0,focus
mycielskian19,128_128_128,project_used_L1_full_L2,1,FP32_Q_load,183.608531952,6091897,0,focus
mycielskian19,128_128_128,project_used_L1_full_L2,1,hot_FP32_reduce,161.118268967,6091897,0,focus
mycielskian19,128_128_128,project_used_L1_full_L2,1,partial_state_store,2.96211242676,96067,0,focus
mycielskian19,128_128_128,project_used_L1_full_L2,1,partial_hi_pack,0,0,0,focus
mycielskian19,128_128_128,project_used_L1_full_L2,1,partial_lo_pack,0,0,0,focus
mycielskian19,128_128_128,project_used_L1_full_L2,1,AMX_A_load,0.0283718109131,776,0,focus
mycielskian19,128_128_128,project_used_L1_full_L2,1,AMX_B_load,0.209093093872,1552,0,focus
mycielskian19,128_128_128,project_used_L1_full_L2,1,AMX_compute,0.659465789795,1552,0,focus
mycielskian19,128_128_128,project_used_L1_full_L2,1,C_store,0.0150203704834,194,0,focus
mycielskian19,128_128_128,project_used_L1_full_L2,1,hot_cold_merge,0.0898838043213,1551,0,focus
mycielskian19,128_128_128,project_used_L1_full_L2,1,output_scatter,0.19097328186,1551,0,focus
mycielskian19,128_128_128,project_used_L1_full_L2,1,cache_H_gather,0.0765323638916,97,0,focus
mycielskian19,128_128_128,project_used_L1_full_L2,1,cache_Q_store,0.0472068786621,97,0,focus
mycielskian19,128_128_128,project_used_L1_full_L2,1,thread_amx_release,0.00929832458496,64,0,focus
mycielskian19,128_128_128,project_used_L1_full_L2,1,partial_state_load,3.02028656006,96067,0,focus
mycielskian19,128_128_128,project_used_L1_full_L2,2,thread_amx_setup,0.0452995300293,32,0,focus
mycielskian19,128_128_128,project_used_L1_full_L2,2,row_metadata,0.0650882720947,97,0,focus
mycielskian19,128_128_128,project_used_L1_full_L2,2,partial_init,0.0417232513428,97,0,focus
mycielskian19,128_128_128,project_used_L1_full_L2,2,csr_index,163.680076599,6091897,0,focus
mycielskian19,128_128_128,project_used_L1_full_L2,2,cache_membership,0,0,0,focus
mycielskian19,128_128_128,project_used_L1_full_L2,2,prefetch,166.896104813,6091897,0,focus
mycielskian19,128_128_128,project_used_L1_full_L2,2,BF16_H_load,180.70101738,6091897,0,focus
mycielskian19,128_128_128,project_used_L1_full_L2,2,BF16_decode,183.985233307,6091897,0,focus
mycielskian19,128_128_128,project_used_L1_full_L2,2,cold_FP32_reduce,159.628868103,6091897,0,focus
mycielskian19,128_128_128,project_used_L1_full_L2,2,FP32_Q_load,0,0,0,focus
mycielskian19,128_128_128,project_used_L1_full_L2,2,hot_FP32_reduce,0,0,0,focus
mycielskian19,128_128_128,project_used_L1_full_L2,2,partial_state_store,2.80022621155,96067,0,focus
mycielskian19,128_128_128,project_used_L1_full_L2,2,partial_hi_pack,0.329732894897,12416,0,focus
mycielskian19,128_128_128,project_used_L1_full_L2,2,partial_lo_pack,0.383853912354,12416,0,focus
mycielskian19,128_128_128,project_used_L1_full_L2,2,AMX_A_load,0.0391006469727,1552,0,focus
mycielskian19,128_128_128,project_used_L1_full_L2,2,AMX_B_load,0.323057174683,3104,0,focus
mycielskian19,128_128_128,project_used_L1_full_L2,2,AMX_compute,0.671625137329,3104,0,focus
mycielskian19,128_128_128,project_used_L1_full_L2,2,C_store,0.0176429748535,194,0,focus
mycielskian19,128_128_128,project_used_L1_full_L2,2,hot_cold_merge,0,0,0,focus
mycielskian19,128_128_128,project_used_L1_full_L2,2,output_scatter,0.128984451294,1551,0,focus
mycielskian19,128_128_128,project_used_L1_full_L2,2,cache_H_gather,0,0,0,focus
mycielskian19,128_128_128,project_used_L1_full_L2,2,cache_Q_store,0,0,0,focus
mycielskian19,128_128_128,project_used_L1_full_L2,2,thread_amx_release,0.0131130218506,32,0,focus
mycielskian19,128_128_128,project_used_L1_full_L2,2,partial_state_load,2.80857086182,96067,0,focus
roadNet-CA,128_32_32,fused_full_accurate,1,thread_amx_setup,0.0207424163818,32,0,focus
roadNet-CA,128_32_32,fused_full_accurate,1,row_metadata,0.0741481781006,483,0,focus
roadNet-CA,128_32_32,fused_full_accurate,1,partial_init,0.0760555267334,483,0,focus
roadNet-CA,128_32_32,fused_full_accurate,1,csr_index,0.780820846558,21676,0,focus
roadNet-CA,128_32_32,fused_full_accurate,1,cache_membership,0,0,0,focus
roadNet-CA,128_32_32,fused_full_accurate,1,prefetch,0.596523284912,21676,0,focus
roadNet-CA,128_32_32,fused_full_accurate,1,BF16_H_load,1.43003463745,21676,0,focus
roadNet-CA,128_32_32,fused_full_accurate,1,BF16_decode,0.727891921997,21676,0,focus
roadNet-CA,128_32_32,fused_full_accurate,1,cold_FP32_reduce,0.614643096924,21676,0,focus
roadNet-CA,128_32_32,fused_full_accurate,1,FP32_Q_load,0,0,0,focus
roadNet-CA,128_32_32,fused_full_accurate,1,hot_FP32_reduce,0,0,0,focus
roadNet-CA,128_32_32,fused_full_accurate,1,partial_state_store,0.267744064331,7681,0,focus
roadNet-CA,128_32_32,fused_full_accurate,1,partial_hi_pack,1.75094604492,61568,0,focus
roadNet-CA,128_32_32,fused_full_accurate,1,partial_lo_pack,1.70564651489,61568,0,focus
roadNet-CA,128_32_32,fused_full_accurate,1,AMX_A_load,0.105857849121,3848,0,focus
roadNet-CA,128_32_32,fused_full_accurate,1,AMX_B_load,0.153064727783,3848,0,focus
roadNet-CA,128_32_32,fused_full_accurate,1,AMX_compute,0.963926315308,3848,0,focus
roadNet-CA,128_32_32,fused_full_accurate,1,C_store,0.0154972076416,481,0,focus
roadNet-CA,128_32_32,fused_full_accurate,1,hot_cold_merge,0,0,0,focus
roadNet-CA,128_32_32,fused_full_accurate,1,output_scatter,0.236511230469,7713,0,focus
roadNet-CA,128_32_32,fused_full_accurate,1,cache_H_gather,0,0,0,focus
roadNet-CA,128_32_32,fused_full_accurate,1,cache_Q_store,0,0,0,focus
roadNet-CA,128_32_32,fused_full_accurate,1,thread_amx_release,0,32,0,focus
roadNet-CA,128_32_32,fused_full_accurate,1,partial_state_load,0.227451324463,7681,0,focus
roadNet-CA,128_32_32,fused_full_accurate,2,thread_amx_setup,0.0193119049072,32,0,focus
roadNet-CA,128_32_32,fused_full_accurate,2,row_metadata,0.0641345977783,483,0,focus
roadNet-CA,128_32_32,fused_full_accurate,2,partial_init,0.0431537628174,483,0,focus
roadNet-CA,128_32_32,fused_full_accurate,2,csr_index,0.766277313232,21676,0,focus
roadNet-CA,128_32_32,fused_full_accurate,2,cache_membership,0,0,0,focus
roadNet-CA,128_32_32,fused_full_accurate,2,prefetch,0.668048858643,21676,0,focus
roadNet-CA,128_32_32,fused_full_accurate,2,BF16_H_load,1.01804733276,21676,0,focus
roadNet-CA,128_32_32,fused_full_accurate,2,BF16_decode,0.712633132935,21676,0,focus
roadNet-CA,128_32_32,fused_full_accurate,2,cold_FP32_reduce,0.64754486084,21676,0,focus
roadNet-CA,128_32_32,fused_full_accurate,2,FP32_Q_load,0,0,0,focus
roadNet-CA,128_32_32,fused_full_accurate,2,hot_FP32_reduce,0,0,0,focus
roadNet-CA,128_32_32,fused_full_accurate,2,partial_state_store,0.203609466553,7681,0,focus
roadNet-CA,128_32_32,fused_full_accurate,2,partial_hi_pack,0.45108795166,15392,0,focus
roadNet-CA,128_32_32,fused_full_accurate,2,partial_lo_pack,0.430345535278,15392,0,focus
roadNet-CA,128_32_32,fused_full_accurate,2,AMX_A_load,0.0391006469727,962,0,focus
roadNet-CA,128_32_32,fused_full_accurate,2,AMX_B_load,0.0362396240234,962,0,focus
roadNet-CA,128_32_32,fused_full_accurate,2,AMX_compute,0.891923904419,962,0,focus
roadNet-CA,128_32_32,fused_full_accurate,2,C_store,0.0214576721191,481,0,focus
roadNet-CA,128_32_32,fused_full_accurate,2,hot_cold_merge,0,0,0,focus
roadNet-CA,128_32_32,fused_full_accurate,2,output_scatter,0.247478485107,7713,0,focus
roadNet-CA,128_32_32,fused_full_accurate,2,cache_H_gather,0,0,0,focus
roadNet-CA,128_32_32,fused_full_accurate,2,cache_Q_store,0,0,0,focus
roadNet-CA,128_32_32,fused_full_accurate,2,thread_amx_release,0,32,0,focus
roadNet-CA,128_32_32,fused_full_accurate,2,partial_state_load,0.199794769287,7681,0,focus
roadNet-CA,128_32_32,hybrid_none,1,thread_amx_setup,0.0252723693848,32,0,focus
roadNet-CA,128_32_32,hybrid_none,1,row_metadata,0.113248825073,483,0,focus
roadNet-CA,128_32_32,hybrid_none,1,partial_init,0.0686645507812,483,0,focus
roadNet-CA,128_32_32,hybrid_none,1,csr_index,0.784397125244,21676,0,focus
roadNet-CA,128_32_32,hybrid_none,1,cache_membership,0.682830810547,21676,0,focus
roadNet-CA,128_32_32,hybrid_none,1,prefetch,0.710248947144,21676,0,focus
roadNet-CA,128_32_32,hybrid_none,1,BF16_H_load,1.43194198608,21676,0,focus
roadNet-CA,128_32_32,hybrid_none,1,BF16_decode,0.612735748291,21676,0,focus
roadNet-CA,128_32_32,hybrid_none,1,cold_FP32_reduce,0.728845596313,21676,0,focus
roadNet-CA,128_32_32,hybrid_none,1,FP32_Q_load,0,0,0,focus
roadNet-CA,128_32_32,hybrid_none,1,hot_FP32_reduce,0,0,0,focus
roadNet-CA,128_32_32,hybrid_none,1,partial_state_store,0.251293182373,7681,0,focus
roadNet-CA,128_32_32,hybrid_none,1,partial_hi_pack,1.77311897278,61568,0,focus
roadNet-CA,128_32_32,hybrid_none,1,partial_lo_pack,1.68561935425,61568,0,focus
roadNet-CA,128_32_32,hybrid_none,1,AMX_A_load,0.100612640381,3848,0,focus
roadNet-CA,128_32_32,hybrid_none,1,AMX_B_load,0.122785568237,3848,0,focus
roadNet-CA,128_32_32,hybrid_none,1,AMX_compute,1.01947784424,3848,0,focus
roadNet-CA,128_32_32,hybrid_none,1,C_store,0.0231266021729,481,0,focus
roadNet-CA,128_32_32,hybrid_none,1,hot_cold_merge,0.240087509155,7713,0,focus
roadNet-CA,128_32_32,hybrid_none,1,output_scatter,0.247478485107,7713,0,focus
roadNet-CA,128_32_32,hybrid_none,1,cache_H_gather,0,0,0,focus
roadNet-CA,128_32_32,hybrid_none,1,cache_Q_store,0,0,0,focus
roadNet-CA,128_32_32,hybrid_none,1,thread_amx_release,0,32,0,focus
roadNet-CA,128_32_32,hybrid_none,1,partial_state_load,0.250577926636,7681,0,focus
roadNet-CA,128_32_32,hybrid_none,2,thread_amx_setup,0.0221729278564,32,0,focus
roadNet-CA,128_32_32,hybrid_none,2,row_metadata,0.0815391540527,483,0,focus
roadNet-CA,128_32_32,hybrid_none,2,partial_init,0.035285949707,483,0,focus
roadNet-CA,128_32_32,hybrid_none,2,csr_index,0.732898712158,21676,0,focus
roadNet-CA,128_32_32,hybrid_none,2,cache_membership,0.622272491455,21676,0,focus
roadNet-CA,128_32_32,hybrid_none,2,prefetch,0.688076019287,21676,0,focus
roadNet-CA,128_32_32,hybrid_none,2,BF16_H_load,1.051902771,21676,0,focus
roadNet-CA,128_32_32,hybrid_none,2,BF16_decode,0.601291656494,21676,0,focus
roadNet-CA,128_32_32,hybrid_none,2,cold_FP32_reduce,0.6422996521,21676,0,focus
roadNet-CA,128_32_32,hybrid_none,2,FP32_Q_load,0,0,0,focus
roadNet-CA,128_32_32,hybrid_none,2,hot_FP32_reduce,0,0,0,focus
roadNet-CA,128_32_32,hybrid_none,2,partial_state_store,0.204086303711,7681,0,focus
roadNet-CA,128_32_32,hybrid_none,2,partial_hi_pack,0.441312789917,15392,0,focus
roadNet-CA,128_32_32,hybrid_none,2,partial_lo_pack,0.442028045654,15392,0,focus
roadNet-CA,128_32_32,hybrid_none,2,AMX_A_load,0.0462532043457,962,0,focus
roadNet-CA,128_32_32,hybrid_none,2,AMX_B_load,0.0271797180176,962,0,focus
roadNet-CA,128_32_32,hybrid_none,2,AMX_compute,0.921010971069,962,0,focus
roadNet-CA,128_32_32,hybrid_none,2,C_store,0.0181198120117,481,0,focus
roadNet-CA,128_32_32,hybrid_none,2,hot_cold_merge,0.236034393311,7713,0,focus
roadNet-CA,128_32_32,hybrid_none,2,output_scatter,0.250816345215,7713,0,focus
roadNet-CA,128_32_32,hybrid_none,2,cache_H_gather,0,0,0,focus
roadNet-CA,128_32_32,hybrid_none,2,cache_Q_store,0,0,0,focus
roadNet-CA,128_32_32,hybrid_none,2,thread_amx_release,0.00214576721191,32,0,focus
roadNet-CA,128_32_32,hybrid_none,2,partial_state_load,0.213146209717,7681,0,focus
roadNet-CA,128_32_32,top_1_64,1,thread_amx_setup,0.0543594360352,64,0,focus
roadNet-CA,128_32_32,top_1_64,1,row_metadata,0.125885009766,483,0,focus
roadNet-CA,128_32_32,top_1_64,1,partial_init,0.0674724578857,483,0,focus
roadNet-CA,128_32_32,top_1_64,1,csr_index,0.825643539429,21676,0,focus
roadNet-CA,128_32_32,top_1_64,1,cache_membership,0.677347183228,21676,0,focus
roadNet-CA,128_32_32,top_1_64,1,prefetch,0.688314437866,21676,0,focus
roadNet-CA,128_32_32,top_1_64,1,BF16_H_load,1.3370513916,21112,0,focus
roadNet-CA,128_32_32,top_1_64,1,BF16_decode,0.62894821167,21112,0,focus
roadNet-CA,128_32_32,top_1_64,1,cold_FP32_reduce,0.72979927063,21112,0,focus
roadNet-CA,128_32_32,top_1_64,1,FP32_Q_load,0.0338554382324,564,0,focus
roadNet-CA,128_32_32,top_1_64,1,hot_FP32_reduce,0.0214576721191,564,0,focus
roadNet-CA,128_32_32,top_1_64,1,partial_state_store,0.221490859985,7681,0,focus
roadNet-CA,128_32_32,top_1_64,1,partial_hi_pack,1.69086456299,61568,0,focus
roadNet-CA,128_32_32,top_1_64,1,partial_lo_pack,1.71232223511,61568,0,focus
roadNet-CA,128_32_32,top_1_64,1,AMX_A_load,0.115394592285,3884,0,focus
roadNet-CA,128_32_32,top_1_64,1,AMX_B_load,0.151634216309,3884,0,focus
roadNet-CA,128_32_32,top_1_64,1,AMX_compute,1.02233886719,3884,0,focus
roadNet-CA,128_32_32,top_1_64,1,C_store,0.0174045562744,490,0,focus
roadNet-CA,128_32_32,top_1_64,1,hot_cold_merge,0.216484069824,7713,0,focus
roadNet-CA,128_32_32,top_1_64,1,output_scatter,0.231266021729,7713,0,focus
roadNet-CA,128_32_32,top_1_64,1,cache_H_gather,0.00500679016113,9,0,focus
roadNet-CA,128_32_32,top_1_64,1,cache_Q_store,0.000953674316406,9,0,focus
roadNet-CA,128_32_32,top_1_64,1,thread_amx_release,0.00309944152832,64,0,focus
roadNet-CA,128_32_32,top_1_64,1,partial_state_load,0.221014022827,7681,0,focus
roadNet-CA,128_32_32,top_1_64,2,thread_amx_setup,0.0476837158203,64,0,focus
roadNet-CA,128_32_32,top_1_64,2,row_metadata,0.0700950622559,483,0,focus
roadNet-CA,128_32_32,top_1_64,2,partial_init,0.0429153442383,483,0,focus
roadNet-CA,128_32_32,top_1_64,2,csr_index,0.750303268433,21676,0,focus
roadNet-CA,128_32_32,top_1_64,2,cache_membership,0.697374343872,21676,0,focus
roadNet-CA,128_32_32,top_1_64,2,prefetch,0.667095184326,21676,0,focus
roadNet-CA,128_32_32,top_1_64,2,BF16_H_load,0.951051712036,21112,0,focus
roadNet-CA,128_32_32,top_1_64,2,BF16_decode,0.618696212769,21112,0,focus
roadNet-CA,128_32_32,top_1_64,2,cold_FP32_reduce,0.606298446655,21112,0,focus
roadNet-CA,128_32_32,top_1_64,2,FP32_Q_load,0.0236034393311,564,0,focus
roadNet-CA,128_32_32,top_1_64,2,hot_FP32_reduce,0.0202655792236,564,0,focus
roadNet-CA,128_32_32,top_1_64,2,partial_state_store,0.198602676392,7681,0,focus
roadNet-CA,128_32_32,top_1_64,2,partial_hi_pack,0.418663024902,15392,0,focus
roadNet-CA,128_32_32,top_1_64,2,partial_lo_pack,0.432014465332,15392,0,focus
roadNet-CA,128_32_32,top_1_64,2,AMX_A_load,0.0371932983398,971,0,focus
roadNet-CA,128_32_32,top_1_64,2,AMX_B_load,0.0405311584473,971,0,focus
roadNet-CA,128_32_32,top_1_64,2,AMX_compute,0.895977020264,971,0,focus
roadNet-CA,128_32_32,top_1_64,2,C_store,0.0200271606445,490,0,focus
roadNet-CA,128_32_32,top_1_64,2,hot_cold_merge,0.195503234863,7713,0,focus
roadNet-CA,128_32_32,top_1_64,2,output_scatter,0.227212905884,7713,0,focus
roadNet-CA,128_32_32,top_1_64,2,cache_H_gather,0.00286102294922,9,0,focus
roadNet-CA,128_32_32,top_1_64,2,cache_Q_store,0.000953674316406,9,0,focus
roadNet-CA,128_32_32,top_1_64,2,thread_amx_release,0.00452995300293,64,0,focus
roadNet-CA,128_32_32,top_1_64,2,partial_state_load,0.247001647949,7681,0,focus
roadNet-CA,128_32_32,top_1_16,1,thread_amx_setup,0.0596046447754,64,0,focus
roadNet-CA,128_32_32,top_1_16,1,row_metadata,0.111103057861,483,0,focus
roadNet-CA,128_32_32,top_1_16,1,partial_init,0.0734329223633,483,0,focus
roadNet-CA,128_32_32,top_1_16,1,csr_index,0.793933868408,21676,0,focus
roadNet-CA,128_32_32,top_1_16,1,cache_membership,0.716686248779,21676,0,focus
roadNet-CA,128_32_32,top_1_16,1,prefetch,0.767469406128,21676,0,focus
roadNet-CA,128_32_32,top_1_16,1,BF16_H_load,1.2309551239,19705,0,focus
roadNet-CA,128_32_32,top_1_16,1,BF16_decode,0.579833984375,19705,0,focus
roadNet-CA,128_32_32,top_1_16,1,cold_FP32_reduce,0.694751739502,19705,0,focus
roadNet-CA,128_32_32,top_1_16,1,FP32_Q_load,0.13256072998,1971,0,focus
roadNet-CA,128_32_32,top_1_16,1,hot_FP32_reduce,0.0567436218262,1971,0,focus
roadNet-CA,128_32_32,top_1_16,1,partial_state_store,0.248670578003,7681,0,focus
roadNet-CA,128_32_32,top_1_16,1,partial_hi_pack,1.70922279358,61568,0,focus
roadNet-CA,128_32_32,top_1_16,1,partial_lo_pack,1.7237663269,61568,0,focus
roadNet-CA,128_32_32,top_1_16,1,AMX_A_load,0.14328956604,3976,0,focus
roadNet-CA,128_32_32,top_1_16,1,AMX_B_load,0.142812728882,3976,0,focus
roadNet-CA,128_32_32,top_1_16,1,AMX_compute,1.0142326355,3976,0,focus
roadNet-CA,128_32_32,top_1_16,1,C_store,0.0152587890625,513,0,focus
roadNet-CA,128_32_32,top_1_16,1,hot_cold_merge,0.221490859985,7713,0,focus
roadNet-CA,128_32_32,top_1_16,1,output_scatter,0.236511230469,7713,0,focus
roadNet-CA,128_32_32,top_1_16,1,cache_H_gather,0.091552734375,32,0,focus
roadNet-CA,128_32_32,top_1_16,1,cache_Q_store,0.00309944152832,32,0,focus
roadNet-CA,128_32_32,top_1_16,1,thread_amx_release,0.00691413879395,64,0,focus
roadNet-CA,128_32_32,top_1_16,1,partial_state_load,0.257730484009,7681,0,focus
roadNet-CA,128_32_32,top_1_16,2,thread_amx_setup,0.0514984130859,64,0,focus
roadNet-CA,128_32_32,top_1_16,2,row_metadata,0.0879764556885,483,0,focus
roadNet-CA,128_32_32,top_1_16,2,partial_init,0.0522136688232,483,0,focus
roadNet-CA,128_32_32,top_1_16,2,csr_index,0.744581222534,21676,0,focus
roadNet-CA,128_32_32,top_1_16,2,cache_membership,0.669240951538,21676,0,focus
roadNet-CA,128_32_32,top_1_16,2,prefetch,0.694751739502,21676,0,focus
roadNet-CA,128_32_32,top_1_16,2,BF16_H_load,0.969886779785,19705,0,focus
roadNet-CA,128_32_32,top_1_16,2,BF16_decode,0.586271286011,19705,0,focus
roadNet-CA,128_32_32,top_1_16,2,cold_FP32_reduce,0.579118728638,19705,0,focus
roadNet-CA,128_32_32,top_1_16,2,FP32_Q_load,0.108957290649,1971,0,focus
roadNet-CA,128_32_32,top_1_16,2,hot_FP32_reduce,0.0662803649902,1971,0,focus
roadNet-CA,128_32_32,top_1_16,2,partial_state_store,0.245332717896,7681,0,focus
roadNet-CA,128_32_32,top_1_16,2,partial_hi_pack,0.466108322144,15392,0,focus
roadNet-CA,128_32_32,top_1_16,2,partial_lo_pack,0.407457351685,15392,0,focus
roadNet-CA,128_32_32,top_1_16,2,AMX_A_load,0.0269412994385,994,0,focus
roadNet-CA,128_32_32,top_1_16,2,AMX_B_load,0.0286102294922,994,0,focus
roadNet-CA,128_32_32,top_1_16,2,AMX_compute,0.943660736084,994,0,focus
roadNet-CA,128_32_32,top_1_16,2,C_store,0.0195503234863,513,0,focus
roadNet-CA,128_32_32,top_1_16,2,hot_cold_merge,0.222206115723,7713,0,focus
roadNet-CA,128_32_32,top_1_16,2,output_scatter,0.217914581299,7713,0,focus
roadNet-CA,128_32_32,top_1_16,2,cache_H_gather,0.00500679016113,32,0,focus
roadNet-CA,128_32_32,top_1_16,2,cache_Q_store,0.00286102294922,32,0,focus
roadNet-CA,128_32_32,top_1_16,2,thread_amx_release,0.00643730163574,64,0,focus
roadNet-CA,128_32_32,top_1_16,2,partial_state_load,0.232458114624,7681,0,focus
roadNet-CA,128_32_32,top_1_4,1,thread_amx_setup,0.0622272491455,64,0,focus
roadNet-CA,128_32_32,top_1_4,1,row_metadata,0.123739242554,483,0,focus
roadNet-CA,128_32_32,top_1_4,1,partial_init,0.0813007354736,483,0,focus
roadNet-CA,128_32_32,top_1_4,1,csr_index,0.767469406128,21676,0,focus
roadNet-CA,128_32_32,top_1_4,1,cache_membership,0.691890716553,21676,0,focus
roadNet-CA,128_32_32,top_1_4,1,prefetch,0.749588012695,21676,0,focus
roadNet-CA,128_32_32,top_1_4,1,BF16_H_load,0.92339515686,13926,0,focus
roadNet-CA,128_32_32,top_1_4,1,BF16_decode,0.377178192139,13926,0,focus
roadNet-CA,128_32_32,top_1_4,1,cold_FP32_reduce,0.487089157104,13926,0,focus
roadNet-CA,128_32_32,top_1_4,1,FP32_Q_load,0.440835952759,7750,0,focus
roadNet-CA,128_32_32,top_1_4,1,hot_FP32_reduce,0.239849090576,7750,0,focus
roadNet-CA,128_32_32,top_1_4,1,partial_state_store,0.226259231567,7681,0,focus
roadNet-CA,128_32_32,top_1_4,1,partial_hi_pack,1.69467926025,61568,0,focus
roadNet-CA,128_32_32,top_1_4,1,partial_lo_pack,1.68251991272,61568,0,focus
roadNet-CA,128_32_32,top_1_4,1,AMX_A_load,0.11944770813,4336,0,focus
roadNet-CA,128_32_32,top_1_4,1,AMX_B_load,0.157833099365,4336,0,focus
roadNet-CA,128_32_32,top_1_4,1,AMX_compute,1.06549263,4336,0,focus
roadNet-CA,128_32_32,top_1_4,1,C_store,0.0226497650146,603,0,focus
roadNet-CA,128_32_32,top_1_4,1,hot_cold_merge,0.217199325562,7713,0,focus
roadNet-CA,128_32_32,top_1_4,1,output_scatter,0.232934951782,7713,0,focus
roadNet-CA,128_32_32,top_1_4,1,cache_H_gather,0.0724792480469,122,0,focus
roadNet-CA,128_32_32,top_1_4,1,cache_Q_store,0.00596046447754,122,0,focus
roadNet-CA,128_32_32,top_1_4,1,thread_amx_release,0.00333786010742,64,0,focus
roadNet-CA,128_32_32,top_1_4,1,partial_state_load,0.241994857788,7681,0,focus
roadNet-CA,128_32_32,top_1_4,2,thread_amx_setup,0.0581741333008,64,0,focus
roadNet-CA,128_32_32,top_1_4,2,row_metadata,0.0910758972168,483,0,focus
roadNet-CA,128_32_32,top_1_4,2,partial_init,0.0560283660889,483,0,focus
roadNet-CA,128_32_32,top_1_4,2,csr_index,0.762462615967,21676,0,focus
roadNet-CA,128_32_32,top_1_4,2,cache_membership,0.663757324219,21676,0,focus
roadNet-CA,128_32_32,top_1_4,2,prefetch,0.673770904541,21676,0,focus
roadNet-CA,128_32_32,top_1_4,2,BF16_H_load,0.697374343872,13926,0,focus
roadNet-CA,128_32_32,top_1_4,2,BF16_decode,0.424861907959,13926,0,focus
roadNet-CA,128_32_32,top_1_4,2,cold_FP32_reduce,0.409126281738,13926,0,focus
roadNet-CA,128_32_32,top_1_4,2,FP32_Q_load,0.441074371338,7750,0,focus
roadNet-CA,128_32_32,top_1_4,2,hot_FP32_reduce,0.224351882935,7750,0,focus
roadNet-CA,128_32_32,top_1_4,2,partial_state_store,0.2281665802,7681,0,focus
roadNet-CA,128_32_32,top_1_4,2,partial_hi_pack,0.429630279541,15392,0,focus
roadNet-CA,128_32_32,top_1_4,2,partial_lo_pack,0.476121902466,15392,0,focus
roadNet-CA,128_32_32,top_1_4,2,AMX_A_load,0.032901763916,1084,0,focus
roadNet-CA,128_32_32,top_1_4,2,AMX_B_load,0.0460147857666,1084,0,focus
roadNet-CA,128_32_32,top_1_4,2,AMX_compute,0.936269760132,1084,0,focus
roadNet-CA,128_32_32,top_1_4,2,C_store,0.0264644622803,603,0,focus
roadNet-CA,128_32_32,top_1_4,2,hot_cold_merge,0.210523605347,7713,0,focus
roadNet-CA,128_32_32,top_1_4,2,output_scatter,0.223398208618,7713,0,focus
roadNet-CA,128_32_32,top_1_4,2,cache_H_gather,0.0357627868652,122,0,focus
roadNet-CA,128_32_32,top_1_4,2,cache_Q_store,0.00500679016113,122,0,focus
roadNet-CA,128_32_32,top_1_4,2,thread_amx_release,0.00715255737305,64,0,focus
roadNet-CA,128_32_32,top_1_4,2,partial_state_load,0.255107879639,7681,0,focus
roadNet-CA,128_32_32,hybrid_all,1,thread_amx_setup,0.0598430633545,64,0,focus
roadNet-CA,128_32_32,hybrid_all,1,row_metadata,0.0791549682617,483,0,focus
roadNet-CA,128_32_32,hybrid_all,1,partial_init,0.0467300415039,483,0,focus
roadNet-CA,128_32_32,hybrid_all,1,csr_index,0.705718994141,21676,0,focus
roadNet-CA,128_32_32,hybrid_all,1,cache_membership,0.656604766846,21676,0,focus
roadNet-CA,128_32_32,hybrid_all,1,prefetch,0.650405883789,21676,0,focus
roadNet-CA,128_32_32,hybrid_all,1,BF16_H_load,0,0,0,focus
roadNet-CA,128_32_32,hybrid_all,1,BF16_decode,0,0,0,focus
roadNet-CA,128_32_32,hybrid_all,1,cold_FP32_reduce,0,0,0,focus
roadNet-CA,128_32_32,hybrid_all,1,FP32_Q_load,1.2354850769,21676,0,focus
roadNet-CA,128_32_32,hybrid_all,1,hot_FP32_reduce,0.602245330811,21676,0,focus
roadNet-CA,128_32_32,hybrid_all,1,partial_state_store,0.217914581299,7681,0,focus
roadNet-CA,128_32_32,hybrid_all,1,partial_hi_pack,0,0,0,focus
roadNet-CA,128_32_32,hybrid_all,1,partial_lo_pack,0,0,0,focus
roadNet-CA,128_32_32,hybrid_all,1,AMX_A_load,0.0603199005127,1932,0,focus
roadNet-CA,128_32_32,hybrid_all,1,AMX_B_load,0.0514984130859,1932,0,focus
roadNet-CA,128_32_32,hybrid_all,1,AMX_compute,0.212907791138,1932,0,focus
roadNet-CA,128_32_32,hybrid_all,1,C_store,0.0228881835938,483,0,focus
roadNet-CA,128_32_32,hybrid_all,1,hot_cold_merge,0.255346298218,7713,0,focus
roadNet-CA,128_32_32,hybrid_all,1,output_scatter,0.212430953979,7713,0,focus
roadNet-CA,128_32_32,hybrid_all,1,cache_H_gather,0.195503234863,483,0,focus
roadNet-CA,128_32_32,hybrid_all,1,cache_Q_store,0.0205039978027,483,0,focus
roadNet-CA,128_32_32,hybrid_all,1,thread_amx_release,0.00333786010742,64,0,focus
roadNet-CA,128_32_32,hybrid_all,1,partial_state_load,0.232219696045,7681,0,focus
roadNet-CA,128_32_32,hybrid_all,2,thread_amx_setup,0.0677108764648,64,0,focus
roadNet-CA,128_32_32,hybrid_all,2,row_metadata,0.0827312469482,483,0,focus
roadNet-CA,128_32_32,hybrid_all,2,partial_init,0.0367164611816,483,0,focus
roadNet-CA,128_32_32,hybrid_all,2,csr_index,0.712156295776,21676,0,focus
roadNet-CA,128_32_32,hybrid_all,2,cache_membership,0.645875930786,21676,0,focus
roadNet-CA,128_32_32,hybrid_all,2,prefetch,0.685691833496,21676,0,focus
roadNet-CA,128_32_32,hybrid_all,2,BF16_H_load,0,0,0,focus
roadNet-CA,128_32_32,hybrid_all,2,BF16_decode,0,0,0,focus
roadNet-CA,128_32_32,hybrid_all,2,cold_FP32_reduce,0,0,0,focus
roadNet-CA,128_32_32,hybrid_all,2,FP32_Q_load,1.21164321899,21676,0,focus
roadNet-CA,128_32_32,hybrid_all,2,hot_FP32_reduce,0.573396682739,21676,0,focus
roadNet-CA,128_32_32,hybrid_all,2,partial_state_store,0.19907951355,7681,0,focus
roadNet-CA,128_32_32,hybrid_all,2,partial_hi_pack,0,0,0,focus
roadNet-CA,128_32_32,hybrid_all,2,partial_lo_pack,0,0,0,focus
roadNet-CA,128_32_32,hybrid_all,2,AMX_A_load,0.0202655792236,483,0,focus
roadNet-CA,128_32_32,hybrid_all,2,AMX_B_load,0.0157356262207,483,0,focus
roadNet-CA,128_32_32,hybrid_all,2,AMX_compute,0.182867050171,483,0,focus
roadNet-CA,128_32_32,hybrid_all,2,C_store,0.0228881835938,483,0,focus
roadNet-CA,128_32_32,hybrid_all,2,hot_cold_merge,0.215768814087,7713,0,focus
roadNet-CA,128_32_32,hybrid_all,2,output_scatter,0.224113464355,7713,0,focus
roadNet-CA,128_32_32,hybrid_all,2,cache_H_gather,0.0801086425781,483,0,focus
roadNet-CA,128_32_32,hybrid_all,2,cache_Q_store,0.0135898590088,483,0,focus
roadNet-CA,128_32_32,hybrid_all,2,thread_amx_release,0.00309944152832,64,0,focus
roadNet-CA,128_32_32,hybrid_all,2,partial_state_load,0.221014022827,7681,0,focus
roadNet-CA,128_32_32,project_all,1,thread_amx_setup,0.0603199005127,64,0,focus
roadNet-CA,128_32_32,project_all,1,row_metadata,0.0917911529541,483,0,focus
roadNet-CA,128_32_32,project_all,1,partial_init,0.0231266021729,483,0,focus
roadNet-CA,128_32_32,project_all,1,csr_index,0.715732574463,21676,0,focus
roadNet-CA,128_32_32,project_all,1,cache_membership,0,0,0,focus
roadNet-CA,128_32_32,project_all,1,prefetch,0.529050827026,21676,0,focus
roadNet-CA,128_32_32,project_all,1,BF16_H_load,0,0,0,focus
roadNet-CA,128_32_32,project_all,1,BF16_decode,0,0,0,focus
roadNet-CA,128_32_32,project_all,1,cold_FP32_reduce,0,0,0,focus
roadNet-CA,128_32_32,project_all,1,FP32_Q_load,1.23691558838,21676,0,focus
roadNet-CA,128_32_32,project_all,1,hot_FP32_reduce,0.611782073975,21676,0,focus
roadNet-CA,128_32_32,project_all,1,partial_state_store,0.19645690918,7681,0,focus
roadNet-CA,128_32_32,project_all,1,partial_hi_pack,0,0,0,focus
roadNet-CA,128_32_32,project_all,1,partial_lo_pack,0,0,0,focus
roadNet-CA,128_32_32,project_all,1,AMX_A_load,0.0636577606201,1932,0,focus
roadNet-CA,128_32_32,project_all,1,AMX_B_load,0.0486373901367,1932,0,focus
roadNet-CA,128_32_32,project_all,1,AMX_compute,0.21505355835,1932,0,focus
roadNet-CA,128_32_32,project_all,1,C_store,0.018835067749,483,0,focus
roadNet-CA,128_32_32,project_all,1,hot_cold_merge,0.202417373657,7713,0,focus
roadNet-CA,128_32_32,project_all,1,output_scatter,0.225782394409,7713,0,focus
roadNet-CA,128_32_32,project_all,1,cache_H_gather,0.186204910278,483,0,focus
roadNet-CA,128_32_32,project_all,1,cache_Q_store,0.0228881835938,483,0,focus
roadNet-CA,128_32_32,project_all,1,thread_amx_release,0,64,0,focus
roadNet-CA,128_32_32,project_all,1,partial_state_load,0.201463699341,7681,0,focus
roadNet-CA,128_32_32,project_all,2,thread_amx_setup,0.068187713623,64,0,focus
roadNet-CA,128_32_32,project_all,2,row_metadata,0.0917911529541,483,0,focus
roadNet-CA,128_32_32,project_all,2,partial_init,0.028133392334,483,0,focus
roadNet-CA,128_32_32,project_all,2,csr_index,0.694751739502,21676,0,focus
roadNet-CA,128_32_32,project_all,2,cache_membership,0,0,0,focus
roadNet-CA,128_32_32,project_all,2,prefetch,0.559091567993,21676,0,focus
roadNet-CA,128_32_32,project_all,2,BF16_H_load,0,0,0,focus
roadNet-CA,128_32_32,project_all,2,BF16_decode,0,0,0,focus
roadNet-CA,128_32_32,project_all,2,cold_FP32_reduce,0,0,0,focus
roadNet-CA,128_32_32,project_all,2,FP32_Q_load,1.25408172607,21676,0,focus
roadNet-CA,128_32_32,project_all,2,hot_FP32_reduce,0.525951385498,21676,0,focus
roadNet-CA,128_32_32,project_all,2,partial_state_store,0.202417373657,7681,0,focus
roadNet-CA,128_32_32,project_all,2,partial_hi_pack,0,0,0,focus
roadNet-CA,128_32_32,project_all,2,partial_lo_pack,0,0,0,focus
roadNet-CA,128_32_32,project_all,2,AMX_A_load,0.0185966491699,483,0,focus
roadNet-CA,128_32_32,project_all,2,AMX_B_load,0.011682510376,483,0,focus
roadNet-CA,128_32_32,project_all,2,AMX_compute,0.159978866577,483,0,focus
roadNet-CA,128_32_32,project_all,2,C_store,0.0245571136475,483,0,focus
roadNet-CA,128_32_32,project_all,2,hot_cold_merge,0.218868255615,7713,0,focus
roadNet-CA,128_32_32,project_all,2,output_scatter,0.216007232666,7713,0,focus
roadNet-CA,128_32_32,project_all,2,cache_H_gather,0.0617504119873,483,0,focus
roadNet-CA,128_32_32,project_all,2,cache_Q_store,0.0231266021729,483,0,focus
roadNet-CA,128_32_32,project_all,2,thread_amx_release,0.00333786010742,64,0,focus
roadNet-CA,128_32_32,project_all,2,partial_state_load,0.209093093872,7681,0,focus
roadNet-CA,128_32_32,project_used,1,thread_amx_setup,0.0848770141602,64,0,focus
roadNet-CA,128_32_32,project_used,1,row_metadata,0.0801086425781,483,0,focus
roadNet-CA,128_32_32,project_used,1,partial_init,0.0238418579102,483,0,focus
roadNet-CA,128_32_32,project_used,1,csr_index,0.694513320923,21676,0,focus
roadNet-CA,128_32_32,project_used,1,cache_membership,0.680446624756,21676,0,focus
roadNet-CA,128_32_32,project_used,1,prefetch,0.689506530762,21676,0,focus
roadNet-CA,128_32_32,project_used,1,BF16_H_load,0,0,0,focus
roadNet-CA,128_32_32,project_used,1,BF16_decode,0,0,0,focus
roadNet-CA,128_32_32,project_used,1,cold_FP32_reduce,0,0,0,focus
roadNet-CA,128_32_32,project_used,1,FP32_Q_load,1.28054618835,21676,0,focus
roadNet-CA,128_32_32,project_used,1,hot_FP32_reduce,0.576019287109,21676,0,focus
roadNet-CA,128_32_32,project_used,1,partial_state_store,0.23365020752,7681,0,focus
roadNet-CA,128_32_32,project_used,1,partial_hi_pack,0,0,0,focus
roadNet-CA,128_32_32,project_used,1,partial_lo_pack,0,0,0,focus
roadNet-CA,128_32_32,project_used,1,AMX_A_load,0.0588893890381,1924,0,focus
roadNet-CA,128_32_32,project_used,1,AMX_B_load,0.086784362793,1924,0,focus
roadNet-CA,128_32_32,project_used,1,AMX_compute,0.396490097046,1924,0,focus
roadNet-CA,128_32_32,project_used,1,C_store,0.0197887420654,481,0,focus
roadNet-CA,128_32_32,project_used,1,hot_cold_merge,0.214576721191,7713,0,focus
roadNet-CA,128_32_32,project_used,1,output_scatter,0.243663787842,7713,0,focus
roadNet-CA,128_32_32,project_used,1,cache_H_gather,0.305414199829,481,0,focus
roadNet-CA,128_32_32,project_used,1,cache_Q_store,0.0338554382324,481,0,focus
roadNet-CA,128_32_32,project_used,1,thread_amx_release,0.00500679016113,64,0,focus
roadNet-CA,128_32_32,project_used,1,partial_state_load,0.215530395508,7681,0,focus
roadNet-CA,128_32_32,project_used,2,thread_amx_setup,0.12993812561,64,0,focus
roadNet-CA,128_32_32,project_used,2,row_metadata,0.091552734375,483,0,focus
roadNet-CA,128_32_32,project_used,2,partial_init,0.0317096710205,483,0,focus
roadNet-CA,128_32_32,project_used,2,csr_index,0.753402709961,21676,0,focus
roadNet-CA,128_32_32,project_used,2,cache_membership,0.631332397461,21676,0,focus
roadNet-CA,128_32_32,project_used,2,prefetch,0.611543655396,21676,0,focus
roadNet-CA,128_32_32,project_used,2,BF16_H_load,0,0,0,focus
roadNet-CA,128_32_32,project_used,2,BF16_decode,0,0,0,focus
roadNet-CA,128_32_32,project_used,2,cold_FP32_reduce,0,0,0,focus
roadNet-CA,128_32_32,project_used,2,FP32_Q_load,1.28269195557,21676,0,focus
roadNet-CA,128_32_32,project_used,2,hot_FP32_reduce,0.574588775635,21676,0,focus
roadNet-CA,128_32_32,project_used,2,partial_state_store,0.196933746338,7681,0,focus
roadNet-CA,128_32_32,project_used,2,partial_hi_pack,0,0,0,focus
roadNet-CA,128_32_32,project_used,2,partial_lo_pack,0,0,0,focus
roadNet-CA,128_32_32,project_used,2,AMX_A_load,0.0133514404297,481,0,focus
roadNet-CA,128_32_32,project_used,2,AMX_B_load,0.011682510376,481,0,focus
roadNet-CA,128_32_32,project_used,2,AMX_compute,0.377416610718,481,0,focus
roadNet-CA,128_32_32,project_used,2,C_store,0.0250339508057,481,0,focus
roadNet-CA,128_32_32,project_used,2,hot_cold_merge,0.221967697144,7713,0,focus
roadNet-CA,128_32_32,project_used,2,output_scatter,0.186681747437,7713,0,focus
roadNet-CA,128_32_32,project_used,2,cache_H_gather,0.136137008667,481,0,focus
roadNet-CA,128_32_32,project_used,2,cache_Q_store,0.02121925354,481,0,focus
roadNet-CA,128_32_32,project_used,2,thread_amx_release,0.00286102294922,64,0,focus
roadNet-CA,128_32_32,project_used,2,partial_state_load,0.205278396606,7681,0,focus
roadNet-CA,128_32_32,project_used_L1_full_L2,1,thread_amx_setup,0.0715255737305,64,0,focus
roadNet-CA,128_32_32,project_used_L1_full_L2,1,row_metadata,0.0882148742676,483,0,focus
roadNet-CA,128_32_32,project_used_L1_full_L2,1,partial_init,0.0247955322266,483,0,focus
roadNet-CA,128_32_32,project_used_L1_full_L2,1,csr_index,0.658988952637,21676,0,focus
roadNet-CA,128_32_32,project_used_L1_full_L2,1,cache_membership,0.648975372314,21676,0,focus
roadNet-CA,128_32_32,project_used_L1_full_L2,1,prefetch,0.693559646606,21676,0,focus
roadNet-CA,128_32_32,project_used_L1_full_L2,1,BF16_H_load,0,0,0,focus
roadNet-CA,128_32_32,project_used_L1_full_L2,1,BF16_decode,0,0,0,focus
roadNet-CA,128_32_32,project_used_L1_full_L2,1,cold_FP32_reduce,0,0,0,focus
roadNet-CA,128_32_32,project_used_L1_full_L2,1,FP32_Q_load,1.28984451294,21676,0,focus
roadNet-CA,128_32_32,project_used_L1_full_L2,1,hot_FP32_reduce,0.567197799683,21676,0,focus
roadNet-CA,128_32_32,project_used_L1_full_L2,1,partial_state_store,0.207424163818,7681,0,focus
roadNet-CA,128_32_32,project_used_L1_full_L2,1,partial_hi_pack,0,0,0,focus
roadNet-CA,128_32_32,project_used_L1_full_L2,1,partial_lo_pack,0,0,0,focus
roadNet-CA,128_32_32,project_used_L1_full_L2,1,AMX_A_load,0.0617504119873,1924,0,focus
roadNet-CA,128_32_32,project_used_L1_full_L2,1,AMX_B_load,0.0569820404053,1924,0,focus
roadNet-CA,128_32_32,project_used_L1_full_L2,1,AMX_compute,0.393390655518,1924,0,focus
roadNet-CA,128_32_32,project_used_L1_full_L2,1,C_store,0.02121925354,481,0,focus
roadNet-CA,128_32_32,project_used_L1_full_L2,1,hot_cold_merge,0.213861465454,7713,0,focus
roadNet-CA,128_32_32,project_used_L1_full_L2,1,output_scatter,0.216484069824,7713,0,focus
roadNet-CA,128_32_32,project_used_L1_full_L2,1,cache_H_gather,0.360488891602,481,0,focus
roadNet-CA,128_32_32,project_used_L1_full_L2,1,cache_Q_store,0.0207424163818,481,0,focus
roadNet-CA,128_32_32,project_used_L1_full_L2,1,thread_amx_release,0.00214576721191,64,0,focus
roadNet-CA,128_32_32,project_used_L1_full_L2,1,partial_state_load,0.216484069824,7681,0,focus
roadNet-CA,128_32_32,project_used_L1_full_L2,2,thread_amx_setup,0.0276565551758,32,0,focus
roadNet-CA,128_32_32,project_used_L1_full_L2,2,row_metadata,0.0674724578857,483,0,focus
roadNet-CA,128_32_32,project_used_L1_full_L2,2,partial_init,0.0386238098145,483,0,focus
roadNet-CA,128_32_32,project_used_L1_full_L2,2,csr_index,0.760555267334,21676,0,focus
roadNet-CA,128_32_32,project_used_L1_full_L2,2,cache_membership,0,0,0,focus
roadNet-CA,128_32_32,project_used_L1_full_L2,2,prefetch,0.665187835693,21676,0,focus
roadNet-CA,128_32_32,project_used_L1_full_L2,2,BF16_H_load,1.00779533386,21676,0,focus
roadNet-CA,128_32_32,project_used_L1_full_L2,2,BF16_decode,0.670909881592,21676,0,focus
roadNet-CA,128_32_32,project_used_L1_full_L2,2,cold_FP32_reduce,0.640869140625,21676,0,focus
roadNet-CA,128_32_32,project_used_L1_full_L2,2,FP32_Q_load,0,0,0,focus
roadNet-CA,128_32_32,project_used_L1_full_L2,2,hot_FP32_reduce,0,0,0,focus
roadNet-CA,128_32_32,project_used_L1_full_L2,2,partial_state_store,0.232458114624,7681,0,focus
roadNet-CA,128_32_32,project_used_L1_full_L2,2,partial_hi_pack,0.438213348389,15392,0,focus
roadNet-CA,128_32_32,project_used_L1_full_L2,2,partial_lo_pack,0.4723072052,15392,0,focus
roadNet-CA,128_32_32,project_used_L1_full_L2,2,AMX_A_load,0.035285949707,962,0,focus
roadNet-CA,128_32_32,project_used_L1_full_L2,2,AMX_B_load,0.0228881835938,962,0,focus
roadNet-CA,128_32_32,project_used_L1_full_L2,2,AMX_compute,0.903606414795,962,0,focus
roadNet-CA,128_32_32,project_used_L1_full_L2,2,C_store,0.0259876251221,481,0,focus
roadNet-CA,128_32_32,project_used_L1_full_L2,2,hot_cold_merge,0,0,0,focus
roadNet-CA,128_32_32,project_used_L1_full_L2,2,output_scatter,0.220775604248,7713,0,focus
roadNet-CA,128_32_32,project_used_L1_full_L2,2,cache_H_gather,0,0,0,focus
roadNet-CA,128_32_32,project_used_L1_full_L2,2,cache_Q_store,0,0,0,focus
roadNet-CA,128_32_32,project_used_L1_full_L2,2,thread_amx_release,0,32,0,focus
roadNet-CA,128_32_32,project_used_L1_full_L2,2,partial_state_load,0.225782394409,7681,0,focus
roadNet-CA,128_128_128,fused_full_accurate,1,thread_amx_setup,0.0524520874023,32,0,focus
roadNet-CA,128_128_128,fused_full_accurate,1,row_metadata,0.102043151855,483,0,focus
roadNet-CA,128_128_128,fused_full_accurate,1,partial_init,0.177145004272,483,0,focus
roadNet-CA,128_128_128,fused_full_accurate,1,csr_index,0.852108001709,21676,0,focus
roadNet-CA,128_128_128,fused_full_accurate,1,cache_membership,0,0,0,focus
roadNet-CA,128_128_128,fused_full_accurate,1,prefetch,0.688314437866,21676,0,focus
roadNet-CA,128_128_128,fused_full_accurate,1,BF16_H_load,1.67417526245,21676,0,focus
roadNet-CA,128_128_128,fused_full_accurate,1,BF16_decode,0.810146331787,21676,0,focus
roadNet-CA,128_128_128,fused_full_accurate,1,cold_FP32_reduce,0.712633132935,21676,0,focus
roadNet-CA,128_128_128,fused_full_accurate,1,FP32_Q_load,0,0,0,focus
roadNet-CA,128_128_128,fused_full_accurate,1,hot_FP32_reduce,0,0,0,focus
roadNet-CA,128_128_128,fused_full_accurate,1,partial_state_store,0.255107879639,7681,0,focus
roadNet-CA,128_128_128,fused_full_accurate,1,partial_hi_pack,1.91283226013,61568,0,focus
roadNet-CA,128_128_128,fused_full_accurate,1,partial_lo_pack,1.94311141968,61568,0,focus
roadNet-CA,128_128_128,fused_full_accurate,1,AMX_A_load,0.283002853394,7696,0,focus
roadNet-CA,128_128_128,fused_full_accurate,1,AMX_B_load,0.837087631226,15392,0,focus
roadNet-CA,128_128_128,fused_full_accurate,1,AMX_compute,1.81150436401,15392,0,focus
roadNet-CA,128_128_128,fused_full_accurate,1,C_store,0.0591278076172,962,0,focus
roadNet-CA,128_128_128,fused_full_accurate,1,hot_cold_merge,0,0,0,focus
roadNet-CA,128_128_128,fused_full_accurate,1,output_scatter,0.488996505737,7713,0,focus
roadNet-CA,128_128_128,fused_full_accurate,1,cache_H_gather,0,0,0,focus
roadNet-CA,128_128_128,fused_full_accurate,1,cache_Q_store,0,0,0,focus
roadNet-CA,128_128_128,fused_full_accurate,1,thread_amx_release,0.000953674316406,32,0,focus
roadNet-CA,128_128_128,fused_full_accurate,1,partial_state_load,0.266313552856,7681,0,focus
roadNet-CA,128_128_128,fused_full_accurate,2,thread_amx_setup,0.0300407409668,32,0,focus
roadNet-CA,128_128_128,fused_full_accurate,2,row_metadata,0.112056732178,483,0,focus
roadNet-CA,128_128_128,fused_full_accurate,2,partial_init,0.146389007568,483,0,focus
roadNet-CA,128_128_128,fused_full_accurate,2,csr_index,1.01780891418,21676,0,focus
roadNet-CA,128_128_128,fused_full_accurate,2,cache_membership,0,0,0,focus
roadNet-CA,128_128_128,fused_full_accurate,2,prefetch,0.732660293579,21676,0,focus
roadNet-CA,128_128_128,fused_full_accurate,2,BF16_H_load,1.53279304504,21676,0,focus
roadNet-CA,128_128_128,fused_full_accurate,2,BF16_decode,0.801801681519,21676,0,focus
roadNet-CA,128_128_128,fused_full_accurate,2,cold_FP32_reduce,0.642061233521,21676,0,focus
roadNet-CA,128_128_128,fused_full_accurate,2,FP32_Q_load,0,0,0,focus
roadNet-CA,128_128_128,fused_full_accurate,2,hot_FP32_reduce,0,0,0,focus
roadNet-CA,128_128_128,fused_full_accurate,2,partial_state_store,0.240802764893,7681,0,focus
roadNet-CA,128_128_128,fused_full_accurate,2,partial_hi_pack,1.89614295959,61568,0,focus
roadNet-CA,128_128_128,fused_full_accurate,2,partial_lo_pack,1.86443328857,61568,0,focus
roadNet-CA,128_128_128,fused_full_accurate,2,AMX_A_load,0.235557556152,7696,0,focus
roadNet-CA,128_128_128,fused_full_accurate,2,AMX_B_load,0.686883926392,15392,0,focus
roadNet-CA,128_128_128,fused_full_accurate,2,AMX_compute,1.82342529297,15392,0,focus
roadNet-CA,128_128_128,fused_full_accurate,2,C_store,0.0646114349365,962,0,focus
roadNet-CA,128_128_128,fused_full_accurate,2,hot_cold_merge,0,0,0,focus
roadNet-CA,128_128_128,fused_full_accurate,2,output_scatter,0.327110290527,7713,0,focus
roadNet-CA,128_128_128,fused_full_accurate,2,cache_H_gather,0,0,0,focus
roadNet-CA,128_128_128,fused_full_accurate,2,cache_Q_store,0,0,0,focus
roadNet-CA,128_128_128,fused_full_accurate,2,thread_amx_release,0.00405311584473,32,0,focus
roadNet-CA,128_128_128,fused_full_accurate,2,partial_state_load,0.304222106934,7681,0,focus
roadNet-CA,128_128_128,hybrid_none,1,thread_amx_setup,0.175714492798,32,0,focus
roadNet-CA,128_128_128,hybrid_none,1,row_metadata,0.103712081909,483,0,focus
roadNet-CA,128_128_128,hybrid_none,1,partial_init,0.216722488403,483,0,focus
roadNet-CA,128_128_128,hybrid_none,1,csr_index,0.881433486938,21676,0,focus
roadNet-CA,128_128_128,hybrid_none,1,cache_membership,0.856399536133,21676,0,focus
roadNet-CA,128_128_128,hybrid_none,1,prefetch,0.895738601685,21676,0,focus
roadNet-CA,128_128_128,hybrid_none,1,BF16_H_load,1.68609619141,21676,0,focus
roadNet-CA,128_128_128,hybrid_none,1,BF16_decode,0.733852386475,21676,0,focus
roadNet-CA,128_128_128,hybrid_none,1,cold_FP32_reduce,0.812530517578,21676,0,focus
roadNet-CA,128_128_128,hybrid_none,1,FP32_Q_load,0,0,0,focus
roadNet-CA,128_128_128,hybrid_none,1,hot_FP32_reduce,0,0,0,focus
roadNet-CA,128_128_128,hybrid_none,1,partial_state_store,0.2760887146,7681,0,focus
roadNet-CA,128_128_128,hybrid_none,1,partial_hi_pack,1.93881988525,61568,0,focus
roadNet-CA,128_128_128,hybrid_none,1,partial_lo_pack,1.91783905029,61568,0,focus
roadNet-CA,128_128_128,hybrid_none,1,AMX_A_load,0.285148620605,7696,0,focus
roadNet-CA,128_128_128,hybrid_none,1,AMX_B_load,0.81992149353,15392,0,focus
roadNet-CA,128_128_128,hybrid_none,1,AMX_compute,1.78027153015,15392,0,focus
roadNet-CA,128_128_128,hybrid_none,1,C_store,0.053882598877,962,0,focus
roadNet-CA,128_128_128,hybrid_none,1,hot_cold_merge,1.00469589233,7713,0,focus
roadNet-CA,128_128_128,hybrid_none,1,output_scatter,0.377893447876,7713,0,focus
roadNet-CA,128_128_128,hybrid_none,1,cache_H_gather,0,0,0,focus
roadNet-CA,128_128_128,hybrid_none,1,cache_Q_store,0,0,0,focus
roadNet-CA,128_128_128,hybrid_none,1,thread_amx_release,0.00214576721191,32,0,focus
roadNet-CA,128_128_128,hybrid_none,1,partial_state_load,0.301837921143,7681,0,focus
roadNet-CA,128_128_128,hybrid_none,2,thread_amx_setup,0.0221729278564,32,0,focus
roadNet-CA,128_128_128,hybrid_none,2,row_metadata,0.114679336548,483,0,focus
roadNet-CA,128_128_128,hybrid_none,2,partial_init,0.183582305908,483,0,focus
roadNet-CA,128_128_128,hybrid_none,2,csr_index,0.79870223999,21676,0,focus
roadNet-CA,128_128_128,hybrid_none,2,cache_membership,0.735521316528,21676,0,focus
roadNet-CA,128_128_128,hybrid_none,2,prefetch,0.821113586426,21676,0,focus
roadNet-CA,128_128_128,hybrid_none,2,BF16_H_load,1.5013217926,21676,0,focus
roadNet-CA,128_128_128,hybrid_none,2,BF16_decode,0.686883926392,21676,0,focus
roadNet-CA,128_128_128,hybrid_none,2,cold_FP32_reduce,0.823974609375,21676,0,focus
roadNet-CA,128_128_128,hybrid_none,2,FP32_Q_load,0,0,0,focus
roadNet-CA,128_128_128,hybrid_none,2,hot_FP32_reduce,0,0,0,focus
roadNet-CA,128_128_128,hybrid_none,2,partial_state_store,0.255107879639,7681,0,focus
roadNet-CA,128_128_128,hybrid_none,2,partial_hi_pack,1.92475318909,61568,0,focus
roadNet-CA,128_128_128,hybrid_none,2,partial_lo_pack,1.91783905029,61568,0,focus
roadNet-CA,128_128_128,hybrid_none,2,AMX_A_load,0.271797180176,7696,0,focus
roadNet-CA,128_128_128,hybrid_none,2,AMX_B_load,0.682830810547,15392,0,focus
roadNet-CA,128_128_128,hybrid_none,2,AMX_compute,1.70373916626,15392,0,focus
roadNet-CA,128_128_128,hybrid_none,2,C_store,0.063419342041,962,0,focus
roadNet-CA,128_128_128,hybrid_none,2,hot_cold_merge,0.23627281189,7713,0,focus
roadNet-CA,128_128_128,hybrid_none,2,output_scatter,0.332355499268,7713,0,focus
roadNet-CA,128_128_128,hybrid_none,2,cache_H_gather,0,0,0,focus
roadNet-CA,128_128_128,hybrid_none,2,cache_Q_store,0,0,0,focus
roadNet-CA,128_128_128,hybrid_none,2,thread_amx_release,0.00309944152832,32,0,focus
roadNet-CA,128_128_128,hybrid_none,2,partial_state_load,0.273942947388,7681,0,focus
roadNet-CA,128_128_128,top_1_64,1,thread_amx_setup,0.0483989715576,64,0,focus
roadNet-CA,128_128_128,top_1_64,1,row_metadata,0.0889301300049,483,0,focus
roadNet-CA,128_128_128,top_1_64,1,partial_init,0.210762023926,483,0,focus
roadNet-CA,128_128_128,top_1_64,1,csr_index,0.791311264038,21676,0,focus
roadNet-CA,128_128_128,top_1_64,1,cache_membership,0.899314880371,21676,0,focus
roadNet-CA,128_128_128,top_1_64,1,prefetch,0.887393951416,21676,0,focus
roadNet-CA,128_128_128,top_1_64,1,BF16_H_load,1.51681900024,21112,0,focus
roadNet-CA,128_128_128,top_1_64,1,BF16_decode,0.684261322021,21112,0,focus
roadNet-CA,128_128_128,top_1_64,1,cold_FP32_reduce,0.831127166748,21112,0,focus
roadNet-CA,128_128_128,top_1_64,1,FP32_Q_load,0.0753402709961,564,0,focus
roadNet-CA,128_128_128,top_1_64,1,hot_FP32_reduce,0.0288486480713,564,0,focus
roadNet-CA,128_128_128,top_1_64,1,partial_state_store,0.244379043579,7681,0,focus
roadNet-CA,128_128_128,top_1_64,1,partial_hi_pack,1.877784729,61568,0,focus
roadNet-CA,128_128_128,top_1_64,1,partial_lo_pack,1.89733505249,61568,0,focus
roadNet-CA,128_128_128,top_1_64,1,AMX_A_load,0.268220901489,7768,0,focus
roadNet-CA,128_128_128,top_1_64,1,AMX_B_load,0.879764556885,15536,0,focus
roadNet-CA,128_128_128,top_1_64,1,AMX_compute,1.51252746582,15536,0,focus
roadNet-CA,128_128_128,top_1_64,1,C_store,0.0567436218262,980,0,focus
roadNet-CA,128_128_128,top_1_64,1,hot_cold_merge,0.840425491333,7713,0,focus
roadNet-CA,128_128_128,top_1_64,1,output_scatter,0.399589538574,7713,0,focus
roadNet-CA,128_128_128,top_1_64,1,cache_H_gather,0.00715255737305,9,0,focus
roadNet-CA,128_128_128,top_1_64,1,cache_Q_store,0.00309944152832,9,0,focus
roadNet-CA,128_128_128,top_1_64,1,thread_amx_release,0.00691413879395,64,0,focus
roadNet-CA,128_128_128,top_1_64,1,partial_state_load,0.300884246826,7681,0,focus
roadNet-CA,128_128_128,top_1_64,2,thread_amx_setup,0.028133392334,64,0,focus
roadNet-CA,128_128_128,top_1_64,2,row_metadata,0.117778778076,483,0,focus
roadNet-CA,128_128_128,top_1_64,2,partial_init,0.182867050171,483,0,focus
roadNet-CA,128_128_128,top_1_64,2,csr_index,0.78296661377,21676,0,focus
roadNet-CA,128_128_128,top_1_64,2,cache_membership,0.775575637817,21676,0,focus
roadNet-CA,128_128_128,top_1_64,2,prefetch,0.824928283691,21676,0,focus
roadNet-CA,128_128_128,top_1_64,2,BF16_H_load,1.51324272156,21112,0,focus
roadNet-CA,128_128_128,top_1_64,2,BF16_decode,0.69260597229,21112,0,focus
roadNet-CA,128_128_128,top_1_64,2,cold_FP32_reduce,0.775814056396,21112,0,focus
roadNet-CA,128_128_128,top_1_64,2,FP32_Q_load,0.0371932983398,564,0,focus
roadNet-CA,128_128_128,top_1_64,2,hot_FP32_reduce,0.0216960906982,564,0,focus
roadNet-CA,128_128_128,top_1_64,2,partial_state_store,0.267505645752,7681,0,focus
roadNet-CA,128_128_128,top_1_64,2,partial_hi_pack,1.83486938477,61568,0,focus
roadNet-CA,128_128_128,top_1_64,2,partial_lo_pack,1.81794166565,61568,0,focus
roadNet-CA,128_128_128,top_1_64,2,AMX_A_load,0.269412994385,7768,0,focus
roadNet-CA,128_128_128,top_1_64,2,AMX_B_load,0.713109970093,15536,0,focus
roadNet-CA,128_128_128,top_1_64,2,AMX_compute,1.5721321106,15536,0,focus
roadNet-CA,128_128_128,top_1_64,2,C_store,0.0479221343994,980,0,focus
roadNet-CA,128_128_128,top_1_64,2,hot_cold_merge,0.274419784546,7713,0,focus
roadNet-CA,128_128_128,top_1_64,2,output_scatter,0.293970108032,7713,0,focus
roadNet-CA,128_128_128,top_1_64,2,cache_H_gather,0.00572204589844,9,0,focus
roadNet-CA,128_128_128,top_1_64,2,cache_Q_store,0.00214576721191,9,0,focus
roadNet-CA,128_128_128,top_1_64,2,thread_amx_release,0.00190734863281,64,0,focus
roadNet-CA,128_128_128,top_1_64,2,partial_state_load,0.274181365967,7681,0,focus
roadNet-CA,128_128_128,top_1_16,1,thread_amx_setup,0.0696182250977,64,0,focus
roadNet-CA,128_128_128,top_1_16,1,row_metadata,0.10347366333,483,0,focus
roadNet-CA,128_128_128,top_1_16,1,partial_init,0.220060348511,483,0,focus
roadNet-CA,128_128_128,top_1_16,1,csr_index,0.806570053101,21676,0,focus
roadNet-CA,128_128_128,top_1_16,1,cache_membership,0.812768936157,21676,0,focus
roadNet-CA,128_128_128,top_1_16,1,prefetch,0.92601776123,21676,0,focus
roadNet-CA,128_128_128,top_1_16,1,BF16_H_load,1.37138366699,19705,0,focus
roadNet-CA,128_128_128,top_1_16,1,BF16_decode,0.567674636841,19705,0,focus
roadNet-CA,128_128_128,top_1_16,1,cold_FP32_reduce,0.816583633423,19705,0,focus
roadNet-CA,128_128_128,top_1_16,1,FP32_Q_load,0.157833099365,1971,0,focus
roadNet-CA,128_128_128,top_1_16,1,hot_FP32_reduce,0.0593662261963,1971,0,focus
roadNet-CA,128_128_128,top_1_16,1,partial_state_store,0.252485275269,7681,0,focus
roadNet-CA,128_128_128,top_1_16,1,partial_hi_pack,1.86324119568,61568,0,focus
roadNet-CA,128_128_128,top_1_16,1,partial_lo_pack,1.80530548096,61568,0,focus
roadNet-CA,128_128_128,top_1_16,1,AMX_A_load,0.320196151733,7952,0,focus
roadNet-CA,128_128_128,top_1_16,1,AMX_B_load,0.77748298645,15904,0,focus
roadNet-CA,128_128_128,top_1_16,1,AMX_compute,1.39403343201,15904,0,focus
roadNet-CA,128_128_128,top_1_16,1,C_store,0.0648498535156,1026,0,focus
roadNet-CA,128_128_128,top_1_16,1,hot_cold_merge,0.382423400879,7713,0,focus
roadNet-CA,128_128_128,top_1_16,1,output_scatter,0.354766845703,7713,0,focus
roadNet-CA,128_128_128,top_1_16,1,cache_H_gather,0.0267028808594,32,0,focus
roadNet-CA,128_128_128,top_1_16,1,cache_Q_store,0.0159740447998,32,0,focus
roadNet-CA,128_128_128,top_1_16,1,thread_amx_release,0.00810623168945,64,0,focus
roadNet-CA,128_128_128,top_1_16,1,partial_state_load,0.311613082886,7681,0,focus
roadNet-CA,128_128_128,top_1_16,2,thread_amx_setup,0.0567436218262,64,0,focus
roadNet-CA,128_128_128,top_1_16,2,row_metadata,0.105142593384,483,0,focus
roadNet-CA,128_128_128,top_1_16,2,partial_init,0.222444534302,483,0,focus
roadNet-CA,128_128_128,top_1_16,2,csr_index,0.802278518677,21676,0,focus
roadNet-CA,128_128_128,top_1_16,2,cache_membership,0.792026519775,21676,0,focus
roadNet-CA,128_128_128,top_1_16,2,prefetch,0.78558921814,21676,0,focus
roadNet-CA,128_128_128,top_1_16,2,BF16_H_load,1.3222694397,19705,0,focus
roadNet-CA,128_128_128,top_1_16,2,BF16_decode,0.605583190918,19705,0,focus
roadNet-CA,128_128_128,top_1_16,2,cold_FP32_reduce,0.777244567871,19705,0,focus
roadNet-CA,128_128_128,top_1_16,2,FP32_Q_load,0.157833099365,1971,0,focus
roadNet-CA,128_128_128,top_1_16,2,hot_FP32_reduce,0.0679492950439,1971,0,focus
roadNet-CA,128_128_128,top_1_16,2,partial_state_store,0.272989273071,7681,0,focus
roadNet-CA,128_128_128,top_1_16,2,partial_hi_pack,1.85894966125,61568,0,focus
roadNet-CA,128_128_128,top_1_16,2,partial_lo_pack,1.79195404053,61568,0,focus
roadNet-CA,128_128_128,top_1_16,2,AMX_A_load,0.266790390015,7952,0,focus
roadNet-CA,128_128_128,top_1_16,2,AMX_B_load,0.725030899048,15904,0,focus
roadNet-CA,128_128_128,top_1_16,2,AMX_compute,1.56927108765,15904,0,focus
roadNet-CA,128_128_128,top_1_16,2,C_store,0.0593662261963,1026,0,focus
roadNet-CA,128_128_128,top_1_16,2,hot_cold_merge,0.275850296021,7713,0,focus
roadNet-CA,128_128_128,top_1_16,2,output_scatter,0.301837921143,7713,0,focus
roadNet-CA,128_128_128,top_1_16,2,cache_H_gather,0.0245571136475,32,0,focus
roadNet-CA,128_128_128,top_1_16,2,cache_Q_store,0.0178813934326,32,0,focus
roadNet-CA,128_128_128,top_1_16,2,thread_amx_release,0.000953674316406,64,0,focus
roadNet-CA,128_128_128,top_1_16,2,partial_state_load,0.253438949585,7681,0,focus
roadNet-CA,128_128_128,top_1_4,1,thread_amx_setup,0.0927448272705,64,0,focus
roadNet-CA,128_128_128,top_1_4,1,row_metadata,0.117540359497,483,0,focus
roadNet-CA,128_128_128,top_1_4,1,partial_init,0.218868255615,483,0,focus
roadNet-CA,128_128_128,top_1_4,1,csr_index,0.842571258545,21676,0,focus
roadNet-CA,128_128_128,top_1_4,1,cache_membership,0.777959823608,21676,0,focus
roadNet-CA,128_128_128,top_1_4,1,prefetch,0.95534324646,21676,0,focus
roadNet-CA,128_128_128,top_1_4,1,BF16_H_load,0.993728637695,13926,0,focus
roadNet-CA,128_128_128,top_1_4,1,BF16_decode,0.431537628174,13926,0,focus
roadNet-CA,128_128_128,top_1_4,1,cold_FP32_reduce,0.525236129761,13926,0,focus
roadNet-CA,128_128_128,top_1_4,1,FP32_Q_load,0.598907470703,7750,0,focus
roadNet-CA,128_128_128,top_1_4,1,hot_FP32_reduce,0.261306762695,7750,0,focus
roadNet-CA,128_128_128,top_1_4,1,partial_state_store,0.258684158325,7681,0,focus
roadNet-CA,128_128_128,top_1_4,1,partial_hi_pack,1.8515586853,61568,0,focus
roadNet-CA,128_128_128,top_1_4,1,partial_lo_pack,1.83463096619,61568,0,focus
roadNet-CA,128_128_128,top_1_4,1,AMX_A_load,0.330924987793,8672,0,focus
roadNet-CA,128_128_128,top_1_4,1,AMX_B_load,0.768184661865,17344,0,focus
roadNet-CA,128_128_128,top_1_4,1,AMX_compute,1.4967918396,17344,0,focus
roadNet-CA,128_128_128,top_1_4,1,C_store,0.0631809234619,1206,0,focus
roadNet-CA,128_128_128,top_1_4,1,hot_cold_merge,0.286817550659,7713,0,focus
roadNet-CA,128_128_128,top_1_4,1,output_scatter,0.375032424927,7713,0,focus
roadNet-CA,128_128_128,top_1_4,1,cache_H_gather,0.0836849212646,122,0,focus
roadNet-CA,128_128_128,top_1_4,1,cache_Q_store,0.0693798065186,122,0,focus
roadNet-CA,128_128_128,top_1_4,1,thread_amx_release,0.00715255737305,64,0,focus
roadNet-CA,128_128_128,top_1_4,1,partial_state_load,0.284194946289,7681,0,focus
roadNet-CA,128_128_128,top_1_4,2,thread_amx_setup,0.0741481781006,64,0,focus
roadNet-CA,128_128_128,top_1_4,2,row_metadata,0.120401382446,483,0,focus
roadNet-CA,128_128_128,top_1_4,2,partial_init,0.173568725586,483,0,focus
roadNet-CA,128_128_128,top_1_4,2,csr_index,0.846385955811,21676,0,focus
roadNet-CA,128_128_128,top_1_4,2,cache_membership,0.756025314331,21676,0,focus
roadNet-CA,128_128_128,top_1_4,2,prefetch,0.876665115356,21676,0,focus
roadNet-CA,128_128_128,top_1_4,2,BF16_H_load,1.0404586792,13926,0,focus
roadNet-CA,128_128_128,top_1_4,2,BF16_decode,0.468969345093,13926,0,focus
roadNet-CA,128_128_128,top_1_4,2,cold_FP32_reduce,0.52809715271,13926,0,focus
roadNet-CA,128_128_128,top_1_4,2,FP32_Q_load,0.535726547241,7750,0,focus
roadNet-CA,128_128_128,top_1_4,2,hot_FP32_reduce,0.268936157227,7750,0,focus
roadNet-CA,128_128_128,top_1_4,2,partial_state_store,0.241279602051,7681,0,focus
roadNet-CA,128_128_128,top_1_4,2,partial_hi_pack,1.85751914978,61568,0,focus
roadNet-CA,128_128_128,top_1_4,2,partial_lo_pack,1.80292129517,61568,0,focus
roadNet-CA,128_128_128,top_1_4,2,AMX_A_load,0.299692153931,8672,0,focus
roadNet-CA,128_128_128,top_1_4,2,AMX_B_load,0.755310058594,17344,0,focus
roadNet-CA,128_128_128,top_1_4,2,AMX_compute,1.67536735535,17344,0,focus
roadNet-CA,128_128_128,top_1_4,2,C_store,0.0762939453125,1206,0,focus
roadNet-CA,128_128_128,top_1_4,2,hot_cold_merge,0.256776809692,7713,0,focus
roadNet-CA,128_128_128,top_1_4,2,output_scatter,0.322580337524,7713,0,focus
roadNet-CA,128_128_128,top_1_4,2,cache_H_gather,0.0829696655273,122,0,focus
roadNet-CA,128_128_128,top_1_4,2,cache_Q_store,0.0717639923096,122,0,focus
roadNet-CA,128_128_128,top_1_4,2,thread_amx_release,0.00500679016113,64,0,focus
roadNet-CA,128_128_128,top_1_4,2,partial_state_load,0.249862670898,7681,0,focus
roadNet-CA,128_128_128,hybrid_all,1,thread_amx_setup,0.0662803649902,64,0,focus
roadNet-CA,128_128_128,hybrid_all,1,row_metadata,0.0874996185303,483,0,focus
roadNet-CA,128_128_128,hybrid_all,1,partial_init,0.160932540894,483,0,focus
roadNet-CA,128_128_128,hybrid_all,1,csr_index,0.751972198486,21676,0,focus
roadNet-CA,128_128_128,hybrid_all,1,cache_membership,0.68998336792,21676,0,focus
roadNet-CA,128_128_128,hybrid_all,1,prefetch,0.826835632324,21676,0,focus
roadNet-CA,128_128_128,hybrid_all,1,BF16_H_load,0,0,0,focus
roadNet-CA,128_128_128,hybrid_all,1,BF16_decode,0,0,0,focus
roadNet-CA,128_128_128,hybrid_all,1,cold_FP32_reduce,0,0,0,focus
roadNet-CA,128_128_128,hybrid_all,1,FP32_Q_load,1.63865089417,21676,0,focus
roadNet-CA,128_128_128,hybrid_all,1,hot_FP32_reduce,0.657081604004,21676,0,focus
roadNet-CA,128_128_128,hybrid_all,1,partial_state_store,0.224113464355,7681,0,focus
roadNet-CA,128_128_128,hybrid_all,1,partial_hi_pack,0,0,0,focus
roadNet-CA,128_128_128,hybrid_all,1,partial_lo_pack,0,0,0,focus
roadNet-CA,128_128_128,hybrid_all,1,AMX_A_load,0.121593475342,3864,0,focus
roadNet-CA,128_128_128,hybrid_all,1,AMX_B_load,0.336170196533,7728,0,focus
roadNet-CA,128_128_128,hybrid_all,1,AMX_compute,0.416994094849,7728,0,focus
roadNet-CA,128_128_128,hybrid_all,1,C_store,0.0588893890381,966,0,focus
roadNet-CA,128_128_128,hybrid_all,1,hot_cold_merge,0.28395652771,7713,0,focus
roadNet-CA,128_128_128,hybrid_all,1,output_scatter,0.335931777954,7713,0,focus
roadNet-CA,128_128_128,hybrid_all,1,cache_H_gather,0.223636627197,483,0,focus
roadNet-CA,128_128_128,hybrid_all,1,cache_Q_store,0.279664993286,483,0,focus
roadNet-CA,128_128_128,hybrid_all,1,thread_amx_release,0.00500679016113,64,0,focus
roadNet-CA,128_128_128,hybrid_all,1,partial_state_load,0.251293182373,7681,0,focus
roadNet-CA,128_128_128,hybrid_all,2,thread_amx_setup,0.0731945037842,64,0,focus
roadNet-CA,128_128_128,hybrid_all,2,row_metadata,0.0779628753662,483,0,focus
roadNet-CA,128_128_128,hybrid_all,2,partial_init,0.120639801025,483,0,focus
roadNet-CA,128_128_128,hybrid_all,2,csr_index,0.736474990845,21676,0,focus
roadNet-CA,128_128_128,hybrid_all,2,cache_membership,0.700950622559,21676,0,focus
roadNet-CA,128_128_128,hybrid_all,2,prefetch,0.71907043457,21676,0,focus
roadNet-CA,128_128_128,hybrid_all,2,BF16_H_load,0,0,0,focus
roadNet-CA,128_128_128,hybrid_all,2,BF16_decode,0,0,0,focus
roadNet-CA,128_128_128,hybrid_all,2,cold_FP32_reduce,0,0,0,focus
roadNet-CA,128_128_128,hybrid_all,2,FP32_Q_load,1.68132781982,21676,0,focus
roadNet-CA,128_128_128,hybrid_all,2,hot_FP32_reduce,0.642061233521,21676,0,focus
roadNet-CA,128_128_128,hybrid_all,2,partial_state_store,0.214815139771,7681,0,focus
roadNet-CA,128_128_128,hybrid_all,2,partial_hi_pack,0,0,0,focus
roadNet-CA,128_128_128,hybrid_all,2,partial_lo_pack,0,0,0,focus
roadNet-CA,128_128_128,hybrid_all,2,AMX_A_load,0.118732452393,3864,0,focus
roadNet-CA,128_128_128,hybrid_all,2,AMX_B_load,0.340700149536,7728,0,focus
roadNet-CA,128_128_128,hybrid_all,2,AMX_compute,0.43797492981,7728,0,focus
roadNet-CA,128_128_128,hybrid_all,2,C_store,0.049352645874,966,0,focus
roadNet-CA,128_128_128,hybrid_all,2,hot_cold_merge,0.246286392212,7713,0,focus
roadNet-CA,128_128_128,hybrid_all,2,output_scatter,0.266075134277,7713,0,focus
roadNet-CA,128_128_128,hybrid_all,2,cache_H_gather,0.222206115723,483,0,focus
roadNet-CA,128_128_128,hybrid_all,2,cache_Q_store,0.283241271973,483,0,focus
roadNet-CA,128_128_128,hybrid_all,2,thread_amx_release,0.00524520874023,64,0,focus
roadNet-CA,128_128_128,hybrid_all,2,partial_state_load,0.229120254517,7681,0,focus
roadNet-CA,128_128_128,project_all,1,thread_amx_setup,5.131483078,64,0,focus
roadNet-CA,128_128_128,project_all,1,row_metadata,0.0851154327393,483,0,focus
roadNet-CA,128_128_128,project_all,1,partial_init,0.0894069671631,483,0,focus
roadNet-CA,128_128_128,project_all,1,csr_index,0.771999359131,21676,0,focus
roadNet-CA,128_128_128,project_all,1,cache_membership,0,0,0,focus
roadNet-CA,128_128_128,project_all,1,prefetch,0.684022903442,21676,0,focus
roadNet-CA,128_128_128,project_all,1,BF16_H_load,0,0,0,focus
roadNet-CA,128_128_128,project_all,1,BF16_decode,0,0,0,focus
roadNet-CA,128_128_128,project_all,1,cold_FP32_reduce,0,0,0,focus
roadNet-CA,128_128_128,project_all,1,FP32_Q_load,1.62982940674,21676,0,focus
roadNet-CA,128_128_128,project_all,1,hot_FP32_reduce,0.607013702393,21676,0,focus
roadNet-CA,128_128_128,project_all,1,partial_state_store,0.210046768188,7681,0,focus
roadNet-CA,128_128_128,project_all,1,partial_hi_pack,0,0,0,focus
roadNet-CA,128_128_128,project_all,1,partial_lo_pack,0,0,0,focus
roadNet-CA,128_128_128,project_all,1,AMX_A_load,0.133991241455,3864,0,focus
roadNet-CA,128_128_128,project_all,1,AMX_B_load,0.324249267578,7728,0,focus
roadNet-CA,128_128_128,project_all,1,AMX_compute,0.404357910156,7728,0,focus
roadNet-CA,128_128_128,project_all,1,C_store,0.056266784668,966,0,focus
roadNet-CA,128_128_128,project_all,1,hot_cold_merge,0.234842300415,7713,0,focus
roadNet-CA,128_128_128,project_all,1,output_scatter,0.349760055542,7713,0,focus
roadNet-CA,128_128_128,project_all,1,cache_H_gather,0.216484069824,483,0,focus
roadNet-CA,128_128_128,project_all,1,cache_Q_store,0.264644622803,483,0,focus
roadNet-CA,128_128_128,project_all,1,thread_amx_release,0.00214576721191,64,0,focus
roadNet-CA,128_128_128,project_all,1,partial_state_load,0.230550765991,7681,0,focus
roadNet-CA,128_128_128,project_all,2,thread_amx_setup,0.0600814819336,64,0,focus
roadNet-CA,128_128_128,project_all,2,row_metadata,0.0839233398438,483,0,focus
roadNet-CA,128_128_128,project_all,2,partial_init,0.0789165496826,483,0,focus
roadNet-CA,128_128_128,project_all,2,csr_index,0.718832015991,21676,0,focus
roadNet-CA,128_128_128,project_all,2,cache_membership,0,0,0,focus
roadNet-CA,128_128_128,project_all,2,prefetch,0.635862350464,21676,0,focus
roadNet-CA,128_128_128,project_all,2,BF16_H_load,0,0,0,focus
roadNet-CA,128_128_128,project_all,2,BF16_decode,0,0,0,focus
roadNet-CA,128_128_128,project_all,2,cold_FP32_reduce,0,0,0,focus
roadNet-CA,128_128_128,project_all,2,FP32_Q_load,1.59072875977,21676,0,focus
roadNet-CA,128_128_128,project_all,2,hot_FP32_reduce,0.60510635376,21676,0,focus
roadNet-CA,128_128_128,project_all,2,partial_state_store,0.234365463257,7681,0,focus
roadNet-CA,128_128_128,project_all,2,partial_hi_pack,0,0,0,focus
roadNet-CA,128_128_128,project_all,2,partial_lo_pack,0,0,0,focus
roadNet-CA,128_128_128,project_all,2,AMX_A_load,0.118017196655,3864,0,focus
roadNet-CA,128_128_128,project_all,2,AMX_B_load,0.343084335327,7728,0,focus
roadNet-CA,128_128_128,project_all,2,AMX_compute,0.427722930908,7728,0,focus
roadNet-CA,128_128_128,project_all,2,C_store,0.0512599945068,966,0,focus
roadNet-CA,128_128_128,project_all,2,hot_cold_merge,0.220060348511,7713,0,focus
roadNet-CA,128_128_128,project_all,2,output_scatter,0.268936157227,7713,0,focus
roadNet-CA,128_128_128,project_all,2,cache_H_gather,0.221252441406,483,0,focus
roadNet-CA,128_128_128,project_all,2,cache_Q_store,0.28133392334,483,0,focus
roadNet-CA,128_128_128,project_all,2,thread_amx_release,0.000953674316406,64,0,focus
roadNet-CA,128_128_128,project_all,2,partial_state_load,0.390768051147,7681,0,focus
roadNet-CA,128_128_128,project_used,1,thread_amx_setup,0.0782012939453,64,0,focus
roadNet-CA,128_128_128,project_used,1,row_metadata,0.0882148742676,483,0,focus
roadNet-CA,128_128_128,project_used,1,partial_init,0.0786781311035,483,0,focus
roadNet-CA,128_128_128,project_used,1,csr_index,0.745534896851,21676,0,focus
roadNet-CA,128_128_128,project_used,1,cache_membership,0.771999359131,21676,0,focus
roadNet-CA,128_128_128,project_used,1,prefetch,0.851631164551,21676,0,focus
roadNet-CA,128_128_128,project_used,1,BF16_H_load,0,0,0,focus
roadNet-CA,128_128_128,project_used,1,BF16_decode,0,0,0,focus
roadNet-CA,128_128_128,project_used,1,cold_FP32_reduce,0,0,0,focus
roadNet-CA,128_128_128,project_used,1,FP32_Q_load,1.65820121765,21676,0,focus
roadNet-CA,128_128_128,project_used,1,hot_FP32_reduce,0.519990921021,21676,0,focus
roadNet-CA,128_128_128,project_used,1,partial_state_store,0.228404998779,7681,0,focus
roadNet-CA,128_128_128,project_used,1,partial_hi_pack,0,0,0,focus
roadNet-CA,128_128_128,project_used,1,partial_lo_pack,0,0,0,focus
roadNet-CA,128_128_128,project_used,1,AMX_A_load,0.14328956604,3848,0,focus
roadNet-CA,128_128_128,project_used,1,AMX_B_load,0.31852722168,7696,0,focus
roadNet-CA,128_128_128,project_used,1,AMX_compute,0.608682632446,7696,0,focus
roadNet-CA,128_128_128,project_used,1,C_store,0.0560283660889,962,0,focus
roadNet-CA,128_128_128,project_used,1,hot_cold_merge,0.274181365967,7713,0,focus
roadNet-CA,128_128_128,project_used,1,output_scatter,0.332355499268,7713,0,focus
roadNet-CA,128_128_128,project_used,1,cache_H_gather,0.34499168396,481,0,focus
roadNet-CA,128_128_128,project_used,1,cache_Q_store,0.271797180176,481,0,focus
roadNet-CA,128_128_128,project_used,1,thread_amx_release,0.00762939453125,64,0,focus
roadNet-CA,128_128_128,project_used,1,partial_state_load,0.231027603149,7681,0,focus
roadNet-CA,128_128_128,project_used,2,thread_amx_setup,0.0712871551514,64,0,focus
roadNet-CA,128_128_128,project_used,2,row_metadata,0.0801086425781,483,0,focus
roadNet-CA,128_128_128,project_used,2,partial_init,0.0796318054199,483,0,focus
roadNet-CA,128_128_128,project_used,2,csr_index,0.792503356934,21676,0,focus
roadNet-CA,128_128_128,project_used,2,cache_membership,0.665426254272,21676,0,focus
roadNet-CA,128_128_128,project_used,2,prefetch,0.759363174438,21676,0,focus
roadNet-CA,128_128_128,project_used,2,BF16_H_load,0,0,0,focus
roadNet-CA,128_128_128,project_used,2,BF16_decode,0,0,0,focus
roadNet-CA,128_128_128,project_used,2,cold_FP32_reduce,0,0,0,focus
roadNet-CA,128_128_128,project_used,2,FP32_Q_load,1.62172317505,21676,0,focus
roadNet-CA,128_128_128,project_used,2,hot_FP32_reduce,0.530481338501,21676,0,focus
roadNet-CA,128_128_128,project_used,2,partial_state_store,0.217199325562,7681,0,focus
roadNet-CA,128_128_128,project_used,2,partial_hi_pack,0,0,0,focus
roadNet-CA,128_128_128,project_used,2,partial_lo_pack,0,0,0,focus
roadNet-CA,128_128_128,project_used,2,AMX_A_load,0.11682510376,3848,0,focus
roadNet-CA,128_128_128,project_used,2,AMX_B_load,0.326633453369,7696,0,focus
roadNet-CA,128_128_128,project_used,2,AMX_compute,0.672340393066,7696,0,focus
roadNet-CA,128_128_128,project_used,2,C_store,0.0662803649902,962,0,focus
roadNet-CA,128_128_128,project_used,2,hot_cold_merge,0.218629837036,7713,0,focus
roadNet-CA,128_128_128,project_used,2,output_scatter,0.281095504761,7713,0,focus
roadNet-CA,128_128_128,project_used,2,cache_H_gather,0.344038009644,481,0,focus
roadNet-CA,128_128_128,project_used,2,cache_Q_store,0.283002853394,481,0,focus
roadNet-CA,128_128_128,project_used,2,thread_amx_release,0.00214576721191,64,0,focus
roadNet-CA,128_128_128,project_used,2,partial_state_load,0.269889831543,7681,0,focus
roadNet-CA,128_128_128,project_used_L1_full_L2,1,thread_amx_setup,0.0901222229004,64,0,focus
roadNet-CA,128_128_128,project_used_L1_full_L2,1,row_metadata,0.101566314697,483,0,focus
roadNet-CA,128_128_128,project_used_L1_full_L2,1,partial_init,0.0932216644287,483,0,focus
roadNet-CA,128_128_128,project_used_L1_full_L2,1,csr_index,0.748157501221,21676,0,focus
roadNet-CA,128_128_128,project_used_L1_full_L2,1,cache_membership,0.730037689209,21676,0,focus
roadNet-CA,128_128_128,project_used_L1_full_L2,1,prefetch,0.885009765625,21676,0,focus
roadNet-CA,128_128_128,project_used_L1_full_L2,1,BF16_H_load,0,0,0,focus
roadNet-CA,128_128_128,project_used_L1_full_L2,1,BF16_decode,0,0,0,focus
roadNet-CA,128_128_128,project_used_L1_full_L2,1,cold_FP32_reduce,0,0,0,focus
roadNet-CA,128_128_128,project_used_L1_full_L2,1,FP32_Q_load,1.6610622406,21676,0,focus
roadNet-CA,128_128_128,project_used_L1_full_L2,1,hot_FP32_reduce,0.610113143921,21676,0,focus
roadNet-CA,128_128_128,project_used_L1_full_L2,1,partial_state_store,0.226974487305,7681,0,focus
roadNet-CA,128_128_128,project_used_L1_full_L2,1,partial_hi_pack,0,0,0,focus
roadNet-CA,128_128_128,project_used_L1_full_L2,1,partial_lo_pack,0,0,0,focus
roadNet-CA,128_128_128,project_used_L1_full_L2,1,AMX_A_load,0.131130218506,3848,0,focus
roadNet-CA,128_128_128,project_used_L1_full_L2,1,AMX_B_load,0.356912612915,7696,0,focus
roadNet-CA,128_128_128,project_used_L1_full_L2,1,AMX_compute,0.6103515625,7696,0,focus
roadNet-CA,128_128_128,project_used_L1_full_L2,1,C_store,0.0636577606201,962,0,focus
roadNet-CA,128_128_128,project_used_L1_full_L2,1,hot_cold_merge,0.254154205322,7713,0,focus
roadNet-CA,128_128_128,project_used_L1_full_L2,1,output_scatter,0.360727310181,7713,0,focus
roadNet-CA,128_128_128,project_used_L1_full_L2,1,cache_H_gather,0.346422195435,481,0,focus
roadNet-CA,128_128_128,project_used_L1_full_L2,1,cache_Q_store,0.267505645752,481,0,focus
roadNet-CA,128_128_128,project_used_L1_full_L2,1,thread_amx_release,0.00619888305664,64,0,focus
roadNet-CA,128_128_128,project_used_L1_full_L2,1,partial_state_load,0.216484069824,7681,0,focus
roadNet-CA,128_128_128,project_used_L1_full_L2,2,thread_amx_setup,0.0240802764893,32,0,focus
roadNet-CA,128_128_128,project_used_L1_full_L2,2,row_metadata,0.127553939819,483,0,focus
roadNet-CA,128_128_128,project_used_L1_full_L2,2,partial_init,0.145435333252,483,0,focus
roadNet-CA,128_128_128,project_used_L1_full_L2,2,csr_index,0.898599624634,21676,0,focus
roadNet-CA,128_128_128,project_used_L1_full_L2,2,cache_membership,0,0,0,focus
roadNet-CA,128_128_128,project_used_L1_full_L2,2,prefetch,0.74577331543,21676,0,focus
roadNet-CA,128_128_128,project_used_L1_full_L2,2,BF16_H_load,1.51085853577,21676,0,focus
roadNet-CA,128_128_128,project_used_L1_full_L2,2,BF16_decode,0.758409500122,21676,0,focus
roadNet-CA,128_128_128,project_used_L1_full_L2,2,cold_FP32_reduce,0.669479370117,21676,0,focus
roadNet-CA,128_128_128,project_used_L1_full_L2,2,FP32_Q_load,0,0,0,focus
roadNet-CA,128_128_128,project_used_L1_full_L2,2,hot_FP32_reduce,0,0,0,focus
roadNet-CA,128_128_128,project_used_L1_full_L2,2,partial_state_store,0.252723693848,7681,0,focus
roadNet-CA,128_128_128,project_used_L1_full_L2,2,partial_hi_pack,1.91140174866,61568,0,focus
roadNet-CA,128_128_128,project_used_L1_full_L2,2,partial_lo_pack,1.86705589294,61568,0,focus
roadNet-CA,128_128_128,project_used_L1_full_L2,2,AMX_A_load,0.26535987854,7696,0,focus
roadNet-CA,128_128_128,project_used_L1_full_L2,2,AMX_B_load,0.658988952637,15392,0,focus
roadNet-CA,128_128_128,project_used_L1_full_L2,2,AMX_compute,1.87039375305,15392,0,focus
roadNet-CA,128_128_128,project_used_L1_full_L2,2,C_store,0.0565052032471,962,0,focus
roadNet-CA,128_128_128,project_used_L1_full_L2,2,hot_cold_merge,0,0,0,focus
roadNet-CA,128_128_128,project_used_L1_full_L2,2,output_scatter,0.321626663208,7713,0,focus
roadNet-CA,128_128_128,project_used_L1_full_L2,2,cache_H_gather,0,0,0,focus
roadNet-CA,128_128_128,project_used_L1_full_L2,2,cache_Q_store,0,0,0,focus
roadNet-CA,128_128_128,project_used_L1_full_L2,2,thread_amx_release,0.00190734863281,32,0,focus
roadNet-CA,128_128_128,project_used_L1_full_L2,2,partial_state_load,0.240564346313,7681,0,focus
wiki-Talk,128_32_32,fused_full_accurate,1,thread_amx_setup,0.0219345092773,32,0,focus
wiki-Talk,128_32_32,fused_full_accurate,1,row_metadata,0.0529289245605,586,0,focus
wiki-Talk,128_32_32,fused_full_accurate,1,partial_init,0.0729560852051,586,0,focus
wiki-Talk,128_32_32,fused_full_accurate,1,csr_index,2.88128852844,110027,0,focus
wiki-Talk,128_32_32,fused_full_accurate,1,cache_membership,0,0,0,focus
wiki-Talk,128_32_32,fused_full_accurate,1,prefetch,2.87413597107,110027,0,focus
wiki-Talk,128_32_32,fused_full_accurate,1,BF16_H_load,3.56578826904,110027,0,focus
wiki-Talk,128_32_32,fused_full_accurate,1,BF16_decode,3.20959091187,110027,0,focus
wiki-Talk,128_32_32,fused_full_accurate,1,cold_FP32_reduce,2.769947052,110027,0,focus
wiki-Talk,128_32_32,fused_full_accurate,1,FP32_Q_load,0,0,0,focus
wiki-Talk,128_32_32,fused_full_accurate,1,hot_FP32_reduce,0,0,0,focus
wiki-Talk,128_32_32,fused_full_accurate,1,partial_state_store,0.0565052032471,2251,0,focus
wiki-Talk,128_32_32,fused_full_accurate,1,partial_hi_pack,0.12993812561,4736,0,focus
wiki-Talk,128_32_32,fused_full_accurate,1,partial_lo_pack,0.134229660034,4736,0,focus
wiki-Talk,128_32_32,fused_full_accurate,1,AMX_A_load,0.00786781311035,296,0,focus
wiki-Talk,128_32_32,fused_full_accurate,1,AMX_B_load,0.030517578125,296,0,focus
wiki-Talk,128_32_32,fused_full_accurate,1,AMX_compute,0.0815391540527,296,0,focus
wiki-Talk,128_32_32,fused_full_accurate,1,C_store,0.00238418579102,37,0,focus
wiki-Talk,128_32_32,fused_full_accurate,1,hot_cold_merge,0,0,0,focus
wiki-Talk,128_32_32,fused_full_accurate,1,output_scatter,0.36096572876,9361,0,focus
wiki-Talk,128_32_32,fused_full_accurate,1,cache_H_gather,0,0,0,focus
wiki-Talk,128_32_32,fused_full_accurate,1,cache_Q_store,0,0,0,focus
wiki-Talk,128_32_32,fused_full_accurate,1,thread_amx_release,0.00596046447754,32,0,focus
wiki-Talk,128_32_32,fused_full_accurate,1,partial_state_load,0.0734329223633,2251,0,focus
wiki-Talk,128_32_32,fused_full_accurate,2,thread_amx_setup,0.0197887420654,32,0,focus
wiki-Talk,128_32_32,fused_full_accurate,2,row_metadata,0.0472068786621,586,0,focus
wiki-Talk,128_32_32,fused_full_accurate,2,partial_init,0.0262260437012,586,0,focus
wiki-Talk,128_32_32,fused_full_accurate,2,csr_index,2.89273262024,110027,0,focus
wiki-Talk,128_32_32,fused_full_accurate,2,cache_membership,0,0,0,focus
wiki-Talk,128_32_32,fused_full_accurate,2,prefetch,2.98595428467,110027,0,focus
wiki-Talk,128_32_32,fused_full_accurate,2,BF16_H_load,3.18336486816,110027,0,focus
wiki-Talk,128_32_32,fused_full_accurate,2,BF16_decode,3.08728218079,110027,0,focus
wiki-Talk,128_32_32,fused_full_accurate,2,cold_FP32_reduce,2.87008285522,110027,0,focus
wiki-Talk,128_32_32,fused_full_accurate,2,FP32_Q_load,0,0,0,focus
wiki-Talk,128_32_32,fused_full_accurate,2,hot_FP32_reduce,0,0,0,focus
wiki-Talk,128_32_32,fused_full_accurate,2,partial_state_store,0.0677108764648,2251,0,focus
wiki-Talk,128_32_32,fused_full_accurate,2,partial_hi_pack,0.0317096710205,1184,0,focus
wiki-Talk,128_32_32,fused_full_accurate,2,partial_lo_pack,0.0324249267578,1184,0,focus
wiki-Talk,128_32_32,fused_full_accurate,2,AMX_A_load,0.00619888305664,74,0,focus
wiki-Talk,128_32_32,fused_full_accurate,2,AMX_B_load,0.00524520874023,74,0,focus
wiki-Talk,128_32_32,fused_full_accurate,2,AMX_compute,0.0653266906738,74,0,focus
wiki-Talk,128_32_32,fused_full_accurate,2,C_store,0.00643730163574,37,0,focus
wiki-Talk,128_32_32,fused_full_accurate,2,hot_cold_merge,0,0,0,focus
wiki-Talk,128_32_32,fused_full_accurate,2,output_scatter,0.264167785645,9361,0,focus
wiki-Talk,128_32_32,fused_full_accurate,2,cache_H_gather,0,0,0,focus
wiki-Talk,128_32_32,fused_full_accurate,2,cache_Q_store,0,0,0,focus
wiki-Talk,128_32_32,fused_full_accurate,2,thread_amx_release,0.00286102294922,32,0,focus
wiki-Talk,128_32_32,fused_full_accurate,2,partial_state_load,0.0672340393066,2251,0,focus
wiki-Talk,128_32_32,hybrid_none,1,thread_amx_setup,0.0245571136475,32,0,focus
wiki-Talk,128_32_32,hybrid_none,1,row_metadata,0.0574588775635,586,0,focus
wiki-Talk,128_32_32,hybrid_none,1,partial_init,0.128269195557,586,0,focus
wiki-Talk,128_32_32,hybrid_none,1,csr_index,2.87389755249,110027,0,focus
wiki-Talk,128_32_32,hybrid_none,1,cache_membership,2.83908843994,110027,0,focus
wiki-Talk,128_32_32,hybrid_none,1,prefetch,3.54313850403,110027,0,focus
wiki-Talk,128_32_32,hybrid_none,1,BF16_H_load,3.41701507568,110027,0,focus
wiki-Talk,128_32_32,hybrid_none,1,BF16_decode,2.80666351318,110027,0,focus
wiki-Talk,128_32_32,hybrid_none,1,cold_FP32_reduce,3.49020957947,110027,0,focus
wiki-Talk,128_32_32,hybrid_none,1,FP32_Q_load,0,0,0,focus
wiki-Talk,128_32_32,hybrid_none,1,hot_FP32_reduce,0,0,0,focus
wiki-Talk,128_32_32,hybrid_none,1,partial_state_store,0.0545978546143,2251,0,focus
wiki-Talk,128_32_32,hybrid_none,1,partial_hi_pack,0.144004821777,4736,0,focus
wiki-Talk,128_32_32,hybrid_none,1,partial_lo_pack,0.138521194458,4736,0,focus
wiki-Talk,128_32_32,hybrid_none,1,AMX_A_load,0.0123977661133,296,0,focus
wiki-Talk,128_32_32,hybrid_none,1,AMX_B_load,0.0429153442383,296,0,focus
wiki-Talk,128_32_32,hybrid_none,1,AMX_compute,0.0817775726318,296,0,focus
wiki-Talk,128_32_32,hybrid_none,1,C_store,0.00286102294922,37,0,focus
wiki-Talk,128_32_32,hybrid_none,1,hot_cold_merge,0.319719314575,9361,0,focus
wiki-Talk,128_32_32,hybrid_none,1,output_scatter,1.62577629089,9361,0,focus
wiki-Talk,128_32_32,hybrid_none,1,cache_H_gather,0,0,0,focus
wiki-Talk,128_32_32,hybrid_none,1,cache_Q_store,0,0,0,focus
wiki-Talk,128_32_32,hybrid_none,1,thread_amx_release,0.00286102294922,32,0,focus
wiki-Talk,128_32_32,hybrid_none,1,partial_state_load,0.0684261322021,2251,0,focus
wiki-Talk,128_32_32,hybrid_none,2,thread_amx_setup,0.0231266021729,32,0,focus
wiki-Talk,128_32_32,hybrid_none,2,row_metadata,0.0591278076172,586,0,focus
wiki-Talk,128_32_32,hybrid_none,2,partial_init,0.0360012054443,586,0,focus
wiki-Talk,128_32_32,hybrid_none,2,csr_index,2.81429290771,110027,0,focus
wiki-Talk,128_32_32,hybrid_none,2,cache_membership,2.86388397217,110027,0,focus
wiki-Talk,128_32_32,hybrid_none,2,prefetch,3.23557853699,110027,0,focus
wiki-Talk,128_32_32,hybrid_none,2,BF16_H_load,2.97260284424,110027,0,focus
wiki-Talk,128_32_32,hybrid_none,2,BF16_decode,2.89726257324,110027,0,focus
wiki-Talk,128_32_32,hybrid_none,2,cold_FP32_reduce,3.01957130432,110027,0,focus
wiki-Talk,128_32_32,hybrid_none,2,FP32_Q_load,0,0,0,focus
wiki-Talk,128_32_32,hybrid_none,2,hot_FP32_reduce,0,0,0,focus
wiki-Talk,128_32_32,hybrid_none,2,partial_state_store,0.0665187835693,2251,0,focus
wiki-Talk,128_32_32,hybrid_none,2,partial_hi_pack,0.030517578125,1184,0,focus
wiki-Talk,128_32_32,hybrid_none,2,partial_lo_pack,0.0486373901367,1184,0,focus
wiki-Talk,128_32_32,hybrid_none,2,AMX_A_load,0.00190734863281,74,0,focus
wiki-Talk,128_32_32,hybrid_none,2,AMX_B_load,0.00309944152832,74,0,focus
wiki-Talk,128_32_32,hybrid_none,2,AMX_compute,0.0686645507812,74,0,focus
wiki-Talk,128_32_32,hybrid_none,2,C_store,0.000953674316406,37,0,focus
wiki-Talk,128_32_32,hybrid_none,2,hot_cold_merge,0.251293182373,9361,0,focus
wiki-Talk,128_32_32,hybrid_none,2,output_scatter,0.263452529907,9361,0,focus
wiki-Talk,128_32_32,hybrid_none,2,cache_H_gather,0,0,0,focus
wiki-Talk,128_32_32,hybrid_none,2,cache_Q_store,0,0,0,focus
wiki-Talk,128_32_32,hybrid_none,2,thread_amx_release,0.00500679016113,32,0,focus
wiki-Talk,128_32_32,hybrid_none,2,partial_state_load,0.0605583190918,2251,0,focus
wiki-Talk,128_32_32,top_1_64,1,thread_amx_setup,0.0448226928711,64,0,focus
wiki-Talk,128_32_32,top_1_64,1,row_metadata,0.0624656677246,586,0,focus
wiki-Talk,128_32_32,top_1_64,1,partial_init,0.122547149658,586,0,focus
wiki-Talk,128_32_32,top_1_64,1,csr_index,2.85768508911,110027,0,focus
wiki-Talk,128_32_32,top_1_64,1,cache_membership,2.92587280273,110027,0,focus
wiki-Talk,128_32_32,top_1_64,1,prefetch,3.50880622864,110027,0,focus
wiki-Talk,128_32_32,top_1_64,1,BF16_H_load,2.96974182129,99384,0,focus
wiki-Talk,128_32_32,top_1_64,1,BF16_decode,2.62856483459,99384,0,focus
wiki-Talk,128_32_32,top_1_64,1,cold_FP32_reduce,3.15570831299,99384,0,focus
wiki-Talk,128_32_32,top_1_64,1,FP32_Q_load,0.29730796814,10643,0,focus
wiki-Talk,128_32_32,top_1_64,1,hot_FP32_reduce,0.292539596558,10643,0,focus
wiki-Talk,128_32_32,top_1_64,1,partial_state_store,0.0650882720947,2251,0,focus
wiki-Talk,128_32_32,top_1_64,1,partial_hi_pack,0.123739242554,4608,0,focus
wiki-Talk,128_32_32,top_1_64,1,partial_lo_pack,0.143527984619,4608,0,focus
wiki-Talk,128_32_32,top_1_64,1,AMX_A_load,0.018835067749,332,0,focus
wiki-Talk,128_32_32,top_1_64,1,AMX_B_load,0.0448226928711,332,0,focus
wiki-Talk,128_32_32,top_1_64,1,AMX_compute,0.123977661133,332,0,focus
wiki-Talk,128_32_32,top_1_64,1,C_store,0.00524520874023,47,0,focus
wiki-Talk,128_32_32,top_1_64,1,hot_cold_merge,0.303745269775,9361,0,focus
wiki-Talk,128_32_32,top_1_64,1,output_scatter,1.53779983521,9361,0,focus
wiki-Talk,128_32_32,top_1_64,1,cache_H_gather,0.00810623168945,11,0,focus
wiki-Talk,128_32_32,top_1_64,1,cache_Q_store,0.000953674316406,11,0,focus
wiki-Talk,128_32_32,top_1_64,1,thread_amx_release,0.00119209289551,64,0,focus
wiki-Talk,128_32_32,top_1_64,1,partial_state_load,0.0793933868408,2251,0,focus
wiki-Talk,128_32_32,top_1_64,2,thread_amx_setup,0.0407695770264,64,0,focus
wiki-Talk,128_32_32,top_1_64,2,row_metadata,0.0557899475098,586,0,focus
wiki-Talk,128_32_32,top_1_64,2,partial_init,0.0302791595459,586,0,focus
wiki-Talk,128_32_32,top_1_64,2,csr_index,2.87437438965,110027,0,focus
wiki-Talk,128_32_32,top_1_64,2,cache_membership,2.83217430115,110027,0,focus
wiki-Talk,128_32_32,top_1_64,2,prefetch,3.7829875946,110027,0,focus
wiki-Talk,128_32_32,top_1_64,2,BF16_H_load,2.67481803894,99384,0,focus
wiki-Talk,128_32_32,top_1_64,2,BF16_decode,2.54511833191,99384,0,focus
wiki-Talk,128_32_32,top_1_64,2,cold_FP32_reduce,2.61497497559,99384,0,focus
wiki-Talk,128_32_32,top_1_64,2,FP32_Q_load,0.282764434814,10643,0,focus
wiki-Talk,128_32_32,top_1_64,2,hot_FP32_reduce,0.304698944092,10643,0,focus
wiki-Talk,128_32_32,top_1_64,2,partial_state_store,0.0810623168945,2251,0,focus
wiki-Talk,128_32_32,top_1_64,2,partial_hi_pack,0.0426769256592,1152,0,focus
wiki-Talk,128_32_32,top_1_64,2,partial_lo_pack,0.0400543212891,1152,0,focus
wiki-Talk,128_32_32,top_1_64,2,AMX_A_load,0.00452995300293,83,0,focus
wiki-Talk,128_32_32,top_1_64,2,AMX_B_load,0.000953674316406,83,0,focus
wiki-Talk,128_32_32,top_1_64,2,AMX_compute,0.119209289551,83,0,focus
wiki-Talk,128_32_32,top_1_64,2,C_store,0.00119209289551,47,0,focus
wiki-Talk,128_32_32,top_1_64,2,hot_cold_merge,0.262022018433,9361,0,focus
wiki-Talk,128_32_32,top_1_64,2,output_scatter,0.278949737549,9361,0,focus
wiki-Talk,128_32_32,top_1_64,2,cache_H_gather,0.00190734863281,11,0,focus
wiki-Talk,128_32_32,top_1_64,2,cache_Q_store,0.00214576721191,11,0,focus
wiki-Talk,128_32_32,top_1_64,2,thread_amx_release,0.00500679016113,64,0,focus
wiki-Talk,128_32_32,top_1_64,2,partial_state_load,0.053882598877,2251,0,focus
wiki-Talk,128_32_32,top_1_16,1,thread_amx_setup,0.0572204589844,64,0,focus
wiki-Talk,128_32_32,top_1_16,1,row_metadata,0.0541210174561,586,0,focus
wiki-Talk,128_32_32,top_1_16,1,partial_init,0.137567520142,586,0,focus
wiki-Talk,128_32_32,top_1_16,1,csr_index,2.90322303772,110027,0,focus
wiki-Talk,128_32_32,top_1_16,1,cache_membership,2.79188156128,110027,0,focus
wiki-Talk,128_32_32,top_1_16,1,prefetch,3.77702713013,110027,0,focus
wiki-Talk,128_32_32,top_1_16,1,BF16_H_load,2.59041786194,87193,0,focus
wiki-Talk,128_32_32,top_1_16,1,BF16_decode,2.2611618042,87193,0,focus
wiki-Talk,128_32_32,top_1_16,1,cold_FP32_reduce,2.71224975586,87193,0,focus
wiki-Talk,128_32_32,top_1_16,1,FP32_Q_load,0.642776489258,22834,0,focus
wiki-Talk,128_32_32,top_1_16,1,hot_FP32_reduce,0.627756118774,22834,0,focus
wiki-Talk,128_32_32,top_1_16,1,partial_state_store,0.053882598877,2251,0,focus
wiki-Talk,128_32_32,top_1_16,1,partial_hi_pack,0.11134147644,4224,0,focus
wiki-Talk,128_32_32,top_1_16,1,partial_lo_pack,0.133514404297,4224,0,focus
wiki-Talk,128_32_32,top_1_16,1,AMX_A_load,0.0185966491699,416,0,focus
wiki-Talk,128_32_32,top_1_16,1,AMX_B_load,0.0314712524414,416,0,focus
wiki-Talk,128_32_32,top_1_16,1,AMX_compute,0.110387802124,416,0,focus
wiki-Talk,128_32_32,top_1_16,1,C_store,0.00309944152832,71,0,focus
wiki-Talk,128_32_32,top_1_16,1,hot_cold_merge,0.267744064331,9361,0,focus
wiki-Talk,128_32_32,top_1_16,1,output_scatter,1.51062011719,9361,0,focus
wiki-Talk,128_32_32,top_1_16,1,cache_H_gather,0.0264644622803,38,0,focus
wiki-Talk,128_32_32,top_1_16,1,cache_Q_store,0.00214576721191,38,0,focus
wiki-Talk,128_32_32,top_1_16,1,thread_amx_release,0.00309944152832,64,0,focus
wiki-Talk,128_32_32,top_1_16,1,partial_state_load,0.0598430633545,2251,0,focus
wiki-Talk,128_32_32,top_1_16,2,thread_amx_setup,0.0472068786621,64,0,focus
wiki-Talk,128_32_32,top_1_16,2,row_metadata,0.0514984130859,586,0,focus
wiki-Talk,128_32_32,top_1_16,2,partial_init,0.0414848327637,586,0,focus
wiki-Talk,128_32_32,top_1_16,2,csr_index,2.86936759949,110027,0,focus
wiki-Talk,128_32_32,top_1_16,2,cache_membership,2.83026695251,110027,0,focus
wiki-Talk,128_32_32,top_1_16,2,prefetch,3.53765487671,110027,0,focus
wiki-Talk,128_32_32,top_1_16,2,BF16_H_load,2.41875648499,87193,0,focus
wiki-Talk,128_32_32,top_1_16,2,BF16_decode,2.29549407959,87193,0,focus
wiki-Talk,128_32_32,top_1_16,2,cold_FP32_reduce,2.40302085876,87193,0,focus
wiki-Talk,128_32_32,top_1_16,2,FP32_Q_load,0.637769699097,22834,0,focus
wiki-Talk,128_32_32,top_1_16,2,hot_FP32_reduce,0.648260116577,22834,0,focus
wiki-Talk,128_32_32,top_1_16,2,partial_state_store,0.0534057617188,2251,0,focus
wiki-Talk,128_32_32,top_1_16,2,partial_hi_pack,0.0364780426025,1056,0,focus
wiki-Talk,128_32_32,top_1_16,2,partial_lo_pack,0.0290870666504,1056,0,focus
wiki-Talk,128_32_32,top_1_16,2,AMX_A_load,0.00286102294922,104,0,focus
wiki-Talk,128_32_32,top_1_16,2,AMX_B_load,0.00405311584473,104,0,focus
wiki-Talk,128_32_32,top_1_16,2,AMX_compute,0.10085105896,104,0,focus
wiki-Talk,128_32_32,top_1_16,2,C_store,0.00286102294922,71,0,focus
wiki-Talk,128_32_32,top_1_16,2,hot_cold_merge,0.266790390015,9361,0,focus
wiki-Talk,128_32_32,top_1_16,2,output_scatter,0.263214111328,9361,0,focus
wiki-Talk,128_32_32,top_1_16,2,cache_H_gather,0.0154972076416,38,0,focus
wiki-Talk,128_32_32,top_1_16,2,cache_Q_store,0.00214576721191,38,0,focus
wiki-Talk,128_32_32,top_1_16,2,thread_amx_release,0.00572204589844,64,0,focus
wiki-Talk,128_32_32,top_1_16,2,partial_state_load,0.0555515289307,2251,0,focus
wiki-Talk,128_32_32,top_1_4,1,thread_amx_setup,0.0641345977783,64,0,focus
wiki-Talk,128_32_32,top_1_4,1,row_metadata,0.0574588775635,586,0,focus
wiki-Talk,128_32_32,top_1_4,1,partial_init,0.107765197754,586,0,focus
wiki-Talk,128_32_32,top_1_4,1,csr_index,2.92325019836,110027,0,focus
wiki-Talk,128_32_32,top_1_4,1,cache_membership,2.7859210968,110027,0,focus
wiki-Talk,128_32_32,top_1_4,1,prefetch,3.71217727661,110027,0,focus
wiki-Talk,128_32_32,top_1_4,1,BF16_H_load,1.76978111267,58789,0,focus
wiki-Talk,128_32_32,top_1_4,1,BF16_decode,1.58214569092,58789,0,focus
wiki-Talk,128_32_32,top_1_4,1,cold_FP32_reduce,1.85441970825,58789,0,focus
wiki-Talk,128_32_32,top_1_4,1,FP32_Q_load,1.52349472046,51238,0,focus
wiki-Talk,128_32_32,top_1_4,1,hot_FP32_reduce,1.36685371399,51238,0,focus
wiki-Talk,128_32_32,top_1_4,1,partial_state_store,0.0741481781006,2251,0,focus
wiki-Talk,128_32_32,top_1_4,1,partial_hi_pack,0.105381011963,3840,0,focus
wiki-Talk,128_32_32,top_1_4,1,partial_lo_pack,0.11420249939,3840,0,focus
wiki-Talk,128_32_32,top_1_4,1,AMX_A_load,0.0269412994385,832,0,focus
wiki-Talk,128_32_32,top_1_4,1,AMX_B_load,0.0481605529785,832,0,focus
wiki-Talk,128_32_32,top_1_4,1,AMX_compute,0.1540184021,832,0,focus
wiki-Talk,128_32_32,top_1_4,1,C_store,0.00715255737305,178,0,focus
wiki-Talk,128_32_32,top_1_4,1,hot_cold_merge,0.299692153931,9361,0,focus
wiki-Talk,128_32_32,top_1_4,1,output_scatter,1.53875350952,9361,0,focus
wiki-Talk,128_32_32,top_1_4,1,cache_H_gather,0.0998973846436,148,0,focus
wiki-Talk,128_32_32,top_1_4,1,cache_Q_store,0.0104904174805,148,0,focus
wiki-Talk,128_32_32,top_1_4,1,thread_amx_release,0.00405311584473,64,0,focus
wiki-Talk,128_32_32,top_1_4,1,partial_state_load,0.0624656677246,2251,0,focus
wiki-Talk,128_32_32,top_1_4,2,thread_amx_setup,0.065803527832,64,0,focus
wiki-Talk,128_32_32,top_1_4,2,row_metadata,0.0431537628174,586,0,focus
wiki-Talk,128_32_32,top_1_4,2,partial_init,0.0357627868652,586,0,focus
wiki-Talk,128_32_32,top_1_4,2,csr_index,2.83789634705,110027,0,focus
wiki-Talk,128_32_32,top_1_4,2,cache_membership,2.8178691864,110027,0,focus
wiki-Talk,128_32_32,top_1_4,2,prefetch,3.56864929199,110027,0,focus
wiki-Talk,128_32_32,top_1_4,2,BF16_H_load,1.70207023621,58789,0,focus
wiki-Talk,128_32_32,top_1_4,2,BF16_decode,1.49345397949,58789,0,focus
wiki-Talk,128_32_32,top_1_4,2,cold_FP32_reduce,1.58071517944,58789,0,focus
wiki-Talk,128_32_32,top_1_4,2,FP32_Q_load,1.38306617737,51238,0,focus
wiki-Talk,128_32_32,top_1_4,2,hot_FP32_reduce,1.38115882874,51238,0,focus
wiki-Talk,128_32_32,top_1_4,2,partial_state_store,0.0579357147217,2251,0,focus
wiki-Talk,128_32_32,top_1_4,2,partial_hi_pack,0.0319480895996,960,0,focus
wiki-Talk,128_32_32,top_1_4,2,partial_lo_pack,0.035285949707,960,0,focus
wiki-Talk,128_32_32,top_1_4,2,AMX_A_load,0.00500679016113,208,0,focus
wiki-Talk,128_32_32,top_1_4,2,AMX_B_load,0.0119209289551,208,0,focus
wiki-Talk,128_32_32,top_1_4,2,AMX_compute,0.118255615234,208,0,focus
wiki-Talk,128_32_32,top_1_4,2,C_store,0.00715255737305,178,0,focus
wiki-Talk,128_32_32,top_1_4,2,hot_cold_merge,0.260591506958,9361,0,focus
wiki-Talk,128_32_32,top_1_4,2,output_scatter,0.251293182373,9361,0,focus
wiki-Talk,128_32_32,top_1_4,2,cache_H_gather,0.0507831573486,148,0,focus
wiki-Talk,128_32_32,top_1_4,2,cache_Q_store,0.00810623168945,148,0,focus
wiki-Talk,128_32_32,top_1_4,2,thread_amx_release,0.00190734863281,64,0,focus
wiki-Talk,128_32_32,top_1_4,2,partial_state_load,0.075101852417,2251,0,focus
wiki-Talk,128_32_32,hybrid_all,1,thread_amx_setup,0.0605583190918,64,0,focus
wiki-Talk,128_32_32,hybrid_all,1,row_metadata,0.0572204589844,586,0,focus
wiki-Talk,128_32_32,hybrid_all,1,partial_init,0.110149383545,586,0,focus
wiki-Talk,128_32_32,hybrid_all,1,csr_index,2.86245346069,110027,0,focus
wiki-Talk,128_32_32,hybrid_all,1,cache_membership,2.79808044434,110027,0,focus
wiki-Talk,128_32_32,hybrid_all,1,prefetch,3.56483459473,110027,0,focus
wiki-Talk,128_32_32,hybrid_all,1,BF16_H_load,0,0,0,focus
wiki-Talk,128_32_32,hybrid_all,1,BF16_decode,0,0,0,focus
wiki-Talk,128_32_32,hybrid_all,1,cold_FP32_reduce,0,0,0,focus
wiki-Talk,128_32_32,hybrid_all,1,FP32_Q_load,3.31163406372,110027,0,focus
wiki-Talk,128_32_32,hybrid_all,1,hot_FP32_reduce,3.07989120483,110027,0,focus
wiki-Talk,128_32_32,hybrid_all,1,partial_state_store,0.0660419464111,2251,0,focus
wiki-Talk,128_32_32,hybrid_all,1,partial_hi_pack,0,0,0,focus
wiki-Talk,128_32_32,hybrid_all,1,partial_lo_pack,0,0,0,focus
wiki-Talk,128_32_32,hybrid_all,1,AMX_A_load,0.0550746917725,2344,0,focus
wiki-Talk,128_32_32,hybrid_all,1,AMX_B_load,0.0879764556885,2344,0,focus
wiki-Talk,128_32_32,hybrid_all,1,AMX_compute,0.260591506958,2344,0,focus
wiki-Talk,128_32_32,hybrid_all,1,C_store,0.0383853912354,586,0,focus
wiki-Talk,128_32_32,hybrid_all,1,hot_cold_merge,0.295400619507,9361,0,focus
wiki-Talk,128_32_32,hybrid_all,1,output_scatter,1.82247161865,9361,0,focus
wiki-Talk,128_32_32,hybrid_all,1,cache_H_gather,0.252485275269,586,0,focus
wiki-Talk,128_32_32,hybrid_all,1,cache_Q_store,0.0219345092773,586,0,focus
wiki-Talk,128_32_32,hybrid_all,1,thread_amx_release,0.00619888305664,64,0,focus
wiki-Talk,128_32_32,hybrid_all,1,partial_state_load,0.0784397125244,2251,0,focus
wiki-Talk,128_32_32,hybrid_all,2,thread_amx_setup,0.0619888305664,64,0,focus
wiki-Talk,128_32_32,hybrid_all,2,row_metadata,0.0514984130859,586,0,focus
wiki-Talk,128_32_32,hybrid_all,2,partial_init,0.03981590271,586,0,focus
wiki-Talk,128_32_32,hybrid_all,2,csr_index,2.91132926941,110027,0,focus
wiki-Talk,128_32_32,hybrid_all,2,cache_membership,2.84266471863,110027,0,focus
wiki-Talk,128_32_32,hybrid_all,2,prefetch,3.52454185486,110027,0,focus
wiki-Talk,128_32_32,hybrid_all,2,BF16_H_load,0,0,0,focus
wiki-Talk,128_32_32,hybrid_all,2,BF16_decode,0,0,0,focus
wiki-Talk,128_32_32,hybrid_all,2,cold_FP32_reduce,0,0,0,focus
wiki-Talk,128_32_32,hybrid_all,2,FP32_Q_load,3.15451622009,110027,0,focus
wiki-Talk,128_32_32,hybrid_all,2,hot_FP32_reduce,2.99525260925,110027,0,focus
wiki-Talk,128_32_32,hybrid_all,2,partial_state_store,0.0479221343994,2251,0,focus
wiki-Talk,128_32_32,hybrid_all,2,partial_hi_pack,0,0,0,focus
wiki-Talk,128_32_32,hybrid_all,2,partial_lo_pack,0,0,0,focus
wiki-Talk,128_32_32,hybrid_all,2,AMX_A_load,0.0123977661133,586,0,focus
wiki-Talk,128_32_32,hybrid_all,2,AMX_B_load,0.0200271606445,586,0,focus
wiki-Talk,128_32_32,hybrid_all,2,AMX_compute,0.190734863281,586,0,focus
wiki-Talk,128_32_32,hybrid_all,2,C_store,0.023365020752,586,0,focus
wiki-Talk,128_32_32,hybrid_all,2,hot_cold_merge,0.271797180176,9361,0,focus
wiki-Talk,128_32_32,hybrid_all,2,output_scatter,0.240087509155,9361,0,focus
wiki-Talk,128_32_32,hybrid_all,2,cache_H_gather,0.0705718994141,586,0,focus
wiki-Talk,128_32_32,hybrid_all,2,cache_Q_store,0.0190734863281,586,0,focus
wiki-Talk,128_32_32,hybrid_all,2,thread_amx_release,0.00643730163574,64,0,focus
wiki-Talk,128_32_32,hybrid_all,2,partial_state_load,0.0631809234619,2251,0,focus
wiki-Talk,128_32_32,project_all,1,thread_amx_setup,0.0820159912109,64,0,focus
wiki-Talk,128_32_32,project_all,1,row_metadata,0.0619888305664,586,0,focus
wiki-Talk,128_32_32,project_all,1,partial_init,0.0667572021484,586,0,focus
wiki-Talk,128_32_32,project_all,1,csr_index,2.84600257874,110027,0,focus
wiki-Talk,128_32_32,project_all,1,cache_membership,0,0,0,focus
wiki-Talk,128_32_32,project_all,1,prefetch,3.06701660156,110027,0,focus
wiki-Talk,128_32_32,project_all,1,BF16_H_load,0,0,0,focus
wiki-Talk,128_32_32,project_all,1,BF16_decode,0,0,0,focus
wiki-Talk,128_32_32,project_all,1,cold_FP32_reduce,0,0,0,focus
wiki-Talk,128_32_32,project_all,1,FP32_Q_load,3.23700904846,110027,0,focus
wiki-Talk,128_32_32,project_all,1,hot_FP32_reduce,2.87556648254,110027,0,focus
wiki-Talk,128_32_32,project_all,1,partial_state_store,0.0619888305664,2251,0,focus
wiki-Talk,128_32_32,project_all,1,partial_hi_pack,0,0,0,focus
wiki-Talk,128_32_32,project_all,1,partial_lo_pack,0,0,0,focus
wiki-Talk,128_32_32,project_all,1,AMX_A_load,0.0731945037842,2344,0,focus
wiki-Talk,128_32_32,project_all,1,AMX_B_load,0.0684261322021,2344,0,focus
wiki-Talk,128_32_32,project_all,1,AMX_compute,0.266075134277,2344,0,focus
wiki-Talk,128_32_32,project_all,1,C_store,0.0224113464355,586,0,focus
wiki-Talk,128_32_32,project_all,1,hot_cold_merge,0.263214111328,9361,0,focus
wiki-Talk,128_32_32,project_all,1,output_scatter,1.62816047668,9361,0,focus
wiki-Talk,128_32_32,project_all,1,cache_H_gather,0.247955322266,586,0,focus
wiki-Talk,128_32_32,project_all,1,cache_Q_store,0.0243186950684,586,0,focus
wiki-Talk,128_32_32,project_all,1,thread_amx_release,0.00286102294922,64,0,focus
wiki-Talk,128_32_32,project_all,1,partial_state_load,0.0472068786621,2251,0,focus
wiki-Talk,128_32_32,project_all,2,thread_amx_setup,0.0708103179932,64,0,focus
wiki-Talk,128_32_32,project_all,2,row_metadata,0.0665187835693,586,0,focus
wiki-Talk,128_32_32,project_all,2,partial_init,0.0259876251221,586,0,focus
wiki-Talk,128_32_32,project_all,2,csr_index,2.77018547058,110027,0,focus
wiki-Talk,128_32_32,project_all,2,cache_membership,0,0,0,focus
wiki-Talk,128_32_32,project_all,2,prefetch,2.86793708801,110027,0,focus
wiki-Talk,128_32_32,project_all,2,BF16_H_load,0,0,0,focus
wiki-Talk,128_32_32,project_all,2,BF16_decode,0,0,0,focus
wiki-Talk,128_32_32,project_all,2,cold_FP32_reduce,0,0,0,focus
wiki-Talk,128_32_32,project_all,2,FP32_Q_load,3.28254699707,110027,0,focus
wiki-Talk,128_32_32,project_all,2,hot_FP32_reduce,2.95925140381,110027,0,focus
wiki-Talk,128_32_32,project_all,2,partial_state_store,0.0793933868408,2251,0,focus
wiki-Talk,128_32_32,project_all,2,partial_hi_pack,0,0,0,focus
wiki-Talk,128_32_32,project_all,2,partial_lo_pack,0,0,0,focus
wiki-Talk,128_32_32,project_all,2,AMX_A_load,0.0171661376953,586,0,focus
wiki-Talk,128_32_32,project_all,2,AMX_B_load,0.0150203704834,586,0,focus
wiki-Talk,128_32_32,project_all,2,AMX_compute,0.215530395508,586,0,focus
wiki-Talk,128_32_32,project_all,2,C_store,0.0255107879639,586,0,focus
wiki-Talk,128_32_32,project_all,2,hot_cold_merge,0.262022018433,9361,0,focus
wiki-Talk,128_32_32,project_all,2,output_scatter,0.260591506958,9361,0,focus
wiki-Talk,128_32_32,project_all,2,cache_H_gather,0.0786781311035,586,0,focus
wiki-Talk,128_32_32,project_all,2,cache_Q_store,0.0267028808594,586,0,focus
wiki-Talk,128_32_32,project_all,2,thread_amx_release,0.00405311584473,64,0,focus
wiki-Talk,128_32_32,project_all,2,partial_state_load,0.0522136688232,2251,0,focus
wiki-Talk,128_32_32,project_used,1,thread_amx_setup,0.0581741333008,64,0,focus
wiki-Talk,128_32_32,project_used,1,row_metadata,0.0534057617188,586,0,focus
wiki-Talk,128_32_32,project_used,1,partial_init,0.058650970459,586,0,focus
wiki-Talk,128_32_32,project_used,1,csr_index,2.82859802246,110027,0,focus
wiki-Talk,128_32_32,project_used,1,cache_membership,2.88438796997,110027,0,focus
wiki-Talk,128_32_32,project_used,1,prefetch,3.62730026245,110027,0,focus
wiki-Talk,128_32_32,project_used,1,BF16_H_load,0,0,0,focus
wiki-Talk,128_32_32,project_used,1,BF16_decode,0,0,0,focus
wiki-Talk,128_32_32,project_used,1,cold_FP32_reduce,0,0,0,focus
wiki-Talk,128_32_32,project_used,1,FP32_Q_load,3.28373908997,110027,0,focus
wiki-Talk,128_32_32,project_used,1,hot_FP32_reduce,2.76446342468,110027,0,focus
wiki-Talk,128_32_32,project_used,1,partial_state_store,0.0758171081543,2251,0,focus
wiki-Talk,128_32_32,project_used,1,partial_hi_pack,0,0,0,focus
wiki-Talk,128_32_32,project_used,1,partial_lo_pack,0,0,0,focus
wiki-Talk,128_32_32,project_used,1,AMX_A_load,0.065803527832,2320,0,focus
wiki-Talk,128_32_32,project_used,1,AMX_B_load,0.0665187835693,2320,0,focus
wiki-Talk,128_32_32,project_used,1,AMX_compute,0.255346298218,2320,0,focus
wiki-Talk,128_32_32,project_used,1,C_store,0.0286102294922,580,0,focus
wiki-Talk,128_32_32,project_used,1,hot_cold_merge,0.274419784546,9361,0,focus
wiki-Talk,128_32_32,project_used,1,output_scatter,1.53756141663,9361,0,focus
wiki-Talk,128_32_32,project_used,1,cache_H_gather,0.321388244629,580,0,focus
wiki-Talk,128_32_32,project_used,1,cache_Q_store,0.0345706939697,580,0,focus
wiki-Talk,128_32_32,project_used,1,thread_amx_release,0.00643730163574,64,0,focus
wiki-Talk,128_32_32,project_used,1,partial_state_load,0.0731945037842,2251,0,focus
wiki-Talk,128_32_32,project_used,2,thread_amx_setup,0.0762939453125,64,0,focus
wiki-Talk,128_32_32,project_used,2,row_metadata,0.0550746917725,586,0,focus
wiki-Talk,128_32_32,project_used,2,partial_init,0.0283718109131,586,0,focus
wiki-Talk,128_32_32,project_used,2,csr_index,2.82406806946,110027,0,focus
wiki-Talk,128_32_32,project_used,2,cache_membership,2.75111198425,110027,0,focus
wiki-Talk,128_32_32,project_used,2,prefetch,3.46708297729,110027,0,focus
wiki-Talk,128_32_32,project_used,2,BF16_H_load,0,0,0,focus
wiki-Talk,128_32_32,project_used,2,BF16_decode,0,0,0,focus
wiki-Talk,128_32_32,project_used,2,cold_FP32_reduce,0,0,0,focus
wiki-Talk,128_32_32,project_used,2,FP32_Q_load,3.27372550964,110027,0,focus
wiki-Talk,128_32_32,project_used,2,hot_FP32_reduce,2.87270545959,110027,0,focus
wiki-Talk,128_32_32,project_used,2,partial_state_store,0.0617504119873,2251,0,focus
wiki-Talk,128_32_32,project_used,2,partial_hi_pack,0,0,0,focus
wiki-Talk,128_32_32,project_used,2,partial_lo_pack,0,0,0,focus
wiki-Talk,128_32_32,project_used,2,AMX_A_load,0.0224113464355,580,0,focus
wiki-Talk,128_32_32,project_used,2,AMX_B_load,0.0193119049072,580,0,focus
wiki-Talk,128_32_32,project_used,2,AMX_compute,0.153779983521,580,0,focus
wiki-Talk,128_32_32,project_used,2,C_store,0.0197887420654,580,0,focus
wiki-Talk,128_32_32,project_used,2,hot_cold_merge,0.260829925537,9361,0,focus
wiki-Talk,128_32_32,project_used,2,output_scatter,0.271081924438,9361,0,focus
wiki-Talk,128_32_32,project_used,2,cache_H_gather,0.133275985718,580,0,focus
wiki-Talk,128_32_32,project_used,2,cache_Q_store,0.0269412994385,580,0,focus
wiki-Talk,128_32_32,project_used,2,thread_amx_release,0.00405311584473,64,0,focus
wiki-Talk,128_32_32,project_used,2,partial_state_load,0.0627040863037,2251,0,focus
wiki-Talk,128_32_32,project_used_L1_full_L2,1,thread_amx_setup,0.0765323638916,64,0,focus
wiki-Talk,128_32_32,project_used_L1_full_L2,1,row_metadata,0.063419342041,586,0,focus
wiki-Talk,128_32_32,project_used_L1_full_L2,1,partial_init,0.079870223999,586,0,focus
wiki-Talk,128_32_32,project_used_L1_full_L2,1,csr_index,2.89392471313,110027,0,focus
wiki-Talk,128_32_32,project_used_L1_full_L2,1,cache_membership,2.79903411865,110027,0,focus
wiki-Talk,128_32_32,project_used_L1_full_L2,1,prefetch,3.96776199341,110027,0,focus
wiki-Talk,128_32_32,project_used_L1_full_L2,1,BF16_H_load,0,0,0,focus
wiki-Talk,128_32_32,project_used_L1_full_L2,1,BF16_decode,0,0,0,focus
wiki-Talk,128_32_32,project_used_L1_full_L2,1,cold_FP32_reduce,0,0,0,focus
wiki-Talk,128_32_32,project_used_L1_full_L2,1,FP32_Q_load,3.32427024841,110027,0,focus
wiki-Talk,128_32_32,project_used_L1_full_L2,1,hot_FP32_reduce,2.80284881592,110027,0,focus
wiki-Talk,128_32_32,project_used_L1_full_L2,1,partial_state_store,0.0576972961426,2251,0,focus
wiki-Talk,128_32_32,project_used_L1_full_L2,1,partial_hi_pack,0,0,0,focus
wiki-Talk,128_32_32,project_used_L1_full_L2,1,partial_lo_pack,0,0,0,focus
wiki-Talk,128_32_32,project_used_L1_full_L2,1,AMX_A_load,0.0588893890381,2320,0,focus
wiki-Talk,128_32_32,project_used_L1_full_L2,1,AMX_B_load,0.0789165496826,2320,0,focus
wiki-Talk,128_32_32,project_used_L1_full_L2,1,AMX_compute,0.235319137573,2320,0,focus
wiki-Talk,128_32_32,project_used_L1_full_L2,1,C_store,0.0224113464355,580,0,focus
wiki-Talk,128_32_32,project_used_L1_full_L2,1,hot_cold_merge,0.250577926636,9361,0,focus
wiki-Talk,128_32_32,project_used_L1_full_L2,1,output_scatter,1.51896476746,9361,0,focus
wiki-Talk,128_32_32,project_used_L1_full_L2,1,cache_H_gather,0.335216522217,580,0,focus
wiki-Talk,128_32_32,project_used_L1_full_L2,1,cache_Q_store,0.0340938568115,580,0,focus
wiki-Talk,128_32_32,project_used_L1_full_L2,1,thread_amx_release,0.00572204589844,64,0,focus
wiki-Talk,128_32_32,project_used_L1_full_L2,1,partial_state_load,0.0698566436768,2251,0,focus
wiki-Talk,128_32_32,project_used_L1_full_L2,2,thread_amx_setup,0.0393390655518,32,0,focus
wiki-Talk,128_32_32,project_used_L1_full_L2,2,row_metadata,0.0374317169189,586,0,focus
wiki-Talk,128_32_32,project_used_L1_full_L2,2,partial_init,0.0247955322266,586,0,focus
wiki-Talk,128_32_32,project_used_L1_full_L2,2,csr_index,2.83336639404,110027,0,focus
wiki-Talk,128_32_32,project_used_L1_full_L2,2,cache_membership,0,0,0,focus
wiki-Talk,128_32_32,project_used_L1_full_L2,2,prefetch,2.96688079834,110027,0,focus
wiki-Talk,128_32_32,project_used_L1_full_L2,2,BF16_H_load,3.08346748352,110027,0,focus
wiki-Talk,128_32_32,project_used_L1_full_L2,2,BF16_decode,3.00741195679,110027,0,focus
wiki-Talk,128_32_32,project_used_L1_full_L2,2,cold_FP32_reduce,2.83479690552,110027,0,focus
wiki-Talk,128_32_32,project_used_L1_full_L2,2,FP32_Q_load,0,0,0,focus
wiki-Talk,128_32_32,project_used_L1_full_L2,2,hot_FP32_reduce,0,0,0,focus
wiki-Talk,128_32_32,project_used_L1_full_L2,2,partial_state_store,0.0536441802979,2251,0,focus
wiki-Talk,128_32_32,project_used_L1_full_L2,2,partial_hi_pack,0.0355243682861,1184,0,focus
wiki-Talk,128_32_32,project_used_L1_full_L2,2,partial_lo_pack,0.0448226928711,1184,0,focus
wiki-Talk,128_32_32,project_used_L1_full_L2,2,AMX_A_load,0.00476837158203,74,0,focus
wiki-Talk,128_32_32,project_used_L1_full_L2,2,AMX_B_load,0.00190734863281,74,0,focus
wiki-Talk,128_32_32,project_used_L1_full_L2,2,AMX_compute,0.0696182250977,74,0,focus
wiki-Talk,128_32_32,project_used_L1_full_L2,2,C_store,0.000953674316406,37,0,focus
wiki-Talk,128_32_32,project_used_L1_full_L2,2,hot_cold_merge,0,0,0,focus
wiki-Talk,128_32_32,project_used_L1_full_L2,2,output_scatter,0.257253646851,9361,0,focus
wiki-Talk,128_32_32,project_used_L1_full_L2,2,cache_H_gather,0,0,0,focus
wiki-Talk,128_32_32,project_used_L1_full_L2,2,cache_Q_store,0,0,0,focus
wiki-Talk,128_32_32,project_used_L1_full_L2,2,thread_amx_release,0.00429153442383,32,0,focus
wiki-Talk,128_32_32,project_used_L1_full_L2,2,partial_state_load,0.0550746917725,2251,0,focus
wiki-Talk,128_128_128,fused_full_accurate,1,thread_amx_setup,0.0464916229248,32,0,focus
wiki-Talk,128_128_128,fused_full_accurate,1,row_metadata,0.0832080841064,586,0,focus
wiki-Talk,128_128_128,fused_full_accurate,1,partial_init,0.282764434814,586,0,focus
wiki-Talk,128_128_128,fused_full_accurate,1,csr_index,2.90489196777,110027,0,focus
wiki-Talk,128_128_128,fused_full_accurate,1,cache_membership,0,0,0,focus
wiki-Talk,128_128_128,fused_full_accurate,1,prefetch,2.91132926941,110027,0,focus
wiki-Talk,128_128_128,fused_full_accurate,1,BF16_H_load,3.86595726013,110027,0,focus
wiki-Talk,128_128_128,fused_full_accurate,1,BF16_decode,3.32522392273,110027,0,focus
wiki-Talk,128_128_128,fused_full_accurate,1,cold_FP32_reduce,2.77876853943,110027,0,focus
wiki-Talk,128_128_128,fused_full_accurate,1,FP32_Q_load,0,0,0,focus
wiki-Talk,128_128_128,fused_full_accurate,1,hot_FP32_reduce,0,0,0,focus
wiki-Talk,128_128_128,fused_full_accurate,1,partial_state_store,0.0648498535156,2251,0,focus
wiki-Talk,128_128_128,fused_full_accurate,1,partial_hi_pack,0.149726867676,4736,0,focus
wiki-Talk,128_128_128,fused_full_accurate,1,partial_lo_pack,0.140190124512,4736,0,focus
wiki-Talk,128_128_128,fused_full_accurate,1,AMX_A_load,0.0417232513428,592,0,focus
wiki-Talk,128_128_128,fused_full_accurate,1,AMX_B_load,0.456571578979,1184,0,focus
wiki-Talk,128_128_128,fused_full_accurate,1,AMX_compute,0.192880630493,1184,0,focus
wiki-Talk,128_128_128,fused_full_accurate,1,C_store,0.00309944152832,74,0,focus
wiki-Talk,128_128_128,fused_full_accurate,1,hot_cold_merge,0,0,0,focus
wiki-Talk,128_128_128,fused_full_accurate,1,output_scatter,1.0986328125,9361,0,focus
wiki-Talk,128_128_128,fused_full_accurate,1,cache_H_gather,0,0,0,focus
wiki-Talk,128_128_128,fused_full_accurate,1,cache_Q_store,0,0,0,focus
wiki-Talk,128_128_128,fused_full_accurate,1,thread_amx_release,0.000953674316406,32,0,focus
wiki-Talk,128_128_128,fused_full_accurate,1,partial_state_load,0.0827312469482,2251,0,focus
wiki-Talk,128_128_128,fused_full_accurate,2,thread_amx_setup,0.023365020752,32,0,focus
wiki-Talk,128_128_128,fused_full_accurate,2,row_metadata,0.079870223999,586,0,focus
wiki-Talk,128_128_128,fused_full_accurate,2,partial_init,0.068187713623,586,0,focus
wiki-Talk,128_128_128,fused_full_accurate,2,csr_index,2.82120704651,110027,0,focus
wiki-Talk,128_128_128,fused_full_accurate,2,cache_membership,0,0,0,focus
wiki-Talk,128_128_128,fused_full_accurate,2,prefetch,3.13115119934,110027,0,focus
wiki-Talk,128_128_128,fused_full_accurate,2,BF16_H_load,3.50689888,110027,0,focus
wiki-Talk,128_128_128,fused_full_accurate,2,BF16_decode,3.2012462616,110027,0,focus
wiki-Talk,128_128_128,fused_full_accurate,2,cold_FP32_reduce,2.89273262024,110027,0,focus
wiki-Talk,128_128_128,fused_full_accurate,2,FP32_Q_load,0,0,0,focus
wiki-Talk,128_128_128,fused_full_accurate,2,hot_FP32_reduce,0,0,0,focus
wiki-Talk,128_128_128,fused_full_accurate,2,partial_state_store,0.0755786895752,2251,0,focus
wiki-Talk,128_128_128,fused_full_accurate,2,partial_hi_pack,0.139951705933,4736,0,focus
wiki-Talk,128_128_128,fused_full_accurate,2,partial_lo_pack,0.156879425049,4736,0,focus
wiki-Talk,128_128_128,fused_full_accurate,2,AMX_A_load,0.0219345092773,592,0,focus
wiki-Talk,128_128_128,fused_full_accurate,2,AMX_B_load,0.0545978546143,1184,0,focus
wiki-Talk,128_128_128,fused_full_accurate,2,AMX_compute,0.121355056763,1184,0,focus
wiki-Talk,128_128_128,fused_full_accurate,2,C_store,0.000953674316406,74,0,focus
wiki-Talk,128_128_128,fused_full_accurate,2,hot_cold_merge,0,0,0,focus
wiki-Talk,128_128_128,fused_full_accurate,2,output_scatter,0.565528869629,9361,0,focus
wiki-Talk,128_128_128,fused_full_accurate,2,cache_H_gather,0,0,0,focus
wiki-Talk,128_128_128,fused_full_accurate,2,cache_Q_store,0,0,0,focus
wiki-Talk,128_128_128,fused_full_accurate,2,thread_amx_release,0.0154972076416,32,0,focus
wiki-Talk,128_128_128,fused_full_accurate,2,partial_state_load,0.065803527832,2251,0,focus
wiki-Talk,128_128_128,hybrid_none,1,thread_amx_setup,0.1060962677,32,0,focus
wiki-Talk,128_128_128,hybrid_none,1,row_metadata,0.0989437103271,586,0,focus
wiki-Talk,128_128_128,hybrid_none,1,partial_init,0.380992889404,586,0,focus
wiki-Talk,128_128_128,hybrid_none,1,csr_index,2.84790992737,110027,0,focus
wiki-Talk,128_128_128,hybrid_none,1,cache_membership,2.90131568909,110027,0,focus
wiki-Talk,128_128_128,hybrid_none,1,prefetch,3.52382659912,110027,0,focus
wiki-Talk,128_128_128,hybrid_none,1,BF16_H_load,3.5617351532,110027,0,focus
wiki-Talk,128_128_128,hybrid_none,1,BF16_decode,2.90608406067,110027,0,focus
wiki-Talk,128_128_128,hybrid_none,1,cold_FP32_reduce,3.56650352478,110027,0,focus
wiki-Talk,128_128_128,hybrid_none,1,FP32_Q_load,0,0,0,focus
wiki-Talk,128_128_128,hybrid_none,1,hot_FP32_reduce,0,0,0,focus
wiki-Talk,128_128_128,hybrid_none,1,partial_state_store,0.0746250152588,2251,0,focus
wiki-Talk,128_128_128,hybrid_none,1,partial_hi_pack,0.159502029419,4736,0,focus
wiki-Talk,128_128_128,hybrid_none,1,partial_lo_pack,0.14591217041,4736,0,focus
wiki-Talk,128_128_128,hybrid_none,1,AMX_A_load,0.0207424163818,592,0,focus
wiki-Talk,128_128_128,hybrid_none,1,AMX_B_load,0.356912612915,1184,0,focus
wiki-Talk,128_128_128,hybrid_none,1,AMX_compute,0.181198120117,1184,0,focus
wiki-Talk,128_128_128,hybrid_none,1,C_store,0.00381469726562,74,0,focus
wiki-Talk,128_128_128,hybrid_none,1,hot_cold_merge,7.20262527466,9361,0,focus
wiki-Talk,128_128_128,hybrid_none,1,output_scatter,0.567197799683,9361,0,focus
wiki-Talk,128_128_128,hybrid_none,1,cache_H_gather,0,0,0,focus
wiki-Talk,128_128_128,hybrid_none,1,cache_Q_store,0,0,0,focus
wiki-Talk,128_128_128,hybrid_none,1,thread_amx_release,0.00596046447754,32,0,focus
wiki-Talk,128_128_128,hybrid_none,1,partial_state_load,0.0765323638916,2251,0,focus
wiki-Talk,128_128_128,hybrid_none,2,thread_amx_setup,0.0183582305908,32,0,focus
wiki-Talk,128_128_128,hybrid_none,2,row_metadata,0.0679492950439,586,0,focus
wiki-Talk,128_128_128,hybrid_none,2,partial_init,0.103950500488,586,0,focus
wiki-Talk,128_128_128,hybrid_none,2,csr_index,2.87795066833,110027,0,focus
wiki-Talk,128_128_128,hybrid_none,2,cache_membership,2.82764434814,110027,0,focus
wiki-Talk,128_128_128,hybrid_none,2,prefetch,3.66497039795,110027,0,focus
wiki-Talk,128_128_128,hybrid_none,2,BF16_H_load,3.26466560364,110027,0,focus
wiki-Talk,128_128_128,hybrid_none,2,BF16_decode,2.94256210327,110027,0,focus
wiki-Talk,128_128_128,hybrid_none,2,cold_FP32_reduce,3.46183776855,110027,0,focus
wiki-Talk,128_128_128,hybrid_none,2,FP32_Q_load,0,0,0,focus
wiki-Talk,128_128_128,hybrid_none,2,hot_FP32_reduce,0,0,0,focus
wiki-Talk,128_128_128,hybrid_none,2,partial_state_store,0.0748634338379,2251,0,focus
wiki-Talk,128_128_128,hybrid_none,2,partial_hi_pack,0.12993812561,4736,0,focus
wiki-Talk,128_128_128,hybrid_none,2,partial_lo_pack,0.128746032715,4736,0,focus
wiki-Talk,128_128_128,hybrid_none,2,AMX_A_load,0.0202655792236,592,0,focus
wiki-Talk,128_128_128,hybrid_none,2,AMX_B_load,0.0579357147217,1184,0,focus
wiki-Talk,128_128_128,hybrid_none,2,AMX_compute,0.108957290649,1184,0,focus
wiki-Talk,128_128_128,hybrid_none,2,C_store,0.00190734863281,74,0,focus
wiki-Talk,128_128_128,hybrid_none,2,hot_cold_merge,0.443458557129,9361,0,focus
wiki-Talk,128_128_128,hybrid_none,2,output_scatter,0.340938568115,9361,0,focus
wiki-Talk,128_128_128,hybrid_none,2,cache_H_gather,0,0,0,focus
wiki-Talk,128_128_128,hybrid_none,2,cache_Q_store,0,0,0,focus
wiki-Talk,128_128_128,hybrid_none,2,thread_amx_release,0.00476837158203,32,0,focus
wiki-Talk,128_128_128,hybrid_none,2,partial_state_load,0.0753402709961,2251,0,focus
wiki-Talk,128_128_128,top_1_64,1,thread_amx_setup,0.0514984130859,64,0,focus
wiki-Talk,128_128_128,top_1_64,1,row_metadata,0.0793933868408,586,0,focus
wiki-Talk,128_128_128,top_1_64,1,partial_init,0.391721725464,586,0,focus
wiki-Talk,128_128_128,top_1_64,1,csr_index,2.88724899292,110027,0,focus
wiki-Talk,128_128_128,top_1_64,1,cache_membership,2.98428535461,110027,0,focus
wiki-Talk,128_128_128,top_1_64,1,prefetch,3.78489494324,110027,0,focus
wiki-Talk,128_128_128,top_1_64,1,BF16_H_load,2.89678573608,99384,0,focus
wiki-Talk,128_128_128,top_1_64,1,BF16_decode,2.58612632751,99384,0,focus
wiki-Talk,128_128_128,top_1_64,1,cold_FP32_reduce,3.09228897095,99384,0,focus
wiki-Talk,128_128_128,top_1_64,1,FP32_Q_load,0.488758087158,10643,0,focus
wiki-Talk,128_128_128,top_1_64,1,hot_FP32_reduce,0.293254852295,10643,0,focus
wiki-Talk,128_128_128,top_1_64,1,partial_state_store,0.0693798065186,2251,0,focus
wiki-Talk,128_128_128,top_1_64,1,partial_hi_pack,0.14066696167,4608,0,focus
wiki-Talk,128_128_128,top_1_64,1,partial_lo_pack,0.14066696167,4608,0,focus
wiki-Talk,128_128_128,top_1_64,1,AMX_A_load,0.037670135498,664,0,focus
wiki-Talk,128_128_128,top_1_64,1,AMX_B_load,0.468969345093,1328,0,focus
wiki-Talk,128_128_128,top_1_64,1,AMX_compute,0.224113464355,1328,0,focus
wiki-Talk,128_128_128,top_1_64,1,C_store,0.00309944152832,94,0,focus
wiki-Talk,128_128_128,top_1_64,1,hot_cold_merge,7.50756263733,9361,0,focus
wiki-Talk,128_128_128,top_1_64,1,output_scatter,0.530481338501,9361,0,focus
wiki-Talk,128_128_128,top_1_64,1,cache_H_gather,0.00858306884766,11,0,focus
wiki-Talk,128_128_128,top_1_64,1,cache_Q_store,0.0600814819336,11,0,focus
wiki-Talk,128_128_128,top_1_64,1,thread_amx_release,0.00286102294922,64,0,focus
wiki-Talk,128_128_128,top_1_64,1,partial_state_load,0.0903606414795,2251,0,focus
wiki-Talk,128_128_128,top_1_64,2,thread_amx_setup,0.0252723693848,64,0,focus
wiki-Talk,128_128_128,top_1_64,2,row_metadata,0.0691413879395,586,0,focus
wiki-Talk,128_128_128,top_1_64,2,partial_init,0.119686126709,586,0,focus
wiki-Talk,128_128_128,top_1_64,2,csr_index,2.845287323,110027,0,focus
wiki-Talk,128_128_128,top_1_64,2,cache_membership,2.84552574158,110027,0,focus
wiki-Talk,128_128_128,top_1_64,2,prefetch,4.1127204895,110027,0,focus
wiki-Talk,128_128_128,top_1_64,2,BF16_H_load,2.89463996887,99384,0,focus
wiki-Talk,128_128_128,top_1_64,2,BF16_decode,2.56776809692,99384,0,focus
wiki-Talk,128_128_128,top_1_64,2,cold_FP32_reduce,3.12781333923,99384,0,focus
wiki-Talk,128_128_128,top_1_64,2,FP32_Q_load,0.322580337524,10643,0,focus
wiki-Talk,128_128_128,top_1_64,2,hot_FP32_reduce,0.316381454468,10643,0,focus
wiki-Talk,128_128_128,top_1_64,2,partial_state_store,0.0739097595215,2251,0,focus
wiki-Talk,128_128_128,top_1_64,2,partial_hi_pack,0.131130218506,4608,0,focus
wiki-Talk,128_128_128,top_1_64,2,partial_lo_pack,0.131607055664,4608,0,focus
wiki-Talk,128_128_128,top_1_64,2,AMX_A_load,0.0107288360596,664,0,focus
wiki-Talk,128_128_128,top_1_64,2,AMX_B_load,0.0638961791992,1328,0,focus
wiki-Talk,128_128_128,top_1_64,2,AMX_compute,0.139474868774,1328,0,focus
wiki-Talk,128_128_128,top_1_64,2,C_store,0.00405311584473,94,0,focus
wiki-Talk,128_128_128,top_1_64,2,hot_cold_merge,0.416278839111,9361,0,focus
wiki-Talk,128_128_128,top_1_64,2,output_scatter,0.300645828247,9361,0,focus
wiki-Talk,128_128_128,top_1_64,2,cache_H_gather,0.0112056732178,11,0,focus
wiki-Talk,128_128_128,top_1_64,2,cache_Q_store,0.0672340393066,11,0,focus
wiki-Talk,128_128_128,top_1_64,2,thread_amx_release,0.00667572021484,64,0,focus
wiki-Talk,128_128_128,top_1_64,2,partial_state_load,0.0782012939453,2251,0,focus
wiki-Talk,128_128_128,top_1_16,1,thread_amx_setup,0.107526779175,64,0,focus
wiki-Talk,128_128_128,top_1_16,1,row_metadata,0.10347366333,586,0,focus
wiki-Talk,128_128_128,top_1_16,1,partial_init,0.426054000854,586,0,focus
wiki-Talk,128_128_128,top_1_16,1,csr_index,2.92825698853,110027,0,focus
wiki-Talk,128_128_128,top_1_16,1,cache_membership,2.85911560059,110027,0,focus
wiki-Talk,128_128_128,top_1_16,1,prefetch,3.87406349182,110027,0,focus
wiki-Talk,128_128_128,top_1_16,1,BF16_H_load,2.67910957336,87193,0,focus
wiki-Talk,128_128_128,top_1_16,1,BF16_decode,2.27189064026,87193,0,focus
wiki-Talk,128_128_128,top_1_16,1,cold_FP32_reduce,2.76255607605,87193,0,focus
wiki-Talk,128_128_128,top_1_16,1,FP32_Q_load,0.873327255249,22834,0,focus
wiki-Talk,128_128_128,top_1_16,1,hot_FP32_reduce,0.682353973389,22834,0,focus
wiki-Talk,128_128_128,top_1_16,1,partial_state_store,0.0762939453125,2251,0,focus
wiki-Talk,128_128_128,top_1_16,1,partial_hi_pack,0.140190124512,4224,0,focus
wiki-Talk,128_128_128,top_1_16,1,partial_lo_pack,0.126600265503,4224,0,focus
wiki-Talk,128_128_128,top_1_16,1,AMX_A_load,0.0448226928711,832,0,focus
wiki-Talk,128_128_128,top_1_16,1,AMX_B_load,0.379085540771,1664,0,focus
wiki-Talk,128_128_128,top_1_16,1,AMX_compute,0.259637832642,1664,0,focus
wiki-Talk,128_128_128,top_1_16,1,C_store,0.00715255737305,142,0,focus
wiki-Talk,128_128_128,top_1_16,1,hot_cold_merge,7.18593597412,9361,0,focus
wiki-Talk,128_128_128,top_1_16,1,output_scatter,0.510454177856,9361,0,focus
wiki-Talk,128_128_128,top_1_16,1,cache_H_gather,0.028133392334,38,0,focus
wiki-Talk,128_128_128,top_1_16,1,cache_Q_store,0.0772476196289,38,0,focus
wiki-Talk,128_128_128,top_1_16,1,thread_amx_release,0.00572204589844,64,0,focus
wiki-Talk,128_128_128,top_1_16,1,partial_state_load,0.0779628753662,2251,0,focus
wiki-Talk,128_128_128,top_1_16,2,thread_amx_setup,0.063419342041,64,0,focus
wiki-Talk,128_128_128,top_1_16,2,row_metadata,0.0777244567871,586,0,focus
wiki-Talk,128_128_128,top_1_16,2,partial_init,0.107765197754,586,0,focus
wiki-Talk,128_128_128,top_1_16,2,csr_index,2.8383731842,110027,0,focus
wiki-Talk,128_128_128,top_1_16,2,cache_membership,2.86340713501,110027,0,focus
wiki-Talk,128_128_128,top_1_16,2,prefetch,3.85499000549,110027,0,focus
wiki-Talk,128_128_128,top_1_16,2,BF16_H_load,2.63285636902,87193,0,focus
wiki-Talk,128_128_128,top_1_16,2,BF16_decode,2.2337436676,87193,0,focus
wiki-Talk,128_128_128,top_1_16,2,cold_FP32_reduce,2.66647338867,87193,0,focus
wiki-Talk,128_128_128,top_1_16,2,FP32_Q_load,0.72455406189,22834,0,focus
wiki-Talk,128_128_128,top_1_16,2,hot_FP32_reduce,0.686645507812,22834,0,focus
wiki-Talk,128_128_128,top_1_16,2,partial_state_store,0.068187713623,2251,0,focus
wiki-Talk,128_128_128,top_1_16,2,partial_hi_pack,0.123977661133,4224,0,focus
wiki-Talk,128_128_128,top_1_16,2,partial_lo_pack,0.113248825073,4224,0,focus
wiki-Talk,128_128_128,top_1_16,2,AMX_A_load,0.0264644622803,832,0,focus
wiki-Talk,128_128_128,top_1_16,2,AMX_B_load,0.0817775726318,1664,0,focus
wiki-Talk,128_128_128,top_1_16,2,AMX_compute,0.162601470947,1664,0,focus
wiki-Talk,128_128_128,top_1_16,2,C_store,0.00309944152832,142,0,focus
wiki-Talk,128_128_128,top_1_16,2,hot_cold_merge,0.488758087158,9361,0,focus
wiki-Talk,128_128_128,top_1_16,2,output_scatter,0.320672988892,9361,0,focus
wiki-Talk,128_128_128,top_1_16,2,cache_H_gather,0.0267028808594,38,0,focus
wiki-Talk,128_128_128,top_1_16,2,cache_Q_store,0.0665187835693,38,0,focus
wiki-Talk,128_128_128,top_1_16,2,thread_amx_release,0.00715255737305,64,0,focus
wiki-Talk,128_128_128,top_1_16,2,partial_state_load,0.068187713623,2251,0,focus
wiki-Talk,128_128_128,top_1_4,1,thread_amx_setup,0.0762939453125,64,0,focus
wiki-Talk,128_128_128,top_1_4,1,row_metadata,0.102043151855,586,0,focus
wiki-Talk,128_128_128,top_1_4,1,partial_init,0.423908233643,586,0,focus
wiki-Talk,128_128_128,top_1_4,1,csr_index,2.89440155029,110027,0,focus
wiki-Talk,128_128_128,top_1_4,1,cache_membership,2.88820266724,110027,0,focus
wiki-Talk,128_128_128,top_1_4,1,prefetch,4.11343574524,110027,0,focus
wiki-Talk,128_128_128,top_1_4,1,BF16_H_load,1.81794166565,58789,0,focus
wiki-Talk,128_128_128,top_1_4,1,BF16_decode,1.48940086365,58789,0,focus
wiki-Talk,128_128_128,top_1_4,1,cold_FP32_reduce,1.84488296509,58789,0,focus
wiki-Talk,128_128_128,top_1_4,1,FP32_Q_load,1.76095962524,51238,0,focus
wiki-Talk,128_128_128,top_1_4,1,hot_FP32_reduce,1.43051147461,51238,0,focus
wiki-Talk,128_128_128,top_1_4,1,partial_state_store,0.0629425048828,2251,0,focus
wiki-Talk,128_128_128,top_1_4,1,partial_hi_pack,0.11682510376,3840,0,focus
wiki-Talk,128_128_128,top_1_4,1,partial_lo_pack,0.132083892822,3840,0,focus
wiki-Talk,128_128_128,top_1_4,1,AMX_A_load,0.0741481781006,1664,0,focus
wiki-Talk,128_128_128,top_1_4,1,AMX_B_load,0.614881515503,3328,0,focus
wiki-Talk,128_128_128,top_1_4,1,AMX_compute,0.312089920044,3328,0,focus
wiki-Talk,128_128_128,top_1_4,1,C_store,0.0202655792236,356,0,focus
wiki-Talk,128_128_128,top_1_4,1,hot_cold_merge,7.56978988647,9361,0,focus
wiki-Talk,128_128_128,top_1_4,1,output_scatter,0.529050827026,9361,0,focus
wiki-Talk,128_128_128,top_1_4,1,cache_H_gather,0.109910964966,148,0,focus
wiki-Talk,128_128_128,top_1_4,1,cache_Q_store,0.0977516174316,148,0,focus
wiki-Talk,128_128_128,top_1_4,1,thread_amx_release,0.00381469726562,64,0,focus
wiki-Talk,128_128_128,top_1_4,1,partial_state_load,0.0686645507812,2251,0,focus
wiki-Talk,128_128_128,top_1_4,2,thread_amx_setup,0.08225440979,64,0,focus
wiki-Talk,128_128_128,top_1_4,2,row_metadata,0.0689029693604,586,0,focus
wiki-Talk,128_128_128,top_1_4,2,partial_init,0.110626220703,586,0,focus
wiki-Talk,128_128_128,top_1_4,2,csr_index,2.79545783997,110027,0,focus
wiki-Talk,128_128_128,top_1_4,2,cache_membership,2.83288955688,110027,0,focus
wiki-Talk,128_128_128,top_1_4,2,prefetch,4.08315658569,110027,0,focus
wiki-Talk,128_128_128,top_1_4,2,BF16_H_load,1.78122520447,58789,0,focus
wiki-Talk,128_128_128,top_1_4,2,BF16_decode,1.53660774231,58789,0,focus
wiki-Talk,128_128_128,top_1_4,2,cold_FP32_reduce,1.88159942627,58789,0,focus
wiki-Talk,128_128_128,top_1_4,2,FP32_Q_load,1.62720680237,51238,0,focus
wiki-Talk,128_128_128,top_1_4,2,hot_FP32_reduce,1.53374671936,51238,0,focus
wiki-Talk,128_128_128,top_1_4,2,partial_state_store,0.0793933868408,2251,0,focus
wiki-Talk,128_128_128,top_1_4,2,partial_hi_pack,0.11420249939,3840,0,focus
wiki-Talk,128_128_128,top_1_4,2,partial_lo_pack,0.11944770813,3840,0,focus
wiki-Talk,128_128_128,top_1_4,2,AMX_A_load,0.0505447387695,1664,0,focus
wiki-Talk,128_128_128,top_1_4,2,AMX_B_load,0.128984451294,3328,0,focus
wiki-Talk,128_128_128,top_1_4,2,AMX_compute,0.254154205322,3328,0,focus
wiki-Talk,128_128_128,top_1_4,2,C_store,0.0181198120117,356,0,focus
wiki-Talk,128_128_128,top_1_4,2,hot_cold_merge,0.46706199646,9361,0,focus
wiki-Talk,128_128_128,top_1_4,2,output_scatter,0.305652618408,9361,0,focus
wiki-Talk,128_128_128,top_1_4,2,cache_H_gather,0.117301940918,148,0,focus
wiki-Talk,128_128_128,top_1_4,2,cache_Q_store,0.109195709229,148,0,focus
wiki-Talk,128_128_128,top_1_4,2,thread_amx_release,0.00500679016113,64,0,focus
wiki-Talk,128_128_128,top_1_4,2,partial_state_load,0.0779628753662,2251,0,focus
wiki-Talk,128_128_128,hybrid_all,1,thread_amx_setup,0.0958442687988,64,0,focus
wiki-Talk,128_128_128,hybrid_all,1,row_metadata,0.0975131988525,586,0,focus
wiki-Talk,128_128_128,hybrid_all,1,partial_init,0.393867492676,586,0,focus
wiki-Talk,128_128_128,hybrid_all,1,csr_index,2.90584564209,110027,0,focus
wiki-Talk,128_128_128,hybrid_all,1,cache_membership,2.93684005737,110027,0,focus
wiki-Talk,128_128_128,hybrid_all,1,prefetch,4.39977645874,110027,0,focus
wiki-Talk,128_128_128,hybrid_all,1,BF16_H_load,0,0,0,focus
wiki-Talk,128_128_128,hybrid_all,1,BF16_decode,0,0,0,focus
wiki-Talk,128_128_128,hybrid_all,1,cold_FP32_reduce,0,0,0,focus
wiki-Talk,128_128_128,hybrid_all,1,FP32_Q_load,4.01377677917,110027,0,focus
wiki-Talk,128_128_128,hybrid_all,1,hot_FP32_reduce,3.14450263977,110027,0,focus
wiki-Talk,128_128_128,hybrid_all,1,partial_state_store,0.0679492950439,2251,0,focus
wiki-Talk,128_128_128,hybrid_all,1,partial_hi_pack,0,0,0,focus
wiki-Talk,128_128_128,hybrid_all,1,partial_lo_pack,0,0,0,focus
wiki-Talk,128_128_128,hybrid_all,1,AMX_A_load,0.14328956604,4688,0,focus
wiki-Talk,128_128_128,hybrid_all,1,AMX_B_load,0.394582748413,9376,0,focus
wiki-Talk,128_128_128,hybrid_all,1,AMX_compute,0.489234924316,9376,0,focus
wiki-Talk,128_128_128,hybrid_all,1,C_store,0.0815391540527,1172,0,focus
wiki-Talk,128_128_128,hybrid_all,1,hot_cold_merge,7.02023506165,9361,0,focus
wiki-Talk,128_128_128,hybrid_all,1,output_scatter,0.553607940674,9361,0,focus
wiki-Talk,128_128_128,hybrid_all,1,cache_H_gather,0.31566619873,586,0,focus
wiki-Talk,128_128_128,hybrid_all,1,cache_Q_store,0.33974647522,586,0,focus
wiki-Talk,128_128_128,hybrid_all,1,thread_amx_release,0.00596046447754,64,0,focus
wiki-Talk,128_128_128,hybrid_all,1,partial_state_load,0.0832080841064,2251,0,focus
wiki-Talk,128_128_128,hybrid_all,2,thread_amx_setup,0.0600814819336,64,0,focus
wiki-Talk,128_128_128,hybrid_all,2,row_metadata,0.0665187835693,586,0,focus
wiki-Talk,128_128_128,hybrid_all,2,partial_init,0.112771987915,586,0,focus
wiki-Talk,128_128_128,hybrid_all,2,csr_index,2.84004211426,110027,0,focus
wiki-Talk,128_128_128,hybrid_all,2,cache_membership,2.81929969788,110027,0,focus
wiki-Talk,128_128_128,hybrid_all,2,prefetch,3.94058227539,110027,0,focus
wiki-Talk,128_128_128,hybrid_all,2,BF16_H_load,0,0,0,focus
wiki-Talk,128_128_128,hybrid_all,2,BF16_decode,0,0,0,focus
wiki-Talk,128_128_128,hybrid_all,2,cold_FP32_reduce,0,0,0,focus
wiki-Talk,128_128_128,hybrid_all,2,FP32_Q_load,3.64446640015,110027,0,focus
wiki-Talk,128_128_128,hybrid_all,2,hot_FP32_reduce,3.13758850098,110027,0,focus
wiki-Talk,128_128_128,hybrid_all,2,partial_state_store,0.056266784668,2251,0,focus
wiki-Talk,128_128_128,hybrid_all,2,partial_hi_pack,0,0,0,focus
wiki-Talk,128_128_128,hybrid_all,2,partial_lo_pack,0,0,0,focus
wiki-Talk,128_128_128,hybrid_all,2,AMX_A_load,0.144958496094,4688,0,focus
wiki-Talk,128_128_128,hybrid_all,2,AMX_B_load,0.340223312378,9376,0,focus
wiki-Talk,128_128_128,hybrid_all,2,AMX_compute,0.519752502441,9376,0,focus
wiki-Talk,128_128_128,hybrid_all,2,C_store,0.0560283660889,1172,0,focus
wiki-Talk,128_128_128,hybrid_all,2,hot_cold_merge,0.441312789917,9361,0,focus
wiki-Talk,128_128_128,hybrid_all,2,output_scatter,0.285625457764,9361,0,focus
wiki-Talk,128_128_128,hybrid_all,2,cache_H_gather,0.249624252319,586,0,focus
wiki-Talk,128_128_128,hybrid_all,2,cache_Q_store,0.346183776855,586,0,focus
wiki-Talk,128_128_128,hybrid_all,2,thread_amx_release,0.00619888305664,64,0,focus
wiki-Talk,128_128_128,hybrid_all,2,partial_state_load,0.0669956207275,2251,0,focus
wiki-Talk,128_128_128,project_all,1,thread_amx_setup,5.08642196655,64,0,focus
wiki-Talk,128_128_128,project_all,1,row_metadata,0.129222869873,586,0,focus
wiki-Talk,128_128_128,project_all,1,partial_init,0.250339508057,586,0,focus
wiki-Talk,128_128_128,project_all,1,csr_index,2.84576416016,110027,0,focus
wiki-Talk,128_128_128,project_all,1,cache_membership,0,0,0,focus
wiki-Talk,128_128_128,project_all,1,prefetch,3.30495834351,110027,0,focus
wiki-Talk,128_128_128,project_all,1,BF16_H_load,0,0,0,focus
wiki-Talk,128_128_128,project_all,1,BF16_decode,0,0,0,focus
wiki-Talk,128_128_128,project_all,1,cold_FP32_reduce,0,0,0,focus
wiki-Talk,128_128_128,project_all,1,FP32_Q_load,4.88519668579,110027,0,focus
wiki-Talk,128_128_128,project_all,1,hot_FP32_reduce,2.85577774048,110027,0,focus
wiki-Talk,128_128_128,project_all,1,partial_state_store,0.0689029693604,2251,0,focus
wiki-Talk,128_128_128,project_all,1,partial_hi_pack,0,0,0,focus
wiki-Talk,128_128_128,project_all,1,partial_lo_pack,0,0,0,focus
wiki-Talk,128_128_128,project_all,1,AMX_A_load,0.154256820679,4688,0,focus
wiki-Talk,128_128_128,project_all,1,AMX_B_load,0.38743019104,9376,0,focus
wiki-Talk,128_128_128,project_all,1,AMX_compute,0.509977340698,9376,0,focus
wiki-Talk,128_128_128,project_all,1,C_store,0.0669956207275,1172,0,focus
wiki-Talk,128_128_128,project_all,1,hot_cold_merge,7.09319114685,9361,0,focus
wiki-Talk,128_128_128,project_all,1,output_scatter,0.604629516602,9361,0,focus
wiki-Talk,128_128_128,project_all,1,cache_H_gather,0.309944152832,586,0,focus
wiki-Talk,128_128_128,project_all,1,cache_Q_store,0.316143035889,586,0,focus
wiki-Talk,128_128_128,project_all,1,thread_amx_release,0.00309944152832,64,0,focus
wiki-Talk,128_128_128,project_all,1,partial_state_load,0.0689029693604,2251,0,focus
wiki-Talk,128_128_128,project_all,2,thread_amx_setup,0.0472068786621,64,0,focus
wiki-Talk,128_128_128,project_all,2,row_metadata,0.0593662261963,586,0,focus
wiki-Talk,128_128_128,project_all,2,partial_init,0.0708103179932,586,0,focus
wiki-Talk,128_128_128,project_all,2,csr_index,2.92730331421,110027,0,focus
wiki-Talk,128_128_128,project_all,2,cache_membership,0,0,0,focus
wiki-Talk,128_128_128,project_all,2,prefetch,3.26824188232,110027,0,focus
wiki-Talk,128_128_128,project_all,2,BF16_H_load,0,0,0,focus
wiki-Talk,128_128_128,project_all,2,BF16_decode,0,0,0,focus
wiki-Talk,128_128_128,project_all,2,cold_FP32_reduce,0,0,0,focus
wiki-Talk,128_128_128,project_all,2,FP32_Q_load,4.01020050049,110027,0,focus
wiki-Talk,128_128_128,project_all,2,hot_FP32_reduce,2.81405448914,110027,0,focus
wiki-Talk,128_128_128,project_all,2,partial_state_store,0.065803527832,2251,0,focus
wiki-Talk,128_128_128,project_all,2,partial_hi_pack,0,0,0,focus
wiki-Talk,128_128_128,project_all,2,partial_lo_pack,0,0,0,focus
wiki-Talk,128_128_128,project_all,2,AMX_A_load,0.142335891724,4688,0,focus
wiki-Talk,128_128_128,project_all,2,AMX_B_load,0.367403030396,9376,0,focus
wiki-Talk,128_128_128,project_all,2,AMX_compute,0.52285194397,9376,0,focus
wiki-Talk,128_128_128,project_all,2,C_store,0.0686645507812,1172,0,focus
wiki-Talk,128_128_128,project_all,2,hot_cold_merge,0.355243682861,9361,0,focus
wiki-Talk,128_128_128,project_all,2,output_scatter,0.337362289429,9361,0,focus
wiki-Talk,128_128_128,project_all,2,cache_H_gather,0.276565551758,586,0,focus
wiki-Talk,128_128_128,project_all,2,cache_Q_store,0.331401824951,586,0,focus
wiki-Talk,128_128_128,project_all,2,thread_amx_release,0.00214576721191,64,0,focus
wiki-Talk,128_128_128,project_all,2,partial_state_load,0.0641345977783,2251,0,focus
wiki-Talk,128_128_128,project_used,1,thread_amx_setup,0.0712871551514,64,0,focus
wiki-Talk,128_128_128,project_used,1,row_metadata,0.0874996185303,586,0,focus
wiki-Talk,128_128_128,project_used,1,partial_init,0.319719314575,586,0,focus
wiki-Talk,128_128_128,project_used,1,csr_index,2.94041633606,110027,0,focus
wiki-Talk,128_128_128,project_used,1,cache_membership,2.9308795929,110027,0,focus
wiki-Talk,128_128_128,project_used,1,prefetch,4.45699691772,110027,0,focus
wiki-Talk,128_128_128,project_used,1,BF16_H_load,0,0,0,focus
wiki-Talk,128_128_128,project_used,1,BF16_decode,0,0,0,focus
wiki-Talk,128_128_128,project_used,1,cold_FP32_reduce,0,0,0,focus
wiki-Talk,128_128_128,project_used,1,FP32_Q_load,3.97038459778,110027,0,focus
wiki-Talk,128_128_128,project_used,1,hot_FP32_reduce,2.85029411316,110027,0,focus
wiki-Talk,128_128_128,project_used,1,partial_state_store,0.0615119934082,2251,0,focus
wiki-Talk,128_128_128,project_used,1,partial_hi_pack,0,0,0,focus
wiki-Talk,128_128_128,project_used,1,partial_lo_pack,0,0,0,focus
wiki-Talk,128_128_128,project_used,1,AMX_A_load,0.139236450195,4640,0,focus
wiki-Talk,128_128_128,project_used,1,AMX_B_load,0.345468521118,9280,0,focus
wiki-Talk,128_128_128,project_used,1,AMX_compute,0.554084777832,9280,0,focus
wiki-Talk,128_128_128,project_used,1,C_store,0.0607967376709,1160,0,focus
wiki-Talk,128_128_128,project_used,1,hot_cold_merge,6.71935081482,9361,0,focus
wiki-Talk,128_128_128,project_used,1,output_scatter,0.564098358154,9361,0,focus
wiki-Talk,128_128_128,project_used,1,cache_H_gather,0.362873077393,580,0,focus
wiki-Talk,128_128_128,project_used,1,cache_Q_store,0.349521636963,580,0,focus
wiki-Talk,128_128_128,project_used,1,thread_amx_release,0.00381469726562,64,0,focus
wiki-Talk,128_128_128,project_used,1,partial_state_load,0.108242034912,2251,0,focus
wiki-Talk,128_128_128,project_used,2,thread_amx_setup,0.0555515289307,64,0,focus
wiki-Talk,128_128_128,project_used,2,row_metadata,0.0486373901367,586,0,focus
wiki-Talk,128_128_128,project_used,2,partial_init,0.0984668731689,586,0,focus
wiki-Talk,128_128_128,project_used,2,csr_index,2.84361839294,110027,0,focus
wiki-Talk,128_128_128,project_used,2,cache_membership,2.84886360168,110027,0,focus
wiki-Talk,128_128_128,project_used,2,prefetch,4.47392463684,110027,0,focus
wiki-Talk,128_128_128,project_used,2,BF16_H_load,0,0,0,focus
wiki-Talk,128_128_128,project_used,2,BF16_decode,0,0,0,focus
wiki-Talk,128_128_128,project_used,2,cold_FP32_reduce,0,0,0,focus
wiki-Talk,128_128_128,project_used,2,FP32_Q_load,3.64065170288,110027,0,focus
wiki-Talk,128_128_128,project_used,2,hot_FP32_reduce,2.91085243225,110027,0,focus
wiki-Talk,128_128_128,project_used,2,partial_state_store,0.0684261322021,2251,0,focus
wiki-Talk,128_128_128,project_used,2,partial_hi_pack,0,0,0,focus
wiki-Talk,128_128_128,project_used,2,partial_lo_pack,0,0,0,focus
wiki-Talk,128_128_128,project_used,2,AMX_A_load,0.120401382446,4640,0,focus
wiki-Talk,128_128_128,project_used,2,AMX_B_load,0.367879867554,9280,0,focus
wiki-Talk,128_128_128,project_used,2,AMX_compute,0.557422637939,9280,0,focus
wiki-Talk,128_128_128,project_used,2,C_store,0.0684261322021,1160,0,focus
wiki-Talk,128_128_128,project_used,2,hot_cold_merge,0.395536422729,9361,0,focus
wiki-Talk,128_128_128,project_used,2,output_scatter,0.293970108032,9361,0,focus
wiki-Talk,128_128_128,project_used,2,cache_H_gather,0.372648239136,580,0,focus
wiki-Talk,128_128_128,project_used,2,cache_Q_store,0.343799591064,580,0,focus
wiki-Talk,128_128_128,project_used,2,thread_amx_release,0.000953674316406,64,0,focus
wiki-Talk,128_128_128,project_used,2,partial_state_load,0.0779628753662,2251,0,focus
wiki-Talk,128_128_128,project_used_L1_full_L2,1,thread_amx_setup,0.0784397125244,64,0,focus
wiki-Talk,128_128_128,project_used_L1_full_L2,1,row_metadata,0.103712081909,586,0,focus
wiki-Talk,128_128_128,project_used_L1_full_L2,1,partial_init,0.275850296021,586,0,focus
wiki-Talk,128_128_128,project_used_L1_full_L2,1,csr_index,2.95782089233,110027,0,focus
wiki-Talk,128_128_128,project_used_L1_full_L2,1,cache_membership,2.94184684753,110027,0,focus
wiki-Talk,128_128_128,project_used_L1_full_L2,1,prefetch,4.13489341736,110027,0,focus
wiki-Talk,128_128_128,project_used_L1_full_L2,1,BF16_H_load,0,0,0,focus
wiki-Talk,128_128_128,project_used_L1_full_L2,1,BF16_decode,0,0,0,focus
wiki-Talk,128_128_128,project_used_L1_full_L2,1,cold_FP32_reduce,0,0,0,focus
wiki-Talk,128_128_128,project_used_L1_full_L2,1,FP32_Q_load,4.20689582825,110027,0,focus
wiki-Talk,128_128_128,project_used_L1_full_L2,1,hot_FP32_reduce,2.82764434814,110027,0,focus
wiki-Talk,128_128_128,project_used_L1_full_L2,1,partial_state_store,0.0731945037842,2251,0,focus
wiki-Talk,128_128_128,project_used_L1_full_L2,1,partial_hi_pack,0,0,0,focus
wiki-Talk,128_128_128,project_used_L1_full_L2,1,partial_lo_pack,0,0,0,focus
wiki-Talk,128_128_128,project_used_L1_full_L2,1,AMX_A_load,0.151872634888,4640,0,focus
wiki-Talk,128_128_128,project_used_L1_full_L2,1,AMX_B_load,0.388860702515,9280,0,focus
wiki-Talk,128_128_128,project_used_L1_full_L2,1,AMX_compute,0.509738922119,9280,0,focus
wiki-Talk,128_128_128,project_used_L1_full_L2,1,C_store,0.0731945037842,1160,0,focus
wiki-Talk,128_128_128,project_used_L1_full_L2,1,hot_cold_merge,7.23791122437,9361,0,focus
wiki-Talk,128_128_128,project_used_L1_full_L2,1,output_scatter,0.637292861938,9361,0,focus
wiki-Talk,128_128_128,project_used_L1_full_L2,1,cache_H_gather,0.353336334229,580,0,focus
wiki-Talk,128_128_128,project_used_L1_full_L2,1,cache_Q_store,0.3342628479,580,0,focus
wiki-Talk,128_128_128,project_used_L1_full_L2,1,thread_amx_release,0.00381469726562,64,0,focus
wiki-Talk,128_128_128,project_used_L1_full_L2,1,partial_state_load,0.0922679901123,2251,0,focus
wiki-Talk,128_128_128,project_used_L1_full_L2,2,thread_amx_setup,0.0286102294922,32,0,focus
wiki-Talk,128_128_128,project_used_L1_full_L2,2,row_metadata,0.0796318054199,586,0,focus
wiki-Talk,128_128_128,project_used_L1_full_L2,2,partial_init,0.0760555267334,586,0,focus
wiki-Talk,128_128_128,project_used_L1_full_L2,2,csr_index,3.00478935242,110027,0,focus
wiki-Talk,128_128_128,project_used_L1_full_L2,2,cache_membership,0,0,0,focus
wiki-Talk,128_128_128,project_used_L1_full_L2,2,prefetch,3.04913520813,110027,0,focus
wiki-Talk,128_128_128,project_used_L1_full_L2,2,BF16_H_load,3.48734855652,110027,0,focus
wiki-Talk,128_128_128,project_used_L1_full_L2,2,BF16_decode,3.30686569214,110027,0,focus
wiki-Talk,128_128_128,project_used_L1_full_L2,2,cold_FP32_reduce,2.76160240173,110027,0,focus
wiki-Talk,128_128_128,project_used_L1_full_L2,2,FP32_Q_load,0,0,0,focus
wiki-Talk,128_128_128,project_used_L1_full_L2,2,hot_FP32_reduce,0,0,0,focus
wiki-Talk,128_128_128,project_used_L1_full_L2,2,partial_state_store,0.0753402709961,2251,0,focus
wiki-Talk,128_128_128,project_used_L1_full_L2,2,partial_hi_pack,0.14066696167,4736,0,focus
wiki-Talk,128_128_128,project_used_L1_full_L2,2,partial_lo_pack,0.133275985718,4736,0,focus
wiki-Talk,128_128_128,project_used_L1_full_L2,2,AMX_A_load,0.0264644622803,592,0,focus
wiki-Talk,128_128_128,project_used_L1_full_L2,2,AMX_B_load,0.06103515625,1184,0,focus
wiki-Talk,128_128_128,project_used_L1_full_L2,2,AMX_compute,0.135660171509,1184,0,focus
wiki-Talk,128_128_128,project_used_L1_full_L2,2,C_store,0.00786781311035,74,0,focus
wiki-Talk,128_128_128,project_used_L1_full_L2,2,hot_cold_merge,0,0,0,focus
wiki-Talk,128_128_128,project_used_L1_full_L2,2,output_scatter,0.608444213867,9361,0,focus
wiki-Talk,128_128_128,project_used_L1_full_L2,2,cache_H_gather,0,0,0,focus
wiki-Talk,128_128_128,project_used_L1_full_L2,2,cache_Q_store,0,0,0,focus
wiki-Talk,128_128_128,project_used_L1_full_L2,2,thread_amx_release,0.00596046447754,32,0,focus
wiki-Talk,128_128_128,project_used_L1_full_L2,2,partial_state_load,0.0743865966797,2251,0,focus
