dataset,graph,run,node,check_kind,method,boundary,reference,max_abs,mean_abs,relative_L2,normalized_max,finite,bitwise,gate,gate_type,checksum_actual,checksum_reference,checksum_algorithm,pass
diagnostic-10867492/mycielskian19,mycielskian19,diagnostic-10867492,qhcn064,CHECK,b64_bf16,layer1_FP32,own_math_oracle,0.3984375,0.000119629081428,3.19339958797e-06,2.2144518602e-05,1,0,0.01,relative_L2_and_normalized_max,5aa5120862a4cee5,6878de5759112bcf,indexed_splitmix64_xor,1
diagnostic-10867492/mycielskian19,mycielskian19,diagnostic-10867492,qhcn064,CHECK,b64_bf16,kernel_FP32,original_TFS,53.53125,0.441249271908,0.00307224794212,0.00296637405903,1,0,0.01,relative_L2_and_normalized_max,5aa5120862a4cee5,73446d066907ab53,indexed_splitmix64_xor,1
diagnostic-10867492/mycielskian19,mycielskian19,diagnostic-10867492,qhcn064,CHECK,b64_bf16,layer2_FP32_actual_input,own_math_oracle,6176,4.73112036784,2.90625933489e-06,2.13196604717e-05,1,0,0.01,relative_L2_and_normalized_max,a2d8e767f7abc22f,c4f0644a21ee03b0,indexed_splitmix64_xor,1
diagnostic-10867492/mycielskian19,mycielskian19,diagnostic-10867492,qhcn064,CHECK,b64_bf16,e2e_FP32_final,own_math_oracle,5920,98.6557326581,3.11624150749e-05,2.04359394606e-05,1,0,0.01,relative_L2_and_normalized_max,a2d8e767f7abc22f,6b0c106a9a579d57,indexed_splitmix64_xor,1
diagnostic-10867492/mycielskian19,mycielskian19,diagnostic-10867492,qhcn064,CHECK,b64_bf16,e2e_FP32_final,original_TFS,1630688,24497.4466493,0.00562924062475,0.00559769409144,1,0,0.01,relative_L2_and_normalized_max,a2d8e767f7abc22f,f60be9dda10837ec,indexed_splitmix64_xor,1
diagnostic-10867492/mycielskian19,mycielskian19,diagnostic-10867492,qhcn064,CHECK,b64_bf16,e2e_BF16_final,own_math_oracle,524288,98.2889403071,0.000248575625881,0.0018115942029,1,0,0.02,relative_L2_and_normalized_max,41c007c3f7bc1847,104277bc5c484c12,indexed_splitmix64_xor,1
diagnostic-10867492/mycielskian19,mycielskian19,diagnostic-10867492,qhcn064,CHECK,b64_bf16,e2e_BF16_final,original_TFS,2097152,24432.4311723,0.00600570842091,0.00724637681159,1,0,0.02,relative_L2_and_normalized_max,41c007c3f7bc1847,17605bb0cd96b8fb,indexed_splitmix64_xor,1
diagnostic-10867492/mycielskian19,mycielskian19,diagnostic-10867492,qhcn064,CHECK,b64_bf16,e2e_BF16_final,source_MKL_FP32,6012768,70880.202984,0.016537247198,0.0204650815275,1,0,0.03,relative_L2_and_normalized_max,41c007c3f7bc1847,22af6d3bb5ba7ed7,indexed_splitmix64_xor,1
diagnostic-10867492/mycielskian19,mycielskian19,diagnostic-10867492,qhcn064,CHECK,b64_fp32,layer1_FP32,own_math_oracle,0.3447265625,0.000119456263638,3.16484562687e-06,1.91560693265e-05,1,0,0.01,relative_L2_and_normalized_max,6743b2bb3a3286a5,165ac2abbfcfb73c,indexed_splitmix64_xor,1
diagnostic-10867492/mycielskian19,mycielskian19,diagnostic-10867492,qhcn064,CHECK,b64_fp32,layer2_FP32_actual_input,own_math_oracle,8320,4.74864647126,2.9251081978e-06,2.85992578493e-05,1,0,0.01,relative_L2_and_normalized_max,09dfaf893b65f40b,fcd6400448884f51,indexed_splitmix64_xor,1
diagnostic-10867492/mycielskian19,mycielskian19,diagnostic-10867492,qhcn064,CHECK,b64_fp32,e2e_FP32_final,own_math_oracle,8320,24.0266050132,1.27702695895e-05,2.85992704326e-05,1,0,0.01,relative_L2_and_normalized_max,09dfaf893b65f40b,f645908e533a46c3,indexed_splitmix64_xor,1
diagnostic-10867492/mycielskian19,mycielskian19,diagnostic-10867492,qhcn064,CHECK,b64_fp32,e2e_BF16_final,own_math_oracle,524288,23.8075051738,0.000144052995736,0.0018115942029,1,0,0.02,relative_L2_and_normalized_max,c1ffabac8c31789d,bab8dbb4f8a69797,indexed_splitmix64_xor,1
diagnostic-10867492/mycielskian19,mycielskian19,diagnostic-10867492,qhcn064,CHECK,full_bf16,layer1_FP32,own_math_oracle,0.00390625,7.07469509677e-06,7.3213166973e-08,2.17222390328e-07,1,0,0.01,relative_L2_and_normalized_max,c071d7f4d237c5c4,6d2bb44e168ba686,indexed_splitmix64_xor,1
diagnostic-10867492/mycielskian19,mycielskian19,diagnostic-10867492,qhcn064,CHECK,full_bf16,kernel_FP32,original_TFS,72.32421875,0.453115868829,0.003259883094,0.00400776530232,1,0,0.01,relative_L2_and_normalized_max,c071d7f4d237c5c4,73446d066907ab53,indexed_splitmix64_xor,1
diagnostic-10867492/mycielskian19,mycielskian19,diagnostic-10867492,qhcn064,CHECK,full_bf16,layer2_FP32_actual_input,own_math_oracle,32,0.296227617971,8.19653083684e-08,1.10401791865e-07,1,0,0.01,relative_L2_and_normalized_max,8e526e0bb7764e71,3057c0c0da4c14d7,indexed_splitmix64_xor,1
diagnostic-10867492/mycielskian19,mycielskian19,diagnostic-10867492,qhcn064,CHECK,full_bf16,e2e_FP32_final,own_math_oracle,32768,4.57001518839,2.49243689426e-05,0.00011305143487,1,0,0.01,relative_L2_and_normalized_max,8e526e0bb7764e71,bcc8427592a52f1d,indexed_splitmix64_xor,1
diagnostic-10867492/mycielskian19,mycielskian19,diagnostic-10867492,qhcn064,CHECK,full_bf16,e2e_FP32_final,original_TFS,1773728,25575.3728534,0.00588971972333,0.00608871025323,1,0,0.01,relative_L2_and_normalized_max,8e526e0bb7764e71,f60be9dda10837ec,indexed_splitmix64_xor,1
diagnostic-10867492/mycielskian19,mycielskian19,diagnostic-10867492,qhcn064,CHECK,full_bf16,e2e_BF16_final,own_math_oracle,262144,4.55970175986,5.45691910214e-05,0.000905797101449,1,0,0.02,relative_L2_and_normalized_max,0fdcc5e0796d6009,01b05a27b61962c4,indexed_splitmix64_xor,1
diagnostic-10867492/mycielskian19,mycielskian19,diagnostic-10867492,qhcn064,CHECK,full_bf16,e2e_BF16_final,original_TFS,2097152,25506.0948911,0.00629538593344,0.00724637681159,1,0,0.02,relative_L2_and_normalized_max,0fdcc5e0796d6009,17605bb0cd96b8fb,indexed_splitmix64_xor,1
diagnostic-10867492/mycielskian19,mycielskian19,diagnostic-10867492,qhcn064,CHECK,full_bf16,e2e_BF16_final,source_MKL_FP32,6012768,71300.1778745,0.0166271367838,0.0204650815275,1,0,0.03,relative_L2_and_normalized_max,0fdcc5e0796d6009,22af6d3bb5ba7ed7,indexed_splitmix64_xor,1
diagnostic-10867492/mycielskian19,mycielskian19,diagnostic-10867492,qhcn064,CHECK,full_fp32,layer1_FP32,own_math_oracle,0.00390625,7.08293894136e-06,7.30324601625e-08,2.1726075897e-07,1,0,0.01,relative_L2_and_normalized_max,337f68d07fb1e90d,7adc7118f00de6b9,indexed_splitmix64_xor,1
diagnostic-10867492/mycielskian19,mycielskian19,diagnostic-10867492,qhcn064,CHECK,full_fp32,layer2_FP32_actual_input,own_math_oracle,32,0.296650058263,8.18342009412e-08,1.10054369059e-07,1,0,0.01,relative_L2_and_normalized_max,3e82283786a888a6,d282a72a26212c9d,indexed_splitmix64_xor,1
diagnostic-10867492/mycielskian19,mycielskian19,diagnostic-10867492,qhcn064,CHECK,full_fp32,e2e_FP32_final,own_math_oracle,32385,1.42876739635,1.22476033657e-05,0.000111378460687,1,0,0.01,relative_L2_and_normalized_max,3e82283786a888a6,d0631254a5c5d7c4,indexed_splitmix64_xor,1
diagnostic-10867492/mycielskian19,mycielskian19,diagnostic-10867492,qhcn064,CHECK,full_fp32,e2e_BF16_final,own_math_oracle,524288,1.3888596499,3.55239629829e-05,0.0018115942029,1,0,0.02,relative_L2_and_normalized_max,c72e1d737bd3dddf,44cfa1a07d0418fc,indexed_splitmix64_xor,1
diagnostic-10867492/mycielskian19,mycielskian19,diagnostic-10867492,qhcn064,EQ,b64_fp32,matched_layer1_FP32,b64_bf16,0,0,0,0,1,1,0,bitwise,5aa5120862a4cee5,5aa5120862a4cee5,indexed_splitmix64_xor,1
diagnostic-10867492/mycielskian19,mycielskian19,diagnostic-10867492,qhcn064,EQ,b64_fp32,matched_layer2_FP32,b64_bf16,0,0,0,0,1,1,0,bitwise,a2d8e767f7abc22f,a2d8e767f7abc22f,indexed_splitmix64_xor,1
diagnostic-10867492/mycielskian19,mycielskian19,diagnostic-10867492,qhcn064,EQ,b64_fp32,matched_layer2_BF16,b64_bf16,0,0,0,0,1,1,0,bitwise,41c007c3f7bc1847,41c007c3f7bc1847,indexed_splitmix64_xor,1
diagnostic-10867492/mycielskian19,mycielskian19,diagnostic-10867492,qhcn064,EQ,full_fp32,matched_layer1_FP32,full_bf16,0,0,0,0,1,1,0,bitwise,c071d7f4d237c5c4,c071d7f4d237c5c4,indexed_splitmix64_xor,1
diagnostic-10867492/mycielskian19,mycielskian19,diagnostic-10867492,qhcn064,EQ,full_fp32,matched_layer2_FP32,full_bf16,0,0,0,0,1,1,0,bitwise,8e526e0bb7764e71,8e526e0bb7764e71,indexed_splitmix64_xor,1
diagnostic-10867492/mycielskian19,mycielskian19,diagnostic-10867492,qhcn064,EQ,full_fp32,matched_layer2_BF16,full_bf16,0,0,0,0,1,1,0,bitwise,0fdcc5e0796d6009,0fdcc5e0796d6009,indexed_splitmix64_xor,1
diagnostic-10867492/mycielskian19,mycielskian19,diagnostic-10867492,qhcn064,DIFF,b64_fp32,layer1_FP32,BF16_same_B_native,23.2939453125,0.452248878503,0.00272219619992,0.00129464821206,1,0,0,report_only,6743b2bb3a3286a5,5aa5120862a4cee5,indexed_splitmix64_xor,1
diagnostic-10867492/mycielskian19,mycielskian19,diagnostic-10867492,qhcn064,DIFF,b64_fp32,e2e_FP32_final,BF16_same_B_native,1229472,14661.4612963,0.00357737214373,0.00424414065348,1,0,0,report_only,09dfaf893b65f40b,a2d8e767f7abc22f,indexed_splitmix64_xor,1
diagnostic-10867492/mycielskian19,mycielskian19,diagnostic-10867492,qhcn064,DIFF,b64_fp32,e2e_BF16_final,BF16_same_B_native,2097152,14623.2447121,0.00445508790037,0.00724637681159,1,0,0,report_only,c1ffabac8c31789d,41c007c3f7bc1847,indexed_splitmix64_xor,1
diagnostic-10867492/mycielskian19,mycielskian19,diagnostic-10867492,qhcn064,DIFF,full_fp32,layer1_FP32,BF16_same_B_native,45.5754394531,0.467368298441,0.00294280706836,0.00253440150996,1,0,0,report_only,337f68d07fb1e90d,c071d7f4d237c5c4,indexed_splitmix64_xor,1
diagnostic-10867492/mycielskian19,mycielskian19,diagnostic-10867492,qhcn064,DIFF,full_fp32,e2e_FP32_final,BF16_same_B_native,1461392,18555.2434506,0.00446934734117,0.0050418842318,1,0,0,report_only,3e82283786a888a6,8e526e0bb7764e71,indexed_splitmix64_xor,1
diagnostic-10867492/mycielskian19,mycielskian19,diagnostic-10867492,qhcn064,DIFF,full_fp32,e2e_BF16_final,BF16_same_B_native,2097152,18503.2098689,0.00509919715867,0.00724637681159,1,0,0,report_only,c72e1d737bd3dddf,0fdcc5e0796d6009,indexed_splitmix64_xor,1
diagnostic-10867492/mycielskian19,mycielskian19,diagnostic-10867492,qhcn064,PROFILE_GATE,b64_bf16,layer1_FP32,uninstrumented_same_method,0,0,0,0,1,1,0,bitwise,5aa5120862a4cee5,5aa5120862a4cee5,indexed_splitmix64_xor,1
diagnostic-10867492/mycielskian19,mycielskian19,diagnostic-10867492,qhcn064,PROFILE_GATE,b64_bf16,layer2_BF16,uninstrumented_same_method,0,0,0,0,1,1,0,bitwise,41c007c3f7bc1847,41c007c3f7bc1847,indexed_splitmix64_xor,1
diagnostic-10867492/mycielskian19,mycielskian19,diagnostic-10867492,qhcn064,PROFILE_GATE,b64_fp32,layer1_FP32,uninstrumented_same_method,0,0,0,0,1,1,0,bitwise,6743b2bb3a3286a5,6743b2bb3a3286a5,indexed_splitmix64_xor,1
diagnostic-10867492/mycielskian19,mycielskian19,diagnostic-10867492,qhcn064,PROFILE_GATE,b64_fp32,layer2_BF16,uninstrumented_same_method,0,0,0,0,1,1,0,bitwise,c1ffabac8c31789d,c1ffabac8c31789d,indexed_splitmix64_xor,1
diagnostic-10867492/mycielskian19,mycielskian19,diagnostic-10867492,qhcn064,PROFILE_GATE,full_bf16,layer1_FP32,uninstrumented_same_method,0,0,0,0,1,1,0,bitwise,c071d7f4d237c5c4,c071d7f4d237c5c4,indexed_splitmix64_xor,1
diagnostic-10867492/mycielskian19,mycielskian19,diagnostic-10867492,qhcn064,PROFILE_GATE,full_bf16,layer2_BF16,uninstrumented_same_method,0,0,0,0,1,1,0,bitwise,0fdcc5e0796d6009,0fdcc5e0796d6009,indexed_splitmix64_xor,1
diagnostic-10867492/mycielskian19,mycielskian19,diagnostic-10867492,qhcn064,PROFILE_GATE,full_fp32,layer1_FP32,uninstrumented_same_method,0,0,0,0,1,1,0,bitwise,337f68d07fb1e90d,337f68d07fb1e90d,indexed_splitmix64_xor,1
diagnostic-10867492/mycielskian19,mycielskian19,diagnostic-10867492,qhcn064,PROFILE_GATE,full_fp32,layer2_BF16,uninstrumented_same_method,0,0,0,0,1,1,0,bitwise,c72e1d737bd3dddf,c72e1d737bd3dddf,indexed_splitmix64_xor,1
diagnostic-10867492/ogbn-products,ogbn-products,diagnostic-10867492,qhcn064,CHECK,b64_bf16,layer1_FP32,own_math_oracle,0.01123046875,1.54203199191e-06,2.16196782466e-07,4.39945228732e-06,1,0,0.01,relative_L2_and_normalized_max,dce19cadcce983eb,8b7c9321d4b52d4e,indexed_splitmix64_xor,1
diagnostic-10867492/ogbn-products,ogbn-products,diagnostic-10867492,qhcn064,CHECK,b64_bf16,kernel_FP32,original_TFS,7.42822265625,0.0565590515441,0.00328826619572,0.00290152025128,1,0,0.01,relative_L2_and_normalized_max,dce19cadcce983eb,281c679d172acfb2,indexed_splitmix64_xor,1
diagnostic-10867492/ogbn-products,ogbn-products,diagnostic-10867492,qhcn064,CHECK,b64_bf16,layer2_FP32_actual_input,own_math_oracle,31,0.000707799386179,6.1610187207e-07,4.86355492762e-06,1,0,0.01,relative_L2_and_normalized_max,1ead2d6e633fb12c,910f9c5149aa5473,indexed_splitmix64_xor,1
diagnostic-10867492/ogbn-products,ogbn-products,diagnostic-10867492,qhcn064,CHECK,b64_bf16,e2e_FP32_final,own_math_oracle,63.994140625,0.0133343024436,2.16088052432e-05,1.00399714721e-05,1,0,0.01,relative_L2_and_normalized_max,1ead2d6e633fb12c,3369818c75c67c36,indexed_splitmix64_xor,1
diagnostic-10867492/ogbn-products,ogbn-products,diagnostic-10867492,qhcn064,CHECK,b64_bf16,e2e_FP32_final,original_TFS,35613,36.1791278913,0.00571474087541,0.00555625806855,1,0,0.01,relative_L2_and_normalized_max,1ead2d6e633fb12c,1ab0b3a71a5fedcc,indexed_splitmix64_xor,1
diagnostic-10867492/ogbn-products,ogbn-products,diagnostic-10867492,qhcn064,CHECK,b64_bf16,e2e_BF16_final,own_math_oracle,4096,0.0131683068881,9.41794401706e-05,0.000644329896907,1,0,0.02,relative_L2_and_normalized_max,9313093e457ffbd9,08baf30d6997285b,indexed_splitmix64_xor,1
diagnostic-10867492/ogbn-products,ogbn-products,diagnostic-10867492,qhcn064,CHECK,b64_bf16,e2e_BF16_final,original_TFS,32768,36.0753509035,0.00609675543231,0.00512820512821,1,0,0.02,relative_L2_and_normalized_max,9313093e457ffbd9,d3eb831a71fa4eba,indexed_splitmix64_xor,1
diagnostic-10867492/ogbn-products,ogbn-products,diagnostic-10867492,qhcn064,CHECK,b64_bf16,e2e_BF16_final,source_MKL_FP32,120561.5,114.44889789,0.0182746867585,0.018612196719,1,0,0.03,relative_L2_and_normalized_max,9313093e457ffbd9,8428024dfd3c62ba,indexed_splitmix64_xor,1
diagnostic-10867492/ogbn-products,ogbn-products,diagnostic-10867492,qhcn064,CHECK,b64_fp32,layer1_FP32,own_math_oracle,0.0057373046875,1.596954631e-06,2.1687001716e-07,2.24520162197e-06,1,0,0.01,relative_L2_and_normalized_max,b9971d8604fbb15d,fa61901a21b1cd34,indexed_splitmix64_xor,1
diagnostic-10867492/ogbn-products,ogbn-products,diagnostic-10867492,qhcn064,CHECK,b64_fp32,layer2_FP32_actual_input,own_math_oracle,29.5,0.000711367750694,6.2197948879e-07,4.60482018528e-06,1,0,0.01,relative_L2_and_normalized_max,511e059c3e99c530,a688202e5241fbe3,indexed_splitmix64_xor,1
diagnostic-10867492/ogbn-products,ogbn-products,diagnostic-10867492,qhcn064,CHECK,b64_fp32,e2e_FP32_final,own_math_oracle,126.5,0.00689741278091,1.44078743486e-05,1.97460933369e-05,1,0,0.01,relative_L2_and_normalized_max,511e059c3e99c530,891d74a381d6aa65,indexed_splitmix64_xor,1
diagnostic-10867492/ogbn-products,ogbn-products,diagnostic-10867492,qhcn064,CHECK,b64_fp32,e2e_BF16_final,own_math_oracle,4096,0.00696032197601,7.23170056866e-05,0.000641025641026,1,0,0.02,relative_L2_and_normalized_max,d7aee77b237901d3,132accf30778b341,indexed_splitmix64_xor,1
diagnostic-10867492/ogbn-products,ogbn-products,diagnostic-10867492,qhcn064,CHECK,full_bf16,layer1_FP32,own_math_oracle,0.000244140625,8.82856299296e-07,7.71500614691e-08,9.54940830434e-08,1,0,0.01,relative_L2_and_normalized_max,22d40bb0be038794,8e13b7fc871c5087,indexed_splitmix64_xor,1
diagnostic-10867492/ogbn-products,ogbn-products,diagnostic-10867492,qhcn064,CHECK,full_bf16,kernel_FP32,original_TFS,6.76220703125,0.0565733405329,0.00329457783311,0.00264136948399,1,0,0.01,relative_L2_and_normalized_max,22d40bb0be038794,281c679d172acfb2,indexed_splitmix64_xor,1
diagnostic-10867492/ogbn-products,ogbn-products,diagnostic-10867492,qhcn064,CHECK,full_bf16,layer2_FP32_actual_input,own_math_oracle,0.5,0.000211008380427,5.62131437504e-08,7.84177678351e-08,1,0,0.01,relative_L2_and_normalized_max,af15c2141ce07b7f,2ba3f3a3c611c196,indexed_splitmix64_xor,1
diagnostic-10867492/ogbn-products,ogbn-products,diagnostic-10867492,qhcn064,CHECK,full_bf16,e2e_FP32_final,own_math_oracle,128.00390625,0.0040020814727,1.51851179694e-05,2.00755612046e-05,1,0,0.01,relative_L2_and_normalized_max,af15c2141ce07b7f,d24198119fbd34b4,indexed_splitmix64_xor,1
diagnostic-10867492/ogbn-products,ogbn-products,diagnostic-10867492,qhcn064,CHECK,full_bf16,e2e_FP32_final,original_TFS,35290.5,36.7816148971,0.00588307246424,0.00550594236285,1,0,0.01,relative_L2_and_normalized_max,af15c2141ce07b7f,1ab0b3a71a5fedcc,indexed_splitmix64_xor,1
diagnostic-10867492/ogbn-products,ogbn-products,diagnostic-10867492,qhcn064,CHECK,full_bf16,e2e_BF16_final,own_math_oracle,2048,0.00401468408306,4.33989956197e-05,0.000322164948454,1,0,0.02,relative_L2_and_normalized_max,ffa66c1420fc5eeb,16193e66f5a5d77b,indexed_splitmix64_xor,1
diagnostic-10867492/ogbn-products,ogbn-products,diagnostic-10867492,qhcn064,CHECK,full_bf16,e2e_BF16_final,original_TFS,32768,36.6786260634,0.00628402291847,0.00512820512821,1,0,0.02,relative_L2_and_normalized_max,ffa66c1420fc5eeb,d3eb831a71fa4eba,indexed_splitmix64_xor,1
diagnostic-10867492/ogbn-products,ogbn-products,diagnostic-10867492,qhcn064,CHECK,full_bf16,e2e_BF16_final,source_MKL_FP32,120561.5,114.659691528,0.0183357711407,0.018612196719,1,0,0.03,relative_L2_and_normalized_max,ffa66c1420fc5eeb,8428024dfd3c62ba,indexed_splitmix64_xor,1
diagnostic-10867492/ogbn-products,ogbn-products,diagnostic-10867492,qhcn064,CHECK,full_fp32,layer1_FP32,own_math_oracle,0.0003662109375,9.22749642948e-07,7.79342941822e-08,1.43341596499e-07,1,0,0.01,relative_L2_and_normalized_max,b1a432c1c2bab744,7dbb64da2e33ba34,indexed_splitmix64_xor,1
diagnostic-10867492/ogbn-products,ogbn-products,diagnostic-10867492,qhcn064,CHECK,full_fp32,layer2_FP32_actual_input,own_math_oracle,0.5,0.000212070298218,5.61752871435e-08,7.80283058603e-08,1,0,0.01,relative_L2_and_normalized_max,d9284c06b7577599,d20fe90fbf32d551,indexed_splitmix64_xor,1
diagnostic-10867492/ogbn-products,ogbn-products,diagnostic-10867492,qhcn064,CHECK,full_fp32,e2e_FP32_final,own_math_oracle,126.5,0.00232836938322,1.14468977808e-05,1.97411613827e-05,1,0,0.01,relative_L2_and_normalized_max,d9284c06b7577599,402293a107c535e3,indexed_splitmix64_xor,1
diagnostic-10867492/ogbn-products,ogbn-products,diagnostic-10867492,qhcn064,CHECK,full_fp32,e2e_BF16_final,own_math_oracle,1024,0.00228986247857,3.16895317585e-05,0.000160256410256,1,0,0.02,relative_L2_and_normalized_max,593f18f504f2897b,d1a06219b4da4b51,indexed_splitmix64_xor,1
diagnostic-10867492/ogbn-products,ogbn-products,diagnostic-10867492,qhcn064,EQ,b64_fp32,matched_layer1_FP32,b64_bf16,0,0,0,0,1,1,0,bitwise,dce19cadcce983eb,dce19cadcce983eb,indexed_splitmix64_xor,1
diagnostic-10867492/ogbn-products,ogbn-products,diagnostic-10867492,qhcn064,EQ,b64_fp32,matched_layer2_FP32,b64_bf16,0,0,0,0,1,1,0,bitwise,1ead2d6e633fb12c,1ead2d6e633fb12c,indexed_splitmix64_xor,1
diagnostic-10867492/ogbn-products,ogbn-products,diagnostic-10867492,qhcn064,EQ,b64_fp32,matched_layer2_BF16,b64_bf16,0,0,0,0,1,1,0,bitwise,9313093e457ffbd9,9313093e457ffbd9,indexed_splitmix64_xor,1
diagnostic-10867492/ogbn-products,ogbn-products,diagnostic-10867492,qhcn064,EQ,full_fp32,matched_layer1_FP32,full_bf16,0,0,0,0,1,1,0,bitwise,22d40bb0be038794,22d40bb0be038794,indexed_splitmix64_xor,1
diagnostic-10867492/ogbn-products,ogbn-products,diagnostic-10867492,qhcn064,EQ,full_fp32,matched_layer2_FP32,full_bf16,0,0,0,0,1,1,0,bitwise,af15c2141ce07b7f,af15c2141ce07b7f,indexed_splitmix64_xor,1
diagnostic-10867492/ogbn-products,ogbn-products,diagnostic-10867492,qhcn064,EQ,full_fp32,matched_layer2_BF16,full_bf16,0,0,0,0,1,1,0,bitwise,ffa66c1420fc5eeb,ffa66c1420fc5eeb,indexed_splitmix64_xor,1
diagnostic-10867492/ogbn-products,ogbn-products,diagnostic-10867492,qhcn064,DIFF,b64_fp32,layer1_FP32,BF16_same_B_native,5.50410461426,0.0660106863799,0.00382370241399,0.00215620137568,1,0,0,report_only,b9971d8604fbb15d,dce19cadcce983eb,indexed_splitmix64_xor,1
diagnostic-10867492/ogbn-products,ogbn-products,diagnostic-10867492,qhcn064,DIFF,b64_fp32,e2e_FP32_final,BF16_same_B_native,32432,33.6256647605,0.0052473943691,0.00508823734983,1,0,0,report_only,511e059c3e99c530,1ead2d6e633fb12c,indexed_splitmix64_xor,1
diagnostic-10867492/ogbn-products,ogbn-products,diagnostic-10867492,qhcn064,DIFF,b64_fp32,e2e_BF16_final,BF16_same_B_native,32768,33.5286421398,0.0057222862812,0.00515463917526,1,0,0,report_only,d7aee77b237901d3,9313093e457ffbd9,indexed_splitmix64_xor,1
diagnostic-10867492/ogbn-products,ogbn-products,diagnostic-10867492,qhcn064,DIFF,full_fp32,layer1_FP32,BF16_same_B_native,6.3505859375,0.0660207974416,0.00383046836765,0.00248399208812,1,0,0,report_only,b1a432c1c2bab744,22d40bb0be038794,indexed_splitmix64_xor,1
diagnostic-10867492/ogbn-products,ogbn-products,diagnostic-10867492,qhcn064,DIFF,full_fp32,e2e_FP32_final,BF16_same_B_native,40164,34.6920567834,0.00555476424802,0.00629914196069,1,0,0,report_only,d9284c06b7577599,af15c2141ce07b7f,indexed_splitmix64_xor,1
diagnostic-10867492/ogbn-products,ogbn-products,diagnostic-10867492,qhcn064,DIFF,full_fp32,e2e_BF16_final,BF16_same_B_native,32768,34.5953742439,0.00602533238227,0.00515463917526,1,0,0,report_only,593f18f504f2897b,ffa66c1420fc5eeb,indexed_splitmix64_xor,1
diagnostic-10867492/ogbn-products,ogbn-products,diagnostic-10867492,qhcn064,PROFILE_GATE,b64_bf16,layer1_FP32,uninstrumented_same_method,0,0,0,0,1,1,0,bitwise,dce19cadcce983eb,dce19cadcce983eb,indexed_splitmix64_xor,1
diagnostic-10867492/ogbn-products,ogbn-products,diagnostic-10867492,qhcn064,PROFILE_GATE,b64_bf16,layer2_BF16,uninstrumented_same_method,0,0,0,0,1,1,0,bitwise,9313093e457ffbd9,9313093e457ffbd9,indexed_splitmix64_xor,1
diagnostic-10867492/ogbn-products,ogbn-products,diagnostic-10867492,qhcn064,PROFILE_GATE,b64_fp32,layer1_FP32,uninstrumented_same_method,0,0,0,0,1,1,0,bitwise,b9971d8604fbb15d,b9971d8604fbb15d,indexed_splitmix64_xor,1
diagnostic-10867492/ogbn-products,ogbn-products,diagnostic-10867492,qhcn064,PROFILE_GATE,b64_fp32,layer2_BF16,uninstrumented_same_method,0,0,0,0,1,1,0,bitwise,d7aee77b237901d3,d7aee77b237901d3,indexed_splitmix64_xor,1
diagnostic-10867492/ogbn-products,ogbn-products,diagnostic-10867492,qhcn064,PROFILE_GATE,full_bf16,layer1_FP32,uninstrumented_same_method,0,0,0,0,1,1,0,bitwise,22d40bb0be038794,22d40bb0be038794,indexed_splitmix64_xor,1
diagnostic-10867492/ogbn-products,ogbn-products,diagnostic-10867492,qhcn064,PROFILE_GATE,full_bf16,layer2_BF16,uninstrumented_same_method,0,0,0,0,1,1,0,bitwise,ffa66c1420fc5eeb,ffa66c1420fc5eeb,indexed_splitmix64_xor,1
diagnostic-10867492/ogbn-products,ogbn-products,diagnostic-10867492,qhcn064,PROFILE_GATE,full_fp32,layer1_FP32,uninstrumented_same_method,0,0,0,0,1,1,0,bitwise,b1a432c1c2bab744,b1a432c1c2bab744,indexed_splitmix64_xor,1
diagnostic-10867492/ogbn-products,ogbn-products,diagnostic-10867492,qhcn064,PROFILE_GATE,full_fp32,layer2_BF16,uninstrumented_same_method,0,0,0,0,1,1,0,bitwise,593f18f504f2897b,593f18f504f2897b,indexed_splitmix64_xor,1
diagnostic-10867492/reddit,reddit,diagnostic-10867492,qhcn064,CHECK,b64_bf16,layer1_FP32,own_math_oracle,0.0126953125,1.6956329795e-05,6.67670850026e-07,5.24611121917e-06,1,0,0.01,relative_L2_and_normalized_max,09647ce158037e02,abfd534d15a9adcd,indexed_splitmix64_xor,1
diagnostic-10867492/reddit,reddit,diagnostic-10867492,qhcn064,CHECK,b64_bf16,kernel_FP32,original_TFS,8.90112304688,0.183179182394,0.00324800577591,0.00367094945782,1,0,0.01,relative_L2_and_normalized_max,09647ce158037e02,2df40fdb3b101f00,indexed_splitmix64_xor,1
diagnostic-10867492/reddit,reddit,diagnostic-10867492,qhcn064,CHECK,b64_bf16,layer2_FP32_actual_input,own_math_oracle,202,0.117233502049,1.2651211428e-06,6.2360222032e-06,1,0,0.01,relative_L2_and_normalized_max,18a55e3d416269c4,d7b6693d7ac71e9d,indexed_splitmix64_xor,1
diagnostic-10867492/reddit,reddit,diagnostic-10867492,qhcn064,CHECK,b64_bf16,e2e_FP32_final,own_math_oracle,229.375,1.14587879168,9.06313691922e-06,7.08112757174e-06,1,0,0.01,relative_L2_and_normalized_max,18a55e3d416269c4,bdcadf72ca6d7507,indexed_splitmix64_xor,1
diagnostic-10867492/reddit,reddit,diagnostic-10867492,qhcn064,CHECK,b64_bf16,e2e_FP32_final,original_TFS,184064,1319.41411569,0.00560537092091,0.00565019721848,1,0,0.01,relative_L2_and_normalized_max,18a55e3d416269c4,39e0d278a6da77da,indexed_splitmix64_xor,1
diagnostic-10867492/reddit,reddit,diagnostic-10867492,qhcn064,CHECK,b64_bf16,e2e_BF16_final,own_math_oracle,65536,1.12211079664,0.000135194617945,0.00202429149798,1,0,0.02,relative_L2_and_normalized_max,3bc695c8144fdbd0,e8ac8c9007ce6ba8,indexed_splitmix64_xor,1
diagnostic-10867492/reddit,reddit,diagnostic-10867492,qhcn064,CHECK,b64_bf16,e2e_BF16_final,original_TFS,262144,1315.41576132,0.00598069542562,0.00806451612903,1,0,0.02,relative_L2_and_normalized_max,3bc695c8144fdbd0,a07a3580ddbd51b3,indexed_splitmix64_xor,1
diagnostic-10867492/reddit,reddit,diagnostic-10867492,qhcn064,CHECK,b64_bf16,e2e_BF16_final,source_MKL_FP32,586268,4128.18090512,0.017462511111,0.0178226874432,1,0,0.03,relative_L2_and_normalized_max,3bc695c8144fdbd0,124ffecf035c0b2d,indexed_splitmix64_xor,1
diagnostic-10867492/reddit,reddit,diagnostic-10867492,qhcn064,CHECK,b64_fp32,layer1_FP32,own_math_oracle,0.0107421875,1.70172421588e-05,6.63876426254e-07,4.4393530894e-06,1,0,0.01,relative_L2_and_normalized_max,b458f81b7c47e977,8880c3ce776b5d29,indexed_splitmix64_xor,1
diagnostic-10867492/reddit,reddit,diagnostic-10867492,qhcn064,CHECK,b64_fp32,layer2_FP32_actual_input,own_math_oracle,184,0.117700131145,1.25887558412e-06,5.65504368736e-06,1,0,0.01,relative_L2_and_normalized_max,eef147f20e50dde9,6140f986a7d4d677,indexed_splitmix64_xor,1
diagnostic-10867492/reddit,reddit,diagnostic-10867492,qhcn064,CHECK,b64_fp32,e2e_FP32_final,own_math_oracle,256,0.498862125646,5.69921533524e-06,7.86788783662e-06,1,0,0.01,relative_L2_and_normalized_max,eef147f20e50dde9,541297023671c410,indexed_splitmix64_xor,1
diagnostic-10867492/reddit,reddit,diagnostic-10867492,qhcn064,CHECK,b64_fp32,e2e_BF16_final,own_math_oracle,65536,0.497964094958,0.000105200870244,0.00201612903226,1,0,0.02,relative_L2_and_normalized_max,51cdf6890fc86011,93d02611b1b2792d,indexed_splitmix64_xor,1
diagnostic-10867492/reddit,reddit,diagnostic-10867492,qhcn064,CHECK,full_bf16,layer1_FP32,own_math_oracle,0.0006103515625,2.92808481701e-06,7.79465996452e-08,2.52298031389e-07,1,0,0.01,relative_L2_and_normalized_max,ac61641086dcb43e,f738a201abeb032c,indexed_splitmix64_xor,1
diagnostic-10867492/reddit,reddit,diagnostic-10867492,qhcn064,CHECK,full_bf16,kernel_FP32,original_TFS,8.81042480469,0.184078272728,0.00328614283687,0.00363354421566,1,0,0.01,relative_L2_and_normalized_max,ac61641086dcb43e,2df40fdb3b101f00,indexed_splitmix64_xor,1
diagnostic-10867492/reddit,reddit,diagnostic-10867492,qhcn064,CHECK,full_bf16,layer2_FP32_actual_input,own_math_oracle,4,0.00994640286997,6.49104154091e-08,1.23534845845e-07,1,0,0.01,relative_L2_and_normalized_max,5e359171a420b7b3,14a765a98d55d74d,indexed_splitmix64_xor,1
diagnostic-10867492/reddit,reddit,diagnostic-10867492,qhcn064,CHECK,full_bf16,e2e_FP32_final,own_math_oracle,2048.125,0.122822245752,1.31626029625e-05,6.32537015364e-05,1,0,0.01,relative_L2_and_normalized_max,5e359171a420b7b3,3fa95fccf4a3b3ba,indexed_splitmix64_xor,1
diagnostic-10867492/reddit,reddit,diagnostic-10867492,qhcn064,CHECK,full_bf16,e2e_FP32_final,original_TFS,197034,1371.64503125,0.00585589609114,0.00604833622406,1,0,0.01,relative_L2_and_normalized_max,5e359171a420b7b3,39e0d278a6da77da,indexed_splitmix64_xor,1
diagnostic-10867492/reddit,reddit,diagnostic-10867492,qhcn064,CHECK,full_bf16,e2e_BF16_final,own_math_oracle,32768,0.123154641904,3.91227098519e-05,0.00101214574899,1,0,0.02,relative_L2_and_normalized_max,3ffad8586dcaa128,cfb271806478ea06,indexed_splitmix64_xor,1
diagnostic-10867492/reddit,reddit,diagnostic-10867492,qhcn064,CHECK,full_bf16,e2e_BF16_final,original_TFS,262144,1367.38437275,0.00625788269038,0.00806451612903,1,0,0.02,relative_L2_and_normalized_max,3ffad8586dcaa128,a07a3580ddbd51b3,indexed_splitmix64_xor,1
diagnostic-10867492/reddit,reddit,diagnostic-10867492,qhcn064,CHECK,full_bf16,e2e_BF16_final,source_MKL_FP32,595806,4147.15709347,0.0175517640027,0.0181126449248,1,0,0.03,relative_L2_and_normalized_max,3ffad8586dcaa128,124ffecf035c0b2d,indexed_splitmix64_xor,1
diagnostic-10867492/reddit,reddit,diagnostic-10867492,qhcn064,CHECK,full_fp32,layer1_FP32,own_math_oracle,0.00048828125,2.95414501745e-06,7.80119179482e-08,2.01818241079e-07,1,0,0.01,relative_L2_and_normalized_max,52f2ce233869ad02,a3e07ec4c7a3d018,indexed_splitmix64_xor,1
diagnostic-10867492/reddit,reddit,diagnostic-10867492,qhcn064,CHECK,full_fp32,layer2_FP32_actual_input,own_math_oracle,5,0.00996806719199,6.47797014354e-08,1.53677590807e-07,1,0,0.01,relative_L2_and_normalized_max,eeca1796bc89c0c9,b7b4e9633126ccdf,indexed_splitmix64_xor,1
diagnostic-10867492/reddit,reddit,diagnostic-10867492,qhcn064,CHECK,full_fp32,e2e_FP32_final,own_math_oracle,2047.875,0.0644252200488,9.30843509304e-06,6.2942499255e-05,1,0,0.01,relative_L2_and_normalized_max,eeca1796bc89c0c9,b45b8626cd2557a1,indexed_splitmix64_xor,1
diagnostic-10867492/reddit,reddit,diagnostic-10867492,qhcn064,CHECK,full_fp32,e2e_BF16_final,own_math_oracle,32768,0.0699292969008,3.19924670635e-05,0.00100806451613,1,0,0.02,relative_L2_and_normalized_max,d8acbadf0ed56407,3c980d393c197323,indexed_splitmix64_xor,1
diagnostic-10867492/reddit,reddit,diagnostic-10867492,qhcn064,EQ,b64_fp32,matched_layer1_FP32,b64_bf16,0,0,0,0,1,1,0,bitwise,09647ce158037e02,09647ce158037e02,indexed_splitmix64_xor,1
diagnostic-10867492/reddit,reddit,diagnostic-10867492,qhcn064,EQ,b64_fp32,matched_layer2_FP32,b64_bf16,0,0,0,0,1,1,0,bitwise,18a55e3d416269c4,18a55e3d416269c4,indexed_splitmix64_xor,1
diagnostic-10867492/reddit,reddit,diagnostic-10867492,qhcn064,EQ,b64_fp32,matched_layer2_BF16,b64_bf16,0,0,0,0,1,1,0,bitwise,3bc695c8144fdbd0,3bc695c8144fdbd0,indexed_splitmix64_xor,1
diagnostic-10867492/reddit,reddit,diagnostic-10867492,qhcn064,EQ,full_fp32,matched_layer1_FP32,full_bf16,0,0,0,0,1,1,0,bitwise,ac61641086dcb43e,ac61641086dcb43e,indexed_splitmix64_xor,1
diagnostic-10867492/reddit,reddit,diagnostic-10867492,qhcn064,EQ,full_fp32,matched_layer2_FP32,full_bf16,0,0,0,0,1,1,0,bitwise,5e359171a420b7b3,5e359171a420b7b3,indexed_splitmix64_xor,1
diagnostic-10867492/reddit,reddit,diagnostic-10867492,qhcn064,EQ,full_fp32,matched_layer2_BF16,full_bf16,0,0,0,0,1,1,0,bitwise,3ffad8586dcaa128,3ffad8586dcaa128,indexed_splitmix64_xor,1
diagnostic-10867492/reddit,reddit,diagnostic-10867492,qhcn064,DIFF,b64_fp32,layer1_FP32,BF16_same_B_native,7.58020019531,0.207266379485,0.00360324774091,0.00313239376485,1,0,0,report_only,b458f81b7c47e977,09647ce158037e02,indexed_splitmix64_xor,1
diagnostic-10867492/reddit,reddit,diagnostic-10867492,qhcn064,DIFF,b64_fp32,e2e_FP32_final,BF16_same_B_native,144706,1061.48017943,0.00446303097828,0.00446726893369,1,0,0,report_only,eef147f20e50dde9,18a55e3d416269c4,indexed_splitmix64_xor,1
diagnostic-10867492/reddit,reddit,diagnostic-10867492,qhcn064,DIFF,b64_fp32,e2e_BF16_final,BF16_same_B_native,131072,1058.2044339,0.00508907272244,0.00404858299595,1,0,0,report_only,51cdf6890fc86011,3bc695c8144fdbd0,indexed_splitmix64_xor,1
diagnostic-10867492/reddit,reddit,diagnostic-10867492,qhcn064,DIFF,full_fp32,layer1_FP32,BF16_same_B_native,7.74896240234,0.20797300945,0.00363533689735,0.00320315057671,1,0,0,report_only,52f2ce233869ad02,ac61641086dcb43e,indexed_splitmix64_xor,1
diagnostic-10867492/reddit,reddit,diagnostic-10867492,qhcn064,DIFF,full_fp32,e2e_FP32_final,BF16_same_B_native,181924,1185.08229662,0.00506457091517,0.00561848832386,1,0,0,report_only,eeca1796bc89c0c9,5e359171a420b7b3,indexed_splitmix64_xor,1
diagnostic-10867492/reddit,reddit,diagnostic-10867492,qhcn064,DIFF,full_fp32,e2e_BF16_final,BF16_same_B_native,262144,1181.61600569,0.00561068232711,0.0080971659919,1,0,0,report_only,d8acbadf0ed56407,3ffad8586dcaa128,indexed_splitmix64_xor,1
diagnostic-10867492/reddit,reddit,diagnostic-10867492,qhcn064,PROFILE_GATE,b64_bf16,layer1_FP32,uninstrumented_same_method,0,0,0,0,1,1,0,bitwise,09647ce158037e02,09647ce158037e02,indexed_splitmix64_xor,1
diagnostic-10867492/reddit,reddit,diagnostic-10867492,qhcn064,PROFILE_GATE,b64_bf16,layer2_BF16,uninstrumented_same_method,0,0,0,0,1,1,0,bitwise,3bc695c8144fdbd0,3bc695c8144fdbd0,indexed_splitmix64_xor,1
diagnostic-10867492/reddit,reddit,diagnostic-10867492,qhcn064,PROFILE_GATE,b64_fp32,layer1_FP32,uninstrumented_same_method,0,0,0,0,1,1,0,bitwise,b458f81b7c47e977,b458f81b7c47e977,indexed_splitmix64_xor,1
diagnostic-10867492/reddit,reddit,diagnostic-10867492,qhcn064,PROFILE_GATE,b64_fp32,layer2_BF16,uninstrumented_same_method,0,0,0,0,1,1,0,bitwise,51cdf6890fc86011,51cdf6890fc86011,indexed_splitmix64_xor,1
diagnostic-10867492/reddit,reddit,diagnostic-10867492,qhcn064,PROFILE_GATE,full_bf16,layer1_FP32,uninstrumented_same_method,0,0,0,0,1,1,0,bitwise,ac61641086dcb43e,ac61641086dcb43e,indexed_splitmix64_xor,1
diagnostic-10867492/reddit,reddit,diagnostic-10867492,qhcn064,PROFILE_GATE,full_bf16,layer2_BF16,uninstrumented_same_method,0,0,0,0,1,1,0,bitwise,3ffad8586dcaa128,3ffad8586dcaa128,indexed_splitmix64_xor,1
diagnostic-10867492/reddit,reddit,diagnostic-10867492,qhcn064,PROFILE_GATE,full_fp32,layer1_FP32,uninstrumented_same_method,0,0,0,0,1,1,0,bitwise,52f2ce233869ad02,52f2ce233869ad02,indexed_splitmix64_xor,1
diagnostic-10867492/reddit,reddit,diagnostic-10867492,qhcn064,PROFILE_GATE,full_fp32,layer2_BF16,uninstrumented_same_method,0,0,0,0,1,1,0,bitwise,d8acbadf0ed56407,d8acbadf0ed56407,indexed_splitmix64_xor,1
diagnostic-10867492/roadNet-CA,roadNet-CA,diagnostic-10867492,qhcn064,CHECK,b64_bf16,layer1_FP32,own_math_oracle,1.14440917969e-05,1.85153471857e-07,6.43720650833e-08,2.57046082965e-07,1,0,0.01,relative_L2_and_normalized_max,1fa5d37365db6e99,ed45dcfd48913d19,indexed_splitmix64_xor,1
diagnostic-10867492/roadNet-CA,roadNet-CA,diagnostic-10867492,qhcn064,CHECK,b64_bf16,kernel_FP32,original_TFS,0.146816253662,0.0124401047832,0.00276077147962,0.00328926536493,1,0,0.01,relative_L2_and_normalized_max,1fa5d37365db6e99,479b476ac70bf536,indexed_splitmix64_xor,1
diagnostic-10867492/roadNet-CA,roadNet-CA,diagnostic-10867492,qhcn064,CHECK,b64_bf16,layer2_FP32_actual_input,own_math_oracle,0.00018310546875,2.4600365315e-06,7.0030167878e-08,2.36230758709e-07,1,0,0.01,relative_L2_and_normalized_max,179600f238caeca0,2f5ed290a33b751d,indexed_splitmix64_xor,1
diagnostic-10867492/roadNet-CA,roadNet-CA,diagnostic-10867492,qhcn064,CHECK,b64_bf16,e2e_FP32_final,own_math_oracle,0.250030517578,2.08083416301e-05,1.40464508713e-05,0.000322573101018,1,0,0.01,relative_L2_and_normalized_max,179600f238caeca0,688ad10ea0379b68,indexed_splitmix64_xor,1
diagnostic-10867492/roadNet-CA,roadNet-CA,diagnostic-10867492,qhcn064,CHECK,b64_bf16,e2e_FP32_final,original_TFS,4.62408447266,0.286809950805,0.00508033488093,0.00593296898577,1,0,0.01,relative_L2_and_normalized_max,179600f238caeca0,39e5f9a521fedb94,indexed_splitmix64_xor,1
diagnostic-10867492/roadNet-CA,roadNet-CA,diagnostic-10867492,qhcn064,CHECK,b64_bf16,e2e_BF16_final,own_math_oracle,2,2.1060815374e-05,3.75586053842e-05,0.00259067357513,1,0,0.02,relative_L2_and_normalized_max,1ed96900c55712af,198316fca4e83434,indexed_splitmix64_xor,1
diagnostic-10867492/roadNet-CA,roadNet-CA,diagnostic-10867492,qhcn064,CHECK,b64_bf16,e2e_BF16_final,original_TFS,8,0.28601018643,0.00561707779365,0.0103092783505,1,0,0.02,relative_L2_and_normalized_max,1ed96900c55712af,7329b36c933e999c,indexed_splitmix64_xor,1
diagnostic-10867492/roadNet-CA,roadNet-CA,diagnostic-10867492,qhcn064,CHECK,b64_bf16,e2e_BF16_final,source_MKL_FP32,16.6315307617,1.01011954163,0.0175083451157,0.0211310305979,1,0,0.03,relative_L2_and_normalized_max,1ed96900c55712af,942b3831dfe5770f,indexed_splitmix64_xor,1
diagnostic-10867492/roadNet-CA,roadNet-CA,diagnostic-10867492,qhcn064,CHECK,b64_fp32,layer1_FP32,own_math_oracle,1.14440917969e-05,2.55034388406e-07,7.7637494534e-08,2.56644702443e-07,1,0,0.01,relative_L2_and_normalized_max,80ff88ced8cacdc4,917bb1e733dd012a,indexed_splitmix64_xor,1
diagnostic-10867492/roadNet-CA,roadNet-CA,diagnostic-10867492,qhcn064,CHECK,b64_fp32,layer2_FP32_actual_input,own_math_oracle,0.00018310546875,2.47088342227e-06,7.00432966298e-08,2.34954290817e-07,1,0,0.01,relative_L2_and_normalized_max,342048974ed89b37,5b54abb8bca2512f,indexed_splitmix64_xor,1
diagnostic-10867492/roadNet-CA,roadNet-CA,diagnostic-10867492,qhcn064,CHECK,b64_fp32,e2e_FP32_final,own_math_oracle,0.250015258789,2.42797713754e-05,1.50471186413e-05,0.000320810504587,1,0,0.01,relative_L2_and_normalized_max,342048974ed89b37,3af2dd93398233b6,indexed_splitmix64_xor,1
diagnostic-10867492/roadNet-CA,roadNet-CA,diagnostic-10867492,qhcn064,CHECK,b64_fp32,e2e_BF16_final,own_math_oracle,2,2.41720100439e-05,3.98803821437e-05,0.00257731958763,1,0,0.02,relative_L2_and_normalized_max,7a1550a97f571521,eab8985aab231ed7,indexed_splitmix64_xor,1
diagnostic-10867492/roadNet-CA,roadNet-CA,diagnostic-10867492,qhcn064,CHECK,full_bf16,layer1_FP32,own_math_oracle,1.14440917969e-05,1.85153471857e-07,6.43720650833e-08,2.57046082965e-07,1,0,0.01,relative_L2_and_normalized_max,1fa5d37365db6e99,ed45dcfd48913d19,indexed_splitmix64_xor,1
diagnostic-10867492/roadNet-CA,roadNet-CA,diagnostic-10867492,qhcn064,CHECK,full_bf16,kernel_FP32,original_TFS,0.146816253662,0.0124401047832,0.00276077147962,0.00328926536493,1,0,0.01,relative_L2_and_normalized_max,1fa5d37365db6e99,479b476ac70bf536,indexed_splitmix64_xor,1
diagnostic-10867492/roadNet-CA,roadNet-CA,diagnostic-10867492,qhcn064,CHECK,full_bf16,layer2_FP32_actual_input,own_math_oracle,0.00018310546875,2.4600365315e-06,7.0030167878e-08,2.36230758709e-07,1,0,0.01,relative_L2_and_normalized_max,179600f238caeca0,2f5ed290a33b751d,indexed_splitmix64_xor,1
diagnostic-10867492/roadNet-CA,roadNet-CA,diagnostic-10867492,qhcn064,CHECK,full_bf16,e2e_FP32_final,own_math_oracle,0.250030517578,2.08083416301e-05,1.40464508713e-05,0.000322573101018,1,0,0.01,relative_L2_and_normalized_max,179600f238caeca0,688ad10ea0379b68,indexed_splitmix64_xor,1
diagnostic-10867492/roadNet-CA,roadNet-CA,diagnostic-10867492,qhcn064,CHECK,full_bf16,e2e_FP32_final,original_TFS,4.62408447266,0.286809950805,0.00508033488093,0.00593296898577,1,0,0.01,relative_L2_and_normalized_max,179600f238caeca0,39e5f9a521fedb94,indexed_splitmix64_xor,1
diagnostic-10867492/roadNet-CA,roadNet-CA,diagnostic-10867492,qhcn064,CHECK,full_bf16,e2e_BF16_final,own_math_oracle,2,2.1060815374e-05,3.75586053842e-05,0.00259067357513,1,0,0.02,relative_L2_and_normalized_max,1ed96900c55712af,198316fca4e83434,indexed_splitmix64_xor,1
diagnostic-10867492/roadNet-CA,roadNet-CA,diagnostic-10867492,qhcn064,CHECK,full_bf16,e2e_BF16_final,original_TFS,8,0.28601018643,0.00561707779365,0.0103092783505,1,0,0.02,relative_L2_and_normalized_max,1ed96900c55712af,7329b36c933e999c,indexed_splitmix64_xor,1
diagnostic-10867492/roadNet-CA,roadNet-CA,diagnostic-10867492,qhcn064,CHECK,full_bf16,e2e_BF16_final,source_MKL_FP32,16.6315307617,1.01011954163,0.0175083451157,0.0211310305979,1,0,0.03,relative_L2_and_normalized_max,1ed96900c55712af,942b3831dfe5770f,indexed_splitmix64_xor,1
diagnostic-10867492/roadNet-CA,roadNet-CA,diagnostic-10867492,qhcn064,CHECK,full_fp32,layer1_FP32,own_math_oracle,1.14440917969e-05,2.55034388406e-07,7.7637494534e-08,2.56644702443e-07,1,0,0.01,relative_L2_and_normalized_max,80ff88ced8cacdc4,917bb1e733dd012a,indexed_splitmix64_xor,1
diagnostic-10867492/roadNet-CA,roadNet-CA,diagnostic-10867492,qhcn064,CHECK,full_fp32,layer2_FP32_actual_input,own_math_oracle,0.00018310546875,2.47088342227e-06,7.00432966298e-08,2.34954290817e-07,1,0,0.01,relative_L2_and_normalized_max,342048974ed89b37,5b54abb8bca2512f,indexed_splitmix64_xor,1
diagnostic-10867492/roadNet-CA,roadNet-CA,diagnostic-10867492,qhcn064,CHECK,full_fp32,e2e_FP32_final,own_math_oracle,0.250015258789,2.42797713754e-05,1.50471186413e-05,0.000320810504587,1,0,0.01,relative_L2_and_normalized_max,342048974ed89b37,3af2dd93398233b6,indexed_splitmix64_xor,1
diagnostic-10867492/roadNet-CA,roadNet-CA,diagnostic-10867492,qhcn064,CHECK,full_fp32,e2e_BF16_final,own_math_oracle,2,2.41720100439e-05,3.98803821437e-05,0.00257731958763,1,0,0.02,relative_L2_and_normalized_max,7a1550a97f571521,eab8985aab231ed7,indexed_splitmix64_xor,1
diagnostic-10867492/roadNet-CA,roadNet-CA,diagnostic-10867492,qhcn064,EQ,b64_fp32,matched_layer1_FP32,b64_bf16,0,0,0,0,1,1,0,bitwise,1fa5d37365db6e99,1fa5d37365db6e99,indexed_splitmix64_xor,1
diagnostic-10867492/roadNet-CA,roadNet-CA,diagnostic-10867492,qhcn064,EQ,b64_fp32,matched_layer2_FP32,b64_bf16,0,0,0,0,1,1,0,bitwise,179600f238caeca0,179600f238caeca0,indexed_splitmix64_xor,1
diagnostic-10867492/roadNet-CA,roadNet-CA,diagnostic-10867492,qhcn064,EQ,b64_fp32,matched_layer2_BF16,b64_bf16,0,0,0,0,1,1,0,bitwise,1ed96900c55712af,1ed96900c55712af,indexed_splitmix64_xor,1
diagnostic-10867492/roadNet-CA,roadNet-CA,diagnostic-10867492,qhcn064,EQ,full_fp32,matched_layer1_FP32,full_bf16,0,0,0,0,1,1,0,bitwise,1fa5d37365db6e99,1fa5d37365db6e99,indexed_splitmix64_xor,1
diagnostic-10867492/roadNet-CA,roadNet-CA,diagnostic-10867492,qhcn064,EQ,full_fp32,matched_layer2_FP32,full_bf16,0,0,0,0,1,1,0,bitwise,179600f238caeca0,179600f238caeca0,indexed_splitmix64_xor,1
diagnostic-10867492/roadNet-CA,roadNet-CA,diagnostic-10867492,qhcn064,EQ,full_fp32,matched_layer2_BF16,full_bf16,0,0,0,0,1,1,0,bitwise,1ed96900c55712af,1ed96900c55712af,indexed_splitmix64_xor,1
diagnostic-10867492/roadNet-CA,roadNet-CA,diagnostic-10867492,qhcn064,DIFF,b64_fp32,layer1_FP32,BF16_same_B_native,0.17246055603,0.0152499215295,0.0033846066753,0.00387364162926,1,0,0,report_only,80ff88ced8cacdc4,1fa5d37365db6e99,indexed_splitmix64_xor,1
diagnostic-10867492/roadNet-CA,roadNet-CA,diagnostic-10867492,qhcn064,DIFF,b64_fp32,e2e_FP32_final,BF16_same_B_native,5.03393554688,0.295846626832,0.0052323753292,0.00649445755263,1,0,0,report_only,342048974ed89b37,179600f238caeca0,indexed_splitmix64_xor,1
diagnostic-10867492/roadNet-CA,roadNet-CA,diagnostic-10867492,qhcn064,DIFF,b64_fp32,e2e_BF16_final,BF16_same_B_native,8,0.295018568432,0.00575844636286,0.0103626943005,1,0,0,report_only,7a1550a97f571521,1ed96900c55712af,indexed_splitmix64_xor,1
diagnostic-10867492/roadNet-CA,roadNet-CA,diagnostic-10867492,qhcn064,DIFF,full_fp32,layer1_FP32,BF16_same_B_native,0.17246055603,0.0152499215295,0.0033846066753,0.00387364162926,1,0,0,report_only,80ff88ced8cacdc4,1fa5d37365db6e99,indexed_splitmix64_xor,1
diagnostic-10867492/roadNet-CA,roadNet-CA,diagnostic-10867492,qhcn064,DIFF,full_fp32,e2e_FP32_final,BF16_same_B_native,5.03393554688,0.295846626832,0.0052323753292,0.00649445755263,1,0,0,report_only,342048974ed89b37,179600f238caeca0,indexed_splitmix64_xor,1
diagnostic-10867492/roadNet-CA,roadNet-CA,diagnostic-10867492,qhcn064,DIFF,full_fp32,e2e_BF16_final,BF16_same_B_native,8,0.295018568432,0.00575844636286,0.0103626943005,1,0,0,report_only,7a1550a97f571521,1ed96900c55712af,indexed_splitmix64_xor,1
diagnostic-10867492/roadNet-CA,roadNet-CA,diagnostic-10867492,qhcn064,PROFILE_GATE,b64_bf16,layer1_FP32,uninstrumented_same_method,0,0,0,0,1,1,0,bitwise,1fa5d37365db6e99,1fa5d37365db6e99,indexed_splitmix64_xor,1
diagnostic-10867492/roadNet-CA,roadNet-CA,diagnostic-10867492,qhcn064,PROFILE_GATE,b64_bf16,layer2_BF16,uninstrumented_same_method,0,0,0,0,1,1,0,bitwise,1ed96900c55712af,1ed96900c55712af,indexed_splitmix64_xor,1
diagnostic-10867492/roadNet-CA,roadNet-CA,diagnostic-10867492,qhcn064,PROFILE_GATE,b64_fp32,layer1_FP32,uninstrumented_same_method,0,0,0,0,1,1,0,bitwise,80ff88ced8cacdc4,80ff88ced8cacdc4,indexed_splitmix64_xor,1
diagnostic-10867492/roadNet-CA,roadNet-CA,diagnostic-10867492,qhcn064,PROFILE_GATE,b64_fp32,layer2_BF16,uninstrumented_same_method,0,0,0,0,1,1,0,bitwise,7a1550a97f571521,7a1550a97f571521,indexed_splitmix64_xor,1
diagnostic-10867492/roadNet-CA,roadNet-CA,diagnostic-10867492,qhcn064,PROFILE_GATE,full_bf16,layer1_FP32,uninstrumented_same_method,0,0,0,0,1,1,0,bitwise,1fa5d37365db6e99,1fa5d37365db6e99,indexed_splitmix64_xor,1
diagnostic-10867492/roadNet-CA,roadNet-CA,diagnostic-10867492,qhcn064,PROFILE_GATE,full_bf16,layer2_BF16,uninstrumented_same_method,0,0,0,0,1,1,0,bitwise,1ed96900c55712af,1ed96900c55712af,indexed_splitmix64_xor,1
diagnostic-10867492/roadNet-CA,roadNet-CA,diagnostic-10867492,qhcn064,PROFILE_GATE,full_fp32,layer1_FP32,uninstrumented_same_method,0,0,0,0,1,1,0,bitwise,80ff88ced8cacdc4,80ff88ced8cacdc4,indexed_splitmix64_xor,1
diagnostic-10867492/roadNet-CA,roadNet-CA,diagnostic-10867492,qhcn064,PROFILE_GATE,full_fp32,layer2_BF16,uninstrumented_same_method,0,0,0,0,1,1,0,bitwise,7a1550a97f571521,7a1550a97f571521,indexed_splitmix64_xor,1
diagnostic-10867492/wiki-Talk,wiki-Talk,diagnostic-10867492,qhcn064,CHECK,b64_bf16,layer1_FP32,own_math_oracle,0.07763671875,8.83334899738e-08,2.52503102521e-06,8.52589797814e-06,1,0,0.01,relative_L2_and_normalized_max,ee8935583731482c,72ecfe2c6c631846,indexed_splitmix64_xor,1
diagnostic-10867492/wiki-Talk,wiki-Talk,diagnostic-10867492,qhcn064,CHECK,b64_bf16,kernel_FP32,original_TFS,27.34765625,0.00120377999327,0.00316130538823,0.00299441663837,1,0,0.01,relative_L2_and_normalized_max,ee8935583731482c,f73e17ee9f20e606,indexed_splitmix64_xor,1
diagnostic-10867492/wiki-Talk,wiki-Talk,diagnostic-10867492,qhcn064,CHECK,b64_bf16,layer2_FP32_actual_input,own_math_oracle,15.25,6.15773156494e-05,1.5450380084e-06,4.44903091719e-06,1,0,0.01,relative_L2_and_normalized_max,5b0eb778f0a94efb,3acf4b235a958d34,indexed_splitmix64_xor,1
diagnostic-10867492/wiki-Talk,wiki-Talk,diagnostic-10867492,qhcn064,CHECK,b64_bf16,e2e_FP32_final,own_math_oracle,62.75,0.00137123397143,3.9653953372e-05,1.83066682002e-05,1,0,0.01,relative_L2_and_normalized_max,5b0eb778f0a94efb,64bd3fea98b315ba,indexed_splitmix64_xor,1
diagnostic-10867492/wiki-Talk,wiki-Talk,diagnostic-10867492,qhcn064,CHECK,b64_bf16,e2e_FP32_final,original_TFS,19292.75,0.875339903864,0.00566961976983,0.00559696310121,1,0,0.01,relative_L2_and_normalized_max,5b0eb778f0a94efb,2e3aeda6d82df31b,indexed_splitmix64_xor,1
diagnostic-10867492/wiki-Talk,wiki-Talk,diagnostic-10867492,qhcn064,CHECK,b64_bf16,e2e_BF16_final,own_math_oracle,4096,0.00137032746988,0.000176456074514,0.0011961722488,1,0,0.02,relative_L2_and_normalized_max,9a134a6583948ccc,d338984b20b202a6,indexed_splitmix64_xor,1
diagnostic-10867492/wiki-Talk,wiki-Talk,diagnostic-10867492,qhcn064,CHECK,b64_bf16,e2e_BF16_final,original_TFS,16384,0.872406862499,0.00603904262364,0.0047619047619,1,0,0.02,relative_L2_and_normalized_max,9a134a6583948ccc,2858e1ebf4591e45,indexed_splitmix64_xor,1
diagnostic-10867492/wiki-Talk,wiki-Talk,diagnostic-10867492,qhcn064,CHECK,b64_bf16,e2e_BF16_final,source_MKL_FP32,57626.5,2.69952923151,0.0175060748553,0.0165503861776,1,0,0.03,relative_L2_and_normalized_max,9a134a6583948ccc,812b882cdb2534f2,indexed_splitmix64_xor,1
diagnostic-10867492/wiki-Talk,wiki-Talk,diagnostic-10867492,qhcn064,CHECK,b64_fp32,layer1_FP32,own_math_oracle,0.1376953125,9.12328892463e-08,2.72306724656e-06,1.51097449711e-05,1,0,0.01,relative_L2_and_normalized_max,96886ec9e7e7c7d8,c75ec79b1b59c588,indexed_splitmix64_xor,1
diagnostic-10867492/wiki-Talk,wiki-Talk,diagnostic-10867492,qhcn064,CHECK,b64_fp32,layer2_FP32_actual_input,own_math_oracle,12.375,6.17397497774e-05,1.49814027286e-06,3.59374635861e-06,1,0,0.01,relative_L2_and_normalized_max,d1a25297d5bf47aa,798fca52103d280b,indexed_splitmix64_xor,1
diagnostic-10867492/wiki-Talk,wiki-Talk,diagnostic-10867492,qhcn064,CHECK,b64_fp32,e2e_FP32_final,own_math_oracle,66.5625,0.000529729758238,1.87541812821e-05,1.93299853194e-05,1,0,0.01,relative_L2_and_normalized_max,d1a25297d5bf47aa,c274c66e83501406,indexed_splitmix64_xor,1
diagnostic-10867492/wiki-Talk,wiki-Talk,diagnostic-10867492,qhcn064,CHECK,b64_fp32,e2e_BF16_final,own_math_oracle,4096,0.000528122105879,0.000131396788172,0.00119047619048,1,0,0.02,relative_L2_and_normalized_max,f284bee79f47856b,b3c0f759d6a49137,indexed_splitmix64_xor,1
diagnostic-10867492/wiki-Talk,wiki-Talk,diagnostic-10867492,qhcn064,CHECK,full_bf16,layer1_FP32,own_math_oracle,0.0009765625,2.27495023977e-08,7.36082851626e-08,1.07196669871e-07,1,0,0.01,relative_L2_and_normalized_max,3a8eb3f1458bc9d7,8a8874f617548202,indexed_splitmix64_xor,1
diagnostic-10867492/wiki-Talk,wiki-Talk,diagnostic-10867492,qhcn064,CHECK,full_bf16,kernel_FP32,original_TFS,37.0361328125,0.00121145641839,0.00327674697925,0.00405525107163,1,0,0.01,relative_L2_and_normalized_max,3a8eb3f1458bc9d7,f73e17ee9f20e606,indexed_splitmix64_xor,1
diagnostic-10867492/wiki-Talk,wiki-Talk,diagnostic-10867492,qhcn064,CHECK,full_bf16,layer2_FP32_actual_input,own_math_oracle,0.375,4.90894516316e-06,5.26332886977e-08,1.0937371372e-07,1,0,0.01,relative_L2_and_normalized_max,2a9dc8247e03a685,4739a1bff0db3b6f,indexed_splitmix64_xor,1
diagnostic-10867492/wiki-Talk,wiki-Talk,diagnostic-10867492,qhcn064,CHECK,full_bf16,e2e_FP32_final,own_math_oracle,32,2.01876945363e-05,3.36938650308e-06,9.33322357074e-06,1,0,0.01,relative_L2_and_normalized_max,2a9dc8247e03a685,efcf7a7da49c2b6d,indexed_splitmix64_xor,1
diagnostic-10867492/wiki-Talk,wiki-Talk,diagnostic-10867492,qhcn064,CHECK,full_bf16,e2e_FP32_final,original_TFS,18391.5,0.88873566301,0.00584344591256,0.00533550410781,1,0,0.01,relative_L2_and_normalized_max,2a9dc8247e03a685,2e3aeda6d82df31b,indexed_splitmix64_xor,1
diagnostic-10867492/wiki-Talk,wiki-Talk,diagnostic-10867492,qhcn064,CHECK,full_bf16,e2e_BF16_final,own_math_oracle,512,1.88367469702e-05,1.14945459486e-05,0.0001495215311,1,0,0.02,relative_L2_and_normalized_max,997ab7be2063754f,f2d1da8dbdfa95c1,indexed_splitmix64_xor,1
diagnostic-10867492/wiki-Talk,wiki-Talk,diagnostic-10867492,qhcn064,CHECK,full_bf16,e2e_BF16_final,original_TFS,16384,0.886109368894,0.00624648647755,0.0047619047619,1,0,0.02,relative_L2_and_normalized_max,997ab7be2063754f,2858e1ebf4591e45,indexed_splitmix64_xor,1
diagnostic-10867492/wiki-Talk,wiki-Talk,diagnostic-10867492,qhcn064,CHECK,full_bf16,e2e_BF16_final,source_MKL_FP32,57626.5,2.70411876665,0.0175631921176,0.0165503861776,1,0,0.03,relative_L2_and_normalized_max,997ab7be2063754f,812b882cdb2534f2,indexed_splitmix64_xor,1
diagnostic-10867492/wiki-Talk,wiki-Talk,diagnostic-10867492,qhcn064,CHECK,full_fp32,layer1_FP32,own_math_oracle,0.0009765625,2.4802489591e-08,7.34022326926e-08,1.07256549085e-07,1,0,0.01,relative_L2_and_normalized_max,d93381363f7a6f63,df4df14bedec8266,indexed_splitmix64_xor,1
diagnostic-10867492/wiki-Talk,wiki-Talk,diagnostic-10867492,qhcn064,CHECK,full_fp32,layer2_FP32_actual_input,own_math_oracle,0.25,4.93822458256e-06,5.31522818152e-08,7.25804227374e-08,1,0,0.01,relative_L2_and_normalized_max,ccc2283090ed75eb,6b33539ad4e8ef80,indexed_splitmix64_xor,1
diagnostic-10867492/wiki-Talk,wiki-Talk,diagnostic-10867492,qhcn064,CHECK,full_fp32,e2e_FP32_final,own_math_oracle,63.25,4.82162832654e-05,9.5031151753e-06,1.83628469526e-05,1,0,0.01,relative_L2_and_normalized_max,ccc2283090ed75eb,3bad5baeab07334d,indexed_splitmix64_xor,1
diagnostic-10867492/wiki-Talk,wiki-Talk,diagnostic-10867492,qhcn064,CHECK,full_fp32,e2e_BF16_final,own_math_oracle,1024,4.80606424223e-05,2.73957115151e-05,0.000297619047619,1,0,0.02,relative_L2_and_normalized_max,e7aca89817f6bd00,cda00f629784e20f,indexed_splitmix64_xor,1
diagnostic-10867492/wiki-Talk,wiki-Talk,diagnostic-10867492,qhcn064,EQ,b64_fp32,matched_layer1_FP32,b64_bf16,0,0,0,0,1,1,0,bitwise,ee8935583731482c,ee8935583731482c,indexed_splitmix64_xor,1
diagnostic-10867492/wiki-Talk,wiki-Talk,diagnostic-10867492,qhcn064,EQ,b64_fp32,matched_layer2_FP32,b64_bf16,0,0,0,0,1,1,0,bitwise,5b0eb778f0a94efb,5b0eb778f0a94efb,indexed_splitmix64_xor,1
diagnostic-10867492/wiki-Talk,wiki-Talk,diagnostic-10867492,qhcn064,EQ,b64_fp32,matched_layer2_BF16,b64_bf16,0,0,0,0,1,1,0,bitwise,9a134a6583948ccc,9a134a6583948ccc,indexed_splitmix64_xor,1
diagnostic-10867492/wiki-Talk,wiki-Talk,diagnostic-10867492,qhcn064,EQ,full_fp32,matched_layer1_FP32,full_bf16,0,0,0,0,1,1,0,bitwise,3a8eb3f1458bc9d7,3a8eb3f1458bc9d7,indexed_splitmix64_xor,1
diagnostic-10867492/wiki-Talk,wiki-Talk,diagnostic-10867492,qhcn064,EQ,full_fp32,matched_layer2_FP32,full_bf16,0,0,0,0,1,1,0,bitwise,2a9dc8247e03a685,2a9dc8247e03a685,indexed_splitmix64_xor,1
diagnostic-10867492/wiki-Talk,wiki-Talk,diagnostic-10867492,qhcn064,EQ,full_fp32,matched_layer2_BF16,full_bf16,0,0,0,0,1,1,0,bitwise,997ab7be2063754f,997ab7be2063754f,indexed_splitmix64_xor,1
diagnostic-10867492/wiki-Talk,wiki-Talk,diagnostic-10867492,qhcn064,DIFF,b64_fp32,layer1_FP32,BF16_same_B_native,11.9912109375,0.00138925136465,0.00318036884313,0.00131684187023,1,0,0,report_only,96886ec9e7e7c7d8,ee8935583731482c,indexed_splitmix64_xor,1
diagnostic-10867492/wiki-Talk,wiki-Talk,diagnostic-10867492,qhcn064,DIFF,b64_fp32,e2e_FP32_final,BF16_same_B_native,15776.25,0.737715843985,0.00459058903322,0.00460256197249,1,0,0,report_only,d1a25297d5bf47aa,5b0eb778f0a94efb,indexed_splitmix64_xor,1
diagnostic-10867492/wiki-Talk,wiki-Talk,diagnostic-10867492,qhcn064,DIFF,b64_fp32,e2e_BF16_final,BF16_same_B_native,16384,0.73479316651,0.0051713436606,0.00478468899522,1,0,0,report_only,f284bee79f47856b,9a134a6583948ccc,indexed_splitmix64_xor,1
diagnostic-10867492/wiki-Talk,wiki-Talk,diagnostic-10867492,qhcn064,DIFF,full_fp32,layer1_FP32,BF16_same_B_native,21.2353515625,0.00139982668097,0.00335111002607,0.00233099158635,1,0,0,report_only,d93381363f7a6f63,3a8eb3f1458bc9d7,indexed_splitmix64_xor,1
diagnostic-10867492/wiki-Talk,wiki-Talk,diagnostic-10867492,qhcn064,DIFF,full_fp32,e2e_FP32_final,BF16_same_B_native,16092,0.772619521275,0.00503214292971,0.00469344480313,1,0,0,report_only,ccc2283090ed75eb,2a9dc8247e03a685,indexed_splitmix64_xor,1
diagnostic-10867492/wiki-Talk,wiki-Talk,diagnostic-10867492,qhcn064,DIFF,full_fp32,e2e_BF16_final,BF16_same_B_native,16384,0.770332549573,0.00557259998337,0.00478468899522,1,0,0,report_only,e7aca89817f6bd00,997ab7be2063754f,indexed_splitmix64_xor,1
diagnostic-10867492/wiki-Talk,wiki-Talk,diagnostic-10867492,qhcn064,PROFILE_GATE,b64_bf16,layer1_FP32,uninstrumented_same_method,0,0,0,0,1,1,0,bitwise,ee8935583731482c,ee8935583731482c,indexed_splitmix64_xor,1
diagnostic-10867492/wiki-Talk,wiki-Talk,diagnostic-10867492,qhcn064,PROFILE_GATE,b64_bf16,layer2_BF16,uninstrumented_same_method,0,0,0,0,1,1,0,bitwise,9a134a6583948ccc,9a134a6583948ccc,indexed_splitmix64_xor,1
diagnostic-10867492/wiki-Talk,wiki-Talk,diagnostic-10867492,qhcn064,PROFILE_GATE,b64_fp32,layer1_FP32,uninstrumented_same_method,0,0,0,0,1,1,0,bitwise,96886ec9e7e7c7d8,96886ec9e7e7c7d8,indexed_splitmix64_xor,1
diagnostic-10867492/wiki-Talk,wiki-Talk,diagnostic-10867492,qhcn064,PROFILE_GATE,b64_fp32,layer2_BF16,uninstrumented_same_method,0,0,0,0,1,1,0,bitwise,f284bee79f47856b,f284bee79f47856b,indexed_splitmix64_xor,1
diagnostic-10867492/wiki-Talk,wiki-Talk,diagnostic-10867492,qhcn064,PROFILE_GATE,full_bf16,layer1_FP32,uninstrumented_same_method,0,0,0,0,1,1,0,bitwise,3a8eb3f1458bc9d7,3a8eb3f1458bc9d7,indexed_splitmix64_xor,1
diagnostic-10867492/wiki-Talk,wiki-Talk,diagnostic-10867492,qhcn064,PROFILE_GATE,full_bf16,layer2_BF16,uninstrumented_same_method,0,0,0,0,1,1,0,bitwise,997ab7be2063754f,997ab7be2063754f,indexed_splitmix64_xor,1
diagnostic-10867492/wiki-Talk,wiki-Talk,diagnostic-10867492,qhcn064,PROFILE_GATE,full_fp32,layer1_FP32,uninstrumented_same_method,0,0,0,0,1,1,0,bitwise,d93381363f7a6f63,d93381363f7a6f63,indexed_splitmix64_xor,1
diagnostic-10867492/wiki-Talk,wiki-Talk,diagnostic-10867492,qhcn064,PROFILE_GATE,full_fp32,layer2_BF16,uninstrumented_same_method,0,0,0,0,1,1,0,bitwise,e7aca89817f6bd00,e7aca89817f6bd00,indexed_splitmix64_xor,1
extension-10868182/amazon0601,amazon0601,extension-10868182,qhcn052,CHECK,b64_bf16,layer1_FP32,own_math_oracle,1.52587890625e-05,3.84826833226e-07,7.20604522438e-08,2.35484832657e-07,1,0,0.01,relative_L2_and_normalized_max,99bc8caff88f76c8,d0ae718041c5ba9b,indexed_splitmix64_xor,1
extension-10868182/amazon0601,amazon0601,extension-10868182,qhcn052,CHECK,b64_bf16,kernel_FP32,original_TFS,0.230484008789,0.026546522623,0.00318884804894,0.00354674001057,1,0,0.01,relative_L2_and_normalized_max,99bc8caff88f76c8,bdcf5bc2b9d4f29b,indexed_splitmix64_xor,1
extension-10868182/amazon0601,amazon0601,extension-10868182,qhcn052,CHECK,b64_bf16,layer2_FP32_actual_input,own_math_oracle,0.000732421875,1.31353290056e-05,7.59363112692e-08,3.04432228819e-07,1,0,0.01,relative_L2_and_normalized_max,c1b1431ec34a9de7,35583b991fde54bd,indexed_splitmix64_xor,1
extension-10868182/amazon0601,amazon0601,extension-10868182,qhcn052,CHECK,b64_bf16,e2e_FP32_final,own_math_oracle,1.00006103516,0.000123459318452,1.45799502195e-05,0.0004156768391,1,0,0.01,relative_L2_and_normalized_max,c1b1431ec34a9de7,fbc9f147d6a07afe,indexed_splitmix64_xor,1
extension-10868182/amazon0601,amazon0601,extension-10868182,qhcn052,CHECK,b64_bf16,e2e_FP32_final,original_TFS,16.0229492188,1.56393010035,0.00578187996819,0.00662488436988,1,0,0.01,relative_L2_and_normalized_max,c1b1431ec34a9de7,e1b578662c153858,indexed_splitmix64_xor,1
extension-10868182/amazon0601,amazon0601,extension-10868182,qhcn052,CHECK,b64_bf16,e2e_BF16_final,own_math_oracle,8,0.000121113138741,3.9985638109e-05,0.00333333333333,1,0,0.02,relative_L2_and_normalized_max,0d5ea0a4d0749c65,3ec82cd0437888ea,indexed_splitmix64_xor,1
extension-10868182/amazon0601,amazon0601,extension-10868182,qhcn052,CHECK,b64_bf16,e2e_BF16_final,original_TFS,16,1.55946604925,0.00621228430385,0.00662251655629,1,0,0.02,relative_L2_and_normalized_max,0d5ea0a4d0749c65,57687c10f5c6b246,indexed_splitmix64_xor,1
extension-10868182/amazon0601,amazon0601,extension-10868182,qhcn052,CHECK,b64_bf16,e2e_BF16_final,source_MKL_FP32,52.884765625,5.0315008829,0.0184475342814,0.0216540600563,1,0,0.03,relative_L2_and_normalized_max,0d5ea0a4d0749c65,184b9c6e5e91cf26,indexed_splitmix64_xor,1
extension-10868182/amazon0601,amazon0601,extension-10868182,qhcn052,CHECK,b64_fp32,layer1_FP32,own_math_oracle,1.90734863281e-05,4.50588928379e-07,7.81460832996e-08,2.93929359369e-07,1,0,0.01,relative_L2_and_normalized_max,1e583a9e34f6ff22,4d3ef6aad4a6d007,indexed_splitmix64_xor,1
extension-10868182/amazon0601,amazon0601,extension-10868182,qhcn052,CHECK,b64_fp32,layer2_FP32_actual_input,own_math_oracle,0.0006103515625,1.32087472324e-05,7.59599654092e-08,2.52513264522e-07,1,0,0.01,relative_L2_and_normalized_max,5491b081bac8940c,6deb35eb3e637701,indexed_splitmix64_xor,1
extension-10868182/amazon0601,amazon0601,extension-10868182,qhcn052,CHECK,b64_fp32,e2e_FP32_final,own_math_oracle,1.00009155273,0.000111799067791,1.38831320002e-05,0.000413755609582,1,0,0.01,relative_L2_and_normalized_max,5491b081bac8940c,4f2d9ecbcadd9c82,indexed_splitmix64_xor,1
extension-10868182/amazon0601,amazon0601,extension-10868182,qhcn052,CHECK,b64_fp32,e2e_BF16_final,own_math_oracle,8,0.000112845967888,3.90864459745e-05,0.00331125827815,1,0,0.02,relative_L2_and_normalized_max,439ffb741c4056bb,8e77ad47e611f1bc,indexed_splitmix64_xor,1
extension-10868182/amazon0601,amazon0601,extension-10868182,qhcn052,CHECK,full_bf16,layer1_FP32,own_math_oracle,1.52587890625e-05,3.84826833226e-07,7.20604522438e-08,2.35484832657e-07,1,0,0.01,relative_L2_and_normalized_max,99bc8caff88f76c8,d0ae718041c5ba9b,indexed_splitmix64_xor,1
extension-10868182/amazon0601,amazon0601,extension-10868182,qhcn052,CHECK,full_bf16,kernel_FP32,original_TFS,0.230484008789,0.026546522623,0.00318884804894,0.00354674001057,1,0,0.01,relative_L2_and_normalized_max,99bc8caff88f76c8,bdcf5bc2b9d4f29b,indexed_splitmix64_xor,1
extension-10868182/amazon0601,amazon0601,extension-10868182,qhcn052,CHECK,full_bf16,layer2_FP32_actual_input,own_math_oracle,0.000732421875,1.31353290056e-05,7.59363112692e-08,3.04432228819e-07,1,0,0.01,relative_L2_and_normalized_max,c1b1431ec34a9de7,35583b991fde54bd,indexed_splitmix64_xor,1
extension-10868182/amazon0601,amazon0601,extension-10868182,qhcn052,CHECK,full_bf16,e2e_FP32_final,own_math_oracle,1.00006103516,0.000123459318452,1.45799502195e-05,0.0004156768391,1,0,0.01,relative_L2_and_normalized_max,c1b1431ec34a9de7,fbc9f147d6a07afe,indexed_splitmix64_xor,1
extension-10868182/amazon0601,amazon0601,extension-10868182,qhcn052,CHECK,full_bf16,e2e_FP32_final,original_TFS,16.0229492188,1.56393010035,0.00578187996819,0.00662488436988,1,0,0.01,relative_L2_and_normalized_max,c1b1431ec34a9de7,e1b578662c153858,indexed_splitmix64_xor,1
extension-10868182/amazon0601,amazon0601,extension-10868182,qhcn052,CHECK,full_bf16,e2e_BF16_final,own_math_oracle,8,0.000121113138741,3.9985638109e-05,0.00333333333333,1,0,0.02,relative_L2_and_normalized_max,0d5ea0a4d0749c65,3ec82cd0437888ea,indexed_splitmix64_xor,1
extension-10868182/amazon0601,amazon0601,extension-10868182,qhcn052,CHECK,full_bf16,e2e_BF16_final,original_TFS,16,1.55946604925,0.00621228430385,0.00662251655629,1,0,0.02,relative_L2_and_normalized_max,0d5ea0a4d0749c65,57687c10f5c6b246,indexed_splitmix64_xor,1
extension-10868182/amazon0601,amazon0601,extension-10868182,qhcn052,CHECK,full_bf16,e2e_BF16_final,source_MKL_FP32,52.884765625,5.0315008829,0.0184475342814,0.0216540600563,1,0,0.03,relative_L2_and_normalized_max,0d5ea0a4d0749c65,184b9c6e5e91cf26,indexed_splitmix64_xor,1
extension-10868182/amazon0601,amazon0601,extension-10868182,qhcn052,CHECK,full_fp32,layer1_FP32,own_math_oracle,1.90734863281e-05,4.50588928379e-07,7.81460832996e-08,2.93929359369e-07,1,0,0.01,relative_L2_and_normalized_max,1e583a9e34f6ff22,4d3ef6aad4a6d007,indexed_splitmix64_xor,1
extension-10868182/amazon0601,amazon0601,extension-10868182,qhcn052,CHECK,full_fp32,layer2_FP32_actual_input,own_math_oracle,0.0006103515625,1.32087472324e-05,7.59599654092e-08,2.52513264522e-07,1,0,0.01,relative_L2_and_normalized_max,5491b081bac8940c,6deb35eb3e637701,indexed_splitmix64_xor,1
extension-10868182/amazon0601,amazon0601,extension-10868182,qhcn052,CHECK,full_fp32,e2e_FP32_final,own_math_oracle,1.00009155273,0.000111799067791,1.38831320002e-05,0.000413755609582,1,0,0.01,relative_L2_and_normalized_max,5491b081bac8940c,4f2d9ecbcadd9c82,indexed_splitmix64_xor,1
extension-10868182/amazon0601,amazon0601,extension-10868182,qhcn052,CHECK,full_fp32,e2e_BF16_final,own_math_oracle,8,0.000112845967888,3.90864459745e-05,0.00331125827815,1,0,0.02,relative_L2_and_normalized_max,439ffb741c4056bb,8e77ad47e611f1bc,indexed_splitmix64_xor,1
extension-10868182/amazon0601,amazon0601,extension-10868182,qhcn052,EQ,b64_fp32,matched_layer1_FP32,b64_bf16,0,0,0,0,1,1,0,bitwise,99bc8caff88f76c8,99bc8caff88f76c8,indexed_splitmix64_xor,1
extension-10868182/amazon0601,amazon0601,extension-10868182,qhcn052,EQ,b64_fp32,matched_layer2_FP32,b64_bf16,0,0,0,0,1,1,0,bitwise,c1b1431ec34a9de7,c1b1431ec34a9de7,indexed_splitmix64_xor,1
extension-10868182/amazon0601,amazon0601,extension-10868182,qhcn052,EQ,b64_fp32,matched_layer2_BF16,b64_bf16,0,0,0,0,1,1,0,bitwise,0d5ea0a4d0749c65,0d5ea0a4d0749c65,indexed_splitmix64_xor,1
extension-10868182/amazon0601,amazon0601,extension-10868182,qhcn052,EQ,full_fp32,matched_layer1_FP32,full_bf16,0,0,0,0,1,1,0,bitwise,99bc8caff88f76c8,99bc8caff88f76c8,indexed_splitmix64_xor,1
extension-10868182/amazon0601,amazon0601,extension-10868182,qhcn052,EQ,full_fp32,matched_layer2_FP32,full_bf16,0,0,0,0,1,1,0,bitwise,c1b1431ec34a9de7,c1b1431ec34a9de7,indexed_splitmix64_xor,1
extension-10868182/amazon0601,amazon0601,extension-10868182,qhcn052,EQ,full_fp32,matched_layer2_BF16,full_bf16,0,0,0,0,1,1,0,bitwise,0d5ea0a4d0749c65,0d5ea0a4d0749c65,indexed_splitmix64_xor,1
extension-10868182/amazon0601,amazon0601,extension-10868182,qhcn052,DIFF,b64_fp32,layer1_FP32,BF16_same_B_native,0.260074615479,0.031446911763,0.00378193739962,0.00401366235902,1,0,0,report_only,1e583a9e34f6ff22,99bc8caff88f76c8,indexed_splitmix64_xor,1
extension-10868182/amazon0601,amazon0601,extension-10868182,qhcn052,DIFF,b64_fp32,e2e_FP32_final,BF16_same_B_native,16.7844238281,1.55659439363,0.00578063107754,0.00697647043303,1,0,0,report_only,5491b081bac8940c,c1b1431ec34a9de7,indexed_splitmix64_xor,1
extension-10868182/amazon0601,amazon0601,extension-10868182,qhcn052,DIFF,b64_fp32,e2e_BF16_final,BF16_same_B_native,16,1.55211411296,0.0062372929413,0.00666666666667,1,0,0,report_only,439ffb741c4056bb,0d5ea0a4d0749c65,indexed_splitmix64_xor,1
extension-10868182/amazon0601,amazon0601,extension-10868182,qhcn052,DIFF,full_fp32,layer1_FP32,BF16_same_B_native,0.260074615479,0.031446911763,0.00378193739962,0.00401366235902,1,0,0,report_only,1e583a9e34f6ff22,99bc8caff88f76c8,indexed_splitmix64_xor,1
extension-10868182/amazon0601,amazon0601,extension-10868182,qhcn052,DIFF,full_fp32,e2e_FP32_final,BF16_same_B_native,16.7844238281,1.55659439363,0.00578063107754,0.00697647043303,1,0,0,report_only,5491b081bac8940c,c1b1431ec34a9de7,indexed_splitmix64_xor,1
extension-10868182/amazon0601,amazon0601,extension-10868182,qhcn052,DIFF,full_fp32,e2e_BF16_final,BF16_same_B_native,16,1.55211411296,0.0062372929413,0.00666666666667,1,0,0,report_only,439ffb741c4056bb,0d5ea0a4d0749c65,indexed_splitmix64_xor,1
extension-10868182/amazon0601,amazon0601,extension-10868182,qhcn052,PROFILE_GATE,b64_bf16,layer1_FP32,uninstrumented_same_method,0,0,0,0,1,1,0,bitwise,99bc8caff88f76c8,99bc8caff88f76c8,indexed_splitmix64_xor,1
extension-10868182/amazon0601,amazon0601,extension-10868182,qhcn052,PROFILE_GATE,b64_bf16,layer2_BF16,uninstrumented_same_method,0,0,0,0,1,1,0,bitwise,0d5ea0a4d0749c65,0d5ea0a4d0749c65,indexed_splitmix64_xor,1
extension-10868182/amazon0601,amazon0601,extension-10868182,qhcn052,PROFILE_GATE,b64_fp32,layer1_FP32,uninstrumented_same_method,0,0,0,0,1,1,0,bitwise,1e583a9e34f6ff22,1e583a9e34f6ff22,indexed_splitmix64_xor,1
extension-10868182/amazon0601,amazon0601,extension-10868182,qhcn052,PROFILE_GATE,b64_fp32,layer2_BF16,uninstrumented_same_method,0,0,0,0,1,1,0,bitwise,439ffb741c4056bb,439ffb741c4056bb,indexed_splitmix64_xor,1
extension-10868182/amazon0601,amazon0601,extension-10868182,qhcn052,PROFILE_GATE,full_bf16,layer1_FP32,uninstrumented_same_method,0,0,0,0,1,1,0,bitwise,99bc8caff88f76c8,99bc8caff88f76c8,indexed_splitmix64_xor,1
extension-10868182/amazon0601,amazon0601,extension-10868182,qhcn052,PROFILE_GATE,full_bf16,layer2_BF16,uninstrumented_same_method,0,0,0,0,1,1,0,bitwise,0d5ea0a4d0749c65,0d5ea0a4d0749c65,indexed_splitmix64_xor,1
extension-10868182/amazon0601,amazon0601,extension-10868182,qhcn052,PROFILE_GATE,full_fp32,layer1_FP32,uninstrumented_same_method,0,0,0,0,1,1,0,bitwise,1e583a9e34f6ff22,1e583a9e34f6ff22,indexed_splitmix64_xor,1
extension-10868182/amazon0601,amazon0601,extension-10868182,qhcn052,PROFILE_GATE,full_fp32,layer2_BF16,uninstrumented_same_method,0,0,0,0,1,1,0,bitwise,439ffb741c4056bb,439ffb741c4056bb,indexed_splitmix64_xor,1
extension-10868182/as-Skitter,as-Skitter,extension-10868182,qhcn052,CHECK,b64_bf16,layer1_FP32,own_math_oracle,0.03173828125,5.2610809978e-07,1.08109508867e-06,7.25827488003e-06,1,0,0.01,relative_L2_and_normalized_max,ccce01fe9c50f5ab,7530867d232f08f8,indexed_splitmix64_xor,1
extension-10868182/as-Skitter,as-Skitter,extension-10868182,qhcn052,CHECK,b64_bf16,kernel_FP32,original_TFS,12.7639160156,0.0241241709683,0.00317383389263,0.00291060256337,1,0,0.01,relative_L2_and_normalized_max,ccce01fe9c50f5ab,ad81b1a6d65f6385,indexed_splitmix64_xor,1
extension-10868182/as-Skitter,as-Skitter,extension-10868182,qhcn052,CHECK,b64_bf16,layer2_FP32_actual_input,own_math_oracle,76.5,0.000536732082083,1.50423773977e-06,1.08438930171e-05,1,0,0.01,relative_L2_and_normalized_max,ae28c70c7b9081e7,74a41cb92b11e40a,indexed_splitmix64_xor,1
extension-10868182/as-Skitter,as-Skitter,extension-10868182,qhcn052,CHECK,b64_bf16,e2e_FP32_final,own_math_oracle,128.0234375,0.00604001901385,1.52767549592e-05,1.81473524175e-05,1,0,0.01,relative_L2_and_normalized_max,ae28c70c7b9081e7,8563f1d9bfde8645,indexed_splitmix64_xor,1
extension-10868182/as-Skitter,as-Skitter,extension-10868182,qhcn052,CHECK,b64_bf16,e2e_FP32_final,original_TFS,39717.5,25.447340191,0.00592238221834,0.00559843487678,1,0,0.01,relative_L2_and_normalized_max,ae28c70c7b9081e7,8e70ea500b6f01b2,indexed_splitmix64_xor,1
extension-10868182/as-Skitter,as-Skitter,extension-10868182,qhcn052,CHECK,b64_bf16,e2e_BF16_final,own_math_oracle,16384,0.0060513466171,8.34102432189e-05,0.00232558139535,1,0,0.02,relative_L2_and_normalized_max,471321fdd2809b0a,fdc62e22ec088657,indexed_splitmix64_xor,1
extension-10868182/as-Skitter,as-Skitter,extension-10868182,qhcn052,CHECK,b64_bf16,e2e_BF16_final,original_TFS,32768,25.374573895,0.00630847915001,0.00462962962963,1,0,0.02,relative_L2_and_normalized_max,471321fdd2809b0a,8aca1af59250e0e7,indexed_splitmix64_xor,1
extension-10868182/as-Skitter,as-Skitter,extension-10868182,qhcn052,CHECK,b64_bf16,e2e_BF16_final,source_MKL_FP32,133944,73.1586083381,0.017168137754,0.0186764555477,1,0,0.03,relative_L2_and_normalized_max,471321fdd2809b0a,0520fe52aadc67f4,indexed_splitmix64_xor,1
extension-10868182/as-Skitter,as-Skitter,extension-10868182,qhcn052,CHECK,b64_fp32,layer1_FP32,own_math_oracle,0.038818359375,5.90408531704e-07,1.08757096162e-06,8.86548351678e-06,1,0,0.01,relative_L2_and_normalized_max,2a4651fd281d867d,321ab000518da180,indexed_splitmix64_xor,1
extension-10868182/as-Skitter,as-Skitter,extension-10868182,qhcn052,CHECK,b64_fp32,layer2_FP32_actual_input,own_math_oracle,66.5,0.000537041592303,1.46566767861e-06,9.37835999138e-06,1,0,0.01,relative_L2_and_normalized_max,6472847be97dfa78,86b554d9a7ab9b46,indexed_splitmix64_xor,1
extension-10868182/as-Skitter,as-Skitter,extension-10868182,qhcn052,CHECK,b64_fp32,e2e_FP32_final,own_math_oracle,256.03125,0.0215105565948,4.80800098543e-05,3.61075673916e-05,1,0,0.01,relative_L2_and_normalized_max,6472847be97dfa78,b04dbea4f06ff6da,indexed_splitmix64_xor,1
extension-10868182/as-Skitter,as-Skitter,extension-10868182,qhcn052,CHECK,b64_fp32,e2e_BF16_final,own_math_oracle,32768,0.0215954474706,0.000168569850582,0.00462962962963,1,0,0.02,relative_L2_and_normalized_max,55c8041de73a7f2e,68a2016373c5d5b2,indexed_splitmix64_xor,1
extension-10868182/as-Skitter,as-Skitter,extension-10868182,qhcn052,CHECK,full_bf16,layer1_FP32,own_math_oracle,0.001220703125,3.67109412951e-07,7.45000586888e-08,2.79123026712e-07,1,0,0.01,relative_L2_and_normalized_max,d78700b1a87c275d,3aa8b18c27bb1658,indexed_splitmix64_xor,1
extension-10868182/as-Skitter,as-Skitter,extension-10868182,qhcn052,CHECK,full_bf16,kernel_FP32,original_TFS,13.8238525391,0.0241367617241,0.00322832966378,0.00315230377469,1,0,0.01,relative_L2_and_normalized_max,d78700b1a87c275d,ad81b1a6d65f6385,indexed_splitmix64_xor,1
extension-10868182/as-Skitter,as-Skitter,extension-10868182,qhcn052,CHECK,full_bf16,layer2_FP32_actual_input,own_math_oracle,1.25,0.000311399856089,9.835857395e-08,1.7714411517e-07,1,0,0.01,relative_L2_and_normalized_max,89c543fc029a9625,3755753bc6ecea46,indexed_splitmix64_xor,1
extension-10868182/as-Skitter,as-Skitter,extension-10868182,qhcn052,CHECK,full_bf16,e2e_FP32_final,own_math_oracle,63.25,0.000744542866008,2.48557129289e-06,8.96349222759e-06,1,0,0.01,relative_L2_and_normalized_max,89c543fc029a9625,982c44cf8f9b04db,indexed_splitmix64_xor,1
extension-10868182/as-Skitter,as-Skitter,extension-10868182,qhcn052,CHECK,full_bf16,e2e_FP32_final,original_TFS,46943.5,25.7084822882,0.00604604186784,0.00661698565212,1,0,0.01,relative_L2_and_normalized_max,89c543fc029a9625,8e70ea500b6f01b2,indexed_splitmix64_xor,1
extension-10868182/as-Skitter,as-Skitter,extension-10868182,qhcn052,CHECK,full_bf16,e2e_BF16_final,own_math_oracle,2048,0.000766695315534,2.05841773177e-05,0.000290697674419,1,0,0.02,relative_L2_and_normalized_max,e01729a7f830bb24,e4e973bd28eb6cd0,indexed_splitmix64_xor,1
extension-10868182/as-Skitter,as-Skitter,extension-10868182,qhcn052,CHECK,full_bf16,e2e_BF16_final,original_TFS,65536,25.6329044094,0.0064397834697,0.00925925925926,1,0,0.02,relative_L2_and_normalized_max,e01729a7f830bb24,8aca1af59250e0e7,indexed_splitmix64_xor,1
extension-10868182/as-Skitter,as-Skitter,extension-10868182,qhcn052,CHECK,full_bf16,e2e_BF16_final,source_MKL_FP32,133944,73.3207592817,0.0172384073062,0.0186764555477,1,0,0.03,relative_L2_and_normalized_max,e01729a7f830bb24,0520fe52aadc67f4,indexed_splitmix64_xor,1
extension-10868182/as-Skitter,as-Skitter,extension-10868182,qhcn052,CHECK,full_fp32,layer1_FP32,own_math_oracle,0.000732421875,4.29956359677e-07,7.74803073312e-08,1.67252496411e-07,1,0,0.01,relative_L2_and_normalized_max,4384a856abc0585e,948e421ceb02f9f5,indexed_splitmix64_xor,1
extension-10868182/as-Skitter,as-Skitter,extension-10868182,qhcn052,CHECK,full_fp32,layer2_FP32_actual_input,own_math_oracle,1,0.000311883978521,9.78778577522e-08,1.41085422356e-07,1,0,0.01,relative_L2_and_normalized_max,a38938b603de518b,1e7f88de6285a27e,indexed_splitmix64_xor,1
extension-10868182/as-Skitter,as-Skitter,extension-10868182,qhcn052,CHECK,full_fp32,e2e_FP32_final,own_math_oracle,256.015625,0.00147286176161,1.18533962471e-05,3.61200725828e-05,1,0,0.01,relative_L2_and_normalized_max,a38938b603de518b,22c4161c88a856d3,indexed_splitmix64_xor,1
extension-10868182/as-Skitter,as-Skitter,extension-10868182,qhcn052,CHECK,full_fp32,e2e_BF16_final,own_math_oracle,2048,0.00149304906772,3.19293678093e-05,0.000289351851852,1,0,0.02,relative_L2_and_normalized_max,b9ad201ddfe1ef0b,05c1726bfdeec219,indexed_splitmix64_xor,1
extension-10868182/as-Skitter,as-Skitter,extension-10868182,qhcn052,EQ,b64_fp32,matched_layer1_FP32,b64_bf16,0,0,0,0,1,1,0,bitwise,ccce01fe9c50f5ab,ccce01fe9c50f5ab,indexed_splitmix64_xor,1
extension-10868182/as-Skitter,as-Skitter,extension-10868182,qhcn052,EQ,b64_fp32,matched_layer2_FP32,b64_bf16,0,0,0,0,1,1,0,bitwise,ae28c70c7b9081e7,ae28c70c7b9081e7,indexed_splitmix64_xor,1
extension-10868182/as-Skitter,as-Skitter,extension-10868182,qhcn052,EQ,b64_fp32,matched_layer2_BF16,b64_bf16,0,0,0,0,1,1,0,bitwise,471321fdd2809b0a,471321fdd2809b0a,indexed_splitmix64_xor,1
extension-10868182/as-Skitter,as-Skitter,extension-10868182,qhcn052,EQ,full_fp32,matched_layer1_FP32,full_bf16,0,0,0,0,1,1,0,bitwise,d78700b1a87c275d,d78700b1a87c275d,indexed_splitmix64_xor,1
extension-10868182/as-Skitter,as-Skitter,extension-10868182,qhcn052,EQ,full_fp32,matched_layer2_FP32,full_bf16,0,0,0,0,1,1,0,bitwise,89c543fc029a9625,89c543fc029a9625,indexed_splitmix64_xor,1
extension-10868182/as-Skitter,as-Skitter,extension-10868182,qhcn052,EQ,full_fp32,matched_layer2_BF16,full_bf16,0,0,0,0,1,1,0,bitwise,e01729a7f830bb24,e01729a7f830bb24,indexed_splitmix64_xor,1
extension-10868182/as-Skitter,as-Skitter,extension-10868182,qhcn052,DIFF,b64_fp32,layer1_FP32,BF16_same_B_native,8.10961914062,0.0285936238129,0.00354521304061,0.00185460524663,1,0,0,report_only,2a4651fd281d867d,ccce01fe9c50f5ab,indexed_splitmix64_xor,1
extension-10868182/as-Skitter,as-Skitter,extension-10868182,qhcn052,DIFF,b64_fp32,e2e_FP32_final,BF16_same_B_native,36149,20.6011007623,0.00474280587709,0.00512411909491,1,0,0,report_only,6472847be97dfa78,ae28c70c7b9081e7,indexed_splitmix64_xor,1
extension-10868182/as-Skitter,as-Skitter,extension-10868182,qhcn052,DIFF,b64_fp32,e2e_BF16_final,BF16_same_B_native,32768,20.5466390836,0.00533022847853,0.0046511627907,1,0,0,report_only,55c8041de73a7f2e,471321fdd2809b0a,indexed_splitmix64_xor,1
extension-10868182/as-Skitter,as-Skitter,extension-10868182,qhcn052,DIFF,full_fp32,layer1_FP32,BF16_same_B_native,11.3112792969,0.0286115922567,0.00359324977629,0.00258640979012,1,0,0,report_only,4384a856abc0585e,d78700b1a87c275d,indexed_splitmix64_xor,1
extension-10868182/as-Skitter,as-Skitter,extension-10868182,qhcn052,DIFF,full_fp32,e2e_FP32_final,BF16_same_B_native,41265.5,20.8325248089,0.00491218421003,0.00584795197326,1,0,0,report_only,a38938b603de518b,89c543fc029a9625,indexed_splitmix64_xor,1
extension-10868182/as-Skitter,as-Skitter,extension-10868182,qhcn052,DIFF,full_fp32,e2e_BF16_final,BF16_same_B_native,65536,20.7696733727,0.00548070806685,0.0093023255814,1,0,0,report_only,b9ad201ddfe1ef0b,e01729a7f830bb24,indexed_splitmix64_xor,1
extension-10868182/as-Skitter,as-Skitter,extension-10868182,qhcn052,PROFILE_GATE,b64_bf16,layer1_FP32,uninstrumented_same_method,0,0,0,0,1,1,0,bitwise,ccce01fe9c50f5ab,ccce01fe9c50f5ab,indexed_splitmix64_xor,1
extension-10868182/as-Skitter,as-Skitter,extension-10868182,qhcn052,PROFILE_GATE,b64_bf16,layer2_BF16,uninstrumented_same_method,0,0,0,0,1,1,0,bitwise,471321fdd2809b0a,471321fdd2809b0a,indexed_splitmix64_xor,1
extension-10868182/as-Skitter,as-Skitter,extension-10868182,qhcn052,PROFILE_GATE,b64_fp32,layer1_FP32,uninstrumented_same_method,0,0,0,0,1,1,0,bitwise,2a4651fd281d867d,2a4651fd281d867d,indexed_splitmix64_xor,1
extension-10868182/as-Skitter,as-Skitter,extension-10868182,qhcn052,PROFILE_GATE,b64_fp32,layer2_BF16,uninstrumented_same_method,0,0,0,0,1,1,0,bitwise,55c8041de73a7f2e,55c8041de73a7f2e,indexed_splitmix64_xor,1
extension-10868182/as-Skitter,as-Skitter,extension-10868182,qhcn052,PROFILE_GATE,full_bf16,layer1_FP32,uninstrumented_same_method,0,0,0,0,1,1,0,bitwise,d78700b1a87c275d,d78700b1a87c275d,indexed_splitmix64_xor,1
extension-10868182/as-Skitter,as-Skitter,extension-10868182,qhcn052,PROFILE_GATE,full_bf16,layer2_BF16,uninstrumented_same_method,0,0,0,0,1,1,0,bitwise,e01729a7f830bb24,e01729a7f830bb24,indexed_splitmix64_xor,1
extension-10868182/as-Skitter,as-Skitter,extension-10868182,qhcn052,PROFILE_GATE,full_fp32,layer1_FP32,uninstrumented_same_method,0,0,0,0,1,1,0,bitwise,4384a856abc0585e,4384a856abc0585e,indexed_splitmix64_xor,1
extension-10868182/as-Skitter,as-Skitter,extension-10868182,qhcn052,PROFILE_GATE,full_fp32,layer2_BF16,uninstrumented_same_method,0,0,0,0,1,1,0,bitwise,b9ad201ddfe1ef0b,b9ad201ddfe1ef0b,indexed_splitmix64_xor,1
extension-10868182/cit-Patents,cit-Patents,extension-10868182,qhcn052,CHECK,b64_bf16,layer1_FP32,own_math_oracle,0.000167846679688,1.91876744727e-07,7.73505302491e-08,4.89737680471e-07,1,0,0.01,relative_L2_and_normalized_max,dfc1814242ddaada,0be2bf9d51d4555a,indexed_splitmix64_xor,1
extension-10868182/cit-Patents,cit-Patents,extension-10868182,qhcn052,CHECK,b64_bf16,kernel_FP32,original_TFS,1.05746459961,0.0129792868356,0.00316353991885,0.00307708319402,1,0,0.01,relative_L2_and_normalized_max,dfc1814242ddaada,a77c4ac27b640a6e,indexed_splitmix64_xor,1
extension-10868182/cit-Patents,cit-Patents,extension-10868182,qhcn052,CHECK,b64_bf16,layer2_FP32_actual_input,own_math_oracle,0.03515625,2.43090374469e-06,9.18907392046e-08,6.70032662603e-07,1,0,0.01,relative_L2_and_normalized_max,a6e10ff5a24f725d,9997bfa4fd3da9bb,indexed_splitmix64_xor,1
extension-10868182/cit-Patents,cit-Patents,extension-10868182,qhcn052,CHECK,b64_bf16,e2e_FP32_final,own_math_oracle,2.00006103516,3.30296340124e-05,1.3344074648e-05,3.81185769459e-05,1,0,0.01,relative_L2_and_normalized_max,a6e10ff5a24f725d,e1f48c9a825cd663,indexed_splitmix64_xor,1
extension-10868182/cit-Patents,cit-Patents,extension-10868182,qhcn052,CHECK,b64_bf16,e2e_FP32_final,original_TFS,293.6328125,0.378905496522,0.00565339537812,0.00556512154649,1,0,0.01,relative_L2_and_normalized_max,a6e10ff5a24f725d,d71a1f0d3166d7e3,indexed_splitmix64_xor,1
extension-10868182/cit-Patents,cit-Patents,extension-10868182,qhcn052,CHECK,b64_bf16,e2e_BF16_final,own_math_oracle,64,3.34177857453e-05,4.65312760456e-05,0.00122549019608,1,0,0.02,relative_L2_and_normalized_max,9899e8449fd3cd4a,09992f2954847e3b,indexed_splitmix64_xor,1
extension-10868182/cit-Patents,cit-Patents,extension-10868182,qhcn052,CHECK,b64_bf16,e2e_BF16_final,original_TFS,512,0.377830157192,0.0060872254351,0.00970873786408,1,0,0.02,relative_L2_and_normalized_max,9899e8449fd3cd4a,847b36cfed91e03b,indexed_splitmix64_xor,1
extension-10868182/cit-Patents,cit-Patents,extension-10868182,qhcn052,CHECK,b64_bf16,e2e_BF16_final,source_MKL_FP32,1101.30859375,1.24226116915,0.0183148573313,0.0206526436094,1,0,0.03,relative_L2_and_normalized_max,9899e8449fd3cd4a,ec8ba9ee5976f331,indexed_splitmix64_xor,1
extension-10868182/cit-Patents,cit-Patents,extension-10868182,qhcn052,CHECK,b64_fp32,layer1_FP32,own_math_oracle,0.000244140625,2.29908331803e-07,8.30003904258e-08,7.10622581774e-07,1,0,0.01,relative_L2_and_normalized_max,6a67efb2b6f71fc9,cd8e7d3d6134f352,indexed_splitmix64_xor,1
extension-10868182/cit-Patents,cit-Patents,extension-10868182,qhcn052,CHECK,b64_fp32,layer2_FP32_actual_input,own_math_oracle,0.03125,2.44173159434e-06,9.11559742793e-08,5.92512844753e-07,1,0,0.01,relative_L2_and_normalized_max,6c34ce50ba04f1a5,1257db8f3c4753c5,indexed_splitmix64_xor,1
extension-10868182/cit-Patents,cit-Patents,extension-10868182,qhcn052,CHECK,b64_fp32,e2e_FP32_final,own_math_oracle,1.953125,2.98389953241e-05,1.19592083753e-05,3.7032052797e-05,1,0,0.01,relative_L2_and_normalized_max,6c34ce50ba04f1a5,48c7c6cda7890821,indexed_splitmix64_xor,1
extension-10868182/cit-Patents,cit-Patents,extension-10868182,qhcn052,CHECK,b64_fp32,e2e_BF16_final,own_math_oracle,32,2.99579480788e-05,3.8283680273e-05,0.000606796116505,1,0,0.02,relative_L2_and_normalized_max,b65106b8f9ad14ec,76e0354daf144c9d,indexed_splitmix64_xor,1
extension-10868182/cit-Patents,cit-Patents,extension-10868182,qhcn052,CHECK,full_bf16,layer1_FP32,own_math_oracle,6.103515625e-05,1.88920177132e-07,7.23167736392e-08,1.781299843e-07,1,0,0.01,relative_L2_and_normalized_max,799ea30333354907,f734bba7d54e4100,indexed_splitmix64_xor,1
extension-10868182/cit-Patents,cit-Patents,extension-10868182,qhcn052,CHECK,full_bf16,kernel_FP32,original_TFS,1.30975341797,0.0129795904996,0.00316388184882,0.00381121054288,1,0,0.01,relative_L2_and_normalized_max,799ea30333354907,a77c4ac27b640a6e,indexed_splitmix64_xor,1
extension-10868182/cit-Patents,cit-Patents,extension-10868182,qhcn052,CHECK,full_bf16,layer2_FP32_actual_input,own_math_oracle,0.0078125,2.25529466042e-06,5.36351977308e-08,1.48818980016e-07,1,0,0.01,relative_L2_and_normalized_max,4256aceda39a009b,e5bb576691ef734a,indexed_splitmix64_xor,1
extension-10868182/cit-Patents,cit-Patents,extension-10868182,qhcn052,CHECK,full_bf16,e2e_FP32_final,own_math_oracle,4.0009765625,3.40583991523e-05,1.53217850742e-05,7.62139201405e-05,1,0,0.01,relative_L2_and_normalized_max,4256aceda39a009b,71a18fb0ba07b42d,indexed_splitmix64_xor,1
extension-10868182/cit-Patents,cit-Patents,extension-10868182,qhcn052,CHECK,full_bf16,e2e_FP32_final,original_TFS,290.23828125,0.379328330491,0.005692006456,0.00550078616504,1,0,0.01,relative_L2_and_normalized_max,4256aceda39a009b,d71a1f0d3166d7e3,indexed_splitmix64_xor,1
extension-10868182/cit-Patents,cit-Patents,extension-10868182,qhcn052,CHECK,full_bf16,e2e_BF16_final,own_math_oracle,16,3.36125195981e-05,3.80154072601e-05,0.00030487804878,1,0,0.02,relative_L2_and_normalized_max,58fe702c3fb05475,bfb32f4725df41cc,indexed_splitmix64_xor,1
extension-10868182/cit-Patents,cit-Patents,extension-10868182,qhcn052,CHECK,full_bf16,e2e_BF16_final,original_TFS,256,0.378260670604,0.00612542567851,0.00485436893204,1,0,0.02,relative_L2_and_normalized_max,58fe702c3fb05475,847b36cfed91e03b,indexed_splitmix64_xor,1
extension-10868182/cit-Patents,cit-Patents,extension-10868182,qhcn052,CHECK,full_bf16,e2e_BF16_final,source_MKL_FP32,900.375,1.2424405523,0.0183197833007,0.016884571768,1,0,0.03,relative_L2_and_normalized_max,58fe702c3fb05475,ec8ba9ee5976f331,indexed_splitmix64_xor,1
extension-10868182/cit-Patents,cit-Patents,extension-10868182,qhcn052,CHECK,full_fp32,layer1_FP32,own_math_oracle,6.103515625e-05,2.26822359033e-07,7.81666824183e-08,1.77558457571e-07,1,0,0.01,relative_L2_and_normalized_max,9eac6dbcb76c7602,cf76d3790c2b78d8,indexed_splitmix64_xor,1
extension-10868182/cit-Patents,cit-Patents,extension-10868182,qhcn052,CHECK,full_fp32,layer2_FP32_actual_input,own_math_oracle,0.00390625,2.26583825542e-06,5.36606834119e-08,7.40186916441e-08,1,0,0.01,relative_L2_and_normalized_max,1f32e11e8871adbf,d8e06b2d3ad5ba2f,indexed_splitmix64_xor,1
extension-10868182/cit-Patents,cit-Patents,extension-10868182,qhcn052,CHECK,full_fp32,e2e_FP32_final,own_math_oracle,2,2.9298156342e-05,1.20517343315e-05,3.78975701218e-05,1,0,0.01,relative_L2_and_normalized_max,1f32e11e8871adbf,480b65cb06c4b2a2,indexed_splitmix64_xor,1
extension-10868182/cit-Patents,cit-Patents,extension-10868182,qhcn052,CHECK,full_fp32,e2e_BF16_final,own_math_oracle,32,2.94562159962e-05,3.55601705991e-05,0.000606796116505,1,0,0.02,relative_L2_and_normalized_max,dcc574a5698f3aff,48eae5bcd0ef1d48,indexed_splitmix64_xor,1
extension-10868182/cit-Patents,cit-Patents,extension-10868182,qhcn052,EQ,b64_fp32,matched_layer1_FP32,b64_bf16,0,0,0,0,1,1,0,bitwise,dfc1814242ddaada,dfc1814242ddaada,indexed_splitmix64_xor,1
extension-10868182/cit-Patents,cit-Patents,extension-10868182,qhcn052,EQ,b64_fp32,matched_layer2_FP32,b64_bf16,0,0,0,0,1,1,0,bitwise,a6e10ff5a24f725d,a6e10ff5a24f725d,indexed_splitmix64_xor,1
extension-10868182/cit-Patents,cit-Patents,extension-10868182,qhcn052,EQ,b64_fp32,matched_layer2_BF16,b64_bf16,0,0,0,0,1,1,0,bitwise,9899e8449fd3cd4a,9899e8449fd3cd4a,indexed_splitmix64_xor,1
extension-10868182/cit-Patents,cit-Patents,extension-10868182,qhcn052,EQ,full_fp32,matched_layer1_FP32,full_bf16,0,0,0,0,1,1,0,bitwise,799ea30333354907,799ea30333354907,indexed_splitmix64_xor,1
extension-10868182/cit-Patents,cit-Patents,extension-10868182,qhcn052,EQ,full_fp32,matched_layer2_FP32,full_bf16,0,0,0,0,1,1,0,bitwise,4256aceda39a009b,4256aceda39a009b,indexed_splitmix64_xor,1
extension-10868182/cit-Patents,cit-Patents,extension-10868182,qhcn052,EQ,full_fp32,matched_layer2_BF16,full_bf16,0,0,0,0,1,1,0,bitwise,58fe702c3fb05475,58fe702c3fb05475,indexed_splitmix64_xor,1
extension-10868182/cit-Patents,cit-Patents,extension-10868182,qhcn052,DIFF,b64_fp32,layer1_FP32,BF16_same_B_native,1.56298828125,0.0154567187653,0.00375152174391,0.00456043809269,1,0,0,report_only,6a67efb2b6f71fc9,dfc1814242ddaada,indexed_splitmix64_xor,1
extension-10868182/cit-Patents,cit-Patents,extension-10868182,qhcn052,DIFF,b64_fp32,e2e_FP32_final,BF16_same_B_native,272.03515625,0.377916625726,0.00554983870186,0.00518464176903,1,0,0,report_only,6c34ce50ba04f1a5,a6e10ff5a24f725d,indexed_splitmix64_xor,1
extension-10868182/cit-Patents,cit-Patents,extension-10868182,qhcn052,DIFF,b64_fp32,e2e_BF16_final,BF16_same_B_native,512,0.376832663252,0.00602298948031,0.00980392156863,1,0,0,report_only,b65106b8f9ad14ec,9899e8449fd3cd4a,indexed_splitmix64_xor,1
extension-10868182/cit-Patents,cit-Patents,extension-10868182,qhcn052,DIFF,full_fp32,layer1_FP32,BF16_same_B_native,1.62509155273,0.0154569167065,0.00375182992178,0.00474279947455,1,0,0,report_only,9eac6dbcb76c7602,799ea30333354907,indexed_splitmix64_xor,1
extension-10868182/cit-Patents,cit-Patents,extension-10868182,qhcn052,DIFF,full_fp32,e2e_FP32_final,BF16_same_B_native,302.51171875,0.378620381952,0.00562212411717,0.00576249413467,1,0,0,report_only,1f32e11e8871adbf,4256aceda39a009b,indexed_splitmix64_xor,1
extension-10868182/cit-Patents,cit-Patents,extension-10868182,qhcn052,DIFF,full_fp32,e2e_BF16_final,BF16_same_B_native,256,0.377552297928,0.00608938639436,0.00487804878049,1,0,0,report_only,dcc574a5698f3aff,58fe702c3fb05475,indexed_splitmix64_xor,1
extension-10868182/cit-Patents,cit-Patents,extension-10868182,qhcn052,PROFILE_GATE,b64_bf16,layer1_FP32,uninstrumented_same_method,0,0,0,0,1,1,0,bitwise,dfc1814242ddaada,dfc1814242ddaada,indexed_splitmix64_xor,1
extension-10868182/cit-Patents,cit-Patents,extension-10868182,qhcn052,PROFILE_GATE,b64_bf16,layer2_BF16,uninstrumented_same_method,0,0,0,0,1,1,0,bitwise,9899e8449fd3cd4a,9899e8449fd3cd4a,indexed_splitmix64_xor,1
extension-10868182/cit-Patents,cit-Patents,extension-10868182,qhcn052,PROFILE_GATE,b64_fp32,layer1_FP32,uninstrumented_same_method,0,0,0,0,1,1,0,bitwise,6a67efb2b6f71fc9,6a67efb2b6f71fc9,indexed_splitmix64_xor,1
extension-10868182/cit-Patents,cit-Patents,extension-10868182,qhcn052,PROFILE_GATE,b64_fp32,layer2_BF16,uninstrumented_same_method,0,0,0,0,1,1,0,bitwise,b65106b8f9ad14ec,b65106b8f9ad14ec,indexed_splitmix64_xor,1
extension-10868182/cit-Patents,cit-Patents,extension-10868182,qhcn052,PROFILE_GATE,full_bf16,layer1_FP32,uninstrumented_same_method,0,0,0,0,1,1,0,bitwise,799ea30333354907,799ea30333354907,indexed_splitmix64_xor,1
extension-10868182/cit-Patents,cit-Patents,extension-10868182,qhcn052,PROFILE_GATE,full_bf16,layer2_BF16,uninstrumented_same_method,0,0,0,0,1,1,0,bitwise,58fe702c3fb05475,58fe702c3fb05475,indexed_splitmix64_xor,1
extension-10868182/cit-Patents,cit-Patents,extension-10868182,qhcn052,PROFILE_GATE,full_fp32,layer1_FP32,uninstrumented_same_method,0,0,0,0,1,1,0,bitwise,9eac6dbcb76c7602,9eac6dbcb76c7602,indexed_splitmix64_xor,1
extension-10868182/cit-Patents,cit-Patents,extension-10868182,qhcn052,PROFILE_GATE,full_fp32,layer2_BF16,uninstrumented_same_method,0,0,0,0,1,1,0,bitwise,dcc574a5698f3aff,dcc574a5698f3aff,indexed_splitmix64_xor,1
extension-10868182/com-LiveJournal,com-LiveJournal,extension-10868182,qhcn052,CHECK,b64_bf16,layer1_FP32,own_math_oracle,0.0081787109375,5.8984510383e-07,1.6605105862e-07,3.94366051275e-06,1,0,0.01,relative_L2_and_normalized_max,95ac74e9e65f9ecf,779d1d12f025789a,indexed_splitmix64_xor,1
extension-10868182/com-LiveJournal,com-LiveJournal,extension-10868182,qhcn052,CHECK,b64_bf16,kernel_FP32,original_TFS,6.5400390625,0.0290276905659,0.00324243976422,0.00314571058735,1,0,0.01,relative_L2_and_normalized_max,95ac74e9e65f9ecf,9f4888265454429a,indexed_splitmix64_xor,1
extension-10868182/com-LiveJournal,com-LiveJournal,extension-10868182,qhcn052,CHECK,b64_bf16,layer2_FP32_actual_input,own_math_oracle,10.25,0.000150548786691,5.57325214044e-07,3.66561704852e-06,1,0,0.01,relative_L2_and_normalized_max,793c5e86fce43d19,739da8e45c8d6cd4,indexed_splitmix64_xor,1
extension-10868182/com-LiveJournal,com-LiveJournal,extension-10868182,qhcn052,CHECK,b64_bf16,e2e_FP32_final,own_math_oracle,64.09375,0.00227521130757,1.69274613914e-05,2.29212166381e-05,1,0,0.01,relative_L2_and_normalized_max,793c5e86fce43d19,60719b7b22c2deab,indexed_splitmix64_xor,1
extension-10868182/com-LiveJournal,com-LiveJournal,extension-10868182,qhcn052,CHECK,b64_bf16,e2e_FP32_final,original_TFS,15810.75,8.4445481637,0.00569256585011,0.00562246660952,1,0,0.01,relative_L2_and_normalized_max,793c5e86fce43d19,5d3e5801d29c8fd3,indexed_splitmix64_xor,1
extension-10868182/com-LiveJournal,com-LiveJournal,extension-10868182,qhcn052,CHECK,b64_bf16,e2e_BF16_final,own_math_oracle,4096,0.00227655916959,9.45368552817e-05,0.00147058823529,1,0,0.02,relative_L2_and_normalized_max,4b669015bb4c73cf,909fa4c3079ad207,indexed_splitmix64_xor,1
extension-10868182/com-LiveJournal,com-LiveJournal,extension-10868182,qhcn052,CHECK,b64_bf16,e2e_BF16_final,original_TFS,16384,8.42146359547,0.00607767240714,0.00584795321637,1,0,0.02,relative_L2_and_normalized_max,4b669015bb4c73cf,d7845feb651436e3,indexed_splitmix64_xor,1
extension-10868182/com-LiveJournal,com-LiveJournal,extension-10868182,qhcn052,CHECK,b64_bf16,e2e_BF16_final,source_MKL_FP32,53345.75,26.7890945634,0.0183444969133,0.0187946573824,1,0,0.03,relative_L2_and_normalized_max,4b669015bb4c73cf,c7b528e2f2f4bcd0,indexed_splitmix64_xor,1
extension-10868182/com-LiveJournal,com-LiveJournal,extension-10868182,qhcn052,CHECK,b64_fp32,layer1_FP32,own_math_oracle,0.0072021484375,6.43290126828e-07,1.6357286434e-07,3.47103906201e-06,1,0,0.01,relative_L2_and_normalized_max,6bdf5faf57a200af,4069423137d0fd17,indexed_splitmix64_xor,1
extension-10868182/com-LiveJournal,com-LiveJournal,extension-10868182,qhcn052,CHECK,b64_fp32,layer2_FP32_actual_input,own_math_oracle,20.5,0.000151283152529,5.72382966353e-07,7.2940031197e-06,1,0,0.01,relative_L2_and_normalized_max,dc714b94fce03daa,d6bd55ceb011ecab,indexed_splitmix64_xor,1
extension-10868182/com-LiveJournal,com-LiveJournal,extension-10868182,qhcn052,CHECK,b64_fp32,e2e_FP32_final,own_math_oracle,32.078125,0.00150240810899,1.23688386368e-05,1.14135582353e-05,1,0,0.01,relative_L2_and_normalized_max,dc714b94fce03daa,deec8a050ab96834,indexed_splitmix64_xor,1
extension-10868182/com-LiveJournal,com-LiveJournal,extension-10868182,qhcn052,CHECK,b64_fp32,e2e_BF16_final,own_math_oracle,4096,0.00152571692887,6.99888984754e-05,0.00146198830409,1,0,0.02,relative_L2_and_normalized_max,5527cba372f9b5d4,7e559228201fd277,indexed_splitmix64_xor,1
extension-10868182/com-LiveJournal,com-LiveJournal,extension-10868182,qhcn052,CHECK,full_bf16,layer1_FP32,own_math_oracle,0.00048828125,4.60991711168e-07,7.58676603328e-08,2.35454032486e-07,1,0,0.01,relative_L2_and_normalized_max,9ab0499b69ff081a,65df036c0fd6ed64,indexed_splitmix64_xor,1
extension-10868182/com-LiveJournal,com-LiveJournal,extension-10868182,qhcn052,CHECK,full_bf16,kernel_FP32,original_TFS,5.24780273438,0.0290304786294,0.00324507654098,0.00252415443762,1,0,0.01,relative_L2_and_normalized_max,9ab0499b69ff081a,9f4888265454429a,indexed_splitmix64_xor,1
extension-10868182/com-LiveJournal,com-LiveJournal,extension-10868182,qhcn052,CHECK,full_bf16,layer2_FP32_actual_input,own_math_oracle,0.25,5.32631014989e-05,8.29221872769e-08,8.93675015081e-08,1,0,0.01,relative_L2_and_normalized_max,b1d5ba45d39c40c3,235853a63cabd9c5,indexed_splitmix64_xor,1
extension-10868182/com-LiveJournal,com-LiveJournal,extension-10868182,qhcn052,CHECK,full_bf16,e2e_FP32_final,own_math_oracle,128,0.0009087411236,1.44047186121e-05,4.57561607721e-05,1,0,0.01,relative_L2_and_normalized_max,b1d5ba45d39c40c3,09055f8e9cb4359d,indexed_splitmix64_xor,1
extension-10868182/com-LiveJournal,com-LiveJournal,extension-10868182,qhcn052,CHECK,full_bf16,e2e_FP32_final,original_TFS,15874.5,8.56417095331,0.00587799678191,0.00564513677041,1,0,0.01,relative_L2_and_normalized_max,b1d5ba45d39c40c3,5d3e5801d29c8fd3,indexed_splitmix64_xor,1
extension-10868182/com-LiveJournal,com-LiveJournal,extension-10868182,qhcn052,CHECK,full_bf16,e2e_BF16_final,own_math_oracle,1024,0.000883831814191,4.00070585372e-05,0.000367647058824,1,0,0.02,relative_L2_and_normalized_max,02b6dfcb07c99463,937f6191b877c44a,indexed_splitmix64_xor,1
extension-10868182/com-LiveJournal,com-LiveJournal,extension-10868182,qhcn052,CHECK,full_bf16,e2e_BF16_final,original_TFS,16384,8.53978982793,0.00627983341884,0.00584795321637,1,0,0.02,relative_L2_and_normalized_max,02b6dfcb07c99463,d7845feb651436e3,indexed_splitmix64_xor,1
extension-10868182/com-LiveJournal,com-LiveJournal,extension-10868182,qhcn052,CHECK,full_bf16,e2e_BF16_final,source_MKL_FP32,54288.75,26.8372687296,0.018407251517,0.0191268930696,1,0,0.03,relative_L2_and_normalized_max,02b6dfcb07c99463,c7b528e2f2f4bcd0,indexed_splitmix64_xor,1
extension-10868182/com-LiveJournal,com-LiveJournal,extension-10868182,qhcn052,CHECK,full_fp32,layer1_FP32,own_math_oracle,0.000244140625,5.10732301138e-07,7.78969456345e-08,1.1756183341e-07,1,0,0.01,relative_L2_and_normalized_max,4f33f35766411ae8,d989dc97e23af53a,indexed_splitmix64_xor,1
extension-10868182/com-LiveJournal,com-LiveJournal,extension-10868182,qhcn052,CHECK,full_fp32,layer2_FP32_actual_input,own_math_oracle,0.25,5.35233529804e-05,8.26435300554e-08,8.89625261372e-08,1,0,0.01,relative_L2_and_normalized_max,b4697014c298ab0d,af94a35688cd13e9,indexed_splitmix64_xor,1
extension-10868182/com-LiveJournal,com-LiveJournal,extension-10868182,qhcn052,CHECK,full_fp32,e2e_FP32_final,own_math_oracle,125,0.000641492748459,1.2465817783e-05,4.44812630686e-05,1,0,0.01,relative_L2_and_normalized_max,b4697014c298ab0d,1f9367bf8acf84e7,indexed_splitmix64_xor,1
extension-10868182/com-LiveJournal,com-LiveJournal,extension-10868182,qhcn052,CHECK,full_fp32,e2e_BF16_final,own_math_oracle,2048,0.000647026710802,4.0116298047e-05,0.000730994152047,1,0,0.02,relative_L2_and_normalized_max,87f6ed20a304190c,f94156b2cfc2eef4,indexed_splitmix64_xor,1
extension-10868182/com-LiveJournal,com-LiveJournal,extension-10868182,qhcn052,EQ,b64_fp32,matched_layer1_FP32,b64_bf16,0,0,0,0,1,1,0,bitwise,95ac74e9e65f9ecf,95ac74e9e65f9ecf,indexed_splitmix64_xor,1
extension-10868182/com-LiveJournal,com-LiveJournal,extension-10868182,qhcn052,EQ,b64_fp32,matched_layer2_FP32,b64_bf16,0,0,0,0,1,1,0,bitwise,793c5e86fce43d19,793c5e86fce43d19,indexed_splitmix64_xor,1
extension-10868182/com-LiveJournal,com-LiveJournal,extension-10868182,qhcn052,EQ,b64_fp32,matched_layer2_BF16,b64_bf16,0,0,0,0,1,1,0,bitwise,4b669015bb4c73cf,4b669015bb4c73cf,indexed_splitmix64_xor,1
extension-10868182/com-LiveJournal,com-LiveJournal,extension-10868182,qhcn052,EQ,full_fp32,matched_layer1_FP32,full_bf16,0,0,0,0,1,1,0,bitwise,9ab0499b69ff081a,9ab0499b69ff081a,indexed_splitmix64_xor,1
extension-10868182/com-LiveJournal,com-LiveJournal,extension-10868182,qhcn052,EQ,full_fp32,matched_layer2_FP32,full_bf16,0,0,0,0,1,1,0,bitwise,b1d5ba45d39c40c3,b1d5ba45d39c40c3,indexed_splitmix64_xor,1
extension-10868182/com-LiveJournal,com-LiveJournal,extension-10868182,qhcn052,EQ,full_fp32,matched_layer2_BF16,full_bf16,0,0,0,0,1,1,0,bitwise,02b6dfcb07c99463,02b6dfcb07c99463,indexed_splitmix64_xor,1
extension-10868182/com-LiveJournal,com-LiveJournal,extension-10868182,qhcn052,DIFF,b64_fp32,layer1_FP32,BF16_same_B_native,6.46301269531,0.0342128546131,0.00379292809176,0.0031163761816,1,0,0,report_only,6bdf5faf57a200af,95ac74e9e65f9ecf,indexed_splitmix64_xor,1
extension-10868182/com-LiveJournal,com-LiveJournal,extension-10868182,qhcn052,DIFF,b64_fp32,e2e_FP32_final,BF16_same_B_native,14281,7.97515863338,0.00524979239017,0.00510718663699,1,0,0,report_only,dc714b94fce03daa,793c5e86fce43d19,indexed_splitmix64_xor,1
extension-10868182/com-LiveJournal,com-LiveJournal,extension-10868182,qhcn052,DIFF,b64_fp32,e2e_BF16_final,BF16_same_B_native,16384,7.95357903056,0.00573002232921,0.00588235294118,1,0,0,report_only,5527cba372f9b5d4,4b669015bb4c73cf,indexed_splitmix64_xor,1
extension-10868182/com-LiveJournal,com-LiveJournal,extension-10868182,qhcn052,DIFF,full_fp32,layer1_FP32,BF16_same_B_native,4.99624633789,0.0342162298748,0.00379669439479,0.00240923895615,1,0,0,report_only,4f33f35766411ae8,9ab0499b69ff081a,indexed_splitmix64_xor,1
extension-10868182/com-LiveJournal,com-LiveJournal,extension-10868182,qhcn052,DIFF,full_fp32,e2e_FP32_final,BF16_same_B_native,15137.75,8.18907716781,0.00560991549822,0.00541129158382,1,0,0,report_only,b4697014c298ab0d,b1d5ba45d39c40c3,indexed_splitmix64_xor,1
extension-10868182/com-LiveJournal,com-LiveJournal,extension-10868182,qhcn052,DIFF,full_fp32,e2e_BF16_final,BF16_same_B_native,16384,8.16593091096,0.00607992270871,0.00588235294118,1,0,0,report_only,87f6ed20a304190c,02b6dfcb07c99463,indexed_splitmix64_xor,1
extension-10868182/com-LiveJournal,com-LiveJournal,extension-10868182,qhcn052,PROFILE_GATE,b64_bf16,layer1_FP32,uninstrumented_same_method,0,0,0,0,1,1,0,bitwise,95ac74e9e65f9ecf,95ac74e9e65f9ecf,indexed_splitmix64_xor,1
extension-10868182/com-LiveJournal,com-LiveJournal,extension-10868182,qhcn052,PROFILE_GATE,b64_bf16,layer2_BF16,uninstrumented_same_method,0,0,0,0,1,1,0,bitwise,4b669015bb4c73cf,4b669015bb4c73cf,indexed_splitmix64_xor,1
extension-10868182/com-LiveJournal,com-LiveJournal,extension-10868182,qhcn052,PROFILE_GATE,b64_fp32,layer1_FP32,uninstrumented_same_method,0,0,0,0,1,1,0,bitwise,6bdf5faf57a200af,6bdf5faf57a200af,indexed_splitmix64_xor,1
extension-10868182/com-LiveJournal,com-LiveJournal,extension-10868182,qhcn052,PROFILE_GATE,b64_fp32,layer2_BF16,uninstrumented_same_method,0,0,0,0,1,1,0,bitwise,5527cba372f9b5d4,5527cba372f9b5d4,indexed_splitmix64_xor,1
extension-10868182/com-LiveJournal,com-LiveJournal,extension-10868182,qhcn052,PROFILE_GATE,full_bf16,layer1_FP32,uninstrumented_same_method,0,0,0,0,1,1,0,bitwise,9ab0499b69ff081a,9ab0499b69ff081a,indexed_splitmix64_xor,1
extension-10868182/com-LiveJournal,com-LiveJournal,extension-10868182,qhcn052,PROFILE_GATE,full_bf16,layer2_BF16,uninstrumented_same_method,0,0,0,0,1,1,0,bitwise,02b6dfcb07c99463,02b6dfcb07c99463,indexed_splitmix64_xor,1
extension-10868182/com-LiveJournal,com-LiveJournal,extension-10868182,qhcn052,PROFILE_GATE,full_fp32,layer1_FP32,uninstrumented_same_method,0,0,0,0,1,1,0,bitwise,4f33f35766411ae8,4f33f35766411ae8,indexed_splitmix64_xor,1
extension-10868182/com-LiveJournal,com-LiveJournal,extension-10868182,qhcn052,PROFILE_GATE,full_fp32,layer2_BF16,uninstrumented_same_method,0,0,0,0,1,1,0,bitwise,87f6ed20a304190c,87f6ed20a304190c,indexed_splitmix64_xor,1
extension-10868182/com-Youtube,com-Youtube,extension-10868182,qhcn052,CHECK,b64_bf16,layer1_FP32,own_math_oracle,0.00927734375,2.60249962052e-07,4.9504244948e-07,3.46718523592e-06,1,0,0.01,relative_L2_and_normalized_max,acd683fdea027978,3e06ad1ea20b1743,indexed_splitmix64_xor,1
extension-10868182/com-Youtube,com-Youtube,extension-10868182,qhcn052,CHECK,b64_bf16,kernel_FP32,original_TFS,8.55102539062,0.010178289729,0.00301003628531,0.00318687217936,1,0,0.01,relative_L2_and_normalized_max,acd683fdea027978,d8c9cd3a6ea38836,indexed_splitmix64_xor,1
extension-10868182/com-Youtube,com-Youtube,extension-10868182,qhcn052,CHECK,b64_bf16,layer2_FP32_actual_input,own_math_oracle,28.75,7.5300822507e-05,1.6680028637e-06,7.93458589396e-06,1,0,0.01,relative_L2_and_normalized_max,98e70160f60bdbb2,7afe1073cb4fa3f3,indexed_splitmix64_xor,1
extension-10868182/com-Youtube,com-Youtube,extension-10868182,qhcn052,CHECK,b64_bf16,e2e_FP32_final,own_math_oracle,32,0.00119752344912,1.65855360503e-05,8.8315366446e-06,1,0,0.01,relative_L2_and_normalized_max,98e70160f60bdbb2,b29dc4dcb5230286,indexed_splitmix64_xor,1
extension-10868182/com-Youtube,com-Youtube,extension-10868182,qhcn052,CHECK,b64_bf16,e2e_FP32_final,original_TFS,19699.25,4.47160501769,0.0055989650994,0.00540726860641,1,0,0.01,relative_L2_and_normalized_max,98e70160f60bdbb2,c228b3c51b0cc2d2,indexed_splitmix64_xor,1
extension-10868182/com-Youtube,com-Youtube,extension-10868182,qhcn052,CHECK,b64_bf16,e2e_BF16_final,own_math_oracle,1024,0.00114594464563,7.55606316722e-05,0.000282805429864,1,0,0.02,relative_L2_and_normalized_max,6afd314d1ab13dd6,8be9e58e7d872c1c,indexed_splitmix64_xor,1
extension-10868182/com-Youtube,com-Youtube,extension-10868182,qhcn052,CHECK,b64_bf16,e2e_BF16_final,original_TFS,16384,4.4577749125,0.00598909252314,0.0045045045045,1,0,0.02,relative_L2_and_normalized_max,6afd314d1ab13dd6,b7e257c73c306ead,indexed_splitmix64_xor,1
extension-10868182/com-Youtube,com-Youtube,extension-10868182,qhcn052,CHECK,b64_bf16,e2e_BF16_final,source_MKL_FP32,61088.25,13.9844581967,0.0177251642885,0.016591266223,1,0,0.03,relative_L2_and_normalized_max,6afd314d1ab13dd6,2541552b0e0e5080,indexed_splitmix64_xor,1
extension-10868182/com-Youtube,com-Youtube,extension-10868182,qhcn052,CHECK,b64_fp32,layer1_FP32,own_math_oracle,0.016357421875,2.99702502081e-07,5.41764150122e-07,6.10895438681e-06,1,0,0.01,relative_L2_and_normalized_max,b74bb3d91952d5bc,2c5d05aef38c351c,indexed_splitmix64_xor,1
extension-10868182/com-Youtube,com-Youtube,extension-10868182,qhcn052,CHECK,b64_fp32,layer2_FP32_actual_input,own_math_oracle,25,7.548866175e-05,1.75275966421e-06,6.86538052916e-06,1,0,0.01,relative_L2_and_normalized_max,423770955112196e,0b3816bdf2e56d66,indexed_splitmix64_xor,1
extension-10868182/com-Youtube,com-Youtube,extension-10868182,qhcn052,CHECK,b64_fp32,e2e_FP32_final,own_math_oracle,64.03125,0.00372980002777,4.2495120121e-05,1.75839558803e-05,1,0,0.01,relative_L2_and_normalized_max,423770955112196e,5dab727512c7d526,indexed_splitmix64_xor,1
extension-10868182/com-Youtube,com-Youtube,extension-10868182,qhcn052,CHECK,b64_fp32,e2e_BF16_final,own_math_oracle,8192,0.00383639756231,0.000211641898482,0.00225225225225,1,0,0.02,relative_L2_and_normalized_max,75e6fbaac99d2bcd,25a43d9bafaf3166,indexed_splitmix64_xor,1
extension-10868182/com-Youtube,com-Youtube,extension-10868182,qhcn052,CHECK,full_bf16,layer1_FP32,own_math_oracle,0.00048828125,2.1565542418e-07,7.4004332406e-08,1.82468233193e-07,1,0,0.01,relative_L2_and_normalized_max,39c42a12eab3ecf9,74347c2d19205d4f,indexed_splitmix64_xor,1
extension-10868182/com-Youtube,com-Youtube,extension-10868182,qhcn052,CHECK,full_bf16,kernel_FP32,original_TFS,10.0947265625,0.0101814606388,0.00302628011987,0.00376219245887,1,0,0.01,relative_L2_and_normalized_max,39c42a12eab3ecf9,d8c9cd3a6ea38836,indexed_splitmix64_xor,1
extension-10868182/com-Youtube,com-Youtube,extension-10868182,qhcn052,CHECK,full_bf16,layer2_FP32_actual_input,own_math_oracle,0.375,3.49084037398e-05,5.93979955911e-08,1.03439857998e-07,1,0,0.01,relative_L2_and_normalized_max,b6256301cca1bed9,7766e8434e9c163b,indexed_splitmix64_xor,1
extension-10868182/com-Youtube,com-Youtube,extension-10868182,qhcn052,CHECK,full_bf16,e2e_FP32_final,own_math_oracle,31.623046875,0.00012205171324,5.7716845354e-06,8.72288927522e-06,1,0,0.01,relative_L2_and_normalized_max,b6256301cca1bed9,4f2fa04a8ffa17a5,indexed_splitmix64_xor,1
extension-10868182/com-Youtube,com-Youtube,extension-10868182,qhcn052,CHECK,full_bf16,e2e_FP32_final,original_TFS,21057.75,4.47103371774,0.00570767172727,0.0057801647523,1,0,0.01,relative_L2_and_normalized_max,b6256301cca1bed9,c228b3c51b0cc2d2,indexed_splitmix64_xor,1
extension-10868182/com-Youtube,com-Youtube,extension-10868182,qhcn052,CHECK,full_bf16,e2e_BF16_final,own_math_oracle,256,0.000127241674671,1.80603062897e-05,7.07013574661e-05,1,0,0.02,relative_L2_and_normalized_max,bbb654969d30375e,b15399ddeb66db33,indexed_splitmix64_xor,1
extension-10868182/com-Youtube,com-Youtube,extension-10868182,qhcn052,CHECK,full_bf16,e2e_BF16_final,original_TFS,32768,4.46358303888,0.006190860387,0.00900900900901,1,0,0.02,relative_L2_and_normalized_max,bbb654969d30375e,b7e257c73c306ead,indexed_splitmix64_xor,1
extension-10868182/com-Youtube,com-Youtube,extension-10868182,qhcn052,CHECK,full_bf16,e2e_BF16_final,source_MKL_FP32,70790.25,13.9658556544,0.017815196989,0.0192262813837,1,0,0.03,relative_L2_and_normalized_max,bbb654969d30375e,2541552b0e0e5080,indexed_splitmix64_xor,1
extension-10868182/com-Youtube,com-Youtube,extension-10868182,qhcn052,CHECK,full_fp32,layer1_FP32,own_math_oracle,0.00030517578125,2.54029223237e-07,7.72775635542e-08,1.14070057997e-07,1,0,0.01,relative_L2_and_normalized_max,eb36eaabb9076e2e,eb1b38c15ceb572e,indexed_splitmix64_xor,1
extension-10868182/com-Youtube,com-Youtube,extension-10868182,qhcn052,CHECK,full_fp32,layer2_FP32_actual_input,own_math_oracle,0.5,3.53730659986e-05,6.00018120987e-08,1.37304697798e-07,1,0,0.01,relative_L2_and_normalized_max,cbeadeab53548a15,c38835974b7b5d1f,indexed_splitmix64_xor,1
extension-10868182/com-Youtube,com-Youtube,extension-10868182,qhcn052,CHECK,full_fp32,e2e_FP32_final,own_math_oracle,31.2490234375,0.000390340164762,1.0032855416e-05,8.58127543913e-06,1,0,0.01,relative_L2_and_normalized_max,cbeadeab53548a15,5b0cdebb72e6bba8,indexed_splitmix64_xor,1
extension-10868182/com-Youtube,com-Youtube,extension-10868182,qhcn052,CHECK,full_fp32,e2e_BF16_final,own_math_oracle,512,0.000436835859666,3.10271578359e-05,0.000140765765766,1,0,0.02,relative_L2_and_normalized_max,49bde5681f13e88d,258e9e88cff9d0fd,indexed_splitmix64_xor,1
extension-10868182/com-Youtube,com-Youtube,extension-10868182,qhcn052,EQ,b64_fp32,matched_layer1_FP32,b64_bf16,0,0,0,0,1,1,0,bitwise,acd683fdea027978,acd683fdea027978,indexed_splitmix64_xor,1
extension-10868182/com-Youtube,com-Youtube,extension-10868182,qhcn052,EQ,b64_fp32,matched_layer2_FP32,b64_bf16,0,0,0,0,1,1,0,bitwise,98e70160f60bdbb2,98e70160f60bdbb2,indexed_splitmix64_xor,1
extension-10868182/com-Youtube,com-Youtube,extension-10868182,qhcn052,EQ,b64_fp32,matched_layer2_BF16,b64_bf16,0,0,0,0,1,1,0,bitwise,6afd314d1ab13dd6,6afd314d1ab13dd6,indexed_splitmix64_xor,1
extension-10868182/com-Youtube,com-Youtube,extension-10868182,qhcn052,EQ,full_fp32,matched_layer1_FP32,full_bf16,0,0,0,0,1,1,0,bitwise,39c42a12eab3ecf9,39c42a12eab3ecf9,indexed_splitmix64_xor,1
extension-10868182/com-Youtube,com-Youtube,extension-10868182,qhcn052,EQ,full_fp32,matched_layer2_FP32,full_bf16,0,0,0,0,1,1,0,bitwise,b6256301cca1bed9,b6256301cca1bed9,indexed_splitmix64_xor,1
extension-10868182/com-Youtube,com-Youtube,extension-10868182,qhcn052,EQ,full_fp32,matched_layer2_BF16,full_bf16,0,0,0,0,1,1,0,bitwise,bbb654969d30375e,bbb654969d30375e,indexed_splitmix64_xor,1
extension-10868182/com-Youtube,com-Youtube,extension-10868182,qhcn052,DIFF,b64_fp32,layer1_FP32,BF16_same_B_native,6.89598083496,0.0122339707413,0.0034835757334,0.00257721253127,1,0,0,report_only,b74bb3d91952d5bc,acd683fdea027978,indexed_splitmix64_xor,1
extension-10868182/com-Youtube,com-Youtube,extension-10868182,qhcn052,DIFF,b64_fp32,e2e_FP32_final,BF16_same_B_native,18076,3.93991685308,0.00494018174938,0.00498867605585,1,0,0,report_only,423770955112196e,98e70160f60bdbb2,indexed_splitmix64_xor,1
extension-10868182/com-Youtube,com-Youtube,extension-10868182,qhcn052,DIFF,b64_fp32,e2e_BF16_final,BF16_same_B_native,16384,3.93237509743,0.0054426292871,0.00452488687783,1,0,0,report_only,75e6fbaac99d2bcd,6afd314d1ab13dd6,indexed_splitmix64_xor,1
extension-10868182/com-Youtube,com-Youtube,extension-10868182,qhcn052,DIFF,full_fp32,layer1_FP32,BF16_same_B_native,7.24169921875,0.0122389368345,0.00350677499965,0.00270618636648,1,0,0,report_only,eb36eaabb9076e2e,39c42a12eab3ecf9,indexed_splitmix64_xor,1
extension-10868182/com-Youtube,com-Youtube,extension-10868182,qhcn052,DIFF,full_fp32,e2e_FP32_final,BF16_same_B_native,19744.75,3.99946353717,0.00524475322421,0.0054463843632,1,0,0,report_only,cbeadeab53548a15,b6256301cca1bed9,indexed_splitmix64_xor,1
extension-10868182/com-Youtube,com-Youtube,extension-10868182,qhcn052,DIFF,full_fp32,e2e_BF16_final,BF16_same_B_native,32768,3.98375039471,0.00575029320434,0.00904977375566,1,0,0,report_only,49bde5681f13e88d,bbb654969d30375e,indexed_splitmix64_xor,1
extension-10868182/com-Youtube,com-Youtube,extension-10868182,qhcn052,PROFILE_GATE,b64_bf16,layer1_FP32,uninstrumented_same_method,0,0,0,0,1,1,0,bitwise,acd683fdea027978,acd683fdea027978,indexed_splitmix64_xor,1
extension-10868182/com-Youtube,com-Youtube,extension-10868182,qhcn052,PROFILE_GATE,b64_bf16,layer2_BF16,uninstrumented_same_method,0,0,0,0,1,1,0,bitwise,6afd314d1ab13dd6,6afd314d1ab13dd6,indexed_splitmix64_xor,1
extension-10868182/com-Youtube,com-Youtube,extension-10868182,qhcn052,PROFILE_GATE,b64_fp32,layer1_FP32,uninstrumented_same_method,0,0,0,0,1,1,0,bitwise,b74bb3d91952d5bc,b74bb3d91952d5bc,indexed_splitmix64_xor,1
extension-10868182/com-Youtube,com-Youtube,extension-10868182,qhcn052,PROFILE_GATE,b64_fp32,layer2_BF16,uninstrumented_same_method,0,0,0,0,1,1,0,bitwise,75e6fbaac99d2bcd,75e6fbaac99d2bcd,indexed_splitmix64_xor,1
extension-10868182/com-Youtube,com-Youtube,extension-10868182,qhcn052,PROFILE_GATE,full_bf16,layer1_FP32,uninstrumented_same_method,0,0,0,0,1,1,0,bitwise,39c42a12eab3ecf9,39c42a12eab3ecf9,indexed_splitmix64_xor,1
extension-10868182/com-Youtube,com-Youtube,extension-10868182,qhcn052,PROFILE_GATE,full_bf16,layer2_BF16,uninstrumented_same_method,0,0,0,0,1,1,0,bitwise,bbb654969d30375e,bbb654969d30375e,indexed_splitmix64_xor,1
extension-10868182/com-Youtube,com-Youtube,extension-10868182,qhcn052,PROFILE_GATE,full_fp32,layer1_FP32,uninstrumented_same_method,0,0,0,0,1,1,0,bitwise,eb36eaabb9076e2e,eb36eaabb9076e2e,indexed_splitmix64_xor,1
extension-10868182/com-Youtube,com-Youtube,extension-10868182,qhcn052,PROFILE_GATE,full_fp32,layer2_BF16,uninstrumented_same_method,0,0,0,0,1,1,0,bitwise,49bde5681f13e88d,49bde5681f13e88d,indexed_splitmix64_xor,1
extension-10868182/email-Enron,email-Enron,extension-10868182,qhcn052,CHECK,b64_bf16,layer1_FP32,own_math_oracle,0.00048828125,3.96080472584e-07,1.6417798227e-07,1.13949887688e-06,1,0,0.01,relative_L2_and_normalized_max,d7b349e275fb7b85,4d9129e8f5852b35,indexed_splitmix64_xor,1
extension-10868182/email-Enron,email-Enron,extension-10868182,qhcn052,CHECK,b64_bf16,kernel_FP32,original_TFS,1.51919555664,0.0187442744011,0.00317828493231,0.00353306006252,1,0,0.01,relative_L2_and_normalized_max,d7b349e275fb7b85,e34ec039547ae3ca,indexed_splitmix64_xor,1
extension-10868182/email-Enron,email-Enron,extension-10868182,qhcn052,CHECK,b64_bf16,layer2_FP32_actual_input,own_math_oracle,0.4375,8.71245697934e-05,3.72863467661e-07,1.951267648e-06,1,0,0.01,relative_L2_and_normalized_max,98043cd16f06af7c,69274982f72839a3,indexed_splitmix64_xor,1
extension-10868182/email-Enron,email-Enron,extension-10868182,qhcn052,CHECK,b64_bf16,e2e_FP32_final,own_math_oracle,3.95336914062,0.000352080347844,6.32779245205e-06,1.76321858393e-05,1,0,0.01,relative_L2_and_normalized_max,98043cd16f06af7c,be76782b5a720e40,indexed_splitmix64_xor,1
extension-10868182/email-Enron,email-Enron,extension-10868182,qhcn052,CHECK,b64_bf16,e2e_FP32_final,original_TFS,1278.078125,5.3380944936,0.00573254593248,0.00566900409618,1,0,0.01,relative_L2_and_normalized_max,98043cd16f06af7c,b4208953e1b54a77,indexed_splitmix64_xor,1
extension-10868182/email-Enron,email-Enron,extension-10868182,qhcn052,CHECK,b64_bf16,e2e_BF16_final,own_math_oracle,256,0.000387398423935,5.34946860032e-05,0.00114678899083,1,0,0.02,relative_L2_and_normalized_max,c30e9fea74623aa6,62a9718016f02fbf,indexed_splitmix64_xor,1
extension-10868182/email-Enron,email-Enron,extension-10868182,qhcn052,CHECK,b64_bf16,e2e_BF16_final,original_TFS,2048,5.3170280145,0.00612116516622,0.00909090909091,1,0,0.02,relative_L2_and_normalized_max,c30e9fea74623aa6,df28365bf6bd7312,indexed_splitmix64_xor,1
extension-10868182/email-Enron,email-Enron,extension-10868182,qhcn052,CHECK,b64_bf16,e2e_BF16_final,source_MKL_FP32,4703.890625,17.2362089349,0.0185138570724,0.0206369019469,1,0,0.03,relative_L2_and_normalized_max,c30e9fea74623aa6,ddc3a2f95289b8e8,indexed_splitmix64_xor,1
extension-10868182/email-Enron,email-Enron,extension-10868182,qhcn052,CHECK,b64_fp32,layer1_FP32,own_math_oracle,0.000457763671875,4.48379050122e-07,1.66078949187e-07,1.064934071e-06,1,0,0.01,relative_L2_and_normalized_max,a96c9e2c83297b44,5cbfb6a56998f83c,indexed_splitmix64_xor,1
extension-10868182/email-Enron,email-Enron,extension-10868182,qhcn052,CHECK,b64_fp32,layer2_FP32_actual_input,own_math_oracle,0.390625,8.7762871532e-05,3.85494388609e-07,1.73337959377e-06,1,0,0.01,relative_L2_and_normalized_max,852d02e65820c632,e439327639831df2,indexed_splitmix64_xor,1
extension-10868182/email-Enron,email-Enron,extension-10868182,qhcn052,CHECK,b64_fp32,e2e_FP32_final,own_math_oracle,4,0.000583842657741,6.3572968788e-06,1.77498070402e-05,1,0,0.01,relative_L2_and_normalized_max,852d02e65820c632,b579edf594f180c3,indexed_splitmix64_xor,1
extension-10868182/email-Enron,email-Enron,extension-10868182,qhcn052,CHECK,b64_fp32,e2e_BF16_final,own_math_oracle,64,0.000592139606308,2.32451197745e-05,0.000284090909091,1,0,0.02,relative_L2_and_normalized_max,7b4b63c55e15a770,2c14a3057e340a29,indexed_splitmix64_xor,1
extension-10868182/email-Enron,email-Enron,extension-10868182,qhcn052,CHECK,full_bf16,layer1_FP32,own_math_oracle,9.1552734375e-05,3.1230292168e-07,7.49374882193e-08,2.13727945413e-07,1,0,0.01,relative_L2_and_normalized_max,ed5ca0b5aa3071af,0313b658650b1830,indexed_splitmix64_xor,1
extension-10868182/email-Enron,email-Enron,extension-10868182,qhcn052,CHECK,full_bf16,kernel_FP32,original_TFS,1.63317871094,0.0187412289992,0.00317622504898,0.00379814070239,1,0,0.01,relative_L2_and_normalized_max,ed5ca0b5aa3071af,e34ec039547ae3ca,indexed_splitmix64_xor,1
extension-10868182/email-Enron,email-Enron,extension-10868182,qhcn052,CHECK,full_bf16,layer2_FP32_actual_input,own_math_oracle,0.015625,3.32631995416e-05,5.2895722172e-08,6.96012308838e-08,1,0,0.01,relative_L2_and_normalized_max,0bb3dd1769d16ee8,53b37011b7a16742,indexed_splitmix64_xor,1
extension-10868182/email-Enron,email-Enron,extension-10868182,qhcn052,CHECK,full_bf16,e2e_FP32_final,own_math_oracle,7.90625,0.000159886520482,7.07088791665e-06,3.52182228272e-05,1,0,0.01,relative_L2_and_normalized_max,0bb3dd1769d16ee8,7b085952953eae34,indexed_splitmix64_xor,1
extension-10868182/email-Enron,email-Enron,extension-10868182,qhcn052,CHECK,full_bf16,e2e_FP32_final,original_TFS,1465.328125,5.36762317403,0.00582180153671,0.00649956444789,1,0,0.01,relative_L2_and_normalized_max,0bb3dd1769d16ee8,b4208953e1b54a77,indexed_splitmix64_xor,1
extension-10868182/email-Enron,email-Enron,extension-10868182,qhcn052,CHECK,full_bf16,e2e_BF16_final,own_math_oracle,128,0.000209382964749,2.94793053116e-05,0.000570776255708,1,0,0.02,relative_L2_and_normalized_max,a973a76b363f427f,fef01b7bac90a250,indexed_splitmix64_xor,1
extension-10868182/email-Enron,email-Enron,extension-10868182,qhcn052,CHECK,full_bf16,e2e_BF16_final,original_TFS,2048,5.3539862212,0.00622168735811,0.00909090909091,1,0,0.02,relative_L2_and_normalized_max,a973a76b363f427f,df28365bf6bd7312,indexed_splitmix64_xor,1
extension-10868182/email-Enron,email-Enron,extension-10868182,qhcn052,CHECK,full_bf16,e2e_BF16_final,source_MKL_FP32,4082.8125,17.2455459245,0.0185067194323,0.0179121089215,1,0,0.03,relative_L2_and_normalized_max,a973a76b363f427f,ddc3a2f95289b8e8,indexed_splitmix64_xor,1
extension-10868182/email-Enron,email-Enron,extension-10868182,qhcn052,CHECK,full_fp32,layer1_FP32,own_math_oracle,6.103515625e-05,3.62540018776e-07,7.82743640832e-08,1.42068298482e-07,1,0,0.01,relative_L2_and_normalized_max,0eebe4680f6ca61d,99604cd729b46d43,indexed_splitmix64_xor,1
extension-10868182/email-Enron,email-Enron,extension-10868182,qhcn052,CHECK,full_fp32,layer2_FP32_actual_input,own_math_oracle,0.03125,3.33498732045e-05,5.28786247834e-08,1.38423775391e-07,1,0,0.01,relative_L2_and_normalized_max,3e9cc9dab8ea01c9,1f3b49909ec91efc,indexed_splitmix64_xor,1
extension-10868182/email-Enron,email-Enron,extension-10868182,qhcn052,CHECK,full_fp32,e2e_FP32_final,own_math_oracle,4.00012207031,0.00016835977129,4.18531540231e-06,1.77187839679e-05,1,0,0.01,relative_L2_and_normalized_max,3e9cc9dab8ea01c9,7efdf2c3f2829f5f,indexed_splitmix64_xor,1
extension-10868182/email-Enron,email-Enron,extension-10868182,qhcn052,CHECK,full_fp32,e2e_BF16_final,own_math_oracle,32,0.000174841458244,1.34490478839e-05,0.000142045454545,1,0,0.02,relative_L2_and_normalized_max,a96c95b56ab89840,cb3cd5c56424d08f,indexed_splitmix64_xor,1
extension-10868182/email-Enron,email-Enron,extension-10868182,qhcn052,EQ,b64_fp32,matched_layer1_FP32,b64_bf16,0,0,0,0,1,1,0,bitwise,d7b349e275fb7b85,d7b349e275fb7b85,indexed_splitmix64_xor,1
extension-10868182/email-Enron,email-Enron,extension-10868182,qhcn052,EQ,b64_fp32,matched_layer2_FP32,b64_bf16,0,0,0,0,1,1,0,bitwise,98043cd16f06af7c,98043cd16f06af7c,indexed_splitmix64_xor,1
extension-10868182/email-Enron,email-Enron,extension-10868182,qhcn052,EQ,b64_fp32,matched_layer2_BF16,b64_bf16,0,0,0,0,1,1,0,bitwise,c30e9fea74623aa6,c30e9fea74623aa6,indexed_splitmix64_xor,1
extension-10868182/email-Enron,email-Enron,extension-10868182,qhcn052,EQ,full_fp32,matched_layer1_FP32,full_bf16,0,0,0,0,1,1,0,bitwise,ed5ca0b5aa3071af,ed5ca0b5aa3071af,indexed_splitmix64_xor,1
extension-10868182/email-Enron,email-Enron,extension-10868182,qhcn052,EQ,full_fp32,matched_layer2_FP32,full_bf16,0,0,0,0,1,1,0,bitwise,0bb3dd1769d16ee8,0bb3dd1769d16ee8,indexed_splitmix64_xor,1
extension-10868182/email-Enron,email-Enron,extension-10868182,qhcn052,EQ,full_fp32,matched_layer2_BF16,full_bf16,0,0,0,0,1,1,0,bitwise,a973a76b363f427f,a973a76b363f427f,indexed_splitmix64_xor,1
extension-10868182/email-Enron,email-Enron,extension-10868182,qhcn052,DIFF,b64_fp32,layer1_FP32,BF16_same_B_native,1.93572998047,0.0223503498302,0.00375085774647,0.00451739796453,1,0,0,report_only,a96c9e2c83297b44,d7b349e275fb7b85,indexed_splitmix64_xor,1
extension-10868182/email-Enron,email-Enron,extension-10868182,qhcn052,DIFF,b64_fp32,e2e_FP32_final,BF16_same_B_native,1210.15625,5.1961891978,0.00545839252994,0.00539734493836,1,0,0,report_only,852d02e65820c632,98043cd16f06af7c,indexed_splitmix64_xor,1
extension-10868182/email-Enron,email-Enron,extension-10868182,qhcn052,DIFF,b64_fp32,e2e_BF16_final,BF16_same_B_native,2048,5.16953878191,0.00591587281027,0.00917431192661,1,0,0,report_only,7b4b63c55e15a770,c30e9fea74623aa6,indexed_splitmix64_xor,1
extension-10868182/email-Enron,email-Enron,extension-10868182,qhcn052,DIFF,full_fp32,layer1_FP32,BF16_same_B_native,1.68612670898,0.0223474111839,0.00374642321918,0.00393622757068,1,0,0,report_only,0eebe4680f6ca61d,ed5ca0b5aa3071af,indexed_splitmix64_xor,1
extension-10868182/email-Enron,email-Enron,extension-10868182,qhcn052,DIFF,full_fp32,e2e_FP32_final,BF16_same_B_native,1338.609375,5.25072636917,0.00563952240734,0.00596280705105,1,0,0,report_only,3e9cc9dab8ea01c9,0bb3dd1769d16ee8,indexed_splitmix64_xor,1
extension-10868182/email-Enron,email-Enron,extension-10868182,qhcn052,DIFF,full_fp32,e2e_BF16_final,BF16_same_B_native,1024,5.24413253707,0.0061181220348,0.00456621004566,1,0,0,report_only,a96c95b56ab89840,a973a76b363f427f,indexed_splitmix64_xor,1
extension-10868182/email-Enron,email-Enron,extension-10868182,qhcn052,PROFILE_GATE,b64_bf16,layer1_FP32,uninstrumented_same_method,0,0,0,0,1,1,0,bitwise,d7b349e275fb7b85,d7b349e275fb7b85,indexed_splitmix64_xor,1
extension-10868182/email-Enron,email-Enron,extension-10868182,qhcn052,PROFILE_GATE,b64_bf16,layer2_BF16,uninstrumented_same_method,0,0,0,0,1,1,0,bitwise,c30e9fea74623aa6,c30e9fea74623aa6,indexed_splitmix64_xor,1
extension-10868182/email-Enron,email-Enron,extension-10868182,qhcn052,PROFILE_GATE,b64_fp32,layer1_FP32,uninstrumented_same_method,0,0,0,0,1,1,0,bitwise,a96c9e2c83297b44,a96c9e2c83297b44,indexed_splitmix64_xor,1
extension-10868182/email-Enron,email-Enron,extension-10868182,qhcn052,PROFILE_GATE,b64_fp32,layer2_BF16,uninstrumented_same_method,0,0,0,0,1,1,0,bitwise,7b4b63c55e15a770,7b4b63c55e15a770,indexed_splitmix64_xor,1
extension-10868182/email-Enron,email-Enron,extension-10868182,qhcn052,PROFILE_GATE,full_bf16,layer1_FP32,uninstrumented_same_method,0,0,0,0,1,1,0,bitwise,ed5ca0b5aa3071af,ed5ca0b5aa3071af,indexed_splitmix64_xor,1
extension-10868182/email-Enron,email-Enron,extension-10868182,qhcn052,PROFILE_GATE,full_bf16,layer2_BF16,uninstrumented_same_method,0,0,0,0,1,1,0,bitwise,a973a76b363f427f,a973a76b363f427f,indexed_splitmix64_xor,1
extension-10868182/email-Enron,email-Enron,extension-10868182,qhcn052,PROFILE_GATE,full_fp32,layer1_FP32,uninstrumented_same_method,0,0,0,0,1,1,0,bitwise,0eebe4680f6ca61d,0eebe4680f6ca61d,indexed_splitmix64_xor,1
extension-10868182/email-Enron,email-Enron,extension-10868182,qhcn052,PROFILE_GATE,full_fp32,layer2_BF16,uninstrumented_same_method,0,0,0,0,1,1,0,bitwise,a96c95b56ab89840,a96c95b56ab89840,indexed_splitmix64_xor,1
extension-10868182/hollywood-2009,hollywood-2009,extension-10868182,qhcn052,CHECK,b64_bf16,layer1_FP32,own_math_oracle,0.0045166015625,3.20712149311e-06,4.07792724461e-07,2.71153847563e-06,1,0,0.01,relative_L2_and_normalized_max,c7784e69dbab4d6f,23dc2b55d88af8a7,indexed_splitmix64_xor,1
extension-10868182/hollywood-2009,hollywood-2009,extension-10868182,qhcn052,CHECK,b64_bf16,kernel_FP32,original_TFS,5.35668945312,0.0720189606988,0.00327599238865,0.00320654959787,1,0,0.01,relative_L2_and_normalized_max,c7784e69dbab4d6f,01a89afa0fbdf2f2,indexed_splitmix64_xor,1
extension-10868182/hollywood-2009,hollywood-2009,extension-10868182,qhcn052,CHECK,b64_bf16,layer2_FP32_actual_input,own_math_oracle,31.5,0.0091106564854,8.36973655837e-07,2.85634100903e-06,1,0,0.01,relative_L2_and_normalized_max,8eff179833ea2682,803e595743fccd2c,indexed_splitmix64_xor,1
extension-10868182/hollywood-2009,hollywood-2009,extension-10868182,qhcn052,CHECK,b64_bf16,e2e_FP32_final,own_math_oracle,180.859375,0.0917391622974,1.07465397893e-05,1.6399874593e-05,1,0,0.01,relative_L2_and_normalized_max,8eff179833ea2682,4009a8009e5b13d2,indexed_splitmix64_xor,1
extension-10868182/hollywood-2009,hollywood-2009,extension-10868182,qhcn052,CHECK,b64_bf16,e2e_FP32_final,original_TFS,62954,150.087356643,0.0055820651573,0.0056761117958,1,0,0.01,relative_L2_and_normalized_max,8eff179833ea2682,ebd53351d43d0bdc,indexed_splitmix64_xor,1
extension-10868182/hollywood-2009,hollywood-2009,extension-10868182,qhcn052,CHECK,b64_bf16,e2e_BF16_final,own_math_oracle,32768,0.0911844776242,0.000121313467403,0.00297619047619,1,0,0.02,relative_L2_and_normalized_max,36fac7bdb5084f2d,6ca4bc25b9f4ed16,indexed_splitmix64_xor,1
extension-10868182/hollywood-2009,hollywood-2009,extension-10868182,qhcn052,CHECK,b64_bf16,e2e_BF16_final,original_TFS,65536,149.706760795,0.00595497440904,0.00591715976331,1,0,0.02,relative_L2_and_normalized_max,36fac7bdb5084f2d,7cb6f6cb05f73def,indexed_splitmix64_xor,1
extension-10868182/hollywood-2009,hollywood-2009,extension-10868182,qhcn052,CHECK,b64_bf16,e2e_BF16_final,source_MKL_FP32,191195,474.725805987,0.0176778331721,0.0170822808515,1,0,0.03,relative_L2_and_normalized_max,36fac7bdb5084f2d,acd568cec193469a,indexed_splitmix64_xor,1
extension-10868182/hollywood-2009,hollywood-2009,extension-10868182,qhcn052,CHECK,b64_fp32,layer1_FP32,own_math_oracle,0.0045166015625,3.25781049671e-06,4.06197500902e-07,2.70853584824e-06,1,0,0.01,relative_L2_and_normalized_max,cb0f00c582e453c4,4586baffce9cd385,indexed_splitmix64_xor,1
extension-10868182/hollywood-2009,hollywood-2009,extension-10868182,qhcn052,CHECK,b64_fp32,layer2_FP32_actual_input,own_math_oracle,43,0.00918724618153,8.35810487065e-07,3.88237662845e-06,1,0,0.01,relative_L2_and_normalized_max,166dfc1b778479cd,1d70dfcbed064f4e,indexed_splitmix64_xor,1
extension-10868182/hollywood-2009,hollywood-2009,extension-10868182,qhcn052,CHECK,b64_fp32,e2e_FP32_final,own_math_oracle,134.578125,0.0415811242002,6.40658798901e-06,1.21507666791e-05,1,0,0.01,relative_L2_and_normalized_max,166dfc1b778479cd,e1a32be6b12d88fc,indexed_splitmix64_xor,1
extension-10868182/hollywood-2009,hollywood-2009,extension-10868182,qhcn052,CHECK,b64_fp32,e2e_BF16_final,own_math_oracle,32768,0.0396326025188,8.3503237866e-05,0.00295857988166,1,0,0.02,relative_L2_and_normalized_max,43b261257b4acd61,79a8c0d0492d8aa2,indexed_splitmix64_xor,1
extension-10868182/hollywood-2009,hollywood-2009,extension-10868182,qhcn052,CHECK,full_bf16,layer1_FP32,own_math_oracle,0.0003662109375,1.13002591599e-06,7.76264804141e-08,2.19890068159e-07,1,0,0.01,relative_L2_and_normalized_max,c42b900a0666c4f4,717e949c67fb253e,indexed_splitmix64_xor,1
extension-10868182/hollywood-2009,hollywood-2009,extension-10868182,qhcn052,CHECK,full_bf16,kernel_FP32,original_TFS,5.36962890625,0.0721906003622,0.00330233041237,0.00321429523976,1,0,0.01,relative_L2_and_normalized_max,c42b900a0666c4f4,01a89afa0fbdf2f2,indexed_splitmix64_xor,1
extension-10868182/hollywood-2009,hollywood-2009,extension-10868182,qhcn052,CHECK,full_bf16,layer2_FP32_actual_input,own_math_oracle,2,0.00120213504077,9.1270471329e-08,1.81335631218e-07,1,0,0.01,relative_L2_and_normalized_max,ec10489b2d7eb74c,4e7f3b65f5a96b48,indexed_splitmix64_xor,1
extension-10868182/hollywood-2009,hollywood-2009,extension-10868182,qhcn052,CHECK,full_bf16,e2e_FP32_final,own_math_oracle,1024,0.018193363809,1.45235374501e-05,9.28438431838e-05,1,0,0.01,relative_L2_and_normalized_max,ec10489b2d7eb74c,8ae1c91ae4ea2ce0,indexed_splitmix64_xor,1
extension-10868182/hollywood-2009,hollywood-2009,extension-10868182,qhcn052,CHECK,full_bf16,e2e_FP32_final,original_TFS,63238,155.674478996,0.00588085158172,0.00570171804401,1,0,0.01,relative_L2_and_normalized_max,ec10489b2d7eb74c,ebd53351d43d0bdc,indexed_splitmix64_xor,1
extension-10868182/hollywood-2009,hollywood-2009,extension-10868182,qhcn052,CHECK,full_bf16,e2e_BF16_final,own_math_oracle,16384,0.0181168610084,4.50955689658e-05,0.0014880952381,1,0,0.02,relative_L2_and_normalized_max,fd96ab728b428074,44be1f091edcf688,indexed_splitmix64_xor,1
extension-10868182/hollywood-2009,hollywood-2009,extension-10868182,qhcn052,CHECK,full_bf16,e2e_BF16_final,original_TFS,65536,155.418417367,0.006278850379,0.00591715976331,1,0,0.02,relative_L2_and_normalized_max,fd96ab728b428074,7cb6f6cb05f73def,indexed_splitmix64_xor,1
extension-10868182/hollywood-2009,hollywood-2009,extension-10868182,qhcn052,CHECK,full_bf16,e2e_BF16_final,source_MKL_FP32,195468,477.143287344,0.0178326776142,0.0174640512225,1,0,0.03,relative_L2_and_normalized_max,fd96ab728b428074,acd568cec193469a,indexed_splitmix64_xor,1
extension-10868182/hollywood-2009,hollywood-2009,extension-10868182,qhcn052,CHECK,full_fp32,layer1_FP32,own_math_oracle,0.0003662109375,1.1686783787e-06,7.80356385741e-08,2.19701191732e-07,1,0,0.01,relative_L2_and_normalized_max,98171593920bc9fa,3f88d9ba51f448ac,indexed_splitmix64_xor,1
extension-10868182/hollywood-2009,hollywood-2009,extension-10868182,qhcn052,CHECK,full_fp32,layer2_FP32_actual_input,own_math_oracle,2,0.00120989039095,9.11537660484e-08,1.80594995496e-07,1,0,0.01,relative_L2_and_normalized_max,1589b5c8042c7387,af3126f54b066749,indexed_splitmix64_xor,1
extension-10868182/hollywood-2009,hollywood-2009,extension-10868182,qhcn052,CHECK,full_fp32,e2e_FP32_final,own_math_oracle,1024,0.00885158715684,8.63188841268e-06,9.24646376939e-05,1,0,0.01,relative_L2_and_normalized_max,1589b5c8042c7387,5b58493ba6574167,indexed_splitmix64_xor,1
extension-10868182/hollywood-2009,hollywood-2009,extension-10868182,qhcn052,CHECK,full_fp32,e2e_BF16_final,own_math_oracle,32768,0.00942473172065,3.73626447384e-05,0.00297619047619,1,0,0.02,relative_L2_and_normalized_max,d42df838b7074ee1,ce5253f1e123f05f,indexed_splitmix64_xor,1
extension-10868182/hollywood-2009,hollywood-2009,extension-10868182,qhcn052,EQ,b64_fp32,matched_layer1_FP32,b64_bf16,0,0,0,0,1,1,0,bitwise,c7784e69dbab4d6f,c7784e69dbab4d6f,indexed_splitmix64_xor,1
extension-10868182/hollywood-2009,hollywood-2009,extension-10868182,qhcn052,EQ,b64_fp32,matched_layer2_FP32,b64_bf16,0,0,0,0,1,1,0,bitwise,8eff179833ea2682,8eff179833ea2682,indexed_splitmix64_xor,1
extension-10868182/hollywood-2009,hollywood-2009,extension-10868182,qhcn052,EQ,b64_fp32,matched_layer2_BF16,b64_bf16,0,0,0,0,1,1,0,bitwise,36fac7bdb5084f2d,36fac7bdb5084f2d,indexed_splitmix64_xor,1
extension-10868182/hollywood-2009,hollywood-2009,extension-10868182,qhcn052,EQ,full_fp32,matched_layer1_FP32,full_bf16,0,0,0,0,1,1,0,bitwise,c42b900a0666c4f4,c42b900a0666c4f4,indexed_splitmix64_xor,1
extension-10868182/hollywood-2009,hollywood-2009,extension-10868182,qhcn052,EQ,full_fp32,matched_layer2_FP32,full_bf16,0,0,0,0,1,1,0,bitwise,ec10489b2d7eb74c,ec10489b2d7eb74c,indexed_splitmix64_xor,1
extension-10868182/hollywood-2009,hollywood-2009,extension-10868182,qhcn052,EQ,full_fp32,matched_layer2_BF16,full_bf16,0,0,0,0,1,1,0,bitwise,fd96ab728b428074,fd96ab728b428074,indexed_splitmix64_xor,1
extension-10868182/hollywood-2009,hollywood-2009,extension-10868182,qhcn052,DIFF,b64_fp32,layer1_FP32,BF16_same_B_native,5.10699462891,0.0832335173287,0.00371930332104,0.00306598524378,1,0,0,report_only,cb0f00c582e453c4,c7784e69dbab4d6f,indexed_splitmix64_xor,1
extension-10868182/hollywood-2009,hollywood-2009,extension-10868182,qhcn052,DIFF,b64_fp32,e2e_FP32_final,BF16_same_B_native,47644,130.140650121,0.00468306342907,0.00432024079603,1,0,0,report_only,166dfc1b778479cd,8eff179833ea2682,indexed_splitmix64_xor,1
extension-10868182/hollywood-2009,hollywood-2009,extension-10868182,qhcn052,DIFF,b64_fp32,e2e_BF16_final,BF16_same_B_native,65536,129.79143112,0.00524772275506,0.00595238095238,1,0,0,report_only,43b261257b4acd61,36fac7bdb5084f2d,indexed_splitmix64_xor,1
extension-10868182/hollywood-2009,hollywood-2009,extension-10868182,qhcn052,DIFF,full_fp32,layer1_FP32,BF16_same_B_native,4.86782836914,0.0834568682933,0.00375535676196,0.0029228701926,1,0,0,report_only,98171593920bc9fa,c42b900a0666c4f4,indexed_splitmix64_xor,1
extension-10868182/hollywood-2009,hollywood-2009,extension-10868182,qhcn052,DIFF,full_fp32,e2e_FP32_final,BF16_same_B_native,57166.5,141.189743257,0.00521523552645,0.00518316121108,1,0,0,report_only,1589b5c8042c7387,ec10489b2d7eb74c,indexed_splitmix64_xor,1
extension-10868182/hollywood-2009,hollywood-2009,extension-10868182,qhcn052,DIFF,full_fp32,e2e_BF16_final,BF16_same_B_native,65536,140.843248679,0.0057217790686,0.00595238095238,1,0,0,report_only,d42df838b7074ee1,fd96ab728b428074,indexed_splitmix64_xor,1
extension-10868182/hollywood-2009,hollywood-2009,extension-10868182,qhcn052,PROFILE_GATE,b64_bf16,layer1_FP32,uninstrumented_same_method,0,0,0,0,1,1,0,bitwise,c7784e69dbab4d6f,c7784e69dbab4d6f,indexed_splitmix64_xor,1
extension-10868182/hollywood-2009,hollywood-2009,extension-10868182,qhcn052,PROFILE_GATE,b64_bf16,layer2_BF16,uninstrumented_same_method,0,0,0,0,1,1,0,bitwise,36fac7bdb5084f2d,36fac7bdb5084f2d,indexed_splitmix64_xor,1
extension-10868182/hollywood-2009,hollywood-2009,extension-10868182,qhcn052,PROFILE_GATE,b64_fp32,layer1_FP32,uninstrumented_same_method,0,0,0,0,1,1,0,bitwise,cb0f00c582e453c4,cb0f00c582e453c4,indexed_splitmix64_xor,1
extension-10868182/hollywood-2009,hollywood-2009,extension-10868182,qhcn052,PROFILE_GATE,b64_fp32,layer2_BF16,uninstrumented_same_method,0,0,0,0,1,1,0,bitwise,43b261257b4acd61,43b261257b4acd61,indexed_splitmix64_xor,1
extension-10868182/hollywood-2009,hollywood-2009,extension-10868182,qhcn052,PROFILE_GATE,full_bf16,layer1_FP32,uninstrumented_same_method,0,0,0,0,1,1,0,bitwise,c42b900a0666c4f4,c42b900a0666c4f4,indexed_splitmix64_xor,1
extension-10868182/hollywood-2009,hollywood-2009,extension-10868182,qhcn052,PROFILE_GATE,full_bf16,layer2_BF16,uninstrumented_same_method,0,0,0,0,1,1,0,bitwise,fd96ab728b428074,fd96ab728b428074,indexed_splitmix64_xor,1
extension-10868182/hollywood-2009,hollywood-2009,extension-10868182,qhcn052,PROFILE_GATE,full_fp32,layer1_FP32,uninstrumented_same_method,0,0,0,0,1,1,0,bitwise,98171593920bc9fa,98171593920bc9fa,indexed_splitmix64_xor,1
extension-10868182/hollywood-2009,hollywood-2009,extension-10868182,qhcn052,PROFILE_GATE,full_fp32,layer2_BF16,uninstrumented_same_method,0,0,0,0,1,1,0,bitwise,d42df838b7074ee1,d42df838b7074ee1,indexed_splitmix64_xor,1
extension-10868182/indochina-2004,indochina-2004,extension-10868182,qhcn052,CHECK,b64_bf16,layer1_FP32,own_math_oracle,0.0072021484375,9.16768735536e-07,7.36894109705e-07,5.05854320643e-06,1,0,0.01,relative_L2_and_normalized_max,ad953b9174c971cc,bacc4438302ceada,indexed_splitmix64_xor,1
extension-10868182/indochina-2004,indochina-2004,extension-10868182,qhcn052,CHECK,b64_bf16,kernel_FP32,original_TFS,4.52941894531,0.0328525803849,0.00326500475592,0.00317213615436,1,0,0.01,relative_L2_and_normalized_max,ad953b9174c971cc,1f0afef9112feb53,indexed_splitmix64_xor,1
extension-10868182/indochina-2004,indochina-2004,extension-10868182,qhcn052,CHECK,b64_bf16,layer2_FP32_actual_input,own_math_oracle,172,0.0112983424616,1.46536826221e-06,4.34797644165e-06,1,0,0.01,relative_L2_and_normalized_max,7ce1f085eeb6132d,f57e14ef40a2fe30,indexed_splitmix64_xor,1
extension-10868182/indochina-2004,indochina-2004,extension-10868182,qhcn052,CHECK,b64_bf16,e2e_FP32_final,own_math_oracle,486,0.126194103335,1.18987128606e-05,1.22855762481e-05,1,0,0.01,relative_L2_and_normalized_max,7ce1f085eeb6132d,a7d7cf604bdbe3ff,indexed_splitmix64_xor,1
extension-10868182/indochina-2004,indochina-2004,extension-10868182,qhcn052,CHECK,b64_bf16,e2e_FP32_final,original_TFS,224264,66.3393086463,0.00563891480015,0.00563724859315,1,0,0.01,relative_L2_and_normalized_max,7ce1f085eeb6132d,30901a98f7491aaf,indexed_splitmix64_xor,1
extension-10868182/indochina-2004,indochina-2004,extension-10868182,qhcn052,CHECK,b64_bf16,e2e_BF16_final,own_math_oracle,131072,0.115073440537,0.000198635889672,0.00333333333333,1,0,0.02,relative_L2_and_normalized_max,2d61f27ff1324059,20786cc6547a1f6a,indexed_splitmix64_xor,1
extension-10868182/indochina-2004,indochina-2004,extension-10868182,qhcn052,CHECK,b64_bf16,e2e_BF16_final,original_TFS,262144,65.6555387791,0.0059788431947,0.00662251655629,1,0,0.02,relative_L2_and_normalized_max,2d61f27ff1324059,2ba1c717bdd3c2f4,indexed_splitmix64_xor,1
extension-10868182/indochina-2004,indochina-2004,extension-10868182,qhcn052,CHECK,b64_bf16,e2e_BF16_final,source_MKL_FP32,820392,211.366855102,0.0175146014647,0.0204465751005,1,0,0.03,relative_L2_and_normalized_max,2d61f27ff1324059,3c07041fc98aa84a,indexed_splitmix64_xor,1
extension-10868182/indochina-2004,indochina-2004,extension-10868182,qhcn052,CHECK,b64_fp32,layer1_FP32,own_math_oracle,0.006103515625,9.72586520217e-07,7.57782697798e-07,4.27922856464e-06,1,0,0.01,relative_L2_and_normalized_max,641f385b6e4363f2,e3c6d28e91440e40,indexed_splitmix64_xor,1
extension-10868182/indochina-2004,indochina-2004,extension-10868182,qhcn052,CHECK,b64_fp32,layer2_FP32_actual_input,own_math_oracle,128,0.0101619359608,1.26397018332e-06,3.22350125827e-06,1,0,0.01,relative_L2_and_normalized_max,69a5cf8d96401055,4b3a425996f41dc1,indexed_splitmix64_xor,1
extension-10868182/indochina-2004,indochina-2004,extension-10868182,qhcn052,CHECK,b64_fp32,e2e_FP32_final,own_math_oracle,492,0.0775537796173,7.39609565478e-06,1.23903055026e-05,1,0,0.01,relative_L2_and_normalized_max,69a5cf8d96401055,442dbdf1047632fa,indexed_splitmix64_xor,1
extension-10868182/indochina-2004,indochina-2004,extension-10868182,qhcn052,CHECK,b64_fp32,e2e_BF16_final,own_math_oracle,131072,0.0735793659422,0.00015776071043,0.00331125827815,1,0,0.02,relative_L2_and_normalized_max,0c80b0dbca05ea6b,4471499a804f8c3e,indexed_splitmix64_xor,1
extension-10868182/indochina-2004,indochina-2004,extension-10868182,qhcn052,CHECK,full_bf16,layer1_FP32,own_math_oracle,0.000244140625,5.15748168386e-07,7.82204094859e-08,1.71538620805e-07,1,0,0.01,relative_L2_and_normalized_max,c13660e6fc23fb4c,925ed000bedc5f49,indexed_splitmix64_xor,1
extension-10868182/indochina-2004,indochina-2004,extension-10868182,qhcn052,CHECK,full_bf16,kernel_FP32,original_TFS,5.46606445312,0.0328383965999,0.0032578925049,0.00382810706697,1,0,0.01,relative_L2_and_normalized_max,c13660e6fc23fb4c,1f0afef9112feb53,indexed_splitmix64_xor,1
extension-10868182/indochina-2004,indochina-2004,extension-10868182,qhcn052,CHECK,full_bf16,layer2_FP32_actual_input,own_math_oracle,12,0.00140688902136,1.36545805121e-07,3.03395664961e-07,1,0,0.01,relative_L2_and_normalized_max,03f321c05521a0d7,6c19050001061309,indexed_splitmix64_xor,1
extension-10868182/indochina-2004,indochina-2004,extension-10868182,qhcn052,CHECK,full_bf16,e2e_FP32_final,own_math_oracle,126.515625,0.00184770274544,2.36307224925e-07,3.19869101457e-06,1,0,0.01,relative_L2_and_normalized_max,03f321c05521a0d7,a3f2bd57a552f274,indexed_splitmix64_xor,1
extension-10868182/indochina-2004,indochina-2004,extension-10868182,qhcn052,CHECK,full_bf16,e2e_FP32_final,original_TFS,279990,71.2863304077,0.00600463832796,0.00703801427602,1,0,0.01,relative_L2_and_normalized_max,03f321c05521a0d7,30901a98f7491aaf,indexed_splitmix64_xor,1
extension-10868182/indochina-2004,indochina-2004,extension-10868182,qhcn052,CHECK,full_bf16,e2e_BF16_final,own_math_oracle,4096,0.00069377649839,9.06444292953e-07,0.000104166666667,1,0,0.02,relative_L2_and_normalized_max,fd0e26fabe2a8e1e,d32f7eefff8eb276,indexed_splitmix64_xor,1
extension-10868182/indochina-2004,indochina-2004,extension-10868182,qhcn052,CHECK,full_bf16,e2e_BF16_final,original_TFS,262144,70.31088722,0.00630784269788,0.00662251655629,1,0,0.02,relative_L2_and_normalized_max,fd0e26fabe2a8e1e,2ba1c717bdd3c2f4,indexed_splitmix64_xor,1
extension-10868182/indochina-2004,indochina-2004,extension-10868182,qhcn052,CHECK,full_bf16,e2e_BF16_final,source_MKL_FP32,837844,214.81538276,0.0177392012683,0.0208815301325,1,0,0.03,relative_L2_and_normalized_max,fd0e26fabe2a8e1e,3c07041fc98aa84a,indexed_splitmix64_xor,1
extension-10868182/indochina-2004,indochina-2004,extension-10868182,qhcn052,CHECK,full_fp32,layer1_FP32,own_math_oracle,0.0003662109375,5.5252279294e-07,7.85559744176e-08,2.56735894074e-07,1,0,0.01,relative_L2_and_normalized_max,4298d6c90a11132a,bbd92df993e991c2,indexed_splitmix64_xor,1
extension-10868182/indochina-2004,indochina-2004,extension-10868182,qhcn052,CHECK,full_fp32,layer2_FP32_actual_input,own_math_oracle,16,0.00156153480844,1.55626433284e-07,4.02817709881e-07,1,0,0.01,relative_L2_and_normalized_max,171f65ec6b4e4556,4342d004a671d29f,indexed_splitmix64_xor,1
extension-10868182/indochina-2004,indochina-2004,extension-10868182,qhcn052,CHECK,full_fp32,e2e_FP32_final,own_math_oracle,506.015625,0.00199713718697,4.34033395999e-07,1.27395034516e-05,1,0,0.01,relative_L2_and_normalized_max,171f65ec6b4e4556,1a28b1ebc390f6cd,indexed_splitmix64_xor,1
extension-10868182/indochina-2004,indochina-2004,extension-10868182,qhcn052,CHECK,full_fp32,e2e_BF16_final,own_math_oracle,65536,0.00618780730201,4.35388632336e-05,0.00165562913907,1,0,0.02,relative_L2_and_normalized_max,de40b8f18bf34647,82ea0d3e3873b957,indexed_splitmix64_xor,1
extension-10868182/indochina-2004,indochina-2004,extension-10868182,qhcn052,EQ,b64_fp32,matched_layer1_FP32,b64_bf16,0,0,0,0,1,1,0,bitwise,ad953b9174c971cc,ad953b9174c971cc,indexed_splitmix64_xor,1
extension-10868182/indochina-2004,indochina-2004,extension-10868182,qhcn052,EQ,b64_fp32,matched_layer2_FP32,b64_bf16,0,0,0,0,1,1,0,bitwise,7ce1f085eeb6132d,7ce1f085eeb6132d,indexed_splitmix64_xor,1
extension-10868182/indochina-2004,indochina-2004,extension-10868182,qhcn052,EQ,b64_fp32,matched_layer2_BF16,b64_bf16,0,0,0,0,1,1,0,bitwise,2d61f27ff1324059,2d61f27ff1324059,indexed_splitmix64_xor,1
extension-10868182/indochina-2004,indochina-2004,extension-10868182,qhcn052,EQ,full_fp32,matched_layer1_FP32,full_bf16,0,0,0,0,1,1,0,bitwise,c13660e6fc23fb4c,c13660e6fc23fb4c,indexed_splitmix64_xor,1
extension-10868182/indochina-2004,indochina-2004,extension-10868182,qhcn052,EQ,full_fp32,matched_layer2_FP32,full_bf16,0,0,0,0,1,1,0,bitwise,03f321c05521a0d7,03f321c05521a0d7,indexed_splitmix64_xor,1
extension-10868182/indochina-2004,indochina-2004,extension-10868182,qhcn052,EQ,full_fp32,matched_layer2_BF16,full_bf16,0,0,0,0,1,1,0,bitwise,fd0e26fabe2a8e1e,fd0e26fabe2a8e1e,indexed_splitmix64_xor,1
extension-10868182/indochina-2004,indochina-2004,extension-10868182,qhcn052,DIFF,b64_fp32,layer1_FP32,BF16_same_B_native,4.29034423828,0.0383365722906,0.0036100466799,0.00301338358483,1,0,0,report_only,641f385b6e4363f2,ad953b9174c971cc,indexed_splitmix64_xor,1
extension-10868182/indochina-2004,indochina-2004,extension-10868182,qhcn052,DIFF,b64_fp32,e2e_FP32_final,BF16_same_B_native,153804,55.9091200248,0.00445831813268,0.00388799508336,1,0,0,report_only,69a5cf8d96401055,7ce1f085eeb6132d,indexed_splitmix64_xor,1
extension-10868182/indochina-2004,indochina-2004,extension-10868182,qhcn052,DIFF,b64_fp32,e2e_BF16_final,BF16_same_B_native,262144,56.1421874872,0.00515884513838,0.00666666666667,1,0,0,report_only,0c80b0dbca05ea6b,2d61f27ff1324059,indexed_splitmix64_xor,1
extension-10868182/indochina-2004,indochina-2004,extension-10868182,qhcn052,DIFF,full_fp32,layer1_FP32,BF16_same_B_native,5.25567626953,0.0383737935285,0.00366275550736,0.00369275509146,1,0,0,report_only,4298d6c90a11132a,c13660e6fc23fb4c,indexed_splitmix64_xor,1
extension-10868182/indochina-2004,indochina-2004,extension-10868182,qhcn052,DIFF,full_fp32,e2e_FP32_final,BF16_same_B_native,277748,62.7409555262,0.00514686472097,0.00702229421913,1,0,0,report_only,171f65ec6b4e4556,03f321c05521a0d7,indexed_splitmix64_xor,1
extension-10868182/indochina-2004,indochina-2004,extension-10868182,qhcn052,DIFF,full_fp32,e2e_BF16_final,BF16_same_B_native,262144,62.7449930532,0.00575961697266,0.00666666666667,1,0,0,report_only,de40b8f18bf34647,fd0e26fabe2a8e1e,indexed_splitmix64_xor,1
extension-10868182/indochina-2004,indochina-2004,extension-10868182,qhcn052,PROFILE_GATE,b64_bf16,layer1_FP32,uninstrumented_same_method,0,0,0,0,1,1,0,bitwise,ad953b9174c971cc,ad953b9174c971cc,indexed_splitmix64_xor,1
extension-10868182/indochina-2004,indochina-2004,extension-10868182,qhcn052,PROFILE_GATE,b64_bf16,layer2_BF16,uninstrumented_same_method,0,0,0,0,1,1,0,bitwise,2d61f27ff1324059,2d61f27ff1324059,indexed_splitmix64_xor,1
extension-10868182/indochina-2004,indochina-2004,extension-10868182,qhcn052,PROFILE_GATE,b64_fp32,layer1_FP32,uninstrumented_same_method,0,0,0,0,1,1,0,bitwise,641f385b6e4363f2,641f385b6e4363f2,indexed_splitmix64_xor,1
extension-10868182/indochina-2004,indochina-2004,extension-10868182,qhcn052,PROFILE_GATE,b64_fp32,layer2_BF16,uninstrumented_same_method,0,0,0,0,1,1,0,bitwise,0c80b0dbca05ea6b,0c80b0dbca05ea6b,indexed_splitmix64_xor,1
extension-10868182/indochina-2004,indochina-2004,extension-10868182,qhcn052,PROFILE_GATE,full_bf16,layer1_FP32,uninstrumented_same_method,0,0,0,0,1,1,0,bitwise,c13660e6fc23fb4c,c13660e6fc23fb4c,indexed_splitmix64_xor,1
extension-10868182/indochina-2004,indochina-2004,extension-10868182,qhcn052,PROFILE_GATE,full_bf16,layer2_BF16,uninstrumented_same_method,0,0,0,0,1,1,0,bitwise,fd0e26fabe2a8e1e,fd0e26fabe2a8e1e,indexed_splitmix64_xor,1
extension-10868182/indochina-2004,indochina-2004,extension-10868182,qhcn052,PROFILE_GATE,full_fp32,layer1_FP32,uninstrumented_same_method,0,0,0,0,1,1,0,bitwise,4298d6c90a11132a,4298d6c90a11132a,indexed_splitmix64_xor,1
extension-10868182/indochina-2004,indochina-2004,extension-10868182,qhcn052,PROFILE_GATE,full_fp32,layer2_BF16,uninstrumented_same_method,0,0,0,0,1,1,0,bitwise,de40b8f18bf34647,de40b8f18bf34647,indexed_splitmix64_xor,1
extension-10868182/rgg_n_2_24_s0,rgg_n_2_24_s0,extension-10868182,qhcn052,CHECK,b64_bf16,layer1_FP32,own_math_oracle,3.81469726562e-05,5.7792571187e-07,7.51071646769e-08,3.28675065454e-07,1,0,0.01,relative_L2_and_normalized_max,dde52b942be28bf9,0ddf41c2f4f747b2,indexed_splitmix64_xor,1
extension-10868182/rgg_n_2_24_s0,rgg_n_2_24_s0,extension-10868182,qhcn052,CHECK,b64_bf16,kernel_FP32,original_TFS,0.37043762207,0.038433857048,0.00326824265474,0.00318313558326,1,0,0.01,relative_L2_and_normalized_max,dde52b942be28bf9,e3682a0ca34c1207,indexed_splitmix64_xor,1
extension-10868182/rgg_n_2_24_s0,rgg_n_2_24_s0,extension-10868182,qhcn052,CHECK,b64_bf16,layer2_FP32_actual_input,own_math_oracle,0.00390625,4.37993451296e-05,8.6885651471e-08,3.16623752275e-07,1,0,0.01,relative_L2_and_normalized_max,70f1c78403d1195c,fdac2bd277612082,indexed_splitmix64_xor,1
extension-10868182/rgg_n_2_24_s0,rgg_n_2_24_s0,extension-10868182,qhcn052,CHECK,b64_bf16,e2e_FP32_final,own_math_oracle,7.90600585938,0.00037052552384,1.63545654514e-05,0.00064082668562,1,0,0.01,relative_L2_and_normalized_max,70f1c78403d1195c,40e92b9b26f92253,indexed_splitmix64_xor,1
extension-10868182/rgg_n_2_24_s0,rgg_n_2_24_s0,extension-10868182,qhcn052,CHECK,b64_bf16,e2e_FP32_final,original_TFS,75.341796875,4.19348919808,0.00586274522077,0.00606981347617,1,0,0.01,relative_L2_and_normalized_max,70f1c78403d1195c,e74d192fce6b7c08,indexed_splitmix64_xor,1
extension-10868182/rgg_n_2_24_s0,rgg_n_2_24_s0,extension-10868182,qhcn052,CHECK,b64_bf16,e2e_BF16_final,own_math_oracle,32,0.000369423583322,4.46521117816e-05,0.00260416666667,1,0,0.02,relative_L2_and_normalized_max,32e5f7a7ed8dafff,fbd36d59d507fe61,indexed_splitmix64_xor,1
extension-10868182/rgg_n_2_24_s0,rgg_n_2_24_s0,extension-10868182,qhcn052,CHECK,b64_bf16,e2e_BF16_final,original_TFS,64,4.18172953651,0.00627735988506,0.00518134715026,1,0,0.02,relative_L2_and_normalized_max,32e5f7a7ed8dafff,802668a3d3dfb240,indexed_splitmix64_xor,1
extension-10868182/rgg_n_2_24_s0,rgg_n_2_24_s0,extension-10868182,qhcn052,CHECK,b64_bf16,e2e_BF16_final,source_MKL_FP32,254.588867188,13.3989871429,0.0186044922592,0.0202979520323,1,0,0.03,relative_L2_and_normalized_max,32e5f7a7ed8dafff,28e218d871d888e8,indexed_splitmix64_xor,1
extension-10868182/rgg_n_2_24_s0,rgg_n_2_24_s0,extension-10868182,qhcn052,CHECK,b64_fp32,layer1_FP32,own_math_oracle,3.81469726562e-05,6.27206405833e-07,7.81633488276e-08,3.28015954171e-07,1,0,0.01,relative_L2_and_normalized_max,fd9f1fabbdbe7db6,66dc4ff4be58b65c,indexed_splitmix64_xor,1
extension-10868182/rgg_n_2_24_s0,rgg_n_2_24_s0,extension-10868182,qhcn052,CHECK,b64_fp32,layer2_FP32_actual_input,own_math_oracle,0.00390625,4.40455506707e-05,8.69095989891e-08,3.1473689412e-07,1,0,0.01,relative_L2_and_normalized_max,78009fe0d4fcb611,37cd494e86e73189,indexed_splitmix64_xor,1
extension-10868182/rgg_n_2_24_s0,rgg_n_2_24_s0,extension-10868182,qhcn052,CHECK,b64_fp32,e2e_FP32_final,own_math_oracle,8.00048828125,0.000269263902522,1.37245185873e-05,0.000644620501269,1,0,0.01,relative_L2_and_normalized_max,78009fe0d4fcb611,621b9cd6df42a2ac,indexed_splitmix64_xor,1
extension-10868182/rgg_n_2_24_s0,rgg_n_2_24_s0,extension-10868182,qhcn052,CHECK,b64_fp32,e2e_BF16_final,own_math_oracle,32,0.000268845729146,3.82104194013e-05,0.00259067357513,1,0,0.02,relative_L2_and_normalized_max,4e3325b68c7391ac,1a623d1ecc23ecc2,indexed_splitmix64_xor,1
extension-10868182/rgg_n_2_24_s0,rgg_n_2_24_s0,extension-10868182,qhcn052,CHECK,full_bf16,layer1_FP32,own_math_oracle,3.81469726562e-05,5.7792571187e-07,7.51071646769e-08,3.28675065454e-07,1,0,0.01,relative_L2_and_normalized_max,dde52b942be28bf9,0ddf41c2f4f747b2,indexed_splitmix64_xor,1
extension-10868182/rgg_n_2_24_s0,rgg_n_2_24_s0,extension-10868182,qhcn052,CHECK,full_bf16,kernel_FP32,original_TFS,0.37043762207,0.038433857048,0.00326824265474,0.00318313558326,1,0,0.01,relative_L2_and_normalized_max,dde52b942be28bf9,e3682a0ca34c1207,indexed_splitmix64_xor,1
extension-10868182/rgg_n_2_24_s0,rgg_n_2_24_s0,extension-10868182,qhcn052,CHECK,full_bf16,layer2_FP32_actual_input,own_math_oracle,0.00390625,4.37993451296e-05,8.6885651471e-08,3.16623752275e-07,1,0,0.01,relative_L2_and_normalized_max,70f1c78403d1195c,fdac2bd277612082,indexed_splitmix64_xor,1
extension-10868182/rgg_n_2_24_s0,rgg_n_2_24_s0,extension-10868182,qhcn052,CHECK,full_bf16,e2e_FP32_final,own_math_oracle,7.90600585938,0.00037052552384,1.63545654514e-05,0.00064082668562,1,0,0.01,relative_L2_and_normalized_max,70f1c78403d1195c,40e92b9b26f92253,indexed_splitmix64_xor,1
extension-10868182/rgg_n_2_24_s0,rgg_n_2_24_s0,extension-10868182,qhcn052,CHECK,full_bf16,e2e_FP32_final,original_TFS,75.341796875,4.19348919808,0.00586274522077,0.00606981347617,1,0,0.01,relative_L2_and_normalized_max,70f1c78403d1195c,e74d192fce6b7c08,indexed_splitmix64_xor,1
extension-10868182/rgg_n_2_24_s0,rgg_n_2_24_s0,extension-10868182,qhcn052,CHECK,full_bf16,e2e_BF16_final,own_math_oracle,32,0.000369423583322,4.46521117816e-05,0.00260416666667,1,0,0.02,relative_L2_and_normalized_max,32e5f7a7ed8dafff,fbd36d59d507fe61,indexed_splitmix64_xor,1
extension-10868182/rgg_n_2_24_s0,rgg_n_2_24_s0,extension-10868182,qhcn052,CHECK,full_bf16,e2e_BF16_final,original_TFS,64,4.18172953651,0.00627735988506,0.00518134715026,1,0,0.02,relative_L2_and_normalized_max,32e5f7a7ed8dafff,802668a3d3dfb240,indexed_splitmix64_xor,1
extension-10868182/rgg_n_2_24_s0,rgg_n_2_24_s0,extension-10868182,qhcn052,CHECK,full_bf16,e2e_BF16_final,source_MKL_FP32,254.588867188,13.3989871429,0.0186044922592,0.0202979520323,1,0,0.03,relative_L2_and_normalized_max,32e5f7a7ed8dafff,28e218d871d888e8,indexed_splitmix64_xor,1
extension-10868182/rgg_n_2_24_s0,rgg_n_2_24_s0,extension-10868182,qhcn052,CHECK,full_fp32,layer1_FP32,own_math_oracle,3.81469726562e-05,6.27206405833e-07,7.81633488276e-08,3.28015954171e-07,1,0,0.01,relative_L2_and_normalized_max,fd9f1fabbdbe7db6,66dc4ff4be58b65c,indexed_splitmix64_xor,1
extension-10868182/rgg_n_2_24_s0,rgg_n_2_24_s0,extension-10868182,qhcn052,CHECK,full_fp32,layer2_FP32_actual_input,own_math_oracle,0.00390625,4.40455506707e-05,8.69095989891e-08,3.1473689412e-07,1,0,0.01,relative_L2_and_normalized_max,78009fe0d4fcb611,37cd494e86e73189,indexed_splitmix64_xor,1
extension-10868182/rgg_n_2_24_s0,rgg_n_2_24_s0,extension-10868182,qhcn052,CHECK,full_fp32,e2e_FP32_final,own_math_oracle,8.00048828125,0.000269263902522,1.37245185873e-05,0.000644620501269,1,0,0.01,relative_L2_and_normalized_max,78009fe0d4fcb611,621b9cd6df42a2ac,indexed_splitmix64_xor,1
extension-10868182/rgg_n_2_24_s0,rgg_n_2_24_s0,extension-10868182,qhcn052,CHECK,full_fp32,e2e_BF16_final,own_math_oracle,32,0.000268845729146,3.82104194013e-05,0.00259067357513,1,0,0.02,relative_L2_and_normalized_max,4e3325b68c7391ac,1a623d1ecc23ecc2,indexed_splitmix64_xor,1
extension-10868182/rgg_n_2_24_s0,rgg_n_2_24_s0,extension-10868182,qhcn052,EQ,b64_fp32,matched_layer1_FP32,b64_bf16,0,0,0,0,1,1,0,bitwise,dde52b942be28bf9,dde52b942be28bf9,indexed_splitmix64_xor,1
extension-10868182/rgg_n_2_24_s0,rgg_n_2_24_s0,extension-10868182,qhcn052,EQ,b64_fp32,matched_layer2_FP32,b64_bf16,0,0,0,0,1,1,0,bitwise,70f1c78403d1195c,70f1c78403d1195c,indexed_splitmix64_xor,1
extension-10868182/rgg_n_2_24_s0,rgg_n_2_24_s0,extension-10868182,qhcn052,EQ,b64_fp32,matched_layer2_BF16,b64_bf16,0,0,0,0,1,1,0,bitwise,32e5f7a7ed8dafff,32e5f7a7ed8dafff,indexed_splitmix64_xor,1
extension-10868182/rgg_n_2_24_s0,rgg_n_2_24_s0,extension-10868182,qhcn052,EQ,full_fp32,matched_layer1_FP32,full_bf16,0,0,0,0,1,1,0,bitwise,dde52b942be28bf9,dde52b942be28bf9,indexed_splitmix64_xor,1
extension-10868182/rgg_n_2_24_s0,rgg_n_2_24_s0,extension-10868182,qhcn052,EQ,full_fp32,matched_layer2_FP32,full_bf16,0,0,0,0,1,1,0,bitwise,70f1c78403d1195c,70f1c78403d1195c,indexed_splitmix64_xor,1
extension-10868182/rgg_n_2_24_s0,rgg_n_2_24_s0,extension-10868182,qhcn052,EQ,full_fp32,matched_layer2_BF16,full_bf16,0,0,0,0,1,1,0,bitwise,32e5f7a7ed8dafff,32e5f7a7ed8dafff,indexed_splitmix64_xor,1
extension-10868182/rgg_n_2_24_s0,rgg_n_2_24_s0,extension-10868182,qhcn052,DIFF,b64_fp32,layer1_FP32,BF16_same_B_native,0.444858551025,0.0450596114179,0.00384223585851,0.00383290975885,1,0,0,report_only,fd9f1fabbdbe7db6,dde52b942be28bf9,indexed_splitmix64_xor,1
extension-10868182/rgg_n_2_24_s0,rgg_n_2_24_s0,extension-10868182,qhcn052,DIFF,b64_fp32,e2e_FP32_final,BF16_same_B_native,73.96484375,4.15037333661,0.00583254221304,0.00599527122389,1,0,0,report_only,78009fe0d4fcb611,70f1c78403d1195c,indexed_splitmix64_xor,1
extension-10868182/rgg_n_2_24_s0,rgg_n_2_24_s0,extension-10868182,qhcn052,DIFF,b64_fp32,e2e_BF16_final,BF16_same_B_native,64,4.13871480292,0.00628077175635,0.00520833333333,1,0,0,report_only,4e3325b68c7391ac,32e5f7a7ed8dafff,indexed_splitmix64_xor,1
extension-10868182/rgg_n_2_24_s0,rgg_n_2_24_s0,extension-10868182,qhcn052,DIFF,full_fp32,layer1_FP32,BF16_same_B_native,0.444858551025,0.0450596114179,0.00384223585851,0.00383290975885,1,0,0,report_only,fd9f1fabbdbe7db6,dde52b942be28bf9,indexed_splitmix64_xor,1
extension-10868182/rgg_n_2_24_s0,rgg_n_2_24_s0,extension-10868182,qhcn052,DIFF,full_fp32,e2e_FP32_final,BF16_same_B_native,73.96484375,4.15037333661,0.00583254221304,0.00599527122389,1,0,0,report_only,78009fe0d4fcb611,70f1c78403d1195c,indexed_splitmix64_xor,1
extension-10868182/rgg_n_2_24_s0,rgg_n_2_24_s0,extension-10868182,qhcn052,DIFF,full_fp32,e2e_BF16_final,BF16_same_B_native,64,4.13871480292,0.00628077175635,0.00520833333333,1,0,0,report_only,4e3325b68c7391ac,32e5f7a7ed8dafff,indexed_splitmix64_xor,1
extension-10868182/rgg_n_2_24_s0,rgg_n_2_24_s0,extension-10868182,qhcn052,PROFILE_GATE,b64_bf16,layer1_FP32,uninstrumented_same_method,0,0,0,0,1,1,0,bitwise,dde52b942be28bf9,dde52b942be28bf9,indexed_splitmix64_xor,1
extension-10868182/rgg_n_2_24_s0,rgg_n_2_24_s0,extension-10868182,qhcn052,PROFILE_GATE,b64_bf16,layer2_BF16,uninstrumented_same_method,0,0,0,0,1,1,0,bitwise,32e5f7a7ed8dafff,32e5f7a7ed8dafff,indexed_splitmix64_xor,1
extension-10868182/rgg_n_2_24_s0,rgg_n_2_24_s0,extension-10868182,qhcn052,PROFILE_GATE,b64_fp32,layer1_FP32,uninstrumented_same_method,0,0,0,0,1,1,0,bitwise,fd9f1fabbdbe7db6,fd9f1fabbdbe7db6,indexed_splitmix64_xor,1
extension-10868182/rgg_n_2_24_s0,rgg_n_2_24_s0,extension-10868182,qhcn052,PROFILE_GATE,b64_fp32,layer2_BF16,uninstrumented_same_method,0,0,0,0,1,1,0,bitwise,4e3325b68c7391ac,4e3325b68c7391ac,indexed_splitmix64_xor,1
extension-10868182/rgg_n_2_24_s0,rgg_n_2_24_s0,extension-10868182,qhcn052,PROFILE_GATE,full_bf16,layer1_FP32,uninstrumented_same_method,0,0,0,0,1,1,0,bitwise,dde52b942be28bf9,dde52b942be28bf9,indexed_splitmix64_xor,1
extension-10868182/rgg_n_2_24_s0,rgg_n_2_24_s0,extension-10868182,qhcn052,PROFILE_GATE,full_bf16,layer2_BF16,uninstrumented_same_method,0,0,0,0,1,1,0,bitwise,32e5f7a7ed8dafff,32e5f7a7ed8dafff,indexed_splitmix64_xor,1
extension-10868182/rgg_n_2_24_s0,rgg_n_2_24_s0,extension-10868182,qhcn052,PROFILE_GATE,full_fp32,layer1_FP32,uninstrumented_same_method,0,0,0,0,1,1,0,bitwise,fd9f1fabbdbe7db6,fd9f1fabbdbe7db6,indexed_splitmix64_xor,1
extension-10868182/rgg_n_2_24_s0,rgg_n_2_24_s0,extension-10868182,qhcn052,PROFILE_GATE,full_fp32,layer2_BF16,uninstrumented_same_method,0,0,0,0,1,1,0,bitwise,4e3325b68c7391ac,4e3325b68c7391ac,indexed_splitmix64_xor,1
extension-10868182/soc-LiveJournal1,soc-LiveJournal1,extension-10868182,qhcn052,CHECK,b64_bf16,layer1_FP32,own_math_oracle,0.0101318359375,4.89606534053e-07,1.62551785886e-07,4.36660500459e-06,1,0,0.01,relative_L2_and_normalized_max,466370e2cc4a450b,04948752c0dda682,indexed_splitmix64_xor,1
extension-10868182/soc-LiveJournal1,soc-LiveJournal1,extension-10868182,qhcn052,CHECK,b64_bf16,kernel_FP32,original_TFS,6.44287109375,0.0244987727338,0.00323585575574,0.00276904748439,1,0,0.01,relative_L2_and_normalized_max,466370e2cc4a450b,f7de4a13312cebee,indexed_splitmix64_xor,1
extension-10868182/soc-LiveJournal1,soc-LiveJournal1,extension-10868182,qhcn052,CHECK,b64_bf16,layer2_FP32_actual_input,own_math_oracle,19.75,9.52248078547e-05,7.97377407053e-07,4.37476617152e-06,1,0,0.01,relative_L2_and_normalized_max,7fa1d41523b87687,e02dbe904546effb,indexed_splitmix64_xor,1
extension-10868182/soc-LiveJournal1,soc-LiveJournal1,extension-10868182,qhcn052,CHECK,b64_bf16,e2e_FP32_final,own_math_oracle,63.998046875,0.00144422921942,1.89887384885e-05,1.41760154158e-05,1,0,0.01,relative_L2_and_normalized_max,7fa1d41523b87687,c1c7068caf131944,indexed_splitmix64_xor,1
extension-10868182/soc-LiveJournal1,soc-LiveJournal1,extension-10868182,qhcn052,CHECK,b64_bf16,e2e_FP32_final,original_TFS,25650,5.91146481266,0.00571259040755,0.00564956321057,1,0,0.01,relative_L2_and_normalized_max,7fa1d41523b87687,483ad3f3181ebb75,indexed_splitmix64_xor,1
extension-10868182/soc-LiveJournal1,soc-LiveJournal1,extension-10868182,qhcn052,CHECK,b64_bf16,e2e_BF16_final,own_math_oracle,2048,0.0013970474118,8.33578986399e-05,0.000456204379562,1,0,0.02,relative_L2_and_normalized_max,5623976c2a78d1c2,1247fba24b418649,indexed_splitmix64_xor,1
extension-10868182/soc-LiveJournal1,soc-LiveJournal1,extension-10868182,qhcn052,CHECK,b64_bf16,e2e_BF16_final,original_TFS,32768,5.89548085473,0.00609595795163,0.00724637681159,1,0,0.02,relative_L2_and_normalized_max,5623976c2a78d1c2,4835407cd8f2a9ac,indexed_splitmix64_xor,1
extension-10868182/soc-LiveJournal1,soc-LiveJournal1,extension-10868182,qhcn052,CHECK,b64_bf16,e2e_BF16_final,source_MKL_FP32,99028,18.8218154772,0.0183508870473,0.0215829846887,1,0,0.03,relative_L2_and_normalized_max,5623976c2a78d1c2,7410dc6dc2d8b1cf,indexed_splitmix64_xor,1
extension-10868182/soc-LiveJournal1,soc-LiveJournal1,extension-10868182,qhcn052,CHECK,b64_fp32,layer1_FP32,own_math_oracle,0.0118408203125,5.36822237513e-07,1.69818487195e-07,5.09989967393e-06,1,0,0.01,relative_L2_and_normalized_max,a0eb46790d63d78f,6c5a763c4ff1a596,indexed_splitmix64_xor,1
extension-10868182/soc-LiveJournal1,soc-LiveJournal1,extension-10868182,qhcn052,CHECK,b64_fp32,layer2_FP32_actual_input,own_math_oracle,18.75,9.55096353984e-05,7.05631118513e-07,4.13221045932e-06,1,0,0.01,relative_L2_and_normalized_max,ef428968e90ba9e6,d19672c48d181922,indexed_splitmix64_xor,1
extension-10868182/soc-LiveJournal1,soc-LiveJournal1,extension-10868182,qhcn052,CHECK,b64_fp32,e2e_FP32_final,own_math_oracle,32.0234375,0.000765934473291,1.04102096648e-05,7.05747422436e-06,1,0,0.01,relative_L2_and_normalized_max,ef428968e90ba9e6,172657b8debfd920,indexed_splitmix64_xor,1
extension-10868182/soc-LiveJournal1,soc-LiveJournal1,extension-10868182,qhcn052,CHECK,b64_fp32,e2e_BF16_final,own_math_oracle,8192,0.000789708735115,8.97952867105e-05,0.0018115942029,1,0,0.02,relative_L2_and_normalized_max,c6bd1bf25132febe,10b50ce68814decf,indexed_splitmix64_xor,1
extension-10868182/soc-LiveJournal1,soc-LiveJournal1,extension-10868182,qhcn052,CHECK,full_bf16,layer1_FP32,own_math_oracle,0.000244140625,3.91235334457e-07,7.56941708191e-08,1.05287052514e-07,1,0,0.01,relative_L2_and_normalized_max,9bc72878a6296112,8dce1849971497f2,indexed_splitmix64_xor,1
extension-10868182/soc-LiveJournal1,soc-LiveJournal1,extension-10868182,qhcn052,CHECK,full_bf16,kernel_FP32,original_TFS,7.9365234375,0.0245026906471,0.00323954448119,0.00341099642374,1,0,0.01,relative_L2_and_normalized_max,9bc72878a6296112,f7de4a13312cebee,indexed_splitmix64_xor,1
extension-10868182/soc-LiveJournal1,soc-LiveJournal1,extension-10868182,qhcn052,CHECK,full_bf16,layer2_FP32_actual_input,own_math_oracle,0.5,3.57477332219e-05,7.30409435703e-08,1.10629504004e-07,1,0,0.01,relative_L2_and_normalized_max,c140d3420650055b,aad1c9c42766e39d,indexed_splitmix64_xor,1
extension-10868182/soc-LiveJournal1,soc-LiveJournal1,extension-10868182,qhcn052,CHECK,full_bf16,e2e_FP32_final,own_math_oracle,64.00390625,0.000586703575749,1.24895527762e-05,1.41614408055e-05,1,0,0.01,relative_L2_and_normalized_max,c140d3420650055b,2385dabac44d717e,indexed_splitmix64_xor,1
extension-10868182/soc-LiveJournal1,soc-LiveJournal1,extension-10868182,qhcn052,CHECK,full_bf16,e2e_FP32_final,original_TFS,23714.5,5.98659947406,0.00588794429307,0.00522325796324,1,0,0.01,relative_L2_and_normalized_max,c140d3420650055b,483ad3f3181ebb75,indexed_splitmix64_xor,1
extension-10868182/soc-LiveJournal1,soc-LiveJournal1,extension-10868182,qhcn052,CHECK,full_bf16,e2e_BF16_final,own_math_oracle,1024,0.000580623057794,3.99877435808e-05,0.000228102189781,1,0,0.02,relative_L2_and_normalized_max,37f4fcafb5965e1a,9551af8433def4a8,indexed_splitmix64_xor,1
extension-10868182/soc-LiveJournal1,soc-LiveJournal1,extension-10868182,qhcn052,CHECK,full_bf16,e2e_BF16_final,original_TFS,32768,5.97030326947,0.00628301249673,0.00724637681159,1,0,0.02,relative_L2_and_normalized_max,37f4fcafb5965e1a,4835407cd8f2a9ac,indexed_splitmix64_xor,1
extension-10868182/soc-LiveJournal1,soc-LiveJournal1,extension-10868182,qhcn052,CHECK,full_bf16,e2e_BF16_final,source_MKL_FP32,99028,18.8515393465,0.0183946727007,0.0215829846887,1,0,0.03,relative_L2_and_normalized_max,37f4fcafb5965e1a,7410dc6dc2d8b1cf,indexed_splitmix64_xor,1
extension-10868182/soc-LiveJournal1,soc-LiveJournal1,extension-10868182,qhcn052,CHECK,full_fp32,layer1_FP32,own_math_oracle,0.000244140625,4.35393687478e-07,7.78743560245e-08,1.05090278855e-07,1,0,0.01,relative_L2_and_normalized_max,6a719fa830cd9250,7668f072ee825a53,indexed_splitmix64_xor,1
extension-10868182/soc-LiveJournal1,soc-LiveJournal1,extension-10868182,qhcn052,CHECK,full_fp32,layer2_FP32_actual_input,own_math_oracle,0.5,3.59105803808e-05,7.29736428931e-08,1.10172563286e-07,1,0,0.01,relative_L2_and_normalized_max,b1319c2e6d32a748,85761fc906aa09d2,indexed_splitmix64_xor,1
extension-10868182/soc-LiveJournal1,soc-LiveJournal1,extension-10868182,qhcn052,CHECK,full_fp32,e2e_FP32_final,own_math_oracle,127.984375,0.00044653141024,1.39926163914e-05,2.82007333086e-05,1,0,0.01,relative_L2_and_normalized_max,b1319c2e6d32a748,412bc27769359fca,indexed_splitmix64_xor,1
extension-10868182/soc-LiveJournal1,soc-LiveJournal1,extension-10868182,qhcn052,CHECK,full_fp32,e2e_BF16_final,own_math_oracle,2048,0.000441919250798,4.15014788205e-05,0.000452898550725,1,0,0.02,relative_L2_and_normalized_max,88c5a8097d720321,40498fdd1f7ffb18,indexed_splitmix64_xor,1
extension-10868182/soc-LiveJournal1,soc-LiveJournal1,extension-10868182,qhcn052,EQ,b64_fp32,matched_layer1_FP32,b64_bf16,0,0,0,0,1,1,0,bitwise,466370e2cc4a450b,466370e2cc4a450b,indexed_splitmix64_xor,1
extension-10868182/soc-LiveJournal1,soc-LiveJournal1,extension-10868182,qhcn052,EQ,b64_fp32,matched_layer2_FP32,b64_bf16,0,0,0,0,1,1,0,bitwise,7fa1d41523b87687,7fa1d41523b87687,indexed_splitmix64_xor,1
extension-10868182/soc-LiveJournal1,soc-LiveJournal1,extension-10868182,qhcn052,EQ,b64_fp32,matched_layer2_BF16,b64_bf16,0,0,0,0,1,1,0,bitwise,5623976c2a78d1c2,5623976c2a78d1c2,indexed_splitmix64_xor,1
extension-10868182/soc-LiveJournal1,soc-LiveJournal1,extension-10868182,qhcn052,EQ,full_fp32,matched_layer1_FP32,full_bf16,0,0,0,0,1,1,0,bitwise,9bc72878a6296112,9bc72878a6296112,indexed_splitmix64_xor,1
extension-10868182/soc-LiveJournal1,soc-LiveJournal1,extension-10868182,qhcn052,EQ,full_fp32,matched_layer2_FP32,full_bf16,0,0,0,0,1,1,0,bitwise,c140d3420650055b,c140d3420650055b,indexed_splitmix64_xor,1
extension-10868182/soc-LiveJournal1,soc-LiveJournal1,extension-10868182,qhcn052,EQ,full_fp32,matched_layer2_BF16,full_bf16,0,0,0,0,1,1,0,bitwise,37f4fcafb5965e1a,37f4fcafb5965e1a,indexed_splitmix64_xor,1
extension-10868182/soc-LiveJournal1,soc-LiveJournal1,extension-10868182,qhcn052,DIFF,b64_fp32,layer1_FP32,BF16_same_B_native,6.45874023438,0.0289099042975,0.00379058715358,0.00278357565155,1,0,0,report_only,a0eb46790d63d78f,466370e2cc4a450b,indexed_splitmix64_xor,1
extension-10868182/soc-LiveJournal1,soc-LiveJournal1,extension-10868182,qhcn052,DIFF,b64_fp32,e2e_FP32_final,BF16_same_B_native,22994,5.65390158748,0.00531361676345,0.00509333874402,1,0,0,report_only,ef428968e90ba9e6,7fa1d41523b87687,indexed_splitmix64_xor,1
extension-10868182/soc-LiveJournal1,soc-LiveJournal1,extension-10868182,qhcn052,DIFF,b64_fp32,e2e_BF16_final,BF16_same_B_native,32768,5.63899095302,0.00579760658128,0.00729927007299,1,0,0,report_only,c6bd1bf25132febe,5623976c2a78d1c2,indexed_splitmix64_xor,1
extension-10868182/soc-LiveJournal1,soc-LiveJournal1,extension-10868182,qhcn052,DIFF,full_fp32,layer1_FP32,BF16_same_B_native,7.46020507812,0.0289149902288,0.0037950008831,0.00321725612494,1,0,0,report_only,6a719fa830cd9250,9bc72878a6296112,indexed_splitmix64_xor,1
extension-10868182/soc-LiveJournal1,soc-LiveJournal1,extension-10868182,qhcn052,DIFF,full_fp32,e2e_FP32_final,BF16_same_B_native,22774,5.77746926714,0.00562356583094,0.0050389520909,1,0,0,report_only,b1319c2e6d32a748,c140d3420650055b,indexed_splitmix64_xor,1
extension-10868182/soc-LiveJournal1,soc-LiveJournal1,extension-10868182,qhcn052,DIFF,full_fp32,e2e_BF16_final,BF16_same_B_native,32768,5.76106329596,0.00609063902789,0.00729927007299,1,0,0,report_only,88c5a8097d720321,37f4fcafb5965e1a,indexed_splitmix64_xor,1
extension-10868182/soc-LiveJournal1,soc-LiveJournal1,extension-10868182,qhcn052,PROFILE_GATE,b64_bf16,layer1_FP32,uninstrumented_same_method,0,0,0,0,1,1,0,bitwise,466370e2cc4a450b,466370e2cc4a450b,indexed_splitmix64_xor,1
extension-10868182/soc-LiveJournal1,soc-LiveJournal1,extension-10868182,qhcn052,PROFILE_GATE,b64_bf16,layer2_BF16,uninstrumented_same_method,0,0,0,0,1,1,0,bitwise,5623976c2a78d1c2,5623976c2a78d1c2,indexed_splitmix64_xor,1
extension-10868182/soc-LiveJournal1,soc-LiveJournal1,extension-10868182,qhcn052,PROFILE_GATE,b64_fp32,layer1_FP32,uninstrumented_same_method,0,0,0,0,1,1,0,bitwise,a0eb46790d63d78f,a0eb46790d63d78f,indexed_splitmix64_xor,1
extension-10868182/soc-LiveJournal1,soc-LiveJournal1,extension-10868182,qhcn052,PROFILE_GATE,b64_fp32,layer2_BF16,uninstrumented_same_method,0,0,0,0,1,1,0,bitwise,c6bd1bf25132febe,c6bd1bf25132febe,indexed_splitmix64_xor,1
extension-10868182/soc-LiveJournal1,soc-LiveJournal1,extension-10868182,qhcn052,PROFILE_GATE,full_bf16,layer1_FP32,uninstrumented_same_method,0,0,0,0,1,1,0,bitwise,9bc72878a6296112,9bc72878a6296112,indexed_splitmix64_xor,1
extension-10868182/soc-LiveJournal1,soc-LiveJournal1,extension-10868182,qhcn052,PROFILE_GATE,full_bf16,layer2_BF16,uninstrumented_same_method,0,0,0,0,1,1,0,bitwise,37f4fcafb5965e1a,37f4fcafb5965e1a,indexed_splitmix64_xor,1
extension-10868182/soc-LiveJournal1,soc-LiveJournal1,extension-10868182,qhcn052,PROFILE_GATE,full_fp32,layer1_FP32,uninstrumented_same_method,0,0,0,0,1,1,0,bitwise,6a719fa830cd9250,6a719fa830cd9250,indexed_splitmix64_xor,1
extension-10868182/soc-LiveJournal1,soc-LiveJournal1,extension-10868182,qhcn052,PROFILE_GATE,full_fp32,layer2_BF16,uninstrumented_same_method,0,0,0,0,1,1,0,bitwise,88c5a8097d720321,88c5a8097d720321,indexed_splitmix64_xor,1
extension-10868182/soc-Pokec,soc-Pokec,extension-10868182,qhcn052,CHECK,b64_bf16,layer1_FP32,own_math_oracle,0.00299072265625,6.04120325644e-07,1.22256979401e-07,2.1491576837e-06,1,0,0.01,relative_L2_and_normalized_max,5824b37a373a89e5,a7b2aa6ffb5a2516,indexed_splitmix64_xor,1
extension-10868182/soc-Pokec,soc-Pokec,extension-10868182,qhcn052,CHECK,b64_bf16,kernel_FP32,original_TFS,4.00445556641,0.0318868461282,0.00326384582366,0.00286975680748,1,0,0.01,relative_L2_and_normalized_max,5824b37a373a89e5,febc5ec62b0c4f40,indexed_splitmix64_xor,1
extension-10868182/soc-Pokec,soc-Pokec,extension-10868182,qhcn052,CHECK,b64_bf16,layer2_FP32_actual_input,own_math_oracle,4.75,5.7379081895e-05,5.2682983628e-07,3.20422147747e-06,1,0,0.01,relative_L2_and_normalized_max,152571d760cbed4e,1c2968f40bd6d275,indexed_splitmix64_xor,1
extension-10868182/soc-Pokec,soc-Pokec,extension-10868182,qhcn052,CHECK,b64_bf16,e2e_FP32_final,own_math_oracle,9.546875,0.000871254172247,1.52605350888e-05,6.44006356164e-06,1,0,0.01,relative_L2_and_normalized_max,152571d760cbed4e,e666e97603ba7f09,indexed_splitmix64_xor,1
extension-10868182/soc-Pokec,soc-Pokec,extension-10868182,qhcn052,CHECK,b64_bf16,e2e_FP32_final,original_TFS,8355.375,6.17901146105,0.00577880454095,0.00560472184169,1,0,0.01,relative_L2_and_normalized_max,152571d760cbed4e,4c40b424877644d6,indexed_splitmix64_xor,1
extension-10868182/soc-Pokec,soc-Pokec,extension-10868182,qhcn052,CHECK,b64_bf16,e2e_BF16_final,own_math_oracle,256,0.000875996635946,5.86529948918e-05,0.000173611111111,1,0,0.02,relative_L2_and_normalized_max,abe40b195b4d107a,5a60d1c6684e4dad,indexed_splitmix64_xor,1
extension-10868182/soc-Pokec,soc-Pokec,extension-10868182,qhcn052,CHECK,b64_bf16,e2e_BF16_final,original_TFS,8192,6.16187444121,0.00616993107827,0.00552486187845,1,0,0.02,relative_L2_and_normalized_max,abe40b195b4d107a,e61cafa0d1fdab40,indexed_splitmix64_xor,1
extension-10868182/soc-Pokec,soc-Pokec,extension-10868182,qhcn052,CHECK,b64_bf16,e2e_BF16_final,source_MKL_FP32,32752.25,19.4949399242,0.0184188598131,0.0217289085258,1,0,0.03,relative_L2_and_normalized_max,abe40b195b4d107a,02cd3594e251ce03,indexed_splitmix64_xor,1
extension-10868182/soc-Pokec,soc-Pokec,extension-10868182,qhcn052,CHECK,b64_fp32,layer1_FP32,own_math_oracle,0.003173828125,6.51261131281e-07,1.24078714177e-07,2.27834586482e-06,1,0,0.01,relative_L2_and_normalized_max,1f924099814e5544,1ab5d348287b71e9,indexed_splitmix64_xor,1
extension-10868182/soc-Pokec,soc-Pokec,extension-10868182,qhcn052,CHECK,b64_fp32,layer2_FP32_actual_input,own_math_oracle,5.75,5.77756318015e-05,6.11213102085e-07,3.85900860391e-06,1,0,0.01,relative_L2_and_normalized_max,390baa3f2da4befb,dc9d4a16cc4f4463,indexed_splitmix64_xor,1
extension-10868182/soc-Pokec,soc-Pokec,extension-10868182,qhcn052,CHECK,b64_fp32,e2e_FP32_final,own_math_oracle,15.8125,0.000822642329393,1.60364249034e-05,1.06122736608e-05,1,0,0.01,relative_L2_and_normalized_max,390baa3f2da4befb,a6166d366b4c77a6,indexed_splitmix64_xor,1
extension-10868182/soc-Pokec,soc-Pokec,extension-10868182,qhcn052,CHECK,b64_fp32,e2e_BF16_final,own_math_oracle,256,0.000824341553678,5.33784630834e-05,0.000172651933702,1,0,0.02,relative_L2_and_normalized_max,276bc0780666c1c6,53840e1be18456f2,indexed_splitmix64_xor,1
extension-10868182/soc-Pokec,soc-Pokec,extension-10868182,qhcn052,CHECK,full_bf16,layer1_FP32,own_math_oracle,0.0001220703125,4.95900274313e-07,7.61809874167e-08,8.77619474727e-08,1,0,0.01,relative_L2_and_normalized_max,3bac72dfc524eed6,3b4ff9098d4b1906,indexed_splitmix64_xor,1
extension-10868182/soc-Pokec,soc-Pokec,extension-10868182,qhcn052,CHECK,full_bf16,kernel_FP32,original_TFS,4.73297119141,0.0318924909954,0.0032661749059,0.00339184093091,1,0,0.01,relative_L2_and_normalized_max,3bac72dfc524eed6,febc5ec62b0c4f40,indexed_splitmix64_xor,1
extension-10868182/soc-Pokec,soc-Pokec,extension-10868182,qhcn052,CHECK,full_bf16,layer2_FP32_actual_input,own_math_oracle,0.125,2.63272324122e-05,4.79714268483e-08,8.43119846957e-08,1,0,0.01,relative_L2_and_normalized_max,fcd129172db2eee3,c0c3e0302866e965,indexed_splitmix64_xor,1
extension-10868182/soc-Pokec,soc-Pokec,extension-10868182,qhcn052,CHECK,full_bf16,e2e_FP32_final,own_math_oracle,16.001953125,0.000693961456462,1.5944087715e-05,1.07932514158e-05,1,0,0.01,relative_L2_and_normalized_max,fcd129172db2eee3,43fb38a84ff0ac42,indexed_splitmix64_xor,1
extension-10868182/soc-Pokec,soc-Pokec,extension-10868182,qhcn052,CHECK,full_bf16,e2e_FP32_final,original_TFS,8185.375,6.21850247866,0.00587816919252,0.00549068713791,1,0,0.01,relative_L2_and_normalized_max,fcd129172db2eee3,4c40b424877644d6,indexed_splitmix64_xor,1
extension-10868182/soc-Pokec,soc-Pokec,extension-10868182,qhcn052,CHECK,full_bf16,e2e_BF16_final,own_math_oracle,256,0.000681174344313,4.58594814461e-05,0.000173611111111,1,0,0.02,relative_L2_and_normalized_max,bab76b0cc1af52f8,458be4582fc1f241,indexed_splitmix64_xor,1
extension-10868182/soc-Pokec,soc-Pokec,extension-10868182,qhcn052,CHECK,full_bf16,e2e_BF16_final,original_TFS,8192,6.20118277799,0.00629675829904,0.00552486187845,1,0,0.02,relative_L2_and_normalized_max,bab76b0cc1af52f8,e61cafa0d1fdab40,indexed_splitmix64_xor,1
extension-10868182/soc-Pokec,soc-Pokec,extension-10868182,qhcn052,CHECK,full_bf16,e2e_BF16_final,source_MKL_FP32,32752.25,19.5084609413,0.0184729933051,0.0217289085258,1,0,0.03,relative_L2_and_normalized_max,bab76b0cc1af52f8,02cd3594e251ce03,indexed_splitmix64_xor,1
extension-10868182/soc-Pokec,soc-Pokec,extension-10868182,qhcn052,CHECK,full_fp32,layer1_FP32,own_math_oracle,0.00018310546875,5.3861699636e-07,7.79962884618e-08,1.31412595161e-07,1,0,0.01,relative_L2_and_normalized_max,4ce7077955d559f2,e65d4e7dad86c2a8,indexed_splitmix64_xor,1
extension-10868182/soc-Pokec,soc-Pokec,extension-10868182,qhcn052,CHECK,full_fp32,layer2_FP32_actual_input,own_math_oracle,0.125,2.64457227008e-05,4.8144545402e-08,8.39165533793e-08,1,0,0.01,relative_L2_and_normalized_max,6385f992f7f856a8,3c48f558e457f4ad,indexed_splitmix64_xor,1
extension-10868182/soc-Pokec,soc-Pokec,extension-10868182,qhcn052,CHECK,full_fp32,e2e_FP32_final,own_math_oracle,31.625,0.000450104858218,1.34175906319e-05,2.1230888005e-05,1,0,0.01,relative_L2_and_normalized_max,6385f992f7f856a8,98803a3928a8b674,indexed_splitmix64_xor,1
extension-10868182/soc-Pokec,soc-Pokec,extension-10868182,qhcn052,CHECK,full_fp32,e2e_BF16_final,own_math_oracle,256,0.000458231690748,3.83855956866e-05,0.000172651933702,1,0,0.02,relative_L2_and_normalized_max,d53f4a89e3e37a4f,3eb76c4d031d0395,indexed_splitmix64_xor,1
extension-10868182/soc-Pokec,soc-Pokec,extension-10868182,qhcn052,EQ,b64_fp32,matched_layer1_FP32,b64_bf16,0,0,0,0,1,1,0,bitwise,5824b37a373a89e5,5824b37a373a89e5,indexed_splitmix64_xor,1
extension-10868182/soc-Pokec,soc-Pokec,extension-10868182,qhcn052,EQ,b64_fp32,matched_layer2_FP32,b64_bf16,0,0,0,0,1,1,0,bitwise,152571d760cbed4e,152571d760cbed4e,indexed_splitmix64_xor,1
extension-10868182/soc-Pokec,soc-Pokec,extension-10868182,qhcn052,EQ,b64_fp32,matched_layer2_BF16,b64_bf16,0,0,0,0,1,1,0,bitwise,abe40b195b4d107a,abe40b195b4d107a,indexed_splitmix64_xor,1
extension-10868182/soc-Pokec,soc-Pokec,extension-10868182,qhcn052,EQ,full_fp32,matched_layer1_FP32,full_bf16,0,0,0,0,1,1,0,bitwise,3bac72dfc524eed6,3bac72dfc524eed6,indexed_splitmix64_xor,1
extension-10868182/soc-Pokec,soc-Pokec,extension-10868182,qhcn052,EQ,full_fp32,matched_layer2_FP32,full_bf16,0,0,0,0,1,1,0,bitwise,fcd129172db2eee3,fcd129172db2eee3,indexed_splitmix64_xor,1
extension-10868182/soc-Pokec,soc-Pokec,extension-10868182,qhcn052,EQ,full_fp32,matched_layer2_BF16,full_bf16,0,0,0,0,1,1,0,bitwise,bab76b0cc1af52f8,bab76b0cc1af52f8,indexed_splitmix64_xor,1
extension-10868182/soc-Pokec,soc-Pokec,extension-10868182,qhcn052,DIFF,b64_fp32,layer1_FP32,BF16_same_B_native,4.07427978516,0.0374747596714,0.00382354573545,0.00292780810232,1,0,0,report_only,1f924099814e5544,5824b37a373a89e5,indexed_splitmix64_xor,1
extension-10868182/soc-Pokec,soc-Pokec,extension-10868182,qhcn052,DIFF,b64_fp32,e2e_FP32_final,BF16_same_B_native,7597.125,5.92432629812,0.00546545128267,0.00512481669528,1,0,0,report_only,390baa3f2da4befb,152571d760cbed4e,indexed_splitmix64_xor,1
extension-10868182/soc-Pokec,soc-Pokec,extension-10868182,qhcn052,DIFF,b64_fp32,e2e_BF16_final,BF16_same_B_native,8192,5.90776716557,0.0059122609571,0.00555555555556,1,0,0,report_only,276bc0780666c1c6,abe40b195b4d107a,indexed_splitmix64_xor,1
extension-10868182/soc-Pokec,soc-Pokec,extension-10868182,qhcn052,DIFF,full_fp32,layer1_FP32,BF16_same_B_native,4.52105712891,0.0374769929607,0.00382610830281,0.00325039536757,1,0,0,report_only,4ce7077955d559f2,3bac72dfc524eed6,indexed_splitmix64_xor,1
extension-10868182/soc-Pokec,soc-Pokec,extension-10868182,qhcn052,DIFF,full_fp32,e2e_FP32_final,BF16_same_B_native,7633.25,5.99234598167,0.00563586050176,0.00514859522334,1,0,0,report_only,6385f992f7f856a8,fcd129172db2eee3,indexed_splitmix64_xor,1
extension-10868182/soc-Pokec,soc-Pokec,extension-10868182,qhcn052,DIFF,full_fp32,e2e_BF16_final,BF16_same_B_native,8192,5.97554370354,0.00610029278511,0.00555555555556,1,0,0,report_only,d53f4a89e3e37a4f,bab76b0cc1af52f8,indexed_splitmix64_xor,1
extension-10868182/soc-Pokec,soc-Pokec,extension-10868182,qhcn052,PROFILE_GATE,b64_bf16,layer1_FP32,uninstrumented_same_method,0,0,0,0,1,1,0,bitwise,5824b37a373a89e5,5824b37a373a89e5,indexed_splitmix64_xor,1
extension-10868182/soc-Pokec,soc-Pokec,extension-10868182,qhcn052,PROFILE_GATE,b64_bf16,layer2_BF16,uninstrumented_same_method,0,0,0,0,1,1,0,bitwise,abe40b195b4d107a,abe40b195b4d107a,indexed_splitmix64_xor,1
extension-10868182/soc-Pokec,soc-Pokec,extension-10868182,qhcn052,PROFILE_GATE,b64_fp32,layer1_FP32,uninstrumented_same_method,0,0,0,0,1,1,0,bitwise,1f924099814e5544,1f924099814e5544,indexed_splitmix64_xor,1
extension-10868182/soc-Pokec,soc-Pokec,extension-10868182,qhcn052,PROFILE_GATE,b64_fp32,layer2_BF16,uninstrumented_same_method,0,0,0,0,1,1,0,bitwise,276bc0780666c1c6,276bc0780666c1c6,indexed_splitmix64_xor,1
extension-10868182/soc-Pokec,soc-Pokec,extension-10868182,qhcn052,PROFILE_GATE,full_bf16,layer1_FP32,uninstrumented_same_method,0,0,0,0,1,1,0,bitwise,3bac72dfc524eed6,3bac72dfc524eed6,indexed_splitmix64_xor,1
extension-10868182/soc-Pokec,soc-Pokec,extension-10868182,qhcn052,PROFILE_GATE,full_bf16,layer2_BF16,uninstrumented_same_method,0,0,0,0,1,1,0,bitwise,bab76b0cc1af52f8,bab76b0cc1af52f8,indexed_splitmix64_xor,1
extension-10868182/soc-Pokec,soc-Pokec,extension-10868182,qhcn052,PROFILE_GATE,full_fp32,layer1_FP32,uninstrumented_same_method,0,0,0,0,1,1,0,bitwise,4ce7077955d559f2,4ce7077955d559f2,indexed_splitmix64_xor,1
extension-10868182/soc-Pokec,soc-Pokec,extension-10868182,qhcn052,PROFILE_GATE,full_fp32,layer2_BF16,uninstrumented_same_method,0,0,0,0,1,1,0,bitwise,d53f4a89e3e37a4f,d53f4a89e3e37a4f,indexed_splitmix64_xor,1
extension-10868182/web-Google,web-Google,extension-10868182,qhcn052,CHECK,b64_bf16,layer1_FP32,own_math_oracle,0.0001220703125,2.54995368528e-07,7.35175410561e-08,4.81160578562e-07,1,0,0.01,relative_L2_and_normalized_max,9fdb7dfcbbd1c35d,abb2e7ecd61ceaa3,indexed_splitmix64_xor,1
extension-10868182/web-Google,web-Google,extension-10868182,qhcn052,CHECK,b64_bf16,kernel_FP32,original_TFS,0.785339355469,0.0165102109181,0.00313470904496,0.00308683995465,1,0,0.01,relative_L2_and_normalized_max,9fdb7dfcbbd1c35d,fc15e26209a5d00f,indexed_splitmix64_xor,1
extension-10868182/web-Google,web-Google,extension-10868182,qhcn052,CHECK,b64_bf16,layer2_FP32_actual_input,own_math_oracle,0.021484375,1.07746088626e-05,9.2056403649e-08,5.03870873469e-07,1,0,0.01,relative_L2_and_normalized_max,7cde81cbec568032,2b9274b4c5596d33,indexed_splitmix64_xor,1
extension-10868182/web-Google,web-Google,extension-10868182,qhcn052,CHECK,b64_bf16,e2e_FP32_final,own_math_oracle,2,0.0001121146547,1.74810623455e-05,4.69057976757e-05,1,0,0.01,relative_L2_and_normalized_max,7cde81cbec568032,04020a586830fe86,indexed_splitmix64_xor,1
extension-10868182/web-Google,web-Google,extension-10868182,qhcn052,CHECK,b64_bf16,e2e_FP32_final,original_TFS,250.734375,1.09735202262,0.00579343270334,0.00584607095178,1,0,0.01,relative_L2_and_normalized_max,7cde81cbec568032,50c1db258f8b2a80,indexed_splitmix64_xor,1
extension-10868182/web-Google,web-Google,extension-10868182,qhcn052,CHECK,b64_bf16,e2e_BF16_final,own_math_oracle,32,0.000122715296173,5.1110705716e-05,0.000753012048193,1,0,0.02,relative_L2_and_normalized_max,49223bfeb4d77750,5e36f2e64eeeba9a,indexed_splitmix64_xor,1
extension-10868182/web-Google,web-Google,extension-10868182,qhcn052,CHECK,b64_bf16,e2e_BF16_final,original_TFS,256,1.0941678288,0.00621922114826,0.0059880239521,1,0,0.02,relative_L2_and_normalized_max,49223bfeb4d77750,9d9134e3493a22dc,indexed_splitmix64_xor,1
extension-10868182/web-Google,web-Google,extension-10868182,qhcn052,CHECK,b64_bf16,e2e_BF16_final,source_MKL_FP32,830.890625,3.56662743723,0.0185075073576,0.0191772502715,1,0,0.03,relative_L2_and_normalized_max,49223bfeb4d77750,a12350f4361a5a89,indexed_splitmix64_xor,1
extension-10868182/web-Google,web-Google,extension-10868182,qhcn052,CHECK,b64_fp32,layer1_FP32,own_math_oracle,0.000106811523438,3.03430995948e-07,7.92056145634e-08,4.19692499699e-07,1,0,0.01,relative_L2_and_normalized_max,7d03c2554e3aab50,39cbd6010e008824,indexed_splitmix64_xor,1
extension-10868182/web-Google,web-Google,extension-10868182,qhcn052,CHECK,b64_fp32,layer2_FP32_actual_input,own_math_oracle,0.025390625,1.08501368431e-05,9.23753983867e-08,5.91896104568e-07,1,0,0.01,relative_L2_and_normalized_max,a485f9cc99111ba1,40dc9d27a20af4fc,indexed_splitmix64_xor,1
extension-10868182/web-Google,web-Google,extension-10868182,qhcn052,CHECK,b64_fp32,e2e_FP32_final,own_math_oracle,2,6.06745701575e-05,1.07389395576e-05,4.66232008521e-05,1,0,0.01,relative_L2_and_normalized_max,a485f9cc99111ba1,c28eb2d73efd6320,indexed_splitmix64_xor,1
extension-10868182/web-Google,web-Google,extension-10868182,qhcn052,CHECK,b64_fp32,e2e_BF16_final,own_math_oracle,64,6.15483573135e-05,3.52196245336e-05,0.00149700598802,1,0,0.02,relative_L2_and_normalized_max,629c1a1ad295355e,3ff4c7f2caaef1a0,indexed_splitmix64_xor,1
extension-10868182/web-Google,web-Google,extension-10868182,qhcn052,CHECK,full_bf16,layer1_FP32,own_math_oracle,3.0517578125e-05,2.5396928825e-07,7.22449353202e-08,1.20323434204e-07,1,0,0.01,relative_L2_and_normalized_max,c559a39a919c1ed4,d33a569604e7799e,indexed_splitmix64_xor,1
extension-10868182/web-Google,web-Google,extension-10868182,qhcn052,CHECK,full_bf16,kernel_FP32,original_TFS,0.785766601562,0.0165107423424,0.00313519421366,0.00308851928003,1,0,0.01,relative_L2_and_normalized_max,c559a39a919c1ed4,fc15e26209a5d00f,indexed_splitmix64_xor,1
extension-10868182/web-Google,web-Google,extension-10868182,qhcn052,CHECK,full_bf16,layer2_FP32_actual_input,own_math_oracle,0.00390625,1.06686039518e-05,8.53296080794e-08,9.15873032155e-08,1,0,0.01,relative_L2_and_normalized_max,cd5ff5a05300900a,0069d762aa0305bc,indexed_splitmix64_xor,1
extension-10868182/web-Google,web-Google,extension-10868182,qhcn052,CHECK,full_bf16,e2e_FP32_final,own_math_oracle,2,0.000114148608263,1.75955159469e-05,4.68926992463e-05,1,0,0.01,relative_L2_and_normalized_max,cd5ff5a05300900a,4f1ec981b7420f5c,indexed_splitmix64_xor,1
extension-10868182/web-Google,web-Google,extension-10868182,qhcn052,CHECK,full_bf16,e2e_FP32_final,original_TFS,238.81640625,1.09799728619,0.00580214833271,0.00556819405152,1,0,0.01,relative_L2_and_normalized_max,cd5ff5a05300900a,50c1db258f8b2a80,indexed_splitmix64_xor,1
extension-10868182/web-Google,web-Google,extension-10868182,qhcn052,CHECK,full_bf16,e2e_BF16_final,own_math_oracle,32,0.000125260930235,5.22805745521e-05,0.000753012048193,1,0,0.02,relative_L2_and_normalized_max,4a63a402f82cf8a0,125309e4fc7cf9b9,indexed_splitmix64_xor,1
extension-10868182/web-Google,web-Google,extension-10868182,qhcn052,CHECK,full_bf16,e2e_BF16_final,original_TFS,256,1.09479791867,0.00622767757251,0.0059880239521,1,0,0.02,relative_L2_and_normalized_max,4a63a402f82cf8a0,9d9134e3493a22dc,indexed_splitmix64_xor,1
extension-10868182/web-Google,web-Google,extension-10868182,qhcn052,CHECK,full_bf16,e2e_BF16_final,source_MKL_FP32,830.890625,3.56713013078,0.0185106584075,0.0191772502715,1,0,0.03,relative_L2_and_normalized_max,4a63a402f82cf8a0,a12350f4361a5a89,indexed_splitmix64_xor,1
extension-10868182/web-Google,web-Google,extension-10868182,qhcn052,CHECK,full_fp32,layer1_FP32,own_math_oracle,3.0517578125e-05,3.02343485662e-07,7.79789374901e-08,1.19973478663e-07,1,0,0.01,relative_L2_and_normalized_max,780ec7c4d45425bc,ff58c25e33c2cea5,indexed_splitmix64_xor,1
extension-10868182/web-Google,web-Google,extension-10868182,qhcn052,CHECK,full_fp32,layer2_FP32_actual_input,own_math_oracle,0.00390625,1.07429968042e-05,8.5322383893e-08,9.09990310423e-08,1,0,0.01,relative_L2_and_normalized_max,70a6b228c52006f6,add7610ecd265de6,indexed_splitmix64_xor,1
extension-10868182/web-Google,web-Google,extension-10868182,qhcn052,CHECK,full_fp32,e2e_FP32_final,own_math_oracle,2,5.98367715001e-05,1.06686834482e-05,4.65915038937e-05,1,0,0.01,relative_L2_and_normalized_max,70a6b228c52006f6,929b16cc930db741,indexed_splitmix64_xor,1
extension-10868182/web-Google,web-Google,extension-10868182,qhcn052,CHECK,full_fp32,e2e_BF16_final,own_math_oracle,32,6.08649183231e-05,3.37184362185e-05,0.000748502994012,1,0,0.02,relative_L2_and_normalized_max,c6ce97f759ec7c86,271f24299a80fcd4,indexed_splitmix64_xor,1
extension-10868182/web-Google,web-Google,extension-10868182,qhcn052,EQ,b64_fp32,matched_layer1_FP32,b64_bf16,0,0,0,0,1,1,0,bitwise,9fdb7dfcbbd1c35d,9fdb7dfcbbd1c35d,indexed_splitmix64_xor,1
extension-10868182/web-Google,web-Google,extension-10868182,qhcn052,EQ,b64_fp32,matched_layer2_FP32,b64_bf16,0,0,0,0,1,1,0,bitwise,7cde81cbec568032,7cde81cbec568032,indexed_splitmix64_xor,1
extension-10868182/web-Google,web-Google,extension-10868182,qhcn052,EQ,b64_fp32,matched_layer2_BF16,b64_bf16,0,0,0,0,1,1,0,bitwise,49223bfeb4d77750,49223bfeb4d77750,indexed_splitmix64_xor,1
extension-10868182/web-Google,web-Google,extension-10868182,qhcn052,EQ,full_fp32,matched_layer1_FP32,full_bf16,0,0,0,0,1,1,0,bitwise,c559a39a919c1ed4,c559a39a919c1ed4,indexed_splitmix64_xor,1
extension-10868182/web-Google,web-Google,extension-10868182,qhcn052,EQ,full_fp32,matched_layer2_FP32,full_bf16,0,0,0,0,1,1,0,bitwise,cd5ff5a05300900a,cd5ff5a05300900a,indexed_splitmix64_xor,1
extension-10868182/web-Google,web-Google,extension-10868182,qhcn052,EQ,full_fp32,matched_layer2_BF16,full_bf16,0,0,0,0,1,1,0,bitwise,4a63a402f82cf8a0,4a63a402f82cf8a0,indexed_splitmix64_xor,1
extension-10868182/web-Google,web-Google,extension-10868182,qhcn052,DIFF,b64_fp32,layer1_FP32,BF16_same_B_native,0.840866088867,0.0196756823278,0.00371862616064,0.00331441489904,1,0,0,report_only,7d03c2554e3aab50,9fdb7dfcbbd1c35d,indexed_splitmix64_xor,1
extension-10868182/web-Google,web-Google,extension-10868182,qhcn052,DIFF,b64_fp32,e2e_FP32_final,BF16_same_B_native,258.44921875,1.09656327597,0.00577621885473,0.00606138393736,1,0,0,report_only,a485f9cc99111ba1,7cde81cbec568032,indexed_splitmix64_xor,1
extension-10868182/web-Google,web-Google,extension-10868182,qhcn052,DIFF,b64_fp32,e2e_BF16_final,BF16_same_B_native,256,1.09320167707,0.00623149199905,0.00602409638554,1,0,0,report_only,629c1a1ad295355e,49223bfeb4d77750,indexed_splitmix64_xor,1
extension-10868182/web-Google,web-Google,extension-10868182,qhcn052,DIFF,full_fp32,layer1_FP32,BF16_same_B_native,0.990539550781,0.0196761450811,0.00371912127099,0.0039054580274,1,0,0,report_only,780ec7c4d45425bc,c559a39a919c1ed4,indexed_splitmix64_xor,1
extension-10868182/web-Google,web-Google,extension-10868182,qhcn052,DIFF,full_fp32,e2e_FP32_final,BF16_same_B_native,275.71484375,1.09763911219,0.00579005752229,0.00646450603079,1,0,0,report_only,70a6b228c52006f6,cd5ff5a05300900a,indexed_splitmix64_xor,1
extension-10868182/web-Google,web-Google,extension-10868182,qhcn052,DIFF,full_fp32,e2e_BF16_final,BF16_same_B_native,256,1.0942541795,0.00624364269343,0.00602409638554,1,0,0,report_only,c6ce97f759ec7c86,4a63a402f82cf8a0,indexed_splitmix64_xor,1
extension-10868182/web-Google,web-Google,extension-10868182,qhcn052,PROFILE_GATE,b64_bf16,layer1_FP32,uninstrumented_same_method,0,0,0,0,1,1,0,bitwise,9fdb7dfcbbd1c35d,9fdb7dfcbbd1c35d,indexed_splitmix64_xor,1
extension-10868182/web-Google,web-Google,extension-10868182,qhcn052,PROFILE_GATE,b64_bf16,layer2_BF16,uninstrumented_same_method,0,0,0,0,1,1,0,bitwise,49223bfeb4d77750,49223bfeb4d77750,indexed_splitmix64_xor,1
extension-10868182/web-Google,web-Google,extension-10868182,qhcn052,PROFILE_GATE,b64_fp32,layer1_FP32,uninstrumented_same_method,0,0,0,0,1,1,0,bitwise,7d03c2554e3aab50,7d03c2554e3aab50,indexed_splitmix64_xor,1
extension-10868182/web-Google,web-Google,extension-10868182,qhcn052,PROFILE_GATE,b64_fp32,layer2_BF16,uninstrumented_same_method,0,0,0,0,1,1,0,bitwise,629c1a1ad295355e,629c1a1ad295355e,indexed_splitmix64_xor,1
extension-10868182/web-Google,web-Google,extension-10868182,qhcn052,PROFILE_GATE,full_bf16,layer1_FP32,uninstrumented_same_method,0,0,0,0,1,1,0,bitwise,c559a39a919c1ed4,c559a39a919c1ed4,indexed_splitmix64_xor,1
extension-10868182/web-Google,web-Google,extension-10868182,qhcn052,PROFILE_GATE,full_bf16,layer2_BF16,uninstrumented_same_method,0,0,0,0,1,1,0,bitwise,4a63a402f82cf8a0,4a63a402f82cf8a0,indexed_splitmix64_xor,1
extension-10868182/web-Google,web-Google,extension-10868182,qhcn052,PROFILE_GATE,full_fp32,layer1_FP32,uninstrumented_same_method,0,0,0,0,1,1,0,bitwise,780ec7c4d45425bc,780ec7c4d45425bc,indexed_splitmix64_xor,1
extension-10868182/web-Google,web-Google,extension-10868182,qhcn052,PROFILE_GATE,full_fp32,layer2_BF16,uninstrumented_same_method,0,0,0,0,1,1,0,bitwise,c6ce97f759ec7c86,c6ce97f759ec7c86,indexed_splitmix64_xor,1
