dataset,run,node,eligible,graph,method,layer,phase,sampled_thread_ms,clocked_sections,wall_ms
diagnostic-10867492/mycielskian19,diagnostic-10867492,qhcn064,True,mycielskian19,b64_bf16,1,partial_init,1.06310844421,6229,1996.37508392
diagnostic-10867492/mycielskian19,diagnostic-10867492,qhcn064,True,mycielskian19,b64_bf16,1,csr_index_read,162.420988083,6091897,1996.37508392
diagnostic-10867492/mycielskian19,diagnostic-10867492,qhcn064,True,mycielskian19,b64_bf16,1,csr_next_index_read,160.85100174,5995830,1996.37508392
diagnostic-10867492/mycielskian19,diagnostic-10867492,qhcn064,True,mycielskian19,b64_bf16,1,prefetch_issue,162.711381912,5995830,1996.37508392
diagnostic-10867492/mycielskian19,diagnostic-10867492,qhcn064,True,mycielskian19,b64_bf16,1,source_feature_load,169.468164444,6091897,1996.37508392
diagnostic-10867492/mycielskian19,diagnostic-10867492,qhcn064,True,mycielskian19,b64_bf16,1,source_bf16_decode,160.282611847,6091897,1996.37508392
diagnostic-10867492/mycielskian19,diagnostic-10867492,qhcn064,True,mycielskian19,b64_bf16,1,feature_fp32_add,162.420511246,6091897,1996.37508392
diagnostic-10867492/mycielskian19,diagnostic-10867492,qhcn064,True,mycielskian19,b64_bf16,1,partial_state_load,0,0,1996.37508392
diagnostic-10867492/mycielskian19,diagnostic-10867492,qhcn064,True,mycielskian19,b64_bf16,1,partial_state_store,2.81548500061,96592,1996.37508392
diagnostic-10867492/mycielskian19,diagnostic-10867492,qhcn064,True,mycielskian19,b64_bf16,1,partial_hi_pack,22.7520465851,797312,1996.37508392
diagnostic-10867492/mycielskian19,diagnostic-10867492,qhcn064,True,mycielskian19,b64_bf16,1,partial_lo_residual,0,0,1996.37508392
diagnostic-10867492/mycielskian19,diagnostic-10867492,qhcn064,True,mycielskian19,b64_bf16,1,partial_lo_pack,0,0,1996.37508392
diagnostic-10867492/mycielskian19,diagnostic-10867492,qhcn064,True,mycielskian19,b64_bf16,1,amx_a_load,1.57618522644,49832,1996.37508392
diagnostic-10867492/mycielskian19,diagnostic-10867492,qhcn064,True,mycielskian19,b64_bf16,1,amx_b_load,6.51144981384,99664,1996.37508392
diagnostic-10867492/mycielskian19,diagnostic-10867492,qhcn064,True,mycielskian19,b64_bf16,1,amx_tdp_compute,23.9877700806,99664,1996.37508392
diagnostic-10867492/mycielskian19,diagnostic-10867492,qhcn064,True,mycielskian19,b64_bf16,1,amx_c_zero,0.00953674316406,194,1996.37508392
diagnostic-10867492/mycielskian19,diagnostic-10867492,qhcn064,True,mycielskian19,b64_bf16,1,amx_c_load,0.797986984253,12264,1996.37508392
diagnostic-10867492/mycielskian19,diagnostic-10867492,qhcn064,True,mycielskian19,b64_bf16,1,amx_c_store,0.681638717651,12458,1996.37508392
diagnostic-10867492/mycielskian19,diagnostic-10867492,qhcn064,True,mycielskian19,b64_bf16,1,output_bf16_conversion,0,0,1996.37508392
diagnostic-10867492/mycielskian19,diagnostic-10867492,qhcn064,True,mycielskian19,b64_bf16,1,output_store,0.0705718994141,1551,1996.37508392
diagnostic-10867492/mycielskian19,diagnostic-10867492,qhcn064,True,mycielskian19,b64_bf16,1,thread_permission,0.0150203704834,32,1996.37508392
diagnostic-10867492/mycielskian19,diagnostic-10867492,qhcn064,True,mycielskian19,b64_bf16,1,thread_tile_config,0.00596046447754,32,1996.37508392
diagnostic-10867492/mycielskian19,diagnostic-10867492,qhcn064,True,mycielskian19,b64_bf16,1,thread_tile_release,0,32,1996.37508392
diagnostic-10867492/mycielskian19,diagnostic-10867492,qhcn064,True,mycielskian19,b64_bf16,1,row_metadata_read,0.0505447387695,97,1996.37508392
diagnostic-10867492/mycielskian19,diagnostic-10867492,qhcn064,True,mycielskian19,b64_bf16,2,partial_init,1.05547904968,6229,1983.19911957
diagnostic-10867492/mycielskian19,diagnostic-10867492,qhcn064,True,mycielskian19,b64_bf16,2,csr_index_read,159.714221954,6091897,1983.19911957
diagnostic-10867492/mycielskian19,diagnostic-10867492,qhcn064,True,mycielskian19,b64_bf16,2,csr_next_index_read,156.905412674,5995830,1983.19911957
diagnostic-10867492/mycielskian19,diagnostic-10867492,qhcn064,True,mycielskian19,b64_bf16,2,prefetch_issue,159.446954727,5995830,1983.19911957
diagnostic-10867492/mycielskian19,diagnostic-10867492,qhcn064,True,mycielskian19,b64_bf16,2,source_feature_load,163.859844208,6091897,1983.19911957
diagnostic-10867492/mycielskian19,diagnostic-10867492,qhcn064,True,mycielskian19,b64_bf16,2,source_bf16_decode,157.464742661,6091897,1983.19911957
diagnostic-10867492/mycielskian19,diagnostic-10867492,qhcn064,True,mycielskian19,b64_bf16,2,feature_fp32_add,159.055233002,6091897,1983.19911957
diagnostic-10867492/mycielskian19,diagnostic-10867492,qhcn064,True,mycielskian19,b64_bf16,2,partial_state_load,0,0,1983.19911957
diagnostic-10867492/mycielskian19,diagnostic-10867492,qhcn064,True,mycielskian19,b64_bf16,2,partial_state_store,2.8395652771,96592,1983.19911957
diagnostic-10867492/mycielskian19,diagnostic-10867492,qhcn064,True,mycielskian19,b64_bf16,2,partial_hi_pack,22.4215984344,797312,1983.19911957
diagnostic-10867492/mycielskian19,diagnostic-10867492,qhcn064,True,mycielskian19,b64_bf16,2,partial_lo_residual,0,0,1983.19911957
diagnostic-10867492/mycielskian19,diagnostic-10867492,qhcn064,True,mycielskian19,b64_bf16,2,partial_lo_pack,0,0,1983.19911957
diagnostic-10867492/mycielskian19,diagnostic-10867492,qhcn064,True,mycielskian19,b64_bf16,2,amx_a_load,1.55305862427,49832,1983.19911957
diagnostic-10867492/mycielskian19,diagnostic-10867492,qhcn064,True,mycielskian19,b64_bf16,2,amx_b_load,6.5975189209,99664,1983.19911957
diagnostic-10867492/mycielskian19,diagnostic-10867492,qhcn064,True,mycielskian19,b64_bf16,2,amx_tdp_compute,24.4536399841,99664,1983.19911957
diagnostic-10867492/mycielskian19,diagnostic-10867492,qhcn064,True,mycielskian19,b64_bf16,2,amx_c_zero,0.00929832458496,194,1983.19911957
diagnostic-10867492/mycielskian19,diagnostic-10867492,qhcn064,True,mycielskian19,b64_bf16,2,amx_c_load,0.705718994141,12264,1983.19911957
diagnostic-10867492/mycielskian19,diagnostic-10867492,qhcn064,True,mycielskian19,b64_bf16,2,amx_c_store,0.701189041138,12458,1983.19911957
diagnostic-10867492/mycielskian19,diagnostic-10867492,qhcn064,True,mycielskian19,b64_bf16,2,output_bf16_conversion,0.0486373901367,1551,1983.19911957
diagnostic-10867492/mycielskian19,diagnostic-10867492,qhcn064,True,mycielskian19,b64_bf16,2,output_store,0.0514984130859,1551,1983.19911957
diagnostic-10867492/mycielskian19,diagnostic-10867492,qhcn064,True,mycielskian19,b64_bf16,2,thread_permission,0.0154972076416,32,1983.19911957
diagnostic-10867492/mycielskian19,diagnostic-10867492,qhcn064,True,mycielskian19,b64_bf16,2,thread_tile_config,0.00762939453125,32,1983.19911957
diagnostic-10867492/mycielskian19,diagnostic-10867492,qhcn064,True,mycielskian19,b64_bf16,2,thread_tile_release,0.000953674316406,32,1983.19911957
diagnostic-10867492/mycielskian19,diagnostic-10867492,qhcn064,True,mycielskian19,b64_bf16,2,row_metadata_read,0.0491142272949,97,1983.19911957
diagnostic-10867492/mycielskian19,diagnostic-10867492,qhcn064,True,mycielskian19,b64_fp32,1,partial_init,1.20663642883,6229,2260.52713394
diagnostic-10867492/mycielskian19,diagnostic-10867492,qhcn064,True,mycielskian19,b64_fp32,1,csr_index_read,159.719944,6091897,2260.52713394
diagnostic-10867492/mycielskian19,diagnostic-10867492,qhcn064,True,mycielskian19,b64_fp32,1,csr_next_index_read,158.56051445,5995830,2260.52713394
diagnostic-10867492/mycielskian19,diagnostic-10867492,qhcn064,True,mycielskian19,b64_fp32,1,prefetch_issue,158.568620682,5995830,2260.52713394
diagnostic-10867492/mycielskian19,diagnostic-10867492,qhcn064,True,mycielskian19,b64_fp32,1,source_feature_load,204.020738602,6091897,2260.52713394
diagnostic-10867492/mycielskian19,diagnostic-10867492,qhcn064,True,mycielskian19,b64_fp32,1,source_bf16_decode,0,0,2260.52713394
diagnostic-10867492/mycielskian19,diagnostic-10867492,qhcn064,True,mycielskian19,b64_fp32,1,feature_fp32_add,161.034822464,6091897,2260.52713394
diagnostic-10867492/mycielskian19,diagnostic-10867492,qhcn064,True,mycielskian19,b64_fp32,1,partial_state_load,0,0,2260.52713394
diagnostic-10867492/mycielskian19,diagnostic-10867492,qhcn064,True,mycielskian19,b64_fp32,1,partial_state_store,2.93397903442,96592,2260.52713394
diagnostic-10867492/mycielskian19,diagnostic-10867492,qhcn064,True,mycielskian19,b64_fp32,1,partial_hi_pack,22.2494602203,797312,2260.52713394
diagnostic-10867492/mycielskian19,diagnostic-10867492,qhcn064,True,mycielskian19,b64_fp32,1,partial_lo_residual,0,0,2260.52713394
diagnostic-10867492/mycielskian19,diagnostic-10867492,qhcn064,True,mycielskian19,b64_fp32,1,partial_lo_pack,0,0,2260.52713394
diagnostic-10867492/mycielskian19,diagnostic-10867492,qhcn064,True,mycielskian19,b64_fp32,1,amx_a_load,1.56855583191,49832,2260.52713394
diagnostic-10867492/mycielskian19,diagnostic-10867492,qhcn064,True,mycielskian19,b64_fp32,1,amx_b_load,10.347366333,99664,2260.52713394
diagnostic-10867492/mycielskian19,diagnostic-10867492,qhcn064,True,mycielskian19,b64_fp32,1,amx_tdp_compute,26.0813236237,99664,2260.52713394
diagnostic-10867492/mycielskian19,diagnostic-10867492,qhcn064,True,mycielskian19,b64_fp32,1,amx_c_zero,0.0197887420654,194,2260.52713394
diagnostic-10867492/mycielskian19,diagnostic-10867492,qhcn064,True,mycielskian19,b64_fp32,1,amx_c_load,0.87571144104,12264,2260.52713394
diagnostic-10867492/mycielskian19,diagnostic-10867492,qhcn064,True,mycielskian19,b64_fp32,1,amx_c_store,0.771045684814,12458,2260.52713394
diagnostic-10867492/mycielskian19,diagnostic-10867492,qhcn064,True,mycielskian19,b64_fp32,1,output_bf16_conversion,0,0,2260.52713394
diagnostic-10867492/mycielskian19,diagnostic-10867492,qhcn064,True,mycielskian19,b64_fp32,1,output_store,0.0722408294678,1551,2260.52713394
diagnostic-10867492/mycielskian19,diagnostic-10867492,qhcn064,True,mycielskian19,b64_fp32,1,thread_permission,0.0231266021729,32,2260.52713394
diagnostic-10867492/mycielskian19,diagnostic-10867492,qhcn064,True,mycielskian19,b64_fp32,1,thread_tile_config,0.00190734863281,32,2260.52713394
diagnostic-10867492/mycielskian19,diagnostic-10867492,qhcn064,True,mycielskian19,b64_fp32,1,thread_tile_release,0,32,2260.52713394
diagnostic-10867492/mycielskian19,diagnostic-10867492,qhcn064,True,mycielskian19,b64_fp32,1,row_metadata_read,0.0495910644531,97,2260.52713394
diagnostic-10867492/mycielskian19,diagnostic-10867492,qhcn064,True,mycielskian19,b64_fp32,2,partial_init,1.17325782776,6229,2255.81908226
diagnostic-10867492/mycielskian19,diagnostic-10867492,qhcn064,True,mycielskian19,b64_fp32,2,csr_index_read,158.862352371,6091897,2255.81908226
diagnostic-10867492/mycielskian19,diagnostic-10867492,qhcn064,True,mycielskian19,b64_fp32,2,csr_next_index_read,158.461093903,5995830,2255.81908226
diagnostic-10867492/mycielskian19,diagnostic-10867492,qhcn064,True,mycielskian19,b64_fp32,2,prefetch_issue,157.859563828,5995830,2255.81908226
diagnostic-10867492/mycielskian19,diagnostic-10867492,qhcn064,True,mycielskian19,b64_fp32,2,source_feature_load,204.991579056,6091897,2255.81908226
diagnostic-10867492/mycielskian19,diagnostic-10867492,qhcn064,True,mycielskian19,b64_fp32,2,source_bf16_decode,0,0,2255.81908226
diagnostic-10867492/mycielskian19,diagnostic-10867492,qhcn064,True,mycielskian19,b64_fp32,2,feature_fp32_add,160.911560059,6091897,2255.81908226
diagnostic-10867492/mycielskian19,diagnostic-10867492,qhcn064,True,mycielskian19,b64_fp32,2,partial_state_load,0,0,2255.81908226
diagnostic-10867492/mycielskian19,diagnostic-10867492,qhcn064,True,mycielskian19,b64_fp32,2,partial_state_store,2.82526016235,96592,2255.81908226
diagnostic-10867492/mycielskian19,diagnostic-10867492,qhcn064,True,mycielskian19,b64_fp32,2,partial_hi_pack,22.6762294769,797312,2255.81908226
diagnostic-10867492/mycielskian19,diagnostic-10867492,qhcn064,True,mycielskian19,b64_fp32,2,partial_lo_residual,0,0,2255.81908226
diagnostic-10867492/mycielskian19,diagnostic-10867492,qhcn064,True,mycielskian19,b64_fp32,2,partial_lo_pack,0,0,2255.81908226
diagnostic-10867492/mycielskian19,diagnostic-10867492,qhcn064,True,mycielskian19,b64_fp32,2,amx_a_load,1.58739089966,49832,2255.81908226
diagnostic-10867492/mycielskian19,diagnostic-10867492,qhcn064,True,mycielskian19,b64_fp32,2,amx_b_load,5.27429580688,99664,2255.81908226
diagnostic-10867492/mycielskian19,diagnostic-10867492,qhcn064,True,mycielskian19,b64_fp32,2,amx_tdp_compute,23.1618881226,99664,2255.81908226
diagnostic-10867492/mycielskian19,diagnostic-10867492,qhcn064,True,mycielskian19,b64_fp32,2,amx_c_zero,0.00667572021484,194,2255.81908226
diagnostic-10867492/mycielskian19,diagnostic-10867492,qhcn064,True,mycielskian19,b64_fp32,2,amx_c_load,0.965356826782,12264,2255.81908226
diagnostic-10867492/mycielskian19,diagnostic-10867492,qhcn064,True,mycielskian19,b64_fp32,2,amx_c_store,0.726938247681,12458,2255.81908226
diagnostic-10867492/mycielskian19,diagnostic-10867492,qhcn064,True,mycielskian19,b64_fp32,2,output_bf16_conversion,0.056266784668,1551,2255.81908226
diagnostic-10867492/mycielskian19,diagnostic-10867492,qhcn064,True,mycielskian19,b64_fp32,2,output_store,0.0619888305664,1551,2255.81908226
diagnostic-10867492/mycielskian19,diagnostic-10867492,qhcn064,True,mycielskian19,b64_fp32,2,thread_permission,0.0190734863281,32,2255.81908226
diagnostic-10867492/mycielskian19,diagnostic-10867492,qhcn064,True,mycielskian19,b64_fp32,2,thread_tile_config,0.00476837158203,32,2255.81908226
diagnostic-10867492/mycielskian19,diagnostic-10867492,qhcn064,True,mycielskian19,b64_fp32,2,thread_tile_release,0.000953674316406,32,2255.81908226
diagnostic-10867492/mycielskian19,diagnostic-10867492,qhcn064,True,mycielskian19,b64_fp32,2,row_metadata_read,0.0412464141846,97,2255.81908226
diagnostic-10867492/mycielskian19,diagnostic-10867492,qhcn064,True,mycielskian19,full_bf16,1,partial_init,0.0441074371338,97,2407.77301788
diagnostic-10867492/mycielskian19,diagnostic-10867492,qhcn064,True,mycielskian19,full_bf16,1,csr_index_read,158.974409103,6091897,2407.77301788
diagnostic-10867492/mycielskian19,diagnostic-10867492,qhcn064,True,mycielskian19,full_bf16,1,csr_next_index_read,159.072875977,6090346,2407.77301788
diagnostic-10867492/mycielskian19,diagnostic-10867492,qhcn064,True,mycielskian19,full_bf16,1,prefetch_issue,160.59923172,6090346,2407.77301788
diagnostic-10867492/mycielskian19,diagnostic-10867492,qhcn064,True,mycielskian19,full_bf16,1,source_feature_load,173.768997192,6091897,2407.77301788
diagnostic-10867492/mycielskian19,diagnostic-10867492,qhcn064,True,mycielskian19,full_bf16,1,source_bf16_decode,156.488418579,6091897,2407.77301788
diagnostic-10867492/mycielskian19,diagnostic-10867492,qhcn064,True,mycielskian19,full_bf16,1,feature_fp32_add,158.218383789,6091897,2407.77301788
diagnostic-10867492/mycielskian19,diagnostic-10867492,qhcn064,True,mycielskian19,full_bf16,1,partial_state_load,0,0,2407.77301788
diagnostic-10867492/mycielskian19,diagnostic-10867492,qhcn064,True,mycielskian19,full_bf16,1,partial_state_store,0.0522136688232,1551,2407.77301788
diagnostic-10867492/mycielskian19,diagnostic-10867492,qhcn064,True,mycielskian19,full_bf16,1,partial_hi_pack,0.401496887207,12416,2407.77301788
diagnostic-10867492/mycielskian19,diagnostic-10867492,qhcn064,True,mycielskian19,full_bf16,1,partial_lo_residual,0,0,2407.77301788
diagnostic-10867492/mycielskian19,diagnostic-10867492,qhcn064,True,mycielskian19,full_bf16,1,partial_lo_pack,0,0,2407.77301788
diagnostic-10867492/mycielskian19,diagnostic-10867492,qhcn064,True,mycielskian19,full_bf16,1,amx_a_load,0.0219345092773,776,2407.77301788
diagnostic-10867492/mycielskian19,diagnostic-10867492,qhcn064,True,mycielskian19,full_bf16,1,amx_b_load,0.272274017334,1552,2407.77301788
diagnostic-10867492/mycielskian19,diagnostic-10867492,qhcn064,True,mycielskian19,full_bf16,1,amx_tdp_compute,0.685930252075,1552,2407.77301788
diagnostic-10867492/mycielskian19,diagnostic-10867492,qhcn064,True,mycielskian19,full_bf16,1,amx_c_zero,0.00882148742676,194,2407.77301788
diagnostic-10867492/mycielskian19,diagnostic-10867492,qhcn064,True,mycielskian19,full_bf16,1,amx_c_load,0,0,2407.77301788
diagnostic-10867492/mycielskian19,diagnostic-10867492,qhcn064,True,mycielskian19,full_bf16,1,amx_c_store,0.0197887420654,194,2407.77301788
diagnostic-10867492/mycielskian19,diagnostic-10867492,qhcn064,True,mycielskian19,full_bf16,1,output_bf16_conversion,0,0,2407.77301788
diagnostic-10867492/mycielskian19,diagnostic-10867492,qhcn064,True,mycielskian19,full_bf16,1,output_store,0.0834465026855,1551,2407.77301788
diagnostic-10867492/mycielskian19,diagnostic-10867492,qhcn064,True,mycielskian19,full_bf16,1,thread_permission,0.0295639038086,32,2407.77301788
diagnostic-10867492/mycielskian19,diagnostic-10867492,qhcn064,True,mycielskian19,full_bf16,1,thread_tile_config,0.00572204589844,32,2407.77301788
diagnostic-10867492/mycielskian19,diagnostic-10867492,qhcn064,True,mycielskian19,full_bf16,1,thread_tile_release,0,32,2407.77301788
diagnostic-10867492/mycielskian19,diagnostic-10867492,qhcn064,True,mycielskian19,full_bf16,1,row_metadata_read,0.0641345977783,97,2407.77301788
diagnostic-10867492/mycielskian19,diagnostic-10867492,qhcn064,True,mycielskian19,full_bf16,2,partial_init,0.032901763916,97,2516.81399345
diagnostic-10867492/mycielskian19,diagnostic-10867492,qhcn064,True,mycielskian19,full_bf16,2,csr_index_read,167.423963547,6091897,2516.81399345
diagnostic-10867492/mycielskian19,diagnostic-10867492,qhcn064,True,mycielskian19,full_bf16,2,csr_next_index_read,167.248249054,6090346,2516.81399345
diagnostic-10867492/mycielskian19,diagnostic-10867492,qhcn064,True,mycielskian19,full_bf16,2,prefetch_issue,169.09122467,6090346,2516.81399345
diagnostic-10867492/mycielskian19,diagnostic-10867492,qhcn064,True,mycielskian19,full_bf16,2,source_feature_load,174.688577652,6091897,2516.81399345
diagnostic-10867492/mycielskian19,diagnostic-10867492,qhcn064,True,mycielskian19,full_bf16,2,source_bf16_decode,165.152311325,6091897,2516.81399345
diagnostic-10867492/mycielskian19,diagnostic-10867492,qhcn064,True,mycielskian19,full_bf16,2,feature_fp32_add,167.153358459,6091897,2516.81399345
diagnostic-10867492/mycielskian19,diagnostic-10867492,qhcn064,True,mycielskian19,full_bf16,2,partial_state_load,0,0,2516.81399345
diagnostic-10867492/mycielskian19,diagnostic-10867492,qhcn064,True,mycielskian19,full_bf16,2,partial_state_store,0.0360012054443,1551,2516.81399345
diagnostic-10867492/mycielskian19,diagnostic-10867492,qhcn064,True,mycielskian19,full_bf16,2,partial_hi_pack,0.398874282837,12416,2516.81399345
diagnostic-10867492/mycielskian19,diagnostic-10867492,qhcn064,True,mycielskian19,full_bf16,2,partial_lo_residual,0,0,2516.81399345
diagnostic-10867492/mycielskian19,diagnostic-10867492,qhcn064,True,mycielskian19,full_bf16,2,partial_lo_pack,0,0,2516.81399345
diagnostic-10867492/mycielskian19,diagnostic-10867492,qhcn064,True,mycielskian19,full_bf16,2,amx_a_load,0.0374317169189,776,2516.81399345
diagnostic-10867492/mycielskian19,diagnostic-10867492,qhcn064,True,mycielskian19,full_bf16,2,amx_b_load,0.321388244629,1552,2516.81399345
diagnostic-10867492/mycielskian19,diagnostic-10867492,qhcn064,True,mycielskian19,full_bf16,2,amx_tdp_compute,0.776290893555,1552,2516.81399345
diagnostic-10867492/mycielskian19,diagnostic-10867492,qhcn064,True,mycielskian19,full_bf16,2,amx_c_zero,0.00405311584473,194,2516.81399345
diagnostic-10867492/mycielskian19,diagnostic-10867492,qhcn064,True,mycielskian19,full_bf16,2,amx_c_load,0,0,2516.81399345
diagnostic-10867492/mycielskian19,diagnostic-10867492,qhcn064,True,mycielskian19,full_bf16,2,amx_c_store,0.0209808349609,194,2516.81399345
diagnostic-10867492/mycielskian19,diagnostic-10867492,qhcn064,True,mycielskian19,full_bf16,2,output_bf16_conversion,0.0631809234619,1551,2516.81399345
diagnostic-10867492/mycielskian19,diagnostic-10867492,qhcn064,True,mycielskian19,full_bf16,2,output_store,0.0665187835693,1551,2516.81399345
diagnostic-10867492/mycielskian19,diagnostic-10867492,qhcn064,True,mycielskian19,full_bf16,2,thread_permission,0.0259876251221,32,2516.81399345
diagnostic-10867492/mycielskian19,diagnostic-10867492,qhcn064,True,mycielskian19,full_bf16,2,thread_tile_config,0.000953674316406,32,2516.81399345
diagnostic-10867492/mycielskian19,diagnostic-10867492,qhcn064,True,mycielskian19,full_bf16,2,thread_tile_release,0.00214576721191,32,2516.81399345
diagnostic-10867492/mycielskian19,diagnostic-10867492,qhcn064,True,mycielskian19,full_bf16,2,row_metadata_read,0.0591278076172,97,2516.81399345
diagnostic-10867492/mycielskian19,diagnostic-10867492,qhcn064,True,mycielskian19,full_fp32,1,partial_init,0.0569820404053,97,3298.17295074
diagnostic-10867492/mycielskian19,diagnostic-10867492,qhcn064,True,mycielskian19,full_fp32,1,csr_index_read,157.484292984,6091897,3298.17295074
diagnostic-10867492/mycielskian19,diagnostic-10867492,qhcn064,True,mycielskian19,full_fp32,1,csr_next_index_read,159.675121307,6090346,3298.17295074
diagnostic-10867492/mycielskian19,diagnostic-10867492,qhcn064,True,mycielskian19,full_fp32,1,prefetch_issue,159.510374069,6090346,3298.17295074
diagnostic-10867492/mycielskian19,diagnostic-10867492,qhcn064,True,mycielskian19,full_fp32,1,source_feature_load,341.299772263,6091897,3298.17295074
diagnostic-10867492/mycielskian19,diagnostic-10867492,qhcn064,True,mycielskian19,full_fp32,1,source_bf16_decode,0,0,3298.17295074
diagnostic-10867492/mycielskian19,diagnostic-10867492,qhcn064,True,mycielskian19,full_fp32,1,feature_fp32_add,159.023046494,6091897,3298.17295074
diagnostic-10867492/mycielskian19,diagnostic-10867492,qhcn064,True,mycielskian19,full_fp32,1,partial_state_load,0,0,3298.17295074
diagnostic-10867492/mycielskian19,diagnostic-10867492,qhcn064,True,mycielskian19,full_fp32,1,partial_state_store,0.0643730163574,1551,3298.17295074
diagnostic-10867492/mycielskian19,diagnostic-10867492,qhcn064,True,mycielskian19,full_fp32,1,partial_hi_pack,0.434637069702,12416,3298.17295074
diagnostic-10867492/mycielskian19,diagnostic-10867492,qhcn064,True,mycielskian19,full_fp32,1,partial_lo_residual,0,0,3298.17295074
diagnostic-10867492/mycielskian19,diagnostic-10867492,qhcn064,True,mycielskian19,full_fp32,1,partial_lo_pack,0,0,3298.17295074
diagnostic-10867492/mycielskian19,diagnostic-10867492,qhcn064,True,mycielskian19,full_fp32,1,amx_a_load,0.0364780426025,776,3298.17295074
diagnostic-10867492/mycielskian19,diagnostic-10867492,qhcn064,True,mycielskian19,full_fp32,1,amx_b_load,0.569581985474,1552,3298.17295074
diagnostic-10867492/mycielskian19,diagnostic-10867492,qhcn064,True,mycielskian19,full_fp32,1,amx_tdp_compute,0.941753387451,1552,3298.17295074
diagnostic-10867492/mycielskian19,diagnostic-10867492,qhcn064,True,mycielskian19,full_fp32,1,amx_c_zero,0.028133392334,194,3298.17295074
diagnostic-10867492/mycielskian19,diagnostic-10867492,qhcn064,True,mycielskian19,full_fp32,1,amx_c_load,0,0,3298.17295074
diagnostic-10867492/mycielskian19,diagnostic-10867492,qhcn064,True,mycielskian19,full_fp32,1,amx_c_store,0.0214576721191,194,3298.17295074
diagnostic-10867492/mycielskian19,diagnostic-10867492,qhcn064,True,mycielskian19,full_fp32,1,output_bf16_conversion,0,0,3298.17295074
diagnostic-10867492/mycielskian19,diagnostic-10867492,qhcn064,True,mycielskian19,full_fp32,1,output_store,0.121355056763,1551,3298.17295074
diagnostic-10867492/mycielskian19,diagnostic-10867492,qhcn064,True,mycielskian19,full_fp32,1,thread_permission,0.0267028808594,32,3298.17295074
diagnostic-10867492/mycielskian19,diagnostic-10867492,qhcn064,True,mycielskian19,full_fp32,1,thread_tile_config,0.00476837158203,32,3298.17295074
diagnostic-10867492/mycielskian19,diagnostic-10867492,qhcn064,True,mycielskian19,full_fp32,1,thread_tile_release,0.00190734863281,32,3298.17295074
diagnostic-10867492/mycielskian19,diagnostic-10867492,qhcn064,True,mycielskian19,full_fp32,1,row_metadata_read,0.0860691070557,97,3298.17295074
diagnostic-10867492/mycielskian19,diagnostic-10867492,qhcn064,True,mycielskian19,full_fp32,2,partial_init,0.044584274292,97,3205.74688911
diagnostic-10867492/mycielskian19,diagnostic-10867492,qhcn064,True,mycielskian19,full_fp32,2,csr_index_read,157.290697098,6091897,3205.74688911
diagnostic-10867492/mycielskian19,diagnostic-10867492,qhcn064,True,mycielskian19,full_fp32,2,csr_next_index_read,159.550428391,6090346,3205.74688911
diagnostic-10867492/mycielskian19,diagnostic-10867492,qhcn064,True,mycielskian19,full_fp32,2,prefetch_issue,160.690307617,6090346,3205.74688911
diagnostic-10867492/mycielskian19,diagnostic-10867492,qhcn064,True,mycielskian19,full_fp32,2,source_feature_load,380.412578583,6091897,3205.74688911
diagnostic-10867492/mycielskian19,diagnostic-10867492,qhcn064,True,mycielskian19,full_fp32,2,source_bf16_decode,0,0,3205.74688911
diagnostic-10867492/mycielskian19,diagnostic-10867492,qhcn064,True,mycielskian19,full_fp32,2,feature_fp32_add,159.960985184,6091897,3205.74688911
diagnostic-10867492/mycielskian19,diagnostic-10867492,qhcn064,True,mycielskian19,full_fp32,2,partial_state_load,0,0,3205.74688911
diagnostic-10867492/mycielskian19,diagnostic-10867492,qhcn064,True,mycielskian19,full_fp32,2,partial_state_store,0.142812728882,1551,3205.74688911
diagnostic-10867492/mycielskian19,diagnostic-10867492,qhcn064,True,mycielskian19,full_fp32,2,partial_hi_pack,0.471830368042,12416,3205.74688911
diagnostic-10867492/mycielskian19,diagnostic-10867492,qhcn064,True,mycielskian19,full_fp32,2,partial_lo_residual,0,0,3205.74688911
diagnostic-10867492/mycielskian19,diagnostic-10867492,qhcn064,True,mycielskian19,full_fp32,2,partial_lo_pack,0,0,3205.74688911
diagnostic-10867492/mycielskian19,diagnostic-10867492,qhcn064,True,mycielskian19,full_fp32,2,amx_a_load,0.0379085540771,776,3205.74688911
diagnostic-10867492/mycielskian19,diagnostic-10867492,qhcn064,True,mycielskian19,full_fp32,2,amx_b_load,0.324964523315,1552,3205.74688911
diagnostic-10867492/mycielskian19,diagnostic-10867492,qhcn064,True,mycielskian19,full_fp32,2,amx_tdp_compute,0.821590423584,1552,3205.74688911
diagnostic-10867492/mycielskian19,diagnostic-10867492,qhcn064,True,mycielskian19,full_fp32,2,amx_c_zero,0.00381469726562,194,3205.74688911
diagnostic-10867492/mycielskian19,diagnostic-10867492,qhcn064,True,mycielskian19,full_fp32,2,amx_c_load,0,0,3205.74688911
diagnostic-10867492/mycielskian19,diagnostic-10867492,qhcn064,True,mycielskian19,full_fp32,2,amx_c_store,0.0147819519043,194,3205.74688911
diagnostic-10867492/mycielskian19,diagnostic-10867492,qhcn064,True,mycielskian19,full_fp32,2,output_bf16_conversion,0.101089477539,1551,3205.74688911
diagnostic-10867492/mycielskian19,diagnostic-10867492,qhcn064,True,mycielskian19,full_fp32,2,output_store,0.0557899475098,1551,3205.74688911
diagnostic-10867492/mycielskian19,diagnostic-10867492,qhcn064,True,mycielskian19,full_fp32,2,thread_permission,0.0228881835938,32,3205.74688911
diagnostic-10867492/mycielskian19,diagnostic-10867492,qhcn064,True,mycielskian19,full_fp32,2,thread_tile_config,0.00429153442383,32,3205.74688911
diagnostic-10867492/mycielskian19,diagnostic-10867492,qhcn064,True,mycielskian19,full_fp32,2,thread_tile_release,0,32,3205.74688911
diagnostic-10867492/mycielskian19,diagnostic-10867492,qhcn064,True,mycielskian19,full_fp32,2,row_metadata_read,0.0555515289307,97,3205.74688911
diagnostic-10867492/ogbn-products,diagnostic-10867492,qhcn064,True,ogbn-products,b64_bf16,1,partial_init,0.236034393311,1112,197.622060776
diagnostic-10867492/ogbn-products,diagnostic-10867492,qhcn064,True,ogbn-products,b64_bf16,1,csr_index_read,15.0761604309,523976,197.622060776
diagnostic-10867492/ogbn-products,diagnostic-10867492,qhcn064,True,ogbn-products,b64_bf16,1,csr_next_index_read,13.3929252625,509716,197.622060776
diagnostic-10867492/ogbn-products,diagnostic-10867492,qhcn064,True,ogbn-products,b64_bf16,1,prefetch_issue,13.6964321136,509716,197.622060776
diagnostic-10867492/ogbn-products,diagnostic-10867492,qhcn064,True,ogbn-products,b64_bf16,1,source_feature_load,15.8076286316,523976,197.622060776
diagnostic-10867492/ogbn-products,diagnostic-10867492,qhcn064,True,ogbn-products,b64_bf16,1,source_bf16_decode,13.5700702667,523976,197.622060776
diagnostic-10867492/ogbn-products,diagnostic-10867492,qhcn064,True,ogbn-products,b64_bf16,1,feature_fp32_add,13.6885643005,523976,197.622060776
diagnostic-10867492/ogbn-products,diagnostic-10867492,qhcn064,True,ogbn-products,b64_bf16,1,partial_state_load,0,0,197.622060776
diagnostic-10867492/ogbn-products,diagnostic-10867492,qhcn064,True,ogbn-products,b64_bf16,1,partial_state_store,0.446796417236,14778,197.622060776
diagnostic-10867492/ogbn-products,diagnostic-10867492,qhcn064,True,ogbn-products,b64_bf16,1,partial_hi_pack,4.01258468628,142336,197.622060776
diagnostic-10867492/ogbn-products,diagnostic-10867492,qhcn064,True,ogbn-products,b64_bf16,1,partial_lo_residual,0,0,197.622060776
diagnostic-10867492/ogbn-products,diagnostic-10867492,qhcn064,True,ogbn-products,b64_bf16,1,partial_lo_pack,0,0,197.622060776
diagnostic-10867492/ogbn-products,diagnostic-10867492,qhcn064,True,ogbn-products,b64_bf16,1,amx_a_load,0.294208526611,8896,197.622060776
diagnostic-10867492/ogbn-products,diagnostic-10867492,qhcn064,True,ogbn-products,b64_bf16,1,amx_b_load,1.01399421692,17792,197.622060776
diagnostic-10867492/ogbn-products,diagnostic-10867492,qhcn064,True,ogbn-products,b64_bf16,1,amx_tdp_compute,3.20029258728,17792,197.622060776
diagnostic-10867492/ogbn-products,diagnostic-10867492,qhcn064,True,ogbn-products,b64_bf16,1,amx_c_zero,0.0326633453369,1174,197.622060776
diagnostic-10867492/ogbn-products,diagnostic-10867492,qhcn064,True,ogbn-products,b64_bf16,1,amx_c_load,0.0593662261963,1050,197.622060776
diagnostic-10867492/ogbn-products,diagnostic-10867492,qhcn064,True,ogbn-products,b64_bf16,1,amx_c_store,0.101804733276,2224,197.622060776
diagnostic-10867492/ogbn-products,diagnostic-10867492,qhcn064,True,ogbn-products,b64_bf16,1,output_bf16_conversion,0,0,197.622060776
diagnostic-10867492/ogbn-products,diagnostic-10867492,qhcn064,True,ogbn-products,b64_bf16,1,output_store,0.365734100342,9393,197.622060776
diagnostic-10867492/ogbn-products,diagnostic-10867492,qhcn064,True,ogbn-products,b64_bf16,1,thread_permission,0.0190734863281,32,197.622060776
diagnostic-10867492/ogbn-products,diagnostic-10867492,qhcn064,True,ogbn-products,b64_bf16,1,thread_tile_config,0.00500679016113,32,197.622060776
diagnostic-10867492/ogbn-products,diagnostic-10867492,qhcn064,True,ogbn-products,b64_bf16,1,thread_tile_release,0.000953674316406,32,197.622060776
diagnostic-10867492/ogbn-products,diagnostic-10867492,qhcn064,True,ogbn-products,b64_bf16,1,row_metadata_read,0.219583511353,599,197.622060776
diagnostic-10867492/ogbn-products,diagnostic-10867492,qhcn064,True,ogbn-products,b64_bf16,2,partial_init,0.235557556152,1112,195.065975189
diagnostic-10867492/ogbn-products,diagnostic-10867492,qhcn064,True,ogbn-products,b64_bf16,2,csr_index_read,14.9388313293,523976,195.065975189
diagnostic-10867492/ogbn-products,diagnostic-10867492,qhcn064,True,ogbn-products,b64_bf16,2,csr_next_index_read,13.4563446045,509716,195.065975189
diagnostic-10867492/ogbn-products,diagnostic-10867492,qhcn064,True,ogbn-products,b64_bf16,2,prefetch_issue,13.6897563934,509716,195.065975189
diagnostic-10867492/ogbn-products,diagnostic-10867492,qhcn064,True,ogbn-products,b64_bf16,2,source_feature_load,15.709400177,523976,195.065975189
diagnostic-10867492/ogbn-products,diagnostic-10867492,qhcn064,True,ogbn-products,b64_bf16,2,source_bf16_decode,13.4773254395,523976,195.065975189
diagnostic-10867492/ogbn-products,diagnostic-10867492,qhcn064,True,ogbn-products,b64_bf16,2,feature_fp32_add,13.6024951935,523976,195.065975189
diagnostic-10867492/ogbn-products,diagnostic-10867492,qhcn064,True,ogbn-products,b64_bf16,2,partial_state_load,0,0,195.065975189
diagnostic-10867492/ogbn-products,diagnostic-10867492,qhcn064,True,ogbn-products,b64_bf16,2,partial_state_store,0.453948974609,14778,195.065975189
diagnostic-10867492/ogbn-products,diagnostic-10867492,qhcn064,True,ogbn-products,b64_bf16,2,partial_hi_pack,4.00614738464,142336,195.065975189
diagnostic-10867492/ogbn-products,diagnostic-10867492,qhcn064,True,ogbn-products,b64_bf16,2,partial_lo_residual,0,0,195.065975189
diagnostic-10867492/ogbn-products,diagnostic-10867492,qhcn064,True,ogbn-products,b64_bf16,2,partial_lo_pack,0,0,195.065975189
diagnostic-10867492/ogbn-products,diagnostic-10867492,qhcn064,True,ogbn-products,b64_bf16,2,amx_a_load,0.27060508728,8896,195.065975189
diagnostic-10867492/ogbn-products,diagnostic-10867492,qhcn064,True,ogbn-products,b64_bf16,2,amx_b_load,1.04713439941,17792,195.065975189
diagnostic-10867492/ogbn-products,diagnostic-10867492,qhcn064,True,ogbn-products,b64_bf16,2,amx_tdp_compute,3.13758850098,17792,195.065975189
diagnostic-10867492/ogbn-products,diagnostic-10867492,qhcn064,True,ogbn-products,b64_bf16,2,amx_c_zero,0.0271797180176,1174,195.065975189
diagnostic-10867492/ogbn-products,diagnostic-10867492,qhcn064,True,ogbn-products,b64_bf16,2,amx_c_load,0.0565052032471,1050,195.065975189
diagnostic-10867492/ogbn-products,diagnostic-10867492,qhcn064,True,ogbn-products,b64_bf16,2,amx_c_store,0.119924545288,2224,195.065975189
diagnostic-10867492/ogbn-products,diagnostic-10867492,qhcn064,True,ogbn-products,b64_bf16,2,output_bf16_conversion,0.267267227173,9381,195.065975189
diagnostic-10867492/ogbn-products,diagnostic-10867492,qhcn064,True,ogbn-products,b64_bf16,2,output_store,0.288486480713,9393,195.065975189
diagnostic-10867492/ogbn-products,diagnostic-10867492,qhcn064,True,ogbn-products,b64_bf16,2,thread_permission,0.0100135803223,32,195.065975189
diagnostic-10867492/ogbn-products,diagnostic-10867492,qhcn064,True,ogbn-products,b64_bf16,2,thread_tile_config,0.0112056732178,32,195.065975189
diagnostic-10867492/ogbn-products,diagnostic-10867492,qhcn064,True,ogbn-products,b64_bf16,2,thread_tile_release,0.000953674316406,32,195.065975189
diagnostic-10867492/ogbn-products,diagnostic-10867492,qhcn064,True,ogbn-products,b64_bf16,2,row_metadata_read,0.186681747437,599,195.065975189
diagnostic-10867492/ogbn-products,diagnostic-10867492,qhcn064,True,ogbn-products,b64_fp32,1,partial_init,0.246524810791,1112,328.840970993
diagnostic-10867492/ogbn-products,diagnostic-10867492,qhcn064,True,ogbn-products,b64_fp32,1,csr_index_read,15.9487724304,523976,328.840970993
diagnostic-10867492/ogbn-products,diagnostic-10867492,qhcn064,True,ogbn-products,b64_fp32,1,csr_next_index_read,14.3280029297,509716,328.840970993
diagnostic-10867492/ogbn-products,diagnostic-10867492,qhcn064,True,ogbn-products,b64_fp32,1,prefetch_issue,14.3890380859,509716,328.840970993
diagnostic-10867492/ogbn-products,diagnostic-10867492,qhcn064,True,ogbn-products,b64_fp32,1,source_feature_load,102.777719498,523976,328.840970993
diagnostic-10867492/ogbn-products,diagnostic-10867492,qhcn064,True,ogbn-products,b64_fp32,1,source_bf16_decode,0,0,328.840970993
diagnostic-10867492/ogbn-products,diagnostic-10867492,qhcn064,True,ogbn-products,b64_fp32,1,feature_fp32_add,14.3265724182,523976,328.840970993
diagnostic-10867492/ogbn-products,diagnostic-10867492,qhcn064,True,ogbn-products,b64_fp32,1,partial_state_load,0,0,328.840970993
diagnostic-10867492/ogbn-products,diagnostic-10867492,qhcn064,True,ogbn-products,b64_fp32,1,partial_state_store,0.469446182251,14778,328.840970993
diagnostic-10867492/ogbn-products,diagnostic-10867492,qhcn064,True,ogbn-products,b64_fp32,1,partial_hi_pack,4.20427322388,142336,328.840970993
diagnostic-10867492/ogbn-products,diagnostic-10867492,qhcn064,True,ogbn-products,b64_fp32,1,partial_lo_residual,0,0,328.840970993
diagnostic-10867492/ogbn-products,diagnostic-10867492,qhcn064,True,ogbn-products,b64_fp32,1,partial_lo_pack,0,0,328.840970993
diagnostic-10867492/ogbn-products,diagnostic-10867492,qhcn064,True,ogbn-products,b64_fp32,1,amx_a_load,0.288248062134,8896,328.840970993
diagnostic-10867492/ogbn-products,diagnostic-10867492,qhcn064,True,ogbn-products,b64_fp32,1,amx_b_load,1.68466567993,17792,328.840970993
diagnostic-10867492/ogbn-products,diagnostic-10867492,qhcn064,True,ogbn-products,b64_fp32,1,amx_tdp_compute,2.89845466614,17792,328.840970993
diagnostic-10867492/ogbn-products,diagnostic-10867492,qhcn064,True,ogbn-products,b64_fp32,1,amx_c_zero,0.0331401824951,1174,328.840970993
diagnostic-10867492/ogbn-products,diagnostic-10867492,qhcn064,True,ogbn-products,b64_fp32,1,amx_c_load,0.0784397125244,1050,328.840970993
diagnostic-10867492/ogbn-products,diagnostic-10867492,qhcn064,True,ogbn-products,b64_fp32,1,amx_c_store,0.115633010864,2224,328.840970993
diagnostic-10867492/ogbn-products,diagnostic-10867492,qhcn064,True,ogbn-products,b64_fp32,1,output_bf16_conversion,0,0,328.840970993
diagnostic-10867492/ogbn-products,diagnostic-10867492,qhcn064,True,ogbn-products,b64_fp32,1,output_store,0.413656234741,9393,328.840970993
diagnostic-10867492/ogbn-products,diagnostic-10867492,qhcn064,True,ogbn-products,b64_fp32,1,thread_permission,0.0226497650146,32,328.840970993
diagnostic-10867492/ogbn-products,diagnostic-10867492,qhcn064,True,ogbn-products,b64_fp32,1,thread_tile_config,0.00762939453125,32,328.840970993
diagnostic-10867492/ogbn-products,diagnostic-10867492,qhcn064,True,ogbn-products,b64_fp32,1,thread_tile_release,0,32,328.840970993
diagnostic-10867492/ogbn-products,diagnostic-10867492,qhcn064,True,ogbn-products,b64_fp32,1,row_metadata_read,0.26535987854,599,328.840970993
diagnostic-10867492/ogbn-products,diagnostic-10867492,qhcn064,True,ogbn-products,b64_fp32,2,partial_init,0.232696533203,1112,263.722896576
diagnostic-10867492/ogbn-products,diagnostic-10867492,qhcn064,True,ogbn-products,b64_fp32,2,csr_index_read,15.8278942108,523976,263.722896576
diagnostic-10867492/ogbn-products,diagnostic-10867492,qhcn064,True,ogbn-products,b64_fp32,2,csr_next_index_read,13.9489173889,509716,263.722896576
diagnostic-10867492/ogbn-products,diagnostic-10867492,qhcn064,True,ogbn-products,b64_fp32,2,prefetch_issue,14.2366886139,509716,263.722896576
diagnostic-10867492/ogbn-products,diagnostic-10867492,qhcn064,True,ogbn-products,b64_fp32,2,source_feature_load,91.9609069824,523976,263.722896576
diagnostic-10867492/ogbn-products,diagnostic-10867492,qhcn064,True,ogbn-products,b64_fp32,2,source_bf16_decode,0,0,263.722896576
diagnostic-10867492/ogbn-products,diagnostic-10867492,qhcn064,True,ogbn-products,b64_fp32,2,feature_fp32_add,14.6882534027,523976,263.722896576
diagnostic-10867492/ogbn-products,diagnostic-10867492,qhcn064,True,ogbn-products,b64_fp32,2,partial_state_load,0,0,263.722896576
diagnostic-10867492/ogbn-products,diagnostic-10867492,qhcn064,True,ogbn-products,b64_fp32,2,partial_state_store,0.413417816162,14778,263.722896576
diagnostic-10867492/ogbn-products,diagnostic-10867492,qhcn064,True,ogbn-products,b64_fp32,2,partial_hi_pack,4.16898727417,142336,263.722896576
diagnostic-10867492/ogbn-products,diagnostic-10867492,qhcn064,True,ogbn-products,b64_fp32,2,partial_lo_residual,0,0,263.722896576
diagnostic-10867492/ogbn-products,diagnostic-10867492,qhcn064,True,ogbn-products,b64_fp32,2,partial_lo_pack,0,0,263.722896576
diagnostic-10867492/ogbn-products,diagnostic-10867492,qhcn064,True,ogbn-products,b64_fp32,2,amx_a_load,0.269412994385,8896,263.722896576
diagnostic-10867492/ogbn-products,diagnostic-10867492,qhcn064,True,ogbn-products,b64_fp32,2,amx_b_load,1.06120109558,17792,263.722896576
diagnostic-10867492/ogbn-products,diagnostic-10867492,qhcn064,True,ogbn-products,b64_fp32,2,amx_tdp_compute,3.30400466919,17792,263.722896576
diagnostic-10867492/ogbn-products,diagnostic-10867492,qhcn064,True,ogbn-products,b64_fp32,2,amx_c_zero,0.0345706939697,1174,263.722896576
diagnostic-10867492/ogbn-products,diagnostic-10867492,qhcn064,True,ogbn-products,b64_fp32,2,amx_c_load,0.0872611999512,1050,263.722896576
diagnostic-10867492/ogbn-products,diagnostic-10867492,qhcn064,True,ogbn-products,b64_fp32,2,amx_c_store,0.134229660034,2224,263.722896576
diagnostic-10867492/ogbn-products,diagnostic-10867492,qhcn064,True,ogbn-products,b64_fp32,2,output_bf16_conversion,0.269412994385,9381,263.722896576
diagnostic-10867492/ogbn-products,diagnostic-10867492,qhcn064,True,ogbn-products,b64_fp32,2,output_store,0.336408615112,9393,263.722896576
diagnostic-10867492/ogbn-products,diagnostic-10867492,qhcn064,True,ogbn-products,b64_fp32,2,thread_permission,0.0183582305908,32,263.722896576
diagnostic-10867492/ogbn-products,diagnostic-10867492,qhcn064,True,ogbn-products,b64_fp32,2,thread_tile_config,0.00572204589844,32,263.722896576
diagnostic-10867492/ogbn-products,diagnostic-10867492,qhcn064,True,ogbn-products,b64_fp32,2,thread_tile_release,0,32,263.722896576
diagnostic-10867492/ogbn-products,diagnostic-10867492,qhcn064,True,ogbn-products,b64_fp32,2,row_metadata_read,0.244617462158,599,263.722896576
diagnostic-10867492/ogbn-products,diagnostic-10867492,qhcn064,True,ogbn-products,full_bf16,1,partial_init,0.136852264404,587,191.261053085
diagnostic-10867492/ogbn-products,diagnostic-10867492,qhcn064,True,ogbn-products,full_bf16,1,csr_index_read,14.8499011993,523976,191.261053085
diagnostic-10867492/ogbn-products,diagnostic-10867492,qhcn064,True,ogbn-products,full_bf16,1,csr_next_index_read,13.692855835,514595,191.261053085
diagnostic-10867492/ogbn-products,diagnostic-10867492,qhcn064,True,ogbn-products,full_bf16,1,prefetch_issue,13.459444046,514595,191.261053085
diagnostic-10867492/ogbn-products,diagnostic-10867492,qhcn064,True,ogbn-products,full_bf16,1,source_feature_load,14.9993896484,523976,191.261053085
diagnostic-10867492/ogbn-products,diagnostic-10867492,qhcn064,True,ogbn-products,full_bf16,1,source_bf16_decode,13.3728981018,523976,191.261053085
diagnostic-10867492/ogbn-products,diagnostic-10867492,qhcn064,True,ogbn-products,full_bf16,1,feature_fp32_add,13.6430263519,523976,191.261053085
diagnostic-10867492/ogbn-products,diagnostic-10867492,qhcn064,True,ogbn-products,full_bf16,1,partial_state_load,0,0,191.261053085
diagnostic-10867492/ogbn-products,diagnostic-10867492,qhcn064,True,ogbn-products,full_bf16,1,partial_state_store,0.282526016235,9381,191.261053085
diagnostic-10867492/ogbn-products,diagnostic-10867492,qhcn064,True,ogbn-products,full_bf16,1,partial_hi_pack,2.13313102722,75136,191.261053085
diagnostic-10867492/ogbn-products,diagnostic-10867492,qhcn064,True,ogbn-products,full_bf16,1,partial_lo_residual,0,0,191.261053085
diagnostic-10867492/ogbn-products,diagnostic-10867492,qhcn064,True,ogbn-products,full_bf16,1,partial_lo_pack,0,0,191.261053085
diagnostic-10867492/ogbn-products,diagnostic-10867492,qhcn064,True,ogbn-products,full_bf16,1,amx_a_load,0.151634216309,4696,191.261053085
diagnostic-10867492/ogbn-products,diagnostic-10867492,qhcn064,True,ogbn-products,full_bf16,1,amx_b_load,0.580549240112,9392,191.261053085
diagnostic-10867492/ogbn-products,diagnostic-10867492,qhcn064,True,ogbn-products,full_bf16,1,amx_tdp_compute,1.87635421753,9392,191.261053085
diagnostic-10867492/ogbn-products,diagnostic-10867492,qhcn064,True,ogbn-products,full_bf16,1,amx_c_zero,0.0288486480713,1174,191.261053085
diagnostic-10867492/ogbn-products,diagnostic-10867492,qhcn064,True,ogbn-products,full_bf16,1,amx_c_load,0,0,191.261053085
diagnostic-10867492/ogbn-products,diagnostic-10867492,qhcn064,True,ogbn-products,full_bf16,1,amx_c_store,0.0684261322021,1174,191.261053085
diagnostic-10867492/ogbn-products,diagnostic-10867492,qhcn064,True,ogbn-products,full_bf16,1,output_bf16_conversion,0,0,191.261053085
diagnostic-10867492/ogbn-products,diagnostic-10867492,qhcn064,True,ogbn-products,full_bf16,1,output_store,0.35285949707,9393,191.261053085
diagnostic-10867492/ogbn-products,diagnostic-10867492,qhcn064,True,ogbn-products,full_bf16,1,thread_permission,0.0138282775879,32,191.261053085
diagnostic-10867492/ogbn-products,diagnostic-10867492,qhcn064,True,ogbn-products,full_bf16,1,thread_tile_config,0.00739097595215,32,191.261053085
diagnostic-10867492/ogbn-products,diagnostic-10867492,qhcn064,True,ogbn-products,full_bf16,1,thread_tile_release,0,32,191.261053085
diagnostic-10867492/ogbn-products,diagnostic-10867492,qhcn064,True,ogbn-products,full_bf16,1,row_metadata_read,0.205516815186,599,191.261053085
diagnostic-10867492/ogbn-products,diagnostic-10867492,qhcn064,True,ogbn-products,full_bf16,2,partial_init,0.126838684082,587,173.274040222
diagnostic-10867492/ogbn-products,diagnostic-10867492,qhcn064,True,ogbn-products,full_bf16,2,csr_index_read,14.9743556976,523976,173.274040222
diagnostic-10867492/ogbn-products,diagnostic-10867492,qhcn064,True,ogbn-products,full_bf16,2,csr_next_index_read,13.5667324066,514595,173.274040222
diagnostic-10867492/ogbn-products,diagnostic-10867492,qhcn064,True,ogbn-products,full_bf16,2,prefetch_issue,13.5691165924,514595,173.274040222
diagnostic-10867492/ogbn-products,diagnostic-10867492,qhcn064,True,ogbn-products,full_bf16,2,source_feature_load,14.8775577545,523976,173.274040222
diagnostic-10867492/ogbn-products,diagnostic-10867492,qhcn064,True,ogbn-products,full_bf16,2,source_bf16_decode,13.5922431946,523976,173.274040222
diagnostic-10867492/ogbn-products,diagnostic-10867492,qhcn064,True,ogbn-products,full_bf16,2,feature_fp32_add,13.7145519257,523976,173.274040222
diagnostic-10867492/ogbn-products,diagnostic-10867492,qhcn064,True,ogbn-products,full_bf16,2,partial_state_load,0,0,173.274040222
diagnostic-10867492/ogbn-products,diagnostic-10867492,qhcn064,True,ogbn-products,full_bf16,2,partial_state_store,0.283479690552,9381,173.274040222
diagnostic-10867492/ogbn-products,diagnostic-10867492,qhcn064,True,ogbn-products,full_bf16,2,partial_hi_pack,2.07567214966,75136,173.274040222
diagnostic-10867492/ogbn-products,diagnostic-10867492,qhcn064,True,ogbn-products,full_bf16,2,partial_lo_residual,0,0,173.274040222
diagnostic-10867492/ogbn-products,diagnostic-10867492,qhcn064,True,ogbn-products,full_bf16,2,partial_lo_pack,0,0,173.274040222
diagnostic-10867492/ogbn-products,diagnostic-10867492,qhcn064,True,ogbn-products,full_bf16,2,amx_a_load,0.149011611938,4696,173.274040222
diagnostic-10867492/ogbn-products,diagnostic-10867492,qhcn064,True,ogbn-products,full_bf16,2,amx_b_load,0.566482543945,9392,173.274040222
diagnostic-10867492/ogbn-products,diagnostic-10867492,qhcn064,True,ogbn-products,full_bf16,2,amx_tdp_compute,1.91211700439,9392,173.274040222
diagnostic-10867492/ogbn-products,diagnostic-10867492,qhcn064,True,ogbn-products,full_bf16,2,amx_c_zero,0.0298023223877,1174,173.274040222
diagnostic-10867492/ogbn-products,diagnostic-10867492,qhcn064,True,ogbn-products,full_bf16,2,amx_c_load,0,0,173.274040222
diagnostic-10867492/ogbn-products,diagnostic-10867492,qhcn064,True,ogbn-products,full_bf16,2,amx_c_store,0.0667572021484,1174,173.274040222
diagnostic-10867492/ogbn-products,diagnostic-10867492,qhcn064,True,ogbn-products,full_bf16,2,output_bf16_conversion,0.282287597656,9381,173.274040222
diagnostic-10867492/ogbn-products,diagnostic-10867492,qhcn064,True,ogbn-products,full_bf16,2,output_store,0.313520431519,9393,173.274040222
diagnostic-10867492/ogbn-products,diagnostic-10867492,qhcn064,True,ogbn-products,full_bf16,2,thread_permission,0.0221729278564,32,173.274040222
diagnostic-10867492/ogbn-products,diagnostic-10867492,qhcn064,True,ogbn-products,full_bf16,2,thread_tile_config,0.00858306884766,32,173.274040222
diagnostic-10867492/ogbn-products,diagnostic-10867492,qhcn064,True,ogbn-products,full_bf16,2,thread_tile_release,0,32,173.274040222
diagnostic-10867492/ogbn-products,diagnostic-10867492,qhcn064,True,ogbn-products,full_bf16,2,row_metadata_read,0.195503234863,599,173.274040222
diagnostic-10867492/ogbn-products,diagnostic-10867492,qhcn064,True,ogbn-products,full_fp32,1,partial_init,0.142335891724,587,316.195011139
diagnostic-10867492/ogbn-products,diagnostic-10867492,qhcn064,True,ogbn-products,full_fp32,1,csr_index_read,15.9120559692,523976,316.195011139
diagnostic-10867492/ogbn-products,diagnostic-10867492,qhcn064,True,ogbn-products,full_fp32,1,csr_next_index_read,14.3089294434,514595,316.195011139
diagnostic-10867492/ogbn-products,diagnostic-10867492,qhcn064,True,ogbn-products,full_fp32,1,prefetch_issue,14.4443511963,514595,316.195011139
diagnostic-10867492/ogbn-products,diagnostic-10867492,qhcn064,True,ogbn-products,full_fp32,1,source_feature_load,103.301048279,523976,316.195011139
diagnostic-10867492/ogbn-products,diagnostic-10867492,qhcn064,True,ogbn-products,full_fp32,1,source_bf16_decode,0,0,316.195011139
diagnostic-10867492/ogbn-products,diagnostic-10867492,qhcn064,True,ogbn-products,full_fp32,1,feature_fp32_add,14.4143104553,523976,316.195011139
diagnostic-10867492/ogbn-products,diagnostic-10867492,qhcn064,True,ogbn-products,full_fp32,1,partial_state_load,0,0,316.195011139
diagnostic-10867492/ogbn-products,diagnostic-10867492,qhcn064,True,ogbn-products,full_fp32,1,partial_state_store,0.276803970337,9381,316.195011139
diagnostic-10867492/ogbn-products,diagnostic-10867492,qhcn064,True,ogbn-products,full_fp32,1,partial_hi_pack,2.25734710693,75136,316.195011139
diagnostic-10867492/ogbn-products,diagnostic-10867492,qhcn064,True,ogbn-products,full_fp32,1,partial_lo_residual,0,0,316.195011139
diagnostic-10867492/ogbn-products,diagnostic-10867492,qhcn064,True,ogbn-products,full_fp32,1,partial_lo_pack,0,0,316.195011139
diagnostic-10867492/ogbn-products,diagnostic-10867492,qhcn064,True,ogbn-products,full_fp32,1,amx_a_load,0.137567520142,4696,316.195011139
diagnostic-10867492/ogbn-products,diagnostic-10867492,qhcn064,True,ogbn-products,full_fp32,1,amx_b_load,0.843048095703,9392,316.195011139
diagnostic-10867492/ogbn-products,diagnostic-10867492,qhcn064,True,ogbn-products,full_fp32,1,amx_tdp_compute,1.63412094116,9392,316.195011139
diagnostic-10867492/ogbn-products,diagnostic-10867492,qhcn064,True,ogbn-products,full_fp32,1,amx_c_zero,0.0395774841309,1174,316.195011139
diagnostic-10867492/ogbn-products,diagnostic-10867492,qhcn064,True,ogbn-products,full_fp32,1,amx_c_load,0,0,316.195011139
diagnostic-10867492/ogbn-products,diagnostic-10867492,qhcn064,True,ogbn-products,full_fp32,1,amx_c_store,0.0569820404053,1174,316.195011139
diagnostic-10867492/ogbn-products,diagnostic-10867492,qhcn064,True,ogbn-products,full_fp32,1,output_bf16_conversion,0,0,316.195011139
diagnostic-10867492/ogbn-products,diagnostic-10867492,qhcn064,True,ogbn-products,full_fp32,1,output_store,0.434160232544,9393,316.195011139
diagnostic-10867492/ogbn-products,diagnostic-10867492,qhcn064,True,ogbn-products,full_fp32,1,thread_permission,0.0247955322266,32,316.195011139
diagnostic-10867492/ogbn-products,diagnostic-10867492,qhcn064,True,ogbn-products,full_fp32,1,thread_tile_config,0.00405311584473,32,316.195011139
diagnostic-10867492/ogbn-products,diagnostic-10867492,qhcn064,True,ogbn-products,full_fp32,1,thread_tile_release,0.000953674316406,32,316.195011139
diagnostic-10867492/ogbn-products,diagnostic-10867492,qhcn064,True,ogbn-products,full_fp32,1,row_metadata_read,0.247240066528,599,316.195011139
diagnostic-10867492/ogbn-products,diagnostic-10867492,qhcn064,True,ogbn-products,full_fp32,2,partial_init,0.149011611938,587,275.109052658
diagnostic-10867492/ogbn-products,diagnostic-10867492,qhcn064,True,ogbn-products,full_fp32,2,csr_index_read,15.4917240143,523976,275.109052658
diagnostic-10867492/ogbn-products,diagnostic-10867492,qhcn064,True,ogbn-products,full_fp32,2,csr_next_index_read,14.3461227417,514595,275.109052658
diagnostic-10867492/ogbn-products,diagnostic-10867492,qhcn064,True,ogbn-products,full_fp32,2,prefetch_issue,14.1935348511,514595,275.109052658
diagnostic-10867492/ogbn-products,diagnostic-10867492,qhcn064,True,ogbn-products,full_fp32,2,source_feature_load,90.259552002,523976,275.109052658
diagnostic-10867492/ogbn-products,diagnostic-10867492,qhcn064,True,ogbn-products,full_fp32,2,source_bf16_decode,0,0,275.109052658
diagnostic-10867492/ogbn-products,diagnostic-10867492,qhcn064,True,ogbn-products,full_fp32,2,feature_fp32_add,14.7113800049,523976,275.109052658
diagnostic-10867492/ogbn-products,diagnostic-10867492,qhcn064,True,ogbn-products,full_fp32,2,partial_state_load,0,0,275.109052658
diagnostic-10867492/ogbn-products,diagnostic-10867492,qhcn064,True,ogbn-products,full_fp32,2,partial_state_store,0.266075134277,9381,275.109052658
diagnostic-10867492/ogbn-products,diagnostic-10867492,qhcn064,True,ogbn-products,full_fp32,2,partial_hi_pack,2.09426879883,75136,275.109052658
diagnostic-10867492/ogbn-products,diagnostic-10867492,qhcn064,True,ogbn-products,full_fp32,2,partial_lo_residual,0,0,275.109052658
diagnostic-10867492/ogbn-products,diagnostic-10867492,qhcn064,True,ogbn-products,full_fp32,2,partial_lo_pack,0,0,275.109052658
diagnostic-10867492/ogbn-products,diagnostic-10867492,qhcn064,True,ogbn-products,full_fp32,2,amx_a_load,0.148296356201,4696,275.109052658
diagnostic-10867492/ogbn-products,diagnostic-10867492,qhcn064,True,ogbn-products,full_fp32,2,amx_b_load,0.462770462036,9392,275.109052658
diagnostic-10867492/ogbn-products,diagnostic-10867492,qhcn064,True,ogbn-products,full_fp32,2,amx_tdp_compute,1.90353393555,9392,275.109052658
diagnostic-10867492/ogbn-products,diagnostic-10867492,qhcn064,True,ogbn-products,full_fp32,2,amx_c_zero,0.0259876251221,1174,275.109052658
diagnostic-10867492/ogbn-products,diagnostic-10867492,qhcn064,True,ogbn-products,full_fp32,2,amx_c_load,0,0,275.109052658
diagnostic-10867492/ogbn-products,diagnostic-10867492,qhcn064,True,ogbn-products,full_fp32,2,amx_c_store,0.0739097595215,1174,275.109052658
diagnostic-10867492/ogbn-products,diagnostic-10867492,qhcn064,True,ogbn-products,full_fp32,2,output_bf16_conversion,0.284194946289,9381,275.109052658
diagnostic-10867492/ogbn-products,diagnostic-10867492,qhcn064,True,ogbn-products,full_fp32,2,output_store,0.331401824951,9393,275.109052658
diagnostic-10867492/ogbn-products,diagnostic-10867492,qhcn064,True,ogbn-products,full_fp32,2,thread_permission,0.0288486480713,32,275.109052658
diagnostic-10867492/ogbn-products,diagnostic-10867492,qhcn064,True,ogbn-products,full_fp32,2,thread_tile_config,0.00333786010742,32,275.109052658
diagnostic-10867492/ogbn-products,diagnostic-10867492,qhcn064,True,ogbn-products,full_fp32,2,thread_tile_release,0.00333786010742,32,275.109052658
diagnostic-10867492/ogbn-products,diagnostic-10867492,qhcn064,True,ogbn-products,full_fp32,2,row_metadata_read,0.239372253418,599,275.109052658
diagnostic-10867492/reddit,diagnostic-10867492,qhcn064,True,reddit,b64_bf16,1,partial_init,0.14066696167,766,112.362146378
diagnostic-10867492/reddit,diagnostic-10867492,qhcn064,True,reddit,b64_bf16,1,csr_index_read,13.8473510742,506889,112.362146378
diagnostic-10867492/reddit,diagnostic-10867492,qhcn064,True,reddit,b64_bf16,1,csr_next_index_read,13.5962963104,498486,112.362146378
diagnostic-10867492/reddit,diagnostic-10867492,qhcn064,True,reddit,b64_bf16,1,prefetch_issue,13.5681629181,498486,112.362146378
diagnostic-10867492/reddit,diagnostic-10867492,qhcn064,True,reddit,b64_bf16,1,source_feature_load,14.2362117767,506889,112.362146378
diagnostic-10867492/reddit,diagnostic-10867492,qhcn064,True,reddit,b64_bf16,1,source_bf16_decode,13.8173103333,506889,112.362146378
diagnostic-10867492/reddit,diagnostic-10867492,qhcn064,True,reddit,b64_bf16,1,feature_fp32_add,13.8373374939,506889,112.362146378
diagnostic-10867492/reddit,diagnostic-10867492,qhcn064,True,reddit,b64_bf16,1,partial_state_load,0,0,112.362146378
diagnostic-10867492/reddit,diagnostic-10867492,qhcn064,True,reddit,b64_bf16,1,partial_state_store,0.239610671997,8527,112.362146378
diagnostic-10867492/reddit,diagnostic-10867492,qhcn064,True,reddit,b64_bf16,1,partial_hi_pack,2.8977394104,98048,112.362146378
diagnostic-10867492/reddit,diagnostic-10867492,qhcn064,True,reddit,b64_bf16,1,partial_lo_residual,0,0,112.362146378
diagnostic-10867492/reddit,diagnostic-10867492,qhcn064,True,reddit,b64_bf16,1,partial_lo_pack,0,0,112.362146378
diagnostic-10867492/reddit,diagnostic-10867492,qhcn064,True,reddit,b64_bf16,1,amx_a_load,0.168800354004,6128,112.362146378
diagnostic-10867492/reddit,diagnostic-10867492,qhcn064,True,reddit,b64_bf16,1,amx_b_load,0.553846359253,12256,112.362146378
diagnostic-10867492/reddit,diagnostic-10867492,qhcn064,True,reddit,b64_bf16,1,amx_tdp_compute,2.06685066223,12256,112.362146378
diagnostic-10867492/reddit,diagnostic-10867492,qhcn064,True,reddit,b64_bf16,1,amx_c_zero,0.00619888305664,116,112.362146378
diagnostic-10867492/reddit,diagnostic-10867492,qhcn064,True,reddit,b64_bf16,1,amx_c_load,0.0784397125244,1416,112.362146378
diagnostic-10867492/reddit,diagnostic-10867492,qhcn064,True,reddit,b64_bf16,1,amx_c_store,0.0958442687988,1532,112.362146378
diagnostic-10867492/reddit,diagnostic-10867492,qhcn064,True,reddit,b64_bf16,1,output_bf16_conversion,0,0,112.362146378
diagnostic-10867492/reddit,diagnostic-10867492,qhcn064,True,reddit,b64_bf16,1,output_store,0.037670135498,917,112.362146378
diagnostic-10867492/reddit,diagnostic-10867492,qhcn064,True,reddit,b64_bf16,1,thread_permission,0.0128746032715,32,112.362146378
diagnostic-10867492/reddit,diagnostic-10867492,qhcn064,True,reddit,b64_bf16,1,thread_tile_config,0.00524520874023,32,112.362146378
diagnostic-10867492/reddit,diagnostic-10867492,qhcn064,True,reddit,b64_bf16,1,thread_tile_release,0.000953674316406,32,112.362146378
diagnostic-10867492/reddit,diagnostic-10867492,qhcn064,True,reddit,b64_bf16,1,row_metadata_read,0.0226497650146,58,112.362146378
diagnostic-10867492/reddit,diagnostic-10867492,qhcn064,True,reddit,b64_bf16,2,partial_init,0.123739242554,766,114.900112152
diagnostic-10867492/reddit,diagnostic-10867492,qhcn064,True,reddit,b64_bf16,2,csr_index_read,13.8964653015,506889,114.900112152
diagnostic-10867492/reddit,diagnostic-10867492,qhcn064,True,reddit,b64_bf16,2,csr_next_index_read,13.5536193848,498486,114.900112152
diagnostic-10867492/reddit,diagnostic-10867492,qhcn064,True,reddit,b64_bf16,2,prefetch_issue,13.7104988098,498486,114.900112152
diagnostic-10867492/reddit,diagnostic-10867492,qhcn064,True,reddit,b64_bf16,2,source_feature_load,14.4002437592,506889,114.900112152
diagnostic-10867492/reddit,diagnostic-10867492,qhcn064,True,reddit,b64_bf16,2,source_bf16_decode,13.5190486908,506889,114.900112152
diagnostic-10867492/reddit,diagnostic-10867492,qhcn064,True,reddit,b64_bf16,2,feature_fp32_add,13.6909484863,506889,114.900112152
diagnostic-10867492/reddit,diagnostic-10867492,qhcn064,True,reddit,b64_bf16,2,partial_state_load,0,0,114.900112152
diagnostic-10867492/reddit,diagnostic-10867492,qhcn064,True,reddit,b64_bf16,2,partial_state_store,0.249862670898,8527,114.900112152
diagnostic-10867492/reddit,diagnostic-10867492,qhcn064,True,reddit,b64_bf16,2,partial_hi_pack,2.93326377869,98048,114.900112152
diagnostic-10867492/reddit,diagnostic-10867492,qhcn064,True,reddit,b64_bf16,2,partial_lo_residual,0,0,114.900112152
diagnostic-10867492/reddit,diagnostic-10867492,qhcn064,True,reddit,b64_bf16,2,partial_lo_pack,0,0,114.900112152
diagnostic-10867492/reddit,diagnostic-10867492,qhcn064,True,reddit,b64_bf16,2,amx_a_load,0.194787979126,6128,114.900112152
diagnostic-10867492/reddit,diagnostic-10867492,qhcn064,True,reddit,b64_bf16,2,amx_b_load,0.581026077271,12256,114.900112152
diagnostic-10867492/reddit,diagnostic-10867492,qhcn064,True,reddit,b64_bf16,2,amx_tdp_compute,2.05636024475,12256,114.900112152
diagnostic-10867492/reddit,diagnostic-10867492,qhcn064,True,reddit,b64_bf16,2,amx_c_zero,0.00286102294922,116,114.900112152
diagnostic-10867492/reddit,diagnostic-10867492,qhcn064,True,reddit,b64_bf16,2,amx_c_load,0.068187713623,1416,114.900112152
diagnostic-10867492/reddit,diagnostic-10867492,qhcn064,True,reddit,b64_bf16,2,amx_c_store,0.0748634338379,1532,114.900112152
diagnostic-10867492/reddit,diagnostic-10867492,qhcn064,True,reddit,b64_bf16,2,output_bf16_conversion,0.02121925354,917,114.900112152
diagnostic-10867492/reddit,diagnostic-10867492,qhcn064,True,reddit,b64_bf16,2,output_store,0.0340938568115,917,114.900112152
diagnostic-10867492/reddit,diagnostic-10867492,qhcn064,True,reddit,b64_bf16,2,thread_permission,0.00739097595215,32,114.900112152
diagnostic-10867492/reddit,diagnostic-10867492,qhcn064,True,reddit,b64_bf16,2,thread_tile_config,0.00309944152832,32,114.900112152
diagnostic-10867492/reddit,diagnostic-10867492,qhcn064,True,reddit,b64_bf16,2,thread_tile_release,0.00190734863281,32,114.900112152
diagnostic-10867492/reddit,diagnostic-10867492,qhcn064,True,reddit,b64_bf16,2,row_metadata_read,0.0150203704834,58,114.900112152
diagnostic-10867492/reddit,diagnostic-10867492,qhcn064,True,reddit,b64_fp32,1,partial_init,0.139713287354,766,218.783140182
diagnostic-10867492/reddit,diagnostic-10867492,qhcn064,True,reddit,b64_fp32,1,csr_index_read,13.3533477783,506889,218.783140182
diagnostic-10867492/reddit,diagnostic-10867492,qhcn064,True,reddit,b64_fp32,1,csr_next_index_read,13.1895542145,498486,218.783140182
diagnostic-10867492/reddit,diagnostic-10867492,qhcn064,True,reddit,b64_fp32,1,prefetch_issue,13.2505893707,498486,218.783140182
diagnostic-10867492/reddit,diagnostic-10867492,qhcn064,True,reddit,b64_fp32,1,source_feature_load,53.4074306488,506889,218.783140182
diagnostic-10867492/reddit,diagnostic-10867492,qhcn064,True,reddit,b64_fp32,1,source_bf16_decode,0,0,218.783140182
diagnostic-10867492/reddit,diagnostic-10867492,qhcn064,True,reddit,b64_fp32,1,feature_fp32_add,13.4029388428,506889,218.783140182
diagnostic-10867492/reddit,diagnostic-10867492,qhcn064,True,reddit,b64_fp32,1,partial_state_load,0,0,218.783140182
diagnostic-10867492/reddit,diagnostic-10867492,qhcn064,True,reddit,b64_fp32,1,partial_state_store,0.263214111328,8527,218.783140182
diagnostic-10867492/reddit,diagnostic-10867492,qhcn064,True,reddit,b64_fp32,1,partial_hi_pack,2.78830528259,98048,218.783140182
diagnostic-10867492/reddit,diagnostic-10867492,qhcn064,True,reddit,b64_fp32,1,partial_lo_residual,0,0,218.783140182
diagnostic-10867492/reddit,diagnostic-10867492,qhcn064,True,reddit,b64_fp32,1,partial_lo_pack,0,0,218.783140182
diagnostic-10867492/reddit,diagnostic-10867492,qhcn064,True,reddit,b64_fp32,1,amx_a_load,0.176668167114,6128,218.783140182
diagnostic-10867492/reddit,diagnostic-10867492,qhcn064,True,reddit,b64_fp32,1,amx_b_load,1.23620033264,12256,218.783140182
diagnostic-10867492/reddit,diagnostic-10867492,qhcn064,True,reddit,b64_fp32,1,amx_tdp_compute,2.08449363708,12256,218.783140182
diagnostic-10867492/reddit,diagnostic-10867492,qhcn064,True,reddit,b64_fp32,1,amx_c_zero,0.0100135803223,116,218.783140182
diagnostic-10867492/reddit,diagnostic-10867492,qhcn064,True,reddit,b64_fp32,1,amx_c_load,0.0984668731689,1416,218.783140182
diagnostic-10867492/reddit,diagnostic-10867492,qhcn064,True,reddit,b64_fp32,1,amx_c_store,0.121593475342,1532,218.783140182
diagnostic-10867492/reddit,diagnostic-10867492,qhcn064,True,reddit,b64_fp32,1,output_bf16_conversion,0,0,218.783140182
diagnostic-10867492/reddit,diagnostic-10867492,qhcn064,True,reddit,b64_fp32,1,output_store,0.0386238098145,917,218.783140182
diagnostic-10867492/reddit,diagnostic-10867492,qhcn064,True,reddit,b64_fp32,1,thread_permission,0.0171661376953,32,218.783140182
diagnostic-10867492/reddit,diagnostic-10867492,qhcn064,True,reddit,b64_fp32,1,thread_tile_config,0.00476837158203,32,218.783140182
diagnostic-10867492/reddit,diagnostic-10867492,qhcn064,True,reddit,b64_fp32,1,thread_tile_release,0,32,218.783140182
diagnostic-10867492/reddit,diagnostic-10867492,qhcn064,True,reddit,b64_fp32,1,row_metadata_read,0.0355243682861,58,218.783140182
diagnostic-10867492/reddit,diagnostic-10867492,qhcn064,True,reddit,b64_fp32,2,partial_init,0.1380443573,766,228.663921356
diagnostic-10867492/reddit,diagnostic-10867492,qhcn064,True,reddit,b64_fp32,2,csr_index_read,13.4663581848,506889,228.663921356
diagnostic-10867492/reddit,diagnostic-10867492,qhcn064,True,reddit,b64_fp32,2,csr_next_index_read,13.5056972504,498486,228.663921356
diagnostic-10867492/reddit,diagnostic-10867492,qhcn064,True,reddit,b64_fp32,2,prefetch_issue,13.1378173828,498486,228.663921356
diagnostic-10867492/reddit,diagnostic-10867492,qhcn064,True,reddit,b64_fp32,2,source_feature_load,56.188583374,506889,228.663921356
diagnostic-10867492/reddit,diagnostic-10867492,qhcn064,True,reddit,b64_fp32,2,source_bf16_decode,0,0,228.663921356
diagnostic-10867492/reddit,diagnostic-10867492,qhcn064,True,reddit,b64_fp32,2,feature_fp32_add,13.3483409882,506889,228.663921356
diagnostic-10867492/reddit,diagnostic-10867492,qhcn064,True,reddit,b64_fp32,2,partial_state_load,0,0,228.663921356
diagnostic-10867492/reddit,diagnostic-10867492,qhcn064,True,reddit,b64_fp32,2,partial_state_store,0.255107879639,8527,228.663921356
diagnostic-10867492/reddit,diagnostic-10867492,qhcn064,True,reddit,b64_fp32,2,partial_hi_pack,2.82001495361,98048,228.663921356
diagnostic-10867492/reddit,diagnostic-10867492,qhcn064,True,reddit,b64_fp32,2,partial_lo_residual,0,0,228.663921356
diagnostic-10867492/reddit,diagnostic-10867492,qhcn064,True,reddit,b64_fp32,2,partial_lo_pack,0,0,228.663921356
diagnostic-10867492/reddit,diagnostic-10867492,qhcn064,True,reddit,b64_fp32,2,amx_a_load,0.19383430481,6128,228.663921356
diagnostic-10867492/reddit,diagnostic-10867492,qhcn064,True,reddit,b64_fp32,2,amx_b_load,1.91068649292,12256,228.663921356
diagnostic-10867492/reddit,diagnostic-10867492,qhcn064,True,reddit,b64_fp32,2,amx_tdp_compute,2.86197662354,12256,228.663921356
diagnostic-10867492/reddit,diagnostic-10867492,qhcn064,True,reddit,b64_fp32,2,amx_c_zero,0.000953674316406,116,228.663921356
diagnostic-10867492/reddit,diagnostic-10867492,qhcn064,True,reddit,b64_fp32,2,amx_c_load,0.084400177002,1416,228.663921356
diagnostic-10867492/reddit,diagnostic-10867492,qhcn064,True,reddit,b64_fp32,2,amx_c_store,0.0779628753662,1532,228.663921356
diagnostic-10867492/reddit,diagnostic-10867492,qhcn064,True,reddit,b64_fp32,2,output_bf16_conversion,0.0312328338623,917,228.663921356
diagnostic-10867492/reddit,diagnostic-10867492,qhcn064,True,reddit,b64_fp32,2,output_store,0.0336170196533,917,228.663921356
diagnostic-10867492/reddit,diagnostic-10867492,qhcn064,True,reddit,b64_fp32,2,thread_permission,0.0231266021729,32,228.663921356
diagnostic-10867492/reddit,diagnostic-10867492,qhcn064,True,reddit,b64_fp32,2,thread_tile_config,0.00286102294922,32,228.663921356
diagnostic-10867492/reddit,diagnostic-10867492,qhcn064,True,reddit,b64_fp32,2,thread_tile_release,0.00119209289551,32,228.663921356
diagnostic-10867492/reddit,diagnostic-10867492,qhcn064,True,reddit,b64_fp32,2,row_metadata_read,0.0333786010742,58,228.663921356
diagnostic-10867492/reddit,diagnostic-10867492,qhcn064,True,reddit,full_bf16,1,partial_init,0.0107288360596,58,106.438875198
diagnostic-10867492/reddit,diagnostic-10867492,qhcn064,True,reddit,full_bf16,1,csr_index_read,13.7910842896,506889,106.438875198
diagnostic-10867492/reddit,diagnostic-10867492,qhcn064,True,reddit,full_bf16,1,csr_next_index_read,13.6182308197,505972,106.438875198
diagnostic-10867492/reddit,diagnostic-10867492,qhcn064,True,reddit,full_bf16,1,prefetch_issue,13.7927532196,505972,106.438875198
diagnostic-10867492/reddit,diagnostic-10867492,qhcn064,True,reddit,full_bf16,1,source_feature_load,14.2390727997,506889,106.438875198
diagnostic-10867492/reddit,diagnostic-10867492,qhcn064,True,reddit,full_bf16,1,source_bf16_decode,13.6232376099,506889,106.438875198
diagnostic-10867492/reddit,diagnostic-10867492,qhcn064,True,reddit,full_bf16,1,feature_fp32_add,13.7662887573,506889,106.438875198
diagnostic-10867492/reddit,diagnostic-10867492,qhcn064,True,reddit,full_bf16,1,partial_state_load,0,0,106.438875198
diagnostic-10867492/reddit,diagnostic-10867492,qhcn064,True,reddit,full_bf16,1,partial_state_store,0.0224113464355,917,106.438875198
diagnostic-10867492/reddit,diagnostic-10867492,qhcn064,True,reddit,full_bf16,1,partial_hi_pack,0.239372253418,7424,106.438875198
diagnostic-10867492/reddit,diagnostic-10867492,qhcn064,True,reddit,full_bf16,1,partial_lo_residual,0,0,106.438875198
diagnostic-10867492/reddit,diagnostic-10867492,qhcn064,True,reddit,full_bf16,1,partial_lo_pack,0,0,106.438875198
diagnostic-10867492/reddit,diagnostic-10867492,qhcn064,True,reddit,full_bf16,1,amx_a_load,0.00667572021484,464,106.438875198
diagnostic-10867492/reddit,diagnostic-10867492,qhcn064,True,reddit,full_bf16,1,amx_b_load,0.049352645874,928,106.438875198
diagnostic-10867492/reddit,diagnostic-10867492,qhcn064,True,reddit,full_bf16,1,amx_tdp_compute,0.173330307007,928,106.438875198
diagnostic-10867492/reddit,diagnostic-10867492,qhcn064,True,reddit,full_bf16,1,amx_c_zero,0.00309944152832,116,106.438875198
diagnostic-10867492/reddit,diagnostic-10867492,qhcn064,True,reddit,full_bf16,1,amx_c_load,0,0,106.438875198
diagnostic-10867492/reddit,diagnostic-10867492,qhcn064,True,reddit,full_bf16,1,amx_c_store,0.00786781311035,116,106.438875198
diagnostic-10867492/reddit,diagnostic-10867492,qhcn064,True,reddit,full_bf16,1,output_bf16_conversion,0,0,106.438875198
diagnostic-10867492/reddit,diagnostic-10867492,qhcn064,True,reddit,full_bf16,1,output_store,0.0319480895996,917,106.438875198
diagnostic-10867492/reddit,diagnostic-10867492,qhcn064,True,reddit,full_bf16,1,thread_permission,0.0135898590088,32,106.438875198
diagnostic-10867492/reddit,diagnostic-10867492,qhcn064,True,reddit,full_bf16,1,thread_tile_config,0,32,106.438875198
diagnostic-10867492/reddit,diagnostic-10867492,qhcn064,True,reddit,full_bf16,1,thread_tile_release,0.00381469726562,32,106.438875198
diagnostic-10867492/reddit,diagnostic-10867492,qhcn064,True,reddit,full_bf16,1,row_metadata_read,0.0152587890625,58,106.438875198
diagnostic-10867492/reddit,diagnostic-10867492,qhcn064,True,reddit,full_bf16,2,partial_init,0.0104904174805,58,99.3700027466
diagnostic-10867492/reddit,diagnostic-10867492,qhcn064,True,reddit,full_bf16,2,csr_index_read,13.8831138611,506889,99.3700027466
diagnostic-10867492/reddit,diagnostic-10867492,qhcn064,True,reddit,full_bf16,2,csr_next_index_read,13.6470794678,505972,99.3700027466
diagnostic-10867492/reddit,diagnostic-10867492,qhcn064,True,reddit,full_bf16,2,prefetch_issue,13.80610466,505972,99.3700027466
diagnostic-10867492/reddit,diagnostic-10867492,qhcn064,True,reddit,full_bf16,2,source_feature_load,13.9853954315,506889,99.3700027466
diagnostic-10867492/reddit,diagnostic-10867492,qhcn064,True,reddit,full_bf16,2,source_bf16_decode,13.4062767029,506889,99.3700027466
diagnostic-10867492/reddit,diagnostic-10867492,qhcn064,True,reddit,full_bf16,2,feature_fp32_add,13.6637687683,506889,99.3700027466
diagnostic-10867492/reddit,diagnostic-10867492,qhcn064,True,reddit,full_bf16,2,partial_state_load,0,0,99.3700027466
diagnostic-10867492/reddit,diagnostic-10867492,qhcn064,True,reddit,full_bf16,2,partial_state_store,0.0185966491699,917,99.3700027466
diagnostic-10867492/reddit,diagnostic-10867492,qhcn064,True,reddit,full_bf16,2,partial_hi_pack,0.212430953979,7424,99.3700027466
diagnostic-10867492/reddit,diagnostic-10867492,qhcn064,True,reddit,full_bf16,2,partial_lo_residual,0,0,99.3700027466
diagnostic-10867492/reddit,diagnostic-10867492,qhcn064,True,reddit,full_bf16,2,partial_lo_pack,0,0,99.3700027466
diagnostic-10867492/reddit,diagnostic-10867492,qhcn064,True,reddit,full_bf16,2,amx_a_load,0.0128746032715,464,99.3700027466
diagnostic-10867492/reddit,diagnostic-10867492,qhcn064,True,reddit,full_bf16,2,amx_b_load,0.0534057617188,928,99.3700027466
diagnostic-10867492/reddit,diagnostic-10867492,qhcn064,True,reddit,full_bf16,2,amx_tdp_compute,0.195741653442,928,99.3700027466
diagnostic-10867492/reddit,diagnostic-10867492,qhcn064,True,reddit,full_bf16,2,amx_c_zero,0.000953674316406,116,99.3700027466
diagnostic-10867492/reddit,diagnostic-10867492,qhcn064,True,reddit,full_bf16,2,amx_c_load,0,0,99.3700027466
diagnostic-10867492/reddit,diagnostic-10867492,qhcn064,True,reddit,full_bf16,2,amx_c_store,0.00953674316406,116,99.3700027466
diagnostic-10867492/reddit,diagnostic-10867492,qhcn064,True,reddit,full_bf16,2,output_bf16_conversion,0.0269412994385,917,99.3700027466
diagnostic-10867492/reddit,diagnostic-10867492,qhcn064,True,reddit,full_bf16,2,output_store,0.0295639038086,917,99.3700027466
diagnostic-10867492/reddit,diagnostic-10867492,qhcn064,True,reddit,full_bf16,2,thread_permission,0.0145435333252,32,99.3700027466
diagnostic-10867492/reddit,diagnostic-10867492,qhcn064,True,reddit,full_bf16,2,thread_tile_config,0.00643730163574,32,99.3700027466
diagnostic-10867492/reddit,diagnostic-10867492,qhcn064,True,reddit,full_bf16,2,thread_tile_release,0.00190734863281,32,99.3700027466
diagnostic-10867492/reddit,diagnostic-10867492,qhcn064,True,reddit,full_bf16,2,row_metadata_read,0.0169277191162,58,99.3700027466
diagnostic-10867492/reddit,diagnostic-10867492,qhcn064,True,reddit,full_fp32,1,partial_init,0.0190734863281,58,248.287916183
diagnostic-10867492/reddit,diagnostic-10867492,qhcn064,True,reddit,full_fp32,1,csr_index_read,13.3335590363,506889,248.287916183
diagnostic-10867492/reddit,diagnostic-10867492,qhcn064,True,reddit,full_fp32,1,csr_next_index_read,13.3411884308,505972,248.287916183
diagnostic-10867492/reddit,diagnostic-10867492,qhcn064,True,reddit,full_fp32,1,prefetch_issue,13.2284164429,505972,248.287916183
diagnostic-10867492/reddit,diagnostic-10867492,qhcn064,True,reddit,full_fp32,1,source_feature_load,64.5346641541,506889,248.287916183
diagnostic-10867492/reddit,diagnostic-10867492,qhcn064,True,reddit,full_fp32,1,source_bf16_decode,0,0,248.287916183
diagnostic-10867492/reddit,diagnostic-10867492,qhcn064,True,reddit,full_fp32,1,feature_fp32_add,13.3271217346,506889,248.287916183
diagnostic-10867492/reddit,diagnostic-10867492,qhcn064,True,reddit,full_fp32,1,partial_state_load,0,0,248.287916183
diagnostic-10867492/reddit,diagnostic-10867492,qhcn064,True,reddit,full_fp32,1,partial_state_store,0.0350475311279,917,248.287916183
diagnostic-10867492/reddit,diagnostic-10867492,qhcn064,True,reddit,full_fp32,1,partial_hi_pack,0.236511230469,7424,248.287916183
diagnostic-10867492/reddit,diagnostic-10867492,qhcn064,True,reddit,full_fp32,1,partial_lo_residual,0,0,248.287916183
diagnostic-10867492/reddit,diagnostic-10867492,qhcn064,True,reddit,full_fp32,1,partial_lo_pack,0,0,248.287916183
diagnostic-10867492/reddit,diagnostic-10867492,qhcn064,True,reddit,full_fp32,1,amx_a_load,0.0224113464355,464,248.287916183
diagnostic-10867492/reddit,diagnostic-10867492,qhcn064,True,reddit,full_fp32,1,amx_b_load,0.132322311401,928,248.287916183
diagnostic-10867492/reddit,diagnostic-10867492,qhcn064,True,reddit,full_fp32,1,amx_tdp_compute,0.263214111328,928,248.287916183
diagnostic-10867492/reddit,diagnostic-10867492,qhcn064,True,reddit,full_fp32,1,amx_c_zero,0.0119209289551,116,248.287916183
diagnostic-10867492/reddit,diagnostic-10867492,qhcn064,True,reddit,full_fp32,1,amx_c_load,0,0,248.287916183
diagnostic-10867492/reddit,diagnostic-10867492,qhcn064,True,reddit,full_fp32,1,amx_c_store,0.0131130218506,116,248.287916183
diagnostic-10867492/reddit,diagnostic-10867492,qhcn064,True,reddit,full_fp32,1,output_bf16_conversion,0,0,248.287916183
diagnostic-10867492/reddit,diagnostic-10867492,qhcn064,True,reddit,full_fp32,1,output_store,0.0557899475098,917,248.287916183
diagnostic-10867492/reddit,diagnostic-10867492,qhcn064,True,reddit,full_fp32,1,thread_permission,0.0200271606445,32,248.287916183
diagnostic-10867492/reddit,diagnostic-10867492,qhcn064,True,reddit,full_fp32,1,thread_tile_config,0.0107288360596,32,248.287916183
diagnostic-10867492/reddit,diagnostic-10867492,qhcn064,True,reddit,full_fp32,1,thread_tile_release,0,32,248.287916183
diagnostic-10867492/reddit,diagnostic-10867492,qhcn064,True,reddit,full_fp32,1,row_metadata_read,0.0314712524414,58,248.287916183
diagnostic-10867492/reddit,diagnostic-10867492,qhcn064,True,reddit,full_fp32,2,partial_init,0.0267028808594,58,263.025999069
diagnostic-10867492/reddit,diagnostic-10867492,qhcn064,True,reddit,full_fp32,2,csr_index_read,13.3512020111,506889,263.025999069
diagnostic-10867492/reddit,diagnostic-10867492,qhcn064,True,reddit,full_fp32,2,csr_next_index_read,13.4027004242,505972,263.025999069
diagnostic-10867492/reddit,diagnostic-10867492,qhcn064,True,reddit,full_fp32,2,prefetch_issue,13.3287906647,505972,263.025999069
diagnostic-10867492/reddit,diagnostic-10867492,qhcn064,True,reddit,full_fp32,2,source_feature_load,75.0195980072,506889,263.025999069
diagnostic-10867492/reddit,diagnostic-10867492,qhcn064,True,reddit,full_fp32,2,source_bf16_decode,0,0,263.025999069
diagnostic-10867492/reddit,diagnostic-10867492,qhcn064,True,reddit,full_fp32,2,feature_fp32_add,13.1297111511,506889,263.025999069
diagnostic-10867492/reddit,diagnostic-10867492,qhcn064,True,reddit,full_fp32,2,partial_state_load,0,0,263.025999069
diagnostic-10867492/reddit,diagnostic-10867492,qhcn064,True,reddit,full_fp32,2,partial_state_store,0.0286102294922,917,263.025999069
diagnostic-10867492/reddit,diagnostic-10867492,qhcn064,True,reddit,full_fp32,2,partial_hi_pack,0.232219696045,7424,263.025999069
diagnostic-10867492/reddit,diagnostic-10867492,qhcn064,True,reddit,full_fp32,2,partial_lo_residual,0,0,263.025999069
diagnostic-10867492/reddit,diagnostic-10867492,qhcn064,True,reddit,full_fp32,2,partial_lo_pack,0,0,263.025999069
diagnostic-10867492/reddit,diagnostic-10867492,qhcn064,True,reddit,full_fp32,2,amx_a_load,0.0207424163818,464,263.025999069
diagnostic-10867492/reddit,diagnostic-10867492,qhcn064,True,reddit,full_fp32,2,amx_b_load,0.203371047974,928,263.025999069
diagnostic-10867492/reddit,diagnostic-10867492,qhcn064,True,reddit,full_fp32,2,amx_tdp_compute,0.280618667603,928,263.025999069
diagnostic-10867492/reddit,diagnostic-10867492,qhcn064,True,reddit,full_fp32,2,amx_c_zero,0.000953674316406,116,263.025999069
diagnostic-10867492/reddit,diagnostic-10867492,qhcn064,True,reddit,full_fp32,2,amx_c_load,0,0,263.025999069
diagnostic-10867492/reddit,diagnostic-10867492,qhcn064,True,reddit,full_fp32,2,amx_c_store,0.00810623168945,116,263.025999069
diagnostic-10867492/reddit,diagnostic-10867492,qhcn064,True,reddit,full_fp32,2,output_bf16_conversion,0.046968460083,917,263.025999069
diagnostic-10867492/reddit,diagnostic-10867492,qhcn064,True,reddit,full_fp32,2,output_store,0.0386238098145,917,263.025999069
diagnostic-10867492/reddit,diagnostic-10867492,qhcn064,True,reddit,full_fp32,2,thread_permission,0.0171661376953,32,263.025999069
diagnostic-10867492/reddit,diagnostic-10867492,qhcn064,True,reddit,full_fp32,2,thread_tile_config,0.00596046447754,32,263.025999069
diagnostic-10867492/reddit,diagnostic-10867492,qhcn064,True,reddit,full_fp32,2,thread_tile_release,0.00190734863281,32,263.025999069
diagnostic-10867492/reddit,diagnostic-10867492,qhcn064,True,reddit,full_fp32,2,row_metadata_read,0.0381469726562,58,263.025999069
diagnostic-10867492/roadNet-CA,diagnostic-10867492,qhcn064,True,roadNet-CA,b64_bf16,1,partial_init,0.0979900360107,481,19.9549198151
diagnostic-10867492/roadNet-CA,diagnostic-10867492,qhcn064,True,roadNet-CA,b64_bf16,1,csr_index_read,0.810146331787,21676,19.9549198151
diagnostic-10867492/roadNet-CA,diagnostic-10867492,qhcn064,True,roadNet-CA,b64_bf16,1,csr_next_index_read,0.415086746216,13995,19.9549198151
diagnostic-10867492/roadNet-CA,diagnostic-10867492,qhcn064,True,roadNet-CA,b64_bf16,1,prefetch_issue,0.384330749512,13995,19.9549198151
diagnostic-10867492/roadNet-CA,diagnostic-10867492,qhcn064,True,roadNet-CA,b64_bf16,1,source_feature_load,1.46889686584,21676,19.9549198151
diagnostic-10867492/roadNet-CA,diagnostic-10867492,qhcn064,True,roadNet-CA,b64_bf16,1,source_bf16_decode,0.653982162476,21676,19.9549198151
diagnostic-10867492/roadNet-CA,diagnostic-10867492,qhcn064,True,roadNet-CA,b64_bf16,1,feature_fp32_add,0.653505325317,21676,19.9549198151
diagnostic-10867492/roadNet-CA,diagnostic-10867492,qhcn064,True,roadNet-CA,b64_bf16,1,partial_state_load,0,0,19.9549198151
diagnostic-10867492/roadNet-CA,diagnostic-10867492,qhcn064,True,roadNet-CA,b64_bf16,1,partial_state_store,0.229835510254,7681,19.9549198151
diagnostic-10867492/roadNet-CA,diagnostic-10867492,qhcn064,True,roadNet-CA,b64_bf16,1,partial_hi_pack,1.84869766235,61568,19.9549198151
diagnostic-10867492/roadNet-CA,diagnostic-10867492,qhcn064,True,roadNet-CA,b64_bf16,1,partial_lo_residual,0,0,19.9549198151
diagnostic-10867492/roadNet-CA,diagnostic-10867492,qhcn064,True,roadNet-CA,b64_bf16,1,partial_lo_pack,0,0,19.9549198151
diagnostic-10867492/roadNet-CA,diagnostic-10867492,qhcn064,True,roadNet-CA,b64_bf16,1,amx_a_load,0.128746032715,3848,19.9549198151
diagnostic-10867492/roadNet-CA,diagnostic-10867492,qhcn064,True,roadNet-CA,b64_bf16,1,amx_b_load,0.354528427124,7696,19.9549198151
diagnostic-10867492/roadNet-CA,diagnostic-10867492,qhcn064,True,roadNet-CA,b64_bf16,1,amx_tdp_compute,1.67751312256,7696,19.9549198151
diagnostic-10867492/roadNet-CA,diagnostic-10867492,qhcn064,True,roadNet-CA,b64_bf16,1,amx_c_zero,0.02121925354,962,19.9549198151
diagnostic-10867492/roadNet-CA,diagnostic-10867492,qhcn064,True,roadNet-CA,b64_bf16,1,amx_c_load,0,0,19.9549198151
diagnostic-10867492/roadNet-CA,diagnostic-10867492,qhcn064,True,roadNet-CA,b64_bf16,1,amx_c_store,0.0598430633545,962,19.9549198151
diagnostic-10867492/roadNet-CA,diagnostic-10867492,qhcn064,True,roadNet-CA,b64_bf16,1,output_bf16_conversion,0,0,19.9549198151
diagnostic-10867492/roadNet-CA,diagnostic-10867492,qhcn064,True,roadNet-CA,b64_bf16,1,output_store,0.28133392334,7683,19.9549198151
diagnostic-10867492/roadNet-CA,diagnostic-10867492,qhcn064,True,roadNet-CA,b64_bf16,1,thread_permission,0.0159740447998,32,19.9549198151
diagnostic-10867492/roadNet-CA,diagnostic-10867492,qhcn064,True,roadNet-CA,b64_bf16,1,thread_tile_config,0.00691413879395,32,19.9549198151
diagnostic-10867492/roadNet-CA,diagnostic-10867492,qhcn064,True,roadNet-CA,b64_bf16,1,thread_tile_release,0.000953674316406,32,19.9549198151
diagnostic-10867492/roadNet-CA,diagnostic-10867492,qhcn064,True,roadNet-CA,b64_bf16,1,row_metadata_read,0.0894069671631,483,19.9549198151
diagnostic-10867492/roadNet-CA,diagnostic-10867492,qhcn064,True,roadNet-CA,b64_bf16,2,partial_init,0.124216079712,481,16.1759853363
diagnostic-10867492/roadNet-CA,diagnostic-10867492,qhcn064,True,roadNet-CA,b64_bf16,2,csr_index_read,0.785112380981,21676,16.1759853363
diagnostic-10867492/roadNet-CA,diagnostic-10867492,qhcn064,True,roadNet-CA,b64_bf16,2,csr_next_index_read,0.407218933105,13995,16.1759853363
diagnostic-10867492/roadNet-CA,diagnostic-10867492,qhcn064,True,roadNet-CA,b64_bf16,2,prefetch_issue,0.416278839111,13995,16.1759853363
diagnostic-10867492/roadNet-CA,diagnostic-10867492,qhcn064,True,roadNet-CA,b64_bf16,2,source_feature_load,1.45411491394,21676,16.1759853363
diagnostic-10867492/roadNet-CA,diagnostic-10867492,qhcn064,True,roadNet-CA,b64_bf16,2,source_bf16_decode,0.686883926392,21676,16.1759853363
diagnostic-10867492/roadNet-CA,diagnostic-10867492,qhcn064,True,roadNet-CA,b64_bf16,2,feature_fp32_add,0.634431838989,21676,16.1759853363
diagnostic-10867492/roadNet-CA,diagnostic-10867492,qhcn064,True,roadNet-CA,b64_bf16,2,partial_state_load,0,0,16.1759853363
diagnostic-10867492/roadNet-CA,diagnostic-10867492,qhcn064,True,roadNet-CA,b64_bf16,2,partial_state_store,0.250101089478,7681,16.1759853363
diagnostic-10867492/roadNet-CA,diagnostic-10867492,qhcn064,True,roadNet-CA,b64_bf16,2,partial_hi_pack,1.89638137817,61568,16.1759853363
diagnostic-10867492/roadNet-CA,diagnostic-10867492,qhcn064,True,roadNet-CA,b64_bf16,2,partial_lo_residual,0,0,16.1759853363
diagnostic-10867492/roadNet-CA,diagnostic-10867492,qhcn064,True,roadNet-CA,b64_bf16,2,partial_lo_pack,0,0,16.1759853363
diagnostic-10867492/roadNet-CA,diagnostic-10867492,qhcn064,True,roadNet-CA,b64_bf16,2,amx_a_load,0.11420249939,3848,16.1759853363
diagnostic-10867492/roadNet-CA,diagnostic-10867492,qhcn064,True,roadNet-CA,b64_bf16,2,amx_b_load,0.36883354187,7696,16.1759853363
diagnostic-10867492/roadNet-CA,diagnostic-10867492,qhcn064,True,roadNet-CA,b64_bf16,2,amx_tdp_compute,1.65200233459,7696,16.1759853363
diagnostic-10867492/roadNet-CA,diagnostic-10867492,qhcn064,True,roadNet-CA,b64_bf16,2,amx_c_zero,0.0231266021729,962,16.1759853363
diagnostic-10867492/roadNet-CA,diagnostic-10867492,qhcn064,True,roadNet-CA,b64_bf16,2,amx_c_load,0,0,16.1759853363
diagnostic-10867492/roadNet-CA,diagnostic-10867492,qhcn064,True,roadNet-CA,b64_bf16,2,amx_c_store,0.0457763671875,962,16.1759853363
diagnostic-10867492/roadNet-CA,diagnostic-10867492,qhcn064,True,roadNet-CA,b64_bf16,2,output_bf16_conversion,0.258445739746,7681,16.1759853363
diagnostic-10867492/roadNet-CA,diagnostic-10867492,qhcn064,True,roadNet-CA,b64_bf16,2,output_store,0.23365020752,7683,16.1759853363
diagnostic-10867492/roadNet-CA,diagnostic-10867492,qhcn064,True,roadNet-CA,b64_bf16,2,thread_permission,0.0119209289551,32,16.1759853363
diagnostic-10867492/roadNet-CA,diagnostic-10867492,qhcn064,True,roadNet-CA,b64_bf16,2,thread_tile_config,0.00596046447754,32,16.1759853363
diagnostic-10867492/roadNet-CA,diagnostic-10867492,qhcn064,True,roadNet-CA,b64_bf16,2,thread_tile_release,0.000953674316406,32,16.1759853363
diagnostic-10867492/roadNet-CA,diagnostic-10867492,qhcn064,True,roadNet-CA,b64_bf16,2,row_metadata_read,0.0646114349365,483,16.1759853363
diagnostic-10867492/roadNet-CA,diagnostic-10867492,qhcn064,True,roadNet-CA,b64_fp32,1,partial_init,0.104904174805,481,21.693944931
diagnostic-10867492/roadNet-CA,diagnostic-10867492,qhcn064,True,roadNet-CA,b64_fp32,1,csr_index_read,0.812292098999,21676,21.693944931
diagnostic-10867492/roadNet-CA,diagnostic-10867492,qhcn064,True,roadNet-CA,b64_fp32,1,csr_next_index_read,0.385761260986,13995,21.693944931
diagnostic-10867492/roadNet-CA,diagnostic-10867492,qhcn064,True,roadNet-CA,b64_fp32,1,prefetch_issue,0.412940979004,13995,21.693944931
diagnostic-10867492/roadNet-CA,diagnostic-10867492,qhcn064,True,roadNet-CA,b64_fp32,1,source_feature_load,2.30002403259,21676,21.693944931
diagnostic-10867492/roadNet-CA,diagnostic-10867492,qhcn064,True,roadNet-CA,b64_fp32,1,source_bf16_decode,0,0,21.693944931
diagnostic-10867492/roadNet-CA,diagnostic-10867492,qhcn064,True,roadNet-CA,b64_fp32,1,feature_fp32_add,0.684976577759,21676,21.693944931
diagnostic-10867492/roadNet-CA,diagnostic-10867492,qhcn064,True,roadNet-CA,b64_fp32,1,partial_state_load,0,0,21.693944931
diagnostic-10867492/roadNet-CA,diagnostic-10867492,qhcn064,True,roadNet-CA,b64_fp32,1,partial_state_store,0.277280807495,7681,21.693944931
diagnostic-10867492/roadNet-CA,diagnostic-10867492,qhcn064,True,roadNet-CA,b64_fp32,1,partial_hi_pack,1.85132026672,61568,21.693944931
diagnostic-10867492/roadNet-CA,diagnostic-10867492,qhcn064,True,roadNet-CA,b64_fp32,1,partial_lo_residual,0,0,21.693944931
diagnostic-10867492/roadNet-CA,diagnostic-10867492,qhcn064,True,roadNet-CA,b64_fp32,1,partial_lo_pack,0,0,21.693944931
diagnostic-10867492/roadNet-CA,diagnostic-10867492,qhcn064,True,roadNet-CA,b64_fp32,1,amx_a_load,0.120878219604,3848,21.693944931
diagnostic-10867492/roadNet-CA,diagnostic-10867492,qhcn064,True,roadNet-CA,b64_fp32,1,amx_b_load,0.360250473022,7696,21.693944931
diagnostic-10867492/roadNet-CA,diagnostic-10867492,qhcn064,True,roadNet-CA,b64_fp32,1,amx_tdp_compute,1.68228149414,7696,21.693944931
diagnostic-10867492/roadNet-CA,diagnostic-10867492,qhcn064,True,roadNet-CA,b64_fp32,1,amx_c_zero,0.0307559967041,962,21.693944931
diagnostic-10867492/roadNet-CA,diagnostic-10867492,qhcn064,True,roadNet-CA,b64_fp32,1,amx_c_load,0,0,21.693944931
diagnostic-10867492/roadNet-CA,diagnostic-10867492,qhcn064,True,roadNet-CA,b64_fp32,1,amx_c_store,0.0636577606201,962,21.693944931
diagnostic-10867492/roadNet-CA,diagnostic-10867492,qhcn064,True,roadNet-CA,b64_fp32,1,output_bf16_conversion,0,0,21.693944931
diagnostic-10867492/roadNet-CA,diagnostic-10867492,qhcn064,True,roadNet-CA,b64_fp32,1,output_store,0.271797180176,7683,21.693944931
diagnostic-10867492/roadNet-CA,diagnostic-10867492,qhcn064,True,roadNet-CA,b64_fp32,1,thread_permission,0.0202655792236,32,21.693944931
diagnostic-10867492/roadNet-CA,diagnostic-10867492,qhcn064,True,roadNet-CA,b64_fp32,1,thread_tile_config,0.00572204589844,32,21.693944931
diagnostic-10867492/roadNet-CA,diagnostic-10867492,qhcn064,True,roadNet-CA,b64_fp32,1,thread_tile_release,0.00190734863281,32,21.693944931
diagnostic-10867492/roadNet-CA,diagnostic-10867492,qhcn064,True,roadNet-CA,b64_fp32,1,row_metadata_read,0.0674724578857,483,21.693944931
diagnostic-10867492/roadNet-CA,diagnostic-10867492,qhcn064,True,roadNet-CA,b64_fp32,2,partial_init,0.116586685181,481,18.2590484619
diagnostic-10867492/roadNet-CA,diagnostic-10867492,qhcn064,True,roadNet-CA,b64_fp32,2,csr_index_read,0.802516937256,21676,18.2590484619
diagnostic-10867492/roadNet-CA,diagnostic-10867492,qhcn064,True,roadNet-CA,b64_fp32,2,csr_next_index_read,0.445365905762,13995,18.2590484619
diagnostic-10867492/roadNet-CA,diagnostic-10867492,qhcn064,True,roadNet-CA,b64_fp32,2,prefetch_issue,0.473499298096,13995,18.2590484619
diagnostic-10867492/roadNet-CA,diagnostic-10867492,qhcn064,True,roadNet-CA,b64_fp32,2,source_feature_load,2.10237503052,21676,18.2590484619
diagnostic-10867492/roadNet-CA,diagnostic-10867492,qhcn064,True,roadNet-CA,b64_fp32,2,source_bf16_decode,0,0,18.2590484619
diagnostic-10867492/roadNet-CA,diagnostic-10867492,qhcn064,True,roadNet-CA,b64_fp32,2,feature_fp32_add,0.6103515625,21676,18.2590484619
diagnostic-10867492/roadNet-CA,diagnostic-10867492,qhcn064,True,roadNet-CA,b64_fp32,2,partial_state_load,0,0,18.2590484619
diagnostic-10867492/roadNet-CA,diagnostic-10867492,qhcn064,True,roadNet-CA,b64_fp32,2,partial_state_store,0.271081924438,7681,18.2590484619
diagnostic-10867492/roadNet-CA,diagnostic-10867492,qhcn064,True,roadNet-CA,b64_fp32,2,partial_hi_pack,1.87873840332,61568,18.2590484619
diagnostic-10867492/roadNet-CA,diagnostic-10867492,qhcn064,True,roadNet-CA,b64_fp32,2,partial_lo_residual,0,0,18.2590484619
diagnostic-10867492/roadNet-CA,diagnostic-10867492,qhcn064,True,roadNet-CA,b64_fp32,2,partial_lo_pack,0,0,18.2590484619
diagnostic-10867492/roadNet-CA,diagnostic-10867492,qhcn064,True,roadNet-CA,b64_fp32,2,amx_a_load,0.137567520142,3848,18.2590484619
diagnostic-10867492/roadNet-CA,diagnostic-10867492,qhcn064,True,roadNet-CA,b64_fp32,2,amx_b_load,0.409364700317,7696,18.2590484619
diagnostic-10867492/roadNet-CA,diagnostic-10867492,qhcn064,True,roadNet-CA,b64_fp32,2,amx_tdp_compute,1.73449516296,7696,18.2590484619
diagnostic-10867492/roadNet-CA,diagnostic-10867492,qhcn064,True,roadNet-CA,b64_fp32,2,amx_c_zero,0.0300407409668,962,18.2590484619
diagnostic-10867492/roadNet-CA,diagnostic-10867492,qhcn064,True,roadNet-CA,b64_fp32,2,amx_c_load,0,0,18.2590484619
diagnostic-10867492/roadNet-CA,diagnostic-10867492,qhcn064,True,roadNet-CA,b64_fp32,2,amx_c_store,0.0507831573486,962,18.2590484619
diagnostic-10867492/roadNet-CA,diagnostic-10867492,qhcn064,True,roadNet-CA,b64_fp32,2,output_bf16_conversion,0.234842300415,7681,18.2590484619
diagnostic-10867492/roadNet-CA,diagnostic-10867492,qhcn064,True,roadNet-CA,b64_fp32,2,output_store,0.254154205322,7683,18.2590484619
diagnostic-10867492/roadNet-CA,diagnostic-10867492,qhcn064,True,roadNet-CA,b64_fp32,2,thread_permission,0.0228881835938,32,18.2590484619
diagnostic-10867492/roadNet-CA,diagnostic-10867492,qhcn064,True,roadNet-CA,b64_fp32,2,thread_tile_config,0.0133514404297,32,18.2590484619
diagnostic-10867492/roadNet-CA,diagnostic-10867492,qhcn064,True,roadNet-CA,b64_fp32,2,thread_tile_release,0.000953674316406,32,18.2590484619
diagnostic-10867492/roadNet-CA,diagnostic-10867492,qhcn064,True,roadNet-CA,b64_fp32,2,row_metadata_read,0.0724792480469,483,18.2590484619
diagnostic-10867492/roadNet-CA,diagnostic-10867492,qhcn064,True,roadNet-CA,full_bf16,1,partial_init,0.0967979431152,481,19.0939903259
diagnostic-10867492/roadNet-CA,diagnostic-10867492,qhcn064,True,roadNet-CA,full_bf16,1,csr_index_read,0.779628753662,21676,19.0939903259
diagnostic-10867492/roadNet-CA,diagnostic-10867492,qhcn064,True,roadNet-CA,full_bf16,1,csr_next_index_read,0.403165817261,13995,19.0939903259
diagnostic-10867492/roadNet-CA,diagnostic-10867492,qhcn064,True,roadNet-CA,full_bf16,1,prefetch_issue,0.411033630371,13995,19.0939903259
diagnostic-10867492/roadNet-CA,diagnostic-10867492,qhcn064,True,roadNet-CA,full_bf16,1,source_feature_load,1.45959854126,21676,19.0939903259
diagnostic-10867492/roadNet-CA,diagnostic-10867492,qhcn064,True,roadNet-CA,full_bf16,1,source_bf16_decode,0.620603561401,21676,19.0939903259
diagnostic-10867492/roadNet-CA,diagnostic-10867492,qhcn064,True,roadNet-CA,full_bf16,1,feature_fp32_add,0.627994537354,21676,19.0939903259
diagnostic-10867492/roadNet-CA,diagnostic-10867492,qhcn064,True,roadNet-CA,full_bf16,1,partial_state_load,0,0,19.0939903259
diagnostic-10867492/roadNet-CA,diagnostic-10867492,qhcn064,True,roadNet-CA,full_bf16,1,partial_state_store,0.226497650146,7681,19.0939903259
diagnostic-10867492/roadNet-CA,diagnostic-10867492,qhcn064,True,roadNet-CA,full_bf16,1,partial_hi_pack,1.83200836182,61568,19.0939903259
diagnostic-10867492/roadNet-CA,diagnostic-10867492,qhcn064,True,roadNet-CA,full_bf16,1,partial_lo_residual,0,0,19.0939903259
diagnostic-10867492/roadNet-CA,diagnostic-10867492,qhcn064,True,roadNet-CA,full_bf16,1,partial_lo_pack,0,0,19.0939903259
diagnostic-10867492/roadNet-CA,diagnostic-10867492,qhcn064,True,roadNet-CA,full_bf16,1,amx_a_load,0.128269195557,3848,19.0939903259
diagnostic-10867492/roadNet-CA,diagnostic-10867492,qhcn064,True,roadNet-CA,full_bf16,1,amx_b_load,0.385284423828,7696,19.0939903259
diagnostic-10867492/roadNet-CA,diagnostic-10867492,qhcn064,True,roadNet-CA,full_bf16,1,amx_tdp_compute,1.66273117065,7696,19.0939903259
diagnostic-10867492/roadNet-CA,diagnostic-10867492,qhcn064,True,roadNet-CA,full_bf16,1,amx_c_zero,0.0269412994385,962,19.0939903259
diagnostic-10867492/roadNet-CA,diagnostic-10867492,qhcn064,True,roadNet-CA,full_bf16,1,amx_c_load,0,0,19.0939903259
diagnostic-10867492/roadNet-CA,diagnostic-10867492,qhcn064,True,roadNet-CA,full_bf16,1,amx_c_store,0.0519752502441,962,19.0939903259
diagnostic-10867492/roadNet-CA,diagnostic-10867492,qhcn064,True,roadNet-CA,full_bf16,1,output_bf16_conversion,0,0,19.0939903259
diagnostic-10867492/roadNet-CA,diagnostic-10867492,qhcn064,True,roadNet-CA,full_bf16,1,output_store,0.277280807495,7683,19.0939903259
diagnostic-10867492/roadNet-CA,diagnostic-10867492,qhcn064,True,roadNet-CA,full_bf16,1,thread_permission,0.0123977661133,32,19.0939903259
diagnostic-10867492/roadNet-CA,diagnostic-10867492,qhcn064,True,roadNet-CA,full_bf16,1,thread_tile_config,0.00667572021484,32,19.0939903259
diagnostic-10867492/roadNet-CA,diagnostic-10867492,qhcn064,True,roadNet-CA,full_bf16,1,thread_tile_release,0.00190734863281,32,19.0939903259
diagnostic-10867492/roadNet-CA,diagnostic-10867492,qhcn064,True,roadNet-CA,full_bf16,1,row_metadata_read,0.0674724578857,483,19.0939903259
diagnostic-10867492/roadNet-CA,diagnostic-10867492,qhcn064,True,roadNet-CA,full_bf16,2,partial_init,0.114917755127,481,16.1550045013
diagnostic-10867492/roadNet-CA,diagnostic-10867492,qhcn064,True,roadNet-CA,full_bf16,2,csr_index_read,0.81467628479,21676,16.1550045013
diagnostic-10867492/roadNet-CA,diagnostic-10867492,qhcn064,True,roadNet-CA,full_bf16,2,csr_next_index_read,0.3981590271,13995,16.1550045013
diagnostic-10867492/roadNet-CA,diagnostic-10867492,qhcn064,True,roadNet-CA,full_bf16,2,prefetch_issue,0.429153442383,13995,16.1550045013
diagnostic-10867492/roadNet-CA,diagnostic-10867492,qhcn064,True,roadNet-CA,full_bf16,2,source_feature_load,1.37209892273,21676,16.1550045013
diagnostic-10867492/roadNet-CA,diagnostic-10867492,qhcn064,True,roadNet-CA,full_bf16,2,source_bf16_decode,0.683069229126,21676,16.1550045013
diagnostic-10867492/roadNet-CA,diagnostic-10867492,qhcn064,True,roadNet-CA,full_bf16,2,feature_fp32_add,0.662803649902,21676,16.1550045013
diagnostic-10867492/roadNet-CA,diagnostic-10867492,qhcn064,True,roadNet-CA,full_bf16,2,partial_state_load,0,0,16.1550045013
diagnostic-10867492/roadNet-CA,diagnostic-10867492,qhcn064,True,roadNet-CA,full_bf16,2,partial_state_store,0.251770019531,7681,16.1550045013
diagnostic-10867492/roadNet-CA,diagnostic-10867492,qhcn064,True,roadNet-CA,full_bf16,2,partial_hi_pack,1.86109542847,61568,16.1550045013
diagnostic-10867492/roadNet-CA,diagnostic-10867492,qhcn064,True,roadNet-CA,full_bf16,2,partial_lo_residual,0,0,16.1550045013
diagnostic-10867492/roadNet-CA,diagnostic-10867492,qhcn064,True,roadNet-CA,full_bf16,2,partial_lo_pack,0,0,16.1550045013
diagnostic-10867492/roadNet-CA,diagnostic-10867492,qhcn064,True,roadNet-CA,full_bf16,2,amx_a_load,0.113964080811,3848,16.1550045013
diagnostic-10867492/roadNet-CA,diagnostic-10867492,qhcn064,True,roadNet-CA,full_bf16,2,amx_b_load,0.355243682861,7696,16.1550045013
diagnostic-10867492/roadNet-CA,diagnostic-10867492,qhcn064,True,roadNet-CA,full_bf16,2,amx_tdp_compute,1.75189971924,7696,16.1550045013
diagnostic-10867492/roadNet-CA,diagnostic-10867492,qhcn064,True,roadNet-CA,full_bf16,2,amx_c_zero,0.0357627868652,962,16.1550045013
diagnostic-10867492/roadNet-CA,diagnostic-10867492,qhcn064,True,roadNet-CA,full_bf16,2,amx_c_load,0,0,16.1550045013
diagnostic-10867492/roadNet-CA,diagnostic-10867492,qhcn064,True,roadNet-CA,full_bf16,2,amx_c_store,0.058650970459,962,16.1550045013
diagnostic-10867492/roadNet-CA,diagnostic-10867492,qhcn064,True,roadNet-CA,full_bf16,2,output_bf16_conversion,0.227689743042,7681,16.1550045013
diagnostic-10867492/roadNet-CA,diagnostic-10867492,qhcn064,True,roadNet-CA,full_bf16,2,output_store,0.223398208618,7683,16.1550045013
diagnostic-10867492/roadNet-CA,diagnostic-10867492,qhcn064,True,roadNet-CA,full_bf16,2,thread_permission,0.0181198120117,32,16.1550045013
diagnostic-10867492/roadNet-CA,diagnostic-10867492,qhcn064,True,roadNet-CA,full_bf16,2,thread_tile_config,0.00572204589844,32,16.1550045013
diagnostic-10867492/roadNet-CA,diagnostic-10867492,qhcn064,True,roadNet-CA,full_bf16,2,thread_tile_release,0.000953674316406,32,16.1550045013
diagnostic-10867492/roadNet-CA,diagnostic-10867492,qhcn064,True,roadNet-CA,full_bf16,2,row_metadata_read,0.0760555267334,483,16.1550045013
diagnostic-10867492/roadNet-CA,diagnostic-10867492,qhcn064,True,roadNet-CA,full_fp32,1,partial_init,0.107765197754,481,21.6858386993
diagnostic-10867492/roadNet-CA,diagnostic-10867492,qhcn064,True,roadNet-CA,full_fp32,1,csr_index_read,0.80680847168,21676,21.6858386993
diagnostic-10867492/roadNet-CA,diagnostic-10867492,qhcn064,True,roadNet-CA,full_fp32,1,csr_next_index_read,0.422954559326,13995,21.6858386993
diagnostic-10867492/roadNet-CA,diagnostic-10867492,qhcn064,True,roadNet-CA,full_fp32,1,prefetch_issue,0.386714935303,13995,21.6858386993
diagnostic-10867492/roadNet-CA,diagnostic-10867492,qhcn064,True,roadNet-CA,full_fp32,1,source_feature_load,2.28428840637,21676,21.6858386993
diagnostic-10867492/roadNet-CA,diagnostic-10867492,qhcn064,True,roadNet-CA,full_fp32,1,source_bf16_decode,0,0,21.6858386993
diagnostic-10867492/roadNet-CA,diagnostic-10867492,qhcn064,True,roadNet-CA,full_fp32,1,feature_fp32_add,0.686645507812,21676,21.6858386993
diagnostic-10867492/roadNet-CA,diagnostic-10867492,qhcn064,True,roadNet-CA,full_fp32,1,partial_state_load,0,0,21.6858386993
diagnostic-10867492/roadNet-CA,diagnostic-10867492,qhcn064,True,roadNet-CA,full_fp32,1,partial_state_store,0.236749649048,7681,21.6858386993
diagnostic-10867492/roadNet-CA,diagnostic-10867492,qhcn064,True,roadNet-CA,full_fp32,1,partial_hi_pack,1.83415412903,61568,21.6858386993
diagnostic-10867492/roadNet-CA,diagnostic-10867492,qhcn064,True,roadNet-CA,full_fp32,1,partial_lo_residual,0,0,21.6858386993
diagnostic-10867492/roadNet-CA,diagnostic-10867492,qhcn064,True,roadNet-CA,full_fp32,1,partial_lo_pack,0,0,21.6858386993
diagnostic-10867492/roadNet-CA,diagnostic-10867492,qhcn064,True,roadNet-CA,full_fp32,1,amx_a_load,0.120162963867,3848,21.6858386993
diagnostic-10867492/roadNet-CA,diagnostic-10867492,qhcn064,True,roadNet-CA,full_fp32,1,amx_b_load,0.406265258789,7696,21.6858386993
diagnostic-10867492/roadNet-CA,diagnostic-10867492,qhcn064,True,roadNet-CA,full_fp32,1,amx_tdp_compute,1.66463851929,7696,21.6858386993
diagnostic-10867492/roadNet-CA,diagnostic-10867492,qhcn064,True,roadNet-CA,full_fp32,1,amx_c_zero,0.0283718109131,962,21.6858386993
diagnostic-10867492/roadNet-CA,diagnostic-10867492,qhcn064,True,roadNet-CA,full_fp32,1,amx_c_load,0,0,21.6858386993
diagnostic-10867492/roadNet-CA,diagnostic-10867492,qhcn064,True,roadNet-CA,full_fp32,1,amx_c_store,0.0472068786621,962,21.6858386993
diagnostic-10867492/roadNet-CA,diagnostic-10867492,qhcn064,True,roadNet-CA,full_fp32,1,output_bf16_conversion,0,0,21.6858386993
diagnostic-10867492/roadNet-CA,diagnostic-10867492,qhcn064,True,roadNet-CA,full_fp32,1,output_store,0.279426574707,7683,21.6858386993
diagnostic-10867492/roadNet-CA,diagnostic-10867492,qhcn064,True,roadNet-CA,full_fp32,1,thread_permission,0.014066696167,32,21.6858386993
diagnostic-10867492/roadNet-CA,diagnostic-10867492,qhcn064,True,roadNet-CA,full_fp32,1,thread_tile_config,0.00643730163574,32,21.6858386993
diagnostic-10867492/roadNet-CA,diagnostic-10867492,qhcn064,True,roadNet-CA,full_fp32,1,thread_tile_release,0.000953674316406,32,21.6858386993
diagnostic-10867492/roadNet-CA,diagnostic-10867492,qhcn064,True,roadNet-CA,full_fp32,1,row_metadata_read,0.0684261322021,483,21.6858386993
diagnostic-10867492/roadNet-CA,diagnostic-10867492,qhcn064,True,roadNet-CA,full_fp32,2,partial_init,0.0851154327393,481,18.2991027832
diagnostic-10867492/roadNet-CA,diagnostic-10867492,qhcn064,True,roadNet-CA,full_fp32,2,csr_index_read,0.808477401733,21676,18.2991027832
diagnostic-10867492/roadNet-CA,diagnostic-10867492,qhcn064,True,roadNet-CA,full_fp32,2,csr_next_index_read,0.381708145142,13995,18.2991027832
diagnostic-10867492/roadNet-CA,diagnostic-10867492,qhcn064,True,roadNet-CA,full_fp32,2,prefetch_issue,0.411033630371,13995,18.2991027832
diagnostic-10867492/roadNet-CA,diagnostic-10867492,qhcn064,True,roadNet-CA,full_fp32,2,source_feature_load,2.05540657043,21676,18.2991027832
diagnostic-10867492/roadNet-CA,diagnostic-10867492,qhcn064,True,roadNet-CA,full_fp32,2,source_bf16_decode,0,0,18.2991027832
diagnostic-10867492/roadNet-CA,diagnostic-10867492,qhcn064,True,roadNet-CA,full_fp32,2,feature_fp32_add,0.649452209473,21676,18.2991027832
diagnostic-10867492/roadNet-CA,diagnostic-10867492,qhcn064,True,roadNet-CA,full_fp32,2,partial_state_load,0,0,18.2991027832
diagnostic-10867492/roadNet-CA,diagnostic-10867492,qhcn064,True,roadNet-CA,full_fp32,2,partial_state_store,0.270128250122,7681,18.2991027832
diagnostic-10867492/roadNet-CA,diagnostic-10867492,qhcn064,True,roadNet-CA,full_fp32,2,partial_hi_pack,1.87540054321,61568,18.2991027832
diagnostic-10867492/roadNet-CA,diagnostic-10867492,qhcn064,True,roadNet-CA,full_fp32,2,partial_lo_residual,0,0,18.2991027832
diagnostic-10867492/roadNet-CA,diagnostic-10867492,qhcn064,True,roadNet-CA,full_fp32,2,partial_lo_pack,0,0,18.2991027832
diagnostic-10867492/roadNet-CA,diagnostic-10867492,qhcn064,True,roadNet-CA,full_fp32,2,amx_a_load,0.17237663269,3848,18.2991027832
diagnostic-10867492/roadNet-CA,diagnostic-10867492,qhcn064,True,roadNet-CA,full_fp32,2,amx_b_load,0.407457351685,7696,18.2991027832
diagnostic-10867492/roadNet-CA,diagnostic-10867492,qhcn064,True,roadNet-CA,full_fp32,2,amx_tdp_compute,1.77931785583,7696,18.2991027832
diagnostic-10867492/roadNet-CA,diagnostic-10867492,qhcn064,True,roadNet-CA,full_fp32,2,amx_c_zero,0.0262260437012,962,18.2991027832
diagnostic-10867492/roadNet-CA,diagnostic-10867492,qhcn064,True,roadNet-CA,full_fp32,2,amx_c_load,0,0,18.2991027832
diagnostic-10867492/roadNet-CA,diagnostic-10867492,qhcn064,True,roadNet-CA,full_fp32,2,amx_c_store,0.0488758087158,962,18.2991027832
diagnostic-10867492/roadNet-CA,diagnostic-10867492,qhcn064,True,roadNet-CA,full_fp32,2,output_bf16_conversion,0.241756439209,7681,18.2991027832
diagnostic-10867492/roadNet-CA,diagnostic-10867492,qhcn064,True,roadNet-CA,full_fp32,2,output_store,0.231742858887,7683,18.2991027832
diagnostic-10867492/roadNet-CA,diagnostic-10867492,qhcn064,True,roadNet-CA,full_fp32,2,thread_permission,0.0133514404297,32,18.2991027832
diagnostic-10867492/roadNet-CA,diagnostic-10867492,qhcn064,True,roadNet-CA,full_fp32,2,thread_tile_config,0.00762939453125,32,18.2991027832
diagnostic-10867492/roadNet-CA,diagnostic-10867492,qhcn064,True,roadNet-CA,full_fp32,2,thread_tile_release,0,32,18.2991027832
diagnostic-10867492/roadNet-CA,diagnostic-10867492,qhcn064,True,roadNet-CA,full_fp32,2,row_metadata_read,0.0717639923096,483,18.2991027832
diagnostic-10867492/wiki-Talk,diagnostic-10867492,qhcn064,True,wiki-Talk,b64_bf16,1,partial_init,0.259876251221,1606,85.2279663086
diagnostic-10867492/wiki-Talk,diagnostic-10867492,qhcn064,True,wiki-Talk,b64_bf16,1,csr_index_read,2.99644470215,110027,85.2279663086
diagnostic-10867492/wiki-Talk,diagnostic-10867492,qhcn064,True,wiki-Talk,b64_bf16,1,csr_next_index_read,2.96807289124,107776,85.2279663086
diagnostic-10867492/wiki-Talk,diagnostic-10867492,qhcn064,True,wiki-Talk,b64_bf16,1,prefetch_issue,2.99835205078,107776,85.2279663086
diagnostic-10867492/wiki-Talk,diagnostic-10867492,qhcn064,True,wiki-Talk,b64_bf16,1,source_feature_load,3.30114364624,110027,85.2279663086
diagnostic-10867492/wiki-Talk,diagnostic-10867492,qhcn064,True,wiki-Talk,b64_bf16,1,source_bf16_decode,3.04937362671,110027,85.2279663086
diagnostic-10867492/wiki-Talk,diagnostic-10867492,qhcn064,True,wiki-Talk,b64_bf16,1,feature_fp32_add,3.02743911743,110027,85.2279663086
diagnostic-10867492/wiki-Talk,diagnostic-10867492,qhcn064,True,wiki-Talk,b64_bf16,1,partial_state_load,0,0,85.2279663086
diagnostic-10867492/wiki-Talk,diagnostic-10867492,qhcn064,True,wiki-Talk,b64_bf16,1,partial_state_store,0.0641345977783,2251,85.2279663086
diagnostic-10867492/wiki-Talk,diagnostic-10867492,qhcn064,True,wiki-Talk,b64_bf16,1,partial_hi_pack,6.03032112122,205568,85.2279663086
diagnostic-10867492/wiki-Talk,diagnostic-10867492,qhcn064,True,wiki-Talk,b64_bf16,1,partial_lo_residual,0,0,85.2279663086
diagnostic-10867492/wiki-Talk,diagnostic-10867492,qhcn064,True,wiki-Talk,b64_bf16,1,partial_lo_pack,0,0,85.2279663086
diagnostic-10867492/wiki-Talk,diagnostic-10867492,qhcn064,True,wiki-Talk,b64_bf16,1,amx_a_load,0.348091125488,12848,85.2279663086
diagnostic-10867492/wiki-Talk,diagnostic-10867492,qhcn064,True,wiki-Talk,b64_bf16,1,amx_b_load,0.953674316406,25696,85.2279663086
diagnostic-10867492/wiki-Talk,diagnostic-10867492,qhcn064,True,wiki-Talk,b64_bf16,1,amx_tdp_compute,1.73807144165,25696,85.2279663086
diagnostic-10867492/wiki-Talk,diagnostic-10867492,qhcn064,True,wiki-Talk,b64_bf16,1,amx_c_zero,0.00405311584473,74,85.2279663086
diagnostic-10867492/wiki-Talk,diagnostic-10867492,qhcn064,True,wiki-Talk,b64_bf16,1,amx_c_load,0.154733657837,3138,85.2279663086
diagnostic-10867492/wiki-Talk,diagnostic-10867492,qhcn064,True,wiki-Talk,b64_bf16,1,amx_c_store,0.170707702637,3212,85.2279663086
diagnostic-10867492/wiki-Talk,diagnostic-10867492,qhcn064,True,wiki-Talk,b64_bf16,1,output_bf16_conversion,0,0,85.2279663086
diagnostic-10867492/wiki-Talk,diagnostic-10867492,qhcn064,True,wiki-Talk,b64_bf16,1,output_store,0.345706939697,1126,85.2279663086
diagnostic-10867492/wiki-Talk,diagnostic-10867492,qhcn064,True,wiki-Talk,b64_bf16,1,thread_permission,0.0138282775879,32,85.2279663086
diagnostic-10867492/wiki-Talk,diagnostic-10867492,qhcn064,True,wiki-Talk,b64_bf16,1,thread_tile_config,0.00572204589844,32,85.2279663086
diagnostic-10867492/wiki-Talk,diagnostic-10867492,qhcn064,True,wiki-Talk,b64_bf16,1,thread_tile_release,0.000953674316406,32,85.2279663086
diagnostic-10867492/wiki-Talk,diagnostic-10867492,qhcn064,True,wiki-Talk,b64_bf16,1,row_metadata_read,0.0464916229248,586,85.2279663086
diagnostic-10867492/wiki-Talk,diagnostic-10867492,qhcn064,True,wiki-Talk,b64_bf16,2,partial_init,0.271558761597,1606,84.4888687134
diagnostic-10867492/wiki-Talk,diagnostic-10867492,qhcn064,True,wiki-Talk,b64_bf16,2,csr_index_read,3.08156013489,110027,84.4888687134
diagnostic-10867492/wiki-Talk,diagnostic-10867492,qhcn064,True,wiki-Talk,b64_bf16,2,csr_next_index_read,2.99954414368,107776,84.4888687134
diagnostic-10867492/wiki-Talk,diagnostic-10867492,qhcn064,True,wiki-Talk,b64_bf16,2,prefetch_issue,3.00550460815,107776,84.4888687134
diagnostic-10867492/wiki-Talk,diagnostic-10867492,qhcn064,True,wiki-Talk,b64_bf16,2,source_feature_load,3.29923629761,110027,84.4888687134
diagnostic-10867492/wiki-Talk,diagnostic-10867492,qhcn064,True,wiki-Talk,b64_bf16,2,source_bf16_decode,2.95186042786,110027,84.4888687134
diagnostic-10867492/wiki-Talk,diagnostic-10867492,qhcn064,True,wiki-Talk,b64_bf16,2,feature_fp32_add,2.99167633057,110027,84.4888687134
diagnostic-10867492/wiki-Talk,diagnostic-10867492,qhcn064,True,wiki-Talk,b64_bf16,2,partial_state_load,0,0,84.4888687134
diagnostic-10867492/wiki-Talk,diagnostic-10867492,qhcn064,True,wiki-Talk,b64_bf16,2,partial_state_store,0.0691413879395,2251,84.4888687134
diagnostic-10867492/wiki-Talk,diagnostic-10867492,qhcn064,True,wiki-Talk,b64_bf16,2,partial_hi_pack,5.96690177917,205568,84.4888687134
diagnostic-10867492/wiki-Talk,diagnostic-10867492,qhcn064,True,wiki-Talk,b64_bf16,2,partial_lo_residual,0,0,84.4888687134
diagnostic-10867492/wiki-Talk,diagnostic-10867492,qhcn064,True,wiki-Talk,b64_bf16,2,partial_lo_pack,0,0,84.4888687134
diagnostic-10867492/wiki-Talk,diagnostic-10867492,qhcn064,True,wiki-Talk,b64_bf16,2,amx_a_load,0.345230102539,12848,84.4888687134
diagnostic-10867492/wiki-Talk,diagnostic-10867492,qhcn064,True,wiki-Talk,b64_bf16,2,amx_b_load,1.01137161255,25696,84.4888687134
diagnostic-10867492/wiki-Talk,diagnostic-10867492,qhcn064,True,wiki-Talk,b64_bf16,2,amx_tdp_compute,1.73687934875,25696,84.4888687134
diagnostic-10867492/wiki-Talk,diagnostic-10867492,qhcn064,True,wiki-Talk,b64_bf16,2,amx_c_zero,0.00190734863281,74,84.4888687134
diagnostic-10867492/wiki-Talk,diagnostic-10867492,qhcn064,True,wiki-Talk,b64_bf16,2,amx_c_load,0.156879425049,3138,84.4888687134
diagnostic-10867492/wiki-Talk,diagnostic-10867492,qhcn064,True,wiki-Talk,b64_bf16,2,amx_c_store,0.176429748535,3212,84.4888687134
diagnostic-10867492/wiki-Talk,diagnostic-10867492,qhcn064,True,wiki-Talk,b64_bf16,2,output_bf16_conversion,0.018835067749,577,84.4888687134
diagnostic-10867492/wiki-Talk,diagnostic-10867492,qhcn064,True,wiki-Talk,b64_bf16,2,output_store,0.113725662231,1126,84.4888687134
diagnostic-10867492/wiki-Talk,diagnostic-10867492,qhcn064,True,wiki-Talk,b64_bf16,2,thread_permission,0.0190734863281,32,84.4888687134
diagnostic-10867492/wiki-Talk,diagnostic-10867492,qhcn064,True,wiki-Talk,b64_bf16,2,thread_tile_config,0.00905990600586,32,84.4888687134
diagnostic-10867492/wiki-Talk,diagnostic-10867492,qhcn064,True,wiki-Talk,b64_bf16,2,thread_tile_release,0,32,84.4888687134
diagnostic-10867492/wiki-Talk,diagnostic-10867492,qhcn064,True,wiki-Talk,b64_bf16,2,row_metadata_read,0.0541210174561,586,84.4888687134
diagnostic-10867492/wiki-Talk,diagnostic-10867492,qhcn064,True,wiki-Talk,b64_fp32,1,partial_init,0.268697738647,1606,88.4521007538
diagnostic-10867492/wiki-Talk,diagnostic-10867492,qhcn064,True,wiki-Talk,b64_fp32,1,csr_index_read,3.05581092834,110027,88.4521007538
diagnostic-10867492/wiki-Talk,diagnostic-10867492,qhcn064,True,wiki-Talk,b64_fp32,1,csr_next_index_read,2.94899940491,107776,88.4521007538
diagnostic-10867492/wiki-Talk,diagnostic-10867492,qhcn064,True,wiki-Talk,b64_fp32,1,prefetch_issue,3.09443473816,107776,88.4521007538
diagnostic-10867492/wiki-Talk,diagnostic-10867492,qhcn064,True,wiki-Talk,b64_fp32,1,source_feature_load,10.2324485779,110027,88.4521007538
diagnostic-10867492/wiki-Talk,diagnostic-10867492,qhcn064,True,wiki-Talk,b64_fp32,1,source_bf16_decode,0,0,88.4521007538
diagnostic-10867492/wiki-Talk,diagnostic-10867492,qhcn064,True,wiki-Talk,b64_fp32,1,feature_fp32_add,2.98094749451,110027,88.4521007538
diagnostic-10867492/wiki-Talk,diagnostic-10867492,qhcn064,True,wiki-Talk,b64_fp32,1,partial_state_load,0,0,88.4521007538
diagnostic-10867492/wiki-Talk,diagnostic-10867492,qhcn064,True,wiki-Talk,b64_fp32,1,partial_state_store,0.0708103179932,2251,88.4521007538
diagnostic-10867492/wiki-Talk,diagnostic-10867492,qhcn064,True,wiki-Talk,b64_fp32,1,partial_hi_pack,6.07967376709,205568,88.4521007538
diagnostic-10867492/wiki-Talk,diagnostic-10867492,qhcn064,True,wiki-Talk,b64_fp32,1,partial_lo_residual,0,0,88.4521007538
diagnostic-10867492/wiki-Talk,diagnostic-10867492,qhcn064,True,wiki-Talk,b64_fp32,1,partial_lo_pack,0,0,88.4521007538
diagnostic-10867492/wiki-Talk,diagnostic-10867492,qhcn064,True,wiki-Talk,b64_fp32,1,amx_a_load,0.345945358276,12848,88.4521007538
diagnostic-10867492/wiki-Talk,diagnostic-10867492,qhcn064,True,wiki-Talk,b64_fp32,1,amx_b_load,0.98991394043,25696,88.4521007538
diagnostic-10867492/wiki-Talk,diagnostic-10867492,qhcn064,True,wiki-Talk,b64_fp32,1,amx_tdp_compute,1.71780586243,25696,88.4521007538
diagnostic-10867492/wiki-Talk,diagnostic-10867492,qhcn064,True,wiki-Talk,b64_fp32,1,amx_c_zero,0.00381469726562,74,88.4521007538
diagnostic-10867492/wiki-Talk,diagnostic-10867492,qhcn064,True,wiki-Talk,b64_fp32,1,amx_c_load,0.164270401001,3138,88.4521007538
diagnostic-10867492/wiki-Talk,diagnostic-10867492,qhcn064,True,wiki-Talk,b64_fp32,1,amx_c_store,0.149965286255,3212,88.4521007538
diagnostic-10867492/wiki-Talk,diagnostic-10867492,qhcn064,True,wiki-Talk,b64_fp32,1,output_bf16_conversion,0,0,88.4521007538
diagnostic-10867492/wiki-Talk,diagnostic-10867492,qhcn064,True,wiki-Talk,b64_fp32,1,output_store,0.353813171387,1126,88.4521007538
diagnostic-10867492/wiki-Talk,diagnostic-10867492,qhcn064,True,wiki-Talk,b64_fp32,1,thread_permission,0.0202655792236,32,88.4521007538
diagnostic-10867492/wiki-Talk,diagnostic-10867492,qhcn064,True,wiki-Talk,b64_fp32,1,thread_tile_config,0.00476837158203,32,88.4521007538
diagnostic-10867492/wiki-Talk,diagnostic-10867492,qhcn064,True,wiki-Talk,b64_fp32,1,thread_tile_release,0.000953674316406,32,88.4521007538
diagnostic-10867492/wiki-Talk,diagnostic-10867492,qhcn064,True,wiki-Talk,b64_fp32,1,row_metadata_read,0.0381469726562,586,88.4521007538
diagnostic-10867492/wiki-Talk,diagnostic-10867492,qhcn064,True,wiki-Talk,b64_fp32,2,partial_init,0.241994857788,1606,88.3829593658
diagnostic-10867492/wiki-Talk,diagnostic-10867492,qhcn064,True,wiki-Talk,b64_fp32,2,csr_index_read,3.07083129883,110027,88.3829593658
diagnostic-10867492/wiki-Talk,diagnostic-10867492,qhcn064,True,wiki-Talk,b64_fp32,2,csr_next_index_read,2.91395187378,107776,88.3829593658
diagnostic-10867492/wiki-Talk,diagnostic-10867492,qhcn064,True,wiki-Talk,b64_fp32,2,prefetch_issue,3.10921669006,107776,88.3829593658
diagnostic-10867492/wiki-Talk,diagnostic-10867492,qhcn064,True,wiki-Talk,b64_fp32,2,source_feature_load,10.0011825562,110027,88.3829593658
diagnostic-10867492/wiki-Talk,diagnostic-10867492,qhcn064,True,wiki-Talk,b64_fp32,2,source_bf16_decode,0,0,88.3829593658
diagnostic-10867492/wiki-Talk,diagnostic-10867492,qhcn064,True,wiki-Talk,b64_fp32,2,feature_fp32_add,2.97689437866,110027,88.3829593658
diagnostic-10867492/wiki-Talk,diagnostic-10867492,qhcn064,True,wiki-Talk,b64_fp32,2,partial_state_load,0,0,88.3829593658
diagnostic-10867492/wiki-Talk,diagnostic-10867492,qhcn064,True,wiki-Talk,b64_fp32,2,partial_state_store,0.0498294830322,2251,88.3829593658
diagnostic-10867492/wiki-Talk,diagnostic-10867492,qhcn064,True,wiki-Talk,b64_fp32,2,partial_hi_pack,5.98692893982,205568,88.3829593658
diagnostic-10867492/wiki-Talk,diagnostic-10867492,qhcn064,True,wiki-Talk,b64_fp32,2,partial_lo_residual,0,0,88.3829593658
diagnostic-10867492/wiki-Talk,diagnostic-10867492,qhcn064,True,wiki-Talk,b64_fp32,2,partial_lo_pack,0,0,88.3829593658
diagnostic-10867492/wiki-Talk,diagnostic-10867492,qhcn064,True,wiki-Talk,b64_fp32,2,amx_a_load,0.309705734253,12848,88.3829593658
diagnostic-10867492/wiki-Talk,diagnostic-10867492,qhcn064,True,wiki-Talk,b64_fp32,2,amx_b_load,1.01566314697,25696,88.3829593658
diagnostic-10867492/wiki-Talk,diagnostic-10867492,qhcn064,True,wiki-Talk,b64_fp32,2,amx_tdp_compute,1.67918205261,25696,88.3829593658
diagnostic-10867492/wiki-Talk,diagnostic-10867492,qhcn064,True,wiki-Talk,b64_fp32,2,amx_c_zero,0,74,88.3829593658
diagnostic-10867492/wiki-Talk,diagnostic-10867492,qhcn064,True,wiki-Talk,b64_fp32,2,amx_c_load,0.162839889526,3138,88.3829593658
diagnostic-10867492/wiki-Talk,diagnostic-10867492,qhcn064,True,wiki-Talk,b64_fp32,2,amx_c_store,0.177383422852,3212,88.3829593658
diagnostic-10867492/wiki-Talk,diagnostic-10867492,qhcn064,True,wiki-Talk,b64_fp32,2,output_bf16_conversion,0.0221729278564,577,88.3829593658
diagnostic-10867492/wiki-Talk,diagnostic-10867492,qhcn064,True,wiki-Talk,b64_fp32,2,output_store,0.110864639282,1126,88.3829593658
diagnostic-10867492/wiki-Talk,diagnostic-10867492,qhcn064,True,wiki-Talk,b64_fp32,2,thread_permission,0.0221729278564,32,88.3829593658
diagnostic-10867492/wiki-Talk,diagnostic-10867492,qhcn064,True,wiki-Talk,b64_fp32,2,thread_tile_config,0.00715255737305,32,88.3829593658
diagnostic-10867492/wiki-Talk,diagnostic-10867492,qhcn064,True,wiki-Talk,b64_fp32,2,thread_tile_release,0,32,88.3829593658
diagnostic-10867492/wiki-Talk,diagnostic-10867492,qhcn064,True,wiki-Talk,b64_fp32,2,row_metadata_read,0.0338554382324,586,88.3829593658
diagnostic-10867492/wiki-Talk,diagnostic-10867492,qhcn064,True,wiki-Talk,full_bf16,1,partial_init,0.00834465026855,37,61.9008541107
diagnostic-10867492/wiki-Talk,diagnostic-10867492,qhcn064,True,wiki-Talk,full_bf16,1,csr_index_read,2.85339355469,110027,61.9008541107
diagnostic-10867492/wiki-Talk,diagnostic-10867492,qhcn064,True,wiki-Talk,full_bf16,1,csr_next_index_read,2.80952453613,109450,61.9008541107
diagnostic-10867492/wiki-Talk,diagnostic-10867492,qhcn064,True,wiki-Talk,full_bf16,1,prefetch_issue,2.88605690002,109450,61.9008541107
diagnostic-10867492/wiki-Talk,diagnostic-10867492,qhcn064,True,wiki-Talk,full_bf16,1,source_feature_load,2.96020507812,110027,61.9008541107
diagnostic-10867492/wiki-Talk,diagnostic-10867492,qhcn064,True,wiki-Talk,full_bf16,1,source_bf16_decode,2.81739234924,110027,61.9008541107
diagnostic-10867492/wiki-Talk,diagnostic-10867492,qhcn064,True,wiki-Talk,full_bf16,1,feature_fp32_add,2.84481048584,110027,61.9008541107
diagnostic-10867492/wiki-Talk,diagnostic-10867492,qhcn064,True,wiki-Talk,full_bf16,1,partial_state_load,0,0,61.9008541107
diagnostic-10867492/wiki-Talk,diagnostic-10867492,qhcn064,True,wiki-Talk,full_bf16,1,partial_state_store,0.0123977661133,577,61.9008541107
diagnostic-10867492/wiki-Talk,diagnostic-10867492,qhcn064,True,wiki-Talk,full_bf16,1,partial_hi_pack,0.12993812561,4736,61.9008541107
diagnostic-10867492/wiki-Talk,diagnostic-10867492,qhcn064,True,wiki-Talk,full_bf16,1,partial_lo_residual,0,0,61.9008541107
diagnostic-10867492/wiki-Talk,diagnostic-10867492,qhcn064,True,wiki-Talk,full_bf16,1,partial_lo_pack,0,0,61.9008541107
diagnostic-10867492/wiki-Talk,diagnostic-10867492,qhcn064,True,wiki-Talk,full_bf16,1,amx_a_load,0.0128746032715,296,61.9008541107
diagnostic-10867492/wiki-Talk,diagnostic-10867492,qhcn064,True,wiki-Talk,full_bf16,1,amx_b_load,0.0267028808594,592,61.9008541107
diagnostic-10867492/wiki-Talk,diagnostic-10867492,qhcn064,True,wiki-Talk,full_bf16,1,amx_tdp_compute,0.131607055664,592,61.9008541107
diagnostic-10867492/wiki-Talk,diagnostic-10867492,qhcn064,True,wiki-Talk,full_bf16,1,amx_c_zero,0.00786781311035,74,61.9008541107
diagnostic-10867492/wiki-Talk,diagnostic-10867492,qhcn064,True,wiki-Talk,full_bf16,1,amx_c_load,0,0,61.9008541107
diagnostic-10867492/wiki-Talk,diagnostic-10867492,qhcn064,True,wiki-Talk,full_bf16,1,amx_c_store,0.00476837158203,74,61.9008541107
diagnostic-10867492/wiki-Talk,diagnostic-10867492,qhcn064,True,wiki-Talk,full_bf16,1,output_bf16_conversion,0,0,61.9008541107
diagnostic-10867492/wiki-Talk,diagnostic-10867492,qhcn064,True,wiki-Talk,full_bf16,1,output_store,0.317811965942,1126,61.9008541107
diagnostic-10867492/wiki-Talk,diagnostic-10867492,qhcn064,True,wiki-Talk,full_bf16,1,thread_permission,0.0154972076416,32,61.9008541107
diagnostic-10867492/wiki-Talk,diagnostic-10867492,qhcn064,True,wiki-Talk,full_bf16,1,thread_tile_config,0.00548362731934,32,61.9008541107
diagnostic-10867492/wiki-Talk,diagnostic-10867492,qhcn064,True,wiki-Talk,full_bf16,1,thread_tile_release,0,32,61.9008541107
diagnostic-10867492/wiki-Talk,diagnostic-10867492,qhcn064,True,wiki-Talk,full_bf16,1,row_metadata_read,0.0374317169189,586,61.9008541107
diagnostic-10867492/wiki-Talk,diagnostic-10867492,qhcn064,True,wiki-Talk,full_bf16,2,partial_init,0.00715255737305,37,60.0688457489
diagnostic-10867492/wiki-Talk,diagnostic-10867492,qhcn064,True,wiki-Talk,full_bf16,2,csr_index_read,2.94089317322,110027,60.0688457489
diagnostic-10867492/wiki-Talk,diagnostic-10867492,qhcn064,True,wiki-Talk,full_bf16,2,csr_next_index_read,2.83050537109,109450,60.0688457489
diagnostic-10867492/wiki-Talk,diagnostic-10867492,qhcn064,True,wiki-Talk,full_bf16,2,prefetch_issue,2.96640396118,109450,60.0688457489
diagnostic-10867492/wiki-Talk,diagnostic-10867492,qhcn064,True,wiki-Talk,full_bf16,2,source_feature_load,2.97904014587,110027,60.0688457489
diagnostic-10867492/wiki-Talk,diagnostic-10867492,qhcn064,True,wiki-Talk,full_bf16,2,source_bf16_decode,2.8920173645,110027,60.0688457489
diagnostic-10867492/wiki-Talk,diagnostic-10867492,qhcn064,True,wiki-Talk,full_bf16,2,feature_fp32_add,2.89797782898,110027,60.0688457489
diagnostic-10867492/wiki-Talk,diagnostic-10867492,qhcn064,True,wiki-Talk,full_bf16,2,partial_state_load,0,0,60.0688457489
diagnostic-10867492/wiki-Talk,diagnostic-10867492,qhcn064,True,wiki-Talk,full_bf16,2,partial_state_store,0.0271797180176,577,60.0688457489
diagnostic-10867492/wiki-Talk,diagnostic-10867492,qhcn064,True,wiki-Talk,full_bf16,2,partial_hi_pack,0.130653381348,4736,60.0688457489
diagnostic-10867492/wiki-Talk,diagnostic-10867492,qhcn064,True,wiki-Talk,full_bf16,2,partial_lo_residual,0,0,60.0688457489
diagnostic-10867492/wiki-Talk,diagnostic-10867492,qhcn064,True,wiki-Talk,full_bf16,2,partial_lo_pack,0,0,60.0688457489
diagnostic-10867492/wiki-Talk,diagnostic-10867492,qhcn064,True,wiki-Talk,full_bf16,2,amx_a_load,0.00882148742676,296,60.0688457489
diagnostic-10867492/wiki-Talk,diagnostic-10867492,qhcn064,True,wiki-Talk,full_bf16,2,amx_b_load,0.0271797180176,592,60.0688457489
diagnostic-10867492/wiki-Talk,diagnostic-10867492,qhcn064,True,wiki-Talk,full_bf16,2,amx_tdp_compute,0.167608261108,592,60.0688457489
diagnostic-10867492/wiki-Talk,diagnostic-10867492,qhcn064,True,wiki-Talk,full_bf16,2,amx_c_zero,0,74,60.0688457489
diagnostic-10867492/wiki-Talk,diagnostic-10867492,qhcn064,True,wiki-Talk,full_bf16,2,amx_c_load,0,0,60.0688457489
diagnostic-10867492/wiki-Talk,diagnostic-10867492,qhcn064,True,wiki-Talk,full_bf16,2,amx_c_store,0.011682510376,74,60.0688457489
diagnostic-10867492/wiki-Talk,diagnostic-10867492,qhcn064,True,wiki-Talk,full_bf16,2,output_bf16_conversion,0.0150203704834,577,60.0688457489
diagnostic-10867492/wiki-Talk,diagnostic-10867492,qhcn064,True,wiki-Talk,full_bf16,2,output_store,0.113010406494,1126,60.0688457489
diagnostic-10867492/wiki-Talk,diagnostic-10867492,qhcn064,True,wiki-Talk,full_bf16,2,thread_permission,0.0205039978027,32,60.0688457489
diagnostic-10867492/wiki-Talk,diagnostic-10867492,qhcn064,True,wiki-Talk,full_bf16,2,thread_tile_config,0.00548362731934,32,60.0688457489
diagnostic-10867492/wiki-Talk,diagnostic-10867492,qhcn064,True,wiki-Talk,full_bf16,2,thread_tile_release,0.000953674316406,32,60.0688457489
diagnostic-10867492/wiki-Talk,diagnostic-10867492,qhcn064,True,wiki-Talk,full_bf16,2,row_metadata_read,0.0407695770264,586,60.0688457489
diagnostic-10867492/wiki-Talk,diagnostic-10867492,qhcn064,True,wiki-Talk,full_fp32,1,partial_init,0.00858306884766,37,67.5311088562
diagnostic-10867492/wiki-Talk,diagnostic-10867492,qhcn064,True,wiki-Talk,full_fp32,1,csr_index_read,2.90369987488,110027,67.5311088562
diagnostic-10867492/wiki-Talk,diagnostic-10867492,qhcn064,True,wiki-Talk,full_fp32,1,csr_next_index_read,2.88438796997,109450,67.5311088562
diagnostic-10867492/wiki-Talk,diagnostic-10867492,qhcn064,True,wiki-Talk,full_fp32,1,prefetch_issue,2.91848182678,109450,67.5311088562
diagnostic-10867492/wiki-Talk,diagnostic-10867492,qhcn064,True,wiki-Talk,full_fp32,1,source_feature_load,9.70077514648,110027,67.5311088562
diagnostic-10867492/wiki-Talk,diagnostic-10867492,qhcn064,True,wiki-Talk,full_fp32,1,source_bf16_decode,0,0,67.5311088562
diagnostic-10867492/wiki-Talk,diagnostic-10867492,qhcn064,True,wiki-Talk,full_fp32,1,feature_fp32_add,2.92897224426,110027,67.5311088562
diagnostic-10867492/wiki-Talk,diagnostic-10867492,qhcn064,True,wiki-Talk,full_fp32,1,partial_state_load,0,0,67.5311088562
diagnostic-10867492/wiki-Talk,diagnostic-10867492,qhcn064,True,wiki-Talk,full_fp32,1,partial_state_store,0.0178813934326,577,67.5311088562
diagnostic-10867492/wiki-Talk,diagnostic-10867492,qhcn064,True,wiki-Talk,full_fp32,1,partial_hi_pack,0.1380443573,4736,67.5311088562
diagnostic-10867492/wiki-Talk,diagnostic-10867492,qhcn064,True,wiki-Talk,full_fp32,1,partial_lo_residual,0,0,67.5311088562
diagnostic-10867492/wiki-Talk,diagnostic-10867492,qhcn064,True,wiki-Talk,full_fp32,1,partial_lo_pack,0,0,67.5311088562
diagnostic-10867492/wiki-Talk,diagnostic-10867492,qhcn064,True,wiki-Talk,full_fp32,1,amx_a_load,0.0152587890625,296,67.5311088562
diagnostic-10867492/wiki-Talk,diagnostic-10867492,qhcn064,True,wiki-Talk,full_fp32,1,amx_b_load,0.0274181365967,592,67.5311088562
diagnostic-10867492/wiki-Talk,diagnostic-10867492,qhcn064,True,wiki-Talk,full_fp32,1,amx_tdp_compute,0.157356262207,592,67.5311088562
diagnostic-10867492/wiki-Talk,diagnostic-10867492,qhcn064,True,wiki-Talk,full_fp32,1,amx_c_zero,0.00309944152832,74,67.5311088562
diagnostic-10867492/wiki-Talk,diagnostic-10867492,qhcn064,True,wiki-Talk,full_fp32,1,amx_c_load,0,0,67.5311088562
diagnostic-10867492/wiki-Talk,diagnostic-10867492,qhcn064,True,wiki-Talk,full_fp32,1,amx_c_store,0.00381469726562,74,67.5311088562
diagnostic-10867492/wiki-Talk,diagnostic-10867492,qhcn064,True,wiki-Talk,full_fp32,1,output_bf16_conversion,0,0,67.5311088562
diagnostic-10867492/wiki-Talk,diagnostic-10867492,qhcn064,True,wiki-Talk,full_fp32,1,output_store,0.316143035889,1126,67.5311088562
diagnostic-10867492/wiki-Talk,diagnostic-10867492,qhcn064,True,wiki-Talk,full_fp32,1,thread_permission,0.0605583190918,32,67.5311088562
diagnostic-10867492/wiki-Talk,diagnostic-10867492,qhcn064,True,wiki-Talk,full_fp32,1,thread_tile_config,0.0131130218506,32,67.5311088562
diagnostic-10867492/wiki-Talk,diagnostic-10867492,qhcn064,True,wiki-Talk,full_fp32,1,thread_tile_release,0.000953674316406,32,67.5311088562
diagnostic-10867492/wiki-Talk,diagnostic-10867492,qhcn064,True,wiki-Talk,full_fp32,1,row_metadata_read,0.0391006469727,586,67.5311088562
diagnostic-10867492/wiki-Talk,diagnostic-10867492,qhcn064,True,wiki-Talk,full_fp32,2,partial_init,0.00381469726562,37,67.7800178528
diagnostic-10867492/wiki-Talk,diagnostic-10867492,qhcn064,True,wiki-Talk,full_fp32,2,csr_index_read,2.83122062683,110027,67.7800178528
diagnostic-10867492/wiki-Talk,diagnostic-10867492,qhcn064,True,wiki-Talk,full_fp32,2,csr_next_index_read,2.94470787048,109450,67.7800178528
diagnostic-10867492/wiki-Talk,diagnostic-10867492,qhcn064,True,wiki-Talk,full_fp32,2,prefetch_issue,2.95066833496,109450,67.7800178528
diagnostic-10867492/wiki-Talk,diagnostic-10867492,qhcn064,True,wiki-Talk,full_fp32,2,source_feature_load,9.99927520752,110027,67.7800178528
diagnostic-10867492/wiki-Talk,diagnostic-10867492,qhcn064,True,wiki-Talk,full_fp32,2,source_bf16_decode,0,0,67.7800178528
diagnostic-10867492/wiki-Talk,diagnostic-10867492,qhcn064,True,wiki-Talk,full_fp32,2,feature_fp32_add,2.83718109131,110027,67.7800178528
diagnostic-10867492/wiki-Talk,diagnostic-10867492,qhcn064,True,wiki-Talk,full_fp32,2,partial_state_load,0,0,67.7800178528
diagnostic-10867492/wiki-Talk,diagnostic-10867492,qhcn064,True,wiki-Talk,full_fp32,2,partial_state_store,0.0231266021729,577,67.7800178528
diagnostic-10867492/wiki-Talk,diagnostic-10867492,qhcn064,True,wiki-Talk,full_fp32,2,partial_hi_pack,0.151872634888,4736,67.7800178528
diagnostic-10867492/wiki-Talk,diagnostic-10867492,qhcn064,True,wiki-Talk,full_fp32,2,partial_lo_residual,0,0,67.7800178528
diagnostic-10867492/wiki-Talk,diagnostic-10867492,qhcn064,True,wiki-Talk,full_fp32,2,partial_lo_pack,0,0,67.7800178528
diagnostic-10867492/wiki-Talk,diagnostic-10867492,qhcn064,True,wiki-Talk,full_fp32,2,amx_a_load,0.00882148742676,296,67.7800178528
diagnostic-10867492/wiki-Talk,diagnostic-10867492,qhcn064,True,wiki-Talk,full_fp32,2,amx_b_load,0.0214576721191,592,67.7800178528
diagnostic-10867492/wiki-Talk,diagnostic-10867492,qhcn064,True,wiki-Talk,full_fp32,2,amx_tdp_compute,0.136613845825,592,67.7800178528
diagnostic-10867492/wiki-Talk,diagnostic-10867492,qhcn064,True,wiki-Talk,full_fp32,2,amx_c_zero,0.000953674316406,74,67.7800178528
diagnostic-10867492/wiki-Talk,diagnostic-10867492,qhcn064,True,wiki-Talk,full_fp32,2,amx_c_load,0,0,67.7800178528
diagnostic-10867492/wiki-Talk,diagnostic-10867492,qhcn064,True,wiki-Talk,full_fp32,2,amx_c_store,0.00762939453125,74,67.7800178528
diagnostic-10867492/wiki-Talk,diagnostic-10867492,qhcn064,True,wiki-Talk,full_fp32,2,output_bf16_conversion,0.0154972076416,577,67.7800178528
diagnostic-10867492/wiki-Talk,diagnostic-10867492,qhcn064,True,wiki-Talk,full_fp32,2,output_store,0.1060962677,1126,67.7800178528
diagnostic-10867492/wiki-Talk,diagnostic-10867492,qhcn064,True,wiki-Talk,full_fp32,2,thread_permission,0.016450881958,32,67.7800178528
diagnostic-10867492/wiki-Talk,diagnostic-10867492,qhcn064,True,wiki-Talk,full_fp32,2,thread_tile_config,0.00596046447754,32,67.7800178528
diagnostic-10867492/wiki-Talk,diagnostic-10867492,qhcn064,True,wiki-Talk,full_fp32,2,thread_tile_release,0.00190734863281,32,67.7800178528
diagnostic-10867492/wiki-Talk,diagnostic-10867492,qhcn064,True,wiki-Talk,full_fp32,2,row_metadata_read,0.0479221343994,586,67.7800178528
extension-10868182/amazon0601,extension-10868182,qhcn052,True,amazon0601,b64_bf16,1,partial_init,0.023365020752,99,5.91897964478
extension-10868182/amazon0601,extension-10868182,qhcn052,True,amazon0601,b64_bf16,1,csr_index_read,0.469923019409,13220,5.91897964478
extension-10868182/amazon0601,extension-10868182,qhcn052,True,amazon0601,b64_bf16,1,csr_next_index_read,0.380039215088,11650,5.91897964478
extension-10868182/amazon0601,extension-10868182,qhcn052,True,amazon0601,b64_bf16,1,prefetch_issue,0.310659408569,11650,5.91897964478
extension-10868182/amazon0601,extension-10868182,qhcn052,True,amazon0601,b64_bf16,1,source_feature_load,0.432968139648,13220,5.91897964478
extension-10868182/amazon0601,extension-10868182,qhcn052,True,amazon0601,b64_bf16,1,source_bf16_decode,0.368356704712,13220,5.91897964478
extension-10868182/amazon0601,extension-10868182,qhcn052,True,amazon0601,b64_bf16,1,feature_fp32_add,0.359773635864,13220,5.91897964478
extension-10868182/amazon0601,extension-10868182,qhcn052,True,amazon0601,b64_bf16,1,partial_state_load,0,0,5.91897964478
extension-10868182/amazon0601,extension-10868182,qhcn052,True,amazon0601,b64_bf16,1,partial_state_store,0.0519752502441,1570,5.91897964478
extension-10868182/amazon0601,extension-10868182,qhcn052,True,amazon0601,b64_bf16,1,partial_hi_pack,0.377416610718,12672,5.91897964478
extension-10868182/amazon0601,extension-10868182,qhcn052,True,amazon0601,b64_bf16,1,partial_lo_residual,0,0,5.91897964478
extension-10868182/amazon0601,extension-10868182,qhcn052,True,amazon0601,b64_bf16,1,partial_lo_pack,0,0,5.91897964478
extension-10868182/amazon0601,extension-10868182,qhcn052,True,amazon0601,b64_bf16,1,amx_a_load,0.0154972076416,792,5.91897964478
extension-10868182/amazon0601,extension-10868182,qhcn052,True,amazon0601,b64_bf16,1,amx_b_load,0.102519989014,1584,5.91897964478
extension-10868182/amazon0601,extension-10868182,qhcn052,True,amazon0601,b64_bf16,1,amx_tdp_compute,0.280618667603,1584,5.91897964478
extension-10868182/amazon0601,extension-10868182,qhcn052,True,amazon0601,b64_bf16,1,amx_c_zero,0.00786781311035,198,5.91897964478
extension-10868182/amazon0601,extension-10868182,qhcn052,True,amazon0601,b64_bf16,1,amx_c_load,0,0,5.91897964478
extension-10868182/amazon0601,extension-10868182,qhcn052,True,amazon0601,b64_bf16,1,amx_c_store,0.00476837158203,198,5.91897964478
extension-10868182/amazon0601,extension-10868182,qhcn052,True,amazon0601,b64_bf16,1,output_bf16_conversion,0,0,5.91897964478
extension-10868182/amazon0601,extension-10868182,qhcn052,True,amazon0601,b64_bf16,1,output_store,0.0758171081543,1571,5.91897964478
extension-10868182/amazon0601,extension-10868182,qhcn052,True,amazon0601,b64_bf16,1,thread_permission,0.0159740447998,32,5.91897964478
extension-10868182/amazon0601,extension-10868182,qhcn052,True,amazon0601,b64_bf16,1,thread_tile_config,0.00619888305664,32,5.91897964478
extension-10868182/amazon0601,extension-10868182,qhcn052,True,amazon0601,b64_bf16,1,thread_tile_release,0.00214576721191,32,5.91897964478
extension-10868182/amazon0601,extension-10868182,qhcn052,True,amazon0601,b64_bf16,1,row_metadata_read,0.00977516174316,100,5.91897964478
extension-10868182/amazon0601,extension-10868182,qhcn052,True,amazon0601,b64_bf16,2,partial_init,0.0238418579102,99,4.88090515137
extension-10868182/amazon0601,extension-10868182,qhcn052,True,amazon0601,b64_bf16,2,csr_index_read,0.439405441284,13220,4.88090515137
extension-10868182/amazon0601,extension-10868182,qhcn052,True,amazon0601,b64_bf16,2,csr_next_index_read,0.353574752808,11650,4.88090515137
extension-10868182/amazon0601,extension-10868182,qhcn052,True,amazon0601,b64_bf16,2,prefetch_issue,0.319242477417,11650,4.88090515137
extension-10868182/amazon0601,extension-10868182,qhcn052,True,amazon0601,b64_bf16,2,source_feature_load,0.415325164795,13220,4.88090515137
extension-10868182/amazon0601,extension-10868182,qhcn052,True,amazon0601,b64_bf16,2,source_bf16_decode,0.378131866455,13220,4.88090515137
extension-10868182/amazon0601,extension-10868182,qhcn052,True,amazon0601,b64_bf16,2,feature_fp32_add,0.383615493774,13220,4.88090515137
extension-10868182/amazon0601,extension-10868182,qhcn052,True,amazon0601,b64_bf16,2,partial_state_load,0,0,4.88090515137
extension-10868182/amazon0601,extension-10868182,qhcn052,True,amazon0601,b64_bf16,2,partial_state_store,0.0498294830322,1570,4.88090515137
extension-10868182/amazon0601,extension-10868182,qhcn052,True,amazon0601,b64_bf16,2,partial_hi_pack,0.374555587769,12672,4.88090515137
extension-10868182/amazon0601,extension-10868182,qhcn052,True,amazon0601,b64_bf16,2,partial_lo_residual,0,0,4.88090515137
extension-10868182/amazon0601,extension-10868182,qhcn052,True,amazon0601,b64_bf16,2,partial_lo_pack,0,0,4.88090515137
extension-10868182/amazon0601,extension-10868182,qhcn052,True,amazon0601,b64_bf16,2,amx_a_load,0.0231266021729,792,4.88090515137
extension-10868182/amazon0601,extension-10868182,qhcn052,True,amazon0601,b64_bf16,2,amx_b_load,0.0896453857422,1584,4.88090515137
extension-10868182/amazon0601,extension-10868182,qhcn052,True,amazon0601,b64_bf16,2,amx_tdp_compute,0.284910202026,1584,4.88090515137
extension-10868182/amazon0601,extension-10868182,qhcn052,True,amazon0601,b64_bf16,2,amx_c_zero,0.00882148742676,198,4.88090515137
extension-10868182/amazon0601,extension-10868182,qhcn052,True,amazon0601,b64_bf16,2,amx_c_load,0,0,4.88090515137
extension-10868182/amazon0601,extension-10868182,qhcn052,True,amazon0601,b64_bf16,2,amx_c_store,0.014066696167,198,4.88090515137
extension-10868182/amazon0601,extension-10868182,qhcn052,True,amazon0601,b64_bf16,2,output_bf16_conversion,0.0507831573486,1570,4.88090515137
extension-10868182/amazon0601,extension-10868182,qhcn052,True,amazon0601,b64_bf16,2,output_store,0.046968460083,1571,4.88090515137
extension-10868182/amazon0601,extension-10868182,qhcn052,True,amazon0601,b64_bf16,2,thread_permission,0.0154972076416,32,4.88090515137
extension-10868182/amazon0601,extension-10868182,qhcn052,True,amazon0601,b64_bf16,2,thread_tile_config,0.00476837158203,32,4.88090515137
extension-10868182/amazon0601,extension-10868182,qhcn052,True,amazon0601,b64_bf16,2,thread_tile_release,0.000953674316406,32,4.88090515137
extension-10868182/amazon0601,extension-10868182,qhcn052,True,amazon0601,b64_bf16,2,row_metadata_read,0.00977516174316,100,4.88090515137
extension-10868182/amazon0601,extension-10868182,qhcn052,True,amazon0601,b64_fp32,1,partial_init,0.0226497650146,99,8.28909873962
extension-10868182/amazon0601,extension-10868182,qhcn052,True,amazon0601,b64_fp32,1,csr_index_read,0.443935394287,13220,8.28909873962
extension-10868182/amazon0601,extension-10868182,qhcn052,True,amazon0601,b64_fp32,1,csr_next_index_read,0.301122665405,11650,8.28909873962
extension-10868182/amazon0601,extension-10868182,qhcn052,True,amazon0601,b64_fp32,1,prefetch_issue,0.320672988892,11650,8.28909873962
extension-10868182/amazon0601,extension-10868182,qhcn052,True,amazon0601,b64_fp32,1,source_feature_load,1.11126899719,13220,8.28909873962
extension-10868182/amazon0601,extension-10868182,qhcn052,True,amazon0601,b64_fp32,1,source_bf16_decode,0,0,8.28909873962
extension-10868182/amazon0601,extension-10868182,qhcn052,True,amazon0601,b64_fp32,1,feature_fp32_add,0.372648239136,13220,8.28909873962
extension-10868182/amazon0601,extension-10868182,qhcn052,True,amazon0601,b64_fp32,1,partial_state_load,0,0,8.28909873962
extension-10868182/amazon0601,extension-10868182,qhcn052,True,amazon0601,b64_fp32,1,partial_state_store,0.0474452972412,1570,8.28909873962
extension-10868182/amazon0601,extension-10868182,qhcn052,True,amazon0601,b64_fp32,1,partial_hi_pack,0.352382659912,12672,8.28909873962
extension-10868182/amazon0601,extension-10868182,qhcn052,True,amazon0601,b64_fp32,1,partial_lo_residual,0,0,8.28909873962
extension-10868182/amazon0601,extension-10868182,qhcn052,True,amazon0601,b64_fp32,1,partial_lo_pack,0,0,8.28909873962
extension-10868182/amazon0601,extension-10868182,qhcn052,True,amazon0601,b64_fp32,1,amx_a_load,0.032901763916,792,8.28909873962
extension-10868182/amazon0601,extension-10868182,qhcn052,True,amazon0601,b64_fp32,1,amx_b_load,0.150918960571,1584,8.28909873962
extension-10868182/amazon0601,extension-10868182,qhcn052,True,amazon0601,b64_fp32,1,amx_tdp_compute,0.260591506958,1584,8.28909873962
extension-10868182/amazon0601,extension-10868182,qhcn052,True,amazon0601,b64_fp32,1,amx_c_zero,0.0133514404297,198,8.28909873962
extension-10868182/amazon0601,extension-10868182,qhcn052,True,amazon0601,b64_fp32,1,amx_c_load,0,0,8.28909873962
extension-10868182/amazon0601,extension-10868182,qhcn052,True,amazon0601,b64_fp32,1,amx_c_store,0.0131130218506,198,8.28909873962
extension-10868182/amazon0601,extension-10868182,qhcn052,True,amazon0601,b64_fp32,1,output_bf16_conversion,0,0,8.28909873962
extension-10868182/amazon0601,extension-10868182,qhcn052,True,amazon0601,b64_fp32,1,output_store,0.0576972961426,1571,8.28909873962
extension-10868182/amazon0601,extension-10868182,qhcn052,True,amazon0601,b64_fp32,1,thread_permission,0.0202655792236,32,8.28909873962
extension-10868182/amazon0601,extension-10868182,qhcn052,True,amazon0601,b64_fp32,1,thread_tile_config,0.00190734863281,32,8.28909873962
extension-10868182/amazon0601,extension-10868182,qhcn052,True,amazon0601,b64_fp32,1,thread_tile_release,0.00309944152832,32,8.28909873962
extension-10868182/amazon0601,extension-10868182,qhcn052,True,amazon0601,b64_fp32,1,row_metadata_read,0.0150203704834,100,8.28909873962
extension-10868182/amazon0601,extension-10868182,qhcn052,True,amazon0601,b64_fp32,2,partial_init,0.0312328338623,99,6.99901580811
extension-10868182/amazon0601,extension-10868182,qhcn052,True,amazon0601,b64_fp32,2,csr_index_read,0.430822372437,13220,6.99901580811
extension-10868182/amazon0601,extension-10868182,qhcn052,True,amazon0601,b64_fp32,2,csr_next_index_read,0.333070755005,11650,6.99901580811
extension-10868182/amazon0601,extension-10868182,qhcn052,True,amazon0601,b64_fp32,2,prefetch_issue,0.308990478516,11650,6.99901580811
extension-10868182/amazon0601,extension-10868182,qhcn052,True,amazon0601,b64_fp32,2,source_feature_load,1.02663040161,13220,6.99901580811
extension-10868182/amazon0601,extension-10868182,qhcn052,True,amazon0601,b64_fp32,2,source_bf16_decode,0,0,6.99901580811
extension-10868182/amazon0601,extension-10868182,qhcn052,True,amazon0601,b64_fp32,2,feature_fp32_add,0.345945358276,13220,6.99901580811
extension-10868182/amazon0601,extension-10868182,qhcn052,True,amazon0601,b64_fp32,2,partial_state_load,0,0,6.99901580811
extension-10868182/amazon0601,extension-10868182,qhcn052,True,amazon0601,b64_fp32,2,partial_state_store,0.0386238098145,1570,6.99901580811
extension-10868182/amazon0601,extension-10868182,qhcn052,True,amazon0601,b64_fp32,2,partial_hi_pack,0.394105911255,12672,6.99901580811
extension-10868182/amazon0601,extension-10868182,qhcn052,True,amazon0601,b64_fp32,2,partial_lo_residual,0,0,6.99901580811
extension-10868182/amazon0601,extension-10868182,qhcn052,True,amazon0601,b64_fp32,2,partial_lo_pack,0,0,6.99901580811
extension-10868182/amazon0601,extension-10868182,qhcn052,True,amazon0601,b64_fp32,2,amx_a_load,0.018835067749,792,6.99901580811
extension-10868182/amazon0601,extension-10868182,qhcn052,True,amazon0601,b64_fp32,2,amx_b_load,0.142574310303,1584,6.99901580811
extension-10868182/amazon0601,extension-10868182,qhcn052,True,amazon0601,b64_fp32,2,amx_tdp_compute,0.282049179077,1584,6.99901580811
extension-10868182/amazon0601,extension-10868182,qhcn052,True,amazon0601,b64_fp32,2,amx_c_zero,0.00381469726562,198,6.99901580811
extension-10868182/amazon0601,extension-10868182,qhcn052,True,amazon0601,b64_fp32,2,amx_c_load,0,0,6.99901580811
extension-10868182/amazon0601,extension-10868182,qhcn052,True,amazon0601,b64_fp32,2,amx_c_store,0.00667572021484,198,6.99901580811
extension-10868182/amazon0601,extension-10868182,qhcn052,True,amazon0601,b64_fp32,2,output_bf16_conversion,0.0545978546143,1570,6.99901580811
extension-10868182/amazon0601,extension-10868182,qhcn052,True,amazon0601,b64_fp32,2,output_store,0.0414848327637,1571,6.99901580811
extension-10868182/amazon0601,extension-10868182,qhcn052,True,amazon0601,b64_fp32,2,thread_permission,0.0162124633789,32,6.99901580811
extension-10868182/amazon0601,extension-10868182,qhcn052,True,amazon0601,b64_fp32,2,thread_tile_config,0.00572204589844,32,6.99901580811
extension-10868182/amazon0601,extension-10868182,qhcn052,True,amazon0601,b64_fp32,2,thread_tile_release,0.000953674316406,32,6.99901580811
extension-10868182/amazon0601,extension-10868182,qhcn052,True,amazon0601,b64_fp32,2,row_metadata_read,0.014066696167,100,6.99901580811
extension-10868182/amazon0601,extension-10868182,qhcn052,True,amazon0601,full_bf16,1,partial_init,0.0267028808594,99,5.72896003723
extension-10868182/amazon0601,extension-10868182,qhcn052,True,amazon0601,full_bf16,1,csr_index_read,0.42724609375,13220,5.72896003723
extension-10868182/amazon0601,extension-10868182,qhcn052,True,amazon0601,full_bf16,1,csr_next_index_read,0.282049179077,11650,5.72896003723
extension-10868182/amazon0601,extension-10868182,qhcn052,True,amazon0601,full_bf16,1,prefetch_issue,0.317096710205,11650,5.72896003723
extension-10868182/amazon0601,extension-10868182,qhcn052,True,amazon0601,full_bf16,1,source_feature_load,0.454187393188,13220,5.72896003723
extension-10868182/amazon0601,extension-10868182,qhcn052,True,amazon0601,full_bf16,1,source_bf16_decode,0.414848327637,13220,5.72896003723
extension-10868182/amazon0601,extension-10868182,qhcn052,True,amazon0601,full_bf16,1,feature_fp32_add,0.36358833313,13220,5.72896003723
extension-10868182/amazon0601,extension-10868182,qhcn052,True,amazon0601,full_bf16,1,partial_state_load,0,0,5.72896003723
extension-10868182/amazon0601,extension-10868182,qhcn052,True,amazon0601,full_bf16,1,partial_state_store,0.0612735748291,1570,5.72896003723
extension-10868182/amazon0601,extension-10868182,qhcn052,True,amazon0601,full_bf16,1,partial_hi_pack,0.3821849823,12672,5.72896003723
extension-10868182/amazon0601,extension-10868182,qhcn052,True,amazon0601,full_bf16,1,partial_lo_residual,0,0,5.72896003723
extension-10868182/amazon0601,extension-10868182,qhcn052,True,amazon0601,full_bf16,1,partial_lo_pack,0,0,5.72896003723
extension-10868182/amazon0601,extension-10868182,qhcn052,True,amazon0601,full_bf16,1,amx_a_load,0.0245571136475,792,5.72896003723
extension-10868182/amazon0601,extension-10868182,qhcn052,True,amazon0601,full_bf16,1,amx_b_load,0.101327896118,1584,5.72896003723
extension-10868182/amazon0601,extension-10868182,qhcn052,True,amazon0601,full_bf16,1,amx_tdp_compute,0.284194946289,1584,5.72896003723
extension-10868182/amazon0601,extension-10868182,qhcn052,True,amazon0601,full_bf16,1,amx_c_zero,0.00762939453125,198,5.72896003723
extension-10868182/amazon0601,extension-10868182,qhcn052,True,amazon0601,full_bf16,1,amx_c_load,0,0,5.72896003723
extension-10868182/amazon0601,extension-10868182,qhcn052,True,amazon0601,full_bf16,1,amx_c_store,0.0114440917969,198,5.72896003723
extension-10868182/amazon0601,extension-10868182,qhcn052,True,amazon0601,full_bf16,1,output_bf16_conversion,0,0,5.72896003723
extension-10868182/amazon0601,extension-10868182,qhcn052,True,amazon0601,full_bf16,1,output_store,0.0529289245605,1571,5.72896003723
extension-10868182/amazon0601,extension-10868182,qhcn052,True,amazon0601,full_bf16,1,thread_permission,0.0152587890625,32,5.72896003723
extension-10868182/amazon0601,extension-10868182,qhcn052,True,amazon0601,full_bf16,1,thread_tile_config,0.00476837158203,32,5.72896003723
extension-10868182/amazon0601,extension-10868182,qhcn052,True,amazon0601,full_bf16,1,thread_tile_release,0.000953674316406,32,5.72896003723
extension-10868182/amazon0601,extension-10868182,qhcn052,True,amazon0601,full_bf16,1,row_metadata_read,0.0193119049072,100,5.72896003723
extension-10868182/amazon0601,extension-10868182,qhcn052,True,amazon0601,full_bf16,2,partial_init,0.0214576721191,99,4.92095947266
extension-10868182/amazon0601,extension-10868182,qhcn052,True,amazon0601,full_bf16,2,csr_index_read,0.460624694824,13220,4.92095947266
extension-10868182/amazon0601,extension-10868182,qhcn052,True,amazon0601,full_bf16,2,csr_next_index_read,0.321865081787,11650,4.92095947266
extension-10868182/amazon0601,extension-10868182,qhcn052,True,amazon0601,full_bf16,2,prefetch_issue,0.361204147339,11650,4.92095947266
extension-10868182/amazon0601,extension-10868182,qhcn052,True,amazon0601,full_bf16,2,source_feature_load,0.438213348389,13220,4.92095947266
extension-10868182/amazon0601,extension-10868182,qhcn052,True,amazon0601,full_bf16,2,source_bf16_decode,0.36358833313,13220,4.92095947266
extension-10868182/amazon0601,extension-10868182,qhcn052,True,amazon0601,full_bf16,2,feature_fp32_add,0.380277633667,13220,4.92095947266
extension-10868182/amazon0601,extension-10868182,qhcn052,True,amazon0601,full_bf16,2,partial_state_load,0,0,4.92095947266
extension-10868182/amazon0601,extension-10868182,qhcn052,True,amazon0601,full_bf16,2,partial_state_store,0.0462532043457,1570,4.92095947266
extension-10868182/amazon0601,extension-10868182,qhcn052,True,amazon0601,full_bf16,2,partial_hi_pack,0.373601913452,12672,4.92095947266
extension-10868182/amazon0601,extension-10868182,qhcn052,True,amazon0601,full_bf16,2,partial_lo_residual,0,0,4.92095947266
extension-10868182/amazon0601,extension-10868182,qhcn052,True,amazon0601,full_bf16,2,partial_lo_pack,0,0,4.92095947266
extension-10868182/amazon0601,extension-10868182,qhcn052,True,amazon0601,full_bf16,2,amx_a_load,0.025749206543,792,4.92095947266
extension-10868182/amazon0601,extension-10868182,qhcn052,True,amazon0601,full_bf16,2,amx_b_load,0.098705291748,1584,4.92095947266
extension-10868182/amazon0601,extension-10868182,qhcn052,True,amazon0601,full_bf16,2,amx_tdp_compute,0.343561172485,1584,4.92095947266
extension-10868182/amazon0601,extension-10868182,qhcn052,True,amazon0601,full_bf16,2,amx_c_zero,0.00500679016113,198,4.92095947266
extension-10868182/amazon0601,extension-10868182,qhcn052,True,amazon0601,full_bf16,2,amx_c_load,0,0,4.92095947266
extension-10868182/amazon0601,extension-10868182,qhcn052,True,amazon0601,full_bf16,2,amx_c_store,0.0138282775879,198,4.92095947266
extension-10868182/amazon0601,extension-10868182,qhcn052,True,amazon0601,full_bf16,2,output_bf16_conversion,0.0555515289307,1570,4.92095947266
extension-10868182/amazon0601,extension-10868182,qhcn052,True,amazon0601,full_bf16,2,output_store,0.0455379486084,1571,4.92095947266
extension-10868182/amazon0601,extension-10868182,qhcn052,True,amazon0601,full_bf16,2,thread_permission,0.0152587890625,32,4.92095947266
extension-10868182/amazon0601,extension-10868182,qhcn052,True,amazon0601,full_bf16,2,thread_tile_config,0.00715255737305,32,4.92095947266
extension-10868182/amazon0601,extension-10868182,qhcn052,True,amazon0601,full_bf16,2,thread_tile_release,0.000953674316406,32,4.92095947266
extension-10868182/amazon0601,extension-10868182,qhcn052,True,amazon0601,full_bf16,2,row_metadata_read,0.0135898590088,100,4.92095947266
extension-10868182/amazon0601,extension-10868182,qhcn052,True,amazon0601,full_fp32,1,partial_init,0.0245571136475,99,8.24785232544
extension-10868182/amazon0601,extension-10868182,qhcn052,True,amazon0601,full_fp32,1,csr_index_read,0.455856323242,13220,8.24785232544
extension-10868182/amazon0601,extension-10868182,qhcn052,True,amazon0601,full_fp32,1,csr_next_index_read,0.303983688354,11650,8.24785232544
extension-10868182/amazon0601,extension-10868182,qhcn052,True,amazon0601,full_fp32,1,prefetch_issue,0.34236907959,11650,8.24785232544
extension-10868182/amazon0601,extension-10868182,qhcn052,True,amazon0601,full_fp32,1,source_feature_load,1.13725662231,13220,8.24785232544
extension-10868182/amazon0601,extension-10868182,qhcn052,True,amazon0601,full_fp32,1,source_bf16_decode,0,0,8.24785232544
extension-10868182/amazon0601,extension-10868182,qhcn052,True,amazon0601,full_fp32,1,feature_fp32_add,0.35548210144,13220,8.24785232544
extension-10868182/amazon0601,extension-10868182,qhcn052,True,amazon0601,full_fp32,1,partial_state_load,0,0,8.24785232544
extension-10868182/amazon0601,extension-10868182,qhcn052,True,amazon0601,full_fp32,1,partial_state_store,0.0391006469727,1570,8.24785232544
extension-10868182/amazon0601,extension-10868182,qhcn052,True,amazon0601,full_fp32,1,partial_hi_pack,0.365734100342,12672,8.24785232544
extension-10868182/amazon0601,extension-10868182,qhcn052,True,amazon0601,full_fp32,1,partial_lo_residual,0,0,8.24785232544
extension-10868182/amazon0601,extension-10868182,qhcn052,True,amazon0601,full_fp32,1,partial_lo_pack,0,0,8.24785232544
extension-10868182/amazon0601,extension-10868182,qhcn052,True,amazon0601,full_fp32,1,amx_a_load,0.0247955322266,792,8.24785232544
extension-10868182/amazon0601,extension-10868182,qhcn052,True,amazon0601,full_fp32,1,amx_b_load,0.134468078613,1584,8.24785232544
extension-10868182/amazon0601,extension-10868182,qhcn052,True,amazon0601,full_fp32,1,amx_tdp_compute,0.306367874146,1584,8.24785232544
extension-10868182/amazon0601,extension-10868182,qhcn052,True,amazon0601,full_fp32,1,amx_c_zero,0.0114440917969,198,8.24785232544
extension-10868182/amazon0601,extension-10868182,qhcn052,True,amazon0601,full_fp32,1,amx_c_load,0,0,8.24785232544
extension-10868182/amazon0601,extension-10868182,qhcn052,True,amazon0601,full_fp32,1,amx_c_store,0.0143051147461,198,8.24785232544
extension-10868182/amazon0601,extension-10868182,qhcn052,True,amazon0601,full_fp32,1,output_bf16_conversion,0,0,8.24785232544
extension-10868182/amazon0601,extension-10868182,qhcn052,True,amazon0601,full_fp32,1,output_store,0.0598430633545,1571,8.24785232544
extension-10868182/amazon0601,extension-10868182,qhcn052,True,amazon0601,full_fp32,1,thread_permission,0.0221729278564,32,8.24785232544
extension-10868182/amazon0601,extension-10868182,qhcn052,True,amazon0601,full_fp32,1,thread_tile_config,0.00762939453125,32,8.24785232544
extension-10868182/amazon0601,extension-10868182,qhcn052,True,amazon0601,full_fp32,1,thread_tile_release,0,32,8.24785232544
extension-10868182/amazon0601,extension-10868182,qhcn052,True,amazon0601,full_fp32,1,row_metadata_read,0.0205039978027,100,8.24785232544
extension-10868182/amazon0601,extension-10868182,qhcn052,True,amazon0601,full_fp32,2,partial_init,0.0209808349609,99,7.08103179932
extension-10868182/amazon0601,extension-10868182,qhcn052,True,amazon0601,full_fp32,2,csr_index_read,0.473260879517,13220,7.08103179932
extension-10868182/amazon0601,extension-10868182,qhcn052,True,amazon0601,full_fp32,2,csr_next_index_read,0.313282012939,11650,7.08103179932
extension-10868182/amazon0601,extension-10868182,qhcn052,True,amazon0601,full_fp32,2,prefetch_issue,0.312805175781,11650,7.08103179932
extension-10868182/amazon0601,extension-10868182,qhcn052,True,amazon0601,full_fp32,2,source_feature_load,1.01613998413,13220,7.08103179932
extension-10868182/amazon0601,extension-10868182,qhcn052,True,amazon0601,full_fp32,2,source_bf16_decode,0,0,7.08103179932
extension-10868182/amazon0601,extension-10868182,qhcn052,True,amazon0601,full_fp32,2,feature_fp32_add,0.367879867554,13220,7.08103179932
extension-10868182/amazon0601,extension-10868182,qhcn052,True,amazon0601,full_fp32,2,partial_state_load,0,0,7.08103179932
extension-10868182/amazon0601,extension-10868182,qhcn052,True,amazon0601,full_fp32,2,partial_state_store,0.0593662261963,1570,7.08103179932
extension-10868182/amazon0601,extension-10868182,qhcn052,True,amazon0601,full_fp32,2,partial_hi_pack,0.365734100342,12672,7.08103179932
extension-10868182/amazon0601,extension-10868182,qhcn052,True,amazon0601,full_fp32,2,partial_lo_residual,0,0,7.08103179932
extension-10868182/amazon0601,extension-10868182,qhcn052,True,amazon0601,full_fp32,2,partial_lo_pack,0,0,7.08103179932
extension-10868182/amazon0601,extension-10868182,qhcn052,True,amazon0601,full_fp32,2,amx_a_load,0.0274181365967,792,7.08103179932
extension-10868182/amazon0601,extension-10868182,qhcn052,True,amazon0601,full_fp32,2,amx_b_load,0.124454498291,1584,7.08103179932
extension-10868182/amazon0601,extension-10868182,qhcn052,True,amazon0601,full_fp32,2,amx_tdp_compute,0.293016433716,1584,7.08103179932
extension-10868182/amazon0601,extension-10868182,qhcn052,True,amazon0601,full_fp32,2,amx_c_zero,0.00715255737305,198,7.08103179932
extension-10868182/amazon0601,extension-10868182,qhcn052,True,amazon0601,full_fp32,2,amx_c_load,0,0,7.08103179932
extension-10868182/amazon0601,extension-10868182,qhcn052,True,amazon0601,full_fp32,2,amx_c_store,0.011682510376,198,7.08103179932
extension-10868182/amazon0601,extension-10868182,qhcn052,True,amazon0601,full_fp32,2,output_bf16_conversion,0.0555515289307,1570,7.08103179932
extension-10868182/amazon0601,extension-10868182,qhcn052,True,amazon0601,full_fp32,2,output_store,0.0414848327637,1571,7.08103179932
extension-10868182/amazon0601,extension-10868182,qhcn052,True,amazon0601,full_fp32,2,thread_permission,0.0123977661133,32,7.08103179932
extension-10868182/amazon0601,extension-10868182,qhcn052,True,amazon0601,full_fp32,2,thread_tile_config,0.00691413879395,32,7.08103179932
extension-10868182/amazon0601,extension-10868182,qhcn052,True,amazon0601,full_fp32,2,thread_tile_release,0.00119209289551,32,7.08103179932
extension-10868182/amazon0601,extension-10868182,qhcn052,True,amazon0601,full_fp32,2,row_metadata_read,0.0183582305908,100,7.08103179932
extension-10868182/as-Skitter,extension-10868182,qhcn052,True,as-Skitter,b64_bf16,1,partial_init,0.199556350708,1002,243.61205101
extension-10868182/as-Skitter,extension-10868182,qhcn052,True,as-Skitter,b64_bf16,1,csr_index_read,14.0836238861,523955,243.61205101
extension-10868182/as-Skitter,extension-10868182,qhcn052,True,as-Skitter,b64_bf16,1,csr_next_index_read,13.4632587433,510014,243.61205101
extension-10868182/as-Skitter,extension-10868182,qhcn052,True,as-Skitter,b64_bf16,1,prefetch_issue,13.5884284973,510014,243.61205101
extension-10868182/as-Skitter,extension-10868182,qhcn052,True,as-Skitter,b64_bf16,1,source_feature_load,14.4121646881,523955,243.61205101
extension-10868182/as-Skitter,extension-10868182,qhcn052,True,as-Skitter,b64_bf16,1,source_bf16_decode,13.5290622711,523955,243.61205101
extension-10868182/as-Skitter,extension-10868182,qhcn052,True,as-Skitter,b64_bf16,1,feature_fp32_add,13.6032104492,523955,243.61205101
extension-10868182/as-Skitter,extension-10868182,qhcn052,True,as-Skitter,b64_bf16,1,partial_state_load,0,0,243.61205101
extension-10868182/as-Skitter,extension-10868182,qhcn052,True,as-Skitter,b64_bf16,1,partial_state_store,0.473737716675,15478,243.61205101
extension-10868182/as-Skitter,extension-10868182,qhcn052,True,as-Skitter,b64_bf16,1,partial_hi_pack,3.63636016846,128256,243.61205101
extension-10868182/as-Skitter,extension-10868182,qhcn052,True,as-Skitter,b64_bf16,1,partial_lo_residual,0,0,243.61205101
extension-10868182/as-Skitter,extension-10868182,qhcn052,True,as-Skitter,b64_bf16,1,partial_lo_pack,0,0,243.61205101
extension-10868182/as-Skitter,extension-10868182,qhcn052,True,as-Skitter,b64_bf16,1,amx_a_load,0.255584716797,8016,243.61205101
extension-10868182/as-Skitter,extension-10868182,qhcn052,True,as-Skitter,b64_bf16,1,amx_b_load,0.77223777771,16032,243.61205101
extension-10868182/as-Skitter,extension-10868182,qhcn052,True,as-Skitter,b64_bf16,1,amx_tdp_compute,3.35478782654,16032,243.61205101
extension-10868182/as-Skitter,extension-10868182,qhcn052,True,as-Skitter,b64_bf16,1,amx_c_zero,0.0269412994385,832,243.61205101
extension-10868182/as-Skitter,extension-10868182,qhcn052,True,as-Skitter,b64_bf16,1,amx_c_load,0.0519752502441,1172,243.61205101
extension-10868182/as-Skitter,extension-10868182,qhcn052,True,as-Skitter,b64_bf16,1,amx_c_store,0.102281570435,2004,243.61205101
extension-10868182/as-Skitter,extension-10868182,qhcn052,True,as-Skitter,b64_bf16,1,output_bf16_conversion,0,0,243.61205101
extension-10868182/as-Skitter,extension-10868182,qhcn052,True,as-Skitter,b64_bf16,1,output_store,0.247478485107,6655,243.61205101
extension-10868182/as-Skitter,extension-10868182,qhcn052,True,as-Skitter,b64_bf16,1,thread_permission,0.0143051147461,32,243.61205101
extension-10868182/as-Skitter,extension-10868182,qhcn052,True,as-Skitter,b64_bf16,1,thread_tile_config,0.00786781311035,32,243.61205101
extension-10868182/as-Skitter,extension-10868182,qhcn052,True,as-Skitter,b64_bf16,1,thread_tile_release,0.00309944152832,32,243.61205101
extension-10868182/as-Skitter,extension-10868182,qhcn052,True,as-Skitter,b64_bf16,1,row_metadata_read,0.086784362793,416,243.61205101
extension-10868182/as-Skitter,extension-10868182,qhcn052,True,as-Skitter,b64_bf16,2,partial_init,0.159502029419,1002,240.765094757
extension-10868182/as-Skitter,extension-10868182,qhcn052,True,as-Skitter,b64_bf16,2,csr_index_read,14.0361785889,523955,240.765094757
extension-10868182/as-Skitter,extension-10868182,qhcn052,True,as-Skitter,b64_bf16,2,csr_next_index_read,13.5636329651,510014,240.765094757
extension-10868182/as-Skitter,extension-10868182,qhcn052,True,as-Skitter,b64_bf16,2,prefetch_issue,13.4868621826,510014,240.765094757
extension-10868182/as-Skitter,extension-10868182,qhcn052,True,as-Skitter,b64_bf16,2,source_feature_load,14.2605304718,523955,240.765094757
extension-10868182/as-Skitter,extension-10868182,qhcn052,True,as-Skitter,b64_bf16,2,source_bf16_decode,13.4937763214,523955,240.765094757
extension-10868182/as-Skitter,extension-10868182,qhcn052,True,as-Skitter,b64_bf16,2,feature_fp32_add,13.7686729431,523955,240.765094757
extension-10868182/as-Skitter,extension-10868182,qhcn052,True,as-Skitter,b64_bf16,2,partial_state_load,0,0,240.765094757
extension-10868182/as-Skitter,extension-10868182,qhcn052,True,as-Skitter,b64_bf16,2,partial_state_store,0.451803207397,15478,240.765094757
extension-10868182/as-Skitter,extension-10868182,qhcn052,True,as-Skitter,b64_bf16,2,partial_hi_pack,3.67259979248,128256,240.765094757
extension-10868182/as-Skitter,extension-10868182,qhcn052,True,as-Skitter,b64_bf16,2,partial_lo_residual,0,0,240.765094757
extension-10868182/as-Skitter,extension-10868182,qhcn052,True,as-Skitter,b64_bf16,2,partial_lo_pack,0,0,240.765094757
extension-10868182/as-Skitter,extension-10868182,qhcn052,True,as-Skitter,b64_bf16,2,amx_a_load,0.225782394409,8016,240.765094757
extension-10868182/as-Skitter,extension-10868182,qhcn052,True,as-Skitter,b64_bf16,2,amx_b_load,0.796794891357,16032,240.765094757
extension-10868182/as-Skitter,extension-10868182,qhcn052,True,as-Skitter,b64_bf16,2,amx_tdp_compute,3.38411331177,16032,240.765094757
extension-10868182/as-Skitter,extension-10868182,qhcn052,True,as-Skitter,b64_bf16,2,amx_c_zero,0.023365020752,832,240.765094757
extension-10868182/as-Skitter,extension-10868182,qhcn052,True,as-Skitter,b64_bf16,2,amx_c_load,0.0660419464111,1172,240.765094757
extension-10868182/as-Skitter,extension-10868182,qhcn052,True,as-Skitter,b64_bf16,2,amx_c_store,0.113964080811,2004,240.765094757
extension-10868182/as-Skitter,extension-10868182,qhcn052,True,as-Skitter,b64_bf16,2,output_bf16_conversion,0.213623046875,6655,240.765094757
extension-10868182/as-Skitter,extension-10868182,qhcn052,True,as-Skitter,b64_bf16,2,output_store,0.203371047974,6655,240.765094757
extension-10868182/as-Skitter,extension-10868182,qhcn052,True,as-Skitter,b64_bf16,2,thread_permission,0.0166893005371,32,240.765094757
extension-10868182/as-Skitter,extension-10868182,qhcn052,True,as-Skitter,b64_bf16,2,thread_tile_config,0.00476837158203,32,240.765094757
extension-10868182/as-Skitter,extension-10868182,qhcn052,True,as-Skitter,b64_bf16,2,thread_tile_release,0.00286102294922,32,240.765094757
extension-10868182/as-Skitter,extension-10868182,qhcn052,True,as-Skitter,b64_bf16,2,row_metadata_read,0.0920295715332,416,240.765094757
extension-10868182/as-Skitter,extension-10868182,qhcn052,True,as-Skitter,b64_fp32,1,partial_init,0.198602676392,1002,233.185052872
extension-10868182/as-Skitter,extension-10868182,qhcn052,True,as-Skitter,b64_fp32,1,csr_index_read,14.2929553986,523955,233.185052872
extension-10868182/as-Skitter,extension-10868182,qhcn052,True,as-Skitter,b64_fp32,1,csr_next_index_read,13.2720470428,510014,233.185052872
extension-10868182/as-Skitter,extension-10868182,qhcn052,True,as-Skitter,b64_fp32,1,prefetch_issue,13.3638381958,510014,233.185052872
extension-10868182/as-Skitter,extension-10868182,qhcn052,True,as-Skitter,b64_fp32,1,source_feature_load,22.9852199554,523955,233.185052872
extension-10868182/as-Skitter,extension-10868182,qhcn052,True,as-Skitter,b64_fp32,1,source_bf16_decode,0,0,233.185052872
extension-10868182/as-Skitter,extension-10868182,qhcn052,True,as-Skitter,b64_fp32,1,feature_fp32_add,13.5691165924,523955,233.185052872
extension-10868182/as-Skitter,extension-10868182,qhcn052,True,as-Skitter,b64_fp32,1,partial_state_load,0,0,233.185052872
extension-10868182/as-Skitter,extension-10868182,qhcn052,True,as-Skitter,b64_fp32,1,partial_state_store,0.447750091553,15478,233.185052872
extension-10868182/as-Skitter,extension-10868182,qhcn052,True,as-Skitter,b64_fp32,1,partial_hi_pack,3.64065170288,128256,233.185052872
extension-10868182/as-Skitter,extension-10868182,qhcn052,True,as-Skitter,b64_fp32,1,partial_lo_residual,0,0,233.185052872
extension-10868182/as-Skitter,extension-10868182,qhcn052,True,as-Skitter,b64_fp32,1,partial_lo_pack,0,0,233.185052872
extension-10868182/as-Skitter,extension-10868182,qhcn052,True,as-Skitter,b64_fp32,1,amx_a_load,0.267028808594,8016,233.185052872
extension-10868182/as-Skitter,extension-10868182,qhcn052,True,as-Skitter,b64_fp32,1,amx_b_load,1.04069709778,16032,233.185052872
extension-10868182/as-Skitter,extension-10868182,qhcn052,True,as-Skitter,b64_fp32,1,amx_tdp_compute,3.28969955444,16032,233.185052872
extension-10868182/as-Skitter,extension-10868182,qhcn052,True,as-Skitter,b64_fp32,1,amx_c_zero,0.0267028808594,832,233.185052872
extension-10868182/as-Skitter,extension-10868182,qhcn052,True,as-Skitter,b64_fp32,1,amx_c_load,0.068187713623,1172,233.185052872
extension-10868182/as-Skitter,extension-10868182,qhcn052,True,as-Skitter,b64_fp32,1,amx_c_store,0.106811523438,2004,233.185052872
extension-10868182/as-Skitter,extension-10868182,qhcn052,True,as-Skitter,b64_fp32,1,output_bf16_conversion,0,0,233.185052872
extension-10868182/as-Skitter,extension-10868182,qhcn052,True,as-Skitter,b64_fp32,1,output_store,0.239610671997,6655,233.185052872
extension-10868182/as-Skitter,extension-10868182,qhcn052,True,as-Skitter,b64_fp32,1,thread_permission,0.0181198120117,32,233.185052872
extension-10868182/as-Skitter,extension-10868182,qhcn052,True,as-Skitter,b64_fp32,1,thread_tile_config,0.00476837158203,32,233.185052872
extension-10868182/as-Skitter,extension-10868182,qhcn052,True,as-Skitter,b64_fp32,1,thread_tile_release,0.000953674316406,32,233.185052872
extension-10868182/as-Skitter,extension-10868182,qhcn052,True,as-Skitter,b64_fp32,1,row_metadata_read,0.104904174805,416,233.185052872
extension-10868182/as-Skitter,extension-10868182,qhcn052,True,as-Skitter,b64_fp32,2,partial_init,0.193357467651,1002,229.6230793
extension-10868182/as-Skitter,extension-10868182,qhcn052,True,as-Skitter,b64_fp32,2,csr_index_read,13.9605998993,523955,229.6230793
extension-10868182/as-Skitter,extension-10868182,qhcn052,True,as-Skitter,b64_fp32,2,csr_next_index_read,13.6287212372,510014,229.6230793
extension-10868182/as-Skitter,extension-10868182,qhcn052,True,as-Skitter,b64_fp32,2,prefetch_issue,13.4725570679,510014,229.6230793
extension-10868182/as-Skitter,extension-10868182,qhcn052,True,as-Skitter,b64_fp32,2,source_feature_load,19.5555686951,523955,229.6230793
extension-10868182/as-Skitter,extension-10868182,qhcn052,True,as-Skitter,b64_fp32,2,source_bf16_decode,0,0,229.6230793
extension-10868182/as-Skitter,extension-10868182,qhcn052,True,as-Skitter,b64_fp32,2,feature_fp32_add,13.7956142426,523955,229.6230793
extension-10868182/as-Skitter,extension-10868182,qhcn052,True,as-Skitter,b64_fp32,2,partial_state_load,0,0,229.6230793
extension-10868182/as-Skitter,extension-10868182,qhcn052,True,as-Skitter,b64_fp32,2,partial_state_store,0.493288040161,15478,229.6230793
extension-10868182/as-Skitter,extension-10868182,qhcn052,True,as-Skitter,b64_fp32,2,partial_hi_pack,3.63564491272,128256,229.6230793
extension-10868182/as-Skitter,extension-10868182,qhcn052,True,as-Skitter,b64_fp32,2,partial_lo_residual,0,0,229.6230793
extension-10868182/as-Skitter,extension-10868182,qhcn052,True,as-Skitter,b64_fp32,2,partial_lo_pack,0,0,229.6230793
extension-10868182/as-Skitter,extension-10868182,qhcn052,True,as-Skitter,b64_fp32,2,amx_a_load,0.278234481812,8016,229.6230793
extension-10868182/as-Skitter,extension-10868182,qhcn052,True,as-Skitter,b64_fp32,2,amx_b_load,0.687837600708,16032,229.6230793
extension-10868182/as-Skitter,extension-10868182,qhcn052,True,as-Skitter,b64_fp32,2,amx_tdp_compute,3.1681060791,16032,229.6230793
extension-10868182/as-Skitter,extension-10868182,qhcn052,True,as-Skitter,b64_fp32,2,amx_c_zero,0.0154972076416,832,229.6230793
extension-10868182/as-Skitter,extension-10868182,qhcn052,True,as-Skitter,b64_fp32,2,amx_c_load,0.0603199005127,1172,229.6230793
extension-10868182/as-Skitter,extension-10868182,qhcn052,True,as-Skitter,b64_fp32,2,amx_c_store,0.117778778076,2004,229.6230793
extension-10868182/as-Skitter,extension-10868182,qhcn052,True,as-Skitter,b64_fp32,2,output_bf16_conversion,0.195026397705,6655,229.6230793
extension-10868182/as-Skitter,extension-10868182,qhcn052,True,as-Skitter,b64_fp32,2,output_store,0.178575515747,6655,229.6230793
extension-10868182/as-Skitter,extension-10868182,qhcn052,True,as-Skitter,b64_fp32,2,thread_permission,0.02121925354,32,229.6230793
extension-10868182/as-Skitter,extension-10868182,qhcn052,True,as-Skitter,b64_fp32,2,thread_tile_config,0.00286102294922,32,229.6230793
extension-10868182/as-Skitter,extension-10868182,qhcn052,True,as-Skitter,b64_fp32,2,thread_tile_release,0.00286102294922,32,229.6230793
extension-10868182/as-Skitter,extension-10868182,qhcn052,True,as-Skitter,b64_fp32,2,row_metadata_read,0.0917911529541,416,229.6230793
extension-10868182/as-Skitter,extension-10868182,qhcn052,True,as-Skitter,full_bf16,1,partial_init,0.0803470611572,416,232.591152191
extension-10868182/as-Skitter,extension-10868182,qhcn052,True,as-Skitter,full_bf16,1,csr_index_read,14.1775608063,523955,232.591152191
extension-10868182/as-Skitter,extension-10868182,qhcn052,True,as-Skitter,full_bf16,1,csr_next_index_read,13.3955478668,517300,232.591152191
extension-10868182/as-Skitter,extension-10868182,qhcn052,True,as-Skitter,full_bf16,1,prefetch_issue,13.6315822601,517300,232.591152191
extension-10868182/as-Skitter,extension-10868182,qhcn052,True,as-Skitter,full_bf16,1,source_feature_load,14.2776966095,523955,232.591152191
extension-10868182/as-Skitter,extension-10868182,qhcn052,True,as-Skitter,full_bf16,1,source_bf16_decode,13.4656429291,523955,232.591152191
extension-10868182/as-Skitter,extension-10868182,qhcn052,True,as-Skitter,full_bf16,1,feature_fp32_add,13.5216712952,523955,232.591152191
extension-10868182/as-Skitter,extension-10868182,qhcn052,True,as-Skitter,full_bf16,1,partial_state_load,0,0,232.591152191
extension-10868182/as-Skitter,extension-10868182,qhcn052,True,as-Skitter,full_bf16,1,partial_state_store,0.214815139771,6655,232.591152191
extension-10868182/as-Skitter,extension-10868182,qhcn052,True,as-Skitter,full_bf16,1,partial_hi_pack,1.59239768982,53248,232.591152191
extension-10868182/as-Skitter,extension-10868182,qhcn052,True,as-Skitter,full_bf16,1,partial_lo_residual,0,0,232.591152191
extension-10868182/as-Skitter,extension-10868182,qhcn052,True,as-Skitter,full_bf16,1,partial_lo_pack,0,0,232.591152191
extension-10868182/as-Skitter,extension-10868182,qhcn052,True,as-Skitter,full_bf16,1,amx_a_load,0.1060962677,3328,232.591152191
extension-10868182/as-Skitter,extension-10868182,qhcn052,True,as-Skitter,full_bf16,1,amx_b_load,0.329256057739,6656,232.591152191
extension-10868182/as-Skitter,extension-10868182,qhcn052,True,as-Skitter,full_bf16,1,amx_tdp_compute,1.31511688232,6656,232.591152191
extension-10868182/as-Skitter,extension-10868182,qhcn052,True,as-Skitter,full_bf16,1,amx_c_zero,0.0369548797607,832,232.591152191
extension-10868182/as-Skitter,extension-10868182,qhcn052,True,as-Skitter,full_bf16,1,amx_c_load,0,0,232.591152191
extension-10868182/as-Skitter,extension-10868182,qhcn052,True,as-Skitter,full_bf16,1,amx_c_store,0.0541210174561,832,232.591152191
extension-10868182/as-Skitter,extension-10868182,qhcn052,True,as-Skitter,full_bf16,1,output_bf16_conversion,0,0,232.591152191
extension-10868182/as-Skitter,extension-10868182,qhcn052,True,as-Skitter,full_bf16,1,output_store,0.253677368164,6655,232.591152191
extension-10868182/as-Skitter,extension-10868182,qhcn052,True,as-Skitter,full_bf16,1,thread_permission,0.0171661376953,32,232.591152191
extension-10868182/as-Skitter,extension-10868182,qhcn052,True,as-Skitter,full_bf16,1,thread_tile_config,0.00476837158203,32,232.591152191
extension-10868182/as-Skitter,extension-10868182,qhcn052,True,as-Skitter,full_bf16,1,thread_tile_release,0,32,232.591152191
extension-10868182/as-Skitter,extension-10868182,qhcn052,True,as-Skitter,full_bf16,1,row_metadata_read,0.116348266602,416,232.591152191
extension-10868182/as-Skitter,extension-10868182,qhcn052,True,as-Skitter,full_bf16,2,partial_init,0.096321105957,416,232.03587532
extension-10868182/as-Skitter,extension-10868182,qhcn052,True,as-Skitter,full_bf16,2,csr_index_read,14.068365097,523955,232.03587532
extension-10868182/as-Skitter,extension-10868182,qhcn052,True,as-Skitter,full_bf16,2,csr_next_index_read,13.5097503662,517300,232.03587532
extension-10868182/as-Skitter,extension-10868182,qhcn052,True,as-Skitter,full_bf16,2,prefetch_issue,13.7557983398,517300,232.03587532
extension-10868182/as-Skitter,extension-10868182,qhcn052,True,as-Skitter,full_bf16,2,source_feature_load,14.2545700073,523955,232.03587532
extension-10868182/as-Skitter,extension-10868182,qhcn052,True,as-Skitter,full_bf16,2,source_bf16_decode,13.4460926056,523955,232.03587532
extension-10868182/as-Skitter,extension-10868182,qhcn052,True,as-Skitter,full_bf16,2,feature_fp32_add,13.6620998383,523955,232.03587532
extension-10868182/as-Skitter,extension-10868182,qhcn052,True,as-Skitter,full_bf16,2,partial_state_load,0,0,232.03587532
extension-10868182/as-Skitter,extension-10868182,qhcn052,True,as-Skitter,full_bf16,2,partial_state_store,0.180959701538,6655,232.03587532
extension-10868182/as-Skitter,extension-10868182,qhcn052,True,as-Skitter,full_bf16,2,partial_hi_pack,1.5664100647,53248,232.03587532
extension-10868182/as-Skitter,extension-10868182,qhcn052,True,as-Skitter,full_bf16,2,partial_lo_residual,0,0,232.03587532
extension-10868182/as-Skitter,extension-10868182,qhcn052,True,as-Skitter,full_bf16,2,partial_lo_pack,0,0,232.03587532
extension-10868182/as-Skitter,extension-10868182,qhcn052,True,as-Skitter,full_bf16,2,amx_a_load,0.0929832458496,3328,232.03587532
extension-10868182/as-Skitter,extension-10868182,qhcn052,True,as-Skitter,full_bf16,2,amx_b_load,0.356197357178,6656,232.03587532
extension-10868182/as-Skitter,extension-10868182,qhcn052,True,as-Skitter,full_bf16,2,amx_tdp_compute,1.40118598938,6656,232.03587532
extension-10868182/as-Skitter,extension-10868182,qhcn052,True,as-Skitter,full_bf16,2,amx_c_zero,0.0228881835938,832,232.03587532
extension-10868182/as-Skitter,extension-10868182,qhcn052,True,as-Skitter,full_bf16,2,amx_c_load,0,0,232.03587532
extension-10868182/as-Skitter,extension-10868182,qhcn052,True,as-Skitter,full_bf16,2,amx_c_store,0.0348091125488,832,232.03587532
extension-10868182/as-Skitter,extension-10868182,qhcn052,True,as-Skitter,full_bf16,2,output_bf16_conversion,0.236511230469,6655,232.03587532
extension-10868182/as-Skitter,extension-10868182,qhcn052,True,as-Skitter,full_bf16,2,output_store,0.197649002075,6655,232.03587532
extension-10868182/as-Skitter,extension-10868182,qhcn052,True,as-Skitter,full_bf16,2,thread_permission,0.0154972076416,32,232.03587532
extension-10868182/as-Skitter,extension-10868182,qhcn052,True,as-Skitter,full_bf16,2,thread_tile_config,0.00596046447754,32,232.03587532
extension-10868182/as-Skitter,extension-10868182,qhcn052,True,as-Skitter,full_bf16,2,thread_tile_release,0,32,232.03587532
extension-10868182/as-Skitter,extension-10868182,qhcn052,True,as-Skitter,full_bf16,2,row_metadata_read,0.0877380371094,416,232.03587532
extension-10868182/as-Skitter,extension-10868182,qhcn052,True,as-Skitter,full_fp32,1,partial_init,0.0894069671631,416,229.918956757
extension-10868182/as-Skitter,extension-10868182,qhcn052,True,as-Skitter,full_fp32,1,csr_index_read,13.9617919922,523955,229.918956757
extension-10868182/as-Skitter,extension-10868182,qhcn052,True,as-Skitter,full_fp32,1,csr_next_index_read,13.5335922241,517300,229.918956757
extension-10868182/as-Skitter,extension-10868182,qhcn052,True,as-Skitter,full_fp32,1,prefetch_issue,13.4983062744,517300,229.918956757
extension-10868182/as-Skitter,extension-10868182,qhcn052,True,as-Skitter,full_fp32,1,source_feature_load,21.6619968414,523955,229.918956757
extension-10868182/as-Skitter,extension-10868182,qhcn052,True,as-Skitter,full_fp32,1,source_bf16_decode,0,0,229.918956757
extension-10868182/as-Skitter,extension-10868182,qhcn052,True,as-Skitter,full_fp32,1,feature_fp32_add,13.6406421661,523955,229.918956757
extension-10868182/as-Skitter,extension-10868182,qhcn052,True,as-Skitter,full_fp32,1,partial_state_load,0,0,229.918956757
extension-10868182/as-Skitter,extension-10868182,qhcn052,True,as-Skitter,full_fp32,1,partial_state_store,0.196695327759,6655,229.918956757
extension-10868182/as-Skitter,extension-10868182,qhcn052,True,as-Skitter,full_fp32,1,partial_hi_pack,1.55806541443,53248,229.918956757
extension-10868182/as-Skitter,extension-10868182,qhcn052,True,as-Skitter,full_fp32,1,partial_lo_residual,0,0,229.918956757
extension-10868182/as-Skitter,extension-10868182,qhcn052,True,as-Skitter,full_fp32,1,partial_lo_pack,0,0,229.918956757
extension-10868182/as-Skitter,extension-10868182,qhcn052,True,as-Skitter,full_fp32,1,amx_a_load,0.101089477539,3328,229.918956757
extension-10868182/as-Skitter,extension-10868182,qhcn052,True,as-Skitter,full_fp32,1,amx_b_load,0.425100326538,6656,229.918956757
extension-10868182/as-Skitter,extension-10868182,qhcn052,True,as-Skitter,full_fp32,1,amx_tdp_compute,1.31392478943,6656,229.918956757
extension-10868182/as-Skitter,extension-10868182,qhcn052,True,as-Skitter,full_fp32,1,amx_c_zero,0.0274181365967,832,229.918956757
extension-10868182/as-Skitter,extension-10868182,qhcn052,True,as-Skitter,full_fp32,1,amx_c_load,0,0,229.918956757
extension-10868182/as-Skitter,extension-10868182,qhcn052,True,as-Skitter,full_fp32,1,amx_c_store,0.0455379486084,832,229.918956757
extension-10868182/as-Skitter,extension-10868182,qhcn052,True,as-Skitter,full_fp32,1,output_bf16_conversion,0,0,229.918956757
extension-10868182/as-Skitter,extension-10868182,qhcn052,True,as-Skitter,full_fp32,1,output_store,0.23627281189,6655,229.918956757
extension-10868182/as-Skitter,extension-10868182,qhcn052,True,as-Skitter,full_fp32,1,thread_permission,0.0104904174805,32,229.918956757
extension-10868182/as-Skitter,extension-10868182,qhcn052,True,as-Skitter,full_fp32,1,thread_tile_config,0.00381469726562,32,229.918956757
extension-10868182/as-Skitter,extension-10868182,qhcn052,True,as-Skitter,full_fp32,1,thread_tile_release,0.00286102294922,32,229.918956757
extension-10868182/as-Skitter,extension-10868182,qhcn052,True,as-Skitter,full_fp32,1,row_metadata_read,0.10347366333,416,229.918956757
extension-10868182/as-Skitter,extension-10868182,qhcn052,True,as-Skitter,full_fp32,2,partial_init,0.0839233398438,416,221.342086792
extension-10868182/as-Skitter,extension-10868182,qhcn052,True,as-Skitter,full_fp32,2,csr_index_read,14.0707492828,523955,221.342086792
extension-10868182/as-Skitter,extension-10868182,qhcn052,True,as-Skitter,full_fp32,2,csr_next_index_read,13.3669376373,517300,221.342086792
extension-10868182/as-Skitter,extension-10868182,qhcn052,True,as-Skitter,full_fp32,2,prefetch_issue,13.5395526886,517300,221.342086792
extension-10868182/as-Skitter,extension-10868182,qhcn052,True,as-Skitter,full_fp32,2,source_feature_load,20.1332569122,523955,221.342086792
extension-10868182/as-Skitter,extension-10868182,qhcn052,True,as-Skitter,full_fp32,2,source_bf16_decode,0,0,221.342086792
extension-10868182/as-Skitter,extension-10868182,qhcn052,True,as-Skitter,full_fp32,2,feature_fp32_add,13.6642456055,523955,221.342086792
extension-10868182/as-Skitter,extension-10868182,qhcn052,True,as-Skitter,full_fp32,2,partial_state_load,0,0,221.342086792
extension-10868182/as-Skitter,extension-10868182,qhcn052,True,as-Skitter,full_fp32,2,partial_state_store,0.20432472229,6655,221.342086792
extension-10868182/as-Skitter,extension-10868182,qhcn052,True,as-Skitter,full_fp32,2,partial_hi_pack,1.59454345703,53248,221.342086792
extension-10868182/as-Skitter,extension-10868182,qhcn052,True,as-Skitter,full_fp32,2,partial_lo_residual,0,0,221.342086792
extension-10868182/as-Skitter,extension-10868182,qhcn052,True,as-Skitter,full_fp32,2,partial_lo_pack,0,0,221.342086792
extension-10868182/as-Skitter,extension-10868182,qhcn052,True,as-Skitter,full_fp32,2,amx_a_load,0.0827312469482,3328,221.342086792
extension-10868182/as-Skitter,extension-10868182,qhcn052,True,as-Skitter,full_fp32,2,amx_b_load,0.377178192139,6656,221.342086792
extension-10868182/as-Skitter,extension-10868182,qhcn052,True,as-Skitter,full_fp32,2,amx_tdp_compute,1.3256072998,6656,221.342086792
extension-10868182/as-Skitter,extension-10868182,qhcn052,True,as-Skitter,full_fp32,2,amx_c_zero,0.0262260437012,832,221.342086792
extension-10868182/as-Skitter,extension-10868182,qhcn052,True,as-Skitter,full_fp32,2,amx_c_load,0,0,221.342086792
extension-10868182/as-Skitter,extension-10868182,qhcn052,True,as-Skitter,full_fp32,2,amx_c_store,0.0472068786621,832,221.342086792
extension-10868182/as-Skitter,extension-10868182,qhcn052,True,as-Skitter,full_fp32,2,output_bf16_conversion,0.211238861084,6655,221.342086792
extension-10868182/as-Skitter,extension-10868182,qhcn052,True,as-Skitter,full_fp32,2,output_store,0.2121925354,6655,221.342086792
extension-10868182/as-Skitter,extension-10868182,qhcn052,True,as-Skitter,full_fp32,2,thread_permission,0.0126361846924,32,221.342086792
extension-10868182/as-Skitter,extension-10868182,qhcn052,True,as-Skitter,full_fp32,2,thread_tile_config,0.00476837158203,32,221.342086792
extension-10868182/as-Skitter,extension-10868182,qhcn052,True,as-Skitter,full_fp32,2,thread_tile_release,0.000953674316406,32,221.342086792
extension-10868182/as-Skitter,extension-10868182,qhcn052,True,as-Skitter,full_fp32,2,row_metadata_read,0.107765197754,416,221.342086792
extension-10868182/cit-Patents,extension-10868182,qhcn052,True,cit-Patents,b64_bf16,1,partial_init,0.113248825073,524,49.427986145
extension-10868182/cit-Patents,extension-10868182,qhcn052,True,cit-Patents,b64_bf16,1,csr_index_read,2.69198417664,74230,49.427986145
extension-10868182/cit-Patents,extension-10868182,qhcn052,True,cit-Patents,b64_bf16,1,csr_next_index_read,1.76572799683,65887,49.427986145
extension-10868182/cit-Patents,extension-10868182,qhcn052,True,cit-Patents,b64_bf16,1,prefetch_issue,1.74164772034,65887,49.427986145
extension-10868182/cit-Patents,extension-10868182,qhcn052,True,cit-Patents,b64_bf16,1,source_feature_load,3.37314605713,74230,49.427986145
extension-10868182/cit-Patents,extension-10868182,qhcn052,True,cit-Patents,b64_bf16,1,source_bf16_decode,1.99723243713,74230,49.427986145
extension-10868182/cit-Patents,extension-10868182,qhcn052,True,cit-Patents,b64_bf16,1,feature_fp32_add,2.01606750488,74230,49.427986145
extension-10868182/cit-Patents,extension-10868182,qhcn052,True,cit-Patents,b64_bf16,1,partial_state_load,0,0,49.427986145
extension-10868182/cit-Patents,extension-10868182,qhcn052,True,cit-Patents,b64_bf16,1,partial_state_store,0.252962112427,8384,49.427986145
extension-10868182/cit-Patents,extension-10868182,qhcn052,True,cit-Patents,b64_bf16,1,partial_hi_pack,1.8789768219,67072,49.427986145
extension-10868182/cit-Patents,extension-10868182,qhcn052,True,cit-Patents,b64_bf16,1,partial_lo_residual,0,0,49.427986145
extension-10868182/cit-Patents,extension-10868182,qhcn052,True,cit-Patents,b64_bf16,1,partial_lo_pack,0,0,49.427986145
extension-10868182/cit-Patents,extension-10868182,qhcn052,True,cit-Patents,b64_bf16,1,amx_a_load,0.136613845825,4192,49.427986145
extension-10868182/cit-Patents,extension-10868182,qhcn052,True,cit-Patents,b64_bf16,1,amx_b_load,0.367641448975,8384,49.427986145
extension-10868182/cit-Patents,extension-10868182,qhcn052,True,cit-Patents,b64_bf16,1,amx_tdp_compute,1.63078308105,8384,49.427986145
extension-10868182/cit-Patents,extension-10868182,qhcn052,True,cit-Patents,b64_bf16,1,amx_c_zero,0.0381469726562,1022,49.427986145
extension-10868182/cit-Patents,extension-10868182,qhcn052,True,cit-Patents,b64_bf16,1,amx_c_load,0.00214576721191,26,49.427986145
extension-10868182/cit-Patents,extension-10868182,qhcn052,True,cit-Patents,b64_bf16,1,amx_c_store,0.0653266906738,1048,49.427986145
extension-10868182/cit-Patents,extension-10868182,qhcn052,True,cit-Patents,b64_bf16,1,output_bf16_conversion,0,0,49.427986145
extension-10868182/cit-Patents,extension-10868182,qhcn052,True,cit-Patents,b64_bf16,1,output_store,0.533819198608,8588,49.427986145
extension-10868182/cit-Patents,extension-10868182,qhcn052,True,cit-Patents,b64_bf16,1,thread_permission,0.00953674316406,32,49.427986145
extension-10868182/cit-Patents,extension-10868182,qhcn052,True,cit-Patents,b64_bf16,1,thread_tile_config,0.00834465026855,32,49.427986145
extension-10868182/cit-Patents,extension-10868182,qhcn052,True,cit-Patents,b64_bf16,1,thread_tile_release,0.000953674316406,32,49.427986145
extension-10868182/cit-Patents,extension-10868182,qhcn052,True,cit-Patents,b64_bf16,1,row_metadata_read,0.162363052368,923,49.427986145
extension-10868182/cit-Patents,extension-10868182,qhcn052,True,cit-Patents,b64_bf16,2,partial_init,0.116348266602,524,41.3198471069
extension-10868182/cit-Patents,extension-10868182,qhcn052,True,cit-Patents,b64_bf16,2,csr_index_read,2.67815589905,74230,41.3198471069
extension-10868182/cit-Patents,extension-10868182,qhcn052,True,cit-Patents,b64_bf16,2,csr_next_index_read,1.80387496948,65887,41.3198471069
extension-10868182/cit-Patents,extension-10868182,qhcn052,True,cit-Patents,b64_bf16,2,prefetch_issue,1.74713134766,65887,41.3198471069
extension-10868182/cit-Patents,extension-10868182,qhcn052,True,cit-Patents,b64_bf16,2,source_feature_load,3.24702262878,74230,41.3198471069
extension-10868182/cit-Patents,extension-10868182,qhcn052,True,cit-Patents,b64_bf16,2,source_bf16_decode,1.98912620544,74230,41.3198471069
extension-10868182/cit-Patents,extension-10868182,qhcn052,True,cit-Patents,b64_bf16,2,feature_fp32_add,1.96003913879,74230,41.3198471069
extension-10868182/cit-Patents,extension-10868182,qhcn052,True,cit-Patents,b64_bf16,2,partial_state_load,0,0,41.3198471069
extension-10868182/cit-Patents,extension-10868182,qhcn052,True,cit-Patents,b64_bf16,2,partial_state_store,0.256299972534,8384,41.3198471069
extension-10868182/cit-Patents,extension-10868182,qhcn052,True,cit-Patents,b64_bf16,2,partial_hi_pack,1.83176994324,67072,41.3198471069
extension-10868182/cit-Patents,extension-10868182,qhcn052,True,cit-Patents,b64_bf16,2,partial_lo_residual,0,0,41.3198471069
extension-10868182/cit-Patents,extension-10868182,qhcn052,True,cit-Patents,b64_bf16,2,partial_lo_pack,0,0,41.3198471069
extension-10868182/cit-Patents,extension-10868182,qhcn052,True,cit-Patents,b64_bf16,2,amx_a_load,0.133275985718,4192,41.3198471069
extension-10868182/cit-Patents,extension-10868182,qhcn052,True,cit-Patents,b64_bf16,2,amx_b_load,0.414848327637,8384,41.3198471069
extension-10868182/cit-Patents,extension-10868182,qhcn052,True,cit-Patents,b64_bf16,2,amx_tdp_compute,1.54066085815,8384,41.3198471069
extension-10868182/cit-Patents,extension-10868182,qhcn052,True,cit-Patents,b64_bf16,2,amx_c_zero,0.0355243682861,1022,41.3198471069
extension-10868182/cit-Patents,extension-10868182,qhcn052,True,cit-Patents,b64_bf16,2,amx_c_load,0.00286102294922,26,41.3198471069
extension-10868182/cit-Patents,extension-10868182,qhcn052,True,cit-Patents,b64_bf16,2,amx_c_store,0.0488758087158,1048,41.3198471069
extension-10868182/cit-Patents,extension-10868182,qhcn052,True,cit-Patents,b64_bf16,2,output_bf16_conversion,0.231266021729,8176,41.3198471069
extension-10868182/cit-Patents,extension-10868182,qhcn052,True,cit-Patents,b64_bf16,2,output_store,0.299453735352,8588,41.3198471069
extension-10868182/cit-Patents,extension-10868182,qhcn052,True,cit-Patents,b64_bf16,2,thread_permission,0.0190734863281,32,41.3198471069
extension-10868182/cit-Patents,extension-10868182,qhcn052,True,cit-Patents,b64_bf16,2,thread_tile_config,0.00882148742676,32,41.3198471069
extension-10868182/cit-Patents,extension-10868182,qhcn052,True,cit-Patents,b64_bf16,2,thread_tile_release,0.000953674316406,32,41.3198471069
extension-10868182/cit-Patents,extension-10868182,qhcn052,True,cit-Patents,b64_bf16,2,row_metadata_read,0.16450881958,923,41.3198471069
extension-10868182/cit-Patents,extension-10868182,qhcn052,True,cit-Patents,b64_fp32,1,partial_init,0.115394592285,524,59.130191803
extension-10868182/cit-Patents,extension-10868182,qhcn052,True,cit-Patents,b64_fp32,1,csr_index_read,2.73871421814,74230,59.130191803
extension-10868182/cit-Patents,extension-10868182,qhcn052,True,cit-Patents,b64_fp32,1,csr_next_index_read,1.74522399902,65887,59.130191803
extension-10868182/cit-Patents,extension-10868182,qhcn052,True,cit-Patents,b64_fp32,1,prefetch_issue,1.77335739136,65887,59.130191803
extension-10868182/cit-Patents,extension-10868182,qhcn052,True,cit-Patents,b64_fp32,1,source_feature_load,13.2582187653,74230,59.130191803
extension-10868182/cit-Patents,extension-10868182,qhcn052,True,cit-Patents,b64_fp32,1,source_bf16_decode,0,0,59.130191803
extension-10868182/cit-Patents,extension-10868182,qhcn052,True,cit-Patents,b64_fp32,1,feature_fp32_add,1.96719169617,74230,59.130191803
extension-10868182/cit-Patents,extension-10868182,qhcn052,True,cit-Patents,b64_fp32,1,partial_state_load,0,0,59.130191803
extension-10868182/cit-Patents,extension-10868182,qhcn052,True,cit-Patents,b64_fp32,1,partial_state_store,0.244140625,8384,59.130191803
extension-10868182/cit-Patents,extension-10868182,qhcn052,True,cit-Patents,b64_fp32,1,partial_hi_pack,1.88684463501,67072,59.130191803
extension-10868182/cit-Patents,extension-10868182,qhcn052,True,cit-Patents,b64_fp32,1,partial_lo_residual,0,0,59.130191803
extension-10868182/cit-Patents,extension-10868182,qhcn052,True,cit-Patents,b64_fp32,1,partial_lo_pack,0,0,59.130191803
extension-10868182/cit-Patents,extension-10868182,qhcn052,True,cit-Patents,b64_fp32,1,amx_a_load,0.126361846924,4192,59.130191803
extension-10868182/cit-Patents,extension-10868182,qhcn052,True,cit-Patents,b64_fp32,1,amx_b_load,0.391244888306,8384,59.130191803
extension-10868182/cit-Patents,extension-10868182,qhcn052,True,cit-Patents,b64_fp32,1,amx_tdp_compute,1.54972076416,8384,59.130191803
extension-10868182/cit-Patents,extension-10868182,qhcn052,True,cit-Patents,b64_fp32,1,amx_c_zero,0.0269412994385,1022,59.130191803
extension-10868182/cit-Patents,extension-10868182,qhcn052,True,cit-Patents,b64_fp32,1,amx_c_load,0.000953674316406,26,59.130191803
extension-10868182/cit-Patents,extension-10868182,qhcn052,True,cit-Patents,b64_fp32,1,amx_c_store,0.0545978546143,1048,59.130191803
extension-10868182/cit-Patents,extension-10868182,qhcn052,True,cit-Patents,b64_fp32,1,output_bf16_conversion,0,0,59.130191803
extension-10868182/cit-Patents,extension-10868182,qhcn052,True,cit-Patents,b64_fp32,1,output_store,0.575304031372,8588,59.130191803
extension-10868182/cit-Patents,extension-10868182,qhcn052,True,cit-Patents,b64_fp32,1,thread_permission,0.0171661376953,32,59.130191803
extension-10868182/cit-Patents,extension-10868182,qhcn052,True,cit-Patents,b64_fp32,1,thread_tile_config,0.00381469726562,32,59.130191803
extension-10868182/cit-Patents,extension-10868182,qhcn052,True,cit-Patents,b64_fp32,1,thread_tile_release,0.000953674316406,32,59.130191803
extension-10868182/cit-Patents,extension-10868182,qhcn052,True,cit-Patents,b64_fp32,1,row_metadata_read,0.163555145264,923,59.130191803
extension-10868182/cit-Patents,extension-10868182,qhcn052,True,cit-Patents,b64_fp32,2,partial_init,0.123977661133,524,51.1679649353
extension-10868182/cit-Patents,extension-10868182,qhcn052,True,cit-Patents,b64_fp32,2,csr_index_read,2.7539730072,74230,51.1679649353
extension-10868182/cit-Patents,extension-10868182,qhcn052,True,cit-Patents,b64_fp32,2,csr_next_index_read,1.80053710938,65887,51.1679649353
extension-10868182/cit-Patents,extension-10868182,qhcn052,True,cit-Patents,b64_fp32,2,prefetch_issue,1.79934501648,65887,51.1679649353
extension-10868182/cit-Patents,extension-10868182,qhcn052,True,cit-Patents,b64_fp32,2,source_feature_load,12.4263763428,74230,51.1679649353
extension-10868182/cit-Patents,extension-10868182,qhcn052,True,cit-Patents,b64_fp32,2,source_bf16_decode,0,0,51.1679649353
extension-10868182/cit-Patents,extension-10868182,qhcn052,True,cit-Patents,b64_fp32,2,feature_fp32_add,2.00057029724,74230,51.1679649353
extension-10868182/cit-Patents,extension-10868182,qhcn052,True,cit-Patents,b64_fp32,2,partial_state_load,0,0,51.1679649353
extension-10868182/cit-Patents,extension-10868182,qhcn052,True,cit-Patents,b64_fp32,2,partial_state_store,0.251531600952,8384,51.1679649353
extension-10868182/cit-Patents,extension-10868182,qhcn052,True,cit-Patents,b64_fp32,2,partial_hi_pack,1.84226036072,67072,51.1679649353
extension-10868182/cit-Patents,extension-10868182,qhcn052,True,cit-Patents,b64_fp32,2,partial_lo_residual,0,0,51.1679649353
extension-10868182/cit-Patents,extension-10868182,qhcn052,True,cit-Patents,b64_fp32,2,partial_lo_pack,0,0,51.1679649353
extension-10868182/cit-Patents,extension-10868182,qhcn052,True,cit-Patents,b64_fp32,2,amx_a_load,0.139713287354,4192,51.1679649353
extension-10868182/cit-Patents,extension-10868182,qhcn052,True,cit-Patents,b64_fp32,2,amx_b_load,0.409603118896,8384,51.1679649353
extension-10868182/cit-Patents,extension-10868182,qhcn052,True,cit-Patents,b64_fp32,2,amx_tdp_compute,1.53708457947,8384,51.1679649353
extension-10868182/cit-Patents,extension-10868182,qhcn052,True,cit-Patents,b64_fp32,2,amx_c_zero,0.0238418579102,1022,51.1679649353
extension-10868182/cit-Patents,extension-10868182,qhcn052,True,cit-Patents,b64_fp32,2,amx_c_load,0.00119209289551,26,51.1679649353
extension-10868182/cit-Patents,extension-10868182,qhcn052,True,cit-Patents,b64_fp32,2,amx_c_store,0.0572204589844,1048,51.1679649353
extension-10868182/cit-Patents,extension-10868182,qhcn052,True,cit-Patents,b64_fp32,2,output_bf16_conversion,0.256061553955,8176,51.1679649353
extension-10868182/cit-Patents,extension-10868182,qhcn052,True,cit-Patents,b64_fp32,2,output_store,0.311851501465,8588,51.1679649353
extension-10868182/cit-Patents,extension-10868182,qhcn052,True,cit-Patents,b64_fp32,2,thread_permission,0.0224113464355,32,51.1679649353
extension-10868182/cit-Patents,extension-10868182,qhcn052,True,cit-Patents,b64_fp32,2,thread_tile_config,0.00762939453125,32,51.1679649353
extension-10868182/cit-Patents,extension-10868182,qhcn052,True,cit-Patents,b64_fp32,2,thread_tile_release,0.00190734863281,32,51.1679649353
extension-10868182/cit-Patents,extension-10868182,qhcn052,True,cit-Patents,b64_fp32,2,row_metadata_read,0.19383430481,923,51.1679649353
extension-10868182/cit-Patents,extension-10868182,qhcn052,True,cit-Patents,full_bf16,1,partial_init,0.119209289551,511,48.0880737305
extension-10868182/cit-Patents,extension-10868182,qhcn052,True,cit-Patents,full_bf16,1,csr_index_read,2.68507003784,74230,48.0880737305
extension-10868182/cit-Patents,extension-10868182,qhcn052,True,cit-Patents,full_bf16,1,csr_next_index_read,1.78599357605,66054,48.0880737305
extension-10868182/cit-Patents,extension-10868182,qhcn052,True,cit-Patents,full_bf16,1,prefetch_issue,1.80435180664,66054,48.0880737305
extension-10868182/cit-Patents,extension-10868182,qhcn052,True,cit-Patents,full_bf16,1,source_feature_load,3.2947063446,74230,48.0880737305
extension-10868182/cit-Patents,extension-10868182,qhcn052,True,cit-Patents,full_bf16,1,source_bf16_decode,2.108335495,74230,48.0880737305
extension-10868182/cit-Patents,extension-10868182,qhcn052,True,cit-Patents,full_bf16,1,feature_fp32_add,2.01272964478,74230,48.0880737305
extension-10868182/cit-Patents,extension-10868182,qhcn052,True,cit-Patents,full_bf16,1,partial_state_load,0,0,48.0880737305
extension-10868182/cit-Patents,extension-10868182,qhcn052,True,cit-Patents,full_bf16,1,partial_state_store,0.26798248291,8176,48.0880737305
extension-10868182/cit-Patents,extension-10868182,qhcn052,True,cit-Patents,full_bf16,1,partial_hi_pack,1.86920166016,65408,48.0880737305
extension-10868182/cit-Patents,extension-10868182,qhcn052,True,cit-Patents,full_bf16,1,partial_lo_residual,0,0,48.0880737305
extension-10868182/cit-Patents,extension-10868182,qhcn052,True,cit-Patents,full_bf16,1,partial_lo_pack,0,0,48.0880737305
extension-10868182/cit-Patents,extension-10868182,qhcn052,True,cit-Patents,full_bf16,1,amx_a_load,0.121355056763,4088,48.0880737305
extension-10868182/cit-Patents,extension-10868182,qhcn052,True,cit-Patents,full_bf16,1,amx_b_load,0.387907028198,8176,48.0880737305
extension-10868182/cit-Patents,extension-10868182,qhcn052,True,cit-Patents,full_bf16,1,amx_tdp_compute,1.56950950623,8176,48.0880737305
extension-10868182/cit-Patents,extension-10868182,qhcn052,True,cit-Patents,full_bf16,1,amx_c_zero,0.0262260437012,1022,48.0880737305
extension-10868182/cit-Patents,extension-10868182,qhcn052,True,cit-Patents,full_bf16,1,amx_c_load,0,0,48.0880737305
extension-10868182/cit-Patents,extension-10868182,qhcn052,True,cit-Patents,full_bf16,1,amx_c_store,0.0615119934082,1022,48.0880737305
extension-10868182/cit-Patents,extension-10868182,qhcn052,True,cit-Patents,full_bf16,1,output_bf16_conversion,0,0,48.0880737305
extension-10868182/cit-Patents,extension-10868182,qhcn052,True,cit-Patents,full_bf16,1,output_store,0.54144859314,8588,48.0880737305
extension-10868182/cit-Patents,extension-10868182,qhcn052,True,cit-Patents,full_bf16,1,thread_permission,0.016450881958,32,48.0880737305
extension-10868182/cit-Patents,extension-10868182,qhcn052,True,cit-Patents,full_bf16,1,thread_tile_config,0.00381469726562,32,48.0880737305
extension-10868182/cit-Patents,extension-10868182,qhcn052,True,cit-Patents,full_bf16,1,thread_tile_release,0.000953674316406,32,48.0880737305
extension-10868182/cit-Patents,extension-10868182,qhcn052,True,cit-Patents,full_bf16,1,row_metadata_read,0.174760818481,923,48.0880737305
extension-10868182/cit-Patents,extension-10868182,qhcn052,True,cit-Patents,full_bf16,2,partial_init,0.120639801025,511,43.1790351868
extension-10868182/cit-Patents,extension-10868182,qhcn052,True,cit-Patents,full_bf16,2,csr_index_read,2.65693664551,74230,43.1790351868
extension-10868182/cit-Patents,extension-10868182,qhcn052,True,cit-Patents,full_bf16,2,csr_next_index_read,1.85132026672,66054,43.1790351868
extension-10868182/cit-Patents,extension-10868182,qhcn052,True,cit-Patents,full_bf16,2,prefetch_issue,1.85012817383,66054,43.1790351868
extension-10868182/cit-Patents,extension-10868182,qhcn052,True,cit-Patents,full_bf16,2,source_feature_load,3.26752662659,74230,43.1790351868
extension-10868182/cit-Patents,extension-10868182,qhcn052,True,cit-Patents,full_bf16,2,source_bf16_decode,2.01964378357,74230,43.1790351868
extension-10868182/cit-Patents,extension-10868182,qhcn052,True,cit-Patents,full_bf16,2,feature_fp32_add,2.07495689392,74230,43.1790351868
extension-10868182/cit-Patents,extension-10868182,qhcn052,True,cit-Patents,full_bf16,2,partial_state_load,0,0,43.1790351868
extension-10868182/cit-Patents,extension-10868182,qhcn052,True,cit-Patents,full_bf16,2,partial_state_store,0.235080718994,8176,43.1790351868
extension-10868182/cit-Patents,extension-10868182,qhcn052,True,cit-Patents,full_bf16,2,partial_hi_pack,1.80125236511,65408,43.1790351868
extension-10868182/cit-Patents,extension-10868182,qhcn052,True,cit-Patents,full_bf16,2,partial_lo_residual,0,0,43.1790351868
extension-10868182/cit-Patents,extension-10868182,qhcn052,True,cit-Patents,full_bf16,2,partial_lo_pack,0,0,43.1790351868
extension-10868182/cit-Patents,extension-10868182,qhcn052,True,cit-Patents,full_bf16,2,amx_a_load,0.110387802124,4088,43.1790351868
extension-10868182/cit-Patents,extension-10868182,qhcn052,True,cit-Patents,full_bf16,2,amx_b_load,0.384330749512,8176,43.1790351868
extension-10868182/cit-Patents,extension-10868182,qhcn052,True,cit-Patents,full_bf16,2,amx_tdp_compute,1.51515007019,8176,43.1790351868
extension-10868182/cit-Patents,extension-10868182,qhcn052,True,cit-Patents,full_bf16,2,amx_c_zero,0.0221729278564,1022,43.1790351868
extension-10868182/cit-Patents,extension-10868182,qhcn052,True,cit-Patents,full_bf16,2,amx_c_load,0,0,43.1790351868
extension-10868182/cit-Patents,extension-10868182,qhcn052,True,cit-Patents,full_bf16,2,amx_c_store,0.0526905059814,1022,43.1790351868
extension-10868182/cit-Patents,extension-10868182,qhcn052,True,cit-Patents,full_bf16,2,output_bf16_conversion,0.229120254517,8176,43.1790351868
extension-10868182/cit-Patents,extension-10868182,qhcn052,True,cit-Patents,full_bf16,2,output_store,0.284194946289,8588,43.1790351868
extension-10868182/cit-Patents,extension-10868182,qhcn052,True,cit-Patents,full_bf16,2,thread_permission,0.0240802764893,32,43.1790351868
extension-10868182/cit-Patents,extension-10868182,qhcn052,True,cit-Patents,full_bf16,2,thread_tile_config,0.00476837158203,32,43.1790351868
extension-10868182/cit-Patents,extension-10868182,qhcn052,True,cit-Patents,full_bf16,2,thread_tile_release,0,32,43.1790351868
extension-10868182/cit-Patents,extension-10868182,qhcn052,True,cit-Patents,full_bf16,2,row_metadata_read,0.145435333252,923,43.1790351868
extension-10868182/cit-Patents,extension-10868182,qhcn052,True,cit-Patents,full_fp32,1,partial_init,0.120639801025,511,56.8830966949
extension-10868182/cit-Patents,extension-10868182,qhcn052,True,cit-Patents,full_fp32,1,csr_index_read,2.77948379517,74230,56.8830966949
extension-10868182/cit-Patents,extension-10868182,qhcn052,True,cit-Patents,full_fp32,1,csr_next_index_read,1.8253326416,66054,56.8830966949
extension-10868182/cit-Patents,extension-10868182,qhcn052,True,cit-Patents,full_fp32,1,prefetch_issue,1.87349319458,66054,56.8830966949
extension-10868182/cit-Patents,extension-10868182,qhcn052,True,cit-Patents,full_fp32,1,source_feature_load,13.3631229401,74230,56.8830966949
extension-10868182/cit-Patents,extension-10868182,qhcn052,True,cit-Patents,full_fp32,1,source_bf16_decode,0,0,56.8830966949
extension-10868182/cit-Patents,extension-10868182,qhcn052,True,cit-Patents,full_fp32,1,feature_fp32_add,2.1493434906,74230,56.8830966949
extension-10868182/cit-Patents,extension-10868182,qhcn052,True,cit-Patents,full_fp32,1,partial_state_load,0,0,56.8830966949
extension-10868182/cit-Patents,extension-10868182,qhcn052,True,cit-Patents,full_fp32,1,partial_state_store,0.224590301514,8176,56.8830966949
extension-10868182/cit-Patents,extension-10868182,qhcn052,True,cit-Patents,full_fp32,1,partial_hi_pack,1.8322467804,65408,56.8830966949
extension-10868182/cit-Patents,extension-10868182,qhcn052,True,cit-Patents,full_fp32,1,partial_lo_residual,0,0,56.8830966949
extension-10868182/cit-Patents,extension-10868182,qhcn052,True,cit-Patents,full_fp32,1,partial_lo_pack,0,0,56.8830966949
extension-10868182/cit-Patents,extension-10868182,qhcn052,True,cit-Patents,full_fp32,1,amx_a_load,0.119924545288,4088,56.8830966949
extension-10868182/cit-Patents,extension-10868182,qhcn052,True,cit-Patents,full_fp32,1,amx_b_load,0.359535217285,8176,56.8830966949
extension-10868182/cit-Patents,extension-10868182,qhcn052,True,cit-Patents,full_fp32,1,amx_tdp_compute,1.50585174561,8176,56.8830966949
extension-10868182/cit-Patents,extension-10868182,qhcn052,True,cit-Patents,full_fp32,1,amx_c_zero,0.037670135498,1022,56.8830966949
extension-10868182/cit-Patents,extension-10868182,qhcn052,True,cit-Patents,full_fp32,1,amx_c_load,0,0,56.8830966949
extension-10868182/cit-Patents,extension-10868182,qhcn052,True,cit-Patents,full_fp32,1,amx_c_store,0.0591278076172,1022,56.8830966949
extension-10868182/cit-Patents,extension-10868182,qhcn052,True,cit-Patents,full_fp32,1,output_bf16_conversion,0,0,56.8830966949
extension-10868182/cit-Patents,extension-10868182,qhcn052,True,cit-Patents,full_fp32,1,output_store,0.512361526489,8588,56.8830966949
extension-10868182/cit-Patents,extension-10868182,qhcn052,True,cit-Patents,full_fp32,1,thread_permission,0.0209808349609,32,56.8830966949
extension-10868182/cit-Patents,extension-10868182,qhcn052,True,cit-Patents,full_fp32,1,thread_tile_config,0.00190734863281,32,56.8830966949
extension-10868182/cit-Patents,extension-10868182,qhcn052,True,cit-Patents,full_fp32,1,thread_tile_release,0,32,56.8830966949
extension-10868182/cit-Patents,extension-10868182,qhcn052,True,cit-Patents,full_fp32,1,row_metadata_read,0.174045562744,923,56.8830966949
extension-10868182/cit-Patents,extension-10868182,qhcn052,True,cit-Patents,full_fp32,2,partial_init,0.103235244751,511,48.7699508667
extension-10868182/cit-Patents,extension-10868182,qhcn052,True,cit-Patents,full_fp32,2,csr_index_read,2.78425216675,74230,48.7699508667
extension-10868182/cit-Patents,extension-10868182,qhcn052,True,cit-Patents,full_fp32,2,csr_next_index_read,1.78837776184,66054,48.7699508667
extension-10868182/cit-Patents,extension-10868182,qhcn052,True,cit-Patents,full_fp32,2,prefetch_issue,1.76882743835,66054,48.7699508667
extension-10868182/cit-Patents,extension-10868182,qhcn052,True,cit-Patents,full_fp32,2,source_feature_load,12.6566886902,74230,48.7699508667
extension-10868182/cit-Patents,extension-10868182,qhcn052,True,cit-Patents,full_fp32,2,source_bf16_decode,0,0,48.7699508667
extension-10868182/cit-Patents,extension-10868182,qhcn052,True,cit-Patents,full_fp32,2,feature_fp32_add,2.03680992126,74230,48.7699508667
extension-10868182/cit-Patents,extension-10868182,qhcn052,True,cit-Patents,full_fp32,2,partial_state_load,0,0,48.7699508667
extension-10868182/cit-Patents,extension-10868182,qhcn052,True,cit-Patents,full_fp32,2,partial_state_store,0.250577926636,8176,48.7699508667
extension-10868182/cit-Patents,extension-10868182,qhcn052,True,cit-Patents,full_fp32,2,partial_hi_pack,1.81341171265,65408,48.7699508667
extension-10868182/cit-Patents,extension-10868182,qhcn052,True,cit-Patents,full_fp32,2,partial_lo_residual,0,0,48.7699508667
extension-10868182/cit-Patents,extension-10868182,qhcn052,True,cit-Patents,full_fp32,2,partial_lo_pack,0,0,48.7699508667
extension-10868182/cit-Patents,extension-10868182,qhcn052,True,cit-Patents,full_fp32,2,amx_a_load,0.116109848022,4088,48.7699508667
extension-10868182/cit-Patents,extension-10868182,qhcn052,True,cit-Patents,full_fp32,2,amx_b_load,0.427484512329,8176,48.7699508667
extension-10868182/cit-Patents,extension-10868182,qhcn052,True,cit-Patents,full_fp32,2,amx_tdp_compute,1.57427787781,8176,48.7699508667
extension-10868182/cit-Patents,extension-10868182,qhcn052,True,cit-Patents,full_fp32,2,amx_c_zero,0.0267028808594,1022,48.7699508667
extension-10868182/cit-Patents,extension-10868182,qhcn052,True,cit-Patents,full_fp32,2,amx_c_load,0,0,48.7699508667
extension-10868182/cit-Patents,extension-10868182,qhcn052,True,cit-Patents,full_fp32,2,amx_c_store,0.0455379486084,1022,48.7699508667
extension-10868182/cit-Patents,extension-10868182,qhcn052,True,cit-Patents,full_fp32,2,output_bf16_conversion,0.244617462158,8176,48.7699508667
extension-10868182/cit-Patents,extension-10868182,qhcn052,True,cit-Patents,full_fp32,2,output_store,0.290393829346,8588,48.7699508667
extension-10868182/cit-Patents,extension-10868182,qhcn052,True,cit-Patents,full_fp32,2,thread_permission,0.0190734863281,32,48.7699508667
extension-10868182/cit-Patents,extension-10868182,qhcn052,True,cit-Patents,full_fp32,2,thread_tile_config,0.00572204589844,32,48.7699508667
extension-10868182/cit-Patents,extension-10868182,qhcn052,True,cit-Patents,full_fp32,2,thread_tile_release,0,32,48.7699508667
extension-10868182/cit-Patents,extension-10868182,qhcn052,True,cit-Patents,full_fp32,2,row_metadata_read,0.168085098267,923,48.7699508667
extension-10868182/com-LiveJournal,extension-10868182,qhcn052,True,com-LiveJournal,b64_bf16,1,partial_init,0.24938583374,1306,158.278226852
extension-10868182/com-LiveJournal,extension-10868182,qhcn052,True,com-LiveJournal,b64_bf16,1,csr_index_read,10.9837055206,356010,158.278226852
extension-10868182/com-LiveJournal,extension-10868182,qhcn052,True,com-LiveJournal,b64_bf16,1,csr_next_index_read,9.04226303101,337682,158.278226852
extension-10868182/com-LiveJournal,extension-10868182,qhcn052,True,com-LiveJournal,b64_bf16,1,prefetch_issue,8.94141197205,337682,158.278226852
extension-10868182/com-LiveJournal,extension-10868182,qhcn052,True,com-LiveJournal,b64_bf16,1,source_feature_load,12.1140480042,356010,158.278226852
extension-10868182/com-LiveJournal,extension-10868182,qhcn052,True,com-LiveJournal,b64_bf16,1,source_bf16_decode,9.432554245,356010,158.278226852
extension-10868182/com-LiveJournal,extension-10868182,qhcn052,True,com-LiveJournal,b64_bf16,1,feature_fp32_add,9.62376594543,356010,158.278226852
extension-10868182/com-LiveJournal,extension-10868182,qhcn052,True,com-LiveJournal,b64_bf16,1,partial_state_load,0,0,158.278226852
extension-10868182/com-LiveJournal,extension-10868182,qhcn052,True,com-LiveJournal,b64_bf16,1,partial_state_store,0.624179840088,19504,158.278226852
extension-10868182/com-LiveJournal,extension-10868182,qhcn052,True,com-LiveJournal,b64_bf16,1,partial_hi_pack,4.82392311096,167168,158.278226852
extension-10868182/com-LiveJournal,extension-10868182,qhcn052,True,com-LiveJournal,b64_bf16,1,partial_lo_residual,0,0,158.278226852
extension-10868182/com-LiveJournal,extension-10868182,qhcn052,True,com-LiveJournal,b64_bf16,1,partial_lo_pack,0,0,158.278226852
extension-10868182/com-LiveJournal,extension-10868182,qhcn052,True,com-LiveJournal,b64_bf16,1,amx_a_load,0.309228897095,10448,158.278226852
extension-10868182/com-LiveJournal,extension-10868182,qhcn052,True,com-LiveJournal,b64_bf16,1,amx_b_load,1.19113922119,20896,158.278226852
extension-10868182/com-LiveJournal,extension-10868182,qhcn052,True,com-LiveJournal,b64_bf16,1,amx_tdp_compute,3.87930870056,20896,158.278226852
extension-10868182/com-LiveJournal,extension-10868182,qhcn052,True,com-LiveJournal,b64_bf16,1,amx_c_zero,0.049352645874,1956,158.278226852
extension-10868182/com-LiveJournal,extension-10868182,qhcn052,True,com-LiveJournal,b64_bf16,1,amx_c_load,0.0388622283936,656,158.278226852
extension-10868182/com-LiveJournal,extension-10868182,qhcn052,True,com-LiveJournal,b64_bf16,1,amx_c_store,0.145435333252,2612,158.278226852
extension-10868182/com-LiveJournal,extension-10868182,qhcn052,True,com-LiveJournal,b64_bf16,1,output_bf16_conversion,0,0,158.278226852
extension-10868182/com-LiveJournal,extension-10868182,qhcn052,True,com-LiveJournal,b64_bf16,1,output_store,0.573873519897,15642,158.278226852
extension-10868182/com-LiveJournal,extension-10868182,qhcn052,True,com-LiveJournal,b64_bf16,1,thread_permission,0.0128746032715,32,158.278226852
extension-10868182/com-LiveJournal,extension-10868182,qhcn052,True,com-LiveJournal,b64_bf16,1,thread_tile_config,0.00691413879395,32,158.278226852
extension-10868182/com-LiveJournal,extension-10868182,qhcn052,True,com-LiveJournal,b64_bf16,1,thread_tile_release,0.00214576721191,32,158.278226852
extension-10868182/com-LiveJournal,extension-10868182,qhcn052,True,com-LiveJournal,b64_bf16,1,row_metadata_read,0.266313552856,978,158.278226852
extension-10868182/com-LiveJournal,extension-10868182,qhcn052,True,com-LiveJournal,b64_bf16,2,partial_init,0.247478485107,1306,152.729988098
extension-10868182/com-LiveJournal,extension-10868182,qhcn052,True,com-LiveJournal,b64_bf16,2,csr_index_read,10.9214782715,356010,152.729988098
extension-10868182/com-LiveJournal,extension-10868182,qhcn052,True,com-LiveJournal,b64_bf16,2,csr_next_index_read,9.08088684082,337682,152.729988098
extension-10868182/com-LiveJournal,extension-10868182,qhcn052,True,com-LiveJournal,b64_bf16,2,prefetch_issue,9.04893875122,337682,152.729988098
extension-10868182/com-LiveJournal,extension-10868182,qhcn052,True,com-LiveJournal,b64_bf16,2,source_feature_load,11.8680000305,356010,152.729988098
extension-10868182/com-LiveJournal,extension-10868182,qhcn052,True,com-LiveJournal,b64_bf16,2,source_bf16_decode,9.51194763184,356010,152.729988098
extension-10868182/com-LiveJournal,extension-10868182,qhcn052,True,com-LiveJournal,b64_bf16,2,feature_fp32_add,9.63592529297,356010,152.729988098
extension-10868182/com-LiveJournal,extension-10868182,qhcn052,True,com-LiveJournal,b64_bf16,2,partial_state_load,0,0,152.729988098
extension-10868182/com-LiveJournal,extension-10868182,qhcn052,True,com-LiveJournal,b64_bf16,2,partial_state_store,0.568151473999,19504,152.729988098
extension-10868182/com-LiveJournal,extension-10868182,qhcn052,True,com-LiveJournal,b64_bf16,2,partial_hi_pack,4.78720664978,167168,152.729988098
extension-10868182/com-LiveJournal,extension-10868182,qhcn052,True,com-LiveJournal,b64_bf16,2,partial_lo_residual,0,0,152.729988098
extension-10868182/com-LiveJournal,extension-10868182,qhcn052,True,com-LiveJournal,b64_bf16,2,partial_lo_pack,0,0,152.729988098
extension-10868182/com-LiveJournal,extension-10868182,qhcn052,True,com-LiveJournal,b64_bf16,2,amx_a_load,0.352382659912,10448,152.729988098
extension-10868182/com-LiveJournal,extension-10868182,qhcn052,True,com-LiveJournal,b64_bf16,2,amx_b_load,1.13797187805,20896,152.729988098
extension-10868182/com-LiveJournal,extension-10868182,qhcn052,True,com-LiveJournal,b64_bf16,2,amx_tdp_compute,3.81970405579,20896,152.729988098
extension-10868182/com-LiveJournal,extension-10868182,qhcn052,True,com-LiveJournal,b64_bf16,2,amx_c_zero,0.0545978546143,1956,152.729988098
extension-10868182/com-LiveJournal,extension-10868182,qhcn052,True,com-LiveJournal,b64_bf16,2,amx_c_load,0.0462532043457,656,152.729988098
extension-10868182/com-LiveJournal,extension-10868182,qhcn052,True,com-LiveJournal,b64_bf16,2,amx_c_store,0.159502029419,2612,152.729988098
extension-10868182/com-LiveJournal,extension-10868182,qhcn052,True,com-LiveJournal,b64_bf16,2,output_bf16_conversion,0.489950180054,15642,152.729988098
extension-10868182/com-LiveJournal,extension-10868182,qhcn052,True,com-LiveJournal,b64_bf16,2,output_store,0.483512878418,15642,152.729988098
extension-10868182/com-LiveJournal,extension-10868182,qhcn052,True,com-LiveJournal,b64_bf16,2,thread_permission,0.0205039978027,32,152.729988098
extension-10868182/com-LiveJournal,extension-10868182,qhcn052,True,com-LiveJournal,b64_bf16,2,thread_tile_config,0.00643730163574,32,152.729988098
extension-10868182/com-LiveJournal,extension-10868182,qhcn052,True,com-LiveJournal,b64_bf16,2,thread_tile_release,0,32,152.729988098
extension-10868182/com-LiveJournal,extension-10868182,qhcn052,True,com-LiveJournal,b64_bf16,2,row_metadata_read,0.294923782349,978,152.729988098
extension-10868182/com-LiveJournal,extension-10868182,qhcn052,True,com-LiveJournal,b64_fp32,1,partial_init,0.266790390015,1306,290.759801865
extension-10868182/com-LiveJournal,extension-10868182,qhcn052,True,com-LiveJournal,b64_fp32,1,csr_index_read,11.4183425903,356010,290.759801865
extension-10868182/com-LiveJournal,extension-10868182,qhcn052,True,com-LiveJournal,b64_fp32,1,csr_next_index_read,9.197473526,337682,290.759801865
extension-10868182/com-LiveJournal,extension-10868182,qhcn052,True,com-LiveJournal,b64_fp32,1,prefetch_issue,9.25326347351,337682,290.759801865
extension-10868182/com-LiveJournal,extension-10868182,qhcn052,True,com-LiveJournal,b64_fp32,1,source_feature_load,71.9838142395,356010,290.759801865
extension-10868182/com-LiveJournal,extension-10868182,qhcn052,True,com-LiveJournal,b64_fp32,1,source_bf16_decode,0,0,290.759801865
extension-10868182/com-LiveJournal,extension-10868182,qhcn052,True,com-LiveJournal,b64_fp32,1,feature_fp32_add,9.57441329956,356010,290.759801865
extension-10868182/com-LiveJournal,extension-10868182,qhcn052,True,com-LiveJournal,b64_fp32,1,partial_state_load,0,0,290.759801865
extension-10868182/com-LiveJournal,extension-10868182,qhcn052,True,com-LiveJournal,b64_fp32,1,partial_state_store,0.603914260864,19504,290.759801865
extension-10868182/com-LiveJournal,extension-10868182,qhcn052,True,com-LiveJournal,b64_fp32,1,partial_hi_pack,4.82082366943,167168,290.759801865
extension-10868182/com-LiveJournal,extension-10868182,qhcn052,True,com-LiveJournal,b64_fp32,1,partial_lo_residual,0,0,290.759801865
extension-10868182/com-LiveJournal,extension-10868182,qhcn052,True,com-LiveJournal,b64_fp32,1,partial_lo_pack,0,0,290.759801865
extension-10868182/com-LiveJournal,extension-10868182,qhcn052,True,com-LiveJournal,b64_fp32,1,amx_a_load,0.330448150635,10448,290.759801865
extension-10868182/com-LiveJournal,extension-10868182,qhcn052,True,com-LiveJournal,b64_fp32,1,amx_b_load,1.9736289978,20896,290.759801865
extension-10868182/com-LiveJournal,extension-10868182,qhcn052,True,com-LiveJournal,b64_fp32,1,amx_tdp_compute,4.3613910675,20896,290.759801865
extension-10868182/com-LiveJournal,extension-10868182,qhcn052,True,com-LiveJournal,b64_fp32,1,amx_c_zero,0.0715255737305,1956,290.759801865
extension-10868182/com-LiveJournal,extension-10868182,qhcn052,True,com-LiveJournal,b64_fp32,1,amx_c_load,0.0607967376709,656,290.759801865
extension-10868182/com-LiveJournal,extension-10868182,qhcn052,True,com-LiveJournal,b64_fp32,1,amx_c_store,0.157833099365,2612,290.759801865
extension-10868182/com-LiveJournal,extension-10868182,qhcn052,True,com-LiveJournal,b64_fp32,1,output_bf16_conversion,0,0,290.759801865
extension-10868182/com-LiveJournal,extension-10868182,qhcn052,True,com-LiveJournal,b64_fp32,1,output_store,0.684499740601,15642,290.759801865
extension-10868182/com-LiveJournal,extension-10868182,qhcn052,True,com-LiveJournal,b64_fp32,1,thread_permission,0.0195503234863,32,290.759801865
extension-10868182/com-LiveJournal,extension-10868182,qhcn052,True,com-LiveJournal,b64_fp32,1,thread_tile_config,0.00739097595215,32,290.759801865
extension-10868182/com-LiveJournal,extension-10868182,qhcn052,True,com-LiveJournal,b64_fp32,1,thread_tile_release,0.00119209289551,32,290.759801865
extension-10868182/com-LiveJournal,extension-10868182,qhcn052,True,com-LiveJournal,b64_fp32,1,row_metadata_read,0.371932983398,978,290.759801865
extension-10868182/com-LiveJournal,extension-10868182,qhcn052,True,com-LiveJournal,b64_fp32,2,partial_init,0.267267227173,1306,201.560974121
extension-10868182/com-LiveJournal,extension-10868182,qhcn052,True,com-LiveJournal,b64_fp32,2,csr_index_read,10.7612609863,356010,201.560974121
extension-10868182/com-LiveJournal,extension-10868182,qhcn052,True,com-LiveJournal,b64_fp32,2,csr_next_index_read,9.12141799927,337682,201.560974121
extension-10868182/com-LiveJournal,extension-10868182,qhcn052,True,com-LiveJournal,b64_fp32,2,prefetch_issue,9.08231735229,337682,201.560974121
extension-10868182/com-LiveJournal,extension-10868182,qhcn052,True,com-LiveJournal,b64_fp32,2,source_feature_load,49.8418807983,356010,201.560974121
extension-10868182/com-LiveJournal,extension-10868182,qhcn052,True,com-LiveJournal,b64_fp32,2,source_bf16_decode,0,0,201.560974121
extension-10868182/com-LiveJournal,extension-10868182,qhcn052,True,com-LiveJournal,b64_fp32,2,feature_fp32_add,9.38630104065,356010,201.560974121
extension-10868182/com-LiveJournal,extension-10868182,qhcn052,True,com-LiveJournal,b64_fp32,2,partial_state_load,0,0,201.560974121
extension-10868182/com-LiveJournal,extension-10868182,qhcn052,True,com-LiveJournal,b64_fp32,2,partial_state_store,0.596523284912,19504,201.560974121
extension-10868182/com-LiveJournal,extension-10868182,qhcn052,True,com-LiveJournal,b64_fp32,2,partial_hi_pack,4.81367111206,167168,201.560974121
extension-10868182/com-LiveJournal,extension-10868182,qhcn052,True,com-LiveJournal,b64_fp32,2,partial_lo_residual,0,0,201.560974121
extension-10868182/com-LiveJournal,extension-10868182,qhcn052,True,com-LiveJournal,b64_fp32,2,partial_lo_pack,0,0,201.560974121
extension-10868182/com-LiveJournal,extension-10868182,qhcn052,True,com-LiveJournal,b64_fp32,2,amx_a_load,0.365734100342,10448,201.560974121
extension-10868182/com-LiveJournal,extension-10868182,qhcn052,True,com-LiveJournal,b64_fp32,2,amx_b_load,1.00159645081,20896,201.560974121
extension-10868182/com-LiveJournal,extension-10868182,qhcn052,True,com-LiveJournal,b64_fp32,2,amx_tdp_compute,3.89933586121,20896,201.560974121
extension-10868182/com-LiveJournal,extension-10868182,qhcn052,True,com-LiveJournal,b64_fp32,2,amx_c_zero,0.0462532043457,1956,201.560974121
extension-10868182/com-LiveJournal,extension-10868182,qhcn052,True,com-LiveJournal,b64_fp32,2,amx_c_load,0.0426769256592,656,201.560974121
extension-10868182/com-LiveJournal,extension-10868182,qhcn052,True,com-LiveJournal,b64_fp32,2,amx_c_store,0.140428543091,2612,201.560974121
extension-10868182/com-LiveJournal,extension-10868182,qhcn052,True,com-LiveJournal,b64_fp32,2,output_bf16_conversion,0.476837158203,15642,201.560974121
extension-10868182/com-LiveJournal,extension-10868182,qhcn052,True,com-LiveJournal,b64_fp32,2,output_store,0.485420227051,15642,201.560974121
extension-10868182/com-LiveJournal,extension-10868182,qhcn052,True,com-LiveJournal,b64_fp32,2,thread_permission,0.0214576721191,32,201.560974121
extension-10868182/com-LiveJournal,extension-10868182,qhcn052,True,com-LiveJournal,b64_fp32,2,thread_tile_config,0.00905990600586,32,201.560974121
extension-10868182/com-LiveJournal,extension-10868182,qhcn052,True,com-LiveJournal,b64_fp32,2,thread_tile_release,0,32,201.560974121
extension-10868182/com-LiveJournal,extension-10868182,qhcn052,True,com-LiveJournal,b64_fp32,2,row_metadata_read,0.269651412964,978,201.560974121
extension-10868182/com-LiveJournal,extension-10868182,qhcn052,True,com-LiveJournal,full_bf16,1,partial_init,0.209808349609,978,143.953084946
extension-10868182/com-LiveJournal,extension-10868182,qhcn052,True,com-LiveJournal,full_bf16,1,csr_index_read,10.7278823853,356010,143.953084946
extension-10868182/com-LiveJournal,extension-10868182,qhcn052,True,com-LiveJournal,full_bf16,1,csr_next_index_read,9.10353660583,340368,143.953084946
extension-10868182/com-LiveJournal,extension-10868182,qhcn052,True,com-LiveJournal,full_bf16,1,prefetch_issue,9.15360450745,340368,143.953084946
extension-10868182/com-LiveJournal,extension-10868182,qhcn052,True,com-LiveJournal,full_bf16,1,source_feature_load,11.9097232819,356010,143.953084946
extension-10868182/com-LiveJournal,extension-10868182,qhcn052,True,com-LiveJournal,full_bf16,1,source_bf16_decode,9.37986373901,356010,143.953084946
extension-10868182/com-LiveJournal,extension-10868182,qhcn052,True,com-LiveJournal,full_bf16,1,feature_fp32_add,9.36722755432,356010,143.953084946
extension-10868182/com-LiveJournal,extension-10868182,qhcn052,True,com-LiveJournal,full_bf16,1,partial_state_load,0,0,143.953084946
extension-10868182/com-LiveJournal,extension-10868182,qhcn052,True,com-LiveJournal,full_bf16,1,partial_state_store,0.46443939209,15642,143.953084946
extension-10868182/com-LiveJournal,extension-10868182,qhcn052,True,com-LiveJournal,full_bf16,1,partial_hi_pack,3.58247756958,125184,143.953084946
extension-10868182/com-LiveJournal,extension-10868182,qhcn052,True,com-LiveJournal,full_bf16,1,partial_lo_residual,0,0,143.953084946
extension-10868182/com-LiveJournal,extension-10868182,qhcn052,True,com-LiveJournal,full_bf16,1,partial_lo_pack,0,0,143.953084946
extension-10868182/com-LiveJournal,extension-10868182,qhcn052,True,com-LiveJournal,full_bf16,1,amx_a_load,0.272035598755,7824,143.953084946
extension-10868182/com-LiveJournal,extension-10868182,qhcn052,True,com-LiveJournal,full_bf16,1,amx_b_load,0.840663909912,15648,143.953084946
extension-10868182/com-LiveJournal,extension-10868182,qhcn052,True,com-LiveJournal,full_bf16,1,amx_tdp_compute,3.00598144531,15648,143.953084946
extension-10868182/com-LiveJournal,extension-10868182,qhcn052,True,com-LiveJournal,full_bf16,1,amx_c_zero,0.0519752502441,1956,143.953084946
extension-10868182/com-LiveJournal,extension-10868182,qhcn052,True,com-LiveJournal,full_bf16,1,amx_c_load,0,0,143.953084946
extension-10868182/com-LiveJournal,extension-10868182,qhcn052,True,com-LiveJournal,full_bf16,1,amx_c_store,0.106573104858,1956,143.953084946
extension-10868182/com-LiveJournal,extension-10868182,qhcn052,True,com-LiveJournal,full_bf16,1,output_bf16_conversion,0,0,143.953084946
extension-10868182/com-LiveJournal,extension-10868182,qhcn052,True,com-LiveJournal,full_bf16,1,output_store,0.576496124268,15642,143.953084946
extension-10868182/com-LiveJournal,extension-10868182,qhcn052,True,com-LiveJournal,full_bf16,1,thread_permission,0.0109672546387,32,143.953084946
extension-10868182/com-LiveJournal,extension-10868182,qhcn052,True,com-LiveJournal,full_bf16,1,thread_tile_config,0.0143051147461,32,143.953084946
extension-10868182/com-LiveJournal,extension-10868182,qhcn052,True,com-LiveJournal,full_bf16,1,thread_tile_release,0.000953674316406,32,143.953084946
extension-10868182/com-LiveJournal,extension-10868182,qhcn052,True,com-LiveJournal,full_bf16,1,row_metadata_read,0.278472900391,978,143.953084946
extension-10868182/com-LiveJournal,extension-10868182,qhcn052,True,com-LiveJournal,full_bf16,2,partial_init,0.190258026123,978,150.280952454
extension-10868182/com-LiveJournal,extension-10868182,qhcn052,True,com-LiveJournal,full_bf16,2,csr_index_read,11.0249519348,356010,150.280952454
extension-10868182/com-LiveJournal,extension-10868182,qhcn052,True,com-LiveJournal,full_bf16,2,csr_next_index_read,9.07492637634,340368,150.280952454
extension-10868182/com-LiveJournal,extension-10868182,qhcn052,True,com-LiveJournal,full_bf16,2,prefetch_issue,9.12952423096,340368,150.280952454
extension-10868182/com-LiveJournal,extension-10868182,qhcn052,True,com-LiveJournal,full_bf16,2,source_feature_load,11.7831230164,356010,150.280952454
extension-10868182/com-LiveJournal,extension-10868182,qhcn052,True,com-LiveJournal,full_bf16,2,source_bf16_decode,9.53316688538,356010,150.280952454
extension-10868182/com-LiveJournal,extension-10868182,qhcn052,True,com-LiveJournal,full_bf16,2,feature_fp32_add,9.46021080017,356010,150.280952454
extension-10868182/com-LiveJournal,extension-10868182,qhcn052,True,com-LiveJournal,full_bf16,2,partial_state_load,0,0,150.280952454
extension-10868182/com-LiveJournal,extension-10868182,qhcn052,True,com-LiveJournal,full_bf16,2,partial_state_store,0.462055206299,15642,150.280952454
extension-10868182/com-LiveJournal,extension-10868182,qhcn052,True,com-LiveJournal,full_bf16,2,partial_hi_pack,3.65543365479,125184,150.280952454
extension-10868182/com-LiveJournal,extension-10868182,qhcn052,True,com-LiveJournal,full_bf16,2,partial_lo_residual,0,0,150.280952454
extension-10868182/com-LiveJournal,extension-10868182,qhcn052,True,com-LiveJournal,full_bf16,2,partial_lo_pack,0,0,150.280952454
extension-10868182/com-LiveJournal,extension-10868182,qhcn052,True,com-LiveJournal,full_bf16,2,amx_a_load,0.247716903687,7824,150.280952454
extension-10868182/com-LiveJournal,extension-10868182,qhcn052,True,com-LiveJournal,full_bf16,2,amx_b_load,0.857830047607,15648,150.280952454
extension-10868182/com-LiveJournal,extension-10868182,qhcn052,True,com-LiveJournal,full_bf16,2,amx_tdp_compute,3.01647186279,15648,150.280952454
extension-10868182/com-LiveJournal,extension-10868182,qhcn052,True,com-LiveJournal,full_bf16,2,amx_c_zero,0.0476837158203,1956,150.280952454
extension-10868182/com-LiveJournal,extension-10868182,qhcn052,True,com-LiveJournal,full_bf16,2,amx_c_load,0,0,150.280952454
extension-10868182/com-LiveJournal,extension-10868182,qhcn052,True,com-LiveJournal,full_bf16,2,amx_c_store,0.124931335449,1956,150.280952454
extension-10868182/com-LiveJournal,extension-10868182,qhcn052,True,com-LiveJournal,full_bf16,2,output_bf16_conversion,0.474452972412,15642,150.280952454
extension-10868182/com-LiveJournal,extension-10868182,qhcn052,True,com-LiveJournal,full_bf16,2,output_store,0.473499298096,15642,150.280952454
extension-10868182/com-LiveJournal,extension-10868182,qhcn052,True,com-LiveJournal,full_bf16,2,thread_permission,0.0202655792236,32,150.280952454
extension-10868182/com-LiveJournal,extension-10868182,qhcn052,True,com-LiveJournal,full_bf16,2,thread_tile_config,0.00858306884766,32,150.280952454
extension-10868182/com-LiveJournal,extension-10868182,qhcn052,True,com-LiveJournal,full_bf16,2,thread_tile_release,0.00190734863281,32,150.280952454
extension-10868182/com-LiveJournal,extension-10868182,qhcn052,True,com-LiveJournal,full_bf16,2,row_metadata_read,0.288009643555,978,150.280952454
extension-10868182/com-LiveJournal,extension-10868182,qhcn052,True,com-LiveJournal,full_fp32,1,partial_init,0.199556350708,978,276.896953583
extension-10868182/com-LiveJournal,extension-10868182,qhcn052,True,com-LiveJournal,full_fp32,1,csr_index_read,11.2628936768,356010,276.896953583
extension-10868182/com-LiveJournal,extension-10868182,qhcn052,True,com-LiveJournal,full_fp32,1,csr_next_index_read,9.2248916626,340368,276.896953583
extension-10868182/com-LiveJournal,extension-10868182,qhcn052,True,com-LiveJournal,full_fp32,1,prefetch_issue,9.37628746033,340368,276.896953583
extension-10868182/com-LiveJournal,extension-10868182,qhcn052,True,com-LiveJournal,full_fp32,1,source_feature_load,81.8057060242,356010,276.896953583
extension-10868182/com-LiveJournal,extension-10868182,qhcn052,True,com-LiveJournal,full_fp32,1,source_bf16_decode,0,0,276.896953583
extension-10868182/com-LiveJournal,extension-10868182,qhcn052,True,com-LiveJournal,full_fp32,1,feature_fp32_add,9.53078269958,356010,276.896953583
extension-10868182/com-LiveJournal,extension-10868182,qhcn052,True,com-LiveJournal,full_fp32,1,partial_state_load,0,0,276.896953583
extension-10868182/com-LiveJournal,extension-10868182,qhcn052,True,com-LiveJournal,full_fp32,1,partial_state_store,0.47755241394,15642,276.896953583
extension-10868182/com-LiveJournal,extension-10868182,qhcn052,True,com-LiveJournal,full_fp32,1,partial_hi_pack,3.64565849304,125184,276.896953583
extension-10868182/com-LiveJournal,extension-10868182,qhcn052,True,com-LiveJournal,full_fp32,1,partial_lo_residual,0,0,276.896953583
extension-10868182/com-LiveJournal,extension-10868182,qhcn052,True,com-LiveJournal,full_fp32,1,partial_lo_pack,0,0,276.896953583
extension-10868182/com-LiveJournal,extension-10868182,qhcn052,True,com-LiveJournal,full_fp32,1,amx_a_load,0.300884246826,7824,276.896953583
extension-10868182/com-LiveJournal,extension-10868182,qhcn052,True,com-LiveJournal,full_fp32,1,amx_b_load,1.32393836975,15648,276.896953583
extension-10868182/com-LiveJournal,extension-10868182,qhcn052,True,com-LiveJournal,full_fp32,1,amx_tdp_compute,3.28636169434,15648,276.896953583
extension-10868182/com-LiveJournal,extension-10868182,qhcn052,True,com-LiveJournal,full_fp32,1,amx_c_zero,0.0789165496826,1956,276.896953583
extension-10868182/com-LiveJournal,extension-10868182,qhcn052,True,com-LiveJournal,full_fp32,1,amx_c_load,0,0,276.896953583
extension-10868182/com-LiveJournal,extension-10868182,qhcn052,True,com-LiveJournal,full_fp32,1,amx_c_store,0.0998973846436,1956,276.896953583
extension-10868182/com-LiveJournal,extension-10868182,qhcn052,True,com-LiveJournal,full_fp32,1,output_bf16_conversion,0,0,276.896953583
extension-10868182/com-LiveJournal,extension-10868182,qhcn052,True,com-LiveJournal,full_fp32,1,output_store,0.696420669556,15642,276.896953583
extension-10868182/com-LiveJournal,extension-10868182,qhcn052,True,com-LiveJournal,full_fp32,1,thread_permission,0.0190734863281,32,276.896953583
extension-10868182/com-LiveJournal,extension-10868182,qhcn052,True,com-LiveJournal,full_fp32,1,thread_tile_config,0.00286102294922,32,276.896953583
extension-10868182/com-LiveJournal,extension-10868182,qhcn052,True,com-LiveJournal,full_fp32,1,thread_tile_release,0.00119209289551,32,276.896953583
extension-10868182/com-LiveJournal,extension-10868182,qhcn052,True,com-LiveJournal,full_fp32,1,row_metadata_read,0.370740890503,978,276.896953583
extension-10868182/com-LiveJournal,extension-10868182,qhcn052,True,com-LiveJournal,full_fp32,2,partial_init,0.186443328857,978,194.673061371
extension-10868182/com-LiveJournal,extension-10868182,qhcn052,True,com-LiveJournal,full_fp32,2,csr_index_read,11.1026763916,356010,194.673061371
extension-10868182/com-LiveJournal,extension-10868182,qhcn052,True,com-LiveJournal,full_fp32,2,csr_next_index_read,9.04417037964,340368,194.673061371
extension-10868182/com-LiveJournal,extension-10868182,qhcn052,True,com-LiveJournal,full_fp32,2,prefetch_issue,9.19032096863,340368,194.673061371
extension-10868182/com-LiveJournal,extension-10868182,qhcn052,True,com-LiveJournal,full_fp32,2,source_feature_load,52.0489215851,356010,194.673061371
extension-10868182/com-LiveJournal,extension-10868182,qhcn052,True,com-LiveJournal,full_fp32,2,source_bf16_decode,0,0,194.673061371
extension-10868182/com-LiveJournal,extension-10868182,qhcn052,True,com-LiveJournal,full_fp32,2,feature_fp32_add,9.44352149963,356010,194.673061371
extension-10868182/com-LiveJournal,extension-10868182,qhcn052,True,com-LiveJournal,full_fp32,2,partial_state_load,0,0,194.673061371
extension-10868182/com-LiveJournal,extension-10868182,qhcn052,True,com-LiveJournal,full_fp32,2,partial_state_store,0.473260879517,15642,194.673061371
extension-10868182/com-LiveJournal,extension-10868182,qhcn052,True,com-LiveJournal,full_fp32,2,partial_hi_pack,3.50785255432,125184,194.673061371
extension-10868182/com-LiveJournal,extension-10868182,qhcn052,True,com-LiveJournal,full_fp32,2,partial_lo_residual,0,0,194.673061371
extension-10868182/com-LiveJournal,extension-10868182,qhcn052,True,com-LiveJournal,full_fp32,2,partial_lo_pack,0,0,194.673061371
extension-10868182/com-LiveJournal,extension-10868182,qhcn052,True,com-LiveJournal,full_fp32,2,amx_a_load,0.259876251221,7824,194.673061371
extension-10868182/com-LiveJournal,extension-10868182,qhcn052,True,com-LiveJournal,full_fp32,2,amx_b_load,0.768661499023,15648,194.673061371
extension-10868182/com-LiveJournal,extension-10868182,qhcn052,True,com-LiveJournal,full_fp32,2,amx_tdp_compute,3.00359725952,15648,194.673061371
extension-10868182/com-LiveJournal,extension-10868182,qhcn052,True,com-LiveJournal,full_fp32,2,amx_c_zero,0.0443458557129,1956,194.673061371
extension-10868182/com-LiveJournal,extension-10868182,qhcn052,True,com-LiveJournal,full_fp32,2,amx_c_load,0,0,194.673061371
extension-10868182/com-LiveJournal,extension-10868182,qhcn052,True,com-LiveJournal,full_fp32,2,amx_c_store,0.114440917969,1956,194.673061371
extension-10868182/com-LiveJournal,extension-10868182,qhcn052,True,com-LiveJournal,full_fp32,2,output_bf16_conversion,0.487804412842,15642,194.673061371
extension-10868182/com-LiveJournal,extension-10868182,qhcn052,True,com-LiveJournal,full_fp32,2,output_store,0.498294830322,15642,194.673061371
extension-10868182/com-LiveJournal,extension-10868182,qhcn052,True,com-LiveJournal,full_fp32,2,thread_permission,0.016450881958,32,194.673061371
extension-10868182/com-LiveJournal,extension-10868182,qhcn052,True,com-LiveJournal,full_fp32,2,thread_tile_config,0.00858306884766,32,194.673061371
extension-10868182/com-LiveJournal,extension-10868182,qhcn052,True,com-LiveJournal,full_fp32,2,thread_tile_release,0.000953674316406,32,194.673061371
extension-10868182/com-LiveJournal,extension-10868182,qhcn052,True,com-LiveJournal,full_fp32,2,row_metadata_read,0.277519226074,978,194.673061371
extension-10868182/com-Youtube,extension-10868182,qhcn052,True,com-Youtube,b64_bf16,1,partial_init,0.127077102661,743,72.319984436
extension-10868182/com-Youtube,extension-10868182,qhcn052,True,com-Youtube,b64_bf16,1,csr_index_read,3.91888618469,139825,72.319984436
extension-10868182/com-Youtube,extension-10868182,qhcn052,True,com-Youtube,b64_bf16,1,csr_next_index_read,3.58486175537,133443,72.319984436
extension-10868182/com-Youtube,extension-10868182,qhcn052,True,com-Youtube,b64_bf16,1,prefetch_issue,3.5285949707,133443,72.319984436
extension-10868182/com-Youtube,extension-10868182,qhcn052,True,com-Youtube,b64_bf16,1,source_feature_load,4.13250923157,139825,72.319984436
extension-10868182/com-Youtube,extension-10868182,qhcn052,True,com-Youtube,b64_bf16,1,source_bf16_decode,3.68690490723,139825,72.319984436
extension-10868182/com-Youtube,extension-10868182,qhcn052,True,com-Youtube,b64_bf16,1,feature_fp32_add,3.71026992798,139825,72.319984436
extension-10868182/com-Youtube,extension-10868182,qhcn052,True,com-Youtube,b64_bf16,1,partial_state_load,0,0,72.319984436
extension-10868182/com-Youtube,extension-10868182,qhcn052,True,com-Youtube,b64_bf16,1,partial_state_store,0.303506851196,9188,72.319984436
extension-10868182/com-Youtube,extension-10868182,qhcn052,True,com-Youtube,b64_bf16,1,partial_hi_pack,2.81405448914,95104,72.319984436
extension-10868182/com-Youtube,extension-10868182,qhcn052,True,com-Youtube,b64_bf16,1,partial_lo_residual,0,0,72.319984436
extension-10868182/com-Youtube,extension-10868182,qhcn052,True,com-Youtube,b64_bf16,1,partial_lo_pack,0,0,72.319984436
extension-10868182/com-Youtube,extension-10868182,qhcn052,True,com-Youtube,b64_bf16,1,amx_a_load,0.192642211914,5944,72.319984436
extension-10868182/com-Youtube,extension-10868182,qhcn052,True,com-Youtube,b64_bf16,1,amx_b_load,0.517845153809,11888,72.319984436
extension-10868182/com-Youtube,extension-10868182,qhcn052,True,com-Youtube,b64_bf16,1,amx_tdp_compute,1.77335739136,11888,72.319984436
extension-10868182/com-Youtube,extension-10868182,qhcn052,True,com-Youtube,b64_bf16,1,amx_c_zero,0.0162124633789,558,72.319984436
extension-10868182/com-Youtube,extension-10868182,qhcn052,True,com-Youtube,b64_bf16,1,amx_c_load,0.0488758087158,928,72.319984436
extension-10868182/com-Youtube,extension-10868182,qhcn052,True,com-Youtube,b64_bf16,1,amx_c_store,0.0748634338379,1486,72.319984436
extension-10868182/com-Youtube,extension-10868182,qhcn052,True,com-Youtube,b64_bf16,1,output_bf16_conversion,0,0,72.319984436
extension-10868182/com-Youtube,extension-10868182,qhcn052,True,com-Youtube,b64_bf16,1,output_store,0.169515609741,4458,72.319984436
extension-10868182/com-Youtube,extension-10868182,qhcn052,True,com-Youtube,b64_bf16,1,thread_permission,0.0147819519043,32,72.319984436
extension-10868182/com-Youtube,extension-10868182,qhcn052,True,com-Youtube,b64_bf16,1,thread_tile_config,0.00596046447754,32,72.319984436
extension-10868182/com-Youtube,extension-10868182,qhcn052,True,com-Youtube,b64_bf16,1,thread_tile_release,0,32,72.319984436
extension-10868182/com-Youtube,extension-10868182,qhcn052,True,com-Youtube,b64_bf16,1,row_metadata_read,0.0529289245605,279,72.319984436
extension-10868182/com-Youtube,extension-10868182,qhcn052,True,com-Youtube,b64_bf16,2,partial_init,0.121831893921,743,69.375038147
extension-10868182/com-Youtube,extension-10868182,qhcn052,True,com-Youtube,b64_bf16,2,csr_index_read,3.86905670166,139825,69.375038147
extension-10868182/com-Youtube,extension-10868182,qhcn052,True,com-Youtube,b64_bf16,2,csr_next_index_read,3.55505943298,133443,69.375038147
extension-10868182/com-Youtube,extension-10868182,qhcn052,True,com-Youtube,b64_bf16,2,prefetch_issue,3.61704826355,133443,69.375038147
extension-10868182/com-Youtube,extension-10868182,qhcn052,True,com-Youtube,b64_bf16,2,source_feature_load,4.19473648071,139825,69.375038147
extension-10868182/com-Youtube,extension-10868182,qhcn052,True,com-Youtube,b64_bf16,2,source_bf16_decode,3.70144844055,139825,69.375038147
extension-10868182/com-Youtube,extension-10868182,qhcn052,True,com-Youtube,b64_bf16,2,feature_fp32_add,3.67212295532,139825,69.375038147
extension-10868182/com-Youtube,extension-10868182,qhcn052,True,com-Youtube,b64_bf16,2,partial_state_load,0,0,69.375038147
extension-10868182/com-Youtube,extension-10868182,qhcn052,True,com-Youtube,b64_bf16,2,partial_state_store,0.269651412964,9188,69.375038147
extension-10868182/com-Youtube,extension-10868182,qhcn052,True,com-Youtube,b64_bf16,2,partial_hi_pack,2.78306007385,95104,69.375038147
extension-10868182/com-Youtube,extension-10868182,qhcn052,True,com-Youtube,b64_bf16,2,partial_lo_residual,0,0,69.375038147
extension-10868182/com-Youtube,extension-10868182,qhcn052,True,com-Youtube,b64_bf16,2,partial_lo_pack,0,0,69.375038147
extension-10868182/com-Youtube,extension-10868182,qhcn052,True,com-Youtube,b64_bf16,2,amx_a_load,0.17261505127,5944,69.375038147
extension-10868182/com-Youtube,extension-10868182,qhcn052,True,com-Youtube,b64_bf16,2,amx_b_load,0.539541244507,11888,69.375038147
extension-10868182/com-Youtube,extension-10868182,qhcn052,True,com-Youtube,b64_bf16,2,amx_tdp_compute,1.7397403717,11888,69.375038147
extension-10868182/com-Youtube,extension-10868182,qhcn052,True,com-Youtube,b64_bf16,2,amx_c_zero,0.0207424163818,558,69.375038147
extension-10868182/com-Youtube,extension-10868182,qhcn052,True,com-Youtube,b64_bf16,2,amx_c_load,0.0333786010742,928,69.375038147
extension-10868182/com-Youtube,extension-10868182,qhcn052,True,com-Youtube,b64_bf16,2,amx_c_store,0.0872611999512,1486,69.375038147
extension-10868182/com-Youtube,extension-10868182,qhcn052,True,com-Youtube,b64_bf16,2,output_bf16_conversion,0.144243240356,4458,69.375038147
extension-10868182/com-Youtube,extension-10868182,qhcn052,True,com-Youtube,b64_bf16,2,output_store,0.129222869873,4458,69.375038147
extension-10868182/com-Youtube,extension-10868182,qhcn052,True,com-Youtube,b64_bf16,2,thread_permission,0.0133514404297,32,69.375038147
extension-10868182/com-Youtube,extension-10868182,qhcn052,True,com-Youtube,b64_bf16,2,thread_tile_config,0.0152587890625,32,69.375038147
extension-10868182/com-Youtube,extension-10868182,qhcn052,True,com-Youtube,b64_bf16,2,thread_tile_release,0,32,69.375038147
extension-10868182/com-Youtube,extension-10868182,qhcn052,True,com-Youtube,b64_bf16,2,row_metadata_read,0.0519752502441,279,69.375038147
extension-10868182/com-Youtube,extension-10868182,qhcn052,True,com-Youtube,b64_fp32,1,partial_init,0.156402587891,743,73.872089386
extension-10868182/com-Youtube,extension-10868182,qhcn052,True,com-Youtube,b64_fp32,1,csr_index_read,3.96633148193,139825,73.872089386
extension-10868182/com-Youtube,extension-10868182,qhcn052,True,com-Youtube,b64_fp32,1,csr_next_index_read,3.5707950592,133443,73.872089386
extension-10868182/com-Youtube,extension-10868182,qhcn052,True,com-Youtube,b64_fp32,1,prefetch_issue,3.58867645264,133443,73.872089386
extension-10868182/com-Youtube,extension-10868182,qhcn052,True,com-Youtube,b64_fp32,1,source_feature_load,11.0924243927,139825,73.872089386
extension-10868182/com-Youtube,extension-10868182,qhcn052,True,com-Youtube,b64_fp32,1,source_bf16_decode,0,0,73.872089386
extension-10868182/com-Youtube,extension-10868182,qhcn052,True,com-Youtube,b64_fp32,1,feature_fp32_add,3.73601913452,139825,73.872089386
extension-10868182/com-Youtube,extension-10868182,qhcn052,True,com-Youtube,b64_fp32,1,partial_state_load,0,0,73.872089386
extension-10868182/com-Youtube,extension-10868182,qhcn052,True,com-Youtube,b64_fp32,1,partial_state_store,0.272274017334,9188,73.872089386
extension-10868182/com-Youtube,extension-10868182,qhcn052,True,com-Youtube,b64_fp32,1,partial_hi_pack,2.82764434814,95104,73.872089386
extension-10868182/com-Youtube,extension-10868182,qhcn052,True,com-Youtube,b64_fp32,1,partial_lo_residual,0,0,73.872089386
extension-10868182/com-Youtube,extension-10868182,qhcn052,True,com-Youtube,b64_fp32,1,partial_lo_pack,0,0,73.872089386
extension-10868182/com-Youtube,extension-10868182,qhcn052,True,com-Youtube,b64_fp32,1,amx_a_load,0.182390213013,5944,73.872089386
extension-10868182/com-Youtube,extension-10868182,qhcn052,True,com-Youtube,b64_fp32,1,amx_b_load,0.616788864136,11888,73.872089386
extension-10868182/com-Youtube,extension-10868182,qhcn052,True,com-Youtube,b64_fp32,1,amx_tdp_compute,1.73091888428,11888,73.872089386
extension-10868182/com-Youtube,extension-10868182,qhcn052,True,com-Youtube,b64_fp32,1,amx_c_zero,0.0181198120117,558,73.872089386
extension-10868182/com-Youtube,extension-10868182,qhcn052,True,com-Youtube,b64_fp32,1,amx_c_load,0.0441074371338,928,73.872089386
extension-10868182/com-Youtube,extension-10868182,qhcn052,True,com-Youtube,b64_fp32,1,amx_c_store,0.0870227813721,1486,73.872089386
extension-10868182/com-Youtube,extension-10868182,qhcn052,True,com-Youtube,b64_fp32,1,output_bf16_conversion,0,0,73.872089386
extension-10868182/com-Youtube,extension-10868182,qhcn052,True,com-Youtube,b64_fp32,1,output_store,0.161647796631,4458,73.872089386
extension-10868182/com-Youtube,extension-10868182,qhcn052,True,com-Youtube,b64_fp32,1,thread_permission,0.0133514404297,32,73.872089386
extension-10868182/com-Youtube,extension-10868182,qhcn052,True,com-Youtube,b64_fp32,1,thread_tile_config,0.00476837158203,32,73.872089386
extension-10868182/com-Youtube,extension-10868182,qhcn052,True,com-Youtube,b64_fp32,1,thread_tile_release,0,32,73.872089386
extension-10868182/com-Youtube,extension-10868182,qhcn052,True,com-Youtube,b64_fp32,1,row_metadata_read,0.0433921813965,279,73.872089386
extension-10868182/com-Youtube,extension-10868182,qhcn052,True,com-Youtube,b64_fp32,2,partial_init,0.141143798828,743,70.1920986176
extension-10868182/com-Youtube,extension-10868182,qhcn052,True,com-Youtube,b64_fp32,2,csr_index_read,3.88979911804,139825,70.1920986176
extension-10868182/com-Youtube,extension-10868182,qhcn052,True,com-Youtube,b64_fp32,2,csr_next_index_read,3.5240650177,133443,70.1920986176
extension-10868182/com-Youtube,extension-10868182,qhcn052,True,com-Youtube,b64_fp32,2,prefetch_issue,3.54909896851,133443,70.1920986176
extension-10868182/com-Youtube,extension-10868182,qhcn052,True,com-Youtube,b64_fp32,2,source_feature_load,9.01937484741,139825,70.1920986176
extension-10868182/com-Youtube,extension-10868182,qhcn052,True,com-Youtube,b64_fp32,2,source_bf16_decode,0,0,70.1920986176
extension-10868182/com-Youtube,extension-10868182,qhcn052,True,com-Youtube,b64_fp32,2,feature_fp32_add,3.72838973999,139825,70.1920986176
extension-10868182/com-Youtube,extension-10868182,qhcn052,True,com-Youtube,b64_fp32,2,partial_state_load,0,0,70.1920986176
extension-10868182/com-Youtube,extension-10868182,qhcn052,True,com-Youtube,b64_fp32,2,partial_state_store,0.296831130981,9188,70.1920986176
extension-10868182/com-Youtube,extension-10868182,qhcn052,True,com-Youtube,b64_fp32,2,partial_hi_pack,2.7449131012,95104,70.1920986176
extension-10868182/com-Youtube,extension-10868182,qhcn052,True,com-Youtube,b64_fp32,2,partial_lo_residual,0,0,70.1920986176
extension-10868182/com-Youtube,extension-10868182,qhcn052,True,com-Youtube,b64_fp32,2,partial_lo_pack,0,0,70.1920986176
extension-10868182/com-Youtube,extension-10868182,qhcn052,True,com-Youtube,b64_fp32,2,amx_a_load,0.169992446899,5944,70.1920986176
extension-10868182/com-Youtube,extension-10868182,qhcn052,True,com-Youtube,b64_fp32,2,amx_b_load,0.479459762573,11888,70.1920986176
extension-10868182/com-Youtube,extension-10868182,qhcn052,True,com-Youtube,b64_fp32,2,amx_tdp_compute,1.7774105072,11888,70.1920986176
extension-10868182/com-Youtube,extension-10868182,qhcn052,True,com-Youtube,b64_fp32,2,amx_c_zero,0.0226497650146,558,70.1920986176
extension-10868182/com-Youtube,extension-10868182,qhcn052,True,com-Youtube,b64_fp32,2,amx_c_load,0.0336170196533,928,70.1920986176
extension-10868182/com-Youtube,extension-10868182,qhcn052,True,com-Youtube,b64_fp32,2,amx_c_store,0.072717666626,1486,70.1920986176
extension-10868182/com-Youtube,extension-10868182,qhcn052,True,com-Youtube,b64_fp32,2,output_bf16_conversion,0.136613845825,4458,70.1920986176
extension-10868182/com-Youtube,extension-10868182,qhcn052,True,com-Youtube,b64_fp32,2,output_store,0.138521194458,4458,70.1920986176
extension-10868182/com-Youtube,extension-10868182,qhcn052,True,com-Youtube,b64_fp32,2,thread_permission,0.0238418579102,32,70.1920986176
extension-10868182/com-Youtube,extension-10868182,qhcn052,True,com-Youtube,b64_fp32,2,thread_tile_config,0.00476837158203,32,70.1920986176
extension-10868182/com-Youtube,extension-10868182,qhcn052,True,com-Youtube,b64_fp32,2,thread_tile_release,0,32,70.1920986176
extension-10868182/com-Youtube,extension-10868182,qhcn052,True,com-Youtube,b64_fp32,2,row_metadata_read,0.0472068786621,279,70.1920986176
extension-10868182/com-Youtube,extension-10868182,qhcn052,True,com-Youtube,full_bf16,1,partial_init,0.0629425048828,279,64.3210411072
extension-10868182/com-Youtube,extension-10868182,qhcn052,True,com-Youtube,full_bf16,1,csr_index_read,3.74317169189,139825,64.3210411072
extension-10868182/com-Youtube,extension-10868182,qhcn052,True,com-Youtube,full_bf16,1,csr_next_index_read,3.51214408875,135367,64.3210411072
extension-10868182/com-Youtube,extension-10868182,qhcn052,True,com-Youtube,full_bf16,1,prefetch_issue,3.56864929199,135367,64.3210411072
extension-10868182/com-Youtube,extension-10868182,qhcn052,True,com-Youtube,full_bf16,1,source_feature_load,4.04667854309,139825,64.3210411072
extension-10868182/com-Youtube,extension-10868182,qhcn052,True,com-Youtube,full_bf16,1,source_bf16_decode,3.68595123291,139825,64.3210411072
extension-10868182/com-Youtube,extension-10868182,qhcn052,True,com-Youtube,full_bf16,1,feature_fp32_add,3.70812416077,139825,64.3210411072
extension-10868182/com-Youtube,extension-10868182,qhcn052,True,com-Youtube,full_bf16,1,partial_state_load,0,0,64.3210411072
extension-10868182/com-Youtube,extension-10868182,qhcn052,True,com-Youtube,full_bf16,1,partial_state_store,0.176429748535,4458,64.3210411072
extension-10868182/com-Youtube,extension-10868182,qhcn052,True,com-Youtube,full_bf16,1,partial_hi_pack,1.10530853271,35712,64.3210411072
extension-10868182/com-Youtube,extension-10868182,qhcn052,True,com-Youtube,full_bf16,1,partial_lo_residual,0,0,64.3210411072
extension-10868182/com-Youtube,extension-10868182,qhcn052,True,com-Youtube,full_bf16,1,partial_lo_pack,0,0,64.3210411072
extension-10868182/com-Youtube,extension-10868182,qhcn052,True,com-Youtube,full_bf16,1,amx_a_load,0.0646114349365,2232,64.3210411072
extension-10868182/com-Youtube,extension-10868182,qhcn052,True,com-Youtube,full_bf16,1,amx_b_load,0.210046768188,4464,64.3210411072
extension-10868182/com-Youtube,extension-10868182,qhcn052,True,com-Youtube,full_bf16,1,amx_tdp_compute,0.95796585083,4464,64.3210411072
extension-10868182/com-Youtube,extension-10868182,qhcn052,True,com-Youtube,full_bf16,1,amx_c_zero,0.0200271606445,558,64.3210411072
extension-10868182/com-Youtube,extension-10868182,qhcn052,True,com-Youtube,full_bf16,1,amx_c_load,0,0,64.3210411072
extension-10868182/com-Youtube,extension-10868182,qhcn052,True,com-Youtube,full_bf16,1,amx_c_store,0.0362396240234,558,64.3210411072
extension-10868182/com-Youtube,extension-10868182,qhcn052,True,com-Youtube,full_bf16,1,output_bf16_conversion,0,0,64.3210411072
extension-10868182/com-Youtube,extension-10868182,qhcn052,True,com-Youtube,full_bf16,1,output_store,0.151395797729,4458,64.3210411072
extension-10868182/com-Youtube,extension-10868182,qhcn052,True,com-Youtube,full_bf16,1,thread_permission,0.00977516174316,32,64.3210411072
extension-10868182/com-Youtube,extension-10868182,qhcn052,True,com-Youtube,full_bf16,1,thread_tile_config,0.00381469726562,32,64.3210411072
extension-10868182/com-Youtube,extension-10868182,qhcn052,True,com-Youtube,full_bf16,1,thread_tile_release,0,32,64.3210411072
extension-10868182/com-Youtube,extension-10868182,qhcn052,True,com-Youtube,full_bf16,1,row_metadata_read,0.03981590271,279,64.3210411072
extension-10868182/com-Youtube,extension-10868182,qhcn052,True,com-Youtube,full_bf16,2,partial_init,0.0629425048828,279,62.8788471222
extension-10868182/com-Youtube,extension-10868182,qhcn052,True,com-Youtube,full_bf16,2,csr_index_read,3.71980667114,139825,62.8788471222
extension-10868182/com-Youtube,extension-10868182,qhcn052,True,com-Youtube,full_bf16,2,csr_next_index_read,3.55911254883,135367,62.8788471222
extension-10868182/com-Youtube,extension-10868182,qhcn052,True,com-Youtube,full_bf16,2,prefetch_issue,3.57437133789,135367,62.8788471222
extension-10868182/com-Youtube,extension-10868182,qhcn052,True,com-Youtube,full_bf16,2,source_feature_load,3.9975643158,139825,62.8788471222
extension-10868182/com-Youtube,extension-10868182,qhcn052,True,com-Youtube,full_bf16,2,source_bf16_decode,3.66163253784,139825,62.8788471222
extension-10868182/com-Youtube,extension-10868182,qhcn052,True,com-Youtube,full_bf16,2,feature_fp32_add,3.66950035095,139825,62.8788471222
extension-10868182/com-Youtube,extension-10868182,qhcn052,True,com-Youtube,full_bf16,2,partial_state_load,0,0,62.8788471222
extension-10868182/com-Youtube,extension-10868182,qhcn052,True,com-Youtube,full_bf16,2,partial_state_store,0.145673751831,4458,62.8788471222
extension-10868182/com-Youtube,extension-10868182,qhcn052,True,com-Youtube,full_bf16,2,partial_hi_pack,1.07431411743,35712,62.8788471222
extension-10868182/com-Youtube,extension-10868182,qhcn052,True,com-Youtube,full_bf16,2,partial_lo_residual,0,0,62.8788471222
extension-10868182/com-Youtube,extension-10868182,qhcn052,True,com-Youtube,full_bf16,2,partial_lo_pack,0,0,62.8788471222
extension-10868182/com-Youtube,extension-10868182,qhcn052,True,com-Youtube,full_bf16,2,amx_a_load,0.0646114349365,2232,62.8788471222
extension-10868182/com-Youtube,extension-10868182,qhcn052,True,com-Youtube,full_bf16,2,amx_b_load,0.210762023926,4464,62.8788471222
extension-10868182/com-Youtube,extension-10868182,qhcn052,True,com-Youtube,full_bf16,2,amx_tdp_compute,0.995874404907,4464,62.8788471222
extension-10868182/com-Youtube,extension-10868182,qhcn052,True,com-Youtube,full_bf16,2,amx_c_zero,0.00977516174316,558,62.8788471222
extension-10868182/com-Youtube,extension-10868182,qhcn052,True,com-Youtube,full_bf16,2,amx_c_load,0,0,62.8788471222
extension-10868182/com-Youtube,extension-10868182,qhcn052,True,com-Youtube,full_bf16,2,amx_c_store,0.0317096710205,558,62.8788471222
extension-10868182/com-Youtube,extension-10868182,qhcn052,True,com-Youtube,full_bf16,2,output_bf16_conversion,0.133752822876,4458,62.8788471222
extension-10868182/com-Youtube,extension-10868182,qhcn052,True,com-Youtube,full_bf16,2,output_store,0.143527984619,4458,62.8788471222
extension-10868182/com-Youtube,extension-10868182,qhcn052,True,com-Youtube,full_bf16,2,thread_permission,0.0152587890625,32,62.8788471222
extension-10868182/com-Youtube,extension-10868182,qhcn052,True,com-Youtube,full_bf16,2,thread_tile_config,0.00858306884766,32,62.8788471222
extension-10868182/com-Youtube,extension-10868182,qhcn052,True,com-Youtube,full_bf16,2,thread_tile_release,0.00119209289551,32,62.8788471222
extension-10868182/com-Youtube,extension-10868182,qhcn052,True,com-Youtube,full_bf16,2,row_metadata_read,0.0460147857666,279,62.8788471222
extension-10868182/com-Youtube,extension-10868182,qhcn052,True,com-Youtube,full_fp32,1,partial_init,0.0698566436768,279,67.3110485077
extension-10868182/com-Youtube,extension-10868182,qhcn052,True,com-Youtube,full_fp32,1,csr_index_read,3.8537979126,139825,67.3110485077
extension-10868182/com-Youtube,extension-10868182,qhcn052,True,com-Youtube,full_fp32,1,csr_next_index_read,3.48782539368,135367,67.3110485077
extension-10868182/com-Youtube,extension-10868182,qhcn052,True,com-Youtube,full_fp32,1,prefetch_issue,3.46732139587,135367,67.3110485077
extension-10868182/com-Youtube,extension-10868182,qhcn052,True,com-Youtube,full_fp32,1,source_feature_load,11.5349292755,139825,67.3110485077
extension-10868182/com-Youtube,extension-10868182,qhcn052,True,com-Youtube,full_fp32,1,source_bf16_decode,0,0,67.3110485077
extension-10868182/com-Youtube,extension-10868182,qhcn052,True,com-Youtube,full_fp32,1,feature_fp32_add,3.54766845703,139825,67.3110485077
extension-10868182/com-Youtube,extension-10868182,qhcn052,True,com-Youtube,full_fp32,1,partial_state_load,0,0,67.3110485077
extension-10868182/com-Youtube,extension-10868182,qhcn052,True,com-Youtube,full_fp32,1,partial_state_store,0.146389007568,4458,67.3110485077
extension-10868182/com-Youtube,extension-10868182,qhcn052,True,com-Youtube,full_fp32,1,partial_hi_pack,1.10006332397,35712,67.3110485077
extension-10868182/com-Youtube,extension-10868182,qhcn052,True,com-Youtube,full_fp32,1,partial_lo_residual,0,0,67.3110485077
extension-10868182/com-Youtube,extension-10868182,qhcn052,True,com-Youtube,full_fp32,1,partial_lo_pack,0,0,67.3110485077
extension-10868182/com-Youtube,extension-10868182,qhcn052,True,com-Youtube,full_fp32,1,amx_a_load,0.0684261322021,2232,67.3110485077
extension-10868182/com-Youtube,extension-10868182,qhcn052,True,com-Youtube,full_fp32,1,amx_b_load,0.229597091675,4464,67.3110485077
extension-10868182/com-Youtube,extension-10868182,qhcn052,True,com-Youtube,full_fp32,1,amx_tdp_compute,0.935077667236,4464,67.3110485077
extension-10868182/com-Youtube,extension-10868182,qhcn052,True,com-Youtube,full_fp32,1,amx_c_zero,0.0145435333252,558,67.3110485077
extension-10868182/com-Youtube,extension-10868182,qhcn052,True,com-Youtube,full_fp32,1,amx_c_load,0,0,67.3110485077
extension-10868182/com-Youtube,extension-10868182,qhcn052,True,com-Youtube,full_fp32,1,amx_c_store,0.0355243682861,558,67.3110485077
extension-10868182/com-Youtube,extension-10868182,qhcn052,True,com-Youtube,full_fp32,1,output_bf16_conversion,0,0,67.3110485077
extension-10868182/com-Youtube,extension-10868182,qhcn052,True,com-Youtube,full_fp32,1,output_store,0.173091888428,4458,67.3110485077
extension-10868182/com-Youtube,extension-10868182,qhcn052,True,com-Youtube,full_fp32,1,thread_permission,0.0152587890625,32,67.3110485077
extension-10868182/com-Youtube,extension-10868182,qhcn052,True,com-Youtube,full_fp32,1,thread_tile_config,0.00476837158203,32,67.3110485077
extension-10868182/com-Youtube,extension-10868182,qhcn052,True,com-Youtube,full_fp32,1,thread_tile_release,0.000953674316406,32,67.3110485077
extension-10868182/com-Youtube,extension-10868182,qhcn052,True,com-Youtube,full_fp32,1,row_metadata_read,0.0543594360352,279,67.3110485077
extension-10868182/com-Youtube,extension-10868182,qhcn052,True,com-Youtube,full_fp32,2,partial_init,0.0596046447754,279,64.4431114197
extension-10868182/com-Youtube,extension-10868182,qhcn052,True,com-Youtube,full_fp32,2,csr_index_read,3.82614135742,139825,64.4431114197
extension-10868182/com-Youtube,extension-10868182,qhcn052,True,com-Youtube,full_fp32,2,csr_next_index_read,3.53765487671,135367,64.4431114197
extension-10868182/com-Youtube,extension-10868182,qhcn052,True,com-Youtube,full_fp32,2,prefetch_issue,3.59463691711,135367,64.4431114197
extension-10868182/com-Youtube,extension-10868182,qhcn052,True,com-Youtube,full_fp32,2,source_feature_load,9.71221923828,139825,64.4431114197
extension-10868182/com-Youtube,extension-10868182,qhcn052,True,com-Youtube,full_fp32,2,source_bf16_decode,0,0,64.4431114197
extension-10868182/com-Youtube,extension-10868182,qhcn052,True,com-Youtube,full_fp32,2,feature_fp32_add,3.72791290283,139825,64.4431114197
extension-10868182/com-Youtube,extension-10868182,qhcn052,True,com-Youtube,full_fp32,2,partial_state_load,0,0,64.4431114197
extension-10868182/com-Youtube,extension-10868182,qhcn052,True,com-Youtube,full_fp32,2,partial_state_store,0.159740447998,4458,64.4431114197
extension-10868182/com-Youtube,extension-10868182,qhcn052,True,com-Youtube,full_fp32,2,partial_hi_pack,1.10363960266,35712,64.4431114197
extension-10868182/com-Youtube,extension-10868182,qhcn052,True,com-Youtube,full_fp32,2,partial_lo_residual,0,0,64.4431114197
extension-10868182/com-Youtube,extension-10868182,qhcn052,True,com-Youtube,full_fp32,2,partial_lo_pack,0,0,64.4431114197
extension-10868182/com-Youtube,extension-10868182,qhcn052,True,com-Youtube,full_fp32,2,amx_a_load,0.0896453857422,2232,64.4431114197
extension-10868182/com-Youtube,extension-10868182,qhcn052,True,com-Youtube,full_fp32,2,amx_b_load,0.211000442505,4464,64.4431114197
extension-10868182/com-Youtube,extension-10868182,qhcn052,True,com-Youtube,full_fp32,2,amx_tdp_compute,0.943660736084,4464,64.4431114197
extension-10868182/com-Youtube,extension-10868182,qhcn052,True,com-Youtube,full_fp32,2,amx_c_zero,0.0193119049072,558,64.4431114197
extension-10868182/com-Youtube,extension-10868182,qhcn052,True,com-Youtube,full_fp32,2,amx_c_load,0,0,64.4431114197
extension-10868182/com-Youtube,extension-10868182,qhcn052,True,com-Youtube,full_fp32,2,amx_c_store,0.0300407409668,558,64.4431114197
extension-10868182/com-Youtube,extension-10868182,qhcn052,True,com-Youtube,full_fp32,2,output_bf16_conversion,0.140905380249,4458,64.4431114197
extension-10868182/com-Youtube,extension-10868182,qhcn052,True,com-Youtube,full_fp32,2,output_store,0.14328956604,4458,64.4431114197
extension-10868182/com-Youtube,extension-10868182,qhcn052,True,com-Youtube,full_fp32,2,thread_permission,0.0162124633789,32,64.4431114197
extension-10868182/com-Youtube,extension-10868182,qhcn052,True,com-Youtube,full_fp32,2,thread_tile_config,0.00500679016113,32,64.4431114197
extension-10868182/com-Youtube,extension-10868182,qhcn052,True,com-Youtube,full_fp32,2,thread_tile_release,0,32,64.4431114197
extension-10868182/com-Youtube,extension-10868182,qhcn052,True,com-Youtube,full_fp32,2,row_metadata_read,0.0474452972412,279,64.4431114197
extension-10868182/email-Enron,extension-10868182,qhcn052,True,email-Enron,b64_bf16,1,partial_init,0.00405311584473,31,3.7829875946
extension-10868182/email-Enron,extension-10868182,qhcn052,True,email-Enron,b64_bf16,1,csr_index_read,0.179529190063,5896,3.7829875946
extension-10868182/email-Enron,extension-10868182,qhcn052,True,email-Enron,b64_bf16,1,csr_next_index_read,0.197172164917,5668,3.7829875946
extension-10868182/email-Enron,extension-10868182,qhcn052,True,email-Enron,b64_bf16,1,prefetch_issue,0.180006027222,5668,3.7829875946
extension-10868182/email-Enron,extension-10868182,qhcn052,True,email-Enron,b64_bf16,1,source_feature_load,0.162601470947,5896,3.7829875946
extension-10868182/email-Enron,extension-10868182,qhcn052,True,email-Enron,b64_bf16,1,source_bf16_decode,0.182151794434,5896,3.7829875946
extension-10868182/email-Enron,extension-10868182,qhcn052,True,email-Enron,b64_bf16,1,feature_fp32_add,0.147581100464,5896,3.7829875946
extension-10868182/email-Enron,extension-10868182,qhcn052,True,email-Enron,b64_bf16,1,partial_state_load,0,0,3.7829875946
extension-10868182/email-Enron,extension-10868182,qhcn052,True,email-Enron,b64_bf16,1,partial_state_store,0.0181198120117,232,3.7829875946
extension-10868182/email-Enron,extension-10868182,qhcn052,True,email-Enron,b64_bf16,1,partial_hi_pack,0.11944770813,3968,3.7829875946
extension-10868182/email-Enron,extension-10868182,qhcn052,True,email-Enron,b64_bf16,1,partial_lo_residual,0,0,3.7829875946
extension-10868182/email-Enron,extension-10868182,qhcn052,True,email-Enron,b64_bf16,1,partial_lo_pack,0,0,3.7829875946
extension-10868182/email-Enron,extension-10868182,qhcn052,True,email-Enron,b64_bf16,1,amx_a_load,0.00810623168945,248,3.7829875946
extension-10868182/email-Enron,extension-10868182,qhcn052,True,email-Enron,b64_bf16,1,amx_b_load,0.0112056732178,496,3.7829875946
extension-10868182/email-Enron,extension-10868182,qhcn052,True,email-Enron,b64_bf16,1,amx_tdp_compute,0.0784397125244,496,3.7829875946
extension-10868182/email-Enron,extension-10868182,qhcn052,True,email-Enron,b64_bf16,1,amx_c_zero,0,20,3.7829875946
extension-10868182/email-Enron,extension-10868182,qhcn052,True,email-Enron,b64_bf16,1,amx_c_load,0.000953674316406,42,3.7829875946
extension-10868182/email-Enron,extension-10868182,qhcn052,True,email-Enron,b64_bf16,1,amx_c_store,0.00190734863281,62,3.7829875946
extension-10868182/email-Enron,extension-10868182,qhcn052,True,email-Enron,b64_bf16,1,output_bf16_conversion,0,0,3.7829875946
extension-10868182/email-Enron,extension-10868182,qhcn052,True,email-Enron,b64_bf16,1,output_store,0.00596046447754,148,3.7829875946
extension-10868182/email-Enron,extension-10868182,qhcn052,True,email-Enron,b64_bf16,1,thread_permission,0.00786781311035,32,3.7829875946
extension-10868182/email-Enron,extension-10868182,qhcn052,True,email-Enron,b64_bf16,1,thread_tile_config,0.00524520874023,32,3.7829875946
extension-10868182/email-Enron,extension-10868182,qhcn052,True,email-Enron,b64_bf16,1,thread_tile_release,0,32,3.7829875946
extension-10868182/email-Enron,extension-10868182,qhcn052,True,email-Enron,b64_bf16,1,row_metadata_read,0.00190734863281,10,3.7829875946
extension-10868182/email-Enron,extension-10868182,qhcn052,True,email-Enron,b64_bf16,2,partial_init,0.00214576721191,31,3.89003753662
extension-10868182/email-Enron,extension-10868182,qhcn052,True,email-Enron,b64_bf16,2,csr_index_read,0.17523765564,5896,3.89003753662
extension-10868182/email-Enron,extension-10868182,qhcn052,True,email-Enron,b64_bf16,2,csr_next_index_read,0.171422958374,5668,3.89003753662
extension-10868182/email-Enron,extension-10868182,qhcn052,True,email-Enron,b64_bf16,2,prefetch_issue,0.179290771484,5668,3.89003753662
extension-10868182/email-Enron,extension-10868182,qhcn052,True,email-Enron,b64_bf16,2,source_feature_load,0.201463699341,5896,3.89003753662
extension-10868182/email-Enron,extension-10868182,qhcn052,True,email-Enron,b64_bf16,2,source_bf16_decode,0.180244445801,5896,3.89003753662
extension-10868182/email-Enron,extension-10868182,qhcn052,True,email-Enron,b64_bf16,2,feature_fp32_add,0.188112258911,5896,3.89003753662
extension-10868182/email-Enron,extension-10868182,qhcn052,True,email-Enron,b64_bf16,2,partial_state_load,0,0,3.89003753662
extension-10868182/email-Enron,extension-10868182,qhcn052,True,email-Enron,b64_bf16,2,partial_state_store,0.00357627868652,232,3.89003753662
extension-10868182/email-Enron,extension-10868182,qhcn052,True,email-Enron,b64_bf16,2,partial_hi_pack,0.131368637085,3968,3.89003753662
extension-10868182/email-Enron,extension-10868182,qhcn052,True,email-Enron,b64_bf16,2,partial_lo_residual,0,0,3.89003753662
extension-10868182/email-Enron,extension-10868182,qhcn052,True,email-Enron,b64_bf16,2,partial_lo_pack,0,0,3.89003753662
extension-10868182/email-Enron,extension-10868182,qhcn052,True,email-Enron,b64_bf16,2,amx_a_load,0.00977516174316,248,3.89003753662
extension-10868182/email-Enron,extension-10868182,qhcn052,True,email-Enron,b64_bf16,2,amx_b_load,0.0355243682861,496,3.89003753662
extension-10868182/email-Enron,extension-10868182,qhcn052,True,email-Enron,b64_bf16,2,amx_tdp_compute,0.072717666626,496,3.89003753662
extension-10868182/email-Enron,extension-10868182,qhcn052,True,email-Enron,b64_bf16,2,amx_c_zero,0.000953674316406,20,3.89003753662
extension-10868182/email-Enron,extension-10868182,qhcn052,True,email-Enron,b64_bf16,2,amx_c_load,0.00119209289551,42,3.89003753662
extension-10868182/email-Enron,extension-10868182,qhcn052,True,email-Enron,b64_bf16,2,amx_c_store,0.00405311584473,62,3.89003753662
extension-10868182/email-Enron,extension-10868182,qhcn052,True,email-Enron,b64_bf16,2,output_bf16_conversion,0.00715255737305,148,3.89003753662
extension-10868182/email-Enron,extension-10868182,qhcn052,True,email-Enron,b64_bf16,2,output_store,0.00214576721191,148,3.89003753662
extension-10868182/email-Enron,extension-10868182,qhcn052,True,email-Enron,b64_bf16,2,thread_permission,0.0100135803223,32,3.89003753662
extension-10868182/email-Enron,extension-10868182,qhcn052,True,email-Enron,b64_bf16,2,thread_tile_config,0.00190734863281,32,3.89003753662
extension-10868182/email-Enron,extension-10868182,qhcn052,True,email-Enron,b64_bf16,2,thread_tile_release,0.00309944152832,32,3.89003753662
extension-10868182/email-Enron,extension-10868182,qhcn052,True,email-Enron,b64_bf16,2,row_metadata_read,0.00309944152832,10,3.89003753662
extension-10868182/email-Enron,extension-10868182,qhcn052,True,email-Enron,b64_fp32,1,partial_init,0.00500679016113,31,3.44204902649
extension-10868182/email-Enron,extension-10868182,qhcn052,True,email-Enron,b64_fp32,1,csr_index_read,0.161647796631,5896,3.44204902649
extension-10868182/email-Enron,extension-10868182,qhcn052,True,email-Enron,b64_fp32,1,csr_next_index_read,0.171422958374,5668,3.44204902649
extension-10868182/email-Enron,extension-10868182,qhcn052,True,email-Enron,b64_fp32,1,prefetch_issue,0.161647796631,5668,3.44204902649
extension-10868182/email-Enron,extension-10868182,qhcn052,True,email-Enron,b64_fp32,1,source_feature_load,0.214099884033,5896,3.44204902649
extension-10868182/email-Enron,extension-10868182,qhcn052,True,email-Enron,b64_fp32,1,source_bf16_decode,0,0,3.44204902649
extension-10868182/email-Enron,extension-10868182,qhcn052,True,email-Enron,b64_fp32,1,feature_fp32_add,0.167846679688,5896,3.44204902649
extension-10868182/email-Enron,extension-10868182,qhcn052,True,email-Enron,b64_fp32,1,partial_state_load,0,0,3.44204902649
extension-10868182/email-Enron,extension-10868182,qhcn052,True,email-Enron,b64_fp32,1,partial_state_store,0.00858306884766,232,3.44204902649
extension-10868182/email-Enron,extension-10868182,qhcn052,True,email-Enron,b64_fp32,1,partial_hi_pack,0.137329101562,3968,3.44204902649
extension-10868182/email-Enron,extension-10868182,qhcn052,True,email-Enron,b64_fp32,1,partial_lo_residual,0,0,3.44204902649
extension-10868182/email-Enron,extension-10868182,qhcn052,True,email-Enron,b64_fp32,1,partial_lo_pack,0,0,3.44204902649
extension-10868182/email-Enron,extension-10868182,qhcn052,True,email-Enron,b64_fp32,1,amx_a_load,0.00953674316406,248,3.44204902649
extension-10868182/email-Enron,extension-10868182,qhcn052,True,email-Enron,b64_fp32,1,amx_b_load,0.0293254852295,496,3.44204902649
extension-10868182/email-Enron,extension-10868182,qhcn052,True,email-Enron,b64_fp32,1,amx_tdp_compute,0.0813007354736,496,3.44204902649
extension-10868182/email-Enron,extension-10868182,qhcn052,True,email-Enron,b64_fp32,1,amx_c_zero,0,20,3.44204902649
extension-10868182/email-Enron,extension-10868182,qhcn052,True,email-Enron,b64_fp32,1,amx_c_load,0.00381469726562,42,3.44204902649
extension-10868182/email-Enron,extension-10868182,qhcn052,True,email-Enron,b64_fp32,1,amx_c_store,0.00286102294922,62,3.44204902649
extension-10868182/email-Enron,extension-10868182,qhcn052,True,email-Enron,b64_fp32,1,output_bf16_conversion,0,0,3.44204902649
extension-10868182/email-Enron,extension-10868182,qhcn052,True,email-Enron,b64_fp32,1,output_store,0.00405311584473,148,3.44204902649
extension-10868182/email-Enron,extension-10868182,qhcn052,True,email-Enron,b64_fp32,1,thread_permission,0.0133514404297,32,3.44204902649
extension-10868182/email-Enron,extension-10868182,qhcn052,True,email-Enron,b64_fp32,1,thread_tile_config,0.00381469726562,32,3.44204902649
extension-10868182/email-Enron,extension-10868182,qhcn052,True,email-Enron,b64_fp32,1,thread_tile_release,0,32,3.44204902649
extension-10868182/email-Enron,extension-10868182,qhcn052,True,email-Enron,b64_fp32,1,row_metadata_read,0.00214576721191,10,3.44204902649
extension-10868182/email-Enron,extension-10868182,qhcn052,True,email-Enron,b64_fp32,2,partial_init,0.00619888305664,31,3.53693962097
extension-10868182/email-Enron,extension-10868182,qhcn052,True,email-Enron,b64_fp32,2,csr_index_read,0.178098678589,5896,3.53693962097
extension-10868182/email-Enron,extension-10868182,qhcn052,True,email-Enron,b64_fp32,2,csr_next_index_read,0.178813934326,5668,3.53693962097
extension-10868182/email-Enron,extension-10868182,qhcn052,True,email-Enron,b64_fp32,2,prefetch_issue,0.16713142395,5668,3.53693962097
extension-10868182/email-Enron,extension-10868182,qhcn052,True,email-Enron,b64_fp32,2,source_feature_load,0.226974487305,5896,3.53693962097
extension-10868182/email-Enron,extension-10868182,qhcn052,True,email-Enron,b64_fp32,2,source_bf16_decode,0,0,3.53693962097
extension-10868182/email-Enron,extension-10868182,qhcn052,True,email-Enron,b64_fp32,2,feature_fp32_add,0.168085098267,5896,3.53693962097
extension-10868182/email-Enron,extension-10868182,qhcn052,True,email-Enron,b64_fp32,2,partial_state_load,0,0,3.53693962097
extension-10868182/email-Enron,extension-10868182,qhcn052,True,email-Enron,b64_fp32,2,partial_state_store,0.00739097595215,232,3.53693962097
extension-10868182/email-Enron,extension-10868182,qhcn052,True,email-Enron,b64_fp32,2,partial_hi_pack,0.126600265503,3968,3.53693962097
extension-10868182/email-Enron,extension-10868182,qhcn052,True,email-Enron,b64_fp32,2,partial_lo_residual,0,0,3.53693962097
extension-10868182/email-Enron,extension-10868182,qhcn052,True,email-Enron,b64_fp32,2,partial_lo_pack,0,0,3.53693962097
extension-10868182/email-Enron,extension-10868182,qhcn052,True,email-Enron,b64_fp32,2,amx_a_load,0.0107288360596,248,3.53693962097
extension-10868182/email-Enron,extension-10868182,qhcn052,True,email-Enron,b64_fp32,2,amx_b_load,0.0247955322266,496,3.53693962097
extension-10868182/email-Enron,extension-10868182,qhcn052,True,email-Enron,b64_fp32,2,amx_tdp_compute,0.0762939453125,496,3.53693962097
extension-10868182/email-Enron,extension-10868182,qhcn052,True,email-Enron,b64_fp32,2,amx_c_zero,0.000953674316406,20,3.53693962097
extension-10868182/email-Enron,extension-10868182,qhcn052,True,email-Enron,b64_fp32,2,amx_c_load,0.00190734863281,42,3.53693962097
extension-10868182/email-Enron,extension-10868182,qhcn052,True,email-Enron,b64_fp32,2,amx_c_store,0.000953674316406,62,3.53693962097
extension-10868182/email-Enron,extension-10868182,qhcn052,True,email-Enron,b64_fp32,2,output_bf16_conversion,0.00381469726562,148,3.53693962097
extension-10868182/email-Enron,extension-10868182,qhcn052,True,email-Enron,b64_fp32,2,output_store,0.00691413879395,148,3.53693962097
extension-10868182/email-Enron,extension-10868182,qhcn052,True,email-Enron,b64_fp32,2,thread_permission,0.00882148742676,32,3.53693962097
extension-10868182/email-Enron,extension-10868182,qhcn052,True,email-Enron,b64_fp32,2,thread_tile_config,0.00381469726562,32,3.53693962097
extension-10868182/email-Enron,extension-10868182,qhcn052,True,email-Enron,b64_fp32,2,thread_tile_release,0.000953674316406,32,3.53693962097
extension-10868182/email-Enron,extension-10868182,qhcn052,True,email-Enron,b64_fp32,2,row_metadata_read,0.00214576721191,10,3.53693962097
extension-10868182/email-Enron,extension-10868182,qhcn052,True,email-Enron,full_bf16,1,partial_init,0.00476837158203,10,3.4351348877
extension-10868182/email-Enron,extension-10868182,qhcn052,True,email-Enron,full_bf16,1,csr_index_read,0.190734863281,5896,3.4351348877
extension-10868182/email-Enron,extension-10868182,qhcn052,True,email-Enron,full_bf16,1,csr_next_index_read,0.178098678589,5748,3.4351348877
extension-10868182/email-Enron,extension-10868182,qhcn052,True,email-Enron,full_bf16,1,prefetch_issue,0.174522399902,5748,3.4351348877
extension-10868182/email-Enron,extension-10868182,qhcn052,True,email-Enron,full_bf16,1,source_feature_load,0.180244445801,5896,3.4351348877
extension-10868182/email-Enron,extension-10868182,qhcn052,True,email-Enron,full_bf16,1,source_bf16_decode,0.171422958374,5896,3.4351348877
extension-10868182/email-Enron,extension-10868182,qhcn052,True,email-Enron,full_bf16,1,feature_fp32_add,0.170230865479,5896,3.4351348877
extension-10868182/email-Enron,extension-10868182,qhcn052,True,email-Enron,full_bf16,1,partial_state_load,0,0,3.4351348877
extension-10868182/email-Enron,extension-10868182,qhcn052,True,email-Enron,full_bf16,1,partial_state_store,0.00452995300293,148,3.4351348877
extension-10868182/email-Enron,extension-10868182,qhcn052,True,email-Enron,full_bf16,1,partial_hi_pack,0.0312328338623,1280,3.4351348877
extension-10868182/email-Enron,extension-10868182,qhcn052,True,email-Enron,full_bf16,1,partial_lo_residual,0,0,3.4351348877
extension-10868182/email-Enron,extension-10868182,qhcn052,True,email-Enron,full_bf16,1,partial_lo_pack,0,0,3.4351348877
extension-10868182/email-Enron,extension-10868182,qhcn052,True,email-Enron,full_bf16,1,amx_a_load,0.00119209289551,80,3.4351348877
extension-10868182/email-Enron,extension-10868182,qhcn052,True,email-Enron,full_bf16,1,amx_b_load,0.00309944152832,160,3.4351348877
extension-10868182/email-Enron,extension-10868182,qhcn052,True,email-Enron,full_bf16,1,amx_tdp_compute,0.0348091125488,160,3.4351348877
extension-10868182/email-Enron,extension-10868182,qhcn052,True,email-Enron,full_bf16,1,amx_c_zero,0,20,3.4351348877
extension-10868182/email-Enron,extension-10868182,qhcn052,True,email-Enron,full_bf16,1,amx_c_load,0,0,3.4351348877
extension-10868182/email-Enron,extension-10868182,qhcn052,True,email-Enron,full_bf16,1,amx_c_store,0.000953674316406,20,3.4351348877
extension-10868182/email-Enron,extension-10868182,qhcn052,True,email-Enron,full_bf16,1,output_bf16_conversion,0,0,3.4351348877
extension-10868182/email-Enron,extension-10868182,qhcn052,True,email-Enron,full_bf16,1,output_store,0.00381469726562,148,3.4351348877
extension-10868182/email-Enron,extension-10868182,qhcn052,True,email-Enron,full_bf16,1,thread_permission,0.0138282775879,32,3.4351348877
extension-10868182/email-Enron,extension-10868182,qhcn052,True,email-Enron,full_bf16,1,thread_tile_config,0.00500679016113,32,3.4351348877
extension-10868182/email-Enron,extension-10868182,qhcn052,True,email-Enron,full_bf16,1,thread_tile_release,0.00190734863281,32,3.4351348877
extension-10868182/email-Enron,extension-10868182,qhcn052,True,email-Enron,full_bf16,1,row_metadata_read,0.00119209289551,10,3.4351348877
extension-10868182/email-Enron,extension-10868182,qhcn052,True,email-Enron,full_bf16,2,partial_init,0.00524520874023,10,3.37815284729
extension-10868182/email-Enron,extension-10868182,qhcn052,True,email-Enron,full_bf16,2,csr_index_read,0.169515609741,5896,3.37815284729
extension-10868182/email-Enron,extension-10868182,qhcn052,True,email-Enron,full_bf16,2,csr_next_index_read,0.189304351807,5748,3.37815284729
extension-10868182/email-Enron,extension-10868182,qhcn052,True,email-Enron,full_bf16,2,prefetch_issue,0.163078308105,5748,3.37815284729
extension-10868182/email-Enron,extension-10868182,qhcn052,True,email-Enron,full_bf16,2,source_feature_load,0.184059143066,5896,3.37815284729
extension-10868182/email-Enron,extension-10868182,qhcn052,True,email-Enron,full_bf16,2,source_bf16_decode,0.165700912476,5896,3.37815284729
extension-10868182/email-Enron,extension-10868182,qhcn052,True,email-Enron,full_bf16,2,feature_fp32_add,0.174045562744,5896,3.37815284729
extension-10868182/email-Enron,extension-10868182,qhcn052,True,email-Enron,full_bf16,2,partial_state_load,0,0,3.37815284729
extension-10868182/email-Enron,extension-10868182,qhcn052,True,email-Enron,full_bf16,2,partial_state_store,0.00286102294922,148,3.37815284729
extension-10868182/email-Enron,extension-10868182,qhcn052,True,email-Enron,full_bf16,2,partial_hi_pack,0.0510215759277,1280,3.37815284729
extension-10868182/email-Enron,extension-10868182,qhcn052,True,email-Enron,full_bf16,2,partial_lo_residual,0,0,3.37815284729
extension-10868182/email-Enron,extension-10868182,qhcn052,True,email-Enron,full_bf16,2,partial_lo_pack,0,0,3.37815284729
extension-10868182/email-Enron,extension-10868182,qhcn052,True,email-Enron,full_bf16,2,amx_a_load,0.00190734863281,80,3.37815284729
extension-10868182/email-Enron,extension-10868182,qhcn052,True,email-Enron,full_bf16,2,amx_b_load,0.00762939453125,160,3.37815284729
extension-10868182/email-Enron,extension-10868182,qhcn052,True,email-Enron,full_bf16,2,amx_tdp_compute,0.0391006469727,160,3.37815284729
extension-10868182/email-Enron,extension-10868182,qhcn052,True,email-Enron,full_bf16,2,amx_c_zero,0,20,3.37815284729
extension-10868182/email-Enron,extension-10868182,qhcn052,True,email-Enron,full_bf16,2,amx_c_load,0,0,3.37815284729
extension-10868182/email-Enron,extension-10868182,qhcn052,True,email-Enron,full_bf16,2,amx_c_store,0.00309944152832,20,3.37815284729
extension-10868182/email-Enron,extension-10868182,qhcn052,True,email-Enron,full_bf16,2,output_bf16_conversion,0.00905990600586,148,3.37815284729
extension-10868182/email-Enron,extension-10868182,qhcn052,True,email-Enron,full_bf16,2,output_store,0.00643730163574,148,3.37815284729
extension-10868182/email-Enron,extension-10868182,qhcn052,True,email-Enron,full_bf16,2,thread_permission,0.00858306884766,32,3.37815284729
extension-10868182/email-Enron,extension-10868182,qhcn052,True,email-Enron,full_bf16,2,thread_tile_config,0.00190734863281,32,3.37815284729
extension-10868182/email-Enron,extension-10868182,qhcn052,True,email-Enron,full_bf16,2,thread_tile_release,0.00190734863281,32,3.37815284729
extension-10868182/email-Enron,extension-10868182,qhcn052,True,email-Enron,full_bf16,2,row_metadata_read,0.000953674316406,10,3.37815284729
extension-10868182/email-Enron,extension-10868182,qhcn052,True,email-Enron,full_fp32,1,partial_init,0.00190734863281,10,3.31091880798
extension-10868182/email-Enron,extension-10868182,qhcn052,True,email-Enron,full_fp32,1,csr_index_read,0.183820724487,5896,3.31091880798
extension-10868182/email-Enron,extension-10868182,qhcn052,True,email-Enron,full_fp32,1,csr_next_index_read,0.18835067749,5748,3.31091880798
extension-10868182/email-Enron,extension-10868182,qhcn052,True,email-Enron,full_fp32,1,prefetch_issue,0.189304351807,5748,3.31091880798
extension-10868182/email-Enron,extension-10868182,qhcn052,True,email-Enron,full_fp32,1,source_feature_load,0.196218490601,5896,3.31091880798
extension-10868182/email-Enron,extension-10868182,qhcn052,True,email-Enron,full_fp32,1,source_bf16_decode,0,0,3.31091880798
extension-10868182/email-Enron,extension-10868182,qhcn052,True,email-Enron,full_fp32,1,feature_fp32_add,0.176191329956,5896,3.31091880798
extension-10868182/email-Enron,extension-10868182,qhcn052,True,email-Enron,full_fp32,1,partial_state_load,0,0,3.31091880798
extension-10868182/email-Enron,extension-10868182,qhcn052,True,email-Enron,full_fp32,1,partial_state_store,0.00405311584473,148,3.31091880798
extension-10868182/email-Enron,extension-10868182,qhcn052,True,email-Enron,full_fp32,1,partial_hi_pack,0.0443458557129,1280,3.31091880798
extension-10868182/email-Enron,extension-10868182,qhcn052,True,email-Enron,full_fp32,1,partial_lo_residual,0,0,3.31091880798
extension-10868182/email-Enron,extension-10868182,qhcn052,True,email-Enron,full_fp32,1,partial_lo_pack,0,0,3.31091880798
extension-10868182/email-Enron,extension-10868182,qhcn052,True,email-Enron,full_fp32,1,amx_a_load,0.00524520874023,80,3.31091880798
extension-10868182/email-Enron,extension-10868182,qhcn052,True,email-Enron,full_fp32,1,amx_b_load,0.00882148742676,160,3.31091880798
extension-10868182/email-Enron,extension-10868182,qhcn052,True,email-Enron,full_fp32,1,amx_tdp_compute,0.0331401824951,160,3.31091880798
extension-10868182/email-Enron,extension-10868182,qhcn052,True,email-Enron,full_fp32,1,amx_c_zero,0.00119209289551,20,3.31091880798
extension-10868182/email-Enron,extension-10868182,qhcn052,True,email-Enron,full_fp32,1,amx_c_load,0,0,3.31091880798
extension-10868182/email-Enron,extension-10868182,qhcn052,True,email-Enron,full_fp32,1,amx_c_store,0.000953674316406,20,3.31091880798
extension-10868182/email-Enron,extension-10868182,qhcn052,True,email-Enron,full_fp32,1,output_bf16_conversion,0,0,3.31091880798
extension-10868182/email-Enron,extension-10868182,qhcn052,True,email-Enron,full_fp32,1,output_store,0.00786781311035,148,3.31091880798
extension-10868182/email-Enron,extension-10868182,qhcn052,True,email-Enron,full_fp32,1,thread_permission,0.00858306884766,32,3.31091880798
extension-10868182/email-Enron,extension-10868182,qhcn052,True,email-Enron,full_fp32,1,thread_tile_config,0.00572204589844,32,3.31091880798
extension-10868182/email-Enron,extension-10868182,qhcn052,True,email-Enron,full_fp32,1,thread_tile_release,0.000953674316406,32,3.31091880798
extension-10868182/email-Enron,extension-10868182,qhcn052,True,email-Enron,full_fp32,1,row_metadata_read,0.00476837158203,10,3.31091880798
extension-10868182/email-Enron,extension-10868182,qhcn052,True,email-Enron,full_fp32,2,partial_init,0.00238418579102,10,3.24892997742
extension-10868182/email-Enron,extension-10868182,qhcn052,True,email-Enron,full_fp32,2,csr_index_read,0.169992446899,5896,3.24892997742
extension-10868182/email-Enron,extension-10868182,qhcn052,True,email-Enron,full_fp32,2,csr_next_index_read,0.176906585693,5748,3.24892997742
extension-10868182/email-Enron,extension-10868182,qhcn052,True,email-Enron,full_fp32,2,prefetch_issue,0.176429748535,5748,3.24892997742
extension-10868182/email-Enron,extension-10868182,qhcn052,True,email-Enron,full_fp32,2,source_feature_load,0.248908996582,5896,3.24892997742
extension-10868182/email-Enron,extension-10868182,qhcn052,True,email-Enron,full_fp32,2,source_bf16_decode,0,0,3.24892997742
extension-10868182/email-Enron,extension-10868182,qhcn052,True,email-Enron,full_fp32,2,feature_fp32_add,0.205755233765,5896,3.24892997742
extension-10868182/email-Enron,extension-10868182,qhcn052,True,email-Enron,full_fp32,2,partial_state_load,0,0,3.24892997742
extension-10868182/email-Enron,extension-10868182,qhcn052,True,email-Enron,full_fp32,2,partial_state_store,0.00596046447754,148,3.24892997742
extension-10868182/email-Enron,extension-10868182,qhcn052,True,email-Enron,full_fp32,2,partial_hi_pack,0.0431537628174,1280,3.24892997742
extension-10868182/email-Enron,extension-10868182,qhcn052,True,email-Enron,full_fp32,2,partial_lo_residual,0,0,3.24892997742
extension-10868182/email-Enron,extension-10868182,qhcn052,True,email-Enron,full_fp32,2,partial_lo_pack,0,0,3.24892997742
extension-10868182/email-Enron,extension-10868182,qhcn052,True,email-Enron,full_fp32,2,amx_a_load,0.00190734863281,80,3.24892997742
extension-10868182/email-Enron,extension-10868182,qhcn052,True,email-Enron,full_fp32,2,amx_b_load,0.0119209289551,160,3.24892997742
extension-10868182/email-Enron,extension-10868182,qhcn052,True,email-Enron,full_fp32,2,amx_tdp_compute,0.0324249267578,160,3.24892997742
extension-10868182/email-Enron,extension-10868182,qhcn052,True,email-Enron,full_fp32,2,amx_c_zero,0,20,3.24892997742
extension-10868182/email-Enron,extension-10868182,qhcn052,True,email-Enron,full_fp32,2,amx_c_load,0,0,3.24892997742
extension-10868182/email-Enron,extension-10868182,qhcn052,True,email-Enron,full_fp32,2,amx_c_store,0.000953674316406,20,3.24892997742
extension-10868182/email-Enron,extension-10868182,qhcn052,True,email-Enron,full_fp32,2,output_bf16_conversion,0.00524520874023,148,3.24892997742
extension-10868182/email-Enron,extension-10868182,qhcn052,True,email-Enron,full_fp32,2,output_store,0.00572204589844,148,3.24892997742
extension-10868182/email-Enron,extension-10868182,qhcn052,True,email-Enron,full_fp32,2,thread_permission,0.00667572021484,32,3.24892997742
extension-10868182/email-Enron,extension-10868182,qhcn052,True,email-Enron,full_fp32,2,thread_tile_config,0.00572204589844,32,3.24892997742
extension-10868182/email-Enron,extension-10868182,qhcn052,True,email-Enron,full_fp32,2,thread_tile_release,0.000953674316406,32,3.24892997742
extension-10868182/email-Enron,extension-10868182,qhcn052,True,email-Enron,full_fp32,2,row_metadata_read,0,10,3.24892997742
extension-10868182/hollywood-2009,extension-10868182,qhcn052,True,hollywood-2009,b64_bf16,1,partial_init,0.142335891724,798,116.516113281
extension-10868182/hollywood-2009,extension-10868182,qhcn052,True,hollywood-2009,b64_bf16,1,csr_index_read,13.4654045105,466117,116.516113281
extension-10868182/hollywood-2009,extension-10868182,qhcn052,True,hollywood-2009,b64_bf16,1,csr_next_index_read,12.7844810486,456049,116.516113281
extension-10868182/hollywood-2009,extension-10868182,qhcn052,True,hollywood-2009,b64_bf16,1,prefetch_issue,12.6647949219,456049,116.516113281
extension-10868182/hollywood-2009,extension-10868182,qhcn052,True,hollywood-2009,b64_bf16,1,source_feature_load,14.0252113342,466117,116.516113281
extension-10868182/hollywood-2009,extension-10868182,qhcn052,True,hollywood-2009,b64_bf16,1,source_bf16_decode,12.9654407501,466117,116.516113281
extension-10868182/hollywood-2009,extension-10868182,qhcn052,True,hollywood-2009,b64_bf16,1,feature_fp32_add,13.0417346954,466117,116.516113281
extension-10868182/hollywood-2009,extension-10868182,qhcn052,True,hollywood-2009,b64_bf16,1,partial_state_load,0,0,116.516113281
extension-10868182/hollywood-2009,extension-10868182,qhcn052,True,hollywood-2009,b64_bf16,1,partial_state_store,0.341892242432,10068,116.516113281
extension-10868182/hollywood-2009,extension-10868182,qhcn052,True,hollywood-2009,b64_bf16,1,partial_hi_pack,3.11064720154,102144,116.516113281
extension-10868182/hollywood-2009,extension-10868182,qhcn052,True,hollywood-2009,b64_bf16,1,partial_lo_residual,0,0,116.516113281
extension-10868182/hollywood-2009,extension-10868182,qhcn052,True,hollywood-2009,b64_bf16,1,partial_lo_pack,0,0,116.516113281
extension-10868182/hollywood-2009,extension-10868182,qhcn052,True,hollywood-2009,b64_bf16,1,amx_a_load,0.218868255615,6384,116.516113281
extension-10868182/hollywood-2009,extension-10868182,qhcn052,True,hollywood-2009,b64_bf16,1,amx_b_load,0.706434249878,12768,116.516113281
extension-10868182/hollywood-2009,extension-10868182,qhcn052,True,hollywood-2009,b64_bf16,1,amx_tdp_compute,2.23731994629,12768,116.516113281
extension-10868182/hollywood-2009,extension-10868182,qhcn052,True,hollywood-2009,b64_bf16,1,amx_c_zero,0.0259876251221,560,116.516113281
extension-10868182/hollywood-2009,extension-10868182,qhcn052,True,hollywood-2009,b64_bf16,1,amx_c_load,0.0591278076172,1036,116.516113281
extension-10868182/hollywood-2009,extension-10868182,qhcn052,True,hollywood-2009,b64_bf16,1,amx_c_store,0.0929832458496,1596,116.516113281
extension-10868182/hollywood-2009,extension-10868182,qhcn052,True,hollywood-2009,b64_bf16,1,output_bf16_conversion,0,0,116.516113281
extension-10868182/hollywood-2009,extension-10868182,qhcn052,True,hollywood-2009,b64_bf16,1,output_store,0.17237663269,4465,116.516113281
extension-10868182/hollywood-2009,extension-10868182,qhcn052,True,hollywood-2009,b64_bf16,1,thread_permission,0.0169277191162,32,116.516113281
extension-10868182/hollywood-2009,extension-10868182,qhcn052,True,hollywood-2009,b64_bf16,1,thread_tile_config,0.00524520874023,32,116.516113281
extension-10868182/hollywood-2009,extension-10868182,qhcn052,True,hollywood-2009,b64_bf16,1,thread_tile_release,0.000953674316406,32,116.516113281
extension-10868182/hollywood-2009,extension-10868182,qhcn052,True,hollywood-2009,b64_bf16,1,row_metadata_read,0.0720024108887,280,116.516113281
extension-10868182/hollywood-2009,extension-10868182,qhcn052,True,hollywood-2009,b64_bf16,2,partial_init,0.161409378052,798,113.346099854
extension-10868182/hollywood-2009,extension-10868182,qhcn052,True,hollywood-2009,b64_bf16,2,csr_index_read,13.5085582733,466117,113.346099854
extension-10868182/hollywood-2009,extension-10868182,qhcn052,True,hollywood-2009,b64_bf16,2,csr_next_index_read,12.8803253174,456049,113.346099854
extension-10868182/hollywood-2009,extension-10868182,qhcn052,True,hollywood-2009,b64_bf16,2,prefetch_issue,13.04936409,456049,113.346099854
extension-10868182/hollywood-2009,extension-10868182,qhcn052,True,hollywood-2009,b64_bf16,2,source_feature_load,13.8850212097,466117,113.346099854
extension-10868182/hollywood-2009,extension-10868182,qhcn052,True,hollywood-2009,b64_bf16,2,source_bf16_decode,12.8998756409,466117,113.346099854
extension-10868182/hollywood-2009,extension-10868182,qhcn052,True,hollywood-2009,b64_bf16,2,feature_fp32_add,13.1511688232,466117,113.346099854
extension-10868182/hollywood-2009,extension-10868182,qhcn052,True,hollywood-2009,b64_bf16,2,partial_state_load,0,0,113.346099854
extension-10868182/hollywood-2009,extension-10868182,qhcn052,True,hollywood-2009,b64_bf16,2,partial_state_store,0.319242477417,10068,113.346099854
extension-10868182/hollywood-2009,extension-10868182,qhcn052,True,hollywood-2009,b64_bf16,2,partial_hi_pack,3.13997268677,102144,113.346099854
extension-10868182/hollywood-2009,extension-10868182,qhcn052,True,hollywood-2009,b64_bf16,2,partial_lo_residual,0,0,113.346099854
extension-10868182/hollywood-2009,extension-10868182,qhcn052,True,hollywood-2009,b64_bf16,2,partial_lo_pack,0,0,113.346099854
extension-10868182/hollywood-2009,extension-10868182,qhcn052,True,hollywood-2009,b64_bf16,2,amx_a_load,0.200510025024,6384,113.346099854
extension-10868182/hollywood-2009,extension-10868182,qhcn052,True,hollywood-2009,b64_bf16,2,amx_b_load,0.690460205078,12768,113.346099854
extension-10868182/hollywood-2009,extension-10868182,qhcn052,True,hollywood-2009,b64_bf16,2,amx_tdp_compute,2.10022926331,12768,113.346099854
extension-10868182/hollywood-2009,extension-10868182,qhcn052,True,hollywood-2009,b64_bf16,2,amx_c_zero,0.0166893005371,560,113.346099854
extension-10868182/hollywood-2009,extension-10868182,qhcn052,True,hollywood-2009,b64_bf16,2,amx_c_load,0.0579357147217,1036,113.346099854
extension-10868182/hollywood-2009,extension-10868182,qhcn052,True,hollywood-2009,b64_bf16,2,amx_c_store,0.0851154327393,1596,113.346099854
extension-10868182/hollywood-2009,extension-10868182,qhcn052,True,hollywood-2009,b64_bf16,2,output_bf16_conversion,0.14591217041,4465,113.346099854
extension-10868182/hollywood-2009,extension-10868182,qhcn052,True,hollywood-2009,b64_bf16,2,output_store,0.151872634888,4465,113.346099854
extension-10868182/hollywood-2009,extension-10868182,qhcn052,True,hollywood-2009,b64_bf16,2,thread_permission,0.0119209289551,32,113.346099854
extension-10868182/hollywood-2009,extension-10868182,qhcn052,True,hollywood-2009,b64_bf16,2,thread_tile_config,0.00762939453125,32,113.346099854
extension-10868182/hollywood-2009,extension-10868182,qhcn052,True,hollywood-2009,b64_bf16,2,thread_tile_release,0,32,113.346099854
extension-10868182/hollywood-2009,extension-10868182,qhcn052,True,hollywood-2009,b64_bf16,2,row_metadata_read,0.0789165496826,280,113.346099854
extension-10868182/hollywood-2009,extension-10868182,qhcn052,True,hollywood-2009,b64_fp32,1,partial_init,0.158071517944,798,207.014083862
extension-10868182/hollywood-2009,extension-10868182,qhcn052,True,hollywood-2009,b64_fp32,1,csr_index_read,12.767791748,466117,207.014083862
extension-10868182/hollywood-2009,extension-10868182,qhcn052,True,hollywood-2009,b64_fp32,1,csr_next_index_read,12.0379924774,456049,207.014083862
extension-10868182/hollywood-2009,extension-10868182,qhcn052,True,hollywood-2009,b64_fp32,1,prefetch_issue,12.298822403,456049,207.014083862
extension-10868182/hollywood-2009,extension-10868182,qhcn052,True,hollywood-2009,b64_fp32,1,source_feature_load,38.280248642,466117,207.014083862
extension-10868182/hollywood-2009,extension-10868182,qhcn052,True,hollywood-2009,b64_fp32,1,source_bf16_decode,0,0,207.014083862
extension-10868182/hollywood-2009,extension-10868182,qhcn052,True,hollywood-2009,b64_fp32,1,feature_fp32_add,12.4697685242,466117,207.014083862
extension-10868182/hollywood-2009,extension-10868182,qhcn052,True,hollywood-2009,b64_fp32,1,partial_state_load,0,0,207.014083862
extension-10868182/hollywood-2009,extension-10868182,qhcn052,True,hollywood-2009,b64_fp32,1,partial_state_store,0.297546386719,10068,207.014083862
extension-10868182/hollywood-2009,extension-10868182,qhcn052,True,hollywood-2009,b64_fp32,1,partial_hi_pack,2.92348861694,102144,207.014083862
extension-10868182/hollywood-2009,extension-10868182,qhcn052,True,hollywood-2009,b64_fp32,1,partial_lo_residual,0,0,207.014083862
extension-10868182/hollywood-2009,extension-10868182,qhcn052,True,hollywood-2009,b64_fp32,1,partial_lo_pack,0,0,207.014083862
extension-10868182/hollywood-2009,extension-10868182,qhcn052,True,hollywood-2009,b64_fp32,1,amx_a_load,0.204086303711,6384,207.014083862
extension-10868182/hollywood-2009,extension-10868182,qhcn052,True,hollywood-2009,b64_fp32,1,amx_b_load,0.805377960205,12768,207.014083862
extension-10868182/hollywood-2009,extension-10868182,qhcn052,True,hollywood-2009,b64_fp32,1,amx_tdp_compute,2.22659111023,12768,207.014083862
extension-10868182/hollywood-2009,extension-10868182,qhcn052,True,hollywood-2009,b64_fp32,1,amx_c_zero,0.0255107879639,560,207.014083862
extension-10868182/hollywood-2009,extension-10868182,qhcn052,True,hollywood-2009,b64_fp32,1,amx_c_load,0.116348266602,1036,207.014083862
extension-10868182/hollywood-2009,extension-10868182,qhcn052,True,hollywood-2009,b64_fp32,1,amx_c_store,0.093936920166,1596,207.014083862
extension-10868182/hollywood-2009,extension-10868182,qhcn052,True,hollywood-2009,b64_fp32,1,output_bf16_conversion,0,0,207.014083862
extension-10868182/hollywood-2009,extension-10868182,qhcn052,True,hollywood-2009,b64_fp32,1,output_store,0.194549560547,4465,207.014083862
extension-10868182/hollywood-2009,extension-10868182,qhcn052,True,hollywood-2009,b64_fp32,1,thread_permission,0.0209808349609,32,207.014083862
extension-10868182/hollywood-2009,extension-10868182,qhcn052,True,hollywood-2009,b64_fp32,1,thread_tile_config,0.00476837158203,32,207.014083862
extension-10868182/hollywood-2009,extension-10868182,qhcn052,True,hollywood-2009,b64_fp32,1,thread_tile_release,0.00119209289551,32,207.014083862
extension-10868182/hollywood-2009,extension-10868182,qhcn052,True,hollywood-2009,b64_fp32,1,row_metadata_read,0.0779628753662,280,207.014083862
extension-10868182/hollywood-2009,extension-10868182,qhcn052,True,hollywood-2009,b64_fp32,2,partial_init,0.174999237061,798,238.372087479
extension-10868182/hollywood-2009,extension-10868182,qhcn052,True,hollywood-2009,b64_fp32,2,csr_index_read,12.6948356628,466117,238.372087479
extension-10868182/hollywood-2009,extension-10868182,qhcn052,True,hollywood-2009,b64_fp32,2,csr_next_index_read,11.8174552917,456049,238.372087479
extension-10868182/hollywood-2009,extension-10868182,qhcn052,True,hollywood-2009,b64_fp32,2,prefetch_issue,12.3369693756,456049,238.372087479
extension-10868182/hollywood-2009,extension-10868182,qhcn052,True,hollywood-2009,b64_fp32,2,source_feature_load,41.6347980499,466117,238.372087479
extension-10868182/hollywood-2009,extension-10868182,qhcn052,True,hollywood-2009,b64_fp32,2,source_bf16_decode,0,0,238.372087479
extension-10868182/hollywood-2009,extension-10868182,qhcn052,True,hollywood-2009,b64_fp32,2,feature_fp32_add,12.5470161438,466117,238.372087479
extension-10868182/hollywood-2009,extension-10868182,qhcn052,True,hollywood-2009,b64_fp32,2,partial_state_load,0,0,238.372087479
extension-10868182/hollywood-2009,extension-10868182,qhcn052,True,hollywood-2009,b64_fp32,2,partial_state_store,0.279188156128,10068,238.372087479
extension-10868182/hollywood-2009,extension-10868182,qhcn052,True,hollywood-2009,b64_fp32,2,partial_hi_pack,2.93898582458,102144,238.372087479
extension-10868182/hollywood-2009,extension-10868182,qhcn052,True,hollywood-2009,b64_fp32,2,partial_lo_residual,0,0,238.372087479
extension-10868182/hollywood-2009,extension-10868182,qhcn052,True,hollywood-2009,b64_fp32,2,partial_lo_pack,0,0,238.372087479
extension-10868182/hollywood-2009,extension-10868182,qhcn052,True,hollywood-2009,b64_fp32,2,amx_a_load,0.184774398804,6384,238.372087479
extension-10868182/hollywood-2009,extension-10868182,qhcn052,True,hollywood-2009,b64_fp32,2,amx_b_load,0.67663192749,12768,238.372087479
extension-10868182/hollywood-2009,extension-10868182,qhcn052,True,hollywood-2009,b64_fp32,2,amx_tdp_compute,2.25400924683,12768,238.372087479
extension-10868182/hollywood-2009,extension-10868182,qhcn052,True,hollywood-2009,b64_fp32,2,amx_c_zero,0.0243186950684,560,238.372087479
extension-10868182/hollywood-2009,extension-10868182,qhcn052,True,hollywood-2009,b64_fp32,2,amx_c_load,0.0960826873779,1036,238.372087479
extension-10868182/hollywood-2009,extension-10868182,qhcn052,True,hollywood-2009,b64_fp32,2,amx_c_store,0.079870223999,1596,238.372087479
extension-10868182/hollywood-2009,extension-10868182,qhcn052,True,hollywood-2009,b64_fp32,2,output_bf16_conversion,0.151872634888,4465,238.372087479
extension-10868182/hollywood-2009,extension-10868182,qhcn052,True,hollywood-2009,b64_fp32,2,output_store,0.14853477478,4465,238.372087479
extension-10868182/hollywood-2009,extension-10868182,qhcn052,True,hollywood-2009,b64_fp32,2,thread_permission,0.0181198120117,32,238.372087479
extension-10868182/hollywood-2009,extension-10868182,qhcn052,True,hollywood-2009,b64_fp32,2,thread_tile_config,0.00667572021484,32,238.372087479
extension-10868182/hollywood-2009,extension-10868182,qhcn052,True,hollywood-2009,b64_fp32,2,thread_tile_release,0,32,238.372087479
extension-10868182/hollywood-2009,extension-10868182,qhcn052,True,hollywood-2009,b64_fp32,2,row_metadata_read,0.0724792480469,280,238.372087479
extension-10868182/hollywood-2009,extension-10868182,qhcn052,True,hollywood-2009,full_bf16,1,partial_init,0.0622272491455,280,114.544153214
extension-10868182/hollywood-2009,extension-10868182,qhcn052,True,hollywood-2009,full_bf16,1,csr_index_read,13.6573314667,466117,114.544153214
extension-10868182/hollywood-2009,extension-10868182,qhcn052,True,hollywood-2009,full_bf16,1,csr_next_index_read,13.0741596222,461652,114.544153214
extension-10868182/hollywood-2009,extension-10868182,qhcn052,True,hollywood-2009,full_bf16,1,prefetch_issue,13.3421421051,461652,114.544153214
extension-10868182/hollywood-2009,extension-10868182,qhcn052,True,hollywood-2009,full_bf16,1,source_feature_load,13.7267112732,466117,114.544153214
extension-10868182/hollywood-2009,extension-10868182,qhcn052,True,hollywood-2009,full_bf16,1,source_bf16_decode,12.8870010376,466117,114.544153214
extension-10868182/hollywood-2009,extension-10868182,qhcn052,True,hollywood-2009,full_bf16,1,feature_fp32_add,13.1769180298,466117,114.544153214
extension-10868182/hollywood-2009,extension-10868182,qhcn052,True,hollywood-2009,full_bf16,1,partial_state_load,0,0,114.544153214
extension-10868182/hollywood-2009,extension-10868182,qhcn052,True,hollywood-2009,full_bf16,1,partial_state_store,0.142335891724,4465,114.544153214
extension-10868182/hollywood-2009,extension-10868182,qhcn052,True,hollywood-2009,full_bf16,1,partial_hi_pack,1.10244750977,35840,114.544153214
extension-10868182/hollywood-2009,extension-10868182,qhcn052,True,hollywood-2009,full_bf16,1,partial_lo_residual,0,0,114.544153214
extension-10868182/hollywood-2009,extension-10868182,qhcn052,True,hollywood-2009,full_bf16,1,partial_lo_pack,0,0,114.544153214
extension-10868182/hollywood-2009,extension-10868182,qhcn052,True,hollywood-2009,full_bf16,1,amx_a_load,0.0710487365723,2240,114.544153214
extension-10868182/hollywood-2009,extension-10868182,qhcn052,True,hollywood-2009,full_bf16,1,amx_b_load,0.210046768188,4480,114.544153214
extension-10868182/hollywood-2009,extension-10868182,qhcn052,True,hollywood-2009,full_bf16,1,amx_tdp_compute,0.849485397339,4480,114.544153214
extension-10868182/hollywood-2009,extension-10868182,qhcn052,True,hollywood-2009,full_bf16,1,amx_c_zero,0.0145435333252,560,114.544153214
extension-10868182/hollywood-2009,extension-10868182,qhcn052,True,hollywood-2009,full_bf16,1,amx_c_load,0,0,114.544153214
extension-10868182/hollywood-2009,extension-10868182,qhcn052,True,hollywood-2009,full_bf16,1,amx_c_store,0.025749206543,560,114.544153214
extension-10868182/hollywood-2009,extension-10868182,qhcn052,True,hollywood-2009,full_bf16,1,output_bf16_conversion,0,0,114.544153214
extension-10868182/hollywood-2009,extension-10868182,qhcn052,True,hollywood-2009,full_bf16,1,output_store,0.15926361084,4465,114.544153214
extension-10868182/hollywood-2009,extension-10868182,qhcn052,True,hollywood-2009,full_bf16,1,thread_permission,0.0133514404297,32,114.544153214
extension-10868182/hollywood-2009,extension-10868182,qhcn052,True,hollywood-2009,full_bf16,1,thread_tile_config,0.00572204589844,32,114.544153214
extension-10868182/hollywood-2009,extension-10868182,qhcn052,True,hollywood-2009,full_bf16,1,thread_tile_release,0.00190734863281,32,114.544153214
extension-10868182/hollywood-2009,extension-10868182,qhcn052,True,hollywood-2009,full_bf16,1,row_metadata_read,0.075101852417,280,114.544153214
extension-10868182/hollywood-2009,extension-10868182,qhcn052,True,hollywood-2009,full_bf16,2,partial_init,0.0529289245605,280,110.085964203
extension-10868182/hollywood-2009,extension-10868182,qhcn052,True,hollywood-2009,full_bf16,2,csr_index_read,13.4506225586,466117,110.085964203
extension-10868182/hollywood-2009,extension-10868182,qhcn052,True,hollywood-2009,full_bf16,2,csr_next_index_read,12.9177570343,461652,110.085964203
extension-10868182/hollywood-2009,extension-10868182,qhcn052,True,hollywood-2009,full_bf16,2,prefetch_issue,13.1165981293,461652,110.085964203
extension-10868182/hollywood-2009,extension-10868182,qhcn052,True,hollywood-2009,full_bf16,2,source_feature_load,13.8163566589,466117,110.085964203
extension-10868182/hollywood-2009,extension-10868182,qhcn052,True,hollywood-2009,full_bf16,2,source_bf16_decode,13.1556987762,466117,110.085964203
extension-10868182/hollywood-2009,extension-10868182,qhcn052,True,hollywood-2009,full_bf16,2,feature_fp32_add,13.1912231445,466117,110.085964203
extension-10868182/hollywood-2009,extension-10868182,qhcn052,True,hollywood-2009,full_bf16,2,partial_state_load,0,0,110.085964203
extension-10868182/hollywood-2009,extension-10868182,qhcn052,True,hollywood-2009,full_bf16,2,partial_state_store,0.141143798828,4465,110.085964203
extension-10868182/hollywood-2009,extension-10868182,qhcn052,True,hollywood-2009,full_bf16,2,partial_hi_pack,1.13081932068,35840,110.085964203
extension-10868182/hollywood-2009,extension-10868182,qhcn052,True,hollywood-2009,full_bf16,2,partial_lo_residual,0,0,110.085964203
extension-10868182/hollywood-2009,extension-10868182,qhcn052,True,hollywood-2009,full_bf16,2,partial_lo_pack,0,0,110.085964203
extension-10868182/hollywood-2009,extension-10868182,qhcn052,True,hollywood-2009,full_bf16,2,amx_a_load,0.072717666626,2240,110.085964203
extension-10868182/hollywood-2009,extension-10868182,qhcn052,True,hollywood-2009,full_bf16,2,amx_b_load,0.223398208618,4480,110.085964203
extension-10868182/hollywood-2009,extension-10868182,qhcn052,True,hollywood-2009,full_bf16,2,amx_tdp_compute,0.871419906616,4480,110.085964203
extension-10868182/hollywood-2009,extension-10868182,qhcn052,True,hollywood-2009,full_bf16,2,amx_c_zero,0.018835067749,560,110.085964203
extension-10868182/hollywood-2009,extension-10868182,qhcn052,True,hollywood-2009,full_bf16,2,amx_c_load,0,0,110.085964203
extension-10868182/hollywood-2009,extension-10868182,qhcn052,True,hollywood-2009,full_bf16,2,amx_c_store,0.0288486480713,560,110.085964203
extension-10868182/hollywood-2009,extension-10868182,qhcn052,True,hollywood-2009,full_bf16,2,output_bf16_conversion,0.136613845825,4465,110.085964203
extension-10868182/hollywood-2009,extension-10868182,qhcn052,True,hollywood-2009,full_bf16,2,output_store,0.136852264404,4465,110.085964203
extension-10868182/hollywood-2009,extension-10868182,qhcn052,True,hollywood-2009,full_bf16,2,thread_permission,0.0205039978027,32,110.085964203
extension-10868182/hollywood-2009,extension-10868182,qhcn052,True,hollywood-2009,full_bf16,2,thread_tile_config,0.00381469726562,32,110.085964203
extension-10868182/hollywood-2009,extension-10868182,qhcn052,True,hollywood-2009,full_bf16,2,thread_tile_release,0.00214576721191,32,110.085964203
extension-10868182/hollywood-2009,extension-10868182,qhcn052,True,hollywood-2009,full_bf16,2,row_metadata_read,0.0705718994141,280,110.085964203
extension-10868182/hollywood-2009,extension-10868182,qhcn052,True,hollywood-2009,full_fp32,1,partial_init,0.0605583190918,280,213.129997253
extension-10868182/hollywood-2009,extension-10868182,qhcn052,True,hollywood-2009,full_fp32,1,csr_index_read,12.7017498016,466117,213.129997253
extension-10868182/hollywood-2009,extension-10868182,qhcn052,True,hollywood-2009,full_fp32,1,csr_next_index_read,12.0930671692,461652,213.129997253
extension-10868182/hollywood-2009,extension-10868182,qhcn052,True,hollywood-2009,full_fp32,1,prefetch_issue,12.4003887177,461652,213.129997253
extension-10868182/hollywood-2009,extension-10868182,qhcn052,True,hollywood-2009,full_fp32,1,source_feature_load,38.7449264526,466117,213.129997253
extension-10868182/hollywood-2009,extension-10868182,qhcn052,True,hollywood-2009,full_fp32,1,source_bf16_decode,0,0,213.129997253
extension-10868182/hollywood-2009,extension-10868182,qhcn052,True,hollywood-2009,full_fp32,1,feature_fp32_add,12.4228000641,466117,213.129997253
extension-10868182/hollywood-2009,extension-10868182,qhcn052,True,hollywood-2009,full_fp32,1,partial_state_load,0,0,213.129997253
extension-10868182/hollywood-2009,extension-10868182,qhcn052,True,hollywood-2009,full_fp32,1,partial_state_store,0.158309936523,4465,213.129997253
extension-10868182/hollywood-2009,extension-10868182,qhcn052,True,hollywood-2009,full_fp32,1,partial_hi_pack,1.01828575134,35840,213.129997253
extension-10868182/hollywood-2009,extension-10868182,qhcn052,True,hollywood-2009,full_fp32,1,partial_lo_residual,0,0,213.129997253
extension-10868182/hollywood-2009,extension-10868182,qhcn052,True,hollywood-2009,full_fp32,1,partial_lo_pack,0,0,213.129997253
extension-10868182/hollywood-2009,extension-10868182,qhcn052,True,hollywood-2009,full_fp32,1,amx_a_load,0.0748634338379,2240,213.129997253
extension-10868182/hollywood-2009,extension-10868182,qhcn052,True,hollywood-2009,full_fp32,1,amx_b_load,0.234842300415,4480,213.129997253
extension-10868182/hollywood-2009,extension-10868182,qhcn052,True,hollywood-2009,full_fp32,1,amx_tdp_compute,0.842571258545,4480,213.129997253
extension-10868182/hollywood-2009,extension-10868182,qhcn052,True,hollywood-2009,full_fp32,1,amx_c_zero,0.0221729278564,560,213.129997253
extension-10868182/hollywood-2009,extension-10868182,qhcn052,True,hollywood-2009,full_fp32,1,amx_c_load,0,0,213.129997253
extension-10868182/hollywood-2009,extension-10868182,qhcn052,True,hollywood-2009,full_fp32,1,amx_c_store,0.0402927398682,560,213.129997253
extension-10868182/hollywood-2009,extension-10868182,qhcn052,True,hollywood-2009,full_fp32,1,output_bf16_conversion,0,0,213.129997253
extension-10868182/hollywood-2009,extension-10868182,qhcn052,True,hollywood-2009,full_fp32,1,output_store,0.166893005371,4465,213.129997253
extension-10868182/hollywood-2009,extension-10868182,qhcn052,True,hollywood-2009,full_fp32,1,thread_permission,0.0135898590088,32,213.129997253
extension-10868182/hollywood-2009,extension-10868182,qhcn052,True,hollywood-2009,full_fp32,1,thread_tile_config,0.0112056732178,32,213.129997253
extension-10868182/hollywood-2009,extension-10868182,qhcn052,True,hollywood-2009,full_fp32,1,thread_tile_release,0,32,213.129997253
extension-10868182/hollywood-2009,extension-10868182,qhcn052,True,hollywood-2009,full_fp32,1,row_metadata_read,0.0729560852051,280,213.129997253
extension-10868182/hollywood-2009,extension-10868182,qhcn052,True,hollywood-2009,full_fp32,2,partial_init,0.0708103179932,280,229.513883591
extension-10868182/hollywood-2009,extension-10868182,qhcn052,True,hollywood-2009,full_fp32,2,csr_index_read,12.7763748169,466117,229.513883591
extension-10868182/hollywood-2009,extension-10868182,qhcn052,True,hollywood-2009,full_fp32,2,csr_next_index_read,12.433052063,461652,229.513883591
extension-10868182/hollywood-2009,extension-10868182,qhcn052,True,hollywood-2009,full_fp32,2,prefetch_issue,12.3472213745,461652,229.513883591
extension-10868182/hollywood-2009,extension-10868182,qhcn052,True,hollywood-2009,full_fp32,2,source_feature_load,46.2543964386,466117,229.513883591
extension-10868182/hollywood-2009,extension-10868182,qhcn052,True,hollywood-2009,full_fp32,2,source_bf16_decode,0,0,229.513883591
extension-10868182/hollywood-2009,extension-10868182,qhcn052,True,hollywood-2009,full_fp32,2,feature_fp32_add,12.3834609985,466117,229.513883591
extension-10868182/hollywood-2009,extension-10868182,qhcn052,True,hollywood-2009,full_fp32,2,partial_state_load,0,0,229.513883591
extension-10868182/hollywood-2009,extension-10868182,qhcn052,True,hollywood-2009,full_fp32,2,partial_state_store,0.142335891724,4465,229.513883591
extension-10868182/hollywood-2009,extension-10868182,qhcn052,True,hollywood-2009,full_fp32,2,partial_hi_pack,1.05094909668,35840,229.513883591
extension-10868182/hollywood-2009,extension-10868182,qhcn052,True,hollywood-2009,full_fp32,2,partial_lo_residual,0,0,229.513883591
extension-10868182/hollywood-2009,extension-10868182,qhcn052,True,hollywood-2009,full_fp32,2,partial_lo_pack,0,0,229.513883591
extension-10868182/hollywood-2009,extension-10868182,qhcn052,True,hollywood-2009,full_fp32,2,amx_a_load,0.072717666626,2240,229.513883591
extension-10868182/hollywood-2009,extension-10868182,qhcn052,True,hollywood-2009,full_fp32,2,amx_b_load,0.217914581299,4480,229.513883591
extension-10868182/hollywood-2009,extension-10868182,qhcn052,True,hollywood-2009,full_fp32,2,amx_tdp_compute,0.888109207153,4480,229.513883591
extension-10868182/hollywood-2009,extension-10868182,qhcn052,True,hollywood-2009,full_fp32,2,amx_c_zero,0.0205039978027,560,229.513883591
extension-10868182/hollywood-2009,extension-10868182,qhcn052,True,hollywood-2009,full_fp32,2,amx_c_load,0,0,229.513883591
extension-10868182/hollywood-2009,extension-10868182,qhcn052,True,hollywood-2009,full_fp32,2,amx_c_store,0.0231266021729,560,229.513883591
extension-10868182/hollywood-2009,extension-10868182,qhcn052,True,hollywood-2009,full_fp32,2,output_bf16_conversion,0.147819519043,4465,229.513883591
extension-10868182/hollywood-2009,extension-10868182,qhcn052,True,hollywood-2009,full_fp32,2,output_store,0.133037567139,4465,229.513883591
extension-10868182/hollywood-2009,extension-10868182,qhcn052,True,hollywood-2009,full_fp32,2,thread_permission,0.0147819519043,32,229.513883591
extension-10868182/hollywood-2009,extension-10868182,qhcn052,True,hollywood-2009,full_fp32,2,thread_tile_config,0.00429153442383,32,229.513883591
extension-10868182/hollywood-2009,extension-10868182,qhcn052,True,hollywood-2009,full_fp32,2,thread_tile_release,0.00286102294922,32,229.513883591
extension-10868182/hollywood-2009,extension-10868182,qhcn052,True,hollywood-2009,full_fp32,2,row_metadata_read,0.0712871551514,280,229.513883591
extension-10868182/indochina-2004,extension-10868182,qhcn052,True,indochina-2004,b64_bf16,1,partial_init,0.340938568115,1959,193.56918335
extension-10868182/indochina-2004,extension-10868182,qhcn052,True,indochina-2004,b64_bf16,1,csr_index_read,24.484872818,801879,193.56918335
extension-10868182/indochina-2004,extension-10868182,qhcn052,True,indochina-2004,b64_bf16,1,csr_next_index_read,22.0739841461,772075,193.56918335
extension-10868182/indochina-2004,extension-10868182,qhcn052,True,indochina-2004,b64_bf16,1,prefetch_issue,22.8555202484,772075,193.56918335
extension-10868182/indochina-2004,extension-10868182,qhcn052,True,indochina-2004,b64_bf16,1,source_feature_load,24.3351459503,801879,193.56918335
extension-10868182/indochina-2004,extension-10868182,qhcn052,True,indochina-2004,b64_bf16,1,source_bf16_decode,22.6535797119,801879,193.56918335
extension-10868182/indochina-2004,extension-10868182,qhcn052,True,indochina-2004,b64_bf16,1,feature_fp32_add,23.047208786,801879,193.56918335
extension-10868182/indochina-2004,extension-10868182,qhcn052,True,indochina-2004,b64_bf16,1,partial_state_load,0,0,193.56918335
extension-10868182/indochina-2004,extension-10868182,qhcn052,True,indochina-2004,b64_bf16,1,partial_state_store,0.929355621338,29804,193.56918335
extension-10868182/indochina-2004,extension-10868182,qhcn052,True,indochina-2004,b64_bf16,1,partial_hi_pack,7.8604221344,250752,193.56918335
extension-10868182/indochina-2004,extension-10868182,qhcn052,True,indochina-2004,b64_bf16,1,partial_lo_residual,0,0,193.56918335
extension-10868182/indochina-2004,extension-10868182,qhcn052,True,indochina-2004,b64_bf16,1,partial_lo_pack,0,0,193.56918335
extension-10868182/indochina-2004,extension-10868182,qhcn052,True,indochina-2004,b64_bf16,1,amx_a_load,0.536441802979,15672,193.56918335
extension-10868182/indochina-2004,extension-10868182,qhcn052,True,indochina-2004,b64_bf16,1,amx_b_load,1.60717964172,31344,193.56918335
extension-10868182/indochina-2004,extension-10868182,qhcn052,True,indochina-2004,b64_bf16,1,amx_tdp_compute,6.50596618652,31344,193.56918335
extension-10868182/indochina-2004,extension-10868182,qhcn052,True,indochina-2004,b64_bf16,1,amx_c_zero,0.0834465026855,2984,193.56918335
extension-10868182/indochina-2004,extension-10868182,qhcn052,True,indochina-2004,b64_bf16,1,amx_c_load,0.0457763671875,934,193.56918335
extension-10868182/indochina-2004,extension-10868182,qhcn052,True,indochina-2004,b64_bf16,1,amx_c_store,0.23078918457,3918,193.56918335
extension-10868182/indochina-2004,extension-10868182,qhcn052,True,indochina-2004,b64_bf16,1,output_bf16_conversion,0,0,193.56918335
extension-10868182/indochina-2004,extension-10868182,qhcn052,True,indochina-2004,b64_bf16,1,output_store,1.07908248901,24178,193.56918335
extension-10868182/indochina-2004,extension-10868182,qhcn052,True,indochina-2004,b64_bf16,1,thread_permission,0.0133514404297,32,193.56918335
extension-10868182/indochina-2004,extension-10868182,qhcn052,True,indochina-2004,b64_bf16,1,thread_tile_config,0.00596046447754,32,193.56918335
extension-10868182/indochina-2004,extension-10868182,qhcn052,True,indochina-2004,b64_bf16,1,thread_tile_release,0.000953674316406,32,193.56918335
extension-10868182/indochina-2004,extension-10868182,qhcn052,True,indochina-2004,b64_bf16,1,row_metadata_read,0.339508056641,1812,193.56918335
extension-10868182/indochina-2004,extension-10868182,qhcn052,True,indochina-2004,b64_bf16,2,partial_init,0.363826751709,1959,192.08407402
extension-10868182/indochina-2004,extension-10868182,qhcn052,True,indochina-2004,b64_bf16,2,csr_index_read,24.209022522,801879,192.08407402
extension-10868182/indochina-2004,extension-10868182,qhcn052,True,indochina-2004,b64_bf16,2,csr_next_index_read,22.4077701569,772075,192.08407402
extension-10868182/indochina-2004,extension-10868182,qhcn052,True,indochina-2004,b64_bf16,2,prefetch_issue,22.4874019623,772075,192.08407402
extension-10868182/indochina-2004,extension-10868182,qhcn052,True,indochina-2004,b64_bf16,2,source_feature_load,24.7552394867,801879,192.08407402
extension-10868182/indochina-2004,extension-10868182,qhcn052,True,indochina-2004,b64_bf16,2,source_bf16_decode,22.9206085205,801879,192.08407402
extension-10868182/indochina-2004,extension-10868182,qhcn052,True,indochina-2004,b64_bf16,2,feature_fp32_add,23.0906009674,801879,192.08407402
extension-10868182/indochina-2004,extension-10868182,qhcn052,True,indochina-2004,b64_bf16,2,partial_state_load,0,0,192.08407402
extension-10868182/indochina-2004,extension-10868182,qhcn052,True,indochina-2004,b64_bf16,2,partial_state_store,0.979900360107,29804,192.08407402
extension-10868182/indochina-2004,extension-10868182,qhcn052,True,indochina-2004,b64_bf16,2,partial_hi_pack,7.88927078247,250752,192.08407402
extension-10868182/indochina-2004,extension-10868182,qhcn052,True,indochina-2004,b64_bf16,2,partial_lo_residual,0,0,192.08407402
extension-10868182/indochina-2004,extension-10868182,qhcn052,True,indochina-2004,b64_bf16,2,partial_lo_pack,0,0,192.08407402
extension-10868182/indochina-2004,extension-10868182,qhcn052,True,indochina-2004,b64_bf16,2,amx_a_load,0.527858734131,15672,192.08407402
extension-10868182/indochina-2004,extension-10868182,qhcn052,True,indochina-2004,b64_bf16,2,amx_b_load,1.62529945374,31344,192.08407402
extension-10868182/indochina-2004,extension-10868182,qhcn052,True,indochina-2004,b64_bf16,2,amx_tdp_compute,6.3328742981,31344,192.08407402
extension-10868182/indochina-2004,extension-10868182,qhcn052,True,indochina-2004,b64_bf16,2,amx_c_zero,0.0941753387451,2984,192.08407402
extension-10868182/indochina-2004,extension-10868182,qhcn052,True,indochina-2004,b64_bf16,2,amx_c_load,0.0646114349365,934,192.08407402
extension-10868182/indochina-2004,extension-10868182,qhcn052,True,indochina-2004,b64_bf16,2,amx_c_store,0.205755233765,3918,192.08407402
extension-10868182/indochina-2004,extension-10868182,qhcn052,True,indochina-2004,b64_bf16,2,output_bf16_conversion,0.778675079346,23858,192.08407402
extension-10868182/indochina-2004,extension-10868182,qhcn052,True,indochina-2004,b64_bf16,2,output_store,0.806331634521,24178,192.08407402
extension-10868182/indochina-2004,extension-10868182,qhcn052,True,indochina-2004,b64_bf16,2,thread_permission,0.0209808349609,32,192.08407402
extension-10868182/indochina-2004,extension-10868182,qhcn052,True,indochina-2004,b64_bf16,2,thread_tile_config,0.00190734863281,32,192.08407402
extension-10868182/indochina-2004,extension-10868182,qhcn052,True,indochina-2004,b64_bf16,2,thread_tile_release,0.000953674316406,32,192.08407402
extension-10868182/indochina-2004,extension-10868182,qhcn052,True,indochina-2004,b64_bf16,2,row_metadata_read,0.314235687256,1812,192.08407402
extension-10868182/indochina-2004,extension-10868182,qhcn052,True,indochina-2004,b64_fp32,1,partial_init,0.34761428833,1959,220.318078995
extension-10868182/indochina-2004,extension-10868182,qhcn052,True,indochina-2004,b64_fp32,1,csr_index_read,23.1342315674,801879,220.318078995
extension-10868182/indochina-2004,extension-10868182,qhcn052,True,indochina-2004,b64_fp32,1,csr_next_index_read,21.2512016296,772075,220.318078995
extension-10868182/indochina-2004,extension-10868182,qhcn052,True,indochina-2004,b64_fp32,1,prefetch_issue,21.1887359619,772075,220.318078995
extension-10868182/indochina-2004,extension-10868182,qhcn052,True,indochina-2004,b64_fp32,1,source_feature_load,25.6419181824,801879,220.318078995
extension-10868182/indochina-2004,extension-10868182,qhcn052,True,indochina-2004,b64_fp32,1,source_bf16_decode,0,0,220.318078995
extension-10868182/indochina-2004,extension-10868182,qhcn052,True,indochina-2004,b64_fp32,1,feature_fp32_add,22.1617221832,801879,220.318078995
extension-10868182/indochina-2004,extension-10868182,qhcn052,True,indochina-2004,b64_fp32,1,partial_state_load,0,0,220.318078995
extension-10868182/indochina-2004,extension-10868182,qhcn052,True,indochina-2004,b64_fp32,1,partial_state_store,0.97131729126,29804,220.318078995
extension-10868182/indochina-2004,extension-10868182,qhcn052,True,indochina-2004,b64_fp32,1,partial_hi_pack,7.39312171936,250752,220.318078995
extension-10868182/indochina-2004,extension-10868182,qhcn052,True,indochina-2004,b64_fp32,1,partial_lo_residual,0,0,220.318078995
extension-10868182/indochina-2004,extension-10868182,qhcn052,True,indochina-2004,b64_fp32,1,partial_lo_pack,0,0,220.318078995
extension-10868182/indochina-2004,extension-10868182,qhcn052,True,indochina-2004,b64_fp32,1,amx_a_load,0.528812408447,15672,220.318078995
extension-10868182/indochina-2004,extension-10868182,qhcn052,True,indochina-2004,b64_fp32,1,amx_b_load,1.56378746033,31344,220.318078995
extension-10868182/indochina-2004,extension-10868182,qhcn052,True,indochina-2004,b64_fp32,1,amx_tdp_compute,6.06179237366,31344,220.318078995
extension-10868182/indochina-2004,extension-10868182,qhcn052,True,indochina-2004,b64_fp32,1,amx_c_zero,0.0998973846436,2984,220.318078995
extension-10868182/indochina-2004,extension-10868182,qhcn052,True,indochina-2004,b64_fp32,1,amx_c_load,0.0557899475098,934,220.318078995
extension-10868182/indochina-2004,extension-10868182,qhcn052,True,indochina-2004,b64_fp32,1,amx_c_store,0.203609466553,3918,220.318078995
extension-10868182/indochina-2004,extension-10868182,qhcn052,True,indochina-2004,b64_fp32,1,output_bf16_conversion,0,0,220.318078995
extension-10868182/indochina-2004,extension-10868182,qhcn052,True,indochina-2004,b64_fp32,1,output_store,1.02353096008,24178,220.318078995
extension-10868182/indochina-2004,extension-10868182,qhcn052,True,indochina-2004,b64_fp32,1,thread_permission,0.0123977661133,32,220.318078995
extension-10868182/indochina-2004,extension-10868182,qhcn052,True,indochina-2004,b64_fp32,1,thread_tile_config,0.00953674316406,32,220.318078995
extension-10868182/indochina-2004,extension-10868182,qhcn052,True,indochina-2004,b64_fp32,1,thread_tile_release,0.000953674316406,32,220.318078995
extension-10868182/indochina-2004,extension-10868182,qhcn052,True,indochina-2004,b64_fp32,1,row_metadata_read,0.298500061035,1812,220.318078995
extension-10868182/indochina-2004,extension-10868182,qhcn052,True,indochina-2004,b64_fp32,2,partial_init,0.372886657715,1959,211.937904358
extension-10868182/indochina-2004,extension-10868182,qhcn052,True,indochina-2004,b64_fp32,2,csr_index_read,23.0488777161,801879,211.937904358
extension-10868182/indochina-2004,extension-10868182,qhcn052,True,indochina-2004,b64_fp32,2,csr_next_index_read,21.7008590698,772075,211.937904358
extension-10868182/indochina-2004,extension-10868182,qhcn052,True,indochina-2004,b64_fp32,2,prefetch_issue,21.3384628296,772075,211.937904358
extension-10868182/indochina-2004,extension-10868182,qhcn052,True,indochina-2004,b64_fp32,2,source_feature_load,25.4933834076,801879,211.937904358
extension-10868182/indochina-2004,extension-10868182,qhcn052,True,indochina-2004,b64_fp32,2,source_bf16_decode,0,0,211.937904358
extension-10868182/indochina-2004,extension-10868182,qhcn052,True,indochina-2004,b64_fp32,2,feature_fp32_add,22.2527980804,801879,211.937904358
extension-10868182/indochina-2004,extension-10868182,qhcn052,True,indochina-2004,b64_fp32,2,partial_state_load,0,0,211.937904358
extension-10868182/indochina-2004,extension-10868182,qhcn052,True,indochina-2004,b64_fp32,2,partial_state_store,0.897645950317,29804,211.937904358
extension-10868182/indochina-2004,extension-10868182,qhcn052,True,indochina-2004,b64_fp32,2,partial_hi_pack,7.52782821655,250752,211.937904358
extension-10868182/indochina-2004,extension-10868182,qhcn052,True,indochina-2004,b64_fp32,2,partial_lo_residual,0,0,211.937904358
extension-10868182/indochina-2004,extension-10868182,qhcn052,True,indochina-2004,b64_fp32,2,partial_lo_pack,0,0,211.937904358
extension-10868182/indochina-2004,extension-10868182,qhcn052,True,indochina-2004,b64_fp32,2,amx_a_load,0.478506088257,15672,211.937904358
extension-10868182/indochina-2004,extension-10868182,qhcn052,True,indochina-2004,b64_fp32,2,amx_b_load,1.54590606689,31344,211.937904358
extension-10868182/indochina-2004,extension-10868182,qhcn052,True,indochina-2004,b64_fp32,2,amx_tdp_compute,6.023645401,31344,211.937904358
extension-10868182/indochina-2004,extension-10868182,qhcn052,True,indochina-2004,b64_fp32,2,amx_c_zero,0.0874996185303,2984,211.937904358
extension-10868182/indochina-2004,extension-10868182,qhcn052,True,indochina-2004,b64_fp32,2,amx_c_load,0.0491142272949,934,211.937904358
extension-10868182/indochina-2004,extension-10868182,qhcn052,True,indochina-2004,b64_fp32,2,amx_c_store,0.199556350708,3918,211.937904358
extension-10868182/indochina-2004,extension-10868182,qhcn052,True,indochina-2004,b64_fp32,2,output_bf16_conversion,0.696659088135,23858,211.937904358
extension-10868182/indochina-2004,extension-10868182,qhcn052,True,indochina-2004,b64_fp32,2,output_store,0.774145126343,24178,211.937904358
extension-10868182/indochina-2004,extension-10868182,qhcn052,True,indochina-2004,b64_fp32,2,thread_permission,0.0231266021729,32,211.937904358
extension-10868182/indochina-2004,extension-10868182,qhcn052,True,indochina-2004,b64_fp32,2,thread_tile_config,0.00667572021484,32,211.937904358
extension-10868182/indochina-2004,extension-10868182,qhcn052,True,indochina-2004,b64_fp32,2,thread_tile_release,0.00119209289551,32,211.937904358
extension-10868182/indochina-2004,extension-10868182,qhcn052,True,indochina-2004,b64_fp32,2,row_metadata_read,0.323534011841,1812,211.937904358
extension-10868182/indochina-2004,extension-10868182,qhcn052,True,indochina-2004,full_bf16,1,partial_init,0.32377243042,1492,200.136184692
extension-10868182/indochina-2004,extension-10868182,qhcn052,True,indochina-2004,full_bf16,1,csr_index_read,24.2891311646,801879,200.136184692
extension-10868182/indochina-2004,extension-10868182,qhcn052,True,indochina-2004,full_bf16,1,csr_next_index_read,22.3958492279,778021,200.136184692
extension-10868182/indochina-2004,extension-10868182,qhcn052,True,indochina-2004,full_bf16,1,prefetch_issue,22.6259231567,778021,200.136184692
extension-10868182/indochina-2004,extension-10868182,qhcn052,True,indochina-2004,full_bf16,1,source_feature_load,24.2545604706,801879,200.136184692
extension-10868182/indochina-2004,extension-10868182,qhcn052,True,indochina-2004,full_bf16,1,source_bf16_decode,22.4838256836,801879,200.136184692
extension-10868182/indochina-2004,extension-10868182,qhcn052,True,indochina-2004,full_bf16,1,feature_fp32_add,22.9408740997,801879,200.136184692
extension-10868182/indochina-2004,extension-10868182,qhcn052,True,indochina-2004,full_bf16,1,partial_state_load,0,0,200.136184692
extension-10868182/indochina-2004,extension-10868182,qhcn052,True,indochina-2004,full_bf16,1,partial_state_store,0.772714614868,23858,200.136184692
extension-10868182/indochina-2004,extension-10868182,qhcn052,True,indochina-2004,full_bf16,1,partial_hi_pack,6.00337982178,190976,200.136184692
extension-10868182/indochina-2004,extension-10868182,qhcn052,True,indochina-2004,full_bf16,1,partial_lo_residual,0,0,200.136184692
extension-10868182/indochina-2004,extension-10868182,qhcn052,True,indochina-2004,full_bf16,1,partial_lo_pack,0,0,200.136184692
extension-10868182/indochina-2004,extension-10868182,qhcn052,True,indochina-2004,full_bf16,1,amx_a_load,0.409841537476,11936,200.136184692
extension-10868182/indochina-2004,extension-10868182,qhcn052,True,indochina-2004,full_bf16,1,amx_b_load,1.24526023865,23872,200.136184692
extension-10868182/indochina-2004,extension-10868182,qhcn052,True,indochina-2004,full_bf16,1,amx_tdp_compute,5.05375862122,23872,200.136184692
extension-10868182/indochina-2004,extension-10868182,qhcn052,True,indochina-2004,full_bf16,1,amx_c_zero,0.0829696655273,2984,200.136184692
extension-10868182/indochina-2004,extension-10868182,qhcn052,True,indochina-2004,full_bf16,1,amx_c_load,0,0,200.136184692
extension-10868182/indochina-2004,extension-10868182,qhcn052,True,indochina-2004,full_bf16,1,amx_c_store,0.154733657837,2984,200.136184692
extension-10868182/indochina-2004,extension-10868182,qhcn052,True,indochina-2004,full_bf16,1,output_bf16_conversion,0,0,200.136184692
extension-10868182/indochina-2004,extension-10868182,qhcn052,True,indochina-2004,full_bf16,1,output_store,1.05261802673,24178,200.136184692
extension-10868182/indochina-2004,extension-10868182,qhcn052,True,indochina-2004,full_bf16,1,thread_permission,0.0104904174805,32,200.136184692
extension-10868182/indochina-2004,extension-10868182,qhcn052,True,indochina-2004,full_bf16,1,thread_tile_config,0.00786781311035,32,200.136184692
extension-10868182/indochina-2004,extension-10868182,qhcn052,True,indochina-2004,full_bf16,1,thread_tile_release,0,32,200.136184692
extension-10868182/indochina-2004,extension-10868182,qhcn052,True,indochina-2004,full_bf16,1,row_metadata_read,0.279188156128,1812,200.136184692
extension-10868182/indochina-2004,extension-10868182,qhcn052,True,indochina-2004,full_bf16,2,partial_init,0.304937362671,1492,189.834117889
extension-10868182/indochina-2004,extension-10868182,qhcn052,True,indochina-2004,full_bf16,2,csr_index_read,24.1453647614,801879,189.834117889
extension-10868182/indochina-2004,extension-10868182,qhcn052,True,indochina-2004,full_bf16,2,csr_next_index_read,22.4235057831,778021,189.834117889
extension-10868182/indochina-2004,extension-10868182,qhcn052,True,indochina-2004,full_bf16,2,prefetch_issue,22.7427482605,778021,189.834117889
extension-10868182/indochina-2004,extension-10868182,qhcn052,True,indochina-2004,full_bf16,2,source_feature_load,24.6095657349,801879,189.834117889
extension-10868182/indochina-2004,extension-10868182,qhcn052,True,indochina-2004,full_bf16,2,source_bf16_decode,23.0736732483,801879,189.834117889
extension-10868182/indochina-2004,extension-10868182,qhcn052,True,indochina-2004,full_bf16,2,feature_fp32_add,22.9692459106,801879,189.834117889
extension-10868182/indochina-2004,extension-10868182,qhcn052,True,indochina-2004,full_bf16,2,partial_state_load,0,0,189.834117889
extension-10868182/indochina-2004,extension-10868182,qhcn052,True,indochina-2004,full_bf16,2,partial_state_store,0.778198242188,23858,189.834117889
extension-10868182/indochina-2004,extension-10868182,qhcn052,True,indochina-2004,full_bf16,2,partial_hi_pack,6.15215301514,190976,189.834117889
extension-10868182/indochina-2004,extension-10868182,qhcn052,True,indochina-2004,full_bf16,2,partial_lo_residual,0,0,189.834117889
extension-10868182/indochina-2004,extension-10868182,qhcn052,True,indochina-2004,full_bf16,2,partial_lo_pack,0,0,189.834117889
extension-10868182/indochina-2004,extension-10868182,qhcn052,True,indochina-2004,full_bf16,2,amx_a_load,0.42200088501,11936,189.834117889
extension-10868182/indochina-2004,extension-10868182,qhcn052,True,indochina-2004,full_bf16,2,amx_b_load,1.26576423645,23872,189.834117889
extension-10868182/indochina-2004,extension-10868182,qhcn052,True,indochina-2004,full_bf16,2,amx_tdp_compute,4.96935844421,23872,189.834117889
extension-10868182/indochina-2004,extension-10868182,qhcn052,True,indochina-2004,full_bf16,2,amx_c_zero,0.093936920166,2984,189.834117889
extension-10868182/indochina-2004,extension-10868182,qhcn052,True,indochina-2004,full_bf16,2,amx_c_load,0,0,189.834117889
extension-10868182/indochina-2004,extension-10868182,qhcn052,True,indochina-2004,full_bf16,2,amx_c_store,0.184297561646,2984,189.834117889
extension-10868182/indochina-2004,extension-10868182,qhcn052,True,indochina-2004,full_bf16,2,output_bf16_conversion,0.787019729614,23858,189.834117889
extension-10868182/indochina-2004,extension-10868182,qhcn052,True,indochina-2004,full_bf16,2,output_store,0.864267349243,24178,189.834117889
extension-10868182/indochina-2004,extension-10868182,qhcn052,True,indochina-2004,full_bf16,2,thread_permission,0.0114440917969,32,189.834117889
extension-10868182/indochina-2004,extension-10868182,qhcn052,True,indochina-2004,full_bf16,2,thread_tile_config,0.00667572021484,32,189.834117889
extension-10868182/indochina-2004,extension-10868182,qhcn052,True,indochina-2004,full_bf16,2,thread_tile_release,0,32,189.834117889
extension-10868182/indochina-2004,extension-10868182,qhcn052,True,indochina-2004,full_bf16,2,row_metadata_read,0.336408615112,1812,189.834117889
extension-10868182/indochina-2004,extension-10868182,qhcn052,True,indochina-2004,full_fp32,1,partial_init,0.269651412964,1492,278.527021408
extension-10868182/indochina-2004,extension-10868182,qhcn052,True,indochina-2004,full_fp32,1,csr_index_read,22.5834846497,801879,278.527021408
extension-10868182/indochina-2004,extension-10868182,qhcn052,True,indochina-2004,full_fp32,1,csr_next_index_read,21.6827392578,778021,278.527021408
extension-10868182/indochina-2004,extension-10868182,qhcn052,True,indochina-2004,full_fp32,1,prefetch_issue,28.7144184113,778021,278.527021408
extension-10868182/indochina-2004,extension-10868182,qhcn052,True,indochina-2004,full_fp32,1,source_feature_load,63.8871192932,801879,278.527021408
extension-10868182/indochina-2004,extension-10868182,qhcn052,True,indochina-2004,full_fp32,1,source_bf16_decode,0,0,278.527021408
extension-10868182/indochina-2004,extension-10868182,qhcn052,True,indochina-2004,full_fp32,1,feature_fp32_add,21.8703746796,801879,278.527021408
extension-10868182/indochina-2004,extension-10868182,qhcn052,True,indochina-2004,full_fp32,1,partial_state_load,0,0,278.527021408
extension-10868182/indochina-2004,extension-10868182,qhcn052,True,indochina-2004,full_fp32,1,partial_state_store,0.766515731812,23858,278.527021408
extension-10868182/indochina-2004,extension-10868182,qhcn052,True,indochina-2004,full_fp32,1,partial_hi_pack,5.73515892029,190976,278.527021408
extension-10868182/indochina-2004,extension-10868182,qhcn052,True,indochina-2004,full_fp32,1,partial_lo_residual,0,0,278.527021408
extension-10868182/indochina-2004,extension-10868182,qhcn052,True,indochina-2004,full_fp32,1,partial_lo_pack,0,0,278.527021408
extension-10868182/indochina-2004,extension-10868182,qhcn052,True,indochina-2004,full_fp32,1,amx_a_load,0.370979309082,11936,278.527021408
extension-10868182/indochina-2004,extension-10868182,qhcn052,True,indochina-2004,full_fp32,1,amx_b_load,1.14965438843,23872,278.527021408
extension-10868182/indochina-2004,extension-10868182,qhcn052,True,indochina-2004,full_fp32,1,amx_tdp_compute,4.66656684875,23872,278.527021408
extension-10868182/indochina-2004,extension-10868182,qhcn052,True,indochina-2004,full_fp32,1,amx_c_zero,0.0841617584229,2984,278.527021408
extension-10868182/indochina-2004,extension-10868182,qhcn052,True,indochina-2004,full_fp32,1,amx_c_load,0,0,278.527021408
extension-10868182/indochina-2004,extension-10868182,qhcn052,True,indochina-2004,full_fp32,1,amx_c_store,0.148296356201,2984,278.527021408
extension-10868182/indochina-2004,extension-10868182,qhcn052,True,indochina-2004,full_fp32,1,output_bf16_conversion,0,0,278.527021408
extension-10868182/indochina-2004,extension-10868182,qhcn052,True,indochina-2004,full_fp32,1,output_store,1.06430053711,24178,278.527021408
extension-10868182/indochina-2004,extension-10868182,qhcn052,True,indochina-2004,full_fp32,1,thread_permission,0.0171661376953,32,278.527021408
extension-10868182/indochina-2004,extension-10868182,qhcn052,True,indochina-2004,full_fp32,1,thread_tile_config,0.00476837158203,32,278.527021408
extension-10868182/indochina-2004,extension-10868182,qhcn052,True,indochina-2004,full_fp32,1,thread_tile_release,0,32,278.527021408
extension-10868182/indochina-2004,extension-10868182,qhcn052,True,indochina-2004,full_fp32,1,row_metadata_read,0.328779220581,1812,278.527021408
extension-10868182/indochina-2004,extension-10868182,qhcn052,True,indochina-2004,full_fp32,2,partial_init,0.300645828247,1492,251.498937607
extension-10868182/indochina-2004,extension-10868182,qhcn052,True,indochina-2004,full_fp32,2,csr_index_read,22.6984024048,801879,251.498937607
extension-10868182/indochina-2004,extension-10868182,qhcn052,True,indochina-2004,full_fp32,2,csr_next_index_read,21.5969085693,778021,251.498937607
extension-10868182/indochina-2004,extension-10868182,qhcn052,True,indochina-2004,full_fp32,2,prefetch_issue,21.4710235596,778021,251.498937607
extension-10868182/indochina-2004,extension-10868182,qhcn052,True,indochina-2004,full_fp32,2,source_feature_load,25.5165100098,801879,251.498937607
extension-10868182/indochina-2004,extension-10868182,qhcn052,True,indochina-2004,full_fp32,2,source_bf16_decode,0,0,251.498937607
extension-10868182/indochina-2004,extension-10868182,qhcn052,True,indochina-2004,full_fp32,2,feature_fp32_add,22.1562385559,801879,251.498937607
extension-10868182/indochina-2004,extension-10868182,qhcn052,True,indochina-2004,full_fp32,2,partial_state_load,0,0,251.498937607
extension-10868182/indochina-2004,extension-10868182,qhcn052,True,indochina-2004,full_fp32,2,partial_state_store,0.768423080444,23858,251.498937607
extension-10868182/indochina-2004,extension-10868182,qhcn052,True,indochina-2004,full_fp32,2,partial_hi_pack,5.70273399353,190976,251.498937607
extension-10868182/indochina-2004,extension-10868182,qhcn052,True,indochina-2004,full_fp32,2,partial_lo_residual,0,0,251.498937607
extension-10868182/indochina-2004,extension-10868182,qhcn052,True,indochina-2004,full_fp32,2,partial_lo_pack,0,0,251.498937607
extension-10868182/indochina-2004,extension-10868182,qhcn052,True,indochina-2004,full_fp32,2,amx_a_load,0.417947769165,11936,251.498937607
extension-10868182/indochina-2004,extension-10868182,qhcn052,True,indochina-2004,full_fp32,2,amx_b_load,1.22904777527,23872,251.498937607
extension-10868182/indochina-2004,extension-10868182,qhcn052,True,indochina-2004,full_fp32,2,amx_tdp_compute,4.58359718323,23872,251.498937607
extension-10868182/indochina-2004,extension-10868182,qhcn052,True,indochina-2004,full_fp32,2,amx_c_zero,0.0655651092529,2984,251.498937607
extension-10868182/indochina-2004,extension-10868182,qhcn052,True,indochina-2004,full_fp32,2,amx_c_load,0,0,251.498937607
extension-10868182/indochina-2004,extension-10868182,qhcn052,True,indochina-2004,full_fp32,2,amx_c_store,0.154733657837,2984,251.498937607
extension-10868182/indochina-2004,extension-10868182,qhcn052,True,indochina-2004,full_fp32,2,output_bf16_conversion,0.752449035645,23858,251.498937607
extension-10868182/indochina-2004,extension-10868182,qhcn052,True,indochina-2004,full_fp32,2,output_store,0.805616378784,24178,251.498937607
extension-10868182/indochina-2004,extension-10868182,qhcn052,True,indochina-2004,full_fp32,2,thread_permission,0.0171661376953,32,251.498937607
extension-10868182/indochina-2004,extension-10868182,qhcn052,True,indochina-2004,full_fp32,2,thread_tile_config,0.00381469726562,32,251.498937607
extension-10868182/indochina-2004,extension-10868182,qhcn052,True,indochina-2004,full_fp32,2,thread_tile_release,0.00286102294922,32,251.498937607
extension-10868182/indochina-2004,extension-10868182,qhcn052,True,indochina-2004,full_fp32,2,row_metadata_read,0.296115875244,1812,251.498937607
extension-10868182/rgg_n_2_24_s0,extension-10868182,qhcn052,True,rgg_n_2_24_s0,b64_bf16,1,partial_init,0.870227813721,4097,531.927108765
extension-10868182/rgg_n_2_24_s0,extension-10868182,qhcn052,True,rgg_n_2_24_s0,b64_bf16,1,csr_index_read,34.2936515808,1035910,531.927108765
extension-10868182/rgg_n_2_24_s0,extension-10868182,qhcn052,True,rgg_n_2_24_s0,b64_bf16,1,csr_next_index_read,25.955915451,970359,531.927108765
extension-10868182/rgg_n_2_24_s0,extension-10868182,qhcn052,True,rgg_n_2_24_s0,b64_bf16,1,prefetch_issue,26.0398387909,970359,531.927108765
extension-10868182/rgg_n_2_24_s0,extension-10868182,qhcn052,True,rgg_n_2_24_s0,b64_bf16,1,source_feature_load,39.0861034393,1035910,531.927108765
extension-10868182/rgg_n_2_24_s0,extension-10868182,qhcn052,True,rgg_n_2_24_s0,b64_bf16,1,source_bf16_decode,26.9646644592,1035910,531.927108765
extension-10868182/rgg_n_2_24_s0,extension-10868182,qhcn052,True,rgg_n_2_24_s0,b64_bf16,1,feature_fp32_add,27.4229049683,1035910,531.927108765
extension-10868182/rgg_n_2_24_s0,extension-10868182,qhcn052,True,rgg_n_2_24_s0,b64_bf16,1,partial_state_load,0,0,531.927108765
extension-10868182/rgg_n_2_24_s0,extension-10868182,qhcn052,True,rgg_n_2_24_s0,b64_bf16,1,partial_state_store,1.90901756287,65552,531.927108765
extension-10868182/rgg_n_2_24_s0,extension-10868182,qhcn052,True,rgg_n_2_24_s0,b64_bf16,1,partial_hi_pack,14.4650936127,524416,531.927108765
extension-10868182/rgg_n_2_24_s0,extension-10868182,qhcn052,True,rgg_n_2_24_s0,b64_bf16,1,partial_lo_residual,0,0,531.927108765
extension-10868182/rgg_n_2_24_s0,extension-10868182,qhcn052,True,rgg_n_2_24_s0,b64_bf16,1,partial_lo_pack,0,0,531.927108765
extension-10868182/rgg_n_2_24_s0,extension-10868182,qhcn052,True,rgg_n_2_24_s0,b64_bf16,1,amx_a_load,1.00064277649,32776,531.927108765
extension-10868182/rgg_n_2_24_s0,extension-10868182,qhcn052,True,rgg_n_2_24_s0,b64_bf16,1,amx_b_load,3.62277030945,65552,531.927108765
extension-10868182/rgg_n_2_24_s0,extension-10868182,qhcn052,True,rgg_n_2_24_s0,b64_bf16,1,amx_tdp_compute,12.7949714661,65552,531.927108765
extension-10868182/rgg_n_2_24_s0,extension-10868182,qhcn052,True,rgg_n_2_24_s0,b64_bf16,1,amx_c_zero,0.208616256714,8194,531.927108765
extension-10868182/rgg_n_2_24_s0,extension-10868182,qhcn052,True,rgg_n_2_24_s0,b64_bf16,1,amx_c_load,0,0,531.927108765
extension-10868182/rgg_n_2_24_s0,extension-10868182,qhcn052,True,rgg_n_2_24_s0,b64_bf16,1,amx_c_store,0.430822372437,8194,531.927108765
extension-10868182/rgg_n_2_24_s0,extension-10868182,qhcn052,True,rgg_n_2_24_s0,b64_bf16,1,output_bf16_conversion,0,0,531.927108765
extension-10868182/rgg_n_2_24_s0,extension-10868182,qhcn052,True,rgg_n_2_24_s0,b64_bf16,1,output_store,2.38132476807,65552,531.927108765
extension-10868182/rgg_n_2_24_s0,extension-10868182,qhcn052,True,rgg_n_2_24_s0,b64_bf16,1,thread_permission,0.0114440917969,32,531.927108765
extension-10868182/rgg_n_2_24_s0,extension-10868182,qhcn052,True,rgg_n_2_24_s0,b64_bf16,1,thread_tile_config,0.00977516174316,32,531.927108765
extension-10868182/rgg_n_2_24_s0,extension-10868182,qhcn052,True,rgg_n_2_24_s0,b64_bf16,1,thread_tile_release,0.00190734863281,32,531.927108765
extension-10868182/rgg_n_2_24_s0,extension-10868182,qhcn052,True,rgg_n_2_24_s0,b64_bf16,1,row_metadata_read,1.21140480042,4097,531.927108765
extension-10868182/rgg_n_2_24_s0,extension-10868182,qhcn052,True,rgg_n_2_24_s0,b64_bf16,2,partial_init,0.761270523071,4097,497.431993484
extension-10868182/rgg_n_2_24_s0,extension-10868182,qhcn052,True,rgg_n_2_24_s0,b64_bf16,2,csr_index_read,34.3859195709,1035910,497.431993484
extension-10868182/rgg_n_2_24_s0,extension-10868182,qhcn052,True,rgg_n_2_24_s0,b64_bf16,2,csr_next_index_read,26.5295505524,970359,497.431993484
extension-10868182/rgg_n_2_24_s0,extension-10868182,qhcn052,True,rgg_n_2_24_s0,b64_bf16,2,prefetch_issue,26.3197422028,970359,497.431993484
extension-10868182/rgg_n_2_24_s0,extension-10868182,qhcn052,True,rgg_n_2_24_s0,b64_bf16,2,source_feature_load,38.0499362946,1035910,497.431993484
extension-10868182/rgg_n_2_24_s0,extension-10868182,qhcn052,True,rgg_n_2_24_s0,b64_bf16,2,source_bf16_decode,26.7157554626,1035910,497.431993484
extension-10868182/rgg_n_2_24_s0,extension-10868182,qhcn052,True,rgg_n_2_24_s0,b64_bf16,2,feature_fp32_add,27.3065567017,1035910,497.431993484
extension-10868182/rgg_n_2_24_s0,extension-10868182,qhcn052,True,rgg_n_2_24_s0,b64_bf16,2,partial_state_load,0,0,497.431993484
extension-10868182/rgg_n_2_24_s0,extension-10868182,qhcn052,True,rgg_n_2_24_s0,b64_bf16,2,partial_state_store,1.90043449402,65552,497.431993484
extension-10868182/rgg_n_2_24_s0,extension-10868182,qhcn052,True,rgg_n_2_24_s0,b64_bf16,2,partial_hi_pack,14.3496990204,524416,497.431993484
extension-10868182/rgg_n_2_24_s0,extension-10868182,qhcn052,True,rgg_n_2_24_s0,b64_bf16,2,partial_lo_residual,0,0,497.431993484
extension-10868182/rgg_n_2_24_s0,extension-10868182,qhcn052,True,rgg_n_2_24_s0,b64_bf16,2,partial_lo_pack,0,0,497.431993484
extension-10868182/rgg_n_2_24_s0,extension-10868182,qhcn052,True,rgg_n_2_24_s0,b64_bf16,2,amx_a_load,1.03259086609,32776,497.431993484
extension-10868182/rgg_n_2_24_s0,extension-10868182,qhcn052,True,rgg_n_2_24_s0,b64_bf16,2,amx_b_load,3.53407859802,65552,497.431993484
extension-10868182/rgg_n_2_24_s0,extension-10868182,qhcn052,True,rgg_n_2_24_s0,b64_bf16,2,amx_tdp_compute,12.7756595612,65552,497.431993484
extension-10868182/rgg_n_2_24_s0,extension-10868182,qhcn052,True,rgg_n_2_24_s0,b64_bf16,2,amx_c_zero,0.211477279663,8194,497.431993484
extension-10868182/rgg_n_2_24_s0,extension-10868182,qhcn052,True,rgg_n_2_24_s0,b64_bf16,2,amx_c_load,0,0,497.431993484
extension-10868182/rgg_n_2_24_s0,extension-10868182,qhcn052,True,rgg_n_2_24_s0,b64_bf16,2,amx_c_store,0.457048416138,8194,497.431993484
extension-10868182/rgg_n_2_24_s0,extension-10868182,qhcn052,True,rgg_n_2_24_s0,b64_bf16,2,output_bf16_conversion,1.88660621643,65552,497.431993484
extension-10868182/rgg_n_2_24_s0,extension-10868182,qhcn052,True,rgg_n_2_24_s0,b64_bf16,2,output_store,1.90162658691,65552,497.431993484
extension-10868182/rgg_n_2_24_s0,extension-10868182,qhcn052,True,rgg_n_2_24_s0,b64_bf16,2,thread_permission,0.0133514404297,32,497.431993484
extension-10868182/rgg_n_2_24_s0,extension-10868182,qhcn052,True,rgg_n_2_24_s0,b64_bf16,2,thread_tile_config,0.00715255737305,32,497.431993484
extension-10868182/rgg_n_2_24_s0,extension-10868182,qhcn052,True,rgg_n_2_24_s0,b64_bf16,2,thread_tile_release,0.00119209289551,32,497.431993484
extension-10868182/rgg_n_2_24_s0,extension-10868182,qhcn052,True,rgg_n_2_24_s0,b64_bf16,2,row_metadata_read,1.2366771698,4097,497.431993484
extension-10868182/rgg_n_2_24_s0,extension-10868182,qhcn052,True,rgg_n_2_24_s0,b64_fp32,1,partial_init,0.890970230103,4097,704.106092453
extension-10868182/rgg_n_2_24_s0,extension-10868182,qhcn052,True,rgg_n_2_24_s0,b64_fp32,1,csr_index_read,35.8607769012,1035910,704.106092453
extension-10868182/rgg_n_2_24_s0,extension-10868182,qhcn052,True,rgg_n_2_24_s0,b64_fp32,1,csr_next_index_read,27.3451805115,970359,704.106092453
extension-10868182/rgg_n_2_24_s0,extension-10868182,qhcn052,True,rgg_n_2_24_s0,b64_fp32,1,prefetch_issue,26.6535282135,970359,704.106092453
extension-10868182/rgg_n_2_24_s0,extension-10868182,qhcn052,True,rgg_n_2_24_s0,b64_fp32,1,source_feature_load,205.26599884,1035910,704.106092453
extension-10868182/rgg_n_2_24_s0,extension-10868182,qhcn052,True,rgg_n_2_24_s0,b64_fp32,1,source_bf16_decode,0,0,704.106092453
extension-10868182/rgg_n_2_24_s0,extension-10868182,qhcn052,True,rgg_n_2_24_s0,b64_fp32,1,feature_fp32_add,27.9505252838,1035910,704.106092453
extension-10868182/rgg_n_2_24_s0,extension-10868182,qhcn052,True,rgg_n_2_24_s0,b64_fp32,1,partial_state_load,0,0,704.106092453
extension-10868182/rgg_n_2_24_s0,extension-10868182,qhcn052,True,rgg_n_2_24_s0,b64_fp32,1,partial_state_store,1.97339057922,65552,704.106092453
extension-10868182/rgg_n_2_24_s0,extension-10868182,qhcn052,True,rgg_n_2_24_s0,b64_fp32,1,partial_hi_pack,14.716386795,524416,704.106092453
extension-10868182/rgg_n_2_24_s0,extension-10868182,qhcn052,True,rgg_n_2_24_s0,b64_fp32,1,partial_lo_residual,0,0,704.106092453
extension-10868182/rgg_n_2_24_s0,extension-10868182,qhcn052,True,rgg_n_2_24_s0,b64_fp32,1,partial_lo_pack,0,0,704.106092453
extension-10868182/rgg_n_2_24_s0,extension-10868182,qhcn052,True,rgg_n_2_24_s0,b64_fp32,1,amx_a_load,1.03735923767,32776,704.106092453
extension-10868182/rgg_n_2_24_s0,extension-10868182,qhcn052,True,rgg_n_2_24_s0,b64_fp32,1,amx_b_load,4.18949127197,65552,704.106092453
extension-10868182/rgg_n_2_24_s0,extension-10868182,qhcn052,True,rgg_n_2_24_s0,b64_fp32,1,amx_tdp_compute,11.8594169617,65552,704.106092453
extension-10868182/rgg_n_2_24_s0,extension-10868182,qhcn052,True,rgg_n_2_24_s0,b64_fp32,1,amx_c_zero,0.292301177979,8194,704.106092453
extension-10868182/rgg_n_2_24_s0,extension-10868182,qhcn052,True,rgg_n_2_24_s0,b64_fp32,1,amx_c_load,0,0,704.106092453
extension-10868182/rgg_n_2_24_s0,extension-10868182,qhcn052,True,rgg_n_2_24_s0,b64_fp32,1,amx_c_store,0.465631484985,8194,704.106092453
extension-10868182/rgg_n_2_24_s0,extension-10868182,qhcn052,True,rgg_n_2_24_s0,b64_fp32,1,output_bf16_conversion,0,0,704.106092453
extension-10868182/rgg_n_2_24_s0,extension-10868182,qhcn052,True,rgg_n_2_24_s0,b64_fp32,1,output_store,2.4790763855,65552,704.106092453
extension-10868182/rgg_n_2_24_s0,extension-10868182,qhcn052,True,rgg_n_2_24_s0,b64_fp32,1,thread_permission,0.0209808349609,32,704.106092453
extension-10868182/rgg_n_2_24_s0,extension-10868182,qhcn052,True,rgg_n_2_24_s0,b64_fp32,1,thread_tile_config,0.00381469726562,32,704.106092453
extension-10868182/rgg_n_2_24_s0,extension-10868182,qhcn052,True,rgg_n_2_24_s0,b64_fp32,1,thread_tile_release,0,32,704.106092453
extension-10868182/rgg_n_2_24_s0,extension-10868182,qhcn052,True,rgg_n_2_24_s0,b64_fp32,1,row_metadata_read,1.29008293152,4097,704.106092453
extension-10868182/rgg_n_2_24_s0,extension-10868182,qhcn052,True,rgg_n_2_24_s0,b64_fp32,2,partial_init,0.824451446533,4097,681.398153305
extension-10868182/rgg_n_2_24_s0,extension-10868182,qhcn052,True,rgg_n_2_24_s0,b64_fp32,2,csr_index_read,35.8419418335,1035910,681.398153305
extension-10868182/rgg_n_2_24_s0,extension-10868182,qhcn052,True,rgg_n_2_24_s0,b64_fp32,2,csr_next_index_read,26.9944667816,970359,681.398153305
extension-10868182/rgg_n_2_24_s0,extension-10868182,qhcn052,True,rgg_n_2_24_s0,b64_fp32,2,prefetch_issue,26.359796524,970359,681.398153305
extension-10868182/rgg_n_2_24_s0,extension-10868182,qhcn052,True,rgg_n_2_24_s0,b64_fp32,2,source_feature_load,198.661804199,1035910,681.398153305
extension-10868182/rgg_n_2_24_s0,extension-10868182,qhcn052,True,rgg_n_2_24_s0,b64_fp32,2,source_bf16_decode,0,0,681.398153305
extension-10868182/rgg_n_2_24_s0,extension-10868182,qhcn052,True,rgg_n_2_24_s0,b64_fp32,2,feature_fp32_add,27.7934074402,1035910,681.398153305
extension-10868182/rgg_n_2_24_s0,extension-10868182,qhcn052,True,rgg_n_2_24_s0,b64_fp32,2,partial_state_load,0,0,681.398153305
extension-10868182/rgg_n_2_24_s0,extension-10868182,qhcn052,True,rgg_n_2_24_s0,b64_fp32,2,partial_state_store,2.00295448303,65552,681.398153305
extension-10868182/rgg_n_2_24_s0,extension-10868182,qhcn052,True,rgg_n_2_24_s0,b64_fp32,2,partial_hi_pack,14.6887302399,524416,681.398153305
extension-10868182/rgg_n_2_24_s0,extension-10868182,qhcn052,True,rgg_n_2_24_s0,b64_fp32,2,partial_lo_residual,0,0,681.398153305
extension-10868182/rgg_n_2_24_s0,extension-10868182,qhcn052,True,rgg_n_2_24_s0,b64_fp32,2,partial_lo_pack,0,0,681.398153305
extension-10868182/rgg_n_2_24_s0,extension-10868182,qhcn052,True,rgg_n_2_24_s0,b64_fp32,2,amx_a_load,1.07645988464,32776,681.398153305
extension-10868182/rgg_n_2_24_s0,extension-10868182,qhcn052,True,rgg_n_2_24_s0,b64_fp32,2,amx_b_load,4.49919700623,65552,681.398153305
extension-10868182/rgg_n_2_24_s0,extension-10868182,qhcn052,True,rgg_n_2_24_s0,b64_fp32,2,amx_tdp_compute,12.7458572388,65552,681.398153305
extension-10868182/rgg_n_2_24_s0,extension-10868182,qhcn052,True,rgg_n_2_24_s0,b64_fp32,2,amx_c_zero,0.215291976929,8194,681.398153305
extension-10868182/rgg_n_2_24_s0,extension-10868182,qhcn052,True,rgg_n_2_24_s0,b64_fp32,2,amx_c_load,0,0,681.398153305
extension-10868182/rgg_n_2_24_s0,extension-10868182,qhcn052,True,rgg_n_2_24_s0,b64_fp32,2,amx_c_store,0.43249130249,8194,681.398153305
extension-10868182/rgg_n_2_24_s0,extension-10868182,qhcn052,True,rgg_n_2_24_s0,b64_fp32,2,output_bf16_conversion,2.06780433655,65552,681.398153305
extension-10868182/rgg_n_2_24_s0,extension-10868182,qhcn052,True,rgg_n_2_24_s0,b64_fp32,2,output_store,2.13885307312,65552,681.398153305
extension-10868182/rgg_n_2_24_s0,extension-10868182,qhcn052,True,rgg_n_2_24_s0,b64_fp32,2,thread_permission,0.0171661376953,32,681.398153305
extension-10868182/rgg_n_2_24_s0,extension-10868182,qhcn052,True,rgg_n_2_24_s0,b64_fp32,2,thread_tile_config,0.00786781311035,32,681.398153305
extension-10868182/rgg_n_2_24_s0,extension-10868182,qhcn052,True,rgg_n_2_24_s0,b64_fp32,2,thread_tile_release,0.00190734863281,32,681.398153305
extension-10868182/rgg_n_2_24_s0,extension-10868182,qhcn052,True,rgg_n_2_24_s0,b64_fp32,2,row_metadata_read,1.40762329102,4097,681.398153305
extension-10868182/rgg_n_2_24_s0,extension-10868182,qhcn052,True,rgg_n_2_24_s0,full_bf16,1,partial_init,0.882625579834,4097,528.057813644
extension-10868182/rgg_n_2_24_s0,extension-10868182,qhcn052,True,rgg_n_2_24_s0,full_bf16,1,csr_index_read,34.4960689545,1035910,528.057813644
extension-10868182/rgg_n_2_24_s0,extension-10868182,qhcn052,True,rgg_n_2_24_s0,full_bf16,1,csr_next_index_read,25.8538722992,970359,528.057813644
extension-10868182/rgg_n_2_24_s0,extension-10868182,qhcn052,True,rgg_n_2_24_s0,full_bf16,1,prefetch_issue,25.8622169495,970359,528.057813644
extension-10868182/rgg_n_2_24_s0,extension-10868182,qhcn052,True,rgg_n_2_24_s0,full_bf16,1,source_feature_load,37.9662513733,1035910,528.057813644
extension-10868182/rgg_n_2_24_s0,extension-10868182,qhcn052,True,rgg_n_2_24_s0,full_bf16,1,source_bf16_decode,26.8268585205,1035910,528.057813644
extension-10868182/rgg_n_2_24_s0,extension-10868182,qhcn052,True,rgg_n_2_24_s0,full_bf16,1,feature_fp32_add,27.4393558502,1035910,528.057813644
extension-10868182/rgg_n_2_24_s0,extension-10868182,qhcn052,True,rgg_n_2_24_s0,full_bf16,1,partial_state_load,0,0,528.057813644
extension-10868182/rgg_n_2_24_s0,extension-10868182,qhcn052,True,rgg_n_2_24_s0,full_bf16,1,partial_state_store,1.89256668091,65552,528.057813644
extension-10868182/rgg_n_2_24_s0,extension-10868182,qhcn052,True,rgg_n_2_24_s0,full_bf16,1,partial_hi_pack,14.4820213318,524416,528.057813644
extension-10868182/rgg_n_2_24_s0,extension-10868182,qhcn052,True,rgg_n_2_24_s0,full_bf16,1,partial_lo_residual,0,0,528.057813644
extension-10868182/rgg_n_2_24_s0,extension-10868182,qhcn052,True,rgg_n_2_24_s0,full_bf16,1,partial_lo_pack,0,0,528.057813644
extension-10868182/rgg_n_2_24_s0,extension-10868182,qhcn052,True,rgg_n_2_24_s0,full_bf16,1,amx_a_load,1.03616714478,32776,528.057813644
extension-10868182/rgg_n_2_24_s0,extension-10868182,qhcn052,True,rgg_n_2_24_s0,full_bf16,1,amx_b_load,3.56960296631,65552,528.057813644
extension-10868182/rgg_n_2_24_s0,extension-10868182,qhcn052,True,rgg_n_2_24_s0,full_bf16,1,amx_tdp_compute,12.8502845764,65552,528.057813644
extension-10868182/rgg_n_2_24_s0,extension-10868182,qhcn052,True,rgg_n_2_24_s0,full_bf16,1,amx_c_zero,0.208616256714,8194,528.057813644
extension-10868182/rgg_n_2_24_s0,extension-10868182,qhcn052,True,rgg_n_2_24_s0,full_bf16,1,amx_c_load,0,0,528.057813644
extension-10868182/rgg_n_2_24_s0,extension-10868182,qhcn052,True,rgg_n_2_24_s0,full_bf16,1,amx_c_store,0.451326370239,8194,528.057813644
extension-10868182/rgg_n_2_24_s0,extension-10868182,qhcn052,True,rgg_n_2_24_s0,full_bf16,1,output_bf16_conversion,0,0,528.057813644
extension-10868182/rgg_n_2_24_s0,extension-10868182,qhcn052,True,rgg_n_2_24_s0,full_bf16,1,output_store,2.33173370361,65552,528.057813644
extension-10868182/rgg_n_2_24_s0,extension-10868182,qhcn052,True,rgg_n_2_24_s0,full_bf16,1,thread_permission,0.0245571136475,32,528.057813644
extension-10868182/rgg_n_2_24_s0,extension-10868182,qhcn052,True,rgg_n_2_24_s0,full_bf16,1,thread_tile_config,0.00309944152832,32,528.057813644
extension-10868182/rgg_n_2_24_s0,extension-10868182,qhcn052,True,rgg_n_2_24_s0,full_bf16,1,thread_tile_release,0,32,528.057813644
extension-10868182/rgg_n_2_24_s0,extension-10868182,qhcn052,True,rgg_n_2_24_s0,full_bf16,1,row_metadata_read,1.22332572937,4097,528.057813644
extension-10868182/rgg_n_2_24_s0,extension-10868182,qhcn052,True,rgg_n_2_24_s0,full_bf16,2,partial_init,0.757455825806,4097,497.535943985
extension-10868182/rgg_n_2_24_s0,extension-10868182,qhcn052,True,rgg_n_2_24_s0,full_bf16,2,csr_index_read,34.1281890869,1035910,497.535943985
extension-10868182/rgg_n_2_24_s0,extension-10868182,qhcn052,True,rgg_n_2_24_s0,full_bf16,2,csr_next_index_read,26.5114307404,970359,497.535943985
extension-10868182/rgg_n_2_24_s0,extension-10868182,qhcn052,True,rgg_n_2_24_s0,full_bf16,2,prefetch_issue,25.9535312653,970359,497.535943985
extension-10868182/rgg_n_2_24_s0,extension-10868182,qhcn052,True,rgg_n_2_24_s0,full_bf16,2,source_feature_load,37.9154682159,1035910,497.535943985
extension-10868182/rgg_n_2_24_s0,extension-10868182,qhcn052,True,rgg_n_2_24_s0,full_bf16,2,source_bf16_decode,26.8561840057,1035910,497.535943985
extension-10868182/rgg_n_2_24_s0,extension-10868182,qhcn052,True,rgg_n_2_24_s0,full_bf16,2,feature_fp32_add,27.1043777466,1035910,497.535943985
extension-10868182/rgg_n_2_24_s0,extension-10868182,qhcn052,True,rgg_n_2_24_s0,full_bf16,2,partial_state_load,0,0,497.535943985
extension-10868182/rgg_n_2_24_s0,extension-10868182,qhcn052,True,rgg_n_2_24_s0,full_bf16,2,partial_state_store,1.9063949585,65552,497.535943985
extension-10868182/rgg_n_2_24_s0,extension-10868182,qhcn052,True,rgg_n_2_24_s0,full_bf16,2,partial_hi_pack,14.4102573395,524416,497.535943985
extension-10868182/rgg_n_2_24_s0,extension-10868182,qhcn052,True,rgg_n_2_24_s0,full_bf16,2,partial_lo_residual,0,0,497.535943985
extension-10868182/rgg_n_2_24_s0,extension-10868182,qhcn052,True,rgg_n_2_24_s0,full_bf16,2,partial_lo_pack,0,0,497.535943985
extension-10868182/rgg_n_2_24_s0,extension-10868182,qhcn052,True,rgg_n_2_24_s0,full_bf16,2,amx_a_load,0.994920730591,32776,497.535943985
extension-10868182/rgg_n_2_24_s0,extension-10868182,qhcn052,True,rgg_n_2_24_s0,full_bf16,2,amx_b_load,3.63183021545,65552,497.535943985
extension-10868182/rgg_n_2_24_s0,extension-10868182,qhcn052,True,rgg_n_2_24_s0,full_bf16,2,amx_tdp_compute,12.8293037415,65552,497.535943985
extension-10868182/rgg_n_2_24_s0,extension-10868182,qhcn052,True,rgg_n_2_24_s0,full_bf16,2,amx_c_zero,0.241279602051,8194,497.535943985
extension-10868182/rgg_n_2_24_s0,extension-10868182,qhcn052,True,rgg_n_2_24_s0,full_bf16,2,amx_c_load,0,0,497.535943985
extension-10868182/rgg_n_2_24_s0,extension-10868182,qhcn052,True,rgg_n_2_24_s0,full_bf16,2,amx_c_store,0.450611114502,8194,497.535943985
extension-10868182/rgg_n_2_24_s0,extension-10868182,qhcn052,True,rgg_n_2_24_s0,full_bf16,2,output_bf16_conversion,1.9474029541,65552,497.535943985
extension-10868182/rgg_n_2_24_s0,extension-10868182,qhcn052,True,rgg_n_2_24_s0,full_bf16,2,output_store,1.97219848633,65552,497.535943985
extension-10868182/rgg_n_2_24_s0,extension-10868182,qhcn052,True,rgg_n_2_24_s0,full_bf16,2,thread_permission,0.0219345092773,32,497.535943985
extension-10868182/rgg_n_2_24_s0,extension-10868182,qhcn052,True,rgg_n_2_24_s0,full_bf16,2,thread_tile_config,0.00715255737305,32,497.535943985
extension-10868182/rgg_n_2_24_s0,extension-10868182,qhcn052,True,rgg_n_2_24_s0,full_bf16,2,thread_tile_release,0,32,497.535943985
extension-10868182/rgg_n_2_24_s0,extension-10868182,qhcn052,True,rgg_n_2_24_s0,full_bf16,2,row_metadata_read,1.2195110321,4097,497.535943985
extension-10868182/rgg_n_2_24_s0,extension-10868182,qhcn052,True,rgg_n_2_24_s0,full_fp32,1,partial_init,0.844717025757,4097,703.796863556
extension-10868182/rgg_n_2_24_s0,extension-10868182,qhcn052,True,rgg_n_2_24_s0,full_fp32,1,csr_index_read,36.0703468323,1035910,703.796863556
extension-10868182/rgg_n_2_24_s0,extension-10868182,qhcn052,True,rgg_n_2_24_s0,full_fp32,1,csr_next_index_read,27.3289680481,970359,703.796863556
extension-10868182/rgg_n_2_24_s0,extension-10868182,qhcn052,True,rgg_n_2_24_s0,full_fp32,1,prefetch_issue,26.3960361481,970359,703.796863556
extension-10868182/rgg_n_2_24_s0,extension-10868182,qhcn052,True,rgg_n_2_24_s0,full_fp32,1,source_feature_load,205.186843872,1035910,703.796863556
extension-10868182/rgg_n_2_24_s0,extension-10868182,qhcn052,True,rgg_n_2_24_s0,full_fp32,1,source_bf16_decode,0,0,703.796863556
extension-10868182/rgg_n_2_24_s0,extension-10868182,qhcn052,True,rgg_n_2_24_s0,full_fp32,1,feature_fp32_add,28.2695293427,1035910,703.796863556
extension-10868182/rgg_n_2_24_s0,extension-10868182,qhcn052,True,rgg_n_2_24_s0,full_fp32,1,partial_state_load,0,0,703.796863556
extension-10868182/rgg_n_2_24_s0,extension-10868182,qhcn052,True,rgg_n_2_24_s0,full_fp32,1,partial_state_store,1.9371509552,65552,703.796863556
extension-10868182/rgg_n_2_24_s0,extension-10868182,qhcn052,True,rgg_n_2_24_s0,full_fp32,1,partial_hi_pack,14.6751403809,524416,703.796863556
extension-10868182/rgg_n_2_24_s0,extension-10868182,qhcn052,True,rgg_n_2_24_s0,full_fp32,1,partial_lo_residual,0,0,703.796863556
extension-10868182/rgg_n_2_24_s0,extension-10868182,qhcn052,True,rgg_n_2_24_s0,full_fp32,1,partial_lo_pack,0,0,703.796863556
extension-10868182/rgg_n_2_24_s0,extension-10868182,qhcn052,True,rgg_n_2_24_s0,full_fp32,1,amx_a_load,0.980854034424,32776,703.796863556
extension-10868182/rgg_n_2_24_s0,extension-10868182,qhcn052,True,rgg_n_2_24_s0,full_fp32,1,amx_b_load,4.09722328186,65552,703.796863556
extension-10868182/rgg_n_2_24_s0,extension-10868182,qhcn052,True,rgg_n_2_24_s0,full_fp32,1,amx_tdp_compute,11.8672847748,65552,703.796863556
extension-10868182/rgg_n_2_24_s0,extension-10868182,qhcn052,True,rgg_n_2_24_s0,full_fp32,1,amx_c_zero,0.307321548462,8194,703.796863556
extension-10868182/rgg_n_2_24_s0,extension-10868182,qhcn052,True,rgg_n_2_24_s0,full_fp32,1,amx_c_load,0,0,703.796863556
extension-10868182/rgg_n_2_24_s0,extension-10868182,qhcn052,True,rgg_n_2_24_s0,full_fp32,1,amx_c_store,0.477075576782,8194,703.796863556
extension-10868182/rgg_n_2_24_s0,extension-10868182,qhcn052,True,rgg_n_2_24_s0,full_fp32,1,output_bf16_conversion,0,0,703.796863556
extension-10868182/rgg_n_2_24_s0,extension-10868182,qhcn052,True,rgg_n_2_24_s0,full_fp32,1,output_store,2.48193740845,65552,703.796863556
extension-10868182/rgg_n_2_24_s0,extension-10868182,qhcn052,True,rgg_n_2_24_s0,full_fp32,1,thread_permission,0.016450881958,32,703.796863556
extension-10868182/rgg_n_2_24_s0,extension-10868182,qhcn052,True,rgg_n_2_24_s0,full_fp32,1,thread_tile_config,0.00572204589844,32,703.796863556
extension-10868182/rgg_n_2_24_s0,extension-10868182,qhcn052,True,rgg_n_2_24_s0,full_fp32,1,thread_tile_release,0,32,703.796863556
extension-10868182/rgg_n_2_24_s0,extension-10868182,qhcn052,True,rgg_n_2_24_s0,full_fp32,1,row_metadata_read,1.33609771729,4097,703.796863556
extension-10868182/rgg_n_2_24_s0,extension-10868182,qhcn052,True,rgg_n_2_24_s0,full_fp32,2,partial_init,0.784873962402,4097,680.72104454
extension-10868182/rgg_n_2_24_s0,extension-10868182,qhcn052,True,rgg_n_2_24_s0,full_fp32,2,csr_index_read,35.8910560608,1035910,680.72104454
extension-10868182/rgg_n_2_24_s0,extension-10868182,qhcn052,True,rgg_n_2_24_s0,full_fp32,2,csr_next_index_read,27.1482467651,970359,680.72104454
extension-10868182/rgg_n_2_24_s0,extension-10868182,qhcn052,True,rgg_n_2_24_s0,full_fp32,2,prefetch_issue,25.9935855865,970359,680.72104454
extension-10868182/rgg_n_2_24_s0,extension-10868182,qhcn052,True,rgg_n_2_24_s0,full_fp32,2,source_feature_load,198.993682861,1035910,680.72104454
extension-10868182/rgg_n_2_24_s0,extension-10868182,qhcn052,True,rgg_n_2_24_s0,full_fp32,2,source_bf16_decode,0,0,680.72104454
extension-10868182/rgg_n_2_24_s0,extension-10868182,qhcn052,True,rgg_n_2_24_s0,full_fp32,2,feature_fp32_add,27.9998779297,1035910,680.72104454
extension-10868182/rgg_n_2_24_s0,extension-10868182,qhcn052,True,rgg_n_2_24_s0,full_fp32,2,partial_state_load,0,0,680.72104454
extension-10868182/rgg_n_2_24_s0,extension-10868182,qhcn052,True,rgg_n_2_24_s0,full_fp32,2,partial_state_store,1.78074836731,65552,680.72104454
extension-10868182/rgg_n_2_24_s0,extension-10868182,qhcn052,True,rgg_n_2_24_s0,full_fp32,2,partial_hi_pack,14.5974159241,524416,680.72104454
extension-10868182/rgg_n_2_24_s0,extension-10868182,qhcn052,True,rgg_n_2_24_s0,full_fp32,2,partial_lo_residual,0,0,680.72104454
extension-10868182/rgg_n_2_24_s0,extension-10868182,qhcn052,True,rgg_n_2_24_s0,full_fp32,2,partial_lo_pack,0,0,680.72104454
extension-10868182/rgg_n_2_24_s0,extension-10868182,qhcn052,True,rgg_n_2_24_s0,full_fp32,2,amx_a_load,1.08957290649,32776,680.72104454
extension-10868182/rgg_n_2_24_s0,extension-10868182,qhcn052,True,rgg_n_2_24_s0,full_fp32,2,amx_b_load,4.62484359741,65552,680.72104454
extension-10868182/rgg_n_2_24_s0,extension-10868182,qhcn052,True,rgg_n_2_24_s0,full_fp32,2,amx_tdp_compute,12.690782547,65552,680.72104454
extension-10868182/rgg_n_2_24_s0,extension-10868182,qhcn052,True,rgg_n_2_24_s0,full_fp32,2,amx_c_zero,0.215768814087,8194,680.72104454
extension-10868182/rgg_n_2_24_s0,extension-10868182,qhcn052,True,rgg_n_2_24_s0,full_fp32,2,amx_c_load,0,0,680.72104454
extension-10868182/rgg_n_2_24_s0,extension-10868182,qhcn052,True,rgg_n_2_24_s0,full_fp32,2,amx_c_store,0.416994094849,8194,680.72104454
extension-10868182/rgg_n_2_24_s0,extension-10868182,qhcn052,True,rgg_n_2_24_s0,full_fp32,2,output_bf16_conversion,2.01511383057,65552,680.72104454
extension-10868182/rgg_n_2_24_s0,extension-10868182,qhcn052,True,rgg_n_2_24_s0,full_fp32,2,output_store,2.07209587097,65552,680.72104454
extension-10868182/rgg_n_2_24_s0,extension-10868182,qhcn052,True,rgg_n_2_24_s0,full_fp32,2,thread_permission,0.0193119049072,32,680.72104454
extension-10868182/rgg_n_2_24_s0,extension-10868182,qhcn052,True,rgg_n_2_24_s0,full_fp32,2,thread_tile_config,0.00667572021484,32,680.72104454
extension-10868182/rgg_n_2_24_s0,extension-10868182,qhcn052,True,rgg_n_2_24_s0,full_fp32,2,thread_tile_release,0.000953674316406,32,680.72104454
extension-10868182/rgg_n_2_24_s0,extension-10868182,qhcn052,True,rgg_n_2_24_s0,full_fp32,2,row_metadata_read,1.41477584839,4097,680.72104454
extension-10868182/soc-LiveJournal1,extension-10868182,qhcn052,True,soc-LiveJournal1,b64_bf16,1,partial_init,0.272750854492,1449,160.109996796
extension-10868182/soc-LiveJournal1,extension-10868182,qhcn052,True,soc-LiveJournal1,b64_bf16,1,csr_index_read,10.3018283844,317244,160.109996796
extension-10868182/soc-LiveJournal1,extension-10868182,qhcn052,True,soc-LiveJournal1,b64_bf16,1,csr_next_index_read,7.9779624939,298389,160.109996796
extension-10868182/soc-LiveJournal1,extension-10868182,qhcn052,True,soc-LiveJournal1,b64_bf16,1,prefetch_issue,8.22138786316,298389,160.109996796
extension-10868182/soc-LiveJournal1,extension-10868182,qhcn052,True,soc-LiveJournal1,b64_bf16,1,source_feature_load,11.3945007324,317244,160.109996796
extension-10868182/soc-LiveJournal1,extension-10868182,qhcn052,True,soc-LiveJournal1,b64_bf16,1,source_bf16_decode,8.38041305542,317244,160.109996796
extension-10868182/soc-LiveJournal1,extension-10868182,qhcn052,True,soc-LiveJournal1,b64_bf16,1,feature_fp32_add,8.4969997406,317244,160.109996796
extension-10868182/soc-LiveJournal1,extension-10868182,qhcn052,True,soc-LiveJournal1,b64_bf16,1,partial_state_load,0,0,160.109996796
extension-10868182/soc-LiveJournal1,extension-10868182,qhcn052,True,soc-LiveJournal1,b64_bf16,1,partial_state_store,0.599384307861,19050,160.109996796
extension-10868182/soc-LiveJournal1,extension-10868182,qhcn052,True,soc-LiveJournal1,b64_bf16,1,partial_hi_pack,5.28073310852,185472,160.109996796
extension-10868182/soc-LiveJournal1,extension-10868182,qhcn052,True,soc-LiveJournal1,b64_bf16,1,partial_lo_residual,0,0,160.109996796
extension-10868182/soc-LiveJournal1,extension-10868182,qhcn052,True,soc-LiveJournal1,b64_bf16,1,partial_lo_pack,0,0,160.109996796
extension-10868182/soc-LiveJournal1,extension-10868182,qhcn052,True,soc-LiveJournal1,b64_bf16,1,amx_a_load,0.364542007446,11592,160.109996796
extension-10868182/soc-LiveJournal1,extension-10868182,qhcn052,True,soc-LiveJournal1,b64_bf16,1,amx_b_load,1.34634971619,23184,160.109996796
extension-10868182/soc-LiveJournal1,extension-10868182,qhcn052,True,soc-LiveJournal1,b64_bf16,1,amx_tdp_compute,4.05621528625,23184,160.109996796
extension-10868182/soc-LiveJournal1,extension-10868182,qhcn052,True,soc-LiveJournal1,b64_bf16,1,amx_c_zero,0.058650970459,2106,160.109996796
extension-10868182/soc-LiveJournal1,extension-10868182,qhcn052,True,soc-LiveJournal1,b64_bf16,1,amx_c_load,0.0417232513428,792,160.109996796
extension-10868182/soc-LiveJournal1,extension-10868182,qhcn052,True,soc-LiveJournal1,b64_bf16,1,amx_c_store,0.135660171509,2898,160.109996796
extension-10868182/soc-LiveJournal1,extension-10868182,qhcn052,True,soc-LiveJournal1,b64_bf16,1,output_bf16_conversion,0,0,160.109996796
extension-10868182/soc-LiveJournal1,extension-10868182,qhcn052,True,soc-LiveJournal1,b64_bf16,1,output_store,0.754833221436,16967,160.109996796
extension-10868182/soc-LiveJournal1,extension-10868182,qhcn052,True,soc-LiveJournal1,b64_bf16,1,thread_permission,0.0147819519043,32,160.109996796
extension-10868182/soc-LiveJournal1,extension-10868182,qhcn052,True,soc-LiveJournal1,b64_bf16,1,thread_tile_config,0.00715255737305,32,160.109996796
extension-10868182/soc-LiveJournal1,extension-10868182,qhcn052,True,soc-LiveJournal1,b64_bf16,1,thread_tile_release,0.00190734863281,32,160.109996796
extension-10868182/soc-LiveJournal1,extension-10868182,qhcn052,True,soc-LiveJournal1,b64_bf16,1,row_metadata_read,0.34236907959,1185,160.109996796
extension-10868182/soc-LiveJournal1,extension-10868182,qhcn052,True,soc-LiveJournal1,b64_bf16,2,partial_init,0.253915786743,1449,154.042005539
extension-10868182/soc-LiveJournal1,extension-10868182,qhcn052,True,soc-LiveJournal1,b64_bf16,2,csr_index_read,10.38646698,317244,154.042005539
extension-10868182/soc-LiveJournal1,extension-10868182,qhcn052,True,soc-LiveJournal1,b64_bf16,2,csr_next_index_read,8.02874565125,298389,154.042005539
extension-10868182/soc-LiveJournal1,extension-10868182,qhcn052,True,soc-LiveJournal1,b64_bf16,2,prefetch_issue,8.17227363586,298389,154.042005539
extension-10868182/soc-LiveJournal1,extension-10868182,qhcn052,True,soc-LiveJournal1,b64_bf16,2,source_feature_load,11.2369060516,317244,154.042005539
extension-10868182/soc-LiveJournal1,extension-10868182,qhcn052,True,soc-LiveJournal1,b64_bf16,2,source_bf16_decode,8.56471061707,317244,154.042005539
extension-10868182/soc-LiveJournal1,extension-10868182,qhcn052,True,soc-LiveJournal1,b64_bf16,2,feature_fp32_add,8.45837593079,317244,154.042005539
extension-10868182/soc-LiveJournal1,extension-10868182,qhcn052,True,soc-LiveJournal1,b64_bf16,2,partial_state_load,0,0,154.042005539
extension-10868182/soc-LiveJournal1,extension-10868182,qhcn052,True,soc-LiveJournal1,b64_bf16,2,partial_state_store,0.590801239014,19050,154.042005539
extension-10868182/soc-LiveJournal1,extension-10868182,qhcn052,True,soc-LiveJournal1,b64_bf16,2,partial_hi_pack,5.32722473145,185472,154.042005539
extension-10868182/soc-LiveJournal1,extension-10868182,qhcn052,True,soc-LiveJournal1,b64_bf16,2,partial_lo_residual,0,0,154.042005539
extension-10868182/soc-LiveJournal1,extension-10868182,qhcn052,True,soc-LiveJournal1,b64_bf16,2,partial_lo_pack,0,0,154.042005539
extension-10868182/soc-LiveJournal1,extension-10868182,qhcn052,True,soc-LiveJournal1,b64_bf16,2,amx_a_load,0.380754470825,11592,154.042005539
extension-10868182/soc-LiveJournal1,extension-10868182,qhcn052,True,soc-LiveJournal1,b64_bf16,2,amx_b_load,1.32060050964,23184,154.042005539
extension-10868182/soc-LiveJournal1,extension-10868182,qhcn052,True,soc-LiveJournal1,b64_bf16,2,amx_tdp_compute,3.94868850708,23184,154.042005539
extension-10868182/soc-LiveJournal1,extension-10868182,qhcn052,True,soc-LiveJournal1,b64_bf16,2,amx_c_zero,0.0503063201904,2106,154.042005539
extension-10868182/soc-LiveJournal1,extension-10868182,qhcn052,True,soc-LiveJournal1,b64_bf16,2,amx_c_load,0.0584125518799,792,154.042005539
extension-10868182/soc-LiveJournal1,extension-10868182,qhcn052,True,soc-LiveJournal1,b64_bf16,2,amx_c_store,0.162601470947,2898,154.042005539
extension-10868182/soc-LiveJournal1,extension-10868182,qhcn052,True,soc-LiveJournal1,b64_bf16,2,output_bf16_conversion,0.50687789917,16835,154.042005539
extension-10868182/soc-LiveJournal1,extension-10868182,qhcn052,True,soc-LiveJournal1,b64_bf16,2,output_store,0.550270080566,16967,154.042005539
extension-10868182/soc-LiveJournal1,extension-10868182,qhcn052,True,soc-LiveJournal1,b64_bf16,2,thread_permission,0.00929832458496,32,154.042005539
extension-10868182/soc-LiveJournal1,extension-10868182,qhcn052,True,soc-LiveJournal1,b64_bf16,2,thread_tile_config,0.00905990600586,32,154.042005539
extension-10868182/soc-LiveJournal1,extension-10868182,qhcn052,True,soc-LiveJournal1,b64_bf16,2,thread_tile_release,0.000953674316406,32,154.042005539
extension-10868182/soc-LiveJournal1,extension-10868182,qhcn052,True,soc-LiveJournal1,b64_bf16,2,row_metadata_read,0.345468521118,1185,154.042005539
extension-10868182/soc-LiveJournal1,extension-10868182,qhcn052,True,soc-LiveJournal1,b64_fp32,1,partial_init,0.316143035889,1449,293.225049973
extension-10868182/soc-LiveJournal1,extension-10868182,qhcn052,True,soc-LiveJournal1,b64_fp32,1,csr_index_read,10.5447769165,317244,293.225049973
extension-10868182/soc-LiveJournal1,extension-10868182,qhcn052,True,soc-LiveJournal1,b64_fp32,1,csr_next_index_read,8.24284553528,298389,293.225049973
extension-10868182/soc-LiveJournal1,extension-10868182,qhcn052,True,soc-LiveJournal1,b64_fp32,1,prefetch_issue,8.46290588379,298389,293.225049973
extension-10868182/soc-LiveJournal1,extension-10868182,qhcn052,True,soc-LiveJournal1,b64_fp32,1,source_feature_load,71.8431472778,317244,293.225049973
extension-10868182/soc-LiveJournal1,extension-10868182,qhcn052,True,soc-LiveJournal1,b64_fp32,1,source_bf16_decode,0,0,293.225049973
extension-10868182/soc-LiveJournal1,extension-10868182,qhcn052,True,soc-LiveJournal1,b64_fp32,1,feature_fp32_add,8.50105285645,317244,293.225049973
extension-10868182/soc-LiveJournal1,extension-10868182,qhcn052,True,soc-LiveJournal1,b64_fp32,1,partial_state_load,0,0,293.225049973
extension-10868182/soc-LiveJournal1,extension-10868182,qhcn052,True,soc-LiveJournal1,b64_fp32,1,partial_state_store,0.611782073975,19050,293.225049973
extension-10868182/soc-LiveJournal1,extension-10868182,qhcn052,True,soc-LiveJournal1,b64_fp32,1,partial_hi_pack,5.34796714783,185472,293.225049973
extension-10868182/soc-LiveJournal1,extension-10868182,qhcn052,True,soc-LiveJournal1,b64_fp32,1,partial_lo_residual,0,0,293.225049973
extension-10868182/soc-LiveJournal1,extension-10868182,qhcn052,True,soc-LiveJournal1,b64_fp32,1,partial_lo_pack,0,0,293.225049973
extension-10868182/soc-LiveJournal1,extension-10868182,qhcn052,True,soc-LiveJournal1,b64_fp32,1,amx_a_load,0.398874282837,11592,293.225049973
extension-10868182/soc-LiveJournal1,extension-10868182,qhcn052,True,soc-LiveJournal1,b64_fp32,1,amx_b_load,2.21228599548,23184,293.225049973
extension-10868182/soc-LiveJournal1,extension-10868182,qhcn052,True,soc-LiveJournal1,b64_fp32,1,amx_tdp_compute,4.52923774719,23184,293.225049973
extension-10868182/soc-LiveJournal1,extension-10868182,qhcn052,True,soc-LiveJournal1,b64_fp32,1,amx_c_zero,0.0565052032471,2106,293.225049973
extension-10868182/soc-LiveJournal1,extension-10868182,qhcn052,True,soc-LiveJournal1,b64_fp32,1,amx_c_load,0.0667572021484,792,293.225049973
extension-10868182/soc-LiveJournal1,extension-10868182,qhcn052,True,soc-LiveJournal1,b64_fp32,1,amx_c_store,0.14328956604,2898,293.225049973
extension-10868182/soc-LiveJournal1,extension-10868182,qhcn052,True,soc-LiveJournal1,b64_fp32,1,output_bf16_conversion,0,0,293.225049973
extension-10868182/soc-LiveJournal1,extension-10868182,qhcn052,True,soc-LiveJournal1,b64_fp32,1,output_store,0.867128372192,16967,293.225049973
extension-10868182/soc-LiveJournal1,extension-10868182,qhcn052,True,soc-LiveJournal1,b64_fp32,1,thread_permission,0.0133514404297,32,293.225049973
extension-10868182/soc-LiveJournal1,extension-10868182,qhcn052,True,soc-LiveJournal1,b64_fp32,1,thread_tile_config,0.0104904174805,32,293.225049973
extension-10868182/soc-LiveJournal1,extension-10868182,qhcn052,True,soc-LiveJournal1,b64_fp32,1,thread_tile_release,0.000953674316406,32,293.225049973
extension-10868182/soc-LiveJournal1,extension-10868182,qhcn052,True,soc-LiveJournal1,b64_fp32,1,row_metadata_read,0.447750091553,1185,293.225049973
extension-10868182/soc-LiveJournal1,extension-10868182,qhcn052,True,soc-LiveJournal1,b64_fp32,2,partial_init,0.269889831543,1449,192.039012909
extension-10868182/soc-LiveJournal1,extension-10868182,qhcn052,True,soc-LiveJournal1,b64_fp32,2,csr_index_read,10.1957321167,317244,192.039012909
extension-10868182/soc-LiveJournal1,extension-10868182,qhcn052,True,soc-LiveJournal1,b64_fp32,2,csr_next_index_read,8.21447372437,298389,192.039012909
extension-10868182/soc-LiveJournal1,extension-10868182,qhcn052,True,soc-LiveJournal1,b64_fp32,2,prefetch_issue,8.09860229492,298389,192.039012909
extension-10868182/soc-LiveJournal1,extension-10868182,qhcn052,True,soc-LiveJournal1,b64_fp32,2,source_feature_load,46.4179515839,317244,192.039012909
extension-10868182/soc-LiveJournal1,extension-10868182,qhcn052,True,soc-LiveJournal1,b64_fp32,2,source_bf16_decode,0,0,192.039012909
extension-10868182/soc-LiveJournal1,extension-10868182,qhcn052,True,soc-LiveJournal1,b64_fp32,2,feature_fp32_add,8.58092308044,317244,192.039012909
extension-10868182/soc-LiveJournal1,extension-10868182,qhcn052,True,soc-LiveJournal1,b64_fp32,2,partial_state_load,0,0,192.039012909
extension-10868182/soc-LiveJournal1,extension-10868182,qhcn052,True,soc-LiveJournal1,b64_fp32,2,partial_state_store,0.634908676147,19050,192.039012909
extension-10868182/soc-LiveJournal1,extension-10868182,qhcn052,True,soc-LiveJournal1,b64_fp32,2,partial_hi_pack,5.20610809326,185472,192.039012909
extension-10868182/soc-LiveJournal1,extension-10868182,qhcn052,True,soc-LiveJournal1,b64_fp32,2,partial_lo_residual,0,0,192.039012909
extension-10868182/soc-LiveJournal1,extension-10868182,qhcn052,True,soc-LiveJournal1,b64_fp32,2,partial_lo_pack,0,0,192.039012909
extension-10868182/soc-LiveJournal1,extension-10868182,qhcn052,True,soc-LiveJournal1,b64_fp32,2,amx_a_load,0.329494476318,11592,192.039012909
extension-10868182/soc-LiveJournal1,extension-10868182,qhcn052,True,soc-LiveJournal1,b64_fp32,2,amx_b_load,1.05857849121,23184,192.039012909
extension-10868182/soc-LiveJournal1,extension-10868182,qhcn052,True,soc-LiveJournal1,b64_fp32,2,amx_tdp_compute,4.11438941956,23184,192.039012909
extension-10868182/soc-LiveJournal1,extension-10868182,qhcn052,True,soc-LiveJournal1,b64_fp32,2,amx_c_zero,0.0579357147217,2106,192.039012909
extension-10868182/soc-LiveJournal1,extension-10868182,qhcn052,True,soc-LiveJournal1,b64_fp32,2,amx_c_load,0.0386238098145,792,192.039012909
extension-10868182/soc-LiveJournal1,extension-10868182,qhcn052,True,soc-LiveJournal1,b64_fp32,2,amx_c_store,0.153779983521,2898,192.039012909
extension-10868182/soc-LiveJournal1,extension-10868182,qhcn052,True,soc-LiveJournal1,b64_fp32,2,output_bf16_conversion,0.492572784424,16835,192.039012909
extension-10868182/soc-LiveJournal1,extension-10868182,qhcn052,True,soc-LiveJournal1,b64_fp32,2,output_store,0.538110733032,16967,192.039012909
extension-10868182/soc-LiveJournal1,extension-10868182,qhcn052,True,soc-LiveJournal1,b64_fp32,2,thread_permission,0.0221729278564,32,192.039012909
extension-10868182/soc-LiveJournal1,extension-10868182,qhcn052,True,soc-LiveJournal1,b64_fp32,2,thread_tile_config,0.00953674316406,32,192.039012909
extension-10868182/soc-LiveJournal1,extension-10868182,qhcn052,True,soc-LiveJournal1,b64_fp32,2,thread_tile_release,0,32,192.039012909
extension-10868182/soc-LiveJournal1,extension-10868182,qhcn052,True,soc-LiveJournal1,b64_fp32,2,row_metadata_read,0.336170196533,1185,192.039012909
extension-10868182/soc-LiveJournal1,extension-10868182,qhcn052,True,soc-LiveJournal1,full_bf16,1,partial_init,0.23889541626,1053,150.856971741
extension-10868182/soc-LiveJournal1,extension-10868182,qhcn052,True,soc-LiveJournal1,full_bf16,1,csr_index_read,9.95993614197,317244,150.856971741
extension-10868182/soc-LiveJournal1,extension-10868182,qhcn052,True,soc-LiveJournal1,full_bf16,1,csr_next_index_read,8.26406478882,300409,150.856971741
extension-10868182/soc-LiveJournal1,extension-10868182,qhcn052,True,soc-LiveJournal1,full_bf16,1,prefetch_issue,8.09860229492,300409,150.856971741
extension-10868182/soc-LiveJournal1,extension-10868182,qhcn052,True,soc-LiveJournal1,full_bf16,1,source_feature_load,11.0807418823,317244,150.856971741
extension-10868182/soc-LiveJournal1,extension-10868182,qhcn052,True,soc-LiveJournal1,full_bf16,1,source_bf16_decode,8.25309753418,317244,150.856971741
extension-10868182/soc-LiveJournal1,extension-10868182,qhcn052,True,soc-LiveJournal1,full_bf16,1,feature_fp32_add,8.35537910461,317244,150.856971741
extension-10868182/soc-LiveJournal1,extension-10868182,qhcn052,True,soc-LiveJournal1,full_bf16,1,partial_state_load,0,0,150.856971741
extension-10868182/soc-LiveJournal1,extension-10868182,qhcn052,True,soc-LiveJournal1,full_bf16,1,partial_state_store,0.561952590942,16835,150.856971741
extension-10868182/soc-LiveJournal1,extension-10868182,qhcn052,True,soc-LiveJournal1,full_bf16,1,partial_hi_pack,3.8754940033,134784,150.856971741
extension-10868182/soc-LiveJournal1,extension-10868182,qhcn052,True,soc-LiveJournal1,full_bf16,1,partial_lo_residual,0,0,150.856971741
extension-10868182/soc-LiveJournal1,extension-10868182,qhcn052,True,soc-LiveJournal1,full_bf16,1,partial_lo_pack,0,0,150.856971741
extension-10868182/soc-LiveJournal1,extension-10868182,qhcn052,True,soc-LiveJournal1,full_bf16,1,amx_a_load,0.244140625,8424,150.856971741
extension-10868182/soc-LiveJournal1,extension-10868182,qhcn052,True,soc-LiveJournal1,full_bf16,1,amx_b_load,1.01685523987,16848,150.856971741
extension-10868182/soc-LiveJournal1,extension-10868182,qhcn052,True,soc-LiveJournal1,full_bf16,1,amx_tdp_compute,3.37862968445,16848,150.856971741
extension-10868182/soc-LiveJournal1,extension-10868182,qhcn052,True,soc-LiveJournal1,full_bf16,1,amx_c_zero,0.051736831665,2106,150.856971741
extension-10868182/soc-LiveJournal1,extension-10868182,qhcn052,True,soc-LiveJournal1,full_bf16,1,amx_c_load,0,0,150.856971741
extension-10868182/soc-LiveJournal1,extension-10868182,qhcn052,True,soc-LiveJournal1,full_bf16,1,amx_c_store,0.1060962677,2106,150.856971741
extension-10868182/soc-LiveJournal1,extension-10868182,qhcn052,True,soc-LiveJournal1,full_bf16,1,output_bf16_conversion,0,0,150.856971741
extension-10868182/soc-LiveJournal1,extension-10868182,qhcn052,True,soc-LiveJournal1,full_bf16,1,output_store,0.707387924194,16967,150.856971741
extension-10868182/soc-LiveJournal1,extension-10868182,qhcn052,True,soc-LiveJournal1,full_bf16,1,thread_permission,0.0224113464355,32,150.856971741
extension-10868182/soc-LiveJournal1,extension-10868182,qhcn052,True,soc-LiveJournal1,full_bf16,1,thread_tile_config,0.00572204589844,32,150.856971741
extension-10868182/soc-LiveJournal1,extension-10868182,qhcn052,True,soc-LiveJournal1,full_bf16,1,thread_tile_release,0.000953674316406,32,150.856971741
extension-10868182/soc-LiveJournal1,extension-10868182,qhcn052,True,soc-LiveJournal1,full_bf16,1,row_metadata_read,0.31590461731,1185,150.856971741
extension-10868182/soc-LiveJournal1,extension-10868182,qhcn052,True,soc-LiveJournal1,full_bf16,2,partial_init,0.240802764893,1053,150.513887405
extension-10868182/soc-LiveJournal1,extension-10868182,qhcn052,True,soc-LiveJournal1,full_bf16,2,csr_index_read,10.0526809692,317244,150.513887405
extension-10868182/soc-LiveJournal1,extension-10868182,qhcn052,True,soc-LiveJournal1,full_bf16,2,csr_next_index_read,8.25881958008,300409,150.513887405
extension-10868182/soc-LiveJournal1,extension-10868182,qhcn052,True,soc-LiveJournal1,full_bf16,2,prefetch_issue,8.19516181946,300409,150.513887405
extension-10868182/soc-LiveJournal1,extension-10868182,qhcn052,True,soc-LiveJournal1,full_bf16,2,source_feature_load,10.9949111938,317244,150.513887405
extension-10868182/soc-LiveJournal1,extension-10868182,qhcn052,True,soc-LiveJournal1,full_bf16,2,source_bf16_decode,8.39519500732,317244,150.513887405
extension-10868182/soc-LiveJournal1,extension-10868182,qhcn052,True,soc-LiveJournal1,full_bf16,2,feature_fp32_add,8.4183216095,317244,150.513887405
extension-10868182/soc-LiveJournal1,extension-10868182,qhcn052,True,soc-LiveJournal1,full_bf16,2,partial_state_load,0,0,150.513887405
extension-10868182/soc-LiveJournal1,extension-10868182,qhcn052,True,soc-LiveJournal1,full_bf16,2,partial_state_store,0.53071975708,16835,150.513887405
extension-10868182/soc-LiveJournal1,extension-10868182,qhcn052,True,soc-LiveJournal1,full_bf16,2,partial_hi_pack,3.93605232239,134784,150.513887405
extension-10868182/soc-LiveJournal1,extension-10868182,qhcn052,True,soc-LiveJournal1,full_bf16,2,partial_lo_residual,0,0,150.513887405
extension-10868182/soc-LiveJournal1,extension-10868182,qhcn052,True,soc-LiveJournal1,full_bf16,2,partial_lo_pack,0,0,150.513887405
extension-10868182/soc-LiveJournal1,extension-10868182,qhcn052,True,soc-LiveJournal1,full_bf16,2,amx_a_load,0.281095504761,8424,150.513887405
extension-10868182/soc-LiveJournal1,extension-10868182,qhcn052,True,soc-LiveJournal1,full_bf16,2,amx_b_load,0.99515914917,16848,150.513887405
extension-10868182/soc-LiveJournal1,extension-10868182,qhcn052,True,soc-LiveJournal1,full_bf16,2,amx_tdp_compute,3.31783294678,16848,150.513887405
extension-10868182/soc-LiveJournal1,extension-10868182,qhcn052,True,soc-LiveJournal1,full_bf16,2,amx_c_zero,0.0541210174561,2106,150.513887405
extension-10868182/soc-LiveJournal1,extension-10868182,qhcn052,True,soc-LiveJournal1,full_bf16,2,amx_c_load,0,0,150.513887405
extension-10868182/soc-LiveJournal1,extension-10868182,qhcn052,True,soc-LiveJournal1,full_bf16,2,amx_c_store,0.107765197754,2106,150.513887405
extension-10868182/soc-LiveJournal1,extension-10868182,qhcn052,True,soc-LiveJournal1,full_bf16,2,output_bf16_conversion,0.522136688232,16835,150.513887405
extension-10868182/soc-LiveJournal1,extension-10868182,qhcn052,True,soc-LiveJournal1,full_bf16,2,output_store,0.52809715271,16967,150.513887405
extension-10868182/soc-LiveJournal1,extension-10868182,qhcn052,True,soc-LiveJournal1,full_bf16,2,thread_permission,0.0247955322266,32,150.513887405
extension-10868182/soc-LiveJournal1,extension-10868182,qhcn052,True,soc-LiveJournal1,full_bf16,2,thread_tile_config,0.00619888305664,32,150.513887405
extension-10868182/soc-LiveJournal1,extension-10868182,qhcn052,True,soc-LiveJournal1,full_bf16,2,thread_tile_release,0.00190734863281,32,150.513887405
extension-10868182/soc-LiveJournal1,extension-10868182,qhcn052,True,soc-LiveJournal1,full_bf16,2,row_metadata_read,0.329971313477,1185,150.513887405
extension-10868182/soc-LiveJournal1,extension-10868182,qhcn052,True,soc-LiveJournal1,full_fp32,1,partial_init,0.231027603149,1053,300.778150558
extension-10868182/soc-LiveJournal1,extension-10868182,qhcn052,True,soc-LiveJournal1,full_fp32,1,csr_index_read,10.6420516968,317244,300.778150558
extension-10868182/soc-LiveJournal1,extension-10868182,qhcn052,True,soc-LiveJournal1,full_fp32,1,csr_next_index_read,8.1193447113,300409,300.778150558
extension-10868182/soc-LiveJournal1,extension-10868182,qhcn052,True,soc-LiveJournal1,full_fp32,1,prefetch_issue,8.25357437134,300409,300.778150558
extension-10868182/soc-LiveJournal1,extension-10868182,qhcn052,True,soc-LiveJournal1,full_fp32,1,source_feature_load,72.4761486053,317244,300.778150558
extension-10868182/soc-LiveJournal1,extension-10868182,qhcn052,True,soc-LiveJournal1,full_fp32,1,source_bf16_decode,0,0,300.778150558
extension-10868182/soc-LiveJournal1,extension-10868182,qhcn052,True,soc-LiveJournal1,full_fp32,1,feature_fp32_add,8.49461555481,317244,300.778150558
extension-10868182/soc-LiveJournal1,extension-10868182,qhcn052,True,soc-LiveJournal1,full_fp32,1,partial_state_load,0,0,300.778150558
extension-10868182/soc-LiveJournal1,extension-10868182,qhcn052,True,soc-LiveJournal1,full_fp32,1,partial_state_store,0.571966171265,16835,300.778150558
extension-10868182/soc-LiveJournal1,extension-10868182,qhcn052,True,soc-LiveJournal1,full_fp32,1,partial_hi_pack,3.9234161377,134784,300.778150558
extension-10868182/soc-LiveJournal1,extension-10868182,qhcn052,True,soc-LiveJournal1,full_fp32,1,partial_lo_residual,0,0,300.778150558
extension-10868182/soc-LiveJournal1,extension-10868182,qhcn052,True,soc-LiveJournal1,full_fp32,1,partial_lo_pack,0,0,300.778150558
extension-10868182/soc-LiveJournal1,extension-10868182,qhcn052,True,soc-LiveJournal1,full_fp32,1,amx_a_load,0.242233276367,8424,300.778150558
extension-10868182/soc-LiveJournal1,extension-10868182,qhcn052,True,soc-LiveJournal1,full_fp32,1,amx_b_load,1.56044960022,16848,300.778150558
extension-10868182/soc-LiveJournal1,extension-10868182,qhcn052,True,soc-LiveJournal1,full_fp32,1,amx_tdp_compute,3.73601913452,16848,300.778150558
extension-10868182/soc-LiveJournal1,extension-10868182,qhcn052,True,soc-LiveJournal1,full_fp32,1,amx_c_zero,0.0605583190918,2106,300.778150558
extension-10868182/soc-LiveJournal1,extension-10868182,qhcn052,True,soc-LiveJournal1,full_fp32,1,amx_c_load,0,0,300.778150558
extension-10868182/soc-LiveJournal1,extension-10868182,qhcn052,True,soc-LiveJournal1,full_fp32,1,amx_c_store,0.107049942017,2106,300.778150558
extension-10868182/soc-LiveJournal1,extension-10868182,qhcn052,True,soc-LiveJournal1,full_fp32,1,output_bf16_conversion,0,0,300.778150558
extension-10868182/soc-LiveJournal1,extension-10868182,qhcn052,True,soc-LiveJournal1,full_fp32,1,output_store,0.849723815918,16967,300.778150558
extension-10868182/soc-LiveJournal1,extension-10868182,qhcn052,True,soc-LiveJournal1,full_fp32,1,thread_permission,0.0123977661133,32,300.778150558
extension-10868182/soc-LiveJournal1,extension-10868182,qhcn052,True,soc-LiveJournal1,full_fp32,1,thread_tile_config,0.00762939453125,32,300.778150558
extension-10868182/soc-LiveJournal1,extension-10868182,qhcn052,True,soc-LiveJournal1,full_fp32,1,thread_tile_release,0.00309944152832,32,300.778150558
extension-10868182/soc-LiveJournal1,extension-10868182,qhcn052,True,soc-LiveJournal1,full_fp32,1,row_metadata_read,0.436067581177,1185,300.778150558
extension-10868182/soc-LiveJournal1,extension-10868182,qhcn052,True,soc-LiveJournal1,full_fp32,2,partial_init,0.212907791138,1053,175.820827484
extension-10868182/soc-LiveJournal1,extension-10868182,qhcn052,True,soc-LiveJournal1,full_fp32,2,csr_index_read,10.2059841156,317244,175.820827484
extension-10868182/soc-LiveJournal1,extension-10868182,qhcn052,True,soc-LiveJournal1,full_fp32,2,csr_next_index_read,7.91883468628,300409,175.820827484
extension-10868182/soc-LiveJournal1,extension-10868182,qhcn052,True,soc-LiveJournal1,full_fp32,2,prefetch_issue,8.13627243042,300409,175.820827484
extension-10868182/soc-LiveJournal1,extension-10868182,qhcn052,True,soc-LiveJournal1,full_fp32,2,source_feature_load,48.0272769928,317244,175.820827484
extension-10868182/soc-LiveJournal1,extension-10868182,qhcn052,True,soc-LiveJournal1,full_fp32,2,source_bf16_decode,0,0,175.820827484
extension-10868182/soc-LiveJournal1,extension-10868182,qhcn052,True,soc-LiveJournal1,full_fp32,2,feature_fp32_add,8.37349891663,317244,175.820827484
extension-10868182/soc-LiveJournal1,extension-10868182,qhcn052,True,soc-LiveJournal1,full_fp32,2,partial_state_load,0,0,175.820827484
extension-10868182/soc-LiveJournal1,extension-10868182,qhcn052,True,soc-LiveJournal1,full_fp32,2,partial_state_store,0.507831573486,16835,175.820827484
extension-10868182/soc-LiveJournal1,extension-10868182,qhcn052,True,soc-LiveJournal1,full_fp32,2,partial_hi_pack,3.81541252136,134784,175.820827484
extension-10868182/soc-LiveJournal1,extension-10868182,qhcn052,True,soc-LiveJournal1,full_fp32,2,partial_lo_residual,0,0,175.820827484
extension-10868182/soc-LiveJournal1,extension-10868182,qhcn052,True,soc-LiveJournal1,full_fp32,2,partial_lo_pack,0,0,175.820827484
extension-10868182/soc-LiveJournal1,extension-10868182,qhcn052,True,soc-LiveJournal1,full_fp32,2,amx_a_load,0.261545181274,8424,175.820827484
extension-10868182/soc-LiveJournal1,extension-10868182,qhcn052,True,soc-LiveJournal1,full_fp32,2,amx_b_load,0.824451446533,16848,175.820827484
extension-10868182/soc-LiveJournal1,extension-10868182,qhcn052,True,soc-LiveJournal1,full_fp32,2,amx_tdp_compute,3.16548347473,16848,175.820827484
extension-10868182/soc-LiveJournal1,extension-10868182,qhcn052,True,soc-LiveJournal1,full_fp32,2,amx_c_zero,0.0686645507812,2106,175.820827484
extension-10868182/soc-LiveJournal1,extension-10868182,qhcn052,True,soc-LiveJournal1,full_fp32,2,amx_c_load,0,0,175.820827484
extension-10868182/soc-LiveJournal1,extension-10868182,qhcn052,True,soc-LiveJournal1,full_fp32,2,amx_c_store,0.131130218506,2106,175.820827484
extension-10868182/soc-LiveJournal1,extension-10868182,qhcn052,True,soc-LiveJournal1,full_fp32,2,output_bf16_conversion,0.540733337402,16835,175.820827484
extension-10868182/soc-LiveJournal1,extension-10868182,qhcn052,True,soc-LiveJournal1,full_fp32,2,output_store,0.582456588745,16967,175.820827484
extension-10868182/soc-LiveJournal1,extension-10868182,qhcn052,True,soc-LiveJournal1,full_fp32,2,thread_permission,0.0197887420654,32,175.820827484
extension-10868182/soc-LiveJournal1,extension-10868182,qhcn052,True,soc-LiveJournal1,full_fp32,2,thread_tile_config,0.00715255737305,32,175.820827484
extension-10868182/soc-LiveJournal1,extension-10868182,qhcn052,True,soc-LiveJournal1,full_fp32,2,thread_tile_release,0,32,175.820827484
extension-10868182/soc-LiveJournal1,extension-10868182,qhcn052,True,soc-LiveJournal1,full_fp32,2,row_metadata_read,0.328063964844,1185,175.820827484
extension-10868182/soc-Pokec,extension-10868182,qhcn052,True,soc-Pokec,b64_bf16,1,partial_init,0.105142593384,516,66.1871433258
extension-10868182/soc-Pokec,extension-10868182,qhcn052,True,soc-Pokec,b64_bf16,1,csr_index_read,4.39858436584,141107,66.1871433258
extension-10868182/soc-Pokec,extension-10868182,qhcn052,True,soc-Pokec,b64_bf16,1,csr_next_index_read,3.45396995544,134680,66.1871433258
extension-10868182/soc-Pokec,extension-10868182,qhcn052,True,soc-Pokec,b64_bf16,1,prefetch_issue,3.63826751709,134680,66.1871433258
extension-10868182/soc-Pokec,extension-10868182,qhcn052,True,soc-Pokec,b64_bf16,1,source_feature_load,4.58145141602,141107,66.1871433258
extension-10868182/soc-Pokec,extension-10868182,qhcn052,True,soc-Pokec,b64_bf16,1,source_bf16_decode,3.72433662415,141107,66.1871433258
extension-10868182/soc-Pokec,extension-10868182,qhcn052,True,soc-Pokec,b64_bf16,1,feature_fp32_add,3.81326675415,141107,66.1871433258
extension-10868182/soc-Pokec,extension-10868182,qhcn052,True,soc-Pokec,b64_bf16,1,partial_state_load,0,0,66.1871433258
extension-10868182/soc-Pokec,extension-10868182,qhcn052,True,soc-Pokec,b64_bf16,1,partial_state_store,0.206232070923,6475,66.1871433258
extension-10868182/soc-Pokec,extension-10868182,qhcn052,True,soc-Pokec,b64_bf16,1,partial_hi_pack,1.86705589294,66048,66.1871433258
extension-10868182/soc-Pokec,extension-10868182,qhcn052,True,soc-Pokec,b64_bf16,1,partial_lo_residual,0,0,66.1871433258
extension-10868182/soc-Pokec,extension-10868182,qhcn052,True,soc-Pokec,b64_bf16,1,partial_lo_pack,0,0,66.1871433258
extension-10868182/soc-Pokec,extension-10868182,qhcn052,True,soc-Pokec,b64_bf16,1,amx_a_load,0.138998031616,4128,66.1871433258
extension-10868182/soc-Pokec,extension-10868182,qhcn052,True,soc-Pokec,b64_bf16,1,amx_b_load,0.484466552734,8256,66.1871433258
extension-10868182/soc-Pokec,extension-10868182,qhcn052,True,soc-Pokec,b64_bf16,1,amx_tdp_compute,1.33872032166,8256,66.1871433258
extension-10868182/soc-Pokec,extension-10868182,qhcn052,True,soc-Pokec,b64_bf16,1,amx_c_zero,0.0200271606445,702,66.1871433258
extension-10868182/soc-Pokec,extension-10868182,qhcn052,True,soc-Pokec,b64_bf16,1,amx_c_load,0.0178813934326,330,66.1871433258
extension-10868182/soc-Pokec,extension-10868182,qhcn052,True,soc-Pokec,b64_bf16,1,amx_c_store,0.0615119934082,1032,66.1871433258
extension-10868182/soc-Pokec,extension-10868182,qhcn052,True,soc-Pokec,b64_bf16,1,output_bf16_conversion,0,0,66.1871433258
extension-10868182/soc-Pokec,extension-10868182,qhcn052,True,soc-Pokec,b64_bf16,1,output_store,0.267744064331,5652,66.1871433258
extension-10868182/soc-Pokec,extension-10868182,qhcn052,True,soc-Pokec,b64_bf16,1,thread_permission,0.0162124633789,32,66.1871433258
extension-10868182/soc-Pokec,extension-10868182,qhcn052,True,soc-Pokec,b64_bf16,1,thread_tile_config,0.000953674316406,32,66.1871433258
extension-10868182/soc-Pokec,extension-10868182,qhcn052,True,soc-Pokec,b64_bf16,1,thread_tile_release,0.000953674316406,32,66.1871433258
extension-10868182/soc-Pokec,extension-10868182,qhcn052,True,soc-Pokec,b64_bf16,1,row_metadata_read,0.11134147644,400,66.1871433258
extension-10868182/soc-Pokec,extension-10868182,qhcn052,True,soc-Pokec,b64_bf16,2,partial_init,0.111818313599,516,61.5730285645
extension-10868182/soc-Pokec,extension-10868182,qhcn052,True,soc-Pokec,b64_bf16,2,csr_index_read,4.26387786865,141107,61.5730285645
extension-10868182/soc-Pokec,extension-10868182,qhcn052,True,soc-Pokec,b64_bf16,2,csr_next_index_read,3.6313533783,134680,61.5730285645
extension-10868182/soc-Pokec,extension-10868182,qhcn052,True,soc-Pokec,b64_bf16,2,prefetch_issue,3.59511375427,134680,61.5730285645
extension-10868182/soc-Pokec,extension-10868182,qhcn052,True,soc-Pokec,b64_bf16,2,source_feature_load,4.51231002808,141107,61.5730285645
extension-10868182/soc-Pokec,extension-10868182,qhcn052,True,soc-Pokec,b64_bf16,2,source_bf16_decode,3.67045402527,141107,61.5730285645
extension-10868182/soc-Pokec,extension-10868182,qhcn052,True,soc-Pokec,b64_bf16,2,feature_fp32_add,3.67879867554,141107,61.5730285645
extension-10868182/soc-Pokec,extension-10868182,qhcn052,True,soc-Pokec,b64_bf16,2,partial_state_load,0,0,61.5730285645
extension-10868182/soc-Pokec,extension-10868182,qhcn052,True,soc-Pokec,b64_bf16,2,partial_state_store,0.174045562744,6475,61.5730285645
extension-10868182/soc-Pokec,extension-10868182,qhcn052,True,soc-Pokec,b64_bf16,2,partial_hi_pack,1.83916091919,66048,61.5730285645
extension-10868182/soc-Pokec,extension-10868182,qhcn052,True,soc-Pokec,b64_bf16,2,partial_lo_residual,0,0,61.5730285645
extension-10868182/soc-Pokec,extension-10868182,qhcn052,True,soc-Pokec,b64_bf16,2,partial_lo_pack,0,0,61.5730285645
extension-10868182/soc-Pokec,extension-10868182,qhcn052,True,soc-Pokec,b64_bf16,2,amx_a_load,0.136137008667,4128,61.5730285645
extension-10868182/soc-Pokec,extension-10868182,qhcn052,True,soc-Pokec,b64_bf16,2,amx_b_load,0.463724136353,8256,61.5730285645
extension-10868182/soc-Pokec,extension-10868182,qhcn052,True,soc-Pokec,b64_bf16,2,amx_tdp_compute,1.42955780029,8256,61.5730285645
extension-10868182/soc-Pokec,extension-10868182,qhcn052,True,soc-Pokec,b64_bf16,2,amx_c_zero,0.0219345092773,702,61.5730285645
extension-10868182/soc-Pokec,extension-10868182,qhcn052,True,soc-Pokec,b64_bf16,2,amx_c_load,0.0152587890625,330,61.5730285645
extension-10868182/soc-Pokec,extension-10868182,qhcn052,True,soc-Pokec,b64_bf16,2,amx_c_store,0.0460147857666,1032,61.5730285645
extension-10868182/soc-Pokec,extension-10868182,qhcn052,True,soc-Pokec,b64_bf16,2,output_bf16_conversion,0.160694122314,5603,61.5730285645
extension-10868182/soc-Pokec,extension-10868182,qhcn052,True,soc-Pokec,b64_bf16,2,output_store,0.164985656738,5652,61.5730285645
extension-10868182/soc-Pokec,extension-10868182,qhcn052,True,soc-Pokec,b64_bf16,2,thread_permission,0.0145435333252,32,61.5730285645
extension-10868182/soc-Pokec,extension-10868182,qhcn052,True,soc-Pokec,b64_bf16,2,thread_tile_config,0.00739097595215,32,61.5730285645
extension-10868182/soc-Pokec,extension-10868182,qhcn052,True,soc-Pokec,b64_bf16,2,thread_tile_release,0.000953674316406,32,61.5730285645
extension-10868182/soc-Pokec,extension-10868182,qhcn052,True,soc-Pokec,b64_bf16,2,row_metadata_read,0.111818313599,400,61.5730285645
extension-10868182/soc-Pokec,extension-10868182,qhcn052,True,soc-Pokec,b64_fp32,1,partial_init,0.105619430542,516,99.6549129486
extension-10868182/soc-Pokec,extension-10868182,qhcn052,True,soc-Pokec,b64_fp32,1,csr_index_read,4.43863868713,141107,99.6549129486
extension-10868182/soc-Pokec,extension-10868182,qhcn052,True,soc-Pokec,b64_fp32,1,csr_next_index_read,3.67760658264,134680,99.6549129486
extension-10868182/soc-Pokec,extension-10868182,qhcn052,True,soc-Pokec,b64_fp32,1,prefetch_issue,3.65328788757,134680,99.6549129486
extension-10868182/soc-Pokec,extension-10868182,qhcn052,True,soc-Pokec,b64_fp32,1,source_feature_load,26.1228084564,141107,99.6549129486
extension-10868182/soc-Pokec,extension-10868182,qhcn052,True,soc-Pokec,b64_fp32,1,source_bf16_decode,0,0,99.6549129486
extension-10868182/soc-Pokec,extension-10868182,qhcn052,True,soc-Pokec,b64_fp32,1,feature_fp32_add,3.76296043396,141107,99.6549129486
extension-10868182/soc-Pokec,extension-10868182,qhcn052,True,soc-Pokec,b64_fp32,1,partial_state_load,0,0,99.6549129486
extension-10868182/soc-Pokec,extension-10868182,qhcn052,True,soc-Pokec,b64_fp32,1,partial_state_store,0.19645690918,6475,99.6549129486
extension-10868182/soc-Pokec,extension-10868182,qhcn052,True,soc-Pokec,b64_fp32,1,partial_hi_pack,1.90353393555,66048,99.6549129486
extension-10868182/soc-Pokec,extension-10868182,qhcn052,True,soc-Pokec,b64_fp32,1,partial_lo_residual,0,0,99.6549129486
extension-10868182/soc-Pokec,extension-10868182,qhcn052,True,soc-Pokec,b64_fp32,1,partial_lo_pack,0,0,99.6549129486
extension-10868182/soc-Pokec,extension-10868182,qhcn052,True,soc-Pokec,b64_fp32,1,amx_a_load,0.133275985718,4128,99.6549129486
extension-10868182/soc-Pokec,extension-10868182,qhcn052,True,soc-Pokec,b64_fp32,1,amx_b_load,0.666856765747,8256,99.6549129486
extension-10868182/soc-Pokec,extension-10868182,qhcn052,True,soc-Pokec,b64_fp32,1,amx_tdp_compute,1.53231620789,8256,99.6549129486
extension-10868182/soc-Pokec,extension-10868182,qhcn052,True,soc-Pokec,b64_fp32,1,amx_c_zero,0.0276565551758,702,99.6549129486
extension-10868182/soc-Pokec,extension-10868182,qhcn052,True,soc-Pokec,b64_fp32,1,amx_c_load,0.0219345092773,330,99.6549129486
extension-10868182/soc-Pokec,extension-10868182,qhcn052,True,soc-Pokec,b64_fp32,1,amx_c_store,0.0510215759277,1032,99.6549129486
extension-10868182/soc-Pokec,extension-10868182,qhcn052,True,soc-Pokec,b64_fp32,1,output_bf16_conversion,0,0,99.6549129486
extension-10868182/soc-Pokec,extension-10868182,qhcn052,True,soc-Pokec,b64_fp32,1,output_store,0.240802764893,5652,99.6549129486
extension-10868182/soc-Pokec,extension-10868182,qhcn052,True,soc-Pokec,b64_fp32,1,thread_permission,0.0226497650146,32,99.6549129486
extension-10868182/soc-Pokec,extension-10868182,qhcn052,True,soc-Pokec,b64_fp32,1,thread_tile_config,0.00429153442383,32,99.6549129486
extension-10868182/soc-Pokec,extension-10868182,qhcn052,True,soc-Pokec,b64_fp32,1,thread_tile_release,0.00214576721191,32,99.6549129486
extension-10868182/soc-Pokec,extension-10868182,qhcn052,True,soc-Pokec,b64_fp32,1,row_metadata_read,0.141382217407,400,99.6549129486
extension-10868182/soc-Pokec,extension-10868182,qhcn052,True,soc-Pokec,b64_fp32,2,partial_init,0.109910964966,516,80.0790786743
extension-10868182/soc-Pokec,extension-10868182,qhcn052,True,soc-Pokec,b64_fp32,2,csr_index_read,4.3249130249,141107,80.0790786743
extension-10868182/soc-Pokec,extension-10868182,qhcn052,True,soc-Pokec,b64_fp32,2,csr_next_index_read,3.61251831055,134680,80.0790786743
extension-10868182/soc-Pokec,extension-10868182,qhcn052,True,soc-Pokec,b64_fp32,2,prefetch_issue,3.60226631165,134680,80.0790786743
extension-10868182/soc-Pokec,extension-10868182,qhcn052,True,soc-Pokec,b64_fp32,2,source_feature_load,20.5721855164,141107,80.0790786743
extension-10868182/soc-Pokec,extension-10868182,qhcn052,True,soc-Pokec,b64_fp32,2,source_bf16_decode,0,0,80.0790786743
extension-10868182/soc-Pokec,extension-10868182,qhcn052,True,soc-Pokec,b64_fp32,2,feature_fp32_add,3.7956237793,141107,80.0790786743
extension-10868182/soc-Pokec,extension-10868182,qhcn052,True,soc-Pokec,b64_fp32,2,partial_state_load,0,0,80.0790786743
extension-10868182/soc-Pokec,extension-10868182,qhcn052,True,soc-Pokec,b64_fp32,2,partial_state_store,0.191211700439,6475,80.0790786743
extension-10868182/soc-Pokec,extension-10868182,qhcn052,True,soc-Pokec,b64_fp32,2,partial_hi_pack,1.91044807434,66048,80.0790786743
extension-10868182/soc-Pokec,extension-10868182,qhcn052,True,soc-Pokec,b64_fp32,2,partial_lo_residual,0,0,80.0790786743
extension-10868182/soc-Pokec,extension-10868182,qhcn052,True,soc-Pokec,b64_fp32,2,partial_lo_pack,0,0,80.0790786743
extension-10868182/soc-Pokec,extension-10868182,qhcn052,True,soc-Pokec,b64_fp32,2,amx_a_load,0.135183334351,4128,80.0790786743
extension-10868182/soc-Pokec,extension-10868182,qhcn052,True,soc-Pokec,b64_fp32,2,amx_b_load,0.414848327637,8256,80.0790786743
extension-10868182/soc-Pokec,extension-10868182,qhcn052,True,soc-Pokec,b64_fp32,2,amx_tdp_compute,1.44362449646,8256,80.0790786743
extension-10868182/soc-Pokec,extension-10868182,qhcn052,True,soc-Pokec,b64_fp32,2,amx_c_zero,0.0123977661133,702,80.0790786743
extension-10868182/soc-Pokec,extension-10868182,qhcn052,True,soc-Pokec,b64_fp32,2,amx_c_load,0.0145435333252,330,80.0790786743
extension-10868182/soc-Pokec,extension-10868182,qhcn052,True,soc-Pokec,b64_fp32,2,amx_c_store,0.0569820404053,1032,80.0790786743
extension-10868182/soc-Pokec,extension-10868182,qhcn052,True,soc-Pokec,b64_fp32,2,output_bf16_conversion,0.166654586792,5603,80.0790786743
extension-10868182/soc-Pokec,extension-10868182,qhcn052,True,soc-Pokec,b64_fp32,2,output_store,0.180959701538,5652,80.0790786743
extension-10868182/soc-Pokec,extension-10868182,qhcn052,True,soc-Pokec,b64_fp32,2,thread_permission,0.02121925354,32,80.0790786743
extension-10868182/soc-Pokec,extension-10868182,qhcn052,True,soc-Pokec,b64_fp32,2,thread_tile_config,0.00691413879395,32,80.0790786743
extension-10868182/soc-Pokec,extension-10868182,qhcn052,True,soc-Pokec,b64_fp32,2,thread_tile_release,0,32,80.0790786743
extension-10868182/soc-Pokec,extension-10868182,qhcn052,True,soc-Pokec,b64_fp32,2,row_metadata_read,0.128507614136,400,80.0790786743
extension-10868182/soc-Pokec,extension-10868182,qhcn052,True,soc-Pokec,full_bf16,1,partial_init,0.0803470611572,351,62.5469684601
extension-10868182/soc-Pokec,extension-10868182,qhcn052,True,soc-Pokec,full_bf16,1,csr_index_read,4.39548492432,141107,62.5469684601
extension-10868182/soc-Pokec,extension-10868182,qhcn052,True,soc-Pokec,full_bf16,1,csr_next_index_read,3.58986854553,135504,62.5469684601
extension-10868182/soc-Pokec,extension-10868182,qhcn052,True,soc-Pokec,full_bf16,1,prefetch_issue,3.58510017395,135504,62.5469684601
extension-10868182/soc-Pokec,extension-10868182,qhcn052,True,soc-Pokec,full_bf16,1,source_feature_load,4.37951087952,141107,62.5469684601
extension-10868182/soc-Pokec,extension-10868182,qhcn052,True,soc-Pokec,full_bf16,1,source_bf16_decode,3.66377830505,141107,62.5469684601
extension-10868182/soc-Pokec,extension-10868182,qhcn052,True,soc-Pokec,full_bf16,1,feature_fp32_add,3.72123718262,141107,62.5469684601
extension-10868182/soc-Pokec,extension-10868182,qhcn052,True,soc-Pokec,full_bf16,1,partial_state_load,0,0,62.5469684601
extension-10868182/soc-Pokec,extension-10868182,qhcn052,True,soc-Pokec,full_bf16,1,partial_state_store,0.168800354004,5603,62.5469684601
extension-10868182/soc-Pokec,extension-10868182,qhcn052,True,soc-Pokec,full_bf16,1,partial_hi_pack,1.26647949219,44928,62.5469684601
extension-10868182/soc-Pokec,extension-10868182,qhcn052,True,soc-Pokec,full_bf16,1,partial_lo_residual,0,0,62.5469684601
extension-10868182/soc-Pokec,extension-10868182,qhcn052,True,soc-Pokec,full_bf16,1,partial_lo_pack,0,0,62.5469684601
extension-10868182/soc-Pokec,extension-10868182,qhcn052,True,soc-Pokec,full_bf16,1,amx_a_load,0.0956058502197,2808,62.5469684601
extension-10868182/soc-Pokec,extension-10868182,qhcn052,True,soc-Pokec,full_bf16,1,amx_b_load,0.328779220581,5616,62.5469684601
extension-10868182/soc-Pokec,extension-10868182,qhcn052,True,soc-Pokec,full_bf16,1,amx_tdp_compute,1.05166435242,5616,62.5469684601
extension-10868182/soc-Pokec,extension-10868182,qhcn052,True,soc-Pokec,full_bf16,1,amx_c_zero,0.0302791595459,702,62.5469684601
extension-10868182/soc-Pokec,extension-10868182,qhcn052,True,soc-Pokec,full_bf16,1,amx_c_load,0,0,62.5469684601
extension-10868182/soc-Pokec,extension-10868182,qhcn052,True,soc-Pokec,full_bf16,1,amx_c_store,0.0321865081787,702,62.5469684601
extension-10868182/soc-Pokec,extension-10868182,qhcn052,True,soc-Pokec,full_bf16,1,output_bf16_conversion,0,0,62.5469684601
extension-10868182/soc-Pokec,extension-10868182,qhcn052,True,soc-Pokec,full_bf16,1,output_store,0.241994857788,5652,62.5469684601
extension-10868182/soc-Pokec,extension-10868182,qhcn052,True,soc-Pokec,full_bf16,1,thread_permission,0.016450881958,32,62.5469684601
extension-10868182/soc-Pokec,extension-10868182,qhcn052,True,soc-Pokec,full_bf16,1,thread_tile_config,0.00762939453125,32,62.5469684601
extension-10868182/soc-Pokec,extension-10868182,qhcn052,True,soc-Pokec,full_bf16,1,thread_tile_release,0,32,62.5469684601
extension-10868182/soc-Pokec,extension-10868182,qhcn052,True,soc-Pokec,full_bf16,1,row_metadata_read,0.122547149658,400,62.5469684601
extension-10868182/soc-Pokec,extension-10868182,qhcn052,True,soc-Pokec,full_bf16,2,partial_init,0.0965595245361,351,59.4720840454
extension-10868182/soc-Pokec,extension-10868182,qhcn052,True,soc-Pokec,full_bf16,2,csr_index_read,4.33564186096,141107,59.4720840454
extension-10868182/soc-Pokec,extension-10868182,qhcn052,True,soc-Pokec,full_bf16,2,csr_next_index_read,3.66449356079,135504,59.4720840454
extension-10868182/soc-Pokec,extension-10868182,qhcn052,True,soc-Pokec,full_bf16,2,prefetch_issue,3.62157821655,135504,59.4720840454
extension-10868182/soc-Pokec,extension-10868182,qhcn052,True,soc-Pokec,full_bf16,2,source_feature_load,4.46152687073,141107,59.4720840454
extension-10868182/soc-Pokec,extension-10868182,qhcn052,True,soc-Pokec,full_bf16,2,source_bf16_decode,3.66234779358,141107,59.4720840454
extension-10868182/soc-Pokec,extension-10868182,qhcn052,True,soc-Pokec,full_bf16,2,feature_fp32_add,3.6506652832,141107,59.4720840454
extension-10868182/soc-Pokec,extension-10868182,qhcn052,True,soc-Pokec,full_bf16,2,partial_state_load,0,0,59.4720840454
extension-10868182/soc-Pokec,extension-10868182,qhcn052,True,soc-Pokec,full_bf16,2,partial_state_store,0.191211700439,5603,59.4720840454
extension-10868182/soc-Pokec,extension-10868182,qhcn052,True,soc-Pokec,full_bf16,2,partial_hi_pack,1.28149986267,44928,59.4720840454
extension-10868182/soc-Pokec,extension-10868182,qhcn052,True,soc-Pokec,full_bf16,2,partial_lo_residual,0,0,59.4720840454
extension-10868182/soc-Pokec,extension-10868182,qhcn052,True,soc-Pokec,full_bf16,2,partial_lo_pack,0,0,59.4720840454
extension-10868182/soc-Pokec,extension-10868182,qhcn052,True,soc-Pokec,full_bf16,2,amx_a_load,0.0784397125244,2808,59.4720840454
extension-10868182/soc-Pokec,extension-10868182,qhcn052,True,soc-Pokec,full_bf16,2,amx_b_load,0.330209732056,5616,59.4720840454
extension-10868182/soc-Pokec,extension-10868182,qhcn052,True,soc-Pokec,full_bf16,2,amx_tdp_compute,1.06811523438,5616,59.4720840454
extension-10868182/soc-Pokec,extension-10868182,qhcn052,True,soc-Pokec,full_bf16,2,amx_c_zero,0.023365020752,702,59.4720840454
extension-10868182/soc-Pokec,extension-10868182,qhcn052,True,soc-Pokec,full_bf16,2,amx_c_load,0,0,59.4720840454
extension-10868182/soc-Pokec,extension-10868182,qhcn052,True,soc-Pokec,full_bf16,2,amx_c_store,0.0357627868652,702,59.4720840454
extension-10868182/soc-Pokec,extension-10868182,qhcn052,True,soc-Pokec,full_bf16,2,output_bf16_conversion,0.162601470947,5603,59.4720840454
extension-10868182/soc-Pokec,extension-10868182,qhcn052,True,soc-Pokec,full_bf16,2,output_store,0.180721282959,5652,59.4720840454
extension-10868182/soc-Pokec,extension-10868182,qhcn052,True,soc-Pokec,full_bf16,2,thread_permission,0.0126361846924,32,59.4720840454
extension-10868182/soc-Pokec,extension-10868182,qhcn052,True,soc-Pokec,full_bf16,2,thread_tile_config,0.00667572021484,32,59.4720840454
extension-10868182/soc-Pokec,extension-10868182,qhcn052,True,soc-Pokec,full_bf16,2,thread_tile_release,0,32,59.4720840454
extension-10868182/soc-Pokec,extension-10868182,qhcn052,True,soc-Pokec,full_bf16,2,row_metadata_read,0.0905990600586,400,59.4720840454
extension-10868182/soc-Pokec,extension-10868182,qhcn052,True,soc-Pokec,full_fp32,1,partial_init,0.0936985015869,351,98.1740951538
extension-10868182/soc-Pokec,extension-10868182,qhcn052,True,soc-Pokec,full_fp32,1,csr_index_read,4.46438789368,141107,98.1740951538
extension-10868182/soc-Pokec,extension-10868182,qhcn052,True,soc-Pokec,full_fp32,1,csr_next_index_read,3.69691848755,135504,98.1740951538
extension-10868182/soc-Pokec,extension-10868182,qhcn052,True,soc-Pokec,full_fp32,1,prefetch_issue,3.69095802307,135504,98.1740951538
extension-10868182/soc-Pokec,extension-10868182,qhcn052,True,soc-Pokec,full_fp32,1,source_feature_load,26.807308197,141107,98.1740951538
extension-10868182/soc-Pokec,extension-10868182,qhcn052,True,soc-Pokec,full_fp32,1,source_bf16_decode,0,0,98.1740951538
extension-10868182/soc-Pokec,extension-10868182,qhcn052,True,soc-Pokec,full_fp32,1,feature_fp32_add,3.72242927551,141107,98.1740951538
extension-10868182/soc-Pokec,extension-10868182,qhcn052,True,soc-Pokec,full_fp32,1,partial_state_load,0,0,98.1740951538
extension-10868182/soc-Pokec,extension-10868182,qhcn052,True,soc-Pokec,full_fp32,1,partial_state_store,0.180721282959,5603,98.1740951538
extension-10868182/soc-Pokec,extension-10868182,qhcn052,True,soc-Pokec,full_fp32,1,partial_hi_pack,1.24287605286,44928,98.1740951538
extension-10868182/soc-Pokec,extension-10868182,qhcn052,True,soc-Pokec,full_fp32,1,partial_lo_residual,0,0,98.1740951538
extension-10868182/soc-Pokec,extension-10868182,qhcn052,True,soc-Pokec,full_fp32,1,partial_lo_pack,0,0,98.1740951538
extension-10868182/soc-Pokec,extension-10868182,qhcn052,True,soc-Pokec,full_fp32,1,amx_a_load,0.0884532928467,2808,98.1740951538
extension-10868182/soc-Pokec,extension-10868182,qhcn052,True,soc-Pokec,full_fp32,1,amx_b_load,0.488758087158,5616,98.1740951538
extension-10868182/soc-Pokec,extension-10868182,qhcn052,True,soc-Pokec,full_fp32,1,amx_tdp_compute,1.17826461792,5616,98.1740951538
extension-10868182/soc-Pokec,extension-10868182,qhcn052,True,soc-Pokec,full_fp32,1,amx_c_zero,0.0205039978027,702,98.1740951538
extension-10868182/soc-Pokec,extension-10868182,qhcn052,True,soc-Pokec,full_fp32,1,amx_c_load,0,0,98.1740951538
extension-10868182/soc-Pokec,extension-10868182,qhcn052,True,soc-Pokec,full_fp32,1,amx_c_store,0.0514984130859,702,98.1740951538
extension-10868182/soc-Pokec,extension-10868182,qhcn052,True,soc-Pokec,full_fp32,1,output_bf16_conversion,0,0,98.1740951538
extension-10868182/soc-Pokec,extension-10868182,qhcn052,True,soc-Pokec,full_fp32,1,output_store,0.267744064331,5652,98.1740951538
extension-10868182/soc-Pokec,extension-10868182,qhcn052,True,soc-Pokec,full_fp32,1,thread_permission,0.00858306884766,32,98.1740951538
extension-10868182/soc-Pokec,extension-10868182,qhcn052,True,soc-Pokec,full_fp32,1,thread_tile_config,0.00476837158203,32,98.1740951538
extension-10868182/soc-Pokec,extension-10868182,qhcn052,True,soc-Pokec,full_fp32,1,thread_tile_release,0.00214576721191,32,98.1740951538
extension-10868182/soc-Pokec,extension-10868182,qhcn052,True,soc-Pokec,full_fp32,1,row_metadata_read,0.141620635986,400,98.1740951538
extension-10868182/soc-Pokec,extension-10868182,qhcn052,True,soc-Pokec,full_fp32,2,partial_init,0.093936920166,351,75.9599208832
extension-10868182/soc-Pokec,extension-10868182,qhcn052,True,soc-Pokec,full_fp32,2,csr_index_read,4.3261051178,141107,75.9599208832
extension-10868182/soc-Pokec,extension-10868182,qhcn052,True,soc-Pokec,full_fp32,2,csr_next_index_read,3.64351272583,135504,75.9599208832
extension-10868182/soc-Pokec,extension-10868182,qhcn052,True,soc-Pokec,full_fp32,2,prefetch_issue,3.68309020996,135504,75.9599208832
extension-10868182/soc-Pokec,extension-10868182,qhcn052,True,soc-Pokec,full_fp32,2,source_feature_load,20.3189849854,141107,75.9599208832
extension-10868182/soc-Pokec,extension-10868182,qhcn052,True,soc-Pokec,full_fp32,2,source_bf16_decode,0,0,75.9599208832
extension-10868182/soc-Pokec,extension-10868182,qhcn052,True,soc-Pokec,full_fp32,2,feature_fp32_add,3.60536575317,141107,75.9599208832
extension-10868182/soc-Pokec,extension-10868182,qhcn052,True,soc-Pokec,full_fp32,2,partial_state_load,0,0,75.9599208832
extension-10868182/soc-Pokec,extension-10868182,qhcn052,True,soc-Pokec,full_fp32,2,partial_state_store,0.15664100647,5603,75.9599208832
extension-10868182/soc-Pokec,extension-10868182,qhcn052,True,soc-Pokec,full_fp32,2,partial_hi_pack,1.26791000366,44928,75.9599208832
extension-10868182/soc-Pokec,extension-10868182,qhcn052,True,soc-Pokec,full_fp32,2,partial_lo_residual,0,0,75.9599208832
extension-10868182/soc-Pokec,extension-10868182,qhcn052,True,soc-Pokec,full_fp32,2,partial_lo_pack,0,0,75.9599208832
extension-10868182/soc-Pokec,extension-10868182,qhcn052,True,soc-Pokec,full_fp32,2,amx_a_load,0.0975131988525,2808,75.9599208832
extension-10868182/soc-Pokec,extension-10868182,qhcn052,True,soc-Pokec,full_fp32,2,amx_b_load,0.351905822754,5616,75.9599208832
extension-10868182/soc-Pokec,extension-10868182,qhcn052,True,soc-Pokec,full_fp32,2,amx_tdp_compute,1.04832649231,5616,75.9599208832
extension-10868182/soc-Pokec,extension-10868182,qhcn052,True,soc-Pokec,full_fp32,2,amx_c_zero,0.0219345092773,702,75.9599208832
extension-10868182/soc-Pokec,extension-10868182,qhcn052,True,soc-Pokec,full_fp32,2,amx_c_load,0,0,75.9599208832
extension-10868182/soc-Pokec,extension-10868182,qhcn052,True,soc-Pokec,full_fp32,2,amx_c_store,0.0324249267578,702,75.9599208832
extension-10868182/soc-Pokec,extension-10868182,qhcn052,True,soc-Pokec,full_fp32,2,output_bf16_conversion,0.183820724487,5603,75.9599208832
extension-10868182/soc-Pokec,extension-10868182,qhcn052,True,soc-Pokec,full_fp32,2,output_store,0.155210494995,5652,75.9599208832
extension-10868182/soc-Pokec,extension-10868182,qhcn052,True,soc-Pokec,full_fp32,2,thread_permission,0.0147819519043,32,75.9599208832
extension-10868182/soc-Pokec,extension-10868182,qhcn052,True,soc-Pokec,full_fp32,2,thread_tile_config,0.0131130218506,32,75.9599208832
extension-10868182/soc-Pokec,extension-10868182,qhcn052,True,soc-Pokec,full_fp32,2,thread_tile_release,0.000953674316406,32,75.9599208832
extension-10868182/soc-Pokec,extension-10868182,qhcn052,True,soc-Pokec,full_fp32,2,row_metadata_read,0.111103057861,400,75.9599208832
extension-10868182/web-Google,extension-10868182,qhcn052,True,web-Google,b64_bf16,1,partial_init,0.0450611114502,188,13.2460594177
extension-10868182/web-Google,extension-10868182,qhcn052,True,web-Google,b64_bf16,1,csr_index_read,0.832796096802,23228,13.2460594177
extension-10868182/web-Google,extension-10868182,qhcn052,True,web-Google,b64_bf16,1,csr_next_index_read,0.529766082764,20285,13.2460594177
extension-10868182/web-Google,extension-10868182,qhcn052,True,web-Google,b64_bf16,1,prefetch_issue,0.576972961426,20285,13.2460594177
extension-10868182/web-Google,extension-10868182,qhcn052,True,web-Google,b64_bf16,1,source_feature_load,0.936031341553,23228,13.2460594177
extension-10868182/web-Google,extension-10868182,qhcn052,True,web-Google,b64_bf16,1,source_bf16_decode,0.632524490356,23228,13.2460594177
extension-10868182/web-Google,extension-10868182,qhcn052,True,web-Google,b64_bf16,1,feature_fp32_add,0.647783279419,23228,13.2460594177
extension-10868182/web-Google,extension-10868182,qhcn052,True,web-Google,b64_bf16,1,partial_state_load,0,0,13.2460594177
extension-10868182/web-Google,extension-10868182,qhcn052,True,web-Google,b64_bf16,1,partial_state_store,0.0758171081543,2976,13.2460594177
extension-10868182/web-Google,extension-10868182,qhcn052,True,web-Google,b64_bf16,1,partial_hi_pack,0.68998336792,24064,13.2460594177
extension-10868182/web-Google,extension-10868182,qhcn052,True,web-Google,b64_bf16,1,partial_lo_residual,0,0,13.2460594177
extension-10868182/web-Google,extension-10868182,qhcn052,True,web-Google,b64_bf16,1,partial_lo_pack,0,0,13.2460594177
extension-10868182/web-Google,extension-10868182,qhcn052,True,web-Google,b64_bf16,1,amx_a_load,0.0443458557129,1504,13.2460594177
extension-10868182/web-Google,extension-10868182,qhcn052,True,web-Google,b64_bf16,1,amx_b_load,0.160217285156,3008,13.2460594177
extension-10868182/web-Google,extension-10868182,qhcn052,True,web-Google,b64_bf16,1,amx_tdp_compute,0.588417053223,3008,13.2460594177
extension-10868182/web-Google,extension-10868182,qhcn052,True,web-Google,b64_bf16,1,amx_c_zero,0.0138282775879,362,13.2460594177
extension-10868182/web-Google,extension-10868182,qhcn052,True,web-Google,b64_bf16,1,amx_c_load,0.00119209289551,14,13.2460594177
extension-10868182/web-Google,extension-10868182,qhcn052,True,web-Google,b64_bf16,1,amx_c_store,0.0216960906982,376,13.2460594177
extension-10868182/web-Google,extension-10868182,qhcn052,True,web-Google,b64_bf16,1,output_bf16_conversion,0,0,13.2460594177
extension-10868182/web-Google,extension-10868182,qhcn052,True,web-Google,b64_bf16,1,output_store,0.290155410767,2936,13.2460594177
extension-10868182/web-Google,extension-10868182,qhcn052,True,web-Google,b64_bf16,1,thread_permission,0.0121593475342,32,13.2460594177
extension-10868182/web-Google,extension-10868182,qhcn052,True,web-Google,b64_bf16,1,thread_tile_config,0.00715255737305,32,13.2460594177
extension-10868182/web-Google,extension-10868182,qhcn052,True,web-Google,b64_bf16,1,thread_tile_release,0.000953674316406,32,13.2460594177
extension-10868182/web-Google,extension-10868182,qhcn052,True,web-Google,b64_bf16,1,row_metadata_read,0.0524520874023,225,13.2460594177
extension-10868182/web-Google,extension-10868182,qhcn052,True,web-Google,b64_bf16,2,partial_init,0.0548362731934,188,10.9190940857
extension-10868182/web-Google,extension-10868182,qhcn052,True,web-Google,b64_bf16,2,csr_index_read,0.791549682617,23228,10.9190940857
extension-10868182/web-Google,extension-10868182,qhcn052,True,web-Google,b64_bf16,2,csr_next_index_read,0.613927841187,20285,10.9190940857
extension-10868182/web-Google,extension-10868182,qhcn052,True,web-Google,b64_bf16,2,prefetch_issue,0.56266784668,20285,10.9190940857
extension-10868182/web-Google,extension-10868182,qhcn052,True,web-Google,b64_bf16,2,source_feature_load,0.900983810425,23228,10.9190940857
extension-10868182/web-Google,extension-10868182,qhcn052,True,web-Google,b64_bf16,2,source_bf16_decode,0.677108764648,23228,10.9190940857
extension-10868182/web-Google,extension-10868182,qhcn052,True,web-Google,b64_bf16,2,feature_fp32_add,0.597476959229,23228,10.9190940857
extension-10868182/web-Google,extension-10868182,qhcn052,True,web-Google,b64_bf16,2,partial_state_load,0,0,10.9190940857
extension-10868182/web-Google,extension-10868182,qhcn052,True,web-Google,b64_bf16,2,partial_state_store,0.100374221802,2976,10.9190940857
extension-10868182/web-Google,extension-10868182,qhcn052,True,web-Google,b64_bf16,2,partial_hi_pack,0.71382522583,24064,10.9190940857
extension-10868182/web-Google,extension-10868182,qhcn052,True,web-Google,b64_bf16,2,partial_lo_residual,0,0,10.9190940857
extension-10868182/web-Google,extension-10868182,qhcn052,True,web-Google,b64_bf16,2,partial_lo_pack,0,0,10.9190940857
extension-10868182/web-Google,extension-10868182,qhcn052,True,web-Google,b64_bf16,2,amx_a_load,0.0514984130859,1504,10.9190940857
extension-10868182/web-Google,extension-10868182,qhcn052,True,web-Google,b64_bf16,2,amx_b_load,0.187873840332,3008,10.9190940857
extension-10868182/web-Google,extension-10868182,qhcn052,True,web-Google,b64_bf16,2,amx_tdp_compute,0.561237335205,3008,10.9190940857
extension-10868182/web-Google,extension-10868182,qhcn052,True,web-Google,b64_bf16,2,amx_c_zero,0.0114440917969,362,10.9190940857
extension-10868182/web-Google,extension-10868182,qhcn052,True,web-Google,b64_bf16,2,amx_c_load,0,14,10.9190940857
extension-10868182/web-Google,extension-10868182,qhcn052,True,web-Google,b64_bf16,2,amx_c_store,0.023365020752,376,10.9190940857
extension-10868182/web-Google,extension-10868182,qhcn052,True,web-Google,b64_bf16,2,output_bf16_conversion,0.0858306884766,2892,10.9190940857
extension-10868182/web-Google,extension-10868182,qhcn052,True,web-Google,b64_bf16,2,output_store,0.0991821289062,2936,10.9190940857
extension-10868182/web-Google,extension-10868182,qhcn052,True,web-Google,b64_bf16,2,thread_permission,0.00882148742676,32,10.9190940857
extension-10868182/web-Google,extension-10868182,qhcn052,True,web-Google,b64_bf16,2,thread_tile_config,0.00667572021484,32,10.9190940857
extension-10868182/web-Google,extension-10868182,qhcn052,True,web-Google,b64_bf16,2,thread_tile_release,0.000953674316406,32,10.9190940857
extension-10868182/web-Google,extension-10868182,qhcn052,True,web-Google,b64_bf16,2,row_metadata_read,0.0455379486084,225,10.9190940857
extension-10868182/web-Google,extension-10868182,qhcn052,True,web-Google,b64_fp32,1,partial_init,0.0598430633545,188,15.6908035278
extension-10868182/web-Google,extension-10868182,qhcn052,True,web-Google,b64_fp32,1,csr_index_read,0.904560089111,23228,15.6908035278
extension-10868182/web-Google,extension-10868182,qhcn052,True,web-Google,b64_fp32,1,csr_next_index_read,0.574588775635,20285,15.6908035278
extension-10868182/web-Google,extension-10868182,qhcn052,True,web-Google,b64_fp32,1,prefetch_issue,0.542879104614,20285,15.6908035278
extension-10868182/web-Google,extension-10868182,qhcn052,True,web-Google,b64_fp32,1,source_feature_load,2.66551971436,23228,15.6908035278
extension-10868182/web-Google,extension-10868182,qhcn052,True,web-Google,b64_fp32,1,source_bf16_decode,0,0,15.6908035278
extension-10868182/web-Google,extension-10868182,qhcn052,True,web-Google,b64_fp32,1,feature_fp32_add,0.610589981079,23228,15.6908035278
extension-10868182/web-Google,extension-10868182,qhcn052,True,web-Google,b64_fp32,1,partial_state_load,0,0,15.6908035278
extension-10868182/web-Google,extension-10868182,qhcn052,True,web-Google,b64_fp32,1,partial_state_store,0.0920295715332,2976,15.6908035278
extension-10868182/web-Google,extension-10868182,qhcn052,True,web-Google,b64_fp32,1,partial_hi_pack,0.685930252075,24064,15.6908035278
extension-10868182/web-Google,extension-10868182,qhcn052,True,web-Google,b64_fp32,1,partial_lo_residual,0,0,15.6908035278
extension-10868182/web-Google,extension-10868182,qhcn052,True,web-Google,b64_fp32,1,partial_lo_pack,0,0,15.6908035278
extension-10868182/web-Google,extension-10868182,qhcn052,True,web-Google,b64_fp32,1,amx_a_load,0.0474452972412,1504,15.6908035278
extension-10868182/web-Google,extension-10868182,qhcn052,True,web-Google,b64_fp32,1,amx_b_load,0.187635421753,3008,15.6908035278
extension-10868182/web-Google,extension-10868182,qhcn052,True,web-Google,b64_fp32,1,amx_tdp_compute,0.564098358154,3008,15.6908035278
extension-10868182/web-Google,extension-10868182,qhcn052,True,web-Google,b64_fp32,1,amx_c_zero,0.00929832458496,362,15.6908035278
extension-10868182/web-Google,extension-10868182,qhcn052,True,web-Google,b64_fp32,1,amx_c_load,0,14,15.6908035278
extension-10868182/web-Google,extension-10868182,qhcn052,True,web-Google,b64_fp32,1,amx_c_store,0.0181198120117,376,15.6908035278
extension-10868182/web-Google,extension-10868182,qhcn052,True,web-Google,b64_fp32,1,output_bf16_conversion,0,0,15.6908035278
extension-10868182/web-Google,extension-10868182,qhcn052,True,web-Google,b64_fp32,1,output_store,0.146389007568,2936,15.6908035278
extension-10868182/web-Google,extension-10868182,qhcn052,True,web-Google,b64_fp32,1,thread_permission,0.0197887420654,32,15.6908035278
extension-10868182/web-Google,extension-10868182,qhcn052,True,web-Google,b64_fp32,1,thread_tile_config,0.00810623168945,32,15.6908035278
extension-10868182/web-Google,extension-10868182,qhcn052,True,web-Google,b64_fp32,1,thread_tile_release,0,32,15.6908035278
extension-10868182/web-Google,extension-10868182,qhcn052,True,web-Google,b64_fp32,1,row_metadata_read,0.0557899475098,225,15.6908035278
extension-10868182/web-Google,extension-10868182,qhcn052,True,web-Google,b64_fp32,2,partial_init,0.0481605529785,188,13.7870311737
extension-10868182/web-Google,extension-10868182,qhcn052,True,web-Google,b64_fp32,2,csr_index_read,0.822782516479,23228,13.7870311737
extension-10868182/web-Google,extension-10868182,qhcn052,True,web-Google,b64_fp32,2,csr_next_index_read,0.565767288208,20285,13.7870311737
extension-10868182/web-Google,extension-10868182,qhcn052,True,web-Google,b64_fp32,2,prefetch_issue,0.582218170166,20285,13.7870311737
extension-10868182/web-Google,extension-10868182,qhcn052,True,web-Google,b64_fp32,2,source_feature_load,2.56085395813,23228,13.7870311737
extension-10868182/web-Google,extension-10868182,qhcn052,True,web-Google,b64_fp32,2,source_bf16_decode,0,0,13.7870311737
extension-10868182/web-Google,extension-10868182,qhcn052,True,web-Google,b64_fp32,2,feature_fp32_add,0.623941421509,23228,13.7870311737
extension-10868182/web-Google,extension-10868182,qhcn052,True,web-Google,b64_fp32,2,partial_state_load,0,0,13.7870311737
extension-10868182/web-Google,extension-10868182,qhcn052,True,web-Google,b64_fp32,2,partial_state_store,0.0903606414795,2976,13.7870311737
extension-10868182/web-Google,extension-10868182,qhcn052,True,web-Google,b64_fp32,2,partial_hi_pack,0.676155090332,24064,13.7870311737
extension-10868182/web-Google,extension-10868182,qhcn052,True,web-Google,b64_fp32,2,partial_lo_residual,0,0,13.7870311737
extension-10868182/web-Google,extension-10868182,qhcn052,True,web-Google,b64_fp32,2,partial_lo_pack,0,0,13.7870311737
extension-10868182/web-Google,extension-10868182,qhcn052,True,web-Google,b64_fp32,2,amx_a_load,0.0338554382324,1504,13.7870311737
extension-10868182/web-Google,extension-10868182,qhcn052,True,web-Google,b64_fp32,2,amx_b_load,0.176191329956,3008,13.7870311737
extension-10868182/web-Google,extension-10868182,qhcn052,True,web-Google,b64_fp32,2,amx_tdp_compute,0.53596496582,3008,13.7870311737
extension-10868182/web-Google,extension-10868182,qhcn052,True,web-Google,b64_fp32,2,amx_c_zero,0.0174045562744,362,13.7870311737
extension-10868182/web-Google,extension-10868182,qhcn052,True,web-Google,b64_fp32,2,amx_c_load,0,14,13.7870311737
extension-10868182/web-Google,extension-10868182,qhcn052,True,web-Google,b64_fp32,2,amx_c_store,0.0216960906982,376,13.7870311737
extension-10868182/web-Google,extension-10868182,qhcn052,True,web-Google,b64_fp32,2,output_bf16_conversion,0.0958442687988,2892,13.7870311737
extension-10868182/web-Google,extension-10868182,qhcn052,True,web-Google,b64_fp32,2,output_store,0.100374221802,2936,13.7870311737
extension-10868182/web-Google,extension-10868182,qhcn052,True,web-Google,b64_fp32,2,thread_permission,0.0162124633789,32,13.7870311737
extension-10868182/web-Google,extension-10868182,qhcn052,True,web-Google,b64_fp32,2,thread_tile_config,0.000953674316406,32,13.7870311737
extension-10868182/web-Google,extension-10868182,qhcn052,True,web-Google,b64_fp32,2,thread_tile_release,0.000953674316406,32,13.7870311737
extension-10868182/web-Google,extension-10868182,qhcn052,True,web-Google,b64_fp32,2,row_metadata_read,0.0581741333008,225,13.7870311737
extension-10868182/web-Google,extension-10868182,qhcn052,True,web-Google,full_bf16,1,partial_init,0.053882598877,181,12.3338699341
extension-10868182/web-Google,extension-10868182,qhcn052,True,web-Google,full_bf16,1,csr_index_read,0.78821182251,23228,12.3338699341
extension-10868182/web-Google,extension-10868182,qhcn052,True,web-Google,full_bf16,1,csr_next_index_read,0.62108039856,20336,12.3338699341
extension-10868182/web-Google,extension-10868182,qhcn052,True,web-Google,full_bf16,1,prefetch_issue,0.56266784668,20336,12.3338699341
extension-10868182/web-Google,extension-10868182,qhcn052,True,web-Google,full_bf16,1,source_feature_load,0.895977020264,23228,12.3338699341
extension-10868182/web-Google,extension-10868182,qhcn052,True,web-Google,full_bf16,1,source_bf16_decode,0.633716583252,23228,12.3338699341
extension-10868182/web-Google,extension-10868182,qhcn052,True,web-Google,full_bf16,1,feature_fp32_add,0.641822814941,23228,12.3338699341
extension-10868182/web-Google,extension-10868182,qhcn052,True,web-Google,full_bf16,1,partial_state_load,0,0,12.3338699341
extension-10868182/web-Google,extension-10868182,qhcn052,True,web-Google,full_bf16,1,partial_state_store,0.0803470611572,2892,12.3338699341
extension-10868182/web-Google,extension-10868182,qhcn052,True,web-Google,full_bf16,1,partial_hi_pack,0.680208206177,23168,12.3338699341
extension-10868182/web-Google,extension-10868182,qhcn052,True,web-Google,full_bf16,1,partial_lo_residual,0,0,12.3338699341
extension-10868182/web-Google,extension-10868182,qhcn052,True,web-Google,full_bf16,1,partial_lo_pack,0,0,12.3338699341
extension-10868182/web-Google,extension-10868182,qhcn052,True,web-Google,full_bf16,1,amx_a_load,0.0448226928711,1448,12.3338699341
extension-10868182/web-Google,extension-10868182,qhcn052,True,web-Google,full_bf16,1,amx_b_load,0.149726867676,2896,12.3338699341
extension-10868182/web-Google,extension-10868182,qhcn052,True,web-Google,full_bf16,1,amx_tdp_compute,0.537395477295,2896,12.3338699341
extension-10868182/web-Google,extension-10868182,qhcn052,True,web-Google,full_bf16,1,amx_c_zero,0.0195503234863,362,12.3338699341
extension-10868182/web-Google,extension-10868182,qhcn052,True,web-Google,full_bf16,1,amx_c_load,0,0,12.3338699341
extension-10868182/web-Google,extension-10868182,qhcn052,True,web-Google,full_bf16,1,amx_c_store,0.0267028808594,362,12.3338699341
extension-10868182/web-Google,extension-10868182,qhcn052,True,web-Google,full_bf16,1,output_bf16_conversion,0,0,12.3338699341
extension-10868182/web-Google,extension-10868182,qhcn052,True,web-Google,full_bf16,1,output_store,0.129699707031,2936,12.3338699341
extension-10868182/web-Google,extension-10868182,qhcn052,True,web-Google,full_bf16,1,thread_permission,0.0100135803223,32,12.3338699341
extension-10868182/web-Google,extension-10868182,qhcn052,True,web-Google,full_bf16,1,thread_tile_config,0.00929832458496,32,12.3338699341
extension-10868182/web-Google,extension-10868182,qhcn052,True,web-Google,full_bf16,1,thread_tile_release,0.000953674316406,32,12.3338699341
extension-10868182/web-Google,extension-10868182,qhcn052,True,web-Google,full_bf16,1,row_metadata_read,0.0431537628174,225,12.3338699341
extension-10868182/web-Google,extension-10868182,qhcn052,True,web-Google,full_bf16,2,partial_init,0.0460147857666,181,10.7359886169
extension-10868182/web-Google,extension-10868182,qhcn052,True,web-Google,full_bf16,2,csr_index_read,0.798225402832,23228,10.7359886169
extension-10868182/web-Google,extension-10868182,qhcn052,True,web-Google,full_bf16,2,csr_next_index_read,0.585794448853,20336,10.7359886169
extension-10868182/web-Google,extension-10868182,qhcn052,True,web-Google,full_bf16,2,prefetch_issue,0.649213790894,20336,10.7359886169
extension-10868182/web-Google,extension-10868182,qhcn052,True,web-Google,full_bf16,2,source_feature_load,0.879287719727,23228,10.7359886169
extension-10868182/web-Google,extension-10868182,qhcn052,True,web-Google,full_bf16,2,source_bf16_decode,0.612497329712,23228,10.7359886169
extension-10868182/web-Google,extension-10868182,qhcn052,True,web-Google,full_bf16,2,feature_fp32_add,0.641345977783,23228,10.7359886169
extension-10868182/web-Google,extension-10868182,qhcn052,True,web-Google,full_bf16,2,partial_state_load,0,0,10.7359886169
extension-10868182/web-Google,extension-10868182,qhcn052,True,web-Google,full_bf16,2,partial_state_store,0.0712871551514,2892,10.7359886169
extension-10868182/web-Google,extension-10868182,qhcn052,True,web-Google,full_bf16,2,partial_hi_pack,0.713109970093,23168,10.7359886169
extension-10868182/web-Google,extension-10868182,qhcn052,True,web-Google,full_bf16,2,partial_lo_residual,0,0,10.7359886169
extension-10868182/web-Google,extension-10868182,qhcn052,True,web-Google,full_bf16,2,partial_lo_pack,0,0,10.7359886169
extension-10868182/web-Google,extension-10868182,qhcn052,True,web-Google,full_bf16,2,amx_a_load,0.0419616699219,1448,10.7359886169
extension-10868182/web-Google,extension-10868182,qhcn052,True,web-Google,full_bf16,2,amx_b_load,0.154495239258,2896,10.7359886169
extension-10868182/web-Google,extension-10868182,qhcn052,True,web-Google,full_bf16,2,amx_tdp_compute,0.54407119751,2896,10.7359886169
extension-10868182/web-Google,extension-10868182,qhcn052,True,web-Google,full_bf16,2,amx_c_zero,0.0100135803223,362,10.7359886169
extension-10868182/web-Google,extension-10868182,qhcn052,True,web-Google,full_bf16,2,amx_c_load,0,0,10.7359886169
extension-10868182/web-Google,extension-10868182,qhcn052,True,web-Google,full_bf16,2,amx_c_store,0.0205039978027,362,10.7359886169
extension-10868182/web-Google,extension-10868182,qhcn052,True,web-Google,full_bf16,2,output_bf16_conversion,0.0970363616943,2892,10.7359886169
extension-10868182/web-Google,extension-10868182,qhcn052,True,web-Google,full_bf16,2,output_store,0.0982284545898,2936,10.7359886169
extension-10868182/web-Google,extension-10868182,qhcn052,True,web-Google,full_bf16,2,thread_permission,0.016450881958,32,10.7359886169
extension-10868182/web-Google,extension-10868182,qhcn052,True,web-Google,full_bf16,2,thread_tile_config,0.00762939453125,32,10.7359886169
extension-10868182/web-Google,extension-10868182,qhcn052,True,web-Google,full_bf16,2,thread_tile_release,0.00190734863281,32,10.7359886169
extension-10868182/web-Google,extension-10868182,qhcn052,True,web-Google,full_bf16,2,row_metadata_read,0.0455379486084,225,10.7359886169
extension-10868182/web-Google,extension-10868182,qhcn052,True,web-Google,full_fp32,1,partial_init,0.0679492950439,181,15.1460170746
extension-10868182/web-Google,extension-10868182,qhcn052,True,web-Google,full_fp32,1,csr_index_read,0.887632369995,23228,15.1460170746
extension-10868182/web-Google,extension-10868182,qhcn052,True,web-Google,full_fp32,1,csr_next_index_read,0.539064407349,20336,15.1460170746
extension-10868182/web-Google,extension-10868182,qhcn052,True,web-Google,full_fp32,1,prefetch_issue,0.536680221558,20336,15.1460170746
extension-10868182/web-Google,extension-10868182,qhcn052,True,web-Google,full_fp32,1,source_feature_load,2.75421142578,23228,15.1460170746
extension-10868182/web-Google,extension-10868182,qhcn052,True,web-Google,full_fp32,1,source_bf16_decode,0,0,15.1460170746
extension-10868182/web-Google,extension-10868182,qhcn052,True,web-Google,full_fp32,1,feature_fp32_add,0.702381134033,23228,15.1460170746
extension-10868182/web-Google,extension-10868182,qhcn052,True,web-Google,full_fp32,1,partial_state_load,0,0,15.1460170746
extension-10868182/web-Google,extension-10868182,qhcn052,True,web-Google,full_fp32,1,partial_state_store,0.0791549682617,2892,15.1460170746
extension-10868182/web-Google,extension-10868182,qhcn052,True,web-Google,full_fp32,1,partial_hi_pack,0.652313232422,23168,15.1460170746
extension-10868182/web-Google,extension-10868182,qhcn052,True,web-Google,full_fp32,1,partial_lo_residual,0,0,15.1460170746
extension-10868182/web-Google,extension-10868182,qhcn052,True,web-Google,full_fp32,1,partial_lo_pack,0,0,15.1460170746
extension-10868182/web-Google,extension-10868182,qhcn052,True,web-Google,full_fp32,1,amx_a_load,0.0548362731934,1448,15.1460170746
extension-10868182/web-Google,extension-10868182,qhcn052,True,web-Google,full_fp32,1,amx_b_load,0.170469284058,2896,15.1460170746
extension-10868182/web-Google,extension-10868182,qhcn052,True,web-Google,full_fp32,1,amx_tdp_compute,0.539779663086,2896,15.1460170746
extension-10868182/web-Google,extension-10868182,qhcn052,True,web-Google,full_fp32,1,amx_c_zero,0.0126361846924,362,15.1460170746
extension-10868182/web-Google,extension-10868182,qhcn052,True,web-Google,full_fp32,1,amx_c_load,0,0,15.1460170746
extension-10868182/web-Google,extension-10868182,qhcn052,True,web-Google,full_fp32,1,amx_c_store,0.0162124633789,362,15.1460170746
extension-10868182/web-Google,extension-10868182,qhcn052,True,web-Google,full_fp32,1,output_bf16_conversion,0,0,15.1460170746
extension-10868182/web-Google,extension-10868182,qhcn052,True,web-Google,full_fp32,1,output_store,0.164985656738,2936,15.1460170746
extension-10868182/web-Google,extension-10868182,qhcn052,True,web-Google,full_fp32,1,thread_permission,0.0193119049072,32,15.1460170746
extension-10868182/web-Google,extension-10868182,qhcn052,True,web-Google,full_fp32,1,thread_tile_config,0.00572204589844,32,15.1460170746
extension-10868182/web-Google,extension-10868182,qhcn052,True,web-Google,full_fp32,1,thread_tile_release,0.000953674316406,32,15.1460170746
extension-10868182/web-Google,extension-10868182,qhcn052,True,web-Google,full_fp32,1,row_metadata_read,0.0617504119873,225,15.1460170746
extension-10868182/web-Google,extension-10868182,qhcn052,True,web-Google,full_fp32,2,partial_init,0.0450611114502,181,13.5412216187
extension-10868182/web-Google,extension-10868182,qhcn052,True,web-Google,full_fp32,2,csr_index_read,0.804901123047,23228,13.5412216187
extension-10868182/web-Google,extension-10868182,qhcn052,True,web-Google,full_fp32,2,csr_next_index_read,0.51212310791,20336,13.5412216187
extension-10868182/web-Google,extension-10868182,qhcn052,True,web-Google,full_fp32,2,prefetch_issue,0.557899475098,20336,13.5412216187
extension-10868182/web-Google,extension-10868182,qhcn052,True,web-Google,full_fp32,2,source_feature_load,2.59447097778,23228,13.5412216187
extension-10868182/web-Google,extension-10868182,qhcn052,True,web-Google,full_fp32,2,source_bf16_decode,0,0,13.5412216187
extension-10868182/web-Google,extension-10868182,qhcn052,True,web-Google,full_fp32,2,feature_fp32_add,0.637292861938,23228,13.5412216187
extension-10868182/web-Google,extension-10868182,qhcn052,True,web-Google,full_fp32,2,partial_state_load,0,0,13.5412216187
extension-10868182/web-Google,extension-10868182,qhcn052,True,web-Google,full_fp32,2,partial_state_store,0.093936920166,2892,13.5412216187
extension-10868182/web-Google,extension-10868182,qhcn052,True,web-Google,full_fp32,2,partial_hi_pack,0.659227371216,23168,13.5412216187
extension-10868182/web-Google,extension-10868182,qhcn052,True,web-Google,full_fp32,2,partial_lo_residual,0,0,13.5412216187
extension-10868182/web-Google,extension-10868182,qhcn052,True,web-Google,full_fp32,2,partial_lo_pack,0,0,13.5412216187
extension-10868182/web-Google,extension-10868182,qhcn052,True,web-Google,full_fp32,2,amx_a_load,0.0441074371338,1448,13.5412216187
extension-10868182/web-Google,extension-10868182,qhcn052,True,web-Google,full_fp32,2,amx_b_load,0.145673751831,2896,13.5412216187
extension-10868182/web-Google,extension-10868182,qhcn052,True,web-Google,full_fp32,2,amx_tdp_compute,0.505924224854,2896,13.5412216187
extension-10868182/web-Google,extension-10868182,qhcn052,True,web-Google,full_fp32,2,amx_c_zero,0.014066696167,362,13.5412216187
extension-10868182/web-Google,extension-10868182,qhcn052,True,web-Google,full_fp32,2,amx_c_load,0,0,13.5412216187
extension-10868182/web-Google,extension-10868182,qhcn052,True,web-Google,full_fp32,2,amx_c_store,0.0200271606445,362,13.5412216187
extension-10868182/web-Google,extension-10868182,qhcn052,True,web-Google,full_fp32,2,output_bf16_conversion,0.0951290130615,2892,13.5412216187
extension-10868182/web-Google,extension-10868182,qhcn052,True,web-Google,full_fp32,2,output_store,0.0836849212646,2936,13.5412216187
extension-10868182/web-Google,extension-10868182,qhcn052,True,web-Google,full_fp32,2,thread_permission,0.0104904174805,32,13.5412216187
extension-10868182/web-Google,extension-10868182,qhcn052,True,web-Google,full_fp32,2,thread_tile_config,0.00953674316406,32,13.5412216187
extension-10868182/web-Google,extension-10868182,qhcn052,True,web-Google,full_fp32,2,thread_tile_release,0.000953674316406,32,13.5412216187
extension-10868182/web-Google,extension-10868182,qhcn052,True,web-Google,full_fp32,2,row_metadata_read,0.0548362731934,225,13.5412216187
smoke-10867490/precision_high_tail,smoke-10867490,qhcn001,False,precision_high_tail,b64_bf16,1,partial_init,0.00190734863281,10,2.42710113525
smoke-10867490/precision_high_tail,smoke-10867490,qhcn001,False,precision_high_tail,b64_bf16,1,csr_index_read,0.128030776978,4635,2.42710113525
smoke-10867490/precision_high_tail,smoke-10867490,qhcn001,False,precision_high_tail,b64_bf16,1,csr_next_index_read,0.125408172607,4548,2.42710113525
smoke-10867490/precision_high_tail,smoke-10867490,qhcn001,False,precision_high_tail,b64_bf16,1,prefetch_issue,0.124931335449,4548,2.42710113525
smoke-10867490/precision_high_tail,smoke-10867490,qhcn001,False,precision_high_tail,b64_bf16,1,source_feature_load,0.141143798828,4635,2.42710113525
smoke-10867490/precision_high_tail,smoke-10867490,qhcn001,False,precision_high_tail,b64_bf16,1,source_bf16_decode,0.116586685181,4635,2.42710113525
smoke-10867490/precision_high_tail,smoke-10867490,qhcn001,False,precision_high_tail,b64_bf16,1,feature_fp32_add,0.132083892822,4635,2.42710113525
smoke-10867490/precision_high_tail,smoke-10867490,qhcn001,False,precision_high_tail,b64_bf16,1,partial_state_load,0,0,2.42710113525
smoke-10867490/precision_high_tail,smoke-10867490,qhcn001,False,precision_high_tail,b64_bf16,1,partial_state_store,0.00500679016113,97,2.42710113525
smoke-10867490/precision_high_tail,smoke-10867490,qhcn001,False,precision_high_tail,b64_bf16,1,partial_hi_pack,0.0369548797607,1280,2.42710113525
smoke-10867490/precision_high_tail,smoke-10867490,qhcn001,False,precision_high_tail,b64_bf16,1,partial_lo_residual,0,0,2.42710113525
smoke-10867490/precision_high_tail,smoke-10867490,qhcn001,False,precision_high_tail,b64_bf16,1,partial_lo_pack,0,0,2.42710113525
smoke-10867490/precision_high_tail,smoke-10867490,qhcn001,False,precision_high_tail,b64_bf16,1,amx_a_load,0.00286102294922,80,2.42710113525
smoke-10867490/precision_high_tail,smoke-10867490,qhcn001,False,precision_high_tail,b64_bf16,1,amx_b_load,0.00596046447754,160,2.42710113525
smoke-10867490/precision_high_tail,smoke-10867490,qhcn001,False,precision_high_tail,b64_bf16,1,amx_tdp_compute,0.0238418579102,160,2.42710113525
smoke-10867490/precision_high_tail,smoke-10867490,qhcn001,False,precision_high_tail,b64_bf16,1,amx_c_zero,0,4,2.42710113525
smoke-10867490/precision_high_tail,smoke-10867490,qhcn001,False,precision_high_tail,b64_bf16,1,amx_c_load,0,16,2.42710113525
smoke-10867490/precision_high_tail,smoke-10867490,qhcn001,False,precision_high_tail,b64_bf16,1,amx_c_store,0.00119209289551,20,2.42710113525
smoke-10867490/precision_high_tail,smoke-10867490,qhcn001,False,precision_high_tail,b64_bf16,1,output_bf16_conversion,0,0,2.42710113525
smoke-10867490/precision_high_tail,smoke-10867490,qhcn001,False,precision_high_tail,b64_bf16,1,output_store,0.000953674316406,25,2.42710113525
smoke-10867490/precision_high_tail,smoke-10867490,qhcn001,False,precision_high_tail,b64_bf16,1,thread_permission,0,4,2.42710113525
smoke-10867490/precision_high_tail,smoke-10867490,qhcn001,False,precision_high_tail,b64_bf16,1,thread_tile_config,0,4,2.42710113525
smoke-10867490/precision_high_tail,smoke-10867490,qhcn001,False,precision_high_tail,b64_bf16,1,thread_tile_release,0,4,2.42710113525
smoke-10867490/precision_high_tail,smoke-10867490,qhcn001,False,precision_high_tail,b64_bf16,1,row_metadata_read,0,2,2.42710113525
smoke-10867490/precision_high_tail,smoke-10867490,qhcn001,False,precision_high_tail,b64_bf16,2,partial_init,0.00405311584473,10,2.39515304565
smoke-10867490/precision_high_tail,smoke-10867490,qhcn001,False,precision_high_tail,b64_bf16,2,csr_index_read,0.128507614136,4635,2.39515304565
smoke-10867490/precision_high_tail,smoke-10867490,qhcn001,False,precision_high_tail,b64_bf16,2,csr_next_index_read,0.110864639282,4548,2.39515304565
smoke-10867490/precision_high_tail,smoke-10867490,qhcn001,False,precision_high_tail,b64_bf16,2,prefetch_issue,0.117301940918,4548,2.39515304565
smoke-10867490/precision_high_tail,smoke-10867490,qhcn001,False,precision_high_tail,b64_bf16,2,source_feature_load,0.14328956604,4635,2.39515304565
smoke-10867490/precision_high_tail,smoke-10867490,qhcn001,False,precision_high_tail,b64_bf16,2,source_bf16_decode,0.137329101562,4635,2.39515304565
smoke-10867490/precision_high_tail,smoke-10867490,qhcn001,False,precision_high_tail,b64_bf16,2,feature_fp32_add,0.133991241455,4635,2.39515304565
smoke-10867490/precision_high_tail,smoke-10867490,qhcn001,False,precision_high_tail,b64_bf16,2,partial_state_load,0,0,2.39515304565
smoke-10867490/precision_high_tail,smoke-10867490,qhcn001,False,precision_high_tail,b64_bf16,2,partial_state_store,0.00286102294922,97,2.39515304565
smoke-10867490/precision_high_tail,smoke-10867490,qhcn001,False,precision_high_tail,b64_bf16,2,partial_hi_pack,0.0410079956055,1280,2.39515304565
smoke-10867490/precision_high_tail,smoke-10867490,qhcn001,False,precision_high_tail,b64_bf16,2,partial_lo_residual,0,0,2.39515304565
smoke-10867490/precision_high_tail,smoke-10867490,qhcn001,False,precision_high_tail,b64_bf16,2,partial_lo_pack,0,0,2.39515304565
smoke-10867490/precision_high_tail,smoke-10867490,qhcn001,False,precision_high_tail,b64_bf16,2,amx_a_load,0.00452995300293,80,2.39515304565
smoke-10867490/precision_high_tail,smoke-10867490,qhcn001,False,precision_high_tail,b64_bf16,2,amx_b_load,0.00572204589844,160,2.39515304565
smoke-10867490/precision_high_tail,smoke-10867490,qhcn001,False,precision_high_tail,b64_bf16,2,amx_tdp_compute,0.0252723693848,160,2.39515304565
smoke-10867490/precision_high_tail,smoke-10867490,qhcn001,False,precision_high_tail,b64_bf16,2,amx_c_zero,0.000953674316406,4,2.39515304565
smoke-10867490/precision_high_tail,smoke-10867490,qhcn001,False,precision_high_tail,b64_bf16,2,amx_c_load,0.00119209289551,16,2.39515304565
smoke-10867490/precision_high_tail,smoke-10867490,qhcn001,False,precision_high_tail,b64_bf16,2,amx_c_store,0,20,2.39515304565
smoke-10867490/precision_high_tail,smoke-10867490,qhcn001,False,precision_high_tail,b64_bf16,2,output_bf16_conversion,0.000953674316406,25,2.39515304565
smoke-10867490/precision_high_tail,smoke-10867490,qhcn001,False,precision_high_tail,b64_bf16,2,output_store,0.000953674316406,25,2.39515304565
smoke-10867490/precision_high_tail,smoke-10867490,qhcn001,False,precision_high_tail,b64_bf16,2,thread_permission,0,4,2.39515304565
smoke-10867490/precision_high_tail,smoke-10867490,qhcn001,False,precision_high_tail,b64_bf16,2,thread_tile_config,0.00119209289551,4,2.39515304565
smoke-10867490/precision_high_tail,smoke-10867490,qhcn001,False,precision_high_tail,b64_bf16,2,thread_tile_release,0,4,2.39515304565
smoke-10867490/precision_high_tail,smoke-10867490,qhcn001,False,precision_high_tail,b64_bf16,2,row_metadata_read,0,2,2.39515304565
smoke-10867490/precision_high_tail,smoke-10867490,qhcn001,False,precision_high_tail,b64_fp32,1,partial_init,0.00309944152832,10,2.12812423706
smoke-10867490/precision_high_tail,smoke-10867490,qhcn001,False,precision_high_tail,b64_fp32,1,csr_index_read,0.127553939819,4635,2.12812423706
smoke-10867490/precision_high_tail,smoke-10867490,qhcn001,False,precision_high_tail,b64_fp32,1,csr_next_index_read,0.133991241455,4548,2.12812423706
smoke-10867490/precision_high_tail,smoke-10867490,qhcn001,False,precision_high_tail,b64_fp32,1,prefetch_issue,0.126600265503,4548,2.12812423706
smoke-10867490/precision_high_tail,smoke-10867490,qhcn001,False,precision_high_tail,b64_fp32,1,source_feature_load,0.141143798828,4635,2.12812423706
smoke-10867490/precision_high_tail,smoke-10867490,qhcn001,False,precision_high_tail,b64_fp32,1,source_bf16_decode,0,0,2.12812423706
smoke-10867490/precision_high_tail,smoke-10867490,qhcn001,False,precision_high_tail,b64_fp32,1,feature_fp32_add,0.132322311401,4635,2.12812423706
smoke-10867490/precision_high_tail,smoke-10867490,qhcn001,False,precision_high_tail,b64_fp32,1,partial_state_load,0,0,2.12812423706
smoke-10867490/precision_high_tail,smoke-10867490,qhcn001,False,precision_high_tail,b64_fp32,1,partial_state_store,0.00381469726562,97,2.12812423706
smoke-10867490/precision_high_tail,smoke-10867490,qhcn001,False,precision_high_tail,b64_fp32,1,partial_hi_pack,0.0357627868652,1280,2.12812423706
smoke-10867490/precision_high_tail,smoke-10867490,qhcn001,False,precision_high_tail,b64_fp32,1,partial_lo_residual,0,0,2.12812423706
smoke-10867490/precision_high_tail,smoke-10867490,qhcn001,False,precision_high_tail,b64_fp32,1,partial_lo_pack,0,0,2.12812423706
smoke-10867490/precision_high_tail,smoke-10867490,qhcn001,False,precision_high_tail,b64_fp32,1,amx_a_load,0.00190734863281,80,2.12812423706
smoke-10867490/precision_high_tail,smoke-10867490,qhcn001,False,precision_high_tail,b64_fp32,1,amx_b_load,0.00619888305664,160,2.12812423706
smoke-10867490/precision_high_tail,smoke-10867490,qhcn001,False,precision_high_tail,b64_fp32,1,amx_tdp_compute,0.0321865081787,160,2.12812423706
smoke-10867490/precision_high_tail,smoke-10867490,qhcn001,False,precision_high_tail,b64_fp32,1,amx_c_zero,0,4,2.12812423706
smoke-10867490/precision_high_tail,smoke-10867490,qhcn001,False,precision_high_tail,b64_fp32,1,amx_c_load,0.00119209289551,16,2.12812423706
smoke-10867490/precision_high_tail,smoke-10867490,qhcn001,False,precision_high_tail,b64_fp32,1,amx_c_store,0.000953674316406,20,2.12812423706
smoke-10867490/precision_high_tail,smoke-10867490,qhcn001,False,precision_high_tail,b64_fp32,1,output_bf16_conversion,0,0,2.12812423706
smoke-10867490/precision_high_tail,smoke-10867490,qhcn001,False,precision_high_tail,b64_fp32,1,output_store,0,25,2.12812423706
smoke-10867490/precision_high_tail,smoke-10867490,qhcn001,False,precision_high_tail,b64_fp32,1,thread_permission,0.000953674316406,4,2.12812423706
smoke-10867490/precision_high_tail,smoke-10867490,qhcn001,False,precision_high_tail,b64_fp32,1,thread_tile_config,0,4,2.12812423706
smoke-10867490/precision_high_tail,smoke-10867490,qhcn001,False,precision_high_tail,b64_fp32,1,thread_tile_release,0,4,2.12812423706
smoke-10867490/precision_high_tail,smoke-10867490,qhcn001,False,precision_high_tail,b64_fp32,1,row_metadata_read,0,2,2.12812423706
smoke-10867490/precision_high_tail,smoke-10867490,qhcn001,False,precision_high_tail,b64_fp32,2,partial_init,0.00214576721191,10,2.04086303711
smoke-10867490/precision_high_tail,smoke-10867490,qhcn001,False,precision_high_tail,b64_fp32,2,csr_index_read,0.137805938721,4635,2.04086303711
smoke-10867490/precision_high_tail,smoke-10867490,qhcn001,False,precision_high_tail,b64_fp32,2,csr_next_index_read,0.114917755127,4548,2.04086303711
smoke-10867490/precision_high_tail,smoke-10867490,qhcn001,False,precision_high_tail,b64_fp32,2,prefetch_issue,0.123023986816,4548,2.04086303711
smoke-10867490/precision_high_tail,smoke-10867490,qhcn001,False,precision_high_tail,b64_fp32,2,source_feature_load,0.12731552124,4635,2.04086303711
smoke-10867490/precision_high_tail,smoke-10867490,qhcn001,False,precision_high_tail,b64_fp32,2,source_bf16_decode,0,0,2.04086303711
smoke-10867490/precision_high_tail,smoke-10867490,qhcn001,False,precision_high_tail,b64_fp32,2,feature_fp32_add,0.126361846924,4635,2.04086303711
smoke-10867490/precision_high_tail,smoke-10867490,qhcn001,False,precision_high_tail,b64_fp32,2,partial_state_load,0,0,2.04086303711
smoke-10867490/precision_high_tail,smoke-10867490,qhcn001,False,precision_high_tail,b64_fp32,2,partial_state_store,0.000953674316406,97,2.04086303711
smoke-10867490/precision_high_tail,smoke-10867490,qhcn001,False,precision_high_tail,b64_fp32,2,partial_hi_pack,0.0362396240234,1280,2.04086303711
smoke-10867490/precision_high_tail,smoke-10867490,qhcn001,False,precision_high_tail,b64_fp32,2,partial_lo_residual,0,0,2.04086303711
smoke-10867490/precision_high_tail,smoke-10867490,qhcn001,False,precision_high_tail,b64_fp32,2,partial_lo_pack,0,0,2.04086303711
smoke-10867490/precision_high_tail,smoke-10867490,qhcn001,False,precision_high_tail,b64_fp32,2,amx_a_load,0.00405311584473,80,2.04086303711
smoke-10867490/precision_high_tail,smoke-10867490,qhcn001,False,precision_high_tail,b64_fp32,2,amx_b_load,0.00572204589844,160,2.04086303711
smoke-10867490/precision_high_tail,smoke-10867490,qhcn001,False,precision_high_tail,b64_fp32,2,amx_tdp_compute,0.0228881835938,160,2.04086303711
smoke-10867490/precision_high_tail,smoke-10867490,qhcn001,False,precision_high_tail,b64_fp32,2,amx_c_zero,0,4,2.04086303711
smoke-10867490/precision_high_tail,smoke-10867490,qhcn001,False,precision_high_tail,b64_fp32,2,amx_c_load,0,16,2.04086303711
smoke-10867490/precision_high_tail,smoke-10867490,qhcn001,False,precision_high_tail,b64_fp32,2,amx_c_store,0.000953674316406,20,2.04086303711
smoke-10867490/precision_high_tail,smoke-10867490,qhcn001,False,precision_high_tail,b64_fp32,2,output_bf16_conversion,0.000953674316406,25,2.04086303711
smoke-10867490/precision_high_tail,smoke-10867490,qhcn001,False,precision_high_tail,b64_fp32,2,output_store,0,25,2.04086303711
smoke-10867490/precision_high_tail,smoke-10867490,qhcn001,False,precision_high_tail,b64_fp32,2,thread_permission,0,4,2.04086303711
smoke-10867490/precision_high_tail,smoke-10867490,qhcn001,False,precision_high_tail,b64_fp32,2,thread_tile_config,0,4,2.04086303711
smoke-10867490/precision_high_tail,smoke-10867490,qhcn001,False,precision_high_tail,b64_fp32,2,thread_tile_release,0.000953674316406,4,2.04086303711
smoke-10867490/precision_high_tail,smoke-10867490,qhcn001,False,precision_high_tail,b64_fp32,2,row_metadata_read,0,2,2.04086303711
smoke-10867490/precision_high_tail,smoke-10867490,qhcn001,False,precision_high_tail,full_bf16,1,partial_init,0,2,2.35915184021
smoke-10867490/precision_high_tail,smoke-10867490,qhcn001,False,precision_high_tail,full_bf16,1,csr_index_read,0.126600265503,4635,2.35915184021
smoke-10867490/precision_high_tail,smoke-10867490,qhcn001,False,precision_high_tail,full_bf16,1,csr_next_index_read,0.127792358398,4617,2.35915184021
smoke-10867490/precision_high_tail,smoke-10867490,qhcn001,False,precision_high_tail,full_bf16,1,prefetch_issue,0.124931335449,4617,2.35915184021
smoke-10867490/precision_high_tail,smoke-10867490,qhcn001,False,precision_high_tail,full_bf16,1,source_feature_load,0.131845474243,4635,2.35915184021
smoke-10867490/precision_high_tail,smoke-10867490,qhcn001,False,precision_high_tail,full_bf16,1,source_bf16_decode,0.137090682983,4635,2.35915184021
smoke-10867490/precision_high_tail,smoke-10867490,qhcn001,False,precision_high_tail,full_bf16,1,feature_fp32_add,0.128984451294,4635,2.35915184021
smoke-10867490/precision_high_tail,smoke-10867490,qhcn001,False,precision_high_tail,full_bf16,1,partial_state_load,0,0,2.35915184021
smoke-10867490/precision_high_tail,smoke-10867490,qhcn001,False,precision_high_tail,full_bf16,1,partial_state_store,0,25,2.35915184021
smoke-10867490/precision_high_tail,smoke-10867490,qhcn001,False,precision_high_tail,full_bf16,1,partial_hi_pack,0.00810623168945,256,2.35915184021
smoke-10867490/precision_high_tail,smoke-10867490,qhcn001,False,precision_high_tail,full_bf16,1,partial_lo_residual,0,0,2.35915184021
smoke-10867490/precision_high_tail,smoke-10867490,qhcn001,False,precision_high_tail,full_bf16,1,partial_lo_pack,0,0,2.35915184021
smoke-10867490/precision_high_tail,smoke-10867490,qhcn001,False,precision_high_tail,full_bf16,1,amx_a_load,0,16,2.35915184021
smoke-10867490/precision_high_tail,smoke-10867490,qhcn001,False,precision_high_tail,full_bf16,1,amx_b_load,0.00119209289551,32,2.35915184021
smoke-10867490/precision_high_tail,smoke-10867490,qhcn001,False,precision_high_tail,full_bf16,1,amx_tdp_compute,0.00691413879395,32,2.35915184021
smoke-10867490/precision_high_tail,smoke-10867490,qhcn001,False,precision_high_tail,full_bf16,1,amx_c_zero,0,4,2.35915184021
smoke-10867490/precision_high_tail,smoke-10867490,qhcn001,False,precision_high_tail,full_bf16,1,amx_c_load,0,0,2.35915184021
smoke-10867490/precision_high_tail,smoke-10867490,qhcn001,False,precision_high_tail,full_bf16,1,amx_c_store,0,4,2.35915184021
smoke-10867490/precision_high_tail,smoke-10867490,qhcn001,False,precision_high_tail,full_bf16,1,output_bf16_conversion,0,0,2.35915184021
smoke-10867490/precision_high_tail,smoke-10867490,qhcn001,False,precision_high_tail,full_bf16,1,output_store,0.000953674316406,25,2.35915184021
smoke-10867490/precision_high_tail,smoke-10867490,qhcn001,False,precision_high_tail,full_bf16,1,thread_permission,0,4,2.35915184021
smoke-10867490/precision_high_tail,smoke-10867490,qhcn001,False,precision_high_tail,full_bf16,1,thread_tile_config,0.000953674316406,4,2.35915184021
smoke-10867490/precision_high_tail,smoke-10867490,qhcn001,False,precision_high_tail,full_bf16,1,thread_tile_release,0,4,2.35915184021
smoke-10867490/precision_high_tail,smoke-10867490,qhcn001,False,precision_high_tail,full_bf16,1,row_metadata_read,0,2,2.35915184021
smoke-10867490/precision_high_tail,smoke-10867490,qhcn001,False,precision_high_tail,full_bf16,2,partial_init,0.000953674316406,2,2.32601165771
smoke-10867490/precision_high_tail,smoke-10867490,qhcn001,False,precision_high_tail,full_bf16,2,csr_index_read,0.13256072998,4635,2.32601165771
smoke-10867490/precision_high_tail,smoke-10867490,qhcn001,False,precision_high_tail,full_bf16,2,csr_next_index_read,0.124454498291,4617,2.32601165771
smoke-10867490/precision_high_tail,smoke-10867490,qhcn001,False,precision_high_tail,full_bf16,2,prefetch_issue,0.124216079712,4617,2.32601165771
smoke-10867490/precision_high_tail,smoke-10867490,qhcn001,False,precision_high_tail,full_bf16,2,source_feature_load,0.133037567139,4635,2.32601165771
smoke-10867490/precision_high_tail,smoke-10867490,qhcn001,False,precision_high_tail,full_bf16,2,source_bf16_decode,0.130176544189,4635,2.32601165771
smoke-10867490/precision_high_tail,smoke-10867490,qhcn001,False,precision_high_tail,full_bf16,2,feature_fp32_add,0.131607055664,4635,2.32601165771
smoke-10867490/precision_high_tail,smoke-10867490,qhcn001,False,precision_high_tail,full_bf16,2,partial_state_load,0,0,2.32601165771
smoke-10867490/precision_high_tail,smoke-10867490,qhcn001,False,precision_high_tail,full_bf16,2,partial_state_store,0.00190734863281,25,2.32601165771
smoke-10867490/precision_high_tail,smoke-10867490,qhcn001,False,precision_high_tail,full_bf16,2,partial_hi_pack,0.00405311584473,256,2.32601165771
smoke-10867490/precision_high_tail,smoke-10867490,qhcn001,False,precision_high_tail,full_bf16,2,partial_lo_residual,0,0,2.32601165771
smoke-10867490/precision_high_tail,smoke-10867490,qhcn001,False,precision_high_tail,full_bf16,2,partial_lo_pack,0,0,2.32601165771
smoke-10867490/precision_high_tail,smoke-10867490,qhcn001,False,precision_high_tail,full_bf16,2,amx_a_load,0.000953674316406,16,2.32601165771
smoke-10867490/precision_high_tail,smoke-10867490,qhcn001,False,precision_high_tail,full_bf16,2,amx_b_load,0.00500679016113,32,2.32601165771
smoke-10867490/precision_high_tail,smoke-10867490,qhcn001,False,precision_high_tail,full_bf16,2,amx_tdp_compute,0.00739097595215,32,2.32601165771
smoke-10867490/precision_high_tail,smoke-10867490,qhcn001,False,precision_high_tail,full_bf16,2,amx_c_zero,0,4,2.32601165771
smoke-10867490/precision_high_tail,smoke-10867490,qhcn001,False,precision_high_tail,full_bf16,2,amx_c_load,0,0,2.32601165771
smoke-10867490/precision_high_tail,smoke-10867490,qhcn001,False,precision_high_tail,full_bf16,2,amx_c_store,0,4,2.32601165771
smoke-10867490/precision_high_tail,smoke-10867490,qhcn001,False,precision_high_tail,full_bf16,2,output_bf16_conversion,0.000953674316406,25,2.32601165771
smoke-10867490/precision_high_tail,smoke-10867490,qhcn001,False,precision_high_tail,full_bf16,2,output_store,0,25,2.32601165771
smoke-10867490/precision_high_tail,smoke-10867490,qhcn001,False,precision_high_tail,full_bf16,2,thread_permission,0.00190734863281,4,2.32601165771
smoke-10867490/precision_high_tail,smoke-10867490,qhcn001,False,precision_high_tail,full_bf16,2,thread_tile_config,0,4,2.32601165771
smoke-10867490/precision_high_tail,smoke-10867490,qhcn001,False,precision_high_tail,full_bf16,2,thread_tile_release,0,4,2.32601165771
smoke-10867490/precision_high_tail,smoke-10867490,qhcn001,False,precision_high_tail,full_bf16,2,row_metadata_read,0,2,2.32601165771
smoke-10867490/precision_high_tail,smoke-10867490,qhcn001,False,precision_high_tail,full_fp32,1,partial_init,0.000953674316406,2,2.21300125122
smoke-10867490/precision_high_tail,smoke-10867490,qhcn001,False,precision_high_tail,full_fp32,1,csr_index_read,0.146389007568,4635,2.21300125122
smoke-10867490/precision_high_tail,smoke-10867490,qhcn001,False,precision_high_tail,full_fp32,1,csr_next_index_read,0.145196914673,4617,2.21300125122
smoke-10867490/precision_high_tail,smoke-10867490,qhcn001,False,precision_high_tail,full_fp32,1,prefetch_issue,0.149965286255,4617,2.21300125122
smoke-10867490/precision_high_tail,smoke-10867490,qhcn001,False,precision_high_tail,full_fp32,1,source_feature_load,0.129461288452,4635,2.21300125122
smoke-10867490/precision_high_tail,smoke-10867490,qhcn001,False,precision_high_tail,full_fp32,1,source_bf16_decode,0,0,2.21300125122
smoke-10867490/precision_high_tail,smoke-10867490,qhcn001,False,precision_high_tail,full_fp32,1,feature_fp32_add,0.133037567139,4635,2.21300125122
smoke-10867490/precision_high_tail,smoke-10867490,qhcn001,False,precision_high_tail,full_fp32,1,partial_state_load,0,0,2.21300125122
smoke-10867490/precision_high_tail,smoke-10867490,qhcn001,False,precision_high_tail,full_fp32,1,partial_state_store,0.00190734863281,25,2.21300125122
smoke-10867490/precision_high_tail,smoke-10867490,qhcn001,False,precision_high_tail,full_fp32,1,partial_hi_pack,0.00715255737305,256,2.21300125122
smoke-10867490/precision_high_tail,smoke-10867490,qhcn001,False,precision_high_tail,full_fp32,1,partial_lo_residual,0,0,2.21300125122
smoke-10867490/precision_high_tail,smoke-10867490,qhcn001,False,precision_high_tail,full_fp32,1,partial_lo_pack,0,0,2.21300125122
smoke-10867490/precision_high_tail,smoke-10867490,qhcn001,False,precision_high_tail,full_fp32,1,amx_a_load,0,16,2.21300125122
smoke-10867490/precision_high_tail,smoke-10867490,qhcn001,False,precision_high_tail,full_fp32,1,amx_b_load,0.00119209289551,32,2.21300125122
smoke-10867490/precision_high_tail,smoke-10867490,qhcn001,False,precision_high_tail,full_fp32,1,amx_tdp_compute,0.00596046447754,32,2.21300125122
smoke-10867490/precision_high_tail,smoke-10867490,qhcn001,False,precision_high_tail,full_fp32,1,amx_c_zero,0,4,2.21300125122
smoke-10867490/precision_high_tail,smoke-10867490,qhcn001,False,precision_high_tail,full_fp32,1,amx_c_load,0,0,2.21300125122
smoke-10867490/precision_high_tail,smoke-10867490,qhcn001,False,precision_high_tail,full_fp32,1,amx_c_store,0.000953674316406,4,2.21300125122
smoke-10867490/precision_high_tail,smoke-10867490,qhcn001,False,precision_high_tail,full_fp32,1,output_bf16_conversion,0,0,2.21300125122
smoke-10867490/precision_high_tail,smoke-10867490,qhcn001,False,precision_high_tail,full_fp32,1,output_store,0.000953674316406,25,2.21300125122
smoke-10867490/precision_high_tail,smoke-10867490,qhcn001,False,precision_high_tail,full_fp32,1,thread_permission,0.00190734863281,4,2.21300125122
smoke-10867490/precision_high_tail,smoke-10867490,qhcn001,False,precision_high_tail,full_fp32,1,thread_tile_config,0,4,2.21300125122
smoke-10867490/precision_high_tail,smoke-10867490,qhcn001,False,precision_high_tail,full_fp32,1,thread_tile_release,0.000953674316406,4,2.21300125122
smoke-10867490/precision_high_tail,smoke-10867490,qhcn001,False,precision_high_tail,full_fp32,1,row_metadata_read,0,2,2.21300125122
smoke-10867490/precision_high_tail,smoke-10867490,qhcn001,False,precision_high_tail,full_fp32,2,partial_init,0,2,2.07614898682
smoke-10867490/precision_high_tail,smoke-10867490,qhcn001,False,precision_high_tail,full_fp32,2,csr_index_read,0.119924545288,4635,2.07614898682
smoke-10867490/precision_high_tail,smoke-10867490,qhcn001,False,precision_high_tail,full_fp32,2,csr_next_index_read,0.138998031616,4617,2.07614898682
smoke-10867490/precision_high_tail,smoke-10867490,qhcn001,False,precision_high_tail,full_fp32,2,prefetch_issue,0.144004821777,4617,2.07614898682
smoke-10867490/precision_high_tail,smoke-10867490,qhcn001,False,precision_high_tail,full_fp32,2,source_feature_load,0.143051147461,4635,2.07614898682
smoke-10867490/precision_high_tail,smoke-10867490,qhcn001,False,precision_high_tail,full_fp32,2,source_bf16_decode,0,0,2.07614898682
smoke-10867490/precision_high_tail,smoke-10867490,qhcn001,False,precision_high_tail,full_fp32,2,feature_fp32_add,0.135660171509,4635,2.07614898682
smoke-10867490/precision_high_tail,smoke-10867490,qhcn001,False,precision_high_tail,full_fp32,2,partial_state_load,0,0,2.07614898682
smoke-10867490/precision_high_tail,smoke-10867490,qhcn001,False,precision_high_tail,full_fp32,2,partial_state_store,0.000953674316406,25,2.07614898682
smoke-10867490/precision_high_tail,smoke-10867490,qhcn001,False,precision_high_tail,full_fp32,2,partial_hi_pack,0.00524520874023,256,2.07614898682
smoke-10867490/precision_high_tail,smoke-10867490,qhcn001,False,precision_high_tail,full_fp32,2,partial_lo_residual,0,0,2.07614898682
smoke-10867490/precision_high_tail,smoke-10867490,qhcn001,False,precision_high_tail,full_fp32,2,partial_lo_pack,0,0,2.07614898682
smoke-10867490/precision_high_tail,smoke-10867490,qhcn001,False,precision_high_tail,full_fp32,2,amx_a_load,0,16,2.07614898682
smoke-10867490/precision_high_tail,smoke-10867490,qhcn001,False,precision_high_tail,full_fp32,2,amx_b_load,0.000953674316406,32,2.07614898682
smoke-10867490/precision_high_tail,smoke-10867490,qhcn001,False,precision_high_tail,full_fp32,2,amx_tdp_compute,0.00786781311035,32,2.07614898682
smoke-10867490/precision_high_tail,smoke-10867490,qhcn001,False,precision_high_tail,full_fp32,2,amx_c_zero,0,4,2.07614898682
smoke-10867490/precision_high_tail,smoke-10867490,qhcn001,False,precision_high_tail,full_fp32,2,amx_c_load,0,0,2.07614898682
smoke-10867490/precision_high_tail,smoke-10867490,qhcn001,False,precision_high_tail,full_fp32,2,amx_c_store,0,4,2.07614898682
smoke-10867490/precision_high_tail,smoke-10867490,qhcn001,False,precision_high_tail,full_fp32,2,output_bf16_conversion,0.00190734863281,25,2.07614898682
smoke-10867490/precision_high_tail,smoke-10867490,qhcn001,False,precision_high_tail,full_fp32,2,output_store,0,25,2.07614898682
smoke-10867490/precision_high_tail,smoke-10867490,qhcn001,False,precision_high_tail,full_fp32,2,thread_permission,0.00119209289551,4,2.07614898682
smoke-10867490/precision_high_tail,smoke-10867490,qhcn001,False,precision_high_tail,full_fp32,2,thread_tile_config,0.00119209289551,4,2.07614898682
smoke-10867490/precision_high_tail,smoke-10867490,qhcn001,False,precision_high_tail,full_fp32,2,thread_tile_release,0,4,2.07614898682
smoke-10867490/precision_high_tail,smoke-10867490,qhcn001,False,precision_high_tail,full_fp32,2,row_metadata_read,0,2,2.07614898682
smoke-10867490/precision_scope_tail,smoke-10867490,qhcn001,False,precision_scope_tail,b64_bf16,1,partial_init,0.000953674316406,9,2.7449131012
smoke-10867490/precision_scope_tail,smoke-10867490,qhcn001,False,precision_scope_tail,b64_bf16,1,csr_index_read,0.136137008667,4617,2.7449131012
smoke-10867490/precision_scope_tail,smoke-10867490,qhcn001,False,precision_scope_tail,b64_bf16,1,csr_next_index_read,0.126361846924,4536,2.7449131012
smoke-10867490/precision_scope_tail,smoke-10867490,qhcn001,False,precision_scope_tail,b64_bf16,1,prefetch_issue,0.145673751831,4536,2.7449131012
smoke-10867490/precision_scope_tail,smoke-10867490,qhcn001,False,precision_scope_tail,b64_bf16,1,source_feature_load,0.133514404297,4617,2.7449131012
smoke-10867490/precision_scope_tail,smoke-10867490,qhcn001,False,precision_scope_tail,b64_bf16,1,source_bf16_decode,0.125169754028,4617,2.7449131012
smoke-10867490/precision_scope_tail,smoke-10867490,qhcn001,False,precision_scope_tail,b64_bf16,1,feature_fp32_add,0.144481658936,4617,2.7449131012
smoke-10867490/precision_scope_tail,smoke-10867490,qhcn001,False,precision_scope_tail,b64_bf16,1,partial_state_load,0,0,2.7449131012
smoke-10867490/precision_scope_tail,smoke-10867490,qhcn001,False,precision_scope_tail,b64_bf16,1,partial_state_store,0.00190734863281,81,2.7449131012
smoke-10867490/precision_scope_tail,smoke-10867490,qhcn001,False,precision_scope_tail,b64_bf16,1,partial_hi_pack,0.0321865081787,1152,2.7449131012
smoke-10867490/precision_scope_tail,smoke-10867490,qhcn001,False,precision_scope_tail,b64_bf16,1,partial_lo_residual,0,0,2.7449131012
smoke-10867490/precision_scope_tail,smoke-10867490,qhcn001,False,precision_scope_tail,b64_bf16,1,partial_lo_pack,0,0,2.7449131012
smoke-10867490/precision_scope_tail,smoke-10867490,qhcn001,False,precision_scope_tail,b64_bf16,1,amx_a_load,0,72,2.7449131012
smoke-10867490/precision_scope_tail,smoke-10867490,qhcn001,False,precision_scope_tail,b64_bf16,1,amx_b_load,0.00810623168945,144,2.7449131012
smoke-10867490/precision_scope_tail,smoke-10867490,qhcn001,False,precision_scope_tail,b64_bf16,1,amx_tdp_compute,0.0162124633789,144,2.7449131012
smoke-10867490/precision_scope_tail,smoke-10867490,qhcn001,False,precision_scope_tail,b64_bf16,1,amx_c_zero,0,2,2.7449131012
smoke-10867490/precision_scope_tail,smoke-10867490,qhcn001,False,precision_scope_tail,b64_bf16,1,amx_c_load,0.00190734863281,16,2.7449131012
smoke-10867490/precision_scope_tail,smoke-10867490,qhcn001,False,precision_scope_tail,b64_bf16,1,amx_c_store,0.000953674316406,18,2.7449131012
smoke-10867490/precision_scope_tail,smoke-10867490,qhcn001,False,precision_scope_tail,b64_bf16,1,output_bf16_conversion,0,0,2.7449131012
smoke-10867490/precision_scope_tail,smoke-10867490,qhcn001,False,precision_scope_tail,b64_bf16,1,output_store,0.00309944152832,10,2.7449131012
smoke-10867490/precision_scope_tail,smoke-10867490,qhcn001,False,precision_scope_tail,b64_bf16,1,thread_permission,0.000953674316406,4,2.7449131012
smoke-10867490/precision_scope_tail,smoke-10867490,qhcn001,False,precision_scope_tail,b64_bf16,1,thread_tile_config,0,4,2.7449131012
smoke-10867490/precision_scope_tail,smoke-10867490,qhcn001,False,precision_scope_tail,b64_bf16,1,thread_tile_release,0,4,2.7449131012
smoke-10867490/precision_scope_tail,smoke-10867490,qhcn001,False,precision_scope_tail,b64_bf16,1,row_metadata_read,0.000953674316406,2,2.7449131012
smoke-10867490/precision_scope_tail,smoke-10867490,qhcn001,False,precision_scope_tail,b64_bf16,2,partial_init,0.000953674316406,9,2.56204605103
smoke-10867490/precision_scope_tail,smoke-10867490,qhcn001,False,precision_scope_tail,b64_bf16,2,csr_index_read,0.1220703125,4617,2.56204605103
smoke-10867490/precision_scope_tail,smoke-10867490,qhcn001,False,precision_scope_tail,b64_bf16,2,csr_next_index_read,0.131845474243,4536,2.56204605103
smoke-10867490/precision_scope_tail,smoke-10867490,qhcn001,False,precision_scope_tail,b64_bf16,2,prefetch_issue,0.121116638184,4536,2.56204605103
smoke-10867490/precision_scope_tail,smoke-10867490,qhcn001,False,precision_scope_tail,b64_bf16,2,source_feature_load,0.119686126709,4617,2.56204605103
smoke-10867490/precision_scope_tail,smoke-10867490,qhcn001,False,precision_scope_tail,b64_bf16,2,source_bf16_decode,0.129699707031,4617,2.56204605103
smoke-10867490/precision_scope_tail,smoke-10867490,qhcn001,False,precision_scope_tail,b64_bf16,2,feature_fp32_add,0.154972076416,4617,2.56204605103
smoke-10867490/precision_scope_tail,smoke-10867490,qhcn001,False,precision_scope_tail,b64_bf16,2,partial_state_load,0,0,2.56204605103
smoke-10867490/precision_scope_tail,smoke-10867490,qhcn001,False,precision_scope_tail,b64_bf16,2,partial_state_store,0.00119209289551,81,2.56204605103
smoke-10867490/precision_scope_tail,smoke-10867490,qhcn001,False,precision_scope_tail,b64_bf16,2,partial_hi_pack,0.032901763916,1152,2.56204605103
smoke-10867490/precision_scope_tail,smoke-10867490,qhcn001,False,precision_scope_tail,b64_bf16,2,partial_lo_residual,0,0,2.56204605103
smoke-10867490/precision_scope_tail,smoke-10867490,qhcn001,False,precision_scope_tail,b64_bf16,2,partial_lo_pack,0,0,2.56204605103
smoke-10867490/precision_scope_tail,smoke-10867490,qhcn001,False,precision_scope_tail,b64_bf16,2,amx_a_load,0.00214576721191,72,2.56204605103
smoke-10867490/precision_scope_tail,smoke-10867490,qhcn001,False,precision_scope_tail,b64_bf16,2,amx_b_load,0.00977516174316,144,2.56204605103
smoke-10867490/precision_scope_tail,smoke-10867490,qhcn001,False,precision_scope_tail,b64_bf16,2,amx_tdp_compute,0.0202655792236,144,2.56204605103
smoke-10867490/precision_scope_tail,smoke-10867490,qhcn001,False,precision_scope_tail,b64_bf16,2,amx_c_zero,0,2,2.56204605103
smoke-10867490/precision_scope_tail,smoke-10867490,qhcn001,False,precision_scope_tail,b64_bf16,2,amx_c_load,0,16,2.56204605103
smoke-10867490/precision_scope_tail,smoke-10867490,qhcn001,False,precision_scope_tail,b64_bf16,2,amx_c_store,0,18,2.56204605103
smoke-10867490/precision_scope_tail,smoke-10867490,qhcn001,False,precision_scope_tail,b64_bf16,2,output_bf16_conversion,0,9,2.56204605103
smoke-10867490/precision_scope_tail,smoke-10867490,qhcn001,False,precision_scope_tail,b64_bf16,2,output_store,0.000953674316406,10,2.56204605103
smoke-10867490/precision_scope_tail,smoke-10867490,qhcn001,False,precision_scope_tail,b64_bf16,2,thread_permission,0.00190734863281,4,2.56204605103
smoke-10867490/precision_scope_tail,smoke-10867490,qhcn001,False,precision_scope_tail,b64_bf16,2,thread_tile_config,0,4,2.56204605103
smoke-10867490/precision_scope_tail,smoke-10867490,qhcn001,False,precision_scope_tail,b64_bf16,2,thread_tile_release,0.000953674316406,4,2.56204605103
smoke-10867490/precision_scope_tail,smoke-10867490,qhcn001,False,precision_scope_tail,b64_bf16,2,row_metadata_read,0,2,2.56204605103
smoke-10867490/precision_scope_tail,smoke-10867490,qhcn001,False,precision_scope_tail,b64_fp32,1,partial_init,0.00381469726562,9,2.28786468506
smoke-10867490/precision_scope_tail,smoke-10867490,qhcn001,False,precision_scope_tail,b64_fp32,1,csr_index_read,0.128746032715,4617,2.28786468506
smoke-10867490/precision_scope_tail,smoke-10867490,qhcn001,False,precision_scope_tail,b64_fp32,1,csr_next_index_read,0.128746032715,4536,2.28786468506
smoke-10867490/precision_scope_tail,smoke-10867490,qhcn001,False,precision_scope_tail,b64_fp32,1,prefetch_issue,0.12731552124,4536,2.28786468506
smoke-10867490/precision_scope_tail,smoke-10867490,qhcn001,False,precision_scope_tail,b64_fp32,1,source_feature_load,0.128507614136,4617,2.28786468506
smoke-10867490/precision_scope_tail,smoke-10867490,qhcn001,False,precision_scope_tail,b64_fp32,1,source_bf16_decode,0,0,2.28786468506
smoke-10867490/precision_scope_tail,smoke-10867490,qhcn001,False,precision_scope_tail,b64_fp32,1,feature_fp32_add,0.135183334351,4617,2.28786468506
smoke-10867490/precision_scope_tail,smoke-10867490,qhcn001,False,precision_scope_tail,b64_fp32,1,partial_state_load,0,0,2.28786468506
smoke-10867490/precision_scope_tail,smoke-10867490,qhcn001,False,precision_scope_tail,b64_fp32,1,partial_state_store,0.000953674316406,81,2.28786468506
smoke-10867490/precision_scope_tail,smoke-10867490,qhcn001,False,precision_scope_tail,b64_fp32,1,partial_hi_pack,0.0293254852295,1152,2.28786468506
smoke-10867490/precision_scope_tail,smoke-10867490,qhcn001,False,precision_scope_tail,b64_fp32,1,partial_lo_residual,0,0,2.28786468506
smoke-10867490/precision_scope_tail,smoke-10867490,qhcn001,False,precision_scope_tail,b64_fp32,1,partial_lo_pack,0,0,2.28786468506
smoke-10867490/precision_scope_tail,smoke-10867490,qhcn001,False,precision_scope_tail,b64_fp32,1,amx_a_load,0.00309944152832,72,2.28786468506
smoke-10867490/precision_scope_tail,smoke-10867490,qhcn001,False,precision_scope_tail,b64_fp32,1,amx_b_load,0.00405311584473,144,2.28786468506
smoke-10867490/precision_scope_tail,smoke-10867490,qhcn001,False,precision_scope_tail,b64_fp32,1,amx_tdp_compute,0.0209808349609,144,2.28786468506
smoke-10867490/precision_scope_tail,smoke-10867490,qhcn001,False,precision_scope_tail,b64_fp32,1,amx_c_zero,0,2,2.28786468506
smoke-10867490/precision_scope_tail,smoke-10867490,qhcn001,False,precision_scope_tail,b64_fp32,1,amx_c_load,0.000953674316406,16,2.28786468506
smoke-10867490/precision_scope_tail,smoke-10867490,qhcn001,False,precision_scope_tail,b64_fp32,1,amx_c_store,0.00119209289551,18,2.28786468506
smoke-10867490/precision_scope_tail,smoke-10867490,qhcn001,False,precision_scope_tail,b64_fp32,1,output_bf16_conversion,0,0,2.28786468506
smoke-10867490/precision_scope_tail,smoke-10867490,qhcn001,False,precision_scope_tail,b64_fp32,1,output_store,0.000953674316406,10,2.28786468506
smoke-10867490/precision_scope_tail,smoke-10867490,qhcn001,False,precision_scope_tail,b64_fp32,1,thread_permission,0,4,2.28786468506
smoke-10867490/precision_scope_tail,smoke-10867490,qhcn001,False,precision_scope_tail,b64_fp32,1,thread_tile_config,0,4,2.28786468506
smoke-10867490/precision_scope_tail,smoke-10867490,qhcn001,False,precision_scope_tail,b64_fp32,1,thread_tile_release,0,4,2.28786468506
smoke-10867490/precision_scope_tail,smoke-10867490,qhcn001,False,precision_scope_tail,b64_fp32,1,row_metadata_read,0.000953674316406,2,2.28786468506
smoke-10867490/precision_scope_tail,smoke-10867490,qhcn001,False,precision_scope_tail,b64_fp32,2,partial_init,0.000953674316406,9,2.31599807739
smoke-10867490/precision_scope_tail,smoke-10867490,qhcn001,False,precision_scope_tail,b64_fp32,2,csr_index_read,0.127077102661,4617,2.31599807739
smoke-10867490/precision_scope_tail,smoke-10867490,qhcn001,False,precision_scope_tail,b64_fp32,2,csr_next_index_read,0.133514404297,4536,2.31599807739
smoke-10867490/precision_scope_tail,smoke-10867490,qhcn001,False,precision_scope_tail,b64_fp32,2,prefetch_issue,0.128269195557,4536,2.31599807739
smoke-10867490/precision_scope_tail,smoke-10867490,qhcn001,False,precision_scope_tail,b64_fp32,2,source_feature_load,0.136137008667,4617,2.31599807739
smoke-10867490/precision_scope_tail,smoke-10867490,qhcn001,False,precision_scope_tail,b64_fp32,2,source_bf16_decode,0,0,2.31599807739
smoke-10867490/precision_scope_tail,smoke-10867490,qhcn001,False,precision_scope_tail,b64_fp32,2,feature_fp32_add,0.137090682983,4617,2.31599807739
smoke-10867490/precision_scope_tail,smoke-10867490,qhcn001,False,precision_scope_tail,b64_fp32,2,partial_state_load,0,0,2.31599807739
smoke-10867490/precision_scope_tail,smoke-10867490,qhcn001,False,precision_scope_tail,b64_fp32,2,partial_state_store,0.00405311584473,81,2.31599807739
smoke-10867490/precision_scope_tail,smoke-10867490,qhcn001,False,precision_scope_tail,b64_fp32,2,partial_hi_pack,0.0431537628174,1152,2.31599807739
smoke-10867490/precision_scope_tail,smoke-10867490,qhcn001,False,precision_scope_tail,b64_fp32,2,partial_lo_residual,0,0,2.31599807739
smoke-10867490/precision_scope_tail,smoke-10867490,qhcn001,False,precision_scope_tail,b64_fp32,2,partial_lo_pack,0,0,2.31599807739
smoke-10867490/precision_scope_tail,smoke-10867490,qhcn001,False,precision_scope_tail,b64_fp32,2,amx_a_load,0.00286102294922,72,2.31599807739
smoke-10867490/precision_scope_tail,smoke-10867490,qhcn001,False,precision_scope_tail,b64_fp32,2,amx_b_load,0.00786781311035,144,2.31599807739
smoke-10867490/precision_scope_tail,smoke-10867490,qhcn001,False,precision_scope_tail,b64_fp32,2,amx_tdp_compute,0.0171661376953,144,2.31599807739
smoke-10867490/precision_scope_tail,smoke-10867490,qhcn001,False,precision_scope_tail,b64_fp32,2,amx_c_zero,0,2,2.31599807739
smoke-10867490/precision_scope_tail,smoke-10867490,qhcn001,False,precision_scope_tail,b64_fp32,2,amx_c_load,0.00381469726562,16,2.31599807739
smoke-10867490/precision_scope_tail,smoke-10867490,qhcn001,False,precision_scope_tail,b64_fp32,2,amx_c_store,0,18,2.31599807739
smoke-10867490/precision_scope_tail,smoke-10867490,qhcn001,False,precision_scope_tail,b64_fp32,2,output_bf16_conversion,0,9,2.31599807739
smoke-10867490/precision_scope_tail,smoke-10867490,qhcn001,False,precision_scope_tail,b64_fp32,2,output_store,0,10,2.31599807739
smoke-10867490/precision_scope_tail,smoke-10867490,qhcn001,False,precision_scope_tail,b64_fp32,2,thread_permission,0,4,2.31599807739
smoke-10867490/precision_scope_tail,smoke-10867490,qhcn001,False,precision_scope_tail,b64_fp32,2,thread_tile_config,0.00238418579102,4,2.31599807739
smoke-10867490/precision_scope_tail,smoke-10867490,qhcn001,False,precision_scope_tail,b64_fp32,2,thread_tile_release,0,4,2.31599807739
smoke-10867490/precision_scope_tail,smoke-10867490,qhcn001,False,precision_scope_tail,b64_fp32,2,row_metadata_read,0,2,2.31599807739
smoke-10867490/precision_scope_tail,smoke-10867490,qhcn001,False,precision_scope_tail,full_bf16,1,partial_init,0.00119209289551,1,2.70485877991
smoke-10867490/precision_scope_tail,smoke-10867490,qhcn001,False,precision_scope_tail,full_bf16,1,csr_index_read,0.15115737915,4617,2.70485877991
smoke-10867490/precision_scope_tail,smoke-10867490,qhcn001,False,precision_scope_tail,full_bf16,1,csr_next_index_read,0.146627426147,4608,2.70485877991
smoke-10867490/precision_scope_tail,smoke-10867490,qhcn001,False,precision_scope_tail,full_bf16,1,prefetch_issue,0.14591217041,4608,2.70485877991
smoke-10867490/precision_scope_tail,smoke-10867490,qhcn001,False,precision_scope_tail,full_bf16,1,source_feature_load,0.147581100464,4617,2.70485877991
smoke-10867490/precision_scope_tail,smoke-10867490,qhcn001,False,precision_scope_tail,full_bf16,1,source_bf16_decode,0.137567520142,4617,2.70485877991
smoke-10867490/precision_scope_tail,smoke-10867490,qhcn001,False,precision_scope_tail,full_bf16,1,feature_fp32_add,0.139713287354,4617,2.70485877991
smoke-10867490/precision_scope_tail,smoke-10867490,qhcn001,False,precision_scope_tail,full_bf16,1,partial_state_load,0,0,2.70485877991
smoke-10867490/precision_scope_tail,smoke-10867490,qhcn001,False,precision_scope_tail,full_bf16,1,partial_state_store,0,9,2.70485877991
smoke-10867490/precision_scope_tail,smoke-10867490,qhcn001,False,precision_scope_tail,full_bf16,1,partial_hi_pack,0.00405311584473,128,2.70485877991
smoke-10867490/precision_scope_tail,smoke-10867490,qhcn001,False,precision_scope_tail,full_bf16,1,partial_lo_residual,0,0,2.70485877991
smoke-10867490/precision_scope_tail,smoke-10867490,qhcn001,False,precision_scope_tail,full_bf16,1,partial_lo_pack,0,0,2.70485877991
smoke-10867490/precision_scope_tail,smoke-10867490,qhcn001,False,precision_scope_tail,full_bf16,1,amx_a_load,0,8,2.70485877991
smoke-10867490/precision_scope_tail,smoke-10867490,qhcn001,False,precision_scope_tail,full_bf16,1,amx_b_load,0.00500679016113,16,2.70485877991
smoke-10867490/precision_scope_tail,smoke-10867490,qhcn001,False,precision_scope_tail,full_bf16,1,amx_tdp_compute,0.000953674316406,16,2.70485877991
smoke-10867490/precision_scope_tail,smoke-10867490,qhcn001,False,precision_scope_tail,full_bf16,1,amx_c_zero,0,2,2.70485877991
smoke-10867490/precision_scope_tail,smoke-10867490,qhcn001,False,precision_scope_tail,full_bf16,1,amx_c_load,0,0,2.70485877991
smoke-10867490/precision_scope_tail,smoke-10867490,qhcn001,False,precision_scope_tail,full_bf16,1,amx_c_store,0,2,2.70485877991
smoke-10867490/precision_scope_tail,smoke-10867490,qhcn001,False,precision_scope_tail,full_bf16,1,output_bf16_conversion,0,0,2.70485877991
smoke-10867490/precision_scope_tail,smoke-10867490,qhcn001,False,precision_scope_tail,full_bf16,1,output_store,0.000953674316406,10,2.70485877991
smoke-10867490/precision_scope_tail,smoke-10867490,qhcn001,False,precision_scope_tail,full_bf16,1,thread_permission,0,4,2.70485877991
smoke-10867490/precision_scope_tail,smoke-10867490,qhcn001,False,precision_scope_tail,full_bf16,1,thread_tile_config,0,4,2.70485877991
smoke-10867490/precision_scope_tail,smoke-10867490,qhcn001,False,precision_scope_tail,full_bf16,1,thread_tile_release,0,4,2.70485877991
smoke-10867490/precision_scope_tail,smoke-10867490,qhcn001,False,precision_scope_tail,full_bf16,1,row_metadata_read,0,2,2.70485877991
smoke-10867490/precision_scope_tail,smoke-10867490,qhcn001,False,precision_scope_tail,full_bf16,2,partial_init,0.000953674316406,1,2.55513191223
smoke-10867490/precision_scope_tail,smoke-10867490,qhcn001,False,precision_scope_tail,full_bf16,2,csr_index_read,0.1380443573,4617,2.55513191223
smoke-10867490/precision_scope_tail,smoke-10867490,qhcn001,False,precision_scope_tail,full_bf16,2,csr_next_index_read,0.131607055664,4608,2.55513191223
smoke-10867490/precision_scope_tail,smoke-10867490,qhcn001,False,precision_scope_tail,full_bf16,2,prefetch_issue,0.128984451294,4608,2.55513191223
smoke-10867490/precision_scope_tail,smoke-10867490,qhcn001,False,precision_scope_tail,full_bf16,2,source_feature_load,0.14328956604,4617,2.55513191223
smoke-10867490/precision_scope_tail,smoke-10867490,qhcn001,False,precision_scope_tail,full_bf16,2,source_bf16_decode,0.136852264404,4617,2.55513191223
smoke-10867490/precision_scope_tail,smoke-10867490,qhcn001,False,precision_scope_tail,full_bf16,2,feature_fp32_add,0.131845474243,4617,2.55513191223
smoke-10867490/precision_scope_tail,smoke-10867490,qhcn001,False,precision_scope_tail,full_bf16,2,partial_state_load,0,0,2.55513191223
smoke-10867490/precision_scope_tail,smoke-10867490,qhcn001,False,precision_scope_tail,full_bf16,2,partial_state_store,0,9,2.55513191223
smoke-10867490/precision_scope_tail,smoke-10867490,qhcn001,False,precision_scope_tail,full_bf16,2,partial_hi_pack,0.00429153442383,128,2.55513191223
smoke-10867490/precision_scope_tail,smoke-10867490,qhcn001,False,precision_scope_tail,full_bf16,2,partial_lo_residual,0,0,2.55513191223
smoke-10867490/precision_scope_tail,smoke-10867490,qhcn001,False,precision_scope_tail,full_bf16,2,partial_lo_pack,0,0,2.55513191223
smoke-10867490/precision_scope_tail,smoke-10867490,qhcn001,False,precision_scope_tail,full_bf16,2,amx_a_load,0,8,2.55513191223
smoke-10867490/precision_scope_tail,smoke-10867490,qhcn001,False,precision_scope_tail,full_bf16,2,amx_b_load,0,16,2.55513191223
smoke-10867490/precision_scope_tail,smoke-10867490,qhcn001,False,precision_scope_tail,full_bf16,2,amx_tdp_compute,0.00190734863281,16,2.55513191223
smoke-10867490/precision_scope_tail,smoke-10867490,qhcn001,False,precision_scope_tail,full_bf16,2,amx_c_zero,0,2,2.55513191223
smoke-10867490/precision_scope_tail,smoke-10867490,qhcn001,False,precision_scope_tail,full_bf16,2,amx_c_load,0,0,2.55513191223
smoke-10867490/precision_scope_tail,smoke-10867490,qhcn001,False,precision_scope_tail,full_bf16,2,amx_c_store,0,2,2.55513191223
smoke-10867490/precision_scope_tail,smoke-10867490,qhcn001,False,precision_scope_tail,full_bf16,2,output_bf16_conversion,0,9,2.55513191223
smoke-10867490/precision_scope_tail,smoke-10867490,qhcn001,False,precision_scope_tail,full_bf16,2,output_store,0,10,2.55513191223
smoke-10867490/precision_scope_tail,smoke-10867490,qhcn001,False,precision_scope_tail,full_bf16,2,thread_permission,0.00119209289551,4,2.55513191223
smoke-10867490/precision_scope_tail,smoke-10867490,qhcn001,False,precision_scope_tail,full_bf16,2,thread_tile_config,0,4,2.55513191223
smoke-10867490/precision_scope_tail,smoke-10867490,qhcn001,False,precision_scope_tail,full_bf16,2,thread_tile_release,0,4,2.55513191223
smoke-10867490/precision_scope_tail,smoke-10867490,qhcn001,False,precision_scope_tail,full_bf16,2,row_metadata_read,0,2,2.55513191223
smoke-10867490/precision_scope_tail,smoke-10867490,qhcn001,False,precision_scope_tail,full_fp32,1,partial_init,0,1,2.16913223267
smoke-10867490/precision_scope_tail,smoke-10867490,qhcn001,False,precision_scope_tail,full_fp32,1,csr_index_read,0.138759613037,4617,2.16913223267
smoke-10867490/precision_scope_tail,smoke-10867490,qhcn001,False,precision_scope_tail,full_fp32,1,csr_next_index_read,0.125169754028,4608,2.16913223267
smoke-10867490/precision_scope_tail,smoke-10867490,qhcn001,False,precision_scope_tail,full_fp32,1,prefetch_issue,0.118732452393,4608,2.16913223267
smoke-10867490/precision_scope_tail,smoke-10867490,qhcn001,False,precision_scope_tail,full_fp32,1,source_feature_load,0.126838684082,4617,2.16913223267
smoke-10867490/precision_scope_tail,smoke-10867490,qhcn001,False,precision_scope_tail,full_fp32,1,source_bf16_decode,0,0,2.16913223267
smoke-10867490/precision_scope_tail,smoke-10867490,qhcn001,False,precision_scope_tail,full_fp32,1,feature_fp32_add,0.127553939819,4617,2.16913223267
smoke-10867490/precision_scope_tail,smoke-10867490,qhcn001,False,precision_scope_tail,full_fp32,1,partial_state_load,0,0,2.16913223267
smoke-10867490/precision_scope_tail,smoke-10867490,qhcn001,False,precision_scope_tail,full_fp32,1,partial_state_store,0.000953674316406,9,2.16913223267
smoke-10867490/precision_scope_tail,smoke-10867490,qhcn001,False,precision_scope_tail,full_fp32,1,partial_hi_pack,0.00381469726562,128,2.16913223267
smoke-10867490/precision_scope_tail,smoke-10867490,qhcn001,False,precision_scope_tail,full_fp32,1,partial_lo_residual,0,0,2.16913223267
smoke-10867490/precision_scope_tail,smoke-10867490,qhcn001,False,precision_scope_tail,full_fp32,1,partial_lo_pack,0,0,2.16913223267
smoke-10867490/precision_scope_tail,smoke-10867490,qhcn001,False,precision_scope_tail,full_fp32,1,amx_a_load,0,8,2.16913223267
smoke-10867490/precision_scope_tail,smoke-10867490,qhcn001,False,precision_scope_tail,full_fp32,1,amx_b_load,0.000953674316406,16,2.16913223267
smoke-10867490/precision_scope_tail,smoke-10867490,qhcn001,False,precision_scope_tail,full_fp32,1,amx_tdp_compute,0.00309944152832,16,2.16913223267
smoke-10867490/precision_scope_tail,smoke-10867490,qhcn001,False,precision_scope_tail,full_fp32,1,amx_c_zero,0,2,2.16913223267
smoke-10867490/precision_scope_tail,smoke-10867490,qhcn001,False,precision_scope_tail,full_fp32,1,amx_c_load,0,0,2.16913223267
smoke-10867490/precision_scope_tail,smoke-10867490,qhcn001,False,precision_scope_tail,full_fp32,1,amx_c_store,0,2,2.16913223267
smoke-10867490/precision_scope_tail,smoke-10867490,qhcn001,False,precision_scope_tail,full_fp32,1,output_bf16_conversion,0,0,2.16913223267
smoke-10867490/precision_scope_tail,smoke-10867490,qhcn001,False,precision_scope_tail,full_fp32,1,output_store,0,10,2.16913223267
smoke-10867490/precision_scope_tail,smoke-10867490,qhcn001,False,precision_scope_tail,full_fp32,1,thread_permission,0,4,2.16913223267
smoke-10867490/precision_scope_tail,smoke-10867490,qhcn001,False,precision_scope_tail,full_fp32,1,thread_tile_config,0,4,2.16913223267
smoke-10867490/precision_scope_tail,smoke-10867490,qhcn001,False,precision_scope_tail,full_fp32,1,thread_tile_release,0.000953674316406,4,2.16913223267
smoke-10867490/precision_scope_tail,smoke-10867490,qhcn001,False,precision_scope_tail,full_fp32,1,row_metadata_read,0.000953674316406,2,2.16913223267
smoke-10867490/precision_scope_tail,smoke-10867490,qhcn001,False,precision_scope_tail,full_fp32,2,partial_init,0,1,2.1641254425
smoke-10867490/precision_scope_tail,smoke-10867490,qhcn001,False,precision_scope_tail,full_fp32,2,csr_index_read,0.123500823975,4617,2.1641254425
smoke-10867490/precision_scope_tail,smoke-10867490,qhcn001,False,precision_scope_tail,full_fp32,2,csr_next_index_read,0.132083892822,4608,2.1641254425
smoke-10867490/precision_scope_tail,smoke-10867490,qhcn001,False,precision_scope_tail,full_fp32,2,prefetch_issue,0.127792358398,4608,2.1641254425
smoke-10867490/precision_scope_tail,smoke-10867490,qhcn001,False,precision_scope_tail,full_fp32,2,source_feature_load,0.126361846924,4617,2.1641254425
smoke-10867490/precision_scope_tail,smoke-10867490,qhcn001,False,precision_scope_tail,full_fp32,2,source_bf16_decode,0,0,2.1641254425
smoke-10867490/precision_scope_tail,smoke-10867490,qhcn001,False,precision_scope_tail,full_fp32,2,feature_fp32_add,0.124454498291,4617,2.1641254425
smoke-10867490/precision_scope_tail,smoke-10867490,qhcn001,False,precision_scope_tail,full_fp32,2,partial_state_load,0,0,2.1641254425
smoke-10867490/precision_scope_tail,smoke-10867490,qhcn001,False,precision_scope_tail,full_fp32,2,partial_state_store,0,9,2.1641254425
smoke-10867490/precision_scope_tail,smoke-10867490,qhcn001,False,precision_scope_tail,full_fp32,2,partial_hi_pack,0.00524520874023,128,2.1641254425
smoke-10867490/precision_scope_tail,smoke-10867490,qhcn001,False,precision_scope_tail,full_fp32,2,partial_lo_residual,0,0,2.1641254425
smoke-10867490/precision_scope_tail,smoke-10867490,qhcn001,False,precision_scope_tail,full_fp32,2,partial_lo_pack,0,0,2.1641254425
smoke-10867490/precision_scope_tail,smoke-10867490,qhcn001,False,precision_scope_tail,full_fp32,2,amx_a_load,0.000953674316406,8,2.1641254425
smoke-10867490/precision_scope_tail,smoke-10867490,qhcn001,False,precision_scope_tail,full_fp32,2,amx_b_load,0.000953674316406,16,2.1641254425
smoke-10867490/precision_scope_tail,smoke-10867490,qhcn001,False,precision_scope_tail,full_fp32,2,amx_tdp_compute,0.00286102294922,16,2.1641254425
smoke-10867490/precision_scope_tail,smoke-10867490,qhcn001,False,precision_scope_tail,full_fp32,2,amx_c_zero,0,2,2.1641254425
smoke-10867490/precision_scope_tail,smoke-10867490,qhcn001,False,precision_scope_tail,full_fp32,2,amx_c_load,0,0,2.1641254425
smoke-10867490/precision_scope_tail,smoke-10867490,qhcn001,False,precision_scope_tail,full_fp32,2,amx_c_store,0,2,2.1641254425
smoke-10867490/precision_scope_tail,smoke-10867490,qhcn001,False,precision_scope_tail,full_fp32,2,output_bf16_conversion,0,9,2.1641254425
smoke-10867490/precision_scope_tail,smoke-10867490,qhcn001,False,precision_scope_tail,full_fp32,2,output_store,0,10,2.1641254425
smoke-10867490/precision_scope_tail,smoke-10867490,qhcn001,False,precision_scope_tail,full_fp32,2,thread_permission,0.00119209289551,4,2.1641254425
smoke-10867490/precision_scope_tail,smoke-10867490,qhcn001,False,precision_scope_tail,full_fp32,2,thread_tile_config,0,4,2.1641254425
smoke-10867490/precision_scope_tail,smoke-10867490,qhcn001,False,precision_scope_tail,full_fp32,2,thread_tile_release,0,4,2.1641254425
smoke-10867490/precision_scope_tail,smoke-10867490,qhcn001,False,precision_scope_tail,full_fp32,2,row_metadata_read,0,2,2.1641254425
smoke-10867490/precision_tail,smoke-10867490,qhcn001,False,precision_tail,b64_bf16,1,partial_init,0.00119209289551,10,1.39093399048
smoke-10867490/precision_tail,smoke-10867490,qhcn001,False,precision_tail,b64_bf16,1,csr_index_read,0.0700950622559,2257,1.39093399048
smoke-10867490/precision_tail,smoke-10867490,qhcn001,False,precision_tail,b64_bf16,1,csr_next_index_read,0.0743865966797,2209,1.39093399048
smoke-10867490/precision_tail,smoke-10867490,qhcn001,False,precision_tail,b64_bf16,1,prefetch_issue,0.0736713409424,2209,1.39093399048
smoke-10867490/precision_tail,smoke-10867490,qhcn001,False,precision_tail,b64_bf16,1,source_feature_load,0.063419342041,2257,1.39093399048
smoke-10867490/precision_tail,smoke-10867490,qhcn001,False,precision_tail,b64_bf16,1,source_bf16_decode,0.0615119934082,2257,1.39093399048
smoke-10867490/precision_tail,smoke-10867490,qhcn001,False,precision_tail,b64_bf16,1,feature_fp32_add,0.0600814819336,2257,1.39093399048
smoke-10867490/precision_tail,smoke-10867490,qhcn001,False,precision_tail,b64_bf16,1,partial_state_load,0,0,1.39093399048
smoke-10867490/precision_tail,smoke-10867490,qhcn001,False,precision_tail,b64_bf16,1,partial_state_store,0.00286102294922,61,1.39093399048
smoke-10867490/precision_tail,smoke-10867490,qhcn001,False,precision_tail,b64_bf16,1,partial_hi_pack,0.0350475311279,1280,1.39093399048
smoke-10867490/precision_tail,smoke-10867490,qhcn001,False,precision_tail,b64_bf16,1,partial_lo_residual,0,0,1.39093399048
smoke-10867490/precision_tail,smoke-10867490,qhcn001,False,precision_tail,b64_bf16,1,partial_lo_pack,0,0,1.39093399048
smoke-10867490/precision_tail,smoke-10867490,qhcn001,False,precision_tail,b64_bf16,1,amx_a_load,0.00286102294922,80,1.39093399048
smoke-10867490/precision_tail,smoke-10867490,qhcn001,False,precision_tail,b64_bf16,1,amx_b_load,0.00905990600586,160,1.39093399048
smoke-10867490/precision_tail,smoke-10867490,qhcn001,False,precision_tail,b64_bf16,1,amx_tdp_compute,0.0200271606445,160,1.39093399048
smoke-10867490/precision_tail,smoke-10867490,qhcn001,False,precision_tail,b64_bf16,1,amx_c_zero,0,4,1.39093399048
smoke-10867490/precision_tail,smoke-10867490,qhcn001,False,precision_tail,b64_bf16,1,amx_c_load,0,16,1.39093399048
smoke-10867490/precision_tail,smoke-10867490,qhcn001,False,precision_tail,b64_bf16,1,amx_c_store,0,20,1.39093399048
smoke-10867490/precision_tail,smoke-10867490,qhcn001,False,precision_tail,b64_bf16,1,output_bf16_conversion,0,0,1.39093399048
smoke-10867490/precision_tail,smoke-10867490,qhcn001,False,precision_tail,b64_bf16,1,output_store,0.000953674316406,21,1.39093399048
smoke-10867490/precision_tail,smoke-10867490,qhcn001,False,precision_tail,b64_bf16,1,thread_permission,0.00119209289551,4,1.39093399048
smoke-10867490/precision_tail,smoke-10867490,qhcn001,False,precision_tail,b64_bf16,1,thread_tile_config,0,4,1.39093399048
smoke-10867490/precision_tail,smoke-10867490,qhcn001,False,precision_tail,b64_bf16,1,thread_tile_release,0,4,1.39093399048
smoke-10867490/precision_tail,smoke-10867490,qhcn001,False,precision_tail,b64_bf16,1,row_metadata_read,0,2,1.39093399048
smoke-10867490/precision_tail,smoke-10867490,qhcn001,False,precision_tail,b64_bf16,2,partial_init,0.00309944152832,10,1.45196914673
smoke-10867490/precision_tail,smoke-10867490,qhcn001,False,precision_tail,b64_bf16,2,csr_index_read,0.0715255737305,2257,1.45196914673
smoke-10867490/precision_tail,smoke-10867490,qhcn001,False,precision_tail,b64_bf16,2,csr_next_index_read,0.0650882720947,2209,1.45196914673
smoke-10867490/precision_tail,smoke-10867490,qhcn001,False,precision_tail,b64_bf16,2,prefetch_issue,0.0758171081543,2209,1.45196914673
smoke-10867490/precision_tail,smoke-10867490,qhcn001,False,precision_tail,b64_bf16,2,source_feature_load,0.0672340393066,2257,1.45196914673
smoke-10867490/precision_tail,smoke-10867490,qhcn001,False,precision_tail,b64_bf16,2,source_bf16_decode,0.0660419464111,2257,1.45196914673
smoke-10867490/precision_tail,smoke-10867490,qhcn001,False,precision_tail,b64_bf16,2,feature_fp32_add,0.0617504119873,2257,1.45196914673
smoke-10867490/precision_tail,smoke-10867490,qhcn001,False,precision_tail,b64_bf16,2,partial_state_load,0,0,1.45196914673
smoke-10867490/precision_tail,smoke-10867490,qhcn001,False,precision_tail,b64_bf16,2,partial_state_store,0.00119209289551,61,1.45196914673
smoke-10867490/precision_tail,smoke-10867490,qhcn001,False,precision_tail,b64_bf16,2,partial_hi_pack,0.0424385070801,1280,1.45196914673
smoke-10867490/precision_tail,smoke-10867490,qhcn001,False,precision_tail,b64_bf16,2,partial_lo_residual,0,0,1.45196914673
smoke-10867490/precision_tail,smoke-10867490,qhcn001,False,precision_tail,b64_bf16,2,partial_lo_pack,0,0,1.45196914673
smoke-10867490/precision_tail,smoke-10867490,qhcn001,False,precision_tail,b64_bf16,2,amx_a_load,0.00190734863281,80,1.45196914673
smoke-10867490/precision_tail,smoke-10867490,qhcn001,False,precision_tail,b64_bf16,2,amx_b_load,0.0128746032715,160,1.45196914673
smoke-10867490/precision_tail,smoke-10867490,qhcn001,False,precision_tail,b64_bf16,2,amx_tdp_compute,0.0190734863281,160,1.45196914673
smoke-10867490/precision_tail,smoke-10867490,qhcn001,False,precision_tail,b64_bf16,2,amx_c_zero,0,4,1.45196914673
smoke-10867490/precision_tail,smoke-10867490,qhcn001,False,precision_tail,b64_bf16,2,amx_c_load,0.000953674316406,16,1.45196914673
smoke-10867490/precision_tail,smoke-10867490,qhcn001,False,precision_tail,b64_bf16,2,amx_c_store,0.000953674316406,20,1.45196914673
smoke-10867490/precision_tail,smoke-10867490,qhcn001,False,precision_tail,b64_bf16,2,output_bf16_conversion,0,21,1.45196914673
smoke-10867490/precision_tail,smoke-10867490,qhcn001,False,precision_tail,b64_bf16,2,output_store,0.000953674316406,21,1.45196914673
smoke-10867490/precision_tail,smoke-10867490,qhcn001,False,precision_tail,b64_bf16,2,thread_permission,0.000953674316406,4,1.45196914673
smoke-10867490/precision_tail,smoke-10867490,qhcn001,False,precision_tail,b64_bf16,2,thread_tile_config,0,4,1.45196914673
smoke-10867490/precision_tail,smoke-10867490,qhcn001,False,precision_tail,b64_bf16,2,thread_tile_release,0,4,1.45196914673
smoke-10867490/precision_tail,smoke-10867490,qhcn001,False,precision_tail,b64_bf16,2,row_metadata_read,0,2,1.45196914673
smoke-10867490/precision_tail,smoke-10867490,qhcn001,False,precision_tail,b64_fp32,1,partial_init,0.00238418579102,10,1.17492675781
smoke-10867490/precision_tail,smoke-10867490,qhcn001,False,precision_tail,b64_fp32,1,csr_index_read,0.0793933868408,2257,1.17492675781
smoke-10867490/precision_tail,smoke-10867490,qhcn001,False,precision_tail,b64_fp32,1,csr_next_index_read,0.0660419464111,2209,1.17492675781
smoke-10867490/precision_tail,smoke-10867490,qhcn001,False,precision_tail,b64_fp32,1,prefetch_issue,0.086784362793,2209,1.17492675781
smoke-10867490/precision_tail,smoke-10867490,qhcn001,False,precision_tail,b64_fp32,1,source_feature_load,0.0643730163574,2257,1.17492675781
smoke-10867490/precision_tail,smoke-10867490,qhcn001,False,precision_tail,b64_fp32,1,source_bf16_decode,0,0,1.17492675781
smoke-10867490/precision_tail,smoke-10867490,qhcn001,False,precision_tail,b64_fp32,1,feature_fp32_add,0.0743865966797,2257,1.17492675781
smoke-10867490/precision_tail,smoke-10867490,qhcn001,False,precision_tail,b64_fp32,1,partial_state_load,0,0,1.17492675781
smoke-10867490/precision_tail,smoke-10867490,qhcn001,False,precision_tail,b64_fp32,1,partial_state_store,0.00214576721191,61,1.17492675781
smoke-10867490/precision_tail,smoke-10867490,qhcn001,False,precision_tail,b64_fp32,1,partial_hi_pack,0.0400543212891,1280,1.17492675781
smoke-10867490/precision_tail,smoke-10867490,qhcn001,False,precision_tail,b64_fp32,1,partial_lo_residual,0,0,1.17492675781
smoke-10867490/precision_tail,smoke-10867490,qhcn001,False,precision_tail,b64_fp32,1,partial_lo_pack,0,0,1.17492675781
smoke-10867490/precision_tail,smoke-10867490,qhcn001,False,precision_tail,b64_fp32,1,amx_a_load,0.00286102294922,80,1.17492675781
smoke-10867490/precision_tail,smoke-10867490,qhcn001,False,precision_tail,b64_fp32,1,amx_b_load,0.00309944152832,160,1.17492675781
smoke-10867490/precision_tail,smoke-10867490,qhcn001,False,precision_tail,b64_fp32,1,amx_tdp_compute,0.0121593475342,160,1.17492675781
smoke-10867490/precision_tail,smoke-10867490,qhcn001,False,precision_tail,b64_fp32,1,amx_c_zero,0,4,1.17492675781
smoke-10867490/precision_tail,smoke-10867490,qhcn001,False,precision_tail,b64_fp32,1,amx_c_load,0,16,1.17492675781
smoke-10867490/precision_tail,smoke-10867490,qhcn001,False,precision_tail,b64_fp32,1,amx_c_store,0,20,1.17492675781
smoke-10867490/precision_tail,smoke-10867490,qhcn001,False,precision_tail,b64_fp32,1,output_bf16_conversion,0,0,1.17492675781
smoke-10867490/precision_tail,smoke-10867490,qhcn001,False,precision_tail,b64_fp32,1,output_store,0.00238418579102,21,1.17492675781
smoke-10867490/precision_tail,smoke-10867490,qhcn001,False,precision_tail,b64_fp32,1,thread_permission,0,4,1.17492675781
smoke-10867490/precision_tail,smoke-10867490,qhcn001,False,precision_tail,b64_fp32,1,thread_tile_config,0,4,1.17492675781
smoke-10867490/precision_tail,smoke-10867490,qhcn001,False,precision_tail,b64_fp32,1,thread_tile_release,0,4,1.17492675781
smoke-10867490/precision_tail,smoke-10867490,qhcn001,False,precision_tail,b64_fp32,1,row_metadata_read,0.000953674316406,2,1.17492675781
smoke-10867490/precision_tail,smoke-10867490,qhcn001,False,precision_tail,b64_fp32,2,partial_init,0,10,1.24502182007
smoke-10867490/precision_tail,smoke-10867490,qhcn001,False,precision_tail,b64_fp32,2,csr_index_read,0.0641345977783,2257,1.24502182007
smoke-10867490/precision_tail,smoke-10867490,qhcn001,False,precision_tail,b64_fp32,2,csr_next_index_read,0.072717666626,2209,1.24502182007
smoke-10867490/precision_tail,smoke-10867490,qhcn001,False,precision_tail,b64_fp32,2,prefetch_issue,0.0705718994141,2209,1.24502182007
smoke-10867490/precision_tail,smoke-10867490,qhcn001,False,precision_tail,b64_fp32,2,source_feature_load,0.0779628753662,2257,1.24502182007
smoke-10867490/precision_tail,smoke-10867490,qhcn001,False,precision_tail,b64_fp32,2,source_bf16_decode,0,0,1.24502182007
smoke-10867490/precision_tail,smoke-10867490,qhcn001,False,precision_tail,b64_fp32,2,feature_fp32_add,0.0643730163574,2257,1.24502182007
smoke-10867490/precision_tail,smoke-10867490,qhcn001,False,precision_tail,b64_fp32,2,partial_state_load,0,0,1.24502182007
smoke-10867490/precision_tail,smoke-10867490,qhcn001,False,precision_tail,b64_fp32,2,partial_state_store,0,61,1.24502182007
smoke-10867490/precision_tail,smoke-10867490,qhcn001,False,precision_tail,b64_fp32,2,partial_hi_pack,0.0503063201904,1280,1.24502182007
smoke-10867490/precision_tail,smoke-10867490,qhcn001,False,precision_tail,b64_fp32,2,partial_lo_residual,0,0,1.24502182007
smoke-10867490/precision_tail,smoke-10867490,qhcn001,False,precision_tail,b64_fp32,2,partial_lo_pack,0,0,1.24502182007
smoke-10867490/precision_tail,smoke-10867490,qhcn001,False,precision_tail,b64_fp32,2,amx_a_load,0.00214576721191,80,1.24502182007
smoke-10867490/precision_tail,smoke-10867490,qhcn001,False,precision_tail,b64_fp32,2,amx_b_load,0.0100135803223,160,1.24502182007
smoke-10867490/precision_tail,smoke-10867490,qhcn001,False,precision_tail,b64_fp32,2,amx_tdp_compute,0.0276565551758,160,1.24502182007
smoke-10867490/precision_tail,smoke-10867490,qhcn001,False,precision_tail,b64_fp32,2,amx_c_zero,0,4,1.24502182007
smoke-10867490/precision_tail,smoke-10867490,qhcn001,False,precision_tail,b64_fp32,2,amx_c_load,0.00214576721191,16,1.24502182007
smoke-10867490/precision_tail,smoke-10867490,qhcn001,False,precision_tail,b64_fp32,2,amx_c_store,0.00190734863281,20,1.24502182007
smoke-10867490/precision_tail,smoke-10867490,qhcn001,False,precision_tail,b64_fp32,2,output_bf16_conversion,0,21,1.24502182007
smoke-10867490/precision_tail,smoke-10867490,qhcn001,False,precision_tail,b64_fp32,2,output_store,0.000953674316406,21,1.24502182007
smoke-10867490/precision_tail,smoke-10867490,qhcn001,False,precision_tail,b64_fp32,2,thread_permission,0,4,1.24502182007
smoke-10867490/precision_tail,smoke-10867490,qhcn001,False,precision_tail,b64_fp32,2,thread_tile_config,0.00190734863281,4,1.24502182007
smoke-10867490/precision_tail,smoke-10867490,qhcn001,False,precision_tail,b64_fp32,2,thread_tile_release,0,4,1.24502182007
smoke-10867490/precision_tail,smoke-10867490,qhcn001,False,precision_tail,b64_fp32,2,row_metadata_read,0,2,1.24502182007
smoke-10867490/precision_tail,smoke-10867490,qhcn001,False,precision_tail,full_bf16,1,partial_init,0.000953674316406,2,1.36184692383
smoke-10867490/precision_tail,smoke-10867490,qhcn001,False,precision_tail,full_bf16,1,csr_index_read,0.0712871551514,2257,1.36184692383
smoke-10867490/precision_tail,smoke-10867490,qhcn001,False,precision_tail,full_bf16,1,csr_next_index_read,0.0815391540527,2238,1.36184692383
smoke-10867490/precision_tail,smoke-10867490,qhcn001,False,precision_tail,full_bf16,1,prefetch_issue,0.0746250152588,2238,1.36184692383
smoke-10867490/precision_tail,smoke-10867490,qhcn001,False,precision_tail,full_bf16,1,source_feature_load,0.0700950622559,2257,1.36184692383
smoke-10867490/precision_tail,smoke-10867490,qhcn001,False,precision_tail,full_bf16,1,source_bf16_decode,0.0698566436768,2257,1.36184692383
smoke-10867490/precision_tail,smoke-10867490,qhcn001,False,precision_tail,full_bf16,1,feature_fp32_add,0.0765323638916,2257,1.36184692383
smoke-10867490/precision_tail,smoke-10867490,qhcn001,False,precision_tail,full_bf16,1,partial_state_load,0,0,1.36184692383
smoke-10867490/precision_tail,smoke-10867490,qhcn001,False,precision_tail,full_bf16,1,partial_state_store,0.00119209289551,21,1.36184692383
smoke-10867490/precision_tail,smoke-10867490,qhcn001,False,precision_tail,full_bf16,1,partial_hi_pack,0.00691413879395,256,1.36184692383
smoke-10867490/precision_tail,smoke-10867490,qhcn001,False,precision_tail,full_bf16,1,partial_lo_residual,0,0,1.36184692383
smoke-10867490/precision_tail,smoke-10867490,qhcn001,False,precision_tail,full_bf16,1,partial_lo_pack,0,0,1.36184692383
smoke-10867490/precision_tail,smoke-10867490,qhcn001,False,precision_tail,full_bf16,1,amx_a_load,0,16,1.36184692383
smoke-10867490/precision_tail,smoke-10867490,qhcn001,False,precision_tail,full_bf16,1,amx_b_load,0.00548362731934,32,1.36184692383
smoke-10867490/precision_tail,smoke-10867490,qhcn001,False,precision_tail,full_bf16,1,amx_tdp_compute,0.00190734863281,32,1.36184692383
smoke-10867490/precision_tail,smoke-10867490,qhcn001,False,precision_tail,full_bf16,1,amx_c_zero,0,4,1.36184692383
smoke-10867490/precision_tail,smoke-10867490,qhcn001,False,precision_tail,full_bf16,1,amx_c_load,0,0,1.36184692383
smoke-10867490/precision_tail,smoke-10867490,qhcn001,False,precision_tail,full_bf16,1,amx_c_store,0,4,1.36184692383
smoke-10867490/precision_tail,smoke-10867490,qhcn001,False,precision_tail,full_bf16,1,output_bf16_conversion,0,0,1.36184692383
smoke-10867490/precision_tail,smoke-10867490,qhcn001,False,precision_tail,full_bf16,1,output_store,0,21,1.36184692383
smoke-10867490/precision_tail,smoke-10867490,qhcn001,False,precision_tail,full_bf16,1,thread_permission,0,4,1.36184692383
smoke-10867490/precision_tail,smoke-10867490,qhcn001,False,precision_tail,full_bf16,1,thread_tile_config,0,4,1.36184692383
smoke-10867490/precision_tail,smoke-10867490,qhcn001,False,precision_tail,full_bf16,1,thread_tile_release,0.000953674316406,4,1.36184692383
smoke-10867490/precision_tail,smoke-10867490,qhcn001,False,precision_tail,full_bf16,1,row_metadata_read,0,2,1.36184692383
smoke-10867490/precision_tail,smoke-10867490,qhcn001,False,precision_tail,full_bf16,2,partial_init,0.00214576721191,2,1.29294395447
smoke-10867490/precision_tail,smoke-10867490,qhcn001,False,precision_tail,full_bf16,2,csr_index_read,0.0746250152588,2257,1.29294395447
smoke-10867490/precision_tail,smoke-10867490,qhcn001,False,precision_tail,full_bf16,2,csr_next_index_read,0.0722408294678,2238,1.29294395447
smoke-10867490/precision_tail,smoke-10867490,qhcn001,False,precision_tail,full_bf16,2,prefetch_issue,0.070333480835,2238,1.29294395447
smoke-10867490/precision_tail,smoke-10867490,qhcn001,False,precision_tail,full_bf16,2,source_feature_load,0.0698566436768,2257,1.29294395447
smoke-10867490/precision_tail,smoke-10867490,qhcn001,False,precision_tail,full_bf16,2,source_bf16_decode,0.0677108764648,2257,1.29294395447
smoke-10867490/precision_tail,smoke-10867490,qhcn001,False,precision_tail,full_bf16,2,feature_fp32_add,0.0705718994141,2257,1.29294395447
smoke-10867490/precision_tail,smoke-10867490,qhcn001,False,precision_tail,full_bf16,2,partial_state_load,0,0,1.29294395447
smoke-10867490/precision_tail,smoke-10867490,qhcn001,False,precision_tail,full_bf16,2,partial_state_store,0,21,1.29294395447
smoke-10867490/precision_tail,smoke-10867490,qhcn001,False,precision_tail,full_bf16,2,partial_hi_pack,0.00786781311035,256,1.29294395447
smoke-10867490/precision_tail,smoke-10867490,qhcn001,False,precision_tail,full_bf16,2,partial_lo_residual,0,0,1.29294395447
smoke-10867490/precision_tail,smoke-10867490,qhcn001,False,precision_tail,full_bf16,2,partial_lo_pack,0,0,1.29294395447
smoke-10867490/precision_tail,smoke-10867490,qhcn001,False,precision_tail,full_bf16,2,amx_a_load,0.00214576721191,16,1.29294395447
smoke-10867490/precision_tail,smoke-10867490,qhcn001,False,precision_tail,full_bf16,2,amx_b_load,0,32,1.29294395447
smoke-10867490/precision_tail,smoke-10867490,qhcn001,False,precision_tail,full_bf16,2,amx_tdp_compute,0.00691413879395,32,1.29294395447
smoke-10867490/precision_tail,smoke-10867490,qhcn001,False,precision_tail,full_bf16,2,amx_c_zero,0,4,1.29294395447
smoke-10867490/precision_tail,smoke-10867490,qhcn001,False,precision_tail,full_bf16,2,amx_c_load,0,0,1.29294395447
smoke-10867490/precision_tail,smoke-10867490,qhcn001,False,precision_tail,full_bf16,2,amx_c_store,0.000953674316406,4,1.29294395447
smoke-10867490/precision_tail,smoke-10867490,qhcn001,False,precision_tail,full_bf16,2,output_bf16_conversion,0.00214576721191,21,1.29294395447
smoke-10867490/precision_tail,smoke-10867490,qhcn001,False,precision_tail,full_bf16,2,output_store,0.000953674316406,21,1.29294395447
smoke-10867490/precision_tail,smoke-10867490,qhcn001,False,precision_tail,full_bf16,2,thread_permission,0.00286102294922,4,1.29294395447
smoke-10867490/precision_tail,smoke-10867490,qhcn001,False,precision_tail,full_bf16,2,thread_tile_config,0,4,1.29294395447
smoke-10867490/precision_tail,smoke-10867490,qhcn001,False,precision_tail,full_bf16,2,thread_tile_release,0,4,1.29294395447
smoke-10867490/precision_tail,smoke-10867490,qhcn001,False,precision_tail,full_bf16,2,row_metadata_read,0,2,1.29294395447
smoke-10867490/precision_tail,smoke-10867490,qhcn001,False,precision_tail,full_fp32,1,partial_init,0,2,1.14393234253
smoke-10867490/precision_tail,smoke-10867490,qhcn001,False,precision_tail,full_fp32,1,csr_index_read,0.0612735748291,2257,1.14393234253
smoke-10867490/precision_tail,smoke-10867490,qhcn001,False,precision_tail,full_fp32,1,csr_next_index_read,0.068187713623,2238,1.14393234253
smoke-10867490/precision_tail,smoke-10867490,qhcn001,False,precision_tail,full_fp32,1,prefetch_issue,0.0743865966797,2238,1.14393234253
smoke-10867490/precision_tail,smoke-10867490,qhcn001,False,precision_tail,full_fp32,1,source_feature_load,0.075101852417,2257,1.14393234253
smoke-10867490/precision_tail,smoke-10867490,qhcn001,False,precision_tail,full_fp32,1,source_bf16_decode,0,0,1.14393234253
smoke-10867490/precision_tail,smoke-10867490,qhcn001,False,precision_tail,full_fp32,1,feature_fp32_add,0.0684261322021,2257,1.14393234253
smoke-10867490/precision_tail,smoke-10867490,qhcn001,False,precision_tail,full_fp32,1,partial_state_load,0,0,1.14393234253
smoke-10867490/precision_tail,smoke-10867490,qhcn001,False,precision_tail,full_fp32,1,partial_state_store,0,21,1.14393234253
smoke-10867490/precision_tail,smoke-10867490,qhcn001,False,precision_tail,full_fp32,1,partial_hi_pack,0.00810623168945,256,1.14393234253
smoke-10867490/precision_tail,smoke-10867490,qhcn001,False,precision_tail,full_fp32,1,partial_lo_residual,0,0,1.14393234253
smoke-10867490/precision_tail,smoke-10867490,qhcn001,False,precision_tail,full_fp32,1,partial_lo_pack,0,0,1.14393234253
smoke-10867490/precision_tail,smoke-10867490,qhcn001,False,precision_tail,full_fp32,1,amx_a_load,0.000953674316406,16,1.14393234253
smoke-10867490/precision_tail,smoke-10867490,qhcn001,False,precision_tail,full_fp32,1,amx_b_load,0,32,1.14393234253
smoke-10867490/precision_tail,smoke-10867490,qhcn001,False,precision_tail,full_fp32,1,amx_tdp_compute,0.00524520874023,32,1.14393234253
smoke-10867490/precision_tail,smoke-10867490,qhcn001,False,precision_tail,full_fp32,1,amx_c_zero,0,4,1.14393234253
smoke-10867490/precision_tail,smoke-10867490,qhcn001,False,precision_tail,full_fp32,1,amx_c_load,0,0,1.14393234253
smoke-10867490/precision_tail,smoke-10867490,qhcn001,False,precision_tail,full_fp32,1,amx_c_store,0.000953674316406,4,1.14393234253
smoke-10867490/precision_tail,smoke-10867490,qhcn001,False,precision_tail,full_fp32,1,output_bf16_conversion,0,0,1.14393234253
smoke-10867490/precision_tail,smoke-10867490,qhcn001,False,precision_tail,full_fp32,1,output_store,0,21,1.14393234253
smoke-10867490/precision_tail,smoke-10867490,qhcn001,False,precision_tail,full_fp32,1,thread_permission,0.00190734863281,4,1.14393234253
smoke-10867490/precision_tail,smoke-10867490,qhcn001,False,precision_tail,full_fp32,1,thread_tile_config,0,4,1.14393234253
smoke-10867490/precision_tail,smoke-10867490,qhcn001,False,precision_tail,full_fp32,1,thread_tile_release,0,4,1.14393234253
smoke-10867490/precision_tail,smoke-10867490,qhcn001,False,precision_tail,full_fp32,1,row_metadata_read,0,2,1.14393234253
smoke-10867490/precision_tail,smoke-10867490,qhcn001,False,precision_tail,full_fp32,2,partial_init,0.000953674316406,2,1.10602378845
smoke-10867490/precision_tail,smoke-10867490,qhcn001,False,precision_tail,full_fp32,2,csr_index_read,0.0596046447754,2257,1.10602378845
smoke-10867490/precision_tail,smoke-10867490,qhcn001,False,precision_tail,full_fp32,2,csr_next_index_read,0.0700950622559,2238,1.10602378845
smoke-10867490/precision_tail,smoke-10867490,qhcn001,False,precision_tail,full_fp32,2,prefetch_issue,0.0650882720947,2238,1.10602378845
smoke-10867490/precision_tail,smoke-10867490,qhcn001,False,precision_tail,full_fp32,2,source_feature_load,0.070333480835,2257,1.10602378845
smoke-10867490/precision_tail,smoke-10867490,qhcn001,False,precision_tail,full_fp32,2,source_bf16_decode,0,0,1.10602378845
smoke-10867490/precision_tail,smoke-10867490,qhcn001,False,precision_tail,full_fp32,2,feature_fp32_add,0.0677108764648,2257,1.10602378845
smoke-10867490/precision_tail,smoke-10867490,qhcn001,False,precision_tail,full_fp32,2,partial_state_load,0,0,1.10602378845
smoke-10867490/precision_tail,smoke-10867490,qhcn001,False,precision_tail,full_fp32,2,partial_state_store,0,21,1.10602378845
smoke-10867490/precision_tail,smoke-10867490,qhcn001,False,precision_tail,full_fp32,2,partial_hi_pack,0.00715255737305,256,1.10602378845
smoke-10867490/precision_tail,smoke-10867490,qhcn001,False,precision_tail,full_fp32,2,partial_lo_residual,0,0,1.10602378845
smoke-10867490/precision_tail,smoke-10867490,qhcn001,False,precision_tail,full_fp32,2,partial_lo_pack,0,0,1.10602378845
smoke-10867490/precision_tail,smoke-10867490,qhcn001,False,precision_tail,full_fp32,2,amx_a_load,0,16,1.10602378845
smoke-10867490/precision_tail,smoke-10867490,qhcn001,False,precision_tail,full_fp32,2,amx_b_load,0.00381469726562,32,1.10602378845
smoke-10867490/precision_tail,smoke-10867490,qhcn001,False,precision_tail,full_fp32,2,amx_tdp_compute,0.00405311584473,32,1.10602378845
smoke-10867490/precision_tail,smoke-10867490,qhcn001,False,precision_tail,full_fp32,2,amx_c_zero,0,4,1.10602378845
smoke-10867490/precision_tail,smoke-10867490,qhcn001,False,precision_tail,full_fp32,2,amx_c_load,0,0,1.10602378845
smoke-10867490/precision_tail,smoke-10867490,qhcn001,False,precision_tail,full_fp32,2,amx_c_store,0,4,1.10602378845
smoke-10867490/precision_tail,smoke-10867490,qhcn001,False,precision_tail,full_fp32,2,output_bf16_conversion,0.000953674316406,21,1.10602378845
smoke-10867490/precision_tail,smoke-10867490,qhcn001,False,precision_tail,full_fp32,2,output_store,0,21,1.10602378845
smoke-10867490/precision_tail,smoke-10867490,qhcn001,False,precision_tail,full_fp32,2,thread_permission,0,4,1.10602378845
smoke-10867490/precision_tail,smoke-10867490,qhcn001,False,precision_tail,full_fp32,2,thread_tile_config,0,4,1.10602378845
smoke-10867490/precision_tail,smoke-10867490,qhcn001,False,precision_tail,full_fp32,2,thread_tile_release,0,4,1.10602378845
smoke-10867490/precision_tail,smoke-10867490,qhcn001,False,precision_tail,full_fp32,2,row_metadata_read,0,2,1.10602378845
