graph,source_run,N,E,avg_degree,kind,method,median_ms,P25_ms,P75_ms,samples,speedup_original_nozero,speedup_mkl_fp32,layer1_median_ms,activation_conversion_median_ms,layer2_median_ms,relative_l2_bf16_reference,max_abs_bf16_reference,mean_abs_bf16_reference,normalized_max_bf16_reference
mycielskian19,formal-10862002,393215,903194710,2296.9487684854344,kernel,mkl_bf16_inputs,1368.144989015,1367.7735328649999,1369.2426085475,10,0.6919394655244547,1.0387926737963722,,,,0,0,0,0
mycielskian19,formal-10862002,393215,903194710,2296.9487684854344,kernel,original,977.6450395585,963.00798654575,998.2104301454999,10,0.968320273876205,1.4537167722160345,,,,5.03731244117e-06,0.568359375,0.000259918276852,2.61505453647e-05
mycielskian19,formal-10862002,393215,903194710,2296.9487684854344,kernel,original_nozero,946.673512459,928.8921952244999,955.3111195565,10,1.0,1.5012768104056913,,,,5.03731244117e-06,0.568359375,0.000259918276852,2.61505453647e-05
mycielskian19,formal-10862002,393215,903194710,2296.9487684854344,kernel,shared_b2_fast_nozero,1284.37757492,1268.7007188774999,1324.6243000025001,10,0.737067923751289,1.1065429816216805,,,,0.00207189644576,39.55078125,0.301063226344,0.00181975444548
mycielskian19,formal-10862002,393215,903194710,2296.9487684854344,kernel,shared_b2_accurate_nozero,1698.95148277,1667.9658889749999,1753.5287141825002,10,0.5572104454186808,0.8365271202228918,,,,5.0060396256e-06,0.580078125,0.000260594508351,2.6689731867e-05
mycielskian19,formal-10862002,393215,903194710,2296.9487684854344,kernel,shared_b4_fast_nozero,813.4000301359999,795.40395736675,831.09235763575,10,1.163847402735794,1.7472571165781405,,,,0.00274610374014,51.478515625,0.387219926687,0.00236855644047
mycielskian19,formal-10862002,393215,903194710,2296.9487684854344,kernel,shared_b4_accurate_nozero,1066.287994385,1023.578464985,1087.8509283075,10,0.8878215992716023,1.332865978763751,,,,3.61284368319e-06,0.46875,0.000185737776278,2.15674600946e-05
mycielskian19,formal-10862002,393215,903194710,2296.9487684854344,kernel,shared_b8_fast_nozero,637.920975685,619.78644132625,650.575518608,10,1.4839980946581373,2.2278919261964916,,,,0.00294698546586,56.873046875,0.412452460526,0.00261676196039
mycielskian19,formal-10862002,393215,903194710,2296.9487684854344,kernel,shared_b8_accurate_nozero,739.5260334015,723.4386801720001,761.1404657365001,10,1.2801084339177502,1.9217971066454649,,,,2.5701218813e-06,0.275390625,0.00015893770722,1.26708828056e-05
mycielskian19,formal-10862002,393215,903194710,2296.9487684854344,kernel,shared_b16_fast_nozero,568.9543485644999,549.238860607,575.5506753925,10,1.6638830775219564,2.497949079510168,,,,0.00305090480912,67.5625,0.426500187715,0.00310858991497
mycielskian19,formal-10862002,393215,903194710,2296.9487684854344,kernel,shared_b16_accurate_nozero,584.1820240019999,564.0817284585,593.9148664475,10,1.6205111995294108,2.432835884856215,,,,2.30194924349e-06,0.25390625,0.000257756238385,1.16823742179e-05
mycielskian19,formal-10862002,393215,903194710,2296.9487684854344,kernel,shared_b32_fast_nozero,522.7569341655,512.6872062685,529.32357788075,10,1.8109248306198307,2.7186994535974063,,,,0.00306646547034,65.8359375,0.428043912313,0.00302914977028
mycielskian19,formal-10862002,393215,903194710,2296.9487684854344,kernel,shared_b32_accurate_nozero,531.6486358645,520.2829241755,547.36471176175,10,1.780637527489634,2.6732298277583144,,,,3.12127128827e-06,0.134765625,0.000453224881495,6.20064477719e-06
mycielskian19,formal-10862002,393215,903194710,2296.9487684854344,kernel,shared_b64_fast_nozero,491.28806591,483.81704092049995,506.74778223025,10,1.9269214502605543,2.8928424887494737,,,,0.0030940014164,63.962890625,0.431569681715,0.00294296979432
mycielskian19,formal-10862002,393215,903194710,2296.9487684854344,kernel,shared_b64_accurate_nozero,517.3680782315,509.96655225775,523.4774947165,10,1.82978724875137,2.747017164526462,,,,4.69781538023e-06,0.189453125,0.000698923141685,8.71684845489e-06
mycielskian19,formal-10862002,393215,903194710,2296.9487684854344,kernel,shared_bfull_fast_nozero,1020.424485205,1014.5336389575,1040.808916095,10,0.927725202780504,1.3927723333632882,,,,0.00329708936739,79.927734375,0.444051634396,0.00367752153938
mycielskian19,formal-10862002,393215,903194710,2296.9487684854344,kernel,shared_bfull_accurate_nozero,1030.28845787,1022.2533941275001,1035.610854625,10,0.918843169820747,1.379437943251546,,,,9.38007226128e-06,0.248046875,0.0012155210276,1.14127809667e-05
mycielskian19,formal-10862002,393215,903194710,2296.9487684854344,kernel,mkl_fp32,1421.21899128,1420.1685190175,1422.719776635,10,0.6660996779999347,1.0,,,,0.00434895577573,60.056640625,0.65072594302,0.0027632409602
mycielskian19,formal-10862002,393215,903194710,2296.9487684854344,e2e,mkl_bf16_inputs,2733.598470685,2733.0161333075,2734.7822189375,10,0.6841873516161764,1.0272997537057078,1366.7435646049998,2.38049030304,1364.4956350349999,0,0,0,0
mycielskian19,formal-10862002,393215,903194710,2296.9487684854344,e2e,original,1902.73547173,1858.2562208175,1942.93302298,10,0.9829498245173812,1.4758883078538045,976.760387421,1.468062400815,924.4666099545,7.36029285211e-06,7296,28.9779163002,3.36018261708e-05
mycielskian19,formal-10862002,393215,903194710,2296.9487684854344,e2e,original_nozero,1870.29349804,1848.6474752425,1891.8857574425,10,1.0,1.5014889580741837,944.6954727175,1.468539237975,939.680457115,7.36029285211e-06,7296,28.9779163002,3.36018261708e-05
mycielskian19,formal-10862002,393215,903194710,2296.9487684854344,e2e,shared_b2_fast_nozero,2542.806506155,2478.1728982924997,2585.0059986124998,10,0.7355233257083674,1.1043801519571153,1266.9154405600002,1.47199630737,1271.0585594200002,0.00331352891138,722016,12113.4638223,0.00332525440304
mycielskian19,formal-10862002,393215,903194710,2296.9487684854344,e2e,shared_b2_accurate_nozero,3371.666550635,3287.9687547675,3463.80919218,10,0.5547089161850124,0.832889312597094,1660.840511325,1.47354602814,1700.20699501,7.69943298736e-05,179920,37.1596567105,0.000828623980901
mycielskian19,formal-10862002,393215,903194710,2296.9487684854344,e2e,shared_b4_fast_nozero,1665.9269332899999,1644.0700888650001,1693.76558065,10,1.1226743866529616,1.685683195072129,825.7809877395,1.6006231307999998,838.681936264,0.00478817559616,1036512,17522.8925171,0.00477366996272
mycielskian19,formal-10862002,393215,903194710,2296.9487684854344,e2e,shared_b4_accurate_nozero,2049.371004105,2006.9639086700001,2116.5550351174998,10,0.9126183079070125,1.3702863122587248,1050.823926925,1.463532447815,1011.6164684285,3.96400843489e-05,146992,33.9443979761,0.000676973633841
mycielskian19,formal-10862002,393215,903194710,2296.9487684854344,e2e,shared_b8_fast_nozero,1277.337551115,1256.220638755,1310.5277419075,10,1.4642124130832943,2.198498770519722,650.778532028,1.45983695984,633.1114768985,0.0052947366285,1147264,19375.7780045,0.00528373978893
mycielskian19,formal-10862002,393215,903194710,2296.9487684854344,e2e,shared_b8_accurate_nozero,1443.3299303049998,1433.154046535,1469.0235257125,10,1.2958184118337903,1.9456570370376614,728.8830280305,1.462936401365,727.576494217,1.22613653931e-05,64752,14.674441666,0.000298216207266
mycielskian19,formal-10862002,393215,903194710,2296.9487684854344,e2e,shared_b16_fast_nozero,1107.4069738399999,1074.4000673275,1138.657271865,10,1.6888944554454497,2.5358563762040545,564.0859603880001,1.46698951721,546.3758707045,0.00551396822445,1195632,20149.9687647,0.00550649926374
mycielskian19,formal-10862002,393215,903194710,2296.9487684854344,e2e,shared_b16_accurate_nozero,1174.8090982449999,1148.08130264,1189.306735995,10,1.5919977984797329,2.3903671156957285,596.5079069139999,1.458525657655,578.001379967,4.06170814758e-06,14976,13.6221726871,6.89721695085e-05
mycielskian19,formal-10862002,393215,903194710,2296.9487684854344,e2e,shared_b32_fast_nozero,1049.7204065350002,1047.58620262,1052.5360703425,10,1.7817063347502333,2.6752123881583008,531.477570534,1.461029052735,511.33942604050003,0.00557106123726,1207440,20371.6012178,0.00556088116663
mycielskian19,formal-10862002,393215,903194710,2296.9487684854344,e2e,shared_b32_accurate_nozero,1066.14148617,1051.09530687,1070.7290172575,10,1.7542638780138184,2.6340078423861453,536.3190174105,1.45888328552,524.764060974,4.72432603956e-06,2752,18.686590286,1.26743730293e-05
mycielskian19,formal-10862002,393215,903194710,2296.9487684854344,e2e,shared_b64_fast_nozero,981.0450077055,971.85194492375,997.0809221265,10,1.906429861372317,2.862483386193431,495.3619241715,1.4724731445299999,481.7184209825,0.00561790296729,1213584,20582.5244048,0.0055891774413
mycielskian19,formal-10862002,393215,903194710,2296.9487684854344,e2e,shared_b64_accurate_nozero,1001.6928911195,995.1509833335,1022.631704805,10,1.8671326457650559,2.8034790508760676,503.73947620399997,1.466989517215,497.674584389,8.37766705822e-06,2624,32.2445598108,1.20848673071e-05
mycielskian19,formal-10862002,393215,903194710,2296.9487684854344,e2e,shared_bfull_fast_nozero,2042.139530185,2034.3148112299998,2050.36306381,10,0.9158500045638741,1.375138669104848,1022.6639509199999,1.476883888245,1022.05109596,0.00586813632765,1385056,21388.1771732,0.00637889404453
mycielskian19,formal-10862002,393215,903194710,2296.9487684854344,e2e,shared_bfull_accurate_nozero,2036.97001934,2022.9020118675,2049.42762852,10,0.9181742884198144,1.3786285556499722,1025.693535805,1.468539237975,1003.86452675,1.63473359473e-05,3744,61.9688491937,1.72430423771e-05
mycielskian19,formal-10862002,393215,903194710,2296.9487684854344,e2e,mkl_fp32,2808.225035665,2805.4546117749996,2809.5601201025,10,0.6660055637589265,1.0,1419.8479652400001,0.598073005676,1386.660456655,0.00880214215995,2114144,31193.9586734,0.00973671863872
reddit,formal-10862002,232965,114615892,491.9876032880476,kernel,mkl_bf16_inputs,105.0404310225,104.35831546799999,105.048179626,10,1.3197528664491633,0.996515889025421,,,,0,0,0,0
reddit,formal-10862002,232965,114615892,491.9876032880476,kernel,original,154.4345617295,151.48454904525,156.88675642,10,0.8976449855687937,0.677791663548362,,,,1.6023985875e-06,0.021240234375,4.95896858268e-05,7.6055931707e-06
reddit,formal-10862002,232965,114615892,491.9876032880476,kernel,original_nozero,138.627409935,135.70564985275,143.48506927525,10,1.0,0.7550776470041534,,,,1.6023985875e-06,0.021240234375,4.95896858268e-05,7.6055931707e-06
reddit,formal-10862002,232965,114615892,491.9876032880476,kernel,shared_b2_fast_nozero,167.21689701100001,164.104759693,174.43889379524998,10,0.8290275230133034,0.6259801513785668,,,,0.00230803116894,6.21997070312,0.129710609587,0.00222721491046
reddit,formal-10862002,232965,114615892,491.9876032880476,kernel,shared_b2_accurate_nozero,225.226044655,217.7150845525,228.65200042700002,10,0.6155034607447317,0.46475290486204535,,,,1.58522015004e-06,0.024169921875,4.97046001487e-05,8.65464050459e-06
reddit,formal-10862002,232965,114615892,491.9876032880476,kernel,shared_b4_fast_nozero,109.04204845449999,104.20906543725,112.615466118,10,1.2713206684928071,0.9599458189532962,,,,0.00292664910555,6.76196289062,0.163463719975,0.00242128866723
reddit,formal-10862002,232965,114615892,491.9876032880476,kernel,shared_b4_accurate_nozero,132.3895454405,127.78782844525,140.03133773825,10,1.047117500658717,0.7906550185342541,,,,1.13503651913e-06,0.015380859375,3.62025965971e-05,5.50749850292e-06
reddit,formal-10862002,232965,114615892,491.9876032880476,kernel,shared_b8_fast_nozero,80.18648624420001,79.423785209675,82.698523998225,10,1.7288126270157784,1.3053877705181431,,,,0.00311457389644,7.33471679688,0.173612400071,0.002626377421
reddit,formal-10862002,232965,114615892,491.9876032880476,kernel,shared_b8_accurate_nozero,96.77505493165,94.158470630675,98.216176033025,10,1.432470485631957,1.0816264436938752,,,,9.92274581252e-07,0.01123046875,4.17908914726e-05,4.02134811324e-06
reddit,formal-10862002,232965,114615892,491.9876032880476,kernel,shared_b16_fast_nozero,70.1630115509,69.579303264625,70.615708827975,10,1.9757904752197286,1.4918752230021306,,,,0.00321915644333,7.9501953125,0.179338752253,0.00284676478173
reddit,formal-10862002,232965,114615892,491.9876032880476,kernel,shared_b16_accurate_nozero,75.4120349884,74.803233146675,77.667236328125,10,1.838266398146183,1.3880338664790202,,,,1.89565831909e-06,0.007568359375,0.000102884548395,2.71003894588e-06
reddit,formal-10862002,232965,114615892,491.9876032880476,kernel,shared_b32_fast_nozero,61.06448173525,60.6242418289,63.03399801255,10,2.2701807334749904,1.714162726506459,,,,0.00323087993226,8.240234375,0.180002606811,0.00295062046779
reddit,formal-10862002,232965,114615892,491.9876032880476,kernel,shared_b32_accurate_nozero,66.72203540800001,65.01138210295,67.6376223564,10,2.077685566504443,1.5688139287706662,,,,3.52808715885e-06,0.0106201171875,0.000194718453527,3.80279658535e-06
reddit,formal-10862002,232965,114615892,491.9876032880476,kernel,shared_b64_fast_nozero,59.63504314425,58.263301849375,61.212480068175,10,2.3245964558066468,1.7552508220846772,,,,0.00325716379111,7.93530273438,0.181387661592,0.00284143212445
reddit,formal-10862002,232965,114615892,491.9876032880476,kernel,shared_b64_accurate_nozero,61.738014221149996,60.66644191745,62.2952580452,10,2.245414137202837,1.6954620232689794,,,,5.4301224308e-06,0.0120849609375,0.000297593591475,4.3273202523e-06
reddit,formal-10862002,232965,114615892,491.9876032880476,kernel,shared_bfull_fast_nozero,66.01548194885,65.3427839279,67.1465396881,10,2.09992271271171,1.5856047008049368,,,,0.00331306306134,9.60754394531,0.182741458353,0.00344021960058
reddit,formal-10862002,232965,114615892,491.9876032880476,kernel,shared_bfull_accurate_nozero,66.46144390105,64.48376178742501,67.263901233675,10,2.085832052360961,1.5749651581425586,,,,8.82324102138e-06,0.0272216796875,0.000449729049238,9.74739814406e-06
reddit,formal-10862002,232965,114615892,491.9876032880476,kernel,mkl_fp32,104.674458504,104.100644588,105.22615909550001,10,1.3243671084260018,1.0,,,,0.00507558758615,11.1145019531,0.286725126566,0.00397982332294
reddit,formal-10862002,232965,114615892,491.9876032880476,e2e,mkl_bf16_inputs,208.2949876785,208.06288719175,208.530604839,10,1.3712614569288655,1.0174222588500366,105.02910614,1.34742259979,101.9558906555,0,0,0,0
reddit,formal-10862002,232965,114615892,491.9876032880476,e2e,original,301.3305664065,297.0809340475,307.2674870495,10,0.9478855453704107,0.703293925333519,152.4840593335,0.8565187454225,149.134516716,3.42457385347e-06,286,0.912131007999,8.89417425367e-06
reddit,formal-10862002,232965,114615892,491.9876032880476,e2e,original_nozero,285.626888275,278.694093227,286.27192974125,10,1.0,0.7419608082099077,141.569972038,0.8563995361329999,139.717936516,3.42457385347e-06,286,0.912131007999,8.89417425367e-06
reddit,formal-10862002,232965,114615892,491.9876032880476,e2e,shared_b2_fast_nozero,343.505859375,340.94280004525,349.48331117600003,10,0.8315051417017768,0.6169442269677441,170.9624528885,0.875473022461,173.7350225445,0.00318208796004,101248,747.885423191,0.00314866207984
reddit,formal-10862002,232965,114615892,491.9876032880476,e2e,shared_b2_accurate_nozero,446.841478348,435.77623367325,454.0261626245,10,0.6392130142684602,0.474271004684918,226.7354726795,0.8696317672730001,221.45891189550002,3.72264433355e-06,758,0.960654567599,2.35726716234e-05
reddit,formal-10862002,232965,114615892,491.9876032880476,e2e,shared_b4_fast_nozero,221.8729257585,219.1432118415,223.07080030424999,10,1.2873444891869938,0.9551591576417527,107.4579954145,0.872015953064,112.697124481,0.00476270893258,152158,1108.41125953,0.00473188729402
reddit,formal-10862002,232965,114615892,491.9876032880476,e2e,shared_b4_accurate_nozero,271.640896797,270.56515216800005,275.27576684950003,10,1.0514870612006995,0.7801621897507316,134.01854038250002,0.873923301697,136.97206974,3.24008578074e-06,222,0.905622002605,6.90386952557e-06
reddit,formal-10862002,232965,114615892,491.9876032880476,e2e,shared_b8_fast_nozero,168.91014575949998,166.90641641625,169.38757896425,10,1.6909990041787382,1.2546549878226056,84.71405506135,0.872492790222,83.06956291200001,0.0053251291861,171424,1237.61561406,0.0053310312142
reddit,formal-10862002,232965,114615892,491.9876032880476,e2e,shared_b8_accurate_nozero,192.30806827549998,189.40973281875,194.94795799225,10,1.4852569153043114,1.1020024212785413,96.4995622635,0.873565673828,96.2245464325,2.44896311014e-06,122,0.711587078651,3.79401838793e-06
reddit,formal-10862002,232965,114615892,491.9876032880476,e2e,shared_b16_fast_nozero,143.676996231,142.720222473,144.96874809275,10,1.9879792574155488,1.4750026965365728,72.67796993255001,0.8563995361329999,71.64800167085,0.00554590699607,178246,1289.02812864,0.00554318525881
reddit,formal-10862002,232965,114615892,491.9876032880476,e2e,shared_b16_accurate_nozero,154.2744636535,153.01716327675,155.1296710965,10,1.8514203939578566,1.3736813718372771,76.7419338226,0.8574724197385,76.5389204025,3.03893576655e-06,180,0.903559752997,5.59773204776e-06
reddit,formal-10862002,232965,114615892,491.9876032880476,e2e,shared_b32_fast_nozero,128.9860010145,126.820385456,131.8538188935,10,2.2144022299202155,1.642999668213425,63.63654136655,0.8569955825805,64.6060705185,0.00558992932253,178872,1300.72727751,0.00556265292693
reddit,formal-10862002,232965,114615892,491.9876032880476,e2e,shared_b32_accurate_nozero,134.225845337,133.2429647445,135.80954074825,10,2.1279574552715856,1.5788610333496043,66.70796871185,0.859618186951,67.31438636780001,5.30160693108e-06,160,1.52994782479,4.97576182023e-06
reddit,formal-10862002,232965,114615892,491.9876032880476,e2e,shared_b64_fast_nozero,123.06094169650001,121.80477380725002,124.29654598249999,10,2.3210198486813916,1.722105762798883,59.95202064515,0.8479356765745001,62.2011423111,0.00562084435199,180852,1310.1999292,0.00562422797946
reddit,formal-10862002,232965,114615892,491.9876032880476,e2e,shared_b64_accurate_nozero,125.30648708300001,124.94534254075,125.98073482525001,10,2.2794261887320135,1.6912448972464345,62.34192848205,0.8540153503415,62.42501735685,9.57810358007e-06,308,2.59692999159,9.57834150395e-06
reddit,formal-10862002,232965,114615892,491.9876032880476,e2e,shared_bfull_fast_nozero,134.8255872725,133.217394352,135.531485081,10,2.118491705122048,1.57183781771834,66.51592254635,0.8565187454225001,67.1169757843,0.00583715650029,194332,1358.72770854,0.00604343591281
reddit,formal-10862002,232965,114615892,491.9876032880476,e2e,shared_bfull_accurate_nozero,131.0390233995,129.40943241125,133.79192352275,10,2.1797086155336065,1.6172583660434137,66.0004615784,0.8604526519775,65.1859045029,1.62541284152e-05,536,4.15801614224,1.66688020978e-05
reddit,formal-10862002,232965,114615892,491.9876032880476,e2e,mkl_fp32,211.923956871,211.59672737124998,212.14330196375,10,1.3477800834422113,1.0,104.2823791505,1.1390447616600001,106.425523758,0.00937519086246,293962,2218.04205388,0.00914178060125
hollywood-2009,formal-10862002,1139905,113891327,99.9129988902584,kernel,mkl_bf16_inputs,105.99899292,105.70752620675,106.35638237,10,1.2216582844492934,1.0509208442770175,,,,0,0,0,0
hollywood-2009,formal-10862002,1139905,113891327,99.9129988902584,kernel,original,174.04997348749998,173.11453819250002,175.075829029,10,0.74400785733702,0.6400262459103468,,,,1.06176422404e-06,0.009765625,1.06794309912e-05,6.73263810429e-06
hollywood-2009,formal-10862002,1139905,113891327,99.9129988902584,kernel,original_nozero,129.494547844,128.3565163615,130.49250841175,10,1.0,0.8602412455711853,,,,1.06176422404e-06,0.009765625,1.06794309912e-05,6.73263810429e-06
hollywood-2009,formal-10862002,1139905,113891327,99.9129988902584,kernel,shared_b2_fast_nozero,178.478002548,175.944149494,181.29813671075001,10,0.7255490648444122,0.6241472312647658,,,,0.00235607645691,3.27600097656,0.0515640001379,0.00225854761006
hollywood-2009,formal-10862002,1139905,113891327,99.9129988902584,kernel,shared_b2_accurate_nozero,218.3610200885,217.13739633575,221.3247418405,10,0.5930295974598254,0.5101485195794189,,,,1.05519770031e-06,0.0093994140625,1.06635397015e-05,6.48016417538e-06
hollywood-2009,formal-10862002,1139905,113891327,99.9129988902584,kernel,shared_b4_fast_nozero,122.982144356,122.176527977,124.9852776525,10,1.0529540570470812,0.905794509563414,,,,0.00296508778595,4.60815429688,0.0646967938371,0.00317696360546
hollywood-2009,formal-10862002,1139905,113891327,99.9129988902584,kernel,shared_b4_accurate_nozero,148.619055748,145.79755067825,150.57551860774998,10,0.87131860172475,0.7495441992370424,,,,7.68488914209e-07,0.00494384765625,8.2264289735e-06,3.4083980403e-06
hollywood-2009,formal-10862002,1139905,113891327,99.9129988902584,kernel,shared_b8_fast_nozero,101.522922516,101.06903314575,101.99177265175001,10,1.275520292706228,1.0972551653489284,,,,0.00314595329544,4.41967773438,0.0686600326905,0.00304702369005
hollywood-2009,formal-10862002,1139905,113891327,99.9129988902584,kernel,shared_b8_accurate_nozero,113.07799816100001,111.75018549,114.20595645875,10,1.1451789910502854,0.9851302016630507,,,,8.05752944224e-07,0.00360107421875,1.16369701748e-05,2.48266030096e-06
hollywood-2009,formal-10862002,1139905,113891327,99.9129988902584,kernel,shared_b16_fast_nozero,91.12560749055001,90.55107831957498,91.67206287385,10,1.4210555233602034,1.222450573441194,,,,0.00324739786916,4.91589355469,0.0708170342164,0.00338912586372
hollywood-2009,formal-10862002,1139905,113891327,99.9129988902584,kernel,shared_b16_accurate_nozero,96.89545631409999,96.23497724535,97.84251451495001,10,1.3364357088553829,1.1496571188115645,,,,1.88269564057e-06,0.00341796875,3.55159439347e-05,2.3564233365e-06
hollywood-2009,formal-10862002,1139905,113891327,99.9129988902584,kernel,shared_b32_fast_nozero,88.3539915085,88.05930614475001,88.896512985225,10,1.465633251346003,1.2607981736884317,,,,0.00326676758091,4.51123046875,0.0712031895076,0.00311014217228
hollywood-2009,formal-10862002,1139905,113891327,99.9129988902584,kernel,shared_b32_accurate_nozero,89.334487915,88.77837657925,89.709460735275,10,1.4495470995167232,1.246960202402365,,,,3.53157793236e-06,0.00479125976562,6.6755144132e-05,3.30320056992e-06
hollywood-2009,formal-10862002,1139905,113891327,99.9129988902584,kernel,shared_b64_fast_nozero,89.76054191585,89.4774198532,90.20555019380001,10,1.4426667339575603,1.2410414281637654,,,,0.00328601714089,5.77661132812,0.0715597709874,0.00398252375464
hollywood-2009,formal-10862002,1139905,113891327,99.9129988902584,kernel,shared_b64_accurate_nozero,88.53590488435,87.5430703163,89.759111404425,10,1.4626218370180124,1.25820763087599,,,,5.32809181523e-06,0.0078125,9.59078970615e-05,5.38611048343e-06
hollywood-2009,formal-10862002,1139905,113891327,99.9129988902584,kernel,shared_bfull_fast_nozero,89.2540216446,87.325453758225,90.228855609925,10,1.4508539274525185,1.2480843896936007,,,,0.00331175137395,4.57702636719,0.0717327303434,0.0031555033215
hollywood-2009,formal-10862002,1139905,113891327,99.9129988902584,kernel,shared_bfull_accurate_nozero,88.70005607605,87.592303752875,89.0818834305,10,1.4599150617556935,1.2558791511528515,,,,7.90653659315e-06,0.0157470703125,0.000124401891621,1.08563789432e-05
hollywood-2009,formal-10862002,1139905,113891327,99.9129988902584,kernel,mkl_fp32,111.39655113200001,111.33623123125,111.61100864425,10,1.1624646053050123,1.0,,,,0.00525679435493,7.61242675781,0.116252286946,0.00524817556027
hollywood-2009,formal-10862002,1139905,113891327,99.9129988902584,e2e,mkl_bf16_inputs,220.120549202,219.78628635400003,220.37631273275,10,1.2227072225638196,1.000533440200952,104.9119234085,6.240129470825,108.8324785235,0,0,0,0
hollywood-2009,formal-10862002,1139905,113891327,99.9129988902584,e2e,original,349.4681119915,349.244594574,350.71414709075,10,0.7701503402134335,0.6302090599824363,173.01464080850002,5.988955497745,170.995950699,4.27273654126e-06,67.25,0.124168742611,6.68894458202e-06
hollywood-2009,formal-10862002,1139905,113891327,99.9129988902584,e2e,original_nozero,269.142985344,268.57525110250003,273.90706539175,10,1.0,0.8182935552658265,131.9259405135,6.831407546995,133.733987808,4.27273654126e-06,67.25,0.124168742611,6.68894458202e-06
hollywood-2009,formal-10862002,1139905,113891327,99.9129988902584,e2e,shared_b2_fast_nozero,357.3919534685,353.8753390315,358.5218787195,10,0.753075111881952,0.6162365106840925,177.055954933,6.006598472595,172.298789024,0.00344954349025,31310,77.6101960625,0.00311421345521
hollywood-2009,formal-10862002,1139905,113891327,99.9129988902584,e2e,shared_b2_accurate_nozero,447.42596149450003,445.69778442349997,454.11443710325,10,0.601536362452022,0.4922333286525379,219.38955783850002,5.056023597719999,222.0801115035,3.73056835656e-06,102,0.120037628915,1.01453137155e-05
hollywood-2009,formal-10862002,1139905,113891327,99.9129988902584,e2e,shared_b4_fast_nozero,254.87601757049998,253.06427478799998,259.36132669425,10,1.055976109127465,0.8640984446136878,124.47297573099999,5.069494247434999,125.38087368000001,0.00481436131447,46652,111.571457759,0.00464018799465
hollywood-2009,formal-10862002,1139905,113891327,99.9129988902584,e2e,shared_b4_accurate_nozero,300.47357082350004,298.183739185,304.89873886124997,10,0.8957293135844423,0.7329695245688317,147.9144096375,4.117012023925,147.385954857,2.813590399e-06,31,0.0914620394433,3.08337965863e-06
hollywood-2009,formal-10862002,1139905,113891327,99.9129988902584,e2e,shared_b8_fast_nozero,209.33043956749998,208.03713798525,209.90097522725,10,1.2857326717513202,1.0521067590888176,100.9690761565,4.2190551757799994,102.9634475705,0.0052970758866,53697,125.42436595,0.00534091088804
hollywood-2009,formal-10862002,1139905,113891327,99.9129988902584,e2e,shared_b8_accurate_nozero,231.5099239345,229.06070947625,232.39684104924999,10,1.1625548519472857,0.9513111429914809,114.15362358050001,4.205346107485,111.74297332750001,2.71590196579e-06,37,0.0922714323742,3.68016281836e-06
hollywood-2009,formal-10862002,1139905,113891327,99.9129988902584,e2e,shared_b16_fast_nozero,189.5440816875,188.10194730774998,190.3497576715,10,1.4199492959518205,1.1619353576816225,91.5859937668,5.090951919555,92.63360500335,0.00561921324736,56969,132.502685504,0.00566635663782
hollywood-2009,formal-10862002,1139905,113891327,99.9129988902584,e2e,shared_b16_accurate_nozero,200.02758503,199.36376810075,201.01106166825002,10,1.3455293443833465,1.1010379909299453,98.17707538605,5.259990692135,96.0375070572,4.23034721568e-06,31.796875,0.175269607769,3.16263992203e-06
hollywood-2009,formal-10862002,1139905,113891327,99.9129988902584,e2e,shared_b32_fast_nozero,183.296918869,182.6667785645,184.1731071475,10,1.4683442962636657,1.201536674543893,88.47093582155,5.1109790802,89.93661403655,0.00567029020315,58082,134.154466185,0.00577705991395
hollywood-2009,formal-10862002,1139905,113891327,99.9129988902584,e2e,shared_b32_accurate_nozero,186.594009399,184.03768539425,188.0402565005,10,1.44239885412657,1.1803056864545851,90.1894569397,5.143404006955,90.81065654755,6.01652661872e-06,49,0.263392859498,4.87372913783e-06
hollywood-2009,formal-10862002,1139905,113891327,99.9129988902584,e2e,shared_b64_fast_nozero,184.05294418350002,182.64126777650003,185.4845285415,10,1.462312849913803,1.1966011808668686,89.70892429355,5.107045173645,88.8879299164,0.0057143867695,55969,135.919636231,0.00556689277786
hollywood-2009,formal-10862002,1139905,113891327,99.9129988902584,e2e,shared_b64_accurate_nozero,181.5214157105,180.73707818975,181.7916035655,10,1.4827065131160255,1.2132891840335094,87.79692649845,5.099892616275,87.65947818755001,9.26817897018e-06,73,0.387258233091,7.26086177676e-06
hollywood-2009,formal-10862002,1139905,113891327,99.9129988902584,e2e,shared_bfull_fast_nozero,180.95099926,180.108606815,182.853102684,10,1.4873804866768439,1.2171138664758097,88.191986084,5.98299503326,87.53848075865,0.0059755569313,55400,141.382297735,0.00551029784154
hollywood-2009,formal-10862002,1139905,113891327,99.9129988902584,e2e,shared_bfull_accurate_nozero,181.0339689255,179.83192205425001,181.98370933524998,10,1.4866988054311456,1.2165560511057094,87.64803409575,5.985498428345,88.12808990475,1.73318605086e-05,168.5,0.600466216602,1.67596604025e-05
hollywood-2009,formal-10862002,1139905,113891327,99.9129988902584,e2e,mkl_fp32,220.237970352,220.08723020525,220.40766477625,10,1.2220553291234775,1.0,111.6354465485,1.829981803895,106.68444633499999,0.009994926783,105709,234.653902379,0.0105142251721
com-Friendster,formal-10862158,65608366,3612134270,55.05600108986101,kernel,mkl_bf16_inputs,13668.5810089,13655.6479931,13698.2188225,5,0.8575629724159142,1.0104296891833304,,,,0,0,0,0
com-Friendster,formal-10862158,65608366,3612134270,55.05600108986101,kernel,original,18251.4519691,18245.8739281,18259.8130703,5,0.6422321346567371,0.7567145936543833,,,,7.53062342781e-07,0.005126953125,6.04683756947e-06,4.60093867913e-06
com-Friendster,formal-10862158,65608366,3612134270,55.05600108986101,kernel,original_nozero,11721.6689587,11718.3160782,11724.1859436,5,1.0,1.1782571329272324,,,,7.53062342781e-07,0.005126953125,6.04683756947e-06,4.60093867913e-06
com-Friendster,formal-10862158,65608366,3612134270,55.05600108986101,kernel,shared_b8_fast_nozero,10570.5561638,10545.044899,10613.6920452,5,1.1088980349815565,1.3065670194060106,,,,0.00314405600289,3.41302490234,0.0460409765354,0.00306285583331
com-Friendster,formal-10862158,65608366,3612134270,55.05600108986101,kernel,shared_b8_accurate_nozero,11654.3769836,11653.7261009,11654.886961,5,1.0057739658837785,1.1850603494150729,,,,7.12990864929e-07,0.00286865234375,7.24832800422e-06,2.57433473713e-06
com-Friendster,formal-10862158,65608366,3612134270,55.05600108986101,kernel,shared_b16_fast_nozero,9845.62397003,9829.41412926,9854.37297821,5,1.1905460735023667,1.4027694031826727,,,,0.00324469647456,3.64794921875,0.0474060281935,0.00327367741636
com-Friendster,formal-10862158,65608366,3612134270,55.05600108986101,kernel,shared_b16_accurate_nozero,10330.3890228,10310.3599548,10335.2370262,5,1.1346783681456074,1.336942880845794,,,,1.8623931336e-06,0.00251770019531,2.26990397197e-05,2.25938952993e-06
com-Friendster,formal-10862158,65608366,3612134270,55.05600108986101,kernel,shared_b32_fast_nozero,9370.77903748,9367.02513695,9385.27202606,5,1.2508745443486844,1.4738518542759391,,,,0.00325978458164,4.10766601562,0.0476177248351,0.00368622825125
com-Friendster,formal-10862158,65608366,3612134270,55.05600108986101,kernel,shared_b32_accurate_nozero,9680.83691597,9677.99806595,9692.16489792,5,1.2108115300820057,1.4266473219496594,,,,3.51125865652e-06,0.00408935546875,4.25500599422e-05,3.6697963274e-06
com-Friendster,formal-10862158,65608366,3612134270,55.05600108986101,kernel,shared_b64_fast_nozero,9116.51396751,9115.01312256,9128.38816643,5,1.28576218941521,1.5149584709266064,,,,0.00328235515062,3.79797363281,0.04787280401,0.0034083096458
com-Friendster,formal-10862158,65608366,3612134270,55.05600108986101,kernel,shared_b64_accurate_nozero,9336.7369175,9334.71179008,9348.61779213,5,1.2554352834693117,1.4792255776762384,,,,5.28984232453e-06,0.0059814453125,6.18027061065e-05,5.36776179232e-06
com-Friendster,formal-10862158,65608366,3612134270,55.05600108986101,kernel,shared_bfull_fast_nozero,8856.49418831,8856.11581802,8870.30911446,5,1.3235111670001258,1.5594364730267436,,,,0.00329395436262,3.62664794922,0.0479125580487,0.00325456161161
com-Friendster,formal-10862158,65608366,3612134270,55.05600108986101,kernel,shared_bfull_accurate_nozero,8993.5028553,8986.97805405,9000.78105927,5,1.303348555873561,1.5356797326484304,,,,7.44870859307e-06,0.01123046875,7.94149324376e-05,1.00782466305e-05
com-Friendster,formal-10862158,65608366,3612134270,55.05600108986101,kernel,mkl_fp32,13811.1400604,13802.0288944,13816.6341782,5,0.8487111786165259,1.0,,,,0.00524443385752,5.70318603516,0.0810311830206,0.00511805132281
com-Friendster,formal-10862158,65608366,3612134270,55.05600108986101,e2e,mkl_bf16_inputs,28904.5329094,28903.1410217,28919.13414,5,1.1032789967738652,0.982272374543947,14009.9499226,1096.0419178,13795.7451344,0,0,0,0
com-Friendster,formal-10862158,65608366,3612134270,55.05600108986101,e2e,original,45782.212019,45779.613018,45786.593914,5,0.6965535884824762,0.6201562336965508,18868.8979149,679.037094116,26236.7231846,5.30776301283e-06,42.5,0.0477050205482,1.13769944457e-05
com-Friendster,formal-10862158,65608366,3612134270,55.05600108986101,e2e,original_nozero,31889.7640705,31886.4531517,31895.8089352,5,1.0,0.8903209228275373,11754.8229694,670.295953751,19455.4870129,5.30776301283e-06,42.5,0.0477050205482,1.13769944457e-05
com-Friendster,formal-10862158,65608366,3612134270,55.05600108986101,e2e,shared_b8_fast_nozero,26569.5579052,26548.9211082,26580.7919502,5,1.2002369096347956,1.0685960329977227,10567.2810078,671.474933624,15329.5838833,0.00527275628857,19690.25,45.8080829053,0.00527096152669
com-Friendster,formal-10862158,65608366,3612134270,55.05600108986101,e2e,shared_b8_accurate_nozero,28325.1149654,28310.8720779,28347.0520973,5,1.125847648260363,1.0023657171623788,11661.8061066,667.125940323,15998.6410141,4.38699521615e-06,14,0.0424674816668,3.7477158174e-06
com-Friendster,formal-10862158,65608366,3612134270,55.05600108986101,e2e,shared_b16_fast_nozero,25066.7660236,25054.6171665,25097.8779793,5,1.272192992126557,1.132660038764842,9857.60688782,671.46396637,14536.9181633,0.00553440871607,21010.75,48.1499330867,0.00562445143646
com-Friendster,formal-10862158,65608366,3612134270,55.05600108986101,e2e,shared_b16_accurate_nozero,25869.2698479,25852.5350094,25895.4079151,5,1.232727643957401,1.0975232135631692,10342.2448635,672.607898712,14856.9178581,6.3243461364e-06,21.25,0.0789072719225,5.68849722284e-06
com-Friendster,formal-10862158,65608366,3612134270,55.05600108986101,e2e,shared_b32_fast_nozero,24042.9968834,24019.7529793,24053.0669689,5,1.3263639397847964,1.1808895668743677,9401.45277977,670.251131058,13972.9368687,0.00559418579513,20742,48.8209092297,0.00555250867747
com-Friendster,formal-10862158,65608366,3612134270,55.05600108986101,e2e,shared_b32_accurate_nozero,24563.503027,24537.2891426,24567.6829815,5,1.298257990134674,1.1558662518449268,9709.182024,670.686006546,14181.219101,9.53298551386e-06,34.8984375,0.125057566721,9.34210187295e-06
com-Friendster,formal-10862158,65608366,3612134270,55.05600108986101,e2e,shared_b64_fast_nozero,23490.5779362,23476.3360023,23520.9360123,5,1.357555533844763,1.2086600956822993,9138.97299767,669.880867004,13680.9329987,0.00563785517966,20990.25,49.3824891862,0.00561896370973
com-Friendster,formal-10862158,65608366,3612134270,55.05600108986101,e2e,shared_b64_accurate_nozero,23862.0390892,23839.5018578,23886.7309093,5,1.3364224218764844,1.1898448439324838,9363.53516579,670.136928558,13830.0750256,1.3613287681e-05,42,0.175370068,1.12431474522e-05
com-Friendster,formal-10862158,65608366,3612134270,55.05600108986101,e2e,shared_bfull_fast_nozero,22832.9238892,22811.4562035,22861.9761467,5,1.3966570477460356,1.2434729916228342,8893.78285408,671.133995056,13268.6910629,0.00584157435337,24199.25,50.8359497262,0.00647799371388
com-Friendster,formal-10862158,65608366,3612134270,55.05600108986101,e2e,shared_bfull_accurate_nozero,23063.2629395,23036.2980366,23080.685854,5,1.3827082557292023,1.2310540902420777,9031.37493134,672.338962555,13358.962059,2.04081619835e-05,75.25,0.246807106434,2.01439725185e-05
com-Friendster,formal-10862158,65608366,3612134270,55.05600108986101,e2e,mkl_fp32,28392.124176,28386.649847,28395.8899975,5,1.1231904972244582,1.0,14148.0669975,327.358007431,13914.4289494,0.0100063088123,38459,87.3460962202,0.0102952430444
ogbn-products,formal-10862002,2449029,123718152,50.51722621496111,kernel,mkl_bf16_inputs,227.7569770815,227.66304016099997,228.0001044275,10,0.6620301649136506,1.0071654234039822,,,,0,0,0,0
ogbn-products,formal-10862002,2449029,123718152,50.51722621496111,kernel,original,256.31797313699997,254.5583844185,259.71847772575006,10,0.5882614755887922,0.8949390066099399,,,,5.96492277192e-07,0.01220703125,5.88371914755e-06,6.57804418564e-06
ogbn-products,formal-10862002,2449029,123718152,50.51722621496111,kernel,original_nozero,150.7819890975,148.55623245200002,153.17791700375,10,1.0,1.5213285991815007,,,,5.96492277192e-07,0.01220703125,5.88371914755e-06,6.57804418564e-06
ogbn-products,formal-10862002,2449029,123718152,50.51722621496111,kernel,shared_b2_fast_nozero,262.55691051450003,257.9095363615,265.6170725825,10,0.5742830718187205,0.8736732611836232,,,,0.00236709515879,3.83227539062,0.0410142528373,0.00206511119164
ogbn-products,formal-10862002,2449029,123718152,50.51722621496111,kernel,shared_b2_accurate_nozero,314.100980759,307.01875686675,316.67149066925003,10,0.4800430381756445,0.7303032028145848,,,,5.98198681022e-07,0.009033203125,5.88670643511e-06,4.86775269738e-06
ogbn-products,formal-10862002,2449029,123718152,50.51722621496111,kernel,shared_b4_fast_nozero,201.4899253845,200.40005445474998,203.3511400225,10,0.7483351279711139,1.1384636319546038,,,,0.00296910547082,4.89392089844,0.0513411971024,0.00263720369447
ogbn-products,formal-10862002,2449029,123718152,50.51722621496111,kernel,shared_b4_accurate_nozero,229.837059975,225.6441712375,230.7599782945,10,0.6560386262942146,0.9980503243491335,,,,4.4917460749e-07,0.01416015625,4.76096736077e-06,7.63053125535e-06
ogbn-products,formal-10862002,2449029,123718152,50.51722621496111,kernel,shared_b8_fast_nozero,171.1385250095,170.39990425125,174.01820421225,10,0.8810522884261741,1.340370043757047,,,,0.00315028196015,6.19067382812,0.0544613891709,0.00333598932831
ogbn-products,formal-10862002,2449029,123718152,50.51722621496111,kernel,shared_b8_accurate_nozero,183.846473694,181.66923522975,186.55985593775,10,0.8201516519074845,1.2477201637128073,,,,6.73597807997e-07,0.0059814453125,7.84651634339e-06,3.22324165097e-06
ogbn-products,formal-10862002,2449029,123718152,50.51722621496111,kernel,shared_b16_fast_nozero,153.595328331,152.96798944499997,157.91594982150002,10,0.9816834322757707,1.4934630808637859,,,,0.00325144581412,4.78283691406,0.0561293885933,0.00257734349238
ogbn-products,formal-10862002,2449029,123718152,50.51722621496111,kernel,shared_b16_accurate_nozero,161.8959903715,159.75713729875,163.5073423385,10,0.9313509788074622,1.416890879935476,,,,1.84076246667e-06,0.003662109375,2.67940480969e-05,1.97341325569e-06
ogbn-products,formal-10862002,2449029,123718152,50.51722621496111,kernel,shared_b32_fast_nozero,139.8833990095,137.23093271225,141.54016971599998,10,1.0779119621425544,1.639858295407315,,,,0.00326801370151,5.15539550781,0.0564133331643,0.00277810540092
ogbn-products,formal-10862002,2449029,123718152,50.51722621496111,kernel,shared_b32_accurate_nozero,151.3645648955,148.53757619825,152.24248170825,10,0.9961511744944915,1.5154732708667114,,,,3.4410402744e-06,0.006103515625,5.02432057792e-05,3.28902209282e-06
ogbn-products,formal-10862002,2449029,123718152,50.51722621496111,kernel,shared_b64_fast_nozero,135.752081871,134.166061878,137.00032234175,10,1.1107158506842079,1.689763789210095,,,,0.00328951977857,5.85009765625,0.0566974857473,0.00315246189553
ogbn-products,formal-10862002,2449029,123718152,50.51722621496111,kernel,shared_b64_accurate_nozero,141.6025161745,139.775633812,142.41927862149998,10,1.0648256342541818,1.6199496905324673,,,,5.0926227762e-06,0.0084228515625,7.14420498411e-05,4.53885048809e-06
ogbn-products,formal-10862002,2449029,123718152,50.51722621496111,kernel,shared_bfull_fast_nozero,133.636474609,132.1874260905,135.54406166075,10,1.1282996617402934,1.7165145438523215,,,,0.00329576413152,7.79174804688,0.0567105377953,0.0041987656037
ogbn-products,formal-10862002,2449029,123718152,50.51722621496111,kernel,shared_bfull_accurate_nozero,136.6314888005,135.5473399165,138.18645477274998,10,1.1035669040953042,1.6788878923103745,,,,6.62373576763e-06,0.0220947265625,8.48663550016e-05,1.1906259976e-05
ogbn-products,formal-10862002,2449029,123718152,50.51722621496111,kernel,mkl_fp32,229.3889522555,229.16626930249998,229.48771715175002,10,0.6573201874585255,1.0,,,,0.00528226859862,6.95568847656,0.0926831956684,0.00374823535742
ogbn-products,formal-10862002,2449029,123718152,50.51722621496111,e2e,mkl_bf16_inputs,468.77849102,468.68175268175,468.962192535,10,0.6833088402275561,0.9868655240738481,227.389574051,13.223528862,228.06143760650002,0,0,0,0
ogbn-products,formal-10862002,2449029,123718152,50.51722621496111,e2e,original,517.0670747755,511.994302273,521.085560322,10,0.6194950377793377,0.894702745124239,256.882071495,8.955121040345,250.43499469749997,9.52361087268e-06,30.75,0.0365347376477,5.81452460683e-06
ogbn-products,formal-10862002,2449029,123718152,50.51722621496111,e2e,original_nozero,320.3204870225,317.0830011365,321.6309547425,10,1.0,1.4442452167678694,153.472065926,8.931636810305001,155.654549599,9.52361087268e-06,30.75,0.0365347376477,5.81452460683e-06
ogbn-products,formal-10862002,2449029,123718152,50.51722621496111,e2e,shared_b2_fast_nozero,534.6034765244999,527.19444036475,540.93140363675,10,0.5991739692845418,0.8653541391510179,261.237978935,8.980989456175,264.2945051195,0.00308281945106,14704,20.7975114117,0.00278038275834
ogbn-products,formal-10862002,2449029,123718152,50.51722621496111,e2e,shared_b2_accurate_nozero,636.6350650785,632.5102448465,641.589999199,10,0.5031461579688562,0.7266664319816514,313.2705688475,8.9750289917,315.273523331,8.59629230616e-06,66,0.0329824090419,1.24799552537e-05
ogbn-products,formal-10862002,2449029,123718152,50.51722621496111,e2e,shared_b4_fast_nozero,416.754484177,412.98282146425004,421.06360197075,10,0.7686071756493843,1.110057237005085,203.31704616550002,8.97753238678,204.670906067,0.004656533943,23358.5,30.8857683507,0.00441686416353
ogbn-products,formal-10862002,2449029,123718152,50.51722621496111,e2e,shared_b4_accurate_nozero,470.2719449995,467.01610088375,476.26942396175,10,0.6811388398320052,0.9837315113821894,231.537461281,8.968949317935,231.275558472,6.00428951482e-06,27.5,0.0252214642096,5.1999813557e-06
ogbn-products,formal-10862002,2449029,123718152,50.51722621496111,e2e,shared_b8_fast_nozero,358.37948322299997,354.65240478525,360.52262783025003,10,0.8938025250267524,1.290870021504931,174.1449832915,8.972883224484999,175.266981125,0.00530594822392,27454,34.98164858,0.00519128320507
ogbn-products,formal-10862002,2449029,123718152,50.51722621496111,e2e,shared_b8_accurate_nozero,383.28540325200004,378.7131905555,384.627759457,10,0.835723156438331,1.2069891712282053,187.80553340950001,8.971810340880001,186.693072319,7.57159521732e-06,18.75,0.0349363396931,3.54544183343e-06
ogbn-products,formal-10862002,2449029,123718152,50.51722621496111,e2e,shared_b16_fast_nozero,323.627471924,319.84531879425003,324.995577335,10,0.9897815074788316,1.4294872078215937,158.26749801649999,8.920907974245,156.088471413,0.00555682721926,28910,36.6632132302,0.00546659858158
ogbn-products,formal-10862002,2449029,123718152,50.51722621496111,e2e,shared_b16_accurate_nozero,338.31751346600004,331.13414049125,340.41023254425,10,0.9468043310583486,1.3674176263461222,162.78052330050002,8.96406173706,164.8765802385,1.11457347019e-05,23,0.0725583728324,4.34907531568e-06
ogbn-products,formal-10862002,2449029,123718152,50.51722621496111,e2e,shared_b32_fast_nozero,288.3865833285,287.49680519074997,290.21942615549995,10,1.1107329728221933,1.6041707831048084,138.114571571,8.9054107666,140.977859497,0.00563027411811,29502.5,37.2278520539,0.00557863454351
ogbn-products,formal-10862002,2449029,123718152,50.51722621496111,e2e,shared_b32_accurate_nozero,310.14358997349996,309.57198143,311.3490343095,10,1.0328135011588329,1.4916359588619208,150.16508102400002,8.9750289917,150.838494301,1.55147594949e-05,24,0.113820157853,4.5381655468e-06
ogbn-products,formal-10862002,2449029,123718152,50.51722621496111,e2e,shared_b64_fast_nozero,283.75399112699995,280.95221519475,285.24667024625,10,1.1288668954056542,1.6303606140572109,136.50691509249998,8.912563323975,138.24963569649998,0.00570388792898,29785.5,37.795904386,0.00563214707892
ogbn-products,formal-10862002,2449029,123718152,50.51722621496111,e2e,shared_b64_accurate_nozero,293.61796379099997,291.87709093075,294.82257366199997,10,1.0909430842947578,1.5755893312586904,142.9896354675,8.913516998295,141.027092934,2.12798826102e-05,46,0.158444737108,8.69815063136e-06
ogbn-products,formal-10862002,2449029,123718152,50.51722621496111,e2e,shared_bfull_fast_nozero,279.0195941925,274.87397193925,280.83598613725,10,1.1480214783822884,1.6580245289003979,136.64305210100002,8.906960487365001,132.836937904,0.00585877218909,30863.5,38.3464876955,0.00583598634806
ogbn-products,formal-10862002,2449029,123718152,50.51722621496111,e2e,shared_bfull_accurate_nozero,284.832954407,283.57553482074997,286.9625091555,10,1.1245906840006707,1.6241847161896752,138.61644268,8.923888206485,137.7205848695,2.83207102995e-05,69.25,0.212211938292,1.30944985048e-05
ogbn-products,formal-10862002,2449029,123718152,50.51722621496111,e2e,mkl_fp32,462.621331215,462.36640214924995,462.86129951500004,10,0.6924031933011608,1.0,229.5715808865,4.029035568239999,228.9029359815,0.00999947259234,58238,65.4403217924,0.0110122368798
indochina-2004,formal-10862002,7414866,194109311,26.178397694577352,kernel,mkl_bf16_inputs,242.1165704725,241.2274479865,242.63215065024997,10,0.6765808920732502,1.5273672699614032,,,,0,0,0,0
indochina-2004,formal-10862002,7414866,194109311,26.178397694577352,kernel,original,462.742328644,462.55505084975,463.47385644900004,10,0.35400142821605696,0.7991508499744308,,,,1.7013759409e-06,0.008056640625,3.25636424102e-06,5.90299870545e-06
indochina-2004,formal-10862002,7414866,194109311,26.178397694577352,kernel,original_nozero,163.811445236,162.913501263,164.55250978499998,10,1.0,2.257479168944727,,,,1.7013759409e-06,0.008056640625,3.25636424102e-06,5.90299870545e-06
indochina-2004,formal-10862002,7414866,194109311,26.178397694577352,kernel,shared_b2_fast_nozero,253.056526184,251.6815066335,254.07034158675003,10,0.64733143897222,1.4613372388828016,,,,0.00231701764021,3.34008789062,0.0239388102119,0.00244724016028
indochina-2004,formal-10862002,7414866,194109311,26.178397694577352,kernel,shared_b2_accurate_nozero,330.061554909,328.22012901275,333.0935835835,10,0.4963057429731973,1.1203998761896288,,,,1.52324985036e-06,0.0069580078125,3.20424958519e-06,5.09804433653e-06
indochina-2004,formal-10862002,7414866,194109311,26.178397694577352,kernel,shared_b4_fast_nozero,171.1695194245,170.11189460775,171.78249359125,10,0.957012941245386,2.160436779271983,,,,0.00292838834161,3.69201660156,0.0299370267363,0.00270509387646
indochina-2004,formal-10862002,7414866,194109311,26.178397694577352,kernel,shared_b4_accurate_nozero,210.67404747,210.393130779,211.138308048,10,0.7775587320945488,1.755322640334518,,,,1.14416748366e-06,0.0042724609375,2.6634154601e-06,3.13037810138e-06
indochina-2004,formal-10862002,7414866,194109311,26.178397694577352,kernel,shared_b8_fast_nozero,129.3640136715,129.01967763874998,129.729747772,10,1.2662829529390913,2.858607388249815,,,,0.00313411744468,4.87622070312,0.0317907283527,0.00357274524679
indochina-2004,formal-10862002,7414866,194109311,26.178397694577352,kernel,shared_b8_accurate_nozero,151.286005974,150.5956053735,151.9672870635,10,1.0827931121676424,2.444382894995284,,,,9.76027732202e-07,0.00439453125,3.9493355642e-06,3.2198174757e-06
indochina-2004,formal-10862002,7414866,194109311,26.178397694577352,kernel,shared_b16_fast_nozero,107.18989372249999,106.90432786974999,107.274055481,10,1.52823591429324,3.4499607417501887,,,,0.00317629372807,4.98095703125,0.0326381210951,0.00364948422996
indochina-2004,formal-10862002,7414866,194109311,26.178397694577352,kernel,shared_b16_accurate_nozero,120.63848972299999,120.23061513875,121.13803625124999,10,1.3578704906877577,3.065364346852368,,,,1.79121348519e-06,0.0035400390625,1.3410259392e-05,2.59374185543e-06
indochina-2004,formal-10862002,7414866,194109311,26.178397694577352,kernel,shared_b32_fast_nozero,97.6364612579,97.41771221159999,98.0491042137,10,1.6777691768580525,3.7875289670545955,,,,0.0031262222721,4.345703125,0.032790209095,0.00318404172597
indochina-2004,formal-10862002,7414866,194109311,26.178397694577352,kernel,shared_b32_accurate_nozero,104.84600067150001,104.48539257050001,105.04484176600002,10,1.5624005130081076,3.527086611664358,,,,3.22649880699e-06,0.00537109375,2.44497184645e-05,3.9353324703e-06
indochina-2004,formal-10862002,7414866,194109311,26.178397694577352,kernel,shared_b64_fast_nozero,91.1784172058,90.976059436775,91.418981552125,10,1.7966032999482655,4.055794524490565,,,,0.00321149458779,4.59228515625,0.0330042465058,0.00336470926211
indochina-2004,formal-10862002,7414866,194109311,26.178397694577352,kernel,shared_b64_accurate_nozero,98.98805618284999,98.22982549667499,99.58755970005001,10,1.6548607130279307,3.735813587165572,,,,4.42499908829e-06,0.0072021484375,3.15743520129e-05,5.27692308518e-06
indochina-2004,formal-10862002,7414866,194109311,26.178397694577352,kernel,shared_bfull_fast_nozero,87.74507045745,87.01306581495,88.8878107071,10,1.8669019738885124,4.21449231651511,,,,0.00330448639947,5.82666015625,0.0330803469533,0.00426912021528
indochina-2004,formal-10862002,7414866,194109311,26.178397694577352,kernel,shared_bfull_accurate_nozero,93.6670303345,92.95040369029999,94.101190567025,10,1.7488698494123602,3.9480372542439057,,,,6.9509015856e-06,0.0164794921875,3.51556637704e-05,1.20743155339e-05
indochina-2004,formal-10862002,7414866,194109311,26.178397694577352,kernel,mkl_fp32,369.800925255,368.3061599735,370.2505230905,10,0.44297197234712743,1.0,,,,0.00517992467538,7.20788574219,0.0553997467657,0.00528112673577
indochina-2004,formal-10862002,7414866,194109311,26.178397694577352,e2e,mkl_bf16_inputs,652.2940397264999,649.43200349825,653.30398082725,10,0.5438919164105108,0.9381971947637251,242.058992386,43.00260543825,366.369485855,0,0,0,0
indochina-2004,formal-10862002,7414866,194109311,26.178397694577352,e2e,original,953.8360834125,952.14158296575,954.247832298,10,0.37194803331483045,0.6415991687408626,463.52803707149997,27.0770788193,463.28544616700003,2.386487995e-05,2204,0.180254069888,4.89030582517e-05
indochina-2004,formal-10862002,7414866,194109311,26.178397694577352,e2e,original_nozero,354.77745532999995,354.30538654325,355.349779129,10,1.0,1.724969918574054,162.6785993575,27.024507522550003,163.995027542,2.386487995e-05,2204,0.180254069888,4.89030582517e-05
indochina-2004,formal-10862002,7414866,194109311,26.178397694577352,e2e,shared_b2_fast_nozero,534.600019455,533.26040506325,543.77293586725,10,0.6636315795343202,1.144744511712487,253.2370090485,26.9559621811,253.7740468975,0.00241176233422,121544,28.382218971,0.00269685721967
indochina-2004,formal-10862002,7414866,194109311,26.178397694577352,e2e,shared_b2_accurate_nozero,692.741036415,690.8729076385,693.96340846975,10,0.5121357573473727,0.883418775650359,332.16547965999996,26.92902088165,332.288980484,1.55837728103e-05,708,0.154614729778,1.57093308721e-05
indochina-2004,formal-10862002,7414866,194109311,26.178397694577352,e2e,shared_b4_fast_nozero,370.8069324495,369.72808837875,371.55377864875004,10,0.9567713661295071,1.6504018255264021,171.222448349,26.9684791565,172.618865967,0.00367804763675,161768,43.0599980841,0.00358936022108
indochina-2004,formal-10862002,7414866,194109311,26.178397694577352,e2e,shared_b4_accurate_nozero,451.8560171125,451.4159560205,453.763484955,10,0.7851559830875725,1.3543704522145013,212.7379179,26.9325971603,212.09096908549998,5.28659281407e-06,276,0.052499106703,6.12397644168e-06
indochina-2004,formal-10862002,7414866,194109311,26.178397694577352,e2e,shared_b8_fast_nozero,290.040373802,288.9922857285,291.30595922475,10,1.2232002416746077,2.1099836212812115,130.1574707035,27.0019769669,133.2099437715,0.00466373723051,207960,54.1612350725,0.00461428311889
indochina-2004,formal-10862002,7414866,194109311,26.178397694577352,e2e,shared_b8_accurate_nozero,333.513498306,332.57770538374996,334.099769592,10,1.0637574105156313,1.8349495337996953,152.3865461345,26.94952487945,154.13343906400002,2.42913521877e-05,746,0.247454942172,1.65524870489e-05
indochina-2004,formal-10862002,7414866,194109311,26.178397694577352,e2e,shared_b16_fast_nozero,245.666980743,244.94904279725,246.03927135474999,10,1.4441397629303054,2.4910976492714427,107.8424453735,26.97360515595,110.7729673385,0.005298724097,233120,60.4484324912,0.00517254126118
indochina-2004,formal-10862002,7414866,194109311,26.178397694577352,e2e,shared_b16_accurate_nozero,269.1020965575,268.5440182685,269.87141370750004,10,1.3183749211489084,2.2741570803843074,120.971441269,27.01354026795,121.2569475175,2.41032727453e-05,759,0.256120763736,1.68409352146e-05
indochina-2004,formal-10862002,7414866,194109311,26.178397694577352,e2e,shared_b32_fast_nozero,224.8640060425,224.25079345675002,225.16143321975,10,1.5777423055557673,2.721558016345372,98.02353382115001,26.95214748385,99.7635126114,0.0051731393295,231528,59.7037694739,0.00513721745504
indochina-2004,formal-10862002,7414866,194109311,26.178397694577352,e2e,shared_b32_accurate_nozero,239.30943012199998,238.53927850725,240.19110202775,10,1.4825051196233026,2.5572767354822266,105.684876442,27.1669626236,105.98254203799999,2.08711441894e-05,724.375,0.229669433607,1.60726646194e-05
indochina-2004,formal-10862002,7414866,194109311,26.178397694577352,e2e,shared_b64_fast_nozero,212.6940488815,212.183058262,212.8502130505,10,1.6680177804488552,2.877280494920936,91.66097640995,26.99244022365,93.5961008072,0.00549586928762,241772,62.7703108621,0.00536451460963
indochina-2004,formal-10862002,7414866,194109311,26.178397694577352,e2e,shared_b64_accurate_nozero,226.282477379,225.6160378455,227.4547219275,10,1.5678520910648508,2.704497693860296,100.05950927745,26.920557022049998,98.8839864731,1.87110840104e-05,566.625,0.221971272035,1.25724570698e-05
indochina-2004,formal-10862002,7414866,194109311,26.178397694577352,e2e,shared_bfull_fast_nozero,205.884933472,204.88029718425,206.430017948,10,1.723183184641576,2.972439157699358,88.20044994355001,27.20999717715,90.46852588655,0.0063745558128,315208,72.3428209817,0.00699393610953
indochina-2004,formal-10862002,7414866,194109311,26.178397694577352,e2e,shared_bfull_accurate_nozero,217.28646755199998,217.14603900950002,217.65899658175002,10,1.6327636936023007,2.8164682556038323,94.6043729782,26.98254585265,95.5480337143,2.7355871545e-05,1032,0.331520065279,2.2898346695e-05
indochina-2004,formal-10862002,7414866,194109311,26.178397694577352,e2e,mkl_fp32,611.9804382325001,608.578443527,614.96001482,10,0.5797202543837111,1.0,367.799043655,13.025999069200001,231.980085373,0.0102320416128,450828,114.842643402,0.0100031161277
soc-Pokec,formal-10862002,1632803,30622564,18.754598074599325,kernel,mkl_bf16_inputs,64.9869441986,64.88507986067499,65.01805782315,10,0.6385673667795568,0.9891516096487704,,,,0,0,0,0
soc-Pokec,formal-10862002,1632803,30622564,18.754598074599325,kernel,original,120.971441269,117.305397987,121.37323617925,10,0.3430441217912841,0.5313811242213646,,,,3.74143905869e-07,0.0115966796875,2.46340758958e-06,8.28305879934e-06
soc-Pokec,formal-10862002,1632803,30622564,18.754598074599325,kernel,original_nozero,41.49854183195,40.8623814583,42.999684810625,10,1.0,1.5490168478813613,,,,3.74143905869e-07,0.0115966796875,2.46340758958e-06,8.28305879934e-06
soc-Pokec,formal-10862002,1632803,30622564,18.754598074599325,kernel,shared_b2_fast_nozero,70.0608491898,69.441020488725,70.3520178795,10,0.5923214221901222,0.9175158623335481,,,,0.0023551964687,2.71185302734,0.0233006594933,0.0019369715027
soc-Pokec,formal-10862002,1632803,30622564,18.754598074599325,kernel,shared_b2_accurate_nozero,84.68449115755,84.0300917625,86.05813980102499,10,0.49003709256213934,0.759075712465552,,,,3.73968923529e-07,0.006103515625,2.46032859664e-06,4.35950463123e-06
soc-Pokec,formal-10862002,1632803,30622564,18.754598074599325,kernel,shared_b4_fast_nozero,53.11512947085,51.973164081600004,54.543018341075,10,0.7812941857691362,1.210237856908142,,,,0.0029495026319,4.21325683594,0.0290848581709,0.00300936604694
soc-Pokec,formal-10862002,1632803,30622564,18.754598074599325,kernel,shared_b4_accurate_nozero,60.2068901062,59.47434902192501,62.176346778850004,10,0.6892656597733248,1.0676841196549423,,,,3.01854374399e-07,0.00543212890625,2.10786722097e-06,3.8799591218e-06
soc-Pokec,formal-10862002,1632803,30622564,18.754598074599325,kernel,shared_b8_fast_nozero,45.009970665,44.1448688507,45.859217643725,10,0.9219855338457151,1.4281711254299039,,,,0.00313018461348,3.77270507812,0.0308233679379,0.00269469700266
soc-Pokec,formal-10862002,1632803,30622564,18.754598074599325,kernel,shared_b8_accurate_nozero,49.421191215549996,48.561751842475005,49.819469451875,10,0.8396912500743771,1.3006958933837716,,,,6.11092620841e-07,0.002685546875,3.48672365712e-06,1.91818203774e-06
soc-Pokec,formal-10862002,1632803,30622564,18.754598074599325,kernel,shared_b16_fast_nozero,40.9959554672,40.46899080275,41.4763689041,10,1.012259413374378,1.5680068857434153,,,,0.00322853943326,5.04272460938,0.031706409672,0.00360182272632
soc-Pokec,formal-10862002,1632803,30622564,18.754598074599325,kernel,shared_b16_accurate_nozero,43.58208179475,42.6037311554,44.1589951515,10,0.9521927389193466,1.4749625950163665,,,,1.73450020614e-06,0.00311279296875,1.23019423345e-05,2.22334736193e-06
soc-Pokec,formal-10862002,1632803,30622564,18.754598074599325,kernel,shared_b32_fast_nozero,37.932395935049996,37.7323627472,38.95795345305,10,1.0940131992454725,1.6946448774358254,,,,0.00324723934641,4.14538574219,0.0318652485843,0.00296088835544
soc-Pokec,formal-10862002,1632803,30622564,18.754598074599325,kernel,shared_b32_accurate_nozero,41.85497760775,40.871083736425,42.0138835907,10,0.9914840289931489,1.5358254653156798,,,,3.11318593422e-06,0.0054931640625,2.20863244965e-05,3.92355416811e-06
soc-Pokec,formal-10862002,1632803,30622564,18.754598074599325,kernel,shared_b64_fast_nozero,37.46008872985,36.546885967274996,37.736296653775,10,1.1078068215808032,1.7160114308265657,,,,0.00326399621762,4.400390625,0.0319767374766,0.00314302845893
soc-Pokec,formal-10862002,1632803,30622564,18.754598074599325,kernel,shared_b64_accurate_nozero,40.012478828400006,39.891898632075,40.136218070975005,10,1.037139988500168,1.6065473157982417,,,,4.32743832979e-06,0.006103515625,2.87017388683e-05,4.35950463123e-06
soc-Pokec,formal-10862002,1632803,30622564,18.754598074599325,kernel,shared_bfull_fast_nozero,36.79955005645,36.55087947845,37.644147872925004,10,1.127691555149229,1.7468132181396892,,,,0.00326495389101,3.92956542969,0.0319768206692,0.00280673627168
soc-Pokec,formal-10862002,1632803,30622564,18.754598074599325,kernel,shared_bfull_accurate_nozero,38.42651844025,38.30951452255,38.956761360125,10,1.0799454001141617,1.6728536195688144,,,,4.9756594551e-06,0.0133056640625,3.09792057847e-05,9.50372009609e-06
soc-Pokec,formal-10862002,1632803,30622564,18.754598074599325,kernel,mkl_fp32,64.2819404602,64.22621011737499,64.33367729185001,10,0.6455707704972552,1.0,,,,0.00531855726827,5.96539306641,0.0544143103205,0.00426084904143
soc-Pokec,formal-10862002,1632803,30622564,18.754598074599325,e2e,mkl_bf16_inputs,139.64557647700002,139.53971862775,139.7356390955,10,0.6508299244005704,0.9463272302597103,65.47248363495,9.050369262695,65.0250911713,0,0,0,0
soc-Pokec,formal-10862002,1632803,30622564,18.754598074599325,e2e,original,230.29756546,227.57756710075,232.56999254225,10,0.3946438591300947,0.5738246140011974,115.93151092549999,5.964040756225,108.593583107,7.64730838203e-06,7.25,0.00357635984164,4.52530099688e-06
soc-Pokec,formal-10862002,1632803,30622564,18.754598074599325,e2e,original_nozero,90.8855199814,89.89608287815001,92.32527017595,10,1.0,1.4540315292528994,42.9220199585,6.00290298462,42.04952716825,7.64730838203e-06,7.25,0.00357635984164,4.52530099688e-06
soc-Pokec,formal-10862002,1632803,30622564,18.754598074599325,e2e,shared_b2_fast_nozero,145.946860313,143.82278919200002,148.16552400575,10,0.6227302169192639,0.9054693696191071,69.221496582,6.00695610046,70.35398483275,0.0029124352396,4523.25,3.35433630094,0.00282331968747
soc-Pokec,formal-10862002,1632803,30622564,18.754598074599325,e2e,shared_b2_accurate_nozero,178.5504817965,176.606595516,181.632697582,10,0.5090186207673485,0.7401291235725493,86.43448352815,6.009340286255,86.83538436890001,7.55817051912e-06,9.375,0.00354394225481,5.85168232356e-06
soc-Pokec,formal-10862002,1632803,30622564,18.754598074599325,e2e,shared_b4_fast_nozero,114.31944370299999,113.37172985075,115.32831192,10,0.7950136655451111,1.155974935889511,54.02994155885,6.01303577423,54.427385330199996,0.00452048729981,7108.75,5.08345464597,0.00443713564988
soc-Pokec,formal-10862002,1632803,30622564,18.754598074599325,e2e,shared_b4_accurate_nozero,129.7165155415,128.561735153,131.89053535475,10,0.7006472506758257,1.0187631933670105,62.1019601822,6.015062332155,61.82861328125,7.49621539859e-06,5.75,0.00327182612785,3.58903182512e-06
soc-Pokec,formal-10862002,1632803,30622564,18.754598074599325,e2e,shared_b8_fast_nozero,98.9660024643,97.5576043129,99.865376949275,10,0.9183509257553888,1.335311200966924,45.876502990700004,6.02197647095,46.697974205,0.00526558234891,8265.25,5.87184767786,0.00515899918131
soc-Pokec,formal-10862002,1632803,30622564,18.754598074599325,e2e,shared_b8_accurate_nozero,106.51743412,105.65733909575,107.538461685,10,0.8532454872975116,1.2406458407233363,50.063610076900005,6.0249567031849995,50.9489774704,8.33841678804e-06,3.25,0.00511059116638,2.0285832055e-06
soc-Pokec,formal-10862002,1632803,30622564,18.754598074599325,e2e,shared_b16_fast_nozero,90.17646312714999,89.047253131875,90.646862983675,10,1.0078629925111415,1.4654645682783787,41.41891002655,6.020069122315,42.2224998474,0.00556154010781,8757.875,6.20117451642,0.00546648558181
soc-Pokec,formal-10862002,1632803,30622564,18.754598074599325,e2e,shared_b16_accurate_nozero,95.78287601475,95.18432617185002,96.5810418129,10,0.948870234042713,1.3796872374676825,44.6879863739,6.000518798825,44.822096824650004,1.51837570903e-05,4.125,0.0142846793413,2.57474022237e-06
soc-Pokec,formal-10862002,1632803,30622564,18.754598074599325,e2e,shared_b32_fast_nozero,83.32157135009999,83.11372995377499,83.5269093513,10,1.0907801966374093,1.5860287973954705,38.247466087350006,5.96296787262,38.915634155250004,0.00566934518015,8903,6.32615559227,0.00555706962417
soc-Pokec,formal-10862002,1632803,30622564,18.754598074599325,e2e,shared_b32_accurate_nozero,90.2689695358,89.0421271324,90.78496694562499,10,1.0068301482643542,1.4639627801787427,42.6038503647,5.96261024475,41.52047634125,2.17290945428e-05,6.25,0.0234632305362,3.90112154904e-06
soc-Pokec,formal-10862002,1632803,30622564,18.754598074599325,e2e,shared_b64_fast_nozero,81.56204223635001,81.33542537685,82.09151029585,10,1.1143114798184242,1.6202440250644448,37.7058982849,5.95712661743,38.030028343249995,0.00574042790612,8929.375,6.40315971895,0.00557353235711
soc-Pokec,formal-10862002,1632803,30622564,18.754598074599325,e2e,shared_b64_accurate_nozero,86.75849437715,86.24553680422501,86.883366107925,10,1.0475691243131686,1.5231985358231974,39.772391319250005,5.963444709779999,40.51434993745001,2.75088230616e-05,13,0.0305257273258,8.114332822e-06
soc-Pokec,formal-10862002,1632803,30622564,18.754598074599325,e2e,shared_bfull_fast_nozero,81.34806156159999,80.83522319795,81.77226781842501,10,1.1172426021802357,1.624505969394617,37.4814271927,5.95760345459,37.62745857235,0.00583702583547,9892.375,6.44794123876,0.00617461716539
soc-Pokec,formal-10862002,1632803,30622564,18.754598074599325,e2e,shared_bfull_accurate_nozero,84.91492271425,84.635019302375,85.18749475475,10,1.0703126974188253,1.5562684082066904,38.95092010495,5.961537361145,39.777636528,3.21100094272e-05,17.3125,0.0353858638501,1.08061066908e-05
soc-Pokec,formal-10862002,1632803,30622564,18.754598074599325,e2e,mkl_fp32,132.15041160549998,132.09950923875,132.40253925349998,10,0.6877429958577399,1.0,64.22090530395,2.885580062865,65.02544879915,0.0101516293332,15928,11.1719894494,0.00994193024529
com-LiveJournal,formal-10862002,3997962,69362378,17.349434036641668,kernel,mkl_bf16_inputs,129.6499967575,129.44471836050002,129.73374128375,10,0.7415728270856143,0.9821089516852163,,,,0,0,0,0
com-LiveJournal,formal-10862002,3997962,69362378,17.349434036641668,kernel,original,273.56135845200004,269.30934190775,274.94001388575,10,0.3514564892174635,0.46545470866946953,,,,4.54298473994e-07,0.0126953125,2.24302164607e-06,7.95344420842e-06
com-LiveJournal,formal-10862002,3997962,69362378,17.349434036641668,kernel,original_nozero,96.14491462710001,94.86734867095,99.38353300097499,10,1.0,1.3243594099111078,,,,4.54298473994e-07,0.0126953125,2.24302164607e-06,7.95344420842e-06
com-LiveJournal,formal-10862002,3997962,69362378,17.349434036641668,kernel,shared_b2_fast_nozero,153.2590389255,151.88109874725,158.67668390249997,10,0.6273360142486378,0.8308183536463123,,,,0.00234440399825,3.07852172852,0.0212545488673,0.00192865286397
com-LiveJournal,formal-10862002,3997962,69362378,17.349434036641668,kernel,shared_b2_accurate_nozero,185.280442238,183.33506584175,190.223991871,10,0.5189156149767717,0.6872307776442971,,,,4.57048657087e-07,0.0111694335938,2.24093121384e-06,6.99750139491e-06
com-LiveJournal,formal-10862002,3997962,69362378,17.349434036641668,kernel,shared_b4_fast_nozero,122.176527977,121.8489408495,124.03053045275,10,0.7869344154648059,1.0421839981037129,,,,0.00293509454343,4.80590820312,0.0264515048118,0.00301083748544
com-LiveJournal,formal-10862002,3997962,69362378,17.349434036641668,kernel,shared_b4_accurate_nozero,139.50240612,137.27694749799997,141.0102844235,10,0.6891989701195271,0.9127471413788402,,,,3.53536746146e-07,0.0072021484375,1.91271130161e-06,4.51205007978e-06
com-LiveJournal,formal-10862002,3997962,69362378,17.349434036641668,kernel,shared_b8_fast_nozero,109.6370220185,106.64683580375001,110.351264477,10,0.8769383996117356,1.1613816214381893,,,,0.00311434929033,4.69506835938,0.0279883780946,0.00294139779947
com-LiveJournal,formal-10862002,3997962,69362378,17.349434036641668,kernel,shared_b8_accurate_nozero,117.2124147415,114.41898345925,118.59065294224999,10,0.8202622123188724,1.0863219794790018,,,,6.17340428209e-07,0.0052490234375,3.04602780271e-06,3.28844327848e-06
com-LiveJournal,formal-10862002,3997962,69362378,17.349434036641668,kernel,shared_b16_fast_nozero,98.48248958585,97.25111722945,99.52157735825,10,0.9762640549748464,1.2929244877639128,,,,0.00321016121242,4.80810546875,0.028732474345,0.00301221404309
com-LiveJournal,formal-10862002,3997962,69362378,17.349434036641668,kernel,shared_b16_accurate_nozero,104.624509811,103.75875234625,106.29206895825,10,0.9189521155299266,1.2170228814597777,,,,1.70953348441e-06,0.0037841796875,1.02091930272e-05,2.37073817751e-06
com-LiveJournal,formal-10862002,3997962,69362378,17.349434036641668,kernel,shared_b32_fast_nozero,93.8994884491,92.176675796475,94.52450275417499,10,1.023913082116706,1.3560289252323443,,,,0.00322703952187,5.26293945312,0.0288606286312,0.00329716147694
com-LiveJournal,formal-10862002,3997962,69362378,17.349434036641668,kernel,shared_b32_accurate_nozero,99.2490053177,98.873317241675,101.28766298274999,10,0.9687242136012983,1.2829390278916175,,,,3.08253219552e-06,0.0059814453125,1.80738998053e-05,3.74729582897e-06
com-LiveJournal,formal-10862002,3997962,69362378,17.349434036641668,kernel,shared_b64_fast_nozero,91.93098545075,90.2380943298,92.76580810542501,10,1.0458379637255986,1.3850653485022681,,,,0.00324363855372,5.59704589844,0.0289493790383,0.00350647471539
com-LiveJournal,formal-10862002,3997962,69362378,17.349434036641668,kernel,shared_b64_accurate_nozero,97.28455543515,95.58284282685,98.52522611615,10,0.9882854909193713,1.308845189577688,,,,4.35056002782e-06,0.00830078125,2.35487530767e-05,5.20032890551e-06
com-LiveJournal,formal-10862002,3997962,69362378,17.349434036641668,kernel,shared_bfull_fast_nozero,90.2940034866,89.52373266217501,91.059386730225,10,1.0647984463483038,1.4101758420801038,,,,0.00324817362501,5.43780517578,0.0289559183125,0.00340671252337
com-LiveJournal,formal-10862002,3997962,69362378,17.349434036641668,kernel,shared_bfull_accurate_nozero,95.92354297635,94.49255466465,96.6092348099,10,1.0023077926844777,1.3274157568689198,,,,5.35128740322e-06,0.0167236328125,2.61658759607e-05,1.04771332361e-05
com-LiveJournal,formal-10862002,3997962,69362378,17.349434036641668,kernel,mkl_fp32,127.3304224015,127.20245122925,127.47502326975,10,0.7550820362782946,1.0,,,,0.00529707637901,7.18127441406,0.0513932992594,0.00449897278209
com-LiveJournal,formal-10862002,3997962,69362378,17.349434036641668,e2e,mkl_bf16_inputs,278.52845192,278.37723493575004,278.67305278775,10,0.7616866669565051,0.9517519193502004,128.63111496,21.99256420135,127.81453132600001,0,0,0,0
com-LiveJournal,formal-10862002,3997962,69362378,17.349434036641668,e2e,original,547.594428062,546.49353027375,548.59870672225,10,0.38742433692455264,0.4840991345486917,272.70686626450004,14.697432518,260.00308990450003,5.9280965528e-06,24.140625,0.00589339086482,7.84478994242e-06
com-LiveJournal,formal-10862002,3997962,69362378,17.349434036641668,e2e,original_nozero,212.15140819549998,211.1035585405,213.60325813325002,10,1.0,1.249532072227475,99.77197647115,14.6344900131,99.04205799100001,5.9280965528e-06,24.140625,0.00589339086482,7.84478994242e-06
com-LiveJournal,formal-10862002,3997962,69362378,17.349434036641668,e2e,shared_b2_fast_nozero,328.616976738,328.12720537175,334.0121507645,10,0.6455887042154983,0.8066837913850421,160.33959388699998,14.65153694155,155.5185317995,0.00313697848022,8849,4.70425881255,0.00287559026332
com-LiveJournal,formal-10862002,3997962,69362378,17.349434036641668,e2e,shared_b2_accurate_nozero,387.9685401915,383.17328691499995,389.69069719275,10,0.5468263176462266,0.6832770218370089,185.797929764,14.6640539169,186.45250797300002,9.7498522722e-06,57.5,0.00785292079404,1.86853249114e-05
com-LiveJournal,formal-10862002,3997962,69362378,17.349434036641668,e2e,shared_b4_fast_nozero,269.32156086,268.32741498949997,270.27952671025,10,0.7877253032325234,0.984288030494151,126.540541649,14.6609544754,128.695011139,0.00465220803638,13882.75,6.94685524178,0.0045113685985
com-LiveJournal,formal-10862002,3997962,69362378,17.349434036641668,e2e,shared_b4_accurate_nozero,300.469517708,296.10306024549993,302.56050825125,10,0.7060663251760245,0.8822525184272361,142.47298240650002,14.6420001984,143.3378458025,5.73997647503e-06,16.5,0.00520892528948,5.36187584414e-06
com-LiveJournal,formal-10862002,3997962,69362378,17.349434036641668,e2e,shared_b8_fast_nozero,234.797477722,233.74855518375,236.5335822105,10,0.9035506269223517,1.12901548722072,108.00004005400001,14.6485567093,111.872076988,0.0052743918078,16185.25,7.89835674944,0.00525959400039
com-LiveJournal,formal-10862002,3997962,69362378,17.349434036641668,e2e,shared_b8_accurate_nozero,251.36244297000002,246.5072870255,253.07166576375,10,0.8440059926566681,1.0546125569766935,117.9773807525,14.64903354645,117.17343330349999,7.98814566903e-06,10.75,0.00774980148277,3.493343353e-06
com-LiveJournal,formal-10862002,3997962,69362378,17.349434036641668,e2e,shared_b16_fast_nozero,215.8764600755,212.995111942,218.1039452555,10,0.9827445202747107,1.227970796889055,98.97351264955,14.6210193634,101.5964746475,0.00553002166546,16946.25,8.29740410087,0.00550689021356
com-LiveJournal,formal-10862002,3997962,69362378,17.349434036641668,e2e,shared_b16_accurate_nozero,229.7750711445,226.72295570400001,230.2467226985,10,0.9233003699608608,1.1536934245655888,107.6575517655,14.6449804306,106.6591739655,8.4831285708e-06,7.25,0.0157516120433,2.3559757497e-06
com-LiveJournal,formal-10862002,3997962,69362378,17.349434036641668,e2e,shared_b32_fast_nozero,203.122973442,202.76230573650002,203.33230495475001,10,1.0444481222409734,1.3050714265178585,92.71407127379999,14.58752155305,95.29995918275,0.00560732051072,16996.75,8.42850600625,0.00552330080327
com-LiveJournal,formal-10862002,3997962,69362378,17.349434036641668,e2e,shared_b32_accurate_nozero,217.19455719,216.32045507425,219.24573183025,10,0.9767805001205057,1.2205185624269648,102.6690006255,14.606595039350001,100.51214695,1.19111536364e-05,14.75,0.0258574494338,4.79319204249e-06
com-LiveJournal,formal-10862002,3997962,69362378,17.349434036641668,e2e,shared_b64_fast_nozero,198.3785629275,196.88236713375002,198.97627830475,10,1.0694270845838996,1.3362834410963071,91.6064977646,14.588952064499999,91.45414829255,0.00568317168972,17253.75,8.53076910865,0.00560681608157
com-LiveJournal,formal-10862002,3997962,69362378,17.349434036641668,e2e,shared_b64_accurate_nozero,212.0344638825,210.0188732145,212.6986384395,10,1.0005515344574587,1.2502212322210082,98.6075401306,14.5950317383,98.6449718475,1.78681608997e-05,20.5,0.0364803977551,6.66172453363e-06
com-LiveJournal,formal-10862002,3997962,69362378,17.349434036641668,e2e,shared_bfull_fast_nozero,197.78347015399999,197.64232635525,198.0395317075,10,1.0726447868990907,1.3403040633380192,90.4483795166,14.59348201755,92.7460193634,0.0058743095705,16919.25,8.63041139981,0.00549811623491
com-LiveJournal,formal-10862002,3997962,69362378,17.349434036641668,e2e,shared_bfull_accurate_nozero,207.98099041,206.3919901845,209.514558315,10,1.020051918097316,1.2745875869997498,95.96252441405,14.6055221558,96.44651412959999,2.3288962347e-05,37.25,0.0446892035614,1.21048409209e-05
com-LiveJournal,formal-10862002,3997962,69362378,17.349434036641668,e2e,mkl_fp32,265.0899887085,264.69844579675,265.33836126325,10,0.8002995859220745,1.0,127.5185346605,7.359504699705,130.1070451735,0.0100840774377,31215.75,15.0453516449,0.0101439379322
rgg_n_2_24_s0,formal-10862002,16777216,265114400,15.80204963684082,kernel,mkl_bf16_inputs,460.57844162,458.678126335,461.51423454325,10,0.8594908080828206,1.015539345047993,,,,0,0,0,0
rgg_n_2_24_s0,formal-10862002,16777216,265114400,15.80204963684082,kernel,original,1083.21392536,1077.00306177,1092.0082330675,10,0.3654522229687337,0.4318034674365461,,,,2.341500871e-07,7.62939453125e-05,2.41108513076e-06,6.80763045513e-07
rgg_n_2_24_s0,formal-10862002,16777216,265114400,15.80204963684082,kernel,original_nozero,395.8629369735,395.6651091575,396.0562944415,10,1.0,1.1815592854486183,,,,2.341500871e-07,7.62939453125e-05,2.41108513076e-06,6.80763045513e-07
rgg_n_2_24_s0,formal-10862002,16777216,265114400,15.80204963684082,kernel,shared_b2_fast_nozero,655.1765203475,654.77925539025,656.087100506,10,0.6042080640550698,0.7139076484272012,,,,0.00235080345578,0.274978637695,0.0278545339308,0.00245360616864
rgg_n_2_24_s0,formal-10862002,16777216,265114400,15.80204963684082,kernel,shared_b2_accurate_nozero,766.278862953,765.66147804225,766.5034532545001,10,0.5166042756914467,0.6103985788456868,,,,2.34177931923e-07,8.39233398438e-05,2.39657775858e-06,7.48839350065e-07
rgg_n_2_24_s0,formal-10862002,16777216,265114400,15.80204963684082,kernel,shared_b4_fast_nozero,547.6163625715001,547.20193147675,547.8242635725001,10,0.7228836901706234,0.8541299364204621,,,,0.00294187900866,0.343154907227,0.0348454387096,0.00306193602611
rgg_n_2_24_s0,formal-10862002,16777216,265114400,15.80204963684082,kernel,shared_b4_accurate_nozero,601.343035698,601.14854574225,601.638615131,10,0.6582980320276063,0.77781815233477,,,,2.129460099e-07,7.62939453125e-05,2.16378607337e-06,6.80763045513e-07
rgg_n_2_24_s0,formal-10862002,16777216,265114400,15.80204963684082,kernel,shared_b8_fast_nozero,480.81743717200004,480.59093952175,481.31239414224996,10,0.8233123559366468,0.9727923589815228,,,,0.00312659398877,0.354064941406,0.0370202225304,0.00315928514162
rgg_n_2_24_s0,formal-10862002,16777216,265114400,15.80204963684082,kernel,shared_b8_accurate_nozero,508.113384247,507.27897882499997,508.778333664,10,0.7790838605051708,0.9205337695230406,,,,5.73070793442e-07,0.00020694732666,3.47935406442e-06,1.84656976095e-06
rgg_n_2_24_s0,formal-10862002,16777216,265114400,15.80204963684082,kernel,shared_b16_fast_nozero,427.2689819335,426.9600510595,427.43688821825,10,0.9264958462047028,1.0947097700127415,,,,0.00323223502109,0.390106201172,0.0382715167975,0.00348087760432
rgg_n_2_24_s0,formal-10862002,16777216,265114400,15.80204963684082,kernel,shared_b16_accurate_nozero,457.90457725500005,457.6025605205,458.03719759,10,0.8645096743661725,1.0214694331075125,,,,1.68529009248e-06,0.000446319580078,1.39916842631e-05,3.98246381625e-06
rgg_n_2_24_s0,formal-10862002,16777216,265114400,15.80204963684082,kernel,shared_b32_fast_nozero,405.4180383685,405.10290861149997,405.57682514175,10,0.9764314843181323,1.1537116869004662,,,,0.0032682092156,0.404609680176,0.0386591926294,0.00361029065927
rgg_n_2_24_s0,formal-10862002,16777216,265114400,15.80204963684082,kernel,shared_b32_accurate_nozero,437.41405010200003,437.2513890265,437.64609098475,10,0.9050073651753737,1.0693198557223513,,,,2.06933669143e-06,0.000637054443359,1.77719481724e-05,5.68437143004e-06
rgg_n_2_24_s0,formal-10862002,16777216,265114400,15.80204963684082,kernel,shared_b64_fast_nozero,405.1674604415,404.926538467,405.50243854524996,10,0.9770353634572205,1.1544252059045446,,,,0.00326821941448,0.404609680176,0.0386592809698,0.00361029065927
rgg_n_2_24_s0,formal-10862002,16777216,265114400,15.80204963684082,kernel,shared_b64_accurate_nozero,437.6274347305,437.49165534975003,437.79969215375,10,0.904566088772018,1.068798461490517,,,,2.06945481303e-06,0.00068473815918,1.77724823263e-05,6.10984833348e-06
rgg_n_2_24_s0,formal-10862002,16777216,265114400,15.80204963684082,kernel,shared_bfull_fast_nozero,405.40146827700005,405.10123968125,405.63404560099997,10,0.9764713942846831,1.1537588428920262,,,,0.00326821941448,0.404609680176,0.0386592809698,0.00361029065927
rgg_n_2_24_s0,formal-10862002,16777216,265114400,15.80204963684082,kernel,shared_bfull_accurate_nozero,437.672495842,437.55364418,437.80469894399994,10,0.904472958054935,1.0686884220269872,,,,2.06945481303e-06,0.00068473815918,1.77724823263e-05,6.10984833348e-06
rgg_n_2_24_s0,formal-10862002,16777216,265114400,15.80204963684082,kernel,mkl_fp32,467.73552894600004,466.29559993725,469.27487850225,10,0.8463392504425343,1.0,,,,0.00530392069613,0.637855529785,0.0628897398667,0.00569151944201
rgg_n_2_24_s0,formal-10862002,16777216,265114400,15.80204963684082,e2e,mkl_bf16_inputs,1044.852972035,1043.871581555,1047.0414161675,10,0.8296372492765065,0.9306610874151074,464.970111847,118.45898628200001,461.952447891,0,0,0,0
rgg_n_2_24_s0,formal-10862002,16777216,265114400,15.80204963684082,e2e,original,2228.749394415,2225.15517473,2230.736732485,10,0.3889396213812678,0.43630028821532696,1083.159923555,75.14798641204999,1070.23692131,9.62163148459e-06,0.50146484375,0.0014009772706,4.73732086285e-05
rgg_n_2_24_s0,formal-10862002,16777216,265114400,15.80204963684082,e2e,original_nozero,866.8489456175,866.344630718,867.1494722367501,10,1.0,1.1217686865273946,397.190928459,74.3728876114,395.1621055605,9.62163148459e-06,0.50146484375,0.0014009772706,4.73732086285e-05
rgg_n_2_24_s0,formal-10862002,16777216,265114400,15.80204963684082,e2e,shared_b2_fast_nozero,1401.03316307,1400.6116390225,1401.5216231375,10,0.6187212183600465,0.6940620884463786,663.1300449375001,74.05245304105,663.4036302565,0.00346844887975,39.916015625,2.48191091496,0.00377085205352
rgg_n_2_24_s0,formal-10862002,16777216,265114400,15.80204963684082,e2e,shared_b2_accurate_nozero,1613.78347874,1613.4927272825,1615.31639099,10,0.5371531912659765,0.6025616298304328,770.2771425245,74.138879776,769.71745491,9.58986470572e-06,0.579223632812,0.00139058463005,5.47190542702e-05
rgg_n_2_24_s0,formal-10862002,16777216,265114400,15.80204963684082,e2e,shared_b4_fast_nozero,1185.3165626549999,1184.8654150950001,1186.0190033925,10,0.7313227309300717,0.8203749393030538,550.8790016175001,73.9724636078,560.6040954590001,0.00481282993452,54.0517578125,3.44918561995,0.00510625068038
rgg_n_2_24_s0,formal-10862002,16777216,265114400,15.80204963684082,e2e,shared_b4_accurate_nozero,1287.338972095,1286.8737578424998,1287.6749038725,10,0.6733649523612266,0.7553597181638348,607.8989505765,74.40054416654999,604.9119234085,9.1427074653e-06,0.481689453125,0.001330074916,4.55050343836e-05
rgg_n_2_24_s0,formal-10862002,16777216,265114400,15.80204963684082,e2e,shared_b8_fast_nozero,1038.5520458249998,1037.8042459475,1039.084851745,10,0.8346706831903613,0.9363074359653747,485.642552376,74.50234889980001,478.041052818,0.00539373844902,61.6142578125,3.8689385773,0.00582067741382
rgg_n_2_24_s0,formal-10862002,16777216,265114400,15.80204963684082,e2e,shared_b8_accurate_nozero,1102.494597435,1102.2384166699999,1104.8641800925002,10,0.7862613999508573,0.8820034178900638,514.9525403975,73.91107082365,514.2554044725,1.10879449888e-05,0.579742431641,0.00225886052771,5.47680650143e-05
rgg_n_2_24_s0,formal-10862002,16777216,265114400,15.80204963684082,e2e,shared_b16_fast_nozero,928.3584356305,927.8182983395001,928.7465214725,10,0.9337438131089686,1.0474445707843287,430.6169748305,74.1665363312,423.5194921495,0.00570496865719,61.9443359375,4.09969637589,0.00585185977899
rgg_n_2_24_s0,formal-10862002,16777216,265114400,15.80204963684082,e2e,shared_b16_accurate_nozero,995.6459999085,995.2862262725,996.0885047915001,10,0.8706397109988525,0.9766563650457732,461.60650253250003,74.2654800415,459.7165584565,2.08992996226e-05,0.721923828125,0.00769327810686,6.81998918765e-05
rgg_n_2_24_s0,formal-10862002,16777216,265114400,15.80204963684082,e2e,shared_b32_fast_nozero,888.673424721,887.899279594,889.22166824375,10,0.9754415080991629,1.0942197393246988,408.6184501645,73.96948337555,406.115055084,0.0058688428126,69.427734375,4.19976557317,0.00655881381545
rgg_n_2_24_s0,formal-10862002,16777216,265114400,15.80204963684082,e2e,shared_b32_accurate_nozero,953.2079696655001,952.66008377075,953.68653535825,10,0.909401697429885,1.0201383476517052,440.7765865325,74.24092292785,438.12501430550003,2.45402349903e-05,0.780334472656,0.00976619946835,7.37179250627e-05
rgg_n_2_24_s0,formal-10862002,16777216,265114400,15.80204963684082,e2e,shared_b64_fast_nozero,888.5700702665,888.18007707575,889.212071896,10,0.9755549670466783,1.094347014019228,408.4404706955,74.06997680660001,406.1620235445,0.00586895565741,69.427734375,4.19980287449,0.00655881381545
rgg_n_2_24_s0,formal-10862002,16777216,265114400,15.80204963684082,e2e,shared_b64_accurate_nozero,952.957034111,952.6363015175,953.43697071075,10,0.909641163860206,1.0204069735947139,441.0274028775,73.8255977631,438.3335113525,2.45404860405e-05,0.780334472656,0.00976641212764,7.37179250627e-05
rgg_n_2_24_s0,formal-10862002,16777216,265114400,15.80204963684082,e2e,shared_bfull_fast_nozero,889.096856117,888.460695744,889.82474803925,10,0.9749769551579965,1.0936986183820643,408.768415451,74.1345882416,406.4329862595,0.00586895565741,69.427734375,4.19980287449,0.00655881381545
rgg_n_2_24_s0,formal-10862002,16777216,265114400,15.80204963684082,e2e,shared_bfull_accurate_nozero,953.099012375,952.8257250787501,953.7836909294999,10,0.9095056592886651,1.020254968809478,440.912485123,74.02706146245,438.281416893,2.45404860405e-05,0.780334472656,0.00976641212764,7.37179250627e-05
rgg_n_2_24_s0,formal-10862002,16777216,265114400,15.80204963684082,e2e,mkl_fp32,972.404003143,970.6727862357501,973.4986424442501,10,0.8914493799034914,1.0,470.8614349365,40.32051563265,459.4160318375,0.0103466384612,116.836914062,7.41834925004,0.0110375424606
soc-LiveJournal1,formal-10862002,4847571,68993773,14.232648268586473,kernel,mkl_bf16_inputs,138.87155056,138.55314254775,138.9327049255,10,0.7308803293562074,0.9824368486261972,,,,0,0,0,0
soc-LiveJournal1,formal-10862002,4847571,68993773,14.232648268586473,kernel,original,311.33043766000003,309.88794565175,315.113842487,10,0.3260152954345736,0.4382241888118765,,,,4.3532179541e-07,0.0155029296875,1.86238062521e-06,7.29141584483e-06
soc-LiveJournal1,formal-10862002,4847571,68993773,14.232648268586473,kernel,original_nozero,101.4984846115,97.5320935249,103.26647758475,10,1.0,1.344182910889902,,,,4.3532179541e-07,0.0155029296875,1.86238062521e-06,7.29141584483e-06
soc-LiveJournal1,formal-10862002,4847571,68993773,14.232648268586473,kernel,shared_b2_fast_nozero,162.414073944,160.89653968800002,165.34978151349998,10,0.6249365104067056,0.8400289776798631,,,,0.00234035350611,4.52502441406,0.0180441163831,0.00212823223584
soc-LiveJournal1,formal-10862002,4847571,68993773,14.232648268586473,kernel,shared_b2_accurate_nozero,190.30046463,182.1880340575,196.13498449349999,10,0.5333591003513464,0.7169321880598921,,,,4.35640768803e-07,0.01513671875,1.85940023007e-06,7.11917767527e-06
soc-LiveJournal1,formal-10862002,4847571,68993773,14.232648268586473,kernel,shared_b4_fast_nozero,127.9895305635,126.91766023625,129.06849384275,10,0.7930217742391291,1.0659663168958273,,,,0.00292760570084,5.17065429688,0.0224310842609,0.00243188812878
soc-LiveJournal1,formal-10862002,4847571,68993773,14.232648268586473,kernel,shared_b4_accurate_nozero,144.921422005,143.45401525475,146.36760950125,10,0.7003690911064766,0.9414241635808188,,,,3.40161749225e-07,0.01318359375,1.59388399529e-06,6.20057410427e-06
soc-LiveJournal1,formal-10862002,4847571,68993773,14.232648268586473,kernel,shared_b8_fast_nozero,110.2699041365,107.93751478175,111.043214798,10,0.9204549999958093,1.2372598812375317,,,,0.00310722081073,6.1494140625,0.0237274787766,0.0028922233433
soc-LiveJournal1,formal-10862002,4847571,68993773,14.232648268586473,kernel,shared_b8_accurate_nozero,120.7975149155,118.132472038,121.6055750845,10,0.8402365287274327,1.1294315830208674,,,,6.11562707039e-07,0.0069580078125,2.54179662762e-06,3.2725252217e-06
soc-LiveJournal1,formal-10862002,4847571,68993773,14.232648268586473,kernel,shared_b16_fast_nozero,101.182460785,99.39122200015001,101.97585821150001,10,1.0031233063917224,1.3483812059671285,,,,0.00320344864711,6.63696289062,0.0243537083076,0.00312152975971
soc-LiveJournal1,formal-10862002,4847571,68993773,14.232648268586473,kernel,shared_b16_accurate_nozero,106.91511631,105.68398237250001,108.05195569975,10,0.9493370826741235,1.276082683204631,,,,1.69600413167e-06,0.0059814453125,8.48031663786e-06,2.8132234362e-06
soc-LiveJournal1,formal-10862002,4847571,68993773,14.232648268586473,kernel,shared_b32_fast_nozero,94.31290626525,93.37669610975,95.650732517225,10,1.0761887066234703,1.4465944683359753,,,,0.0032215808676,6.34814453125,0.0244644978591,0.00298569125665
soc-LiveJournal1,formal-10862002,4847571,68993773,14.232648268586473,kernel,shared_b32_accurate_nozero,101.9436120985,100.72273016,103.20699214925,10,0.9956335911800938,1.338313658772225,,,,3.04565132643e-06,0.007080078125,1.49265890636e-05,3.32993794488e-06
soc-LiveJournal1,formal-10862002,4847571,68993773,14.232648268586473,kernel,shared_b64_fast_nozero,92.89455413815,91.9390320778,93.862533569325,10,1.0926203968916681,1.4686816655915225,,,,0.00323644405368,6.03918457031,0.0245323327164,0.00284037965426
soc-LiveJournal1,formal-10862002,4847571,68993773,14.232648268586473,kernel,shared_b64_accurate_nozero,98.41001033785,97.85491228102501,99.433362483975,10,1.0313837409735758,1.386368399186378,,,,4.28047435949e-06,0.00897216796875,1.93598833926e-05,4.21983515429e-06
soc-LiveJournal1,formal-10862002,4847571,68993773,14.232648268586473,kernel,shared_bfull_fast_nozero,92.4223661423,91.848015785175,92.57680177685,10,1.098202619647562,1.4761851940247759,,,,0.00323942562678,6.95941162109,0.0245354515542,0.00327318546801
soc-LiveJournal1,formal-10862002,4847571,68993773,14.232648268586473,kernel,shared_bfull_accurate_nozero,96.0639715195,95.9492921829,96.28528356555,10,1.0565718136158555,1.4202257759903836,,,,5.20284791798e-06,0.019287109375,2.14201231814e-05,9.07121026365e-06
soc-LiveJournal1,formal-10862002,4847571,68993773,14.232648268586473,kernel,mkl_fp32,136.432528496,136.3919377325,136.6778612135,10,0.7439463721034517,1.0,,,,0.00530811594889,8.90118408203,0.0441300949818,0.00418644965576
soc-LiveJournal1,formal-10862002,4847571,68993773,14.232648268586473,e2e,mkl_bf16_inputs,302.218437195,302.02406644850004,302.26874351525,10,0.7390252888141635,0.945210461376266,137.81189918500002,27.32598781585,137.2359991075,0,0,0,0
soc-LiveJournal1,formal-10862002,4847571,68993773,14.232648268586473,e2e,original,624.5256662365,622.3460435869999,627.8250217440001,10,0.35762672362038883,0.4574031843702067,309.496641159,17.781376838649997,298.84147643999995,1.03099778059e-05,28.25,0.00461011774809,7.15206033453e-06
soc-LiveJournal1,formal-10862002,4847571,68993773,14.232648268586473,e2e,original_nozero,223.34706783299998,221.5890288355,226.05097293875,10,1.0,1.2789960988925646,102.243542671,17.7298784256,102.16951370199999,1.03099778059e-05,28.25,0.00461011774809,7.15206033453e-06
soc-LiveJournal1,formal-10862002,4847571,68993773,14.232648268586473,e2e,shared_b2_fast_nozero,340.5355215075,338.976085186,342.493712902,10,0.6558701037832289,0.8388553041190112,161.94498539,17.804026603700002,159.024477005,0.00304161375967,11230.5,3.52668040346,0.00284322879954
soc-LiveJournal1,formal-10862002,4847571,68993773,14.232648268586473,e2e,shared_b2_accurate_nozero,406.5256118775,401.19349956474997,409.78425741200004,10,0.5494046655547549,0.7026864239579057,197.35252857199998,17.74740219115,192.816495895,1.12870757756e-05,151.25,0.00509036926802,3.82920044459e-05
soc-LiveJournal1,formal-10862002,4847571,68993773,14.232648268586473,e2e,shared_b4_fast_nozero,278.66542339299997,276.13168954825,280.90047836275,10,0.8014882690272453,1.025100369394001,130.0979852675,17.74644851685,130.730986595,0.00455507409496,17587.75,5.25526970322,0.00445269554508
soc-LiveJournal1,formal-10862002,4847571,68993773,14.232648268586473,e2e,shared_b4_accurate_nozero,310.38451194749996,304.79276180275,315.40900468875003,10,0.719581870988389,0.9203424058279622,146.4945077895,17.753481864900003,146.7789411545,9.87232809588e-06,26.75,0.00390536148439,6.77230491854e-06
soc-LiveJournal1,formal-10862002,4847571,68993773,14.232648268586473,e2e,shared_b8_fast_nozero,241.371631622,240.13960361475,242.632329464,10,0.9253244315917482,1.1834863382158258,111.357092857,17.6929235458,111.876487732,0.00524616149498,20691,6.0302879668,0.0052383462082
soc-LiveJournal1,formal-10862002,4847571,68993773,14.232648268586473,e2e,shared_b8_accurate_nozero,257.253050804,256.26200437525006,258.66574049,10,0.8681998799818594,1.1104242595557912,118.1099414825,17.76611804965,120.7665205,5.93170288572e-06,15,0.00486499975402,3.79755415993e-06
soc-LiveJournal1,formal-10862002,4847571,68993773,14.232648268586473,e2e,shared_b16_fast_nozero,221.8430042265,219.9062108995,223.0539917945,10,1.0067798559244372,1.2876675081709736,101.04942321749999,17.69399642945,101.9469499585,0.00554795127763,21703.75,6.34903243577,0.00549474440657
soc-LiveJournal1,formal-10862002,4847571,68993773,14.232648268586473,e2e,shared_b16_accurate_nozero,233.1779003145,232.51003026975002,235.368549824,10,0.9578397761184031,1.225073337019565,108.74497890449999,17.7536010742,107.060432434,1.05766507182e-05,13,0.012911466413,3.29121360527e-06
soc-LiveJournal1,formal-10862002,4847571,68993773,14.232648268586473,e2e,shared_b32_fast_nozero,207.24296569799998,206.94148540474998,208.96869897825002,10,1.077706387190325,1.3783822649680253,93.77646446225,17.6864862442,95.94058990479999,0.00561232491937,22144.5,6.44155921669,0.0056063292063
soc-LiveJournal1,formal-10862002,4847571,68993773,14.232648268586473,e2e,shared_b32_accurate_nozero,223.383426666,223.12986850725,223.926126957,10,0.9998372357629988,1.278787924068401,103.631019592,17.6959037781,102.324962616,2.42835165315e-05,16.5,0.0220232485319,4.17730957592e-06
soc-LiveJournal1,formal-10862002,4847571,68993773,14.232648268586473,e2e,shared_b64_fast_nozero,204.8890590665,204.13380861275002,205.48063516625,10,1.0900878204556015,1.3942180698130127,93.53399276729999,17.6684856415,93.33765506745,0.00568742675659,22122.5,6.51157235988,0.0056007594602
soc-LiveJournal1,formal-10862002,4847571,68993773,14.232648268586473,e2e,shared_b64_accurate_nozero,217.413544655,216.41677618,218.09446811675,10,1.0272914145593621,1.3139017116472484,99.57098960875001,17.6999568939,99.80010986330001,2.10856738886e-05,36.5,0.0276047818521,9.24071512249e-06
soc-LiveJournal1,formal-10862002,4847571,68993773,14.232648268586473,e2e,shared_bfull_fast_nozero,203.316092491,202.59386301075,203.49645614625,10,1.098521347211543,1.405004517633768,91.9380187988,17.70949363705,92.98408031465,0.00585550285772,26941.75,6.56272957905,0.00682085031921
soc-LiveJournal1,formal-10862002,4847571,68993773,14.232648268586473,e2e,shared_bfull_accurate_nozero,213.3940458295,212.83817291225,214.28531408325,10,1.0466415169402261,1.3386504171055453,97.7109670639,17.7080631256,97.50759601595,3.42317902456e-05,56.5,0.0360825995755,1.43041206691e-05
soc-LiveJournal1,formal-10862002,4847571,68993773,14.232648268586473,e2e,mkl_fp32,285.6600284575,285.45433282825,286.01628541925,10,0.7818632135515213,1.0,136.8000507355,9.421467781065,139.41752910600002,0.0101507999517,39351.5,11.6532884266,0.00996263016829
as-Skitter,formal-10862002,1696415,22190596,13.080877025963575,kernel,mkl_bf16_inputs,43.1970357895,43.033063411700006,43.521702289575,10,1.0729765456190459,0.99445583572176,,,,0,0,0,0
as-Skitter,formal-10862002,1696415,22190596,13.080877025963575,kernel,original,115.821123123,113.98202180875,116.80477857575,10,0.4001809427558196,0.37089559458968324,,,,1.90624617452e-06,0.041015625,1.75740861138e-06,8.74222306407e-06
as-Skitter,formal-10862002,1696415,22190596,13.080877025963575,kernel,original_nozero,46.3494062424,45.850574970225,46.9757914543,10,1.0,0.926819733182533,,,,1.90624617452e-06,0.041015625,1.75740861138e-06,8.74222306407e-06
as-Skitter,formal-10862002,1696415,22190596,13.080877025963575,kernel,shared_b2_fast_nozero,70.39642333980001,69.1804885864,71.25025987625,10,0.6584056979524903,0.6102233933021864,,,,0.00226739892572,8.56689453125,0.0178942411981,0.00182597980546
as-Skitter,formal-10862002,1696415,22190596,13.080877025963575,kernel,shared_b2_accurate_nozero,89.58899974824999,87.651014328,92.6525592804,10,0.5173559965246222,0.4794957466593338,,,,1.91404733673e-06,0.0439453125,1.75506333975e-06,9.36666756864e-06
as-Skitter,formal-10862002,1696415,22190596,13.080877025963575,kernel,shared_b4_fast_nozero,51.2309074402,50.17799139025,51.930904388425,10,0.9047156991412264,0.8385083628841202,,,,0.00286959460699,11.1010742188,0.0221845551969,0.00236612430192
as-Skitter,formal-10862002,1696415,22190596,13.080877025963575,kernel,shared_b4_accurate_nozero,61.166524887099996,60.3944659233,61.81287765505,10,0.7577577167895487,0.702304804891895,,,,1.33918113114e-06,0.032958984375,1.50266056477e-06,7.02500067648e-06
as-Skitter,formal-10862002,1696415,22190596,13.080877025963575,kernel,shared_b8_fast_nozero,40.857553482049994,40.248811244950005,41.366636753099996,10,1.1344146257499914,1.05139786075597,,,,0.0030572944459,12.2280273438,0.0234139438443,0.00260632728802
as-Skitter,formal-10862002,1696415,22190596,13.080877025963575,kernel,shared_b8_accurate_nozero,45.375466346699994,44.72225904465,46.953737735725,10,1.021464019526729,0.9467130100333206,,,,1.08972387122e-06,0.02197265625,2.10501414829e-06,4.68333378432e-06
as-Skitter,formal-10862002,1696415,22190596,13.080877025963575,kernel,shared_b16_fast_nozero,34.958481788650005,34.254610538475,35.586357116675,10,1.3258415088680509,1.2288160734914138,,,,0.00314673927305,13.1774902344,0.0239276970762,0.00280869934454
as-Skitter,formal-10862002,1696415,22190596,13.080877025963575,kernel,shared_b16_accurate_nozero,38.04993629455,36.954224109625,38.60765695575,10,1.2181204689438272,1.1289780880106999,,,,1.63736136614e-06,0.013916015625,5.96906867351e-06,2.96611139674e-06
as-Skitter,formal-10862002,1696415,22190596,13.080877025963575,kernel,shared_b32_fast_nozero,31.90302848815,31.764209270475,32.3501825333,10,1.4528215169169891,1.3465036506708468,,,,0.00316511126534,14.3115234375,0.0240062722996,0.00305041140485
as-Skitter,formal-10862002,1696415,22190596,13.080877025963575,kernel,shared_b32_accurate_nozero,34.3359708786,33.90008211135,35.08853912355,10,1.3498790060801051,1.2510945002438658,,,,2.75894584089e-06,0.015869140625,9.87722889121e-06,3.38240773312e-06
as-Skitter,formal-10862002,1696415,22190596,13.080877025963575,kernel,shared_b64_fast_nozero,31.4724445343,30.671238899225003,31.578660011300002,10,1.4726980038645063,1.3649255710001507,,,,0.00317298495808,13.3403320312,0.0240406732128,0.00284340805159
as-Skitter,formal-10862002,1696415,22190596,13.080877025963575,kernel,shared_b64_accurate_nozero,33.47194194795,32.787084579425,33.73807668685,10,1.3847241464052158,1.2833896639026927,,,,3.95952102723e-06,0.0185546875,1.23918888084e-05,3.95481519565e-06
as-Skitter,formal-10862002,1696415,22190596,13.080877025963575,kernel,shared_bfull_fast_nozero,30.981421470649998,30.516862869249998,31.429350376125,10,1.4960387239271362,1.3865582109408854,,,,0.00322223729853,14.3530273438,0.0240562247513,0.003059257702
as-Skitter,formal-10862002,1696415,22190596,13.080877025963575,kernel,shared_bfull_accurate_nozero,32.635569572449995,32.289028167699996,32.950162887575004,10,1.4202113476066565,1.316279902251607,,,,6.14709417032e-06,0.046875,1.41495601066e-05,9.99111207322e-06
as-Skitter,formal-10862002,1696415,22190596,13.080877025963575,kernel,mkl_fp32,42.957544326749996,42.874753475225006,43.0065989494,10,1.078958468618465,1.0,,,,0.00508107303059,17.4526367188,0.0430474755545,0.00371991998784
as-Skitter,formal-10862002,1696415,22190596,13.080877025963575,e2e,mkl_bf16_inputs,96.29392623905,96.056699752775,96.76647186277499,10,1.0176609241218202,0.9284018262576141,43.1150197983,9.201049804690001,43.8959598541,0,0,0,0
as-Skitter,formal-10862002,1696415,22190596,13.080877025963575,e2e,original,238.865494728,237.31601238225,240.41640758525,10,0.41024998640066457,0.3742669366274548,117.178440094,6.195545196535,114.35437202450001,4.41577808989e-05,102,0.128574479347,1.62911503277e-05
as-Skitter,formal-10862002,1696415,22190596,13.080877025963575,e2e,original_nozero,97.99456596375,97.0866084099,99.12115335467499,10,1.0,0.9122899428007112,45.6714630127,6.168484687805,45.748472213750006,4.41577808989e-05,102,0.128574479347,1.62911503277e-05
as-Skitter,formal-10862002,1696415,22190596,13.080877025963575,e2e,shared_b2_fast_nozero,146.585583687,144.64682340625,148.82922172525,10,0.6685143484027393,0.6098789166657896,71.02048397064999,6.184458732605,68.9755678177,0.00332684771703,21451,12.2992401399,0.00342609280078
as-Skitter,formal-10862002,1696415,22190596,13.080877025963575,e2e,shared_b2_accurate_nozero,187.5339746475,186.35600805274998,189.46146965000003,10,0.5225430013305398,0.4767107247947501,90.14403820035,6.18004798889,91.54713153840001,4.31162340268e-05,1289.5,0.0951245443498,0.000205955277917
as-Skitter,formal-10862002,1696415,22190596,13.080877025963575,e2e,shared_b4_fast_nozero,108.838915825,107.96958208125,111.5649938585,10,0.900363304990226,0.8213923880093925,51.08404159545,6.18100166321,51.81193351745,0.00481266600402,30713.5,17.3814839487,0.00490547299598
as-Skitter,formal-10862002,1696415,22190596,13.080877025963575,e2e,shared_b4_accurate_nozero,128.1415224075,127.33644247075,130.164921284,10,0.7647370198406078,0.6976618920879744,60.64546108245,6.187081336975,61.29801273345,1.6730597393e-05,130.5,0.0429487701256,2.08430893899e-05
as-Skitter,formal-10862002,1696415,22190596,13.080877025963575,e2e,shared_b8_fast_nozero,88.02700042725,86.97783946995001,88.57154846195,10,1.11323304767993,1.0155913133917844,40.61806201935,6.18636608124,40.5905246735,0.00544342268699,33446,19.5267555347,0.00534190013589
as-Skitter,formal-10862002,1696415,22190596,13.080877025963575,e2e,shared_b8_accurate_nozero,99.62952136995,97.24938869475,100.629270077,10,0.98358964909478,0.8973189447120484,46.0869073868,6.18898868561,46.50831222535,2.48703241209e-05,49,0.0629898617927,7.8261408437e-06
as-Skitter,formal-10862002,1696415,22190596,13.080877025963575,e2e,shared_b16_fast_nozero,78.16851139069999,77.547550201425,79.47146892547501,10,1.2536322391244719,1.1436760837239919,35.758972168,6.21438026428,35.89606285095,0.00568148614856,34609,20.2744770764,0.00552765119306
as-Skitter,formal-10862002,1696415,22190596,13.080877025963575,e2e,shared_b16_accurate_nozero,84.1466188431,83.37646722797498,86.0924720764,10,1.1645692638758418,1.062424827128758,38.553118705749995,6.19506835938,39.29007053375,2.06158191797e-05,25.5,0.0647705820743,4.07278758193e-06
as-Skitter,formal-10862002,1696415,22190596,13.080877025963575,e2e,shared_b32_fast_nozero,72.04854488375,71.725189685825,72.367310523975,10,1.3601185995062606,1.2408225193457498,32.17685222625,6.1775445938099995,33.189058303799996,0.00585518922995,34929.5,20.6431595763,0.00557884054286
as-Skitter,formal-10862002,1696415,22190596,13.080877025963575,e2e,shared_b32_accurate_nozero,76.94900035855,76.4250159264,78.80264520645,10,1.2735001820314302,1.1618014082221486,34.727573394749996,6.20257854462,35.58933734895,2.92456259381e-05,34,0.0854087508965,5.43038344257e-06
as-Skitter,formal-10862002,1696415,22190596,13.080877025963575,e2e,shared_b64_fast_nozero,70.0250864029,69.440841674775,70.92022895814999,10,1.399420850406715,1.2766775675716644,31.4590930939,6.227970123295,31.858086586,0.00589828335004,35069,20.8620882807,0.00560112108669
as-Skitter,formal-10862002,1696415,22190596,13.080877025963575,e2e,shared_b64_accurate_nozero,73.26340675349999,72.89153337479999,75.25062561035,10,1.3375649632764113,1.2202470638396725,33.318400383,6.187081336975,33.5024595261,2.53386650873e-05,40,0.102992824275,6.38868640302e-06
as-Skitter,formal-10862002,1696415,22190596,13.080877025963575,e2e,shared_bfull_fast_nozero,69.2950487137,68.606913089775,70.0317025185,10,1.4141640388857388,1.2901276301458933,31.3409566879,6.21950626373,31.87108039855,0.00597390354922,38546,20.8511972607,0.00615645765227
as-Skitter,formal-10862002,1696415,22190596,13.080877025963575,e2e,shared_bfull_accurate_nozero,70.94752788545,70.415854454075,71.171462535875,10,1.3812259409795002,1.2600785346910466,31.99005126955,6.18243217468,32.899975776649995,5.55436097217e-05,84,0.211317350009,1.34162414463e-05
as-Skitter,formal-10862002,1696415,22190596,13.080877025963575,e2e,mkl_fp32,89.39945697785001,89.34980630875,89.48135375972498,10,1.0961427426570338,1.0,43.13945770265,3.04102897644,43.230414390549996,0.00953401931647,61547.5,33.5911168726,0.00983019190975
email-Enron,formal-10862002,36692,367662,10.020222391802028,kernel,mkl_bf16_inputs,0.642538070679,0.60343742370625,0.643968582153,10,1.5562152133597775,0.9168831168827651,,,,0,0,0,0
email-Enron,formal-10862002,36692,367662,10.020222391802028,kernel,original,2.9690265655549997,2.96074151993,2.9771327972425,10,0.3367863165503821,0.19842608206837437,,,,4.67737086288e-07,0.0013427734375,1.32351450513e-06,2.36069055349e-06
email-Enron,formal-10862002,36692,367662,10.020222391802028,kernel,original_nozero,0.9999275207534999,0.985860824585,1.0063648223850001,10,1.0,0.5891750119209207,,,,4.67737086288e-07,0.0013427734375,1.32351450513e-06,2.36069055349e-06
email-Enron,formal-10862002,36692,367662,10.020222391802028,kernel,shared_b2_fast_nozero,1.44100189209,1.43772363663,1.4492869377175,10,0.6939113170096017,0.40883520847119387,,,,0.00230855381091,1.22863769531,0.0139262813062,0.00216003185645
email-Enron,formal-10862002,36692,367662,10.020222391802028,kernel,shared_b2_accurate_nozero,2.256512641905,2.2406578063975,2.2760629653925,10,0.4431295895197547,0.2610808811878142,,,,4.69962118413e-07,0.00106811523438,1.32631380708e-06,1.87782203119e-06
email-Enron,formal-10862002,36692,367662,10.020222391802028,kernel,shared_b4_fast_nozero,0.9924173355104999,0.97656250000025,1.0160207748374999,10,1.0075675675688764,0.5936336336335258,,,,0.00289897212287,1.53179931641,0.0173523993595,0.00269301140096
email-Enron,formal-10862002,36692,367662,10.020222391802028,kernel,shared_b4_accurate_nozero,1.3279914855950001,1.3018846511824997,1.35660171509,10,0.752962298026698,0.44362657091588364,,,,3.5855768149e-07,0.000640869140625,1.14356492256e-06,1.12669321871e-06
email-Enron,formal-10862002,36692,367662,10.020222391802028,kernel,shared_b8_fast_nozero,0.683546066284,0.6694197654727501,0.685930252075,10,1.462853156612344,0.8618765259856342,,,,0.00305390019854,1.78094482422,0.0182620247305,0.00313102680274
email-Enron,formal-10862002,36692,367662,10.020222391802028,kernel,shared_b8_accurate_nozero,0.854969024658,0.8507370948790001,0.85800886154175,10,1.1695482431699622,0.6890686001117543,,,,5.81083212189e-07,0.00048828125,1.64854102548e-06,8.58432928543e-07
email-Enron,formal-10862002,36692,367662,10.020222391802028,kernel,shared_b16_fast_nozero,0.5356073379515001,0.51409006118775,0.5741715431209999,10,1.8669040730058941,1.0999332294684632,,,,0.00314897665353,1.55548095703,0.0186342569839,0.00273464539799
email-Enron,formal-10862002,36692,367662,10.020222391802028,kernel,shared_b16_accurate_nozero,0.612378120422,0.6065964698790001,0.66876411438025,10,1.632859645711106,0.9620401012270312,,,,1.59454430881e-06,0.001220703125,4.79560424686e-06,2.14608232136e-06
email-Enron,formal-10862002,36692,367662,10.020222391802028,kernel,shared_b32_fast_nozero,0.4879236221315,0.46765804290775,0.52404403686525,10,2.049352553142037,1.207427314927629,,,,0.00315851686387,1.65759277344,0.0186700241588,0.00291416518417
email-Enron,formal-10862002,36692,367662,10.020222391802028,kernel,shared_b32_accurate_nozero,0.5165338516235,0.5086064338680001,0.538885593414,10,1.9358412185584,1.140549273021155,,,,2.86957550363e-06,0.00172424316406,8.14148938097e-06,3.03134127892e-06
email-Enron,formal-10862002,36692,367662,10.020222391802028,kernel,shared_b64_fast_nozero,0.432968139648,0.42665004730199996,0.44333934783925005,10,2.3094713656446726,1.3606828193847251,,,,0.00317130445513,1.75445556641,0.0187058338557,0.00308445681637
email-Enron,formal-10862002,36692,367662,10.020222391802028,kernel,shared_b64_accurate_nozero,0.46503543853749996,0.45478343963625,0.48178434371975,10,2.1502178928517655,1.266854652653516,,,,4.17271293022e-06,0.00265502929688,1.07784679967e-05,4.66772904895e-06
email-Enron,formal-10862002,36692,367662,10.020222391802028,kernel,shared_bfull_fast_nozero,0.411033630371,0.39243698120125,0.41842460632325,10,2.4327146171736915,1.4332946635735078,,,,0.00317852703543,1.92999267578,0.0187133538158,0.00339306345418
email-Enron,formal-10862002,36692,367662,10.020222391802028,kernel,shared_bfull_accurate_nozero,0.4374980926515,0.43511390686025,0.44578313827474997,10,2.2855585831091085,1.3465940054492718,,,,5.41785254346e-06,0.00506591796875,1.2434343427e-05,8.90624163363e-06
email-Enron,formal-10862002,36692,367662,10.020222391802028,kernel,mkl_fp32,0.58913230896,0.58418512344375,0.6215572357177499,10,1.697288547149417,1.0,,,,0.00531534212964,2.56680297852,0.0370875595033,0.00451262094918
email-Enron,formal-10862002,36692,367662,10.020222391802028,e2e,mkl_bf16_inputs,1.60551071167,1.6016960144075,1.61075592041,10,1.3957528957524628,0.8197208197203905,0.6968975067134999,0.229597091675,0.675916671753,0,0,0,0
email-Enron,formal-10862002,36692,367662,10.020222391802028,e2e,original,4.3590068817150005,4.3426156044025,4.4075846672050005,10,0.5140841218615707,0.3019198162224987,1.99639797211,0.1369714736935,2.213954925535,9.15440543312e-06,3.046875,0.00351960760553,1.35642388789e-05
email-Enron,formal-10862002,36692,367662,10.020222391802028,e2e,original_nozero,2.2408962249749997,2.23660469055,2.25704908371,10,1.0,0.5872965209063541,1.025557518005,0.18048286438,1.034021377565,9.15440543312e-06,3.046875,0.00351960760553,1.35642388789e-05
email-Enron,formal-10862002,36692,367662,10.020222391802028,e2e,shared_b2_fast_nozero,3.156542778015,3.12525033951,3.1786561012275003,10,0.7099210695266399,0.4169341742511135,1.4724731445299999,0.181913375854,1.487016677855,0.00316447553459,649.375,3.13722610567,0.00289092188619
email-Enron,formal-10862002,36692,367662,10.020222391802028,e2e,shared_b2_accurate_nozero,4.812598228455,4.7847032547,4.8263072967525,10,0.4656312699708573,0.2734636248790918,2.3295879364000003,0.170946121216,2.3064613342299998,8.065394467e-06,0.84765625,0.00305798617027,3.77364081631e-06
email-Enron,formal-10862002,36692,367662,10.020222391802028,e2e,shared_b4_fast_nozero,2.1510124206550003,2.1399259567225,2.19470262527,10,1.041786743515237,0.6118377299928589,0.9875297546385,0.1723766326905,1.0039806366,0.00471599943492,1032.34375,4.38680000929,0.00459584237297
email-Enron,formal-10862002,36692,367662,10.020222391802028,e2e,shared_b4_accurate_nozero,2.904534339905,2.8938055038424997,2.9369592666625,10,0.7715165195975248,0.4531089677814053,1.3715028762800001,0.174045562744,1.362919807435,8.74167290901e-06,0.94921875,0.00333988866433,4.22578211227e-06
email-Enron,formal-10862002,36692,367662,10.020222391802028,e2e,shared_b8_fast_nozero,1.615047454835,1.6081929206825,1.649796962735,10,1.3875110717436714,0.814880425154105,0.7150173187255,0.1755952835085,0.73504447937,0.00530269075875,1186.71875,4.83123892719,0.00528309714284
email-Enron,formal-10862002,36692,367662,10.020222391802028,e2e,shared_b8_accurate_nozero,1.9445419311499998,1.92993879318,1.9582509994500001,10,1.1524031387946139,0.676802354095639,0.890016555786,0.17452239990250001,0.8829832077024999,1.26988487379e-05,1.4375,0.00611947646303,6.39953834287e-06
email-Enron,formal-10862002,36692,367662,10.020222391802028,e2e,shared_b16_fast_nozero,1.3879537582400001,1.33973360062,1.5531778335575002,10,1.6145323370258218,0.9482092244260703,0.5779266357424999,0.17499923706050002,0.6070137023925,0.00555174505399,1251.21875,5.03907690681,0.00557024164587
email-Enron,formal-10862002,36692,367662,10.020222391802028,e2e,shared_b16_accurate_nozero,1.468062400815,1.4532804489175,1.4768838882475,10,1.5264311814885785,0.8964677222912179,0.6330013275145,0.17690658569349998,0.656604766846,1.89653530479e-05,1.857421875,0.0143111709413,8.26896870118e-06
email-Enron,formal-10862002,36692,367662,10.020222391802028,e2e,shared_b32_fast_nozero,1.19650363922,1.1844635009775,1.230239868165,10,1.8728703795968717,1.0999302580458055,0.4945993423465,0.175952911377,0.5229711532595,0.00566434074241,1291.015625,5.10447952992,0.00574741147369
email-Enron,formal-10862002,36692,367662,10.020222391802028,e2e,shared_b32_accurate_nozero,1.264452934265,1.2567639350925,1.2734532356275,10,1.7722258885638837,1.040822098613741,0.539064407349,0.174999237061,0.5464553833005,2.18295713477e-05,2.625,0.018972298908,1.16861134957e-05
email-Enron,formal-10862002,36692,367662,10.020222391802028,e2e,shared_b64_fast_nozero,1.09803676605,1.0871887207,1.1241436004624998,10,2.0408207577932402,1.1985669308454392,0.455498695374,0.1729726791385,0.4714727401735,0.00572578939878,1307.640625,5.13703251567,0.00582142352583
email-Enron,formal-10862002,36692,367662,10.020222391802028,e2e,shared_b64_accurate_nozero,1.19149684906,1.1823773384125,1.20675563812,10,1.8807403701846932,1.1045522761375988,0.5000829696655,0.174999237061,0.509023666382,2.36590198663e-05,2.796875,0.0223693124569,1.24512756888e-05
email-Enron,formal-10862002,36692,367662,10.020222391802028,e2e,shared_bfull_fast_nozero,1.06859207153,1.064121723175,1.0772943496674998,10,2.0970548862172502,1.2315930388250613,0.437021255493,0.1776218414305,0.451922416687,0.00589329416496,1356.9375,5.19351161698,0.00604088595487
email-Enron,formal-10862002,36692,367662,10.020222391802028,e2e,shared_bfull_accurate_nozero,1.115918159485,1.0986328124975,1.1274814605724999,10,2.008118790726715,1.1793611793604746,0.460505485535,0.1784563064575,0.47647953033449997,4.03769865301e-05,4.1484375,0.0392084507328,1.84682329351e-05
email-Enron,formal-10862002,36692,367662,10.020222391802028,e2e,mkl_fp32,1.31607055664,1.3084411621075,1.3292431831375,10,1.7027173913047111,1.0,0.6605386734009999,0.0200271606445,0.633478164673,0.0104095704999,2156.515625,9.36322700954,0.00960049003769
amazon0601,formal-10862002,403394,3387388,8.397219591763884,kernel,mkl_bf16_inputs,7.80558586121,7.7857375144975,7.8224539756775,10,0.5898927884173233,1.0075292464640047,,,,0,0,0,0
amazon0601,formal-10862002,403394,3387388,8.397219591763884,kernel,original,23.97096157075,23.937702179000002,23.9943265915,10,0.19208486048046078,0.3280784551651568,,,,1.91865307673e-07,3.81469726562e-05,1.37210478108e-06,5.46601733296e-07
amazon0601,formal-10862002,403394,3387388,8.397219591763884,kernel,original_nozero,4.6044588089000005,4.6012997627250005,4.614055156705,10,1.0,1.7079870550158718,,,,1.91865307673e-07,3.81469726562e-05,1.37210478108e-06,5.46601733296e-07
amazon0601,formal-10862002,403394,3387388,8.397219591763884,kernel,shared_b2_fast_nozero,6.091475486755,6.08569383621,6.1025023460375,10,0.7558856337699635,1.2910428775515659,,,,0.00236310562425,0.164821624756,0.0197639932422,0.00236170210905
amazon0601,formal-10862002,403394,3387388,8.397219591763884,kernel,shared_b2_accurate_nozero,7.371068000795,7.3493719100975,7.3952078819275,10,0.6246664402503668,1.066922193650472,,,,1.9247205239e-07,4.57763671875e-05,1.36758510701e-06,6.55922079955e-07
amazon0601,formal-10862002,403394,3387388,8.397219591763884,kernel,shared_b4_fast_nozero,4.862904548645,4.858553409575,4.872798919679999,10,0.9468536268479683,1.6172137376511584,,,,0.00286867595984,0.192527770996,0.0239959224991,0.00275869894794
amazon0601,formal-10862002,403394,3387388,8.397219591763884,kernel,shared_b4_accurate_nozero,5.591869354245,5.581200122829999,5.61851263046,10,0.8234203121009221,1.406391233905504,,,,1.82317174149e-07,4.19616699219e-05,1.28167220883e-06,6.01261906626e-07
amazon0601,formal-10862002,403394,3387388,8.397219591763884,kernel,shared_b8_fast_nozero,4.25601005554,4.242718219757499,4.26572561264,10,1.0818721640251834,1.847823651337021,,,,0.00302565154686,0.217834472656,0.0252764962558,0.00312131453781
amazon0601,formal-10862002,403394,3387388,8.397219591763884,kernel,shared_b8_accurate_nozero,4.67598438263,4.675328731535,4.699409008025,10,0.9847036328872916,1.681861057998595,,,,5.41029924126e-07,0.000167846679688,1.94541856491e-06,2.4050476265e-06
amazon0601,formal-10862002,403394,3387388,8.397219591763884,kernel,shared_b16_fast_nozero,3.700017929075,3.6848783493000004,3.71074676514,10,1.2444422965407387,2.125491333205804,,,,0.00318734243836,0.233245849609,0.026541867357,0.00334214163806
amazon0601,formal-10862002,403394,3387388,8.397219591763884,kernel,shared_b16_accurate_nozero,4.00400161743,3.98737192154,4.0119886398275,10,1.1499642729553663,1.964124091938504,,,,9.35987302989e-07,0.00018310546875,3.42899858129e-06,2.62368831982e-06
amazon0601,formal-10862002,403394,3387388,8.397219591763884,kernel,shared_b32_fast_nozero,3.70907783508,3.6981701850924997,3.7192702293399997,10,1.2414025840470637,2.1202995436156375,,,,0.00318734243836,0.233245849609,0.026541867357,0.00334214163806
amazon0601,formal-10862002,403394,3387388,8.397219591763884,kernel,shared_b32_accurate_nozero,4.002928733825,3.9911866188025003,4.01258468628,10,1.1502724917363714,1.9646505256265736,,,,9.35987302989e-07,0.00018310546875,3.42899858129e-06,2.62368831982e-06
amazon0601,formal-10862002,403394,3387388,8.397219591763884,kernel,shared_b64_fast_nozero,3.7150382995599998,3.7088990211475,3.7246346473650003,10,1.2394108586835677,2.1168977024776394,,,,0.00318734243836,0.233245849609,0.026541867357,0.00334214163806
amazon0601,formal-10862002,403394,3387388,8.397219591763884,kernel,shared_b64_accurate_nozero,3.99088859558,3.9852261543250003,3.9987564086925,10,1.1537427564376372,1.9705776928138143,,,,9.35987302989e-07,0.00018310546875,3.42899858129e-06,2.62368831982e-06
amazon0601,formal-10862002,403394,3387388,8.397219591763884,kernel,shared_bfull_fast_nozero,3.713965415955,3.7037134170525,3.739535808565,10,1.2397688974483951,2.1175092280531587,,,,0.00318734243836,0.233245849609,0.026541867357,0.00334214163806
amazon0601,formal-10862002,403394,3387388,8.397219591763884,kernel,shared_bfull_accurate_nozero,3.987073898315,3.97801399231,4.019439220425,10,1.1548466184301016,1.9724630748074674,,,,9.35987302989e-07,0.00018310546875,3.42899858129e-06,2.62368831982e-06
amazon0601,formal-10862002,403394,3387388,8.397219591763884,kernel,mkl_fp32,7.864356040955,7.830500602725001,7.891237735744999,10,0.5854845310819451,1.0,,,,0.00533075753613,0.369705200195,0.045141398195,0.00529744535841
amazon0601,formal-10862002,403394,3387388,8.397219591763884,e2e,mkl_bf16_inputs,18.046021461499997,17.97223091125,18.103480339025,10,0.6312152780074982,0.8908053190309013,7.80999660492,2.29096412659,7.9308748245250005,0,0,0,0
amazon0601,formal-10862002,403394,3387388,8.397219591763884,e2e,original,46.08607292175,45.3244447708,47.184169292425004,10,0.24716630712039106,0.3488145308571796,22.59159088135,1.48952007294,22.205948829649998,1.26868295202e-05,0.25,0.000454602359318,9.64365380714e-05
amazon0601,formal-10862002,403394,3387388,8.397219591763884,e2e,original_nozero,11.39092445375,11.294245719925,11.406302452075002,10,1.0,1.4112543692586597,4.86147403717,1.5225410461400002,4.99701499939,1.26868295202e-05,0.25,0.000454602359318,9.64365380714e-05
amazon0601,formal-10862002,403394,3387388,8.397219591763884,e2e,shared_b2_fast_nozero,14.827966690050001,14.79613780975,14.840126037625001,10,0.7682054250495209,1.0841332625893423,6.68203830719,1.522064208985,6.61849975586,0.00360637092365,9.17541503906,0.93359821676,0.00353938104694
amazon0601,formal-10862002,403394,3387388,8.397219591763884,e2e,shared_b2_accurate_nozero,17.4080133438,17.373740673025,17.49223470685,10,0.6543494785294938,0.9234535605968736,7.892489433290001,1.50144100189,7.993578910825001,1.26044002413e-05,0.250061035156,0.000438644234064,9.64600821481e-05
amazon0601,formal-10862002,403394,3387388,8.397219591763884,e2e,shared_b4_fast_nozero,12.3965740204,12.351751327525001,12.436747550925,10,0.9188768150784977,1.2967689200900114,5.429983139035,1.527428627015,5.455017089845,0.00479242362679,12.8060302734,1.24372108041,0.00493987690403
amazon0601,formal-10862002,403394,3387388,8.397219591763884,e2e,shared_b4_accurate_nozero,13.930439949050001,13.891100883450001,14.001488685575,10,0.8177002661374535,1.15398307333045,6.157994270325,1.532077789305,6.24358654022,1.20173859078e-05,0.250061035156,0.00043560413829,9.64600821481e-05
amazon0601,formal-10862002,403394,3387388,8.397219591763884,e2e,shared_b8_fast_nozero,11.04760169985,10.980367660525,11.104464530975,10,1.0310766773846183,1.455111465999744,4.734039306645,1.536369323735,4.75263595581,0.00533448071758,14.2355957031,1.38444837656,0.00549132626798
amazon0601,formal-10862002,403394,3387388,8.397219591763884,e2e,shared_b8_accurate_nozero,11.9694471359,11.840283870675,12.064456939700001,10,0.9516667164672263,1.3430438116924153,5.11360168457,1.533508300785,5.268931388855,1.40572382501e-05,0.287857055664,0.000775940365493,0.000111039751631
amazon0601,formal-10862002,403394,3387388,8.397219591763884,e2e,shared_b16_fast_nozero,10.1764202118,10.051965713475,10.2805495262,10,1.1193449382663787,1.5796804348359916,4.187107086185,1.5324354171749999,4.353046417235,0.00581922944512,16.1550292969,1.5056445037,0.00623174039133
amazon0601,formal-10862002,403394,3387388,8.397219591763884,e2e,shared_b16_accurate_nozero,10.68210601805,10.66446304325,10.73002815245,10,1.0663556825313547,1.5048991161561744,4.55105304718,1.526951789855,4.605412483215,1.94481352165e-05,0.257720947266,0.00143722667679,9.94148637711e-05
amazon0601,formal-10862002,403394,3387388,8.397219591763884,e2e,shared_b32_fast_nozero,10.17689704895,10.076642036425001,10.2553963661,10,1.119292491509016,1.5796064191205101,4.1785240173350005,1.527070999145,4.451990127565001,0.00581922944512,16.1550292969,1.5056445037,0.00623174039133
amazon0601,formal-10862002,403394,3387388,8.397219591763884,e2e,shared_b32_accurate_nozero,10.7353925705,10.66505908965,10.804176330525,10,1.061062683916315,1.4974293487342198,4.559397697450001,1.532554626465,4.6224594116199995,1.94481352165e-05,0.257720947266,0.00143722667679,9.94148637711e-05
amazon0601,formal-10862002,403394,3387388,8.397219591763884,e2e,shared_b64_fast_nozero,10.2344751358,10.174334049225001,10.408222675300001,10,1.1129954690011177,1.5707197185929185,4.210472106935001,1.52051448822,4.474043846135,0.00581922944512,16.1550292969,1.5056445037,0.00623174039133
amazon0601,formal-10862002,403394,3387388,8.397219591763884,e2e,shared_b64_accurate_nozero,10.80656051635,10.689496994,10.8643770218,10,1.0540749238868254,1.4875678418612714,4.58800792694,1.525998115535,4.65404987335,1.94481352165e-05,0.257720947266,0.00143722667679,9.94148637711e-05
amazon0601,formal-10862002,403394,3387388,8.397219591763884,e2e,shared_bfull_fast_nozero,10.32650470735,10.283052921274999,10.408997535725,10,1.1030764790764476,1.556721500723095,4.25493717194,1.5300512313849999,4.50658798218,0.00581922944512,16.1550292969,1.5056445037,0.00623174039133
amazon0601,formal-10862002,403394,3387388,8.397219591763884,e2e,shared_bfull_accurate_nozero,10.843873024,10.8332633972,10.9995007515,10,1.0504479744957589,1.4824492936860487,4.6660900116,1.5244483947749998,4.68146800995,1.94481352165e-05,0.257720947266,0.00143722667679,9.94148637711e-05
amazon0601,formal-10862002,403394,3387388,8.397219591763884,e2e,mkl_fp32,16.075491905249997,15.995085239399998,16.164243221249997,10,0.7085894802404091,1.0,7.73453712463,0.5964040756225,7.730960845945001,0.0104109155209,27.2385253906,2.70959170735,0.0105071563634
web-Google,formal-10862002,916428,5105039,5.570583832008625,kernel,mkl_bf16_inputs,15.1309967041,15.05756378175,15.181183814975,10,0.5702839405015425,1.0199640741193308,,,,0,0,0,0
web-Google,formal-10862002,916428,5105039,5.570583832008625,kernel,original,49.1899251938,49.032866954775,49.27897453305,10,0.17542137724611975,0.3137445926782019,,,,2.08348743014e-07,0.000274658203125,8.84468360239e-07,1.00836596424e-06
web-Google,formal-10862002,916428,5105039,5.570583832008625,kernel,original_nozero,8.62896442413,8.543550968169999,8.7130069732625,10,1.0,1.7885197209346488,,,,2.08348743014e-07,0.000274658203125,8.84468360239e-07,1.00836596424e-06
web-Google,formal-10862002,916428,5105039,5.570583832008625,kernel,shared_b2_fast_nozero,11.72506809235,11.624276638024998,11.92635297775,10,0.7359415191592749,1.3162459204709678,,,,0.00229203400791,0.643112182617,0.0123076180043,0.00236108890527
web-Google,formal-10862002,916428,5105039,5.570583832008625,kernel,shared_b2_accurate_nozero,13.862013816849998,13.6578083038,13.93926143645,10,0.6224899598383783,1.113335569254757,,,,2.09184009754e-07,0.000259399414062,8.82874931461e-07,9.52345632896e-07
web-Google,formal-10862002,916428,5105039,5.570583832008625,kernel,shared_b4_fast_nozero,9.406089782715,9.2893838882475,9.502232074735,10,0.9173806144171539,1.6407533204882248,,,,0.00285723085493,0.813293457031,0.0152365957245,0.00298588366079
web-Google,formal-10862002,916428,5105039,5.570583832008625,kernel,shared_b4_accurate_nozero,10.544419288650001,10.449230670925001,10.623931884725,10,0.818344205395759,1.4636247498629098,,,,1.90649238914e-07,0.00030517578125,8.12645925418e-07,1.12040662694e-06
web-Google,formal-10862002,916428,5105039,5.570583832008625,kernel,shared_b8_fast_nozero,8.171916008,8.127748966219999,8.19283723831,10,1.055929162228609,1.8885501305558696,,,,0.00303089760023,1.04483032227,0.0160995772013,0.00383593616864
web-Google,formal-10862002,916428,5105039,5.570583832008625,kernel,shared_b8_accurate_nozero,8.793592452999999,8.756458759305,8.901119232175,10,0.98127863785479,1.7550361955351812,,,,5.01515569716e-07,0.000198364257812,1.15864751311e-06,7.28264307509e-07
web-Google,formal-10862002,916428,5105039,5.570583832008625,kernel,shared_b16_fast_nozero,7.447004318239999,7.4279904365525,7.498502731322501,10,1.1587161837673463,2.0723867456340352,,,,0.00311768150731,0.872619628906,0.0164749640534,0.00320369070906
web-Google,formal-10862002,916428,5105039,5.570583832008625,kernel,shared_b16_accurate_nozero,7.981896400455,7.959187030792499,8.005261421205,10,1.0810669534169994,1.9335095658370427,,,,1.28051496787e-06,0.000480651855469,3.18163817094e-06,1.76464043742e-06
web-Google,formal-10862002,916428,5105039,5.570583832008625,kernel,shared_b32_fast_nozero,7.271409034725,7.21645355225,7.3115229606600005,10,1.1866977064447788,2.1224322507644033,,,,0.00313371339015,0.873443603516,0.016532627255,0.00320671580695
web-Google,formal-10862002,916428,5105039,5.570583832008625,kernel,shared_b32_accurate_nozero,7.881999015805,7.8397989273099995,7.8958272933925,10,1.094768523419907,1.9580150939950096,,,,1.60881105671e-06,0.00102996826172,3.86736041059e-06,3.78137236591e-06
web-Google,formal-10862002,916428,5105039,5.570583832008625,kernel,shared_b64_fast_nozero,7.26854801178,7.2273015975975,7.3229670524625,10,1.1871648106534067,2.1232676758532665,,,,0.00313491461942,0.766632080078,0.0165347688049,0.00281457348753
web-Google,formal-10862002,916428,5105039,5.570583832008625,kernel,shared_b64_accurate_nozero,7.9585313797,7.90196657181,7.98797607422,10,1.0842407992685796,1.9391860517338007,,,,1.72523876746e-06,0.00137042999268,3.96365533749e-06,5.03132600909e-06
web-Google,formal-10862002,916428,5105039,5.570583832008625,kernel,shared_bfull_fast_nozero,7.26139545441,7.24279880524,7.3199868202225,10,1.1883341815366146,2.12535911873897,,,,0.0031350899749,1.04904174805,0.0165348391638,0.00385139778009
web-Google,formal-10862002,916428,5105039,5.570583832008625,kernel,shared_bfull_accurate_nozero,7.892966270445,7.86793231964,7.97021389008,10,1.0932473456070535,1.9552944374776726,,,,1.77445473405e-06,0.00201416015625,3.9834845378e-06,7.39468373778e-06
web-Google,formal-10862002,916428,5105039,5.570583832008625,kernel,mkl_fp32,15.4330730438,15.315711498299999,15.479266643499999,10,0.5591215955267285,1.0,,,,0.00533323105493,1.20358276367,0.0307170704187,0.00441877169597
web-Google,formal-10862002,916428,5105039,5.570583832008625,e2e,mkl_bf16_inputs,35.5905294418,35.556077957125005,35.772562027,10,0.5978295456448233,0.8893101773551262,15.3044462204,5.078554153445,15.33102989195,0,0,0,0
web-Google,formal-10862002,916428,5105039,5.570583832008625,e2e,original,98.69599342345,98.48821163177502,98.824977874775,10,0.2155819026428139,0.3206920458691059,48.362970352199994,3.33249568939,47.05345630645,8.36454618393e-06,0.62451171875,0.000239150014378,9.76845090057e-06
web-Google,formal-10862002,916428,5105039,5.570583832008625,e2e,original_nozero,21.27707004545,21.202683448774998,21.383523941075,10,1.0,1.4875647813557122,8.792996406555002,3.33595275879,9.158968925475,8.36454618393e-06,0.62451171875,0.000239150014378,9.76845090057e-06
web-Google,formal-10862002,916428,5105039,5.570583832008625,e2e,shared_b2_fast_nozero,27.74691581725,27.5764465332,28.08177471165,10,0.7668264893146157,1.1407040789150646,12.2159719467,3.34799289703,12.1349096298,0.00340781025625,211.7890625,0.644352663379,0.00331274977906
web-Google,formal-10862002,916428,5105039,5.570583832008625,e2e,shared_b2_accurate_nozero,32.11843967435,32.031297683700004,32.2233438492,10,0.6624565284359691,0.9854470008805165,14.283418655399998,3.325939178465,14.4410133362,8.73931875659e-06,0.374389648438,0.000249180516426,5.85610612042e-06
web-Google,formal-10862002,916428,5105039,5.570583832008625,e2e,shared_b4_fast_nozero,23.3770608902,23.242473602325,23.479521274550002,10,0.9101687395770807,1.3539349620857841,9.95182991028,3.422498703005,10.01894474032,0.0047834864304,275.31640625,0.889595964714,0.00430642807145
web-Google,formal-10862002,916428,5105039,5.570583832008625,e2e,shared_b4_accurate_nozero,25.72357654575,25.585711002350003,25.799810886375,10,0.8271427578357239,1.2304284357098594,10.99705696105,3.4500360488900004,11.16502285005,8.62263362427e-06,0.250244140625,0.000266244520254,3.91425417243e-06
web-Google,formal-10862002,916428,5105039,5.570583832008625,e2e,shared_b8_fast_nozero,21.1421251297,20.916759967775,21.24339342115,10,1.006382750784141,1.497059536630371,8.657455444335,3.443479537965,9.010672569275,0.00537468882718,323.984375,0.995891686264,0.00506767986048
web-Google,formal-10862002,916428,5105039,5.570583832008625,e2e,shared_b8_accurate_nozero,22.511959075900002,22.458970546725,22.765576839425,10,0.945145199212271,1.4059647116156029,9.501934051515,3.443121910095,9.485960006715,1.1210553407e-05,0.375610351562,0.000452720006146,5.87520004321e-06
web-Google,formal-10862002,916428,5105039,5.570583832008625,e2e,shared_b16_fast_nozero,19.54388618465,19.4479823112,19.730389118225002,10,1.0886816390775578,1.6194844644003856,7.98761844635,3.44395637512,8.052468299865,0.0056802822281,321.75390625,1.04636043163,0.00503279144475
web-Google,formal-10862002,916428,5105039,5.570583832008625,e2e,shared_b16_accurate_nozero,20.92242240905,20.8129286766,21.05504274365,10,1.0169506011047074,1.512779898581884,8.56304168701,3.477454185485,8.86654853821,2.24286664879e-05,0.968933105469,0.00158713187851,1.51558012164e-05
web-Google,formal-10862002,916428,5105039,5.570583832008625,e2e,shared_b32_fast_nozero,19.464969635,19.293785095175,20.397067070025,10,1.093095465568652,1.6260503172395522,7.813930511475,3.4570693969699997,7.990956306455,0.00580557703596,322.01953125,1.06206714483,0.00503694628235
web-Google,formal-10862002,916428,5105039,5.570583832008625,e2e,shared_b32_accurate_nozero,20.5329656601,20.4434990883,21.599829196925,10,1.0362394988462849,1.5414733835334264,8.47947597504,3.451466560365,8.58545303345,2.71445566098e-05,0.976409912109,0.00202340943571,1.52727514935e-05
web-Google,formal-10862002,916428,5105039,5.570583832008625,e2e,shared_b64_fast_nozero,19.3004608154,19.21194791795,20.1395153999,10,1.1024125407654954,1.6399100701676192,7.83860683441,3.40092182159,7.994651794435,0.00582351985224,334.5,1.06349377262,0.00523216254898
web-Google,formal-10862002,916428,5105039,5.570583832008625,e2e,shared_b64_accurate_nozero,20.521521568300003,20.375788211825,21.536827087425,10,1.0368173711990785,1.5423330060935614,8.500099182125,3.4464597701999997,8.556485176085,2.89103221191e-05,0.976409912109,0.00210835643776,1.52727514935e-05
web-Google,formal-10862002,916428,5105039,5.570583832008625,e2e,shared_bfull_fast_nozero,19.31691169735,19.136428833025,20.1978087425,10,1.1014736920068287,1.638513471819207,7.861495018005,3.37600708008,7.93707370758,0.00583191890687,384.109375,1.06328699851,0.00600813957126
web-Google,formal-10862002,916428,5105039,5.570583832008625,e2e,shared_bfull_accurate_nozero,20.58959007265,20.376563072175003,21.90136909485,10,1.0333896872339001,1.5372341041453443,8.426308631895001,3.4409761428800003,8.548378944395001,2.88165741002e-05,0.976409912109,0.00211371022854,1.52727514935e-05
web-Google,formal-10862002,916428,5105039,5.570583832008625,e2e,mkl_fp32,31.65102005005,31.5632820129,31.872332096075,10,0.6722396311968589,1.0,15.089035034199998,1.3585090637200001,15.294432640050001,0.0103670107597,687.38671875,1.93533818597,0.0107519254006
com-Youtube,formal-10862002,1134890,5975248,5.265045951590022,kernel,mkl_bf16_inputs,19.36995983125,19.3546414375,19.403457641625,10,1.0886470917652484,1.0014770412406246,,,,0,0,0,0
com-Youtube,formal-10862002,1134890,5975248,5.265045951590022,kernel,original,69.11551952365,69.01389360427501,69.2640542984,10,0.3050986317289334,0.2806688019484855,,,,9.12146189151e-07,0.02490234375,7.16488091331e-07,7.76761844362e-06
com-Youtube,formal-10862002,1134890,5975248,5.265045951590022,kernel,original_nozero,21.087050437899997,20.92742919925,21.333396434774997,10,1.0,0.9199280913126061,,,,9.12146189151e-07,0.02490234375,7.16488091331e-07,7.76761844362e-06
com-Youtube,formal-10862002,1134890,5975248,5.265045951590022,kernel,shared_b2_fast_nozero,30.27153015135,29.330134391774997,30.57670593265,10,0.6965967802905924,0.6408189465072315,,,,0.00220178854191,5.14794921875,0.00781377141639,0.00160576473041
com-Youtube,formal-10862002,1134890,5975248,5.265045951590022,kernel,shared_b2_accurate_nozero,41.4481163025,40.169000625625,41.858375072499996,10,0.5087577511122768,0.46802054692121076,,,,9.50616387192e-07,0.0205078125,7.17697016323e-07,6.39686224768e-06
com-Youtube,formal-10862002,1134890,5975248,5.265045951590022,kernel,shared_b4_fast_nozero,21.39949798585,21.072566509225002,21.835565567025,10,0.985399304780112,0.9064965016271375,,,,0.00275002801085,9.880859375,0.00951369880556,0.00308206915343
com-Youtube,formal-10862002,1134890,5975248,5.265045951590022,kernel,shared_b4_accurate_nozero,26.8635749817,26.21269226075,27.254641056025,10,0.784968138167199,0.7221142410853615,,,,6.8970359159e-07,0.0150146484375,6.33817744662e-07,4.68341700277e-06
com-Youtube,formal-10862002,1134890,5975248,5.265045951590022,kernel,shared_b8_fast_nozero,17.2699689865,16.458094120025,17.587363719925,10,1.2210242215480422,1.1232544815751513,,,,0.0029052243781,7.63647460938,0.00994296060696,0.00238199350292
com-Youtube,formal-10862002,1134890,5975248,5.265045951590022,kernel,shared_b8_accurate_nozero,20.3720331192,20.067453384375,20.503461360899998,10,1.0350979852877873,0.9522157139273182,,,,6.87116593423e-07,0.011474609375,8.47187108311e-07,3.57919673382e-06
com-Youtube,formal-10862002,1134890,5975248,5.265045951590022,kernel,shared_b16_fast_nozero,14.62852954865,14.442324638325,15.052556991574999,10,1.4415017153823244,1.3260779216555094,,,,0.00298800722639,8.83520507812,0.0101055779596,0.00275590533192
com-Youtube,formal-10862002,1134890,5975248,5.265045951590022,kernel,shared_b16_accurate_nozero,16.53611660005,16.18617773055,16.71493053435,10,1.275211765127263,1.1731031251129025,,,,1.4805364824e-06,0.0081787109375,2.14184633043e-06,2.55112958687e-06
com-Youtube,formal-10862002,1134890,5975248,5.265045951590022,kernel,shared_b32_fast_nozero,13.4025812149,13.2621526718,13.4974718094,10,1.573357407784776,1.4473756770959987,,,,0.00300124460627,9.8798828125,0.0101293460842,0.00308176454094
com-Youtube,formal-10862002,1134890,5975248,5.265045951590022,kernel,shared_b32_accurate_nozero,14.77444171905,14.551639556875,14.984190464000001,10,1.4272654655174273,1.3129815954898452,,,,2.60342825459e-06,0.00830078125,3.45646645736e-06,2.58920614787e-06
com-Youtube,formal-10862002,1134890,5975248,5.265045951590022,kernel,shared_b64_fast_nozero,12.80605793,12.43436336515,12.899219989774998,10,1.6466464975533652,1.5147963695608553,,,,0.00300817548822,8.849609375,0.0101437520413,0.00276039836612
com-Youtube,formal-10862002,1134890,5975248,5.265045951590022,kernel,shared_b64_accurate_nozero,13.78798484805,13.661503791825,13.824760913875,10,1.529378706916862,1.4069184347481707,,,,3.76506635415e-06,0.009765625,4.40088520811e-06,3.04612487985e-06
com-Youtube,formal-10862002,1134890,5975248,5.265045951590022,kernel,shared_bfull_fast_nozero,12.2264623642,12.062609195725,12.3106241226,10,1.7247057905845655,1.5866053060082588,,,,0.0030274572364,10.4924316406,0.0101493025109,0.00327283272403
com-Youtube,formal-10862002,1134890,5975248,5.265045951590022,kernel,shared_bfull_accurate_nozero,12.71295547485,12.556552886975,12.935400009174998,10,1.6587055999383025,1.525889876600774,,,,5.25401384986e-06,0.025146484375,5.0598010375e-06,7.84377156561e-06
com-Youtube,formal-10862002,1134890,5975248,5.265045951590022,kernel,mkl_fp32,19.39857006075,19.384384155299998,19.413709640500002,10,1.0870414866591829,1.0,,,,0.00524638396647,12.4609375,0.026470930015,0.00388685534669
com-Youtube,formal-10862002,1134890,5975248,5.265045951590022,e2e,mkl_bf16_inputs,45.25291919705,45.133292675,45.405149459825,10,1.0241985832799354,0.9052551441094767,19.39594745635,6.28185272217,19.507408142099997,0,0,0,0
com-Youtube,formal-10862002,1134890,5975248,5.265045951590022,e2e,original,138.9631032945,138.51797580675,139.6252512935,10,0.3335272070937869,0.2947936316756202,67.600607872,4.145979881285,67.46697425845,2.46835388492e-05,179,0.00190014484551,5.43460192831e-05
com-Youtube,formal-10862002,1134890,5975248,5.265045951590022,e2e,original_nozero,46.347975730900004,45.793712139125,47.309398651100004,10,1.0,0.8838668192748819,20.8959579468,4.1350126266450005,21.28291130065,2.46835388492e-05,179,0.00190014484551,5.43460192831e-05
com-Youtube,formal-10862002,1134890,5975248,5.265045951590022,e2e,shared_b2_fast_nozero,67.01946258545,66.51109457015001,67.183971405025,10,0.6915599430808059,0.6112468872287502,31.2945842743,4.15253639221,31.54408931735,0.00327637140485,9621.25,2.6452287564,0.00292109853647
com-Youtube,formal-10862002,1134890,5975248,5.265045951590022,e2e,shared_b2_accurate_nozero,88.75000476835001,87.8231525421,89.414775371525,10,0.5222306844024937,0.4615823739505767,42.261481285049996,4.16052341461,41.59104824065,2.57374648037e-05,312,0.00527877106472,9.47260224376e-05
com-Youtube,formal-10862002,1134890,5975248,5.265045951590022,e2e,shared_b4_fast_nozero,49.409031868,49.03644323345,49.70628023145,10,0.9380466278862164,0.8291082893213187,22.217512130750002,4.151582717895,22.863626480100002,0.00488127226649,14703.5,3.59976201914,0.0044641156119
com-Youtube,formal-10862002,1134890,5975248,5.265045951590022,e2e,shared_b4_accurate_nozero,59.319019317599995,58.848679065675,59.947490692100004,10,0.7813341532628563,0.6905953328352737,27.164578437800003,4.15301322937,28.18048000335,8.21683734829e-06,58.46875,0.00189164609703,1.77516414244e-05
com-Youtube,formal-10862002,1134890,5975248,5.265045951590022,e2e,shared_b8_fast_nozero,40.22455215455,40.0374531746,40.5622124672,10,1.1522309944638465,1.018418744146694,17.75348186495,4.15861606598,18.4794664383,0.00530844361801,16905,3.78636887459,0.00513251092727
com-Youtube,formal-10862002,1134890,5975248,5.265045951590022,e2e,shared_b8_accurate_nozero,45.975446701050004,45.56328058245,46.563208103150004,10,1.008102782171369,0.891028599579967,20.84648609165,4.156470298765,20.9040641785,8.67568293608e-06,57.4375,0.00268314020176,1.74385445954e-05
com-Youtube,formal-10862002,1134890,5975248,5.265045951590022,e2e,shared_b16_fast_nozero,34.9395275116,34.830868244175,35.463690757725004,10,1.3265198195800552,1.1724668536373135,15.41209220885,4.15503978729,15.46943187715,0.00562558270061,17706.75,3.98054991757,0.00537592948012
com-Youtube,formal-10862002,1134890,5975248,5.265045951590022,e2e,shared_b16_accurate_nozero,39.231538772600004,38.944721221950005,39.726495742825,10,1.181395815227881,1.0441965615101232,17.34459400175,4.150986671445,17.871379852300002,1.10104059151e-05,58.203125,0.00570769170447,1.76709952714e-05
com-Youtube,formal-10862002,1134890,5975248,5.265045951590022,e2e,shared_b32_fast_nozero,32.7171087265,32.250761985775,33.046007156375,10,1.4166281048349287,1.2521105771158523,14.1044855118,4.22549247742,14.1860246658,0.00570666243952,17930,4.0348243002,0.0054437101997
com-Youtube,formal-10862002,1134890,5975248,5.265045951590022,e2e,shared_b32_accurate_nozero,35.4344844818,34.807980060575,35.869836807275,10,1.3079906878483145,1.1560895689096544,15.507459640499999,4.157900810245,15.59495925905,1.57240745824e-05,59.53125,0.0103836164336,1.8074226036e-05
com-Youtube,formal-10862002,1134890,5975248,5.265045951590022,e2e,shared_b64_fast_nozero,31.77857398985,31.577348709125,31.854629516575,10,1.4584661900091376,1.2890898723833317,13.56959342955,4.202485084535001,13.770937919649999,0.00576863245619,18043.75,4.09236472586,0.00547824572871
com-Youtube,formal-10862002,1134890,5975248,5.265045951590022,e2e,shared_b64_accurate_nozero,33.28442573545,33.098638057725,33.976316452024996,10,1.3924823609480665,1.2307689552675456,14.1990184784,4.24897670746,14.70351219175,2.09621186196e-05,61.6875,0.0138348109216,1.87288830421e-05
com-Youtube,formal-10862002,1134890,5975248,5.265045951590022,e2e,shared_bfull_fast_nozero,30.09903430935,29.868185520175,30.162334442175,10,1.5398492607619114,1.3610216682724088,12.93408870695,4.15658950806,12.9848718643,0.0058988924753,17782.75,4.03478983117,0.00539900376764
com-Youtube,formal-10862002,1134890,5975248,5.265045951590022,e2e,shared_bfull_accurate_nozero,31.7553281784,31.086564064024998,32.07099437715,10,1.4595338291111075,1.2900335231605236,13.60094547275,4.13107872009,13.7479305267,3.22701821573e-05,33.5,0.0221797177857,1.01709030502e-05
com-Youtube,formal-10862002,1134890,5975248,5.265045951590022,e2e,mkl_fp32,40.9654378891,40.88366031645,41.1155223846,10,1.1313921715269197,1.0,19.43099498745,1.7974376678500001,19.7384357452,0.00990836478072,31867.75,6.97540832364,0.00967533718441
cit-Patents,formal-10862002,3774768,16518948,4.376149209699775,kernel,mkl_bf16_inputs,67.09146499635,66.8182969093,67.174673080475,10,0.4985359023747604,0.9726263494924441,,,,0,0,0,0
cit-Patents,formal-10862002,3774768,16518948,4.376149209699775,kernel,original,199.5766162875,194.446563721,205.84374666175,10,0.16759229946767518,0.32696679548618585,,,,2.24769368299e-07,0.000457763671875,6.88901256236e-07,1.40994948715e-06
cit-Patents,formal-10862002,3774768,16518948,4.376149209699775,kernel,original_nozero,33.4475040436,33.414900302875004,33.728539943724996,10,1.0,1.9509655069160887,,,,2.24769368299e-07,0.000457763671875,6.88901256236e-07,1.40994948715e-06
cit-Patents,formal-10862002,3774768,16518948,4.376149209699775,kernel,shared_b2_fast_nozero,46.679973602299995,46.513140201525005,46.922802925075,10,0.7165279125597447,1.397921242146649,,,,0.00231033979334,0.723861694336,0.00963099921149,0.00222955312403
cit-Patents,formal-10862002,3774768,16518948,4.376149209699775,kernel,shared_b2_accurate_nozero,53.027510643,52.837729454025,53.695559501625,10,0.6307575754174178,1.2305862728654056,,,,2.25855306633e-07,0.0006103515625,6.8759282085e-07,1.87993264953e-06
cit-Patents,formal-10862002,3774768,16518948,4.376149209699775,kernel,shared_b4_fast_nozero,38.94793987275,38.821816444374996,39.07090425495,10,0.8587746656916663,1.6754397509778363,,,,0.0028886632308,1.0068359375,0.01200801173,0.00310113689867
cit-Patents,formal-10862002,3774768,16518948,4.376149209699775,kernel,shared_b4_accurate_nozero,42.4749851227,42.3559546471,42.707562446625,10,0.787463584671736,1.5363142916470538,,,,2.00903261666e-07,0.000411987304688,6.2926864086e-07,1.26895453843e-06
cit-Patents,formal-10862002,3774768,16518948,4.376149209699775,kernel,shared_b8_fast_nozero,35.158991813650005,35.035252571125,35.258293151825,10,0.9513214776145673,1.8559953888144667,,,,0.00306966031488,0.962249755859,0.012727779535,0.00296380781862
cit-Patents,formal-10862002,3774768,16518948,4.376149209699775,kernel,shared_b8_accurate_nozero,37.42039203645,37.315189838425,37.482023239175,10,0.8938309361115154,1.7438333253680849,,,,5.01075962965e-07,0.00030517578125,8.89148853166e-07,9.39966324766e-07
cit-Patents,formal-10862002,3774768,16518948,4.376149209699775,kernel,shared_b16_fast_nozero,32.89604187015,32.863557338725,32.977283000949996,10,1.016763785005709,1.9836710732275842,,,,0.00314932726075,1.13714599609,0.012988011538,0.00350250251934
cit-Patents,formal-10862002,3774768,16518948,4.376149209699775,kernel,shared_b16_accurate_nozero,35.2839231491,35.24458408355,35.352408885975,10,0.9479530919013794,1.8494237844740482,,,,1.24335585619e-06,0.00064754486084,2.24852862722e-06,1.99449104536e-06
cit-Patents,formal-10862002,3774768,16518948,4.376149209699775,kernel,shared_b32_fast_nozero,32.375097274750004,32.32151269915,32.413482666,10,1.033124433874254,2.0155901348408807,,,,0.00316079910527,1.05624389648,0.0130181417899,0.00325331744665
cit-Patents,formal-10862002,3774768,16518948,4.376149209699775,kernel,shared_b32_accurate_nozero,34.78145599365,34.7024202347,34.827888011925,10,0.9616476104308704,1.8761413177589086,,,,1.81487133748e-06,0.00161743164062,3.04989709591e-06,4.98182152126e-06
cit-Patents,formal-10862002,3774768,16518948,4.376149209699775,kernel,shared_b64_fast_nozero,32.3349237442,32.262682914749995,32.42427110675,10,1.0344080075215754,2.0180943427523914,,,,0.00316495331157,1.03854370117,0.0130247763562,0.00319879939981
cit-Patents,formal-10862002,3774768,16518948,4.376149209699775,kernel,shared_b64_accurate_nozero,34.86490249635,34.56103801725,35.397171974175,10,0.9593459797313821,1.8716509156545476,,,,2.15864481446e-06,0.00173950195312,3.30580660887e-06,5.35780805117e-06
cit-Patents,formal-10862002,3774768,16518948,4.376149209699775,kernel,shared_bfull_fast_nozero,32.87148475645,32.303929328900004,32.95981884,10,1.017523372960419,1.985153003126692,,,,0.00316448369248,1.1477355957,0.0130240981573,0.00353511935081
cit-Patents,formal-10862002,3774768,16518948,4.376149209699775,kernel,shared_bfull_accurate_nozero,35.33101081845,35.143971443149994,35.3847742081,10,0.9466897003165722,1.8469589510703615,,,,2.30786309088e-06,0.00310516357422,3.36579918445e-06,9.5641573545e-06
cit-Patents,formal-10862002,3774768,16518948,4.376149209699775,kernel,mkl_fp32,65.2549266815,65.2131438255,65.39654731754999,10,0.5125667247601473,1.0,,,,0.00530303145441,1.91595458984,0.0227608129526,0.00590129658015
cit-Patents,formal-10862002,3774768,16518948,4.376149209699775,e2e,mkl_bf16_inputs,158.553004265,158.33926200875,158.971428871,10,0.5158938948402902,0.8824079594648481,68.25757026675001,22.05562591555,68.13549995425001,0,0,0,0
cit-Patents,formal-10862002,3774768,16518948,4.376149209699775,e2e,original,401.76951885200003,400.32374858850005,402.88335084950006,10,0.20359067343541165,0.3482305809566358,200.113534927,13.86642456055,187.168598175,1.27339006658e-05,0.494293212891,0.0001172763551,1.05456319476e-05
cit-Patents,formal-10862002,3774768,16518948,4.376149209699775,e2e,original_nozero,81.7965269089,81.60972595215,82.087099552175,10,1.0,1.7104446636997375,33.5760116577,13.8084888458,34.4043970108,1.27339006658e-05,0.494293212891,0.0001172763551,1.05456319476e-05
cit-Patents,formal-10862002,3774768,16518948,4.376149209699775,e2e,shared_b2_fast_nozero,108.66951942450001,108.0666780475,108.86102914825,10,0.7527090148376844,1.2874671177478036,46.63145542145,13.66448402405,48.23410511015,0.00307641484307,121.35546875,0.20863070963,0.00258909099879
cit-Patents,formal-10862002,3774768,16518948,4.376149209699775,e2e,shared_b2_accurate_nozero,121.94538116449999,121.59174680749999,122.42519855524999,10,0.6707636330937323,1.147304076829023,53.6279678345,13.68403434755,54.29208278655,1.37143026927e-05,0.500274658203,0.000120621582881,1.06732447068e-05
cit-Patents,formal-10862002,3774768,16518948,4.376149209699775,e2e,shared_b4_fast_nozero,94.09701824185001,93.8403606415,94.16669607160001,10,0.8692786279227782,1.4868529903987455,39.67988491055,13.71347904205,40.599584579500004,0.00453332131018,194.5703125,0.291611048388,0.0041511128416
cit-Patents,formal-10862002,3774768,16518948,4.376149209699775,e2e,shared_b4_accurate_nozero,101.2889146805,101.011514664,101.62132978425,10,0.8075565541097397,1.3812807986127524,43.35856437685,13.749480247449998,44.12591457365,1.22053341709e-05,0.5009765625,0.000117118866941,1.06882196735e-05
cit-Patents,formal-10862002,3774768,16518948,4.376149209699775,e2e,shared_b8_fast_nozero,85.81244945525,85.76077222827499,86.13801002505001,10,0.9532011663593842,1.6303978484317743,35.89057922365,13.7424468994,36.2629890442,0.00524362254055,229.67578125,0.331402113106,0.00490007993872
cit-Patents,formal-10862002,3774768,16518948,4.376149209699775,e2e,shared_b8_accurate_nozero,91.2563800812,90.900778770425,91.356813907625,10,0.8963376241323334,1.5331359060704506,38.359403610200005,13.68534564975,39.1399860382,1.35496852802e-05,1.00708007812,0.000170730129409,2.1485821712e-05
cit-Patents,formal-10862002,3774768,16518948,4.376149209699775,e2e,shared_b16_fast_nozero,81.09605312344999,80.98769187927499,81.3114643097,10,1.0086375817129314,1.725218769247891,33.5849523544,13.7189626694,33.79261493685,0.00555152557049,239.109375,0.348386027682,0.00510134349046
cit-Patents,formal-10862002,3774768,16518948,4.376149209699775,e2e,shared_b16_accurate_nozero,86.3550901413,86.142897605925,86.482286453225,10,0.9472114124953033,1.6201527058980822,35.83753108975,13.72301578525,36.70012950895,2.25676888001e-05,1.00134277344,0.000397090305702,2.13634176368e-05
cit-Patents,formal-10862002,3774768,16518948,4.376149209699775,e2e,shared_b32_fast_nozero,79.9869298935,79.910278320275,80.206096172375,10,1.0226236588628845,1.7491411802751216,32.923579216,13.7810707092,33.2343578339,0.00566375014904,238.96875,0.352939574859,0.00509834328845
cit-Patents,formal-10862002,3774768,16518948,4.376149209699775,e2e,shared_b32_accurate_nozero,85.49797534945,85.12479066852501,85.954129695925,10,0.9567071801943693,1.636394691086682,35.2510213852,13.75555992125,36.46099567415,2.77393811321e-05,1.00952148438,0.000526387467861,2.15379085525e-05
cit-Patents,formal-10862002,3774768,16518948,4.376149209699775,e2e,shared_b64_fast_nozero,80.57713508605,80.473244190225,80.73329925534999,10,1.015133223854978,1.7363292056870583,33.51652622225,13.6765241623,33.3845615387,0.00572032545956,244.21484375,0.354171461939,0.00521026749134
cit-Patents,formal-10862002,3774768,16518948,4.376149209699775,e2e,shared_b64_accurate_nozero,85.88993549345,85.8404636383,86.22056245805001,10,0.9523412311229159,1.62892697679543,36.0759496689,13.7228965759,36.1740589142,2.98211088143e-05,1.10583496094,0.000567734753793,2.35927344108e-05
cit-Patents,formal-10862002,3774768,16518948,4.376149209699775,e2e,shared_bfull_fast_nozero,80.6670188904,80.590784549725,80.72108030320001,10,1.0140021043796676,1.7343944884165068,33.59246253965,13.6790275574,33.41448307035,0.00576507344627,255.27734375,0.354582922336,0.00544628338308
cit-Patents,formal-10862002,3774768,16518948,4.376149209699775,e2e,shared_bfull_accurate_nozero,85.96754074095,85.87074279787501,86.03817224504999,10,0.951481526677392,1.6274564999142247,36.126613616949996,13.66543769835,36.15403175355,3.05084932019e-05,1.08935546875,0.000575971332464,2.32411482373e-05
cit-Patents,formal-10862002,3774768,16518948,4.376149209699775,e2e,mkl_fp32,139.9084329605,139.81097936625,140.40291309325,10,0.5846432926026226,1.0,65.5620098114,6.98709487915,67.31593608855,0.0102818762836,440.9375,0.652961212018,0.00940730009154
roadNet-CA,formal-10862002,1971281,5533214,2.806912865289119,kernel,mkl_bf16_inputs,24.766921997049998,24.726331233975,24.887442588825,10,0.552974586062058,1.0049720831746742,,,,0,0,0,0
roadNet-CA,formal-10862002,1971281,5533214,2.806912865289119,kernel,original,98.34945201875,95.54558992385,102.2807359695,10,0.13925322569910203,0.25307782282767366,,,,1.25980526789e-07,1.90734863281e-05,4.84624116801e-07,3.73423982752e-07
roadNet-CA,formal-10862002,1971281,5533214,2.806912865289119,kernel,original_nozero,13.695478439350001,13.686716556575,13.705611228950001,10,1.0,1.817392893824402,,,,1.25980526789e-07,1.90734863281e-05,4.84624116801e-07,3.73423982752e-07
roadNet-CA,formal-10862002,1971281,5533214,2.806912865289119,kernel,shared_b2_fast_nozero,16.00992679595,15.956580638875,16.0408616066,10,0.8554366683809272,1.5546645222323185,,,,0.00208867053438,0.107414245605,0.00938140642417,0.00210297450127
roadNet-CA,formal-10862002,1971281,5533214,2.806912865289119,kernel,shared_b2_accurate_nozero,18.523454666150002,18.506288528474997,18.599450588225,10,0.7393587581898151,1.3437053531210041,,,,1.27820736708e-07,2.09808349609e-05,4.86988532074e-07,4.10766381027e-07
roadNet-CA,formal-10862002,1971281,5533214,2.806912865289119,kernel,shared_b4_fast_nozero,13.31794261935,13.29398155215,13.35972547535,10,1.028347908591487,1.868912181453354,,,,0.00275499143825,0.136161804199,0.0123791959718,0.00266579912807
roadNet-CA,formal-10862002,1971281,5533214,2.806912865289119,kernel,shared_b4_accurate_nozero,14.6619081497,14.620721340200001,14.745891094224998,10,0.9340856796753447,1.6976006764651081,,,,1.2231643105e-07,2.28881835938e-05,4.60125751676e-07,4.48108779302e-07
roadNet-CA,formal-10862002,1971281,5533214,2.806912865289119,kernel,shared_b8_fast_nozero,13.332962989799999,13.304591178875,13.372957706425,10,1.0271894139230218,1.866806741475352,,,,0.00275997634335,0.150917053223,0.0123967895263,0.00295467992113
roadNet-CA,formal-10862002,1971281,5533214,2.806912865289119,kernel,shared_b8_accurate_nozero,14.69945907595,14.667809009525,14.735937118525,10,0.9316994842182577,1.693264021798122,,,,1.22541866241e-07,6.48498535156e-05,4.59855973546e-07,1.26964154136e-06
roadNet-CA,formal-10862002,1971281,5533214,2.806912865289119,kernel,shared_b16_fast_nozero,13.3090019226,13.277351856225,13.381183147425,10,1.0290387302517197,1.8701676758295611,,,,0.00275997545932,0.150917053223,0.0123967888291,0.00295467992113
roadNet-CA,formal-10862002,1971281,5533214,2.806912865289119,kernel,shared_b16_accurate_nozero,14.74153995515,14.689147472375,14.751434326150001,10,0.9290398751431289,1.688430467164632,,,,1.22541627733e-07,6.48498535156e-05,4.59855513532e-07,1.26964154136e-06
roadNet-CA,formal-10862002,1971281,5533214,2.806912865289119,kernel,shared_b32_fast_nozero,13.29851150515,13.280928134949999,13.31514120105,10,1.0298504786829918,1.871642941660128,,,,0.00275997545932,0.150917053223,0.0123967888291,0.00295467992113
roadNet-CA,formal-10862002,1971281,5533214,2.806912865289119,kernel,shared_b32_accurate_nozero,14.82045650485,14.744699001325001,14.90020751955,10,0.9240928870759245,1.6794398462054605,,,,1.22541627733e-07,6.48498535156e-05,4.59855513532e-07,1.26964154136e-06
roadNet-CA,formal-10862002,1971281,5533214,2.806912865289119,kernel,shared_b64_fast_nozero,13.5260820389,13.446807861299998,13.603925704975,10,1.0125236857179212,1.8401533512526418,,,,0.00275997545932,0.150917053223,0.0123967888291,0.00295467992113
roadNet-CA,formal-10862002,1971281,5533214,2.806912865289119,kernel,shared_b64_accurate_nozero,14.960646629300001,14.759302139275,15.006959438300001,10,0.9154335891155798,1.6637024996268222,,,,1.22541627733e-07,6.48498535156e-05,4.59855513532e-07,1.26964154136e-06
roadNet-CA,formal-10862002,1971281,5533214,2.806912865289119,kernel,shared_bfull_fast_nozero,13.8040781021,13.3957862854,13.883233070400001,10,0.9921327840985282,1.8030950715508849,,,,0.00275997545932,0.150917053223,0.0123967888291,0.00295467992113
roadNet-CA,formal-10862002,1971281,5533214,2.806912865289119,kernel,shared_bfull_accurate_nozero,15.13504981995,14.749586582175,15.300512313825001,10,0.9048849261994201,1.6445314346036444,,,,1.22541627733e-07,6.48498535156e-05,4.59855513532e-07,1.26964154136e-06
roadNet-CA,formal-10862002,1971281,5533214,2.806912865289119,kernel,mkl_fp32,24.8900651932,24.7890949249,24.939775466950003,10,0.5502387532151432,1.0,,,,0.0053176823125,0.257820129395,0.0259861912424,0.00504764665966
roadNet-CA,formal-10862002,1971281,5533214,2.806912865289119,e2e,mkl_bf16_inputs,60.74261665345,60.614287853225,61.034798622124995,10,0.5782186495427365,0.8765822909026063,24.93107318875,10.77044010165,25.0384807587,0,0,0,0
roadNet-CA,formal-10862002,1971281,5533214,2.806912865289119,e2e,original,207.358956337,199.13059473024998,209.77705717099997,10,0.1693802591963708,0.2567812984888133,105.1260232925,7.1971416473400005,93.9359664917,1.50170010781e-05,0.125022888184,5.1839097615e-05,0.000165911669182
roadNet-CA,formal-10862002,1971281,5533214,2.806912865289119,e2e,original_nozero,35.122513771049995,35.109281539899996,35.307288169875,10,1.0,1.5160048739275704,13.7095451355,7.16495513916,14.245510101299999,1.50170010781e-05,0.125022888184,5.1839097615e-05,0.000165911669182
roadNet-CA,formal-10862002,1971281,5533214,2.806912865289119,e2e,shared_b2_fast_nozero,40.030002594,39.795875549325,40.285468101525,10,0.8774047338261832,1.3301498528876163,16.27695560455,7.22861289978,16.533493995649998,0.00354941024625,2.97991943359,0.194122760779,0.00395450316689
roadNet-CA,formal-10862002,1971281,5533214,2.806912865289119,e2e,shared_b2_accurate_nozero,45.277476310750004,45.002698898300004,45.474112033825,10,0.7757171254421491,1.1759909429593827,18.83888244625,7.20798969269,19.08910274505,1.51123323884e-05,0.231937408447,5.16895793085e-05,0.000307792622138
roadNet-CA,formal-10862002,1971281,5533214,2.806912865289119,e2e,shared_b4_fast_nozero,34.9304676056,34.736394882175,35.200476646425,10,1.0054979557565158,1.5243398016510865,13.5408639908,7.256507873535,14.0240192413,0.00509138546101,3.61962890625,0.277083514404,0.00480342985497
roadNet-CA,formal-10862002,1971281,5533214,2.806912865289119,e2e,shared_b4_accurate_nozero,37.69540786745,37.6441478729,38.037955760950005,10,0.9317451583108695,1.412530201257694,15.008568763700001,7.246017456055,15.4324769974,1.51898459849e-05,0.125106811523,5.66221644576e-05,0.000166023039681
roadNet-CA,formal-10862002,1971281,5533214,2.806912865289119,e2e,shared_b8_fast_nozero,35.001039505,34.8247885704,35.25018692015,10,1.0034705902386882,1.5212663056448272,13.7023925781,7.2190761566149995,14.067530632,0.00511208722394,4.18347167969,0.277912227465,0.00555167761229
roadNet-CA,formal-10862002,1971281,5533214,2.806912865289119,e2e,shared_b8_accurate_nozero,37.766456604,37.542939186075,38.289070129375,10,0.9299922981741958,1.4098728567471832,15.0564908981,7.25746154785,15.4584646225,1.51364167962e-05,0.125106811523,5.67026602605e-05,0.000166023039681
roadNet-CA,formal-10862002,1971281,5533214,2.806912865289119,e2e,shared_b16_fast_nozero,35.0915193558,35.036563873300004,35.609126091,10,1.0008832451777232,1.517343877921872,13.6231184006,7.26568698883,14.152050018299999,0.00511208944578,4.18347167969,0.277912240566,0.00555167761229
roadNet-CA,formal-10862002,1971281,5533214,2.806912865289119,e2e,shared_b16_accurate_nozero,37.76943683625,37.5518798828,37.870526313775,10,0.929918916274135,1.4097616094290328,15.1324272156,7.229924201965,15.384554863000002,1.51364162808e-05,0.125106811523,5.67025741427e-05,0.000166023039681
roadNet-CA,formal-10862002,1971281,5533214,2.806912865289119,e2e,shared_b32_fast_nozero,34.91806983945,34.799933433525,35.344779491425,10,1.0058549608423377,1.5248810231012095,13.6229991913,7.25793838501,14.122962951649999,0.00511208944578,4.18347167969,0.277912240566,0.00555167761229
roadNet-CA,formal-10862002,1971281,5533214,2.806912865289119,e2e,shared_b32_accurate_nozero,37.8118753433,37.549018859875,37.933826446575,10,0.9288752132013325,1.408179350483731,15.09034633635,7.227540016175,15.4535770416,1.51364162808e-05,0.125106811523,5.67025741427e-05,0.000166023039681
roadNet-CA,formal-10862002,1971281,5533214,2.806912865289119,e2e,shared_b64_fast_nozero,35.2569818497,35.006105899825,35.342037677775,10,0.9961860581480503,1.5102229194911383,13.738036155700001,7.23350048065,14.218449592599999,0.00511208944578,4.18347167969,0.277912240566,0.00555167761229
roadNet-CA,formal-10862002,1971281,5533214,2.806912865289119,e2e,shared_b64_accurate_nozero,37.98949718475,37.786066532149995,38.0583405495,10,0.9245322095273509,1.4015953357464899,15.15209674835,7.232904434205,15.5225992203,1.51364162808e-05,0.125106811523,5.67025741427e-05,0.000166023039681
roadNet-CA,formal-10862002,1971281,5533214,2.806912865289119,e2e,shared_bfull_fast_nozero,35.566568374650004,35.115838050875,35.698771476750004,10,0.987514831374159,1.4970772974389879,13.829469680799999,7.21895694733,14.2990350723,0.00511208944578,4.18347167969,0.277912240566,0.00555167761229
roadNet-CA,formal-10862002,1971281,5533214,2.806912865289119,e2e,shared_bfull_accurate_nozero,37.89401054385,37.8318428993,38.839638233200006,10,0.9268618778264998,1.405127124242634,15.1520967484,7.240891456605,15.4933929443,1.51364162808e-05,0.125106811523,5.67025741427e-05,0.000166023039681
roadNet-CA,formal-10862002,1971281,5533214,2.806912865289119,e2e,mkl_fp32,53.245902061500004,53.21151018145,53.325116634349996,10,0.6596284861599836,1.0,24.9639749527,3.4760236740100003,24.90603923795,0.0105355563222,7.92712402344,0.586615402187,0.0105196928151
road_usa,formal-10862162,23947347,57708624,2.4098128281182882,kernel,mkl_bf16_inputs,368.3845996855,367.71851778049995,370.09721994424996,10,0.47597948893275005,1.034393188348038,,,,0,0,0,0
road_usa,formal-10862162,23947347,57708624,2.4098128281182882,kernel,original,1160.7743501700002,1156.768739225,1168.6192750925002,10,0.15105736395994643,0.3282761378653767,,,,1.18606532168e-07,1.90734863281e-05,4.1639020047e-07,4.02548680614e-07
road_usa,formal-10862162,23947347,57708624,2.4098128281182882,kernel,original_nozero,175.343513489,175.3010153775,175.4302978515,10,1.0,2.1731885772375894,,,,1.18606532168e-07,1.90734863281e-05,4.1639020047e-07,4.02548680614e-07
road_usa,formal-10862162,23947347,57708624,2.4098128281182882,kernel,shared_b2_fast_nozero,198.90356063849998,198.80956411375,199.0216970445,10,0.8815504002348178,1.915775260049531,,,,0.00207655625787,0.12162399292,0.00858197192792,0.00256689191681
road_usa,formal-10862162,23947347,57708624,2.4098128281182882,kernel,shared_b2_accurate_nozero,224.886417389,224.69687461875003,225.23766756075,10,0.7796981050469466,1.6944310155818183,,,,1.20617840445e-07,2.28881835938e-05,4.18798318909e-07,4.83058416737e-07
road_usa,formal-10862162,23947347,57708624,2.4098128281182882,kernel,shared_b4_fast_nozero,176.8300533295,176.706254482,177.1394610405,10,0.9915933982232645,2.1549194462830026,,,,0.00261895786964,0.160354614258,0.0106889635787,0.00338430726766
road_usa,formal-10862162,23947347,57708624,2.4098128281182882,kernel,shared_b4_accurate_nozero,192.1430826185,191.88803434349998,192.464530468,10,0.9125674008111158,1.9831810514021135,,,,1.16689147266e-07,2.28881835938e-05,4.02154572947e-07,4.83058416737e-07
road_usa,formal-10862162,23947347,57708624,2.4098128281182882,kernel,shared_b8_fast_nozero,177.822470665,177.3371100425,179.36295270924998,10,0.986059370524268,2.1428929605014266,,,,0.00262009104038,0.153476715088,0.0106922775759,0.00323914821343
road_usa,formal-10862162,23947347,57708624,2.4098128281182882,kernel,shared_b8_accurate_nozero,195.2480077745,194.2647695545,197.61741161325,10,0.8980553271074165,1.9516435785972044,,,,1.16698421466e-07,6.19888305664e-05,4.02099796988e-07,1.308283212e-06
road_usa,formal-10862162,23947347,57708624,2.4098128281182882,kernel,shared_b16_fast_nozero,182.49547481500002,182.13373422625,183.2432746885,10,0.9608101990843876,2.088021749543565,,,,0.00262009093352,0.153476715088,0.0106922772888,0.00323914821343
road_usa,formal-10862162,23947347,57708624,2.4098128281182882,kernel,shared_b16_accurate_nozero,197.67856597899998,197.57711887325,197.77536392174997,10,0.8870132814886329,1.9276471311891274,,,,1.16691341346e-07,6.19888305664e-05,4.02098490554e-07,1.308283212e-06
road_usa,formal-10862162,23947347,57708624,2.4098128281182882,kernel,shared_b32_fast_nozero,182.4140548705,182.33394622825,182.5907230375,10,0.9612390537202874,2.0889537315395983,,,,0.00262009093352,0.153476715088,0.0106922772888,0.00323914821343
road_usa,formal-10862162,23947347,57708624,2.4098128281182882,kernel,shared_b32_accurate_nozero,197.3558664325,197.1670389175,197.6907253265,10,0.8884636502506568,1.93079905601554,,,,1.16691341346e-07,6.19888305664e-05,4.02098490554e-07,1.308283212e-06
road_usa,formal-10862162,23947347,57708624,2.4098128281182882,kernel,shared_b64_fast_nozero,182.3534965515,181.83416128125,182.38776922200003,10,0.961558274477505,2.0896474584428004,,,,0.00262009093352,0.153476715088,0.0106922772888,0.00323914821343
road_usa,formal-10862162,23947347,57708624,2.4098128281182882,kernel,shared_b64_accurate_nozero,197.5280046465,197.23331928275002,197.72493839225,10,0.8876893876531493,1.9291164373828544,,,,1.16691341346e-07,6.19888305664e-05,4.02098490554e-07,1.308283212e-06
road_usa,formal-10862162,23947347,57708624,2.4098128281182882,kernel,shared_bfull_fast_nozero,182.5623512265,182.34264850649998,182.7000379565,10,0.9604582341923074,2.087256863460508,,,,0.00262009093352,0.153476715088,0.0106922772888,0.00323914821343
road_usa,formal-10862162,23947347,57708624,2.4098128281182882,kernel,shared_bfull_accurate_nozero,197.57688045499998,197.34251499175,198.26889038075,10,0.8874697944678611,1.928639219980947,,,,1.16691341346e-07,6.19888305664e-05,4.02098490554e-07,1.308283212e-06
road_usa,formal-10862162,23947347,57708624,2.4098128281182882,kernel,mkl_fp32,381.054520607,380.6285262105,382.0163607595,10,0.46015334816048614,1.0,,,,0.00530862942463,0.254978179932,0.0242399806257,0.00538135127219
road_usa,formal-10862162,23947347,57708624,2.4098128281182882,e2e,mkl_bf16_inputs,928.2364845275,926.96851491975,932.11716413475,10,0.4925985781751003,0.8908959377969811,384.38308238950003,175.9563684465,366.89150333400005,0,0,0,0
road_usa,formal-10862162,23947347,57708624,2.4098128281182882,e2e,original,2435.4925155600004,2410.867512225,2439.2015934,10,0.1877435342409022,0.339546152614784,1163.233041765,134.39702987700002,1140.05756378,1.50428061984e-05,0.146987915039,4.07377477285e-05,0.000212411518354
road_usa,formal-10862162,23947347,57708624,2.4098128281182882,e2e,original_nozero,457.24797248849995,456.29686117175004,487.546801567,10,1.0,1.8085637621964492,178.612589836,101.1488437655,176.65803432500002,1.50428061984e-05,0.146987915039,4.07377477285e-05,0.000212411518354
road_usa,formal-10862162,23947347,57708624,2.4098128281182882,e2e,shared_b2_fast_nozero,513.8459205629999,510.29592752450003,541.77045822175,10,0.8898542426638555,1.6093581369186145,205.49595356,103.770494461,203.948497772,0.0034968528707,2.91812133789,0.168455945054,0.00421696289764
road_usa,formal-10862162,23947347,57708624,2.4098128281182882,e2e,shared_b2_accurate_nozero,571.8896389004999,568.35877895375,574.067950249,10,0.7995388294979308,1.446016953498923,230.826020241,100.973010063,237.49351501450002,1.52282734277e-05,0.125030517578,4.08865400101e-05,0.00018068099049
road_usa,formal-10862162,23947347,57708624,2.4098128281182882,e2e,shared_b4_fast_nozero,478.964447975,474.93606805800005,480.26102781299994,10,0.9546595251937497,1.726562622501084,184.2470169065,102.79345512399999,190.21213054650002,0.00482066795958,3.92938232422,0.227592730681,0.0056783312115
road_usa,formal-10862162,23947347,57708624,2.4098128281182882,e2e,shared_b4_accurate_nozero,507.89248943300004,507.392466068,508.67897272150003,10,0.9002849658181823,1.6282227648290335,204.3199539185,100.7999181745,202.0695209505,1.50133848462e-05,0.184082984924,4.25156826839e-05,0.000266017422728
road_usa,formal-10862162,23947347,57708624,2.4098128281182882,e2e,shared_b8_fast_nozero,480.3150892255,478.71953249,481.14365339249997,10,0.9519750321102853,1.7217075455904634,188.250899315,102.4199724195,188.90202045450002,0.00482571498688,3.92938232422,0.227756156128,0.0056783312115
road_usa,formal-10862162,23947347,57708624,2.4098128281182882,e2e,shared_b8_accurate_nozero,507.540464401,507.02047347999996,508.643746376,10,0.900909394540876,1.629352083988972,204.02002334600002,100.896477699,202.0074129105,1.50220710827e-05,0.184082984924,4.25615421672e-05,0.000266017422728
road_usa,formal-10862162,23947347,57708624,2.4098128281182882,e2e,shared_b16_fast_nozero,479.922533035,478.88225317025,480.78453540775,10,0.9527537071387177,1.7231158290294133,188.775062561,102.22196579,189.25309181199998,0.00482571522047,3.92938232422,0.227756152518,0.0056783312115
road_usa,formal-10862162,23947347,57708624,2.4098128281182882,e2e,shared_b16_accurate_nozero,507.25543499,507.0115923885,507.3189735415,10,0.9014156201155619,1.630267625218846,204.092025757,100.532531738,201.9900083545,1.50220710553e-05,0.184082984924,4.25615358726e-05,0.000266017422728
road_usa,formal-10862162,23947347,57708624,2.4098128281182882,e2e,shared_b32_fast_nozero,481.326460838,479.53867912325,481.935977936,10,0.9499747254543645,1.7180898634592843,188.825964928,102.8685569765,189.5394325255,0.00482571522047,3.92938232422,0.227756152518,0.0056783312115
road_usa,formal-10862162,23947347,57708624,2.4098128281182882,e2e,shared_b32_accurate_nozero,507.683515549,507.1388483045,508.27473402000004,10,0.9006555432355137,1.6288929777171075,203.7724256515,100.82352161450001,202.74746418,1.50220710553e-05,0.184082984924,4.25615358726e-05,0.000266017422728
road_usa,formal-10862162,23947347,57708624,2.4098128281182882,e2e,shared_b64_fast_nozero,479.31694984399996,479.1204333305,479.59673404675004,10,0.9539574443117802,1.7252928644598229,188.3908510205,101.99654102299999,189.6624565125,0.00482571522047,3.92938232422,0.227756152518,0.0056783312115
road_usa,formal-10862162,23947347,57708624,2.4098128281182882,e2e,shared_b64_accurate_nozero,507.4150562285,506.57385587699997,508.608877659,10,0.9011320552589028,1.6297547800948597,204.3414115905,100.7990837095,202.223420143,1.50220710553e-05,0.184082984924,4.25615358726e-05,0.000266017422728
road_usa,formal-10862162,23947347,57708624,2.4098128281182882,e2e,shared_bfull_fast_nozero,480.48305511449996,479.620695114,482.50108957275,10,0.9516422434075994,1.7211056760023171,188.66860866500002,102.721095085,189.7766590115,0.00482571522047,3.92938232422,0.227756152518,0.0056783312115
road_usa,formal-10862162,23947347,57708624,2.4098128281182882,e2e,shared_bfull_accurate_nozero,506.7995786665,506.48242235175,507.53170251825,10,0.9022264258617162,1.631734019109521,204.5170068745,100.625038147,202.0676136015,1.50220710553e-05,0.184082984924,4.25615358726e-05,0.000266017422728
road_usa,formal-10862162,23947347,57708624,2.4098128281182882,e2e,mkl_fp32,826.9621133805,824.0919113157499,828.85026931725,10,0.5529249346373768,1.0,412.868022919,52.72805690765,360.32652854900005,0.0105898817406,8.17822265625,0.518842685384,0.0118183096303
wiki-Talk,formal-10862002,2394385,5021410,2.0971606487678462,kernel,mkl_bf16_inputs,36.4520549774,36.36068105695,36.4683866501,10,1.441909595724772,0.9927693585625442,,,,0,0,0,0
wiki-Talk,formal-10862002,2394385,5021410,2.0971606487678462,kernel,original,149.612545967,149.21849966025,150.1821279525,10,0.351311232063341,0.24188134092833422,,,,3.92257638947e-06,0.13818359375,2.3831051915e-07,1.42734078846e-05
wiki-Talk,formal-10862002,2394385,5021410,2.0971606487678462,kernel,original_nozero,52.5605678558,52.04689502714999,53.18373441695,10,1.0,0.6885101267833171,,,,3.92257638947e-06,0.13818359375,2.3831051915e-07,1.42734078846e-05
wiki-Talk,formal-10862002,2394385,5021410,2.0971606487678462,kernel,shared_b2_fast_nozero,74.6499300003,73.87566566465,76.01356506345,10,0.7040940005648869,0.48477584959630327,,,,0.00216367358329,16.693359375,0.000890393574673,0.00172430837017
wiki-Talk,formal-10862002,2394385,5021410,2.0971606487678462,kernel,shared_b2_accurate_nozero,106.546998024,103.93941402425,106.79316520725,10,0.493308763555784,0.33964807933911423,,,,4.47684480542e-06,0.134765625,2.39688999513e-07,1.39203553927e-05
wiki-Talk,formal-10862002,2394385,5021410,2.0971606487678462,kernel,shared_b4_fast_nozero,47.8974580765,46.732306480450006,48.222184181224996,10,1.0973561012747746,0.7555407884151415,,,,0.00281943946294,24.3095703125,0.00110793446463,0.00251101019414
wiki-Talk,formal-10862002,2394385,5021410,2.0971606487678462,kernel,shared_b4_accurate_nozero,61.16449832915,60.615599155425,62.2591972351,10,0.8593312998816912,0.5916583022304159,,,,2.65819490757e-06,0.0966796875,1.7972119747e-07,9.98634191217e-06
wiki-Talk,formal-10862002,2394385,5021410,2.0971606487678462,kernel,shared_b8_fast_nozero,32.088518142699996,31.183123588525,32.25660324100001,10,1.6379867596895343,1.127770471583236,,,,0.00299988558358,25.7607421875,0.00116851184203,0.00266090619496
wiki-Talk,formal-10862002,2394385,5021410,2.0971606487678462,kernel,shared_b8_accurate_nozero,39.1445159912,38.508236408225,40.13347625735,10,1.3427313258290392,0.9244841153824832,,,,2.32257244842e-06,0.099609375,2.04566036498e-07,1.02889583338e-05
wiki-Talk,formal-10862002,2394385,5021410,2.0971606487678462,kernel,shared_b16_fast_nozero,24.6249437332,24.266302585625,25.1784324646,10,2.134444180878938,1.4695864335888709,,,,0.00310870984953,29.94921875,0.00119987856871,0.00309354680568
wiki-Talk,formal-10862002,2394385,5021410,2.0971606487678462,kernel,shared_b16_accurate_nozero,28.42593193055,27.47058868405,29.146254062675002,10,1.849035872745194,1.273079923170695,,,,2.1379732029e-06,0.046875,4.98521034056e-07,4.8418627453e-06
wiki-Talk,formal-10862002,2394385,5021410,2.0971606487678462,kernel,shared_b32_fast_nozero,20.9906101227,20.807564258575,21.2901830673,10,2.5040038163997487,1.7240319850953008,,,,0.00312547592541,29.4306640625,0.00120453756706,0.00303998369906
wiki-Talk,formal-10862002,2394385,5021410,2.0971606487678462,kernel,shared_b32_accurate_nozero,21.90601825715,21.787345409375,22.72993326185,10,2.399366568529383,1.6519881802978178,,,,3.16189658566e-06,0.02734375,9.01699701792e-07,2.82441993476e-06
wiki-Talk,formal-10862002,2394385,5021410,2.0971606487678462,kernel,shared_b64_fast_nozero,19.70207691195,19.18613910675,20.23291587825,10,2.6677678749655156,1.8367851978209675,,,,0.00311752830107,26.001953125,0.00120810918402,0.00268582161367
wiki-Talk,formal-10862002,2394385,5021410,2.0971606487678462,kernel,shared_b64_accurate_nozero,20.586967468250002,20.1232433319,20.79498767855,10,2.553099087413476,1.7578345763654237,,,,4.81548884717e-06,0.0498046875,1.31261600333e-06,5.14447916688e-06
wiki-Talk,formal-10862002,2394385,5021410,2.0971606487678462,kernel,shared_bfull_fast_nozero,18.33999156955,17.959058284725,18.741190433475,10,2.8658992375474495,1.9732006473920063,,,,0.00326127281116,26.7998046875,0.00121600105264,0.00276823415248
wiki-Talk,formal-10862002,2394385,5021410,2.0971606487678462,kernel,shared_bfull_accurate_nozero,19.1979408264,18.86332035065,19.509494304675,10,2.737823203596996,1.8850190010188748,,,,8.76321488298e-06,0.0927734375,1.87624240711e-06,9.58285335006e-06
wiki-Talk,formal-10862002,2394385,5021410,2.0971606487678462,kernel,mkl_fp32,36.1884832382,36.17930412290001,36.225974559775,10,1.452411462227792,1.0,,,,0.00473216999979,27.8481445312,0.00255154068819,0.00287652039534
wiki-Talk,formal-10862002,2394385,5021410,2.0971606487678462,e2e,mkl_bf16_inputs,86.02750301365,85.913836956,86.147069931,10,1.3111116038100434,0.8835198731792778,36.69798374175,12.90297508235,36.3435745239,0,0,0,0
wiki-Talk,formal-10862002,2394385,5021410,2.0971606487678462,e2e,original,305.1354885105,304.11928892125,305.584311485,10,0.3696445077515745,0.2490926536391211,148.052573204,8.65197181702,147.5850343705,9.82399409291e-06,51.625,0.00144493618887,1.14425491495e-05
wiki-Talk,formal-10862002,2394385,5021410,2.0971606487678462,e2e,original_nozero,112.791657448,112.32358217225001,113.26187849075001,10,1.0,0.673870836480892,52.48296260835,8.614420890809999,51.52797698975,9.82399409291e-06,51.625,0.00144493618887,1.14425491495e-05
wiki-Talk,formal-10862002,2394385,5021410,2.0971606487678462,e2e,shared_b2_fast_nozero,160.534143448,158.14679861075,163.01500797299997,10,0.7026022939757691,0.4734631955548451,76.76291465759999,8.604526519775,74.62549209595,0.00309127682068,13369.5,0.55060007913,0.00296331546449
wiki-Talk,formal-10862002,2394385,5021410,2.0971606487678462,e2e,shared_b2_accurate_nozero,219.15352344500002,217.739760876,222.0685482025,10,0.5146696054663562,0.3468208375469041,105.9699058535,8.618116378785,104.39598560350001,1.20107654148e-05,117.5,0.0019900812481,2.60435743354e-05
wiki-Talk,formal-10862002,2394385,5021410,2.0971606487678462,e2e,shared_b4_fast_nozero,104.987025261,104.14844751375,105.27777671774999,10,1.0743390163460438,0.7239657316091673,48.704504966749994,8.631467819215,47.41156101225,0.00473425320833,20987,0.794682862774,0.00465171484746
wiki-Talk,formal-10862002,2394385,5021410,2.0971606487678462,e2e,shared_b4_accurate_nozero,133.3494186405,132.02846050225003,135.3403925895,10,0.8458353894446126,0.5699838014101821,63.244581222549996,8.617877960205,62.25597858425,7.86267683063e-06,36.5,0.00115387403721,8.09013160206e-06
wiki-Talk,formal-10862002,2394385,5021410,2.0971606487678462,e2e,shared_b8_fast_nozero,74.53441619875,74.32252168654999,74.9752521515,10,1.5132828993687295,1.0197572132298354,32.69588947295,8.64601135254,33.079504966749994,0.00531904337417,23539.5,0.876567512514,0.00521746994101
wiki-Talk,formal-10862002,2394385,5021410,2.0971606487678462,e2e,shared_b8_accurate_nozero,87.89491653445,87.172687053675,88.35375308992501,10,1.2832557546578,0.8647486288101701,40.103435516350004,8.612513542175,39.3553972244,9.96472097443e-06,30,0.00155161660105,6.64942323457e-06
wiki-Talk,formal-10862002,2394385,5021410,2.0971606487678462,e2e,shared_b16_fast_nozero,58.69603157045,58.3510994911,59.58914756775,10,1.9216232244359082,1.2949258496517342,24.517059326149997,8.630514144895,25.371551513649997,0.00556677170691,24704.5,0.912280499677,0.00547568920995
wiki-Talk,formal-10862002,2394385,5021410,2.0971606487678462,e2e,shared_b16_accurate_nozero,67.3440694809,66.4628148079,68.25906038285001,10,1.6748565733763647,1.1286370000866512,29.541015625,8.651375770569999,28.6536216736,9.94850793601e-06,23,0.00196143153272,5.0978911465e-06
wiki-Talk,formal-10862002,2394385,5021410,2.0971606487678462,e2e,shared_b32_fast_nozero,52.5156259537,51.841199398025,53.052663803099996,10,2.1477732655694117,1.4473217670405563,21.85702323915,8.617043495179999,21.94488048555,0.0055928780853,24879.5,0.918301220691,0.00551447751215
wiki-Talk,formal-10862002,2394385,5021410,2.0971606487678462,e2e,shared_b32_accurate_nozero,55.8611154556,54.584026336674995,56.8222403526,10,2.019144382063942,1.3606425137171225,23.4971046448,8.671879768370001,24.030566215500002,1.72276247942e-05,30,0.00372956148294,6.64942323457e-06
wiki-Talk,formal-10862002,2394385,5021410,2.0971606487678462,e2e,shared_b64_fast_nozero,49.87859725955,48.66325855255,51.12296342845,10,2.261323767007188,1.5238401384272553,20.49255371095,8.638024330139999,20.5606222153,0.00565669797953,25217,0.929668358385,0.00558928352354
wiki-Talk,formal-10862002,2394385,5021410,2.0971606487678462,e2e,shared_b64_accurate_nozero,51.30195617675,50.14669895175,51.84704065325,10,2.1985839498868285,1.4815616053837009,20.5389261246,8.630990982055,21.5619802475,1.70725780144e-05,49.5,0.00380611628476,1.0971548337e-05
wiki-Talk,formal-10862002,2394385,5021410,2.0971606487678462,e2e,shared_bfull_fast_nozero,48.51496219635,47.644436359425,49.198567867275,10,2.3248839603648257,1.5666714990920543,19.900560379,8.62455368042,19.734025001550002,0.00581783318709,27231.5,0.940858563953,0.00603579229374
wiki-Talk,formal-10862002,2394385,5021410,2.0971606487678462,e2e,shared_bfull_accurate_nozero,48.75349998475,48.123002052325,49.244523048424995,10,2.3135089272212457,1.559006195992592,20.1154947281,8.620500564575,20.1915502548,3.08136994645e-05,56.75,0.00737433443811,1.25784922854e-05
wiki-Talk,formal-10862002,2394385,5021410,2.0971606487678462,e2e,mkl_fp32,76.00700855254999,75.98364353177502,76.050460338625,10,1.483963908012742,1.0,36.4114046097,3.583550453185,35.995960235599995,0.00951008824009,44445,1.59710721669,0.00985112052202
