graph,method,boundary,reference,max_abs,mean_abs,relative_L2,normalized_max,gate,pass
ogbn-products,paper_tfs,kernel_FP32,paper_tfs,0,0,0,0,0.01,1
ogbn-products,paper_tfs,e2e_FP32_final,paper_tfs,0,0,0,0,0.01,1
ogbn-products,paper_tfs,e2e_BF16_final,paper_tfs,0,0,0,0,0.02,1
ogbn-products,paper_tfs,e2e_BF16_final,source_MKL_FP32,87793.5,79.6746653957,0.0127954883771,0.0135534967021,0.03,1
ogbn-products,b2_fast,kernel_FP32,paper_tfs,4.34497070312,0.0408930255324,0.00236465143425,0.00169717859436,0.01,1
ogbn-products,b2_fast,e2e_FP32_final,paper_tfs,18154,20.0575557708,0.00310702299051,0.00283234518228,0.01,1
ogbn-products,b2_fast,e2e_BF16_final,paper_tfs,32768,20.0001204314,0.00415452674466,0.00512820512821,0.02,1
ogbn-products,b2_fast,e2e_BF16_final,source_MKL_FP32,94784.5,98.7859317701,0.0157633195792,0.0146327621995,0.03,1
ogbn-products,b2_accurate,kernel_FP32,paper_tfs,0.027587890625,6.84110817377e-06,8.08705499231e-07,1.07760398473e-05,0.001,1
ogbn-products,b2_accurate,e2e_FP32_final,paper_tfs,75.5,0.0427110024427,9.92555860841e-06,1.17793357531e-05,0.001,1
ogbn-products,b2_accurate,e2e_BF16_final,paper_tfs,4096,0.0427699490264,0.000147435537129,0.000641025641026,0.01,1
ogbn-products,b2_accurate,e2e_BF16_final,source_MKL_FP32,87793.5,79.6750513348,0.0127955610393,0.0135534967021,0.03,1
ogbn-products,b4_fast,kernel_FP32,paper_tfs,8.84350585938,0.0511866378839,0.00296596375591,0.00345434063176,0.01,1
ogbn-products,b4_fast,e2e_FP32_final,paper_tfs,29068.5,29.5499986697,0.00466793230852,0.00453520028264,0.01,1
ogbn-products,b4_fast,e2e_BF16_final,paper_tfs,32768,29.4665149314,0.00521717508454,0.00512820512821,0.02,1
ogbn-products,b4_fast,e2e_BF16_final,source_MKL_FP32,120561.5,108.365934315,0.0173034866651,0.018612196719,0.03,1
ogbn-products,b4_accurate,kernel_FP32,paper_tfs,0.0196533203125,6.01317931417e-06,6.98190457573e-07,7.67673635141e-06,0.001,1
ogbn-products,b4_accurate,e2e_FP32_final,paper_tfs,40.25,0.0354791908389,8.29613237551e-06,6.27971210679e-06,0.001,1
ogbn-products,b4_accurate,e2e_BF16_final,paper_tfs,8192,0.0353255543215,0.000135520846452,0.00128205128205,0.01,1
ogbn-products,b4_accurate,e2e_BF16_final,source_MKL_FP32,87793.5,79.6744508207,0.0127955209432,0.0135534967021,0.03,1
ogbn-products,b8_fast,kernel_FP32,paper_tfs,6.0048828125,0.054311277743,0.00314836586593,0.0023455528857,0.01,1
ogbn-products,b8_fast,e2e_FP32_final,paper_tfs,33691,33.3991320461,0.0053095238088,0.00525639206435,0.01,1
ogbn-products,b8_fast,e2e_BF16_final,paper_tfs,32768,33.3046611545,0.00572809793996,0.00512820512821,0.02,1
ogbn-products,b8_fast,e2e_BF16_final,source_MKL_FP32,120561.5,112.182845433,0.0179269321382,0.018612196719,0.03,1
ogbn-products,b8_accurate,kernel_FP32,paper_tfs,0.0157470703125,8.97704397771e-06,8.59808244746e-07,6.15092539957e-06,0.001,1
ogbn-products,b8_accurate,e2e_FP32_final,paper_tfs,41.5,0.0425362262029,8.8079895277e-06,6.47473422191e-06,0.001,1
ogbn-products,b8_accurate,e2e_BF16_final,paper_tfs,8192,0.0425802627367,0.000146587413105,0.00128205128205,0.01,1
ogbn-products,b8_accurate,e2e_BF16_final,source_MKL_FP32,87793.5,79.6762318635,0.0127957479355,0.0135534967021,0.03,1
ogbn-products,b16_fast,kernel_FP32,paper_tfs,7.42700195312,0.0559806752187,0.00324918545924,0.00290104343536,0.01,1
ogbn-products,b16_fast,e2e_FP32_final,paper_tfs,35394.5,35.00345079,0.0055617926936,0.00552216820283,0.01,1
ogbn-products,b16_fast,e2e_BF16_final,paper_tfs,32768,34.905539113,0.00594938930768,0.00512820512821,0.02,1
ogbn-products,b16_fast,e2e_BF16_final,source_MKL_FP32,120561.5,113.677982839,0.0181665020434,0.018612196719,0.03,1
ogbn-products,b16_accurate,kernel_FP32,paper_tfs,0.020263671875,2.71377228472e-05,1.91365782387e-06,7.91514431263e-06,0.001,1
ogbn-products,b16_accurate,e2e_FP32_final,paper_tfs,31.25,0.0741049181739,1.190794918e-05,4.87555287795e-06,0.001,1
ogbn-products,b16_accurate,e2e_BF16_final,paper_tfs,8192,0.073873037778,0.000176664159538,0.00128205128205,0.01,1
ogbn-products,b16_accurate,e2e_BF16_final,source_MKL_FP32,87793.5,79.6810413916,0.0127966333852,0.0135534967021,0.03,1
ogbn-products,b32_fast,kernel_FP32,paper_tfs,6.69750976562,0.0562551287679,0.00326569303006,0.0026160982401,0.01,1
ogbn-products,b32_fast,e2e_FP32_final,paper_tfs,35815.5,35.6152657325,0.0056406514722,0.0055878516512,0.01,1
ogbn-products,b32_fast,e2e_BF16_final,paper_tfs,32768,35.5152106192,0.00602242585646,0.00512820512821,0.02,1
ogbn-products,b32_fast,e2e_BF16_final,source_MKL_FP32,120561.5,114.112619985,0.0182264880064,0.018612196719,0.03,1
ogbn-products,b32_accurate,kernel_FP32,paper_tfs,0.0186157226562,5.02612875554e-05,3.47614398763e-06,7.27144281733e-06,0.001,1
ogbn-products,b32_accurate,e2e_FP32_final,paper_tfs,43.25,0.112568709721,1.58186525597e-05,6.74776518308e-06,0.001,1
ogbn-products,b32_accurate,e2e_BF16_final,paper_tfs,8192,0.1122511307,0.000216177353736,0.00128205128205,0.01,1
ogbn-products,b32_accurate,e2e_BF16_final,source_MKL_FP32,87793.5,79.6954508438,0.0127985985396,0.0135534967021,0.03,1
ogbn-products,b64_fast,kernel_FP32,paper_tfs,7.42822265625,0.0565590515441,0.00328826619572,0.00290152025128,0.01,1
ogbn-products,b64_fast,e2e_FP32_final,paper_tfs,35613,36.1791278913,0.00571474087541,0.00555625806855,0.01,1
ogbn-products,b64_fast,e2e_BF16_final,paper_tfs,32768,36.0753509035,0.00609675543231,0.00512820512821,0.02,1
ogbn-products,b64_fast,e2e_BF16_final,source_MKL_FP32,120561.5,114.44889789,0.0182746867585,0.018612196719,0.03,1
ogbn-products,b64_accurate,kernel_FP32,paper_tfs,0.0191650390625,7.13322475235e-05,5.11476888201e-06,7.48600998243e-06,0.001,1
ogbn-products,b64_accurate,e2e_FP32_final,paper_tfs,52.5,0.164428158725,2.35494527034e-05,8.19092883495e-06,0.001,1
ogbn-products,b64_accurate,e2e_BF16_final,paper_tfs,8192,0.164187761917,0.000271762229989,0.00128205128205,0.01,1
ogbn-products,b64_accurate,e2e_BF16_final,source_MKL_FP32,87793.5,79.7170241606,0.0128025082557,0.0135534967021,0.03,1
ogbn-products,bfull_fast,kernel_FP32,paper_tfs,6.76220703125,0.0565733405329,0.00329457783311,0.00264136948399,0.01,1
ogbn-products,bfull_fast,e2e_FP32_final,paper_tfs,35290.5,36.7816148971,0.00588307246424,0.00550594236285,0.01,1
ogbn-products,bfull_fast,e2e_BF16_final,paper_tfs,32768,36.6786260634,0.00628402291847,0.00512820512821,0.02,1
ogbn-products,bfull_fast,e2e_BF16_final,source_MKL_FP32,120561.5,114.659691528,0.0183357711407,0.018612196719,0.03,1
ogbn-products,bfull_accurate,kernel_FP32,paper_tfs,0.023193359375,8.46767142868e-05,6.64284379022e-06,9.0595025265e-06,0.001,1
ogbn-products,bfull_accurate,e2e_FP32_final,paper_tfs,76,0.206426005442,2.85233669546e-05,1.18573445992e-05,0.001,1
ogbn-products,bfull_accurate,e2e_BF16_final,paper_tfs,8192,0.205963684931,0.000311907295423,0.00128205128205,0.01,1
ogbn-products,bfull_accurate,e2e_BF16_final,source_MKL_FP32,87793.5,79.735989207,0.0128058148152,0.0135534967021,0.03,1
reddit,paper_tfs,kernel_FP32,paper_tfs,0,0,0,0,0.01,1
reddit,paper_tfs,e2e_FP32_final,paper_tfs,0,0,0,0,0.01,1
reddit,paper_tfs,e2e_BF16_final,paper_tfs,0,0,0,0,0.02,1
reddit,paper_tfs,e2e_BF16_final,source_MKL_FP32,388622,2831.50670601,0.0120236734565,0.0118142017636,0.03,1
reddit,b2_fast,kernel_FP32,paper_tfs,5.90173339844,0.130503660416,0.00229089278649,0.00243395860332,0.01,1
reddit,b2_fast,e2e_FP32_final,paper_tfs,100342,758.683927875,0.0031856000815,0.00308018998444,0.01,1
reddit,b2_fast,e2e_BF16_final,paper_tfs,131072,756.645758524,0.0042182639579,0.00403225806452,0.02,1
reddit,b2_fast,e2e_BF16_final,source_MKL_FP32,519694,3571.75531398,0.0150898822369,0.0157988219178,0.03,1
reddit,b2_accurate,kernel_FP32,paper_tfs,0.0279541015625,6.82734739875e-05,2.19352747943e-06,1.1528668173e-05,0.001,1
reddit,b2_accurate,e2e_FP32_final,paper_tfs,742,1.33458439142,4.75501936062e-06,2.27771119617e-05,0.001,1
reddit,b2_accurate,e2e_BF16_final,paper_tfs,65536,1.31133070421,0.000130952119591,0.00201612903226,0.01,1
reddit,b2_accurate,e2e_BF16_final,source_MKL_FP32,388622,2831.45600764,0.0120234221675,0.0118142017636,0.03,1
reddit,b4_fast,kernel_FP32,paper_tfs,7.46069335938,0.165013401696,0.0029196540358,0.00307689581397,0.01,1
reddit,b4_fast,e2e_FP32_final,paper_tfs,153920,1123.92575175,0.00478035477317,0.00472486937081,0.01,1
reddit,b4_fast,e2e_BF16_final,paper_tfs,131072,1120.27921811,0.00528839478508,0.00403225806452,0.02,1
reddit,b4_fast,e2e_BF16_final,source_MKL_FP32,519694,3935.91681506,0.0166522798412,0.0157988219178,0.03,1
reddit,b4_accurate,kernel_FP32,paper_tfs,0.02734375,5.92256289124e-05,1.90359265379e-06,1.12769505273e-05,0.001,1
reddit,b4_accurate,e2e_FP32_final,paper_tfs,336,1.18874480071,4.21916859942e-06,1.03141639072e-05,0.001,1
reddit,b4_accurate,e2e_BF16_final,paper_tfs,65536,1.16791831802,0.000127300368781,0.00201612903226,0.01,1
reddit,b4_accurate,e2e_BF16_final,source_MKL_FP32,388622,2831.4529471,0.012022995372,0.0118142017636,0.03,1
reddit,b8_fast,kernel_FP32,paper_tfs,7.30444335938,0.17547656736,0.00310936439682,0.00301245609667,0.01,1
reddit,b8_fast,e2e_FP32_final,paper_tfs,174176,1252.61477917,0.00533694656691,0.00534666610921,0.01,1
reddit,b8_fast,e2e_BF16_final,paper_tfs,262144,1248.67040861,0.00573921830409,0.00806451612903,0.02,1
reddit,b8_fast,e2e_BF16_final,source_MKL_FP32,586268,4064.6193583,0.0171985916742,0.0178226874432,0.03,1
reddit,b8_accurate,kernel_FP32,paper_tfs,0.026123046875,6.45483003752e-05,1.82045960821e-06,1.07735152359e-05,0.001,1
reddit,b8_accurate,e2e_FP32_final,paper_tfs,340,1.23928229085,4.24379595828e-06,1.04369515727e-05,0.001,1
reddit,b8_accurate,e2e_BF16_final,paper_tfs,131072,1.24330650506,0.000134434899556,0.00403225806452,0.01,1
reddit,b8_accurate,e2e_BF16_final,source_MKL_FP32,388622,2831.56077553,0.0120234654311,0.0118142017636,0.03,1
reddit,b16_fast,kernel_FP32,paper_tfs,8.00170898438,0.181136284824,0.00321132960693,0.00330001833511,0.01,1
reddit,b16_fast,e2e_FP32_final,paper_tfs,179648,1300.03658737,0.00553878164369,0.0055146396357,0.01,1
reddit,b16_fast,e2e_BF16_final,paper_tfs,262144,1295.99921694,0.00591661230987,0.00806451612903,0.02,1
reddit,b16_fast,e2e_BF16_final,source_MKL_FP32,586268,4111.38841824,0.0173990014391,0.0178226874432,0.03,1
reddit,b16_accurate,kernel_FP32,paper_tfs,0.021484375,0.000117687163825,2.42737484516e-06,8.8604611286e-06,0.001,1
reddit,b16_accurate,e2e_FP32_final,paper_tfs,380,1.30700280262,4.34830167854e-06,1.16648282283e-05,0.001,1
reddit,b16_accurate,e2e_BF16_final,paper_tfs,131072,1.30276937437,0.000132453119875,0.00403225806452,0.01,1
reddit,b16_accurate,e2e_BF16_final,source_MKL_FP32,388622,2831.7359531,0.0120241536362,0.0118142017636,0.03,1
reddit,b32_fast,kernel_FP32,paper_tfs,8.41967773438,0.181916027465,0.0032249128013,0.00347239457889,0.01,1
reddit,b32_fast,e2e_FP32_final,paper_tfs,182978,1310.94788809,0.00557950324358,0.00561686036728,0.01,1
reddit,b32_fast,e2e_BF16_final,paper_tfs,262144,1306.91980577,0.00595445384421,0.00806451612903,0.02,1
reddit,b32_fast,e2e_BF16_final,source_MKL_FP32,586268,4121.50621988,0.0174386295391,0.0178226874432,0.03,1
reddit,b32_accurate,kernel_FP32,paper_tfs,0.0211181640625,0.000204383225431,3.81808507844e-06,8.70943054118e-06,0.001,1
reddit,b32_accurate,e2e_FP32_final,paper_tfs,424,1.87204626637,6.31806229011e-06,1.30154925495e-05,0.001,1
reddit,b32_accurate,e2e_BF16_final,paper_tfs,65536,1.82760465189,0.000157076530502,0.00201612903226,0.01,1
reddit,b32_accurate,e2e_BF16_final,source_MKL_FP32,388622,2832.33423975,0.0120269419319,0.0118142017636,0.03,1
reddit,b64_fast,kernel_FP32,paper_tfs,8.90112304688,0.183179182394,0.00324800577591,0.00367094945782,0.01,1
reddit,b64_fast,e2e_FP32_final,paper_tfs,184064,1319.41411569,0.00560537092091,0.00565019721848,0.01,1
reddit,b64_fast,e2e_BF16_final,paper_tfs,262144,1315.41576132,0.00598069542562,0.00806451612903,0.02,1
reddit,b64_fast,e2e_BF16_final,source_MKL_FP32,586268,4128.18090512,0.017462511111,0.0178226874432,0.03,1
reddit,b64_accurate,kernel_FP32,paper_tfs,0.02294921875,0.000304537084989,5.59899668835e-06,9.46458347828e-06,0.001,1
reddit,b64_accurate,e2e_FP32_final,paper_tfs,496,2.66414896839,9.54928019015e-06,1.52256705296e-05,0.001,1
reddit,b64_accurate,e2e_BF16_final,paper_tfs,131072,2.5931765422,0.000207617856266,0.00403225806452,0.01,1
reddit,b64_accurate,e2e_BF16_final,source_MKL_FP32,388622,2833.21779173,0.0120306019082,0.0118142017636,0.03,1
reddit,bfull_fast,kernel_FP32,paper_tfs,8.81042480469,0.184078272728,0.00328614283687,0.00363354421566,0.01,1
reddit,bfull_fast,e2e_FP32_final,paper_tfs,197034,1371.64503125,0.00585589609114,0.00604833622406,0.01,1
reddit,bfull_fast,e2e_BF16_final,paper_tfs,262144,1367.38437275,0.00625788269038,0.00806451612903,0.02,1
reddit,bfull_fast,e2e_BF16_final,source_MKL_FP32,595806,4147.15709347,0.0175517640027,0.0181126449248,0.03,1
reddit,bfull_accurate,kernel_FP32,paper_tfs,0.0323486328125,0.000453630676095,8.81336728147e-06,1.3341035222e-05,0.001,1
reddit,bfull_accurate,e2e_FP32_final,paper_tfs,666,4.22007803125,1.57085826374e-05,2.0444146316e-05,0.001,1
reddit,bfull_accurate,e2e_BF16_final,paper_tfs,131072,4.12424953819,0.000267446882477,0.00403225806452,0.01,1
reddit,bfull_accurate,e2e_BF16_final,source_MKL_FP32,388622,2834.42342937,0.0120352424898,0.0118142017636,0.03,1
mycielskian19,paper_tfs,kernel_FP32,paper_tfs,0,0,0,0,0.01,1
mycielskian19,paper_tfs,e2e_FP32_final,paper_tfs,0,0,0,0,0.01,1
mycielskian19,paper_tfs,e2e_BF16_final,paper_tfs,0,0,0,0,0.02,1
mycielskian19,paper_tfs,e2e_BF16_final,source_MKL_FP32,4399232,46905.9725516,0.0110781608543,0.0149732438601,0.03,1
mycielskian19,b2_fast,kernel_FP32,paper_tfs,33.18359375,0.303551858681,0.00201959982751,0.00183883155513,0.01,1
mycielskian19,b2_fast,e2e_FP32_final,paper_tfs,936064,14336.2809145,0.00329297307152,0.00321324491381,0.01,1
mycielskian19,b2_fast,e2e_BF16_final,paper_tfs,2097152,14294.8991024,0.00429854776668,0.00724637681159,0.02,1
mycielskian19,b2_fast,e2e_BF16_final,source_MKL_FP32,5392768,60913.1086147,0.0142567684165,0.0183548470153,0.03,1
mycielskian19,b2_accurate,kernel_FP32,paper_tfs,0.66015625,0.00037666939881,7.11505482341e-06,3.65818166941e-05,0.001,1
mycielskian19,b2_accurate,e2e_FP32_final,paper_tfs,271552,46.757200911,8.39618663282e-05,0.000932161778291,0.001,1
mycielskian19,b2_accurate,e2e_BF16_final,paper_tfs,2097152,46.2568326535,0.000396903831258,0.00724637681159,0.01,1
mycielskian19,b2_accurate,e2e_BF16_final,source_MKL_FP32,4584992,46924.3277536,0.0111035455416,0.0156054973488,0.03,1
mycielskian19,b4_fast,kernel_FP32,paper_tfs,49.359375,0.393369861833,0.00270559287509,0.00273519429436,0.01,1
mycielskian19,b4_fast,e2e_FP32_final,paper_tfs,1390656,20766.0163855,0.0047746745154,0.00477373162397,0.01,1
mycielskian19,b4_fast,e2e_BF16_final,paper_tfs,2097152,20707.2797088,0.0052905287895,0.00724637681159,0.02,1
mycielskian19,b4_fast,e2e_BF16_final,source_MKL_FP32,5561760,67244.1746513,0.0157037380341,0.0189300288713,0.03,1
mycielskian19,b4_accurate,kernel_FP32,paper_tfs,0.5224609375,0.000326623790899,6.19205296166e-06,2.89515856973e-05,0.001,1
mycielskian19,b4_accurate,e2e_FP32_final,paper_tfs,241152,46.9592761152,4.58535152149e-05,0.000827807113034,0.001,1
mycielskian19,b4_accurate,e2e_BF16_final,paper_tfs,1048576,46.7474342603,0.000267200390876,0.0036231884058,0.01,1
mycielskian19,b4_accurate,e2e_BF16_final,source_MKL_FP32,4399232,46916.2680463,0.0110873548879,0.0149732438601,0.03,1
mycielskian19,b8_fast,kernel_FP32,paper_tfs,49.8984375,0.421045889511,0.00291956852275,0.00276506583699,0.01,1
mycielskian19,b8_fast,e2e_FP32_final,paper_tfs,1542016,23009.2384381,0.00530148418917,0.00529330800993,0.01,1
mycielskian19,b8_fast,e2e_BF16_final,paper_tfs,2097152,22946.7716879,0.00571806830951,0.00724637681159,0.02,1
mycielskian19,b8_fast,e2e_BF16_final,source_MKL_FP32,6012768,69459.3537649,0.016220476539,0.0204650815275,0.03,1
mycielskian19,b8_accurate,kernel_FP32,paper_tfs,0.482421875,0.000313171246579,5.63579239255e-06,2.67328660457e-05,0.001,1
mycielskian19,b8_accurate,e2e_FP32_final,paper_tfs,130400,35.8551368413,1.75336462652e-05,0.000447626590447,0.001,1
mycielskian19,b8_accurate,e2e_BF16_final,paper_tfs,1048576,35.7585606054,0.000191987858502,0.0036231884058,0.01,1
mycielskian19,b8_accurate,e2e_BF16_final,source_MKL_FP32,4399232,46909.5131835,0.0110806893993,0.0149732438601,0.03,1
mycielskian19,b16_fast,kernel_FP32,paper_tfs,50.998046875,0.435945181759,0.00303138176347,0.00282599945474,0.01,1
mycielskian19,b16_fast,e2e_FP32_final,paper_tfs,1613024,23952.236529,0.0055236166794,0.00553705853857,0.01,1
mycielskian19,b16_fast,e2e_BF16_final,paper_tfs,2097152,23887.4500553,0.00590971459421,0.00724637681159,0.02,1
mycielskian19,b16_fast,e2e_BF16_final,source_MKL_FP32,6012768,70383.177896,0.0164373352029,0.0204650815275,0.03,1
mycielskian19,b16_accurate,kernel_FP32,paper_tfs,0.5029296875,0.000391538361913,5.52935897551e-06,2.78692834282e-05,0.001,1
mycielskian19,b16_accurate,e2e_FP32_final,paper_tfs,49952,42.2137058333,9.20703387206e-06,0.000171471192071,0.001,1
mycielskian19,b16_accurate,e2e_BF16_final,paper_tfs,1048576,42.0179343372,0.000178369882145,0.0036231884058,0.01,1
mycielskian19,b16_accurate,e2e_BF16_final,source_MKL_FP32,4399232,46915.025689,0.0110801238325,0.0149732438601,0.03,1
mycielskian19,b32_fast,kernel_FP32,paper_tfs,54.75,0.437766075859,0.00304423509337,0.00303390972062,0.01,1
mycielskian19,b32_fast,e2e_FP32_final,paper_tfs,1625408,24191.4126932,0.00557778621441,0.00557956933379,0.01,1
mycielskian19,b32_fast,e2e_BF16_final,paper_tfs,2097152,24126.6167014,0.0059578598153,0.00724637681159,0.02,1
mycielskian19,b32_fast,e2e_BF16_final,source_MKL_FP32,6012768,70605.3660467,0.0164888557575,0.0204650815275,0.03,1
mycielskian19,b32_accurate,kernel_FP32,paper_tfs,0.447265625,0.000557793357289,5.89476699622e-06,2.47847219614e-05,0.001,1
mycielskian19,b32_accurate,e2e_FP32_final,paper_tfs,21088,45.4503634916,9.29427272287e-06,7.2389183584e-05,0.001,1
mycielskian19,b32_accurate,e2e_BF16_final,paper_tfs,1048576,45.2473095414,0.000191402334317,0.0036231884058,0.01,1
mycielskian19,b32_accurate,e2e_BF16_final,source_MKL_FP32,4399232,46923.4702968,0.0110819659068,0.0149732438601,0.03,1
mycielskian19,b64_fast,kernel_FP32,paper_tfs,53.53125,0.441249271908,0.00307224794212,0.00296637405903,0.01,1
mycielskian19,b64_fast,e2e_FP32_final,paper_tfs,1630688,24497.4466493,0.00562924062475,0.00559769409144,0.01,1
mycielskian19,b64_fast,e2e_BF16_final,paper_tfs,2097152,24432.4311723,0.00600570842091,0.00724637681159,0.02,1
mycielskian19,b64_fast,e2e_BF16_final,source_MKL_FP32,6012768,70880.202984,0.016537247198,0.0204650815275,0.03,1
mycielskian19,b64_accurate,kernel_FP32,paper_tfs,0.4267578125,0.000776676154508,6.8316516821e-06,2.36483045789e-05,0.001,1
mycielskian19,b64_accurate,e2e_FP32_final,paper_tfs,11456,57.0755253148,1.189406119e-05,3.93252317497e-05,0.001,1
mycielskian19,b64_accurate,e2e_BF16_final,paper_tfs,1048576,56.6190694059,0.000228908386099,0.0036231884058,0.01,1
mycielskian19,b64_accurate,e2e_BF16_final,source_MKL_FP32,4399232,46940.1583486,0.0110858851289,0.0149732438601,0.03,1
mycielskian19,bfull_fast,kernel_FP32,paper_tfs,72.32421875,0.453115868829,0.003259883094,0.00400776530232,0.01,1
mycielskian19,bfull_fast,e2e_FP32_final,paper_tfs,1773728,25575.3728534,0.00588971972333,0.00608871025323,0.01,1
mycielskian19,bfull_fast,e2e_BF16_final,paper_tfs,2097152,25506.0948911,0.00629538593344,0.00724637681159,0.02,1
mycielskian19,bfull_fast,e2e_BF16_final,source_MKL_FP32,6012768,71300.1778745,0.0166271367838,0.0204650815275,0.03,1
mycielskian19,bfull_accurate,kernel_FP32,paper_tfs,0.498046875,0.00126911545771,1.05769898971e-05,2.7598707861e-05,0.001,1
mycielskian19,bfull_accurate,e2e_FP32_final,paper_tfs,14272,86.3132213164,1.86671516692e-05,4.89917691631e-05,0.001,1
mycielskian19,bfull_accurate,e2e_BF16_final,paper_tfs,1048576,85.5138829949,0.000297194224028,0.0036231884058,0.01,1
mycielskian19,bfull_accurate,e2e_BF16_final,source_MKL_FP32,4399232,46968.8820884,0.0110922533748,0.0149732438601,0.03,1
hollywood-2009,paper_tfs,kernel_FP32,paper_tfs,0,0,0,0,0.01,1
hollywood-2009,paper_tfs,e2e_FP32_final,paper_tfs,0,0,0,0,0.01,1
hollywood-2009,paper_tfs,e2e_BF16_final,paper_tfs,0,0,0,0,0.02,1
hollywood-2009,paper_tfs,e2e_BF16_final,source_MKL_FP32,135670,328.748540249,0.012284731855,0.0121214103042,0.03,1
hollywood-2009,b2_fast,kernel_FP32,paper_tfs,3.47192382812,0.0519067208084,0.00235207741219,0.00207831647743,0.01,1
hollywood-2009,b2_fast,e2e_FP32_final,paper_tfs,34353,86.0954446884,0.00342454850623,0.00309736424248,0.01,1
hollywood-2009,b2_fast,e2e_BF16_final,paper_tfs,65536,85.8320314168,0.00430528548952,0.00591715976331,0.02,1
hollywood-2009,b2_fast,e2e_BF16_final,source_MKL_FP32,182544,411.12030542,0.0154763864768,0.0163093589045,0.03,1
hollywood-2009,b2_accurate,kernel_FP32,paper_tfs,0.0118408203125,1.36458735428e-05,1.48001707397e-06,7.08799304938e-06,0.001,1
hollywood-2009,b2_accurate,e2e_FP32_final,paper_tfs,158.5,0.152576844124,4.56432847349e-06,1.42908110626e-05,0.001,1
hollywood-2009,b2_accurate,e2e_BF16_final,paper_tfs,32768,0.149278444864,0.00012398516208,0.00295857988166,0.01,1
hollywood-2009,b2_accurate,e2e_BF16_final,source_MKL_FP32,135670,328.7483068,0.0122843897722,0.0121214103042,0.03,1
hollywood-2009,b4_fast,kernel_FP32,paper_tfs,4.611328125,0.0650424417751,0.00294795960254,0.00276037139622,0.01,1
hollywood-2009,b4_fast,e2e_FP32_final,paper_tfs,51450,122.777948159,0.00468624507967,0.00463887841748,0.01,1
hollywood-2009,b4_fast,e2e_BF16_final,paper_tfs,65536,122.313485175,0.00518000569096,0.00591715976331,0.02,1
hollywood-2009,b4_fast,e2e_BF16_final,source_MKL_FP32,182544,447.878033797,0.0167733917676,0.0163093589045,0.03,1
hollywood-2009,b4_accurate,kernel_FP32,paper_tfs,0.009521484375,1.19121010444e-05,1.28662473995e-06,5.69962327682e-06,0.001,1
hollywood-2009,b4_accurate,e2e_FP32_final,paper_tfs,161.25,0.141257768606,4.31381452985e-06,1.45387588886e-05,0.001,1
hollywood-2009,b4_accurate,e2e_BF16_final,paper_tfs,32768,0.138438244026,0.000123077677972,0.00295857988166,0.01,1
hollywood-2009,b4_accurate,e2e_BF16_final,source_MKL_FP32,135670,328.743115608,0.0122840775389,0.0121214103042,0.03,1
hollywood-2009,b8_fast,kernel_FP32,paper_tfs,4.83483886719,0.0690814500662,0.00313357811696,0.00289416639904,0.01,1
hollywood-2009,b8_fast,e2e_FP32_final,paper_tfs,60288,139.31559867,0.00525288577887,0.00543573764884,0.01,1
hollywood-2009,b8_fast,e2e_BF16_final,paper_tfs,65536,138.943627957,0.00565542558117,0.00591715976331,0.02,1
hollywood-2009,b8_fast,e2e_BF16_final,source_MKL_FP32,189461,464.841030384,0.0173617985822,0.0169273569518,0.03,1
hollywood-2009,b8_accurate,kernel_FP32,paper_tfs,0.0113525390625,1.51749494157e-05,1.30380572945e-06,6.79570467621e-06,0.001,1
hollywood-2009,b8_accurate,e2e_FP32_final,paper_tfs,154.25,0.144501951286,4.18504558672e-06,1.39076189678e-05,0.001,1
hollywood-2009,b8_accurate,e2e_BF16_final,paper_tfs,32768,0.142028907812,0.000124917125477,0.00295857988166,0.01,1
hollywood-2009,b8_accurate,e2e_BF16_final,source_MKL_FP32,135670,328.749936993,0.0122842326434,0.0121214103042,0.03,1
hollywood-2009,b16_fast,kernel_FP32,paper_tfs,5.05993652344,0.0712728880752,0.00323657057417,0.00302891133907,0.01,1
hollywood-2009,b16_fast,e2e_FP32_final,paper_tfs,62081,146.348362787,0.005472030499,0.0055973996314,0.01,1
hollywood-2009,b16_fast,e2e_BF16_final,paper_tfs,65536,145.870496695,0.00584705805162,0.00591715976331,0.02,1
hollywood-2009,b16_fast,e2e_BF16_final,source_MKL_FP32,191195,471.676284897,0.0175745836262,0.0170822808515,0.03,1
hollywood-2009,b16_accurate,kernel_FP32,paper_tfs,0.0106201171875,3.76053904623e-05,2.1311476026e-06,6.35727211646e-06,0.001,1
hollywood-2009,b16_accurate,e2e_FP32_final,paper_tfs,158.75,0.20509821925,5.14638162619e-06,1.4313351774e-05,0.001,1
hollywood-2009,b16_accurate,e2e_BF16_final,paper_tfs,32768,0.203897226642,0.000132518898496,0.00295857988166,0.01,1
hollywood-2009,b16_accurate,e2e_BF16_final,source_MKL_FP32,135670,328.770244831,0.0122849721723,0.0121214103042,0.03,1
hollywood-2009,b32_fast,kernel_FP32,paper_tfs,4.61413574219,0.0716342723232,0.00325174343937,0.00276205205437,0.01,1
hollywood-2009,b32_fast,e2e_FP32_final,paper_tfs,63641,148.365457152,0.00554487134355,0.00573805367088,0.01,1
hollywood-2009,b32_fast,e2e_BF16_final,paper_tfs,65536,147.875926499,0.00590960855446,0.00591715976331,0.02,1
hollywood-2009,b32_fast,e2e_BF16_final,source_MKL_FP32,191195,473.280339707,0.0176347989311,0.0170822808515,0.03,1
hollywood-2009,b32_accurate,kernel_FP32,paper_tfs,0.0106201171875,6.80511588657e-05,3.63969274211e-06,6.35727211646e-06,0.001,1
hollywood-2009,b32_accurate,e2e_FP32_final,paper_tfs,153.25,0.293691329815,7.54564897631e-06,1.3817456122e-05,0.001,1
hollywood-2009,b32_accurate,e2e_BF16_final,paper_tfs,32768,0.290149279824,0.000147000767907,0.00295857988166,0.01,1
hollywood-2009,b32_accurate,e2e_BF16_final,source_MKL_FP32,135670,328.816140703,0.0122862401783,0.0121214103042,0.03,1
hollywood-2009,b64_fast,kernel_FP32,paper_tfs,5.35668945312,0.0720189606988,0.00327599238865,0.00320654959787,0.01,1
hollywood-2009,b64_fast,e2e_FP32_final,paper_tfs,62954,150.087356643,0.0055820651573,0.0056761117958,0.01,1
hollywood-2009,b64_fast,e2e_BF16_final,paper_tfs,65536,149.706760795,0.00595497440904,0.00591715976331,0.02,1
hollywood-2009,b64_fast,e2e_BF16_final,source_MKL_FP32,191195,474.725805987,0.0176778331721,0.0170822808515,0.03,1
hollywood-2009,b64_accurate,kernel_FP32,paper_tfs,0.0123291015625,9.70584173903e-05,5.38491223282e-06,7.38028142255e-06,0.001,1
hollywood-2009,b64_accurate,e2e_FP32_final,paper_tfs,137.75,0.410268000075,9.69482129165e-06,1.24199320118e-05,0.001,1
hollywood-2009,b64_accurate,e2e_BF16_final,paper_tfs,32768,0.404353601075,0.000185861313755,0.00295857988166,0.01,1
hollywood-2009,b64_accurate,e2e_BF16_final,source_MKL_FP32,135670,328.905996849,0.0122894310308,0.0121214103042,0.03,1
hollywood-2009,bfull_fast,kernel_FP32,paper_tfs,5.36962890625,0.0721906003622,0.00330233041237,0.00321429523976,0.01,1
hollywood-2009,bfull_fast,e2e_FP32_final,paper_tfs,63238,155.674478996,0.00588085158172,0.00570171804401,0.01,1
hollywood-2009,bfull_fast,e2e_BF16_final,paper_tfs,65536,155.418417367,0.006278850379,0.00591715976331,0.02,1
hollywood-2009,bfull_fast,e2e_BF16_final,source_MKL_FP32,195468,477.143287344,0.0178326776142,0.0174640512225,0.03,1
hollywood-2009,bfull_accurate,kernel_FP32,paper_tfs,0.0201416015625,0.000125896911392,7.97482025252e-06,1.20568953933e-05,0.001,1
hollywood-2009,bfull_accurate,e2e_FP32_final,paper_tfs,209,0.632018481625,1.80237551635e-05,1.88440347765e-05,0.001,1
hollywood-2009,bfull_accurate,e2e_BF16_final,paper_tfs,32768,0.641630867684,0.000287666272361,0.00295857988166,0.01,1
hollywood-2009,bfull_accurate,e2e_BF16_final,source_MKL_FP32,135670,329.0756669,0.0122979298412,0.0121214103042,0.03,1
indochina-2004,paper_tfs,kernel_FP32,paper_tfs,0,0,0,0,0.01,1
indochina-2004,paper_tfs,e2e_FP32_final,paper_tfs,0,0,0,0,0.01,1
indochina-2004,paper_tfs,e2e_BF16_final,paper_tfs,0,0,0,0,0.02,1
indochina-2004,paper_tfs,e2e_BF16_final,source_MKL_FP32,598908,148.494195791,0.0122209035657,0.0149265441402,0.03,1
indochina-2004,b2_fast,kernel_FP32,paper_tfs,2.65002441406,0.0238176645819,0.00229856602035,0.00185591978911,0.01,1
indochina-2004,b2_fast,e2e_FP32_final,paper_tfs,91584,29.0093826151,0.0023320632636,0.00230211614506,0.01,1
indochina-2004,b2_fast,e2e_BF16_final,paper_tfs,262144,28.3321770115,0.00346530436627,0.00662251655629,0.02,1
indochina-2004,b2_fast,e2e_BF16_final,source_MKL_FP32,691780,172.837576713,0.0142249166234,0.0172411868022,0.03,1
indochina-2004,b2_accurate,kernel_FP32,paper_tfs,0.00799560546875,3.52879937489e-06,2.05024407714e-06,5.59964743594e-06,0.001,1
indochina-2004,b2_accurate,e2e_FP32_final,paper_tfs,1296,0.291011537954,2.78033282258e-05,3.25771152602e-05,0.001,1
indochina-2004,b2_accurate,e2e_BF16_final,paper_tfs,131072,0.243364135146,0.000311099197454,0.00331125827815,0.01,1
indochina-2004,b2_accurate,e2e_BF16_final,source_MKL_FP32,598908,148.483148346,0.0122202205116,0.0149265441402,0.03,1
indochina-2004,b4_fast,kernel_FP32,paper_tfs,3.86645507812,0.0297895572022,0.00290434072116,0.00270783561658,0.01,1
indochina-2004,b4_fast,e2e_FP32_final,paper_tfs,126980,42.4519995844,0.00336125941955,0.00319185346894,0.01,1
indochina-2004,b4_fast,e2e_BF16_final,paper_tfs,262144,41.4543425249,0.00419931351102,0.00662251655629,0.02,1
indochina-2004,b4_fast,e2e_BF16_final,source_MKL_FP32,726648,185.822732951,0.0151725875984,0.0181101996407,0.03,1
indochina-2004,b4_accurate,kernel_FP32,paper_tfs,0.0126953125,3.18862244271e-06,2.11390016204e-06,8.89104325706e-06,0.001,1
indochina-2004,b4_accurate,e2e_FP32_final,paper_tfs,1256,0.172994079539,1.95909923708e-05,3.15716487399e-05,0.001,1
indochina-2004,b4_accurate,e2e_BF16_final,paper_tfs,262144,0.183494826274,0.000318896837054,0.00662251655629,0.01,1
indochina-2004,b4_accurate,e2e_BF16_final,source_MKL_FP32,600072,148.520527758,0.0122253979735,0.0149555544346,0.03,1
indochina-2004,b8_fast,kernel_FP32,paper_tfs,4.11547851562,0.0315129901069,0.00307909604958,0.0028822368497,0.01,1
indochina-2004,b8_fast,e2e_FP32_final,paper_tfs,174712,54.1568996076,0.00444203368439,0.00439167666771,0.01,1
indochina-2004,b8_fast,e2e_BF16_final,paper_tfs,262144,53.4545733833,0.00503528539408,0.00662251655629,0.02,1
indochina-2004,b8_fast,e2e_BF16_final,source_MKL_FP32,773020,199.72290862,0.0163825813895,0.0192659259039,0.03,1
indochina-2004,b8_accurate,kernel_FP32,paper_tfs,0.010009765625,4.4516253931e-06,1.80361045066e-06,7.01024564499e-06,0.001,1
indochina-2004,b8_accurate,e2e_FP32_final,paper_tfs,1160,0.184765009211,1.94810903822e-05,2.9158529091e-05,0.001,1
indochina-2004,b8_accurate,e2e_BF16_final,paper_tfs,262144,0.207045909681,0.00033134702161,0.00662251655629,0.01,1
indochina-2004,b8_accurate,e2e_BF16_final,source_MKL_FP32,600072,148.51026482,0.0122255427791,0.0149555544346,0.03,1
indochina-2004,b16_fast,kernel_FP32,paper_tfs,5.34265136719,0.032521891332,0.00319193691002,0.00374167586761,0.01,1
indochina-2004,b16_fast,e2e_FP32_final,paper_tfs,186652,60.220746346,0.0050785626595,0.00469180842404,0.01,1
indochina-2004,b16_fast,e2e_BF16_final,paper_tfs,262144,59.7280875388,0.00554792764684,0.00662251655629,0.02,1
indochina-2004,b16_fast,e2e_BF16_final,source_MKL_FP32,785512,206.242955263,0.0170045293792,0.0195772631868,0.03,1
indochina-2004,b16_accurate,kernel_FP32,paper_tfs,0.0091552734375,1.36374520153e-05,2.39899819516e-06,6.41181004115e-06,0.001,1
indochina-2004,b16_accurate,e2e_FP32_final,paper_tfs,1238,0.202665977679,1.9847637947e-05,3.11191888057e-05,0.001,1
indochina-2004,b16_accurate,e2e_BF16_final,paper_tfs,262144,0.209353318683,0.000318787015072,0.00662251655629,0.01,1
indochina-2004,b16_accurate,e2e_BF16_final,source_MKL_FP32,600072,148.492182806,0.0122237349432,0.0149555544346,0.03,1
indochina-2004,b32_fast,kernel_FP32,paper_tfs,5.34106445312,0.0326895202793,0.00323605949316,0.00374056448721,0.01,1
indochina-2004,b32_fast,e2e_FP32_final,paper_tfs,224652,65.5303211288,0.00552756425458,0.0056470016184,0.01,1
indochina-2004,b32_fast,e2e_BF16_final,paper_tfs,262144,65.0460310922,0.00592407639394,0.00662251655629,0.02,1
indochina-2004,b32_fast,e2e_BF16_final,source_MKL_FP32,820392,210.970343505,0.0174478873215,0.0204465751005,0.03,1
indochina-2004,b32_accurate,kernel_FP32,paper_tfs,0.01123046875,2.48388282743e-05,3.75955735061e-06,7.86515365048e-06,0.001,1
indochina-2004,b32_accurate,e2e_FP32_final,paper_tfs,1188,0.217231380268,2.02478806776e-05,2.98623556552e-05,0.001,1
indochina-2004,b32_accurate,e2e_BF16_final,paper_tfs,262144,0.229494613159,0.000324160443248,0.00662251655629,0.01,1
indochina-2004,b32_accurate,e2e_BF16_final,source_MKL_FP32,600072,148.502562796,0.0122244079899,0.0149555544346,0.03,1
indochina-2004,b64_fast,kernel_FP32,paper_tfs,4.52941894531,0.0328525803849,0.00326500475592,0.00317213615436,0.01,1
indochina-2004,b64_fast,e2e_FP32_final,paper_tfs,224264,66.3393086463,0.00563891480015,0.00563724859315,0.01,1
indochina-2004,b64_fast,e2e_BF16_final,paper_tfs,262144,65.6555387791,0.0059788431947,0.00662251655629,0.02,1
indochina-2004,b64_fast,e2e_BF16_final,source_MKL_FP32,820392,211.366855102,0.0175146014647,0.0204465751005,0.03,1
indochina-2004,b64_accurate,kernel_FP32,paper_tfs,0.0145263671875,3.18835774604e-05,5.14559950007e-06,1.01734052653e-05,0.001,1
indochina-2004,b64_accurate,e2e_FP32_final,paper_tfs,1174,0.216089750406,2.04969989611e-05,2.95104423731e-05,0.001,1
indochina-2004,b64_accurate,e2e_BF16_final,paper_tfs,262144,0.220514044586,0.000331452300851,0.00662251655629,0.01,1
indochina-2004,b64_accurate,e2e_BF16_final,source_MKL_FP32,600072,148.531856818,0.0122258785591,0.0149555544346,0.03,1
indochina-2004,bfull_fast,kernel_FP32,paper_tfs,5.46606445312,0.0328383965999,0.0032578925049,0.00382810706697,0.01,1
indochina-2004,bfull_fast,e2e_FP32_final,paper_tfs,279990,71.2863304077,0.00600463832796,0.00703801427602,0.01,1
indochina-2004,bfull_fast,e2e_BF16_final,paper_tfs,262144,70.31088722,0.00630784269788,0.00662251655629,0.02,1
indochina-2004,bfull_fast,e2e_BF16_final,source_MKL_FP32,837844,214.81538276,0.0177392012683,0.0208815301325,0.03,1
indochina-2004,bfull_accurate,kernel_FP32,paper_tfs,0.022216796875,3.48116067448e-05,7.04351588373e-06,1.55593256999e-05,0.001,1
indochina-2004,bfull_accurate,e2e_FP32_final,paper_tfs,1588,0.327437481333,2.81410611443e-05,3.9917020859e-05,0.001,1
indochina-2004,bfull_accurate,e2e_BF16_final,paper_tfs,262144,0.358840546203,0.000419933240726,0.00662251655629,0.01,1
indochina-2004,bfull_accurate,e2e_BF16_final,source_MKL_FP32,600072,148.679133979,0.0122424262899,0.0149555544346,0.03,1
soc-Pokec,paper_tfs,kernel_FP32,paper_tfs,0,0,0,0,0.01,1
soc-Pokec,paper_tfs,e2e_FP32_final,paper_tfs,0,0,0,0,0.01,1
soc-Pokec,paper_tfs,e2e_BF16_final,paper_tfs,0,0,0,0,0.02,1
soc-Pokec,paper_tfs,e2e_BF16_final,source_MKL_FP32,24560.25,13.6608355281,0.0129342882828,0.0162940691287,0.03,1
soc-Pokec,b2_fast,kernel_FP32,paper_tfs,2.65112304688,0.0232323908526,0.00235479286298,0.00189990331646,0.01,1
soc-Pokec,b2_fast,e2e_FP32_final,paper_tfs,4129.375,3.247071482,0.00294234454792,0.00276995326422,0.01,1
soc-Pokec,b2_fast,e2e_BF16_final,paper_tfs,8192,3.23811380242,0.0040154328091,0.00552486187845,0.02,1
soc-Pokec,b2_fast,e2e_BF16_final,source_MKL_FP32,24560.25,16.6322606741,0.0156811922047,0.0162940691287,0.03,1
soc-Pokec,b2_accurate,kernel_FP32,paper_tfs,0.00860595703125,2.5160843856e-06,4.50866206172e-07,6.16738114975e-06,0.001,1
soc-Pokec,b2_accurate,e2e_FP32_final,paper_tfs,12.125,0.00395282043502,9.01987766547e-06,8.13335754894e-06,0.001,1
soc-Pokec,b2_accurate,e2e_BF16_final,paper_tfs,512,0.00386882281598,0.000108991545264,0.000345303867403,0.01,1
soc-Pokec,b2_accurate,e2e_BF16_final,source_MKL_FP32,24560.25,13.6608434807,0.0129343102034,0.0162940691287,0.03,1
soc-Pokec,b4_fast,kernel_FP32,paper_tfs,3.21020507812,0.0289969362649,0.00294809760549,0.00230056438973,0.01,1
soc-Pokec,b4_fast,e2e_FP32_final,paper_tfs,6678.25,4.89156214698,0.0045389980946,0.00447971917948,0.01,1
soc-Pokec,b4_fast,e2e_BF16_final,paper_tfs,8192,4.8775945285,0.00512092053035,0.00552486187845,0.02,1
soc-Pokec,b4_fast,e2e_BF16_final,source_MKL_FP32,27882.375,18.3051087898,0.0172616877187,0.0184980749675,0.03,1
soc-Pokec,b4_accurate,kernel_FP32,paper_tfs,0.00762939453125,2.24961977886e-06,3.96412939127e-07,5.46753648028e-06,0.001,1
soc-Pokec,b4_accurate,e2e_FP32_final,paper_tfs,8.1875,0.00348031727284,7.8651804675e-06,5.49211257171e-06,0.001,1
soc-Pokec,b4_accurate,e2e_BF16_final,paper_tfs,256,0.00340997612399,0.000102144191761,0.000172651933702,0.01,1
soc-Pokec,b4_accurate,e2e_BF16_final,source_MKL_FP32,24560.25,13.6609067846,0.0129343221971,0.0162940691287,0.03,1
soc-Pokec,b8_fast,kernel_FP32,paper_tfs,3.78112792969,0.030733916885,0.00312958796534,0.00270971107963,0.01,1
soc-Pokec,b8_fast,e2e_FP32_final,paper_tfs,7737.375,5.66534775731,0.00530485707012,0.00519017215383,0.01,1
soc-Pokec,b8_fast,e2e_BF16_final,paper_tfs,8192,5.64879122905,0.00573062996736,0.00552486187845,0.02,1
soc-Pokec,b8_fast,e2e_BF16_final,source_MKL_FP32,27882.375,19.0763638262,0.0180101687361,0.0184980749675,0.03,1
soc-Pokec,b8_accurate,kernel_FP32,paper_tfs,0.00604248046875,3.61911408268e-06,6.61641461676e-07,4.33028889238e-06,0.001,1
soc-Pokec,b8_accurate,e2e_FP32_final,paper_tfs,9.125,0.00726937101634,1.98068840341e-05,6.12098042343e-06,0.001,1
soc-Pokec,b8_accurate,e2e_BF16_final,paper_tfs,512,0.00723891188567,0.000155278883459,0.000345303867403,0.01,1
soc-Pokec,b8_accurate,e2e_BF16_final,source_MKL_FP32,24560.25,13.6610079819,0.0129343549769,0.0162940691287,0.03,1
soc-Pokec,b16_fast,kernel_FP32,paper_tfs,3.76763916016,0.0316074119951,0.00322684489281,0.00270004447513,0.01,1
soc-Pokec,b16_fast,e2e_FP32_final,paper_tfs,8061.25,5.96789167341,0.00558753050561,0.00540742503434,0.01,1
soc-Pokec,b16_fast,e2e_BF16_final,paper_tfs,8192,5.95062963249,0.00598345162399,0.00552486187845,0.02,1
soc-Pokec,b16_fast,e2e_BF16_final,source_MKL_FP32,32752.25,19.353658649,0.0182874392526,0.0217289085258,0.03,1
soc-Pokec,b16_accurate,kernel_FP32,paper_tfs,0.006103515625,1.22240583873e-05,1.74703565936e-06,4.37402918422e-06,0.001,1
soc-Pokec,b16_accurate,e2e_FP32_final,paper_tfs,7.375,0.0142762953193,1.58939935687e-05,4.94709376688e-06,0.001,1
soc-Pokec,b16_accurate,e2e_BF16_final,paper_tfs,512,0.0141992058116,0.000191902342346,0.000345303867403,0.01,1
soc-Pokec,b16_accurate,e2e_BF16_final,source_MKL_FP32,24560.25,13.6616851638,0.0129350206187,0.0162940691287,0.03,1
soc-Pokec,b32_fast,kernel_FP32,paper_tfs,3.97985839844,0.0317700170347,0.00324554993471,0.00285212946986,0.01,1
soc-Pokec,b32_fast,e2e_FP32_final,paper_tfs,8259.875,6.09084446903,0.00568990077206,0.00554066116986,0.01,1
soc-Pokec,b32_fast,e2e_BF16_final,paper_tfs,8192,6.07389121147,0.00608702724328,0.00552486187845,0.02,1
soc-Pokec,b32_fast,e2e_BF16_final,source_MKL_FP32,32752.25,19.4416717536,0.0183735693268,0.0217289085258,0.03,1
soc-Pokec,b32_accurate,kernel_FP32,paper_tfs,0.00567626953125,2.19726572369e-05,3.12164280119e-06,4.06784714133e-06,0.001,1
soc-Pokec,b32_accurate,e2e_FP32_final,paper_tfs,10.125,0.0232197953455,2.24898320684e-05,6.7917727986e-06,0.001,1
soc-Pokec,b32_accurate,e2e_BF16_final,paper_tfs,1024,0.0231001581673,0.000244200447007,0.000690607734807,0.01,1
soc-Pokec,b32_accurate,e2e_BF16_final,source_MKL_FP32,24560.25,13.6633958135,0.012936910143,0.0162940691287,0.03,1
soc-Pokec,b64_fast,kernel_FP32,paper_tfs,4.00445556641,0.0318868461282,0.00326384582366,0.00286975680748,0.01,1
soc-Pokec,b64_fast,e2e_FP32_final,paper_tfs,8355.375,6.17901146105,0.00577880454095,0.00560472184169,0.01,1
soc-Pokec,b64_fast,e2e_BF16_final,paper_tfs,8192,6.16187444121,0.00616993107827,0.00552486187845,0.02,1
soc-Pokec,b64_fast,e2e_BF16_final,source_MKL_FP32,32752.25,19.4949399242,0.0184188598131,0.0217289085258,0.03,1
soc-Pokec,b64_accurate,kernel_FP32,paper_tfs,0.00848388671875,2.85636748445e-05,4.33430631347e-06,6.07990056607e-06,0.001,1
soc-Pokec,b64_accurate,e2e_FP32_final,paper_tfs,17.875,0.0308176564305,2.87493814782e-05,1.19904137062e-05,0.001,1
soc-Pokec,b64_accurate,e2e_BF16_final,paper_tfs,2048,0.0307028183746,0.00028957652545,0.00138121546961,0.01,1
soc-Pokec,b64_accurate,e2e_BF16_final,source_MKL_FP32,24560.25,13.6657135074,0.0129400343352,0.0162940691287,0.03,1
soc-Pokec,bfull_fast,kernel_FP32,paper_tfs,4.73297119141,0.0318924909954,0.0032661749059,0.00339184093091,0.01,1
soc-Pokec,bfull_fast,e2e_FP32_final,paper_tfs,8185.375,6.21850247866,0.00587816919252,0.00549068713791,0.01,1
soc-Pokec,bfull_fast,e2e_BF16_final,paper_tfs,8192,6.20118277799,0.00629675829904,0.00552486187845,0.02,1
soc-Pokec,bfull_fast,e2e_BF16_final,source_MKL_FP32,32752.25,19.5084609413,0.0184729933051,0.0217289085258,0.03,1
soc-Pokec,bfull_accurate,kernel_FP32,paper_tfs,0.0137329101562,3.08311286098e-05,4.98428988925e-06,9.8415656645e-06,0.001,1
soc-Pokec,bfull_accurate,e2e_FP32_final,paper_tfs,25.625,0.0345863904605,3.29508981367e-05,1.71890546137e-05,0.001,1
soc-Pokec,bfull_accurate,e2e_BF16_final,paper_tfs,4096,0.0344097108189,0.000329442011749,0.00276243093923,0.01,1
soc-Pokec,bfull_accurate,e2e_BF16_final,source_MKL_FP32,24560.25,13.6668029697,0.0129437036711,0.0162940691287,0.03,1
cit-Patents,paper_tfs,kernel_FP32,paper_tfs,0,0,0,0,0.01,1
cit-Patents,paper_tfs,e2e_FP32_final,paper_tfs,0,0,0,0,0.01,1
cit-Patents,paper_tfs,e2e_BF16_final,paper_tfs,0,0,0,0,0.02,1
cit-Patents,paper_tfs,e2e_BF16_final,source_MKL_FP32,645.875,0.90145634162,0.0130847827918,0.0121119786651,0.03,1
cit-Patents,b2_fast,kernel_FP32,paper_tfs,0.833023071289,0.00959875524709,0.0023093826471,0.00242398780427,0.01,1
cit-Patents,b2_fast,e2e_FP32_final,paper_tfs,140.390625,0.22008732493,0.00300786980365,0.00266077515473,0.01,1
cit-Patents,b2_fast,e2e_BF16_final,paper_tfs,256,0.219482607229,0.00401506351763,0.00485436893204,0.02,1
cit-Patents,b2_fast,e2e_BF16_final,source_MKL_FP32,882.75390625,1.07874053673,0.0157155303599,0.0165541265401,0.03,1
cit-Patents,b2_accurate,kernel_FP32,paper_tfs,0.000762939453125,5.72694527527e-07,2.2350662561e-07,2.22005367379e-06,0.001,1
cit-Patents,b2_accurate,e2e_FP32_final,paper_tfs,0.74267578125,0.000100458634801,1.12516952904e-05,1.40756782497e-05,0.001,1
cit-Patents,b2_accurate,e2e_BF16_final,paper_tfs,64,9.97618082958e-05,8.44621487025e-05,0.00121359223301,0.01,1
cit-Patents,b2_accurate,e2e_BF16_final,source_MKL_FP32,645.875,0.90145452696,0.0130847159526,0.0121119786651,0.03,1
cit-Patents,b4_fast,kernel_FP32,paper_tfs,1.05505371094,0.0119653609471,0.00288705780124,0.00307006782442,0.01,1
cit-Patents,b4_fast,e2e_FP32_final,paper_tfs,235,0.310745653023,0.00447741573576,0.00445387404865,0.01,1
cit-Patents,b4_fast,e2e_BF16_final,paper_tfs,256,0.309876972149,0.00510085375744,0.00485436893204,0.02,1
cit-Patents,b4_fast,e2e_BF16_final,source_MKL_FP32,882.75390625,1.17469698332,0.017209526281,0.0165541265401,0.03,1
cit-Patents,b4_accurate,kernel_FP32,paper_tfs,0.00048828125,5.38280450109e-07,2.00055494354e-07,1.42083435123e-06,0.001,1
cit-Patents,b4_accurate,e2e_FP32_final,paper_tfs,0.917236328125,0.00010357769328,1.06804524874e-05,1.7384064163e-05,0.001,1
cit-Patents,b4_accurate,e2e_BF16_final,paper_tfs,64,0.000102612121686,7.93540517869e-05,0.00121359223301,0.01,1
cit-Patents,b4_accurate,e2e_BF16_final,source_MKL_FP32,645.875,0.901456972959,0.0130847326861,0.0121119786651,0.03,1
cit-Patents,b8_fast,kernel_FP32,paper_tfs,1.13897705078,0.0126845081215,0.00306917312851,0.00331427372853,0.01,1
cit-Patents,b8_fast,e2e_FP32_final,paper_tfs,269.01171875,0.354509768804,0.00519186393926,0.00509848643797,0.01,1
cit-Patents,b8_fast,e2e_BF16_final,paper_tfs,256,0.35352083034,0.00567174666168,0.00485436893204,0.02,1
cit-Patents,b8_fast,e2e_BF16_final,source_MKL_FP32,900.375,1.21978687877,0.0179189144693,0.016884571768,0.03,1
cit-Patents,b8_accurate,kernel_FP32,paper_tfs,0.000579833984375,8.07436952275e-07,4.98452384667e-07,1.68724079208e-06,0.001,1
cit-Patents,b8_accurate,e2e_FP32_final,paper_tfs,0.500457763672,0.000168519413619,1.26316509931e-05,9.48500360026e-06,0.001,1
cit-Patents,b8_accurate,e2e_BF16_final,paper_tfs,64,0.000168662365205,0.000100721524549,0.00121359223301,0.01,1
cit-Patents,b8_accurate,e2e_BF16_final,source_MKL_FP32,645.875,0.901462824845,0.0130849731922,0.0121119786651,0.03,1
cit-Patents,b16_fast,kernel_FP32,paper_tfs,1.1554107666,0.0129442800864,0.00314866451613,0.00336209368467,0.01,1
cit-Patents,b16_fast,e2e_FP32_final,paper_tfs,289.20703125,0.372874990051,0.0054911674104,0.00548124123902,0.01,1
cit-Patents,b16_fast,e2e_BF16_final,paper_tfs,512,0.371831759462,0.00593302479996,0.00970873786408,0.02,1
cit-Patents,b16_fast,e2e_BF16_final,source_MKL_FP32,1101.30859375,1.23750961063,0.0181960464385,0.0206526436094,0.03,1
cit-Patents,b16_accurate,kernel_FP32,paper_tfs,0.000892639160156,2.17074019919e-06,1.24046701696e-06,2.59746279834e-06,0.001,1
cit-Patents,b16_accurate,e2e_FP32_final,paper_tfs,0.5556640625,0.000396354092504,2.06372437099e-05,1.05313095648e-05,0.001,1
cit-Patents,b16_accurate,e2e_BF16_final,paper_tfs,64,0.000397227417224,0.000160152984031,0.00121359223301,0.01,1
cit-Patents,b16_accurate,e2e_BF16_final,source_MKL_FP32,645.875,0.901475416092,0.0130852578902,0.0121119786651,0.03,1
cit-Patents,b32_fast,kernel_FP32,paper_tfs,1.02856445312,0.0129742840816,0.00316036923794,0.00299298756086,0.01,1
cit-Patents,b32_fast,e2e_FP32_final,paper_tfs,286.1953125,0.377753764278,0.00560337345136,0.00542416117101,0.01,1
cit-Patents,b32_fast,e2e_BF16_final,paper_tfs,512,0.376683091424,0.00603633762052,0.00970873786408,0.02,1
cit-Patents,b32_fast,e2e_BF16_final,source_MKL_FP32,1101.30859375,1.2415542682,0.0182842797322,0.0206526436094,0.03,1
cit-Patents,b32_accurate,kernel_FP32,paper_tfs,0.00129699707031,2.97418111684e-06,1.81750475226e-06,3.77409124545e-06,0.001,1
cit-Patents,b32_accurate,e2e_FP32_final,paper_tfs,1.01049804688,0.000528253354546,2.54095875676e-05,1.91516213923e-05,0.001,1
cit-Patents,b32_accurate,e2e_BF16_final,paper_tfs,64,0.000525882950066,0.000190558871898,0.00121359223301,0.01,1
cit-Patents,b32_accurate,e2e_BF16_final,source_MKL_FP32,645.875,0.901495105308,0.0130858912207,0.0121119786651,0.03,1
cit-Patents,b64_fast,kernel_FP32,paper_tfs,1.05746459961,0.0129792868356,0.00316353991885,0.00307708319402,0.01,1
cit-Patents,b64_fast,e2e_FP32_final,paper_tfs,293.6328125,0.378905496522,0.00565339537812,0.00556512154649,0.01,1
cit-Patents,b64_fast,e2e_BF16_final,paper_tfs,512,0.377830157192,0.0060872254351,0.00970873786408,0.02,1
cit-Patents,b64_fast,e2e_BF16_final,source_MKL_FP32,1101.30859375,1.24226116915,0.0183148573313,0.0206526436094,0.03,1
cit-Patents,b64_accurate,kernel_FP32,paper_tfs,0.00228118896484,3.22952444084e-06,2.16146055957e-06,6.63796048464e-06,0.001,1
cit-Patents,b64_accurate,e2e_FP32_final,paper_tfs,1.48937988281,0.000567116548294,2.73928494229e-05,2.82277038665e-05,0.001,1
cit-Patents,b64_accurate,e2e_BF16_final,paper_tfs,128,0.000563345769416,0.000205845939058,0.00242718446602,0.01,1
cit-Patents,b64_accurate,e2e_BF16_final,source_MKL_FP32,645.875,0.901510830384,0.0130869081286,0.0121119786651,0.03,1
cit-Patents,bfull_fast,kernel_FP32,paper_tfs,1.30975341797,0.0129795904996,0.00316388184882,0.00381121054288,0.01,1
cit-Patents,bfull_fast,e2e_FP32_final,paper_tfs,290.23828125,0.379328330491,0.005692006456,0.00550078616504,0.01,1
cit-Patents,bfull_fast,e2e_BF16_final,paper_tfs,256,0.378260670604,0.00612542567851,0.00485436893204,0.02,1
cit-Patents,bfull_fast,e2e_BF16_final,source_MKL_FP32,900.375,1.2424405523,0.0183197833007,0.016884571768,0.03,1
cit-Patents,bfull_accurate,kernel_FP32,paper_tfs,0.00360107421875,3.29198377836e-06,2.31602499937e-06,1.04786533403e-05,0.001,1
cit-Patents,bfull_accurate,e2e_FP32_final,paper_tfs,1.4755859375,0.000581692462032,2.8300676679e-05,2.79662719727e-05,0.001,1
cit-Patents,bfull_accurate,e2e_BF16_final,paper_tfs,128,0.000577671980162,0.000214847664114,0.00242718446602,0.01,1
cit-Patents,bfull_accurate,e2e_BF16_final,source_MKL_FP32,645.875,0.901516773621,0.0130873843597,0.0121119786651,0.03,1
soc-LiveJournal1,paper_tfs,kernel_FP32,paper_tfs,0,0,0,0,0.01,1
soc-LiveJournal1,paper_tfs,e2e_FP32_final,paper_tfs,0,0,0,0,0.01,1
soc-LiveJournal1,paper_tfs,e2e_BF16_final,paper_tfs,0,0,0,0,0.02,1
soc-LiveJournal1,paper_tfs,e2e_BF16_final,source_MKL_FP32,66260,13.2248135724,0.0128773740708,0.0144412546499,0.03,1
soc-LiveJournal1,b2_fast,kernel_FP32,paper_tfs,4.95227050781,0.0180216921684,0.00234119919687,0.00212841014388,0.01,1
soc-LiveJournal1,b2_fast,e2e_FP32_final,paper_tfs,12993,3.24198422604,0.0030667341203,0.0028617845924,0.01,1
soc-LiveJournal1,b2_fast,e2e_BF16_final,paper_tfs,16384,3.23303338654,0.00410817175438,0.0036231884058,0.02,1
soc-LiveJournal1,b2_fast,e2e_BF16_final,source_MKL_FP32,66260,16.1971697456,0.0157584564661,0.0144412546499,0.03,1
soc-LiveJournal1,b2_accurate,kernel_FP32,paper_tfs,0.0191650390625,1.88811626895e-06,5.59475736384e-07,8.23684075501e-06,0.001,1
soc-LiveJournal1,b2_accurate,e2e_FP32_final,paper_tfs,174,0.00441354226054,7.60358215865e-06,3.83245223641e-05,0.001,1
soc-LiveJournal1,b2_accurate,e2e_BF16_final,paper_tfs,2048,0.00443919643995,0.000129128960865,0.000452898550725,0.01,1
soc-LiveJournal1,b2_accurate,e2e_BF16_final,source_MKL_FP32,66260,13.2248997666,0.0128776238095,0.0144412546499,0.03,1
soc-LiveJournal1,b4_fast,kernel_FP32,paper_tfs,5.53344726562,0.0224053115351,0.00292769661415,0.00237819102818,0.01,1
soc-LiveJournal1,b4_fast,e2e_FP32_final,paper_tfs,20628,4.77417353611,0.00458763963452,0.00454343820303,0.01,1
soc-LiveJournal1,b4_fast,e2e_BF16_final,paper_tfs,32768,4.7611590117,0.00516298207416,0.00724637681159,0.02,1
soc-LiveJournal1,b4_fast,e2e_BF16_final,source_MKL_FP32,99028,17.758886755,0.0172863496832,0.0215829846887,0.03,1
soc-LiveJournal1,b4_accurate,kernel_FP32,paper_tfs,0.015625,1.69562190065e-06,4.8387299978e-07,6.71538609325e-06,0.001,1
soc-LiveJournal1,b4_accurate,e2e_FP32_final,paper_tfs,39.25,0.00420151942702,7.21502288172e-06,8.64504311949e-06,0.001,1
soc-LiveJournal1,b4_accurate,e2e_BF16_final,paper_tfs,4096,0.00419135627834,0.000131052848228,0.000905797101449,0.01,1
soc-LiveJournal1,b4_accurate,e2e_BF16_final,source_MKL_FP32,66260,13.2248711495,0.0128776989683,0.0144412546499,0.03,1
soc-LiveJournal1,b8_fast,kernel_FP32,paper_tfs,6.41796875,0.0236970636212,0.00310693662114,0.0027583448378,0.01,1
soc-LiveJournal1,b8_fast,e2e_FP32_final,paper_tfs,23832,5.44946227528,0.0052718104828,0.00524913802863,0.01,1
soc-LiveJournal1,b8_fast,e2e_BF16_final,paper_tfs,32768,5.43398418865,0.00569346663903,0.00724637681159,0.02,1
soc-LiveJournal1,b8_fast,e2e_BF16_final,source_MKL_FP32,99028,18.4344304165,0.0179520915421,0.0215829846887,0.03,1
soc-LiveJournal1,b8_accurate,kernel_FP32,paper_tfs,0.0143432617188,2.63716016217e-06,7.05428420466e-07,6.16451457779e-06,0.001,1
soc-LiveJournal1,b8_accurate,e2e_FP32_final,paper_tfs,31.75,0.00571930680102,7.59106729856e-06,6.99312405207e-06,0.001,1
soc-LiveJournal1,b8_accurate,e2e_BF16_final,paper_tfs,2048,0.00566007948371,0.000130577748447,0.000452898550725,0.01,1
soc-LiveJournal1,b8_accurate,e2e_BF16_final,source_MKL_FP32,66260,13.2250541652,0.0128776378249,0.0144412546499,0.03,1
soc-LiveJournal1,b16_fast,kernel_FP32,paper_tfs,7.5146484375,0.0243214125626,0.00320363985244,0.00322968099922,0.01,1
soc-LiveJournal1,b16_fast,e2e_FP32_final,paper_tfs,25036,5.7353791992,0.00555811611081,0.00551432610292,0.01,1
soc-LiveJournal1,b16_fast,e2e_BF16_final,paper_tfs,32768,5.72022877067,0.00594911172183,0.00724637681159,0.02,1
soc-LiveJournal1,b16_fast,e2e_BF16_final,source_MKL_FP32,99028,18.7017401767,0.0182324245102,0.0215829846887,0.03,1
soc-LiveJournal1,b16_accurate,kernel_FP32,paper_tfs,0.0146484375,8.4330261422e-06,1.72908339088e-06,6.29567446243e-06,0.001,1
soc-LiveJournal1,b16_accurate,e2e_FP32_final,paper_tfs,35.5,0.0125423951968,1.11195702114e-05,7.81908358578e-06,0.001,1
soc-LiveJournal1,b16_accurate,e2e_BF16_final,paper_tfs,4096,0.0124945787578,0.000174354569564,0.000905797101449,0.01,1
soc-LiveJournal1,b16_accurate,e2e_BF16_final,source_MKL_FP32,66260,13.2256951453,0.0128786373922,0.0144412546499,0.03,1
soc-LiveJournal1,b32_fast,kernel_FP32,paper_tfs,6.26721191406,0.0244318302082,0.00322094198921,0.00269355185479,0.01,1
soc-LiveJournal1,b32_fast,e2e_FP32_final,paper_tfs,25098,5.84203365507,0.00565587478659,0.00552798196721,0.01,1
soc-LiveJournal1,b32_fast,e2e_BF16_final,paper_tfs,32768,5.82532605908,0.00603110598651,0.00724637681159,0.02,1
soc-LiveJournal1,b32_fast,e2e_BF16_final,source_MKL_FP32,99028,18.7801999207,0.0183038872326,0.0215829846887,0.03,1
soc-LiveJournal1,b32_accurate,kernel_FP32,paper_tfs,0.018310546875,1.48483526766e-05,3.06607587526e-06,7.86959307803e-06,0.001,1
soc-LiveJournal1,b32_accurate,e2e_FP32_final,paper_tfs,35.5,0.021001229059,1.71448757506e-05,7.81908358578e-06,0.001,1
soc-LiveJournal1,b32_accurate,e2e_BF16_final,paper_tfs,2048,0.0209610570505,0.000217607702043,0.000452898550725,0.01,1
soc-LiveJournal1,b32_accurate,e2e_BF16_final,source_MKL_FP32,66260,13.2274564115,0.0128797766169,0.0144412546499,0.03,1
soc-LiveJournal1,b64_fast,kernel_FP32,paper_tfs,6.44287109375,0.0244987727338,0.00323585575574,0.00276904748439,0.01,1
soc-LiveJournal1,b64_fast,e2e_FP32_final,paper_tfs,25650,5.91146481266,0.00571259040755,0.00564956321057,0.01,1
soc-LiveJournal1,b64_fast,e2e_BF16_final,paper_tfs,32768,5.89548085473,0.00609595795163,0.00724637681159,0.02,1
soc-LiveJournal1,b64_fast,e2e_BF16_final,source_MKL_FP32,99028,18.8218154772,0.0183508870473,0.0215829846887,0.03,1
soc-LiveJournal1,b64_accurate,kernel_FP32,paper_tfs,0.019775390625,1.92471797808e-05,4.29442241239e-06,8.49916052427e-06,0.001,1
soc-LiveJournal1,b64_accurate,e2e_FP32_final,paper_tfs,53.5,0.0281621811556,2.33989743552e-05,1.17836893476e-05,0.001,1
soc-LiveJournal1,b64_accurate,e2e_BF16_final,paper_tfs,4096,0.0283399337012,0.000276295268994,0.000905797101449,0.01,1
soc-LiveJournal1,b64_accurate,e2e_BF16_final,source_MKL_FP32,66260,13.2300280477,0.0128835755375,0.0144412546499,0.03,1
soc-LiveJournal1,bfull_fast,kernel_FP32,paper_tfs,7.9365234375,0.0245026906471,0.00323954448119,0.00341099642374,0.01,1
soc-LiveJournal1,bfull_fast,e2e_FP32_final,paper_tfs,23714.5,5.98659947406,0.00588794429307,0.00522325796324,0.01,1
soc-LiveJournal1,bfull_fast,e2e_BF16_final,paper_tfs,32768,5.97030326947,0.00628301249673,0.00724637681159,0.02,1
soc-LiveJournal1,bfull_fast,e2e_BF16_final,source_MKL_FP32,99028,18.8515393465,0.0183946727007,0.0215829846887,0.03,1
soc-LiveJournal1,bfull_accurate,kernel_FP32,paper_tfs,0.0235595703125,2.12894958322e-05,5.2152487564e-06,1.01255430937e-05,0.001,1
soc-LiveJournal1,bfull_accurate,e2e_FP32_final,paper_tfs,65.75,0.0337082991272,2.77753994732e-05,1.44818238244e-05,0.001,1
soc-LiveJournal1,bfull_accurate,e2e_BF16_final,paper_tfs,4096,0.0336595410837,0.000307796730564,0.000905797101449,0.01,1
soc-LiveJournal1,bfull_accurate,e2e_BF16_final,source_MKL_FP32,66260,13.2322252229,0.0128878122324,0.0144412546499,0.03,1
com-LiveJournal,paper_tfs,kernel_FP32,paper_tfs,0,0,0,0,0.01,1
com-LiveJournal,paper_tfs,e2e_FP32_final,paper_tfs,0,0,0,0,0.01,1
com-LiveJournal,paper_tfs,e2e_BF16_final,paper_tfs,0,0,0,0,0.02,1
com-LiveJournal,paper_tfs,e2e_BF16_final,source_MKL_FP32,37904.75,18.7738840035,0.0128691809134,0.0133545182028,0.03,1
com-LiveJournal,b2_fast,kernel_FP32,paper_tfs,4.06079101562,0.0213043156708,0.00234236086123,0.00195321054947,0.01,1
com-LiveJournal,b2_fast,e2e_FP32_final,paper_tfs,7913,4.71136527424,0.00316548873757,0.00281394483381,0.01,1
com-LiveJournal,b2_fast,e2e_BF16_final,paper_tfs,16384,4.69859689592,0.00418814479292,0.00584795321637,0.02,1
com-LiveJournal,b2_fast,e2e_BF16_final,source_MKL_FP32,48097.75,23.1191744437,0.0158759848378,0.0169456935579,0.03,1
com-LiveJournal,b2_accurate,kernel_FP32,paper_tfs,0.0147094726562,2.30995838097e-06,5.91264908123e-07,7.07514793518e-06,0.001,1
com-LiveJournal,b2_accurate,e2e_FP32_final,paper_tfs,45.75,0.00682565455724,6.885405266e-06,1.62691742887e-05,0.001,1
com-LiveJournal,b2_accurate,e2e_BF16_final,paper_tfs,2048,0.00675988717539,0.000127183236732,0.000730994152047,0.01,1
com-LiveJournal,b2_accurate,e2e_BF16_final,source_MKL_FP32,37904.75,18.7738741279,0.0128690866859,0.0133545182028,0.03,1
com-LiveJournal,b4_fast,kernel_FP32,paper_tfs,5.05297851562,0.0265179439536,0.00293305130641,0.00243044542431,0.01,1
com-LiveJournal,b4_fast,e2e_FP32_final,paper_tfs,12499.5,6.88341817134,0.00461965809143,0.0044449517819,0.01,1
com-LiveJournal,b4_fast,e2e_BF16_final,paper_tfs,16384,6.86434858073,0.00518628807882,0.00584795321637,0.02,1
com-LiveJournal,b4_fast,e2e_BF16_final,source_MKL_FP32,53345.75,25.3344077212,0.0173325200364,0.0187946573824,0.03,1
com-LiveJournal,b4_accurate,kernel_FP32,paper_tfs,0.01171875,2.06970814352e-06,5.10765711681e-07,5.63663237989e-06,0.001,1
com-LiveJournal,b4_accurate,e2e_FP32_final,paper_tfs,28.5,0.00700528137402,7.2782978359e-06,1.01348954586e-05,0.001,1
com-LiveJournal,b4_accurate,e2e_BF16_final,paper_tfs,4096,0.00695349557421,0.000129590116904,0.00146198830409,0.01,1
com-LiveJournal,b4_accurate,e2e_BF16_final,source_MKL_FP32,37904.75,18.7739125459,0.0128691162719,0.0133545182028,0.03,1
com-LiveJournal,b8_fast,kernel_FP32,paper_tfs,5.529296875,0.0280565246546,0.0031128922505,0.00265955104458,0.01,1
com-LiveJournal,b8_fast,e2e_FP32_final,paper_tfs,14605.5,7.81768328179,0.00529335635621,0.00519386721473,0.01,1
com-LiveJournal,b8_fast,e2e_BF16_final,paper_tfs,16384,7.79575783402,0.00571751148408,0.00584795321637,0.02,1
com-LiveJournal,b8_fast,e2e_BF16_final,source_MKL_FP32,53345.75,26.2667675315,0.0179907889115,0.0187946573824,0.03,1
com-LiveJournal,b8_accurate,kernel_FP32,paper_tfs,0.0126953125,3.19637975943e-06,7.19805978598e-07,6.10635174488e-06,0.001,1
com-LiveJournal,b8_accurate,e2e_FP32_final,paper_tfs,22.359375,0.00890370014401,7.48045779455e-06,7.9512255489e-06,0.001,1
com-LiveJournal,b8_accurate,e2e_BF16_final,paper_tfs,2048,0.00881453441527,0.000130967299615,0.000730994152047,0.01,1
com-LiveJournal,b8_accurate,e2e_BF16_final,source_MKL_FP32,37904.75,18.7740868717,0.0128691885061,0.0133545182028,0.03,1
com-LiveJournal,b16_fast,kernel_FP32,paper_tfs,6.93103027344,0.0288055318555,0.00320868668805,0.0033337744781,0.01,1
com-LiveJournal,b16_fast,e2e_FP32_final,paper_tfs,15272.25,8.20277941062,0.00554413875927,0.00543097042691,0.01,1
com-LiveJournal,b16_fast,e2e_BF16_final,paper_tfs,16384,8.18019529806,0.00593464316446,0.00584795321637,0.02,1
com-LiveJournal,b16_fast,e2e_BF16_final,source_MKL_FP32,53345.75,26.6243279208,0.0182288882046,0.0187946573824,0.03,1
com-LiveJournal,b16_accurate,kernel_FP32,paper_tfs,0.0108642578125,1.02491714038e-05,1.74745547825e-06,5.22562793553e-06,0.001,1
com-LiveJournal,b16_accurate,e2e_FP32_final,paper_tfs,22.5,0.0185288104417,1.06190442934e-05,8.00123325675e-06,0.001,1
com-LiveJournal,b16_accurate,e2e_BF16_final,paper_tfs,4096,0.01844690512,0.000168822889292,0.00146198830409,0.01,1
com-LiveJournal,b16_accurate,e2e_BF16_final,source_MKL_FP32,37904.75,18.7750256268,0.0128697916994,0.0133545182028,0.03,1
com-LiveJournal,b32_fast,kernel_FP32,paper_tfs,5.9970703125,0.0289387933207,0.00322578366958,0.00288454662041,0.01,1
com-LiveJournal,b32_fast,e2e_FP32_final,paper_tfs,15558.75,8.34210074062,0.00563026036616,0.00553285279704,0.01,1
com-LiveJournal,b32_fast,e2e_BF16_final,paper_tfs,16384,8.31893495974,0.00601711878632,0.00584795321637,0.02,1
com-LiveJournal,b32_fast,e2e_BF16_final,source_MKL_FP32,53345.75,26.7261287413,0.0183059022736,0.0187946573824,0.03,1
com-LiveJournal,b32_accurate,kernel_FP32,paper_tfs,0.0125732421875,1.80888337725e-05,3.1017154781e-06,6.04763682426e-06,0.001,1
com-LiveJournal,b32_accurate,e2e_FP32_final,paper_tfs,23.25,0.0280107713126,1.41697733234e-05,8.26794103198e-06,0.001,1
com-LiveJournal,b32_accurate,e2e_BF16_final,paper_tfs,8192,0.0278980872155,0.000210360358683,0.00292397660819,0.01,1
com-LiveJournal,b32_accurate,e2e_BF16_final,source_MKL_FP32,37904.75,18.7775157941,0.0128719330579,0.0133545182028,0.03,1
com-LiveJournal,b64_fast,kernel_FP32,paper_tfs,6.5400390625,0.0290276905659,0.00324243976422,0.00314571058735,0.01,1
com-LiveJournal,b64_fast,e2e_FP32_final,paper_tfs,15810.75,8.4445481637,0.00569256585011,0.00562246660952,0.01,1
com-LiveJournal,b64_fast,e2e_BF16_final,paper_tfs,16384,8.42146359547,0.00607767240714,0.00584795321637,0.02,1
com-LiveJournal,b64_fast,e2e_BF16_final,source_MKL_FP32,53345.75,26.7890945634,0.0183444969133,0.0187946573824,0.03,1
com-LiveJournal,b64_accurate,kernel_FP32,paper_tfs,0.016357421875,2.35548542032e-05,4.36237507206e-06,7.8677993636e-06,0.001,1
com-LiveJournal,b64_accurate,e2e_FP32_final,paper_tfs,40.25,0.0392444836517,2.02247542215e-05,1.43133172704e-05,0.001,1
com-LiveJournal,b64_accurate,e2e_BF16_final,paper_tfs,8192,0.0389933933146,0.000250946534661,0.00292397660819,0.01,1
com-LiveJournal,b64_accurate,e2e_BF16_final,source_MKL_FP32,37904.75,18.7816637337,0.0128756010588,0.0133545182028,0.03,1
com-LiveJournal,bfull_fast,kernel_FP32,paper_tfs,5.24780273438,0.0290304786294,0.00324507654098,0.00252415443762,0.01,1
com-LiveJournal,bfull_fast,e2e_FP32_final,paper_tfs,15874.5,8.56417095331,0.00587799678191,0.00564513677041,0.01,1
com-LiveJournal,bfull_fast,e2e_BF16_final,paper_tfs,16384,8.53978982793,0.00627983341884,0.00584795321637,0.02,1
com-LiveJournal,bfull_fast,e2e_BF16_final,source_MKL_FP32,54288.75,26.8372687296,0.018407251517,0.0191268930696,0.03,1
com-LiveJournal,bfull_accurate,kernel_FP32,paper_tfs,0.02001953125,2.61520194221e-05,5.34868647771e-06,9.62924698232e-06,0.001,1
com-LiveJournal,bfull_accurate,e2e_FP32_final,paper_tfs,39.75,0.0465230719616,2.51449358526e-05,1.41355120869e-05,0.001,1
com-LiveJournal,bfull_accurate,e2e_BF16_final,paper_tfs,8192,0.0462518415758,0.000302442768664,0.00292397660819,0.01,1
com-LiveJournal,bfull_accurate,e2e_BF16_final,source_MKL_FP32,37904.75,18.7850000283,0.0128801674759,0.0133545182028,0.03,1
as-Skitter,paper_tfs,kernel_FP32,paper_tfs,0,0,0,0,0.01,1
as-Skitter,paper_tfs,e2e_FP32_final,paper_tfs,0,0,0,0,0.01,1
as-Skitter,paper_tfs,e2e_BF16_final,paper_tfs,0,0,0,0,0.02,1
as-Skitter,paper_tfs,e2e_BF16_final,source_MKL_FP32,101176,49.296742437,0.0115825632437,0.0141074558509,0.03,1
as-Skitter,b2_fast,kernel_FP32,paper_tfs,8.30126953125,0.0179046284721,0.00225482324335,0.00189296892485,0.01,1
as-Skitter,b2_fast,e2e_FP32_final,paper_tfs,20868.5,15.6791491598,0.00352892780936,0.00294154813939,0.01,1
as-Skitter,b2_fast,e2e_BF16_final,paper_tfs,32768,15.6371669665,0.00443992552771,0.00462962962963,0.02,1
as-Skitter,b2_fast,e2e_BF16_final,source_MKL_FP32,126690.5,63.548522543,0.0148878136328,0.0176650651882,0.03,1
as-Skitter,b2_accurate,kernel_FP32,paper_tfs,0.0625,1.79541313284e-06,2.74232784672e-06,1.42521041339e-05,0.001,1
as-Skitter,b2_accurate,e2e_FP32_final,paper_tfs,1058.5,0.126094797167,3.99400024691e-05,0.000149202324342,0.001,1
as-Skitter,b2_accurate,e2e_BF16_final,paper_tfs,16384,0.125389687031,0.000313044316827,0.00231481481481,0.01,1
as-Skitter,b2_accurate,e2e_BF16_final,source_MKL_FP32,101176,49.3174056925,0.0115883329425,0.0141074558509,0.03,1
as-Skitter,b4_fast,kernel_FP32,paper_tfs,11.0871582031,0.02222417476,0.00285925158724,0.00252824533216,0.01,1
as-Skitter,b4_fast,e2e_FP32_final,paper_tfs,33035,21.8561041524,0.00498187692768,0.00465649389197,0.01,1
as-Skitter,b4_fast,e2e_BF16_final,paper_tfs,32768,21.7969242266,0.00547418499778,0.00462962962963,0.02,1
as-Skitter,b4_fast,e2e_BF16_final,source_MKL_FP32,126690.5,69.7754275261,0.0163046695095,0.0176650651882,0.03,1
as-Skitter,b4_accurate,kernel_FP32,paper_tfs,0.060302734375,1.62392434855e-06,2.33951952847e-06,1.37510535979e-05,0.001,1
as-Skitter,b4_accurate,e2e_FP32_final,paper_tfs,155.5,0.131979634077,3.85235203836e-05,2.19187165189e-05,0.001,1
as-Skitter,b4_accurate,e2e_BF16_final,paper_tfs,8192,0.131339827064,0.000309741926649,0.00115740740741,0.01,1
as-Skitter,b4_accurate,e2e_BF16_final,source_MKL_FP32,101176,49.3166646506,0.0115874468321,0.0141074558509,0.03,1
as-Skitter,b8_fast,kernel_FP32,paper_tfs,11.982421875,0.0234653225435,0.00304953031939,0.00273239558942,0.01,1
as-Skitter,b8_fast,e2e_FP32_final,paper_tfs,37308,24.1472403914,0.00556254660663,0.00525880048802,0.01,1
as-Skitter,b8_fast,e2e_BF16_final,paper_tfs,32768,24.0786532215,0.00596740337275,0.00462962962963,0.02,1
as-Skitter,b8_fast,e2e_BF16_final,source_MKL_FP32,133944,72.0711032923,0.0168777332741,0.0186764555477,0.03,1
as-Skitter,b8_accurate,kernel_FP32,paper_tfs,0.04443359375,2.29921066266e-06,2.20114479824e-06,1.01323552827e-05,0.001,1
as-Skitter,b8_accurate,e2e_FP32_final,paper_tfs,97,0.128560007827,3.81990509849e-05,1.36727685037e-05,0.001,1
as-Skitter,b8_accurate,e2e_BF16_final,paper_tfs,8192,0.127974044067,0.000308316946638,0.00115740740741,0.01,1
as-Skitter,b8_accurate,e2e_BF16_final,source_MKL_FP32,101176,49.316902921,0.0115873663166,0.0141074558509,0.03,1
as-Skitter,b16_fast,kernel_FP32,paper_tfs,12.4223632812,0.0239922974647,0.00313874169423,0.00283271704117,0.01,1
as-Skitter,b16_fast,e2e_FP32_final,paper_tfs,38756.5,24.8296753954,0.00571218303949,0.00546297579913,0.01,1
as-Skitter,b16_fast,e2e_BF16_final,paper_tfs,32768,24.7601353723,0.00610530435335,0.00462962962963,0.02,1
as-Skitter,b16_fast,e2e_BF16_final,source_MKL_FP32,133944,72.6571623948,0.0170026892077,0.0186764555477,0.03,1
as-Skitter,b16_accurate,kernel_FP32,paper_tfs,0.0419921875,6.26714470851e-06,2.54908241031e-06,9.57563246496e-06,0.001,1
as-Skitter,b16_accurate,e2e_FP32_final,paper_tfs,110.5,0.122347899245,3.67013032601e-05,1.55756795842e-05,0.001,1
as-Skitter,b16_accurate,e2e_BF16_final,paper_tfs,8192,0.121809692584,0.00031071640333,0.00115740740741,0.01,1
as-Skitter,b16_accurate,e2e_BF16_final,source_MKL_FP32,101176,49.3249012388,0.0115884707651,0.0141074558509,0.03,1
as-Skitter,b32_fast,kernel_FP32,paper_tfs,12.6279296875,0.0240784841519,0.00315525670904,0.00287959310243,0.01,1
as-Skitter,b32_fast,e2e_FP32_final,paper_tfs,39734,25.1406410905,0.00581348281862,0.00560076065699,0.01,1
as-Skitter,b32_fast,e2e_BF16_final,paper_tfs,32768,25.0699900147,0.00620554813107,0.00462962962963,0.02,1
as-Skitter,b32_fast,e2e_BF16_final,source_MKL_FP32,133944,72.8683128954,0.0170700577075,0.0186764555477,0.03,1
as-Skitter,b32_accurate,kernel_FP32,paper_tfs,0.038330078125,1.0212229647e-05,3.40105359858e-06,8.74054823836e-06,0.001,1
as-Skitter,b32_accurate,e2e_FP32_final,paper_tfs,98.5,0.145807476019,3.85948102342e-05,1.38842030682e-05,0.001,1
as-Skitter,b32_accurate,e2e_BF16_final,paper_tfs,8192,0.145261462708,0.000322374939542,0.00115740740741,0.01,1
as-Skitter,b32_accurate,e2e_BF16_final,source_MKL_FP32,101176,49.3293851112,0.0115902736847,0.0141074558509,0.03,1
as-Skitter,b64_fast,kernel_FP32,paper_tfs,12.7639160156,0.0241241709683,0.00317383389263,0.00291060256337,0.01,1
as-Skitter,b64_fast,e2e_FP32_final,paper_tfs,39717.5,25.447340191,0.00592238221834,0.00559843487678,0.01,1
as-Skitter,b64_fast,e2e_BF16_final,paper_tfs,32768,25.374573895,0.00630847915001,0.00462962962963,0.02,1
as-Skitter,b64_fast,e2e_BF16_final,source_MKL_FP32,133944,73.1586083381,0.017168137754,0.0186764555477,0.03,1
as-Skitter,b64_accurate,kernel_FP32,paper_tfs,0.0478515625,1.26918311543e-05,4.43286143655e-06,1.09117672275e-05,0.001,1
as-Skitter,b64_accurate,e2e_FP32_final,paper_tfs,132,0.160743608146,3.98353491586e-05,1.86062416752e-05,0.001,1
as-Skitter,b64_accurate,e2e_BF16_final,paper_tfs,8192,0.160524014425,0.000344394291288,0.00115740740741,0.01,1
as-Skitter,b64_accurate,e2e_BF16_final,source_MKL_FP32,101176,49.3371451971,0.0115919883574,0.0141074558509,0.03,1
as-Skitter,bfull_fast,kernel_FP32,paper_tfs,13.8238525391,0.0241367617241,0.00322832966378,0.00315230377469,0.01,1
as-Skitter,bfull_fast,e2e_FP32_final,paper_tfs,46943.5,25.7084822882,0.00604604186784,0.00661698565212,0.01,1
as-Skitter,bfull_fast,e2e_BF16_final,paper_tfs,65536,25.6329044094,0.0064397834697,0.00925925925926,0.02,1
as-Skitter,bfull_fast,e2e_BF16_final,source_MKL_FP32,133944,73.3207592817,0.0172384073062,0.0186764555477,0.03,1
as-Skitter,bfull_accurate,kernel_FP32,paper_tfs,0.05859375,1.44155470569e-05,6.51587562234e-06,1.33613476255e-05,0.001,1
as-Skitter,bfull_accurate,e2e_FP32_final,paper_tfs,174,0.247799351897,5.19874991689e-05,2.4526409481e-05,0.001,1
as-Skitter,bfull_accurate,e2e_BF16_final,paper_tfs,8192,0.246892729096,0.000383564387194,0.00115740740741,0.01,1
as-Skitter,bfull_accurate,e2e_BF16_final,source_MKL_FP32,101176,49.3575111018,0.0115952641068,0.0141074558509,0.03,1
rgg_n_2_24_s0,paper_tfs,kernel_FP32,paper_tfs,0,0,0,0,0.01,1
rgg_n_2_24_s0,paper_tfs,e2e_FP32_final,paper_tfs,0,0,0,0,0.01,1
rgg_n_2_24_s0,paper_tfs,e2e_BF16_final,paper_tfs,0,0,0,0,0.02,1
rgg_n_2_24_s0,paper_tfs,e2e_BF16_final,source_MKL_FP32,190.588867188,9.43934433653,0.0131541738972,0.0151953371992,0.03,1
rgg_n_2_24_s0,b2_fast,kernel_FP32,paper_tfs,0.276832580566,0.027690758727,0.00235065458494,0.00237879628122,0.01,1
rgg_n_2_24_s0,b2_fast,e2e_FP32_final,paper_tfs,43.1064453125,2.47937336967,0.00346217479354,0.00347281447377,0.01,1
rgg_n_2_24_s0,b2_fast,e2e_BF16_final,paper_tfs,64,2.47241865262,0.00435575411829,0.00518134715026,0.02,1
rgg_n_2_24_s0,b2_fast,e2e_BF16_final,source_MKL_FP32,218.8125,11.7261302844,0.0163031506135,0.0174455610653,0.03,1
rgg_n_2_24_s0,b2_accurate,kernel_FP32,paper_tfs,9.1552734375e-05,2.12563226745e-06,2.14589292844e-07,7.86704020248e-07,0.001,1
rgg_n_2_24_s0,b2_accurate,e2e_FP32_final,paper_tfs,0.495361328125,0.00123661590234,8.95678416604e-06,3.99081385066e-05,0.001,1
rgg_n_2_24_s0,b2_accurate,e2e_BF16_final,paper_tfs,32,0.00123065050572,8.10030494574e-05,0.00259067357513,0.01,1
rgg_n_2_24_s0,b2_accurate,e2e_BF16_final,source_MKL_FP32,190.588867188,9.43934352666,0.0131541713514,0.0151953371992,0.03,1
rgg_n_2_24_s0,b4_fast,kernel_FP32,paper_tfs,0.328453063965,0.0346407173566,0.00294173315621,0.00282236623131,0.01,1
rgg_n_2_24_s0,b4_fast,e2e_FP32_final,paper_tfs,58.3837890625,3.44429383308,0.0048080280458,0.00470361372226,0.01,1
rgg_n_2_24_s0,b4_fast,e2e_BF16_final,paper_tfs,64,3.43464589153,0.00535888326432,0.00518134715026,0.02,1
rgg_n_2_24_s0,b4_fast,e2e_BF16_final,source_MKL_FP32,238.223632812,12.7158901775,0.0176631974737,0.0189931787875,0.03,1
rgg_n_2_24_s0,b4_accurate,kernel_FP32,paper_tfs,9.53674316406e-05,1.93418065611e-06,1.93689004121e-07,8.19483354425e-07,0.001,1
rgg_n_2_24_s0,b4_accurate,e2e_FP32_final,paper_tfs,0.495361328125,0.00119092242772,8.50634836017e-06,3.99081385066e-05,0.001,1
rgg_n_2_24_s0,b4_accurate,e2e_BF16_final,paper_tfs,32,0.00118648898236,7.90368627586e-05,0.00259067357513,0.01,1
rgg_n_2_24_s0,b4_accurate,e2e_BF16_final,source_MKL_FP32,190.588867188,9.43936092406,0.0131541955229,0.0151953371992,0.03,1
rgg_n_2_24_s0,b8_fast,kernel_FP32,paper_tfs,0.405860900879,0.0368046585405,0.00312659264514,0.00348752448043,0.01,1
rgg_n_2_24_s0,b8_fast,e2e_FP32_final,paper_tfs,71.52734375,3.86284021166,0.00538885106922,0.00576250704146,0.01,1
rgg_n_2_24_s0,b8_fast,e2e_BF16_final,paper_tfs,64,3.85202289729,0.00584415511611,0.00518134715026,0.02,1
rgg_n_2_24_s0,b8_fast,e2e_BF16_final,source_MKL_FP32,254.588867188,13.1199218034,0.0182158762108,0.0202979520323,0.03,1
rgg_n_2_24_s0,b8_accurate,kernel_FP32,paper_tfs,0.000221252441406,3.27649631818e-06,5.66842591685e-07,1.90120138227e-06,0.001,1
rgg_n_2_24_s0,b8_accurate,e2e_FP32_final,paper_tfs,0.49462890625,0.00214300135116,1.05352678459e-05,3.98491318947e-05,0.001,1
rgg_n_2_24_s0,b8_accurate,e2e_BF16_final,paper_tfs,32,0.00213634993143,0.000104835820776,0.00259067357513,0.01,1
rgg_n_2_24_s0,b8_accurate,e2e_BF16_final,source_MKL_FP32,190.588867188,9.43942492645,0.0131542817607,0.0151953371992,0.03,1
rgg_n_2_24_s0,b16_fast,kernel_FP32,paper_tfs,0.354034423828,0.0380479403785,0.00323220458387,0.0030421844463,0.01,1
rgg_n_2_24_s0,b16_fast,e2e_FP32_final,paper_tfs,70.63671875,4.09334863699,0.00569894476409,0.0056907550014,0.01,1
rgg_n_2_24_s0,b16_fast,e2e_BF16_final,paper_tfs,64,4.08187886662,0.00612615516426,0.00518134715026,0.02,1
rgg_n_2_24_s0,b16_fast,e2e_BF16_final,source_MKL_FP32,254.588867188,13.3122408338,0.0184681482099,0.0202979520323,0.03,1
rgg_n_2_24_s0,b16_accurate,kernel_FP32,paper_tfs,0.000375986099243,1.37958068562e-05,1.68399401361e-06,3.23081312482e-06,0.001,1
rgg_n_2_24_s0,b16_accurate,e2e_FP32_final,paper_tfs,0.52734375,0.00763273843608,2.05884299946e-05,4.2484760559e-05,0.001,1
rgg_n_2_24_s0,b16_accurate,e2e_BF16_final,paper_tfs,32,0.00760725200068,0.000197113794832,0.00259067357513,0.01,1
rgg_n_2_24_s0,b16_accurate,e2e_BF16_final,source_MKL_FP32,190.588867188,9.43980349456,0.0131547992664,0.0151953371992,0.03,1
rgg_n_2_24_s0,b32_fast,kernel_FP32,paper_tfs,0.37043762207,0.0384337633963,0.00326823167238,0.00318313558326,0.01,1
rgg_n_2_24_s0,b32_fast,e2e_FP32_final,paper_tfs,72.7822265625,4.19345291167,0.0058626254281,0.00586360503649,0.01,1
rgg_n_2_24_s0,b32_fast,e2e_BF16_final,paper_tfs,64,4.1816951291,0.00627725788891,0.00518134715026,0.02,1
rgg_n_2_24_s0,b32_fast,e2e_BF16_final,source_MKL_FP32,254.588867188,13.3989539461,0.0186043902007,0.0202979520323,0.03,1
rgg_n_2_24_s0,b32_accurate,kernel_FP32,paper_tfs,0.000575065612793,1.75694863059e-05,2.06851043726e-06,4.94148462718e-06,0.001,1
rgg_n_2_24_s0,b32_accurate,e2e_FP32_final,paper_tfs,0.678466796875,0.00969019452958,2.41553346972e-05,5.46597914785e-05,0.001,1
rgg_n_2_24_s0,b32_accurate,e2e_BF16_final,paper_tfs,32,0.00966446649962,0.000226960074125,0.00259067357513,0.01,1
rgg_n_2_24_s0,b32_accurate,e2e_BF16_final,source_MKL_FP32,190.588867188,9.44004471575,0.0131552283385,0.0151953371992,0.03,1
rgg_n_2_24_s0,b64_fast,kernel_FP32,paper_tfs,0.37043762207,0.038433857048,0.00326824265474,0.00318313558326,0.01,1
rgg_n_2_24_s0,b64_fast,e2e_FP32_final,paper_tfs,75.341796875,4.19348919808,0.00586274522077,0.00606981347617,0.01,1
rgg_n_2_24_s0,b64_fast,e2e_BF16_final,paper_tfs,64,4.18172953651,0.00627735988506,0.00518134715026,0.02,1
rgg_n_2_24_s0,b64_fast,e2e_BF16_final,source_MKL_FP32,254.588867188,13.3989871429,0.0186044922592,0.0202979520323,0.03,1
rgg_n_2_24_s0,b64_accurate,kernel_FP32,paper_tfs,0.000587463378906,1.75700264172e-05,2.06862955043e-06,5.04801746326e-06,0.001,1
rgg_n_2_24_s0,b64_accurate,e2e_FP32_final,paper_tfs,0.678466796875,0.00969019326899,2.41550188253e-05,5.46597914785e-05,0.001,1
rgg_n_2_24_s0,b64_accurate,e2e_BF16_final,paper_tfs,32,0.00966458987456,0.000226961742922,0.00259067357513,0.01,1
rgg_n_2_24_s0,b64_accurate,e2e_BF16_final,source_MKL_FP32,190.588867188,9.44004502978,0.0131552288483,0.0151953371992,0.03,1
rgg_n_2_24_s0,bfull_fast,kernel_FP32,paper_tfs,0.37043762207,0.038433857048,0.00326824265474,0.00318313558326,0.01,1
rgg_n_2_24_s0,bfull_fast,e2e_FP32_final,paper_tfs,75.341796875,4.19348919808,0.00586274522077,0.00606981347617,0.01,1
rgg_n_2_24_s0,bfull_fast,e2e_BF16_final,paper_tfs,64,4.18172953651,0.00627735988506,0.00518134715026,0.02,1
rgg_n_2_24_s0,bfull_fast,e2e_BF16_final,source_MKL_FP32,254.588867188,13.3989871429,0.0186044922592,0.0202979520323,0.03,1
rgg_n_2_24_s0,bfull_accurate,kernel_FP32,paper_tfs,0.000587463378906,1.75700264172e-05,2.06862955043e-06,5.04801746326e-06,0.001,1
rgg_n_2_24_s0,bfull_accurate,e2e_FP32_final,paper_tfs,0.678466796875,0.00969019326899,2.41550188253e-05,5.46597914785e-05,0.001,1
rgg_n_2_24_s0,bfull_accurate,e2e_BF16_final,paper_tfs,32,0.00966458987456,0.000226961742922,0.00259067357513,0.01,1
rgg_n_2_24_s0,bfull_accurate,e2e_BF16_final,source_MKL_FP32,190.588867188,9.44004502978,0.0131552288483,0.0151953371992,0.03,1
web-Google,paper_tfs,kernel_FP32,paper_tfs,0,0,0,0,0.01,1
web-Google,paper_tfs,e2e_FP32_final,paper_tfs,0,0,0,0,0.01,1
web-Google,paper_tfs,e2e_BF16_final,paper_tfs,0,0,0,0,0.02,1
web-Google,paper_tfs,e2e_BF16_final,source_MKL_FP32,666.25,2.55826937075,0.0131663707239,0.0153772862624,0.03,1
web-Google,b2_fast,kernel_FP32,paper_tfs,0.658058166504,0.0122864588357,0.00229287389597,0.00258655093076,0.01,1
web-Google,b2_fast,e2e_FP32_final,paper_tfs,135.23046875,0.661050390754,0.00338539719708,0.00315300570636,0.01,1
web-Google,b2_fast,e2e_BF16_final,paper_tfs,128,0.659396168523,0.00428796548863,0.00299401197605,0.02,1
web-Google,b2_fast,e2e_BF16_final,source_MKL_FP32,666.25,3.12795555852,0.0161596774736,0.0153772862624,0.03,1
web-Google,b2_accurate,kernel_FP32,paper_tfs,0.00048828125,7.17819848195e-07,1.9082321084e-07,1.91922900732e-06,0.001,1
web-Google,b2_accurate,e2e_FP32_final,paper_tfs,0.398498535156,0.000262296758178,9.32796138655e-06,9.29130962081e-06,0.001,1
web-Google,b2_accurate,e2e_BF16_final,paper_tfs,32,0.000257206852272,7.4373577021e-05,0.000748502994012,0.01,1
web-Google,b2_accurate,e2e_BF16_final,source_MKL_FP32,666.25,2.5582703889,0.0131663398432,0.0153772862624,0.03,1
web-Google,b4_fast,kernel_FP32,paper_tfs,0.943222045898,0.0152105557656,0.00285754553086,0.00370741065899,0.01,1
web-Google,b4_fast,e2e_FP32_final,paper_tfs,196.80859375,0.916340641625,0.00475648428924,0.00458874856303,0.01,1
web-Google,b4_fast,e2e_BF16_final,paper_tfs,256,0.914070713448,0.00532655834908,0.0059880239521,0.02,1
web-Google,b4_fast,e2e_BF16_final,source_MKL_FP32,830.890625,3.39436821649,0.017558307016,0.0191772502715,0.03,1
web-Google,b4_accurate,kernel_FP32,paper_tfs,0.000579833984375,6.76258720331e-07,1.73655376324e-07,2.2790844462e-06,0.001,1
web-Google,b4_accurate,e2e_FP32_final,paper_tfs,0.398406982422,0.000271315015195,8.89250777697e-06,9.28917499614e-06,0.001,1
web-Google,b4_accurate,e2e_BF16_final,paper_tfs,32,0.00027685410454,7.47733001087e-05,0.000748502994012,0.01,1
web-Google,b4_accurate,e2e_BF16_final,source_MKL_FP32,666.25,2.5582902995,0.0131664240948,0.0153772862624,0.03,1
web-Google,b8_fast,kernel_FP32,paper_tfs,0.73681640625,0.016078112766,0.00303171412016,0.00289611657205,0.01,1
web-Google,b8_fast,e2e_FP32_final,paper_tfs,216.0234375,1.0265639348,0.00534268996261,0.00503675789517,0.01,1
web-Google,b8_fast,e2e_BF16_final,paper_tfs,256,1.02375358426,0.00581097121152,0.0059880239521,0.02,1
web-Google,b8_fast,e2e_BF16_final,source_MKL_FP32,830.890625,3.50362405266,0.0181261946336,0.0191772502715,0.03,1
web-Google,b8_accurate,kernel_FP32,paper_tfs,0.00042724609375,1.03739500959e-06,4.94889597792e-07,1.67932538141e-06,0.001,1
web-Google,b8_accurate,e2e_FP32_final,paper_tfs,0.732421875,0.000465535535379,1.12716031291e-05,1.70769973119e-05,0.001,1
web-Google,b8_accurate,e2e_BF16_final,paper_tfs,64,0.000456217805547,9.96686141611e-05,0.00149700598802,0.01,1
web-Google,b8_accurate,e2e_BF16_final,source_MKL_FP32,666.25,2.55828132701,0.0131664102717,0.0153772862624,0.03,1
web-Google,b16_fast,kernel_FP32,paper_tfs,0.776458740234,0.0164501825122,0.00311731191419,0.00305193397708,0.01,1
web-Google,b16_fast,e2e_FP32_final,paper_tfs,242.40234375,1.08238516442,0.00566063393002,0.00565180303036,0.01,1
web-Google,b16_fast,e2e_BF16_final,paper_tfs,256,1.07934994097,0.00609524367497,0.0059880239521,0.02,1
web-Google,b16_fast,e2e_BF16_final,source_MKL_FP32,830.890625,3.55365605673,0.0184002828894,0.0191772502715,0.03,1
web-Google,b16_accurate,kernel_FP32,paper_tfs,0.000534057617188,3.09557521242e-06,1.28370012679e-06,2.09915672676e-06,0.001,1
web-Google,b16_accurate,e2e_FP32_final,paper_tfs,0.989379882812,0.00150525273105,2.13845752651e-05,2.30681772022e-05,0.001,1
web-Google,b16_accurate,e2e_BF16_final,paper_tfs,64,0.00148549992828,0.000179254357361,0.00149700598802,0.01,1
web-Google,b16_accurate,e2e_BF16_final,source_MKL_FP32,666.25,2.55834627226,0.0131668504434,0.0153772862624,0.03,1
web-Google,b32_fast,kernel_FP32,paper_tfs,0.803985595703,0.0165069892111,0.00313326419618,0.00316013051237,0.01,1
web-Google,b32_fast,e2e_FP32_final,paper_tfs,239.85546875,1.09550060619,0.00577645112726,0.00559242061837,0.01,1
web-Google,b32_fast,e2e_BF16_final,paper_tfs,256,1.09230464021,0.00620433497249,0.0059880239521,0.02,1
web-Google,b32_fast,e2e_BF16_final,source_MKL_FP32,830.890625,3.56490304137,0.0184970824593,0.0191772502715,0.03,1
web-Google,b32_accurate,kernel_FP32,paper_tfs,0.000785827636719,3.76241554535e-06,1.59874166122e-06,3.08875918366e-06,0.001,1
web-Google,b32_accurate,e2e_FP32_final,paper_tfs,0.989868164062,0.0021268120789,2.59792206344e-05,2.30795618671e-05,0.001,1
web-Google,b32_accurate,e2e_BF16_final,paper_tfs,64,0.00212950650381,0.000206860560676,0.00149700598802,0.01,1
web-Google,b32_accurate,e2e_BF16_final,source_MKL_FP32,666.25,2.55839032381,0.0131671938543,0.0153772862624,0.03,1
web-Google,b64_fast,kernel_FP32,paper_tfs,0.785339355469,0.0165102109181,0.00313470904496,0.00308683995465,0.01,1
web-Google,b64_fast,e2e_FP32_final,paper_tfs,250.734375,1.09735202262,0.00579343270334,0.00584607095178,0.01,1
web-Google,b64_fast,e2e_BF16_final,paper_tfs,256,1.0941678288,0.00621922114826,0.0059880239521,0.02,1
web-Google,b64_fast,e2e_BF16_final,source_MKL_FP32,830.890625,3.56662743723,0.0185075073576,0.0191772502715,0.03,1
web-Google,b64_accurate,kernel_FP32,paper_tfs,0.00140380859375,3.8645378833e-06,1.72403873835e-06,5.51778339605e-06,0.001,1
web-Google,b64_accurate,e2e_FP32_final,paper_tfs,0.989868164062,0.0021598240435,2.70953680847e-05,2.30795618671e-05,0.001,1
web-Google,b64_accurate,e2e_BF16_final,paper_tfs,64,0.00215816125157,0.00021223500033,0.00149700598802,0.01,1
web-Google,b64_accurate,e2e_BF16_final,source_MKL_FP32,666.25,2.55840684614,0.0131674870155,0.0153772862624,0.03,1
web-Google,bfull_fast,kernel_FP32,paper_tfs,0.785766601562,0.0165107423424,0.00313519421366,0.00308851928003,0.01,1
web-Google,bfull_fast,e2e_FP32_final,paper_tfs,238.81640625,1.09799728619,0.00580214833271,0.00556819405152,0.01,1
web-Google,bfull_fast,e2e_BF16_final,paper_tfs,256,1.09479791867,0.00622767757251,0.0059880239521,0.02,1
web-Google,bfull_fast,e2e_BF16_final,source_MKL_FP32,830.890625,3.56713013078,0.0185106584075,0.0191772502715,0.03,1
web-Google,bfull_accurate,kernel_FP32,paper_tfs,0.00238800048828,3.88771503757e-06,1.78155993192e-06,9.38622936394e-06,0.001,1
web-Google,bfull_accurate,e2e_FP32_final,paper_tfs,0.989868164062,0.00220585729248,2.85605374328e-05,2.30795618671e-05,0.001,1
web-Google,bfull_accurate,e2e_BF16_final,paper_tfs,64,0.00220057463454,0.000215257449702,0.00149700598802,0.01,1
web-Google,bfull_accurate,e2e_BF16_final,source_MKL_FP32,666.25,2.55842348191,0.0131676065531,0.0153772862624,0.03,1
roadNet-CA,paper_tfs,kernel_FP32,paper_tfs,0,0,0,0,0.01,1
roadNet-CA,paper_tfs,e2e_FP32_final,paper_tfs,0,0,0,0,0.01,1
roadNet-CA,paper_tfs,e2e_BF16_final,paper_tfs,0,0,0,0,0.02,1
roadNet-CA,paper_tfs,e2e_BF16_final,source_MKL_FP32,12.6315307617,0.767823984775,0.0132329376713,0.0160488692742,0.03,1
roadNet-CA,b2_fast,kernel_FP32,paper_tfs,0.109840393066,0.00941415521401,0.00208929637039,0.00246085969074,0.01,1
roadNet-CA,b2_fast,e2e_FP32_final,paper_tfs,3.14892578125,0.199601866062,0.00351463391405,0.00404025469455,0.01,1
roadNet-CA,b2_fast,e2e_BF16_final,paper_tfs,4,0.199045293746,0.00430672297407,0.00515463917526,0.02,1
roadNet-CA,b2_fast,e2e_BF16_final,source_MKL_FP32,13.1209716797,0.91655483803,0.0158616271501,0.0166707237001,0.03,1
roadNet-CA,b2_accurate,kernel_FP32,paper_tfs,1.52587890625e-05,3.06805859874e-07,9.51621965567e-08,3.41857288427e-07,0.001,1
roadNet-CA,b2_accurate,e2e_FP32_final,paper_tfs,0.125015258789,3.66033252037e-05,1.27737271063e-05,0.000160401839008,0.001,1
roadNet-CA,b2_accurate,e2e_BF16_final,paper_tfs,2,3.64991327168e-05,4.9861457458e-05,0.00257731958763,0.01,1
roadNet-CA,b2_accurate,e2e_BF16_final,source_MKL_FP32,12.6315307617,0.767823669293,0.0132329332114,0.0160488692742,0.03,1
roadNet-CA,b4_fast,kernel_FP32,paper_tfs,0.13862991333,0.012422309204,0.00275573214745,0.00310585892968,0.01,1
roadNet-CA,b4_fast,e2e_FP32_final,paper_tfs,4.3115234375,0.285926738859,0.00505919271112,0.00553193502138,0.01,1
roadNet-CA,b4_fast,e2e_BF16_final,paper_tfs,4,0.285128534003,0.00559899792861,0.00515463917526,0.02,1
roadNet-CA,b4_fast,e2e_BF16_final,source_MKL_FP32,16.6315307617,1.00918010836,0.0174863742536,0.0211310305979,0.03,1
roadNet-CA,b4_accurate,kernel_FP32,paper_tfs,1.14440917969e-05,3.56850657904e-07,9.68387671444e-08,2.5639296632e-07,0.001,1
roadNet-CA,b4_accurate,e2e_FP32_final,paper_tfs,0.12516784668,4.92483531486e-05,1.37937110251e-05,0.000160597618135,0.001,1
roadNet-CA,b4_accurate,e2e_BF16_final,paper_tfs,2,4.92081952624e-05,5.75537845037e-05,0.00257731958763,0.01,1
roadNet-CA,b4_accurate,e2e_BF16_final,source_MKL_FP32,12.6315307617,0.767825144677,0.0132329584291,0.0160488692742,0.03,1
roadNet-CA,b8_fast,kernel_FP32,paper_tfs,0.146816253662,0.0124401088425,0.0027607732082,0.00328926536493,0.01,1
roadNet-CA,b8_fast,e2e_FP32_final,paper_tfs,4.49664306641,0.286809664742,0.00508032478153,0.00576945425863,0.01,1
roadNet-CA,b8_fast,e2e_BF16_final,paper_tfs,4,0.286009849141,0.00561706205909,0.00515463917526,0.02,1
roadNet-CA,b8_fast,e2e_BF16_final,source_MKL_FP32,16.6315307617,1.01011914461,0.0175083311701,0.0211310305979,0.03,1
roadNet-CA,b8_accurate,kernel_FP32,paper_tfs,6.19888305664e-05,3.57532483527e-07,9.75213926002e-08,1.38879523424e-06,0.001,1
roadNet-CA,b8_accurate,e2e_FP32_final,paper_tfs,0.12516784668,4.97787403379e-05,1.39370750283e-05,0.000160597618135,0.001,1
roadNet-CA,b8_accurate,e2e_BF16_final,paper_tfs,2,4.97695859887e-05,5.80276526105e-05,0.00257731958763,0.01,1
roadNet-CA,b8_accurate,e2e_BF16_final,source_MKL_FP32,12.6315307617,0.767825105617,0.0132329577107,0.0160488692742,0.03,1
roadNet-CA,b16_fast,kernel_FP32,paper_tfs,0.146816253662,0.0124401047832,0.00276077147962,0.00328926536493,0.01,1
roadNet-CA,b16_fast,e2e_FP32_final,paper_tfs,4.62408447266,0.286809950805,0.00508033488093,0.00593296898577,0.01,1
roadNet-CA,b16_fast,e2e_BF16_final,paper_tfs,8,0.28601018643,0.00561707779365,0.0103092783505,0.02,1
roadNet-CA,b16_fast,e2e_BF16_final,source_MKL_FP32,16.6315307617,1.01011954163,0.0175083451157,0.0211310305979,0.03,1
roadNet-CA,b16_accurate,kernel_FP32,paper_tfs,6.19888305664e-05,3.57532333319e-07,9.75211719476e-08,1.38879523424e-06,0.001,1
roadNet-CA,b16_accurate,e2e_FP32_final,paper_tfs,0.12516784668,4.97787199094e-05,1.39370751287e-05,0.000160597618135,0.001,1
roadNet-CA,b16_accurate,e2e_BF16_final,paper_tfs,2,4.97695859887e-05,5.80276526105e-05,0.00257731958763,0.01,1
roadNet-CA,b16_accurate,e2e_BF16_final,source_MKL_FP32,12.6315307617,0.767825105617,0.0132329577107,0.0160488692742,0.03,1
roadNet-CA,b32_fast,kernel_FP32,paper_tfs,0.146816253662,0.0124401047832,0.00276077147962,0.00328926536493,0.01,1
roadNet-CA,b32_fast,e2e_FP32_final,paper_tfs,4.62408447266,0.286809950805,0.00508033488093,0.00593296898577,0.01,1
roadNet-CA,b32_fast,e2e_BF16_final,paper_tfs,8,0.28601018643,0.00561707779365,0.0103092783505,0.02,1
roadNet-CA,b32_fast,e2e_BF16_final,source_MKL_FP32,16.6315307617,1.01011954163,0.0175083451157,0.0211310305979,0.03,1
roadNet-CA,b32_accurate,kernel_FP32,paper_tfs,6.19888305664e-05,3.57532333319e-07,9.75211719476e-08,1.38879523424e-06,0.001,1
roadNet-CA,b32_accurate,e2e_FP32_final,paper_tfs,0.12516784668,4.97787199094e-05,1.39370751287e-05,0.000160597618135,0.001,1
roadNet-CA,b32_accurate,e2e_BF16_final,paper_tfs,2,4.97695859887e-05,5.80276526105e-05,0.00257731958763,0.01,1
roadNet-CA,b32_accurate,e2e_BF16_final,source_MKL_FP32,12.6315307617,0.767825105617,0.0132329577107,0.0160488692742,0.03,1
roadNet-CA,b64_fast,kernel_FP32,paper_tfs,0.146816253662,0.0124401047832,0.00276077147962,0.00328926536493,0.01,1
roadNet-CA,b64_fast,e2e_FP32_final,paper_tfs,4.62408447266,0.286809950805,0.00508033488093,0.00593296898577,0.01,1
roadNet-CA,b64_fast,e2e_BF16_final,paper_tfs,8,0.28601018643,0.00561707779365,0.0103092783505,0.02,1
roadNet-CA,b64_fast,e2e_BF16_final,source_MKL_FP32,16.6315307617,1.01011954163,0.0175083451157,0.0211310305979,0.03,1
roadNet-CA,b64_accurate,kernel_FP32,paper_tfs,6.19888305664e-05,3.57532333319e-07,9.75211719476e-08,1.38879523424e-06,0.001,1
roadNet-CA,b64_accurate,e2e_FP32_final,paper_tfs,0.12516784668,4.97787199094e-05,1.39370751287e-05,0.000160597618135,0.001,1
roadNet-CA,b64_accurate,e2e_BF16_final,paper_tfs,2,4.97695859887e-05,5.80276526105e-05,0.00257731958763,0.01,1
roadNet-CA,b64_accurate,e2e_BF16_final,source_MKL_FP32,12.6315307617,0.767825105617,0.0132329577107,0.0160488692742,0.03,1
roadNet-CA,bfull_fast,kernel_FP32,paper_tfs,0.146816253662,0.0124401047832,0.00276077147962,0.00328926536493,0.01,1
roadNet-CA,bfull_fast,e2e_FP32_final,paper_tfs,4.62408447266,0.286809950805,0.00508033488093,0.00593296898577,0.01,1
roadNet-CA,bfull_fast,e2e_BF16_final,paper_tfs,8,0.28601018643,0.00561707779365,0.0103092783505,0.02,1
roadNet-CA,bfull_fast,e2e_BF16_final,source_MKL_FP32,16.6315307617,1.01011954163,0.0175083451157,0.0211310305979,0.03,1
roadNet-CA,bfull_accurate,kernel_FP32,paper_tfs,6.19888305664e-05,3.57532333319e-07,9.75211719476e-08,1.38879523424e-06,0.001,1
roadNet-CA,bfull_accurate,e2e_FP32_final,paper_tfs,0.12516784668,4.97787199094e-05,1.39370751287e-05,0.000160597618135,0.001,1
roadNet-CA,bfull_accurate,e2e_BF16_final,paper_tfs,2,4.97695859887e-05,5.80276526105e-05,0.00257731958763,0.01,1
roadNet-CA,bfull_accurate,e2e_BF16_final,source_MKL_FP32,12.6315307617,0.767825105617,0.0132329577107,0.0160488692742,0.03,1
wiki-Talk,paper_tfs,kernel_FP32,paper_tfs,0,0,0,0,0.01,1
wiki-Talk,paper_tfs,e2e_FP32_final,paper_tfs,0,0,0,0,0.01,1
wiki-Talk,paper_tfs,e2e_BF16_final,paper_tfs,0,0,0,0,0.02,1
wiki-Talk,paper_tfs,e2e_BF16_final,source_MKL_FP32,41242.5,1.89094870253,0.0120588659797,0.011844885633,0.03,1
wiki-Talk,b2_fast,kernel_FP32,paper_tfs,16.734375,0.000886728167699,0.00216251064455,0.00183232122251,0.01,1
wiki-Talk,b2_fast,e2e_FP32_final,paper_tfs,10032,0.515238278807,0.00304782171779,0.002910354088,0.01,1
wiki-Talk,b2_fast,e2e_BF16_final,paper_tfs,16384,0.514021322972,0.00413941609424,0.0047619047619,0.02,1
wiki-Talk,b2_fast,e2e_BF16_final,source_MKL_FP32,57626.5,2.33947961688,0.015000393464,0.0165503861776,0.03,1
wiki-Talk,b2_accurate,kernel_FP32,paper_tfs,0.232421875,3.07082821474e-07,6.44557484353e-06,2.54489058681e-05,0.001,1
wiki-Talk,b2_accurate,e2e_FP32_final,paper_tfs,59.5,0.00208472443871,1.61087853645e-05,1.72613704382e-05,0.001,1
wiki-Talk,b2_accurate,e2e_BF16_final,paper_tfs,2048,0.00208444999706,0.000170045060222,0.000595238095238,0.01,1
wiki-Talk,b2_accurate,e2e_BF16_final,source_MKL_FP32,41242.5,1.8907566703,0.0120580914094,0.011844885633,0.03,1
wiki-Talk,b4_fast,kernel_FP32,paper_tfs,22.564453125,0.00110192686179,0.00279912479534,0.00247068243273,0.01,1
wiki-Talk,b4_fast,e2e_FP32_final,paper_tfs,15949.75,0.74553073951,0.00470968156468,0.00462713517894,0.01,1
wiki-Talk,b4_fast,e2e_BF16_final,paper_tfs,16384,0.743750879098,0.00525467467714,0.0047619047619,0.02,1
wiki-Talk,b4_fast,e2e_BF16_final,source_MKL_FP32,57626.5,2.57534575296,0.0166185703236,0.0165503861776,0.03,1
wiki-Talk,b4_accurate,kernel_FP32,paper_tfs,0.21923828125,2.6571591528e-07,5.04712388049e-06,2.40053754933e-05,0.001,1
wiki-Talk,b4_accurate,e2e_FP32_final,paper_tfs,41.75,0.00312743718775,2.99483263278e-05,1.21119700134e-05,0.001,1
wiki-Talk,b4_accurate,e2e_BF16_final,paper_tfs,4096,0.00310477947225,0.000222591635219,0.00119047619048,0.01,1
wiki-Talk,b4_accurate,e2e_BF16_final,source_MKL_FP32,41242.5,1.89058633945,0.0120581885464,0.011844885633,0.03,1
wiki-Talk,b8_fast,kernel_FP32,paper_tfs,23.4013671875,0.00116295810172,0.00299034612525,0.00256231987949,0.01,1
wiki-Talk,b8_fast,e2e_FP32_final,paper_tfs,18290.25,0.820231904064,0.00530005194867,0.00530613076736,0.01,1
wiki-Talk,b8_fast,e2e_BF16_final,paper_tfs,16384,0.817391589282,0.00570966729433,0.0047619047619,0.02,1
wiki-Talk,b8_fast,e2e_BF16_final,source_MKL_FP32,57626.5,2.65000030266,0.0171700404989,0.0165503861776,0.03,1
wiki-Talk,b8_accurate,kernel_FP32,paper_tfs,0.2119140625,2.9565231948e-07,4.77555748821e-06,2.32034141739e-05,0.001,1
wiki-Talk,b8_accurate,e2e_FP32_final,paper_tfs,30,0.00158711421532,1.07128620214e-05,8.70321198566e-06,0.001,1
wiki-Talk,b8_accurate,e2e_BF16_final,paper_tfs,2048,0.0015717568309,0.000156261861202,0.000595238095238,0.01,1
wiki-Talk,b8_accurate,e2e_BF16_final,source_MKL_FP32,41242.5,1.89090152561,0.0120584307542,0.011844885633,0.03,1
wiki-Talk,b16_fast,kernel_FP32,paper_tfs,27.853515625,0.00119385266643,0.0031032854196,0.00304980543349,0.01,1
wiki-Talk,b16_fast,e2e_FP32_final,paper_tfs,18976.25,0.856543335075,0.00555423453901,0.00550514421476,0.01,1
wiki-Talk,b16_fast,e2e_BF16_final,paper_tfs,16384,0.853815161136,0.00592957050508,0.0047619047619,0.02,1
wiki-Talk,b16_fast,e2e_BF16_final,source_MKL_FP32,57626.5,2.68630617074,0.0174113240003,0.0165503861776,0.03,1
wiki-Talk,b16_accurate,kernel_FP32,paper_tfs,0.2294921875,5.61625527227e-07,5.02151463109e-06,2.51281213404e-05,0.001,1
wiki-Talk,b16_accurate,e2e_FP32_final,paper_tfs,24.25,0.00191568246746,1.10801079999e-05,7.03509635507e-06,0.001,1
wiki-Talk,b16_accurate,e2e_BF16_final,paper_tfs,2048,0.00190857240355,0.000147174747748,0.000595238095238,0.01,1
wiki-Talk,b16_accurate,e2e_BF16_final,source_MKL_FP32,41242.5,1.89121548381,0.0120598409859,0.011844885633,0.03,1
wiki-Talk,b32_fast,kernel_FP32,paper_tfs,24.9794921875,0.00119768975637,0.00311021412945,0.00273511581177,0.01,1
wiki-Talk,b32_fast,e2e_FP32_final,paper_tfs,19212.75,0.861207401208,0.00558931142173,0.00557375453591,0.01,1
wiki-Talk,b32_fast,e2e_BF16_final,paper_tfs,16384,0.858169749607,0.00596250438208,0.0047619047619,0.02,1
wiki-Talk,b32_fast,e2e_BF16_final,source_MKL_FP32,57626.5,2.68853507756,0.0174411612805,0.0165503861776,0.03,1
wiki-Talk,b32_accurate,kernel_FP32,paper_tfs,0.1513671875,9.4633311767e-07,5.32691213115e-06,1.65738672671e-05,0.001,1
wiki-Talk,b32_accurate,e2e_FP32_final,paper_tfs,37.75,0.00263218911359,1.45256073265e-05,1.09515417486e-05,0.001,1
wiki-Talk,b32_accurate,e2e_BF16_final,paper_tfs,4096,0.00265220502329,0.000202371688186,0.00119047619048,0.01,1
wiki-Talk,b32_accurate,e2e_BF16_final,source_MKL_FP32,41242.5,1.89144669742,0.0120625609029,0.011844885633,0.03,1
wiki-Talk,b64_fast,kernel_FP32,paper_tfs,27.34765625,0.00120377999327,0.00316130538823,0.00299441663837,0.01,1
wiki-Talk,b64_fast,e2e_FP32_final,paper_tfs,19292.75,0.875339903864,0.00566961976983,0.00559696310121,0.01,1
wiki-Talk,b64_fast,e2e_BF16_final,paper_tfs,16384,0.872406862499,0.00603904262364,0.0047619047619,0.02,1
wiki-Talk,b64_fast,e2e_BF16_final,source_MKL_FP32,57626.5,2.69952923151,0.0175060748553,0.0165503861776,0.03,1
wiki-Talk,b64_accurate,kernel_FP32,paper_tfs,0.1865234375,1.34126616382e-06,6.68509496663e-06,2.04232816001e-05,0.001,1
wiki-Talk,b64_accurate,e2e_FP32_final,paper_tfs,40.25,0.00328524751346,1.63431801996e-05,1.16768094141e-05,0.001,1
wiki-Talk,b64_accurate,e2e_BF16_final,paper_tfs,4096,0.00326472808623,0.000232421910591,0.00119047619048,0.01,1
wiki-Talk,b64_accurate,e2e_BF16_final,source_MKL_FP32,41242.5,1.8917642259,0.0120654574056,0.011844885633,0.03,1
wiki-Talk,bfull_fast,kernel_FP32,paper_tfs,37.0361328125,0.00121145641839,0.00327674697925,0.00405525107163,0.01,1
wiki-Talk,bfull_fast,e2e_FP32_final,paper_tfs,18391.5,0.88873566301,0.00584344591256,0.00533550410781,0.01,1
wiki-Talk,bfull_fast,e2e_BF16_final,paper_tfs,16384,0.886109368894,0.00624648647755,0.0047619047619,0.02,1
wiki-Talk,bfull_fast,e2e_BF16_final,source_MKL_FP32,57626.5,2.70411876665,0.0175631921176,0.0165503861776,0.03,1
wiki-Talk,bfull_accurate,kernel_FP32,paper_tfs,0.25,1.88037043185e-06,9.918371186e-06,2.73736130346e-05,0.001,1
wiki-Talk,bfull_accurate,e2e_FP32_final,paper_tfs,58,0.00744060388727,3.89447444718e-05,1.68262098389e-05,0.001,1
wiki-Talk,bfull_accurate,e2e_BF16_final,paper_tfs,4096,0.007272773048,0.000316279470337,0.00119047619048,0.01,1
wiki-Talk,bfull_accurate,e2e_BF16_final,source_MKL_FP32,41242.5,1.89292022857,0.0120705716527,0.011844885633,0.03,1
email-Enron,paper_tfs,kernel_FP32,paper_tfs,0,0,0,0,0.01,1
email-Enron,paper_tfs,e2e_FP32_final,paper_tfs,0,0,0,0,0.01,1
email-Enron,paper_tfs,e2e_BF16_final,paper_tfs,0,0,0,0,0.02,1
email-Enron,paper_tfs,e2e_BF16_final,source_MKL_FP32,3058.8125,12.317174065,0.0130503761638,0.0134196176461,0.03,1
email-Enron,b2_fast,kernel_FP32,paper_tfs,0.984130859375,0.0139192481647,0.00230437694546,0.00228870695438,0.01,1
email-Enron,b2_fast,e2e_FP32_final,paper_tfs,678,3.21855514261,0.00310538816091,0.00300731598642,0.01,1
email-Enron,b2_fast,e2e_BF16_final,paper_tfs,1024,3.19983170952,0.00409856349242,0.00454545454545,0.02,1
email-Enron,b2_fast,e2e_BF16_final,source_MKL_FP32,3909.8125,15.1053946634,0.015927054887,0.0171531235791,0.03,1
email-Enron,b2_accurate,kernel_FP32,paper_tfs,0.00131225585938,1.29522020487e-06,6.19441975905e-07,3.05179853133e-06,0.001,1
email-Enron,b2_accurate,e2e_FP32_final,paper_tfs,3.0859375,0.00443929960922,7.67776474627e-06,1.36878896414e-05,0.001,1
email-Enron,b2_accurate,e2e_BF16_final,paper_tfs,256,0.00446980330164,0.000134799300357,0.00113636363636,0.01,1
email-Enron,b2_accurate,e2e_BF16_final,source_MKL_FP32,3058.8125,12.3169760283,0.0130496503517,0.0134196176461,0.03,1
email-Enron,b4_fast,kernel_FP32,paper_tfs,1.22073364258,0.0173812024067,0.0028896477601,0.00283895332679,0.01,1
email-Enron,b4_fast,e2e_FP32_final,paper_tfs,1071.765625,4.55173080107,0.0046731654377,0.00475389070466,0.01,1
email-Enron,b4_fast,e2e_BF16_final,paper_tfs,1024,4.53860715424,0.0052265973747,0.00454545454545,0.02,1
email-Enron,b4_fast,e2e_BF16_final,source_MKL_FP32,4042.828125,16.4885981166,0.0175472772122,0.0177366895311,0.03,1
email-Enron,b4_accurate,kernel_FP32,paper_tfs,0.001220703125,1.17734609122e-06,5.32621753926e-07,2.83888235473e-06,0.001,1
email-Enron,b4_accurate,e2e_FP32_final,paper_tfs,2.453125,0.00356101975302,5.94677069443e-06,1.08810059428e-05,0.001,1
email-Enron,b4_accurate,e2e_BF16_final,paper_tfs,256,0.00347927511473,0.000110391198717,0.00113636363636,0.01,1
email-Enron,b4_accurate,e2e_BF16_final,source_MKL_FP32,3058.8125,12.3171939814,0.0130501206582,0.0134196176461,0.03,1
email-Enron,b8_fast,kernel_FP32,paper_tfs,1.40875244141,0.0182684560747,0.00306027957727,0.00327621218147,0.01,1
email-Enron,b8_fast,e2e_FP32_final,paper_tfs,1163.625,4.99380657363,0.00524572278199,0.00516133932847,0.01,1
email-Enron,b8_fast,e2e_BF16_final,paper_tfs,1024,4.98183136129,0.00567352172821,0.00454545454545,0.02,1
email-Enron,b8_fast,e2e_BF16_final,source_MKL_FP32,4082.8125,16.9301068299,0.0180927821088,0.0179121089215,0.03,1
email-Enron,b8_accurate,kernel_FP32,paper_tfs,0.00112915039062,1.69262782069e-06,7.04988076169e-07,2.62596617812e-06,0.001,1
email-Enron,b8_accurate,e2e_FP32_final,paper_tfs,2.625,0.00514348141886,7.77038693843e-06,1.16433694165e-05,0.001,1
email-Enron,b8_accurate,e2e_BF16_final,paper_tfs,512,0.00526901565872,0.000146227986131,0.00227272727273,0.01,1
email-Enron,b8_accurate,e2e_BF16_final,source_MKL_FP32,3058.8125,12.3170312631,0.0130489163455,0.0134196176461,0.03,1
email-Enron,b16_fast,kernel_FP32,paper_tfs,1.43011474609,0.0186456243597,0.00315400213288,0.00332589262268,0.01,1
email-Enron,b16_fast,e2e_FP32_final,paper_tfs,1235.734375,5.28915328512,0.00560451038396,0.00548118545857,0.01,1
email-Enron,b16_fast,e2e_BF16_final,paper_tfs,2048,5.27080892325,0.00598920438654,0.00909090909091,0.02,1
email-Enron,b16_fast,e2e_BF16_final,source_MKL_FP32,4703.890625,17.2259445912,0.0184319185239,0.0206369019469,0.03,1
email-Enron,b16_accurate,kernel_FP32,paper_tfs,0.001220703125,4.71214138013e-06,1.62899296674e-06,2.83888235473e-06,0.001,1
email-Enron,b16_accurate,e2e_FP32_final,paper_tfs,2.15625,0.0106937355922,1.3495949987e-05,9.56419630638e-06,0.001,1
email-Enron,b16_accurate,e2e_BF16_final,paper_tfs,256,0.0104850931377,0.000181665285914,0.00113636363636,0.01,1
email-Enron,b16_accurate,e2e_BF16_final,source_MKL_FP32,3058.8125,12.3176717988,0.013050063526,0.0134196176461,0.03,1
email-Enron,b32_fast,kernel_FP32,paper_tfs,1.5403137207,0.0186873085211,0.00316183190364,0.00358217272725,0.01,1
email-Enron,b32_fast,e2e_FP32_final,paper_tfs,1281.25,5.28054440985,0.00560271600458,0.00568307316756,0.01,1
email-Enron,b32_fast,e2e_BF16_final,paper_tfs,2048,5.26397118809,0.00599293300884,0.00909090909091,0.02,1
email-Enron,b32_fast,e2e_BF16_final,source_MKL_FP32,4703.890625,17.1957772333,0.0184077523352,0.0206369019469,0.03,1
email-Enron,b32_accurate,kernel_FP32,paper_tfs,0.00201416015625,8.04101303698e-06,2.88391387836e-06,4.6841558853e-06,0.001,1
email-Enron,b32_accurate,e2e_FP32_final,paper_tfs,2.34375,0.0133836466351,1.530076985e-05,1.03958655504e-05,0.001,1
email-Enron,b32_accurate,e2e_BF16_final,paper_tfs,256,0.0133435751169,0.000191572248315,0.00113636363636,0.01,1
email-Enron,b32_accurate,e2e_BF16_final,source_MKL_FP32,3058.8125,12.3186314321,0.0130515889663,0.0134196176461,0.03,1
email-Enron,b64_fast,kernel_FP32,paper_tfs,1.51919555664,0.0187442744011,0.00317828493231,0.00353306006252,0.01,1
email-Enron,b64_fast,e2e_FP32_final,paper_tfs,1278.078125,5.3380944936,0.00573254593248,0.00566900409618,0.01,1
email-Enron,b64_fast,e2e_BF16_final,paper_tfs,2048,5.3170280145,0.00612116516622,0.00909090909091,0.02,1
email-Enron,b64_fast,e2e_BF16_final,source_MKL_FP32,4703.890625,17.2362089349,0.0185138570724,0.0206369019469,0.03,1
email-Enron,b64_accurate,kernel_FP32,paper_tfs,0.00246810913086,1.0620431713e-05,4.13802838383e-06,5.73986526097e-06,0.001,1
email-Enron,b64_accurate,e2e_FP32_final,paper_tfs,3.21875,0.0177050899689,1.80434187802e-05,1.42769886892e-05,0.001,1
email-Enron,b64_accurate,e2e_BF16_final,paper_tfs,256,0.0174090265264,0.000208673990448,0.00113636363636,0.01,1
email-Enron,b64_accurate,e2e_BF16_final,source_MKL_FP32,3058.8125,12.3198268363,0.0130541988403,0.0134196176461,0.03,1
email-Enron,bfull_fast,kernel_FP32,paper_tfs,1.63317871094,0.0187412289992,0.00317622504898,0.00379814070239,0.01,1
email-Enron,bfull_fast,e2e_FP32_final,paper_tfs,1465.328125,5.36762317403,0.00582180153671,0.00649956444789,0.01,1
email-Enron,bfull_fast,e2e_BF16_final,paper_tfs,2048,5.3539862212,0.00622168735811,0.00909090909091,0.02,1
email-Enron,bfull_fast,e2e_BF16_final,source_MKL_FP32,4082.8125,17.2455459245,0.0185067194323,0.0179121089215,0.03,1
email-Enron,bfull_accurate,kernel_FP32,paper_tfs,0.00425720214844,1.22848121881e-05,5.3744966448e-06,9.90060221211e-06,0.001,1
email-Enron,bfull_accurate,e2e_FP32_final,paper_tfs,4.078125,0.0293688818838,3.14438638538e-05,1.80888060577e-05,0.001,1
email-Enron,bfull_accurate,e2e_BF16_final,paper_tfs,256,0.0287753147115,0.000288201921663,0.00113636363636,0.01,1
email-Enron,bfull_accurate,e2e_BF16_final,source_MKL_FP32,3058.8125,12.3217196815,0.0130549130012,0.0134196176461,0.03,1
amazon0601,paper_tfs,kernel_FP32,paper_tfs,0,0,0,0,0.01,1
amazon0601,paper_tfs,e2e_FP32_final,paper_tfs,0,0,0,0,0.01,1
amazon0601,paper_tfs,e2e_BF16_final,paper_tfs,0,0,0,0,0.02,1
amazon0601,paper_tfs,e2e_BF16_final,source_MKL_FP32,40.2041015625,3.5819906305,0.0131560059242,0.0164618679776,0.03,1
amazon0601,b2_fast,kernel_FP32,paper_tfs,0.167236328125,0.0197805812611,0.00236607585324,0.0025734704082,0.01,1
amazon0601,b2_fast,e2e_FP32_final,paper_tfs,9.69897460938,0.966202822738,0.00356416306194,0.00401015970383,0.01,1
amazon0601,b2_fast,e2e_BF16_final,paper_tfs,16,0.963485774489,0.00440400306081,0.00662251655629,0.02,1
amazon0601,b2_fast,e2e_BF16_final,source_MKL_FP32,47.6721191406,4.43230402073,0.0162654858762,0.0195197032393,0.03,1
amazon0601,b2_accurate,kernel_FP32,paper_tfs,2.67028808594e-05,1.15388213608e-06,1.65670094165e-07,4.10909964813e-07,0.001,1
amazon0601,b2_accurate,e2e_FP32_final,paper_tfs,0.250030517578,0.000417750513465,1.19498945559e-05,0.00010337817622,0.001,1
amazon0601,b2_accurate,e2e_BF16_final,paper_tfs,8,0.000418949670732,7.69508533388e-05,0.00331125827815,0.01,1
amazon0601,b2_accurate,e2e_BF16_final,source_MKL_FP32,40.2041015625,3.5820009995,0.0131560121248,0.0164618679776,0.03,1
amazon0601,b4_fast,kernel_FP32,paper_tfs,0.206192016602,0.023988922079,0.00286909512427,0.00317292934544,0.01,1
amazon0601,b4_fast,e2e_FP32_final,paper_tfs,12.7661132812,1.28918882983,0.00474758460243,0.00527830570929,0.01,1
amazon0601,b4_fast,e2e_BF16_final,paper_tfs,16,1.28541162678,0.00532130393873,0.00662251655629,0.02,1
amazon0601,b4_fast,e2e_BF16_final,source_MKL_FP32,49.8894042969,4.76642546792,0.0174690567009,0.0204275871142,0.03,1
amazon0601,b4_accurate,kernel_FP32,paper_tfs,2.67028808594e-05,1.08142613494e-06,1.54447863469e-07,4.10909964813e-07,0.001,1
amazon0601,b4_accurate,e2e_FP32_final,paper_tfs,0.247589111328,0.00043192611035,1.15994939431e-05,0.000102368746939,0.001,1
amazon0601,b4_accurate,e2e_BF16_final,paper_tfs,8,0.000433123003835,7.77892522278e-05,0.00331125827815,0.01,1
amazon0601,b4_accurate,e2e_BF16_final,source_MKL_FP32,40.2041015625,3.58200845858,0.0131560542118,0.0164618679776,0.03,1
amazon0601,b8_fast,kernel_FP32,paper_tfs,0.218906402588,0.0252661617756,0.00302525724631,0.00336858119012,0.01,1
amazon0601,b8_fast,e2e_FP32_final,paper_tfs,14.4399414062,1.43501252052,0.00528645678336,0.00597037042421,0.01,1
amazon0601,b8_fast,e2e_BF16_final,paper_tfs,16,1.43107628312,0.0057752294436,0.00662251655629,0.02,1
amazon0601,b8_fast,e2e_BF16_final,source_MKL_FP32,51.4755859375,4.90634833087,0.0179757054786,0.0210770609674,0.03,1
amazon0601,b8_accurate,kernel_FP32,paper_tfs,0.00016450881958,1.75089303253e-06,5.29152365546e-07,2.53149889037e-06,0.001,1
amazon0601,b8_accurate,e2e_FP32_final,paper_tfs,0.250030517578,0.000750695141722,1.38690561268e-05,0.00010337817622,0.001,1
amazon0601,b8_accurate,e2e_BF16_final,paper_tfs,8,0.000755262311164,0.000101676058315,0.00331125827815,0.01,1
amazon0601,b8_accurate,e2e_BF16_final,source_MKL_FP32,40.2041015625,3.58203836865,0.0131561519532,0.0164618679776,0.03,1
amazon0601,b16_fast,kernel_FP32,paper_tfs,0.230484008789,0.026546522623,0.00318884804894,0.00354674001057,0.01,1
amazon0601,b16_fast,e2e_FP32_final,paper_tfs,16.0229492188,1.56393010035,0.00578187996819,0.00662488436988,0.01,1
amazon0601,b16_fast,e2e_BF16_final,paper_tfs,16,1.55946604925,0.00621228430385,0.00662251655629,0.02,1
amazon0601,b16_fast,e2e_BF16_final,source_MKL_FP32,52.884765625,5.0315008829,0.0184475342814,0.0216540600563,0.03,1
amazon0601,b16_accurate,kernel_FP32,paper_tfs,0.000173568725586,3.26950999369e-06,9.31734138376e-07,2.67091477129e-06,0.001,1
amazon0601,b16_accurate,e2e_FP32_final,paper_tfs,0.277618408203,0.00135401771162,1.82954956733e-05,0.000114784727093,0.001,1
amazon0601,b16_accurate,e2e_BF16_final,paper_tfs,8,0.00135603184056,0.000135386359365,0.00331125827815,0.01,1
amazon0601,b16_accurate,e2e_BF16_final,source_MKL_FP32,40.2041015625,3.58206534324,0.0131562388281,0.0164618679776,0.03,1
amazon0601,b32_fast,kernel_FP32,paper_tfs,0.230484008789,0.026546522623,0.00318884804894,0.00354674001057,0.01,1
amazon0601,b32_fast,e2e_FP32_final,paper_tfs,16.0229492188,1.56393010035,0.00578187996819,0.00662488436988,0.01,1
amazon0601,b32_fast,e2e_BF16_final,paper_tfs,16,1.55946604925,0.00621228430385,0.00662251655629,0.02,1
amazon0601,b32_fast,e2e_BF16_final,source_MKL_FP32,52.884765625,5.0315008829,0.0184475342814,0.0216540600563,0.03,1
amazon0601,b32_accurate,kernel_FP32,paper_tfs,0.000173568725586,3.26950999369e-06,9.31734138376e-07,2.67091477129e-06,0.001,1
amazon0601,b32_accurate,e2e_FP32_final,paper_tfs,0.277618408203,0.00135401771162,1.82954956733e-05,0.000114784727093,0.001,1
amazon0601,b32_accurate,e2e_BF16_final,paper_tfs,8,0.00135603184056,0.000135386359365,0.00331125827815,0.01,1
amazon0601,b32_accurate,e2e_BF16_final,source_MKL_FP32,40.2041015625,3.58206534324,0.0131562388281,0.0164618679776,0.03,1
amazon0601,b64_fast,kernel_FP32,paper_tfs,0.230484008789,0.026546522623,0.00318884804894,0.00354674001057,0.01,1
amazon0601,b64_fast,e2e_FP32_final,paper_tfs,16.0229492188,1.56393010035,0.00578187996819,0.00662488436988,0.01,1
amazon0601,b64_fast,e2e_BF16_final,paper_tfs,16,1.55946604925,0.00621228430385,0.00662251655629,0.02,1
amazon0601,b64_fast,e2e_BF16_final,source_MKL_FP32,52.884765625,5.0315008829,0.0184475342814,0.0216540600563,0.03,1
amazon0601,b64_accurate,kernel_FP32,paper_tfs,0.000173568725586,3.26950999369e-06,9.31734138376e-07,2.67091477129e-06,0.001,1
amazon0601,b64_accurate,e2e_FP32_final,paper_tfs,0.277618408203,0.00135401771162,1.82954956733e-05,0.000114784727093,0.001,1
amazon0601,b64_accurate,e2e_BF16_final,paper_tfs,8,0.00135603184056,0.000135386359365,0.00331125827815,0.01,1
amazon0601,b64_accurate,e2e_BF16_final,source_MKL_FP32,40.2041015625,3.58206534324,0.0131562388281,0.0164618679776,0.03,1
amazon0601,bfull_fast,kernel_FP32,paper_tfs,0.230484008789,0.026546522623,0.00318884804894,0.00354674001057,0.01,1
amazon0601,bfull_fast,e2e_FP32_final,paper_tfs,16.0229492188,1.56393010035,0.00578187996819,0.00662488436988,0.01,1
amazon0601,bfull_fast,e2e_BF16_final,paper_tfs,16,1.55946604925,0.00621228430385,0.00662251655629,0.02,1
amazon0601,bfull_fast,e2e_BF16_final,source_MKL_FP32,52.884765625,5.0315008829,0.0184475342814,0.0216540600563,0.03,1
amazon0601,bfull_accurate,kernel_FP32,paper_tfs,0.000173568725586,3.26950999369e-06,9.31734138376e-07,2.67091477129e-06,0.001,1
amazon0601,bfull_accurate,e2e_FP32_final,paper_tfs,0.277618408203,0.00135401771162,1.82954956733e-05,0.000114784727093,0.001,1
amazon0601,bfull_accurate,e2e_BF16_final,paper_tfs,8,0.00135603184056,0.000135386359365,0.00331125827815,0.01,1
amazon0601,bfull_accurate,e2e_BF16_final,source_MKL_FP32,40.2041015625,3.58206534324,0.0131562388281,0.0164618679776,0.03,1
com-Youtube,paper_tfs,kernel_FP32,paper_tfs,0,0,0,0,0.01,1
com-Youtube,paper_tfs,e2e_FP32_final,paper_tfs,0,0,0,0,0.01,1
com-Youtube,paper_tfs,e2e_BF16_final,paper_tfs,0,0,0,0,0.02,1
com-Youtube,paper_tfs,e2e_BF16_final,source_MKL_FP32,44704.25,10.0235319013,0.0124641391878,0.012141452948,0.03,1
com-Youtube,b2_fast,kernel_FP32,paper_tfs,5.232421875,0.0078441225527,0.00219348108774,0.00195006551172,0.01,1
com-Youtube,b2_fast,e2e_FP32_final,paper_tfs,10224.5,2.88517185373,0.00317530577756,0.0028065341506,0.01,1
com-Youtube,b2_fast,e2e_BF16_final,paper_tfs,16384,2.89063766694,0.00423126554613,0.0045045045045,0.02,1
com-Youtube,b2_fast,e2e_BF16_final,source_MKL_FP32,61088.25,12.346546014,0.015426004701,0.016591266223,0.03,1
com-Youtube,b2_accurate,kernel_FP32,paper_tfs,0.035400390625,6.38163800002e-07,1.44536163031e-06,1.31933323628e-05,0.001,1
com-Youtube,b2_accurate,e2e_FP32_final,paper_tfs,536.5,0.0206602881391,5.54014437566e-05,0.000147264469832,0.001,1
com-Youtube,b2_accurate,e2e_BF16_final,paper_tfs,16384,0.0199944088329,0.000473882981354,0.0045045045045,0.01,1
com-Youtube,b2_accurate,e2e_BF16_final,source_MKL_FP32,44704.25,10.0236415081,0.0124876265229,0.012141452948,0.03,1
com-Youtube,b4_fast,kernel_FP32,paper_tfs,8.17700195312,0.00954758032057,0.00274580690684,0.00304747779881,0.01,1
com-Youtube,b4_fast,e2e_FP32_final,paper_tfs,16150.5,4.00767643957,0.00478949717396,0.00443316835046,0.01,1
com-Youtube,b4_fast,e2e_BF16_final,paper_tfs,16384,3.99721373279,0.00536731850516,0.0045045045045,0.02,1
com-Youtube,b4_fast,e2e_BF16_final,source_MKL_FP32,61088.25,13.5361293905,0.0170041934907,0.016591266223,0.03,1
com-Youtube,b4_accurate,kernel_FP32,paper_tfs,0.0322265625,5.86818766995e-07,1.25115176072e-06,1.20104818751e-05,0.001,1
com-Youtube,b4_accurate,e2e_FP32_final,paper_tfs,400.5,0.0134481664175,4.56063299818e-05,0.00010993368158,0.001,1
com-Youtube,b4_accurate,e2e_BF16_final,paper_tfs,16384,0.0131052025811,0.000461034941582,0.0045045045045,0.01,1
com-Youtube,b4_accurate,e2e_BF16_final,source_MKL_FP32,44704.25,10.0226361856,0.0124854771758,0.012141452948,0.03,1
com-Youtube,b8_fast,kernel_FP32,paper_tfs,7.95727539062,0.00997925770985,0.00290417585826,0.00296558814966,0.01,1
com-Youtube,b8_fast,e2e_FP32_final,paper_tfs,18632,4.27291340807,0.00528831086368,0.00511431799052,0.01,1
com-Youtube,b8_fast,e2e_BF16_final,paper_tfs,16384,4.26571404968,0.00572619578521,0.0045045045045,0.02,1
com-Youtube,b8_fast,e2e_BF16_final,source_MKL_FP32,61088.25,13.8176259058,0.0174656581348,0.016591266223,0.03,1
com-Youtube,b8_accurate,kernel_FP32,paper_tfs,0.02685546875,8.02603477227e-07,1.21436327364e-06,1.00087348959e-05,0.001,1
com-Youtube,b8_accurate,e2e_FP32_final,paper_tfs,363.25,0.0227757034474,5.57124034416e-05,9.97088884744e-05,0.001,1
com-Youtube,b8_accurate,e2e_BF16_final,paper_tfs,16384,0.0218384360748,0.000485148725121,0.0045045045045,0.01,1
com-Youtube,b8_accurate,e2e_BF16_final,source_MKL_FP32,44704.25,10.0243734628,0.0124863292097,0.012141452948,0.03,1
com-Youtube,b16_fast,kernel_FP32,paper_tfs,7.51477050781,0.0101425147349,0.00298476308893,0.00280067149512,0.01,1
com-Youtube,b16_fast,e2e_FP32_final,paper_tfs,19703,4.42821917571,0.00552916025835,0.005408297948,0.01,1
com-Youtube,b16_fast,e2e_BF16_final,paper_tfs,16384,4.41867639299,0.00592713840446,0.0045045045045,0.02,1
com-Youtube,b16_fast,e2e_BF16_final,source_MKL_FP32,61088.25,13.9729137843,0.0176875211828,0.016591266223,0.03,1
com-Youtube,b16_accurate,kernel_FP32,paper_tfs,0.0264892578125,2.06123125812e-06,1.73657488398e-06,9.87225214733e-06,0.001,1
com-Youtube,b16_accurate,e2e_FP32_final,paper_tfs,370.75,0.0182314409032,4.96923185578e-05,0.00010176757165,0.001,1
com-Youtube,b16_accurate,e2e_BF16_final,paper_tfs,16384,0.018121063516,0.000480392961176,0.0045045045045,0.01,1
com-Youtube,b16_accurate,e2e_BF16_final,source_MKL_FP32,44704.25,10.0240491765,0.0124871154807,0.012141452948,0.03,1
com-Youtube,b32_fast,kernel_FP32,paper_tfs,9.89501953125,0.0101638683422,0.00299471436627,0.00368776386665,0.01,1
com-Youtube,b32_fast,e2e_FP32_final,paper_tfs,19650.25,4.4765895251,0.00560976832173,0.005393818543,0.01,1
com-Youtube,b32_fast,e2e_BF16_final,paper_tfs,16384,4.4739503518,0.00599396301495,0.0045045045045,0.02,1
com-Youtube,b32_fast,e2e_BF16_final,source_MKL_FP32,61088.25,14.0215194108,0.0177466584274,0.016591266223,0.03,1
com-Youtube,b32_accurate,kernel_FP32,paper_tfs,0.01806640625,3.35911865665e-06,2.73708486054e-06,6.73314892998e-06,0.001,1
com-Youtube,b32_accurate,e2e_FP32_final,paper_tfs,392,0.0250753589739,5.14891892192e-05,0.000107600507314,0.001,1
com-Youtube,b32_accurate,e2e_BF16_final,paper_tfs,16384,0.0246184795823,0.000497958230506,0.0045045045045,0.01,1
com-Youtube,b32_accurate,e2e_BF16_final,source_MKL_FP32,44704.25,10.0247467431,0.0124892836943,0.012141452948,0.03,1
com-Youtube,b64_fast,kernel_FP32,paper_tfs,8.55102539062,0.010178289729,0.00301003628531,0.00318687217936,0.01,1
com-Youtube,b64_fast,e2e_FP32_final,paper_tfs,19699.25,4.47160501769,0.0055989650994,0.00540726860641,0.01,1
com-Youtube,b64_fast,e2e_BF16_final,paper_tfs,16384,4.4577749125,0.00598909252314,0.0045045045045,0.02,1
com-Youtube,b64_fast,e2e_BF16_final,source_MKL_FP32,61088.25,13.9844581967,0.0177251642885,0.016591266223,0.03,1
com-Youtube,b64_accurate,kernel_FP32,paper_tfs,0.0244140625,4.28650725066e-06,3.84854546561e-06,9.09884990537e-06,0.001,1
com-Youtube,b64_accurate,e2e_FP32_final,paper_tfs,396.5,0.0346105089079,5.87335546484e-05,0.00010883571722,0.001,1
com-Youtube,b64_accurate,e2e_BF16_final,paper_tfs,16384,0.0339674972795,0.000518489097404,0.0045045045045,0.01,1
com-Youtube,b64_accurate,e2e_BF16_final,source_MKL_FP32,44704.25,10.0269195866,0.0124925657644,0.012141452948,0.03,1
com-Youtube,bfull_fast,kernel_FP32,paper_tfs,10.0947265625,0.0101814606388,0.00302628011987,0.00376219245887,0.01,1
com-Youtube,bfull_fast,e2e_FP32_final,paper_tfs,21057.75,4.47103371774,0.00570767172727,0.0057801647523,0.01,1
com-Youtube,bfull_fast,e2e_BF16_final,paper_tfs,32768,4.46358303888,0.006190860387,0.00900900900901,0.02,1
com-Youtube,bfull_fast,e2e_BF16_final,source_MKL_FP32,70790.25,13.9658556544,0.017815196989,0.0192262813837,0.03,1
com-Youtube,bfull_accurate,kernel_FP32,paper_tfs,0.038330078125,4.95118362617e-06,5.35593560371e-06,1.42851943514e-05,0.001,1
com-Youtube,bfull_accurate,e2e_FP32_final,paper_tfs,416,0.0403360873856,5.75233358092e-05,0.000114188293477,0.001,1
com-Youtube,bfull_accurate,e2e_BF16_final,paper_tfs,16384,0.0387856134388,0.000520553816371,0.0045045045045,0.01,1
com-Youtube,bfull_accurate,e2e_BF16_final,source_MKL_FP32,44704.25,10.0298762748,0.0124947943652,0.012141452948,0.03,1
