graph,method,kind,repeat,order,ms
ogbn-products,paper_tfs,kernel,0,0,162.20998764
ogbn-products,b2_fast,kernel,0,1,265.254020691
ogbn-products,b2_accurate,kernel,0,2,322.187900543
ogbn-products,b4_fast,kernel,0,3,210.618972778
ogbn-products,b4_accurate,kernel,0,4,239.379882812
ogbn-products,b8_fast,kernel,0,5,174.740076065
ogbn-products,b8_accurate,kernel,0,6,191.5538311
ogbn-products,b16_fast,kernel,0,7,162.76884079
ogbn-products,b16_accurate,kernel,0,8,189.647912979
ogbn-products,b32_fast,kernel,0,9,148.705005646
ogbn-products,b32_accurate,kernel,0,10,156.895875931
ogbn-products,b64_fast,kernel,0,11,143.826961517
ogbn-products,b64_accurate,kernel,0,12,152.131080627
ogbn-products,bfull_fast,kernel,0,13,142.773151398
ogbn-products,bfull_accurate,kernel,0,14,146.857023239
ogbn-products,source_mkl_fp32,kernel,0,15,1121.00410461
ogbn-products,b2_fast,kernel,1,0,266.885995865
ogbn-products,b2_accurate,kernel,1,1,330.198049545
ogbn-products,b4_fast,kernel,1,2,208.389043808
ogbn-products,b4_accurate,kernel,1,3,236.842155457
ogbn-products,b8_fast,kernel,1,4,179.518938065
ogbn-products,b8_accurate,kernel,1,5,194.463014603
ogbn-products,b16_fast,kernel,1,6,158.829212189
ogbn-products,b16_accurate,kernel,1,7,168.807029724
ogbn-products,b32_fast,kernel,1,8,150.213003159
ogbn-products,b32_accurate,kernel,1,9,156.507015228
ogbn-products,b64_fast,kernel,1,10,140.966892242
ogbn-products,b64_accurate,kernel,1,11,150.630950928
ogbn-products,bfull_fast,kernel,1,12,140.064001083
ogbn-products,bfull_accurate,kernel,1,13,146.618127823
ogbn-products,source_mkl_fp32,kernel,1,14,1117.44904518
ogbn-products,paper_tfs,kernel,1,15,166.506052017
ogbn-products,b2_accurate,kernel,2,0,318.295001984
ogbn-products,b4_fast,kernel,2,1,206.424951553
ogbn-products,b4_accurate,kernel,2,2,245.568037033
ogbn-products,b8_fast,kernel,2,3,176.660060883
ogbn-products,b8_accurate,kernel,2,4,196.082115173
ogbn-products,b16_fast,kernel,2,5,158.936023712
ogbn-products,b16_accurate,kernel,2,6,172.112941742
ogbn-products,b32_fast,kernel,2,7,149.626016617
ogbn-products,b32_accurate,kernel,2,8,157.26685524
ogbn-products,b64_fast,kernel,2,9,142.570018768
ogbn-products,b64_accurate,kernel,2,10,150.342941284
ogbn-products,bfull_fast,kernel,2,11,139.316082001
ogbn-products,bfull_accurate,kernel,2,12,142.618894577
ogbn-products,source_mkl_fp32,kernel,2,13,1119.51303482
ogbn-products,paper_tfs,kernel,2,14,163.973093033
ogbn-products,b2_fast,kernel,2,15,268.266916275
ogbn-products,b4_fast,kernel,3,0,211.565971375
ogbn-products,b4_accurate,kernel,3,1,242.779970169
ogbn-products,b8_fast,kernel,3,2,176.901102066
ogbn-products,b8_accurate,kernel,3,3,186.546802521
ogbn-products,b16_fast,kernel,3,4,164.632081985
ogbn-products,b16_accurate,kernel,3,5,166.676998138
ogbn-products,b32_fast,kernel,3,6,147.551059723
ogbn-products,b32_accurate,kernel,3,7,156.453132629
ogbn-products,b64_fast,kernel,3,8,143.214941025
ogbn-products,b64_accurate,kernel,3,9,147.033929825
ogbn-products,bfull_fast,kernel,3,10,144.666910172
ogbn-products,bfull_accurate,kernel,3,11,143.052816391
ogbn-products,source_mkl_fp32,kernel,3,12,1121.31309509
ogbn-products,paper_tfs,kernel,3,13,159.433841705
ogbn-products,b2_fast,kernel,3,14,269.979953766
ogbn-products,b2_accurate,kernel,3,15,314.57400322
ogbn-products,b4_accurate,kernel,4,0,239.371061325
ogbn-products,b8_fast,kernel,4,1,180.813074112
ogbn-products,b8_accurate,kernel,4,2,189.057826996
ogbn-products,b16_fast,kernel,4,3,161.138057709
ogbn-products,b16_accurate,kernel,4,4,171.535968781
ogbn-products,b32_fast,kernel,4,5,145.385980606
ogbn-products,b32_accurate,kernel,4,6,158.319950104
ogbn-products,b64_fast,kernel,4,7,146.081924438
ogbn-products,b64_accurate,kernel,4,8,147.882938385
ogbn-products,bfull_fast,kernel,4,9,141.347169876
ogbn-products,bfull_accurate,kernel,4,10,145.037889481
ogbn-products,source_mkl_fp32,kernel,4,11,1119.53306198
ogbn-products,paper_tfs,kernel,4,12,163.140058517
ogbn-products,b2_fast,kernel,4,13,275.504827499
ogbn-products,b2_accurate,kernel,4,14,325.438022614
ogbn-products,b4_fast,kernel,4,15,207.937002182
ogbn-products,paper_tfs,e2e,0,0,334.57493782
ogbn-products,b2_fast,e2e,0,1,542.711019516
ogbn-products,b2_accurate,e2e,0,2,657.791137695
ogbn-products,b4_fast,e2e,0,3,426.411151886
ogbn-products,b4_accurate,e2e,0,4,480.413913727
ogbn-products,b8_fast,e2e,0,5,364.03298378
ogbn-products,b8_accurate,e2e,0,6,390.143156052
ogbn-products,b16_fast,e2e,0,7,330.741882324
ogbn-products,b16_accurate,e2e,0,8,348.029136658
ogbn-products,b32_fast,e2e,0,9,299.484968185
ogbn-products,b32_accurate,e2e,0,10,326.067209244
ogbn-products,b64_fast,e2e,0,11,290.991067886
ogbn-products,b64_accurate,e2e,0,12,307.398080826
ogbn-products,bfull_fast,e2e,0,13,291.208982468
ogbn-products,bfull_accurate,e2e,0,14,291.798114777
ogbn-products,source_mkl_fp32,e2e,0,15,1352.69284248
ogbn-products,b2_fast,e2e,1,0,541.125774384
ogbn-products,b2_accurate,e2e,1,1,657.507896423
ogbn-products,b4_fast,e2e,1,2,429.613113403
ogbn-products,b4_accurate,e2e,1,3,488.606214523
ogbn-products,b8_fast,e2e,1,4,360.475063324
ogbn-products,b8_accurate,e2e,1,5,389.50586319
ogbn-products,b16_fast,e2e,1,6,335.582017899
ogbn-products,b16_accurate,e2e,1,7,351.418972015
ogbn-products,b32_fast,e2e,1,8,302.664995193
ogbn-products,b32_accurate,e2e,1,9,326.013088226
ogbn-products,b64_fast,e2e,1,10,294.009923935
ogbn-products,b64_accurate,e2e,1,11,299.558877945
ogbn-products,bfull_fast,e2e,1,12,291.121006012
ogbn-products,bfull_accurate,e2e,1,13,297.845840454
ogbn-products,source_mkl_fp32,e2e,1,14,1350.51894188
ogbn-products,paper_tfs,e2e,1,15,330.146074295
ogbn-products,b2_accurate,e2e,2,0,639.999866486
ogbn-products,b4_fast,e2e,2,1,428.956031799
ogbn-products,b4_accurate,e2e,2,2,483.292102814
ogbn-products,b8_fast,e2e,2,3,364.240884781
ogbn-products,b8_accurate,e2e,2,4,394.170045853
ogbn-products,b16_fast,e2e,2,5,331.721782684
ogbn-products,b16_accurate,e2e,2,6,342.831850052
ogbn-products,b32_fast,e2e,2,7,300.074100494
ogbn-products,b32_accurate,e2e,2,8,318.883895874
ogbn-products,b64_fast,e2e,2,9,295.547008514
ogbn-products,b64_accurate,e2e,2,10,299.820899963
ogbn-products,bfull_fast,e2e,2,11,287.907123566
ogbn-products,bfull_accurate,e2e,2,12,293.783903122
ogbn-products,source_mkl_fp32,e2e,2,13,1348.21796417
ogbn-products,paper_tfs,e2e,2,14,331.294059753
ogbn-products,b2_fast,e2e,2,15,535.360097885
ogbn-products,b4_fast,e2e,3,0,428.265094757
ogbn-products,b4_accurate,e2e,3,1,479.31098938
ogbn-products,b8_fast,e2e,3,2,369.789123535
ogbn-products,b8_accurate,e2e,3,3,388.588905334
ogbn-products,b16_fast,e2e,3,4,335.071086884
ogbn-products,b16_accurate,e2e,3,5,343.652963638
ogbn-products,b32_fast,e2e,3,6,303.627967834
ogbn-products,b32_accurate,e2e,3,7,325.160980225
ogbn-products,b64_fast,e2e,3,8,298.678159714
ogbn-products,b64_accurate,e2e,3,9,304.748058319
ogbn-products,bfull_fast,e2e,3,10,292.414188385
ogbn-products,bfull_accurate,e2e,3,11,297.537088394
ogbn-products,source_mkl_fp32,e2e,3,12,1352.92387009
ogbn-products,paper_tfs,e2e,3,13,336.818933487
ogbn-products,b2_fast,e2e,3,14,536.884069443
ogbn-products,b2_accurate,e2e,3,15,655.181884766
ogbn-products,b4_accurate,e2e,4,0,488.122940063
ogbn-products,b8_fast,e2e,4,1,366.329908371
ogbn-products,b8_accurate,e2e,4,2,397.337913513
ogbn-products,b16_fast,e2e,4,3,329.710006714
ogbn-products,b16_accurate,e2e,4,4,340.527057648
ogbn-products,b32_fast,e2e,4,5,296.238183975
ogbn-products,b32_accurate,e2e,4,6,321.395874023
ogbn-products,b64_fast,e2e,4,7,289.137840271
ogbn-products,b64_accurate,e2e,4,8,300.937891006
ogbn-products,bfull_fast,e2e,4,9,296.339035034
ogbn-products,bfull_accurate,e2e,4,10,291.335105896
ogbn-products,source_mkl_fp32,e2e,4,11,1351.1929512
ogbn-products,paper_tfs,e2e,4,12,332.400083542
ogbn-products,b2_fast,e2e,4,13,542.484998703
ogbn-products,b2_accurate,e2e,4,14,640.044927597
ogbn-products,b4_fast,e2e,4,15,430.215835571
reddit,paper_tfs,kernel,0,0,148.780822754
reddit,b2_fast,kernel,0,1,158.805131912
reddit,b2_accurate,kernel,0,2,218.657970428
reddit,b4_fast,kernel,0,3,109.538078308
reddit,b4_accurate,kernel,0,4,139.581918716
reddit,b8_fast,kernel,0,5,84.4531059265
reddit,b8_accurate,kernel,0,6,90.9440517426
reddit,b16_fast,kernel,0,7,73.3931064606
reddit,b16_accurate,kernel,0,8,72.5769996643
reddit,b32_fast,kernel,0,9,63.8020038605
reddit,b32_accurate,kernel,0,10,65.7720565796
reddit,b64_fast,kernel,0,11,61.6819858551
reddit,b64_accurate,kernel,0,12,64.5921230316
reddit,bfull_fast,kernel,0,13,68.9499378204
reddit,bfull_accurate,kernel,0,14,67.5239562988
reddit,source_mkl_fp32,kernel,0,15,336.41409874
reddit,b2_fast,kernel,1,0,169.873952866
reddit,b2_accurate,kernel,1,1,215.215206146
reddit,b4_fast,kernel,1,2,110.178947449
reddit,b4_accurate,kernel,1,3,139.46390152
reddit,b8_fast,kernel,1,4,81.6330909729
reddit,b8_accurate,kernel,1,5,91.4499759674
reddit,b16_fast,kernel,1,6,74.4760036469
reddit,b16_accurate,kernel,1,7,76.3478279114
reddit,b32_fast,kernel,1,8,64.9890899658
reddit,b32_accurate,kernel,1,9,67.0568943024
reddit,b64_fast,kernel,1,10,61.7570877075
reddit,b64_accurate,kernel,1,11,63.2820129395
reddit,bfull_fast,kernel,1,12,67.7030086517
reddit,bfull_accurate,kernel,1,13,66.5850639343
reddit,source_mkl_fp32,kernel,1,14,336.092948914
reddit,paper_tfs,kernel,1,15,148.994922638
reddit,b2_accurate,kernel,2,0,223.724842072
reddit,b4_fast,kernel,2,1,116.036176682
reddit,b4_accurate,kernel,2,2,139.292955399
reddit,b8_fast,kernel,2,3,78.8249969482
reddit,b8_accurate,kernel,2,4,97.1591472626
reddit,b16_fast,kernel,2,5,72.0489025116
reddit,b16_accurate,kernel,2,6,76.4861106873
reddit,b32_fast,kernel,2,7,64.0158653259
reddit,b32_accurate,kernel,2,8,63.7350082397
reddit,b64_fast,kernel,2,9,62.793970108
reddit,b64_accurate,kernel,2,10,60.9359741211
reddit,bfull_fast,kernel,2,11,68.9179897308
reddit,bfull_accurate,kernel,2,12,68.3000087738
reddit,source_mkl_fp32,kernel,2,13,336.147785187
reddit,paper_tfs,kernel,2,14,141.86000824
reddit,b2_fast,kernel,2,15,165.817022324
reddit,b4_fast,kernel,3,0,115.50617218
reddit,b4_accurate,kernel,3,1,133.385181427
reddit,b8_fast,kernel,3,2,86.1361026764
reddit,b8_accurate,kernel,3,3,96.7679023743
reddit,b16_fast,kernel,3,4,66.5009021759
reddit,b16_accurate,kernel,3,5,78.428030014
reddit,b32_fast,kernel,3,6,63.0390644073
reddit,b32_accurate,kernel,3,7,66.3340091705
reddit,b64_fast,kernel,3,8,62.8669261932
reddit,b64_accurate,kernel,3,9,62.2470378876
reddit,bfull_fast,kernel,3,10,66.2741661072
reddit,bfull_accurate,kernel,3,11,67.8379535675
reddit,source_mkl_fp32,kernel,3,12,336.035013199
reddit,paper_tfs,kernel,3,13,140.295028687
reddit,b2_fast,kernel,3,14,177.101135254
reddit,b2_accurate,kernel,3,15,234.098911285
reddit,b4_accurate,kernel,4,0,137.263059616
reddit,b8_fast,kernel,4,1,84.7368240356
reddit,b8_accurate,kernel,4,2,98.8459587097
reddit,b16_fast,kernel,4,3,69.9291229248
reddit,b16_accurate,kernel,4,4,73.8470554352
reddit,b32_fast,kernel,4,5,65.810918808
reddit,b32_accurate,kernel,4,6,69.442987442
reddit,b64_fast,kernel,4,7,60.338973999
reddit,b64_accurate,kernel,4,8,61.6500377655
reddit,bfull_fast,kernel,4,9,67.1968460083
reddit,bfull_accurate,kernel,4,10,69.0588951111
reddit,source_mkl_fp32,kernel,4,11,336.787939072
reddit,paper_tfs,kernel,4,12,147.430896759
reddit,b2_fast,kernel,4,13,170.699119568
reddit,b2_accurate,kernel,4,14,214.115858078
reddit,b4_fast,kernel,4,15,115.026950836
reddit,paper_tfs,e2e,0,0,309.623003006
reddit,b2_fast,e2e,0,1,324.783086777
reddit,b2_accurate,e2e,0,2,465.575933456
reddit,b4_fast,e2e,0,3,228.621006012
reddit,b4_accurate,e2e,0,4,278.820037842
reddit,b8_fast,e2e,0,5,169.715881348
reddit,b8_accurate,e2e,0,6,194.431781769
reddit,b16_fast,e2e,0,7,148.638963699
reddit,b16_accurate,e2e,0,8,153.092861176
reddit,b32_fast,e2e,0,9,137.516975403
reddit,b32_accurate,e2e,0,10,131.613016129
reddit,b64_fast,e2e,0,11,127.388000488
reddit,b64_accurate,e2e,0,12,125.691890717
reddit,bfull_fast,e2e,0,13,139.255046844
reddit,bfull_accurate,e2e,0,14,132.118940353
reddit,source_mkl_fp32,e2e,0,15,441.792011261
reddit,b2_fast,e2e,1,0,347.445011139
reddit,b2_accurate,e2e,1,1,451.885938644
reddit,b4_fast,e2e,1,2,220.520973206
reddit,b4_accurate,e2e,1,3,276.797056198
reddit,b8_fast,e2e,1,4,168.513059616
reddit,b8_accurate,e2e,1,5,193.341016769
reddit,b16_fast,e2e,1,6,148.316144943
reddit,b16_accurate,e2e,1,7,158.476829529
reddit,b32_fast,e2e,1,8,129.760980606
reddit,b32_accurate,e2e,1,9,135.83111763
reddit,b64_fast,e2e,1,10,124.001026154
reddit,b64_accurate,e2e,1,11,130.267858505
reddit,bfull_fast,e2e,1,12,141.577005386
reddit,bfull_accurate,e2e,1,13,137.559890747
reddit,source_mkl_fp32,e2e,1,14,442.007064819
reddit,paper_tfs,e2e,1,15,302.197933197
reddit,b2_accurate,e2e,2,0,455.775022507
reddit,b4_fast,e2e,2,1,226.800918579
reddit,b4_accurate,e2e,2,2,278.244018555
reddit,b8_fast,e2e,2,3,175.289869308
reddit,b8_accurate,e2e,2,4,199.297904968
reddit,b16_fast,e2e,2,5,143.072128296
reddit,b16_accurate,e2e,2,6,153.386116028
reddit,b32_fast,e2e,2,7,135.561943054
reddit,b32_accurate,e2e,2,8,135.349988937
reddit,b64_fast,e2e,2,9,120.789051056
reddit,b64_accurate,e2e,2,10,125.741004944
reddit,bfull_fast,e2e,2,11,136.21878624
reddit,bfull_accurate,e2e,2,12,136.840105057
reddit,source_mkl_fp32,e2e,2,13,441.064834595
reddit,paper_tfs,e2e,2,14,300.773143768
reddit,b2_fast,e2e,2,15,336.703062057
reddit,b4_fast,e2e,3,0,225.853919983
reddit,b4_accurate,e2e,3,1,277.91595459
reddit,b8_fast,e2e,3,2,172.662973404
reddit,b8_accurate,e2e,3,3,192.121982574
reddit,b16_fast,e2e,3,4,142.764806747
reddit,b16_accurate,e2e,3,5,159.633159637
reddit,b32_fast,e2e,3,6,136.382102966
reddit,b32_accurate,e2e,3,7,130.430221558
reddit,b64_fast,e2e,3,8,122.76506424
reddit,b64_accurate,e2e,3,9,128.107070923
reddit,bfull_fast,e2e,3,10,134.803056717
reddit,bfull_accurate,e2e,3,11,134.622097015
reddit,source_mkl_fp32,e2e,3,12,441.301107407
reddit,paper_tfs,e2e,3,13,303.317070007
reddit,b2_fast,e2e,3,14,338.682174683
reddit,b2_accurate,e2e,3,15,436.899185181
reddit,b4_accurate,e2e,4,0,273.849964142
reddit,b8_fast,e2e,4,1,170.75586319
reddit,b8_accurate,e2e,4,2,200.381040573
reddit,b16_fast,e2e,4,3,146.147966385
reddit,b16_accurate,e2e,4,4,162.023067474
reddit,b32_fast,e2e,4,5,132.10105896
reddit,b32_accurate,e2e,4,6,137.248039246
reddit,b64_fast,e2e,4,7,123.333930969
reddit,b64_accurate,e2e,4,8,131.278038025
reddit,bfull_fast,e2e,4,9,133.099079132
reddit,bfull_accurate,e2e,4,10,134.040117264
reddit,source_mkl_fp32,e2e,4,11,441.732883453
reddit,paper_tfs,e2e,4,12,298.316955566
reddit,b2_fast,e2e,4,13,337.288141251
reddit,b2_accurate,e2e,4,14,442.219018936
reddit,b4_fast,e2e,4,15,228.17492485
mycielskian19,paper_tfs,kernel,0,0,1049.28207397
mycielskian19,b2_fast,kernel,0,1,1329.6880722
mycielskian19,b2_accurate,kernel,0,2,1794.28100586
mycielskian19,b4_fast,kernel,0,3,862.89191246
mycielskian19,b4_accurate,kernel,0,4,1095.54100037
mycielskian19,b8_fast,kernel,0,5,686.607122421
mycielskian19,b8_accurate,kernel,0,6,794.594049454
mycielskian19,b16_fast,kernel,0,7,614.774942398
mycielskian19,b16_accurate,kernel,0,8,642.333030701
mycielskian19,b32_fast,kernel,0,9,582.934856415
mycielskian19,b32_accurate,kernel,0,10,585.309028625
mycielskian19,b64_fast,kernel,0,11,541.09287262
mycielskian19,b64_accurate,kernel,0,12,588.819980621
mycielskian19,bfull_fast,kernel,0,13,1174.51310158
mycielskian19,bfull_accurate,kernel,0,14,1222.29504585
mycielskian19,source_mkl_fp32,kernel,0,15,2995.20993233
mycielskian19,b2_fast,kernel,1,0,1341.97092056
mycielskian19,b2_accurate,kernel,1,1,1546.7979908
mycielskian19,b4_fast,kernel,1,2,886.630058289
mycielskian19,b4_accurate,kernel,1,3,1100.88801384
mycielskian19,b8_fast,kernel,1,4,667.365074158
mycielskian19,b8_accurate,kernel,1,5,761.827945709
mycielskian19,b16_fast,kernel,1,6,617.634057999
mycielskian19,b16_accurate,kernel,1,7,632.965087891
mycielskian19,b32_fast,kernel,1,8,568.166017532
mycielskian19,b32_accurate,kernel,1,9,591.17102623
mycielskian19,b64_fast,kernel,1,10,525.842905045
mycielskian19,b64_accurate,kernel,1,11,584.125995636
mycielskian19,bfull_fast,kernel,1,12,1187.67309189
mycielskian19,bfull_accurate,kernel,1,13,1217.79179573
mycielskian19,source_mkl_fp32,kernel,1,14,2994.0340519
mycielskian19,paper_tfs,kernel,1,15,998.450040817
mycielskian19,b2_accurate,kernel,2,0,1699.39208031
mycielskian19,b4_fast,kernel,2,1,905.203104019
mycielskian19,b4_accurate,kernel,2,2,985.35990715
mycielskian19,b8_fast,kernel,2,3,676.884889603
mycielskian19,b8_accurate,kernel,2,4,820.684909821
mycielskian19,b16_fast,kernel,2,5,579.658031464
mycielskian19,b16_accurate,kernel,2,6,625.262022018
mycielskian19,b32_fast,kernel,2,7,563.184976578
mycielskian19,b32_accurate,kernel,2,8,598.855018616
mycielskian19,b64_fast,kernel,2,9,542.855978012
mycielskian19,b64_accurate,kernel,2,10,537.697076797
mycielskian19,bfull_fast,kernel,2,11,1220.31283379
mycielskian19,bfull_accurate,kernel,2,12,1196.71177864
mycielskian19,source_mkl_fp32,kernel,2,13,2993.75295639
mycielskian19,paper_tfs,kernel,2,14,1037.9691124
mycielskian19,b2_fast,kernel,2,15,1244.44794655
mycielskian19,b4_fast,kernel,3,0,758.270978928
mycielskian19,b4_accurate,kernel,3,1,1146.43192291
mycielskian19,b8_fast,kernel,3,2,666.557073593
mycielskian19,b8_accurate,kernel,3,3,787.584066391
mycielskian19,b16_fast,kernel,3,4,578.942060471
mycielskian19,b16_accurate,kernel,3,5,601.861000061
mycielskian19,b32_fast,kernel,3,6,561.401128769
mycielskian19,b32_accurate,kernel,3,7,600.928068161
mycielskian19,b64_fast,kernel,3,8,550.985097885
mycielskian19,b64_accurate,kernel,3,9,567.545175552
mycielskian19,bfull_fast,kernel,3,10,1211.27009392
mycielskian19,bfull_accurate,kernel,3,11,1189.8829937
mycielskian19,source_mkl_fp32,kernel,3,12,2994.6141243
mycielskian19,paper_tfs,kernel,3,13,1003.9229393
mycielskian19,b2_fast,kernel,3,14,1340.06786346
mycielskian19,b2_accurate,kernel,3,15,1780.70211411
mycielskian19,b4_accurate,kernel,4,0,1083.52208138
mycielskian19,b8_fast,kernel,4,1,670.450210571
mycielskian19,b8_accurate,kernel,4,2,724.46680069
mycielskian19,b16_fast,kernel,4,3,624.861955643
mycielskian19,b16_accurate,kernel,4,4,568.377017975
mycielskian19,b32_fast,kernel,4,5,599.188089371
mycielskian19,b32_accurate,kernel,4,6,537.858963013
mycielskian19,b64_fast,kernel,4,7,536.560058594
mycielskian19,b64_accurate,kernel,4,8,566.300868988
mycielskian19,bfull_fast,kernel,4,9,1225.04496574
mycielskian19,bfull_accurate,kernel,4,10,1187.82019615
mycielskian19,source_mkl_fp32,kernel,4,11,2996.43301964
mycielskian19,paper_tfs,kernel,4,12,1014.81604576
mycielskian19,b2_fast,kernel,4,13,1296.3988781
mycielskian19,b2_accurate,kernel,4,14,1747.27296829
mycielskian19,b4_fast,kernel,4,15,901.178121567
mycielskian19,paper_tfs,e2e,0,0,2226.57394409
mycielskian19,b2_fast,e2e,0,1,2445.71590424
mycielskian19,b2_accurate,e2e,0,2,3649.51086044
mycielskian19,b4_fast,e2e,0,3,1728.33800316
mycielskian19,b4_accurate,e2e,0,4,2128.75318527
mycielskian19,b8_fast,e2e,0,5,1365.03100395
mycielskian19,b8_accurate,e2e,0,6,1510.65301895
mycielskian19,b16_fast,e2e,0,7,1232.85603523
mycielskian19,b16_accurate,e2e,0,8,1290.71521759
mycielskian19,b32_fast,e2e,0,9,1131.89888
mycielskian19,b32_accurate,e2e,0,10,1104.50601578
mycielskian19,b64_fast,e2e,0,11,1136.28411293
mycielskian19,b64_accurate,e2e,0,12,1086.67707443
mycielskian19,bfull_fast,e2e,0,13,2447.89505005
mycielskian19,bfull_accurate,e2e,0,14,2423.32196236
mycielskian19,source_mkl_fp32,e2e,0,15,4793.13802719
mycielskian19,b2_fast,e2e,1,0,2563.24601173
mycielskian19,b2_accurate,e2e,1,1,3318.81594658
mycielskian19,b4_fast,e2e,1,2,1712.35799789
mycielskian19,b4_accurate,e2e,1,3,2152.66799927
mycielskian19,b8_fast,e2e,1,4,1420.19701004
mycielskian19,b8_accurate,e2e,1,5,1583.77099037
mycielskian19,b16_fast,e2e,1,6,1188.25292587
mycielskian19,b16_accurate,e2e,1,7,1201.07698441
mycielskian19,b32_fast,e2e,1,8,1146.69799805
mycielskian19,b32_accurate,e2e,1,9,1139.27412033
mycielskian19,b64_fast,e2e,1,10,1112.04910278
mycielskian19,b64_accurate,e2e,1,11,1126.22189522
mycielskian19,bfull_fast,e2e,1,12,2466.72701836
mycielskian19,bfull_accurate,e2e,1,13,2489.31384087
mycielskian19,source_mkl_fp32,e2e,1,14,4796.31710052
mycielskian19,paper_tfs,e2e,1,15,2110.0628376
mycielskian19,b2_accurate,e2e,2,0,3452.38900185
mycielskian19,b4_fast,e2e,2,1,1711.52496338
mycielskian19,b4_accurate,e2e,2,2,2092.99492836
mycielskian19,b8_fast,e2e,2,3,1343.65487099
mycielskian19,b8_accurate,e2e,2,4,1525.68793297
mycielskian19,b16_fast,e2e,2,5,1152.00090408
mycielskian19,b16_accurate,e2e,2,6,1249.53699112
mycielskian19,b32_fast,e2e,2,7,1139.52922821
mycielskian19,b32_accurate,e2e,2,8,1162.20498085
mycielskian19,b64_fast,e2e,2,9,1140.88702202
mycielskian19,b64_accurate,e2e,2,10,1152.03094482
mycielskian19,bfull_fast,e2e,2,11,2472.52082825
mycielskian19,bfull_accurate,e2e,2,12,2426.15914345
mycielskian19,source_mkl_fp32,e2e,2,13,4793.40195656
mycielskian19,paper_tfs,e2e,2,14,2135.01501083
mycielskian19,b2_fast,e2e,2,15,2661.9811058
mycielskian19,b4_fast,e2e,3,0,1758.68415833
mycielskian19,b4_accurate,e2e,3,1,2134.53483582
mycielskian19,b8_fast,e2e,3,2,1316.69402122
mycielskian19,b8_accurate,e2e,3,3,1466.3670063
mycielskian19,b16_fast,e2e,3,4,1199.11789894
mycielskian19,b16_accurate,e2e,3,5,1199.02181625
mycielskian19,b32_fast,e2e,3,6,1156.9519043
mycielskian19,b32_accurate,e2e,3,7,1138.43011856
mycielskian19,b64_fast,e2e,3,8,1086.135149
mycielskian19,b64_accurate,e2e,3,9,1151.40604973
mycielskian19,bfull_fast,e2e,3,10,2459.94400978
mycielskian19,bfull_accurate,e2e,3,11,2467.78583527
mycielskian19,source_mkl_fp32,e2e,3,12,4790.10605812
mycielskian19,paper_tfs,e2e,3,13,2092.59295464
mycielskian19,b2_fast,e2e,3,14,2662.27698326
mycielskian19,b2_accurate,e2e,3,15,3462.0859623
mycielskian19,b4_accurate,e2e,4,0,2126.32799149
mycielskian19,b8_fast,e2e,4,1,1323.77910614
mycielskian19,b8_accurate,e2e,4,2,1557.34014511
mycielskian19,b16_fast,e2e,4,3,1186.38706207
mycielskian19,b16_accurate,e2e,4,4,1206.45403862
mycielskian19,b32_fast,e2e,4,5,1165.82679749
mycielskian19,b32_accurate,e2e,4,6,1125.48899651
mycielskian19,b64_fast,e2e,4,7,1145.72691917
mycielskian19,b64_accurate,e2e,4,8,1119.83203888
mycielskian19,bfull_fast,e2e,4,9,2438.39502335
mycielskian19,bfull_accurate,e2e,4,10,2412.30106354
mycielskian19,source_mkl_fp32,e2e,4,11,4792.13500023
mycielskian19,paper_tfs,e2e,4,12,2132.54499435
mycielskian19,b2_fast,e2e,4,13,2567.81792641
mycielskian19,b2_accurate,e2e,4,14,3366.50013924
mycielskian19,b4_fast,e2e,4,15,1678.86400223
hollywood-2009,paper_tfs,kernel,0,0,147.980928421
hollywood-2009,b2_fast,kernel,0,1,183.788061142
hollywood-2009,b2_accurate,kernel,0,2,218.30201149
hollywood-2009,b4_fast,kernel,0,3,134.145975113
hollywood-2009,b4_accurate,kernel,0,4,156.392097473
hollywood-2009,b8_fast,kernel,0,5,106.327772141
hollywood-2009,b8_accurate,kernel,0,6,123.090982437
hollywood-2009,b16_fast,kernel,0,7,98.5360145569
hollywood-2009,b16_accurate,kernel,0,8,104.774951935
hollywood-2009,b32_fast,kernel,0,9,100.666046143
hollywood-2009,b32_accurate,kernel,0,10,99.8690128326
hollywood-2009,b64_fast,kernel,0,11,100.63791275
hollywood-2009,b64_accurate,kernel,0,12,94.3751335144
hollywood-2009,bfull_fast,kernel,0,13,105.873823166
hollywood-2009,bfull_accurate,kernel,0,14,97.7377891541
hollywood-2009,source_mkl_fp32,kernel,0,15,274.024963379
hollywood-2009,b2_fast,kernel,1,0,172.874927521
hollywood-2009,b2_accurate,kernel,1,1,221.147060394
hollywood-2009,b4_fast,kernel,1,2,126.631975174
hollywood-2009,b4_accurate,kernel,1,3,158.809900284
hollywood-2009,b8_fast,kernel,1,4,108.301877975
hollywood-2009,b8_accurate,kernel,1,5,119.398832321
hollywood-2009,b16_fast,kernel,1,6,98.3941555023
hollywood-2009,b16_accurate,kernel,1,7,102.047920227
hollywood-2009,b32_fast,kernel,1,8,105.221986771
hollywood-2009,b32_accurate,kernel,1,9,100.250005722
hollywood-2009,b64_fast,kernel,1,10,98.2220172882
hollywood-2009,b64_accurate,kernel,1,11,95.1678752899
hollywood-2009,bfull_fast,kernel,1,12,102.803945541
hollywood-2009,bfull_accurate,kernel,1,13,101.128816605
hollywood-2009,source_mkl_fp32,kernel,1,14,274.064779282
hollywood-2009,paper_tfs,kernel,1,15,147.758960724
hollywood-2009,b2_accurate,kernel,2,0,219.300985336
hollywood-2009,b4_fast,kernel,2,1,127.20489502
hollywood-2009,b4_accurate,kernel,2,2,149.77312088
hollywood-2009,b8_fast,kernel,2,3,106.020927429
hollywood-2009,b8_accurate,kernel,2,4,119.454145432
hollywood-2009,b16_fast,kernel,2,5,96.7910289764
hollywood-2009,b16_accurate,kernel,2,6,102.052927017
hollywood-2009,b32_fast,kernel,2,7,103.865861893
hollywood-2009,b32_accurate,kernel,2,8,102.072000504
hollywood-2009,b64_fast,kernel,2,9,97.9061126709
hollywood-2009,b64_accurate,kernel,2,10,94.3019390106
hollywood-2009,bfull_fast,kernel,2,11,102.456092834
hollywood-2009,bfull_accurate,kernel,2,12,100.178956985
hollywood-2009,source_mkl_fp32,kernel,2,13,274.070978165
hollywood-2009,paper_tfs,kernel,2,14,149.626016617
hollywood-2009,b2_fast,kernel,2,15,171.814918518
hollywood-2009,b4_fast,kernel,3,0,126.975059509
hollywood-2009,b4_accurate,kernel,3,1,158.551931381
hollywood-2009,b8_fast,kernel,3,2,105.43012619
hollywood-2009,b8_accurate,kernel,3,3,118.216991425
hollywood-2009,b16_fast,kernel,3,4,98.7730026245
hollywood-2009,b16_accurate,kernel,3,5,102.90312767
hollywood-2009,b32_fast,kernel,3,6,98.6089706421
hollywood-2009,b32_accurate,kernel,3,7,96.0721969604
hollywood-2009,b64_fast,kernel,3,8,100.531101227
hollywood-2009,b64_accurate,kernel,3,9,97.3467826843
hollywood-2009,bfull_fast,kernel,3,10,105.85808754
hollywood-2009,bfull_accurate,kernel,3,11,96.6768264771
hollywood-2009,source_mkl_fp32,kernel,3,12,273.660898209
hollywood-2009,paper_tfs,kernel,3,13,147.926092148
hollywood-2009,b2_fast,kernel,3,14,175.12512207
hollywood-2009,b2_accurate,kernel,3,15,234.125137329
hollywood-2009,b4_accurate,kernel,4,0,148.892879486
hollywood-2009,b8_fast,kernel,4,1,107.572078705
hollywood-2009,b8_accurate,kernel,4,2,117.274999619
hollywood-2009,b16_fast,kernel,4,3,96.6289043427
hollywood-2009,b16_accurate,kernel,4,4,104.162931442
hollywood-2009,b32_fast,kernel,4,5,102.262020111
hollywood-2009,b32_accurate,kernel,4,6,99.7469425201
hollywood-2009,b64_fast,kernel,4,7,99.7278690338
hollywood-2009,b64_accurate,kernel,4,8,93.8861370087
hollywood-2009,bfull_fast,kernel,4,9,105.082988739
hollywood-2009,bfull_accurate,kernel,4,10,100.93998909
hollywood-2009,source_mkl_fp32,kernel,4,11,273.543834686
hollywood-2009,paper_tfs,kernel,4,12,153.267145157
hollywood-2009,b2_fast,kernel,4,13,176.205873489
hollywood-2009,b2_accurate,kernel,4,14,231.014966965
hollywood-2009,b4_fast,kernel,4,15,127.120018005
hollywood-2009,paper_tfs,e2e,0,0,299.97420311
hollywood-2009,b2_fast,e2e,0,1,359.760046005
hollywood-2009,b2_accurate,e2e,0,2,459.005117416
hollywood-2009,b4_fast,e2e,0,3,261.868953705
hollywood-2009,b4_accurate,e2e,0,4,308.140993118
hollywood-2009,b8_fast,e2e,0,5,216.698169708
hollywood-2009,b8_accurate,e2e,0,6,240.22102356
hollywood-2009,b16_fast,e2e,0,7,202.979803085
hollywood-2009,b16_accurate,e2e,0,8,208.246231079
hollywood-2009,b32_fast,e2e,0,9,205.249071121
hollywood-2009,b32_accurate,e2e,0,10,200.925111771
hollywood-2009,b64_fast,e2e,0,11,204.239845276
hollywood-2009,b64_accurate,e2e,0,12,195.97697258
hollywood-2009,bfull_fast,e2e,0,13,208.114147186
hollywood-2009,bfull_accurate,e2e,0,14,197.853088379
hollywood-2009,source_mkl_fp32,e2e,0,15,387.683868408
hollywood-2009,b2_fast,e2e,1,0,353.489160538
hollywood-2009,b2_accurate,e2e,1,1,459.689855576
hollywood-2009,b4_fast,e2e,1,2,257.901191711
hollywood-2009,b4_accurate,e2e,1,3,304.69083786
hollywood-2009,b8_fast,e2e,1,4,219.247102737
hollywood-2009,b8_accurate,e2e,1,5,238.458871841
hollywood-2009,b16_fast,e2e,1,6,199.967861176
hollywood-2009,b16_accurate,e2e,1,7,210.61706543
hollywood-2009,b32_fast,e2e,1,8,201.828956604
hollywood-2009,b32_accurate,e2e,1,9,197.754859924
hollywood-2009,b64_fast,e2e,1,10,205.64198494
hollywood-2009,b64_accurate,e2e,1,11,194.932937622
hollywood-2009,bfull_fast,e2e,1,12,212.083101273
hollywood-2009,bfull_accurate,e2e,1,13,199.597835541
hollywood-2009,source_mkl_fp32,e2e,1,14,387.228012085
hollywood-2009,paper_tfs,e2e,1,15,302.723884583
hollywood-2009,b2_accurate,e2e,2,0,452.867031097
hollywood-2009,b4_fast,e2e,2,1,264.718055725
hollywood-2009,b4_accurate,e2e,2,2,306.914806366
hollywood-2009,b8_fast,e2e,2,3,219.558000565
hollywood-2009,b8_accurate,e2e,2,4,239.428043365
hollywood-2009,b16_fast,e2e,2,5,202.022075653
hollywood-2009,b16_accurate,e2e,2,6,215.746879578
hollywood-2009,b32_fast,e2e,2,7,200.371026993
hollywood-2009,b32_accurate,e2e,2,8,198.662996292
hollywood-2009,b64_fast,e2e,2,9,203.001022339
hollywood-2009,b64_accurate,e2e,2,10,194.197893143
hollywood-2009,bfull_fast,e2e,2,11,209.868192673
hollywood-2009,bfull_accurate,e2e,2,12,202.656984329
hollywood-2009,source_mkl_fp32,e2e,2,13,387.827157974
hollywood-2009,paper_tfs,e2e,2,14,303.331136703
hollywood-2009,b2_fast,e2e,2,15,361.045837402
hollywood-2009,b4_fast,e2e,3,0,260.610103607
hollywood-2009,b4_accurate,e2e,3,1,304.209947586
hollywood-2009,b8_fast,e2e,3,2,217.537879944
hollywood-2009,b8_accurate,e2e,3,3,238.785028458
hollywood-2009,b16_fast,e2e,3,4,201.507091522
hollywood-2009,b16_accurate,e2e,3,5,213.500022888
hollywood-2009,b32_fast,e2e,3,6,203.080892563
hollywood-2009,b32_accurate,e2e,3,7,197.072029114
hollywood-2009,b64_fast,e2e,3,8,206.967115402
hollywood-2009,b64_accurate,e2e,3,9,196.659803391
hollywood-2009,bfull_fast,e2e,3,10,202.435970306
hollywood-2009,bfull_accurate,e2e,3,11,200.554847717
hollywood-2009,source_mkl_fp32,e2e,3,12,386.381149292
hollywood-2009,paper_tfs,e2e,3,13,302.786111832
hollywood-2009,b2_fast,e2e,3,14,353.257894516
hollywood-2009,b2_accurate,e2e,3,15,453.664064407
hollywood-2009,b4_accurate,e2e,4,0,301.65886879
hollywood-2009,b8_fast,e2e,4,1,219.46310997
hollywood-2009,b8_accurate,e2e,4,2,236.135005951
hollywood-2009,b16_fast,e2e,4,3,200.948953629
hollywood-2009,b16_accurate,e2e,4,4,209.988832474
hollywood-2009,b32_fast,e2e,4,5,205.301046371
hollywood-2009,b32_accurate,e2e,4,6,198.476791382
hollywood-2009,b64_fast,e2e,4,7,205.190181732
hollywood-2009,b64_accurate,e2e,4,8,193.824052811
hollywood-2009,bfull_fast,e2e,4,9,210.347890854
hollywood-2009,bfull_accurate,e2e,4,10,200.601100922
hollywood-2009,source_mkl_fp32,e2e,4,11,387.359142303
hollywood-2009,paper_tfs,e2e,4,12,297.739982605
hollywood-2009,b2_fast,e2e,4,13,349.430084229
hollywood-2009,b2_accurate,e2e,4,14,453.731060028
hollywood-2009,b4_fast,e2e,4,15,262.377977371
indochina-2004,paper_tfs,kernel,0,0,169.380903244
indochina-2004,b2_fast,kernel,0,1,258.387088776
indochina-2004,b2_accurate,kernel,0,2,346.385002136
indochina-2004,b4_fast,kernel,0,3,177.920818329
indochina-2004,b4_accurate,kernel,0,4,222.359895706
indochina-2004,b8_fast,kernel,0,5,136.337041855
indochina-2004,b8_accurate,kernel,0,6,158.455133438
indochina-2004,b16_fast,kernel,0,7,114.9289608
indochina-2004,b16_accurate,kernel,0,8,126.67298317
indochina-2004,b32_fast,kernel,0,9,104.206085205
indochina-2004,b32_accurate,kernel,0,10,112.812995911
indochina-2004,b64_fast,kernel,0,11,99.1110801697
indochina-2004,b64_accurate,kernel,0,12,106.029033661
indochina-2004,bfull_fast,kernel,0,13,94.6681499481
indochina-2004,bfull_accurate,kernel,0,14,101.317882538
indochina-2004,source_mkl_fp32,kernel,0,15,394.32477951
indochina-2004,b2_fast,kernel,1,0,261.968135834
indochina-2004,b2_accurate,kernel,1,1,341.616868973
indochina-2004,b4_fast,kernel,1,2,177.849054337
indochina-2004,b4_accurate,kernel,1,3,218.261003494
indochina-2004,b8_fast,kernel,1,4,136.549949646
indochina-2004,b8_accurate,kernel,1,5,158.495903015
indochina-2004,b16_fast,kernel,1,6,114.552974701
indochina-2004,b16_accurate,kernel,1,7,127.051830292
indochina-2004,b32_fast,kernel,1,8,104.007005692
indochina-2004,b32_accurate,kernel,1,9,111.90700531
indochina-2004,b64_fast,kernel,1,10,98.356962204
indochina-2004,b64_accurate,kernel,1,11,106.047868729
indochina-2004,bfull_fast,kernel,1,12,95.3619480133
indochina-2004,bfull_accurate,kernel,1,13,100.93998909
indochina-2004,source_mkl_fp32,kernel,1,14,396.688938141
indochina-2004,paper_tfs,kernel,1,15,170.125961304
indochina-2004,b2_accurate,kernel,2,0,344.425916672
indochina-2004,b4_fast,kernel,2,1,178.920984268
indochina-2004,b4_accurate,kernel,2,2,221.255064011
indochina-2004,b8_fast,kernel,2,3,138.13495636
indochina-2004,b8_accurate,kernel,2,4,159.747838974
indochina-2004,b16_fast,kernel,2,5,115.317106247
indochina-2004,b16_accurate,kernel,2,6,127.7821064
indochina-2004,b32_fast,kernel,2,7,104.121923447
indochina-2004,b32_accurate,kernel,2,8,111.905813217
indochina-2004,b64_fast,kernel,2,9,99.4009971619
indochina-2004,b64_accurate,kernel,2,10,105.384111404
indochina-2004,bfull_fast,kernel,2,11,94.6879386902
indochina-2004,bfull_accurate,kernel,2,12,100.643873215
indochina-2004,source_mkl_fp32,kernel,2,13,401.440858841
indochina-2004,paper_tfs,kernel,2,14,170.512914658
indochina-2004,b2_fast,kernel,2,15,259.863138199
indochina-2004,b4_fast,kernel,3,0,177.506923676
indochina-2004,b4_accurate,kernel,3,1,219.064950943
indochina-2004,b8_fast,kernel,3,2,137.109994888
indochina-2004,b8_accurate,kernel,3,3,160.665035248
indochina-2004,b16_fast,kernel,3,4,114.859819412
indochina-2004,b16_accurate,kernel,3,5,127.661943436
indochina-2004,b32_fast,kernel,3,6,104.673862457
indochina-2004,b32_accurate,kernel,3,7,112.612009048
indochina-2004,b64_fast,kernel,3,8,99.3340015411
indochina-2004,b64_accurate,kernel,3,9,106.293916702
indochina-2004,bfull_fast,kernel,3,10,93.9719676971
indochina-2004,bfull_accurate,kernel,3,11,101.338863373
indochina-2004,source_mkl_fp32,kernel,3,12,398.766040802
indochina-2004,paper_tfs,kernel,3,13,169.71206665
indochina-2004,b2_fast,kernel,3,14,263.296842575
indochina-2004,b2_accurate,kernel,3,15,345.62087059
indochina-2004,b4_accurate,kernel,4,0,220.115184784
indochina-2004,b8_fast,kernel,4,1,136.989116669
indochina-2004,b8_accurate,kernel,4,2,158.687114716
indochina-2004,b16_fast,kernel,4,3,113.888978958
indochina-2004,b16_accurate,kernel,4,4,128.573894501
indochina-2004,b32_fast,kernel,4,5,103.114843369
indochina-2004,b32_accurate,kernel,4,6,111.624002457
indochina-2004,b64_fast,kernel,4,7,98.876953125
indochina-2004,b64_accurate,kernel,4,8,106.477022171
indochina-2004,bfull_fast,kernel,4,9,94.0420627594
indochina-2004,bfull_accurate,kernel,4,10,100.062131882
indochina-2004,source_mkl_fp32,kernel,4,11,400.845050812
indochina-2004,paper_tfs,kernel,4,12,171.232938766
indochina-2004,b2_fast,kernel,4,13,260.761976242
indochina-2004,b2_accurate,kernel,4,14,341.021060944
indochina-2004,b4_fast,kernel,4,15,178.471088409
indochina-2004,paper_tfs,e2e,0,0,351.715087891
indochina-2004,b2_fast,e2e,0,1,539.427995682
indochina-2004,b2_accurate,e2e,0,2,693.37105751
indochina-2004,b4_fast,e2e,0,3,370.923042297
indochina-2004,b4_accurate,e2e,0,4,455.806016922
indochina-2004,b8_fast,e2e,0,5,291.84794426
indochina-2004,b8_accurate,e2e,0,6,335.604906082
indochina-2004,b16_fast,e2e,0,7,247.616052628
indochina-2004,b16_accurate,e2e,0,8,271.839141846
indochina-2004,b32_fast,e2e,0,9,226.496219635
indochina-2004,b32_accurate,e2e,0,10,241.398096085
indochina-2004,b64_fast,e2e,0,11,215.637922287
indochina-2004,b64_accurate,e2e,0,12,226.945877075
indochina-2004,bfull_fast,e2e,0,13,207.969903946
indochina-2004,bfull_accurate,e2e,0,14,218.567848206
indochina-2004,source_mkl_fp32,e2e,0,15,691.472053528
indochina-2004,b2_fast,e2e,1,0,539.311885834
indochina-2004,b2_accurate,e2e,1,1,706.420898438
indochina-2004,b4_fast,e2e,1,2,374.973058701
indochina-2004,b4_accurate,e2e,1,3,459.316015244
indochina-2004,b8_fast,e2e,1,4,292.206048965
indochina-2004,b8_accurate,e2e,1,5,335.428953171
indochina-2004,b16_fast,e2e,1,6,246.985912323
indochina-2004,b16_accurate,e2e,1,7,270.452976227
indochina-2004,b32_fast,e2e,1,8,227.389812469
indochina-2004,b32_accurate,e2e,1,9,241.302967072
indochina-2004,b64_fast,e2e,1,10,215.23809433
indochina-2004,b64_accurate,e2e,1,11,228.183984756
indochina-2004,bfull_fast,e2e,1,12,208.245992661
indochina-2004,bfull_accurate,e2e,1,13,217.581033707
indochina-2004,source_mkl_fp32,e2e,1,14,697.516918182
indochina-2004,paper_tfs,e2e,1,15,353.559017181
indochina-2004,b2_accurate,e2e,2,0,700.341939926
indochina-2004,b4_fast,e2e,2,1,376.428127289
indochina-2004,b4_accurate,e2e,2,2,458.297014236
indochina-2004,b8_fast,e2e,2,3,291.693210602
indochina-2004,b8_accurate,e2e,2,4,337.88895607
indochina-2004,b16_fast,e2e,2,5,246.831893921
indochina-2004,b16_accurate,e2e,2,6,272.333145142
indochina-2004,b32_fast,e2e,2,7,226.536989212
indochina-2004,b32_accurate,e2e,2,8,242.963790894
indochina-2004,b64_fast,e2e,2,9,214.169979095
indochina-2004,b64_accurate,e2e,2,10,228.27911377
indochina-2004,bfull_fast,e2e,2,11,208.451986313
indochina-2004,bfull_accurate,e2e,2,12,217.885971069
indochina-2004,source_mkl_fp32,e2e,2,13,701.704978943
indochina-2004,paper_tfs,e2e,2,14,355.138063431
indochina-2004,b2_fast,e2e,2,15,543.664216995
indochina-2004,b4_fast,e2e,3,0,373.996019363
indochina-2004,b4_accurate,e2e,3,1,453.88007164
indochina-2004,b8_fast,e2e,3,2,292.834997177
indochina-2004,b8_accurate,e2e,3,3,337.248086929
indochina-2004,b16_fast,e2e,3,4,246.510028839
indochina-2004,b16_accurate,e2e,3,5,269.683122635
indochina-2004,b32_fast,e2e,3,6,225.227117538
indochina-2004,b32_accurate,e2e,3,7,242.204904556
indochina-2004,b64_fast,e2e,3,8,214.998006821
indochina-2004,b64_accurate,e2e,3,9,226.983070374
indochina-2004,bfull_fast,e2e,3,10,207.962036133
indochina-2004,bfull_accurate,e2e,3,11,217.247962952
indochina-2004,source_mkl_fp32,e2e,3,12,697.195053101
indochina-2004,paper_tfs,e2e,3,13,357.047080994
indochina-2004,b2_fast,e2e,3,14,536.34095192
indochina-2004,b2_accurate,e2e,3,15,702.682971954
indochina-2004,b4_accurate,e2e,4,0,456.147909164
indochina-2004,b8_fast,e2e,4,1,291.156053543
indochina-2004,b8_accurate,e2e,4,2,337.291955948
indochina-2004,b16_fast,e2e,4,3,248.114109039
indochina-2004,b16_accurate,e2e,4,4,271.193027496
indochina-2004,b32_fast,e2e,4,5,224.147081375
indochina-2004,b32_accurate,e2e,4,6,241.698980331
indochina-2004,b64_fast,e2e,4,7,214.937925339
indochina-2004,b64_accurate,e2e,4,8,227.66494751
indochina-2004,bfull_fast,e2e,4,9,207.811117172
indochina-2004,bfull_accurate,e2e,4,10,219.254016876
indochina-2004,source_mkl_fp32,e2e,4,11,700.068950653
indochina-2004,paper_tfs,e2e,4,12,355.64494133
indochina-2004,b2_fast,e2e,4,13,535.303115845
indochina-2004,b2_accurate,e2e,4,14,697.73888588
indochina-2004,b4_fast,e2e,4,15,375.241041183
soc-Pokec,paper_tfs,kernel,0,0,47.3921298981
soc-Pokec,b2_fast,kernel,0,1,72.8659629822
soc-Pokec,b2_accurate,kernel,0,2,89.2910957336
soc-Pokec,b4_fast,kernel,0,3,56.764125824
soc-Pokec,b4_accurate,kernel,0,4,69.0040588379
soc-Pokec,b8_fast,kernel,0,5,52.6928901672
soc-Pokec,b8_accurate,kernel,0,6,55.4950237274
soc-Pokec,b16_fast,kernel,0,7,48.1100082397
soc-Pokec,b16_accurate,kernel,0,8,51.118850708
soc-Pokec,b32_fast,kernel,0,9,44.3630218506
soc-Pokec,b32_accurate,kernel,0,10,49.6759414673
soc-Pokec,b64_fast,kernel,0,11,46.0550785065
soc-Pokec,b64_accurate,kernel,0,12,46.5638637543
soc-Pokec,bfull_fast,kernel,0,13,45.2980995178
soc-Pokec,bfull_accurate,kernel,0,14,46.2460517883
soc-Pokec,source_mkl_fp32,kernel,0,15,254.80389595
soc-Pokec,b2_fast,kernel,1,0,78.1919956207
soc-Pokec,b2_accurate,kernel,1,1,93.2359695435
soc-Pokec,b4_fast,kernel,1,2,61.1860752106
soc-Pokec,b4_accurate,kernel,1,3,63.2600784302
soc-Pokec,b8_fast,kernel,1,4,50.5971908569
soc-Pokec,b8_accurate,kernel,1,5,54.6669960022
soc-Pokec,b16_fast,kernel,1,6,48.4018325806
soc-Pokec,b16_accurate,kernel,1,7,51.1047840118
soc-Pokec,b32_fast,kernel,1,8,46.0920333862
soc-Pokec,b32_accurate,kernel,1,9,49.3791103363
soc-Pokec,b64_fast,kernel,1,10,45.2117919922
soc-Pokec,b64_accurate,kernel,1,11,46.9410419464
soc-Pokec,bfull_fast,kernel,1,12,45.8648204803
soc-Pokec,bfull_accurate,kernel,1,13,46.8471050262
soc-Pokec,source_mkl_fp32,kernel,1,14,254.869222641
soc-Pokec,paper_tfs,kernel,1,15,49.134016037
soc-Pokec,b2_accurate,kernel,2,0,85.9470367432
soc-Pokec,b4_fast,kernel,2,1,59.8092079163
soc-Pokec,b4_accurate,kernel,2,2,69.0281391144
soc-Pokec,b8_fast,kernel,2,3,52.3271560669
soc-Pokec,b8_accurate,kernel,2,4,56.8680763245
soc-Pokec,b16_fast,kernel,2,5,49.3559837341
soc-Pokec,b16_accurate,kernel,2,6,52.0730018616
soc-Pokec,b32_fast,kernel,2,7,44.2588329315
soc-Pokec,b32_accurate,kernel,2,8,49.9351024628
soc-Pokec,b64_fast,kernel,2,9,46.9591617584
soc-Pokec,b64_accurate,kernel,2,10,47.7421283722
soc-Pokec,bfull_fast,kernel,2,11,45.9461212158
soc-Pokec,bfull_accurate,kernel,2,12,46.3149547577
soc-Pokec,source_mkl_fp32,kernel,2,13,255.112886429
soc-Pokec,paper_tfs,kernel,2,14,48.4719276428
soc-Pokec,b2_fast,kernel,2,15,77.6550769806
soc-Pokec,b4_fast,kernel,3,0,55.9990406036
soc-Pokec,b4_accurate,kernel,3,1,68.0480003357
soc-Pokec,b8_fast,kernel,3,2,51.1651039124
soc-Pokec,b8_accurate,kernel,3,3,53.8761615753
soc-Pokec,b16_fast,kernel,3,4,50.0199794769
soc-Pokec,b16_accurate,kernel,3,5,52.3569583893
soc-Pokec,b32_fast,kernel,3,6,45.6478595734
soc-Pokec,b32_accurate,kernel,3,7,48.8419532776
soc-Pokec,b64_fast,kernel,3,8,45.8660125732
soc-Pokec,b64_accurate,kernel,3,9,48.2490062714
soc-Pokec,bfull_fast,kernel,3,10,45.9680557251
soc-Pokec,bfull_accurate,kernel,3,11,46.8277931213
soc-Pokec,source_mkl_fp32,kernel,3,12,254.343032837
soc-Pokec,paper_tfs,kernel,3,13,47.7199554443
soc-Pokec,b2_fast,kernel,3,14,76.2569904327
soc-Pokec,b2_accurate,kernel,3,15,90.3520584106
soc-Pokec,b4_accurate,kernel,4,0,67.9950714111
soc-Pokec,b8_fast,kernel,4,1,50.3461360931
soc-Pokec,b8_accurate,kernel,4,2,56.6208362579
soc-Pokec,b16_fast,kernel,4,3,48.9461421967
soc-Pokec,b16_accurate,kernel,4,4,53.3490180969
soc-Pokec,b32_fast,kernel,4,5,45.0627803802
soc-Pokec,b32_accurate,kernel,4,6,50.1551628113
soc-Pokec,b64_fast,kernel,4,7,45.1698303223
soc-Pokec,b64_accurate,kernel,4,8,47.4829673767
soc-Pokec,bfull_fast,kernel,4,9,45.8500385284
soc-Pokec,bfull_accurate,kernel,4,10,46.7789173126
soc-Pokec,source_mkl_fp32,kernel,4,11,255.290031433
soc-Pokec,paper_tfs,kernel,4,12,48.8851070404
soc-Pokec,b2_fast,kernel,4,13,77.0010948181
soc-Pokec,b2_accurate,kernel,4,14,93.2440757751
soc-Pokec,b4_fast,kernel,4,15,59.9360466003
soc-Pokec,paper_tfs,e2e,0,0,97.0180034637
soc-Pokec,b2_fast,e2e,0,1,155.309200287
soc-Pokec,b2_accurate,e2e,0,2,184.337854385
soc-Pokec,b4_fast,e2e,0,3,124.059915543
soc-Pokec,b4_accurate,e2e,0,4,139.101982117
soc-Pokec,b8_fast,e2e,0,5,108.587026596
soc-Pokec,b8_accurate,e2e,0,6,116.791009903
soc-Pokec,b16_fast,e2e,0,7,103.704929352
soc-Pokec,b16_accurate,e2e,0,8,111.78612709
soc-Pokec,b32_fast,e2e,0,9,105.621814728
soc-Pokec,b32_accurate,e2e,0,10,102.231025696
soc-Pokec,b64_fast,e2e,0,11,96.4789390564
soc-Pokec,b64_accurate,e2e,0,12,99.0869998932
soc-Pokec,bfull_fast,e2e,0,13,96.9071388245
soc-Pokec,bfull_accurate,e2e,0,14,99.0509986877
soc-Pokec,source_mkl_fp32,e2e,0,15,336.047887802
soc-Pokec,b2_fast,e2e,1,0,154.089212418
soc-Pokec,b2_accurate,e2e,1,1,187.813043594
soc-Pokec,b4_fast,e2e,1,2,122.462034225
soc-Pokec,b4_accurate,e2e,1,3,136.688947678
soc-Pokec,b8_fast,e2e,1,4,106.578111649
soc-Pokec,b8_accurate,e2e,1,5,117.841005325
soc-Pokec,b16_fast,e2e,1,6,107.697963715
soc-Pokec,b16_accurate,e2e,1,7,107.032060623
soc-Pokec,b32_fast,e2e,1,8,94.4731235504
soc-Pokec,b32_accurate,e2e,1,9,102.375984192
soc-Pokec,b64_fast,e2e,1,10,96.6219902039
soc-Pokec,b64_accurate,e2e,1,11,97.5589752197
soc-Pokec,bfull_fast,e2e,1,12,95.7050323486
soc-Pokec,bfull_accurate,e2e,1,13,98.799943924
soc-Pokec,source_mkl_fp32,e2e,1,14,334.875822067
soc-Pokec,paper_tfs,e2e,1,15,101.233005524
soc-Pokec,b2_accurate,e2e,2,0,188.410997391
soc-Pokec,b4_fast,e2e,2,1,123.883962631
soc-Pokec,b4_accurate,e2e,2,2,141.607999802
soc-Pokec,b8_fast,e2e,2,3,108.443975449
soc-Pokec,b8_accurate,e2e,2,4,120.267152786
soc-Pokec,b16_fast,e2e,2,5,103.699922562
soc-Pokec,b16_accurate,e2e,2,6,111.473083496
soc-Pokec,b32_fast,e2e,2,7,92.6690101624
soc-Pokec,b32_accurate,e2e,2,8,103.219985962
soc-Pokec,b64_fast,e2e,2,9,96.3327884674
soc-Pokec,b64_accurate,e2e,2,10,99.4820594788
soc-Pokec,bfull_fast,e2e,2,11,95.88098526
soc-Pokec,bfull_accurate,e2e,2,12,99.3220806122
soc-Pokec,source_mkl_fp32,e2e,2,13,335.113048553
soc-Pokec,paper_tfs,e2e,2,14,100.075006485
soc-Pokec,b2_fast,e2e,2,15,155.311107635
soc-Pokec,b4_fast,e2e,3,0,123.805999756
soc-Pokec,b4_accurate,e2e,3,1,141.787052155
soc-Pokec,b8_fast,e2e,3,2,109.793901443
soc-Pokec,b8_accurate,e2e,3,3,118.227005005
soc-Pokec,b16_fast,e2e,3,4,101.505041122
soc-Pokec,b16_accurate,e2e,3,5,108.762025833
soc-Pokec,b32_fast,e2e,3,6,95.2200889587
soc-Pokec,b32_accurate,e2e,3,7,105.069160461
soc-Pokec,b64_fast,e2e,3,8,95.4549312592
soc-Pokec,b64_accurate,e2e,3,9,98.895072937
soc-Pokec,bfull_fast,e2e,3,10,95.4451560974
soc-Pokec,bfull_accurate,e2e,3,11,99.7169017792
soc-Pokec,source_mkl_fp32,e2e,3,12,336.019039154
soc-Pokec,paper_tfs,e2e,3,13,99.1659164429
soc-Pokec,b2_fast,e2e,3,14,159.097194672
soc-Pokec,b2_accurate,e2e,3,15,182.971000671
soc-Pokec,b4_accurate,e2e,4,0,142.389059067
soc-Pokec,b8_fast,e2e,4,1,107.758998871
soc-Pokec,b8_accurate,e2e,4,2,115.331888199
soc-Pokec,b16_fast,e2e,4,3,101.397037506
soc-Pokec,b16_accurate,e2e,4,4,107.174158096
soc-Pokec,b32_fast,e2e,4,5,96.1520671844
soc-Pokec,b32_accurate,e2e,4,6,104.762077332
soc-Pokec,b64_fast,e2e,4,7,95.1490402222
soc-Pokec,b64_accurate,e2e,4,8,98.4899997711
soc-Pokec,bfull_fast,e2e,4,9,95.8750247955
soc-Pokec,bfull_accurate,e2e,4,10,98.1619358063
soc-Pokec,source_mkl_fp32,e2e,4,11,335.663080215
soc-Pokec,paper_tfs,e2e,4,12,101.739168167
soc-Pokec,b2_fast,e2e,4,13,152.183055878
soc-Pokec,b2_accurate,e2e,4,14,188.803911209
soc-Pokec,b4_fast,e2e,4,15,124.143123627
cit-Patents,paper_tfs,kernel,0,0,35.178899765
cit-Patents,b2_fast,kernel,0,1,49.7670173645
cit-Patents,b2_accurate,kernel,0,2,56.6091537476
cit-Patents,b4_fast,kernel,0,3,42.9811477661
cit-Patents,b4_accurate,kernel,0,4,47.4631786346
cit-Patents,b8_fast,kernel,0,5,39.7469997406
cit-Patents,b8_accurate,kernel,0,6,41.9049263
cit-Patents,b16_fast,kernel,0,7,37.9421710968
cit-Patents,b16_accurate,kernel,0,8,40.1031970978
cit-Patents,b32_fast,kernel,0,9,37.4000072479
cit-Patents,b32_accurate,kernel,0,10,39.3249988556
cit-Patents,b64_fast,kernel,0,11,37.1398925781
cit-Patents,b64_accurate,kernel,0,12,39.3600463867
cit-Patents,bfull_fast,kernel,0,13,37.0581150055
cit-Patents,bfull_accurate,kernel,0,14,39.1750335693
cit-Patents,source_mkl_fp32,kernel,0,15,200.572967529
cit-Patents,b2_fast,kernel,1,0,51.3310432434
cit-Patents,b2_accurate,kernel,1,1,56.8480491638
cit-Patents,b4_fast,kernel,1,2,42.505979538
cit-Patents,b4_accurate,kernel,1,3,45.9558963776
cit-Patents,b8_fast,kernel,1,4,39.2978191376
cit-Patents,b8_accurate,kernel,1,5,41.7129993439
cit-Patents,b16_fast,kernel,1,6,37.7609729767
cit-Patents,b16_accurate,kernel,1,7,39.9861335754
cit-Patents,b32_fast,kernel,1,8,37.2669696808
cit-Patents,b32_accurate,kernel,1,9,39.381980896
cit-Patents,b64_fast,kernel,1,10,37.0759963989
cit-Patents,b64_accurate,kernel,1,11,39.2770767212
cit-Patents,bfull_fast,kernel,1,12,37.1680259705
cit-Patents,bfull_accurate,kernel,1,13,39.1321182251
cit-Patents,source_mkl_fp32,kernel,1,14,200.553178787
cit-Patents,paper_tfs,kernel,1,15,34.4800949097
cit-Patents,b2_accurate,kernel,2,0,57.0039749146
cit-Patents,b4_fast,kernel,2,1,42.4799919128
cit-Patents,b4_accurate,kernel,2,2,46.108007431
cit-Patents,b8_fast,kernel,2,3,39.724111557
cit-Patents,b8_accurate,kernel,2,4,41.8989658356
cit-Patents,b16_fast,kernel,2,5,37.8170013428
cit-Patents,b16_accurate,kernel,2,6,40.0021076202
cit-Patents,b32_fast,kernel,2,7,37.0659828186
cit-Patents,b32_accurate,kernel,2,8,39.4539833069
cit-Patents,b64_fast,kernel,2,9,37.4021530151
cit-Patents,b64_accurate,kernel,2,10,39.1900539398
cit-Patents,bfull_fast,kernel,2,11,36.9129180908
cit-Patents,bfull_accurate,kernel,2,12,39.1829013824
cit-Patents,source_mkl_fp32,kernel,2,13,200.68693161
cit-Patents,paper_tfs,kernel,2,14,34.5230102539
cit-Patents,b2_fast,kernel,2,15,50.1420497894
cit-Patents,b4_fast,kernel,3,0,42.2410964966
cit-Patents,b4_accurate,kernel,3,1,46.3750362396
cit-Patents,b8_fast,kernel,3,2,39.7980213165
cit-Patents,b8_accurate,kernel,3,3,41.8698787689
cit-Patents,b16_fast,kernel,3,4,37.5440120697
cit-Patents,b16_accurate,kernel,3,5,39.8490428925
cit-Patents,b32_fast,kernel,3,6,37.2228622437
cit-Patents,b32_accurate,kernel,3,7,39.4990444183
cit-Patents,b64_fast,kernel,3,8,37.1639728546
cit-Patents,b64_accurate,kernel,3,9,39.0939712524
cit-Patents,bfull_fast,kernel,3,10,37.0211601257
cit-Patents,bfull_accurate,kernel,3,11,39.2830371857
cit-Patents,source_mkl_fp32,kernel,3,12,201.084852219
cit-Patents,paper_tfs,kernel,3,13,34.6670150757
cit-Patents,b2_fast,kernel,3,14,49.8588085175
cit-Patents,b2_accurate,kernel,3,15,56.2338829041
cit-Patents,b4_accurate,kernel,4,0,46.6039180756
cit-Patents,b8_fast,kernel,4,1,39.7708415985
cit-Patents,b8_accurate,kernel,4,2,41.9061183929
cit-Patents,b16_fast,kernel,4,3,38.0079746246
cit-Patents,b16_accurate,kernel,4,4,39.7431850433
cit-Patents,b32_fast,kernel,4,5,37.1029376984
cit-Patents,b32_accurate,kernel,4,6,39.3550395966
cit-Patents,b64_fast,kernel,4,7,37.045955658
cit-Patents,b64_accurate,kernel,4,8,39.2789840698
cit-Patents,bfull_fast,kernel,4,9,37.006855011
cit-Patents,bfull_accurate,kernel,4,10,39.1578674316
cit-Patents,source_mkl_fp32,kernel,4,11,200.716018677
cit-Patents,paper_tfs,kernel,4,12,35.0339412689
cit-Patents,b2_fast,kernel,4,13,49.644947052
cit-Patents,b2_accurate,kernel,4,14,56.4141273499
cit-Patents,b4_fast,kernel,4,15,42.9348945618
cit-Patents,paper_tfs,e2e,0,0,79.0231227875
cit-Patents,b2_fast,e2e,0,1,110.574960709
cit-Patents,b2_accurate,e2e,0,2,123.878002167
cit-Patents,b4_fast,e2e,0,3,95.2160358429
cit-Patents,b4_accurate,e2e,0,4,103.138923645
cit-Patents,b8_fast,e2e,0,5,88.1309509277
cit-Patents,b8_accurate,e2e,0,6,92.7469730377
cit-Patents,b16_fast,e2e,0,7,84.7389698029
cit-Patents,b16_accurate,e2e,0,8,89.1280174255
cit-Patents,b32_fast,e2e,0,9,83.5068225861
cit-Patents,b32_accurate,e2e,0,10,86.9221687317
cit-Patents,b64_fast,e2e,0,11,82.9379558563
cit-Patents,b64_accurate,e2e,0,12,86.963891983
cit-Patents,bfull_fast,e2e,0,13,83.3280086517
cit-Patents,bfull_accurate,e2e,0,14,86.8542194366
cit-Patents,source_mkl_fp32,e2e,0,15,274.573087692
cit-Patents,b2_fast,e2e,1,0,111.009836197
cit-Patents,b2_accurate,e2e,1,1,123.826026917
cit-Patents,b4_fast,e2e,1,2,95.8249568939
cit-Patents,b4_accurate,e2e,1,3,105.015993118
cit-Patents,b8_fast,e2e,1,4,88.0889892578
cit-Patents,b8_accurate,e2e,1,5,91.5019512177
cit-Patents,b16_fast,e2e,1,6,84.6199989319
cit-Patents,b16_accurate,e2e,1,7,88.6528491974
cit-Patents,b32_fast,e2e,1,8,83.8069915771
cit-Patents,b32_accurate,e2e,1,9,87.3429775238
cit-Patents,b64_fast,e2e,1,10,83.1990242004
cit-Patents,b64_accurate,e2e,1,11,86.9920253754
cit-Patents,bfull_fast,e2e,1,12,83.3079814911
cit-Patents,bfull_accurate,e2e,1,13,86.8091583252
cit-Patents,source_mkl_fp32,e2e,1,14,274.519920349
cit-Patents,paper_tfs,e2e,1,15,79.2808532715
cit-Patents,b2_accurate,e2e,2,0,125.63419342
cit-Patents,b4_fast,e2e,2,1,96.2080955505
cit-Patents,b4_accurate,e2e,2,2,102.363824844
cit-Patents,b8_fast,e2e,2,3,87.8889560699
cit-Patents,b8_accurate,e2e,2,4,92.7340984344
cit-Patents,b16_fast,e2e,2,5,84.3641757965
cit-Patents,b16_accurate,e2e,2,6,88.0119800568
cit-Patents,b32_fast,e2e,2,7,83.4510326385
cit-Patents,b32_accurate,e2e,2,8,87.1069431305
cit-Patents,b64_fast,e2e,2,9,83.3261013031
cit-Patents,b64_accurate,e2e,2,10,87.2991085052
cit-Patents,bfull_fast,e2e,2,11,83.5931301117
cit-Patents,bfull_accurate,e2e,2,12,86.4808559418
cit-Patents,source_mkl_fp32,e2e,2,13,274.163007736
cit-Patents,paper_tfs,e2e,2,14,79.2331695557
cit-Patents,b2_fast,e2e,2,15,111.324071884
cit-Patents,b4_fast,e2e,3,0,95.3850746155
cit-Patents,b4_accurate,e2e,3,1,103.302001953
cit-Patents,b8_fast,e2e,3,2,88.6650085449
cit-Patents,b8_accurate,e2e,3,3,93.0528640747
cit-Patents,b16_fast,e2e,3,4,84.8269462585
cit-Patents,b16_accurate,e2e,3,5,88.4430408478
cit-Patents,b32_fast,e2e,3,6,83.7268829346
cit-Patents,b32_accurate,e2e,3,7,87.1300697327
cit-Patents,b64_fast,e2e,3,8,83.3301544189
cit-Patents,b64_accurate,e2e,3,9,86.8678092957
cit-Patents,bfull_fast,e2e,3,10,83.2450389862
cit-Patents,bfull_accurate,e2e,3,11,86.6730213165
cit-Patents,source_mkl_fp32,e2e,3,12,274.970054626
cit-Patents,paper_tfs,e2e,3,13,79.4780254364
cit-Patents,b2_fast,e2e,3,14,110.443115234
cit-Patents,b2_accurate,e2e,3,15,123.243093491
cit-Patents,b4_accurate,e2e,4,0,102.807044983
cit-Patents,b8_fast,e2e,4,1,89.2901420593
cit-Patents,b8_accurate,e2e,4,2,92.8108692169
cit-Patents,b16_fast,e2e,4,3,84.018945694
cit-Patents,b16_accurate,e2e,4,4,88.0689620972
cit-Patents,b32_fast,e2e,4,5,83.8301181793
cit-Patents,b32_accurate,e2e,4,6,87.5890254974
cit-Patents,b64_fast,e2e,4,7,83.3730697632
cit-Patents,b64_accurate,e2e,4,8,86.7722034454
cit-Patents,bfull_fast,e2e,4,9,83.0910205841
cit-Patents,bfull_accurate,e2e,4,10,86.9607925415
cit-Patents,source_mkl_fp32,e2e,4,11,274.799823761
cit-Patents,paper_tfs,e2e,4,12,79.8861980438
cit-Patents,b2_fast,e2e,4,13,109.649896622
cit-Patents,b2_accurate,e2e,4,14,123.591899872
cit-Patents,b4_fast,e2e,4,15,96.7981815338
soc-LiveJournal1,paper_tfs,kernel,0,0,126.654863358
soc-LiveJournal1,b2_fast,kernel,0,1,173.52604866
soc-LiveJournal1,b2_accurate,kernel,0,2,219.208955765
soc-LiveJournal1,b4_fast,kernel,0,3,151.340007782
soc-LiveJournal1,b4_accurate,kernel,0,4,167.195796967
soc-LiveJournal1,b8_fast,kernel,0,5,133.293867111
soc-LiveJournal1,b8_accurate,kernel,0,6,144.968986511
soc-LiveJournal1,b16_fast,kernel,0,7,135.712862015
soc-LiveJournal1,b16_accurate,kernel,0,8,143.064022064
soc-LiveJournal1,b32_fast,kernel,0,9,133.466005325
soc-LiveJournal1,b32_accurate,kernel,0,10,137.912988663
soc-LiveJournal1,b64_fast,kernel,0,11,131.906032562
soc-LiveJournal1,b64_accurate,kernel,0,12,135.186910629
soc-LiveJournal1,bfull_fast,kernel,0,13,132.720947266
soc-LiveJournal1,bfull_accurate,kernel,0,14,134.646892548
soc-LiveJournal1,source_mkl_fp32,kernel,0,15,466.830968857
soc-LiveJournal1,b2_fast,kernel,1,0,175.328969955
soc-LiveJournal1,b2_accurate,kernel,1,1,216.368913651
soc-LiveJournal1,b4_fast,kernel,1,2,150.764226913
soc-LiveJournal1,b4_accurate,kernel,1,3,159.839868546
soc-LiveJournal1,b8_fast,kernel,1,4,133.925914764
soc-LiveJournal1,b8_accurate,kernel,1,5,143.008947372
soc-LiveJournal1,b16_fast,kernel,1,6,137.9570961
soc-LiveJournal1,b16_accurate,kernel,1,7,139.087915421
soc-LiveJournal1,b32_fast,kernel,1,8,134.746074677
soc-LiveJournal1,b32_accurate,kernel,1,9,139.091014862
soc-LiveJournal1,b64_fast,kernel,1,10,131.726026535
soc-LiveJournal1,b64_accurate,kernel,1,11,135.710954666
soc-LiveJournal1,bfull_fast,kernel,1,12,132.193088531
soc-LiveJournal1,bfull_accurate,kernel,1,13,133.439064026
soc-LiveJournal1,source_mkl_fp32,kernel,1,14,466.081142426
soc-LiveJournal1,paper_tfs,kernel,1,15,127.678871155
soc-LiveJournal1,b2_accurate,kernel,2,0,208.602905273
soc-LiveJournal1,b4_fast,kernel,2,1,146.347045898
soc-LiveJournal1,b4_accurate,kernel,2,2,164.124965668
soc-LiveJournal1,b8_fast,kernel,2,3,135.781049728
soc-LiveJournal1,b8_accurate,kernel,2,4,140.100002289
soc-LiveJournal1,b16_fast,kernel,2,5,138.695001602
soc-LiveJournal1,b16_accurate,kernel,2,6,144.12689209
soc-LiveJournal1,b32_fast,kernel,2,7,132.784843445
soc-LiveJournal1,b32_accurate,kernel,2,8,140.791893005
soc-LiveJournal1,b64_fast,kernel,2,9,132.57598877
soc-LiveJournal1,b64_accurate,kernel,2,10,138.251066208
soc-LiveJournal1,bfull_fast,kernel,2,11,130.85103035
soc-LiveJournal1,bfull_accurate,kernel,2,12,134.660005569
soc-LiveJournal1,source_mkl_fp32,kernel,2,13,465.555906296
soc-LiveJournal1,paper_tfs,kernel,2,14,122.403860092
soc-LiveJournal1,b2_fast,kernel,2,15,182.750940323
soc-LiveJournal1,b4_fast,kernel,3,0,148.483037949
soc-LiveJournal1,b4_accurate,kernel,3,1,162.112951279
soc-LiveJournal1,b8_fast,kernel,3,2,137.400865555
soc-LiveJournal1,b8_accurate,kernel,3,3,141.02101326
soc-LiveJournal1,b16_fast,kernel,3,4,135.95199585
soc-LiveJournal1,b16_accurate,kernel,3,5,141.622066498
soc-LiveJournal1,b32_fast,kernel,3,6,136.325836182
soc-LiveJournal1,b32_accurate,kernel,3,7,137.636184692
soc-LiveJournal1,b64_fast,kernel,3,8,132.807970047
soc-LiveJournal1,b64_accurate,kernel,3,9,135.257005692
soc-LiveJournal1,bfull_fast,kernel,3,10,133.526086807
soc-LiveJournal1,bfull_accurate,kernel,3,11,133.55588913
soc-LiveJournal1,source_mkl_fp32,kernel,3,12,466.807842255
soc-LiveJournal1,paper_tfs,kernel,3,13,121.277093887
soc-LiveJournal1,b2_fast,kernel,3,14,177.52289772
soc-LiveJournal1,b2_accurate,kernel,3,15,214.357852936
soc-LiveJournal1,b4_accurate,kernel,4,0,170.365095139
soc-LiveJournal1,b8_fast,kernel,4,1,134.103775024
soc-LiveJournal1,b8_accurate,kernel,4,2,142.039060593
soc-LiveJournal1,b16_fast,kernel,4,3,135.635137558
soc-LiveJournal1,b16_accurate,kernel,4,4,143.462896347
soc-LiveJournal1,b32_fast,kernel,4,5,135.704994202
soc-LiveJournal1,b32_accurate,kernel,4,6,137.645959854
soc-LiveJournal1,b64_fast,kernel,4,7,133.322954178
soc-LiveJournal1,b64_accurate,kernel,4,8,135.818958282
soc-LiveJournal1,bfull_fast,kernel,4,9,130.950927734
soc-LiveJournal1,bfull_accurate,kernel,4,10,136.590957642
soc-LiveJournal1,source_mkl_fp32,kernel,4,11,465.989112854
soc-LiveJournal1,paper_tfs,kernel,4,12,119.443893433
soc-LiveJournal1,b2_fast,kernel,4,13,180.657863617
soc-LiveJournal1,b2_accurate,kernel,4,14,216.078996658
soc-LiveJournal1,b4_fast,kernel,4,15,152.867794037
soc-LiveJournal1,paper_tfs,e2e,0,0,262.619018555
soc-LiveJournal1,b2_fast,e2e,0,1,358.439922333
soc-LiveJournal1,b2_accurate,e2e,0,2,434.720039368
soc-LiveJournal1,b4_fast,e2e,0,3,314.695835114
soc-LiveJournal1,b4_accurate,e2e,0,4,335.999965668
soc-LiveJournal1,b8_fast,e2e,0,5,289.86120224
soc-LiveJournal1,b8_accurate,e2e,0,6,299.030065536
soc-LiveJournal1,b16_fast,e2e,0,7,289.170026779
soc-LiveJournal1,b16_accurate,e2e,0,8,300.33493042
soc-LiveJournal1,b32_fast,e2e,0,9,283.777952194
soc-LiveJournal1,b32_accurate,e2e,0,10,292.320966721
soc-LiveJournal1,b64_fast,e2e,0,11,282.562017441
soc-LiveJournal1,b64_accurate,e2e,0,12,284.065008163
soc-LiveJournal1,bfull_fast,e2e,0,13,283.249139786
soc-LiveJournal1,bfull_accurate,e2e,0,14,283.890008926
soc-LiveJournal1,source_mkl_fp32,e2e,0,15,685.24813652
soc-LiveJournal1,b2_fast,e2e,1,0,377.492189407
soc-LiveJournal1,b2_accurate,e2e,1,1,410.967111588
soc-LiveJournal1,b4_fast,e2e,1,2,315.699100494
soc-LiveJournal1,b4_accurate,e2e,1,3,347.527980804
soc-LiveJournal1,b8_fast,e2e,1,4,285.924911499
soc-LiveJournal1,b8_accurate,e2e,1,5,304.240942001
soc-LiveJournal1,b16_fast,e2e,1,6,290.138959885
soc-LiveJournal1,b16_accurate,e2e,1,7,299.410820007
soc-LiveJournal1,b32_fast,e2e,1,8,287.42480278
soc-LiveJournal1,b32_accurate,e2e,1,9,290.652990341
soc-LiveJournal1,b64_fast,e2e,1,10,284.48677063
soc-LiveJournal1,b64_accurate,e2e,1,11,290.745973587
soc-LiveJournal1,bfull_fast,e2e,1,12,280.379772186
soc-LiveJournal1,bfull_accurate,e2e,1,13,285.491943359
soc-LiveJournal1,source_mkl_fp32,e2e,1,14,685.868024826
soc-LiveJournal1,paper_tfs,e2e,1,15,261.861085892
soc-LiveJournal1,b2_accurate,e2e,2,0,436.747074127
soc-LiveJournal1,b4_fast,e2e,2,1,305.630922318
soc-LiveJournal1,b4_accurate,e2e,2,2,338.109016418
soc-LiveJournal1,b8_fast,e2e,2,3,290.278911591
soc-LiveJournal1,b8_accurate,e2e,2,4,295.892953873
soc-LiveJournal1,b16_fast,e2e,2,5,291.960954666
soc-LiveJournal1,b16_accurate,e2e,2,6,300.893068314
soc-LiveJournal1,b32_fast,e2e,2,7,283.788204193
soc-LiveJournal1,b32_accurate,e2e,2,8,291.360139847
soc-LiveJournal1,b64_fast,e2e,2,9,284.008026123
soc-LiveJournal1,b64_accurate,e2e,2,10,288.712978363
soc-LiveJournal1,bfull_fast,e2e,2,11,281.831979752
soc-LiveJournal1,bfull_accurate,e2e,2,12,285.405874252
soc-LiveJournal1,source_mkl_fp32,e2e,2,13,686.132907867
soc-LiveJournal1,paper_tfs,e2e,2,14,265.997171402
soc-LiveJournal1,b2_fast,e2e,2,15,355.8781147
soc-LiveJournal1,b4_fast,e2e,3,0,319.468975067
soc-LiveJournal1,b4_accurate,e2e,3,1,343.808889389
soc-LiveJournal1,b8_fast,e2e,3,2,288.139104843
soc-LiveJournal1,b8_accurate,e2e,3,3,302.257061005
soc-LiveJournal1,b16_fast,e2e,3,4,288.748025894
soc-LiveJournal1,b16_accurate,e2e,3,5,303.708076477
soc-LiveJournal1,b32_fast,e2e,3,6,286.087036133
soc-LiveJournal1,b32_accurate,e2e,3,7,291.523933411
soc-LiveJournal1,b64_fast,e2e,3,8,280.489206314
soc-LiveJournal1,b64_accurate,e2e,3,9,288.579940796
soc-LiveJournal1,bfull_fast,e2e,3,10,279.278039932
soc-LiveJournal1,bfull_accurate,e2e,3,11,284.276008606
soc-LiveJournal1,source_mkl_fp32,e2e,3,12,684.471845627
soc-LiveJournal1,paper_tfs,e2e,3,13,265.92707634
soc-LiveJournal1,b2_fast,e2e,3,14,375.434875488
soc-LiveJournal1,b2_accurate,e2e,3,15,425.235033035
soc-LiveJournal1,b4_accurate,e2e,4,0,342.105150223
soc-LiveJournal1,b8_fast,e2e,4,1,293.031930923
soc-LiveJournal1,b8_accurate,e2e,4,2,293.967962265
soc-LiveJournal1,b16_fast,e2e,4,3,292.660951614
soc-LiveJournal1,b16_accurate,e2e,4,4,300.173044205
soc-LiveJournal1,b32_fast,e2e,4,5,285.301208496
soc-LiveJournal1,b32_accurate,e2e,4,6,293.250083923
soc-LiveJournal1,b64_fast,e2e,4,7,279.667854309
soc-LiveJournal1,b64_accurate,e2e,4,8,287.266016006
soc-LiveJournal1,bfull_fast,e2e,4,9,281.839132309
soc-LiveJournal1,bfull_accurate,e2e,4,10,286.933898926
soc-LiveJournal1,source_mkl_fp32,e2e,4,11,684.975862503
soc-LiveJournal1,paper_tfs,e2e,4,12,269.132137299
soc-LiveJournal1,b2_fast,e2e,4,13,355.012893677
soc-LiveJournal1,b2_accurate,e2e,4,14,432.463169098
soc-LiveJournal1,b4_fast,e2e,4,15,307.585000992
com-LiveJournal,paper_tfs,kernel,0,0,114.388942719
com-LiveJournal,b2_fast,kernel,0,1,174.686193466
com-LiveJournal,b2_accurate,kernel,0,2,201.285839081
com-LiveJournal,b4_fast,kernel,0,3,139.201879501
com-LiveJournal,b4_accurate,kernel,0,4,161.0019207
com-LiveJournal,b8_fast,kernel,0,5,126.209974289
com-LiveJournal,b8_accurate,kernel,0,6,136.373996735
com-LiveJournal,b16_fast,kernel,0,7,128.303050995
com-LiveJournal,b16_accurate,kernel,0,8,129.431962967
com-LiveJournal,b32_fast,kernel,0,9,126.764059067
com-LiveJournal,b32_accurate,kernel,0,10,129.466056824
com-LiveJournal,b64_fast,kernel,0,11,120.971918106
com-LiveJournal,b64_accurate,kernel,0,12,124.439001083
com-LiveJournal,bfull_fast,kernel,0,13,123.724937439
com-LiveJournal,bfull_accurate,kernel,0,14,122.668027878
com-LiveJournal,source_mkl_fp32,kernel,0,15,449.043035507
com-LiveJournal,b2_fast,kernel,1,0,170.106172562
com-LiveJournal,b2_accurate,kernel,1,1,195.257902145
com-LiveJournal,b4_fast,kernel,1,2,140.15007019
com-LiveJournal,b4_accurate,kernel,1,3,160.65788269
com-LiveJournal,b8_fast,kernel,1,4,130.404949188
com-LiveJournal,b8_accurate,kernel,1,5,135.82611084
com-LiveJournal,b16_fast,kernel,1,6,128.41796875
com-LiveJournal,b16_accurate,kernel,1,7,129.025936127
com-LiveJournal,b32_fast,kernel,1,8,125.899076462
com-LiveJournal,b32_accurate,kernel,1,9,125.607013702
com-LiveJournal,b64_fast,kernel,1,10,121.291160583
com-LiveJournal,b64_accurate,kernel,1,11,127.895832062
com-LiveJournal,bfull_fast,kernel,1,12,120.626926422
com-LiveJournal,bfull_accurate,kernel,1,13,123.167037964
com-LiveJournal,source_mkl_fp32,kernel,1,14,450.511932373
com-LiveJournal,paper_tfs,kernel,1,15,114.874839783
com-LiveJournal,b2_accurate,kernel,2,0,203.523874283
com-LiveJournal,b4_fast,kernel,2,1,139.649152756
com-LiveJournal,b4_accurate,kernel,2,2,155.502796173
com-LiveJournal,b8_fast,kernel,2,3,127.361059189
com-LiveJournal,b8_accurate,kernel,2,4,132.964134216
com-LiveJournal,b16_fast,kernel,2,5,128.74007225
com-LiveJournal,b16_accurate,kernel,2,6,129.091978073
com-LiveJournal,b32_fast,kernel,2,7,122.607946396
com-LiveJournal,b32_accurate,kernel,2,8,130.449056625
com-LiveJournal,b64_fast,kernel,2,9,122.452020645
com-LiveJournal,b64_accurate,kernel,2,10,127.823114395
com-LiveJournal,bfull_fast,kernel,2,11,120.525121689
com-LiveJournal,bfull_accurate,kernel,2,12,126.250982285
com-LiveJournal,source_mkl_fp32,kernel,2,13,448.990821838
com-LiveJournal,paper_tfs,kernel,2,14,120.229959488
com-LiveJournal,b2_fast,kernel,2,15,165.405035019
com-LiveJournal,b4_fast,kernel,3,0,144.354820251
com-LiveJournal,b4_accurate,kernel,3,1,163.249015808
com-LiveJournal,b8_fast,kernel,3,2,131.128787994
com-LiveJournal,b8_accurate,kernel,3,3,133.729934692
com-LiveJournal,b16_fast,kernel,3,4,127.012014389
com-LiveJournal,b16_accurate,kernel,3,5,132.496833801
com-LiveJournal,b32_fast,kernel,3,6,121.866941452
com-LiveJournal,b32_accurate,kernel,3,7,130.424022675
com-LiveJournal,b64_fast,kernel,3,8,124.665975571
com-LiveJournal,b64_accurate,kernel,3,9,126.648187637
com-LiveJournal,bfull_fast,kernel,3,10,123.613834381
com-LiveJournal,bfull_accurate,kernel,3,11,125.891923904
com-LiveJournal,source_mkl_fp32,kernel,3,12,448.752164841
com-LiveJournal,paper_tfs,kernel,3,13,120.522975922
com-LiveJournal,b2_fast,kernel,3,14,165.493011475
com-LiveJournal,b2_accurate,kernel,3,15,197.151899338
com-LiveJournal,b4_accurate,kernel,4,0,160.059928894
com-LiveJournal,b8_fast,kernel,4,1,127.328157425
com-LiveJournal,b8_accurate,kernel,4,2,134.743928909
com-LiveJournal,b16_fast,kernel,4,3,128.507137299
com-LiveJournal,b16_accurate,kernel,4,4,128.846168518
com-LiveJournal,b32_fast,kernel,4,5,124.094009399
com-LiveJournal,b32_accurate,kernel,4,6,129.165887833
com-LiveJournal,b64_fast,kernel,4,7,121.161937714
com-LiveJournal,b64_accurate,kernel,4,8,127.863883972
com-LiveJournal,bfull_fast,kernel,4,9,124.367952347
com-LiveJournal,bfull_accurate,kernel,4,10,125.848054886
com-LiveJournal,source_mkl_fp32,kernel,4,11,449.599981308
com-LiveJournal,paper_tfs,kernel,4,12,116.477012634
com-LiveJournal,b2_fast,kernel,4,13,166.427135468
com-LiveJournal,b2_accurate,kernel,4,14,207.119941711
com-LiveJournal,b4_fast,kernel,4,15,141.736030579
com-LiveJournal,paper_tfs,e2e,0,0,250.520944595
com-LiveJournal,b2_fast,e2e,0,1,347.73015976
com-LiveJournal,b2_accurate,e2e,0,2,426.59497261
com-LiveJournal,b4_fast,e2e,0,3,297.813177109
com-LiveJournal,b4_accurate,e2e,0,4,328.600883484
com-LiveJournal,b8_fast,e2e,0,5,271.051168442
com-LiveJournal,b8_accurate,e2e,0,6,280.801057816
com-LiveJournal,b16_fast,e2e,0,7,265.318870544
com-LiveJournal,b16_accurate,e2e,0,8,275.782108307
com-LiveJournal,b32_fast,e2e,0,9,260.11800766
com-LiveJournal,b32_accurate,e2e,0,10,264.351844788
com-LiveJournal,b64_fast,e2e,0,11,259.57608223
com-LiveJournal,b64_accurate,e2e,0,12,263.085842133
com-LiveJournal,bfull_fast,e2e,0,13,257.785081863
com-LiveJournal,bfull_accurate,e2e,0,14,263.173818588
com-LiveJournal,source_mkl_fp32,e2e,0,15,649.586200714
com-LiveJournal,b2_fast,e2e,1,0,352.785110474
com-LiveJournal,b2_accurate,e2e,1,1,403.146982193
com-LiveJournal,b4_fast,e2e,1,2,298.811912537
com-LiveJournal,b4_accurate,e2e,1,3,329.487800598
com-LiveJournal,b8_fast,e2e,1,4,269.913911819
com-LiveJournal,b8_accurate,e2e,1,5,278.449058533
com-LiveJournal,b16_fast,e2e,1,6,262.818098068
com-LiveJournal,b16_accurate,e2e,1,7,278.32698822
com-LiveJournal,b32_fast,e2e,1,8,260.612010956
com-LiveJournal,b32_accurate,e2e,1,9,270.437955856
com-LiveJournal,b64_fast,e2e,1,10,258.96692276
com-LiveJournal,b64_accurate,e2e,1,11,262.07113266
com-LiveJournal,bfull_fast,e2e,1,12,255.452871323
com-LiveJournal,bfull_accurate,e2e,1,13,264.338970184
com-LiveJournal,source_mkl_fp32,e2e,1,14,649.286985397
com-LiveJournal,paper_tfs,e2e,1,15,254.872083664
com-LiveJournal,b2_accurate,e2e,2,0,415.49706459
com-LiveJournal,b4_fast,e2e,2,1,300.354957581
com-LiveJournal,b4_accurate,e2e,2,2,326.209068298
com-LiveJournal,b8_fast,e2e,2,3,271.421909332
com-LiveJournal,b8_accurate,e2e,2,4,279.080867767
com-LiveJournal,b16_fast,e2e,2,5,266.075849533
com-LiveJournal,b16_accurate,e2e,2,6,276.022911072
com-LiveJournal,b32_fast,e2e,2,7,259.994983673
com-LiveJournal,b32_accurate,e2e,2,8,271.781921387
com-LiveJournal,b64_fast,e2e,2,9,257.453918457
com-LiveJournal,b64_accurate,e2e,2,10,264.518976212
com-LiveJournal,bfull_fast,e2e,2,11,258.579969406
com-LiveJournal,bfull_accurate,e2e,2,12,262.766122818
com-LiveJournal,source_mkl_fp32,e2e,2,13,649.572849274
com-LiveJournal,paper_tfs,e2e,2,14,251.769065857
com-LiveJournal,b2_fast,e2e,2,15,356.600999832
com-LiveJournal,b4_fast,e2e,3,0,293.762922287
com-LiveJournal,b4_accurate,e2e,3,1,327.792882919
com-LiveJournal,b8_fast,e2e,3,2,275.56014061
com-LiveJournal,b8_accurate,e2e,3,3,283.61415863
com-LiveJournal,b16_fast,e2e,3,4,265.329122543
com-LiveJournal,b16_accurate,e2e,3,5,275.875091553
com-LiveJournal,b32_fast,e2e,3,6,261.583089828
com-LiveJournal,b32_accurate,e2e,3,7,265.875816345
com-LiveJournal,b64_fast,e2e,3,8,257.617950439
com-LiveJournal,b64_accurate,e2e,3,9,261.074066162
com-LiveJournal,bfull_fast,e2e,3,10,256.129980087
com-LiveJournal,bfull_accurate,e2e,3,11,260.273933411
com-LiveJournal,source_mkl_fp32,e2e,3,12,650.519132614
com-LiveJournal,paper_tfs,e2e,3,13,257.740020752
com-LiveJournal,b2_fast,e2e,3,14,352.500200272
com-LiveJournal,b2_accurate,e2e,3,15,422.092199326
com-LiveJournal,b4_accurate,e2e,4,0,334.382772446
com-LiveJournal,b8_fast,e2e,4,1,269.669055939
com-LiveJournal,b8_accurate,e2e,4,2,278.667926788
com-LiveJournal,b16_fast,e2e,4,3,263.808965683
com-LiveJournal,b16_accurate,e2e,4,4,273.539066315
com-LiveJournal,b32_fast,e2e,4,5,259.490966797
com-LiveJournal,b32_accurate,e2e,4,6,272.854089737
com-LiveJournal,b64_fast,e2e,4,7,259.377002716
com-LiveJournal,b64_accurate,e2e,4,8,266.320943832
com-LiveJournal,bfull_fast,e2e,4,9,257.129907608
com-LiveJournal,bfull_accurate,e2e,4,10,260.802984238
com-LiveJournal,source_mkl_fp32,e2e,4,11,651.649951935
com-LiveJournal,paper_tfs,e2e,4,12,256.440877914
com-LiveJournal,b2_fast,e2e,4,13,352.736949921
com-LiveJournal,b2_accurate,e2e,4,14,402.415990829
com-LiveJournal,b4_fast,e2e,4,15,299.455881119
as-Skitter,paper_tfs,kernel,0,0,49.1058826447
as-Skitter,b2_fast,kernel,0,1,78.008890152
as-Skitter,b2_accurate,kernel,0,2,94.5551395416
as-Skitter,b4_fast,kernel,0,3,54.3820858002
as-Skitter,b4_accurate,kernel,0,4,66.0231113434
as-Skitter,b8_fast,kernel,0,5,48.3000278473
as-Skitter,b8_accurate,kernel,0,6,51.0358810425
as-Skitter,b16_fast,kernel,0,7,38.8610363007
as-Skitter,b16_accurate,kernel,0,8,45.4370975494
as-Skitter,b32_fast,kernel,0,9,39.7291183472
as-Skitter,b32_accurate,kernel,0,10,42.5071716309
as-Skitter,b64_fast,kernel,0,11,38.7759208679
as-Skitter,b64_accurate,kernel,0,12,40.6110286713
as-Skitter,bfull_fast,kernel,0,13,37.9831790924
as-Skitter,bfull_accurate,kernel,0,14,39.6339893341
as-Skitter,source_mkl_fp32,kernel,0,15,114.469051361
as-Skitter,b2_fast,kernel,1,0,78.6128044128
as-Skitter,b2_accurate,kernel,1,1,98.1919765472
as-Skitter,b4_fast,kernel,1,2,56.8170547485
as-Skitter,b4_accurate,kernel,1,3,64.9259090424
as-Skitter,b8_fast,kernel,1,4,44.7590351105
as-Skitter,b8_accurate,kernel,1,5,49.5510101318
as-Skitter,b16_fast,kernel,1,6,40.4040813446
as-Skitter,b16_accurate,kernel,1,7,43.1571006775
as-Skitter,b32_fast,kernel,1,8,39.4620895386
as-Skitter,b32_accurate,kernel,1,9,41.0971641541
as-Skitter,b64_fast,kernel,1,10,38.0139350891
as-Skitter,b64_accurate,kernel,1,11,40.5769348145
as-Skitter,bfull_fast,kernel,1,12,37.8031730652
as-Skitter,bfull_accurate,kernel,1,13,40.7099723816
as-Skitter,source_mkl_fp32,kernel,1,14,114.274978638
as-Skitter,paper_tfs,kernel,1,15,50.1668453217
as-Skitter,b2_accurate,kernel,2,0,96.8520641327
as-Skitter,b4_fast,kernel,2,1,51.7518520355
as-Skitter,b4_accurate,kernel,2,2,64.8968219757
as-Skitter,b8_fast,kernel,2,3,47.5142002106
as-Skitter,b8_accurate,kernel,2,4,51.1808395386
as-Skitter,b16_fast,kernel,2,5,39.6628379822
as-Skitter,b16_accurate,kernel,2,6,44.9321269989
as-Skitter,b32_fast,kernel,2,7,39.5970344543
as-Skitter,b32_accurate,kernel,2,8,42.328119278
as-Skitter,b64_fast,kernel,2,9,37.2428894043
as-Skitter,b64_accurate,kernel,2,10,42.2208309174
as-Skitter,bfull_fast,kernel,2,11,36.7228984833
as-Skitter,bfull_accurate,kernel,2,12,38.596868515
as-Skitter,source_mkl_fp32,kernel,2,13,114.167928696
as-Skitter,paper_tfs,kernel,2,14,51.2878894806
as-Skitter,b2_fast,kernel,2,15,73.0741024017
as-Skitter,b4_fast,kernel,3,0,51.4650344849
as-Skitter,b4_accurate,kernel,3,1,65.0038719177
as-Skitter,b8_fast,kernel,3,2,46.1230278015
as-Skitter,b8_accurate,kernel,3,3,50.60505867
as-Skitter,b16_fast,kernel,3,4,42.6599979401
as-Skitter,b16_accurate,kernel,3,5,42.6771640778
as-Skitter,b32_fast,kernel,3,6,40.1980876923
as-Skitter,b32_accurate,kernel,3,7,41.7830944061
as-Skitter,b64_fast,kernel,3,8,37.8661155701
as-Skitter,b64_accurate,kernel,3,9,39.959192276
as-Skitter,bfull_fast,kernel,3,10,38.6669635773
as-Skitter,bfull_accurate,kernel,3,11,40.2090549469
as-Skitter,source_mkl_fp32,kernel,3,12,115.150928497
as-Skitter,paper_tfs,kernel,3,13,49.0338802338
as-Skitter,b2_fast,kernel,3,14,74.8410224915
as-Skitter,b2_accurate,kernel,3,15,96.6761112213
as-Skitter,b4_accurate,kernel,4,0,66.1728382111
as-Skitter,b8_fast,kernel,4,1,46.5891361237
as-Skitter,b8_accurate,kernel,4,2,51.5739917755
as-Skitter,b16_fast,kernel,4,3,41.8200492859
as-Skitter,b16_accurate,kernel,4,4,43.830871582
as-Skitter,b32_fast,kernel,4,5,38.6230945587
as-Skitter,b32_accurate,kernel,4,6,42.4001216888
as-Skitter,b64_fast,kernel,4,7,38.8369560242
as-Skitter,b64_accurate,kernel,4,8,39.5920276642
as-Skitter,bfull_fast,kernel,4,9,38.1181240082
as-Skitter,bfull_accurate,kernel,4,10,39.4270420074
as-Skitter,source_mkl_fp32,kernel,4,11,114.51792717
as-Skitter,paper_tfs,kernel,4,12,49.674987793
as-Skitter,b2_fast,kernel,4,13,76.8837928772
as-Skitter,b2_accurate,kernel,4,14,96.8699455261
as-Skitter,b4_fast,kernel,4,15,56.046962738
as-Skitter,paper_tfs,e2e,0,0,111.217021942
as-Skitter,b2_fast,e2e,0,1,153.90920639
as-Skitter,b2_accurate,e2e,0,2,194.411039352
as-Skitter,b4_fast,e2e,0,3,114.861965179
as-Skitter,b4_accurate,e2e,0,4,135.053157806
as-Skitter,b8_fast,e2e,0,5,96.1120128632
as-Skitter,b8_accurate,e2e,0,6,104.403018951
as-Skitter,b16_fast,e2e,0,7,86.6169929504
as-Skitter,b16_accurate,e2e,0,8,93.34897995
as-Skitter,b32_fast,e2e,0,9,83.1890106201
as-Skitter,b32_accurate,e2e,0,10,86.3258838654
as-Skitter,b64_fast,e2e,0,11,79.9360275269
as-Skitter,b64_accurate,e2e,0,12,84.4120979309
as-Skitter,bfull_fast,e2e,0,13,78.1729221344
as-Skitter,bfull_accurate,e2e,0,14,81.4998149872
as-Skitter,source_mkl_fp32,e2e,0,15,165.291070938
as-Skitter,b2_fast,e2e,1,0,157.647132874
as-Skitter,b2_accurate,e2e,1,1,194.766044617
as-Skitter,b4_fast,e2e,1,2,115.329027176
as-Skitter,b4_accurate,e2e,1,3,136.98887825
as-Skitter,b8_fast,e2e,1,4,97.9509353638
as-Skitter,b8_accurate,e2e,1,5,108.263015747
as-Skitter,b16_fast,e2e,1,6,89.3778800964
as-Skitter,b16_accurate,e2e,1,7,93.1489467621
as-Skitter,b32_fast,e2e,1,8,82.4778079987
as-Skitter,b32_accurate,e2e,1,9,85.1349830627
as-Skitter,b64_fast,e2e,1,10,80.2450180054
as-Skitter,b64_accurate,e2e,1,11,84.1648578644
as-Skitter,bfull_fast,e2e,1,12,81.7549228668
as-Skitter,bfull_accurate,e2e,1,13,79.754114151
as-Skitter,source_mkl_fp32,e2e,1,14,164.577960968
as-Skitter,paper_tfs,e2e,1,15,109.836816788
as-Skitter,b2_accurate,e2e,2,0,197.845935822
as-Skitter,b4_fast,e2e,2,1,114.902019501
as-Skitter,b4_accurate,e2e,2,2,134.387016296
as-Skitter,b8_fast,e2e,2,3,97.846031189
as-Skitter,b8_accurate,e2e,2,4,108.280897141
as-Skitter,b16_fast,e2e,2,5,90.8739566803
as-Skitter,b16_accurate,e2e,2,6,90.7170772552
as-Skitter,b32_fast,e2e,2,7,84.7120285034
as-Skitter,b32_accurate,e2e,2,8,87.4350070953
as-Skitter,b64_fast,e2e,2,9,80.6531906128
as-Skitter,b64_accurate,e2e,2,10,84.3601226807
as-Skitter,bfull_fast,e2e,2,11,80.6300640106
as-Skitter,bfull_accurate,e2e,2,12,84.2339992523
as-Skitter,source_mkl_fp32,e2e,2,13,164.851903915
as-Skitter,paper_tfs,e2e,2,14,107.971906662
as-Skitter,b2_fast,e2e,2,15,152.455091476
as-Skitter,b4_fast,e2e,3,0,116.086006165
as-Skitter,b4_accurate,e2e,3,1,136.603116989
as-Skitter,b8_fast,e2e,3,2,97.2120761871
as-Skitter,b8_accurate,e2e,3,3,109.95388031
as-Skitter,b16_fast,e2e,3,4,88.6409282684
as-Skitter,b16_accurate,e2e,3,5,91.6028022766
as-Skitter,b32_fast,e2e,3,6,81.0930728912
as-Skitter,b32_accurate,e2e,3,7,85.4508876801
as-Skitter,b64_fast,e2e,3,8,81.237077713
as-Skitter,b64_accurate,e2e,3,9,83.2140445709
as-Skitter,bfull_fast,e2e,3,10,80.8818340302
as-Skitter,bfull_accurate,e2e,3,11,83.8520526886
as-Skitter,source_mkl_fp32,e2e,3,12,163.772106171
as-Skitter,paper_tfs,e2e,3,13,106.126070023
as-Skitter,b2_fast,e2e,3,14,150.736093521
as-Skitter,b2_accurate,e2e,3,15,188.711166382
as-Skitter,b4_accurate,e2e,4,0,133.805036545
as-Skitter,b8_fast,e2e,4,1,96.3039398193
as-Skitter,b8_accurate,e2e,4,2,107.439994812
as-Skitter,b16_fast,e2e,4,3,90.1548862457
as-Skitter,b16_accurate,e2e,4,4,94.4538116455
as-Skitter,b32_fast,e2e,4,5,82.5741291046
as-Skitter,b32_accurate,e2e,4,6,85.2589607239
as-Skitter,b64_fast,e2e,4,7,80.8849334717
as-Skitter,b64_accurate,e2e,4,8,86.2109661102
as-Skitter,bfull_fast,e2e,4,9,79.3750286102
as-Skitter,bfull_accurate,e2e,4,10,81.4030170441
as-Skitter,source_mkl_fp32,e2e,4,11,164.45684433
as-Skitter,paper_tfs,e2e,4,12,109.894037247
as-Skitter,b2_fast,e2e,4,13,153.989076614
as-Skitter,b2_accurate,e2e,4,14,196.177959442
as-Skitter,b4_fast,e2e,4,15,116.513967514
rgg_n_2_24_s0,paper_tfs,kernel,0,0,418.664932251
rgg_n_2_24_s0,b2_fast,kernel,0,1,680.452108383
rgg_n_2_24_s0,b2_accurate,kernel,0,2,791.884899139
rgg_n_2_24_s0,b4_fast,kernel,0,3,567.55399704
rgg_n_2_24_s0,b4_accurate,kernel,0,4,626.391887665
rgg_n_2_24_s0,b8_fast,kernel,0,5,506.629943848
rgg_n_2_24_s0,b8_accurate,kernel,0,6,533.071994781
rgg_n_2_24_s0,b16_fast,kernel,0,7,453.555107117
rgg_n_2_24_s0,b16_accurate,kernel,0,8,483.007907867
rgg_n_2_24_s0,b32_fast,kernel,0,9,433.581113815
rgg_n_2_24_s0,b32_accurate,kernel,0,10,463.678121567
rgg_n_2_24_s0,b64_fast,kernel,0,11,433.386087418
rgg_n_2_24_s0,b64_accurate,kernel,0,12,463.752031326
rgg_n_2_24_s0,bfull_fast,kernel,0,13,433.46619606
rgg_n_2_24_s0,bfull_accurate,kernel,0,14,463.823080063
rgg_n_2_24_s0,source_mkl_fp32,kernel,0,15,1608.99806023
rgg_n_2_24_s0,b2_fast,kernel,1,0,690.848112106
rgg_n_2_24_s0,b2_accurate,kernel,1,1,791.392803192
rgg_n_2_24_s0,b4_fast,kernel,1,2,565.745830536
rgg_n_2_24_s0,b4_accurate,kernel,1,3,626.040935516
rgg_n_2_24_s0,b8_fast,kernel,1,4,506.664991379
rgg_n_2_24_s0,b8_accurate,kernel,1,5,533.642053604
rgg_n_2_24_s0,b16_fast,kernel,1,6,453.948020935
rgg_n_2_24_s0,b16_accurate,kernel,1,7,482.712030411
rgg_n_2_24_s0,b32_fast,kernel,1,8,433.992147446
rgg_n_2_24_s0,b32_accurate,kernel,1,9,464.115142822
rgg_n_2_24_s0,b64_fast,kernel,1,10,433.731079102
rgg_n_2_24_s0,b64_accurate,kernel,1,11,464.129209518
rgg_n_2_24_s0,bfull_fast,kernel,1,12,433.432102203
rgg_n_2_24_s0,bfull_accurate,kernel,1,13,464.196920395
rgg_n_2_24_s0,source_mkl_fp32,kernel,1,14,1609.11893845
rgg_n_2_24_s0,paper_tfs,kernel,1,15,418.123006821
rgg_n_2_24_s0,b2_accurate,kernel,2,0,790.726900101
rgg_n_2_24_s0,b4_fast,kernel,2,1,568.239212036
rgg_n_2_24_s0,b4_accurate,kernel,2,2,627.030849457
rgg_n_2_24_s0,b8_fast,kernel,2,3,507.49206543
rgg_n_2_24_s0,b8_accurate,kernel,2,4,534.17301178
rgg_n_2_24_s0,b16_fast,kernel,2,5,454.481124878
rgg_n_2_24_s0,b16_accurate,kernel,2,6,483.089923859
rgg_n_2_24_s0,b32_fast,kernel,2,7,433.477878571
rgg_n_2_24_s0,b32_accurate,kernel,2,8,463.7799263
rgg_n_2_24_s0,b64_fast,kernel,2,9,433.255910873
rgg_n_2_24_s0,b64_accurate,kernel,2,10,463.636159897
rgg_n_2_24_s0,bfull_fast,kernel,2,11,433.666944504
rgg_n_2_24_s0,bfull_accurate,kernel,2,12,463.576078415
rgg_n_2_24_s0,source_mkl_fp32,kernel,2,13,1612.52593994
rgg_n_2_24_s0,paper_tfs,kernel,2,14,418.631076813
rgg_n_2_24_s0,b2_fast,kernel,2,15,680.486917496
rgg_n_2_24_s0,b4_fast,kernel,3,0,564.047813416
rgg_n_2_24_s0,b4_accurate,kernel,3,1,625.154972076
rgg_n_2_24_s0,b8_fast,kernel,3,2,506.146907806
rgg_n_2_24_s0,b8_accurate,kernel,3,3,532.198905945
rgg_n_2_24_s0,b16_fast,kernel,3,4,454.330921173
rgg_n_2_24_s0,b16_accurate,kernel,3,5,483.151912689
rgg_n_2_24_s0,b32_fast,kernel,3,6,433.704137802
rgg_n_2_24_s0,b32_accurate,kernel,3,7,463.766098022
rgg_n_2_24_s0,b64_fast,kernel,3,8,433.541059494
rgg_n_2_24_s0,b64_accurate,kernel,3,9,463.963031769
rgg_n_2_24_s0,bfull_fast,kernel,3,10,433.080911636
rgg_n_2_24_s0,bfull_accurate,kernel,3,11,464.107990265
rgg_n_2_24_s0,source_mkl_fp32,kernel,3,12,1610.11004448
rgg_n_2_24_s0,paper_tfs,kernel,3,13,418.75910759
rgg_n_2_24_s0,b2_fast,kernel,3,14,682.154178619
rgg_n_2_24_s0,b2_accurate,kernel,3,15,792.737960815
rgg_n_2_24_s0,b4_accurate,kernel,4,0,623.588085175
rgg_n_2_24_s0,b8_fast,kernel,4,1,507.429122925
rgg_n_2_24_s0,b8_accurate,kernel,4,2,531.840085983
rgg_n_2_24_s0,b16_fast,kernel,4,3,454.674959183
rgg_n_2_24_s0,b16_accurate,kernel,4,4,482.578039169
rgg_n_2_24_s0,b32_fast,kernel,4,5,433.742046356
rgg_n_2_24_s0,b32_accurate,kernel,4,6,464.05506134
rgg_n_2_24_s0,b64_fast,kernel,4,7,433.426856995
rgg_n_2_24_s0,b64_accurate,kernel,4,8,463.526964188
rgg_n_2_24_s0,bfull_fast,kernel,4,9,434.028148651
rgg_n_2_24_s0,bfull_accurate,kernel,4,10,463.846921921
rgg_n_2_24_s0,source_mkl_fp32,kernel,4,11,1612.59102821
rgg_n_2_24_s0,paper_tfs,kernel,4,12,418.347120285
rgg_n_2_24_s0,b2_fast,kernel,4,13,680.780887604
rgg_n_2_24_s0,b2_accurate,kernel,4,14,792.551040649
rgg_n_2_24_s0,b4_fast,kernel,4,15,567.851066589
rgg_n_2_24_s0,paper_tfs,e2e,0,0,921.64182663
rgg_n_2_24_s0,b2_fast,e2e,0,1,1419.83413696
rgg_n_2_24_s0,b2_accurate,e2e,0,2,1640.05112648
rgg_n_2_24_s0,b4_fast,e2e,0,3,1200.86216927
rgg_n_2_24_s0,b4_accurate,e2e,0,4,1317.58713722
rgg_n_2_24_s0,b8_fast,e2e,0,5,1063.29488754
rgg_n_2_24_s0,b8_accurate,e2e,0,6,1123.03709984
rgg_n_2_24_s0,b16_fast,e2e,0,7,958.726882935
rgg_n_2_24_s0,b16_accurate,e2e,0,8,1016.10779762
rgg_n_2_24_s0,b32_fast,e2e,0,9,926.915168762
rgg_n_2_24_s0,b32_accurate,e2e,0,10,975.048065186
rgg_n_2_24_s0,b64_fast,e2e,0,11,924.510002136
rgg_n_2_24_s0,b64_accurate,e2e,0,12,972.444057465
rgg_n_2_24_s0,bfull_fast,e2e,0,13,927.198171616
rgg_n_2_24_s0,bfull_accurate,e2e,0,14,976.279020309
rgg_n_2_24_s0,source_mkl_fp32,e2e,0,15,2041.25499725
rgg_n_2_24_s0,b2_fast,e2e,1,0,1433.48383904
rgg_n_2_24_s0,b2_accurate,e2e,1,1,1642.02404022
rgg_n_2_24_s0,b4_fast,e2e,1,2,1199.60999489
rgg_n_2_24_s0,b4_accurate,e2e,1,3,1317.32201576
rgg_n_2_24_s0,b8_fast,e2e,1,4,1062.51311302
rgg_n_2_24_s0,b8_accurate,e2e,1,5,1122.06196785
rgg_n_2_24_s0,b16_fast,e2e,1,6,959.39707756
rgg_n_2_24_s0,b16_accurate,e2e,1,7,1014.7960186
rgg_n_2_24_s0,b32_fast,e2e,1,8,924.028873444
rgg_n_2_24_s0,b32_accurate,e2e,1,9,975.311040878
rgg_n_2_24_s0,b64_fast,e2e,1,10,924.371004105
rgg_n_2_24_s0,b64_accurate,e2e,1,11,974.231004715
rgg_n_2_24_s0,bfull_fast,e2e,1,12,923.615217209
rgg_n_2_24_s0,bfull_accurate,e2e,1,13,975.484132767
rgg_n_2_24_s0,source_mkl_fp32,e2e,1,14,2042.52099991
rgg_n_2_24_s0,paper_tfs,e2e,1,15,922.621011734
rgg_n_2_24_s0,b2_accurate,e2e,2,0,1641.87288284
rgg_n_2_24_s0,b4_fast,e2e,2,1,1198.84395599
rgg_n_2_24_s0,b4_accurate,e2e,2,2,1319.02694702
rgg_n_2_24_s0,b8_fast,e2e,2,3,1063.96102905
rgg_n_2_24_s0,b8_accurate,e2e,2,4,1122.30706215
rgg_n_2_24_s0,b16_fast,e2e,2,5,958.806037903
rgg_n_2_24_s0,b16_accurate,e2e,2,6,1016.91603661
rgg_n_2_24_s0,b32_fast,e2e,2,7,925.23598671
rgg_n_2_24_s0,b32_accurate,e2e,2,8,977.14304924
rgg_n_2_24_s0,b64_fast,e2e,2,9,927.297115326
rgg_n_2_24_s0,b64_accurate,e2e,2,10,977.238178253
rgg_n_2_24_s0,bfull_fast,e2e,2,11,923.851966858
rgg_n_2_24_s0,bfull_accurate,e2e,2,12,975.62289238
rgg_n_2_24_s0,source_mkl_fp32,e2e,2,13,2042.12021828
rgg_n_2_24_s0,paper_tfs,e2e,2,14,923.017024994
rgg_n_2_24_s0,b2_fast,e2e,2,15,1422.70112038
rgg_n_2_24_s0,b4_fast,e2e,3,0,1199.82814789
rgg_n_2_24_s0,b4_accurate,e2e,3,1,1315.27495384
rgg_n_2_24_s0,b8_fast,e2e,3,2,1064.40091133
rgg_n_2_24_s0,b8_accurate,e2e,3,3,1123.07310104
rgg_n_2_24_s0,b16_fast,e2e,3,4,957.984924316
rgg_n_2_24_s0,b16_accurate,e2e,3,5,1014.6818161
rgg_n_2_24_s0,b32_fast,e2e,3,6,922.294139862
rgg_n_2_24_s0,b32_accurate,e2e,3,7,974.596977234
rgg_n_2_24_s0,b64_fast,e2e,3,8,923.16198349
rgg_n_2_24_s0,b64_accurate,e2e,3,9,976.76897049
rgg_n_2_24_s0,bfull_fast,e2e,3,10,923.185110092
rgg_n_2_24_s0,bfull_accurate,e2e,3,11,975.550174713
rgg_n_2_24_s0,source_mkl_fp32,e2e,3,12,2042.42491722
rgg_n_2_24_s0,paper_tfs,e2e,3,13,921.181917191
rgg_n_2_24_s0,b2_fast,e2e,3,14,1420.08805275
rgg_n_2_24_s0,b2_accurate,e2e,3,15,1642.52305031
rgg_n_2_24_s0,b4_accurate,e2e,4,0,1308.4769249
rgg_n_2_24_s0,b8_fast,e2e,4,1,1064.92495537
rgg_n_2_24_s0,b8_accurate,e2e,4,2,1122.8120327
rgg_n_2_24_s0,b16_fast,e2e,4,3,957.383871078
rgg_n_2_24_s0,b16_accurate,e2e,4,4,1016.86787605
rgg_n_2_24_s0,b32_fast,e2e,4,5,924.493789673
rgg_n_2_24_s0,b32_accurate,e2e,4,6,973.350048065
rgg_n_2_24_s0,b64_fast,e2e,4,7,923.660993576
rgg_n_2_24_s0,b64_accurate,e2e,4,8,975.857973099
rgg_n_2_24_s0,bfull_fast,e2e,4,9,922.925949097
rgg_n_2_24_s0,bfull_accurate,e2e,4,10,977.535963058
rgg_n_2_24_s0,source_mkl_fp32,e2e,4,11,2043.38717461
rgg_n_2_24_s0,paper_tfs,e2e,4,12,922.230005264
rgg_n_2_24_s0,b2_fast,e2e,4,13,1419.18420792
rgg_n_2_24_s0,b2_accurate,e2e,4,14,1642.7719593
rgg_n_2_24_s0,b4_fast,e2e,4,15,1199.54395294
web-Google,paper_tfs,kernel,0,0,9.43088531494
web-Google,b2_fast,kernel,0,1,13.5099887848
web-Google,b2_accurate,kernel,0,2,15.3298377991
web-Google,b4_fast,kernel,0,3,10.7550621033
web-Google,b4_accurate,kernel,0,4,12.3269557953
web-Google,b8_fast,kernel,0,5,9.9401473999
web-Google,b8_accurate,kernel,0,6,10.6689929962
web-Google,b16_fast,kernel,0,7,9.31906700134
web-Google,b16_accurate,kernel,0,8,9.97996330261
web-Google,b32_fast,kernel,0,9,9.24921035767
web-Google,b32_accurate,kernel,0,10,9.65905189514
web-Google,b64_fast,kernel,0,11,9.202003479
web-Google,b64_accurate,kernel,0,12,9.70602035522
web-Google,bfull_fast,kernel,0,13,9.11808013916
web-Google,bfull_accurate,kernel,0,14,9.87100601196
web-Google,source_mkl_fp32,kernel,0,15,29.8228263855
web-Google,b2_fast,kernel,1,0,13.5779380798
web-Google,b2_accurate,kernel,1,1,15.6269073486
web-Google,b4_fast,kernel,1,2,10.8118057251
web-Google,b4_accurate,kernel,1,3,11.962890625
web-Google,b8_fast,kernel,1,4,9.83500480652
web-Google,b8_accurate,kernel,1,5,10.8399391174
web-Google,b16_fast,kernel,1,6,9.33194160461
web-Google,b16_accurate,kernel,1,7,9.88006591797
web-Google,b32_fast,kernel,1,8,9.24301147461
web-Google,b32_accurate,kernel,1,9,9.64498519897
web-Google,b64_fast,kernel,1,10,9.13119316101
web-Google,b64_accurate,kernel,1,11,9.8021030426
web-Google,bfull_fast,kernel,1,12,9.09996032715
web-Google,bfull_accurate,kernel,1,13,9.71603393555
web-Google,source_mkl_fp32,kernel,1,14,29.87408638
web-Google,paper_tfs,kernel,1,15,9.23109054565
web-Google,b2_accurate,kernel,2,0,15.2351856232
web-Google,b4_fast,kernel,2,1,11.0890865326
web-Google,b4_accurate,kernel,2,2,12.1250152588
web-Google,b8_fast,kernel,2,3,9.94896888733
web-Google,b8_accurate,kernel,2,4,10.6749534607
web-Google,b16_fast,kernel,2,5,9.37294960022
web-Google,b16_accurate,kernel,2,6,9.94515419006
web-Google,b32_fast,kernel,2,7,9.19198989868
web-Google,b32_accurate,kernel,2,8,9.7279548645
web-Google,b64_fast,kernel,2,9,9.16695594788
web-Google,b64_accurate,kernel,2,10,9.73105430603
web-Google,bfull_fast,kernel,2,11,9.09781455994
web-Google,bfull_accurate,kernel,2,12,9.76586341858
web-Google,source_mkl_fp32,kernel,2,13,29.8080444336
web-Google,paper_tfs,kernel,2,14,9.2499256134
web-Google,b2_fast,kernel,2,15,13.4530067444
web-Google,b4_fast,kernel,3,0,10.9331607819
web-Google,b4_accurate,kernel,3,1,12.1138095856
web-Google,b8_fast,kernel,3,2,9.90986824036
web-Google,b8_accurate,kernel,3,3,10.5819702148
web-Google,b16_fast,kernel,3,4,9.32312011719
web-Google,b16_accurate,kernel,3,5,9.80806350708
web-Google,b32_fast,kernel,3,6,9.10997390747
web-Google,b32_accurate,kernel,3,7,9.67001914978
web-Google,b64_fast,kernel,3,8,9.08613204956
web-Google,b64_accurate,kernel,3,9,9.77396965027
web-Google,bfull_fast,kernel,3,10,9.11903381348
web-Google,bfull_accurate,kernel,3,11,9.71698760986
web-Google,source_mkl_fp32,kernel,3,12,29.8459529877
web-Google,paper_tfs,kernel,3,13,9.48596000671
web-Google,b2_fast,kernel,3,14,13.2210254669
web-Google,b2_accurate,kernel,3,15,15.5138969421
web-Google,b4_accurate,kernel,4,0,12.2830867767
web-Google,b8_fast,kernel,4,1,10.0588798523
web-Google,b8_accurate,kernel,4,2,10.7781887054
web-Google,b16_fast,kernel,4,3,9.41491127014
web-Google,b16_accurate,kernel,4,4,9.86289978027
web-Google,b32_fast,kernel,4,5,9.04297828674
web-Google,b32_accurate,kernel,4,6,9.75298881531
web-Google,b64_fast,kernel,4,7,9.10305976868
web-Google,b64_accurate,kernel,4,8,9.68790054321
web-Google,bfull_fast,kernel,4,9,9.20414924622
web-Google,bfull_accurate,kernel,4,10,9.69815254211
web-Google,source_mkl_fp32,kernel,4,11,29.8280715942
web-Google,paper_tfs,kernel,4,12,9.34600830078
web-Google,b2_fast,kernel,4,13,13.2110118866
web-Google,b2_accurate,kernel,4,14,15.1188373566
web-Google,b4_fast,kernel,4,15,10.9539031982
web-Google,paper_tfs,e2e,0,0,21.4488506317
web-Google,b2_fast,e2e,0,1,28.4659862518
web-Google,b2_accurate,e2e,0,2,32.9148769379
web-Google,b4_fast,e2e,0,3,24.4190692902
web-Google,b4_accurate,e2e,0,4,26.9401073456
web-Google,b8_fast,e2e,0,5,22.6788520813
web-Google,b8_accurate,e2e,0,6,23.9520072937
web-Google,b16_fast,e2e,0,7,21.2950706482
web-Google,b16_accurate,e2e,0,8,22.4959850311
web-Google,b32_fast,e2e,0,9,21.3198661804
web-Google,b32_accurate,e2e,0,10,22.3000049591
web-Google,b64_fast,e2e,0,11,21.7409133911
web-Google,b64_accurate,e2e,0,12,22.1509933472
web-Google,bfull_fast,e2e,0,13,21.4281082153
web-Google,bfull_accurate,e2e,0,14,22.3751068115
web-Google,source_mkl_fp32,e2e,0,15,46.4670658112
web-Google,b2_fast,e2e,1,0,28.911113739
web-Google,b2_accurate,e2e,1,1,33.2119464874
web-Google,b4_fast,e2e,1,2,24.3718624115
web-Google,b4_accurate,e2e,1,3,26.8120765686
web-Google,b8_fast,e2e,1,4,22.3150253296
web-Google,b8_accurate,e2e,1,5,23.6089229584
web-Google,b16_fast,e2e,1,6,21.6269493103
web-Google,b16_accurate,e2e,1,7,22.4549770355
web-Google,b32_fast,e2e,1,8,21.2171077728
web-Google,b32_accurate,e2e,1,9,22.4668979645
web-Google,b64_fast,e2e,1,10,21.2919712067
web-Google,b64_accurate,e2e,1,11,22.1319198608
web-Google,bfull_fast,e2e,1,12,21.6171741486
web-Google,bfull_accurate,e2e,1,13,22.2449302673
web-Google,source_mkl_fp32,e2e,1,14,46.6771125793
web-Google,paper_tfs,e2e,1,15,21.0499763489
web-Google,b2_accurate,e2e,2,0,33.7619781494
web-Google,b4_fast,e2e,2,1,24.3170261383
web-Google,b4_accurate,e2e,2,2,27.1549224854
web-Google,b8_fast,e2e,2,3,22.9909420013
web-Google,b8_accurate,e2e,2,4,24.4889259338
web-Google,b16_fast,e2e,2,5,21.4898586273
web-Google,b16_accurate,e2e,2,6,22.0119953156
web-Google,b32_fast,e2e,2,7,21.6028690338
web-Google,b32_accurate,e2e,2,8,22.3641395569
web-Google,b64_fast,e2e,2,9,21.7101573944
web-Google,b64_accurate,e2e,2,10,22.4359035492
web-Google,bfull_fast,e2e,2,11,21.176815033
web-Google,bfull_accurate,e2e,2,12,22.3090648651
web-Google,source_mkl_fp32,e2e,2,13,46.4758872986
web-Google,paper_tfs,e2e,2,14,20.8039283752
web-Google,b2_fast,e2e,2,15,28.804063797
web-Google,b4_fast,e2e,3,0,24.717092514
web-Google,b4_accurate,e2e,3,1,27.1649360657
web-Google,b8_fast,e2e,3,2,22.9167938232
web-Google,b8_accurate,e2e,3,3,24.0647792816
web-Google,b16_fast,e2e,3,4,21.3429927826
web-Google,b16_accurate,e2e,3,5,22.4719047546
web-Google,b32_fast,e2e,3,6,21.6557979584
web-Google,b32_accurate,e2e,3,7,22.4559307098
web-Google,b64_fast,e2e,3,8,21.6131210327
web-Google,b64_accurate,e2e,3,9,22.2120285034
web-Google,bfull_fast,e2e,3,10,21.0437774658
web-Google,bfull_accurate,e2e,3,11,22.2229957581
web-Google,source_mkl_fp32,e2e,3,12,46.5261936188
web-Google,paper_tfs,e2e,3,13,21.1188793182
web-Google,b2_fast,e2e,3,14,28.3968448639
web-Google,b2_accurate,e2e,3,15,33.371925354
web-Google,b4_accurate,e2e,4,0,27.2009372711
web-Google,b8_fast,e2e,4,1,22.8581428528
web-Google,b8_accurate,e2e,4,2,24.0068435669
web-Google,b16_fast,e2e,4,3,21.3949680328
web-Google,b16_accurate,e2e,4,4,22.4750041962
web-Google,b32_fast,e2e,4,5,21.8291282654
web-Google,b32_accurate,e2e,4,6,22.3910808563
web-Google,b64_fast,e2e,4,7,21.1100578308
web-Google,b64_accurate,e2e,4,8,22.2520828247
web-Google,bfull_fast,e2e,4,9,21.1958885193
web-Google,bfull_accurate,e2e,4,10,22.4709510803
web-Google,source_mkl_fp32,e2e,4,11,46.6349124908
web-Google,paper_tfs,e2e,4,12,20.9469795227
web-Google,b2_fast,e2e,4,13,28.9471149445
web-Google,b2_accurate,e2e,4,14,33.262014389
web-Google,b4_fast,e2e,4,15,24.7161388397
roadNet-CA,paper_tfs,kernel,0,0,14.3890380859
roadNet-CA,b2_fast,kernel,0,1,18.5079574585
roadNet-CA,b2_accurate,kernel,0,2,21.1420059204
roadNet-CA,b4_fast,kernel,0,3,15.7849788666
roadNet-CA,b4_accurate,kernel,0,4,17.1020030975
roadNet-CA,b8_fast,kernel,0,5,15.7310962677
roadNet-CA,b8_accurate,kernel,0,6,17.1780586243
roadNet-CA,b16_fast,kernel,0,7,15.7070159912
roadNet-CA,b16_accurate,kernel,0,8,17.0950889587
roadNet-CA,b32_fast,kernel,0,9,15.7442092896
roadNet-CA,b32_accurate,kernel,0,10,17.0869827271
roadNet-CA,b64_fast,kernel,0,11,15.6991481781
roadNet-CA,b64_accurate,kernel,0,12,17.1389579773
roadNet-CA,bfull_fast,kernel,0,13,15.7649517059
roadNet-CA,bfull_accurate,kernel,0,14,17.1101093292
roadNet-CA,source_mkl_fp32,kernel,0,15,37.6689434052
roadNet-CA,b2_fast,kernel,1,0,19.0479755402
roadNet-CA,b2_accurate,kernel,1,1,21.2099552155
roadNet-CA,b4_fast,kernel,1,2,15.7508850098
roadNet-CA,b4_accurate,kernel,1,3,17.0700550079
roadNet-CA,b8_fast,kernel,1,4,15.7570838928
roadNet-CA,b8_accurate,kernel,1,5,17.0609951019
roadNet-CA,b16_fast,kernel,1,6,15.6259536743
roadNet-CA,b16_accurate,kernel,1,7,17.1649456024
roadNet-CA,b32_fast,kernel,1,8,15.7549381256
roadNet-CA,b32_accurate,kernel,1,9,17.058134079
roadNet-CA,b64_fast,kernel,1,10,15.6579017639
roadNet-CA,b64_accurate,kernel,1,11,17.107963562
roadNet-CA,bfull_fast,kernel,1,12,15.7401561737
roadNet-CA,bfull_accurate,kernel,1,13,17.1201229095
roadNet-CA,source_mkl_fp32,kernel,1,14,37.7328395844
roadNet-CA,paper_tfs,kernel,1,15,14.5280361176
roadNet-CA,b2_accurate,kernel,2,0,21.4247703552
roadNet-CA,b4_fast,kernel,2,1,15.8178806305
roadNet-CA,b4_accurate,kernel,2,2,17.1589851379
roadNet-CA,b8_fast,kernel,2,3,15.7511234283
roadNet-CA,b8_accurate,kernel,2,4,17.3950195312
roadNet-CA,b16_fast,kernel,2,5,16.1180496216
roadNet-CA,b16_accurate,kernel,2,6,17.4748897552
roadNet-CA,b32_fast,kernel,2,7,16.1340236664
roadNet-CA,b32_accurate,kernel,2,8,17.4868106842
roadNet-CA,b64_fast,kernel,2,9,16.1919593811
roadNet-CA,b64_accurate,kernel,2,10,17.3909664154
roadNet-CA,bfull_fast,kernel,2,11,16.0980224609
roadNet-CA,bfull_accurate,kernel,2,12,17.4598693848
roadNet-CA,source_mkl_fp32,kernel,2,13,38.0339622498
roadNet-CA,paper_tfs,kernel,2,14,14.4939422607
roadNet-CA,b2_fast,kernel,2,15,18.9340114594
roadNet-CA,b4_fast,kernel,3,0,16.0350799561
roadNet-CA,b4_accurate,kernel,3,1,17.6198482513
roadNet-CA,b8_fast,kernel,3,2,16.3559913635
roadNet-CA,b8_accurate,kernel,3,3,17.8229808807
roadNet-CA,b16_fast,kernel,3,4,16.5550708771
roadNet-CA,b16_accurate,kernel,3,5,17.6930427551
roadNet-CA,b32_fast,kernel,3,6,16.1800384521
roadNet-CA,b32_accurate,kernel,3,7,17.3020362854
roadNet-CA,b64_fast,kernel,3,8,15.722990036
roadNet-CA,b64_accurate,kernel,3,9,17.1048641205
roadNet-CA,bfull_fast,kernel,3,10,15.7589912415
roadNet-CA,bfull_accurate,kernel,3,11,17.1029567719
roadNet-CA,source_mkl_fp32,kernel,3,12,37.8129482269
roadNet-CA,paper_tfs,kernel,3,13,14.6641731262
roadNet-CA,b2_fast,kernel,3,14,19.021987915
roadNet-CA,b2_accurate,kernel,3,15,21.6219425201
roadNet-CA,b4_accurate,kernel,4,0,17.7328586578
roadNet-CA,b8_fast,kernel,4,1,16.3359642029
roadNet-CA,b8_accurate,kernel,4,2,17.8608894348
roadNet-CA,b16_fast,kernel,4,3,16.450881958
roadNet-CA,b16_accurate,kernel,4,4,17.6198482513
roadNet-CA,b32_fast,kernel,4,5,16.007900238
roadNet-CA,b32_accurate,kernel,4,6,17.1430110931
roadNet-CA,b64_fast,kernel,4,7,15.7399177551
roadNet-CA,b64_accurate,kernel,4,8,17.1270370483
roadNet-CA,bfull_fast,kernel,4,9,15.6939029694
roadNet-CA,bfull_accurate,kernel,4,10,17.1830654144
roadNet-CA,source_mkl_fp32,kernel,4,11,38.0449295044
roadNet-CA,paper_tfs,kernel,4,12,14.5530700684
roadNet-CA,b2_fast,kernel,4,13,19.033908844
roadNet-CA,b2_accurate,kernel,4,14,21.5311050415
roadNet-CA,b4_fast,kernel,4,15,16.1590576172
roadNet-CA,paper_tfs,e2e,0,0,37.1799468994
roadNet-CA,b2_fast,e2e,0,1,45.902967453
roadNet-CA,b2_accurate,e2e,0,2,51.7981052399
roadNet-CA,b4_fast,e2e,0,3,39.5090579987
roadNet-CA,b4_accurate,e2e,0,4,41.7621135712
roadNet-CA,b8_fast,e2e,0,5,39.0110015869
roadNet-CA,b8_accurate,e2e,0,6,41.4319038391
roadNet-CA,b16_fast,e2e,0,7,38.9449596405
roadNet-CA,b16_accurate,e2e,0,8,41.0718917847
roadNet-CA,b32_fast,e2e,0,9,39.3109321594
roadNet-CA,b32_accurate,e2e,0,10,41.0048961639
roadNet-CA,b64_fast,e2e,0,11,38.9339923859
roadNet-CA,b64_accurate,e2e,0,12,41.1942005157
roadNet-CA,bfull_fast,e2e,0,13,39.1199588776
roadNet-CA,bfull_accurate,e2e,0,14,41.5089130402
roadNet-CA,source_mkl_fp32,e2e,0,15,66.2159919739
roadNet-CA,b2_fast,e2e,1,0,44.8400974274
roadNet-CA,b2_accurate,e2e,1,1,50.8649349213
roadNet-CA,b4_fast,e2e,1,2,40.9529209137
roadNet-CA,b4_accurate,e2e,1,3,41.3498878479
roadNet-CA,b8_fast,e2e,1,4,39.37292099
roadNet-CA,b8_accurate,e2e,1,5,41.3379669189
roadNet-CA,b16_fast,e2e,1,6,38.8600826263
roadNet-CA,b16_accurate,e2e,1,7,41.8059825897
roadNet-CA,b32_fast,e2e,1,8,39.2849445343
roadNet-CA,b32_accurate,e2e,1,9,41.0177707672
roadNet-CA,b64_fast,e2e,1,10,39.6790504456
roadNet-CA,b64_accurate,e2e,1,11,41.5740013123
roadNet-CA,bfull_fast,e2e,1,12,39.0009880066
roadNet-CA,bfull_accurate,e2e,1,13,42.0711040497
roadNet-CA,source_mkl_fp32,e2e,1,14,66.7691230774
roadNet-CA,paper_tfs,e2e,1,15,36.5259647369
roadNet-CA,b2_accurate,e2e,2,0,50.1289367676
roadNet-CA,b4_fast,e2e,2,1,40.4272079468
roadNet-CA,b4_accurate,e2e,2,2,41.4350032806
roadNet-CA,b8_fast,e2e,2,3,38.8240814209
roadNet-CA,b8_accurate,e2e,2,4,41.5680408478
roadNet-CA,b16_fast,e2e,2,5,38.9540195465
roadNet-CA,b16_accurate,e2e,2,6,41.7878627777
roadNet-CA,b32_fast,e2e,2,7,39.6399497986
roadNet-CA,b32_accurate,e2e,2,8,41.2709712982
roadNet-CA,b64_fast,e2e,2,9,39.0899181366
roadNet-CA,b64_accurate,e2e,2,10,41.5740013123
roadNet-CA,bfull_fast,e2e,2,11,38.9740467072
roadNet-CA,bfull_accurate,e2e,2,12,41.9239997864
roadNet-CA,source_mkl_fp32,e2e,2,13,66.7371749878
roadNet-CA,paper_tfs,e2e,2,14,36.238193512
roadNet-CA,b2_fast,e2e,2,15,44.4321632385
roadNet-CA,b4_fast,e2e,3,0,40.6799316406
roadNet-CA,b4_accurate,e2e,3,1,42.3238277435
roadNet-CA,b8_fast,e2e,3,2,38.8090610504
roadNet-CA,b8_accurate,e2e,3,3,41.0690307617
roadNet-CA,b16_fast,e2e,3,4,39.3860340118
roadNet-CA,b16_accurate,e2e,3,5,41.4879322052
roadNet-CA,b32_fast,e2e,3,6,39.0501022339
roadNet-CA,b32_accurate,e2e,3,7,41.5661334991
roadNet-CA,b64_fast,e2e,3,8,39.4558906555
roadNet-CA,b64_accurate,e2e,3,9,42.298078537
roadNet-CA,bfull_fast,e2e,3,10,39.0191078186
roadNet-CA,bfull_accurate,e2e,3,11,41.6440963745
roadNet-CA,source_mkl_fp32,e2e,3,12,66.2858486176
roadNet-CA,paper_tfs,e2e,3,13,36.0999107361
roadNet-CA,b2_fast,e2e,3,14,44.5740222931
roadNet-CA,b2_accurate,e2e,3,15,50.1251220703
roadNet-CA,b4_accurate,e2e,4,0,42.9730415344
roadNet-CA,b8_fast,e2e,4,1,40.5039787292
roadNet-CA,b8_accurate,e2e,4,2,41.59116745
roadNet-CA,b16_fast,e2e,4,3,38.8247966766
roadNet-CA,b16_accurate,e2e,4,4,41.5768623352
roadNet-CA,b32_fast,e2e,4,5,39.3090248108
roadNet-CA,b32_accurate,e2e,4,6,41.8019294739
roadNet-CA,b64_fast,e2e,4,7,39.3319129944
roadNet-CA,b64_accurate,e2e,4,8,41.8319702148
roadNet-CA,bfull_fast,e2e,4,9,39.3579006195
roadNet-CA,bfull_accurate,e2e,4,10,41.4011478424
roadNet-CA,source_mkl_fp32,e2e,4,11,66.3599967957
roadNet-CA,paper_tfs,e2e,4,12,36.0891819
roadNet-CA,b2_fast,e2e,4,13,45.0649261475
roadNet-CA,b2_accurate,e2e,4,14,53.1098842621
roadNet-CA,b4_fast,e2e,4,15,40.0159358978
wiki-Talk,paper_tfs,kernel,0,0,51.4681339264
wiki-Talk,b2_fast,kernel,0,1,77.033996582
wiki-Talk,b2_accurate,kernel,0,2,109.16519165
wiki-Talk,b4_fast,kernel,0,3,48.7749576569
wiki-Talk,b4_accurate,kernel,0,4,63.5259151459
wiki-Talk,b8_fast,kernel,0,5,33.2131385803
wiki-Talk,b8_accurate,kernel,0,6,38.6519432068
wiki-Talk,b16_fast,kernel,0,7,25.0208377838
wiki-Talk,b16_accurate,kernel,0,8,28.5489559174
wiki-Talk,b32_fast,kernel,0,9,23.2529640198
wiki-Talk,b32_accurate,kernel,0,10,23.1699943542
wiki-Talk,b64_fast,kernel,0,11,21.3379859924
wiki-Talk,b64_accurate,kernel,0,12,20.8101272583
wiki-Talk,bfull_fast,kernel,0,13,18.8679695129
wiki-Talk,bfull_accurate,kernel,0,14,19.6750164032
wiki-Talk,source_mkl_fp32,kernel,0,15,49.1058826447
wiki-Talk,b2_fast,kernel,1,0,78.113079071
wiki-Talk,b2_accurate,kernel,1,1,107.036113739
wiki-Talk,b4_fast,kernel,1,2,48.6798286438
wiki-Talk,b4_accurate,kernel,1,3,62.3409748077
wiki-Talk,b8_fast,kernel,1,4,34.1689586639
wiki-Talk,b8_accurate,kernel,1,5,41.0070419312
wiki-Talk,b16_fast,kernel,1,6,25.7411003113
wiki-Talk,b16_accurate,kernel,1,7,29.8709869385
wiki-Talk,b32_fast,kernel,1,8,21.3499069214
wiki-Talk,b32_accurate,kernel,1,9,23.7200260162
wiki-Talk,b64_fast,kernel,1,10,19.6011066437
wiki-Talk,b64_accurate,kernel,1,11,21.427154541
wiki-Talk,bfull_fast,kernel,1,12,18.2828903198
wiki-Talk,bfull_accurate,kernel,1,13,18.5968875885
wiki-Talk,source_mkl_fp32,kernel,1,14,49.017906189
wiki-Talk,paper_tfs,kernel,1,15,51.9518852234
wiki-Talk,b2_accurate,kernel,2,0,106.462001801
wiki-Talk,b4_fast,kernel,2,1,48.5649108887
wiki-Talk,b4_accurate,kernel,2,2,64.346075058
wiki-Talk,b8_fast,kernel,2,3,32.2759151459
wiki-Talk,b8_accurate,kernel,2,4,39.9780273438
wiki-Talk,b16_fast,kernel,2,5,25.7649421692
wiki-Talk,b16_accurate,kernel,2,6,29.1059017181
wiki-Talk,b32_fast,kernel,2,7,22.2499370575
wiki-Talk,b32_accurate,kernel,2,8,23.0979919434
wiki-Talk,b64_fast,kernel,2,9,21.3940143585
wiki-Talk,b64_accurate,kernel,2,10,20.7579135895
wiki-Talk,bfull_fast,kernel,2,11,19.4299221039
wiki-Talk,bfull_accurate,kernel,2,12,18.651008606
wiki-Talk,source_mkl_fp32,kernel,2,13,49.1700172424
wiki-Talk,paper_tfs,kernel,2,14,51.5449047089
wiki-Talk,b2_fast,kernel,2,15,78.0749320984
wiki-Talk,b4_fast,kernel,3,0,46.9880104065
wiki-Talk,b4_accurate,kernel,3,1,61.1231327057
wiki-Talk,b8_fast,kernel,3,2,32.3839187622
wiki-Talk,b8_accurate,kernel,3,3,39.3288135529
wiki-Talk,b16_fast,kernel,3,4,26.1220932007
wiki-Talk,b16_accurate,kernel,3,5,29.865026474
wiki-Talk,b32_fast,kernel,3,6,21.8749046326
wiki-Talk,b32_accurate,kernel,3,7,23.2968330383
wiki-Talk,b64_fast,kernel,3,8,20.9279060364
wiki-Talk,b64_accurate,kernel,3,9,21.0330486298
wiki-Talk,bfull_fast,kernel,3,10,19.7567939758
wiki-Talk,bfull_accurate,kernel,3,11,19.8588371277
wiki-Talk,source_mkl_fp32,kernel,3,12,49.1828918457
wiki-Talk,paper_tfs,kernel,3,13,53.3490180969
wiki-Talk,b2_fast,kernel,3,14,79.6148777008
wiki-Talk,b2_accurate,kernel,3,15,106.538057327
wiki-Talk,b4_accurate,kernel,4,0,62.7207756042
wiki-Talk,b8_fast,kernel,4,1,33.2319736481
wiki-Talk,b8_accurate,kernel,4,2,41.7139530182
wiki-Talk,b16_fast,kernel,4,3,24.5258808136
wiki-Talk,b16_accurate,kernel,4,4,29.422044754
wiki-Talk,b32_fast,kernel,4,5,21.9390392303
wiki-Talk,b32_accurate,kernel,4,6,23.7629413605
wiki-Talk,b64_fast,kernel,4,7,21.8670368195
wiki-Talk,b64_accurate,kernel,4,8,22.0358371735
wiki-Talk,bfull_fast,kernel,4,9,19.4990634918
wiki-Talk,bfull_accurate,kernel,4,10,18.6228752136
wiki-Talk,source_mkl_fp32,kernel,4,11,49.0260124207
wiki-Talk,paper_tfs,kernel,4,12,52.0598888397
wiki-Talk,b2_fast,kernel,4,13,76.1170387268
wiki-Talk,b2_accurate,kernel,4,14,109.430789948
wiki-Talk,b4_fast,kernel,4,15,47.2710132599
wiki-Talk,paper_tfs,e2e,0,0,109.543085098
wiki-Talk,b2_fast,e2e,0,1,160.761833191
wiki-Talk,b2_accurate,e2e,0,2,220.518112183
wiki-Talk,b4_fast,e2e,0,3,102.689981461
wiki-Talk,b4_accurate,e2e,0,4,133.996009827
wiki-Talk,b8_fast,e2e,0,5,76.2839317322
wiki-Talk,b8_accurate,e2e,0,6,85.4909420013
wiki-Talk,b16_fast,e2e,0,7,56.6630363464
wiki-Talk,b16_accurate,e2e,0,8,67.5859451294
wiki-Talk,b32_fast,e2e,0,9,49.7410297394
wiki-Talk,b32_accurate,e2e,0,10,55.2909374237
wiki-Talk,b64_fast,e2e,0,11,47.8370189667
wiki-Talk,b64_accurate,e2e,0,12,50.4198074341
wiki-Talk,bfull_fast,e2e,0,13,48.483133316
wiki-Talk,bfull_accurate,e2e,0,14,48.4089851379
wiki-Talk,source_mkl_fp32,e2e,0,15,90.3730392456
wiki-Talk,b2_fast,e2e,1,0,162.185192108
wiki-Talk,b2_accurate,e2e,1,1,217.294931412
wiki-Talk,b4_fast,e2e,1,2,103.506088257
wiki-Talk,b4_accurate,e2e,1,3,129.489898682
wiki-Talk,b8_fast,e2e,1,4,73.9049911499
wiki-Talk,b8_accurate,e2e,1,5,85.6621265411
wiki-Talk,b16_fast,e2e,1,6,56.7209720612
wiki-Talk,b16_accurate,e2e,1,7,66.7791366577
wiki-Talk,b32_fast,e2e,1,8,49.5488643646
wiki-Talk,b32_accurate,e2e,1,9,54.6970367432
wiki-Talk,b64_fast,e2e,1,10,48.4471321106
wiki-Talk,b64_accurate,e2e,1,11,49.9608516693
wiki-Talk,bfull_fast,e2e,1,12,46.324968338
wiki-Talk,bfull_accurate,e2e,1,13,48.1898784637
wiki-Talk,source_mkl_fp32,e2e,1,14,90.274810791
wiki-Talk,paper_tfs,e2e,1,15,110.054016113
wiki-Talk,b2_accurate,e2e,2,0,218.050956726
wiki-Talk,b4_fast,e2e,2,1,105.537891388
wiki-Talk,b4_accurate,e2e,2,2,134.46187973
wiki-Talk,b8_fast,e2e,2,3,74.6750831604
wiki-Talk,b8_accurate,e2e,2,4,85.1891040802
wiki-Talk,b16_fast,e2e,2,5,58.5749149323
wiki-Talk,b16_accurate,e2e,2,6,65.8521652222
wiki-Talk,b32_fast,e2e,2,7,50.1098632812
wiki-Talk,b32_accurate,e2e,2,8,53.7869930267
wiki-Talk,b64_fast,e2e,2,9,49.3490695953
wiki-Talk,b64_accurate,e2e,2,10,49.3450164795
wiki-Talk,bfull_fast,e2e,2,11,49.9370098114
wiki-Talk,bfull_accurate,e2e,2,12,48.8471984863
wiki-Talk,source_mkl_fp32,e2e,2,13,90.3708934784
wiki-Talk,paper_tfs,e2e,2,14,107.130050659
wiki-Talk,b2_fast,e2e,2,15,159.682035446
wiki-Talk,b4_fast,e2e,3,0,103.805065155
wiki-Talk,b4_accurate,e2e,3,1,131.301879883
wiki-Talk,b8_fast,e2e,3,2,71.2358951569
wiki-Talk,b8_accurate,e2e,3,3,86.0970020294
wiki-Talk,b16_fast,e2e,3,4,57.4359893799
wiki-Talk,b16_accurate,e2e,3,5,64.8488998413
wiki-Talk,b32_fast,e2e,3,6,50.1420497894
wiki-Talk,b32_accurate,e2e,3,7,52.3178577423
wiki-Talk,b64_fast,e2e,3,8,48.5601425171
wiki-Talk,b64_accurate,e2e,3,9,49.3259429932
wiki-Talk,bfull_fast,e2e,3,10,47.110080719
wiki-Talk,bfull_accurate,e2e,3,11,46.5559959412
wiki-Talk,source_mkl_fp32,e2e,3,12,90.0120735168
wiki-Talk,paper_tfs,e2e,3,13,109.213113785
wiki-Talk,b2_fast,e2e,3,14,162.751913071
wiki-Talk,b2_accurate,e2e,3,15,225.866794586
wiki-Talk,b4_accurate,e2e,4,0,133.280992508
wiki-Talk,b8_fast,e2e,4,1,76.122045517
wiki-Talk,b8_accurate,e2e,4,2,88.2298946381
wiki-Talk,b16_fast,e2e,4,3,59.1430664062
wiki-Talk,b16_accurate,e2e,4,4,68.2837963104
wiki-Talk,b32_fast,e2e,4,5,50.9378910065
wiki-Talk,b32_accurate,e2e,4,6,54.3258190155
wiki-Talk,b64_fast,e2e,4,7,48.3322143555
wiki-Talk,b64_accurate,e2e,4,8,49.9770641327
wiki-Talk,bfull_fast,e2e,4,9,44.7599887848
wiki-Talk,bfull_accurate,e2e,4,10,48.0589866638
wiki-Talk,source_mkl_fp32,e2e,4,11,90.304851532
wiki-Talk,paper_tfs,e2e,4,12,108.654975891
wiki-Talk,b2_fast,e2e,4,13,157.799959183
wiki-Talk,b2_accurate,e2e,4,14,220.881938934
wiki-Talk,b4_fast,e2e,4,15,103.684902191
email-Enron,paper_tfs,kernel,0,0,1.10507011414
email-Enron,b2_fast,kernel,0,1,1.50012969971
email-Enron,b2_accurate,kernel,0,2,2.26497650146
email-Enron,b4_fast,kernel,0,3,1.04594230652
email-Enron,b4_accurate,kernel,0,4,1.34801864624
email-Enron,b8_fast,kernel,0,5,0.699996948242
email-Enron,b8_accurate,kernel,0,6,0.885009765625
email-Enron,b16_fast,kernel,0,7,0.736951828003
email-Enron,b16_accurate,kernel,0,8,0.640869140625
email-Enron,b32_fast,kernel,0,9,0.55980682373
email-Enron,b32_accurate,kernel,0,10,0.530958175659
email-Enron,b64_fast,kernel,0,11,0.509977340698
email-Enron,b64_accurate,kernel,0,12,0.491142272949
email-Enron,bfull_fast,kernel,0,13,0.488042831421
email-Enron,bfull_accurate,kernel,0,14,0.471830368042
email-Enron,source_mkl_fp32,kernel,0,15,0.791072845459
email-Enron,b2_fast,kernel,1,0,1.50489807129
email-Enron,b2_accurate,kernel,1,1,2.3021697998
email-Enron,b4_fast,kernel,1,2,1.03402137756
email-Enron,b4_accurate,kernel,1,3,1.33800506592
email-Enron,b8_fast,kernel,1,4,0.708103179932
email-Enron,b8_accurate,kernel,1,5,0.866889953613
email-Enron,b16_fast,kernel,1,6,0.583171844482
email-Enron,b16_accurate,kernel,1,7,0.645160675049
email-Enron,b32_fast,kernel,1,8,0.483989715576
email-Enron,b32_accurate,kernel,1,9,0.546932220459
email-Enron,b64_fast,kernel,1,10,0.458002090454
email-Enron,b64_accurate,kernel,1,11,0.491857528687
email-Enron,bfull_fast,kernel,1,12,0.425100326538
email-Enron,bfull_accurate,kernel,1,13,0.478029251099
email-Enron,source_mkl_fp32,kernel,1,14,0.818967819214
email-Enron,paper_tfs,kernel,1,15,1.06287002563
email-Enron,b2_accurate,kernel,2,0,2.29120254517
email-Enron,b4_fast,kernel,2,1,1.03807449341
email-Enron,b4_accurate,kernel,2,2,1.38401985168
email-Enron,b8_fast,kernel,2,3,0.717878341675
email-Enron,b8_accurate,kernel,2,4,0.827074050903
email-Enron,b16_fast,kernel,2,5,0.641822814941
email-Enron,b16_accurate,kernel,2,6,0.692129135132
email-Enron,b32_fast,kernel,2,7,0.52809715271
email-Enron,b32_accurate,kernel,2,8,0.536203384399
email-Enron,b64_fast,kernel,2,9,0.422954559326
email-Enron,b64_accurate,kernel,2,10,0.483989715576
email-Enron,bfull_fast,kernel,2,11,0.415802001953
email-Enron,bfull_accurate,kernel,2,12,0.464916229248
email-Enron,source_mkl_fp32,kernel,2,13,0.792980194092
email-Enron,paper_tfs,kernel,2,14,1.07407569885
email-Enron,b2_fast,kernel,2,15,1.48391723633
email-Enron,b4_fast,kernel,3,0,0.967979431152
email-Enron,b4_accurate,kernel,3,1,1.36208534241
email-Enron,b8_fast,kernel,3,2,0.725984573364
email-Enron,b8_accurate,kernel,3,3,0.859975814819
email-Enron,b16_fast,kernel,3,4,0.581026077271
email-Enron,b16_accurate,kernel,3,5,0.638961791992
email-Enron,b32_fast,kernel,3,6,0.501871109009
email-Enron,b32_accurate,kernel,3,7,0.542879104614
email-Enron,b64_fast,kernel,3,8,0.448942184448
email-Enron,b64_accurate,kernel,3,9,0.504016876221
email-Enron,bfull_fast,kernel,3,10,0.471115112305
email-Enron,bfull_accurate,kernel,3,11,0.492095947266
email-Enron,source_mkl_fp32,kernel,3,12,0.760078430176
email-Enron,paper_tfs,kernel,3,13,1.16086006165
email-Enron,b2_fast,kernel,3,14,1.43313407898
email-Enron,b2_accurate,kernel,3,15,2.30097770691
email-Enron,b4_accurate,kernel,4,0,1.47390365601
email-Enron,b8_fast,kernel,4,1,0.736951828003
email-Enron,b8_accurate,kernel,4,2,0.88095664978
email-Enron,b16_fast,kernel,4,3,0.550985336304
email-Enron,b16_accurate,kernel,4,4,0.638961791992
email-Enron,b32_fast,kernel,4,5,0.500917434692
email-Enron,b32_accurate,kernel,4,6,0.554800033569
email-Enron,b64_fast,kernel,4,7,0.463008880615
email-Enron,b64_accurate,kernel,4,8,0.505924224854
email-Enron,bfull_fast,kernel,4,9,0.433921813965
email-Enron,bfull_accurate,kernel,4,10,0.463008880615
email-Enron,source_mkl_fp32,kernel,4,11,0.777959823608
email-Enron,paper_tfs,kernel,4,12,1.16491317749
email-Enron,b2_fast,kernel,4,13,1.50108337402
email-Enron,b2_accurate,kernel,4,14,2.25806236267
email-Enron,b4_fast,kernel,4,15,1.02806091309
email-Enron,paper_tfs,e2e,0,0,2.32601165771
email-Enron,b2_fast,e2e,0,1,3.27610969543
email-Enron,b2_accurate,e2e,0,2,4.88185882568
email-Enron,b4_fast,e2e,0,3,2.29501724243
email-Enron,b4_accurate,e2e,0,4,2.97594070435
email-Enron,b8_fast,e2e,0,5,1.74498558044
email-Enron,b8_accurate,e2e,0,6,2.02417373657
email-Enron,b16_fast,e2e,0,7,1.5230178833
email-Enron,b16_accurate,e2e,0,8,1.60193443298
email-Enron,b32_fast,e2e,0,9,1.305103302
email-Enron,b32_accurate,e2e,0,10,1.47581100464
email-Enron,b64_fast,e2e,0,11,1.2731552124
email-Enron,b64_accurate,e2e,0,12,1.31487846375
email-Enron,bfull_fast,e2e,0,13,1.18613243103
email-Enron,bfull_accurate,e2e,0,14,1.30987167358
email-Enron,source_mkl_fp32,e2e,0,15,1.98197364807
email-Enron,b2_fast,e2e,1,0,3.28707695007
email-Enron,b2_accurate,e2e,1,1,5.00822067261
email-Enron,b4_fast,e2e,1,2,2.27499008179
email-Enron,b4_accurate,e2e,1,3,3.03292274475
email-Enron,b8_fast,e2e,1,4,1.72901153564
email-Enron,b8_accurate,e2e,1,5,2.08306312561
email-Enron,b16_fast,e2e,1,6,1.40500068665
email-Enron,b16_accurate,e2e,1,7,1.60908699036
email-Enron,b32_fast,e2e,1,8,1.29389762878
email-Enron,b32_accurate,e2e,1,9,1.36590003967
email-Enron,b64_fast,e2e,1,10,1.2800693512
email-Enron,b64_accurate,e2e,1,11,1.3439655304
email-Enron,bfull_fast,e2e,1,12,1.17897987366
email-Enron,bfull_accurate,e2e,1,13,1.25098228455
email-Enron,source_mkl_fp32,e2e,1,14,1.92308425903
email-Enron,paper_tfs,e2e,1,15,2.357006073
email-Enron,b2_accurate,e2e,2,0,4.90093231201
email-Enron,b4_fast,e2e,2,1,2.38394737244
email-Enron,b4_accurate,e2e,2,2,3.06797027588
email-Enron,b8_fast,e2e,2,3,1.74784660339
email-Enron,b8_accurate,e2e,2,4,2.07805633545
email-Enron,b16_fast,e2e,2,5,1.39307975769
email-Enron,b16_accurate,e2e,2,6,1.74713134766
email-Enron,b32_fast,e2e,2,7,1.29103660583
email-Enron,b32_accurate,e2e,2,8,1.39188766479
email-Enron,b64_fast,e2e,2,9,1.26194953918
email-Enron,b64_accurate,e2e,2,10,1.28197669983
email-Enron,bfull_fast,e2e,2,11,1.18684768677
email-Enron,bfull_accurate,e2e,2,12,1.25908851624
email-Enron,source_mkl_fp32,e2e,2,13,1.91903114319
email-Enron,paper_tfs,e2e,2,14,2.30002403259
email-Enron,b2_fast,e2e,2,15,3.20601463318
email-Enron,b4_fast,e2e,3,0,2.33888626099
email-Enron,b4_accurate,e2e,3,1,3.00312042236
email-Enron,b8_fast,e2e,3,2,1.72805786133
email-Enron,b8_accurate,e2e,3,3,2.05111503601
email-Enron,b16_fast,e2e,3,4,1.42478942871
email-Enron,b16_accurate,e2e,3,5,1.58977508545
email-Enron,b32_fast,e2e,3,6,1.33514404297
email-Enron,b32_accurate,e2e,3,7,1.41000747681
email-Enron,b64_fast,e2e,3,8,1.24001502991
email-Enron,b64_accurate,e2e,3,9,1.5811920166
email-Enron,bfull_fast,e2e,3,10,1.18803977966
email-Enron,bfull_accurate,e2e,3,11,1.29103660583
email-Enron,source_mkl_fp32,e2e,3,12,1.92999839783
email-Enron,paper_tfs,e2e,3,13,2.33602523804
email-Enron,b2_fast,e2e,3,14,3.29899787903
email-Enron,b2_accurate,e2e,3,15,4.86016273499
email-Enron,b4_accurate,e2e,4,0,3.03387641907
email-Enron,b8_fast,e2e,4,1,1.73091888428
email-Enron,b8_accurate,e2e,4,2,2.13503837585
email-Enron,b16_fast,e2e,4,3,1.57308578491
email-Enron,b16_accurate,e2e,4,4,1.60694122314
email-Enron,b32_fast,e2e,4,5,1.3210773468
email-Enron,b32_accurate,e2e,4,6,1.39403343201
email-Enron,b64_fast,e2e,4,7,1.26218795776
email-Enron,b64_accurate,e2e,4,8,1.38092041016
email-Enron,bfull_fast,e2e,4,9,1.22904777527
email-Enron,bfull_accurate,e2e,4,10,1.23810768127
email-Enron,source_mkl_fp32,e2e,4,11,2.00891494751
email-Enron,paper_tfs,e2e,4,12,2.3889541626
email-Enron,b2_fast,e2e,4,13,3.27491760254
email-Enron,b2_accurate,e2e,4,14,4.8840045929
email-Enron,b4_fast,e2e,4,15,2.34913825989
amazon0601,paper_tfs,kernel,0,0,5.24592399597
amazon0601,b2_fast,kernel,0,1,6.87479972839
amazon0601,b2_accurate,kernel,0,2,8.17394256592
amazon0601,b4_fast,kernel,0,3,5.60593605042
amazon0601,b4_accurate,kernel,0,4,6.38914108276
amazon0601,b8_fast,kernel,0,5,4.90283966064
amazon0601,b8_accurate,kernel,0,6,5.36322593689
amazon0601,b16_fast,kernel,0,7,4.40192222595
amazon0601,b16_accurate,kernel,0,8,4.69303131104
amazon0601,b32_fast,kernel,0,9,4.36496734619
amazon0601,b32_accurate,kernel,0,10,4.68492507935
amazon0601,b64_fast,kernel,0,11,4.3671131134
amazon0601,b64_accurate,kernel,0,12,4.67205047607
amazon0601,bfull_fast,kernel,0,13,4.36186790466
amazon0601,bfull_accurate,kernel,0,14,4.71091270447
amazon0601,source_mkl_fp32,kernel,0,15,16.1349773407
amazon0601,b2_fast,kernel,1,0,7.07101821899
amazon0601,b2_accurate,kernel,1,1,8.21113586426
amazon0601,b4_fast,kernel,1,2,5.65814971924
amazon0601,b4_accurate,kernel,1,3,6.45303726196
amazon0601,b8_fast,kernel,1,4,4.8999786377
amazon0601,b8_accurate,kernel,1,5,5.38301467896
amazon0601,b16_fast,kernel,1,6,4.37903404236
amazon0601,b16_accurate,kernel,1,7,4.71711158752
amazon0601,b32_fast,kernel,1,8,4.36782836914
amazon0601,b32_accurate,kernel,1,9,4.71305847168
amazon0601,b64_fast,kernel,1,10,4.36806678772
amazon0601,b64_accurate,kernel,1,11,4.70614433289
amazon0601,bfull_fast,kernel,1,12,4.36520576477
amazon0601,bfull_accurate,kernel,1,13,4.66585159302
amazon0601,source_mkl_fp32,kernel,1,14,16.205072403
amazon0601,paper_tfs,kernel,1,15,5.27191162109
amazon0601,b2_accurate,kernel,2,0,8.28790664673
amazon0601,b4_fast,kernel,2,1,5.66816329956
amazon0601,b4_accurate,kernel,2,2,6.41894340515
amazon0601,b8_fast,kernel,2,3,4.95409965515
amazon0601,b8_accurate,kernel,2,4,5.39708137512
amazon0601,b16_fast,kernel,2,5,4.37593460083
amazon0601,b16_accurate,kernel,2,6,4.67991828918
amazon0601,b32_fast,kernel,2,7,4.35090065002
amazon0601,b32_accurate,kernel,2,8,4.68707084656
amazon0601,b64_fast,kernel,2,9,4.35900688171
amazon0601,b64_accurate,kernel,2,10,4.70209121704
amazon0601,bfull_fast,kernel,2,11,4.3740272522
amazon0601,bfull_accurate,kernel,2,12,4.67681884766
amazon0601,source_mkl_fp32,kernel,2,13,16.0970687866
amazon0601,paper_tfs,kernel,2,14,5.56993484497
amazon0601,b2_fast,kernel,2,15,6.88219070435
amazon0601,b4_fast,kernel,3,0,5.70797920227
amazon0601,b4_accurate,kernel,3,1,6.40392303467
amazon0601,b8_fast,kernel,3,2,4.98199462891
amazon0601,b8_accurate,kernel,3,3,5.39779663086
amazon0601,b16_fast,kernel,3,4,4.37188148499
amazon0601,b16_accurate,kernel,3,5,4.69207763672
amazon0601,b32_fast,kernel,3,6,4.38809394836
amazon0601,b32_accurate,kernel,3,7,4.66394424438
amazon0601,b64_fast,kernel,3,8,4.38714027405
amazon0601,b64_accurate,kernel,3,9,4.67085838318
amazon0601,bfull_fast,kernel,3,10,4.38117980957
amazon0601,bfull_accurate,kernel,3,11,4.67705726624
amazon0601,source_mkl_fp32,kernel,3,12,16.1111354828
amazon0601,paper_tfs,kernel,3,13,5.27095794678
amazon0601,b2_fast,kernel,3,14,6.8838596344
amazon0601,b2_accurate,kernel,3,15,8.17799568176
amazon0601,b4_accurate,kernel,4,0,6.39414787292
amazon0601,b8_fast,kernel,4,1,4.89902496338
amazon0601,b8_accurate,kernel,4,2,5.36298751831
amazon0601,b16_fast,kernel,4,3,4.38690185547
amazon0601,b16_accurate,kernel,4,4,4.70495223999
amazon0601,b32_fast,kernel,4,5,4.38117980957
amazon0601,b32_accurate,kernel,4,6,4.66895103455
amazon0601,b64_fast,kernel,4,7,4.36305999756
amazon0601,b64_accurate,kernel,4,8,4.70209121704
amazon0601,bfull_fast,kernel,4,9,4.39310073853
amazon0601,bfull_accurate,kernel,4,10,4.68492507935
amazon0601,source_mkl_fp32,kernel,4,11,16.193151474
amazon0601,paper_tfs,kernel,4,12,5.25593757629
amazon0601,b2_fast,kernel,4,13,6.84595108032
amazon0601,b2_accurate,kernel,4,14,8.19301605225
amazon0601,b4_fast,kernel,4,15,5.66005706787
amazon0601,paper_tfs,e2e,0,0,12.5780105591
amazon0601,b2_fast,e2e,0,1,15.8929824829
amazon0601,b2_accurate,e2e,0,2,18.5549259186
amazon0601,b4_fast,e2e,0,3,13.2110118866
amazon0601,b4_accurate,e2e,0,4,14.7199630737
amazon0601,b8_fast,e2e,0,5,11.9187831879
amazon0601,b8_accurate,e2e,0,6,12.845993042
amazon0601,b16_fast,e2e,0,7,10.8950138092
amazon0601,b16_accurate,e2e,0,8,11.5849971771
amazon0601,b32_fast,e2e,0,9,11.5041732788
amazon0601,b32_accurate,e2e,0,10,11.7921829224
amazon0601,b64_fast,e2e,0,11,11.2111568451
amazon0601,b64_accurate,e2e,0,12,11.4440917969
amazon0601,bfull_fast,e2e,0,13,11.461019516
amazon0601,bfull_accurate,e2e,0,14,12.0820999146
amazon0601,source_mkl_fp32,e2e,0,15,26.0770320892
amazon0601,b2_fast,e2e,1,0,15.8188343048
amazon0601,b2_accurate,e2e,1,1,18.4881687164
amazon0601,b4_fast,e2e,1,2,13.6649608612
amazon0601,b4_accurate,e2e,1,3,15.0928497314
amazon0601,b8_fast,e2e,1,4,12.3219490051
amazon0601,b8_accurate,e2e,1,5,13.0488872528
amazon0601,b16_fast,e2e,1,6,10.8728408813
amazon0601,b16_accurate,e2e,1,7,11.3468170166
amazon0601,b32_fast,e2e,1,8,11.027097702
amazon0601,b32_accurate,e2e,1,9,11.5611553192
amazon0601,b64_fast,e2e,1,10,11.4240646362
amazon0601,b64_accurate,e2e,1,11,11.6400718689
amazon0601,bfull_fast,e2e,1,12,11.0468864441
amazon0601,bfull_accurate,e2e,1,13,11.4190578461
amazon0601,source_mkl_fp32,e2e,1,14,24.9478816986
amazon0601,paper_tfs,e2e,1,15,12.6941204071
amazon0601,b2_accurate,e2e,2,0,18.5160636902
amazon0601,b4_fast,e2e,2,1,13.7040615082
amazon0601,b4_accurate,e2e,2,2,15.0020122528
amazon0601,b8_fast,e2e,2,3,11.8310451508
amazon0601,b8_accurate,e2e,2,4,13.0219459534
amazon0601,b16_fast,e2e,2,5,11.4450454712
amazon0601,b16_accurate,e2e,2,6,11.5928649902
amazon0601,b32_fast,e2e,2,7,11.2829208374
amazon0601,b32_accurate,e2e,2,8,11.9099617004
amazon0601,b64_fast,e2e,2,9,11.1658573151
amazon0601,b64_accurate,e2e,2,10,11.726140976
amazon0601,bfull_fast,e2e,2,11,11.6450786591
amazon0601,bfull_accurate,e2e,2,12,11.8319988251
amazon0601,source_mkl_fp32,e2e,2,13,25.2048969269
amazon0601,paper_tfs,e2e,2,14,12.4480724335
amazon0601,b2_fast,e2e,2,15,15.5639648438
amazon0601,b4_fast,e2e,3,0,13.3030414581
amazon0601,b4_accurate,e2e,3,1,15.1660442352
amazon0601,b8_fast,e2e,3,2,12.0449066162
amazon0601,b8_accurate,e2e,3,3,12.818813324
amazon0601,b16_fast,e2e,3,4,11.0640525818
amazon0601,b16_accurate,e2e,3,5,11.9500160217
amazon0601,b32_fast,e2e,3,6,11.2471580505
amazon0601,b32_accurate,e2e,3,7,11.7001533508
amazon0601,b64_fast,e2e,3,8,11.5461349487
amazon0601,b64_accurate,e2e,3,9,11.8210315704
amazon0601,bfull_fast,e2e,3,10,11.2869739532
amazon0601,bfull_accurate,e2e,3,11,11.6138458252
amazon0601,source_mkl_fp32,e2e,3,12,25.0310897827
amazon0601,paper_tfs,e2e,3,13,12.6368999481
amazon0601,b2_fast,e2e,3,14,15.5699253082
amazon0601,b2_accurate,e2e,3,15,18.3429718018
amazon0601,b4_accurate,e2e,4,0,14.7459506989
amazon0601,b8_fast,e2e,4,1,11.8370056152
amazon0601,b8_accurate,e2e,4,2,12.925863266
amazon0601,b16_fast,e2e,4,3,11.5520954132
amazon0601,b16_accurate,e2e,4,4,11.6031169891
amazon0601,b32_fast,e2e,4,5,11.0840797424
amazon0601,b32_accurate,e2e,4,6,11.6109848022
amazon0601,b64_fast,e2e,4,7,11.4920139313
amazon0601,b64_accurate,e2e,4,8,11.7430686951
amazon0601,bfull_fast,e2e,4,9,11.668920517
amazon0601,bfull_accurate,e2e,4,10,12.0229721069
amazon0601,source_mkl_fp32,e2e,4,11,25.0391960144
amazon0601,paper_tfs,e2e,4,12,12.7949714661
amazon0601,b2_fast,e2e,4,13,16.0241127014
amazon0601,b2_accurate,e2e,4,14,18.7759399414
amazon0601,b4_fast,e2e,4,15,14.0249729156
com-Youtube,paper_tfs,kernel,0,0,21.6639041901
com-Youtube,b2_fast,kernel,0,1,33.1950187683
com-Youtube,b2_accurate,kernel,0,2,42.683839798
com-Youtube,b4_fast,kernel,0,3,23.4107971191
com-Youtube,b4_accurate,kernel,0,4,28.1019210815
com-Youtube,b8_fast,kernel,0,5,19.238948822
com-Youtube,b8_accurate,kernel,0,6,23.1010913849
com-Youtube,b16_fast,kernel,0,7,17.4498558044
com-Youtube,b16_accurate,kernel,0,8,19.1562175751
com-Youtube,b32_fast,kernel,0,9,15.7959461212
com-Youtube,b32_accurate,kernel,0,10,16.5791511536
com-Youtube,b64_fast,kernel,0,11,15.6610012054
com-Youtube,b64_accurate,kernel,0,12,16.5030956268
com-Youtube,bfull_fast,kernel,0,13,14.4398212433
com-Youtube,bfull_accurate,kernel,0,14,15.6190395355
com-Youtube,source_mkl_fp32,kernel,0,15,32.6688289642
com-Youtube,b2_fast,kernel,1,0,33.3859920502
com-Youtube,b2_accurate,kernel,1,1,44.4610118866
com-Youtube,b4_fast,kernel,1,2,23.6661434174
com-Youtube,b4_accurate,kernel,1,3,29.6359062195
com-Youtube,b8_fast,kernel,1,4,19.4578170776
com-Youtube,b8_accurate,kernel,1,5,22.5880146027
com-Youtube,b16_fast,kernel,1,6,16.8149471283
com-Youtube,b16_accurate,kernel,1,7,19.073009491
com-Youtube,b32_fast,kernel,1,8,16.5181159973
com-Youtube,b32_accurate,kernel,1,9,17.8160667419
com-Youtube,b64_fast,kernel,1,10,14.9230957031
com-Youtube,b64_accurate,kernel,1,11,16.618013382
com-Youtube,bfull_fast,kernel,1,12,14.4279003143
com-Youtube,bfull_accurate,kernel,1,13,15.1150226593
com-Youtube,source_mkl_fp32,kernel,1,14,32.546043396
com-Youtube,paper_tfs,kernel,1,15,22.6550102234
com-Youtube,b2_accurate,kernel,2,0,42.7379608154
com-Youtube,b4_fast,kernel,2,1,24.8041152954
com-Youtube,b4_accurate,kernel,2,2,30.6069850922
com-Youtube,b8_fast,kernel,2,3,19.0818309784
com-Youtube,b8_accurate,kernel,2,4,22.4158763885
com-Youtube,b16_fast,kernel,2,5,17.9569721222
com-Youtube,b16_accurate,kernel,2,6,19.6919441223
com-Youtube,b32_fast,kernel,2,7,16.3750648499
com-Youtube,b32_accurate,kernel,2,8,16.8359279633
com-Youtube,b64_fast,kernel,2,9,14.9598121643
com-Youtube,b64_accurate,kernel,2,10,16.8988704681
com-Youtube,bfull_fast,kernel,2,11,14.8401260376
com-Youtube,bfull_accurate,kernel,2,12,15.5568122864
com-Youtube,source_mkl_fp32,kernel,2,13,32.5629711151
com-Youtube,paper_tfs,kernel,2,14,21.8539237976
com-Youtube,b2_fast,kernel,2,15,32.1440696716
com-Youtube,b4_fast,kernel,3,0,23.6511230469
com-Youtube,b4_accurate,kernel,3,1,30.0529003143
com-Youtube,b8_fast,kernel,3,2,19.2229747772
com-Youtube,b8_accurate,kernel,3,3,22.9148864746
com-Youtube,b16_fast,kernel,3,4,17.3280239105
com-Youtube,b16_accurate,kernel,3,5,19.553899765
com-Youtube,b32_fast,kernel,3,6,15.5520439148
com-Youtube,b32_accurate,kernel,3,7,17.7569389343
com-Youtube,b64_fast,kernel,3,8,14.9428844452
com-Youtube,b64_accurate,kernel,3,9,16.5700912476
com-Youtube,bfull_fast,kernel,3,10,13.9651298523
com-Youtube,bfull_accurate,kernel,3,11,15.3050422668
com-Youtube,source_mkl_fp32,kernel,3,12,32.5508117676
com-Youtube,paper_tfs,kernel,3,13,21.1119651794
com-Youtube,b2_fast,kernel,3,14,34.5861911774
com-Youtube,b2_accurate,kernel,3,15,42.5579547882
com-Youtube,b4_accurate,kernel,4,0,29.60896492
com-Youtube,b8_fast,kernel,4,1,19.0489292145
com-Youtube,b8_accurate,kernel,4,2,21.3801860809
com-Youtube,b16_fast,kernel,4,3,17.4851417542
com-Youtube,b16_accurate,kernel,4,4,19.3231105804
com-Youtube,b32_fast,kernel,4,5,16.2930488586
com-Youtube,b32_accurate,kernel,4,6,17.6620483398
com-Youtube,b64_fast,kernel,4,7,15.9621238708
com-Youtube,b64_accurate,kernel,4,8,16.4980888367
com-Youtube,bfull_fast,kernel,4,9,14.4770145416
com-Youtube,bfull_accurate,kernel,4,10,15.1100158691
com-Youtube,source_mkl_fp32,kernel,4,11,32.438993454
com-Youtube,paper_tfs,kernel,4,12,22.007226944
com-Youtube,b2_fast,kernel,4,13,34.4200134277
com-Youtube,b2_accurate,kernel,4,14,42.2780513763
com-Youtube,b4_fast,kernel,4,15,24.5850086212
com-Youtube,paper_tfs,e2e,0,0,47.1980571747
com-Youtube,b2_fast,e2e,0,1,71.7809200287
com-Youtube,b2_accurate,e2e,0,2,92.187166214
com-Youtube,b4_fast,e2e,0,3,53.2319545746
com-Youtube,b4_accurate,e2e,0,4,63.677072525
com-Youtube,b8_fast,e2e,0,5,44.3007946014
com-Youtube,b8_accurate,e2e,0,6,49.5412349701
com-Youtube,b16_fast,e2e,0,7,38.6900901794
com-Youtube,b16_accurate,e2e,0,8,45.0410842896
com-Youtube,b32_fast,e2e,0,9,36.8230342865
com-Youtube,b32_accurate,e2e,0,10,39.0858650208
com-Youtube,b64_fast,e2e,0,11,34.7340106964
com-Youtube,b64_accurate,e2e,0,12,37.5781059265
com-Youtube,bfull_fast,e2e,0,13,33.5490703583
com-Youtube,bfull_accurate,e2e,0,14,35.8867645264
com-Youtube,source_mkl_fp32,e2e,0,15,54.2922019958
com-Youtube,b2_fast,e2e,1,0,72.3121166229
com-Youtube,b2_accurate,e2e,1,1,91.6860103607
com-Youtube,b4_fast,e2e,1,2,50.9159564972
com-Youtube,b4_accurate,e2e,1,3,62.8800392151
com-Youtube,b8_fast,e2e,1,4,43.6210632324
com-Youtube,b8_accurate,e2e,1,5,50.7340431213
com-Youtube,b16_fast,e2e,1,6,38.5141372681
com-Youtube,b16_accurate,e2e,1,7,43.2288646698
com-Youtube,b32_fast,e2e,1,8,36.5250110626
com-Youtube,b32_accurate,e2e,1,9,39.6060943604
com-Youtube,b64_fast,e2e,1,10,36.0748767853
com-Youtube,b64_accurate,e2e,1,11,38.2199287415
com-Youtube,bfull_fast,e2e,1,12,32.6578617096
com-Youtube,bfull_accurate,e2e,1,13,35.2759361267
com-Youtube,source_mkl_fp32,e2e,1,14,54.0761947632
com-Youtube,paper_tfs,e2e,1,15,48.7990379333
com-Youtube,b2_accurate,e2e,2,0,93.5971736908
com-Youtube,b4_fast,e2e,2,1,53.7760257721
com-Youtube,b4_accurate,e2e,2,2,62.1528625488
com-Youtube,b8_fast,e2e,2,3,43.7071323395
com-Youtube,b8_accurate,e2e,2,4,49.6380329132
com-Youtube,b16_fast,e2e,2,5,38.9468669891
com-Youtube,b16_accurate,e2e,2,6,42.7598953247
com-Youtube,b32_fast,e2e,2,7,37.0800495148
com-Youtube,b32_accurate,e2e,2,8,40.2009487152
com-Youtube,b64_fast,e2e,2,9,35.5730056763
com-Youtube,b64_accurate,e2e,2,10,37.9490852356
com-Youtube,bfull_fast,e2e,2,11,33.5400104523
com-Youtube,bfull_accurate,e2e,2,12,35.336971283
com-Youtube,source_mkl_fp32,e2e,2,13,54.1751384735
com-Youtube,paper_tfs,e2e,2,14,48.6788749695
com-Youtube,b2_fast,e2e,2,15,69.9110031128
com-Youtube,b4_fast,e2e,3,0,52.964925766
com-Youtube,b4_accurate,e2e,3,1,62.0579719543
com-Youtube,b8_fast,e2e,3,2,43.5650348663
com-Youtube,b8_accurate,e2e,3,3,49.7839450836
com-Youtube,b16_fast,e2e,3,4,38.5468006134
com-Youtube,b16_accurate,e2e,3,5,42.7730083466
com-Youtube,b32_fast,e2e,3,6,36.9729995728
com-Youtube,b32_accurate,e2e,3,7,39.5758152008
com-Youtube,b64_fast,e2e,3,8,35.2010726929
com-Youtube,b64_accurate,e2e,3,9,37.4069213867
com-Youtube,bfull_fast,e2e,3,10,33.8358879089
com-Youtube,bfull_accurate,e2e,3,11,35.3498458862
com-Youtube,source_mkl_fp32,e2e,3,12,54.1660785675
com-Youtube,paper_tfs,e2e,3,13,47.8870868683
com-Youtube,b2_fast,e2e,3,14,69.7689056396
com-Youtube,b2_accurate,e2e,3,15,92.5490856171
com-Youtube,b4_accurate,e2e,4,0,63.4391307831
com-Youtube,b8_fast,e2e,4,1,44.6970462799
com-Youtube,b8_accurate,e2e,4,2,49.1960048676
com-Youtube,b16_fast,e2e,4,3,39.9248600006
com-Youtube,b16_accurate,e2e,4,4,42.8721904755
com-Youtube,b32_fast,e2e,4,5,36.6408824921
com-Youtube,b32_accurate,e2e,4,6,39.1581058502
com-Youtube,b64_fast,e2e,4,7,36.1649990082
com-Youtube,b64_accurate,e2e,4,8,37.9991531372
com-Youtube,bfull_fast,e2e,4,9,34.1930389404
com-Youtube,bfull_accurate,e2e,4,10,36.8239879608
com-Youtube,source_mkl_fp32,e2e,4,11,54.0189743042
com-Youtube,paper_tfs,e2e,4,12,47.1501350403
com-Youtube,b2_fast,e2e,4,13,70.4848766327
com-Youtube,b2_accurate,e2e,4,14,92.5350189209
com-Youtube,b4_fast,e2e,4,15,52.5240898132
