graph,method,layer,phase,sampled_thread_ms,sampled_tiles,wall_ms
ogbn-products,b2_fast,1,output_zero,0.0259876251221,599,306.964159012
ogbn-products,b2_fast,1,row_schedule,0.279903411865,599,306.964159012
ogbn-products,b2_fast,1,partial_zero,4.469871521,599,306.964159012
ogbn-products,b2_fast,1,csr_prefetch,22.0103263855,599,306.964159012
ogbn-products,b2_fast,1,feature_gather_decode,47.4512577057,599,306.964159012
ogbn-products,b2_fast,1,fp32_neighbor_reduction,26.4675617218,599,306.964159012
ogbn-products,b2_fast,1,partial_bf16_conversion,4.02545928955,599,306.964159012
ogbn-products,b2_fast,1,tile_load,18.7747478485,599,306.964159012
ogbn-products,b2_fast,1,tile_compute,37.8904342651,599,306.964159012
ogbn-products,b2_fast,1,tile_store,2.9444694519,599,306.964159012
ogbn-products,b2_fast,1,output_scatter,0.685453414917,599,306.964159012
ogbn-products,b2_fast,1,thread_amx_setup,0.0448226928711,599,306.964159012
ogbn-products,b2_fast,2,output_zero,0,599,304.110050201
ogbn-products,b2_fast,2,row_schedule,0.215291976929,599,304.110050201
ogbn-products,b2_fast,2,partial_zero,4.08387184143,599,304.110050201
ogbn-products,b2_fast,2,csr_prefetch,22.3724842072,599,304.110050201
ogbn-products,b2_fast,2,feature_gather_decode,48.4585762024,599,304.110050201
ogbn-products,b2_fast,2,fp32_neighbor_reduction,26.9598960876,599,304.110050201
ogbn-products,b2_fast,2,partial_bf16_conversion,3.57627868652,599,304.110050201
ogbn-products,b2_fast,2,tile_load,17.858505249,599,304.110050201
ogbn-products,b2_fast,2,tile_compute,40.543794632,599,304.110050201
ogbn-products,b2_fast,2,tile_store,2.66695022583,599,304.110050201
ogbn-products,b2_fast,2,output_scatter,0.11134147644,599,304.110050201
ogbn-products,b2_fast,2,thread_amx_setup,0.0455379486084,599,304.110050201
ogbn-products,b2_accurate,1,output_zero,0,599,370.918035507
ogbn-products,b2_accurate,1,row_schedule,0.225067138672,599,370.918035507
ogbn-products,b2_accurate,1,partial_zero,4.22120094299,599,370.918035507
ogbn-products,b2_accurate,1,csr_prefetch,21.0204124451,599,370.918035507
ogbn-products,b2_accurate,1,feature_gather_decode,46.3871955872,599,370.918035507
ogbn-products,b2_accurate,1,fp32_neighbor_reduction,25.5782604218,599,370.918035507
ogbn-products,b2_accurate,1,partial_bf16_conversion,6.36386871338,599,370.918035507
ogbn-products,b2_accurate,1,tile_load,31.6994190216,599,370.918035507
ogbn-products,b2_accurate,1,tile_compute,47.2853183746,599,370.918035507
ogbn-products,b2_accurate,1,tile_store,2.18844413757,599,370.918035507
ogbn-products,b2_accurate,1,output_scatter,0.669002532959,599,370.918035507
ogbn-products,b2_accurate,1,thread_amx_setup,0.0491142272949,599,370.918035507
ogbn-products,b2_accurate,2,output_zero,0,599,328.643798828
ogbn-products,b2_accurate,2,row_schedule,0.208139419556,599,328.643798828
ogbn-products,b2_accurate,2,partial_zero,4.29677963257,599,328.643798828
ogbn-products,b2_accurate,2,csr_prefetch,21.1274623871,599,328.643798828
ogbn-products,b2_accurate,2,feature_gather_decode,46.7128753662,599,328.643798828
ogbn-products,b2_accurate,2,fp32_neighbor_reduction,25.3877639771,599,328.643798828
ogbn-products,b2_accurate,2,partial_bf16_conversion,6.35957717896,599,328.643798828
ogbn-products,b2_accurate,2,tile_load,31.6395759583,599,328.643798828
ogbn-products,b2_accurate,2,tile_compute,47.8799343109,599,328.643798828
ogbn-products,b2_accurate,2,tile_store,2.16722488403,599,328.643798828
ogbn-products,b2_accurate,2,output_scatter,0.131368637085,599,328.643798828
ogbn-products,b2_accurate,2,thread_amx_setup,0.0536441802979,599,328.643798828
ogbn-products,b4_fast,1,output_zero,0,599,227.961063385
ogbn-products,b4_fast,1,row_schedule,0.235319137573,599,227.961063385
ogbn-products,b4_fast,1,partial_zero,2.19249725342,599,227.961063385
ogbn-products,b4_fast,1,csr_prefetch,18.3639526367,599,227.961063385
ogbn-products,b4_fast,1,feature_gather_decode,34.805059433,599,227.961063385
ogbn-products,b4_fast,1,fp32_neighbor_reduction,21.1308002472,599,227.961063385
ogbn-products,b4_fast,1,partial_bf16_conversion,1.7876625061,599,227.961063385
ogbn-products,b4_fast,1,tile_load,9.87648963928,599,227.961063385
ogbn-products,b4_fast,1,tile_compute,21.0754871368,599,227.961063385
ogbn-products,b4_fast,1,tile_store,1.40333175659,599,227.961063385
ogbn-products,b4_fast,1,output_scatter,0.657796859741,599,227.961063385
ogbn-products,b4_fast,1,thread_amx_setup,0.0455379486084,599,227.961063385
ogbn-products,b4_fast,2,output_zero,0.000953674316406,599,209.139108658
ogbn-products,b4_fast,2,row_schedule,0.222682952881,599,209.139108658
ogbn-products,b4_fast,2,partial_zero,2.18224525452,599,209.139108658
ogbn-products,b4_fast,2,csr_prefetch,18.5270309448,599,209.139108658
ogbn-products,b4_fast,2,feature_gather_decode,35.019159317,599,209.139108658
ogbn-products,b4_fast,2,fp32_neighbor_reduction,21.3828086853,599,209.139108658
ogbn-products,b4_fast,2,partial_bf16_conversion,1.81293487549,599,209.139108658
ogbn-products,b4_fast,2,tile_load,9.77993011475,599,209.139108658
ogbn-products,b4_fast,2,tile_compute,20.9379196167,599,209.139108658
ogbn-products,b4_fast,2,tile_store,1.37495994568,599,209.139108658
ogbn-products,b4_fast,2,output_scatter,0.0956058502197,599,209.139108658
ogbn-products,b4_fast,2,thread_amx_setup,0.0429153442383,599,209.139108658
ogbn-products,b4_accurate,1,output_zero,0,599,268.804073334
ogbn-products,b4_accurate,1,row_schedule,0.220060348511,599,268.804073334
ogbn-products,b4_accurate,1,partial_zero,2.23469734192,599,268.804073334
ogbn-products,b4_accurate,1,csr_prefetch,18.2271003723,599,268.804073334
ogbn-products,b4_accurate,1,feature_gather_decode,34.0933799744,599,268.804073334
ogbn-products,b4_accurate,1,fp32_neighbor_reduction,20.6661224365,599,268.804073334
ogbn-products,b4_accurate,1,partial_bf16_conversion,3.20243835449,599,268.804073334
ogbn-products,b4_accurate,1,tile_load,17.0638561249,599,268.804073334
ogbn-products,b4_accurate,1,tile_compute,25.0957012177,599,268.804073334
ogbn-products,b4_accurate,1,tile_store,1.10769271851,599,268.804073334
ogbn-products,b4_accurate,1,output_scatter,0.669717788696,599,268.804073334
ogbn-products,b4_accurate,1,thread_amx_setup,0.046968460083,599,268.804073334
ogbn-products,b4_accurate,2,output_zero,0,599,244.495153427
ogbn-products,b4_accurate,2,row_schedule,0.222682952881,599,244.495153427
ogbn-products,b4_accurate,2,partial_zero,2.21610069275,599,244.495153427
ogbn-products,b4_accurate,2,csr_prefetch,18.2790756226,599,244.495153427
ogbn-products,b4_accurate,2,feature_gather_decode,34.952878952,599,244.495153427
ogbn-products,b4_accurate,2,fp32_neighbor_reduction,20.8380222321,599,244.495153427
ogbn-products,b4_accurate,2,partial_bf16_conversion,3.33118438721,599,244.495153427
ogbn-products,b4_accurate,2,tile_load,17.0900821686,599,244.495153427
ogbn-products,b4_accurate,2,tile_compute,25.337934494,599,244.495153427
ogbn-products,b4_accurate,2,tile_store,1.14011764526,599,244.495153427
ogbn-products,b4_accurate,2,output_scatter,0.136852264404,599,244.495153427
ogbn-products,b4_accurate,2,thread_amx_setup,0.0479221343994,599,244.495153427
ogbn-products,b8_fast,1,output_zero,0,599,189.130067825
ogbn-products,b8_fast,1,row_schedule,0.235319137573,599,189.130067825
ogbn-products,b8_fast,1,partial_zero,1.10220909119,599,189.130067825
ogbn-products,b8_fast,1,csr_prefetch,17.3194408417,599,189.130067825
ogbn-products,b8_fast,1,feature_gather_decode,28.4521579742,599,189.130067825
ogbn-products,b8_fast,1,fp32_neighbor_reduction,17.6706314087,599,189.130067825
ogbn-products,b8_fast,1,partial_bf16_conversion,0.932455062866,599,189.130067825
ogbn-products,b8_fast,1,tile_load,5.47814369202,599,189.130067825
ogbn-products,b8_fast,1,tile_compute,11.4479064941,599,189.130067825
ogbn-products,b8_fast,1,tile_store,0.691652297974,599,189.130067825
ogbn-products,b8_fast,1,output_scatter,0.714778900146,599,189.130067825
ogbn-products,b8_fast,1,thread_amx_setup,0.0448226928711,599,189.130067825
ogbn-products,b8_fast,2,output_zero,0,599,179.01802063
ogbn-products,b8_fast,2,row_schedule,0.210046768188,599,179.01802063
ogbn-products,b8_fast,2,partial_zero,1.14226341248,599,179.01802063
ogbn-products,b8_fast,2,csr_prefetch,17.2047615051,599,179.01802063
ogbn-products,b8_fast,2,feature_gather_decode,28.5084247589,599,179.01802063
ogbn-products,b8_fast,2,fp32_neighbor_reduction,17.6439285278,599,179.01802063
ogbn-products,b8_fast,2,partial_bf16_conversion,0.923871994019,599,179.01802063
ogbn-products,b8_fast,2,tile_load,5.56683540344,599,179.01802063
ogbn-products,b8_fast,2,tile_compute,10.8690261841,599,179.01802063
ogbn-products,b8_fast,2,tile_store,0.712394714355,599,179.01802063
ogbn-products,b8_fast,2,output_scatter,0.11682510376,599,179.01802063
ogbn-products,b8_fast,2,thread_amx_setup,0.042200088501,599,179.01802063
ogbn-products,b8_accurate,1,output_zero,0,599,195.330142975
ogbn-products,b8_accurate,1,row_schedule,0.222682952881,599,195.330142975
ogbn-products,b8_accurate,1,partial_zero,1.25455856323,599,195.330142975
ogbn-products,b8_accurate,1,csr_prefetch,17.9822444916,599,195.330142975
ogbn-products,b8_accurate,1,feature_gather_decode,28.9843082428,599,195.330142975
ogbn-products,b8_accurate,1,fp32_neighbor_reduction,18.4440612793,599,195.330142975
ogbn-products,b8_accurate,1,partial_bf16_conversion,1.64318084717,599,195.330142975
ogbn-products,b8_accurate,1,tile_load,9.55843925476,599,195.330142975
ogbn-products,b8_accurate,1,tile_compute,16.3278579712,599,195.330142975
ogbn-products,b8_accurate,1,tile_store,0.59986114502,599,195.330142975
ogbn-products,b8_accurate,1,output_scatter,0.684499740601,599,195.330142975
ogbn-products,b8_accurate,1,thread_amx_setup,0.0412464141846,599,195.330142975
ogbn-products,b8_accurate,2,output_zero,0.000953674316406,599,202.831983566
ogbn-products,b8_accurate,2,row_schedule,0.233888626099,599,202.831983566
ogbn-products,b8_accurate,2,partial_zero,1.19996070862,599,202.831983566
ogbn-products,b8_accurate,2,csr_prefetch,18.4299945831,599,202.831983566
ogbn-products,b8_accurate,2,feature_gather_decode,28.0244350433,599,202.831983566
ogbn-products,b8_accurate,2,fp32_neighbor_reduction,18.2597637177,599,202.831983566
ogbn-products,b8_accurate,2,partial_bf16_conversion,1.62816047668,599,202.831983566
ogbn-products,b8_accurate,2,tile_load,9.42945480347,599,202.831983566
ogbn-products,b8_accurate,2,tile_compute,16.1669254303,599,202.831983566
ogbn-products,b8_accurate,2,tile_store,0.649929046631,599,202.831983566
ogbn-products,b8_accurate,2,output_scatter,0.101327896118,599,202.831983566
ogbn-products,b8_accurate,2,thread_amx_setup,0.0479221343994,599,202.831983566
ogbn-products,b16_fast,1,output_zero,0,599,164.016008377
ogbn-products,b16_fast,1,row_schedule,0.253200531006,599,164.016008377
ogbn-products,b16_fast,1,partial_zero,0.654935836792,599,164.016008377
ogbn-products,b16_fast,1,csr_prefetch,16.6115760803,599,164.016008377
ogbn-products,b16_fast,1,feature_gather_decode,24.8062610626,599,164.016008377
ogbn-products,b16_fast,1,fp32_neighbor_reduction,15.9556865692,599,164.016008377
ogbn-products,b16_fast,1,partial_bf16_conversion,0.498533248901,599,164.016008377
ogbn-products,b16_fast,1,tile_load,3.42035293579,599,164.016008377
ogbn-products,b16_fast,1,tile_compute,6.36863708496,599,164.016008377
ogbn-products,b16_fast,1,tile_store,0.366926193237,599,164.016008377
ogbn-products,b16_fast,1,output_scatter,0.689029693604,599,164.016008377
ogbn-products,b16_fast,1,thread_amx_setup,0.0350475311279,599,164.016008377
ogbn-products,b16_fast,2,output_zero,0,599,169.574022293
ogbn-products,b16_fast,2,row_schedule,0.218629837036,599,169.574022293
ogbn-products,b16_fast,2,partial_zero,0.691890716553,599,169.574022293
ogbn-products,b16_fast,2,csr_prefetch,16.9670581818,599,169.574022293
ogbn-products,b16_fast,2,feature_gather_decode,24.9321460724,599,169.574022293
ogbn-products,b16_fast,2,fp32_neighbor_reduction,15.7866477966,599,169.574022293
ogbn-products,b16_fast,2,partial_bf16_conversion,0.518560409546,599,169.574022293
ogbn-products,b16_fast,2,tile_load,3.29113006592,599,169.574022293
ogbn-products,b16_fast,2,tile_compute,6.54125213623,599,169.574022293
ogbn-products,b16_fast,2,tile_store,0.412940979004,599,169.574022293
ogbn-products,b16_fast,2,output_scatter,0.0946521759033,599,169.574022293
ogbn-products,b16_fast,2,thread_amx_setup,0.0455379486084,599,169.574022293
ogbn-products,b16_accurate,1,output_zero,0,599,176.88703537
ogbn-products,b16_accurate,1,row_schedule,0.232934951782,599,176.88703537
ogbn-products,b16_accurate,1,partial_zero,0.775575637817,599,176.88703537
ogbn-products,b16_accurate,1,csr_prefetch,17.2326564789,599,176.88703537
ogbn-products,b16_accurate,1,feature_gather_decode,25.5970954895,599,176.88703537
ogbn-products,b16_accurate,1,fp32_neighbor_reduction,16.7977809906,599,176.88703537
ogbn-products,b16_accurate,1,partial_bf16_conversion,0.798225402832,599,176.88703537
ogbn-products,b16_accurate,1,tile_load,5.47027587891,599,176.88703537
ogbn-products,b16_accurate,1,tile_compute,9.15694236755,599,176.88703537
ogbn-products,b16_accurate,1,tile_store,0.362873077393,599,176.88703537
ogbn-products,b16_accurate,1,output_scatter,0.7004737854,599,176.88703537
ogbn-products,b16_accurate,1,thread_amx_setup,0.0431537628174,599,176.88703537
ogbn-products,b16_accurate,2,output_zero,0.000953674316406,599,166.965007782
ogbn-products,b16_accurate,2,row_schedule,0.223159790039,599,166.965007782
ogbn-products,b16_accurate,2,partial_zero,0.716924667358,599,166.965007782
ogbn-products,b16_accurate,2,csr_prefetch,17.501115799,599,166.965007782
ogbn-products,b16_accurate,2,feature_gather_decode,24.8935222626,599,166.965007782
ogbn-products,b16_accurate,2,fp32_neighbor_reduction,16.8006420135,599,166.965007782
ogbn-products,b16_accurate,2,partial_bf16_conversion,0.85711479187,599,166.965007782
ogbn-products,b16_accurate,2,tile_load,5.76162338257,599,166.965007782
ogbn-products,b16_accurate,2,tile_compute,9.12475585938,599,166.965007782
ogbn-products,b16_accurate,2,tile_store,0.346183776855,599,166.965007782
ogbn-products,b16_accurate,2,output_scatter,0.1220703125,599,166.965007782
ogbn-products,b16_accurate,2,thread_amx_setup,0.0429153442383,599,166.965007782
ogbn-products,b32_fast,1,output_zero,0,599,152.449846268
ogbn-products,b32_fast,1,row_schedule,0.242471694946,599,152.449846268
ogbn-products,b32_fast,1,partial_zero,0.449419021606,599,152.449846268
ogbn-products,b32_fast,1,csr_prefetch,16.215801239,599,152.449846268
ogbn-products,b32_fast,1,feature_gather_decode,22.5641727448,599,152.449846268
ogbn-products,b32_fast,1,fp32_neighbor_reduction,14.6436691284,599,152.449846268
ogbn-products,b32_fast,1,partial_bf16_conversion,0.297069549561,599,152.449846268
ogbn-products,b32_fast,1,tile_load,2.19535827637,599,152.449846268
ogbn-products,b32_fast,1,tile_compute,4.29749488831,599,152.449846268
ogbn-products,b32_fast,1,tile_store,0.228404998779,599,152.449846268
ogbn-products,b32_fast,1,output_scatter,0.710725784302,599,152.449846268
ogbn-products,b32_fast,1,thread_amx_setup,0.0400543212891,599,152.449846268
ogbn-products,b32_fast,2,output_zero,0,599,148.298025131
ogbn-products,b32_fast,2,row_schedule,0.191926956177,599,148.298025131
ogbn-products,b32_fast,2,partial_zero,0.443696975708,599,148.298025131
ogbn-products,b32_fast,2,csr_prefetch,16.0105228424,599,148.298025131
ogbn-products,b32_fast,2,feature_gather_decode,22.6981639862,599,148.298025131
ogbn-products,b32_fast,2,fp32_neighbor_reduction,14.6496295929,599,148.298025131
ogbn-products,b32_fast,2,partial_bf16_conversion,0.291347503662,599,148.298025131
ogbn-products,b32_fast,2,tile_load,2.18367576599,599,148.298025131
ogbn-products,b32_fast,2,tile_compute,3.84068489075,599,148.298025131
ogbn-products,b32_fast,2,tile_store,0.223398208618,599,148.298025131
ogbn-products,b32_fast,2,output_scatter,0.103235244751,599,148.298025131
ogbn-products,b32_fast,2,thread_amx_setup,0.0495910644531,599,148.298025131
ogbn-products,b32_accurate,1,output_zero,0,599,166.824817657
ogbn-products,b32_accurate,1,row_schedule,0.207424163818,599,166.824817657
ogbn-products,b32_accurate,1,partial_zero,0.515699386597,599,166.824817657
ogbn-products,b32_accurate,1,csr_prefetch,16.6082382202,599,166.824817657
ogbn-products,b32_accurate,1,feature_gather_decode,23.095369339,599,166.824817657
ogbn-products,b32_accurate,1,fp32_neighbor_reduction,15.4175758362,599,166.824817657
ogbn-products,b32_accurate,1,partial_bf16_conversion,0.475645065308,599,166.824817657
ogbn-products,b32_accurate,1,tile_load,3.46302986145,599,166.824817657
ogbn-products,b32_accurate,1,tile_compute,5.56707382202,599,166.824817657
ogbn-products,b32_accurate,1,tile_store,0.195264816284,599,166.824817657
ogbn-products,b32_accurate,1,output_scatter,0.73766708374,599,166.824817657
ogbn-products,b32_accurate,1,thread_amx_setup,0.0355243682861,599,166.824817657
ogbn-products,b32_accurate,2,output_zero,0,599,160.573959351
ogbn-products,b32_accurate,2,row_schedule,0.212669372559,599,160.573959351
ogbn-products,b32_accurate,2,partial_zero,0.463008880615,599,160.573959351
ogbn-products,b32_accurate,2,csr_prefetch,16.9079303741,599,160.573959351
ogbn-products,b32_accurate,2,feature_gather_decode,23.0922698975,599,160.573959351
ogbn-products,b32_accurate,2,fp32_neighbor_reduction,15.0940418243,599,160.573959351
ogbn-products,b32_accurate,2,partial_bf16_conversion,0.488042831421,599,160.573959351
ogbn-products,b32_accurate,2,tile_load,3.54051589966,599,160.573959351
ogbn-products,b32_accurate,2,tile_compute,5.202293396,599,160.573959351
ogbn-products,b32_accurate,2,tile_store,0.223636627197,599,160.573959351
ogbn-products,b32_accurate,2,output_scatter,0.10085105896,599,160.573959351
ogbn-products,b32_accurate,2,thread_amx_setup,0.0410079956055,599,160.573959351
ogbn-products,b64_fast,1,output_zero,0.000953674316406,599,152.021169662
ogbn-products,b64_fast,1,row_schedule,0.28920173645,599,152.021169662
ogbn-products,b64_fast,1,partial_zero,0.317573547363,599,152.021169662
ogbn-products,b64_fast,1,csr_prefetch,16.2489414215,599,152.021169662
ogbn-products,b64_fast,1,feature_gather_decode,21.9027996063,599,152.021169662
ogbn-products,b64_fast,1,fp32_neighbor_reduction,14.2021179199,599,152.021169662
ogbn-products,b64_fast,1,partial_bf16_conversion,0.235557556152,599,152.021169662
ogbn-products,b64_fast,1,tile_load,1.47080421448,599,152.021169662
ogbn-products,b64_fast,1,tile_compute,3.10778617859,599,152.021169662
ogbn-products,b64_fast,1,tile_store,0.154495239258,599,152.021169662
ogbn-products,b64_fast,1,output_scatter,0.71120262146,599,152.021169662
ogbn-products,b64_fast,1,thread_amx_setup,0.044584274292,599,152.021169662
ogbn-products,b64_fast,2,output_zero,0.00119209289551,599,144.402980804
ogbn-products,b64_fast,2,row_schedule,0.208616256714,599,144.402980804
ogbn-products,b64_fast,2,partial_zero,0.329494476318,599,144.402980804
ogbn-products,b64_fast,2,csr_prefetch,16.0617828369,599,144.402980804
ogbn-products,b64_fast,2,feature_gather_decode,22.0463275909,599,144.402980804
ogbn-products,b64_fast,2,fp32_neighbor_reduction,14.2040252686,599,144.402980804
ogbn-products,b64_fast,2,partial_bf16_conversion,0.217914581299,599,144.402980804
ogbn-products,b64_fast,2,tile_load,1.52468681335,599,144.402980804
ogbn-products,b64_fast,2,tile_compute,2.7163028717,599,144.402980804
ogbn-products,b64_fast,2,tile_store,0.186920166016,599,144.402980804
ogbn-products,b64_fast,2,output_scatter,0.119209289551,599,144.402980804
ogbn-products,b64_fast,2,thread_amx_setup,0.044584274292,599,144.402980804
ogbn-products,b64_accurate,1,output_zero,0.000953674316406,599,158.499002457
ogbn-products,b64_accurate,1,row_schedule,0.225782394409,599,158.499002457
ogbn-products,b64_accurate,1,partial_zero,0.328540802002,599,158.499002457
ogbn-products,b64_accurate,1,csr_prefetch,16.2971019745,599,158.499002457
ogbn-products,b64_accurate,1,feature_gather_decode,21.7399597168,599,158.499002457
ogbn-products,b64_accurate,1,fp32_neighbor_reduction,14.5115852356,599,158.499002457
ogbn-products,b64_accurate,1,partial_bf16_conversion,0.298500061035,599,158.499002457
ogbn-products,b64_accurate,1,tile_load,2.43377685547,599,158.499002457
ogbn-products,b64_accurate,1,tile_compute,4.17113304138,599,158.499002457
ogbn-products,b64_accurate,1,tile_store,0.118970870972,599,158.499002457
ogbn-products,b64_accurate,1,output_scatter,0.706911087036,599,158.499002457
ogbn-products,b64_accurate,1,thread_amx_setup,0.0455379486084,599,158.499002457
ogbn-products,b64_accurate,2,output_zero,0,599,152.907133102
ogbn-products,b64_accurate,2,row_schedule,0.207185745239,599,152.907133102
ogbn-products,b64_accurate,2,partial_zero,0.331878662109,599,152.907133102
ogbn-products,b64_accurate,2,csr_prefetch,16.1724090576,599,152.907133102
ogbn-products,b64_accurate,2,feature_gather_decode,21.6536521912,599,152.907133102
ogbn-products,b64_accurate,2,fp32_neighbor_reduction,14.506816864,599,152.907133102
ogbn-products,b64_accurate,2,partial_bf16_conversion,0.320672988892,599,152.907133102
ogbn-products,b64_accurate,2,tile_load,2.61664390564,599,152.907133102
ogbn-products,b64_accurate,2,tile_compute,3.66282463074,599,152.907133102
ogbn-products,b64_accurate,2,tile_store,0.165462493896,599,152.907133102
ogbn-products,b64_accurate,2,output_scatter,0.126123428345,599,152.907133102
ogbn-products,b64_accurate,2,thread_amx_setup,0.0488758087158,599,152.907133102
ogbn-products,bfull_fast,1,output_zero,0,599,145.648956299
ogbn-products,bfull_fast,1,row_schedule,0.277280807495,599,145.648956299
ogbn-products,bfull_fast,1,partial_zero,0.226974487305,599,145.648956299
ogbn-products,bfull_fast,1,csr_prefetch,16.3390636444,599,145.648956299
ogbn-products,bfull_fast,1,feature_gather_decode,21.3983058929,599,145.648956299
ogbn-products,bfull_fast,1,fp32_neighbor_reduction,14.3260955811,599,145.648956299
ogbn-products,bfull_fast,1,partial_bf16_conversion,0.145673751831,599,145.648956299
ogbn-products,bfull_fast,1,tile_load,1.00588798523,599,145.648956299
ogbn-products,bfull_fast,1,tile_compute,2.09021568298,599,145.648956299
ogbn-products,bfull_fast,1,tile_store,0.0772476196289,599,145.648956299
ogbn-products,bfull_fast,1,output_scatter,0.736713409424,599,145.648956299
ogbn-products,bfull_fast,1,thread_amx_setup,0.0364780426025,599,145.648956299
ogbn-products,bfull_fast,2,output_zero,0,599,141.429901123
ogbn-products,bfull_fast,2,row_schedule,0.2281665802,599,141.429901123
ogbn-products,bfull_fast,2,partial_zero,0.263929367065,599,141.429901123
ogbn-products,bfull_fast,2,csr_prefetch,16.0381793976,599,141.429901123
ogbn-products,bfull_fast,2,feature_gather_decode,21.3899612427,599,141.429901123
ogbn-products,bfull_fast,2,fp32_neighbor_reduction,14.369726181,599,141.429901123
ogbn-products,bfull_fast,2,partial_bf16_conversion,0.14853477478,599,141.429901123
ogbn-products,bfull_fast,2,tile_load,1.04260444641,599,141.429901123
ogbn-products,bfull_fast,2,tile_compute,2.04658508301,599,141.429901123
ogbn-products,bfull_fast,2,tile_store,0.134944915771,599,141.429901123
ogbn-products,bfull_fast,2,output_scatter,0.108003616333,599,141.429901123
ogbn-products,bfull_fast,2,thread_amx_setup,0.0553131103516,599,141.429901123
ogbn-products,bfull_accurate,1,output_zero,0,599,148.570775986
ogbn-products,bfull_accurate,1,row_schedule,0.21767616272,599,148.570775986
ogbn-products,bfull_accurate,1,partial_zero,0.259399414062,599,148.570775986
ogbn-products,bfull_accurate,1,csr_prefetch,16.1077976227,599,148.570775986
ogbn-products,bfull_accurate,1,feature_gather_decode,21.5337276459,599,148.570775986
ogbn-products,bfull_accurate,1,fp32_neighbor_reduction,14.1844749451,599,148.570775986
ogbn-products,bfull_accurate,1,partial_bf16_conversion,0.152111053467,599,148.570775986
ogbn-products,bfull_accurate,1,tile_load,1.71446800232,599,148.570775986
ogbn-products,bfull_accurate,1,tile_compute,3.25012207031,599,148.570775986
ogbn-products,bfull_accurate,1,tile_store,0.077486038208,599,148.570775986
ogbn-products,bfull_accurate,1,output_scatter,0.698804855347,599,148.570775986
ogbn-products,bfull_accurate,1,thread_amx_setup,0.0355243682861,599,148.570775986
ogbn-products,bfull_accurate,2,output_zero,0,599,142.647027969
ogbn-products,bfull_accurate,2,row_schedule,0.193357467651,599,142.647027969
ogbn-products,bfull_accurate,2,partial_zero,0.251054763794,599,142.647027969
ogbn-products,bfull_accurate,2,csr_prefetch,16.2262916565,599,142.647027969
ogbn-products,bfull_accurate,2,feature_gather_decode,21.2836265564,599,142.647027969
ogbn-products,bfull_accurate,2,fp32_neighbor_reduction,14.2176151276,599,142.647027969
ogbn-products,bfull_accurate,2,partial_bf16_conversion,0.171661376953,599,142.647027969
ogbn-products,bfull_accurate,2,tile_load,1.94883346558,599,142.647027969
ogbn-products,bfull_accurate,2,tile_compute,2.82382965088,599,142.647027969
ogbn-products,bfull_accurate,2,tile_store,0.154256820679,599,142.647027969
ogbn-products,bfull_accurate,2,output_scatter,0.113725662231,599,142.647027969
ogbn-products,bfull_accurate,2,thread_amx_setup,0.0543594360352,599,142.647027969
reddit,b2_fast,1,output_zero,0.0271797180176,58,194.802999496
reddit,b2_fast,1,row_schedule,0.0250339508057,58,194.802999496
reddit,b2_fast,1,partial_zero,3.78131866455,58,194.802999496
reddit,b2_fast,1,csr_prefetch,18.5079574585,58,194.802999496
reddit,b2_fast,1,feature_gather_decode,23.3764648438,58,194.802999496
reddit,b2_fast,1,fp32_neighbor_reduction,22.6459503174,58,194.802999496
reddit,b2_fast,1,partial_bf16_conversion,3.39269638062,58,194.802999496
reddit,b2_fast,1,tile_load,15.6207084656,58,194.802999496
reddit,b2_fast,1,tile_compute,24.6596336365,58,194.802999496
reddit,b2_fast,1,tile_store,2.35533714294,58,194.802999496
reddit,b2_fast,1,output_scatter,0.0801086425781,58,194.802999496
reddit,b2_fast,1,thread_amx_setup,0.025749206543,58,194.802999496
reddit,b2_fast,2,output_zero,0,58,192.054986954
reddit,b2_fast,2,row_schedule,0.0226497650146,58,192.054986954
reddit,b2_fast,2,partial_zero,3.77106666565,58,192.054986954
reddit,b2_fast,2,csr_prefetch,18.3863639832,58,192.054986954
reddit,b2_fast,2,feature_gather_decode,23.5073566437,58,192.054986954
reddit,b2_fast,2,fp32_neighbor_reduction,22.7303504944,58,192.054986954
reddit,b2_fast,2,partial_bf16_conversion,3.29422950745,58,192.054986954
reddit,b2_fast,2,tile_load,15.6493186951,58,192.054986954
reddit,b2_fast,2,tile_compute,25.1152515411,58,192.054986954
reddit,b2_fast,2,tile_store,2.53033638,58,192.054986954
reddit,b2_fast,2,output_scatter,0.0159740447998,58,192.054986954
reddit,b2_fast,2,thread_amx_setup,0.042200088501,58,192.054986954
reddit,b2_accurate,1,output_zero,0,58,245.44095993
reddit,b2_accurate,1,row_schedule,0.0250339508057,58,245.44095993
reddit,b2_accurate,1,partial_zero,3.9176940918,58,245.44095993
reddit,b2_accurate,1,csr_prefetch,18.5322761536,58,245.44095993
reddit,b2_accurate,1,feature_gather_decode,23.6885547638,58,245.44095993
reddit,b2_accurate,1,fp32_neighbor_reduction,23.3247280121,58,245.44095993
reddit,b2_accurate,1,partial_bf16_conversion,5.943775177,58,245.44095993
reddit,b2_accurate,1,tile_load,28.4054279327,58,245.44095993
reddit,b2_accurate,1,tile_compute,34.7054004669,58,245.44095993
reddit,b2_accurate,1,tile_store,2.03394889832,58,245.44095993
reddit,b2_accurate,1,output_scatter,0.0739097595215,58,245.44095993
reddit,b2_accurate,1,thread_amx_setup,0.0300407409668,58,245.44095993
reddit,b2_accurate,2,output_zero,0.000953674316406,58,238.873958588
reddit,b2_accurate,2,row_schedule,0.0243186950684,58,238.873958588
reddit,b2_accurate,2,partial_zero,3.68309020996,58,238.873958588
reddit,b2_accurate,2,csr_prefetch,18.2046890259,58,238.873958588
reddit,b2_accurate,2,feature_gather_decode,23.4665870667,58,238.873958588
reddit,b2_accurate,2,fp32_neighbor_reduction,22.5579738617,58,238.873958588
reddit,b2_accurate,2,partial_bf16_conversion,5.99980354309,58,238.873958588
reddit,b2_accurate,2,tile_load,28.2793045044,58,238.873958588
reddit,b2_accurate,2,tile_compute,35.3891849518,58,238.873958588
reddit,b2_accurate,2,tile_store,1.95717811584,58,238.873958588
reddit,b2_accurate,2,output_scatter,0.0193119049072,58,238.873958588
reddit,b2_accurate,2,thread_amx_setup,0.0457763671875,58,238.873958588
reddit,b4_fast,1,output_zero,0,58,131.55412674
reddit,b4_fast,1,row_schedule,0.0362396240234,58,131.55412674
reddit,b4_fast,1,partial_zero,1.84369087219,58,131.55412674
reddit,b4_fast,1,csr_prefetch,15.3057575226,58,131.55412674
reddit,b4_fast,1,feature_gather_decode,21.2438106537,58,131.55412674
reddit,b4_fast,1,fp32_neighbor_reduction,18.9762115479,58,131.55412674
reddit,b4_fast,1,partial_bf16_conversion,1.77669525146,58,131.55412674
reddit,b4_fast,1,tile_load,8.465051651,58,131.55412674
reddit,b4_fast,1,tile_compute,14.4414901733,58,131.55412674
reddit,b4_fast,1,tile_store,1.28269195557,58,131.55412674
reddit,b4_fast,1,output_scatter,0.0805854797363,58,131.55412674
reddit,b4_fast,1,thread_amx_setup,0.0457763671875,58,131.55412674
reddit,b4_fast,2,output_zero,0.000953674316406,58,127.771139145
reddit,b4_fast,2,row_schedule,0.0238418579102,58,127.771139145
reddit,b4_fast,2,partial_zero,1.95145606995,58,127.771139145
reddit,b4_fast,2,csr_prefetch,15.5870914459,58,127.771139145
reddit,b4_fast,2,feature_gather_decode,21.0020542145,58,127.771139145
reddit,b4_fast,2,fp32_neighbor_reduction,18.7289714813,58,127.771139145
reddit,b4_fast,2,partial_bf16_conversion,1.74045562744,58,127.771139145
reddit,b4_fast,2,tile_load,8.52560997009,58,127.771139145
reddit,b4_fast,2,tile_compute,14.3568515778,58,127.771139145
reddit,b4_fast,2,tile_store,1.21092796326,58,127.771139145
reddit,b4_fast,2,output_scatter,0.0162124633789,58,127.771139145
reddit,b4_fast,2,thread_amx_setup,0.0367164611816,58,127.771139145
reddit,b4_accurate,1,output_zero,0.000953674316406,58,168.477058411
reddit,b4_accurate,1,row_schedule,0.0126361846924,58,168.477058411
reddit,b4_accurate,1,partial_zero,2.08568572998,58,168.477058411
reddit,b4_accurate,1,csr_prefetch,15.2721405029,58,168.477058411
reddit,b4_accurate,1,feature_gather_decode,20.8797454834,58,168.477058411
reddit,b4_accurate,1,fp32_neighbor_reduction,18.7158584595,58,168.477058411
reddit,b4_accurate,1,partial_bf16_conversion,2.99286842346,58,168.477058411
reddit,b4_accurate,1,tile_load,14.6470069885,58,168.477058411
reddit,b4_accurate,1,tile_compute,19.6232795715,58,168.477058411
reddit,b4_accurate,1,tile_store,1.0199546814,58,168.477058411
reddit,b4_accurate,1,output_scatter,0.0765323638916,58,168.477058411
reddit,b4_accurate,1,thread_amx_setup,0.0345706939697,58,168.477058411
reddit,b4_accurate,2,output_zero,0.000953674316406,58,164.125919342
reddit,b4_accurate,2,row_schedule,0.0178813934326,58,164.125919342
reddit,b4_accurate,2,partial_zero,1.89089775085,58,164.125919342
reddit,b4_accurate,2,csr_prefetch,15.2323246002,58,164.125919342
reddit,b4_accurate,2,feature_gather_decode,20.5042362213,58,164.125919342
reddit,b4_accurate,2,fp32_neighbor_reduction,18.9023017883,58,164.125919342
reddit,b4_accurate,2,partial_bf16_conversion,3.0517578125,58,164.125919342
reddit,b4_accurate,2,tile_load,14.9116516113,58,164.125919342
reddit,b4_accurate,2,tile_compute,19.8969841003,58,164.125919342
reddit,b4_accurate,2,tile_store,1.03402137756,58,164.125919342
reddit,b4_accurate,2,output_scatter,0.0143051147461,58,164.125919342
reddit,b4_accurate,2,thread_amx_setup,0.0450611114502,58,164.125919342
reddit,b8_fast,1,output_zero,0,58,99.9739170074
reddit,b8_fast,1,row_schedule,0.0238418579102,58,99.9739170074
reddit,b8_fast,1,partial_zero,1.00564956665,58,99.9739170074
reddit,b8_fast,1,csr_prefetch,15.5053138733,58,99.9739170074
reddit,b8_fast,1,feature_gather_decode,19.4916725159,58,99.9739170074
reddit,b8_fast,1,fp32_neighbor_reduction,16.8347358704,58,99.9739170074
reddit,b8_fast,1,partial_bf16_conversion,0.897645950317,58,99.9739170074
reddit,b8_fast,1,tile_load,4.48489189148,58,99.9739170074
reddit,b8_fast,1,tile_compute,8.19611549377,58,99.9739170074
reddit,b8_fast,1,tile_store,0.652074813843,58,99.9739170074
reddit,b8_fast,1,output_scatter,0.077486038208,58,99.9739170074
reddit,b8_fast,1,thread_amx_setup,0.0410079956055,58,99.9739170074
reddit,b8_fast,2,output_zero,0,58,97.0559120178
reddit,b8_fast,2,row_schedule,0.0181198120117,58,97.0559120178
reddit,b8_fast,2,partial_zero,1.03664398193,58,97.0559120178
reddit,b8_fast,2,csr_prefetch,15.506029129,58,97.0559120178
reddit,b8_fast,2,feature_gather_decode,19.6068286896,58,97.0559120178
reddit,b8_fast,2,fp32_neighbor_reduction,16.86835289,58,97.0559120178
reddit,b8_fast,2,partial_bf16_conversion,0.961542129517,58,97.0559120178
reddit,b8_fast,2,tile_load,4.56595420837,58,97.0559120178
reddit,b8_fast,2,tile_compute,8.03852081299,58,97.0559120178
reddit,b8_fast,2,tile_store,0.617265701294,58,97.0559120178
reddit,b8_fast,2,output_scatter,0.018835067749,58,97.0559120178
reddit,b8_fast,2,thread_amx_setup,0.0450611114502,58,97.0559120178
reddit,b8_accurate,1,output_zero,0,58,117.388963699
reddit,b8_accurate,1,row_schedule,0.018835067749,58,117.388963699
reddit,b8_accurate,1,partial_zero,1.00231170654,58,117.388963699
reddit,b8_accurate,1,csr_prefetch,15.3710842133,58,117.388963699
reddit,b8_accurate,1,feature_gather_decode,19.3383693695,58,117.388963699
reddit,b8_accurate,1,fp32_neighbor_reduction,16.4499282837,58,117.388963699
reddit,b8_accurate,1,partial_bf16_conversion,1.56259536743,58,117.388963699
reddit,b8_accurate,1,tile_load,7.59363174438,58,117.388963699
reddit,b8_accurate,1,tile_compute,11.0681056976,58,117.388963699
reddit,b8_accurate,1,tile_store,0.536918640137,58,117.388963699
reddit,b8_accurate,1,output_scatter,0.0803470611572,58,117.388963699
reddit,b8_accurate,1,thread_amx_setup,0.0345706939697,58,117.388963699
reddit,b8_accurate,2,output_zero,0,58,115.110874176
reddit,b8_accurate,2,row_schedule,0.0150203704834,58,115.110874176
reddit,b8_accurate,2,partial_zero,0.968933105469,58,115.110874176
reddit,b8_accurate,2,csr_prefetch,15.2747631073,58,115.110874176
reddit,b8_accurate,2,feature_gather_decode,19.1071033478,58,115.110874176
reddit,b8_accurate,2,fp32_neighbor_reduction,16.4983272552,58,115.110874176
reddit,b8_accurate,2,partial_bf16_conversion,1.56044960022,58,115.110874176
reddit,b8_accurate,2,tile_load,7.86781311035,58,115.110874176
reddit,b8_accurate,2,tile_compute,10.6363296509,58,115.110874176
reddit,b8_accurate,2,tile_store,0.556468963623,58,115.110874176
reddit,b8_accurate,2,output_scatter,0.02121925354,58,115.110874176
reddit,b8_accurate,2,thread_amx_setup,0.042200088501,58,115.110874176
reddit,b16_fast,1,output_zero,0,58,82.839012146
reddit,b16_fast,1,row_schedule,0.0236034393311,58,82.839012146
reddit,b16_fast,1,partial_zero,0.548362731934,58,82.839012146
reddit,b16_fast,1,csr_prefetch,15.419960022,58,82.839012146
reddit,b16_fast,1,feature_gather_decode,18.9151763916,58,82.839012146
reddit,b16_fast,1,fp32_neighbor_reduction,15.5787467957,58,82.839012146
reddit,b16_fast,1,partial_bf16_conversion,0.478506088257,58,82.839012146
reddit,b16_fast,1,tile_load,2.32982635498,58,82.839012146
reddit,b16_fast,1,tile_compute,4.36663627625,58,82.839012146
reddit,b16_fast,1,tile_store,0.324487686157,58,82.839012146
reddit,b16_fast,1,output_scatter,0.0855922698975,58,82.839012146
reddit,b16_fast,1,thread_amx_setup,0.0512599945068,58,82.839012146
reddit,b16_fast,2,output_zero,0,58,83.7199687958
reddit,b16_fast,2,row_schedule,0.0245571136475,58,83.7199687958
reddit,b16_fast,2,partial_zero,0.527858734131,58,83.7199687958
reddit,b16_fast,2,csr_prefetch,15.5408382416,58,83.7199687958
reddit,b16_fast,2,feature_gather_decode,18.8496112823,58,83.7199687958
reddit,b16_fast,2,fp32_neighbor_reduction,15.5947208405,58,83.7199687958
reddit,b16_fast,2,partial_bf16_conversion,0.467300415039,58,83.7199687958
reddit,b16_fast,2,tile_load,2.45547294617,58,83.7199687958
reddit,b16_fast,2,tile_compute,4.50730323792,58,83.7199687958
reddit,b16_fast,2,tile_store,0.315189361572,58,83.7199687958
reddit,b16_fast,2,output_scatter,0.0138282775879,58,83.7199687958
reddit,b16_fast,2,thread_amx_setup,0.0612735748291,58,83.7199687958
reddit,b16_accurate,1,output_zero,0,58,94.4349765778
reddit,b16_accurate,1,row_schedule,0.0166893005371,58,94.4349765778
reddit,b16_accurate,1,partial_zero,0.509023666382,58,94.4349765778
reddit,b16_accurate,1,csr_prefetch,15.5966281891,58,94.4349765778
reddit,b16_accurate,1,feature_gather_decode,18.8584327698,58,94.4349765778
reddit,b16_accurate,1,fp32_neighbor_reduction,15.8514976501,58,94.4349765778
reddit,b16_accurate,1,partial_bf16_conversion,0.767707824707,58,94.4349765778
reddit,b16_accurate,1,tile_load,4.07099723816,58,94.4349765778
reddit,b16_accurate,1,tile_compute,6.08897209167,58,94.4349765778
reddit,b16_accurate,1,tile_store,0.306844711304,58,94.4349765778
reddit,b16_accurate,1,output_scatter,0.0801086425781,58,94.4349765778
reddit,b16_accurate,1,thread_amx_setup,0.0393390655518,58,94.4349765778
reddit,b16_accurate,2,output_zero,0,58,89.5161628723
reddit,b16_accurate,2,row_schedule,0.0183582305908,58,89.5161628723
reddit,b16_accurate,2,partial_zero,0.499963760376,58,89.5161628723
reddit,b16_accurate,2,csr_prefetch,15.2838230133,58,89.5161628723
reddit,b16_accurate,2,feature_gather_decode,18.7561511993,58,89.5161628723
reddit,b16_accurate,2,fp32_neighbor_reduction,15.7222747803,58,89.5161628723
reddit,b16_accurate,2,partial_bf16_conversion,0.813007354736,58,89.5161628723
reddit,b16_accurate,2,tile_load,4.11534309387,58,89.5161628723
reddit,b16_accurate,2,tile_compute,5.98335266113,58,89.5161628723
reddit,b16_accurate,2,tile_store,0.253677368164,58,89.5161628723
reddit,b16_accurate,2,output_scatter,0.0166893005371,58,89.5161628723
reddit,b16_accurate,2,thread_amx_setup,0.0410079956055,58,89.5161628723
reddit,b32_fast,1,output_zero,0.000953674316406,58,77.9368877411
reddit,b32_fast,1,row_schedule,0.0269412994385,58,77.9368877411
reddit,b32_fast,1,partial_zero,0.268220901489,58,77.9368877411
reddit,b32_fast,1,csr_prefetch,14.8286819458,58,77.9368877411
reddit,b32_fast,1,feature_gather_decode,17.7109241486,58,77.9368877411
reddit,b32_fast,1,fp32_neighbor_reduction,14.4076347351,58,77.9368877411
reddit,b32_fast,1,partial_bf16_conversion,0.253200531006,58,77.9368877411
reddit,b32_fast,1,tile_load,1.3267993927,58,77.9368877411
reddit,b32_fast,1,tile_compute,2.1345615387,58,77.9368877411
reddit,b32_fast,1,tile_store,0.173807144165,58,77.9368877411
reddit,b32_fast,1,output_scatter,0.0824928283691,58,77.9368877411
reddit,b32_fast,1,thread_amx_setup,0.0524520874023,58,77.9368877411
reddit,b32_fast,2,output_zero,0,58,77.6071548462
reddit,b32_fast,2,row_schedule,0.0200271606445,58,77.6071548462
reddit,b32_fast,2,partial_zero,0.2281665802,58,77.6071548462
reddit,b32_fast,2,csr_prefetch,14.7767066956,58,77.6071548462
reddit,b32_fast,2,feature_gather_decode,17.7538394928,58,77.6071548462
reddit,b32_fast,2,fp32_neighbor_reduction,14.5790576935,58,77.6071548462
reddit,b32_fast,2,partial_bf16_conversion,0.260591506958,58,77.6071548462
reddit,b32_fast,2,tile_load,1.32036209106,58,77.6071548462
reddit,b32_fast,2,tile_compute,1.95908546448,58,77.6071548462
reddit,b32_fast,2,tile_store,0.153064727783,58,77.6071548462
reddit,b32_fast,2,output_scatter,0.0138282775879,58,77.6071548462
reddit,b32_fast,2,thread_amx_setup,0.0367164611816,58,77.6071548462
reddit,b32_accurate,1,output_zero,0,58,77.0559310913
reddit,b32_accurate,1,row_schedule,0.0214576721191,58,77.0559310913
reddit,b32_accurate,1,partial_zero,0.265121459961,58,77.0559310913
reddit,b32_accurate,1,csr_prefetch,15.5398845673,58,77.0559310913
reddit,b32_accurate,1,feature_gather_decode,18.5792446136,58,77.0559310913
reddit,b32_accurate,1,fp32_neighbor_reduction,15.4042243958,58,77.0559310913
reddit,b32_accurate,1,partial_bf16_conversion,0.408411026001,58,77.0559310913
reddit,b32_accurate,1,tile_load,2.13694572449,58,77.0559310913
reddit,b32_accurate,1,tile_compute,3.40342521667,58,77.0559310913
reddit,b32_accurate,1,tile_store,0.133752822876,58,77.0559310913
reddit,b32_accurate,1,output_scatter,0.0784397125244,58,77.0559310913
reddit,b32_accurate,1,thread_amx_setup,0.0381469726562,58,77.0559310913
reddit,b32_accurate,2,output_zero,0.00119209289551,58,80.2540779114
reddit,b32_accurate,2,row_schedule,0.0209808349609,58,80.2540779114
reddit,b32_accurate,2,partial_zero,0.282049179077,58,80.2540779114
reddit,b32_accurate,2,csr_prefetch,15.7532691956,58,80.2540779114
reddit,b32_accurate,2,feature_gather_decode,18.4009075165,58,80.2540779114
reddit,b32_accurate,2,fp32_neighbor_reduction,15.3026580811,58,80.2540779114
reddit,b32_accurate,2,partial_bf16_conversion,0.430822372437,58,80.2540779114
reddit,b32_accurate,2,tile_load,2.18868255615,58,80.2540779114
reddit,b32_accurate,2,tile_compute,3.12948226929,58,80.2540779114
reddit,b32_accurate,2,tile_store,0.143527984619,58,80.2540779114
reddit,b32_accurate,2,output_scatter,0.0147819519043,58,80.2540779114
reddit,b32_accurate,2,thread_amx_setup,0.0474452972412,58,80.2540779114
reddit,b64_fast,1,output_zero,0.000953674316406,58,72.2951889038
reddit,b64_fast,1,row_schedule,0.0193119049072,58,72.2951889038
reddit,b64_fast,1,partial_zero,0.155687332153,58,72.2951889038
reddit,b64_fast,1,csr_prefetch,13.9989852905,58,72.2951889038
reddit,b64_fast,1,feature_gather_decode,16.672372818,58,72.2951889038
reddit,b64_fast,1,fp32_neighbor_reduction,13.397693634,58,72.2951889038
reddit,b64_fast,1,partial_bf16_conversion,0.169277191162,58,72.2951889038
reddit,b64_fast,1,tile_load,0.761032104492,58,72.2951889038
reddit,b64_fast,1,tile_compute,1.36351585388,58,72.2951889038
reddit,b64_fast,1,tile_store,0.0801086425781,58,72.2951889038
reddit,b64_fast,1,output_scatter,0.0813007354736,58,72.2951889038
reddit,b64_fast,1,thread_amx_setup,0.0500679016113,58,72.2951889038
reddit,b64_fast,2,output_zero,0,58,71.0730552673
reddit,b64_fast,2,row_schedule,0.0202655792236,58,71.0730552673
reddit,b64_fast,2,partial_zero,0.146627426147,58,71.0730552673
reddit,b64_fast,2,csr_prefetch,14.1987800598,58,71.0730552673
reddit,b64_fast,2,feature_gather_decode,16.7565345764,58,71.0730552673
reddit,b64_fast,2,fp32_neighbor_reduction,13.6864185333,58,71.0730552673
reddit,b64_fast,2,partial_bf16_conversion,0.162601470947,58,71.0730552673
reddit,b64_fast,2,tile_load,0.798463821411,58,71.0730552673
reddit,b64_fast,2,tile_compute,1.43241882324,58,71.0730552673
reddit,b64_fast,2,tile_store,0.086784362793,58,71.0730552673
reddit,b64_fast,2,output_scatter,0.0157356262207,58,71.0730552673
reddit,b64_fast,2,thread_amx_setup,0.0500679016113,58,71.0730552673
reddit,b64_accurate,1,output_zero,0,58,66.4808750153
reddit,b64_accurate,1,row_schedule,0.0243186950684,58,66.4808750153
reddit,b64_accurate,1,partial_zero,0.169515609741,58,66.4808750153
reddit,b64_accurate,1,csr_prefetch,14.7683620453,58,66.4808750153
reddit,b64_accurate,1,feature_gather_decode,17.4150466919,58,66.4808750153
reddit,b64_accurate,1,fp32_neighbor_reduction,14.0578746796,58,66.4808750153
reddit,b64_accurate,1,partial_bf16_conversion,0.211477279663,58,66.4808750153
reddit,b64_accurate,1,tile_load,1.23381614685,58,66.4808750153
reddit,b64_accurate,1,tile_compute,1.76787376404,58,66.4808750153
reddit,b64_accurate,1,tile_store,0.0617504119873,58,66.4808750153
reddit,b64_accurate,1,output_scatter,0.0746250152588,58,66.4808750153
reddit,b64_accurate,1,thread_amx_setup,0.0417232513428,58,66.4808750153
reddit,b64_accurate,2,output_zero,0.000953674316406,58,68.1040287018
reddit,b64_accurate,2,row_schedule,0.0271797180176,58,68.1040287018
reddit,b64_accurate,2,partial_zero,0.191211700439,58,68.1040287018
reddit,b64_accurate,2,csr_prefetch,14.8525238037,58,68.1040287018
reddit,b64_accurate,2,feature_gather_decode,17.6472663879,58,68.1040287018
reddit,b64_accurate,2,fp32_neighbor_reduction,14.2300128937,58,68.1040287018
reddit,b64_accurate,2,partial_bf16_conversion,0.210046768188,58,68.1040287018
reddit,b64_accurate,2,tile_load,1.30176544189,58,68.1040287018
reddit,b64_accurate,2,tile_compute,1.6725063324,58,68.1040287018
reddit,b64_accurate,2,tile_store,0.0712871551514,58,68.1040287018
reddit,b64_accurate,2,output_scatter,0.0157356262207,58,68.1040287018
reddit,b64_accurate,2,thread_amx_setup,0.0665187835693,58,68.1040287018
reddit,bfull_fast,1,output_zero,0,58,65.5210018158
reddit,bfull_fast,1,row_schedule,0.0288486480713,58,65.5210018158
reddit,bfull_fast,1,partial_zero,0.0259876251221,58,65.5210018158
reddit,bfull_fast,1,csr_prefetch,13.9598846436,58,65.5210018158
reddit,bfull_fast,1,feature_gather_decode,16.1831378937,58,65.5210018158
reddit,bfull_fast,1,fp32_neighbor_reduction,13.0910873413,58,65.5210018158
reddit,bfull_fast,1,partial_bf16_conversion,0.042200088501,58,65.5210018158
reddit,bfull_fast,1,tile_load,0.154256820679,58,65.5210018158
reddit,bfull_fast,1,tile_compute,0.322580337524,58,65.5210018158
reddit,bfull_fast,1,tile_store,0.0150203704834,58,65.5210018158
reddit,bfull_fast,1,output_scatter,0.0803470611572,58,65.5210018158
reddit,bfull_fast,1,thread_amx_setup,0.0350475311279,58,65.5210018158
reddit,bfull_fast,2,output_zero,0,58,68.9351558685
reddit,bfull_fast,2,row_schedule,0.0410079956055,58,68.9351558685
reddit,bfull_fast,2,partial_zero,0.0367164611816,58,68.9351558685
reddit,bfull_fast,2,csr_prefetch,13.8506889343,58,68.9351558685
reddit,bfull_fast,2,feature_gather_decode,16.215801239,58,68.9351558685
reddit,bfull_fast,2,fp32_neighbor_reduction,13.1351947784,58,68.9351558685
reddit,bfull_fast,2,partial_bf16_conversion,0.030517578125,58,68.9351558685
reddit,bfull_fast,2,tile_load,0.167846679688,58,68.9351558685
reddit,bfull_fast,2,tile_compute,0.307559967041,58,68.9351558685
reddit,bfull_fast,2,tile_store,0.0202655792236,58,68.9351558685
reddit,bfull_fast,2,output_scatter,0.016450881958,58,68.9351558685
reddit,bfull_fast,2,thread_amx_setup,0.046968460083,58,68.9351558685
reddit,bfull_accurate,1,output_zero,0,58,69.3109035492
reddit,bfull_accurate,1,row_schedule,0.0255107879639,58,69.3109035492
reddit,bfull_accurate,1,partial_zero,0.0383853912354,58,69.3109035492
reddit,bfull_accurate,1,csr_prefetch,13.988494873,58,69.3109035492
reddit,bfull_accurate,1,feature_gather_decode,16.1292552948,58,69.3109035492
reddit,bfull_accurate,1,fp32_neighbor_reduction,13.1099224091,58,69.3109035492
reddit,bfull_accurate,1,partial_bf16_conversion,0.0226497650146,58,69.3109035492
reddit,bfull_accurate,1,tile_load,0.265598297119,58,69.3109035492
reddit,bfull_accurate,1,tile_compute,0.4723072052,58,69.3109035492
reddit,bfull_accurate,1,tile_store,0.0100135803223,58,69.3109035492
reddit,bfull_accurate,1,output_scatter,0.0863075256348,58,69.3109035492
reddit,bfull_accurate,1,thread_amx_setup,0.0510215759277,58,69.3109035492
reddit,bfull_accurate,2,output_zero,0,58,68.9270496368
reddit,bfull_accurate,2,row_schedule,0.0221729278564,58,68.9270496368
reddit,bfull_accurate,2,partial_zero,0.0452995300293,58,68.9270496368
reddit,bfull_accurate,2,csr_prefetch,13.9970779419,58,68.9270496368
reddit,bfull_accurate,2,feature_gather_decode,16.2045955658,58,68.9270496368
reddit,bfull_accurate,2,fp32_neighbor_reduction,13.090133667,58,68.9270496368
reddit,bfull_accurate,2,partial_bf16_conversion,0.0336170196533,58,68.9270496368
reddit,bfull_accurate,2,tile_load,0.292062759399,58,68.9270496368
reddit,bfull_accurate,2,tile_compute,0.462293624878,58,68.9270496368
reddit,bfull_accurate,2,tile_store,0.0133514404297,58,68.9270496368
reddit,bfull_accurate,2,output_scatter,0.0150203704834,58,68.9270496368
reddit,bfull_accurate,2,thread_amx_setup,0.035285949707,58,68.9270496368
mycielskian19,b2_fast,1,output_zero,0.0250339508057,97,2077.48007774
mycielskian19,b2_fast,1,row_schedule,0.0457763671875,97,2077.48007774
mycielskian19,b2_fast,1,partial_zero,30.4090976715,97,2077.48007774
mycielskian19,b2_fast,1,csr_prefetch,179.862976074,97,2077.48007774
mycielskian19,b2_fast,1,feature_gather_decode,223.685503006,97,2077.48007774
mycielskian19,b2_fast,1,fp32_neighbor_reduction,263.019561768,97,2077.48007774
mycielskian19,b2_fast,1,partial_bf16_conversion,27.3287296295,97,2077.48007774
mycielskian19,b2_fast,1,tile_load,132.307767868,97,2077.48007774
mycielskian19,b2_fast,1,tile_compute,166.014909744,97,2077.48007774
mycielskian19,b2_fast,1,tile_store,19.9680328369,97,2077.48007774
mycielskian19,b2_fast,1,output_scatter,0.118255615234,97,2077.48007774
mycielskian19,b2_fast,1,thread_amx_setup,0.0295639038086,97,2077.48007774
mycielskian19,b2_fast,2,output_zero,0,97,2149.58310127
mycielskian19,b2_fast,2,row_schedule,0.0605583190918,97,2149.58310127
mycielskian19,b2_fast,2,partial_zero,30.0076007843,97,2149.58310127
mycielskian19,b2_fast,2,csr_prefetch,179.031610489,97,2149.58310127
mycielskian19,b2_fast,2,feature_gather_decode,224.007844925,97,2149.58310127
mycielskian19,b2_fast,2,fp32_neighbor_reduction,261.913537979,97,2149.58310127
mycielskian19,b2_fast,2,partial_bf16_conversion,27.8630256653,97,2149.58310127
mycielskian19,b2_fast,2,tile_load,133.754253387,97,2149.58310127
mycielskian19,b2_fast,2,tile_compute,167.086839676,97,2149.58310127
mycielskian19,b2_fast,2,tile_store,20.0333595276,97,2149.58310127
mycielskian19,b2_fast,2,output_scatter,0.02121925354,97,2149.58310127
mycielskian19,b2_fast,2,thread_amx_setup,0.0388622283936,97,2149.58310127
mycielskian19,b2_accurate,1,output_zero,0.000953674316406,97,2713.89102936
mycielskian19,b2_accurate,1,row_schedule,0.0455379486084,97,2713.89102936
mycielskian19,b2_accurate,1,partial_zero,31.699180603,97,2713.89102936
mycielskian19,b2_accurate,1,csr_prefetch,180.070161819,97,2713.89102936
mycielskian19,b2_accurate,1,feature_gather_decode,224.442481995,97,2713.89102936
mycielskian19,b2_accurate,1,fp32_neighbor_reduction,262.34126091,97,2713.89102936
mycielskian19,b2_accurate,1,partial_bf16_conversion,49.3047237396,97,2713.89102936
mycielskian19,b2_accurate,1,tile_load,238.528490067,97,2713.89102936
mycielskian19,b2_accurate,1,tile_compute,253.248691559,97,2713.89102936
mycielskian19,b2_accurate,1,tile_store,16.7632102966,97,2713.89102936
mycielskian19,b2_accurate,1,output_scatter,0.122308731079,97,2713.89102936
mycielskian19,b2_accurate,1,thread_amx_setup,0.0231266021729,97,2713.89102936
mycielskian19,b2_accurate,2,output_zero,0,97,2617.53201485
mycielskian19,b2_accurate,2,row_schedule,0.0491142272949,97,2617.53201485
mycielskian19,b2_accurate,2,partial_zero,31.0456752777,97,2617.53201485
mycielskian19,b2_accurate,2,csr_prefetch,180.055141449,97,2617.53201485
mycielskian19,b2_accurate,2,feature_gather_decode,223.736763,97,2617.53201485
mycielskian19,b2_accurate,2,fp32_neighbor_reduction,262.95042038,97,2617.53201485
mycielskian19,b2_accurate,2,partial_bf16_conversion,49.7574806213,97,2617.53201485
mycielskian19,b2_accurate,2,tile_load,239.048957825,97,2617.53201485
mycielskian19,b2_accurate,2,tile_compute,255.199193954,97,2617.53201485
mycielskian19,b2_accurate,2,tile_store,16.6103839874,97,2617.53201485
mycielskian19,b2_accurate,2,output_scatter,0.0333786010742,97,2617.53201485
mycielskian19,b2_accurate,2,thread_amx_setup,0.0357627868652,97,2617.53201485
mycielskian19,b4_fast,1,output_zero,0,97,1570.73903084
mycielskian19,b4_fast,1,row_schedule,0.0467300415039,97,1570.73903084
mycielskian19,b4_fast,1,partial_zero,15.9163475037,97,1570.73903084
mycielskian19,b4_fast,1,csr_prefetch,176.661968231,97,1570.73903084
mycielskian19,b4_fast,1,feature_gather_decode,212.308168411,97,1570.73903084
mycielskian19,b4_fast,1,fp32_neighbor_reduction,216.679334641,97,1570.73903084
mycielskian19,b4_fast,1,partial_bf16_conversion,13.8092041016,97,1570.73903084
mycielskian19,b4_fast,1,tile_load,73.2486248016,97,1570.73903084
mycielskian19,b4_fast,1,tile_compute,93.2295322418,97,1570.73903084
mycielskian19,b4_fast,1,tile_store,10.1892948151,97,1570.73903084
mycielskian19,b4_fast,1,output_scatter,0.121116638184,97,1570.73903084
mycielskian19,b4_fast,1,thread_amx_setup,0.0269412994385,97,1570.73903084
mycielskian19,b4_fast,2,output_zero,0,97,1408.88094902
mycielskian19,b4_fast,2,row_schedule,0.0629425048828,97,1408.88094902
mycielskian19,b4_fast,2,partial_zero,15.9711837769,97,1408.88094902
mycielskian19,b4_fast,2,csr_prefetch,175.093650818,97,1408.88094902
mycielskian19,b4_fast,2,feature_gather_decode,210.875511169,97,1408.88094902
mycielskian19,b4_fast,2,fp32_neighbor_reduction,214.998483658,97,1408.88094902
mycielskian19,b4_fast,2,partial_bf16_conversion,14.0466690063,97,1408.88094902
mycielskian19,b4_fast,2,tile_load,74.521780014,97,1408.88094902
mycielskian19,b4_fast,2,tile_compute,91.171503067,97,1408.88094902
mycielskian19,b4_fast,2,tile_store,10.0712776184,97,1408.88094902
mycielskian19,b4_fast,2,output_scatter,0.0226497650146,97,1408.88094902
mycielskian19,b4_fast,2,thread_amx_setup,0.0343322753906,97,1408.88094902
mycielskian19,b4_accurate,1,output_zero,0,97,1768.04018021
mycielskian19,b4_accurate,1,row_schedule,0.0474452972412,97,1768.04018021
mycielskian19,b4_accurate,1,partial_zero,16.1912441254,97,1768.04018021
mycielskian19,b4_accurate,1,csr_prefetch,175.549030304,97,1768.04018021
mycielskian19,b4_accurate,1,feature_gather_decode,211.465358734,97,1768.04018021
mycielskian19,b4_accurate,1,fp32_neighbor_reduction,215.210437775,97,1768.04018021
mycielskian19,b4_accurate,1,partial_bf16_conversion,24.9214172363,97,1768.04018021
mycielskian19,b4_accurate,1,tile_load,125.713825226,97,1768.04018021
mycielskian19,b4_accurate,1,tile_compute,135.956048965,97,1768.04018021
mycielskian19,b4_accurate,1,tile_store,8.53824615479,97,1768.04018021
mycielskian19,b4_accurate,1,output_scatter,0.138998031616,97,1768.04018021
mycielskian19,b4_accurate,1,thread_amx_setup,0.0317096710205,97,1768.04018021
mycielskian19,b4_accurate,2,output_zero,0,97,1793.67208481
mycielskian19,b4_accurate,2,row_schedule,0.0553131103516,97,1793.67208481
mycielskian19,b4_accurate,2,partial_zero,15.6059265137,97,1793.67208481
mycielskian19,b4_accurate,2,csr_prefetch,175.135850906,97,1793.67208481
mycielskian19,b4_accurate,2,feature_gather_decode,210.386514664,97,1793.67208481
mycielskian19,b4_accurate,2,fp32_neighbor_reduction,214.177370071,97,1793.67208481
mycielskian19,b4_accurate,2,partial_bf16_conversion,24.6963500977,97,1793.67208481
mycielskian19,b4_accurate,2,tile_load,125.43463707,97,1793.67208481
mycielskian19,b4_accurate,2,tile_compute,133.682250977,97,1793.67208481
mycielskian19,b4_accurate,2,tile_store,8.25500488281,97,1793.67208481
mycielskian19,b4_accurate,2,output_scatter,0.0338554382324,97,1793.67208481
mycielskian19,b4_accurate,2,thread_amx_setup,0.0350475311279,97,1793.67208481
mycielskian19,b8_fast,1,output_zero,0,97,1250.97703934
mycielskian19,b8_fast,1,row_schedule,0.0574588775635,97,1250.97703934
mycielskian19,b8_fast,1,partial_zero,8.0029964447,97,1250.97703934
mycielskian19,b8_fast,1,csr_prefetch,175.899982452,97,1250.97703934
mycielskian19,b8_fast,1,feature_gather_decode,208.85682106,97,1250.97703934
mycielskian19,b8_fast,1,fp32_neighbor_reduction,191.726207733,97,1250.97703934
mycielskian19,b8_fast,1,partial_bf16_conversion,7.06338882446,97,1250.97703934
mycielskian19,b8_fast,1,tile_load,41.6526794434,97,1250.97703934
mycielskian19,b8_fast,1,tile_compute,48.5994815826,97,1250.97703934
mycielskian19,b8_fast,1,tile_store,5.12027740479,97,1250.97703934
mycielskian19,b8_fast,1,output_scatter,0.118494033813,97,1250.97703934
mycielskian19,b8_fast,1,thread_amx_setup,0.0371932983398,97,1250.97703934
mycielskian19,b8_fast,2,output_zero,0,97,1231.48703575
mycielskian19,b8_fast,2,row_schedule,0.0534057617188,97,1231.48703575
mycielskian19,b8_fast,2,partial_zero,8.11696052551,97,1231.48703575
mycielskian19,b8_fast,2,csr_prefetch,175.548315048,97,1231.48703575
mycielskian19,b8_fast,2,feature_gather_decode,208.77790451,97,1231.48703575
mycielskian19,b8_fast,2,fp32_neighbor_reduction,191.459417343,97,1231.48703575
mycielskian19,b8_fast,2,partial_bf16_conversion,7.03930854797,97,1231.48703575
mycielskian19,b8_fast,2,tile_load,41.6090488434,97,1231.48703575
mycielskian19,b8_fast,2,tile_compute,48.3365058899,97,1231.48703575
mycielskian19,b8_fast,2,tile_store,5.21659851074,97,1231.48703575
mycielskian19,b8_fast,2,output_scatter,0.0240802764893,97,1231.48703575
mycielskian19,b8_fast,2,thread_amx_setup,0.032901763916,97,1231.48703575
mycielskian19,b8_accurate,1,output_zero,0,97,1398.57292175
mycielskian19,b8_accurate,1,row_schedule,0.0369548797607,97,1398.57292175
mycielskian19,b8_accurate,1,partial_zero,8.0828666687,97,1398.57292175
mycielskian19,b8_accurate,1,csr_prefetch,175.992012024,97,1398.57292175
mycielskian19,b8_accurate,1,feature_gather_decode,207.955598831,97,1398.57292175
mycielskian19,b8_accurate,1,fp32_neighbor_reduction,190.591335297,97,1398.57292175
mycielskian19,b8_accurate,1,partial_bf16_conversion,12.4185085297,97,1398.57292175
mycielskian19,b8_accurate,1,tile_load,67.106962204,97,1398.57292175
mycielskian19,b8_accurate,1,tile_compute,69.4200992584,97,1398.57292175
mycielskian19,b8_accurate,1,tile_store,4.18758392334,97,1398.57292175
mycielskian19,b8_accurate,1,output_scatter,0.117301940918,97,1398.57292175
mycielskian19,b8_accurate,1,thread_amx_setup,0.0250339508057,97,1398.57292175
mycielskian19,b8_accurate,2,output_zero,0,97,1336.54403687
mycielskian19,b8_accurate,2,row_schedule,0.0674724578857,97,1336.54403687
mycielskian19,b8_accurate,2,partial_zero,7.81774520874,97,1336.54403687
mycielskian19,b8_accurate,2,csr_prefetch,175.665140152,97,1336.54403687
mycielskian19,b8_accurate,2,feature_gather_decode,208.068609238,97,1336.54403687
mycielskian19,b8_accurate,2,fp32_neighbor_reduction,191.140174866,97,1336.54403687
mycielskian19,b8_accurate,2,partial_bf16_conversion,12.736082077,97,1336.54403687
mycielskian19,b8_accurate,2,tile_load,67.3403739929,97,1336.54403687
mycielskian19,b8_accurate,2,tile_compute,69.7004795074,97,1336.54403687
mycielskian19,b8_accurate,2,tile_store,4.15325164795,97,1336.54403687
mycielskian19,b8_accurate,2,output_scatter,0.0326633453369,97,1336.54403687
mycielskian19,b8_accurate,2,thread_amx_setup,0.0391006469727,97,1336.54403687
mycielskian19,b16_fast,1,output_zero,0,97,1146.51107788
mycielskian19,b16_fast,1,row_schedule,0.0457763671875,97,1146.51107788
mycielskian19,b16_fast,1,partial_zero,4.18376922607,97,1146.51107788
mycielskian19,b16_fast,1,csr_prefetch,177.089691162,97,1146.51107788
mycielskian19,b16_fast,1,feature_gather_decode,210.129976273,97,1146.51107788
mycielskian19,b16_fast,1,fp32_neighbor_reduction,180.87053299,97,1146.51107788
mycielskian19,b16_fast,1,partial_bf16_conversion,3.71742248535,97,1146.51107788
mycielskian19,b16_fast,1,tile_load,24.317741394,97,1146.51107788
mycielskian19,b16_fast,1,tile_compute,27.8890132904,97,1146.51107788
mycielskian19,b16_fast,1,tile_store,2.5839805603,97,1146.51107788
mycielskian19,b16_fast,1,output_scatter,0.141143798828,97,1146.51107788
mycielskian19,b16_fast,1,thread_amx_setup,0.0290870666504,97,1146.51107788
mycielskian19,b16_fast,2,output_zero,0,97,1114.19796944
mycielskian19,b16_fast,2,row_schedule,0.0479221343994,97,1114.19796944
mycielskian19,b16_fast,2,partial_zero,4.1606426239,97,1114.19796944
mycielskian19,b16_fast,2,csr_prefetch,174.657821655,97,1114.19796944
mycielskian19,b16_fast,2,feature_gather_decode,207.277536392,97,1114.19796944
mycielskian19,b16_fast,2,fp32_neighbor_reduction,178.649663925,97,1114.19796944
mycielskian19,b16_fast,2,partial_bf16_conversion,3.63302230835,97,1114.19796944
mycielskian19,b16_fast,2,tile_load,24.7073173523,97,1114.19796944
mycielskian19,b16_fast,2,tile_compute,27.3492336273,97,1114.19796944
mycielskian19,b16_fast,2,tile_store,2.5806427002,97,1114.19796944
mycielskian19,b16_fast,2,output_scatter,0.0283718109131,97,1114.19796944
mycielskian19,b16_fast,2,thread_amx_setup,0.0309944152832,97,1114.19796944
mycielskian19,b16_accurate,1,output_zero,0,97,1189.07809258
mycielskian19,b16_accurate,1,row_schedule,0.0505447387695,97,1189.07809258
mycielskian19,b16_accurate,1,partial_zero,4.12321090698,97,1189.07809258
mycielskian19,b16_accurate,1,csr_prefetch,176.014900208,97,1189.07809258
mycielskian19,b16_accurate,1,feature_gather_decode,208.08672905,97,1189.07809258
mycielskian19,b16_accurate,1,fp32_neighbor_reduction,179.453611374,97,1189.07809258
mycielskian19,b16_accurate,1,partial_bf16_conversion,6.40439987183,97,1189.07809258
mycielskian19,b16_accurate,1,tile_load,37.0876789093,97,1189.07809258
mycielskian19,b16_accurate,1,tile_compute,37.6965999603,97,1189.07809258
mycielskian19,b16_accurate,1,tile_store,2.07757949829,97,1189.07809258
mycielskian19,b16_accurate,1,output_scatter,0.128030776978,97,1189.07809258
mycielskian19,b16_accurate,1,thread_amx_setup,0.0278949737549,97,1189.07809258
mycielskian19,b16_accurate,2,output_zero,0,97,1134.95087624
mycielskian19,b16_accurate,2,row_schedule,0.0603199005127,97,1134.95087624
mycielskian19,b16_accurate,2,partial_zero,4.05883789062,97,1134.95087624
mycielskian19,b16_accurate,2,csr_prefetch,175.964832306,97,1134.95087624
mycielskian19,b16_accurate,2,feature_gather_decode,207.659006119,97,1134.95087624
mycielskian19,b16_accurate,2,fp32_neighbor_reduction,179.362297058,97,1134.95087624
mycielskian19,b16_accurate,2,partial_bf16_conversion,6.35004043579,97,1134.95087624
mycielskian19,b16_accurate,2,tile_load,37.371635437,97,1134.95087624
mycielskian19,b16_accurate,2,tile_compute,37.5375747681,97,1134.95087624
mycielskian19,b16_accurate,2,tile_store,2.14099884033,97,1134.95087624
mycielskian19,b16_accurate,2,output_scatter,0.0295639038086,97,1134.95087624
mycielskian19,b16_accurate,2,thread_amx_setup,0.0269412994385,97,1134.95087624
mycielskian19,b32_fast,1,output_zero,0,97,1097.90897369
mycielskian19,b32_fast,1,row_schedule,0.0424385070801,97,1097.90897369
mycielskian19,b32_fast,1,partial_zero,2.02798843384,97,1097.90897369
mycielskian19,b32_fast,1,csr_prefetch,175.183773041,97,1097.90897369
mycielskian19,b32_fast,1,feature_gather_decode,210.780620575,97,1097.90897369
mycielskian19,b32_fast,1,fp32_neighbor_reduction,172.444343567,97,1097.90897369
mycielskian19,b32_fast,1,partial_bf16_conversion,2.00247764587,97,1097.90897369
mycielskian19,b32_fast,1,tile_load,14.0659809113,97,1097.90897369
mycielskian19,b32_fast,1,tile_compute,14.9757862091,97,1097.90897369
mycielskian19,b32_fast,1,tile_store,1.28555297852,97,1097.90897369
mycielskian19,b32_fast,1,output_scatter,0.159025192261,97,1097.90897369
mycielskian19,b32_fast,1,thread_amx_setup,0.0300407409668,97,1097.90897369
mycielskian19,b32_fast,2,output_zero,0,97,1084.95402336
mycielskian19,b32_fast,2,row_schedule,0.0603199005127,97,1084.95402336
mycielskian19,b32_fast,2,partial_zero,2.10094451904,97,1084.95402336
mycielskian19,b32_fast,2,csr_prefetch,173.754453659,97,1084.95402336
mycielskian19,b32_fast,2,feature_gather_decode,208.234548569,97,1084.95402336
mycielskian19,b32_fast,2,fp32_neighbor_reduction,170.954465866,97,1084.95402336
mycielskian19,b32_fast,2,partial_bf16_conversion,2.10285186768,97,1084.95402336
mycielskian19,b32_fast,2,tile_load,14.8327350616,97,1084.95402336
mycielskian19,b32_fast,2,tile_compute,15.1932239532,97,1084.95402336
mycielskian19,b32_fast,2,tile_store,1.31869316101,97,1084.95402336
mycielskian19,b32_fast,2,output_scatter,0.0331401824951,97,1084.95402336
mycielskian19,b32_fast,2,thread_amx_setup,0.0410079956055,97,1084.95402336
mycielskian19,b32_accurate,1,output_zero,0,97,1102.98109055
mycielskian19,b32_accurate,1,row_schedule,0.0524520874023,97,1102.98109055
mycielskian19,b32_accurate,1,partial_zero,2.07567214966,97,1102.98109055
mycielskian19,b32_accurate,1,csr_prefetch,175.19569397,97,1102.98109055
mycielskian19,b32_accurate,1,feature_gather_decode,208.495378494,97,1102.98109055
mycielskian19,b32_accurate,1,fp32_neighbor_reduction,172.529697418,97,1102.98109055
mycielskian19,b32_accurate,1,partial_bf16_conversion,3.13782691956,97,1102.98109055
mycielskian19,b32_accurate,1,tile_load,20.770072937,97,1102.98109055
mycielskian19,b32_accurate,1,tile_compute,21.3265419006,97,1102.98109055
mycielskian19,b32_accurate,1,tile_store,1.10769271851,97,1102.98109055
mycielskian19,b32_accurate,1,output_scatter,0.131845474243,97,1102.98109055
mycielskian19,b32_accurate,1,thread_amx_setup,0.0317096710205,97,1102.98109055
mycielskian19,b32_accurate,2,output_zero,0,97,1086.53688431
mycielskian19,b32_accurate,2,row_schedule,0.0479221343994,97,1086.53688431
mycielskian19,b32_accurate,2,partial_zero,2.10642814636,97,1086.53688431
mycielskian19,b32_accurate,2,csr_prefetch,175.317525864,97,1086.53688431
mycielskian19,b32_accurate,2,feature_gather_decode,208.119392395,97,1086.53688431
mycielskian19,b32_accurate,2,fp32_neighbor_reduction,172.130346298,97,1086.53688431
mycielskian19,b32_accurate,2,partial_bf16_conversion,3.20529937744,97,1086.53688431
mycielskian19,b32_accurate,2,tile_load,20.8730697632,97,1086.53688431
mycielskian19,b32_accurate,2,tile_compute,21.1732387543,97,1086.53688431
mycielskian19,b32_accurate,2,tile_store,1.1248588562,97,1086.53688431
mycielskian19,b32_accurate,2,output_scatter,0.0276565551758,97,1086.53688431
mycielskian19,b32_accurate,2,thread_amx_setup,0.0326633453369,97,1086.53688431
mycielskian19,b64_fast,1,output_zero,0,97,1047.40595818
mycielskian19,b64_fast,1,row_schedule,0.0481605529785,97,1047.40595818
mycielskian19,b64_fast,1,partial_zero,1.11126899719,97,1047.40595818
mycielskian19,b64_fast,1,csr_prefetch,173.601150513,97,1047.40595818
mycielskian19,b64_fast,1,feature_gather_decode,209.774255753,97,1047.40595818
mycielskian19,b64_fast,1,fp32_neighbor_reduction,167.481899261,97,1047.40595818
mycielskian19,b64_fast,1,partial_bf16_conversion,1.14130973816,97,1047.40595818
mycielskian19,b64_fast,1,tile_load,8.58020782471,97,1047.40595818
mycielskian19,b64_fast,1,tile_compute,9.45639610291,97,1047.40595818
mycielskian19,b64_fast,1,tile_store,0.698089599609,97,1047.40595818
mycielskian19,b64_fast,1,output_scatter,0.163793563843,97,1047.40595818
mycielskian19,b64_fast,1,thread_amx_setup,0.0288486480713,97,1047.40595818
mycielskian19,b64_fast,2,output_zero,0,97,1033.18810463
mycielskian19,b64_fast,2,row_schedule,0.0557899475098,97,1033.18810463
mycielskian19,b64_fast,2,partial_zero,1.21092796326,97,1033.18810463
mycielskian19,b64_fast,2,csr_prefetch,172.966957092,97,1033.18810463
mycielskian19,b64_fast,2,feature_gather_decode,208.591461182,97,1033.18810463
mycielskian19,b64_fast,2,fp32_neighbor_reduction,166.05758667,97,1033.18810463
mycielskian19,b64_fast,2,partial_bf16_conversion,1.09457969666,97,1033.18810463
mycielskian19,b64_fast,2,tile_load,8.81958007812,97,1033.18810463
mycielskian19,b64_fast,2,tile_compute,9.32931900024,97,1033.18810463
mycielskian19,b64_fast,2,tile_store,0.63419342041,97,1033.18810463
mycielskian19,b64_fast,2,output_scatter,0.0333786010742,97,1033.18810463
mycielskian19,b64_fast,2,thread_amx_setup,0.0343322753906,97,1033.18810463
mycielskian19,b64_accurate,1,output_zero,0,97,1065.13500214
mycielskian19,b64_accurate,1,row_schedule,0.0534057617188,97,1065.13500214
mycielskian19,b64_accurate,1,partial_zero,1.17158889771,97,1065.13500214
mycielskian19,b64_accurate,1,csr_prefetch,173.060178757,97,1065.13500214
mycielskian19,b64_accurate,1,feature_gather_decode,208.065748215,97,1065.13500214
mycielskian19,b64_accurate,1,fp32_neighbor_reduction,166.957139969,97,1065.13500214
mycielskian19,b64_accurate,1,partial_bf16_conversion,1.59740447998,97,1065.13500214
mycielskian19,b64_accurate,1,tile_load,11.8658542633,97,1065.13500214
mycielskian19,b64_accurate,1,tile_compute,12.4006271362,97,1065.13500214
mycielskian19,b64_accurate,1,tile_store,0.609874725342,97,1065.13500214
mycielskian19,b64_accurate,1,output_scatter,0.156402587891,97,1065.13500214
mycielskian19,b64_accurate,1,thread_amx_setup,0.0336170196533,97,1065.13500214
mycielskian19,b64_accurate,2,output_zero,0,97,1059.68904495
mycielskian19,b64_accurate,2,row_schedule,0.0605583190918,97,1059.68904495
mycielskian19,b64_accurate,2,partial_zero,1.21307373047,97,1059.68904495
mycielskian19,b64_accurate,2,csr_prefetch,172.753810883,97,1059.68904495
mycielskian19,b64_accurate,2,feature_gather_decode,207.800388336,97,1059.68904495
mycielskian19,b64_accurate,2,fp32_neighbor_reduction,166.877508163,97,1059.68904495
mycielskian19,b64_accurate,2,partial_bf16_conversion,1.6918182373,97,1059.68904495
mycielskian19,b64_accurate,2,tile_load,12.0840072632,97,1059.68904495
mycielskian19,b64_accurate,2,tile_compute,11.9936466217,97,1059.68904495
mycielskian19,b64_accurate,2,tile_store,0.604867935181,97,1059.68904495
mycielskian19,b64_accurate,2,output_scatter,0.0298023223877,97,1059.68904495
mycielskian19,b64_accurate,2,thread_amx_setup,0.0364780426025,97,1059.68904495
mycielskian19,bfull_fast,1,output_zero,0,97,1658.46610069
mycielskian19,bfull_fast,1,row_schedule,0.0839233398438,97,1658.46610069
mycielskian19,bfull_fast,1,partial_zero,0.0874996185303,97,1658.46610069
mycielskian19,bfull_fast,1,csr_prefetch,164.27063942,97,1658.46610069
mycielskian19,bfull_fast,1,feature_gather_decode,238.652467728,97,1658.46610069
mycielskian19,bfull_fast,1,fp32_neighbor_reduction,155.097723007,97,1658.46610069
mycielskian19,bfull_fast,1,partial_bf16_conversion,0.124216079712,97,1658.46610069
mycielskian19,bfull_fast,1,tile_load,0.524044036865,97,1658.46610069
mycielskian19,bfull_fast,1,tile_compute,0.787019729614,97,1658.46610069
mycielskian19,bfull_fast,1,tile_store,0.0174045562744,97,1658.46610069
mycielskian19,bfull_fast,1,output_scatter,0.213384628296,97,1658.46610069
mycielskian19,bfull_fast,1,thread_amx_setup,0.030517578125,97,1658.46610069
mycielskian19,bfull_fast,2,output_zero,0,97,1709.99717712
mycielskian19,bfull_fast,2,row_schedule,0.0791549682617,97,1709.99717712
mycielskian19,bfull_fast,2,partial_zero,0.100612640381,97,1709.99717712
mycielskian19,bfull_fast,2,csr_prefetch,163.834571838,97,1709.99717712
mycielskian19,bfull_fast,2,feature_gather_decode,237.483501434,97,1709.99717712
mycielskian19,bfull_fast,2,fp32_neighbor_reduction,155.305147171,97,1709.99717712
mycielskian19,bfull_fast,2,partial_bf16_conversion,0.138282775879,97,1709.99717712
mycielskian19,bfull_fast,2,tile_load,0.534057617188,97,1709.99717712
mycielskian19,bfull_fast,2,tile_compute,0.785827636719,97,1709.99717712
mycielskian19,bfull_fast,2,tile_store,0.0314712524414,97,1709.99717712
mycielskian19,bfull_fast,2,output_scatter,0.0696182250977,97,1709.99717712
mycielskian19,bfull_fast,2,thread_amx_setup,0.0333786010742,97,1709.99717712
mycielskian19,bfull_accurate,1,output_zero,0.00119209289551,97,1660.93111038
mycielskian19,bfull_accurate,1,row_schedule,0.0691413879395,97,1660.93111038
mycielskian19,bfull_accurate,1,partial_zero,0.0832080841064,97,1660.93111038
mycielskian19,bfull_accurate,1,csr_prefetch,163.770437241,97,1660.93111038
mycielskian19,bfull_accurate,1,feature_gather_decode,248.215198517,97,1660.93111038
mycielskian19,bfull_accurate,1,fp32_neighbor_reduction,155.460357666,97,1660.93111038
mycielskian19,bfull_accurate,1,partial_bf16_conversion,0.0970363616943,97,1660.93111038
mycielskian19,bfull_accurate,1,tile_load,0.806093215942,97,1660.93111038
mycielskian19,bfull_accurate,1,tile_compute,1.02233886719,97,1660.93111038
mycielskian19,bfull_accurate,1,tile_store,0.0300407409668,97,1660.93111038
mycielskian19,bfull_accurate,1,output_scatter,0.246524810791,97,1660.93111038
mycielskian19,bfull_accurate,1,thread_amx_setup,0.0267028808594,97,1660.93111038
mycielskian19,bfull_accurate,2,output_zero,0,97,1724.67398643
mycielskian19,bfull_accurate,2,row_schedule,0.115633010864,97,1724.67398643
mycielskian19,bfull_accurate,2,partial_zero,0.114440917969,97,1724.67398643
mycielskian19,bfull_accurate,2,csr_prefetch,164.092540741,97,1724.67398643
mycielskian19,bfull_accurate,2,feature_gather_decode,242.873668671,97,1724.67398643
mycielskian19,bfull_accurate,2,fp32_neighbor_reduction,155.265808105,97,1724.67398643
mycielskian19,bfull_accurate,2,partial_bf16_conversion,0.0901222229004,97,1724.67398643
mycielskian19,bfull_accurate,2,tile_load,0.762462615967,97,1724.67398643
mycielskian19,bfull_accurate,2,tile_compute,0.943899154663,97,1724.67398643
mycielskian19,bfull_accurate,2,tile_store,0.0209808349609,97,1724.67398643
mycielskian19,bfull_accurate,2,output_scatter,0.0848770141602,97,1724.67398643
mycielskian19,bfull_accurate,2,thread_amx_setup,0.11420249939,97,1724.67398643
hollywood-2009,b2_fast,1,output_zero,0.0238418579102,280,185.314178467
hollywood-2009,b2_fast,1,row_schedule,0.10347366333,280,185.314178467
hollywood-2009,b2_fast,1,partial_zero,3.34239006042,280,185.314178467
hollywood-2009,b2_fast,1,csr_prefetch,16.4287090302,280,185.314178467
hollywood-2009,b2_fast,1,feature_gather_decode,24.5065689087,280,185.314178467
hollywood-2009,b2_fast,1,fp32_neighbor_reduction,21.2757587433,280,185.314178467
hollywood-2009,b2_fast,1,partial_bf16_conversion,2.97379493713,280,185.314178467
hollywood-2009,b2_fast,1,tile_load,14.1479969025,280,185.314178467
hollywood-2009,b2_fast,1,tile_compute,24.806022644,280,185.314178467
hollywood-2009,b2_fast,1,tile_store,2.20203399658,280,185.314178467
hollywood-2009,b2_fast,1,output_scatter,0.305652618408,280,185.314178467
hollywood-2009,b2_fast,1,thread_amx_setup,0.0362396240234,280,185.314178467
hollywood-2009,b2_fast,2,output_zero,0,280,181.891918182
hollywood-2009,b2_fast,2,row_schedule,0.0624656677246,280,181.891918182
hollywood-2009,b2_fast,2,partial_zero,3.30185890198,280,181.891918182
hollywood-2009,b2_fast,2,csr_prefetch,16.3931846619,280,181.891918182
hollywood-2009,b2_fast,2,feature_gather_decode,24.4834423065,280,181.891918182
hollywood-2009,b2_fast,2,fp32_neighbor_reduction,21.6021537781,280,181.891918182
hollywood-2009,b2_fast,2,partial_bf16_conversion,2.94518470764,280,181.891918182
hollywood-2009,b2_fast,2,tile_load,14.3055915833,280,181.891918182
hollywood-2009,b2_fast,2,tile_compute,25.8686542511,280,181.891918182
hollywood-2009,b2_fast,2,tile_store,2.1915435791,280,181.891918182
hollywood-2009,b2_fast,2,output_scatter,0.0383853912354,280,181.891918182
hollywood-2009,b2_fast,2,thread_amx_setup,0.0388622283936,280,181.891918182
hollywood-2009,b2_accurate,1,output_zero,0.000953674316406,280,231.559991837
hollywood-2009,b2_accurate,1,row_schedule,0.0855922698975,280,231.559991837
hollywood-2009,b2_accurate,1,partial_zero,3.37600708008,280,231.559991837
hollywood-2009,b2_accurate,1,csr_prefetch,16.0534381866,280,231.559991837
hollywood-2009,b2_accurate,1,feature_gather_decode,23.7655639648,280,231.559991837
hollywood-2009,b2_accurate,1,fp32_neighbor_reduction,20.8213329315,280,231.559991837
hollywood-2009,b2_accurate,1,partial_bf16_conversion,5.23114204407,280,231.559991837
hollywood-2009,b2_accurate,1,tile_load,25.2044200897,280,231.559991837
hollywood-2009,b2_accurate,1,tile_compute,33.7116718292,280,231.559991837
hollywood-2009,b2_accurate,1,tile_store,1.797914505,280,231.559991837
hollywood-2009,b2_accurate,1,output_scatter,0.301599502563,280,231.559991837
hollywood-2009,b2_accurate,1,thread_amx_setup,0.0283718109131,280,231.559991837
hollywood-2009,b2_accurate,2,output_zero,0,280,236.663103104
hollywood-2009,b2_accurate,2,row_schedule,0.0929832458496,280,236.663103104
hollywood-2009,b2_accurate,2,partial_zero,3.3872127533,280,236.663103104
hollywood-2009,b2_accurate,2,csr_prefetch,16.3774490356,280,236.663103104
hollywood-2009,b2_accurate,2,feature_gather_decode,23.8692760468,280,236.663103104
hollywood-2009,b2_accurate,2,fp32_neighbor_reduction,21.4273929596,280,236.663103104
hollywood-2009,b2_accurate,2,partial_bf16_conversion,5.24926185608,280,236.663103104
hollywood-2009,b2_accurate,2,tile_load,25.4082679749,280,236.663103104
hollywood-2009,b2_accurate,2,tile_compute,34.6937179565,280,236.663103104
hollywood-2009,b2_accurate,2,tile_store,1.78647041321,280,236.663103104
hollywood-2009,b2_accurate,2,output_scatter,0.0615119934082,280,236.663103104
hollywood-2009,b2_accurate,2,thread_amx_setup,0.0278949737549,280,236.663103104
hollywood-2009,b4_fast,1,output_zero,0,280,141.079902649
hollywood-2009,b4_fast,1,row_schedule,0.0946521759033,280,141.079902649
hollywood-2009,b4_fast,1,partial_zero,1.76668167114,280,141.079902649
hollywood-2009,b4_fast,1,csr_prefetch,14.9519443512,280,141.079902649
hollywood-2009,b4_fast,1,feature_gather_decode,20.8075046539,280,141.079902649
hollywood-2009,b4_fast,1,fp32_neighbor_reduction,17.9262161255,280,141.079902649
hollywood-2009,b4_fast,1,partial_bf16_conversion,1.58786773682,280,141.079902649
hollywood-2009,b4_fast,1,tile_load,7.82299041748,280,141.079902649
hollywood-2009,b4_fast,1,tile_compute,15.1536464691,280,141.079902649
hollywood-2009,b4_fast,1,tile_store,1.1043548584,280,141.079902649
hollywood-2009,b4_fast,1,output_scatter,0.300168991089,280,141.079902649
hollywood-2009,b4_fast,1,thread_amx_setup,0.0238418579102,280,141.079902649
hollywood-2009,b4_fast,2,output_zero,0,280,132.35783577
hollywood-2009,b4_fast,2,row_schedule,0.0865459442139,280,132.35783577
hollywood-2009,b4_fast,2,partial_zero,1.76978111267,280,132.35783577
hollywood-2009,b4_fast,2,csr_prefetch,15.1405334473,280,132.35783577
hollywood-2009,b4_fast,2,feature_gather_decode,20.3516483307,280,132.35783577
hollywood-2009,b4_fast,2,fp32_neighbor_reduction,17.7667140961,280,132.35783577
hollywood-2009,b4_fast,2,partial_bf16_conversion,1.52683258057,280,132.35783577
hollywood-2009,b4_fast,2,tile_load,7.90071487427,280,132.35783577
hollywood-2009,b4_fast,2,tile_compute,14.7895812988,280,132.35783577
hollywood-2009,b4_fast,2,tile_store,1.13153457642,280,132.35783577
hollywood-2009,b4_fast,2,output_scatter,0.0448226928711,280,132.35783577
hollywood-2009,b4_fast,2,thread_amx_setup,0.0360012054443,280,132.35783577
hollywood-2009,b4_accurate,1,output_zero,0,280,157.310009003
hollywood-2009,b4_accurate,1,row_schedule,0.0874996185303,280,157.310009003
hollywood-2009,b4_accurate,1,partial_zero,1.8196105957,280,157.310009003
hollywood-2009,b4_accurate,1,csr_prefetch,14.7840976715,280,157.310009003
hollywood-2009,b4_accurate,1,feature_gather_decode,20.5070972443,280,157.310009003
hollywood-2009,b4_accurate,1,fp32_neighbor_reduction,17.5790786743,280,157.310009003
hollywood-2009,b4_accurate,1,partial_bf16_conversion,2.73299217224,280,157.310009003
hollywood-2009,b4_accurate,1,tile_load,13.7033462524,280,157.310009003
hollywood-2009,b4_accurate,1,tile_compute,19.4034576416,280,157.310009003
hollywood-2009,b4_accurate,1,tile_store,0.92887878418,280,157.310009003
hollywood-2009,b4_accurate,1,output_scatter,0.308513641357,280,157.310009003
hollywood-2009,b4_accurate,1,thread_amx_setup,0.0355243682861,280,157.310009003
hollywood-2009,b4_accurate,2,output_zero,0,280,150.444030762
hollywood-2009,b4_accurate,2,row_schedule,0.0894069671631,280,150.444030762
hollywood-2009,b4_accurate,2,partial_zero,1.77717208862,280,150.444030762
hollywood-2009,b4_accurate,2,csr_prefetch,15.0058269501,280,150.444030762
hollywood-2009,b4_accurate,2,feature_gather_decode,20.4181671143,280,150.444030762
hollywood-2009,b4_accurate,2,fp32_neighbor_reduction,17.7154541016,280,150.444030762
hollywood-2009,b4_accurate,2,partial_bf16_conversion,2.70462036133,280,150.444030762
hollywood-2009,b4_accurate,2,tile_load,13.569355011,280,150.444030762
hollywood-2009,b4_accurate,2,tile_compute,19.3374156952,280,150.444030762
hollywood-2009,b4_accurate,2,tile_store,0.964403152466,280,150.444030762
hollywood-2009,b4_accurate,2,output_scatter,0.058650970459,280,150.444030762
hollywood-2009,b4_accurate,2,thread_amx_setup,0.0360012054443,280,150.444030762
hollywood-2009,b8_fast,1,output_zero,0.00119209289551,280,113.565921783
hollywood-2009,b8_fast,1,row_schedule,0.0929832458496,280,113.565921783
hollywood-2009,b8_fast,1,partial_zero,0.93936920166,280,113.565921783
hollywood-2009,b8_fast,1,csr_prefetch,15.189409256,280,113.565921783
hollywood-2009,b8_fast,1,feature_gather_decode,19.593000412,280,113.565921783
hollywood-2009,b8_fast,1,fp32_neighbor_reduction,15.9540176392,280,113.565921783
hollywood-2009,b8_fast,1,partial_bf16_conversion,0.849008560181,280,113.565921783
hollywood-2009,b8_fast,1,tile_load,4.20379638672,280,113.565921783
hollywood-2009,b8_fast,1,tile_compute,8.33415985107,280,113.565921783
hollywood-2009,b8_fast,1,tile_store,0.601530075073,280,113.565921783
hollywood-2009,b8_fast,1,output_scatter,0.313758850098,280,113.565921783
hollywood-2009,b8_fast,1,thread_amx_setup,0.0331401824951,280,113.565921783
hollywood-2009,b8_fast,2,output_zero,0,280,106.126070023
hollywood-2009,b8_fast,2,row_schedule,0.0758171081543,280,106.126070023
hollywood-2009,b8_fast,2,partial_zero,0.969171524048,280,106.126070023
hollywood-2009,b8_fast,2,csr_prefetch,14.7821903229,280,106.126070023
hollywood-2009,b8_fast,2,feature_gather_decode,19.4520950317,280,106.126070023
hollywood-2009,b8_fast,2,fp32_neighbor_reduction,16.0009860992,280,106.126070023
hollywood-2009,b8_fast,2,partial_bf16_conversion,0.877618789673,280,106.126070023
hollywood-2009,b8_fast,2,tile_load,4.31227684021,280,106.126070023
hollywood-2009,b8_fast,2,tile_compute,9.0115070343,280,106.126070023
hollywood-2009,b8_fast,2,tile_store,0.602245330811,280,106.126070023
hollywood-2009,b8_fast,2,output_scatter,0.0514984130859,280,106.126070023
hollywood-2009,b8_fast,2,thread_amx_setup,0.0300407409668,280,106.126070023
hollywood-2009,b8_accurate,1,output_zero,0,280,124.332904816
hollywood-2009,b8_accurate,1,row_schedule,0.0984668731689,280,124.332904816
hollywood-2009,b8_accurate,1,partial_zero,1.00064277649,280,124.332904816
hollywood-2009,b8_accurate,1,csr_prefetch,14.9712562561,280,124.332904816
hollywood-2009,b8_accurate,1,feature_gather_decode,19.2091464996,280,124.332904816
hollywood-2009,b8_accurate,1,fp32_neighbor_reduction,16.1957740784,280,124.332904816
hollywood-2009,b8_accurate,1,partial_bf16_conversion,1.38878822327,280,124.332904816
hollywood-2009,b8_accurate,1,tile_load,7.36284255981,280,124.332904816
hollywood-2009,b8_accurate,1,tile_compute,11.1148357391,280,124.332904816
hollywood-2009,b8_accurate,1,tile_store,0.467538833618,280,124.332904816
hollywood-2009,b8_accurate,1,output_scatter,0.310897827148,280,124.332904816
hollywood-2009,b8_accurate,1,thread_amx_setup,0.0295639038086,280,124.332904816
hollywood-2009,b8_accurate,2,output_zero,0,280,119.10200119
hollywood-2009,b8_accurate,2,row_schedule,0.107526779175,280,119.10200119
hollywood-2009,b8_accurate,2,partial_zero,0.905513763428,280,119.10200119
hollywood-2009,b8_accurate,2,csr_prefetch,14.9545669556,280,119.10200119
hollywood-2009,b8_accurate,2,feature_gather_decode,19.2863941193,280,119.10200119
hollywood-2009,b8_accurate,2,fp32_neighbor_reduction,15.7132148743,280,119.10200119
hollywood-2009,b8_accurate,2,partial_bf16_conversion,1.49583816528,280,119.10200119
hollywood-2009,b8_accurate,2,tile_load,7.46774673462,280,119.10200119
hollywood-2009,b8_accurate,2,tile_compute,10.3042125702,280,119.10200119
hollywood-2009,b8_accurate,2,tile_store,0.481367111206,280,119.10200119
hollywood-2009,b8_accurate,2,output_scatter,0.075101852417,280,119.10200119
hollywood-2009,b8_accurate,2,thread_amx_setup,0.0362396240234,280,119.10200119
hollywood-2009,b16_fast,1,output_zero,0,280,101.047992706
hollywood-2009,b16_fast,1,row_schedule,0.101089477539,280,101.047992706
hollywood-2009,b16_fast,1,partial_zero,0.584602355957,280,101.047992706
hollywood-2009,b16_fast,1,csr_prefetch,14.4820213318,280,101.047992706
hollywood-2009,b16_fast,1,feature_gather_decode,18.5630321503,280,101.047992706
hollywood-2009,b16_fast,1,fp32_neighbor_reduction,14.1968727112,280,101.047992706
hollywood-2009,b16_fast,1,partial_bf16_conversion,0.428915023804,280,101.047992706
hollywood-2009,b16_fast,1,tile_load,2.34866142273,280,101.047992706
hollywood-2009,b16_fast,1,tile_compute,5.22065162659,280,101.047992706
hollywood-2009,b16_fast,1,tile_store,0.307321548462,280,101.047992706
hollywood-2009,b16_fast,1,output_scatter,0.32639503479,280,101.047992706
hollywood-2009,b16_fast,1,thread_amx_setup,0.0326633453369,280,101.047992706
hollywood-2009,b16_fast,2,output_zero,0,280,103.111982346
hollywood-2009,b16_fast,2,row_schedule,0.0805854797363,280,103.111982346
hollywood-2009,b16_fast,2,partial_zero,0.537395477295,280,103.111982346
hollywood-2009,b16_fast,2,csr_prefetch,14.2846107483,280,103.111982346
hollywood-2009,b16_fast,2,feature_gather_decode,18.4500217438,280,103.111982346
hollywood-2009,b16_fast,2,fp32_neighbor_reduction,14.0616893768,280,103.111982346
hollywood-2009,b16_fast,2,partial_bf16_conversion,0.415086746216,280,103.111982346
hollywood-2009,b16_fast,2,tile_load,2.28595733643,280,103.111982346
hollywood-2009,b16_fast,2,tile_compute,4.88376617432,280,103.111982346
hollywood-2009,b16_fast,2,tile_store,0.308036804199,280,103.111982346
hollywood-2009,b16_fast,2,output_scatter,0.0410079956055,280,103.111982346
hollywood-2009,b16_fast,2,thread_amx_setup,0.0345706939697,280,103.111982346
hollywood-2009,b16_accurate,1,output_zero,0,280,108.69383812
hollywood-2009,b16_accurate,1,row_schedule,0.103235244751,280,108.69383812
hollywood-2009,b16_accurate,1,partial_zero,0.560283660889,280,108.69383812
hollywood-2009,b16_accurate,1,csr_prefetch,14.860868454,280,108.69383812
hollywood-2009,b16_accurate,1,feature_gather_decode,19.0577507019,280,108.69383812
hollywood-2009,b16_accurate,1,fp32_neighbor_reduction,14.7466659546,280,108.69383812
hollywood-2009,b16_accurate,1,partial_bf16_conversion,0.738859176636,280,108.69383812
hollywood-2009,b16_accurate,1,tile_load,4.17137145996,280,108.69383812
hollywood-2009,b16_accurate,1,tile_compute,6.32047653198,280,108.69383812
hollywood-2009,b16_accurate,1,tile_store,0.25200843811,280,108.69383812
hollywood-2009,b16_accurate,1,output_scatter,0.330448150635,280,108.69383812
hollywood-2009,b16_accurate,1,thread_amx_setup,0.0364780426025,280,108.69383812
hollywood-2009,b16_accurate,2,output_zero,0,280,103.01399231
hollywood-2009,b16_accurate,2,row_schedule,0.0863075256348,280,103.01399231
hollywood-2009,b16_accurate,2,partial_zero,0.535488128662,280,103.01399231
hollywood-2009,b16_accurate,2,csr_prefetch,14.820098877,280,103.01399231
hollywood-2009,b16_accurate,2,feature_gather_decode,18.8927650452,280,103.01399231
hollywood-2009,b16_accurate,2,fp32_neighbor_reduction,14.6389007568,280,103.01399231
hollywood-2009,b16_accurate,2,partial_bf16_conversion,0.780582427979,280,103.01399231
hollywood-2009,b16_accurate,2,tile_load,4.06646728516,280,103.01399231
hollywood-2009,b16_accurate,2,tile_compute,6.35313987732,280,103.01399231
hollywood-2009,b16_accurate,2,tile_store,0.279426574707,280,103.01399231
hollywood-2009,b16_accurate,2,output_scatter,0.0529289245605,280,103.01399231
hollywood-2009,b16_accurate,2,thread_amx_setup,0.0326633453369,280,103.01399231
hollywood-2009,b32_fast,1,output_zero,0,280,100.385904312
hollywood-2009,b32_fast,1,row_schedule,0.113487243652,280,100.385904312
hollywood-2009,b32_fast,1,partial_zero,0.315427780151,280,100.385904312
hollywood-2009,b32_fast,1,csr_prefetch,13.4959220886,280,100.385904312
hollywood-2009,b32_fast,1,feature_gather_decode,18.3191299438,280,100.385904312
hollywood-2009,b32_fast,1,fp32_neighbor_reduction,13.1990909576,280,100.385904312
hollywood-2009,b32_fast,1,partial_bf16_conversion,0.248670578003,280,100.385904312
hollywood-2009,b32_fast,1,tile_load,1.46818161011,280,100.385904312
hollywood-2009,b32_fast,1,tile_compute,3.15809249878,280,100.385904312
hollywood-2009,b32_fast,1,tile_store,0.178813934326,280,100.385904312
hollywood-2009,b32_fast,1,output_scatter,0.339508056641,280,100.385904312
hollywood-2009,b32_fast,1,thread_amx_setup,0.0293254852295,280,100.385904312
hollywood-2009,b32_fast,2,output_zero,0,280,100.124120712
hollywood-2009,b32_fast,2,row_schedule,0.0860691070557,280,100.124120712
hollywood-2009,b32_fast,2,partial_zero,0.350952148438,280,100.124120712
hollywood-2009,b32_fast,2,csr_prefetch,13.524055481,280,100.124120712
hollywood-2009,b32_fast,2,feature_gather_decode,18.3792114258,280,100.124120712
hollywood-2009,b32_fast,2,fp32_neighbor_reduction,13.0639076233,280,100.124120712
hollywood-2009,b32_fast,2,partial_bf16_conversion,0.252246856689,280,100.124120712
hollywood-2009,b32_fast,2,tile_load,1.50370597839,280,100.124120712
hollywood-2009,b32_fast,2,tile_compute,2.94613838196,280,100.124120712
hollywood-2009,b32_fast,2,tile_store,0.186204910278,280,100.124120712
hollywood-2009,b32_fast,2,output_scatter,0.0476837158203,280,100.124120712
hollywood-2009,b32_fast,2,thread_amx_setup,0.032901763916,280,100.124120712
hollywood-2009,b32_accurate,1,output_zero,0,280,103.569030762
hollywood-2009,b32_accurate,1,row_schedule,0.0965595245361,280,103.569030762
hollywood-2009,b32_accurate,1,partial_zero,0.320672988892,280,103.569030762
hollywood-2009,b32_accurate,1,csr_prefetch,14.2874717712,280,103.569030762
hollywood-2009,b32_accurate,1,feature_gather_decode,18.1393623352,280,103.569030762
hollywood-2009,b32_accurate,1,fp32_neighbor_reduction,13.7438774109,280,103.569030762
hollywood-2009,b32_accurate,1,partial_bf16_conversion,0.392198562622,280,103.569030762
hollywood-2009,b32_accurate,1,tile_load,2.53987312317,280,103.569030762
hollywood-2009,b32_accurate,1,tile_compute,4.12917137146,280,103.569030762
hollywood-2009,b32_accurate,1,tile_store,0.128746032715,280,103.569030762
hollywood-2009,b32_accurate,1,output_scatter,0.353097915649,280,103.569030762
hollywood-2009,b32_accurate,1,thread_amx_setup,0.0293254852295,280,103.569030762
hollywood-2009,b32_accurate,2,output_zero,0,280,101.733922958
hollywood-2009,b32_accurate,2,row_schedule,0.0839233398438,280,101.733922958
hollywood-2009,b32_accurate,2,partial_zero,0.29993057251,280,101.733922958
hollywood-2009,b32_accurate,2,csr_prefetch,14.2910480499,280,101.733922958
hollywood-2009,b32_accurate,2,feature_gather_decode,18.6340808868,280,101.733922958
hollywood-2009,b32_accurate,2,fp32_neighbor_reduction,13.6969089508,280,101.733922958
hollywood-2009,b32_accurate,2,partial_bf16_conversion,0.385999679565,280,101.733922958
hollywood-2009,b32_accurate,2,tile_load,2.58994102478,280,101.733922958
hollywood-2009,b32_accurate,2,tile_compute,4.05693054199,280,101.733922958
hollywood-2009,b32_accurate,2,tile_store,0.165700912476,280,101.733922958
hollywood-2009,b32_accurate,2,output_scatter,0.0591278076172,280,101.733922958
hollywood-2009,b32_accurate,2,thread_amx_setup,0.0267028808594,280,101.733922958
hollywood-2009,b64_fast,1,output_zero,0.000953674316406,280,100.59595108
hollywood-2009,b64_fast,1,row_schedule,0.0979900360107,280,100.59595108
hollywood-2009,b64_fast,1,partial_zero,0.207185745239,280,100.59595108
hollywood-2009,b64_fast,1,csr_prefetch,13.6125087738,280,100.59595108
hollywood-2009,b64_fast,1,feature_gather_decode,18.6166763306,280,100.59595108
hollywood-2009,b64_fast,1,fp32_neighbor_reduction,12.535572052,280,100.59595108
hollywood-2009,b64_fast,1,partial_bf16_conversion,0.168323516846,280,100.59595108
hollywood-2009,b64_fast,1,tile_load,1.00088119507,280,100.59595108
hollywood-2009,b64_fast,1,tile_compute,2.27570533752,280,100.59595108
hollywood-2009,b64_fast,1,tile_store,0.0889301300049,280,100.59595108
hollywood-2009,b64_fast,1,output_scatter,0.328063964844,280,100.59595108
hollywood-2009,b64_fast,1,thread_amx_setup,0.0269412994385,280,100.59595108
hollywood-2009,b64_fast,2,output_zero,0,280,101.881027222
hollywood-2009,b64_fast,2,row_schedule,0.0879764556885,280,101.881027222
hollywood-2009,b64_fast,2,partial_zero,0.245809555054,280,101.881027222
hollywood-2009,b64_fast,2,csr_prefetch,13.6363506317,280,101.881027222
hollywood-2009,b64_fast,2,feature_gather_decode,18.5995101929,280,101.881027222
hollywood-2009,b64_fast,2,fp32_neighbor_reduction,12.7527713776,280,101.881027222
hollywood-2009,b64_fast,2,partial_bf16_conversion,0.184059143066,280,101.881027222
hollywood-2009,b64_fast,2,tile_load,0.988960266113,280,101.881027222
hollywood-2009,b64_fast,2,tile_compute,1.9838809967,280,101.881027222
hollywood-2009,b64_fast,2,tile_store,0.131845474243,280,101.881027222
hollywood-2009,b64_fast,2,output_scatter,0.0481605529785,280,101.881027222
hollywood-2009,b64_fast,2,thread_amx_setup,0.0433921813965,280,101.881027222
hollywood-2009,b64_accurate,1,output_zero,0.00119209289551,280,95.7911014557
hollywood-2009,b64_accurate,1,row_schedule,0.104188919067,280,95.7911014557
hollywood-2009,b64_accurate,1,partial_zero,0.226497650146,280,95.7911014557
hollywood-2009,b64_accurate,1,csr_prefetch,13.6749744415,280,95.7911014557
hollywood-2009,b64_accurate,1,feature_gather_decode,18.0921554565,280,95.7911014557
hollywood-2009,b64_accurate,1,fp32_neighbor_reduction,13.0622386932,280,95.7911014557
hollywood-2009,b64_accurate,1,partial_bf16_conversion,0.201463699341,280,95.7911014557
hollywood-2009,b64_accurate,1,tile_load,1.5983581543,280,95.7911014557
hollywood-2009,b64_accurate,1,tile_compute,2.79831886292,280,95.7911014557
hollywood-2009,b64_accurate,1,tile_store,0.0848770141602,280,95.7911014557
hollywood-2009,b64_accurate,1,output_scatter,0.348091125488,280,95.7911014557
hollywood-2009,b64_accurate,1,thread_amx_setup,0.0207424163818,280,95.7911014557
hollywood-2009,b64_accurate,2,output_zero,0,280,96.8430042267
hollywood-2009,b64_accurate,2,row_schedule,0.0994205474854,280,96.8430042267
hollywood-2009,b64_accurate,2,partial_zero,0.25463104248,280,96.8430042267
hollywood-2009,b64_accurate,2,csr_prefetch,13.8282775879,280,96.8430042267
hollywood-2009,b64_accurate,2,feature_gather_decode,18.1710720062,280,96.8430042267
hollywood-2009,b64_accurate,2,fp32_neighbor_reduction,12.9995346069,280,96.8430042267
hollywood-2009,b64_accurate,2,partial_bf16_conversion,0.233888626099,280,96.8430042267
hollywood-2009,b64_accurate,2,tile_load,1.72019004822,280,96.8430042267
hollywood-2009,b64_accurate,2,tile_compute,2.5680065155,280,96.8430042267
hollywood-2009,b64_accurate,2,tile_store,0.0975131988525,280,96.8430042267
hollywood-2009,b64_accurate,2,output_scatter,0.070333480835,280,96.8430042267
hollywood-2009,b64_accurate,2,thread_amx_setup,0.0278949737549,280,96.8430042267
hollywood-2009,bfull_fast,1,output_zero,0,280,94.7589874268
hollywood-2009,bfull_fast,1,row_schedule,0.10085105896,280,94.7589874268
hollywood-2009,bfull_fast,1,partial_zero,0.122785568237,280,94.7589874268
hollywood-2009,bfull_fast,1,csr_prefetch,13.4942531586,280,94.7589874268
hollywood-2009,bfull_fast,1,feature_gather_decode,18.1739330292,280,94.7589874268
hollywood-2009,bfull_fast,1,fp32_neighbor_reduction,12.663602829,280,94.7589874268
hollywood-2009,bfull_fast,1,partial_bf16_conversion,0.0979900360107,280,94.7589874268
hollywood-2009,bfull_fast,1,tile_load,0.405311584473,280,94.7589874268
hollywood-2009,bfull_fast,1,tile_compute,1.14846229553,280,94.7589874268
hollywood-2009,bfull_fast,1,tile_store,0.0631809234619,280,94.7589874268
hollywood-2009,bfull_fast,1,output_scatter,0.328302383423,280,94.7589874268
hollywood-2009,bfull_fast,1,thread_amx_setup,0.025749206543,280,94.7589874268
hollywood-2009,bfull_fast,2,output_zero,0,280,100.214958191
hollywood-2009,bfull_fast,2,row_schedule,0.0827312469482,280,100.214958191
hollywood-2009,bfull_fast,2,partial_zero,0.147819519043,280,100.214958191
hollywood-2009,bfull_fast,2,csr_prefetch,13.4689807892,280,100.214958191
hollywood-2009,bfull_fast,2,feature_gather_decode,19.3591117859,280,100.214958191
hollywood-2009,bfull_fast,2,fp32_neighbor_reduction,12.4835968018,280,100.214958191
hollywood-2009,bfull_fast,2,partial_bf16_conversion,0.0929832458496,280,100.214958191
hollywood-2009,bfull_fast,2,tile_load,0.492811203003,280,100.214958191
hollywood-2009,bfull_fast,2,tile_compute,1.02114677429,280,100.214958191
hollywood-2009,bfull_fast,2,tile_store,0.0679492950439,280,100.214958191
hollywood-2009,bfull_fast,2,output_scatter,0.0541210174561,280,100.214958191
hollywood-2009,bfull_fast,2,thread_amx_setup,0.0240802764893,280,100.214958191
hollywood-2009,bfull_accurate,1,output_zero,0,280,100.987911224
hollywood-2009,bfull_accurate,1,row_schedule,0.0925064086914,280,100.987911224
hollywood-2009,bfull_accurate,1,partial_zero,0.13542175293,280,100.987911224
hollywood-2009,bfull_accurate,1,csr_prefetch,13.7629508972,280,100.987911224
hollywood-2009,bfull_accurate,1,feature_gather_decode,19.7985172272,280,100.987911224
hollywood-2009,bfull_accurate,1,fp32_neighbor_reduction,12.8140449524,280,100.987911224
hollywood-2009,bfull_accurate,1,partial_bf16_conversion,0.08225440979,280,100.987911224
hollywood-2009,bfull_accurate,1,tile_load,0.793695449829,280,100.987911224
hollywood-2009,bfull_accurate,1,tile_compute,1.57999992371,280,100.987911224
hollywood-2009,bfull_accurate,1,tile_store,0.0357627868652,280,100.987911224
hollywood-2009,bfull_accurate,1,output_scatter,0.343799591064,280,100.987911224
hollywood-2009,bfull_accurate,1,thread_amx_setup,0.0448226928711,280,100.987911224
hollywood-2009,bfull_accurate,2,output_zero,0,280,98.0269908905
hollywood-2009,bfull_accurate,2,row_schedule,0.0870227813721,280,98.0269908905
hollywood-2009,bfull_accurate,2,partial_zero,0.158071517944,280,98.0269908905
hollywood-2009,bfull_accurate,2,csr_prefetch,13.519525528,280,98.0269908905
hollywood-2009,bfull_accurate,2,feature_gather_decode,18.7213420868,280,98.0269908905
hollywood-2009,bfull_accurate,2,fp32_neighbor_reduction,12.4640464783,280,98.0269908905
hollywood-2009,bfull_accurate,2,partial_bf16_conversion,0.104188919067,280,98.0269908905
hollywood-2009,bfull_accurate,2,tile_load,0.897169113159,280,98.0269908905
hollywood-2009,bfull_accurate,2,tile_compute,1.54113769531,280,98.0269908905
hollywood-2009,bfull_accurate,2,tile_store,0.0529289245605,280,98.0269908905
hollywood-2009,bfull_accurate,2,output_scatter,0.0686645507812,280,98.0269908905
hollywood-2009,bfull_accurate,2,thread_amx_setup,0.0262260437012,280,98.0269908905
indochina-2004,b2_fast,1,output_zero,0.0197887420654,1812,283.746957779
indochina-2004,b2_fast,1,row_schedule,0.404834747314,1812,283.746957779
indochina-2004,b2_fast,1,partial_zero,4.74119186401,1812,283.746957779
indochina-2004,b2_fast,1,csr_prefetch,26.6060829163,1812,283.746957779
indochina-2004,b2_fast,1,feature_gather_decode,31.626701355,1812,283.746957779
indochina-2004,b2_fast,1,fp32_neighbor_reduction,36.9203090668,1812,283.746957779
indochina-2004,b2_fast,1,partial_bf16_conversion,4.34184074402,1812,283.746957779
indochina-2004,b2_fast,1,tile_load,20.1864242554,1812,283.746957779
indochina-2004,b2_fast,1,tile_compute,41.3205623627,1812,283.746957779
indochina-2004,b2_fast,1,tile_store,3.18074226379,1812,283.746957779
indochina-2004,b2_fast,1,output_scatter,1.3530254364,1812,283.746957779
indochina-2004,b2_fast,1,thread_amx_setup,0.0324249267578,1812,283.746957779
indochina-2004,b2_fast,2,output_zero,0,1812,289.243936539
indochina-2004,b2_fast,2,row_schedule,0.354290008545,1812,289.243936539
indochina-2004,b2_fast,2,partial_zero,4.88018989563,1812,289.243936539
indochina-2004,b2_fast,2,csr_prefetch,26.7941951752,1812,289.243936539
indochina-2004,b2_fast,2,feature_gather_decode,32.2551727295,1812,289.243936539
indochina-2004,b2_fast,2,fp32_neighbor_reduction,37.5652313232,1812,289.243936539
indochina-2004,b2_fast,2,partial_bf16_conversion,4.44269180298,1812,289.243936539
indochina-2004,b2_fast,2,tile_load,20.073890686,1812,289.243936539
indochina-2004,b2_fast,2,tile_compute,43.3676242828,1812,289.243936539
indochina-2004,b2_fast,2,tile_store,3.20243835449,1812,289.243936539
indochina-2004,b2_fast,2,output_scatter,0.239610671997,1812,289.243936539
indochina-2004,b2_fast,2,thread_amx_setup,0.0345706939697,1812,289.243936539
indochina-2004,b2_accurate,1,output_zero,0.000953674316406,1812,376.136064529
indochina-2004,b2_accurate,1,row_schedule,0.379800796509,1812,376.136064529
indochina-2004,b2_accurate,1,partial_zero,5.12981414795,1812,376.136064529
indochina-2004,b2_accurate,1,csr_prefetch,26.4115333557,1812,376.136064529
indochina-2004,b2_accurate,1,feature_gather_decode,32.1247577667,1812,376.136064529
indochina-2004,b2_accurate,1,fp32_neighbor_reduction,37.4734401703,1812,376.136064529
indochina-2004,b2_accurate,1,partial_bf16_conversion,7.51638412476,1812,376.136064529
indochina-2004,b2_accurate,1,tile_load,36.3442897797,1812,376.136064529
indochina-2004,b2_accurate,1,tile_compute,56.090593338,1812,376.136064529
indochina-2004,b2_accurate,1,tile_store,2.60257720947,1812,376.136064529
indochina-2004,b2_accurate,1,output_scatter,1.40762329102,1812,376.136064529
indochina-2004,b2_accurate,1,thread_amx_setup,0.0381469726562,1812,376.136064529
indochina-2004,b2_accurate,2,output_zero,0,1812,353.272199631
indochina-2004,b2_accurate,2,row_schedule,0.362157821655,1812,353.272199631
indochina-2004,b2_accurate,2,partial_zero,5.02014160156,1812,353.272199631
indochina-2004,b2_accurate,2,csr_prefetch,26.2575149536,1812,353.272199631
indochina-2004,b2_accurate,2,feature_gather_decode,31.3680171967,1812,353.272199631
indochina-2004,b2_accurate,2,fp32_neighbor_reduction,36.806344986,1812,353.272199631
indochina-2004,b2_accurate,2,partial_bf16_conversion,7.54618644714,1812,353.272199631
indochina-2004,b2_accurate,2,tile_load,36.4882946014,1812,353.272199631
indochina-2004,b2_accurate,2,tile_compute,55.2589893341,1812,353.272199631
indochina-2004,b2_accurate,2,tile_store,2.57110595703,1812,353.272199631
indochina-2004,b2_accurate,2,output_scatter,0.256299972534,1812,353.272199631
indochina-2004,b2_accurate,2,thread_amx_setup,0.046968460083,1812,353.272199631
indochina-2004,b4_fast,1,output_zero,0,1812,198.32110405
indochina-2004,b4_fast,1,row_schedule,0.401020050049,1812,198.32110405
indochina-2004,b4_fast,1,partial_zero,2.63714790344,1812,198.32110405
indochina-2004,b4_fast,1,csr_prefetch,25.7906913757,1812,198.32110405
indochina-2004,b4_fast,1,feature_gather_decode,30.5271148682,1812,198.32110405
indochina-2004,b4_fast,1,fp32_neighbor_reduction,30.6997299194,1812,198.32110405
indochina-2004,b4_fast,1,partial_bf16_conversion,2.33173370361,1812,198.32110405
indochina-2004,b4_fast,1,tile_load,11.2478733063,1812,198.32110405
indochina-2004,b4_fast,1,tile_compute,24.715423584,1812,198.32110405
indochina-2004,b4_fast,1,tile_store,1.61123275757,1812,198.32110405
indochina-2004,b4_fast,1,output_scatter,1.43599510193,1812,198.32110405
indochina-2004,b4_fast,1,thread_amx_setup,0.0364780426025,1812,198.32110405
indochina-2004,b4_fast,2,output_zero,0,1812,181.951999664
indochina-2004,b4_fast,2,row_schedule,0.376224517822,1812,181.951999664
indochina-2004,b4_fast,2,partial_zero,2.76923179626,1812,181.951999664
indochina-2004,b4_fast,2,csr_prefetch,25.9289741516,1812,181.951999664
indochina-2004,b4_fast,2,feature_gather_decode,30.787229538,1812,181.951999664
indochina-2004,b4_fast,2,fp32_neighbor_reduction,30.7183265686,1812,181.951999664
indochina-2004,b4_fast,2,partial_bf16_conversion,2.3181438446,1812,181.951999664
indochina-2004,b4_fast,2,tile_load,11.132478714,1812,181.951999664
indochina-2004,b4_fast,2,tile_compute,25.5565643311,1812,181.951999664
indochina-2004,b4_fast,2,tile_store,1.68108940125,1812,181.951999664
indochina-2004,b4_fast,2,output_scatter,0.249624252319,1812,181.951999664
indochina-2004,b4_fast,2,thread_amx_setup,0.0512599945068,1812,181.951999664
indochina-2004,b4_accurate,1,output_zero,0,1812,230.043888092
indochina-2004,b4_accurate,1,row_schedule,0.390768051147,1812,230.043888092
indochina-2004,b4_accurate,1,partial_zero,2.65502929688,1812,230.043888092
indochina-2004,b4_accurate,1,csr_prefetch,25.749206543,1812,230.043888092
indochina-2004,b4_accurate,1,feature_gather_decode,30.3945541382,1812,230.043888092
indochina-2004,b4_accurate,1,fp32_neighbor_reduction,30.552148819,1812,230.043888092
indochina-2004,b4_accurate,1,partial_bf16_conversion,3.86261940002,1812,230.043888092
indochina-2004,b4_accurate,1,tile_load,19.4716453552,1812,230.043888092
indochina-2004,b4_accurate,1,tile_compute,31.5458774567,1812,230.043888092
indochina-2004,b4_accurate,1,tile_store,1.53398513794,1812,230.043888092
indochina-2004,b4_accurate,1,output_scatter,1.44028663635,1812,230.043888092
indochina-2004,b4_accurate,1,thread_amx_setup,0.0350475311279,1812,230.043888092
indochina-2004,b4_accurate,2,output_zero,0,1812,241.656064987
indochina-2004,b4_accurate,2,row_schedule,0.406980514526,1812,241.656064987
indochina-2004,b4_accurate,2,partial_zero,2.84385681152,1812,241.656064987
indochina-2004,b4_accurate,2,csr_prefetch,25.6886482239,1812,241.656064987
indochina-2004,b4_accurate,2,feature_gather_decode,30.1005840302,1812,241.656064987
indochina-2004,b4_accurate,2,fp32_neighbor_reduction,30.6324958801,1812,241.656064987
indochina-2004,b4_accurate,2,partial_bf16_conversion,4.02212142944,1812,241.656064987
indochina-2004,b4_accurate,2,tile_load,19.7756290436,1812,241.656064987
indochina-2004,b4_accurate,2,tile_compute,31.8582057953,1812,241.656064987
indochina-2004,b4_accurate,2,tile_store,1.48749351501,1812,241.656064987
indochina-2004,b4_accurate,2,output_scatter,0.311136245728,1812,241.656064987
indochina-2004,b4_accurate,2,thread_amx_setup,0.0402927398682,1812,241.656064987
indochina-2004,b8_fast,1,output_zero,0,1812,156.658887863
indochina-2004,b8_fast,1,row_schedule,0.410795211792,1812,156.658887863
indochina-2004,b8_fast,1,partial_zero,1.59287452698,1812,156.658887863
indochina-2004,b8_fast,1,csr_prefetch,26.2975692749,1812,156.658887863
indochina-2004,b8_fast,1,feature_gather_decode,30.1117897034,1812,156.658887863
indochina-2004,b8_fast,1,fp32_neighbor_reduction,27.3745059967,1812,156.658887863
indochina-2004,b8_fast,1,partial_bf16_conversion,1.22117996216,1812,156.658887863
indochina-2004,b8_fast,1,tile_load,6.58273696899,1812,156.658887863
indochina-2004,b8_fast,1,tile_compute,14.3883228302,1812,156.658887863
indochina-2004,b8_fast,1,tile_store,0.868320465088,1812,156.658887863
indochina-2004,b8_fast,1,output_scatter,1.49846076965,1812,156.658887863
indochina-2004,b8_fast,1,thread_amx_setup,0.037670135498,1812,156.658887863
indochina-2004,b8_fast,2,output_zero,0,1812,152.671098709
indochina-2004,b8_fast,2,row_schedule,0.355958938599,1812,152.671098709
indochina-2004,b8_fast,2,partial_zero,1.60837173462,1812,152.671098709
indochina-2004,b8_fast,2,csr_prefetch,26.3130664825,1812,152.671098709
indochina-2004,b8_fast,2,feature_gather_decode,30.2340984344,1812,152.671098709
indochina-2004,b8_fast,2,fp32_neighbor_reduction,27.4357795715,1812,152.671098709
indochina-2004,b8_fast,2,partial_bf16_conversion,1.28555297852,1812,152.671098709
indochina-2004,b8_fast,2,tile_load,6.32739067078,1812,152.671098709
indochina-2004,b8_fast,2,tile_compute,15.2194499969,1812,152.671098709
indochina-2004,b8_fast,2,tile_store,0.895977020264,1812,152.671098709
indochina-2004,b8_fast,2,output_scatter,0.241279602051,1812,152.671098709
indochina-2004,b8_fast,2,thread_amx_setup,0.0488758087158,1812,152.671098709
indochina-2004,b8_accurate,1,output_zero,0.000953674316406,1812,181.612968445
indochina-2004,b8_accurate,1,row_schedule,0.381946563721,1812,181.612968445
indochina-2004,b8_accurate,1,partial_zero,1.61099433899,1812,181.612968445
indochina-2004,b8_accurate,1,csr_prefetch,25.8164405823,1812,181.612968445
indochina-2004,b8_accurate,1,feature_gather_decode,29.9203395844,1812,181.612968445
indochina-2004,b8_accurate,1,fp32_neighbor_reduction,27.5747776031,1812,181.612968445
indochina-2004,b8_accurate,1,partial_bf16_conversion,2.07591056824,1812,181.612968445
indochina-2004,b8_accurate,1,tile_load,11.1680030823,1812,181.612968445
indochina-2004,b8_accurate,1,tile_compute,18.0540084839,1812,181.612968445
indochina-2004,b8_accurate,1,tile_store,0.764846801758,1812,181.612968445
indochina-2004,b8_accurate,1,output_scatter,1.43432617188,1812,181.612968445
indochina-2004,b8_accurate,1,thread_amx_setup,0.0402927398682,1812,181.612968445
indochina-2004,b8_accurate,2,output_zero,0,1812,169.340848923
indochina-2004,b8_accurate,2,row_schedule,0.336408615112,1812,169.340848923
indochina-2004,b8_accurate,2,partial_zero,1.61576271057,1812,169.340848923
indochina-2004,b8_accurate,2,csr_prefetch,26.0138511658,1812,169.340848923
indochina-2004,b8_accurate,2,feature_gather_decode,29.860496521,1812,169.340848923
indochina-2004,b8_accurate,2,fp32_neighbor_reduction,27.4336338043,1812,169.340848923
indochina-2004,b8_accurate,2,partial_bf16_conversion,2.18081474304,1812,169.340848923
indochina-2004,b8_accurate,2,tile_load,11.3062858582,1812,169.340848923
indochina-2004,b8_accurate,2,tile_compute,18.0630683899,1812,169.340848923
indochina-2004,b8_accurate,2,tile_store,0.733852386475,1812,169.340848923
indochina-2004,b8_accurate,2,output_scatter,0.298023223877,1812,169.340848923
indochina-2004,b8_accurate,2,thread_amx_setup,0.0572204589844,1812,169.340848923
indochina-2004,b16_fast,1,output_zero,0,1812,125.253200531
indochina-2004,b16_fast,1,row_schedule,0.398635864258,1812,125.253200531
indochina-2004,b16_fast,1,partial_zero,0.948429107666,1812,125.253200531
indochina-2004,b16_fast,1,csr_prefetch,25.6621837616,1812,125.253200531
indochina-2004,b16_fast,1,feature_gather_decode,29.9437046051,1812,125.253200531
indochina-2004,b16_fast,1,fp32_neighbor_reduction,25.8526802063,1812,125.253200531
indochina-2004,b16_fast,1,partial_bf16_conversion,0.753402709961,1812,125.253200531
indochina-2004,b16_fast,1,tile_load,4.18400764465,1812,125.253200531
indochina-2004,b16_fast,1,tile_compute,9.27495956421,1812,125.253200531
indochina-2004,b16_fast,1,tile_store,0.531911849976,1812,125.253200531
indochina-2004,b16_fast,1,output_scatter,1.48725509644,1812,125.253200531
indochina-2004,b16_fast,1,thread_amx_setup,0.056266784668,1812,125.253200531
indochina-2004,b16_fast,2,output_zero,0,1812,125.144958496
indochina-2004,b16_fast,2,row_schedule,0.372409820557,1812,125.144958496
indochina-2004,b16_fast,2,partial_zero,1.04832649231,1812,125.144958496
indochina-2004,b16_fast,2,csr_prefetch,25.8436203003,1812,125.144958496
indochina-2004,b16_fast,2,feature_gather_decode,29.9696922302,1812,125.144958496
indochina-2004,b16_fast,2,fp32_neighbor_reduction,25.6555080414,1812,125.144958496
indochina-2004,b16_fast,2,partial_bf16_conversion,0.696659088135,1812,125.144958496
indochina-2004,b16_fast,2,tile_load,4.08339500427,1812,125.144958496
indochina-2004,b16_fast,2,tile_compute,9.50336456299,1812,125.144958496
indochina-2004,b16_fast,2,tile_store,0.504732131958,1812,125.144958496
indochina-2004,b16_fast,2,output_scatter,0.265836715698,1812,125.144958496
indochina-2004,b16_fast,2,thread_amx_setup,0.0474452972412,1812,125.144958496
indochina-2004,b16_accurate,1,output_zero,0,1812,136.633872986
indochina-2004,b16_accurate,1,row_schedule,0.392198562622,1812,136.633872986
indochina-2004,b16_accurate,1,partial_zero,1.03235244751,1812,136.633872986
indochina-2004,b16_accurate,1,csr_prefetch,26.4008045197,1812,136.633872986
indochina-2004,b16_accurate,1,feature_gather_decode,29.7231674194,1812,136.633872986
indochina-2004,b16_accurate,1,fp32_neighbor_reduction,25.7530212402,1812,136.633872986
indochina-2004,b16_accurate,1,partial_bf16_conversion,1.27172470093,1812,136.633872986
indochina-2004,b16_accurate,1,tile_load,7.02381134033,1812,136.633872986
indochina-2004,b16_accurate,1,tile_compute,11.0459327698,1812,136.633872986
indochina-2004,b16_accurate,1,tile_store,0.420093536377,1812,136.633872986
indochina-2004,b16_accurate,1,output_scatter,1.43074989319,1812,136.633872986
indochina-2004,b16_accurate,1,thread_amx_setup,0.042200088501,1812,136.633872986
indochina-2004,b16_accurate,2,output_zero,0,1812,131.204843521
indochina-2004,b16_accurate,2,row_schedule,0.412940979004,1812,131.204843521
indochina-2004,b16_accurate,2,partial_zero,1.04689598083,1812,131.204843521
indochina-2004,b16_accurate,2,csr_prefetch,25.9728431702,1812,131.204843521
indochina-2004,b16_accurate,2,feature_gather_decode,29.7319889069,1812,131.204843521
indochina-2004,b16_accurate,2,fp32_neighbor_reduction,25.8548259735,1812,131.204843521
indochina-2004,b16_accurate,2,partial_bf16_conversion,1.24025344849,1812,131.204843521
indochina-2004,b16_accurate,2,tile_load,6.9842338562,1812,131.204843521
indochina-2004,b16_accurate,2,tile_compute,11.1057758331,1812,131.204843521
indochina-2004,b16_accurate,2,tile_store,0.470638275146,1812,131.204843521
indochina-2004,b16_accurate,2,output_scatter,0.286340713501,1812,131.204843521
indochina-2004,b16_accurate,2,thread_amx_setup,0.0343322753906,1812,131.204843521
indochina-2004,b32_fast,1,output_zero,0,1812,122.791051865
indochina-2004,b32_fast,1,row_schedule,0.44846534729,1812,122.791051865
indochina-2004,b32_fast,1,partial_zero,0.672340393066,1812,122.791051865
indochina-2004,b32_fast,1,csr_prefetch,25.4485607147,1812,122.791051865
indochina-2004,b32_fast,1,feature_gather_decode,29.1731357574,1812,122.791051865
indochina-2004,b32_fast,1,fp32_neighbor_reduction,24.4445800781,1812,122.791051865
indochina-2004,b32_fast,1,partial_bf16_conversion,0.506639480591,1812,122.791051865
indochina-2004,b32_fast,1,tile_load,2.87008285522,1812,122.791051865
indochina-2004,b32_fast,1,tile_compute,6.5929889679,1812,122.791051865
indochina-2004,b32_fast,1,tile_store,0.348091125488,1812,122.791051865
indochina-2004,b32_fast,1,output_scatter,1.56688690186,1812,122.791051865
indochina-2004,b32_fast,1,thread_amx_setup,0.0441074371338,1812,122.791051865
indochina-2004,b32_fast,2,output_zero,0,1812,109.021902084
indochina-2004,b32_fast,2,row_schedule,0.406742095947,1812,109.021902084
indochina-2004,b32_fast,2,partial_zero,0.718116760254,1812,109.021902084
indochina-2004,b32_fast,2,csr_prefetch,25.151014328,1812,109.021902084
indochina-2004,b32_fast,2,feature_gather_decode,28.8519859314,1812,109.021902084
indochina-2004,b32_fast,2,fp32_neighbor_reduction,24.2896080017,1812,109.021902084
indochina-2004,b32_fast,2,partial_bf16_conversion,0.48041343689,1812,109.021902084
indochina-2004,b32_fast,2,tile_load,2.66337394714,1812,109.021902084
indochina-2004,b32_fast,2,tile_compute,6.22367858887,1812,109.021902084
indochina-2004,b32_fast,2,tile_store,0.358581542969,1812,109.021902084
indochina-2004,b32_fast,2,output_scatter,0.263214111328,1812,109.021902084
indochina-2004,b32_fast,2,thread_amx_setup,0.0460147857666,1812,109.021902084
indochina-2004,b32_accurate,1,output_zero,0,1812,132.891893387
indochina-2004,b32_accurate,1,row_schedule,0.388860702515,1812,132.891893387
indochina-2004,b32_accurate,1,partial_zero,0.713109970093,1812,132.891893387
indochina-2004,b32_accurate,1,csr_prefetch,26.2854099274,1812,132.891893387
indochina-2004,b32_accurate,1,feature_gather_decode,29.9990177155,1812,132.891893387
indochina-2004,b32_accurate,1,fp32_neighbor_reduction,24.8804092407,1812,132.891893387
indochina-2004,b32_accurate,1,partial_bf16_conversion,0.761032104492,1812,132.891893387
indochina-2004,b32_accurate,1,tile_load,4.96697425842,1812,132.891893387
indochina-2004,b32_accurate,1,tile_compute,8.27479362488,1812,132.891893387
indochina-2004,b32_accurate,1,tile_store,0.282764434814,1812,132.891893387
indochina-2004,b32_accurate,1,output_scatter,1.54757499695,1812,132.891893387
indochina-2004,b32_accurate,1,thread_amx_setup,0.0391006469727,1812,132.891893387
indochina-2004,b32_accurate,2,output_zero,0,1812,120.423078537
indochina-2004,b32_accurate,2,row_schedule,0.368118286133,1812,120.423078537
indochina-2004,b32_accurate,2,partial_zero,0.695943832397,1812,120.423078537
indochina-2004,b32_accurate,2,csr_prefetch,25.857925415,1812,120.423078537
indochina-2004,b32_accurate,2,feature_gather_decode,29.7772884369,1812,120.423078537
indochina-2004,b32_accurate,2,fp32_neighbor_reduction,24.8289108276,1812,120.423078537
indochina-2004,b32_accurate,2,partial_bf16_conversion,0.80132484436,1812,120.423078537
indochina-2004,b32_accurate,2,tile_load,4.78887557983,1812,120.423078537
indochina-2004,b32_accurate,2,tile_compute,7.70735740662,1812,120.423078537
indochina-2004,b32_accurate,2,tile_store,0.314712524414,1812,120.423078537
indochina-2004,b32_accurate,2,output_scatter,0.303268432617,1812,120.423078537
indochina-2004,b32_accurate,2,thread_amx_setup,0.0426769256592,1812,120.423078537
indochina-2004,b64_fast,1,output_zero,0,1812,121.968984604
indochina-2004,b64_fast,1,row_schedule,0.458955764771,1812,121.968984604
indochina-2004,b64_fast,1,partial_zero,0.527620315552,1812,121.968984604
indochina-2004,b64_fast,1,csr_prefetch,24.7495174408,1812,121.968984604
indochina-2004,b64_fast,1,feature_gather_decode,28.427362442,1812,121.968984604
indochina-2004,b64_fast,1,fp32_neighbor_reduction,23.4272480011,1812,121.968984604
indochina-2004,b64_fast,1,partial_bf16_conversion,0.386953353882,1812,121.968984604
indochina-2004,b64_fast,1,tile_load,2.33149528503,1812,121.968984604
indochina-2004,b64_fast,1,tile_compute,5.1097869873,1812,121.968984604
indochina-2004,b64_fast,1,tile_store,0.263929367065,1812,121.968984604
indochina-2004,b64_fast,1,output_scatter,1.61027908325,1812,121.968984604
indochina-2004,b64_fast,1,thread_amx_setup,0.0529289245605,1812,121.968984604
indochina-2004,b64_fast,2,output_zero,0,1812,109.46893692
indochina-2004,b64_fast,2,row_schedule,0.346660614014,1812,109.46893692
indochina-2004,b64_fast,2,partial_zero,0.58650970459,1812,109.46893692
indochina-2004,b64_fast,2,csr_prefetch,24.6982574463,1812,109.46893692
indochina-2004,b64_fast,2,feature_gather_decode,28.6331176758,1812,109.46893692
indochina-2004,b64_fast,2,fp32_neighbor_reduction,23.2419967651,1812,109.46893692
indochina-2004,b64_fast,2,partial_bf16_conversion,0.397443771362,1812,109.46893692
indochina-2004,b64_fast,2,tile_load,2.06708908081,1812,109.46893692
indochina-2004,b64_fast,2,tile_compute,4.97436523438,1812,109.46893692
indochina-2004,b64_fast,2,tile_store,0.320196151733,1812,109.46893692
indochina-2004,b64_fast,2,output_scatter,0.256538391113,1812,109.46893692
indochina-2004,b64_fast,2,thread_amx_setup,0.0410079956055,1812,109.46893692
indochina-2004,b64_accurate,1,output_zero,0,1812,125.982999802
indochina-2004,b64_accurate,1,row_schedule,0.3821849823,1812,125.982999802
indochina-2004,b64_accurate,1,partial_zero,0.58650970459,1812,125.982999802
indochina-2004,b64_accurate,1,csr_prefetch,25.8440971375,1812,125.982999802
indochina-2004,b64_accurate,1,feature_gather_decode,29.8845767975,1812,125.982999802
indochina-2004,b64_accurate,1,fp32_neighbor_reduction,24.5640277863,1812,125.982999802
indochina-2004,b64_accurate,1,partial_bf16_conversion,0.543117523193,1812,125.982999802
indochina-2004,b64_accurate,1,tile_load,3.85785102844,1812,125.982999802
indochina-2004,b64_accurate,1,tile_compute,6.46305084229,1812,125.982999802
indochina-2004,b64_accurate,1,tile_store,0.220537185669,1812,125.982999802
indochina-2004,b64_accurate,1,output_scatter,1.49250030518,1812,125.982999802
indochina-2004,b64_accurate,1,thread_amx_setup,0.0410079956055,1812,125.982999802
indochina-2004,b64_accurate,2,output_zero,0.000953674316406,1812,107.109069824
indochina-2004,b64_accurate,2,row_schedule,0.397682189941,1812,107.109069824
indochina-2004,b64_accurate,2,partial_zero,0.682830810547,1812,107.109069824
indochina-2004,b64_accurate,2,csr_prefetch,25.6161689758,1812,107.109069824
indochina-2004,b64_accurate,2,feature_gather_decode,29.3543338776,1812,107.109069824
indochina-2004,b64_accurate,2,fp32_neighbor_reduction,24.3272781372,1812,107.109069824
indochina-2004,b64_accurate,2,partial_bf16_conversion,0.585556030273,1812,107.109069824
indochina-2004,b64_accurate,2,tile_load,3.71313095093,1812,107.109069824
indochina-2004,b64_accurate,2,tile_compute,6.37173652649,1812,107.109069824
indochina-2004,b64_accurate,2,tile_store,0.247716903687,1812,107.109069824
indochina-2004,b64_accurate,2,output_scatter,0.307559967041,1812,107.109069824
indochina-2004,b64_accurate,2,thread_amx_setup,0.0371932983398,1812,107.109069824
indochina-2004,bfull_fast,1,output_zero,0,1812,113.141059875
indochina-2004,bfull_fast,1,row_schedule,0.396251678467,1812,113.141059875
indochina-2004,bfull_fast,1,partial_zero,0.460624694824,1812,113.141059875
indochina-2004,bfull_fast,1,csr_prefetch,24.4011878967,1812,113.141059875
indochina-2004,bfull_fast,1,feature_gather_decode,28.6178588867,1812,113.141059875
indochina-2004,bfull_fast,1,fp32_neighbor_reduction,23.1554508209,1812,113.141059875
indochina-2004,bfull_fast,1,partial_bf16_conversion,0.361680984497,1812,113.141059875
indochina-2004,bfull_fast,1,tile_load,1.80768966675,1812,113.141059875
indochina-2004,bfull_fast,1,tile_compute,4.57668304443,1812,113.141059875
indochina-2004,bfull_fast,1,tile_store,0.231266021729,1812,113.141059875
indochina-2004,bfull_fast,1,output_scatter,1.56569480896,1812,113.141059875
indochina-2004,bfull_fast,1,thread_amx_setup,0.0486373901367,1812,113.141059875
indochina-2004,bfull_fast,2,output_zero,0.000953674316406,1812,106.823921204
indochina-2004,bfull_fast,2,row_schedule,0.33712387085,1812,106.823921204
indochina-2004,bfull_fast,2,partial_zero,0.556230545044,1812,106.823921204
indochina-2004,bfull_fast,2,csr_prefetch,24.7414112091,1812,106.823921204
indochina-2004,bfull_fast,2,feature_gather_decode,28.1319618225,1812,106.823921204
indochina-2004,bfull_fast,2,fp32_neighbor_reduction,22.8703022003,1812,106.823921204
indochina-2004,bfull_fast,2,partial_bf16_conversion,0.292539596558,1812,106.823921204
indochina-2004,bfull_fast,2,tile_load,1.7352104187,1812,106.823921204
indochina-2004,bfull_fast,2,tile_compute,4.34827804565,1812,106.823921204
indochina-2004,bfull_fast,2,tile_store,0.269651412964,1812,106.823921204
indochina-2004,bfull_fast,2,output_scatter,0.274181365967,1812,106.823921204
indochina-2004,bfull_fast,2,thread_amx_setup,0.0431537628174,1812,106.823921204
indochina-2004,bfull_accurate,1,output_zero,0,1812,119.314908981
indochina-2004,bfull_accurate,1,row_schedule,0.385284423828,1812,119.314908981
indochina-2004,bfull_accurate,1,partial_zero,0.555276870728,1812,119.314908981
indochina-2004,bfull_accurate,1,csr_prefetch,25.1309871674,1812,119.314908981
indochina-2004,bfull_accurate,1,feature_gather_decode,29.0760993958,1812,119.314908981
indochina-2004,bfull_accurate,1,fp32_neighbor_reduction,23.7767696381,1812,119.314908981
indochina-2004,bfull_accurate,1,partial_bf16_conversion,0.436305999756,1812,119.314908981
indochina-2004,bfull_accurate,1,tile_load,3.21078300476,1812,119.314908981
indochina-2004,bfull_accurate,1,tile_compute,6.03795051575,1812,119.314908981
indochina-2004,bfull_accurate,1,tile_store,0.204563140869,1812,119.314908981
indochina-2004,bfull_accurate,1,output_scatter,1.53112411499,1812,119.314908981
indochina-2004,bfull_accurate,1,thread_amx_setup,0.0457763671875,1812,119.314908981
indochina-2004,bfull_accurate,2,output_zero,0,1812,108.434915543
indochina-2004,bfull_accurate,2,row_schedule,0.389099121094,1812,108.434915543
indochina-2004,bfull_accurate,2,partial_zero,0.569105148315,1812,108.434915543
indochina-2004,bfull_accurate,2,csr_prefetch,25.1760482788,1812,108.434915543
indochina-2004,bfull_accurate,2,feature_gather_decode,28.9447307587,1812,108.434915543
indochina-2004,bfull_accurate,2,fp32_neighbor_reduction,23.9527225494,1812,108.434915543
indochina-2004,bfull_accurate,2,partial_bf16_conversion,0.462770462036,1812,108.434915543
indochina-2004,bfull_accurate,2,tile_load,3.3164024353,1812,108.434915543
indochina-2004,bfull_accurate,2,tile_compute,5.28812408447,1812,108.434915543
indochina-2004,bfull_accurate,2,tile_store,0.219106674194,1812,108.434915543
indochina-2004,bfull_accurate,2,output_scatter,0.291585922241,1812,108.434915543
indochina-2004,bfull_accurate,2,thread_amx_setup,0.0541210174561,1812,108.434915543
soc-Pokec,b2_fast,1,output_zero,0.0209808349609,400,90.1329517365
soc-Pokec,b2_fast,1,row_schedule,0.14591217041,400,90.1329517365
soc-Pokec,b2_fast,1,partial_zero,1.37996673584,400,90.1329517365
soc-Pokec,b2_fast,1,csr_prefetch,5.94305992126,400,90.1329517365
soc-Pokec,b2_fast,1,feature_gather_decode,12.5873088837,400,90.1329517365
soc-Pokec,b2_fast,1,fp32_neighbor_reduction,7.03692436218,400,90.1329517365
soc-Pokec,b2_fast,1,partial_bf16_conversion,1.2047290802,400,90.1329517365
soc-Pokec,b2_fast,1,tile_load,6.05583190918,400,90.1329517365
soc-Pokec,b2_fast,1,tile_compute,12.7122402191,400,90.1329517365
soc-Pokec,b2_fast,1,tile_store,0.820159912109,400,90.1329517365
soc-Pokec,b2_fast,1,output_scatter,0.380992889404,400,90.1329517365
soc-Pokec,b2_fast,1,thread_amx_setup,0.0364780426025,400,90.1329517365
soc-Pokec,b2_fast,2,output_zero,0.000953674316406,400,89.9388790131
soc-Pokec,b2_fast,2,row_schedule,0.128269195557,400,89.9388790131
soc-Pokec,b2_fast,2,partial_zero,1.39784812927,400,89.9388790131
soc-Pokec,b2_fast,2,csr_prefetch,5.97333908081,400,89.9388790131
soc-Pokec,b2_fast,2,feature_gather_decode,12.7031803131,400,89.9388790131
soc-Pokec,b2_fast,2,fp32_neighbor_reduction,7.14945793152,400,89.9388790131
soc-Pokec,b2_fast,2,partial_bf16_conversion,1.25074386597,400,89.9388790131
soc-Pokec,b2_fast,2,tile_load,6.04605674744,400,89.9388790131
soc-Pokec,b2_fast,2,tile_compute,13.4189128876,400,89.9388790131
soc-Pokec,b2_fast,2,tile_store,0.885725021362,400,89.9388790131
soc-Pokec,b2_fast,2,output_scatter,0.0581741333008,400,89.9388790131
soc-Pokec,b2_fast,2,thread_amx_setup,0.0298023223877,400,89.9388790131
soc-Pokec,b2_accurate,1,output_zero,0,400,114.372014999
soc-Pokec,b2_accurate,1,row_schedule,0.128269195557,400,114.372014999
soc-Pokec,b2_accurate,1,partial_zero,1.54209136963,400,114.372014999
soc-Pokec,b2_accurate,1,csr_prefetch,5.7418346405,400,114.372014999
soc-Pokec,b2_accurate,1,feature_gather_decode,12.7472877502,400,114.372014999
soc-Pokec,b2_accurate,1,fp32_neighbor_reduction,6.71410560608,400,114.372014999
soc-Pokec,b2_accurate,1,partial_bf16_conversion,2.12836265564,400,114.372014999
soc-Pokec,b2_accurate,1,tile_load,10.8308792114,400,114.372014999
soc-Pokec,b2_accurate,1,tile_compute,15.6447887421,400,114.372014999
soc-Pokec,b2_accurate,1,tile_store,0.720739364624,400,114.372014999
soc-Pokec,b2_accurate,1,output_scatter,0.387191772461,400,114.372014999
soc-Pokec,b2_accurate,1,thread_amx_setup,0.0267028808594,400,114.372014999
soc-Pokec,b2_accurate,2,output_zero,0,400,111.129999161
soc-Pokec,b2_accurate,2,row_schedule,0.149965286255,400,111.129999161
soc-Pokec,b2_accurate,2,partial_zero,1.35135650635,400,111.129999161
soc-Pokec,b2_accurate,2,csr_prefetch,5.72824478149,400,111.129999161
soc-Pokec,b2_accurate,2,feature_gather_decode,12.4373435974,400,111.129999161
soc-Pokec,b2_accurate,2,fp32_neighbor_reduction,6.81161880493,400,111.129999161
soc-Pokec,b2_accurate,2,partial_bf16_conversion,2.20346450806,400,111.129999161
soc-Pokec,b2_accurate,2,tile_load,10.5860233307,400,111.129999161
soc-Pokec,b2_accurate,2,tile_compute,15.6362056732,400,111.129999161
soc-Pokec,b2_accurate,2,tile_store,0.779867172241,400,111.129999161
soc-Pokec,b2_accurate,2,output_scatter,0.0791549682617,400,111.129999161
soc-Pokec,b2_accurate,2,thread_amx_setup,0.0312328338623,400,111.129999161
soc-Pokec,b4_fast,1,output_zero,0,400,71.3810920715
soc-Pokec,b4_fast,1,row_schedule,0.150918960571,400,71.3810920715
soc-Pokec,b4_fast,1,partial_zero,0.748634338379,400,71.3810920715
soc-Pokec,b4_fast,1,csr_prefetch,5.29479980469,400,71.3810920715
soc-Pokec,b4_fast,1,feature_gather_decode,9.3686580658,400,71.3810920715
soc-Pokec,b4_fast,1,fp32_neighbor_reduction,5.7532787323,400,71.3810920715
soc-Pokec,b4_fast,1,partial_bf16_conversion,0.658750534058,400,71.3810920715
soc-Pokec,b4_fast,1,tile_load,3.39341163635,400,71.3810920715
soc-Pokec,b4_fast,1,tile_compute,7.36331939697,400,71.3810920715
soc-Pokec,b4_fast,1,tile_store,0.438213348389,400,71.3810920715
soc-Pokec,b4_fast,1,output_scatter,0.394344329834,400,71.3810920715
soc-Pokec,b4_fast,1,thread_amx_setup,0.0314712524414,400,71.3810920715
soc-Pokec,b4_fast,2,output_zero,0,400,69.5700645447
soc-Pokec,b4_fast,2,row_schedule,0.128507614136,400,69.5700645447
soc-Pokec,b4_fast,2,partial_zero,0.753164291382,400,69.5700645447
soc-Pokec,b4_fast,2,csr_prefetch,5.22422790527,400,69.5700645447
soc-Pokec,b4_fast,2,feature_gather_decode,9.55104827881,400,69.5700645447
soc-Pokec,b4_fast,2,fp32_neighbor_reduction,5.67984580994,400,69.5700645447
soc-Pokec,b4_fast,2,partial_bf16_conversion,0.680446624756,400,69.5700645447
soc-Pokec,b4_fast,2,tile_load,3.35621833801,400,69.5700645447
soc-Pokec,b4_fast,2,tile_compute,7.72523880005,400,69.5700645447
soc-Pokec,b4_fast,2,tile_store,0.501155853271,400,69.5700645447
soc-Pokec,b4_fast,2,output_scatter,0.0491142272949,400,69.5700645447
soc-Pokec,b4_fast,2,thread_amx_setup,0.0283718109131,400,69.5700645447
soc-Pokec,b4_accurate,1,output_zero,0,400,80.7220935822
soc-Pokec,b4_accurate,1,row_schedule,0.118255615234,400,80.7220935822
soc-Pokec,b4_accurate,1,partial_zero,0.823259353638,400,80.7220935822
soc-Pokec,b4_accurate,1,csr_prefetch,5.12003898621,400,80.7220935822
soc-Pokec,b4_accurate,1,feature_gather_decode,9.22870635986,400,80.7220935822
soc-Pokec,b4_accurate,1,fp32_neighbor_reduction,5.56874275208,400,80.7220935822
soc-Pokec,b4_accurate,1,partial_bf16_conversion,1.1031627655,400,80.7220935822
soc-Pokec,b4_accurate,1,tile_load,5.83791732788,400,80.7220935822
soc-Pokec,b4_accurate,1,tile_compute,8.39829444885,400,80.7220935822
soc-Pokec,b4_accurate,1,tile_store,0.382900238037,400,80.7220935822
soc-Pokec,b4_accurate,1,output_scatter,0.387907028198,400,80.7220935822
soc-Pokec,b4_accurate,1,thread_amx_setup,0.0231266021729,400,80.7220935822
soc-Pokec,b4_accurate,2,output_zero,0.000953674316406,400,79.4160366058
soc-Pokec,b4_accurate,2,row_schedule,0.123023986816,400,79.4160366058
soc-Pokec,b4_accurate,2,partial_zero,0.762462615967,400,79.4160366058
soc-Pokec,b4_accurate,2,csr_prefetch,5.14698028564,400,79.4160366058
soc-Pokec,b4_accurate,2,feature_gather_decode,9.34505462646,400,79.4160366058
soc-Pokec,b4_accurate,2,fp32_neighbor_reduction,5.58519363403,400,79.4160366058
soc-Pokec,b4_accurate,2,partial_bf16_conversion,1.15275382996,400,79.4160366058
soc-Pokec,b4_accurate,2,tile_load,5.92565536499,400,79.4160366058
soc-Pokec,b4_accurate,2,tile_compute,9.87148284912,400,79.4160366058
soc-Pokec,b4_accurate,2,tile_store,0.37693977356,400,79.4160366058
soc-Pokec,b4_accurate,2,output_scatter,0.0631809234619,400,79.4160366058
soc-Pokec,b4_accurate,2,thread_amx_setup,0.025749206543,400,79.4160366058
soc-Pokec,b8_fast,1,output_zero,0.00119209289551,400,59.6511363983
soc-Pokec,b8_fast,1,row_schedule,0.152826309204,400,59.6511363983
soc-Pokec,b8_fast,1,partial_zero,0.435352325439,400,59.6511363983
soc-Pokec,b8_fast,1,csr_prefetch,4.86993789673,400,59.6511363983
soc-Pokec,b8_fast,1,feature_gather_decode,7.82895088196,400,59.6511363983
soc-Pokec,b8_fast,1,fp32_neighbor_reduction,4.83155250549,400,59.6511363983
soc-Pokec,b8_fast,1,partial_bf16_conversion,0.350952148438,400,59.6511363983
soc-Pokec,b8_fast,1,tile_load,1.94382667542,400,59.6511363983
soc-Pokec,b8_fast,1,tile_compute,3.77225875854,400,59.6511363983
soc-Pokec,b8_fast,1,tile_store,0.232219696045,400,59.6511363983
soc-Pokec,b8_fast,1,output_scatter,0.403165817261,400,59.6511363983
soc-Pokec,b8_fast,1,thread_amx_setup,0.0274181365967,400,59.6511363983
soc-Pokec,b8_fast,2,output_zero,0,400,56.2839508057
soc-Pokec,b8_fast,2,row_schedule,0.13542175293,400,56.2839508057
soc-Pokec,b8_fast,2,partial_zero,0.430345535278,400,56.2839508057
soc-Pokec,b8_fast,2,csr_prefetch,5.00965118408,400,56.2839508057
soc-Pokec,b8_fast,2,feature_gather_decode,7.81488418579,400,56.2839508057
soc-Pokec,b8_fast,2,fp32_neighbor_reduction,4.75740432739,400,56.2839508057
soc-Pokec,b8_fast,2,partial_bf16_conversion,0.339031219482,400,56.2839508057
soc-Pokec,b8_fast,2,tile_load,1.99842453003,400,56.2839508057
soc-Pokec,b8_fast,2,tile_compute,3.62014770508,400,56.2839508057
soc-Pokec,b8_fast,2,tile_store,0.237941741943,400,56.2839508057
soc-Pokec,b8_fast,2,output_scatter,0.0479221343994,400,56.2839508057
soc-Pokec,b8_fast,2,thread_amx_setup,0.030517578125,400,56.2839508057
soc-Pokec,b8_accurate,1,output_zero,0,400,64.7220611572
soc-Pokec,b8_accurate,1,row_schedule,0.153779983521,400,64.7220611572
soc-Pokec,b8_accurate,1,partial_zero,0.411510467529,400,64.7220611572
soc-Pokec,b8_accurate,1,csr_prefetch,5.18131256104,400,64.7220611572
soc-Pokec,b8_accurate,1,feature_gather_decode,7.70735740662,400,64.7220611572
soc-Pokec,b8_accurate,1,fp32_neighbor_reduction,4.89163398743,400,64.7220611572
soc-Pokec,b8_accurate,1,partial_bf16_conversion,0.603437423706,400,64.7220611572
soc-Pokec,b8_accurate,1,tile_load,3.47375869751,400,64.7220611572
soc-Pokec,b8_accurate,1,tile_compute,5.60402870178,400,64.7220611572
soc-Pokec,b8_accurate,1,tile_store,0.231981277466,400,64.7220611572
soc-Pokec,b8_accurate,1,output_scatter,0.400304794312,400,64.7220611572
soc-Pokec,b8_accurate,1,thread_amx_setup,0.0300407409668,400,64.7220611572
soc-Pokec,b8_accurate,2,output_zero,0,400,59.7529411316
soc-Pokec,b8_accurate,2,row_schedule,0.123739242554,400,59.7529411316
soc-Pokec,b8_accurate,2,partial_zero,0.454187393188,400,59.7529411316
soc-Pokec,b8_accurate,2,csr_prefetch,5.10597229004,400,59.7529411316
soc-Pokec,b8_accurate,2,feature_gather_decode,7.85541534424,400,59.7529411316
soc-Pokec,b8_accurate,2,fp32_neighbor_reduction,4.99081611633,400,59.7529411316
soc-Pokec,b8_accurate,2,partial_bf16_conversion,0.611066818237,400,59.7529411316
soc-Pokec,b8_accurate,2,tile_load,3.46350669861,400,59.7529411316
soc-Pokec,b8_accurate,2,tile_compute,5.35035133362,400,59.7529411316
soc-Pokec,b8_accurate,2,tile_store,0.215291976929,400,59.7529411316
soc-Pokec,b8_accurate,2,output_scatter,0.0555515289307,400,59.7529411316
soc-Pokec,b8_accurate,2,thread_amx_setup,0.0236034393311,400,59.7529411316
soc-Pokec,b16_fast,1,output_zero,0,400,49.5541095734
soc-Pokec,b16_fast,1,row_schedule,0.154972076416,400,49.5541095734
soc-Pokec,b16_fast,1,partial_zero,0.267505645752,400,49.5541095734
soc-Pokec,b16_fast,1,csr_prefetch,4.80556488037,400,49.5541095734
soc-Pokec,b16_fast,1,feature_gather_decode,7.02905654907,400,49.5541095734
soc-Pokec,b16_fast,1,fp32_neighbor_reduction,4.37903404236,400,49.5541095734
soc-Pokec,b16_fast,1,partial_bf16_conversion,0.188827514648,400,49.5541095734
soc-Pokec,b16_fast,1,tile_load,1.35827064514,400,49.5541095734
soc-Pokec,b16_fast,1,tile_compute,2.37369537354,400,49.5541095734
soc-Pokec,b16_fast,1,tile_store,0.155925750732,400,49.5541095734
soc-Pokec,b16_fast,1,output_scatter,0.421047210693,400,49.5541095734
soc-Pokec,b16_fast,1,thread_amx_setup,0.028133392334,400,49.5541095734
soc-Pokec,b16_fast,2,output_zero,0,400,49.7870445251
soc-Pokec,b16_fast,2,row_schedule,0.128507614136,400,49.7870445251
soc-Pokec,b16_fast,2,partial_zero,0.26798248291,400,49.7870445251
soc-Pokec,b16_fast,2,csr_prefetch,4.91428375244,400,49.7870445251
soc-Pokec,b16_fast,2,feature_gather_decode,7.12013244629,400,49.7870445251
soc-Pokec,b16_fast,2,fp32_neighbor_reduction,4.33111190796,400,49.7870445251
soc-Pokec,b16_fast,2,partial_bf16_conversion,0.224113464355,400,49.7870445251
soc-Pokec,b16_fast,2,tile_load,1.30558013916,400,49.7870445251
soc-Pokec,b16_fast,2,tile_compute,2.31266021729,400,49.7870445251
soc-Pokec,b16_fast,2,tile_store,0.147581100464,400,49.7870445251
soc-Pokec,b16_fast,2,output_scatter,0.0646114349365,400,49.7870445251
soc-Pokec,b16_fast,2,thread_amx_setup,0.0286102294922,400,49.7870445251
soc-Pokec,b16_accurate,1,output_zero,0,400,58.8450431824
soc-Pokec,b16_accurate,1,row_schedule,0.124931335449,400,58.8450431824
soc-Pokec,b16_accurate,1,partial_zero,0.275850296021,400,58.8450431824
soc-Pokec,b16_accurate,1,csr_prefetch,4.96387481689,400,58.8450431824
soc-Pokec,b16_accurate,1,feature_gather_decode,7.14874267578,400,58.8450431824
soc-Pokec,b16_accurate,1,fp32_neighbor_reduction,4.6272277832,400,58.8450431824
soc-Pokec,b16_accurate,1,partial_bf16_conversion,0.315189361572,400,58.8450431824
soc-Pokec,b16_accurate,1,tile_load,2.14529037476,400,58.8450431824
soc-Pokec,b16_accurate,1,tile_compute,3.42559814453,400,58.8450431824
soc-Pokec,b16_accurate,1,tile_store,0.119924545288,400,58.8450431824
soc-Pokec,b16_accurate,1,output_scatter,0.411033630371,400,58.8450431824
soc-Pokec,b16_accurate,1,thread_amx_setup,0.0283718109131,400,58.8450431824
soc-Pokec,b16_accurate,2,output_zero,0.000953674316406,400,53.7660121918
soc-Pokec,b16_accurate,2,row_schedule,0.122785568237,400,53.7660121918
soc-Pokec,b16_accurate,2,partial_zero,0.301599502563,400,53.7660121918
soc-Pokec,b16_accurate,2,csr_prefetch,4.98461723328,400,53.7660121918
soc-Pokec,b16_accurate,2,feature_gather_decode,7.09319114685,400,53.7660121918
soc-Pokec,b16_accurate,2,fp32_neighbor_reduction,4.52947616577,400,53.7660121918
soc-Pokec,b16_accurate,2,partial_bf16_conversion,0.327825546265,400,53.7660121918
soc-Pokec,b16_accurate,2,tile_load,2.28238105774,400,53.7660121918
soc-Pokec,b16_accurate,2,tile_compute,3.18074226379,400,53.7660121918
soc-Pokec,b16_accurate,2,tile_store,0.118255615234,400,53.7660121918
soc-Pokec,b16_accurate,2,output_scatter,0.0805854797363,400,53.7660121918
soc-Pokec,b16_accurate,2,thread_amx_setup,0.0219345092773,400,53.7660121918
soc-Pokec,b32_fast,1,output_zero,0,400,52.6640415192
soc-Pokec,b32_fast,1,row_schedule,0.144004821777,400,52.6640415192
soc-Pokec,b32_fast,1,partial_zero,0.182151794434,400,52.6640415192
soc-Pokec,b32_fast,1,csr_prefetch,4.65869903564,400,52.6640415192
soc-Pokec,b32_fast,1,feature_gather_decode,6.68430328369,400,52.6640415192
soc-Pokec,b32_fast,1,fp32_neighbor_reduction,4.16111946106,400,52.6640415192
soc-Pokec,b32_fast,1,partial_bf16_conversion,0.124454498291,400,52.6640415192
soc-Pokec,b32_fast,1,tile_load,0.874042510986,400,52.6640415192
soc-Pokec,b32_fast,1,tile_compute,1.87134742737,400,52.6640415192
soc-Pokec,b32_fast,1,tile_store,0.105381011963,400,52.6640415192
soc-Pokec,b32_fast,1,output_scatter,0.436544418335,400,52.6640415192
soc-Pokec,b32_fast,1,thread_amx_setup,0.0307559967041,400,52.6640415192
soc-Pokec,b32_fast,2,output_zero,0,400,50.3408908844
soc-Pokec,b32_fast,2,row_schedule,0.129699707031,400,50.3408908844
soc-Pokec,b32_fast,2,partial_zero,0.213623046875,400,50.3408908844
soc-Pokec,b32_fast,2,csr_prefetch,4.67205047607,400,50.3408908844
soc-Pokec,b32_fast,2,feature_gather_decode,6.75940513611,400,50.3408908844
soc-Pokec,b32_fast,2,fp32_neighbor_reduction,4.13155555725,400,50.3408908844
soc-Pokec,b32_fast,2,partial_bf16_conversion,0.135898590088,400,50.3408908844
soc-Pokec,b32_fast,2,tile_load,0.891208648682,400,50.3408908844
soc-Pokec,b32_fast,2,tile_compute,1.73926353455,400,50.3408908844
soc-Pokec,b32_fast,2,tile_store,0.0953674316406,400,50.3408908844
soc-Pokec,b32_fast,2,output_scatter,0.0674724578857,400,50.3408908844
soc-Pokec,b32_fast,2,thread_amx_setup,0.0286102294922,400,50.3408908844
soc-Pokec,b32_accurate,1,output_zero,0,400,54.8191070557
soc-Pokec,b32_accurate,1,row_schedule,0.123977661133,400,54.8191070557
soc-Pokec,b32_accurate,1,partial_zero,0.203371047974,400,54.8191070557
soc-Pokec,b32_accurate,1,csr_prefetch,4.83870506287,400,54.8191070557
soc-Pokec,b32_accurate,1,feature_gather_decode,6.6442489624,400,54.8191070557
soc-Pokec,b32_accurate,1,fp32_neighbor_reduction,4.21810150146,400,54.8191070557
soc-Pokec,b32_accurate,1,partial_bf16_conversion,0.188112258911,400,54.8191070557
soc-Pokec,b32_accurate,1,tile_load,1.49512290955,400,54.8191070557
soc-Pokec,b32_accurate,1,tile_compute,2.30717658997,400,54.8191070557
soc-Pokec,b32_accurate,1,tile_store,0.0739097595215,400,54.8191070557
soc-Pokec,b32_accurate,1,output_scatter,0.437021255493,400,54.8191070557
soc-Pokec,b32_accurate,1,thread_amx_setup,0.0309944152832,400,54.8191070557
soc-Pokec,b32_accurate,2,output_zero,0,400,50.0490665436
soc-Pokec,b32_accurate,2,row_schedule,0.130176544189,400,50.0490665436
soc-Pokec,b32_accurate,2,partial_zero,0.20956993103,400,50.0490665436
soc-Pokec,b32_accurate,2,csr_prefetch,4.82511520386,400,50.0490665436
soc-Pokec,b32_accurate,2,feature_gather_decode,6.8941116333,400,50.0490665436
soc-Pokec,b32_accurate,2,fp32_neighbor_reduction,4.23884391785,400,50.0490665436
soc-Pokec,b32_accurate,2,partial_bf16_conversion,0.21505355835,400,50.0490665436
soc-Pokec,b32_accurate,2,tile_load,1.56354904175,400,50.0490665436
soc-Pokec,b32_accurate,2,tile_compute,2.11477279663,400,50.0490665436
soc-Pokec,b32_accurate,2,tile_store,0.0944137573242,400,50.0490665436
soc-Pokec,b32_accurate,2,output_scatter,0.0739097595215,400,50.0490665436
soc-Pokec,b32_accurate,2,thread_amx_setup,0.0290870666504,400,50.0490665436
soc-Pokec,b64_fast,1,output_zero,0,400,49.4039058685
soc-Pokec,b64_fast,1,row_schedule,0.149488449097,400,49.4039058685
soc-Pokec,b64_fast,1,partial_zero,0.143051147461,400,49.4039058685
soc-Pokec,b64_fast,1,csr_prefetch,4.66418266296,400,49.4039058685
soc-Pokec,b64_fast,1,feature_gather_decode,6.59441947937,400,49.4039058685
soc-Pokec,b64_fast,1,fp32_neighbor_reduction,4.07123565674,400,49.4039058685
soc-Pokec,b64_fast,1,partial_bf16_conversion,0.102043151855,400,49.4039058685
soc-Pokec,b64_fast,1,tile_load,0.674724578857,400,49.4039058685
soc-Pokec,b64_fast,1,tile_compute,1.35564804077,400,49.4039058685
soc-Pokec,b64_fast,1,tile_store,0.0820159912109,400,49.4039058685
soc-Pokec,b64_fast,1,output_scatter,0.436782836914,400,49.4039058685
soc-Pokec,b64_fast,1,thread_amx_setup,0.0247955322266,400,49.4039058685
soc-Pokec,b64_fast,2,output_zero,0,400,47.8739738464
soc-Pokec,b64_fast,2,row_schedule,0.116586685181,400,47.8739738464
soc-Pokec,b64_fast,2,partial_zero,0.171661376953,400,47.8739738464
soc-Pokec,b64_fast,2,csr_prefetch,4.59337234497,400,47.8739738464
soc-Pokec,b64_fast,2,feature_gather_decode,6.68144226074,400,47.8739738464
soc-Pokec,b64_fast,2,fp32_neighbor_reduction,3.9165019989,400,47.8739738464
soc-Pokec,b64_fast,2,partial_bf16_conversion,0.0998973846436,400,47.8739738464
soc-Pokec,b64_fast,2,tile_load,0.721454620361,400,47.8739738464
soc-Pokec,b64_fast,2,tile_compute,1.25575065613,400,47.8739738464
soc-Pokec,b64_fast,2,tile_store,0.104904174805,400,47.8739738464
soc-Pokec,b64_fast,2,output_scatter,0.0653266906738,400,47.8739738464
soc-Pokec,b64_fast,2,thread_amx_setup,0.0283718109131,400,47.8739738464
soc-Pokec,b64_accurate,1,output_zero,0,400,52.661895752
soc-Pokec,b64_accurate,1,row_schedule,0.146389007568,400,52.661895752
soc-Pokec,b64_accurate,1,partial_zero,0.157594680786,400,52.661895752
soc-Pokec,b64_accurate,1,csr_prefetch,4.86254692078,400,52.661895752
soc-Pokec,b64_accurate,1,feature_gather_decode,6.43539428711,400,52.661895752
soc-Pokec,b64_accurate,1,fp32_neighbor_reduction,4.065990448,400,52.661895752
soc-Pokec,b64_accurate,1,partial_bf16_conversion,0.15926361084,400,52.661895752
soc-Pokec,b64_accurate,1,tile_load,1.14989280701,400,52.661895752
soc-Pokec,b64_accurate,1,tile_compute,2.01869010925,400,52.661895752
soc-Pokec,b64_accurate,1,tile_store,0.0534057617188,400,52.661895752
soc-Pokec,b64_accurate,1,output_scatter,0.450134277344,400,52.661895752
soc-Pokec,b64_accurate,1,thread_amx_setup,0.025749206543,400,52.661895752
soc-Pokec,b64_accurate,2,output_zero,0,400,50.9209632874
soc-Pokec,b64_accurate,2,row_schedule,0.137329101562,400,50.9209632874
soc-Pokec,b64_accurate,2,partial_zero,0.171899795532,400,50.9209632874
soc-Pokec,b64_accurate,2,csr_prefetch,4.80961799622,400,50.9209632874
soc-Pokec,b64_accurate,2,feature_gather_decode,6.63065910339,400,50.9209632874
soc-Pokec,b64_accurate,2,fp32_neighbor_reduction,4.13608551025,400,50.9209632874
soc-Pokec,b64_accurate,2,partial_bf16_conversion,0.154972076416,400,50.9209632874
soc-Pokec,b64_accurate,2,tile_load,1.25646591187,400,50.9209632874
soc-Pokec,b64_accurate,2,tile_compute,1.96576118469,400,50.9209632874
soc-Pokec,b64_accurate,2,tile_store,0.0903606414795,400,50.9209632874
soc-Pokec,b64_accurate,2,output_scatter,0.0629425048828,400,50.9209632874
soc-Pokec,b64_accurate,2,thread_amx_setup,0.0247955322266,400,50.9209632874
soc-Pokec,bfull_fast,1,output_zero,0.00119209289551,400,49.7410297394
soc-Pokec,bfull_fast,1,row_schedule,0.14591217041,400,49.7410297394
soc-Pokec,bfull_fast,1,partial_zero,0.104904174805,400,49.7410297394
soc-Pokec,bfull_fast,1,csr_prefetch,4.75788116455,400,49.7410297394
soc-Pokec,bfull_fast,1,feature_gather_decode,6.34455680847,400,49.7410297394
soc-Pokec,bfull_fast,1,fp32_neighbor_reduction,3.83996963501,400,49.7410297394
soc-Pokec,bfull_fast,1,partial_bf16_conversion,0.0734329223633,400,49.7410297394
soc-Pokec,bfull_fast,1,tile_load,0.555753707886,400,49.7410297394
soc-Pokec,bfull_fast,1,tile_compute,1.13940238953,400,49.7410297394
soc-Pokec,bfull_fast,1,tile_store,0.0414848327637,400,49.7410297394
soc-Pokec,bfull_fast,1,output_scatter,0.446081161499,400,49.7410297394
soc-Pokec,bfull_fast,1,thread_amx_setup,0.035285949707,400,49.7410297394
soc-Pokec,bfull_fast,2,output_zero,0,400,48.574924469
soc-Pokec,bfull_fast,2,row_schedule,0.140428543091,400,48.574924469
soc-Pokec,bfull_fast,2,partial_zero,0.143527984619,400,48.574924469
soc-Pokec,bfull_fast,2,csr_prefetch,4.72354888916,400,48.574924469
soc-Pokec,bfull_fast,2,feature_gather_decode,6.53171539307,400,48.574924469
soc-Pokec,bfull_fast,2,fp32_neighbor_reduction,3.81183624268,400,48.574924469
soc-Pokec,bfull_fast,2,partial_bf16_conversion,0.0827312469482,400,48.574924469
soc-Pokec,bfull_fast,2,tile_load,0.510931015015,400,48.574924469
soc-Pokec,bfull_fast,2,tile_compute,1.17683410645,400,48.574924469
soc-Pokec,bfull_fast,2,tile_store,0.0832080841064,400,48.574924469
soc-Pokec,bfull_fast,2,output_scatter,0.0572204589844,400,48.574924469
soc-Pokec,bfull_fast,2,thread_amx_setup,0.025749206543,400,48.574924469
soc-Pokec,bfull_accurate,1,output_zero,0,400,51.5508651733
soc-Pokec,bfull_accurate,1,row_schedule,0.130653381348,400,51.5508651733
soc-Pokec,bfull_accurate,1,partial_zero,0.125646591187,400,51.5508651733
soc-Pokec,bfull_accurate,1,csr_prefetch,4.66561317444,400,51.5508651733
soc-Pokec,bfull_accurate,1,feature_gather_decode,6.39605522156,400,51.5508651733
soc-Pokec,bfull_accurate,1,fp32_neighbor_reduction,3.9496421814,400,51.5508651733
soc-Pokec,bfull_accurate,1,partial_bf16_conversion,0.0901222229004,400,51.5508651733
soc-Pokec,bfull_accurate,1,tile_load,0.919818878174,400,51.5508651733
soc-Pokec,bfull_accurate,1,tile_compute,1.49917602539,400,51.5508651733
soc-Pokec,bfull_accurate,1,tile_store,0.0338554382324,400,51.5508651733
soc-Pokec,bfull_accurate,1,output_scatter,0.441074371338,400,51.5508651733
soc-Pokec,bfull_accurate,1,thread_amx_setup,0.0247955322266,400,51.5508651733
soc-Pokec,bfull_accurate,2,output_zero,0,400,48.7959384918
soc-Pokec,bfull_accurate,2,row_schedule,0.146150588989,400,48.7959384918
soc-Pokec,bfull_accurate,2,partial_zero,0.132083892822,400,48.7959384918
soc-Pokec,bfull_accurate,2,csr_prefetch,4.78267669678,400,48.7959384918
soc-Pokec,bfull_accurate,2,feature_gather_decode,6.85691833496,400,48.7959384918
soc-Pokec,bfull_accurate,2,fp32_neighbor_reduction,3.95607948303,400,48.7959384918
soc-Pokec,bfull_accurate,2,partial_bf16_conversion,0.0765323638916,400,48.7959384918
soc-Pokec,bfull_accurate,2,tile_load,1.02519989014,400,48.7959384918
soc-Pokec,bfull_accurate,2,tile_compute,1.63316726685,400,48.7959384918
soc-Pokec,bfull_accurate,2,tile_store,0.0650882720947,400,48.7959384918
soc-Pokec,bfull_accurate,2,output_scatter,0.0691413879395,400,48.7959384918
soc-Pokec,bfull_accurate,2,thread_amx_setup,0.0264644622803,400,48.7959384918
cit-Patents,b2_fast,1,output_zero,0.0200271606445,923,54.5380115509
cit-Patents,b2_fast,1,row_schedule,0.211238861084,923,54.5380115509
cit-Patents,b2_fast,1,partial_zero,0.540018081665,923,54.5380115509
cit-Patents,b2_fast,1,csr_prefetch,3.65233421326,923,54.5380115509
cit-Patents,b2_fast,1,feature_gather_decode,7.77840614319,923,54.5380115509
cit-Patents,b2_fast,1,fp32_neighbor_reduction,3.9210319519,923,54.5380115509
cit-Patents,b2_fast,1,partial_bf16_conversion,0.560522079468,923,54.5380115509
cit-Patents,b2_fast,1,tile_load,2.09546089172,923,54.5380115509
cit-Patents,b2_fast,1,tile_compute,6.70671463013,923,54.5380115509
cit-Patents,b2_fast,1,tile_store,0.285625457764,923,54.5380115509
cit-Patents,b2_fast,1,output_scatter,0.559091567993,923,54.5380115509
cit-Patents,b2_fast,1,thread_amx_setup,0.0226497650146,923,54.5380115509
cit-Patents,b2_fast,2,output_zero,0,923,50.4529476166
cit-Patents,b2_fast,2,row_schedule,0.159502029419,923,50.4529476166
cit-Patents,b2_fast,2,partial_zero,0.532627105713,923,50.4529476166
cit-Patents,b2_fast,2,csr_prefetch,3.78584861755,923,50.4529476166
cit-Patents,b2_fast,2,feature_gather_decode,7.81297683716,923,50.4529476166
cit-Patents,b2_fast,2,fp32_neighbor_reduction,3.83067131042,923,50.4529476166
cit-Patents,b2_fast,2,partial_bf16_conversion,0.428199768066,923,50.4529476166
cit-Patents,b2_fast,2,tile_load,2.05206871033,923,50.4529476166
cit-Patents,b2_fast,2,tile_compute,6.11472129822,923,50.4529476166
cit-Patents,b2_fast,2,tile_store,0.280618667603,923,50.4529476166
cit-Patents,b2_fast,2,output_scatter,0.0820159912109,923,50.4529476166
cit-Patents,b2_fast,2,thread_amx_setup,0.0162124633789,923,50.4529476166
cit-Patents,b2_accurate,1,output_zero,0.000953674316406,923,62.8061294556
cit-Patents,b2_accurate,1,row_schedule,0.150442123413,923,62.8061294556
cit-Patents,b2_accurate,1,partial_zero,0.566959381104,923,62.8061294556
cit-Patents,b2_accurate,1,csr_prefetch,3.69739532471,923,62.8061294556
cit-Patents,b2_accurate,1,feature_gather_decode,7.58624076843,923,62.8061294556
cit-Patents,b2_accurate,1,fp32_neighbor_reduction,3.71146202087,923,62.8061294556
cit-Patents,b2_accurate,1,partial_bf16_conversion,0.744819641113,923,62.8061294556
cit-Patents,b2_accurate,1,tile_load,3.72529029846,923,62.8061294556
cit-Patents,b2_accurate,1,tile_compute,7.24864006042,923,62.8061294556
cit-Patents,b2_accurate,1,tile_store,0.259399414062,923,62.8061294556
cit-Patents,b2_accurate,1,output_scatter,0.565767288208,923,62.8061294556
cit-Patents,b2_accurate,1,thread_amx_setup,0.023365020752,923,62.8061294556
cit-Patents,b2_accurate,2,output_zero,0,923,58.2089424133
cit-Patents,b2_accurate,2,row_schedule,0.157594680786,923,58.2089424133
cit-Patents,b2_accurate,2,partial_zero,0.521898269653,923,58.2089424133
cit-Patents,b2_accurate,2,csr_prefetch,3.64065170288,923,58.2089424133
cit-Patents,b2_accurate,2,feature_gather_decode,7.76886940002,923,58.2089424133
cit-Patents,b2_accurate,2,fp32_neighbor_reduction,3.80682945251,923,58.2089424133
cit-Patents,b2_accurate,2,partial_bf16_conversion,0.700235366821,923,58.2089424133
cit-Patents,b2_accurate,2,tile_load,3.6633014679,923,58.2089424133
cit-Patents,b2_accurate,2,tile_compute,7.50398635864,923,58.2089424133
cit-Patents,b2_accurate,2,tile_store,0.2760887146,923,58.2089424133
cit-Patents,b2_accurate,2,output_scatter,0.0953674316406,923,58.2089424133
cit-Patents,b2_accurate,2,thread_amx_setup,0.0209808349609,923,58.2089424133
cit-Patents,b4_fast,1,output_zero,0,923,47.0471382141
cit-Patents,b4_fast,1,row_schedule,0.218391418457,923,47.0471382141
cit-Patents,b4_fast,1,partial_zero,0.310182571411,923,47.0471382141
cit-Patents,b4_fast,1,csr_prefetch,3.27682495117,923,47.0471382141
cit-Patents,b4_fast,1,feature_gather_decode,5.79762458801,923,47.0471382141
cit-Patents,b4_fast,1,fp32_neighbor_reduction,3.21459770203,923,47.0471382141
cit-Patents,b4_fast,1,partial_bf16_conversion,0.245809555054,923,47.0471382141
cit-Patents,b4_fast,1,tile_load,1.30081176758,923,47.0471382141
cit-Patents,b4_fast,1,tile_compute,3.46279144287,923,47.0471382141
cit-Patents,b4_fast,1,tile_store,0.196218490601,923,47.0471382141
cit-Patents,b4_fast,1,output_scatter,0.613451004028,923,47.0471382141
cit-Patents,b4_fast,1,thread_amx_setup,0.0224113464355,923,47.0471382141
cit-Patents,b4_fast,2,output_zero,0,923,41.9170856476
cit-Patents,b4_fast,2,row_schedule,0.168561935425,923,41.9170856476
cit-Patents,b4_fast,2,partial_zero,0.347852706909,923,41.9170856476
cit-Patents,b4_fast,2,csr_prefetch,3.25202941895,923,41.9170856476
cit-Patents,b4_fast,2,feature_gather_decode,5.79380989075,923,41.9170856476
cit-Patents,b4_fast,2,fp32_neighbor_reduction,3.00359725952,923,41.9170856476
cit-Patents,b4_fast,2,partial_bf16_conversion,0.237226486206,923,41.9170856476
cit-Patents,b4_fast,2,tile_load,1.19757652283,923,41.9170856476
cit-Patents,b4_fast,2,tile_compute,2.79426574707,923,41.9170856476
cit-Patents,b4_fast,2,tile_store,0.165462493896,923,41.9170856476
cit-Patents,b4_fast,2,output_scatter,0.0720024108887,923,41.9170856476
cit-Patents,b4_fast,2,thread_amx_setup,0.0252723693848,923,41.9170856476
cit-Patents,b4_accurate,1,output_zero,0.000953674316406,923,51.6500473022
cit-Patents,b4_accurate,1,row_schedule,0.192403793335,923,51.6500473022
cit-Patents,b4_accurate,1,partial_zero,0.339508056641,923,51.6500473022
cit-Patents,b4_accurate,1,csr_prefetch,3.21984291077,923,51.6500473022
cit-Patents,b4_accurate,1,feature_gather_decode,5.85269927979,923,51.6500473022
cit-Patents,b4_accurate,1,fp32_neighbor_reduction,3.14617156982,923,51.6500473022
cit-Patents,b4_accurate,1,partial_bf16_conversion,0.36096572876,923,51.6500473022
cit-Patents,b4_accurate,1,tile_load,2.3148059845,923,51.6500473022
cit-Patents,b4_accurate,1,tile_compute,4.41217422485,923,51.6500473022
cit-Patents,b4_accurate,1,tile_store,0.14853477478,923,51.6500473022
cit-Patents,b4_accurate,1,output_scatter,0.598430633545,923,51.6500473022
cit-Patents,b4_accurate,1,thread_amx_setup,0.0185966491699,923,51.6500473022
cit-Patents,b4_accurate,2,output_zero,0,923,45.2098846436
cit-Patents,b4_accurate,2,row_schedule,0.184535980225,923,45.2098846436
cit-Patents,b4_accurate,2,partial_zero,0.34236907959,923,45.2098846436
cit-Patents,b4_accurate,2,csr_prefetch,3.27181816101,923,45.2098846436
cit-Patents,b4_accurate,2,feature_gather_decode,5.79571723938,923,45.2098846436
cit-Patents,b4_accurate,2,fp32_neighbor_reduction,3.13901901245,923,45.2098846436
cit-Patents,b4_accurate,2,partial_bf16_conversion,0.401020050049,923,45.2098846436
cit-Patents,b4_accurate,2,tile_load,2.22373008728,923,45.2098846436
cit-Patents,b4_accurate,2,tile_compute,4.21977043152,923,45.2098846436
cit-Patents,b4_accurate,2,tile_store,0.195026397705,923,45.2098846436
cit-Patents,b4_accurate,2,output_scatter,0.104188919067,923,45.2098846436
cit-Patents,b4_accurate,2,thread_amx_setup,0.0152587890625,923,45.2098846436
cit-Patents,b8_fast,1,output_zero,0.000953674316406,923,43.2620048523
cit-Patents,b8_fast,1,row_schedule,0.20432472229,923,43.2620048523
cit-Patents,b8_fast,1,partial_zero,0.212669372559,923,43.2620048523
cit-Patents,b8_fast,1,csr_prefetch,2.97093391418,923,43.2620048523
cit-Patents,b8_fast,1,feature_gather_decode,4.92525100708,923,43.2620048523
cit-Patents,b8_fast,1,fp32_neighbor_reduction,2.67696380615,923,43.2620048523
cit-Patents,b8_fast,1,partial_bf16_conversion,0.146627426147,923,43.2620048523
cit-Patents,b8_fast,1,tile_load,0.863313674927,923,43.2620048523
cit-Patents,b8_fast,1,tile_compute,2.20966339111,923,43.2620048523
cit-Patents,b8_fast,1,tile_store,0.107526779175,923,43.2620048523
cit-Patents,b8_fast,1,output_scatter,0.615119934082,923,43.2620048523
cit-Patents,b8_fast,1,thread_amx_setup,0.0219345092773,923,43.2620048523
cit-Patents,b8_fast,2,output_zero,0,923,37.4038219452
cit-Patents,b8_fast,2,row_schedule,0.162124633789,923,37.4038219452
cit-Patents,b8_fast,2,partial_zero,0.22554397583,923,37.4038219452
cit-Patents,b8_fast,2,csr_prefetch,3.13496589661,923,37.4038219452
cit-Patents,b8_fast,2,feature_gather_decode,4.72021102905,923,37.4038219452
cit-Patents,b8_fast,2,fp32_neighbor_reduction,2.65336036682,923,37.4038219452
cit-Patents,b8_fast,2,partial_bf16_conversion,0.174522399902,923,37.4038219452
cit-Patents,b8_fast,2,tile_load,0.813245773315,923,37.4038219452
cit-Patents,b8_fast,2,tile_compute,2.04968452454,923,37.4038219452
cit-Patents,b8_fast,2,tile_store,0.134706497192,923,37.4038219452
cit-Patents,b8_fast,2,output_scatter,0.0815391540527,923,37.4038219452
cit-Patents,b8_fast,2,thread_amx_setup,0.0152587890625,923,37.4038219452
cit-Patents,b8_accurate,1,output_zero,0,923,45.4070568085
cit-Patents,b8_accurate,1,row_schedule,0.189065933228,923,45.4070568085
cit-Patents,b8_accurate,1,partial_zero,0.248432159424,923,45.4070568085
cit-Patents,b8_accurate,1,csr_prefetch,3.17096710205,923,45.4070568085
cit-Patents,b8_accurate,1,feature_gather_decode,4.89473342896,923,45.4070568085
cit-Patents,b8_accurate,1,fp32_neighbor_reduction,2.77233123779,923,45.4070568085
cit-Patents,b8_accurate,1,partial_bf16_conversion,0.240087509155,923,45.4070568085
cit-Patents,b8_accurate,1,tile_load,1.57999992371,923,45.4070568085
cit-Patents,b8_accurate,1,tile_compute,3.29542160034,923,45.4070568085
cit-Patents,b8_accurate,1,tile_store,0.0696182250977,923,45.4070568085
cit-Patents,b8_accurate,1,output_scatter,0.622034072876,923,45.4070568085
cit-Patents,b8_accurate,1,thread_amx_setup,0.0178813934326,923,45.4070568085
cit-Patents,b8_accurate,2,output_zero,0,923,37.1069908142
cit-Patents,b8_accurate,2,row_schedule,0.184297561646,923,37.1069908142
cit-Patents,b8_accurate,2,partial_zero,0.258445739746,923,37.1069908142
cit-Patents,b8_accurate,2,csr_prefetch,3.13425064087,923,37.1069908142
cit-Patents,b8_accurate,2,feature_gather_decode,4.87470626831,923,37.1069908142
cit-Patents,b8_accurate,2,fp32_neighbor_reduction,2.79355049133,923,37.1069908142
cit-Patents,b8_accurate,2,partial_bf16_conversion,0.217199325562,923,37.1069908142
cit-Patents,b8_accurate,2,tile_load,1.58929824829,923,37.1069908142
cit-Patents,b8_accurate,2,tile_compute,3.06963920593,923,37.1069908142
cit-Patents,b8_accurate,2,tile_store,0.0932216644287,923,37.1069908142
cit-Patents,b8_accurate,2,output_scatter,0.102043151855,923,37.1069908142
cit-Patents,b8_accurate,2,thread_amx_setup,0.0166893005371,923,37.1069908142
cit-Patents,b16_fast,1,output_zero,0,923,41.1350727081
cit-Patents,b16_fast,1,row_schedule,0.227689743042,923,41.1350727081
cit-Patents,b16_fast,1,partial_zero,0.176668167114,923,41.1350727081
cit-Patents,b16_fast,1,csr_prefetch,2.97236442566,923,41.1350727081
cit-Patents,b16_fast,1,feature_gather_decode,4.42457199097,923,41.1350727081
cit-Patents,b16_fast,1,fp32_neighbor_reduction,2.4106502533,923,41.1350727081
cit-Patents,b16_fast,1,partial_bf16_conversion,0.123262405396,923,41.1350727081
cit-Patents,b16_fast,1,tile_load,0.709056854248,923,41.1350727081
cit-Patents,b16_fast,1,tile_compute,1.67083740234,923,41.1350727081
cit-Patents,b16_fast,1,tile_store,0.0691413879395,923,41.1350727081
cit-Patents,b16_fast,1,output_scatter,0.632524490356,923,41.1350727081
cit-Patents,b16_fast,1,thread_amx_setup,0.0202655792236,923,41.1350727081
cit-Patents,b16_fast,2,output_zero,0,923,35.7491970062
cit-Patents,b16_fast,2,row_schedule,0.179052352905,923,35.7491970062
cit-Patents,b16_fast,2,partial_zero,0.182151794434,923,35.7491970062
cit-Patents,b16_fast,2,csr_prefetch,2.97260284424,923,35.7491970062
cit-Patents,b16_fast,2,feature_gather_decode,4.50134277344,923,35.7491970062
cit-Patents,b16_fast,2,fp32_neighbor_reduction,2.40612030029,923,35.7491970062
cit-Patents,b16_fast,2,partial_bf16_conversion,0.13256072998,923,35.7491970062
cit-Patents,b16_fast,2,tile_load,0.633716583252,923,35.7491970062
cit-Patents,b16_fast,2,tile_compute,1.64294242859,923,35.7491970062
cit-Patents,b16_fast,2,tile_store,0.1060962677,923,35.7491970062
cit-Patents,b16_fast,2,output_scatter,0.0712871551514,923,35.7491970062
cit-Patents,b16_fast,2,thread_amx_setup,0.0231266021729,923,35.7491970062
cit-Patents,b16_accurate,1,output_zero,0,923,41.9018268585
cit-Patents,b16_accurate,1,row_schedule,0.174283981323,923,41.9018268585
cit-Patents,b16_accurate,1,partial_zero,0.222444534302,923,41.9018268585
cit-Patents,b16_accurate,1,csr_prefetch,3.08871269226,923,41.9018268585
cit-Patents,b16_accurate,1,feature_gather_decode,4.39643859863,923,41.9018268585
cit-Patents,b16_accurate,1,fp32_neighbor_reduction,2.65312194824,923,41.9018268585
cit-Patents,b16_accurate,1,partial_bf16_conversion,0.155925750732,923,41.9018268585
cit-Patents,b16_accurate,1,tile_load,1.2731552124,923,41.9018268585
cit-Patents,b16_accurate,1,tile_compute,2.56991386414,923,41.9018268585
cit-Patents,b16_accurate,1,tile_store,0.0596046447754,923,41.9018268585
cit-Patents,b16_accurate,1,output_scatter,0.600099563599,923,41.9018268585
cit-Patents,b16_accurate,1,thread_amx_setup,0.0171661376953,923,41.9018268585
cit-Patents,b16_accurate,2,output_zero,0,923,36.3168716431
cit-Patents,b16_accurate,2,row_schedule,0.179052352905,923,36.3168716431
cit-Patents,b16_accurate,2,partial_zero,0.192403793335,923,36.3168716431
cit-Patents,b16_accurate,2,csr_prefetch,3.09991836548,923,36.3168716431
cit-Patents,b16_accurate,2,feature_gather_decode,4.43553924561,923,36.3168716431
cit-Patents,b16_accurate,2,fp32_neighbor_reduction,2.57015228271,923,36.3168716431
cit-Patents,b16_accurate,2,partial_bf16_conversion,0.166416168213,923,36.3168716431
cit-Patents,b16_accurate,2,tile_load,1.26051902771,923,36.3168716431
cit-Patents,b16_accurate,2,tile_compute,2.30598449707,923,36.3168716431
cit-Patents,b16_accurate,2,tile_store,0.0815391540527,923,36.3168716431
cit-Patents,b16_accurate,2,output_scatter,0.0908374786377,923,36.3168716431
cit-Patents,b16_accurate,2,thread_amx_setup,0.0171661376953,923,36.3168716431
cit-Patents,b32_fast,1,output_zero,0.000953674316406,923,38.6838912964
cit-Patents,b32_fast,1,row_schedule,0.244379043579,923,38.6838912964
cit-Patents,b32_fast,1,partial_zero,0.143527984619,923,38.6838912964
cit-Patents,b32_fast,1,csr_prefetch,2.95472145081,923,38.6838912964
cit-Patents,b32_fast,1,feature_gather_decode,4.35161590576,923,38.6838912964
cit-Patents,b32_fast,1,fp32_neighbor_reduction,2.43020057678,923,38.6838912964
cit-Patents,b32_fast,1,partial_bf16_conversion,0.1060962677,923,38.6838912964
cit-Patents,b32_fast,1,tile_load,0.662088394165,923,38.6838912964
cit-Patents,b32_fast,1,tile_compute,1.61528587341,923,38.6838912964
cit-Patents,b32_fast,1,tile_store,0.0739097595215,923,38.6838912964
cit-Patents,b32_fast,1,output_scatter,0.657320022583,923,38.6838912964
cit-Patents,b32_fast,1,thread_amx_setup,0.0214576721191,923,38.6838912964
cit-Patents,b32_fast,2,output_zero,0,923,33.5249900818
cit-Patents,b32_fast,2,row_schedule,0.175952911377,923,33.5249900818
cit-Patents,b32_fast,2,partial_zero,0.186920166016,923,33.5249900818
cit-Patents,b32_fast,2,csr_prefetch,2.94232368469,923,33.5249900818
cit-Patents,b32_fast,2,feature_gather_decode,4.4150352478,923,33.5249900818
cit-Patents,b32_fast,2,fp32_neighbor_reduction,2.32648849487,923,33.5249900818
cit-Patents,b32_fast,2,partial_bf16_conversion,0.0927448272705,923,33.5249900818
cit-Patents,b32_fast,2,tile_load,0.604629516602,923,33.5249900818
cit-Patents,b32_fast,2,tile_compute,1.50227546692,923,33.5249900818
cit-Patents,b32_fast,2,tile_store,0.0782012939453,923,33.5249900818
cit-Patents,b32_fast,2,output_scatter,0.0772476196289,923,33.5249900818
cit-Patents,b32_fast,2,thread_amx_setup,0.0159740447998,923,33.5249900818
cit-Patents,b32_accurate,1,output_zero,0.000953674316406,923,41.8829917908
cit-Patents,b32_accurate,1,row_schedule,0.171661376953,923,41.8829917908
cit-Patents,b32_accurate,1,partial_zero,0.163555145264,923,41.8829917908
cit-Patents,b32_accurate,1,csr_prefetch,3.05271148682,923,41.8829917908
cit-Patents,b32_accurate,1,feature_gather_decode,4.33564186096,923,41.8829917908
cit-Patents,b32_accurate,1,fp32_neighbor_reduction,2.45523452759,923,41.8829917908
cit-Patents,b32_accurate,1,partial_bf16_conversion,0.14066696167,923,41.8829917908
cit-Patents,b32_accurate,1,tile_load,1.0998249054,923,41.8829917908
cit-Patents,b32_accurate,1,tile_compute,2.32839584351,923,41.8829917908
cit-Patents,b32_accurate,1,tile_store,0.0731945037842,923,41.8829917908
cit-Patents,b32_accurate,1,output_scatter,0.608205795288,923,41.8829917908
cit-Patents,b32_accurate,1,thread_amx_setup,0.0176429748535,923,41.8829917908
cit-Patents,b32_accurate,2,output_zero,0,923,35.1479053497
cit-Patents,b32_accurate,2,row_schedule,0.165224075317,923,35.1479053497
cit-Patents,b32_accurate,2,partial_zero,0.197649002075,923,35.1479053497
cit-Patents,b32_accurate,2,csr_prefetch,3.02481651306,923,35.1479053497
cit-Patents,b32_accurate,2,feature_gather_decode,4.30107116699,923,35.1479053497
cit-Patents,b32_accurate,2,fp32_neighbor_reduction,2.52485275269,923,35.1479053497
cit-Patents,b32_accurate,2,partial_bf16_conversion,0.160217285156,923,35.1479053497
cit-Patents,b32_accurate,2,tile_load,1.20425224304,923,35.1479053497
cit-Patents,b32_accurate,2,tile_compute,2.12931632996,923,35.1479053497
cit-Patents,b32_accurate,2,tile_store,0.10347366333,923,35.1479053497
cit-Patents,b32_accurate,2,output_scatter,0.0905990600586,923,35.1479053497
cit-Patents,b32_accurate,2,thread_amx_setup,0.0152587890625,923,35.1479053497
cit-Patents,b64_fast,1,output_zero,0.000953674316406,923,39.409160614
cit-Patents,b64_fast,1,row_schedule,0.218868255615,923,39.409160614
cit-Patents,b64_fast,1,partial_zero,0.142574310303,923,39.409160614
cit-Patents,b64_fast,1,csr_prefetch,2.9673576355,923,39.409160614
cit-Patents,b64_fast,1,feature_gather_decode,4.38594818115,923,39.409160614
cit-Patents,b64_fast,1,fp32_neighbor_reduction,2.26449966431,923,39.409160614
cit-Patents,b64_fast,1,partial_bf16_conversion,0.105381011963,923,39.409160614
cit-Patents,b64_fast,1,tile_load,0.61559677124,923,39.409160614
cit-Patents,b64_fast,1,tile_compute,1.56164169312,923,39.409160614
cit-Patents,b64_fast,1,tile_store,0.06103515625,923,39.409160614
cit-Patents,b64_fast,1,output_scatter,0.655889511108,923,39.409160614
cit-Patents,b64_fast,1,thread_amx_setup,0.0193119049072,923,39.409160614
cit-Patents,b64_fast,2,output_zero,0,923,35.2630615234
cit-Patents,b64_fast,2,row_schedule,0.164270401001,923,35.2630615234
cit-Patents,b64_fast,2,partial_zero,0.189065933228,923,35.2630615234
cit-Patents,b64_fast,2,csr_prefetch,3.00645828247,923,35.2630615234
cit-Patents,b64_fast,2,feature_gather_decode,4.19974327087,923,35.2630615234
cit-Patents,b64_fast,2,fp32_neighbor_reduction,2.35676765442,923,35.2630615234
cit-Patents,b64_fast,2,partial_bf16_conversion,0.107049942017,923,35.2630615234
cit-Patents,b64_fast,2,tile_load,0.561475753784,923,35.2630615234
cit-Patents,b64_fast,2,tile_compute,1.41763687134,923,35.2630615234
cit-Patents,b64_fast,2,tile_store,0.0965595245361,923,35.2630615234
cit-Patents,b64_fast,2,output_scatter,0.0846385955811,923,35.2630615234
cit-Patents,b64_fast,2,thread_amx_setup,0.0181198120117,923,35.2630615234
cit-Patents,b64_accurate,1,output_zero,0,923,39.9498939514
cit-Patents,b64_accurate,1,row_schedule,0.162363052368,923,39.9498939514
cit-Patents,b64_accurate,1,partial_zero,0.180006027222,923,39.9498939514
cit-Patents,b64_accurate,1,csr_prefetch,3.14044952393,923,39.9498939514
cit-Patents,b64_accurate,1,feature_gather_decode,4.35352325439,923,39.9498939514
cit-Patents,b64_accurate,1,fp32_neighbor_reduction,2.4733543396,923,39.9498939514
cit-Patents,b64_accurate,1,partial_bf16_conversion,0.144720077515,923,39.9498939514
cit-Patents,b64_accurate,1,tile_load,1.12891197205,923,39.9498939514
cit-Patents,b64_accurate,1,tile_compute,2.18844413757,923,39.9498939514
cit-Patents,b64_accurate,1,tile_store,0.0665187835693,923,39.9498939514
cit-Patents,b64_accurate,1,output_scatter,0.616550445557,923,39.9498939514
cit-Patents,b64_accurate,1,thread_amx_setup,0.0143051147461,923,39.9498939514
cit-Patents,b64_accurate,2,output_zero,0,923,35.1519584656
cit-Patents,b64_accurate,2,row_schedule,0.182151794434,923,35.1519584656
cit-Patents,b64_accurate,2,partial_zero,0.20170211792,923,35.1519584656
cit-Patents,b64_accurate,2,csr_prefetch,2.95782089233,923,35.1519584656
cit-Patents,b64_accurate,2,feature_gather_decode,4.30488586426,923,35.1519584656
cit-Patents,b64_accurate,2,fp32_neighbor_reduction,2.50291824341,923,35.1519584656
cit-Patents,b64_accurate,2,partial_bf16_conversion,0.165462493896,923,35.1519584656
cit-Patents,b64_accurate,2,tile_load,1.10673904419,923,35.1519584656
cit-Patents,b64_accurate,2,tile_compute,1.97219848633,923,35.1519584656
cit-Patents,b64_accurate,2,tile_store,0.0712871551514,923,35.1519584656
cit-Patents,b64_accurate,2,output_scatter,0.093936920166,923,35.1519584656
cit-Patents,b64_accurate,2,thread_amx_setup,0.0190734863281,923,35.1519584656
cit-Patents,bfull_fast,1,output_zero,0.000953674316406,923,39.8850440979
cit-Patents,bfull_fast,1,row_schedule,0.20956993103,923,39.8850440979
cit-Patents,bfull_fast,1,partial_zero,0.183820724487,923,39.8850440979
cit-Patents,bfull_fast,1,csr_prefetch,2.84814834595,923,39.8850440979
cit-Patents,bfull_fast,1,feature_gather_decode,4.28032875061,923,39.8850440979
cit-Patents,bfull_fast,1,fp32_neighbor_reduction,2.37226486206,923,39.8850440979
cit-Patents,bfull_fast,1,partial_bf16_conversion,0.103235244751,923,39.8850440979
cit-Patents,bfull_fast,1,tile_load,0.607252120972,923,39.8850440979
cit-Patents,bfull_fast,1,tile_compute,1.53923034668,923,39.8850440979
cit-Patents,bfull_fast,1,tile_store,0.0789165496826,923,39.8850440979
cit-Patents,bfull_fast,1,output_scatter,0.664234161377,923,39.8850440979
cit-Patents,bfull_fast,1,thread_amx_setup,0.0195503234863,923,39.8850440979
cit-Patents,bfull_fast,2,output_zero,0,923,34.9309444427
cit-Patents,bfull_fast,2,row_schedule,0.170946121216,923,34.9309444427
cit-Patents,bfull_fast,2,partial_zero,0.177145004272,923,34.9309444427
cit-Patents,bfull_fast,2,csr_prefetch,2.98857688904,923,34.9309444427
cit-Patents,bfull_fast,2,feature_gather_decode,4.35471534729,923,34.9309444427
cit-Patents,bfull_fast,2,fp32_neighbor_reduction,2.25424766541,923,34.9309444427
cit-Patents,bfull_fast,2,partial_bf16_conversion,0.108957290649,923,34.9309444427
cit-Patents,bfull_fast,2,tile_load,0.596523284912,923,34.9309444427
cit-Patents,bfull_fast,2,tile_compute,1.34181976318,923,34.9309444427
cit-Patents,bfull_fast,2,tile_store,0.0777244567871,923,34.9309444427
cit-Patents,bfull_fast,2,output_scatter,0.106573104858,923,34.9309444427
cit-Patents,bfull_fast,2,thread_amx_setup,0.0162124633789,923,34.9309444427
cit-Patents,bfull_accurate,1,output_zero,0.00119209289551,923,40.2719974518
cit-Patents,bfull_accurate,1,row_schedule,0.176906585693,923,40.2719974518
cit-Patents,bfull_accurate,1,partial_zero,0.196695327759,923,40.2719974518
cit-Patents,bfull_accurate,1,csr_prefetch,2.95305252075,923,40.2719974518
cit-Patents,bfull_accurate,1,feature_gather_decode,4.39453125,923,40.2719974518
cit-Patents,bfull_accurate,1,fp32_neighbor_reduction,2.57587432861,923,40.2719974518
cit-Patents,bfull_accurate,1,partial_bf16_conversion,0.136613845825,923,40.2719974518
cit-Patents,bfull_accurate,1,tile_load,1.0929107666,923,40.2719974518
cit-Patents,bfull_accurate,1,tile_compute,2.24375724792,923,40.2719974518
cit-Patents,bfull_accurate,1,tile_store,0.0705718994141,923,40.2719974518
cit-Patents,bfull_accurate,1,output_scatter,0.635623931885,923,40.2719974518
cit-Patents,bfull_accurate,1,thread_amx_setup,0.0200271606445,923,40.2719974518
cit-Patents,bfull_accurate,2,output_zero,0,923,35.3100299835
cit-Patents,bfull_accurate,2,row_schedule,0.156879425049,923,35.3100299835
cit-Patents,bfull_accurate,2,partial_zero,0.178098678589,923,35.3100299835
cit-Patents,bfull_accurate,2,csr_prefetch,3.04770469666,923,35.3100299835
cit-Patents,bfull_accurate,2,feature_gather_decode,4.33135032654,923,35.3100299835
cit-Patents,bfull_accurate,2,fp32_neighbor_reduction,2.48050689697,923,35.3100299835
cit-Patents,bfull_accurate,2,partial_bf16_conversion,0.152111053467,923,35.3100299835
cit-Patents,bfull_accurate,2,tile_load,1.12080574036,923,35.3100299835
cit-Patents,bfull_accurate,2,tile_compute,1.91140174866,923,35.3100299835
cit-Patents,bfull_accurate,2,tile_store,0.0908374786377,923,35.3100299835
cit-Patents,bfull_accurate,2,output_scatter,0.0815391540527,923,35.3100299835
cit-Patents,bfull_accurate,2,thread_amx_setup,0.0135898590088,923,35.3100299835
soc-LiveJournal1,b2_fast,1,output_zero,0.0250339508057,1185,217.721939087
soc-LiveJournal1,b2_fast,1,row_schedule,0.455856323242,1185,217.721939087
soc-LiveJournal1,b2_fast,1,partial_zero,3.25417518616,1185,217.721939087
soc-LiveJournal1,b2_fast,1,csr_prefetch,13.2455825806,1185,217.721939087
soc-LiveJournal1,b2_fast,1,feature_gather_decode,31.9516658783,1185,217.721939087
soc-LiveJournal1,b2_fast,1,fp32_neighbor_reduction,16.233921051,1185,217.721939087
soc-LiveJournal1,b2_fast,1,partial_bf16_conversion,2.83312797546,1185,217.721939087
soc-LiveJournal1,b2_fast,1,tile_load,14.310836792,1185,217.721939087
soc-LiveJournal1,b2_fast,1,tile_compute,30.8165550232,1185,217.721939087
soc-LiveJournal1,b2_fast,1,tile_store,1.86705589294,1185,217.721939087
soc-LiveJournal1,b2_fast,1,output_scatter,1.2218952179,1185,217.721939087
soc-LiveJournal1,b2_fast,1,thread_amx_setup,0.0309944152832,1185,217.721939087
soc-LiveJournal1,b2_fast,2,output_zero,0,1185,209.927082062
soc-LiveJournal1,b2_fast,2,row_schedule,0.368356704712,1185,209.927082062
soc-LiveJournal1,b2_fast,2,partial_zero,3.21197509766,1185,209.927082062
soc-LiveJournal1,b2_fast,2,csr_prefetch,13.2918357849,1185,209.927082062
soc-LiveJournal1,b2_fast,2,feature_gather_decode,31.5284729004,1185,209.927082062
soc-LiveJournal1,b2_fast,2,fp32_neighbor_reduction,16.4363384247,1185,209.927082062
soc-LiveJournal1,b2_fast,2,partial_bf16_conversion,2.78067588806,1185,209.927082062
soc-LiveJournal1,b2_fast,2,tile_load,14.1670703888,1185,209.927082062
soc-LiveJournal1,b2_fast,2,tile_compute,30.4307937622,1185,209.927082062
soc-LiveJournal1,b2_fast,2,tile_store,1.94215774536,1185,209.927082062
soc-LiveJournal1,b2_fast,2,output_scatter,0.211000442505,1185,209.927082062
soc-LiveJournal1,b2_fast,2,thread_amx_setup,0.0381469726562,1185,209.927082062
soc-LiveJournal1,b2_accurate,1,output_zero,0,1185,258.005857468
soc-LiveJournal1,b2_accurate,1,row_schedule,0.34761428833,1185,258.005857468
soc-LiveJournal1,b2_accurate,1,partial_zero,3.47638130188,1185,258.005857468
soc-LiveJournal1,b2_accurate,1,csr_prefetch,13.1235122681,1185,258.005857468
soc-LiveJournal1,b2_accurate,1,feature_gather_decode,31.0037136078,1185,258.005857468
soc-LiveJournal1,b2_accurate,1,fp32_neighbor_reduction,15.2699947357,1185,258.005857468
soc-LiveJournal1,b2_accurate,1,partial_bf16_conversion,4.95457649231,1185,258.005857468
soc-LiveJournal1,b2_accurate,1,tile_load,25.2120494843,1185,258.005857468
soc-LiveJournal1,b2_accurate,1,tile_compute,35.3653430939,1185,258.005857468
soc-LiveJournal1,b2_accurate,1,tile_store,1.68085098267,1185,258.005857468
soc-LiveJournal1,b2_accurate,1,output_scatter,1.17635726929,1185,258.005857468
soc-LiveJournal1,b2_accurate,1,thread_amx_setup,0.0293254852295,1185,258.005857468
soc-LiveJournal1,b2_accurate,2,output_zero,0,1185,225.06403923
soc-LiveJournal1,b2_accurate,2,row_schedule,0.386714935303,1185,225.06403923
soc-LiveJournal1,b2_accurate,2,partial_zero,3.40032577515,1185,225.06403923
soc-LiveJournal1,b2_accurate,2,csr_prefetch,13.1273269653,1185,225.06403923
soc-LiveJournal1,b2_accurate,2,feature_gather_decode,30.8392047882,1185,225.06403923
soc-LiveJournal1,b2_accurate,2,fp32_neighbor_reduction,15.6679153442,1185,225.06403923
soc-LiveJournal1,b2_accurate,2,partial_bf16_conversion,5.00679016113,1185,225.06403923
soc-LiveJournal1,b2_accurate,2,tile_load,25.6910324097,1185,225.06403923
soc-LiveJournal1,b2_accurate,2,tile_compute,37.4619960785,1185,225.06403923
soc-LiveJournal1,b2_accurate,2,tile_store,1.65247917175,1185,225.06403923
soc-LiveJournal1,b2_accurate,2,output_scatter,0.216245651245,1185,225.06403923
soc-LiveJournal1,b2_accurate,2,thread_amx_setup,0.037670135498,1185,225.06403923
soc-LiveJournal1,b4_fast,1,output_zero,0.000953674316406,1185,176.135063171
soc-LiveJournal1,b4_fast,1,row_schedule,0.420808792114,1185,176.135063171
soc-LiveJournal1,b4_fast,1,partial_zero,1.76429748535,1185,176.135063171
soc-LiveJournal1,b4_fast,1,csr_prefetch,11.9156837463,1185,176.135063171
soc-LiveJournal1,b4_fast,1,feature_gather_decode,23.70262146,1185,176.135063171
soc-LiveJournal1,b4_fast,1,fp32_neighbor_reduction,13.0560398102,1185,176.135063171
soc-LiveJournal1,b4_fast,1,partial_bf16_conversion,1.59573554993,1185,176.135063171
soc-LiveJournal1,b4_fast,1,tile_load,8.29315185547,1185,176.135063171
soc-LiveJournal1,b4_fast,1,tile_compute,16.5460109711,1185,176.135063171
soc-LiveJournal1,b4_fast,1,tile_store,0.993728637695,1185,176.135063171
soc-LiveJournal1,b4_fast,1,output_scatter,1.23453140259,1185,176.135063171
soc-LiveJournal1,b4_fast,1,thread_amx_setup,0.0383853912354,1185,176.135063171
soc-LiveJournal1,b4_fast,2,output_zero,0,1185,161.799907684
soc-LiveJournal1,b4_fast,2,row_schedule,0.36358833313,1185,161.799907684
soc-LiveJournal1,b4_fast,2,partial_zero,1.81674957275,1185,161.799907684
soc-LiveJournal1,b4_fast,2,csr_prefetch,12.0720863342,1185,161.799907684
soc-LiveJournal1,b4_fast,2,feature_gather_decode,23.0588912964,1185,161.799907684
soc-LiveJournal1,b4_fast,2,fp32_neighbor_reduction,12.900352478,1185,161.799907684
soc-LiveJournal1,b4_fast,2,partial_bf16_conversion,1.56211853027,1185,161.799907684
soc-LiveJournal1,b4_fast,2,tile_load,8.22019577026,1185,161.799907684
soc-LiveJournal1,b4_fast,2,tile_compute,16.8387889862,1185,161.799907684
soc-LiveJournal1,b4_fast,2,tile_store,1.07312202454,1185,161.799907684
soc-LiveJournal1,b4_fast,2,output_scatter,0.20432472229,1185,161.799907684
soc-LiveJournal1,b4_fast,2,thread_amx_setup,0.0433921813965,1185,161.799907684
soc-LiveJournal1,b4_accurate,1,output_zero,0.000953674316406,1185,195.605993271
soc-LiveJournal1,b4_accurate,1,row_schedule,0.386714935303,1185,195.605993271
soc-LiveJournal1,b4_accurate,1,partial_zero,1.91307067871,1185,195.605993271
soc-LiveJournal1,b4_accurate,1,csr_prefetch,11.9504928589,1185,195.605993271
soc-LiveJournal1,b4_accurate,1,feature_gather_decode,23.4282016754,1185,195.605993271
soc-LiveJournal1,b4_accurate,1,fp32_neighbor_reduction,12.8135681152,1185,195.605993271
soc-LiveJournal1,b4_accurate,1,partial_bf16_conversion,2.53462791443,1185,195.605993271
soc-LiveJournal1,b4_accurate,1,tile_load,14.0359401703,1185,195.605993271
soc-LiveJournal1,b4_accurate,1,tile_compute,21.125793457,1185,195.605993271
soc-LiveJournal1,b4_accurate,1,tile_store,0.879287719727,1185,195.605993271
soc-LiveJournal1,b4_accurate,1,output_scatter,1.24025344849,1185,195.605993271
soc-LiveJournal1,b4_accurate,1,thread_amx_setup,0.025749206543,1185,195.605993271
soc-LiveJournal1,b4_accurate,2,output_zero,0,1185,169.43192482
soc-LiveJournal1,b4_accurate,2,row_schedule,0.375747680664,1185,169.43192482
soc-LiveJournal1,b4_accurate,2,partial_zero,1.94549560547,1185,169.43192482
soc-LiveJournal1,b4_accurate,2,csr_prefetch,11.9655132294,1185,169.43192482
soc-LiveJournal1,b4_accurate,2,feature_gather_decode,23.4682559967,1185,169.43192482
soc-LiveJournal1,b4_accurate,2,fp32_neighbor_reduction,13.1108760834,1185,169.43192482
soc-LiveJournal1,b4_accurate,2,partial_bf16_conversion,2.61855125427,1185,169.43192482
soc-LiveJournal1,b4_accurate,2,tile_load,14.7271156311,1185,169.43192482
soc-LiveJournal1,b4_accurate,2,tile_compute,21.9292640686,1185,169.43192482
soc-LiveJournal1,b4_accurate,2,tile_store,0.881195068359,1185,169.43192482
soc-LiveJournal1,b4_accurate,2,output_scatter,0.251770019531,1185,169.43192482
soc-LiveJournal1,b4_accurate,2,thread_amx_setup,0.0314712524414,1185,169.43192482
soc-LiveJournal1,b8_fast,1,output_zero,0.00119209289551,1185,156.157970428
soc-LiveJournal1,b8_fast,1,row_schedule,0.43797492981,1185,156.157970428
soc-LiveJournal1,b8_fast,1,partial_zero,1.02663040161,1185,156.157970428
soc-LiveJournal1,b8_fast,1,csr_prefetch,11.5237236023,1185,156.157970428
soc-LiveJournal1,b8_fast,1,feature_gather_decode,19.9127197266,1185,156.157970428
soc-LiveJournal1,b8_fast,1,fp32_neighbor_reduction,10.9314918518,1185,156.157970428
soc-LiveJournal1,b8_fast,1,partial_bf16_conversion,0.860691070557,1185,156.157970428
soc-LiveJournal1,b8_fast,1,tile_load,4.9352645874,1185,156.157970428
soc-LiveJournal1,b8_fast,1,tile_compute,8.89134407043,1185,156.157970428
soc-LiveJournal1,b8_fast,1,tile_store,0.568866729736,1185,156.157970428
soc-LiveJournal1,b8_fast,1,output_scatter,1.29103660583,1185,156.157970428
soc-LiveJournal1,b8_fast,1,thread_amx_setup,0.0293254852295,1185,156.157970428
soc-LiveJournal1,b8_fast,2,output_zero,0,1185,141.176939011
soc-LiveJournal1,b8_fast,2,row_schedule,0.350952148438,1185,141.176939011
soc-LiveJournal1,b8_fast,2,partial_zero,1.13964080811,1185,141.176939011
soc-LiveJournal1,b8_fast,2,csr_prefetch,11.4414691925,1185,141.176939011
soc-LiveJournal1,b8_fast,2,feature_gather_decode,19.7899341583,1185,141.176939011
soc-LiveJournal1,b8_fast,2,fp32_neighbor_reduction,10.7707977295,1185,141.176939011
soc-LiveJournal1,b8_fast,2,partial_bf16_conversion,0.861883163452,1185,141.176939011
soc-LiveJournal1,b8_fast,2,tile_load,4.90236282349,1185,141.176939011
soc-LiveJournal1,b8_fast,2,tile_compute,8.33535194397,1185,141.176939011
soc-LiveJournal1,b8_fast,2,tile_store,0.591993331909,1185,141.176939011
soc-LiveJournal1,b8_fast,2,output_scatter,0.22029876709,1185,141.176939011
soc-LiveJournal1,b8_fast,2,thread_amx_setup,0.0371932983398,1185,141.176939011
soc-LiveJournal1,b8_accurate,1,output_zero,0,1185,160.260915756
soc-LiveJournal1,b8_accurate,1,row_schedule,0.408411026001,1185,160.260915756
soc-LiveJournal1,b8_accurate,1,partial_zero,1.10197067261,1185,160.260915756
soc-LiveJournal1,b8_accurate,1,csr_prefetch,12.0160579681,1185,160.260915756
soc-LiveJournal1,b8_accurate,1,feature_gather_decode,19.4187164307,1185,160.260915756
soc-LiveJournal1,b8_accurate,1,fp32_neighbor_reduction,11.2988948822,1185,160.260915756
soc-LiveJournal1,b8_accurate,1,partial_bf16_conversion,1.36375427246,1185,160.260915756
soc-LiveJournal1,b8_accurate,1,tile_load,8.36873054504,1185,160.260915756
soc-LiveJournal1,b8_accurate,1,tile_compute,12.542963028,1185,160.260915756
soc-LiveJournal1,b8_accurate,1,tile_store,0.55193901062,1185,160.260915756
soc-LiveJournal1,b8_accurate,1,output_scatter,1.30248069763,1185,160.260915756
soc-LiveJournal1,b8_accurate,1,thread_amx_setup,0.0391006469727,1185,160.260915756
soc-LiveJournal1,b8_accurate,2,output_zero,0,1185,151.932954788
soc-LiveJournal1,b8_accurate,2,row_schedule,0.405550003052,1185,151.932954788
soc-LiveJournal1,b8_accurate,2,partial_zero,1.11794471741,1185,151.932954788
soc-LiveJournal1,b8_accurate,2,csr_prefetch,11.7034912109,1185,151.932954788
soc-LiveJournal1,b8_accurate,2,feature_gather_decode,19.7038650513,1185,151.932954788
soc-LiveJournal1,b8_accurate,2,fp32_neighbor_reduction,11.3441944122,1185,151.932954788
soc-LiveJournal1,b8_accurate,2,partial_bf16_conversion,1.42621994019,1185,151.932954788
soc-LiveJournal1,b8_accurate,2,tile_load,8.47959518433,1185,151.932954788
soc-LiveJournal1,b8_accurate,2,tile_compute,12.1874809265,1185,151.932954788
soc-LiveJournal1,b8_accurate,2,tile_store,0.515699386597,1185,151.932954788
soc-LiveJournal1,b8_accurate,2,output_scatter,0.267744064331,1185,151.932954788
soc-LiveJournal1,b8_accurate,2,thread_amx_setup,0.030517578125,1185,151.932954788
soc-LiveJournal1,b16_fast,1,output_zero,0,1185,150.890827179
soc-LiveJournal1,b16_fast,1,row_schedule,0.466585159302,1185,150.890827179
soc-LiveJournal1,b16_fast,1,partial_zero,0.65803527832,1185,150.890827179
soc-LiveJournal1,b16_fast,1,csr_prefetch,11.0940933228,1185,150.890827179
soc-LiveJournal1,b16_fast,1,feature_gather_decode,18.9499855042,1185,150.890827179
soc-LiveJournal1,b16_fast,1,fp32_neighbor_reduction,9.82356071472,1185,150.890827179
soc-LiveJournal1,b16_fast,1,partial_bf16_conversion,0.534296035767,1185,150.890827179
soc-LiveJournal1,b16_fast,1,tile_load,3.30448150635,1185,150.890827179
soc-LiveJournal1,b16_fast,1,tile_compute,5.55491447449,1185,150.890827179
soc-LiveJournal1,b16_fast,1,tile_store,0.327587127686,1185,150.890827179
soc-LiveJournal1,b16_fast,1,output_scatter,1.34921073914,1185,150.890827179
soc-LiveJournal1,b16_fast,1,thread_amx_setup,0.0312328338623,1185,150.890827179
soc-LiveJournal1,b16_fast,2,output_zero,0,1185,144.603967667
soc-LiveJournal1,b16_fast,2,row_schedule,0.394582748413,1185,144.603967667
soc-LiveJournal1,b16_fast,2,partial_zero,0.691413879395,1185,144.603967667
soc-LiveJournal1,b16_fast,2,csr_prefetch,10.9961032867,1185,144.603967667
soc-LiveJournal1,b16_fast,2,feature_gather_decode,19.8917388916,1185,144.603967667
soc-LiveJournal1,b16_fast,2,fp32_neighbor_reduction,9.66095924377,1185,144.603967667
soc-LiveJournal1,b16_fast,2,partial_bf16_conversion,0.540733337402,1185,144.603967667
soc-LiveJournal1,b16_fast,2,tile_load,3.40294837952,1185,144.603967667
soc-LiveJournal1,b16_fast,2,tile_compute,5.51652908325,1185,144.603967667
soc-LiveJournal1,b16_fast,2,tile_store,0.388383865356,1185,144.603967667
soc-LiveJournal1,b16_fast,2,output_scatter,0.232696533203,1185,144.603967667
soc-LiveJournal1,b16_fast,2,thread_amx_setup,0.0300407409668,1185,144.603967667
soc-LiveJournal1,b16_accurate,1,output_zero,0,1185,152.129888535
soc-LiveJournal1,b16_accurate,1,row_schedule,0.398635864258,1185,152.129888535
soc-LiveJournal1,b16_accurate,1,partial_zero,0.724077224731,1185,152.129888535
soc-LiveJournal1,b16_accurate,1,csr_prefetch,11.2633705139,1185,152.129888535
soc-LiveJournal1,b16_accurate,1,feature_gather_decode,19.6359157562,1185,152.129888535
soc-LiveJournal1,b16_accurate,1,fp32_neighbor_reduction,10.4970932007,1185,152.129888535
soc-LiveJournal1,b16_accurate,1,partial_bf16_conversion,0.866174697876,1185,152.129888535
soc-LiveJournal1,b16_accurate,1,tile_load,5.61809539795,1185,152.129888535
soc-LiveJournal1,b16_accurate,1,tile_compute,7.87019729614,1185,152.129888535
soc-LiveJournal1,b16_accurate,1,tile_store,0.316143035889,1185,152.129888535
soc-LiveJournal1,b16_accurate,1,output_scatter,1.33371353149,1185,152.129888535
soc-LiveJournal1,b16_accurate,1,thread_amx_setup,0.0314712524414,1185,152.129888535
soc-LiveJournal1,b16_accurate,2,output_zero,0,1185,153.605222702
soc-LiveJournal1,b16_accurate,2,row_schedule,0.377178192139,1185,153.605222702
soc-LiveJournal1,b16_accurate,2,partial_zero,0.753164291382,1185,153.605222702
soc-LiveJournal1,b16_accurate,2,csr_prefetch,11.3637447357,1185,153.605222702
soc-LiveJournal1,b16_accurate,2,feature_gather_decode,19.6695327759,1185,153.605222702
soc-LiveJournal1,b16_accurate,2,fp32_neighbor_reduction,10.1211071014,1185,153.605222702
soc-LiveJournal1,b16_accurate,2,partial_bf16_conversion,0.883340835571,1185,153.605222702
soc-LiveJournal1,b16_accurate,2,tile_load,5.6676864624,1185,153.605222702
soc-LiveJournal1,b16_accurate,2,tile_compute,7.62414932251,1185,153.605222702
soc-LiveJournal1,b16_accurate,2,tile_store,0.345945358276,1185,153.605222702
soc-LiveJournal1,b16_accurate,2,output_scatter,0.278949737549,1185,153.605222702
soc-LiveJournal1,b16_accurate,2,thread_amx_setup,0.0336170196533,1185,153.605222702
soc-LiveJournal1,b32_fast,1,output_zero,0,1185,136.305093765
soc-LiveJournal1,b32_fast,1,row_schedule,0.513792037964,1185,136.305093765
soc-LiveJournal1,b32_fast,1,partial_zero,0.482797622681,1185,136.305093765
soc-LiveJournal1,b32_fast,1,csr_prefetch,10.8575820923,1185,136.305093765
soc-LiveJournal1,b32_fast,1,feature_gather_decode,19.1824436188,1185,136.305093765
soc-LiveJournal1,b32_fast,1,fp32_neighbor_reduction,9.38153266907,1185,136.305093765
soc-LiveJournal1,b32_fast,1,partial_bf16_conversion,0.37407875061,1185,136.305093765
soc-LiveJournal1,b32_fast,1,tile_load,2.69794464111,1185,136.305093765
soc-LiveJournal1,b32_fast,1,tile_compute,4.31871414185,1185,136.305093765
soc-LiveJournal1,b32_fast,1,tile_store,0.247240066528,1185,136.305093765
soc-LiveJournal1,b32_fast,1,output_scatter,1.38831138611,1185,136.305093765
soc-LiveJournal1,b32_fast,1,thread_amx_setup,0.0295639038086,1185,136.305093765
soc-LiveJournal1,b32_fast,2,output_zero,0,1185,136.631965637
soc-LiveJournal1,b32_fast,2,row_schedule,0.397443771362,1185,136.631965637
soc-LiveJournal1,b32_fast,2,partial_zero,0.59962272644,1185,136.631965637
soc-LiveJournal1,b32_fast,2,csr_prefetch,11.1467838287,1185,136.631965637
soc-LiveJournal1,b32_fast,2,feature_gather_decode,20.0049877167,1185,136.631965637
soc-LiveJournal1,b32_fast,2,fp32_neighbor_reduction,9.2236995697,1185,136.631965637
soc-LiveJournal1,b32_fast,2,partial_bf16_conversion,0.3821849823,1185,136.631965637
soc-LiveJournal1,b32_fast,2,tile_load,2.73966789246,1185,136.631965637
soc-LiveJournal1,b32_fast,2,tile_compute,3.9370059967,1185,136.631965637
soc-LiveJournal1,b32_fast,2,tile_store,0.289440155029,1185,136.631965637
soc-LiveJournal1,b32_fast,2,output_scatter,0.256776809692,1185,136.631965637
soc-LiveJournal1,b32_fast,2,thread_amx_setup,0.0357627868652,1185,136.631965637
soc-LiveJournal1,b32_accurate,1,output_zero,0,1185,140.716075897
soc-LiveJournal1,b32_accurate,1,row_schedule,0.36096572876,1185,140.716075897
soc-LiveJournal1,b32_accurate,1,partial_zero,0.559568405151,1185,140.716075897
soc-LiveJournal1,b32_accurate,1,csr_prefetch,11.2905502319,1185,140.716075897
soc-LiveJournal1,b32_accurate,1,feature_gather_decode,19.5844173431,1185,140.716075897
soc-LiveJournal1,b32_accurate,1,fp32_neighbor_reduction,9.52696800232,1185,140.716075897
soc-LiveJournal1,b32_accurate,1,partial_bf16_conversion,0.553607940674,1185,140.716075897
soc-LiveJournal1,b32_accurate,1,tile_load,4.37927246094,1185,140.716075897
soc-LiveJournal1,b32_accurate,1,tile_compute,6.01816177368,1185,140.716075897
soc-LiveJournal1,b32_accurate,1,tile_store,0.211477279663,1185,140.716075897
soc-LiveJournal1,b32_accurate,1,output_scatter,1.36566162109,1185,140.716075897
soc-LiveJournal1,b32_accurate,1,thread_amx_setup,0.0286102294922,1185,140.716075897
soc-LiveJournal1,b32_accurate,2,output_zero,0,1185,147.754907608
soc-LiveJournal1,b32_accurate,2,row_schedule,0.397682189941,1185,147.754907608
soc-LiveJournal1,b32_accurate,2,partial_zero,0.577926635742,1185,147.754907608
soc-LiveJournal1,b32_accurate,2,csr_prefetch,11.0030174255,1185,147.754907608
soc-LiveJournal1,b32_accurate,2,feature_gather_decode,19.0324783325,1185,147.754907608
soc-LiveJournal1,b32_accurate,2,fp32_neighbor_reduction,9.432554245,1185,147.754907608
soc-LiveJournal1,b32_accurate,2,partial_bf16_conversion,0.531196594238,1185,147.754907608
soc-LiveJournal1,b32_accurate,2,tile_load,4.09054756165,1185,147.754907608
soc-LiveJournal1,b32_accurate,2,tile_compute,5.68413734436,1185,147.754907608
soc-LiveJournal1,b32_accurate,2,tile_store,0.251054763794,1185,147.754907608
soc-LiveJournal1,b32_accurate,2,output_scatter,0.280380249023,1185,147.754907608
soc-LiveJournal1,b32_accurate,2,thread_amx_setup,0.0293254852295,1185,147.754907608
soc-LiveJournal1,b64_fast,1,output_zero,0,1185,144.046068192
soc-LiveJournal1,b64_fast,1,row_schedule,0.484228134155,1185,144.046068192
soc-LiveJournal1,b64_fast,1,partial_zero,0.4563331604,1185,144.046068192
soc-LiveJournal1,b64_fast,1,csr_prefetch,10.8423233032,1185,144.046068192
soc-LiveJournal1,b64_fast,1,feature_gather_decode,18.4550285339,1185,144.046068192
soc-LiveJournal1,b64_fast,1,fp32_neighbor_reduction,9.19914245605,1185,144.046068192
soc-LiveJournal1,b64_fast,1,partial_bf16_conversion,0.268459320068,1185,144.046068192
soc-LiveJournal1,b64_fast,1,tile_load,2.04730033875,1185,144.046068192
soc-LiveJournal1,b64_fast,1,tile_compute,3.54790687561,1185,144.046068192
soc-LiveJournal1,b64_fast,1,tile_store,0.189542770386,1185,144.046068192
soc-LiveJournal1,b64_fast,1,output_scatter,1.40428543091,1185,144.046068192
soc-LiveJournal1,b64_fast,1,thread_amx_setup,0.037670135498,1185,144.046068192
soc-LiveJournal1,b64_fast,2,output_zero,0,1185,137.295007706
soc-LiveJournal1,b64_fast,2,row_schedule,0.389814376831,1185,137.295007706
soc-LiveJournal1,b64_fast,2,partial_zero,0.489711761475,1185,137.295007706
soc-LiveJournal1,b64_fast,2,csr_prefetch,11.0960006714,1185,137.295007706
soc-LiveJournal1,b64_fast,2,feature_gather_decode,19.270658493,1185,137.295007706
soc-LiveJournal1,b64_fast,2,fp32_neighbor_reduction,9.12046432495,1185,137.295007706
soc-LiveJournal1,b64_fast,2,partial_bf16_conversion,0.324726104736,1185,137.295007706
soc-LiveJournal1,b64_fast,2,tile_load,2.02393531799,1185,137.295007706
soc-LiveJournal1,b64_fast,2,tile_compute,3.31807136536,1185,137.295007706
soc-LiveJournal1,b64_fast,2,tile_store,0.248670578003,1185,137.295007706
soc-LiveJournal1,b64_fast,2,output_scatter,0.278472900391,1185,137.295007706
soc-LiveJournal1,b64_fast,2,thread_amx_setup,0.0348091125488,1185,137.295007706
soc-LiveJournal1,b64_accurate,1,output_zero,0,1185,147.837877274
soc-LiveJournal1,b64_accurate,1,row_schedule,0.409364700317,1185,147.837877274
soc-LiveJournal1,b64_accurate,1,partial_zero,0.510215759277,1185,147.837877274
soc-LiveJournal1,b64_accurate,1,csr_prefetch,10.9598636627,1185,147.837877274
soc-LiveJournal1,b64_accurate,1,feature_gather_decode,18.4469223022,1185,147.837877274
soc-LiveJournal1,b64_accurate,1,fp32_neighbor_reduction,9.39893722534,1185,147.837877274
soc-LiveJournal1,b64_accurate,1,partial_bf16_conversion,0.418424606323,1185,147.837877274
soc-LiveJournal1,b64_accurate,1,tile_load,3.13067436218,1185,147.837877274
soc-LiveJournal1,b64_accurate,1,tile_compute,5.02490997314,1185,147.837877274
soc-LiveJournal1,b64_accurate,1,tile_store,0.167369842529,1185,147.837877274
soc-LiveJournal1,b64_accurate,1,output_scatter,1.40476226807,1185,147.837877274
soc-LiveJournal1,b64_accurate,1,thread_amx_setup,0.030517578125,1185,147.837877274
soc-LiveJournal1,b64_accurate,2,output_zero,0.000953674316406,1185,130.881786346
soc-LiveJournal1,b64_accurate,2,row_schedule,0.360727310181,1185,130.881786346
soc-LiveJournal1,b64_accurate,2,partial_zero,0.503778457642,1185,130.881786346
soc-LiveJournal1,b64_accurate,2,csr_prefetch,11.0847949982,1185,130.881786346
soc-LiveJournal1,b64_accurate,2,feature_gather_decode,19.223690033,1185,130.881786346
soc-LiveJournal1,b64_accurate,2,fp32_neighbor_reduction,9.32693481445,1185,130.881786346
soc-LiveJournal1,b64_accurate,2,partial_bf16_conversion,0.44846534729,1185,130.881786346
soc-LiveJournal1,b64_accurate,2,tile_load,3.64947319031,1185,130.881786346
soc-LiveJournal1,b64_accurate,2,tile_compute,4.61769104004,1185,130.881786346
soc-LiveJournal1,b64_accurate,2,tile_store,0.21767616272,1185,130.881786346
soc-LiveJournal1,b64_accurate,2,output_scatter,0.277042388916,1185,130.881786346
soc-LiveJournal1,b64_accurate,2,thread_amx_setup,0.0264644622803,1185,130.881786346
soc-LiveJournal1,bfull_fast,1,output_zero,0,1185,141.113996506
soc-LiveJournal1,bfull_fast,1,row_schedule,0.497102737427,1185,141.113996506
soc-LiveJournal1,bfull_fast,1,partial_zero,0.350713729858,1185,141.113996506
soc-LiveJournal1,bfull_fast,1,csr_prefetch,10.9922885895,1185,141.113996506
soc-LiveJournal1,bfull_fast,1,feature_gather_decode,18.4235572815,1185,141.113996506
soc-LiveJournal1,bfull_fast,1,fp32_neighbor_reduction,8.96763801575,1185,141.113996506
soc-LiveJournal1,bfull_fast,1,partial_bf16_conversion,0.234365463257,1185,141.113996506
soc-LiveJournal1,bfull_fast,1,tile_load,1.59358978271,1185,141.113996506
soc-LiveJournal1,bfull_fast,1,tile_compute,3.2205581665,1185,141.113996506
soc-LiveJournal1,bfull_fast,1,tile_store,0.168085098267,1185,141.113996506
soc-LiveJournal1,bfull_fast,1,output_scatter,1.4181137085,1185,141.113996506
soc-LiveJournal1,bfull_fast,1,thread_amx_setup,0.0350475311279,1185,141.113996506
soc-LiveJournal1,bfull_fast,2,output_zero,0,1185,127.857923508
soc-LiveJournal1,bfull_fast,2,row_schedule,0.394582748413,1185,127.857923508
soc-LiveJournal1,bfull_fast,2,partial_zero,0.377416610718,1185,127.857923508
soc-LiveJournal1,bfull_fast,2,csr_prefetch,11.058807373,1185,127.857923508
soc-LiveJournal1,bfull_fast,2,feature_gather_decode,19.1338062286,1185,127.857923508
soc-LiveJournal1,bfull_fast,2,fp32_neighbor_reduction,9.06229019165,1185,127.857923508
soc-LiveJournal1,bfull_fast,2,partial_bf16_conversion,0.23627281189,1185,127.857923508
soc-LiveJournal1,bfull_fast,2,tile_load,1.55401229858,1185,127.857923508
soc-LiveJournal1,bfull_fast,2,tile_compute,2.9411315918,1185,127.857923508
soc-LiveJournal1,bfull_fast,2,tile_store,0.182390213013,1185,127.857923508
soc-LiveJournal1,bfull_fast,2,output_scatter,0.281572341919,1185,127.857923508
soc-LiveJournal1,bfull_fast,2,thread_amx_setup,0.0340938568115,1185,127.857923508
soc-LiveJournal1,bfull_accurate,1,output_zero,0.000953674316406,1185,145.622014999
soc-LiveJournal1,bfull_accurate,1,row_schedule,0.450372695923,1185,145.622014999
soc-LiveJournal1,bfull_accurate,1,partial_zero,0.420808792114,1185,145.622014999
soc-LiveJournal1,bfull_accurate,1,csr_prefetch,11.091709137,1185,145.622014999
soc-LiveJournal1,bfull_accurate,1,feature_gather_decode,18.4116363525,1185,145.622014999
soc-LiveJournal1,bfull_accurate,1,fp32_neighbor_reduction,9.02414321899,1185,145.622014999
soc-LiveJournal1,bfull_accurate,1,partial_bf16_conversion,0.305891036987,1185,145.622014999
soc-LiveJournal1,bfull_accurate,1,tile_load,2.65717506409,1185,145.622014999
soc-LiveJournal1,bfull_accurate,1,tile_compute,4.62412834167,1185,145.622014999
soc-LiveJournal1,bfull_accurate,1,tile_store,0.123262405396,1185,145.622014999
soc-LiveJournal1,bfull_accurate,1,output_scatter,1.39689445496,1185,145.622014999
soc-LiveJournal1,bfull_accurate,1,thread_amx_setup,0.0295639038086,1185,145.622014999
soc-LiveJournal1,bfull_accurate,2,output_zero,0,1185,139.03594017
soc-LiveJournal1,bfull_accurate,2,row_schedule,0.40864944458,1185,139.03594017
soc-LiveJournal1,bfull_accurate,2,partial_zero,0.406980514526,1185,139.03594017
soc-LiveJournal1,bfull_accurate,2,csr_prefetch,10.9641551971,1185,139.03594017
soc-LiveJournal1,bfull_accurate,2,feature_gather_decode,18.9151763916,1185,139.03594017
soc-LiveJournal1,bfull_accurate,2,fp32_neighbor_reduction,9.11641120911,1185,139.03594017
soc-LiveJournal1,bfull_accurate,2,partial_bf16_conversion,0.330209732056,1185,139.03594017
soc-LiveJournal1,bfull_accurate,2,tile_load,2.73013114929,1185,139.03594017
soc-LiveJournal1,bfull_accurate,2,tile_compute,4.05550003052,1185,139.03594017
soc-LiveJournal1,bfull_accurate,2,tile_store,0.144958496094,1185,139.03594017
soc-LiveJournal1,bfull_accurate,2,output_scatter,0.319004058838,1185,139.03594017
soc-LiveJournal1,bfull_accurate,2,thread_amx_setup,0.0338554382324,1185,139.03594017
com-LiveJournal,b2_fast,1,output_zero,0.0200271606445,978,207.586050034
com-LiveJournal,b2_fast,1,row_schedule,0.348567962646,978,207.586050034
com-LiveJournal,b2_fast,1,partial_zero,2.85840034485,978,207.586050034
com-LiveJournal,b2_fast,1,csr_prefetch,14.3134593964,978,207.586050034
com-LiveJournal,b2_fast,1,feature_gather_decode,34.3639850616,978,207.586050034
com-LiveJournal,b2_fast,1,fp32_neighbor_reduction,18.6321735382,978,207.586050034
com-LiveJournal,b2_fast,1,partial_bf16_conversion,2.68507003784,978,207.586050034
com-LiveJournal,b2_fast,1,tile_load,13.0581855774,978,207.586050034
com-LiveJournal,b2_fast,1,tile_compute,28.3803939819,978,207.586050034
com-LiveJournal,b2_fast,1,tile_store,1.76525115967,978,207.586050034
com-LiveJournal,b2_fast,1,output_scatter,1.08122825623,978,207.586050034
com-LiveJournal,b2_fast,1,thread_amx_setup,0.0278949737549,978,207.586050034
com-LiveJournal,b2_fast,2,output_zero,0,978,203.7088871
com-LiveJournal,b2_fast,2,row_schedule,0.273704528809,978,203.7088871
com-LiveJournal,b2_fast,2,partial_zero,2.90131568909,978,203.7088871
com-LiveJournal,b2_fast,2,csr_prefetch,14.8301124573,978,203.7088871
com-LiveJournal,b2_fast,2,feature_gather_decode,34.1858863831,978,203.7088871
com-LiveJournal,b2_fast,2,fp32_neighbor_reduction,19.0331935883,978,203.7088871
com-LiveJournal,b2_fast,2,partial_bf16_conversion,2.53057479858,978,203.7088871
com-LiveJournal,b2_fast,2,tile_load,12.8681659698,978,203.7088871
com-LiveJournal,b2_fast,2,tile_compute,30.041217804,978,203.7088871
com-LiveJournal,b2_fast,2,tile_store,1.71065330505,978,203.7088871
com-LiveJournal,b2_fast,2,output_scatter,0.187873840332,978,203.7088871
com-LiveJournal,b2_fast,2,thread_amx_setup,0.0205039978027,978,203.7088871
com-LiveJournal,b2_accurate,1,output_zero,0,978,251.47485733
com-LiveJournal,b2_accurate,1,row_schedule,0.321626663208,978,251.47485733
com-LiveJournal,b2_accurate,1,partial_zero,2.99119949341,978,251.47485733
com-LiveJournal,b2_accurate,1,csr_prefetch,14.1429901123,978,251.47485733
com-LiveJournal,b2_accurate,1,feature_gather_decode,33.4527492523,978,251.47485733
com-LiveJournal,b2_accurate,1,fp32_neighbor_reduction,17.7485942841,978,251.47485733
com-LiveJournal,b2_accurate,1,partial_bf16_conversion,4.4150352478,978,251.47485733
com-LiveJournal,b2_accurate,1,tile_load,22.6314067841,978,251.47485733
com-LiveJournal,b2_accurate,1,tile_compute,33.5483551025,978,251.47485733
com-LiveJournal,b2_accurate,1,tile_store,1.47914886475,978,251.47485733
com-LiveJournal,b2_accurate,1,output_scatter,1.15251541138,978,251.47485733
com-LiveJournal,b2_accurate,1,thread_amx_setup,0.0190734863281,978,251.47485733
com-LiveJournal,b2_accurate,2,output_zero,0,978,222.069978714
com-LiveJournal,b2_accurate,2,row_schedule,0.287294387817,978,222.069978714
com-LiveJournal,b2_accurate,2,partial_zero,2.99167633057,978,222.069978714
com-LiveJournal,b2_accurate,2,csr_prefetch,13.9403343201,978,222.069978714
com-LiveJournal,b2_accurate,2,feature_gather_decode,33.4029197693,978,222.069978714
com-LiveJournal,b2_accurate,2,fp32_neighbor_reduction,18.1665420532,978,222.069978714
com-LiveJournal,b2_accurate,2,partial_bf16_conversion,4.5006275177,978,222.069978714
com-LiveJournal,b2_accurate,2,tile_load,23.0195522308,978,222.069978714
com-LiveJournal,b2_accurate,2,tile_compute,34.3894958496,978,222.069978714
com-LiveJournal,b2_accurate,2,tile_store,1.53255462646,978,222.069978714
com-LiveJournal,b2_accurate,2,output_scatter,0.195503234863,978,222.069978714
com-LiveJournal,b2_accurate,2,thread_amx_setup,0.0216960906982,978,222.069978714
com-LiveJournal,b4_fast,1,output_zero,0,978,169.039011002
com-LiveJournal,b4_fast,1,row_schedule,0.362873077393,978,169.039011002
com-LiveJournal,b4_fast,1,partial_zero,1.50847434998,978,169.039011002
com-LiveJournal,b4_fast,1,csr_prefetch,12.9616260529,978,169.039011002
com-LiveJournal,b4_fast,1,feature_gather_decode,25.242805481,978,169.039011002
com-LiveJournal,b4_fast,1,fp32_neighbor_reduction,14.9600505829,978,169.039011002
com-LiveJournal,b4_fast,1,partial_bf16_conversion,1.42598152161,978,169.039011002
com-LiveJournal,b4_fast,1,tile_load,7.62891769409,978,169.039011002
com-LiveJournal,b4_fast,1,tile_compute,16.4971351624,978,169.039011002
com-LiveJournal,b4_fast,1,tile_store,0.871181488037,978,169.039011002
com-LiveJournal,b4_fast,1,output_scatter,1.16276741028,978,169.039011002
com-LiveJournal,b4_fast,1,thread_amx_setup,0.0183582305908,978,169.039011002
com-LiveJournal,b4_fast,2,output_zero,0,978,160.111904144
com-LiveJournal,b4_fast,2,row_schedule,0.313758850098,978,160.111904144
com-LiveJournal,b4_fast,2,partial_zero,1.67942047119,978,160.111904144
com-LiveJournal,b4_fast,2,csr_prefetch,13.0307674408,978,160.111904144
com-LiveJournal,b4_fast,2,feature_gather_decode,24.6610641479,978,160.111904144
com-LiveJournal,b4_fast,2,fp32_neighbor_reduction,14.9807929993,978,160.111904144
com-LiveJournal,b4_fast,2,partial_bf16_conversion,1.3952255249,978,160.111904144
com-LiveJournal,b4_fast,2,tile_load,7.48705863953,978,160.111904144
com-LiveJournal,b4_fast,2,tile_compute,14.9216651917,978,160.111904144
com-LiveJournal,b4_fast,2,tile_store,0.909566879272,978,160.111904144
com-LiveJournal,b4_fast,2,output_scatter,0.176191329956,978,160.111904144
com-LiveJournal,b4_fast,2,thread_amx_setup,0.0219345092773,978,160.111904144
com-LiveJournal,b4_accurate,1,output_zero,0,978,178.292989731
com-LiveJournal,b4_accurate,1,row_schedule,0.28920173645,978,178.292989731
com-LiveJournal,b4_accurate,1,partial_zero,1.72662734985,978,178.292989731
com-LiveJournal,b4_accurate,1,csr_prefetch,12.8564834595,978,178.292989731
com-LiveJournal,b4_accurate,1,feature_gather_decode,25.2861976624,978,178.292989731
com-LiveJournal,b4_accurate,1,fp32_neighbor_reduction,14.4119262695,978,178.292989731
com-LiveJournal,b4_accurate,1,partial_bf16_conversion,2.33364105225,978,178.292989731
com-LiveJournal,b4_accurate,1,tile_load,12.9117965698,978,178.292989731
com-LiveJournal,b4_accurate,1,tile_compute,17.6723003387,978,178.292989731
com-LiveJournal,b4_accurate,1,tile_store,0.813007354736,978,178.292989731
com-LiveJournal,b4_accurate,1,output_scatter,1.12223625183,978,178.292989731
com-LiveJournal,b4_accurate,1,thread_amx_setup,0.0259876251221,978,178.292989731
com-LiveJournal,b4_accurate,2,output_zero,0,978,178.18403244
com-LiveJournal,b4_accurate,2,row_schedule,0.320911407471,978,178.18403244
com-LiveJournal,b4_accurate,2,partial_zero,1.65963172913,978,178.18403244
com-LiveJournal,b4_accurate,2,csr_prefetch,13.0763053894,978,178.18403244
com-LiveJournal,b4_accurate,2,feature_gather_decode,24.9967575073,978,178.18403244
com-LiveJournal,b4_accurate,2,fp32_neighbor_reduction,14.630317688,978,178.18403244
com-LiveJournal,b4_accurate,2,partial_bf16_conversion,2.26235389709,978,178.18403244
com-LiveJournal,b4_accurate,2,tile_load,12.7441883087,978,178.18403244
com-LiveJournal,b4_accurate,2,tile_compute,20.872592926,978,178.18403244
com-LiveJournal,b4_accurate,2,tile_store,0.869512557983,978,178.18403244
com-LiveJournal,b4_accurate,2,output_scatter,0.205755233765,978,178.18403244
com-LiveJournal,b4_accurate,2,thread_amx_setup,0.0131130218506,978,178.18403244
com-LiveJournal,b8_fast,1,output_zero,0.000953674316406,978,138.47899437
com-LiveJournal,b8_fast,1,row_schedule,0.373601913452,978,138.47899437
com-LiveJournal,b8_fast,1,partial_zero,0.912666320801,978,138.47899437
com-LiveJournal,b8_fast,1,csr_prefetch,12.2339725494,978,138.47899437
com-LiveJournal,b8_fast,1,feature_gather_decode,21.3935375214,978,138.47899437
com-LiveJournal,b8_fast,1,fp32_neighbor_reduction,12.3910903931,978,138.47899437
com-LiveJournal,b8_fast,1,partial_bf16_conversion,0.763893127441,978,138.47899437
com-LiveJournal,b8_fast,1,tile_load,4.64630126953,978,138.47899437
com-LiveJournal,b8_fast,1,tile_compute,8.57377052307,978,138.47899437
com-LiveJournal,b8_fast,1,tile_store,0.489473342896,978,138.47899437
com-LiveJournal,b8_fast,1,output_scatter,1.17111206055,978,138.47899437
com-LiveJournal,b8_fast,1,thread_amx_setup,0.0202655792236,978,138.47899437
com-LiveJournal,b8_fast,2,output_zero,0,978,141.067028046
com-LiveJournal,b8_fast,2,row_schedule,0.304460525513,978,141.067028046
com-LiveJournal,b8_fast,2,partial_zero,0.954151153564,978,141.067028046
com-LiveJournal,b8_fast,2,csr_prefetch,12.2079849243,978,141.067028046
com-LiveJournal,b8_fast,2,feature_gather_decode,21.1050510406,978,141.067028046
com-LiveJournal,b8_fast,2,fp32_neighbor_reduction,12.2463703156,978,141.067028046
com-LiveJournal,b8_fast,2,partial_bf16_conversion,0.722646713257,978,141.067028046
com-LiveJournal,b8_fast,2,tile_load,4.52423095703,978,141.067028046
com-LiveJournal,b8_fast,2,tile_compute,7.87019729614,978,141.067028046
com-LiveJournal,b8_fast,2,tile_store,0.494718551636,978,141.067028046
com-LiveJournal,b8_fast,2,output_scatter,0.194072723389,978,141.067028046
com-LiveJournal,b8_fast,2,thread_amx_setup,0.0190734863281,978,141.067028046
com-LiveJournal,b8_accurate,1,output_zero,0,978,155.228853226
com-LiveJournal,b8_accurate,1,row_schedule,0.310182571411,978,155.228853226
com-LiveJournal,b8_accurate,1,partial_zero,1.01375579834,978,155.228853226
com-LiveJournal,b8_accurate,1,csr_prefetch,12.8099918365,978,155.228853226
com-LiveJournal,b8_accurate,1,feature_gather_decode,21.1148262024,978,155.228853226
com-LiveJournal,b8_accurate,1,fp32_neighbor_reduction,12.7000808716,978,155.228853226
com-LiveJournal,b8_accurate,1,partial_bf16_conversion,1.21092796326,978,155.228853226
com-LiveJournal,b8_accurate,1,tile_load,7.57765769958,978,155.228853226
com-LiveJournal,b8_accurate,1,tile_compute,11.9624137878,978,155.228853226
com-LiveJournal,b8_accurate,1,tile_store,0.456809997559,978,155.228853226
com-LiveJournal,b8_accurate,1,output_scatter,1.17540359497,978,155.228853226
com-LiveJournal,b8_accurate,1,thread_amx_setup,0.0114440917969,978,155.228853226
com-LiveJournal,b8_accurate,2,output_zero,0,978,147.219896317
com-LiveJournal,b8_accurate,2,row_schedule,0.31042098999,978,147.219896317
com-LiveJournal,b8_accurate,2,partial_zero,0.978231430054,978,147.219896317
com-LiveJournal,b8_accurate,2,csr_prefetch,12.8242969513,978,147.219896317
com-LiveJournal,b8_accurate,2,feature_gather_decode,21.0528373718,978,147.219896317
com-LiveJournal,b8_accurate,2,fp32_neighbor_reduction,12.6836299896,978,147.219896317
com-LiveJournal,b8_accurate,2,partial_bf16_conversion,1.27935409546,978,147.219896317
com-LiveJournal,b8_accurate,2,tile_load,7.75599479675,978,147.219896317
com-LiveJournal,b8_accurate,2,tile_compute,11.589050293,978,147.219896317
com-LiveJournal,b8_accurate,2,tile_store,0.511407852173,978,147.219896317
com-LiveJournal,b8_accurate,2,output_scatter,0.209093093872,978,147.219896317
com-LiveJournal,b8_accurate,2,thread_amx_setup,0.0207424163818,978,147.219896317
com-LiveJournal,b16_fast,1,output_zero,0,978,140.532016754
com-LiveJournal,b16_fast,1,row_schedule,0.389575958252,978,140.532016754
com-LiveJournal,b16_fast,1,partial_zero,0.612258911133,978,140.532016754
com-LiveJournal,b16_fast,1,csr_prefetch,12.0046138763,978,140.532016754
com-LiveJournal,b16_fast,1,feature_gather_decode,19.8156833649,978,140.532016754
com-LiveJournal,b16_fast,1,fp32_neighbor_reduction,10.8816623688,978,140.532016754
com-LiveJournal,b16_fast,1,partial_bf16_conversion,0.511169433594,978,140.532016754
com-LiveJournal,b16_fast,1,tile_load,3.169298172,978,140.532016754
com-LiveJournal,b16_fast,1,tile_compute,5.2752494812,978,140.532016754
com-LiveJournal,b16_fast,1,tile_store,0.330448150635,978,140.532016754
com-LiveJournal,b16_fast,1,output_scatter,1.20568275452,978,140.532016754
com-LiveJournal,b16_fast,1,thread_amx_setup,0.0138282775879,978,140.532016754
com-LiveJournal,b16_fast,2,output_zero,0,978,132.571935654
com-LiveJournal,b16_fast,2,row_schedule,0.314712524414,978,132.571935654
com-LiveJournal,b16_fast,2,partial_zero,0.651836395264,978,132.571935654
com-LiveJournal,b16_fast,2,csr_prefetch,11.9132995605,978,132.571935654
com-LiveJournal,b16_fast,2,feature_gather_decode,20.0624465942,978,132.571935654
com-LiveJournal,b16_fast,2,fp32_neighbor_reduction,10.96367836,978,132.571935654
com-LiveJournal,b16_fast,2,partial_bf16_conversion,0.451326370239,978,132.571935654
com-LiveJournal,b16_fast,2,tile_load,3.18217277527,978,132.571935654
com-LiveJournal,b16_fast,2,tile_compute,5.03849983215,978,132.571935654
com-LiveJournal,b16_fast,2,tile_store,0.32901763916,978,132.571935654
com-LiveJournal,b16_fast,2,output_scatter,0.173807144165,978,132.571935654
com-LiveJournal,b16_fast,2,thread_amx_setup,0.0209808349609,978,132.571935654
com-LiveJournal,b16_accurate,1,output_zero,0,978,146.384000778
com-LiveJournal,b16_accurate,1,row_schedule,0.298738479614,978,146.384000778
com-LiveJournal,b16_accurate,1,partial_zero,0.690221786499,978,146.384000778
com-LiveJournal,b16_accurate,1,csr_prefetch,12.344121933,978,146.384000778
com-LiveJournal,b16_accurate,1,feature_gather_decode,19.5541381836,978,146.384000778
com-LiveJournal,b16_accurate,1,fp32_neighbor_reduction,11.4126205444,978,146.384000778
com-LiveJournal,b16_accurate,1,partial_bf16_conversion,0.728130340576,978,146.384000778
com-LiveJournal,b16_accurate,1,tile_load,5.03921508789,978,146.384000778
com-LiveJournal,b16_accurate,1,tile_compute,7.73358345032,978,146.384000778
com-LiveJournal,b16_accurate,1,tile_store,0.290155410767,978,146.384000778
com-LiveJournal,b16_accurate,1,output_scatter,1.22880935669,978,146.384000778
com-LiveJournal,b16_accurate,1,thread_amx_setup,0.0193119049072,978,146.384000778
com-LiveJournal,b16_accurate,2,output_zero,0,978,140.592098236
com-LiveJournal,b16_accurate,2,row_schedule,0.32639503479,978,140.592098236
com-LiveJournal,b16_accurate,2,partial_zero,0.659704208374,978,140.592098236
com-LiveJournal,b16_accurate,2,csr_prefetch,12.2845172882,978,140.592098236
com-LiveJournal,b16_accurate,2,feature_gather_decode,19.7083950043,978,140.592098236
com-LiveJournal,b16_accurate,2,fp32_neighbor_reduction,11.5299224854,978,140.592098236
com-LiveJournal,b16_accurate,2,partial_bf16_conversion,0.713586807251,978,140.592098236
com-LiveJournal,b16_accurate,2,tile_load,5.12862205505,978,140.592098236
com-LiveJournal,b16_accurate,2,tile_compute,7.1976184845,978,140.592098236
com-LiveJournal,b16_accurate,2,tile_store,0.306129455566,978,140.592098236
com-LiveJournal,b16_accurate,2,output_scatter,0.216960906982,978,140.592098236
com-LiveJournal,b16_accurate,2,thread_amx_setup,0.0221729278564,978,140.592098236
com-LiveJournal,b32_fast,1,output_zero,0,978,138.354063034
com-LiveJournal,b32_fast,1,row_schedule,0.397205352783,978,138.354063034
com-LiveJournal,b32_fast,1,partial_zero,0.465393066406,978,138.354063034
com-LiveJournal,b32_fast,1,csr_prefetch,11.6322040558,978,138.354063034
com-LiveJournal,b32_fast,1,feature_gather_decode,18.9719200134,978,138.354063034
com-LiveJournal,b32_fast,1,fp32_neighbor_reduction,10.4565620422,978,138.354063034
com-LiveJournal,b32_fast,1,partial_bf16_conversion,0.359535217285,978,138.354063034
com-LiveJournal,b32_fast,1,tile_load,2.32100486755,978,138.354063034
com-LiveJournal,b32_fast,1,tile_compute,4.05359268188,978,138.354063034
com-LiveJournal,b32_fast,1,tile_store,0.226497650146,978,138.354063034
com-LiveJournal,b32_fast,1,output_scatter,1.22570991516,978,138.354063034
com-LiveJournal,b32_fast,1,thread_amx_setup,0.0486373901367,978,138.354063034
com-LiveJournal,b32_fast,2,output_zero,0,978,132.067918777
com-LiveJournal,b32_fast,2,row_schedule,0.282764434814,978,132.067918777
com-LiveJournal,b32_fast,2,partial_zero,0.530958175659,978,132.067918777
com-LiveJournal,b32_fast,2,csr_prefetch,11.6536617279,978,132.067918777
com-LiveJournal,b32_fast,2,feature_gather_decode,19.3247795105,978,132.067918777
com-LiveJournal,b32_fast,2,fp32_neighbor_reduction,10.4529857635,978,132.067918777
com-LiveJournal,b32_fast,2,partial_bf16_conversion,0.31852722168,978,132.067918777
com-LiveJournal,b32_fast,2,tile_load,2.23159790039,978,132.067918777
com-LiveJournal,b32_fast,2,tile_compute,3.71766090393,978,132.067918777
com-LiveJournal,b32_fast,2,tile_store,0.248670578003,978,132.067918777
com-LiveJournal,b32_fast,2,output_scatter,0.211715698242,978,132.067918777
com-LiveJournal,b32_fast,2,thread_amx_setup,0.0171661376953,978,132.067918777
com-LiveJournal,b32_accurate,1,output_zero,0,978,133.327007294
com-LiveJournal,b32_accurate,1,row_schedule,0.31566619873,978,133.327007294
com-LiveJournal,b32_accurate,1,partial_zero,0.479221343994,978,133.327007294
com-LiveJournal,b32_accurate,1,csr_prefetch,11.9345188141,978,133.327007294
com-LiveJournal,b32_accurate,1,feature_gather_decode,19.6559429169,978,133.327007294
com-LiveJournal,b32_accurate,1,fp32_neighbor_reduction,10.8439922333,978,133.327007294
com-LiveJournal,b32_accurate,1,partial_bf16_conversion,0.464677810669,978,133.327007294
com-LiveJournal,b32_accurate,1,tile_load,3.87954711914,978,133.327007294
com-LiveJournal,b32_accurate,1,tile_compute,5.73539733887,978,133.327007294
com-LiveJournal,b32_accurate,1,tile_store,0.198364257812,978,133.327007294
com-LiveJournal,b32_accurate,1,output_scatter,1.22594833374,978,133.327007294
com-LiveJournal,b32_accurate,1,thread_amx_setup,0.0195503234863,978,133.327007294
com-LiveJournal,b32_accurate,2,output_zero,0,978,134.294986725
com-LiveJournal,b32_accurate,2,row_schedule,0.298261642456,978,134.294986725
com-LiveJournal,b32_accurate,2,partial_zero,0.470638275146,978,134.294986725
com-LiveJournal,b32_accurate,2,csr_prefetch,11.9445323944,978,134.294986725
com-LiveJournal,b32_accurate,2,feature_gather_decode,19.3688869476,978,134.294986725
com-LiveJournal,b32_accurate,2,fp32_neighbor_reduction,10.6582641602,978,134.294986725
com-LiveJournal,b32_accurate,2,partial_bf16_conversion,0.510215759277,978,134.294986725
com-LiveJournal,b32_accurate,2,tile_load,3.93652915955,978,134.294986725
com-LiveJournal,b32_accurate,2,tile_compute,5.15365600586,978,134.294986725
com-LiveJournal,b32_accurate,2,tile_store,0.237226486206,978,134.294986725
com-LiveJournal,b32_accurate,2,output_scatter,0.209808349609,978,134.294986725
com-LiveJournal,b32_accurate,2,thread_amx_setup,0.02121925354,978,134.294986725
com-LiveJournal,b64_fast,1,output_zero,0,978,134.996175766
com-LiveJournal,b64_fast,1,row_schedule,0.39267539978,978,134.996175766
com-LiveJournal,b64_fast,1,partial_zero,0.381708145142,978,134.996175766
com-LiveJournal,b64_fast,1,csr_prefetch,11.6989612579,978,134.996175766
com-LiveJournal,b64_fast,1,feature_gather_decode,18.3827877045,978,134.996175766
com-LiveJournal,b64_fast,1,fp32_neighbor_reduction,10.0748538971,978,134.996175766
com-LiveJournal,b64_fast,1,partial_bf16_conversion,0.260353088379,978,134.996175766
com-LiveJournal,b64_fast,1,tile_load,1.86944007874,978,134.996175766
com-LiveJournal,b64_fast,1,tile_compute,3.49593162537,978,134.996175766
com-LiveJournal,b64_fast,1,tile_store,0.175714492798,978,134.996175766
com-LiveJournal,b64_fast,1,output_scatter,1.25360488892,978,134.996175766
com-LiveJournal,b64_fast,1,thread_amx_setup,0.0195503234863,978,134.996175766
com-LiveJournal,b64_fast,2,output_zero,0,978,129.585027695
com-LiveJournal,b64_fast,2,row_schedule,0.292062759399,978,129.585027695
com-LiveJournal,b64_fast,2,partial_zero,0.436067581177,978,129.585027695
com-LiveJournal,b64_fast,2,csr_prefetch,11.6803646088,978,129.585027695
com-LiveJournal,b64_fast,2,feature_gather_decode,18.86677742,978,129.585027695
com-LiveJournal,b64_fast,2,fp32_neighbor_reduction,10.1048946381,978,129.585027695
com-LiveJournal,b64_fast,2,partial_bf16_conversion,0.262260437012,978,129.585027695
com-LiveJournal,b64_fast,2,tile_load,1.76572799683,978,129.585027695
com-LiveJournal,b64_fast,2,tile_compute,3.24892997742,978,129.585027695
com-LiveJournal,b64_fast,2,tile_store,0.214576721191,978,129.585027695
com-LiveJournal,b64_fast,2,output_scatter,0.218629837036,978,129.585027695
com-LiveJournal,b64_fast,2,thread_amx_setup,0.0166893005371,978,129.585027695
com-LiveJournal,b64_accurate,1,output_zero,0,978,137.412071228
com-LiveJournal,b64_accurate,1,row_schedule,0.290393829346,978,137.412071228
com-LiveJournal,b64_accurate,1,partial_zero,0.389814376831,978,137.412071228
com-LiveJournal,b64_accurate,1,csr_prefetch,11.9366645813,978,137.412071228
com-LiveJournal,b64_accurate,1,feature_gather_decode,18.2323455811,978,137.412071228
com-LiveJournal,b64_accurate,1,fp32_neighbor_reduction,10.3685855865,978,137.412071228
com-LiveJournal,b64_accurate,1,partial_bf16_conversion,0.367164611816,978,137.412071228
com-LiveJournal,b64_accurate,1,tile_load,2.98643112183,978,137.412071228
com-LiveJournal,b64_accurate,1,tile_compute,4.9524307251,978,137.412071228
com-LiveJournal,b64_accurate,1,tile_store,0.152349472046,978,137.412071228
com-LiveJournal,b64_accurate,1,output_scatter,1.21784210205,978,137.412071228
com-LiveJournal,b64_accurate,1,thread_amx_setup,0.0259876251221,978,137.412071228
com-LiveJournal,b64_accurate,2,output_zero,0,978,129.836082458
com-LiveJournal,b64_accurate,2,row_schedule,0.307559967041,978,129.836082458
com-LiveJournal,b64_accurate,2,partial_zero,0.424146652222,978,129.836082458
com-LiveJournal,b64_accurate,2,csr_prefetch,11.6987228394,978,129.836082458
com-LiveJournal,b64_accurate,2,feature_gather_decode,18.9077854156,978,129.836082458
com-LiveJournal,b64_accurate,2,fp32_neighbor_reduction,10.3051662445,978,129.836082458
com-LiveJournal,b64_accurate,2,partial_bf16_conversion,0.386238098145,978,129.836082458
com-LiveJournal,b64_accurate,2,tile_load,3.10826301575,978,129.836082458
com-LiveJournal,b64_accurate,2,tile_compute,4.5018196106,978,129.836082458
com-LiveJournal,b64_accurate,2,tile_store,0.182151794434,978,129.836082458
com-LiveJournal,b64_accurate,2,output_scatter,0.269651412964,978,129.836082458
com-LiveJournal,b64_accurate,2,thread_amx_setup,0.0174045562744,978,129.836082458
com-LiveJournal,bfull_fast,1,output_zero,0,978,131.008863449
com-LiveJournal,bfull_fast,1,row_schedule,0.375270843506,978,131.008863449
com-LiveJournal,bfull_fast,1,partial_zero,0.333547592163,978,131.008863449
com-LiveJournal,bfull_fast,1,csr_prefetch,11.5249156952,978,131.008863449
com-LiveJournal,bfull_fast,1,feature_gather_decode,18.9213752747,978,131.008863449
com-LiveJournal,bfull_fast,1,fp32_neighbor_reduction,10.0600719452,978,131.008863449
com-LiveJournal,bfull_fast,1,partial_bf16_conversion,0.20694732666,978,131.008863449
com-LiveJournal,bfull_fast,1,tile_load,1.46412849426,978,131.008863449
com-LiveJournal,bfull_fast,1,tile_compute,2.99787521362,978,131.008863449
com-LiveJournal,bfull_fast,1,tile_store,0.13542175293,978,131.008863449
com-LiveJournal,bfull_fast,1,output_scatter,1.22833251953,978,131.008863449
com-LiveJournal,bfull_fast,1,thread_amx_setup,0.0238418579102,978,131.008863449
com-LiveJournal,bfull_fast,2,output_zero,0,978,122.259140015
com-LiveJournal,bfull_fast,2,row_schedule,0.320196151733,978,122.259140015
com-LiveJournal,bfull_fast,2,partial_zero,0.33712387085,978,122.259140015
com-LiveJournal,bfull_fast,2,csr_prefetch,11.8505954742,978,122.259140015
com-LiveJournal,bfull_fast,2,feature_gather_decode,19.0222263336,978,122.259140015
com-LiveJournal,bfull_fast,2,fp32_neighbor_reduction,9.99355316162,978,122.259140015
com-LiveJournal,bfull_fast,2,partial_bf16_conversion,0.223159790039,978,122.259140015
com-LiveJournal,bfull_fast,2,tile_load,1.45816802979,978,122.259140015
com-LiveJournal,bfull_fast,2,tile_compute,2.73776054382,978,122.259140015
com-LiveJournal,bfull_fast,2,tile_store,0.18310546875,978,122.259140015
com-LiveJournal,bfull_fast,2,output_scatter,0.259876251221,978,122.259140015
com-LiveJournal,bfull_fast,2,thread_amx_setup,0.025749206543,978,122.259140015
com-LiveJournal,bfull_accurate,1,output_zero,0,978,133.416891098
com-LiveJournal,bfull_accurate,1,row_schedule,0.332355499268,978,133.416891098
com-LiveJournal,bfull_accurate,1,partial_zero,0.391960144043,978,133.416891098
com-LiveJournal,bfull_accurate,1,csr_prefetch,11.4877223969,978,133.416891098
com-LiveJournal,bfull_accurate,1,feature_gather_decode,18.4972286224,978,133.416891098
com-LiveJournal,bfull_accurate,1,fp32_neighbor_reduction,10.2736949921,978,133.416891098
com-LiveJournal,bfull_accurate,1,partial_bf16_conversion,0.287055969238,978,133.416891098
com-LiveJournal,bfull_accurate,1,tile_load,2.44641304016,978,133.416891098
com-LiveJournal,bfull_accurate,1,tile_compute,4.1983127594,978,133.416891098
com-LiveJournal,bfull_accurate,1,tile_store,0.121831893921,978,133.416891098
com-LiveJournal,bfull_accurate,1,output_scatter,1.29556655884,978,133.416891098
com-LiveJournal,bfull_accurate,1,thread_amx_setup,0.0181198120117,978,133.416891098
com-LiveJournal,bfull_accurate,2,output_zero,0,978,127.789020538
com-LiveJournal,bfull_accurate,2,row_schedule,0.301599502563,978,127.789020538
com-LiveJournal,bfull_accurate,2,partial_zero,0.403165817261,978,127.789020538
com-LiveJournal,bfull_accurate,2,csr_prefetch,11.7969512939,978,127.789020538
com-LiveJournal,bfull_accurate,2,feature_gather_decode,18.4819698334,978,127.789020538
com-LiveJournal,bfull_accurate,2,fp32_neighbor_reduction,10.0972652435,978,127.789020538
com-LiveJournal,bfull_accurate,2,partial_bf16_conversion,0.285148620605,978,127.789020538
com-LiveJournal,bfull_accurate,2,tile_load,2.601146698,978,127.789020538
com-LiveJournal,bfull_accurate,2,tile_compute,3.83281707764,978,127.789020538
com-LiveJournal,bfull_accurate,2,tile_store,0.133991241455,978,127.789020538
com-LiveJournal,bfull_accurate,2,output_scatter,0.28133392334,978,127.789020538
com-LiveJournal,bfull_accurate,2,thread_amx_setup,0.0197887420654,978,127.789020538
as-Skitter,b2_fast,1,output_zero,0.0238418579102,416,207.314968109
as-Skitter,b2_fast,1,row_schedule,0.120639801025,416,207.314968109
as-Skitter,b2_fast,1,partial_zero,3.28755378723,416,207.314968109
as-Skitter,b2_fast,1,csr_prefetch,16.3924694061,416,207.314968109
as-Skitter,b2_fast,1,feature_gather_decode,21.3885307312,416,207.314968109
as-Skitter,b2_fast,1,fp32_neighbor_reduction,25.3567695618,416,207.314968109
as-Skitter,b2_fast,1,partial_bf16_conversion,2.9661655426,416,207.314968109
as-Skitter,b2_fast,1,tile_load,14.092206955,416,207.314968109
as-Skitter,b2_fast,1,tile_compute,20.6401348114,416,207.314968109
as-Skitter,b2_fast,1,tile_store,2.02584266663,416,207.314968109
as-Skitter,b2_fast,1,output_scatter,0.665664672852,416,207.314968109
as-Skitter,b2_fast,1,thread_amx_setup,0.0169277191162,416,207.314968109
as-Skitter,b2_fast,2,output_zero,0,416,199.991941452
as-Skitter,b2_fast,2,row_schedule,0.0894069671631,416,199.991941452
as-Skitter,b2_fast,2,partial_zero,3.1898021698,416,199.991941452
as-Skitter,b2_fast,2,csr_prefetch,16.4880752563,416,199.991941452
as-Skitter,b2_fast,2,feature_gather_decode,21.5964317322,416,199.991941452
as-Skitter,b2_fast,2,fp32_neighbor_reduction,24.4677066803,416,199.991941452
as-Skitter,b2_fast,2,partial_bf16_conversion,2.90489196777,416,199.991941452
as-Skitter,b2_fast,2,tile_load,14.1370296478,416,199.991941452
as-Skitter,b2_fast,2,tile_compute,20.9403038025,416,199.991941452
as-Skitter,b2_fast,2,tile_store,2.05302238464,416,199.991941452
as-Skitter,b2_fast,2,output_scatter,0.0557899475098,416,199.991941452
as-Skitter,b2_fast,2,thread_amx_setup,0.0181198120117,416,199.991941452
as-Skitter,b2_accurate,1,output_zero,0,416,249.852895737
as-Skitter,b2_accurate,1,row_schedule,0.0929832458496,416,249.852895737
as-Skitter,b2_accurate,1,partial_zero,3.39436531067,416,249.852895737
as-Skitter,b2_accurate,1,csr_prefetch,16.4933204651,416,249.852895737
as-Skitter,b2_accurate,1,feature_gather_decode,21.4660167694,416,249.852895737
as-Skitter,b2_accurate,1,fp32_neighbor_reduction,24.2774486542,416,249.852895737
as-Skitter,b2_accurate,1,partial_bf16_conversion,5.14554977417,416,249.852895737
as-Skitter,b2_accurate,1,tile_load,25.3944396973,416,249.852895737
as-Skitter,b2_accurate,1,tile_compute,29.0622711182,416,249.852895737
as-Skitter,b2_accurate,1,tile_store,1.81221961975,416,249.852895737
as-Skitter,b2_accurate,1,output_scatter,0.420808792114,416,249.852895737
as-Skitter,b2_accurate,1,thread_amx_setup,0.0238418579102,416,249.852895737
as-Skitter,b2_accurate,2,output_zero,0.000953674316406,416,244.205951691
as-Skitter,b2_accurate,2,row_schedule,0.120162963867,416,244.205951691
as-Skitter,b2_accurate,2,partial_zero,3.26013565063,416,244.205951691
as-Skitter,b2_accurate,2,csr_prefetch,16.2441730499,416,244.205951691
as-Skitter,b2_accurate,2,feature_gather_decode,20.7617282867,416,244.205951691
as-Skitter,b2_accurate,2,fp32_neighbor_reduction,24.2695808411,416,244.205951691
as-Skitter,b2_accurate,2,partial_bf16_conversion,5.19204139709,416,244.205951691
as-Skitter,b2_accurate,2,tile_load,25.4182815552,416,244.205951691
as-Skitter,b2_accurate,2,tile_compute,28.2492637634,416,244.205951691
as-Skitter,b2_accurate,2,tile_store,1.80721282959,416,244.205951691
as-Skitter,b2_accurate,2,output_scatter,0.0760555267334,416,244.205951691
as-Skitter,b2_accurate,2,thread_amx_setup,0.0181198120117,416,244.205951691
as-Skitter,b4_fast,1,output_zero,0.000953674316406,416,154.008150101
as-Skitter,b4_fast,1,row_schedule,0.146865844727,416,154.008150101
as-Skitter,b4_fast,1,partial_zero,1.70183181763,416,154.008150101
as-Skitter,b4_fast,1,csr_prefetch,15.6202316284,416,154.008150101
as-Skitter,b4_fast,1,feature_gather_decode,19.5505619049,416,154.008150101
as-Skitter,b4_fast,1,fp32_neighbor_reduction,19.5009708405,416,154.008150101
as-Skitter,b4_fast,1,partial_bf16_conversion,1.50942802429,416,154.008150101
as-Skitter,b4_fast,1,tile_load,7.82513618469,416,154.008150101
as-Skitter,b4_fast,1,tile_compute,10.701417923,416,154.008150101
as-Skitter,b4_fast,1,tile_store,1.10459327698,416,154.008150101
as-Skitter,b4_fast,1,output_scatter,0.439405441284,416,154.008150101
as-Skitter,b4_fast,1,thread_amx_setup,0.0224113464355,416,154.008150101
as-Skitter,b4_fast,2,output_zero,0,416,154.417037964
as-Skitter,b4_fast,2,row_schedule,0.114440917969,416,154.417037964
as-Skitter,b4_fast,2,partial_zero,1.80745124817,416,154.417037964
as-Skitter,b4_fast,2,csr_prefetch,15.763759613,416,154.417037964
as-Skitter,b4_fast,2,feature_gather_decode,19.5951461792,416,154.417037964
as-Skitter,b4_fast,2,fp32_neighbor_reduction,19.5910930634,416,154.417037964
as-Skitter,b4_fast,2,partial_bf16_conversion,1.50895118713,416,154.417037964
as-Skitter,b4_fast,2,tile_load,7.92860984802,416,154.417037964
as-Skitter,b4_fast,2,tile_compute,10.6880664825,416,154.417037964
as-Skitter,b4_fast,2,tile_store,1.03211402893,416,154.417037964
as-Skitter,b4_fast,2,output_scatter,0.0724792480469,416,154.417037964
as-Skitter,b4_fast,2,thread_amx_setup,0.0240802764893,416,154.417037964
as-Skitter,b4_accurate,1,output_zero,0,416,179.886102676
as-Skitter,b4_accurate,1,row_schedule,0.114917755127,416,179.886102676
as-Skitter,b4_accurate,1,partial_zero,1.78384780884,416,179.886102676
as-Skitter,b4_accurate,1,csr_prefetch,15.5131816864,416,179.886102676
as-Skitter,b4_accurate,1,feature_gather_decode,19.3138122559,416,179.886102676
as-Skitter,b4_accurate,1,fp32_neighbor_reduction,19.6249485016,416,179.886102676
as-Skitter,b4_accurate,1,partial_bf16_conversion,2.68316268921,416,179.886102676
as-Skitter,b4_accurate,1,tile_load,13.7526988983,416,179.886102676
as-Skitter,b4_accurate,1,tile_compute,15.1925086975,416,179.886102676
as-Skitter,b4_accurate,1,tile_store,0.920295715332,416,179.886102676
as-Skitter,b4_accurate,1,output_scatter,0.444412231445,416,179.886102676
as-Skitter,b4_accurate,1,thread_amx_setup,0.0185966491699,416,179.886102676
as-Skitter,b4_accurate,2,output_zero,0,416,175.23598671
as-Skitter,b4_accurate,2,row_schedule,0.117063522339,416,175.23598671
as-Skitter,b4_accurate,2,partial_zero,1.72662734985,416,175.23598671
as-Skitter,b4_accurate,2,csr_prefetch,15.7186985016,416,175.23598671
as-Skitter,b4_accurate,2,feature_gather_decode,19.223690033,416,175.23598671
as-Skitter,b4_accurate,2,fp32_neighbor_reduction,19.3662643433,416,175.23598671
as-Skitter,b4_accurate,2,partial_bf16_conversion,2.7277469635,416,175.23598671
as-Skitter,b4_accurate,2,tile_load,13.427734375,416,175.23598671
as-Skitter,b4_accurate,2,tile_compute,14.7271156311,416,175.23598671
as-Skitter,b4_accurate,2,tile_store,0.97393989563,416,175.23598671
as-Skitter,b4_accurate,2,output_scatter,0.0829696655273,416,175.23598671
as-Skitter,b4_accurate,2,thread_amx_setup,0.0174045562744,416,175.23598671
as-Skitter,b8_fast,1,output_zero,0,416,132.815122604
as-Skitter,b8_fast,1,row_schedule,0.115394592285,416,132.815122604
as-Skitter,b8_fast,1,partial_zero,0.94747543335,416,132.815122604
as-Skitter,b8_fast,1,csr_prefetch,15.5186653137,416,132.815122604
as-Skitter,b8_fast,1,feature_gather_decode,18.7242031097,416,132.815122604
as-Skitter,b8_fast,1,fp32_neighbor_reduction,17.0402526855,416,132.815122604
as-Skitter,b8_fast,1,partial_bf16_conversion,0.816583633423,416,132.815122604
as-Skitter,b8_fast,1,tile_load,4.22668457031,416,132.815122604
as-Skitter,b8_fast,1,tile_compute,5.91635704041,416,132.815122604
as-Skitter,b8_fast,1,tile_store,0.554800033569,416,132.815122604
as-Skitter,b8_fast,1,output_scatter,0.451564788818,416,132.815122604
as-Skitter,b8_fast,1,thread_amx_setup,0.0154972076416,416,132.815122604
as-Skitter,b8_fast,2,output_zero,0,416,127.803087234
as-Skitter,b8_fast,2,row_schedule,0.115156173706,416,127.803087234
as-Skitter,b8_fast,2,partial_zero,0.940322875977,416,127.803087234
as-Skitter,b8_fast,2,csr_prefetch,15.6495571136,416,127.803087234
as-Skitter,b8_fast,2,feature_gather_decode,18.7046527863,416,127.803087234
as-Skitter,b8_fast,2,fp32_neighbor_reduction,17.0087814331,416,127.803087234
as-Skitter,b8_fast,2,partial_bf16_conversion,0.804424285889,416,127.803087234
as-Skitter,b8_fast,2,tile_load,4.35400009155,416,127.803087234
as-Skitter,b8_fast,2,tile_compute,5.85222244263,416,127.803087234
as-Skitter,b8_fast,2,tile_store,0.539302825928,416,127.803087234
as-Skitter,b8_fast,2,output_scatter,0.0731945037842,416,127.803087234
as-Skitter,b8_fast,2,thread_amx_setup,0.0221729278564,416,127.803087234
as-Skitter,b8_accurate,1,output_zero,0,416,145.169973373
as-Skitter,b8_accurate,1,row_schedule,0.0848770141602,416,145.169973373
as-Skitter,b8_accurate,1,partial_zero,0.888109207153,416,145.169973373
as-Skitter,b8_accurate,1,csr_prefetch,15.7442092896,416,145.169973373
as-Skitter,b8_accurate,1,feature_gather_decode,18.6417102814,416,145.169973373
as-Skitter,b8_accurate,1,fp32_neighbor_reduction,17.1258449554,416,145.169973373
as-Skitter,b8_accurate,1,partial_bf16_conversion,1.40428543091,416,145.169973373
as-Skitter,b8_accurate,1,tile_load,7.18379020691,416,145.169973373
as-Skitter,b8_accurate,1,tile_compute,8.66627693176,416,145.169973373
as-Skitter,b8_accurate,1,tile_store,0.450611114502,416,145.169973373
as-Skitter,b8_accurate,1,output_scatter,0.456094741821,416,145.169973373
as-Skitter,b8_accurate,1,thread_amx_setup,0.0214576721191,416,145.169973373
as-Skitter,b8_accurate,2,output_zero,0,416,140.554904938
as-Skitter,b8_accurate,2,row_schedule,0.109910964966,416,140.554904938
as-Skitter,b8_accurate,2,partial_zero,0.954627990723,416,140.554904938
as-Skitter,b8_accurate,2,csr_prefetch,15.8603191376,416,140.554904938
as-Skitter,b8_accurate,2,feature_gather_decode,18.6505317688,416,140.554904938
as-Skitter,b8_accurate,2,fp32_neighbor_reduction,17.0891284943,416,140.554904938
as-Skitter,b8_accurate,2,partial_bf16_conversion,1.35016441345,416,140.554904938
as-Skitter,b8_accurate,2,tile_load,7.1849822998,416,140.554904938
as-Skitter,b8_accurate,2,tile_compute,8.58449935913,416,140.554904938
as-Skitter,b8_accurate,2,tile_store,0.472545623779,416,140.554904938
as-Skitter,b8_accurate,2,output_scatter,0.0693798065186,416,140.554904938
as-Skitter,b8_accurate,2,thread_amx_setup,0.0200271606445,416,140.554904938
as-Skitter,b16_fast,1,output_zero,0,416,119.423151016
as-Skitter,b16_fast,1,row_schedule,0.134468078613,416,119.423151016
as-Skitter,b16_fast,1,partial_zero,0.532865524292,416,119.423151016
as-Skitter,b16_fast,1,csr_prefetch,15.5792236328,416,119.423151016
as-Skitter,b16_fast,1,feature_gather_decode,18.2075500488,416,119.423151016
as-Skitter,b16_fast,1,fp32_neighbor_reduction,15.7535076141,416,119.423151016
as-Skitter,b16_fast,1,partial_bf16_conversion,0.45371055603,416,119.423151016
as-Skitter,b16_fast,1,tile_load,2.5155544281,416,119.423151016
as-Skitter,b16_fast,1,tile_compute,3.48448753357,416,119.423151016
as-Skitter,b16_fast,1,tile_store,0.28920173645,416,119.423151016
as-Skitter,b16_fast,1,output_scatter,0.4723072052,416,119.423151016
as-Skitter,b16_fast,1,thread_amx_setup,0.0174045562744,416,119.423151016
as-Skitter,b16_fast,2,output_zero,0.000953674316406,416,117.563962936
as-Skitter,b16_fast,2,row_schedule,0.0927448272705,416,117.563962936
as-Skitter,b16_fast,2,partial_zero,0.585079193115,416,117.563962936
as-Skitter,b16_fast,2,csr_prefetch,15.4905319214,416,117.563962936
as-Skitter,b16_fast,2,feature_gather_decode,18.3823108673,416,117.563962936
as-Skitter,b16_fast,2,fp32_neighbor_reduction,15.8607959747,416,117.563962936
as-Skitter,b16_fast,2,partial_bf16_conversion,0.400066375732,416,117.563962936
as-Skitter,b16_fast,2,tile_load,2.49123573303,416,117.563962936
as-Skitter,b16_fast,2,tile_compute,3.52025032043,416,117.563962936
as-Skitter,b16_fast,2,tile_store,0.304222106934,416,117.563962936
as-Skitter,b16_fast,2,output_scatter,0.0629425048828,416,117.563962936
as-Skitter,b16_fast,2,thread_amx_setup,0.0214576721191,416,117.563962936
as-Skitter,b16_accurate,1,output_zero,0,416,124.414920807
as-Skitter,b16_accurate,1,row_schedule,0.109910964966,416,124.414920807
as-Skitter,b16_accurate,1,partial_zero,0.562191009521,416,124.414920807
as-Skitter,b16_accurate,1,csr_prefetch,15.8720016479,416,124.414920807
as-Skitter,b16_accurate,1,feature_gather_decode,18.7401771545,416,124.414920807
as-Skitter,b16_accurate,1,fp32_neighbor_reduction,15.7351493835,416,124.414920807
as-Skitter,b16_accurate,1,partial_bf16_conversion,0.694990158081,416,124.414920807
as-Skitter,b16_accurate,1,tile_load,4.20641899109,416,124.414920807
as-Skitter,b16_accurate,1,tile_compute,5.48243522644,416,124.414920807
as-Skitter,b16_accurate,1,tile_store,0.259637832642,416,124.414920807
as-Skitter,b16_accurate,1,output_scatter,0.456809997559,416,124.414920807
as-Skitter,b16_accurate,1,thread_amx_setup,0.016450881958,416,124.414920807
as-Skitter,b16_accurate,2,output_zero,0.000953674316406,416,124.614953995
as-Skitter,b16_accurate,2,row_schedule,0.114917755127,416,124.614953995
as-Skitter,b16_accurate,2,partial_zero,0.532388687134,416,124.614953995
as-Skitter,b16_accurate,2,csr_prefetch,15.5715942383,416,124.614953995
as-Skitter,b16_accurate,2,feature_gather_decode,18.5379981995,416,124.614953995
as-Skitter,b16_accurate,2,fp32_neighbor_reduction,15.8302783966,416,124.614953995
as-Skitter,b16_accurate,2,partial_bf16_conversion,0.742673873901,416,124.614953995
as-Skitter,b16_accurate,2,tile_load,4.10962104797,416,124.614953995
as-Skitter,b16_accurate,2,tile_compute,5.21993637085,416,124.614953995
as-Skitter,b16_accurate,2,tile_store,0.256299972534,416,124.614953995
as-Skitter,b16_accurate,2,output_scatter,0.0791549682617,416,124.614953995
as-Skitter,b16_accurate,2,thread_amx_setup,0.0190734863281,416,124.614953995
as-Skitter,b32_fast,1,output_zero,0,416,114.603996277
as-Skitter,b32_fast,1,row_schedule,0.125885009766,416,114.603996277
as-Skitter,b32_fast,1,partial_zero,0.36358833313,416,114.603996277
as-Skitter,b32_fast,1,csr_prefetch,15.4559612274,416,114.603996277
as-Skitter,b32_fast,1,feature_gather_decode,18.1498527527,416,114.603996277
as-Skitter,b32_fast,1,fp32_neighbor_reduction,15.13671875,416,114.603996277
as-Skitter,b32_fast,1,partial_bf16_conversion,0.295400619507,416,114.603996277
as-Skitter,b32_fast,1,tile_load,1.57141685486,416,114.603996277
as-Skitter,b32_fast,1,tile_compute,2.27022171021,416,114.603996277
as-Skitter,b32_fast,1,tile_store,0.171899795532,416,114.603996277
as-Skitter,b32_fast,1,output_scatter,0.44584274292,416,114.603996277
as-Skitter,b32_fast,1,thread_amx_setup,0.0197887420654,416,114.603996277
as-Skitter,b32_fast,2,output_zero,0,416,111.147165298
as-Skitter,b32_fast,2,row_schedule,0.110626220703,416,111.147165298
as-Skitter,b32_fast,2,partial_zero,0.369787216187,416,111.147165298
as-Skitter,b32_fast,2,csr_prefetch,15.4407024384,416,111.147165298
as-Skitter,b32_fast,2,feature_gather_decode,18.3095932007,416,111.147165298
as-Skitter,b32_fast,2,fp32_neighbor_reduction,15.0003433228,416,111.147165298
as-Skitter,b32_fast,2,partial_bf16_conversion,0.290393829346,416,111.147165298
as-Skitter,b32_fast,2,tile_load,1.56879425049,416,111.147165298
as-Skitter,b32_fast,2,tile_compute,2.52771377563,416,111.147165298
as-Skitter,b32_fast,2,tile_store,0.175714492798,416,111.147165298
as-Skitter,b32_fast,2,output_scatter,0.0741481781006,416,111.147165298
as-Skitter,b32_fast,2,thread_amx_setup,0.0181198120117,416,111.147165298
as-Skitter,b32_accurate,1,output_zero,0,416,116.100072861
as-Skitter,b32_accurate,1,row_schedule,0.108480453491,416,116.100072861
as-Skitter,b32_accurate,1,partial_zero,0.31304359436,416,116.100072861
as-Skitter,b32_accurate,1,csr_prefetch,15.6142711639,416,116.100072861
as-Skitter,b32_accurate,1,feature_gather_decode,18.0683135986,416,116.100072861
as-Skitter,b32_accurate,1,fp32_neighbor_reduction,15.2885913849,416,116.100072861
as-Skitter,b32_accurate,1,partial_bf16_conversion,0.405311584473,416,116.100072861
as-Skitter,b32_accurate,1,tile_load,2.55680084229,416,116.100072861
as-Skitter,b32_accurate,1,tile_compute,3.57222557068,416,116.100072861
as-Skitter,b32_accurate,1,tile_store,0.155687332153,416,116.100072861
as-Skitter,b32_accurate,1,output_scatter,0.470638275146,416,116.100072861
as-Skitter,b32_accurate,1,thread_amx_setup,0.0183582305908,416,116.100072861
as-Skitter,b32_accurate,2,output_zero,0.000953674316406,416,115.591049194
as-Skitter,b32_accurate,2,row_schedule,0.102519989014,416,115.591049194
as-Skitter,b32_accurate,2,partial_zero,0.341415405273,416,115.591049194
as-Skitter,b32_accurate,2,csr_prefetch,15.4006481171,416,115.591049194
as-Skitter,b32_accurate,2,feature_gather_decode,18.4183120728,416,115.591049194
as-Skitter,b32_accurate,2,fp32_neighbor_reduction,15.1648521423,416,115.591049194
as-Skitter,b32_accurate,2,partial_bf16_conversion,0.414848327637,416,115.591049194
as-Skitter,b32_accurate,2,tile_load,2.65073776245,416,115.591049194
as-Skitter,b32_accurate,2,tile_compute,3.43441963196,416,115.591049194
as-Skitter,b32_accurate,2,tile_store,0.162839889526,416,115.591049194
as-Skitter,b32_accurate,2,output_scatter,0.0855922698975,416,115.591049194
as-Skitter,b32_accurate,2,thread_amx_setup,0.0143051147461,416,115.591049194
as-Skitter,b64_fast,1,output_zero,0,416,109.153032303
as-Skitter,b64_fast,1,row_schedule,0.126361846924,416,109.153032303
as-Skitter,b64_fast,1,partial_zero,0.211000442505,416,109.153032303
as-Skitter,b64_fast,1,csr_prefetch,15.2659416199,416,109.153032303
as-Skitter,b64_fast,1,feature_gather_decode,18.1741714478,416,109.153032303
as-Skitter,b64_fast,1,fp32_neighbor_reduction,14.5502090454,416,109.153032303
as-Skitter,b64_fast,1,partial_bf16_conversion,0.187158584595,416,109.153032303
as-Skitter,b64_fast,1,tile_load,1.0929107666,416,109.153032303
as-Skitter,b64_fast,1,tile_compute,1.76787376404,416,109.153032303
as-Skitter,b64_fast,1,tile_store,0.109434127808,416,109.153032303
as-Skitter,b64_fast,1,output_scatter,0.454187393188,416,109.153032303
as-Skitter,b64_fast,1,thread_amx_setup,0.0209808349609,416,109.153032303
as-Skitter,b64_fast,2,output_zero,0,416,107.744932175
as-Skitter,b64_fast,2,row_schedule,0.110149383545,416,107.744932175
as-Skitter,b64_fast,2,partial_zero,0.224351882935,416,107.744932175
as-Skitter,b64_fast,2,csr_prefetch,15.3102874756,416,107.744932175
as-Skitter,b64_fast,2,feature_gather_decode,18.0237293243,416,107.744932175
as-Skitter,b64_fast,2,fp32_neighbor_reduction,14.6315097809,416,107.744932175
as-Skitter,b64_fast,2,partial_bf16_conversion,0.173091888428,416,107.744932175
as-Skitter,b64_fast,2,tile_load,1.15418434143,416,107.744932175
as-Skitter,b64_fast,2,tile_compute,1.83367729187,416,107.744932175
as-Skitter,b64_fast,2,tile_store,0.135660171509,416,107.744932175
as-Skitter,b64_fast,2,output_scatter,0.0793933868408,416,107.744932175
as-Skitter,b64_fast,2,thread_amx_setup,0.0197887420654,416,107.744932175
as-Skitter,b64_accurate,1,output_zero,0,416,112.452030182
as-Skitter,b64_accurate,1,row_schedule,0.104904174805,416,112.452030182
as-Skitter,b64_accurate,1,partial_zero,0.242471694946,416,112.452030182
as-Skitter,b64_accurate,1,csr_prefetch,15.5711174011,416,112.452030182
as-Skitter,b64_accurate,1,feature_gather_decode,18.275976181,416,112.452030182
as-Skitter,b64_accurate,1,fp32_neighbor_reduction,14.7411823273,416,112.452030182
as-Skitter,b64_accurate,1,partial_bf16_conversion,0.275611877441,416,112.452030182
as-Skitter,b64_accurate,1,tile_load,1.76739692688,416,112.452030182
as-Skitter,b64_accurate,1,tile_compute,2.69818305969,416,112.452030182
as-Skitter,b64_accurate,1,tile_store,0.110387802124,416,112.452030182
as-Skitter,b64_accurate,1,output_scatter,0.442743301392,416,112.452030182
as-Skitter,b64_accurate,1,thread_amx_setup,0.0228881835938,416,112.452030182
as-Skitter,b64_accurate,2,output_zero,0,416,111.157894135
as-Skitter,b64_accurate,2,row_schedule,0.113964080811,416,111.157894135
as-Skitter,b64_accurate,2,partial_zero,0.25200843811,416,111.157894135
as-Skitter,b64_accurate,2,csr_prefetch,15.4981613159,416,111.157894135
as-Skitter,b64_accurate,2,feature_gather_decode,18.1946754456,416,111.157894135
as-Skitter,b64_accurate,2,fp32_neighbor_reduction,14.7535800934,416,111.157894135
as-Skitter,b64_accurate,2,partial_bf16_conversion,0.300407409668,416,111.157894135
as-Skitter,b64_accurate,2,tile_load,1.79266929626,416,111.157894135
as-Skitter,b64_accurate,2,tile_compute,2.52556800842,416,111.157894135
as-Skitter,b64_accurate,2,tile_store,0.109434127808,416,111.157894135
as-Skitter,b64_accurate,2,output_scatter,0.0686645507812,416,111.157894135
as-Skitter,b64_accurate,2,thread_amx_setup,0.0224113464355,416,111.157894135
as-Skitter,bfull_fast,1,output_zero,0,416,103.44004631
as-Skitter,bfull_fast,1,row_schedule,0.125646591187,416,103.44004631
as-Skitter,bfull_fast,1,partial_zero,0.127792358398,416,103.44004631
as-Skitter,bfull_fast,1,csr_prefetch,14.5444869995,416,103.44004631
as-Skitter,bfull_fast,1,feature_gather_decode,17.1251296997,416,103.44004631
as-Skitter,bfull_fast,1,fp32_neighbor_reduction,13.6885643005,416,103.44004631
as-Skitter,bfull_fast,1,partial_bf16_conversion,0.0839233398438,416,103.44004631
as-Skitter,bfull_fast,1,tile_load,0.505685806274,416,103.44004631
as-Skitter,bfull_fast,1,tile_compute,1.22237205505,416,103.44004631
as-Skitter,bfull_fast,1,tile_store,0.0567436218262,416,103.44004631
as-Skitter,bfull_fast,1,output_scatter,0.466585159302,416,103.44004631
as-Skitter,bfull_fast,1,thread_amx_setup,0.0197887420654,416,103.44004631
as-Skitter,bfull_fast,2,output_zero,0,416,101.988077164
as-Skitter,bfull_fast,2,row_schedule,0.104188919067,416,101.988077164
as-Skitter,bfull_fast,2,partial_zero,0.165700912476,416,101.988077164
as-Skitter,bfull_fast,2,csr_prefetch,14.5223140717,416,101.988077164
as-Skitter,bfull_fast,2,feature_gather_decode,17.1883106232,416,101.988077164
as-Skitter,bfull_fast,2,fp32_neighbor_reduction,13.6985778809,416,101.988077164
as-Skitter,bfull_fast,2,partial_bf16_conversion,0.0700950622559,416,101.988077164
as-Skitter,bfull_fast,2,tile_load,0.468969345093,416,101.988077164
as-Skitter,bfull_fast,2,tile_compute,1.30248069763,416,101.988077164
as-Skitter,bfull_fast,2,tile_store,0.0619888305664,416,101.988077164
as-Skitter,bfull_fast,2,output_scatter,0.0872611999512,416,101.988077164
as-Skitter,bfull_fast,2,thread_amx_setup,0.0145435333252,416,101.988077164
as-Skitter,bfull_accurate,1,output_zero,0,416,102.012872696
as-Skitter,bfull_accurate,1,row_schedule,0.106811523438,416,102.012872696
as-Skitter,bfull_accurate,1,partial_zero,0.147104263306,416,102.012872696
as-Skitter,bfull_accurate,1,csr_prefetch,14.7297382355,416,102.012872696
as-Skitter,bfull_accurate,1,feature_gather_decode,17.0378684998,416,102.012872696
as-Skitter,bfull_accurate,1,fp32_neighbor_reduction,13.7176513672,416,102.012872696
as-Skitter,bfull_accurate,1,partial_bf16_conversion,0.12731552124,416,102.012872696
as-Skitter,bfull_accurate,1,tile_load,0.855445861816,416,102.012872696
as-Skitter,bfull_accurate,1,tile_compute,1.82008743286,416,102.012872696
as-Skitter,bfull_accurate,1,tile_store,0.0510215759277,416,102.012872696
as-Skitter,bfull_accurate,1,output_scatter,0.462055206299,416,102.012872696
as-Skitter,bfull_accurate,1,thread_amx_setup,0.0152587890625,416,102.012872696
as-Skitter,bfull_accurate,2,output_zero,0,416,102.486848831
as-Skitter,bfull_accurate,2,row_schedule,0.0989437103271,416,102.486848831
as-Skitter,bfull_accurate,2,partial_zero,0.156879425049,416,102.486848831
as-Skitter,bfull_accurate,2,csr_prefetch,14.4824981689,416,102.486848831
as-Skitter,bfull_accurate,2,feature_gather_decode,17.2426700592,416,102.486848831
as-Skitter,bfull_accurate,2,fp32_neighbor_reduction,13.8041973114,416,102.486848831
as-Skitter,bfull_accurate,2,partial_bf16_conversion,0.117301940918,416,102.486848831
as-Skitter,bfull_accurate,2,tile_load,0.916719436646,416,102.486848831
as-Skitter,bfull_accurate,2,tile_compute,1.72758102417,416,102.486848831
as-Skitter,bfull_accurate,2,tile_store,0.0543594360352,416,102.486848831
as-Skitter,bfull_accurate,2,output_scatter,0.0824928283691,416,102.486848831
as-Skitter,bfull_accurate,2,thread_amx_setup,0.018835067749,416,102.486848831
rgg_n_2_24_s0,b2_fast,1,output_zero,0.0338554382324,4097,702.062129974
rgg_n_2_24_s0,b2_fast,1,row_schedule,1.71589851379,4097,702.062129974
rgg_n_2_24_s0,b2_fast,1,partial_zero,6.54721260071,4097,702.062129974
rgg_n_2_24_s0,b2_fast,1,csr_prefetch,49.976348877,4097,702.062129974
rgg_n_2_24_s0,b2_fast,1,feature_gather_decode,117.784976959,4097,702.062129974
rgg_n_2_24_s0,b2_fast,1,fp32_neighbor_reduction,54.5153617859,4097,702.062129974
rgg_n_2_24_s0,b2_fast,1,partial_bf16_conversion,5.52082061768,4097,702.062129974
rgg_n_2_24_s0,b2_fast,1,tile_load,29.0431976318,4097,702.062129974
rgg_n_2_24_s0,b2_fast,1,tile_compute,91.1433696747,4097,702.062129974
rgg_n_2_24_s0,b2_fast,1,tile_store,4.12273406982,4097,702.062129974
rgg_n_2_24_s0,b2_fast,1,output_scatter,4.61578369141,4097,702.062129974
rgg_n_2_24_s0,b2_fast,1,thread_amx_setup,0.0460147857666,4097,702.062129974
rgg_n_2_24_s0,b2_fast,2,output_zero,0,4097,668.690919876
rgg_n_2_24_s0,b2_fast,2,row_schedule,1.51777267456,4097,668.690919876
rgg_n_2_24_s0,b2_fast,2,partial_zero,6.68549537659,4097,668.690919876
rgg_n_2_24_s0,b2_fast,2,csr_prefetch,50.6036281586,4097,668.690919876
rgg_n_2_24_s0,b2_fast,2,feature_gather_decode,116.575956345,4097,668.690919876
rgg_n_2_24_s0,b2_fast,2,fp32_neighbor_reduction,54.575920105,4097,668.690919876
rgg_n_2_24_s0,b2_fast,2,partial_bf16_conversion,5.6300163269,4097,668.690919876
rgg_n_2_24_s0,b2_fast,2,tile_load,27.9550552368,4097,668.690919876
rgg_n_2_24_s0,b2_fast,2,tile_compute,87.7516269684,4097,668.690919876
rgg_n_2_24_s0,b2_fast,2,tile_store,4.20331954956,4097,668.690919876
rgg_n_2_24_s0,b2_fast,2,output_scatter,0.738620758057,4097,668.690919876
rgg_n_2_24_s0,b2_fast,2,thread_amx_setup,0.0545978546143,4097,668.690919876
rgg_n_2_24_s0,b2_accurate,1,output_zero,0,4097,808.995008469
rgg_n_2_24_s0,b2_accurate,1,row_schedule,1.36804580688,4097,808.995008469
rgg_n_2_24_s0,b2_accurate,1,partial_zero,7.01808929443,4097,808.995008469
rgg_n_2_24_s0,b2_accurate,1,csr_prefetch,48.2714176178,4097,808.995008469
rgg_n_2_24_s0,b2_accurate,1,feature_gather_decode,114.506006241,4097,808.995008469
rgg_n_2_24_s0,b2_accurate,1,fp32_neighbor_reduction,50.7838726044,4097,808.995008469
rgg_n_2_24_s0,b2_accurate,1,partial_bf16_conversion,9.34171676636,4097,808.995008469
rgg_n_2_24_s0,b2_accurate,1,tile_load,49.7300624847,4097,808.995008469
rgg_n_2_24_s0,b2_accurate,1,tile_compute,97.243309021,4097,808.995008469
rgg_n_2_24_s0,b2_accurate,1,tile_store,3.39889526367,4097,808.995008469
rgg_n_2_24_s0,b2_accurate,1,output_scatter,4.51040267944,4097,808.995008469
rgg_n_2_24_s0,b2_accurate,1,thread_amx_setup,0.0441074371338,4097,808.995008469
rgg_n_2_24_s0,b2_accurate,2,output_zero,0,4097,777.936935425
rgg_n_2_24_s0,b2_accurate,2,row_schedule,1.61075592041,4097,777.936935425
rgg_n_2_24_s0,b2_accurate,2,partial_zero,6.87909126282,4097,777.936935425
rgg_n_2_24_s0,b2_accurate,2,csr_prefetch,49.4713783264,4097,777.936935425
rgg_n_2_24_s0,b2_accurate,2,feature_gather_decode,114.231586456,4097,777.936935425
rgg_n_2_24_s0,b2_accurate,2,fp32_neighbor_reduction,52.0844459534,4097,777.936935425
rgg_n_2_24_s0,b2_accurate,2,partial_bf16_conversion,9.48524475098,4097,777.936935425
rgg_n_2_24_s0,b2_accurate,2,tile_load,50.3559112549,4097,777.936935425
rgg_n_2_24_s0,b2_accurate,2,tile_compute,103.641748428,4097,777.936935425
rgg_n_2_24_s0,b2_accurate,2,tile_store,3.47256660461,4097,777.936935425
rgg_n_2_24_s0,b2_accurate,2,output_scatter,0.847816467285,4097,777.936935425
rgg_n_2_24_s0,b2_accurate,2,thread_amx_setup,0.0474452972412,4097,777.936935425
rgg_n_2_24_s0,b4_fast,1,output_zero,0,4097,583.848953247
rgg_n_2_24_s0,b4_fast,1,row_schedule,1.65748596191,4097,583.848953247
rgg_n_2_24_s0,b4_fast,1,partial_zero,4.04500961304,4097,583.848953247
rgg_n_2_24_s0,b4_fast,1,csr_prefetch,42.5856113434,4097,583.848953247
rgg_n_2_24_s0,b4_fast,1,feature_gather_decode,85.0338935852,4097,583.848953247
rgg_n_2_24_s0,b4_fast,1,fp32_neighbor_reduction,42.708158493,4097,583.848953247
rgg_n_2_24_s0,b4_fast,1,partial_bf16_conversion,3.02624702454,4097,583.848953247
rgg_n_2_24_s0,b4_fast,1,tile_load,16.7064666748,4097,583.848953247
rgg_n_2_24_s0,b4_fast,1,tile_compute,45.0186729431,4097,583.848953247
rgg_n_2_24_s0,b4_fast,1,tile_store,2.29215621948,4097,583.848953247
rgg_n_2_24_s0,b4_fast,1,output_scatter,4.60433959961,4097,583.848953247
rgg_n_2_24_s0,b4_fast,1,thread_amx_setup,0.044584274292,4097,583.848953247
rgg_n_2_24_s0,b4_fast,2,output_zero,0.000953674316406,4097,554.00800705
rgg_n_2_24_s0,b4_fast,2,row_schedule,1.43885612488,4097,554.00800705
rgg_n_2_24_s0,b4_fast,2,partial_zero,3.97610664368,4097,554.00800705
rgg_n_2_24_s0,b4_fast,2,csr_prefetch,42.0820713043,4097,554.00800705
rgg_n_2_24_s0,b4_fast,2,feature_gather_decode,83.0166339874,4097,554.00800705
rgg_n_2_24_s0,b4_fast,2,fp32_neighbor_reduction,41.3868427277,4097,554.00800705
rgg_n_2_24_s0,b4_fast,2,partial_bf16_conversion,2.97665596008,4097,554.00800705
rgg_n_2_24_s0,b4_fast,2,tile_load,16.28947258,4097,554.00800705
rgg_n_2_24_s0,b4_fast,2,tile_compute,38.7096405029,4097,554.00800705
rgg_n_2_24_s0,b4_fast,2,tile_store,2.19678878784,4097,554.00800705
rgg_n_2_24_s0,b4_fast,2,output_scatter,0.693559646606,4097,554.00800705
rgg_n_2_24_s0,b4_fast,2,thread_amx_setup,0.0438690185547,4097,554.00800705
rgg_n_2_24_s0,b4_accurate,1,output_zero,0,4097,642.935991287
rgg_n_2_24_s0,b4_accurate,1,row_schedule,1.43671035767,4097,642.935991287
rgg_n_2_24_s0,b4_accurate,1,partial_zero,4.11200523376,4097,642.935991287
rgg_n_2_24_s0,b4_accurate,1,csr_prefetch,42.9444313049,4097,642.935991287
rgg_n_2_24_s0,b4_accurate,1,feature_gather_decode,83.2784175873,4097,642.935991287
rgg_n_2_24_s0,b4_accurate,1,fp32_neighbor_reduction,42.3338413239,4097,642.935991287
rgg_n_2_24_s0,b4_accurate,1,partial_bf16_conversion,4.95982170105,4097,642.935991287
rgg_n_2_24_s0,b4_accurate,1,tile_load,28.8970470428,4097,642.935991287
rgg_n_2_24_s0,b4_accurate,1,tile_compute,49.2088794708,4097,642.935991287
rgg_n_2_24_s0,b4_accurate,1,tile_store,1.85203552246,4097,642.935991287
rgg_n_2_24_s0,b4_accurate,1,output_scatter,4.56690788269,4097,642.935991287
rgg_n_2_24_s0,b4_accurate,1,thread_amx_setup,0.0402927398682,4097,642.935991287
rgg_n_2_24_s0,b4_accurate,2,output_zero,0.000953674316406,4097,607.928991318
rgg_n_2_24_s0,b4_accurate,2,row_schedule,1.52778625488,4097,607.928991318
rgg_n_2_24_s0,b4_accurate,2,partial_zero,4.32896614075,4097,607.928991318
rgg_n_2_24_s0,b4_accurate,2,csr_prefetch,42.9720878601,4097,607.928991318
rgg_n_2_24_s0,b4_accurate,2,feature_gather_decode,82.9045772552,4097,607.928991318
rgg_n_2_24_s0,b4_accurate,2,fp32_neighbor_reduction,43.402671814,4097,607.928991318
rgg_n_2_24_s0,b4_accurate,2,partial_bf16_conversion,5.16891479492,4097,607.928991318
rgg_n_2_24_s0,b4_accurate,2,tile_load,29.0250778198,4097,607.928991318
rgg_n_2_24_s0,b4_accurate,2,tile_compute,58.8793754578,4097,607.928991318
rgg_n_2_24_s0,b4_accurate,2,tile_store,1.96719169617,4097,607.928991318
rgg_n_2_24_s0,b4_accurate,2,output_scatter,0.881671905518,4097,607.928991318
rgg_n_2_24_s0,b4_accurate,2,thread_amx_setup,0.0357627868652,4097,607.928991318
rgg_n_2_24_s0,b8_fast,1,output_zero,0,4097,515.064954758
rgg_n_2_24_s0,b8_fast,1,row_schedule,1.7192363739,4097,515.064954758
rgg_n_2_24_s0,b8_fast,1,partial_zero,2.43544578552,4097,515.064954758
rgg_n_2_24_s0,b8_fast,1,csr_prefetch,40.412902832,4097,515.064954758
rgg_n_2_24_s0,b8_fast,1,feature_gather_decode,67.7020549774,4097,515.064954758
rgg_n_2_24_s0,b8_fast,1,fp32_neighbor_reduction,36.0038280487,4097,515.064954758
rgg_n_2_24_s0,b8_fast,1,partial_bf16_conversion,1.66940689087,4097,515.064954758
rgg_n_2_24_s0,b8_fast,1,tile_load,10.0846290588,4097,515.064954758
rgg_n_2_24_s0,b8_fast,1,tile_compute,25.5019664764,4097,515.064954758
rgg_n_2_24_s0,b8_fast,1,tile_store,1.34801864624,4097,515.064954758
rgg_n_2_24_s0,b8_fast,1,output_scatter,4.60600852966,4097,515.064954758
rgg_n_2_24_s0,b8_fast,1,thread_amx_setup,0.0383853912354,4097,515.064954758
rgg_n_2_24_s0,b8_fast,2,output_zero,0,4097,481.652975082
rgg_n_2_24_s0,b8_fast,2,row_schedule,1.37662887573,4097,481.652975082
rgg_n_2_24_s0,b8_fast,2,partial_zero,2.63714790344,4097,481.652975082
rgg_n_2_24_s0,b8_fast,2,csr_prefetch,40.2019023895,4097,481.652975082
rgg_n_2_24_s0,b8_fast,2,feature_gather_decode,66.3492679596,4097,481.652975082
rgg_n_2_24_s0,b8_fast,2,fp32_neighbor_reduction,35.0108146667,4097,481.652975082
rgg_n_2_24_s0,b8_fast,2,partial_bf16_conversion,1.77574157715,4097,481.652975082
rgg_n_2_24_s0,b8_fast,2,tile_load,9.95826721191,4097,481.652975082
rgg_n_2_24_s0,b8_fast,2,tile_compute,23.900270462,4097,481.652975082
rgg_n_2_24_s0,b8_fast,2,tile_store,1.35350227356,4097,481.652975082
rgg_n_2_24_s0,b8_fast,2,output_scatter,0.704050064087,4097,481.652975082
rgg_n_2_24_s0,b8_fast,2,thread_amx_setup,0.042200088501,4097,481.652975082
rgg_n_2_24_s0,b8_accurate,1,output_zero,0,4097,540.47703743
rgg_n_2_24_s0,b8_accurate,1,row_schedule,1.40047073364,4097,540.47703743
rgg_n_2_24_s0,b8_accurate,1,partial_zero,2.67744064331,4097,540.47703743
rgg_n_2_24_s0,b8_accurate,1,csr_prefetch,41.7215824127,4097,540.47703743
rgg_n_2_24_s0,b8_accurate,1,feature_gather_decode,67.7926540375,4097,540.47703743
rgg_n_2_24_s0,b8_accurate,1,fp32_neighbor_reduction,37.2791290283,4097,540.47703743
rgg_n_2_24_s0,b8_accurate,1,partial_bf16_conversion,2.66218185425,4097,540.47703743
rgg_n_2_24_s0,b8_accurate,1,tile_load,18.0830955505,4097,540.47703743
rgg_n_2_24_s0,b8_accurate,1,tile_compute,34.9183082581,4097,540.47703743
rgg_n_2_24_s0,b8_accurate,1,tile_store,1.0392665863,4097,540.47703743
rgg_n_2_24_s0,b8_accurate,1,output_scatter,4.60290908813,4097,540.47703743
rgg_n_2_24_s0,b8_accurate,1,thread_amx_setup,0.0374317169189,4097,540.47703743
rgg_n_2_24_s0,b8_accurate,2,output_zero,0,4097,508.512973785
rgg_n_2_24_s0,b8_accurate,2,row_schedule,1.59645080566,4097,508.512973785
rgg_n_2_24_s0,b8_accurate,2,partial_zero,2.84886360168,4097,508.512973785
rgg_n_2_24_s0,b8_accurate,2,csr_prefetch,42.0269966125,4097,508.512973785
rgg_n_2_24_s0,b8_accurate,2,feature_gather_decode,66.9515132904,4097,508.512973785
rgg_n_2_24_s0,b8_accurate,2,fp32_neighbor_reduction,37.3027324677,4097,508.512973785
rgg_n_2_24_s0,b8_accurate,2,partial_bf16_conversion,2.89106369019,4097,508.512973785
rgg_n_2_24_s0,b8_accurate,2,tile_load,18.6998844147,4097,508.512973785
rgg_n_2_24_s0,b8_accurate,2,tile_compute,33.6406230927,4097,508.512973785
rgg_n_2_24_s0,b8_accurate,2,tile_store,1.17611885071,4097,508.512973785
rgg_n_2_24_s0,b8_accurate,2,output_scatter,0.871896743774,4097,508.512973785
rgg_n_2_24_s0,b8_accurate,2,thread_amx_setup,0.03981590271,4097,508.512973785
rgg_n_2_24_s0,b16_fast,1,output_zero,0,4097,470.353126526
rgg_n_2_24_s0,b16_fast,1,row_schedule,1.6872882843,4097,470.353126526
rgg_n_2_24_s0,b16_fast,1,partial_zero,1.6815662384,4097,470.353126526
rgg_n_2_24_s0,b16_fast,1,csr_prefetch,38.7296676636,4097,470.353126526
rgg_n_2_24_s0,b16_fast,1,feature_gather_decode,58.2935810089,4097,470.353126526
rgg_n_2_24_s0,b16_fast,1,fp32_neighbor_reduction,31.9645404816,4097,470.353126526
rgg_n_2_24_s0,b16_fast,1,partial_bf16_conversion,1.08790397644,4097,470.353126526
rgg_n_2_24_s0,b16_fast,1,tile_load,6.90269470215,4097,470.353126526
rgg_n_2_24_s0,b16_fast,1,tile_compute,17.1909332275,4097,470.353126526
rgg_n_2_24_s0,b16_fast,1,tile_store,0.8704662323,4097,470.353126526
rgg_n_2_24_s0,b16_fast,1,output_scatter,4.83822822571,4097,470.353126526
rgg_n_2_24_s0,b16_fast,1,thread_amx_setup,0.0374317169189,4097,470.353126526
rgg_n_2_24_s0,b16_fast,2,output_zero,0.000953674316406,4097,436.418056488
rgg_n_2_24_s0,b16_fast,2,row_schedule,1.33466720581,4097,436.418056488
rgg_n_2_24_s0,b16_fast,2,partial_zero,1.92165374756,4097,436.418056488
rgg_n_2_24_s0,b16_fast,2,csr_prefetch,37.4569892883,4097,436.418056488
rgg_n_2_24_s0,b16_fast,2,feature_gather_decode,58.144569397,4097,436.418056488
rgg_n_2_24_s0,b16_fast,2,fp32_neighbor_reduction,31.3007831573,4097,436.418056488
rgg_n_2_24_s0,b16_fast,2,partial_bf16_conversion,1.10268592834,4097,436.418056488
rgg_n_2_24_s0,b16_fast,2,tile_load,7.17043876648,4097,436.418056488
rgg_n_2_24_s0,b16_fast,2,tile_compute,15.5580043793,4097,436.418056488
rgg_n_2_24_s0,b16_fast,2,tile_store,0.962495803833,4097,436.418056488
rgg_n_2_24_s0,b16_fast,2,output_scatter,0.724077224731,4097,436.418056488
rgg_n_2_24_s0,b16_fast,2,thread_amx_setup,0.0460147857666,4097,436.418056488
rgg_n_2_24_s0,b16_accurate,1,output_zero,0,4097,486.886024475
rgg_n_2_24_s0,b16_accurate,1,row_schedule,1.43146514893,4097,486.886024475
rgg_n_2_24_s0,b16_accurate,1,partial_zero,1.95407867432,4097,486.886024475
rgg_n_2_24_s0,b16_accurate,1,csr_prefetch,39.8726463318,4097,486.886024475
rgg_n_2_24_s0,b16_accurate,1,feature_gather_decode,59.0393543243,4097,486.886024475
rgg_n_2_24_s0,b16_accurate,1,fp32_neighbor_reduction,33.7085723877,4097,486.886024475
rgg_n_2_24_s0,b16_accurate,1,partial_bf16_conversion,1.53064727783,4097,486.886024475
rgg_n_2_24_s0,b16_accurate,1,tile_load,12.6030445099,4097,486.886024475
rgg_n_2_24_s0,b16_accurate,1,tile_compute,22.3953723907,4097,486.886024475
rgg_n_2_24_s0,b16_accurate,1,tile_store,0.706434249878,4097,486.886024475
rgg_n_2_24_s0,b16_accurate,1,output_scatter,4.82106208801,4097,486.886024475
rgg_n_2_24_s0,b16_accurate,1,thread_amx_setup,0.0369548797607,4097,486.886024475
rgg_n_2_24_s0,b16_accurate,2,output_zero,0,4097,451.609134674
rgg_n_2_24_s0,b16_accurate,2,row_schedule,1.43814086914,4097,451.609134674
rgg_n_2_24_s0,b16_accurate,2,partial_zero,2.13885307312,4097,451.609134674
rgg_n_2_24_s0,b16_accurate,2,csr_prefetch,39.5746231079,4097,451.609134674
rgg_n_2_24_s0,b16_accurate,2,feature_gather_decode,58.3965778351,4097,451.609134674
rgg_n_2_24_s0,b16_accurate,2,fp32_neighbor_reduction,33.3807468414,4097,451.609134674
rgg_n_2_24_s0,b16_accurate,2,partial_bf16_conversion,1.64151191711,4097,451.609134674
rgg_n_2_24_s0,b16_accurate,2,tile_load,13.1170749664,4097,451.609134674
rgg_n_2_24_s0,b16_accurate,2,tile_compute,20.5323696136,4097,451.609134674
rgg_n_2_24_s0,b16_accurate,2,tile_store,0.824213027954,4097,451.609134674
rgg_n_2_24_s0,b16_accurate,2,output_scatter,0.863790512085,4097,451.609134674
rgg_n_2_24_s0,b16_accurate,2,thread_amx_setup,0.0412464141846,4097,451.609134674
rgg_n_2_24_s0,b32_fast,1,output_zero,0.000953674316406,4097,451.96223259
rgg_n_2_24_s0,b32_fast,1,row_schedule,1.74880027771,4097,451.96223259
rgg_n_2_24_s0,b32_fast,1,partial_zero,1.30462646484,4097,451.96223259
rgg_n_2_24_s0,b32_fast,1,csr_prefetch,37.9459857941,4097,451.96223259
rgg_n_2_24_s0,b32_fast,1,feature_gather_decode,54.9173355103,4097,451.96223259
rgg_n_2_24_s0,b32_fast,1,fp32_neighbor_reduction,30.419588089,4097,451.96223259
rgg_n_2_24_s0,b32_fast,1,partial_bf16_conversion,0.846147537231,4097,451.96223259
rgg_n_2_24_s0,b32_fast,1,tile_load,5.68771362305,4097,451.96223259
rgg_n_2_24_s0,b32_fast,1,tile_compute,14.3415927887,4097,451.96223259
rgg_n_2_24_s0,b32_fast,1,tile_store,0.55456161499,4097,451.96223259
rgg_n_2_24_s0,b32_fast,1,output_scatter,5.0413608551,4097,451.96223259
rgg_n_2_24_s0,b32_fast,1,thread_amx_setup,0.0407695770264,4097,451.96223259
rgg_n_2_24_s0,b32_fast,2,output_zero,0,4097,420.912027359
rgg_n_2_24_s0,b32_fast,2,row_schedule,1.36780738831,4097,420.912027359
rgg_n_2_24_s0,b32_fast,2,partial_zero,1.6725063324,4097,420.912027359
rgg_n_2_24_s0,b32_fast,2,csr_prefetch,37.6930236816,4097,420.912027359
rgg_n_2_24_s0,b32_fast,2,feature_gather_decode,54.3591976166,4097,420.912027359
rgg_n_2_24_s0,b32_fast,2,fp32_neighbor_reduction,30.0664901733,4097,420.912027359
rgg_n_2_24_s0,b32_fast,2,partial_bf16_conversion,0.860929489136,4097,420.912027359
rgg_n_2_24_s0,b32_fast,2,tile_load,5.82647323608,4097,420.912027359
rgg_n_2_24_s0,b32_fast,2,tile_compute,12.6087665558,4097,420.912027359
rgg_n_2_24_s0,b32_fast,2,tile_store,0.806093215942,4097,420.912027359
rgg_n_2_24_s0,b32_fast,2,output_scatter,0.80943107605,4097,420.912027359
rgg_n_2_24_s0,b32_fast,2,thread_amx_setup,0.0448226928711,4097,420.912027359
rgg_n_2_24_s0,b32_accurate,1,output_zero,0.000953674316406,4097,467.000007629
rgg_n_2_24_s0,b32_accurate,1,row_schedule,1.30891799927,4097,467.000007629
rgg_n_2_24_s0,b32_accurate,1,partial_zero,1.51872634888,4097,467.000007629
rgg_n_2_24_s0,b32_accurate,1,csr_prefetch,38.9664173126,4097,467.000007629
rgg_n_2_24_s0,b32_accurate,1,feature_gather_decode,55.0241470337,4097,467.000007629
rgg_n_2_24_s0,b32_accurate,1,fp32_neighbor_reduction,31.8360328674,4097,467.000007629
rgg_n_2_24_s0,b32_accurate,1,partial_bf16_conversion,1.0974407196,4097,467.000007629
rgg_n_2_24_s0,b32_accurate,1,tile_load,9.94038581848,4097,467.000007629
rgg_n_2_24_s0,b32_accurate,1,tile_compute,18.4843540192,4097,467.000007629
rgg_n_2_24_s0,b32_accurate,1,tile_store,0.467300415039,4097,467.000007629
rgg_n_2_24_s0,b32_accurate,1,output_scatter,4.94694709778,4097,467.000007629
rgg_n_2_24_s0,b32_accurate,1,thread_amx_setup,0.037670135498,4097,467.000007629
rgg_n_2_24_s0,b32_accurate,2,output_zero,0,4097,431.110143661
rgg_n_2_24_s0,b32_accurate,2,row_schedule,1.29771232605,4097,431.110143661
rgg_n_2_24_s0,b32_accurate,2,partial_zero,1.85513496399,4097,431.110143661
rgg_n_2_24_s0,b32_accurate,2,csr_prefetch,38.6934280396,4097,431.110143661
rgg_n_2_24_s0,b32_accurate,2,feature_gather_decode,54.3086528778,4097,431.110143661
rgg_n_2_24_s0,b32_accurate,2,fp32_neighbor_reduction,31.4030647278,4097,431.110143661
rgg_n_2_24_s0,b32_accurate,2,partial_bf16_conversion,1.19590759277,4097,431.110143661
rgg_n_2_24_s0,b32_accurate,2,tile_load,10.657787323,4097,431.110143661
rgg_n_2_24_s0,b32_accurate,2,tile_compute,16.2053108215,4097,431.110143661
rgg_n_2_24_s0,b32_accurate,2,tile_store,0.684022903442,4097,431.110143661
rgg_n_2_24_s0,b32_accurate,2,output_scatter,0.845193862915,4097,431.110143661
rgg_n_2_24_s0,b32_accurate,2,thread_amx_setup,0.0407695770264,4097,431.110143661
rgg_n_2_24_s0,b64_fast,1,output_zero,0,4097,451.683998108
rgg_n_2_24_s0,b64_fast,1,row_schedule,1.90758705139,4097,451.683998108
rgg_n_2_24_s0,b64_fast,1,partial_zero,1.26528739929,4097,451.683998108
rgg_n_2_24_s0,b64_fast,1,csr_prefetch,37.9285812378,4097,451.683998108
rgg_n_2_24_s0,b64_fast,1,feature_gather_decode,54.3608665466,4097,451.683998108
rgg_n_2_24_s0,b64_fast,1,fp32_neighbor_reduction,30.1051139832,4097,451.683998108
rgg_n_2_24_s0,b64_fast,1,partial_bf16_conversion,0.860452651978,4097,451.683998108
rgg_n_2_24_s0,b64_fast,1,tile_load,5.69081306458,4097,451.683998108
rgg_n_2_24_s0,b64_fast,1,tile_compute,14.24741745,4097,451.683998108
rgg_n_2_24_s0,b64_fast,1,tile_store,0.593185424805,4097,451.683998108
rgg_n_2_24_s0,b64_fast,1,output_scatter,5.03706932068,4097,451.683998108
rgg_n_2_24_s0,b64_fast,1,thread_amx_setup,0.0417232513428,4097,451.683998108
rgg_n_2_24_s0,b64_fast,2,output_zero,0,4097,420.198202133
rgg_n_2_24_s0,b64_fast,2,row_schedule,1.29842758179,4097,420.198202133
rgg_n_2_24_s0,b64_fast,2,partial_zero,1.60908699036,4097,420.198202133
rgg_n_2_24_s0,b64_fast,2,csr_prefetch,37.8453731537,4097,420.198202133
rgg_n_2_24_s0,b64_fast,2,feature_gather_decode,53.5292625427,4097,420.198202133
rgg_n_2_24_s0,b64_fast,2,fp32_neighbor_reduction,30.1609039307,4097,420.198202133
rgg_n_2_24_s0,b64_fast,2,partial_bf16_conversion,0.802755355835,4097,420.198202133
rgg_n_2_24_s0,b64_fast,2,tile_load,5.57613372803,4097,420.198202133
rgg_n_2_24_s0,b64_fast,2,tile_compute,12.7296447754,4097,420.198202133
rgg_n_2_24_s0,b64_fast,2,tile_store,0.731945037842,4097,420.198202133
rgg_n_2_24_s0,b64_fast,2,output_scatter,0.751733779907,4097,420.198202133
rgg_n_2_24_s0,b64_fast,2,thread_amx_setup,0.049352645874,4097,420.198202133
rgg_n_2_24_s0,b64_accurate,1,output_zero,0,4097,466.903924942
rgg_n_2_24_s0,b64_accurate,1,row_schedule,1.30820274353,4097,466.903924942
rgg_n_2_24_s0,b64_accurate,1,partial_zero,1.55448913574,4097,466.903924942
rgg_n_2_24_s0,b64_accurate,1,csr_prefetch,39.6604537964,4097,466.903924942
rgg_n_2_24_s0,b64_accurate,1,feature_gather_decode,54.8384189606,4097,466.903924942
rgg_n_2_24_s0,b64_accurate,1,fp32_neighbor_reduction,31.6913127899,4097,466.903924942
rgg_n_2_24_s0,b64_accurate,1,partial_bf16_conversion,1.10816955566,4097,466.903924942
rgg_n_2_24_s0,b64_accurate,1,tile_load,9.70602035522,4097,466.903924942
rgg_n_2_24_s0,b64_accurate,1,tile_compute,18.5708999634,4097,466.903924942
rgg_n_2_24_s0,b64_accurate,1,tile_store,0.495672225952,4097,466.903924942
rgg_n_2_24_s0,b64_accurate,1,output_scatter,4.95839118958,4097,466.903924942
rgg_n_2_24_s0,b64_accurate,1,thread_amx_setup,0.0407695770264,4097,466.903924942
rgg_n_2_24_s0,b64_accurate,2,output_zero,0.000953674316406,4097,431.322097778
rgg_n_2_24_s0,b64_accurate,2,row_schedule,1.34468078613,4097,431.322097778
rgg_n_2_24_s0,b64_accurate,2,partial_zero,1.86157226562,4097,431.322097778
rgg_n_2_24_s0,b64_accurate,2,csr_prefetch,38.4883880615,4097,431.322097778
rgg_n_2_24_s0,b64_accurate,2,feature_gather_decode,54.3534755707,4097,431.322097778
rgg_n_2_24_s0,b64_accurate,2,fp32_neighbor_reduction,32.0346355438,4097,431.322097778
rgg_n_2_24_s0,b64_accurate,2,partial_bf16_conversion,1.20377540588,4097,431.322097778
rgg_n_2_24_s0,b64_accurate,2,tile_load,10.7362270355,4097,431.322097778
rgg_n_2_24_s0,b64_accurate,2,tile_compute,16.3009166718,4097,431.322097778
rgg_n_2_24_s0,b64_accurate,2,tile_store,0.695466995239,4097,431.322097778
rgg_n_2_24_s0,b64_accurate,2,output_scatter,0.813722610474,4097,431.322097778
rgg_n_2_24_s0,b64_accurate,2,thread_amx_setup,0.042200088501,4097,431.322097778
rgg_n_2_24_s0,bfull_fast,1,output_zero,0.000953674316406,4097,452.007055283
rgg_n_2_24_s0,bfull_fast,1,row_schedule,1.70254707336,4097,452.007055283
rgg_n_2_24_s0,bfull_fast,1,partial_zero,1.3792514801,4097,452.007055283
rgg_n_2_24_s0,bfull_fast,1,csr_prefetch,38.1166934967,4097,452.007055283
rgg_n_2_24_s0,bfull_fast,1,feature_gather_decode,54.6813011169,4097,452.007055283
rgg_n_2_24_s0,bfull_fast,1,fp32_neighbor_reduction,30.3745269775,4097,452.007055283
rgg_n_2_24_s0,bfull_fast,1,partial_bf16_conversion,0.823497772217,4097,452.007055283
rgg_n_2_24_s0,bfull_fast,1,tile_load,5.54752349854,4097,452.007055283
rgg_n_2_24_s0,bfull_fast,1,tile_compute,14.2910480499,4097,452.007055283
rgg_n_2_24_s0,bfull_fast,1,tile_store,0.624179840088,4097,452.007055283
rgg_n_2_24_s0,bfull_fast,1,output_scatter,4.99415397644,4097,452.007055283
rgg_n_2_24_s0,bfull_fast,1,thread_amx_setup,0.0419616699219,4097,452.007055283
rgg_n_2_24_s0,bfull_fast,2,output_zero,0,4097,420.615196228
rgg_n_2_24_s0,bfull_fast,2,row_schedule,1.33347511292,4097,420.615196228
rgg_n_2_24_s0,bfull_fast,2,partial_zero,1.53541564941,4097,420.615196228
rgg_n_2_24_s0,bfull_fast,2,csr_prefetch,37.7669334412,4097,420.615196228
rgg_n_2_24_s0,bfull_fast,2,feature_gather_decode,53.7843704224,4097,420.615196228
rgg_n_2_24_s0,bfull_fast,2,fp32_neighbor_reduction,30.2979946136,4097,420.615196228
rgg_n_2_24_s0,bfull_fast,2,partial_bf16_conversion,0.888586044312,4097,420.615196228
rgg_n_2_24_s0,bfull_fast,2,tile_load,5.72419166565,4097,420.615196228
rgg_n_2_24_s0,bfull_fast,2,tile_compute,12.6609802246,4097,420.615196228
rgg_n_2_24_s0,bfull_fast,2,tile_store,0.838041305542,4097,420.615196228
rgg_n_2_24_s0,bfull_fast,2,output_scatter,0.775814056396,4097,420.615196228
rgg_n_2_24_s0,bfull_fast,2,thread_amx_setup,0.0476837158203,4097,420.615196228
rgg_n_2_24_s0,bfull_accurate,1,output_zero,0,4097,466.924905777
rgg_n_2_24_s0,bfull_accurate,1,row_schedule,1.35135650635,4097,466.924905777
rgg_n_2_24_s0,bfull_accurate,1,partial_zero,1.53017044067,4097,466.924905777
rgg_n_2_24_s0,bfull_accurate,1,csr_prefetch,38.8469696045,4097,466.924905777
rgg_n_2_24_s0,bfull_accurate,1,feature_gather_decode,55.0744533539,4097,466.924905777
rgg_n_2_24_s0,bfull_accurate,1,fp32_neighbor_reduction,31.6684246063,4097,466.924905777
rgg_n_2_24_s0,bfull_accurate,1,partial_bf16_conversion,1.10626220703,4097,466.924905777
rgg_n_2_24_s0,bfull_accurate,1,tile_load,9.91940498352,4097,466.924905777
rgg_n_2_24_s0,bfull_accurate,1,tile_compute,18.5487270355,4097,466.924905777
rgg_n_2_24_s0,bfull_accurate,1,tile_store,0.51474571228,4097,466.924905777
rgg_n_2_24_s0,bfull_accurate,1,output_scatter,4.92453575134,4097,466.924905777
rgg_n_2_24_s0,bfull_accurate,1,thread_amx_setup,0.0600814819336,4097,466.924905777
rgg_n_2_24_s0,bfull_accurate,2,output_zero,0,4097,431.514978409
rgg_n_2_24_s0,bfull_accurate,2,row_schedule,1.25408172607,4097,431.514978409
rgg_n_2_24_s0,bfull_accurate,2,partial_zero,1.92928314209,4097,431.514978409
rgg_n_2_24_s0,bfull_accurate,2,csr_prefetch,38.9795303345,4097,431.514978409
rgg_n_2_24_s0,bfull_accurate,2,feature_gather_decode,54.4884204865,4097,431.514978409
rgg_n_2_24_s0,bfull_accurate,2,fp32_neighbor_reduction,31.524181366,4097,431.514978409
rgg_n_2_24_s0,bfull_accurate,2,partial_bf16_conversion,1.23572349548,4097,431.514978409
rgg_n_2_24_s0,bfull_accurate,2,tile_load,10.5037689209,4097,431.514978409
rgg_n_2_24_s0,bfull_accurate,2,tile_compute,16.5657997131,4097,431.514978409
rgg_n_2_24_s0,bfull_accurate,2,tile_store,0.674724578857,4097,431.514978409
rgg_n_2_24_s0,bfull_accurate,2,output_scatter,0.83065032959,4097,431.514978409
rgg_n_2_24_s0,bfull_accurate,2,thread_amx_setup,0.0395774841309,4097,431.514978409
web-Google,b2_fast,1,output_zero,0.028133392334,225,15.0229930878
web-Google,b2_fast,1,row_schedule,0.0717639923096,225,15.0229930878
web-Google,b2_fast,1,partial_zero,0.201463699341,225,15.0229930878
web-Google,b2_fast,1,csr_prefetch,1.08170509338,225,15.0229930878
web-Google,b2_fast,1,feature_gather_decode,1.77955627441,225,15.0229930878
web-Google,b2_fast,1,fp32_neighbor_reduction,1.1420249939,225,15.0229930878
web-Google,b2_fast,1,partial_bf16_conversion,2.83122062683,225,15.0229930878
web-Google,b2_fast,1,tile_load,0.77486038208,225,15.0229930878
web-Google,b2_fast,1,tile_compute,1.76501274109,225,15.0229930878
web-Google,b2_fast,1,tile_store,0.107288360596,225,15.0229930878
web-Google,b2_fast,1,output_scatter,0.218152999878,225,15.0229930878
web-Google,b2_fast,1,thread_amx_setup,0.0307559967041,225,15.0229930878
web-Google,b2_fast,2,output_zero,0,225,13.4398937225
web-Google,b2_fast,2,row_schedule,0.0641345977783,225,13.4398937225
web-Google,b2_fast,2,partial_zero,0.177383422852,225,13.4398937225
web-Google,b2_fast,2,csr_prefetch,1.17683410645,225,13.4398937225
web-Google,b2_fast,2,feature_gather_decode,1.70803070068,225,13.4398937225
web-Google,b2_fast,2,fp32_neighbor_reduction,1.21068954468,225,13.4398937225
web-Google,b2_fast,2,partial_bf16_conversion,0.155687332153,225,13.4398937225
web-Google,b2_fast,2,tile_load,0.763654708862,225,13.4398937225
web-Google,b2_fast,2,tile_compute,1.62696838379,225,13.4398937225
web-Google,b2_fast,2,tile_store,0.121593475342,225,13.4398937225
web-Google,b2_fast,2,output_scatter,0.0343322753906,225,13.4398937225
web-Google,b2_fast,2,thread_amx_setup,0.0300407409668,225,13.4398937225
web-Google,b2_accurate,1,output_zero,0.000953674316406,225,17.1160697937
web-Google,b2_accurate,1,row_schedule,0.0588893890381,225,17.1160697937
web-Google,b2_accurate,1,partial_zero,0.187873840332,225,17.1160697937
web-Google,b2_accurate,1,csr_prefetch,1.04069709778,225,17.1160697937
web-Google,b2_accurate,1,feature_gather_decode,1.71065330505,225,17.1160697937
web-Google,b2_accurate,1,fp32_neighbor_reduction,1.20735168457,225,17.1160697937
web-Google,b2_accurate,1,partial_bf16_conversion,0.223636627197,225,17.1160697937
web-Google,b2_accurate,1,tile_load,1.30796432495,225,17.1160697937
web-Google,b2_accurate,1,tile_compute,2.19583511353,225,17.1160697937
web-Google,b2_accurate,1,tile_store,0.0896453857422,225,17.1160697937
web-Google,b2_accurate,1,output_scatter,0.194072723389,225,17.1160697937
web-Google,b2_accurate,1,thread_amx_setup,0.0267028808594,225,17.1160697937
web-Google,b2_accurate,2,output_zero,0,225,16.242980957
web-Google,b2_accurate,2,row_schedule,0.0672340393066,225,16.242980957
web-Google,b2_accurate,2,partial_zero,0.191211700439,225,16.242980957
web-Google,b2_accurate,2,csr_prefetch,1.16229057312,225,16.242980957
web-Google,b2_accurate,2,feature_gather_decode,1.65605545044,225,16.242980957
web-Google,b2_accurate,2,fp32_neighbor_reduction,1.20496749878,225,16.242980957
web-Google,b2_accurate,2,partial_bf16_conversion,0.272750854492,225,16.242980957
web-Google,b2_accurate,2,tile_load,1.35135650635,225,16.242980957
web-Google,b2_accurate,2,tile_compute,2.02989578247,225,16.242980957
web-Google,b2_accurate,2,tile_store,0.0848770141602,225,16.242980957
web-Google,b2_accurate,2,output_scatter,0.0321865081787,225,16.242980957
web-Google,b2_accurate,2,thread_amx_setup,0.0295639038086,225,16.242980957
web-Google,b4_fast,1,output_zero,0,225,12.8600597382
web-Google,b4_fast,1,row_schedule,0.0545978546143,225,12.8600597382
web-Google,b4_fast,1,partial_zero,0.146627426147,225,12.8600597382
web-Google,b4_fast,1,csr_prefetch,1.00064277649,225,12.8600597382
web-Google,b4_fast,1,feature_gather_decode,1.47557258606,225,12.8600597382
web-Google,b4_fast,1,fp32_neighbor_reduction,1.00660324097,225,12.8600597382
web-Google,b4_fast,1,partial_bf16_conversion,0.112056732178,225,12.8600597382
web-Google,b4_fast,1,tile_load,0.500440597534,225,12.8600597382
web-Google,b4_fast,1,tile_compute,1.12152099609,225,12.8600597382
web-Google,b4_fast,1,tile_store,0.0574588775635,225,12.8600597382
web-Google,b4_fast,1,output_scatter,0.225782394409,225,12.8600597382
web-Google,b4_fast,1,thread_amx_setup,0.0326633453369,225,12.8600597382
web-Google,b4_fast,2,output_zero,0,225,11.4090442657
web-Google,b4_fast,2,row_schedule,0.0600814819336,225,11.4090442657
web-Google,b4_fast,2,partial_zero,0.123977661133,225,11.4090442657
web-Google,b4_fast,2,csr_prefetch,1.02543830872,225,11.4090442657
web-Google,b4_fast,2,feature_gather_decode,1.41716003418,225,11.4090442657
web-Google,b4_fast,2,fp32_neighbor_reduction,0.955581665039,225,11.4090442657
web-Google,b4_fast,2,partial_bf16_conversion,0.0817775726318,225,11.4090442657
web-Google,b4_fast,2,tile_load,0.464916229248,225,11.4090442657
web-Google,b4_fast,2,tile_compute,1.08551979065,225,11.4090442657
web-Google,b4_fast,2,tile_store,0.0567436218262,225,11.4090442657
web-Google,b4_fast,2,output_scatter,0.0405311584473,225,11.4090442657
web-Google,b4_fast,2,thread_amx_setup,0.0417232513428,225,11.4090442657
web-Google,b4_accurate,1,output_zero,0,225,13.8299465179
web-Google,b4_accurate,1,row_schedule,0.0529289245605,225,13.8299465179
web-Google,b4_accurate,1,partial_zero,0.1380443573,225,13.8299465179
web-Google,b4_accurate,1,csr_prefetch,0.987529754639,225,13.8299465179
web-Google,b4_accurate,1,feature_gather_decode,1.43241882324,225,13.8299465179
web-Google,b4_accurate,1,fp32_neighbor_reduction,1.00064277649,225,13.8299465179
web-Google,b4_accurate,1,partial_bf16_conversion,0.123739242554,225,13.8299465179
web-Google,b4_accurate,1,tile_load,0.875234603882,225,13.8299465179
web-Google,b4_accurate,1,tile_compute,1.38139724731,225,13.8299465179
web-Google,b4_accurate,1,tile_store,0.0576972961426,225,13.8299465179
web-Google,b4_accurate,1,output_scatter,0.223636627197,225,13.8299465179
web-Google,b4_accurate,1,thread_amx_setup,0.0362396240234,225,13.8299465179
web-Google,b4_accurate,2,output_zero,0,225,12.2239589691
web-Google,b4_accurate,2,row_schedule,0.0612735748291,225,12.2239589691
web-Google,b4_accurate,2,partial_zero,0.137567520142,225,12.2239589691
web-Google,b4_accurate,2,csr_prefetch,0.972270965576,225,12.2239589691
web-Google,b4_accurate,2,feature_gather_decode,1.44290924072,225,12.2239589691
web-Google,b4_accurate,2,fp32_neighbor_reduction,0.983715057373,225,12.2239589691
web-Google,b4_accurate,2,partial_bf16_conversion,0.141620635986,225,12.2239589691
web-Google,b4_accurate,2,tile_load,0.84924697876,225,12.2239589691
web-Google,b4_accurate,2,tile_compute,1.36780738831,225,12.2239589691
web-Google,b4_accurate,2,tile_store,0.0691413879395,225,12.2239589691
web-Google,b4_accurate,2,output_scatter,0.044584274292,225,12.2239589691
web-Google,b4_accurate,2,thread_amx_setup,0.0350475311279,225,12.2239589691
web-Google,b8_fast,1,output_zero,0,225,11.2268924713
web-Google,b8_fast,1,row_schedule,0.0677108764648,225,11.2268924713
web-Google,b8_fast,1,partial_zero,0.0913143157959,225,11.2268924713
web-Google,b8_fast,1,csr_prefetch,0.900983810425,225,11.2268924713
web-Google,b8_fast,1,feature_gather_decode,1.20449066162,225,11.2268924713
web-Google,b8_fast,1,fp32_neighbor_reduction,0.891208648682,225,11.2268924713
web-Google,b8_fast,1,partial_bf16_conversion,0.070333480835,225,11.2268924713
web-Google,b8_fast,1,tile_load,0.333547592163,225,11.2268924713
web-Google,b8_fast,1,tile_compute,0.775575637817,225,11.2268924713
web-Google,b8_fast,1,tile_store,0.0371932983398,225,11.2268924713
web-Google,b8_fast,1,output_scatter,0.210285186768,225,11.2268924713
web-Google,b8_fast,1,thread_amx_setup,0.0286102294922,225,11.2268924713
web-Google,b8_fast,2,output_zero,0,225,9.9880695343
web-Google,b8_fast,2,row_schedule,0.046968460083,225,9.9880695343
web-Google,b8_fast,2,partial_zero,0.102043151855,225,9.9880695343
web-Google,b8_fast,2,csr_prefetch,0.970125198364,225,9.9880695343
web-Google,b8_fast,2,feature_gather_decode,1.26647949219,225,9.9880695343
web-Google,b8_fast,2,fp32_neighbor_reduction,0.887870788574,225,9.9880695343
web-Google,b8_fast,2,partial_bf16_conversion,0.068187713623,225,9.9880695343
web-Google,b8_fast,2,tile_load,0.319480895996,225,9.9880695343
web-Google,b8_fast,2,tile_compute,0.846147537231,225,9.9880695343
web-Google,b8_fast,2,tile_store,0.0350475311279,225,9.9880695343
web-Google,b8_fast,2,output_scatter,0.0290870666504,225,9.9880695343
web-Google,b8_fast,2,thread_amx_setup,0.0362396240234,225,9.9880695343
web-Google,b8_accurate,1,output_zero,0,225,11.8219852448
web-Google,b8_accurate,1,row_schedule,0.0591278076172,225,11.8219852448
web-Google,b8_accurate,1,partial_zero,0.0815391540527,225,11.8219852448
web-Google,b8_accurate,1,csr_prefetch,0.949382781982,225,11.8219852448
web-Google,b8_accurate,1,feature_gather_decode,1.26481056213,225,11.8219852448
web-Google,b8_accurate,1,fp32_neighbor_reduction,0.878572463989,225,11.8219852448
web-Google,b8_accurate,1,partial_bf16_conversion,0.0970363616943,225,11.8219852448
web-Google,b8_accurate,1,tile_load,0.613212585449,225,11.8219852448
web-Google,b8_accurate,1,tile_compute,0.997543334961,225,11.8219852448
web-Google,b8_accurate,1,tile_store,0.0400543212891,225,11.8219852448
web-Google,b8_accurate,1,output_scatter,0.211715698242,225,11.8219852448
web-Google,b8_accurate,1,thread_amx_setup,0.0317096710205,225,11.8219852448
web-Google,b8_accurate,2,output_zero,0,225,10.7100009918
web-Google,b8_accurate,2,row_schedule,0.0588893890381,225,10.7100009918
web-Google,b8_accurate,2,partial_zero,0.0865459442139,225,10.7100009918
web-Google,b8_accurate,2,csr_prefetch,0.944137573242,225,10.7100009918
web-Google,b8_accurate,2,feature_gather_decode,1.28746032715,225,10.7100009918
web-Google,b8_accurate,2,fp32_neighbor_reduction,0.877141952515,225,10.7100009918
web-Google,b8_accurate,2,partial_bf16_conversion,0.079870223999,225,10.7100009918
web-Google,b8_accurate,2,tile_load,0.643730163574,225,10.7100009918
web-Google,b8_accurate,2,tile_compute,0.942945480347,225,10.7100009918
web-Google,b8_accurate,2,tile_store,0.0348091125488,225,10.7100009918
web-Google,b8_accurate,2,output_scatter,0.035285949707,225,10.7100009918
web-Google,b8_accurate,2,thread_amx_setup,0.0295639038086,225,10.7100009918
web-Google,b16_fast,1,output_zero,0,225,10.8389854431
web-Google,b16_fast,1,row_schedule,0.0677108764648,225,10.8389854431
web-Google,b16_fast,1,partial_zero,0.0677108764648,225,10.8389854431
web-Google,b16_fast,1,csr_prefetch,0.933170318604,225,10.8389854431
web-Google,b16_fast,1,feature_gather_decode,1.18279457092,225,10.8389854431
web-Google,b16_fast,1,fp32_neighbor_reduction,0.766515731812,225,10.8389854431
web-Google,b16_fast,1,partial_bf16_conversion,0.0464916229248,225,10.8389854431
web-Google,b16_fast,1,tile_load,0.280618667603,225,10.8389854431
web-Google,b16_fast,1,tile_compute,0.624656677246,225,10.8389854431
web-Google,b16_fast,1,tile_store,0.0288486480713,225,10.8389854431
web-Google,b16_fast,1,output_scatter,0.220537185669,225,10.8389854431
web-Google,b16_fast,1,thread_amx_setup,0.0252723693848,225,10.8389854431
web-Google,b16_fast,2,output_zero,0,225,8.95023345947
web-Google,b16_fast,2,row_schedule,0.0565052032471,225,8.95023345947
web-Google,b16_fast,2,partial_zero,0.0684261322021,225,8.95023345947
web-Google,b16_fast,2,csr_prefetch,0.986337661743,225,8.95023345947
web-Google,b16_fast,2,feature_gather_decode,1.16062164307,225,8.95023345947
web-Google,b16_fast,2,fp32_neighbor_reduction,0.796318054199,225,8.95023345947
web-Google,b16_fast,2,partial_bf16_conversion,0.0541210174561,225,8.95023345947
web-Google,b16_fast,2,tile_load,0.273942947388,225,8.95023345947
web-Google,b16_fast,2,tile_compute,0.616550445557,225,8.95023345947
web-Google,b16_fast,2,tile_store,0.0364780426025,225,8.95023345947
web-Google,b16_fast,2,output_scatter,0.0362396240234,225,8.95023345947
web-Google,b16_fast,2,thread_amx_setup,0.0379085540771,225,8.95023345947
web-Google,b16_accurate,1,output_zero,0,225,11.3370418549
web-Google,b16_accurate,1,row_schedule,0.0579357147217,225,11.3370418549
web-Google,b16_accurate,1,partial_zero,0.0894069671631,225,11.3370418549
web-Google,b16_accurate,1,csr_prefetch,0.944137573242,225,11.3370418549
web-Google,b16_accurate,1,feature_gather_decode,1.20377540588,225,11.3370418549
web-Google,b16_accurate,1,fp32_neighbor_reduction,0.825166702271,225,11.3370418549
web-Google,b16_accurate,1,partial_bf16_conversion,0.0543594360352,225,11.3370418549
web-Google,b16_accurate,1,tile_load,0.492334365845,225,11.3370418549
web-Google,b16_accurate,1,tile_compute,0.831842422485,225,11.3370418549
web-Google,b16_accurate,1,tile_store,0.0202655792236,225,11.3370418549
web-Google,b16_accurate,1,output_scatter,0.210523605347,225,11.3370418549
web-Google,b16_accurate,1,thread_amx_setup,0.028133392334,225,11.3370418549
web-Google,b16_accurate,2,output_zero,0,225,9.67907905579
web-Google,b16_accurate,2,row_schedule,0.049352645874,225,9.67907905579
web-Google,b16_accurate,2,partial_zero,0.0779628753662,225,9.67907905579
web-Google,b16_accurate,2,csr_prefetch,0.947237014771,225,9.67907905579
web-Google,b16_accurate,2,feature_gather_decode,1.20711326599,225,9.67907905579
web-Google,b16_accurate,2,fp32_neighbor_reduction,0.805139541626,225,9.67907905579
web-Google,b16_accurate,2,partial_bf16_conversion,0.0619888305664,225,9.67907905579
web-Google,b16_accurate,2,tile_load,0.499725341797,225,9.67907905579
web-Google,b16_accurate,2,tile_compute,0.809192657471,225,9.67907905579
web-Google,b16_accurate,2,tile_store,0.0283718109131,225,9.67907905579
web-Google,b16_accurate,2,output_scatter,0.0424385070801,225,9.67907905579
web-Google,b16_accurate,2,thread_amx_setup,0.0405311584473,225,9.67907905579
web-Google,b32_fast,1,output_zero,0.000953674316406,225,10.712146759
web-Google,b32_fast,1,row_schedule,0.0839233398438,225,10.712146759
web-Google,b32_fast,1,partial_zero,0.0588893890381,225,10.712146759
web-Google,b32_fast,1,csr_prefetch,0.909566879272,225,10.712146759
web-Google,b32_fast,1,feature_gather_decode,1.1670589447,225,10.712146759
web-Google,b32_fast,1,fp32_neighbor_reduction,0.7643699646,225,10.712146759
web-Google,b32_fast,1,partial_bf16_conversion,0.0395774841309,225,10.712146759
web-Google,b32_fast,1,tile_load,0.244855880737,225,10.712146759
web-Google,b32_fast,1,tile_compute,0.543594360352,225,10.712146759
web-Google,b32_fast,1,tile_store,0.0293254852295,225,10.712146759
web-Google,b32_fast,1,output_scatter,0.235080718994,225,10.712146759
web-Google,b32_fast,1,thread_amx_setup,0.0278949737549,225,10.712146759
web-Google,b32_fast,2,output_zero,0,225,9.10496711731
web-Google,b32_fast,2,row_schedule,0.0588893890381,225,9.10496711731
web-Google,b32_fast,2,partial_zero,0.0839233398438,225,9.10496711731
web-Google,b32_fast,2,csr_prefetch,0.931978225708,225,9.10496711731
web-Google,b32_fast,2,feature_gather_decode,1.09648704529,225,9.10496711731
web-Google,b32_fast,2,fp32_neighbor_reduction,0.801801681519,225,9.10496711731
web-Google,b32_fast,2,partial_bf16_conversion,0.0476837158203,225,9.10496711731
web-Google,b32_fast,2,tile_load,0.224113464355,225,9.10496711731
web-Google,b32_fast,2,tile_compute,0.637292861938,225,9.10496711731
web-Google,b32_fast,2,tile_store,0.0264644622803,225,9.10496711731
web-Google,b32_fast,2,output_scatter,0.0374317169189,225,9.10496711731
web-Google,b32_fast,2,thread_amx_setup,0.0364780426025,225,9.10496711731
web-Google,b32_accurate,1,output_zero,0,225,10.7550621033
web-Google,b32_accurate,1,row_schedule,0.0834465026855,225,10.7550621033
web-Google,b32_accurate,1,partial_zero,0.0913143157959,225,10.7550621033
web-Google,b32_accurate,1,csr_prefetch,0.936031341553,225,10.7550621033
web-Google,b32_accurate,1,feature_gather_decode,1.17516517639,225,10.7550621033
web-Google,b32_accurate,1,fp32_neighbor_reduction,0.835180282593,225,10.7550621033
web-Google,b32_accurate,1,partial_bf16_conversion,0.0429153442383,225,10.7550621033
web-Google,b32_accurate,1,tile_load,0.450134277344,225,10.7550621033
web-Google,b32_accurate,1,tile_compute,0.78272819519,225,10.7550621033
web-Google,b32_accurate,1,tile_store,0.0226497650146,225,10.7550621033
web-Google,b32_accurate,1,output_scatter,0.218152999878,225,10.7550621033
web-Google,b32_accurate,1,thread_amx_setup,0.0951290130615,225,10.7550621033
web-Google,b32_accurate,2,output_zero,0,225,9.38582420349
web-Google,b32_accurate,2,row_schedule,0.0588893890381,225,9.38582420349
web-Google,b32_accurate,2,partial_zero,0.0689029693604,225,9.38582420349
web-Google,b32_accurate,2,csr_prefetch,0.987529754639,225,9.38582420349
web-Google,b32_accurate,2,feature_gather_decode,1.16682052612,225,9.38582420349
web-Google,b32_accurate,2,fp32_neighbor_reduction,0.74577331543,225,9.38582420349
web-Google,b32_accurate,2,partial_bf16_conversion,0.0641345977783,225,9.38582420349
web-Google,b32_accurate,2,tile_load,0.41937828064,225,9.38582420349
web-Google,b32_accurate,2,tile_compute,0.787973403931,225,9.38582420349
web-Google,b32_accurate,2,tile_store,0.023365020752,225,9.38582420349
web-Google,b32_accurate,2,output_scatter,0.0426769256592,225,9.38582420349
web-Google,b32_accurate,2,thread_amx_setup,0.0314712524414,225,9.38582420349
web-Google,b64_fast,1,output_zero,0,225,10.2028846741
web-Google,b64_fast,1,row_schedule,0.0689029693604,225,10.2028846741
web-Google,b64_fast,1,partial_zero,0.0495910644531,225,10.2028846741
web-Google,b64_fast,1,csr_prefetch,0.891447067261,225,10.2028846741
web-Google,b64_fast,1,feature_gather_decode,1.13034248352,225,10.2028846741
web-Google,b64_fast,1,fp32_neighbor_reduction,0.750541687012,225,10.2028846741
web-Google,b64_fast,1,partial_bf16_conversion,0.0569820404053,225,10.2028846741
web-Google,b64_fast,1,tile_load,0.246286392212,225,10.2028846741
web-Google,b64_fast,1,tile_compute,0.535011291504,225,10.2028846741
web-Google,b64_fast,1,tile_store,0.0283718109131,225,10.2028846741
web-Google,b64_fast,1,output_scatter,0.218391418457,225,10.2028846741
web-Google,b64_fast,1,thread_amx_setup,0.0264644622803,225,10.2028846741
web-Google,b64_fast,2,output_zero,0,225,9.10401344299
web-Google,b64_fast,2,row_schedule,0.0734329223633,225,9.10401344299
web-Google,b64_fast,2,partial_zero,0.068187713623,225,9.10401344299
web-Google,b64_fast,2,csr_prefetch,0.89693069458,225,9.10401344299
web-Google,b64_fast,2,feature_gather_decode,1.12438201904,225,9.10401344299
web-Google,b64_fast,2,fp32_neighbor_reduction,0.75626373291,225,9.10401344299
web-Google,b64_fast,2,partial_bf16_conversion,0.0441074371338,225,9.10401344299
web-Google,b64_fast,2,tile_load,0.229597091675,225,9.10401344299
web-Google,b64_fast,2,tile_compute,0.582456588745,225,9.10401344299
web-Google,b64_fast,2,tile_store,0.0221729278564,225,9.10401344299
web-Google,b64_fast,2,output_scatter,0.0293254852295,225,9.10401344299
web-Google,b64_fast,2,thread_amx_setup,0.0400543212891,225,9.10401344299
web-Google,b64_accurate,1,output_zero,0,225,11.0540390015
web-Google,b64_accurate,1,row_schedule,0.0784397125244,225,11.0540390015
web-Google,b64_accurate,1,partial_zero,0.0863075256348,225,11.0540390015
web-Google,b64_accurate,1,csr_prefetch,0.917673110962,225,11.0540390015
web-Google,b64_accurate,1,feature_gather_decode,1.18136405945,225,11.0540390015
web-Google,b64_accurate,1,fp32_neighbor_reduction,0.784873962402,225,11.0540390015
web-Google,b64_accurate,1,partial_bf16_conversion,0.0541210174561,225,11.0540390015
web-Google,b64_accurate,1,tile_load,0.472068786621,225,11.0540390015
web-Google,b64_accurate,1,tile_compute,0.767230987549,225,11.0540390015
web-Google,b64_accurate,1,tile_store,0.0264644622803,225,11.0540390015
web-Google,b64_accurate,1,output_scatter,0.234603881836,225,11.0540390015
web-Google,b64_accurate,1,thread_amx_setup,0.0286102294922,225,11.0540390015
web-Google,b64_accurate,2,output_zero,0,225,9.30404663086
web-Google,b64_accurate,2,row_schedule,0.065803527832,225,9.30404663086
web-Google,b64_accurate,2,partial_zero,0.0627040863037,225,9.30404663086
web-Google,b64_accurate,2,csr_prefetch,0.9446144104,225,9.30404663086
web-Google,b64_accurate,2,feature_gather_decode,1.14941596985,225,9.30404663086
web-Google,b64_accurate,2,fp32_neighbor_reduction,0.824451446533,225,9.30404663086
web-Google,b64_accurate,2,partial_bf16_conversion,0.0507831573486,225,9.30404663086
web-Google,b64_accurate,2,tile_load,0.429630279541,225,9.30404663086
web-Google,b64_accurate,2,tile_compute,0.720024108887,225,9.30404663086
web-Google,b64_accurate,2,tile_store,0.0185966491699,225,9.30404663086
web-Google,b64_accurate,2,output_scatter,0.0514984130859,225,9.30404663086
web-Google,b64_accurate,2,thread_amx_setup,0.0357627868652,225,9.30404663086
web-Google,bfull_fast,1,output_zero,0,225,10.2179050446
web-Google,bfull_fast,1,row_schedule,0.0836849212646,225,10.2179050446
web-Google,bfull_fast,1,partial_zero,0.0572204589844,225,10.2179050446
web-Google,bfull_fast,1,csr_prefetch,0.846385955811,225,10.2179050446
web-Google,bfull_fast,1,feature_gather_decode,1.10387802124,225,10.2179050446
web-Google,bfull_fast,1,fp32_neighbor_reduction,0.738382339478,225,10.2179050446
web-Google,bfull_fast,1,partial_bf16_conversion,0.0574588775635,225,10.2179050446
web-Google,bfull_fast,1,tile_load,0.210046768188,225,10.2179050446
web-Google,bfull_fast,1,tile_compute,0.472784042358,225,10.2179050446
web-Google,bfull_fast,1,tile_store,0.0300407409668,225,10.2179050446
web-Google,bfull_fast,1,output_scatter,0.227928161621,225,10.2179050446
web-Google,bfull_fast,1,thread_amx_setup,0.0333786010742,225,10.2179050446
web-Google,bfull_fast,2,output_zero,0,225,9.06705856323
web-Google,bfull_fast,2,row_schedule,0.0784397125244,225,9.06705856323
web-Google,bfull_fast,2,partial_zero,0.0672340393066,225,9.06705856323
web-Google,bfull_fast,2,csr_prefetch,0.905513763428,225,9.06705856323
web-Google,bfull_fast,2,feature_gather_decode,1.14774703979,225,9.06705856323
web-Google,bfull_fast,2,fp32_neighbor_reduction,0.779390335083,225,9.06705856323
web-Google,bfull_fast,2,partial_bf16_conversion,0.0503063201904,225,9.06705856323
web-Google,bfull_fast,2,tile_load,0.251293182373,225,9.06705856323
web-Google,bfull_fast,2,tile_compute,0.577926635742,225,9.06705856323
web-Google,bfull_fast,2,tile_store,0.0252723693848,225,9.06705856323
web-Google,bfull_fast,2,output_scatter,0.035285949707,225,9.06705856323
web-Google,bfull_fast,2,thread_amx_setup,0.028133392334,225,9.06705856323
web-Google,bfull_accurate,1,output_zero,0,225,10.7729434967
web-Google,bfull_accurate,1,row_schedule,0.0569820404053,225,10.7729434967
web-Google,bfull_accurate,1,partial_zero,0.0584125518799,225,10.7729434967
web-Google,bfull_accurate,1,csr_prefetch,0.965595245361,225,10.7729434967
web-Google,bfull_accurate,1,feature_gather_decode,1.14440917969,225,10.7729434967
web-Google,bfull_accurate,1,fp32_neighbor_reduction,0.794887542725,225,10.7729434967
web-Google,bfull_accurate,1,partial_bf16_conversion,0.0510215759277,225,10.7729434967
web-Google,bfull_accurate,1,tile_load,0.423431396484,225,10.7729434967
web-Google,bfull_accurate,1,tile_compute,0.751256942749,225,10.7729434967
web-Google,bfull_accurate,1,tile_store,0.0228881835938,225,10.7729434967
web-Google,bfull_accurate,1,output_scatter,0.231742858887,225,10.7729434967
web-Google,bfull_accurate,1,thread_amx_setup,0.0183582305908,225,10.7729434967
web-Google,bfull_accurate,2,output_zero,0.000953674316406,225,9.14788246155
web-Google,bfull_accurate,2,row_schedule,0.0588893890381,225,9.14788246155
web-Google,bfull_accurate,2,partial_zero,0.0588893890381,225,9.14788246155
web-Google,bfull_accurate,2,csr_prefetch,0.925064086914,225,9.14788246155
web-Google,bfull_accurate,2,feature_gather_decode,1.11103057861,225,9.14788246155
web-Google,bfull_accurate,2,fp32_neighbor_reduction,0.789642333984,225,9.14788246155
web-Google,bfull_accurate,2,partial_bf16_conversion,0.056266784668,225,9.14788246155
web-Google,bfull_accurate,2,tile_load,0.369310379028,225,9.14788246155
web-Google,bfull_accurate,2,tile_compute,0.731229782104,225,9.14788246155
web-Google,bfull_accurate,2,tile_store,0.0219345092773,225,9.14788246155
web-Google,bfull_accurate,2,output_scatter,0.0488758087158,225,9.14788246155
web-Google,bfull_accurate,2,thread_amx_setup,0.0340938568115,225,9.14788246155
roadNet-CA,b2_fast,1,output_zero,0.0300407409668,483,19.1540718079
roadNet-CA,b2_fast,1,row_schedule,0.0903606414795,483,19.1540718079
roadNet-CA,b2_fast,1,partial_zero,0.208139419556,483,19.1540718079
roadNet-CA,b2_fast,1,csr_prefetch,0.868320465088,483,19.1540718079
roadNet-CA,b2_fast,1,feature_gather_decode,2.06351280212,483,19.1540718079
roadNet-CA,b2_fast,1,fp32_neighbor_reduction,1.19090080261,483,19.1540718079
roadNet-CA,b2_fast,1,partial_bf16_conversion,0.534534454346,483,19.1540718079
roadNet-CA,b2_fast,1,tile_load,0.793695449829,483,19.1540718079
roadNet-CA,b2_fast,1,tile_compute,2.02322006226,483,19.1540718079
roadNet-CA,b2_fast,1,tile_store,0.115871429443,483,19.1540718079
roadNet-CA,b2_fast,1,output_scatter,0.453948974609,483,19.1540718079
roadNet-CA,b2_fast,1,thread_amx_setup,0.0431537628174,483,19.1540718079
roadNet-CA,b2_fast,2,output_zero,0,483,15.9029960632
roadNet-CA,b2_fast,2,row_schedule,0.0753402709961,483,15.9029960632
roadNet-CA,b2_fast,2,partial_zero,0.217914581299,483,15.9029960632
roadNet-CA,b2_fast,2,csr_prefetch,0.863790512085,483,15.9029960632
roadNet-CA,b2_fast,2,feature_gather_decode,2.01821327209,483,15.9029960632
roadNet-CA,b2_fast,2,fp32_neighbor_reduction,1.21808052063,483,15.9029960632
roadNet-CA,b2_fast,2,partial_bf16_conversion,0.139951705933,483,15.9029960632
roadNet-CA,b2_fast,2,tile_load,0.766038894653,483,15.9029960632
roadNet-CA,b2_fast,2,tile_compute,1.98101997375,483,15.9029960632
roadNet-CA,b2_fast,2,tile_store,0.1220703125,483,15.9029960632
roadNet-CA,b2_fast,2,output_scatter,0.0662803649902,483,15.9029960632
roadNet-CA,b2_fast,2,thread_amx_setup,0.0295639038086,483,15.9029960632
roadNet-CA,b2_accurate,1,output_zero,0,483,21.7080116272
roadNet-CA,b2_accurate,1,row_schedule,0.0720024108887,483,21.7080116272
roadNet-CA,b2_accurate,1,partial_zero,0.215768814087,483,21.7080116272
roadNet-CA,b2_accurate,1,csr_prefetch,0.757932662964,483,21.7080116272
roadNet-CA,b2_accurate,1,feature_gather_decode,2.08067893982,483,21.7080116272
roadNet-CA,b2_accurate,1,fp32_neighbor_reduction,1.16944313049,483,21.7080116272
roadNet-CA,b2_accurate,1,partial_bf16_conversion,0.236988067627,483,21.7080116272
roadNet-CA,b2_accurate,1,tile_load,1.40738487244,483,21.7080116272
roadNet-CA,b2_accurate,1,tile_compute,2.22325325012,483,21.7080116272
roadNet-CA,b2_accurate,1,tile_store,0.0739097595215,483,21.7080116272
roadNet-CA,b2_accurate,1,output_scatter,0.46181678772,483,21.7080116272
roadNet-CA,b2_accurate,1,thread_amx_setup,0.0402927398682,483,21.7080116272
roadNet-CA,b2_accurate,2,output_zero,0,483,18.5060501099
roadNet-CA,b2_accurate,2,row_schedule,0.0889301300049,483,18.5060501099
roadNet-CA,b2_accurate,2,partial_zero,0.241279602051,483,18.5060501099
roadNet-CA,b2_accurate,2,csr_prefetch,0.90479850769,483,18.5060501099
roadNet-CA,b2_accurate,2,feature_gather_decode,2.04563140869,483,18.5060501099
roadNet-CA,b2_accurate,2,fp32_neighbor_reduction,1.17015838623,483,18.5060501099
roadNet-CA,b2_accurate,2,partial_bf16_conversion,0.241994857788,483,18.5060501099
roadNet-CA,b2_accurate,2,tile_load,1.35445594788,483,18.5060501099
roadNet-CA,b2_accurate,2,tile_compute,2.41136550903,483,18.5060501099
roadNet-CA,b2_accurate,2,tile_store,0.0784397125244,483,18.5060501099
roadNet-CA,b2_accurate,2,output_scatter,0.096321105957,483,18.5060501099
roadNet-CA,b2_accurate,2,thread_amx_setup,0.0367164611816,483,18.5060501099
roadNet-CA,b4_fast,1,output_zero,0.000953674316406,483,16.597032547
roadNet-CA,b4_fast,1,row_schedule,0.0817775726318,483,16.597032547
roadNet-CA,b4_fast,1,partial_zero,0.145435333252,483,16.597032547
roadNet-CA,b4_fast,1,csr_prefetch,0.857830047607,483,16.597032547
roadNet-CA,b4_fast,1,feature_gather_decode,1.65462493896,483,16.597032547
roadNet-CA,b4_fast,1,fp32_neighbor_reduction,1.0187625885,483,16.597032547
roadNet-CA,b4_fast,1,partial_bf16_conversion,0.0884532928467,483,16.597032547
roadNet-CA,b4_fast,1,tile_load,0.532627105713,483,16.597032547
roadNet-CA,b4_fast,1,tile_compute,1.30009651184,483,16.597032547
roadNet-CA,b4_fast,1,tile_store,0.0555515289307,483,16.597032547
roadNet-CA,b4_fast,1,output_scatter,0.488519668579,483,16.597032547
roadNet-CA,b4_fast,1,thread_amx_setup,0.0412464141846,483,16.597032547
roadNet-CA,b4_fast,2,output_zero,0,483,13.5300159454
roadNet-CA,b4_fast,2,row_schedule,0.0996589660645,483,13.5300159454
roadNet-CA,b4_fast,2,partial_zero,0.152587890625,483,13.5300159454
roadNet-CA,b4_fast,2,csr_prefetch,0.8704662323,483,13.5300159454
roadNet-CA,b4_fast,2,feature_gather_decode,1.63578987122,483,13.5300159454
roadNet-CA,b4_fast,2,fp32_neighbor_reduction,0.956535339355,483,13.5300159454
roadNet-CA,b4_fast,2,partial_bf16_conversion,0.102043151855,483,13.5300159454
roadNet-CA,b4_fast,2,tile_load,0.46181678772,483,13.5300159454
roadNet-CA,b4_fast,2,tile_compute,1.21164321899,483,13.5300159454
roadNet-CA,b4_fast,2,tile_store,0.0784397125244,483,13.5300159454
roadNet-CA,b4_fast,2,output_scatter,0.093936920166,483,13.5300159454
roadNet-CA,b4_fast,2,thread_amx_setup,0.0362396240234,483,13.5300159454
roadNet-CA,b4_accurate,1,output_zero,0,483,17.5449848175
roadNet-CA,b4_accurate,1,row_schedule,0.0753402709961,483,17.5449848175
roadNet-CA,b4_accurate,1,partial_zero,0.136852264404,483,17.5449848175
roadNet-CA,b4_accurate,1,csr_prefetch,0.865697860718,483,17.5449848175
roadNet-CA,b4_accurate,1,feature_gather_decode,1.66201591492,483,17.5449848175
roadNet-CA,b4_accurate,1,fp32_neighbor_reduction,1.0187625885,483,17.5449848175
roadNet-CA,b4_accurate,1,partial_bf16_conversion,0.135183334351,483,17.5449848175
roadNet-CA,b4_accurate,1,tile_load,0.892162322998,483,17.5449848175
roadNet-CA,b4_accurate,1,tile_compute,1.58357620239,483,17.5449848175
roadNet-CA,b4_accurate,1,tile_store,0.0548362731934,483,17.5449848175
roadNet-CA,b4_accurate,1,output_scatter,0.479936599731,483,17.5449848175
roadNet-CA,b4_accurate,1,thread_amx_setup,0.0374317169189,483,17.5449848175
roadNet-CA,b4_accurate,2,output_zero,0,483,14.7790908813
roadNet-CA,b4_accurate,2,row_schedule,0.0944137573242,483,14.7790908813
roadNet-CA,b4_accurate,2,partial_zero,0.153779983521,483,14.7790908813
roadNet-CA,b4_accurate,2,csr_prefetch,0.89955329895,483,14.7790908813
roadNet-CA,b4_accurate,2,feature_gather_decode,1.62196159363,483,14.7790908813
roadNet-CA,b4_accurate,2,fp32_neighbor_reduction,0.992059707642,483,14.7790908813
roadNet-CA,b4_accurate,2,partial_bf16_conversion,0.153541564941,483,14.7790908813
roadNet-CA,b4_accurate,2,tile_load,0.853538513184,483,14.7790908813
roadNet-CA,b4_accurate,2,tile_compute,1.59597396851,483,14.7790908813
roadNet-CA,b4_accurate,2,tile_store,0.0736713409424,483,14.7790908813
roadNet-CA,b4_accurate,2,output_scatter,0.0839233398438,483,14.7790908813
roadNet-CA,b4_accurate,2,thread_amx_setup,0.0276565551758,483,14.7790908813
roadNet-CA,b8_fast,1,output_zero,0,483,16.5679454803
roadNet-CA,b8_fast,1,row_schedule,0.077486038208,483,16.5679454803
roadNet-CA,b8_fast,1,partial_zero,0.128030776978,483,16.5679454803
roadNet-CA,b8_fast,1,csr_prefetch,0.874996185303,483,16.5679454803
roadNet-CA,b8_fast,1,feature_gather_decode,1.63984298706,483,16.5679454803
roadNet-CA,b8_fast,1,fp32_neighbor_reduction,0.982046127319,483,16.5679454803
roadNet-CA,b8_fast,1,partial_bf16_conversion,0.0813007354736,483,16.5679454803
roadNet-CA,b8_fast,1,tile_load,0.526189804077,483,16.5679454803
roadNet-CA,b8_fast,1,tile_compute,1.20258331299,483,16.5679454803
roadNet-CA,b8_fast,1,tile_store,0.0512599945068,483,16.5679454803
roadNet-CA,b8_fast,1,output_scatter,0.495910644531,483,16.5679454803
roadNet-CA,b8_fast,1,thread_amx_setup,0.0381469726562,483,16.5679454803
roadNet-CA,b8_fast,2,output_zero,0.000953674316406,483,13.4670734406
roadNet-CA,b8_fast,2,row_schedule,0.0848770141602,483,13.4670734406
roadNet-CA,b8_fast,2,partial_zero,0.157356262207,483,13.4670734406
roadNet-CA,b8_fast,2,csr_prefetch,0.899076461792,483,13.4670734406
roadNet-CA,b8_fast,2,feature_gather_decode,1.61623954773,483,13.4670734406
roadNet-CA,b8_fast,2,fp32_neighbor_reduction,0.93936920166,483,13.4670734406
roadNet-CA,b8_fast,2,partial_bf16_conversion,0.0886917114258,483,13.4670734406
roadNet-CA,b8_fast,2,tile_load,0.504493713379,483,13.4670734406
roadNet-CA,b8_fast,2,tile_compute,1.20449066162,483,13.4670734406
roadNet-CA,b8_fast,2,tile_store,0.0660419464111,483,13.4670734406
roadNet-CA,b8_fast,2,output_scatter,0.0717639923096,483,13.4670734406
roadNet-CA,b8_fast,2,thread_amx_setup,0.0283718109131,483,13.4670734406
roadNet-CA,b8_accurate,1,output_zero,0,483,18.0940628052
roadNet-CA,b8_accurate,1,row_schedule,0.0832080841064,483,18.0940628052
roadNet-CA,b8_accurate,1,partial_zero,0.170946121216,483,18.0940628052
roadNet-CA,b8_accurate,1,csr_prefetch,0.895023345947,483,18.0940628052
roadNet-CA,b8_accurate,1,feature_gather_decode,1.6610622406,483,18.0940628052
roadNet-CA,b8_accurate,1,fp32_neighbor_reduction,0.993490219116,483,18.0940628052
roadNet-CA,b8_accurate,1,partial_bf16_conversion,0.12731552124,483,18.0940628052
roadNet-CA,b8_accurate,1,tile_load,0.898599624634,483,18.0940628052
roadNet-CA,b8_accurate,1,tile_compute,1.59955024719,483,18.0940628052
roadNet-CA,b8_accurate,1,tile_store,0.056266784668,483,18.0940628052
roadNet-CA,b8_accurate,1,output_scatter,0.5202293396,483,18.0940628052
roadNet-CA,b8_accurate,1,thread_amx_setup,0.0381469726562,483,18.0940628052
roadNet-CA,b8_accurate,2,output_zero,0,483,14.8808956146
roadNet-CA,b8_accurate,2,row_schedule,0.105381011963,483,14.8808956146
roadNet-CA,b8_accurate,2,partial_zero,0.182390213013,483,14.8808956146
roadNet-CA,b8_accurate,2,csr_prefetch,0.862121582031,483,14.8808956146
roadNet-CA,b8_accurate,2,feature_gather_decode,1.65605545044,483,14.8808956146
roadNet-CA,b8_accurate,2,fp32_neighbor_reduction,1.00803375244,483,14.8808956146
roadNet-CA,b8_accurate,2,partial_bf16_conversion,0.136613845825,483,14.8808956146
roadNet-CA,b8_accurate,2,tile_load,0.905275344849,483,14.8808956146
roadNet-CA,b8_accurate,2,tile_compute,1.51062011719,483,14.8808956146
roadNet-CA,b8_accurate,2,tile_store,0.0760555267334,483,14.8808956146
roadNet-CA,b8_accurate,2,output_scatter,0.0741481781006,483,14.8808956146
roadNet-CA,b8_accurate,2,thread_amx_setup,0.0302791595459,483,14.8808956146
roadNet-CA,b16_fast,1,output_zero,0,483,16.5410041809
roadNet-CA,b16_fast,1,row_schedule,0.10085105896,483,16.5410041809
roadNet-CA,b16_fast,1,partial_zero,0.160932540894,483,16.5410041809
roadNet-CA,b16_fast,1,csr_prefetch,0.863552093506,483,16.5410041809
roadNet-CA,b16_fast,1,feature_gather_decode,1.70135498047,483,16.5410041809
roadNet-CA,b16_fast,1,fp32_neighbor_reduction,0.964164733887,483,16.5410041809
roadNet-CA,b16_fast,1,partial_bf16_conversion,0.0810623168945,483,16.5410041809
roadNet-CA,b16_fast,1,tile_load,0.552892684937,483,16.5410041809
roadNet-CA,b16_fast,1,tile_compute,1.21283531189,483,16.5410041809
roadNet-CA,b16_fast,1,tile_store,0.0579357147217,483,16.5410041809
roadNet-CA,b16_fast,1,output_scatter,0.501871109009,483,16.5410041809
roadNet-CA,b16_fast,1,thread_amx_setup,0.0295639038086,483,16.5410041809
roadNet-CA,b16_fast,2,output_zero,0,483,13.5409832001
roadNet-CA,b16_fast,2,row_schedule,0.101327896118,483,13.5409832001
roadNet-CA,b16_fast,2,partial_zero,0.141620635986,483,13.5409832001
roadNet-CA,b16_fast,2,csr_prefetch,0.84924697876,483,13.5409832001
roadNet-CA,b16_fast,2,feature_gather_decode,1.6975402832,483,13.5409832001
roadNet-CA,b16_fast,2,fp32_neighbor_reduction,0.980138778687,483,13.5409832001
roadNet-CA,b16_fast,2,partial_bf16_conversion,0.0874996185303,483,13.5409832001
roadNet-CA,b16_fast,2,tile_load,0.50687789917,483,13.5409832001
roadNet-CA,b16_fast,2,tile_compute,1.17969512939,483,13.5409832001
roadNet-CA,b16_fast,2,tile_store,0.0569820404053,483,13.5409832001
roadNet-CA,b16_fast,2,output_scatter,0.084400177002,483,13.5409832001
roadNet-CA,b16_fast,2,thread_amx_setup,0.0326633453369,483,13.5409832001
roadNet-CA,b16_accurate,1,output_zero,0,483,17.9078578949
roadNet-CA,b16_accurate,1,row_schedule,0.0796318054199,483,17.9078578949
roadNet-CA,b16_accurate,1,partial_zero,0.142335891724,483,17.9078578949
roadNet-CA,b16_accurate,1,csr_prefetch,0.792741775513,483,17.9078578949
roadNet-CA,b16_accurate,1,feature_gather_decode,1.64341926575,483,17.9078578949
roadNet-CA,b16_accurate,1,fp32_neighbor_reduction,1.00135803223,483,17.9078578949
roadNet-CA,b16_accurate,1,partial_bf16_conversion,0.124931335449,483,17.9078578949
roadNet-CA,b16_accurate,1,tile_load,0.909566879272,483,17.9078578949
roadNet-CA,b16_accurate,1,tile_compute,1.61981582642,483,17.9078578949
roadNet-CA,b16_accurate,1,tile_store,0.0603199005127,483,17.9078578949
roadNet-CA,b16_accurate,1,output_scatter,0.489473342896,483,17.9078578949
roadNet-CA,b16_accurate,1,thread_amx_setup,0.0381469726562,483,17.9078578949
roadNet-CA,b16_accurate,2,output_zero,0.00119209289551,483,14.8890018463
roadNet-CA,b16_accurate,2,row_schedule,0.0989437103271,483,14.8890018463
roadNet-CA,b16_accurate,2,partial_zero,0.173807144165,483,14.8890018463
roadNet-CA,b16_accurate,2,csr_prefetch,0.91290473938,483,14.8890018463
roadNet-CA,b16_accurate,2,feature_gather_decode,1.63578987122,483,14.8890018463
roadNet-CA,b16_accurate,2,fp32_neighbor_reduction,0.972509384155,483,14.8890018463
roadNet-CA,b16_accurate,2,partial_bf16_conversion,0.13279914856,483,14.8890018463
roadNet-CA,b16_accurate,2,tile_load,0.876903533936,483,14.8890018463
roadNet-CA,b16_accurate,2,tile_compute,1.54590606689,483,14.8890018463
roadNet-CA,b16_accurate,2,tile_store,0.06103515625,483,14.8890018463
roadNet-CA,b16_accurate,2,output_scatter,0.068187713623,483,14.8890018463
roadNet-CA,b16_accurate,2,thread_amx_setup,0.0393390655518,483,14.8890018463
roadNet-CA,b32_fast,1,output_zero,0.000953674316406,483,16.3009166718
roadNet-CA,b32_fast,1,row_schedule,0.0810623168945,483,16.3009166718
roadNet-CA,b32_fast,1,partial_zero,0.157356262207,483,16.3009166718
roadNet-CA,b32_fast,1,csr_prefetch,0.907182693481,483,16.3009166718
roadNet-CA,b32_fast,1,feature_gather_decode,1.62863731384,483,16.3009166718
roadNet-CA,b32_fast,1,fp32_neighbor_reduction,0.923633575439,483,16.3009166718
roadNet-CA,b32_fast,1,partial_bf16_conversion,0.0898838043213,483,16.3009166718
roadNet-CA,b32_fast,1,tile_load,0.53596496582,483,16.3009166718
roadNet-CA,b32_fast,1,tile_compute,1.22737884521,483,16.3009166718
roadNet-CA,b32_fast,1,tile_store,0.0627040863037,483,16.3009166718
roadNet-CA,b32_fast,1,output_scatter,0.48565864563,483,16.3009166718
roadNet-CA,b32_fast,1,thread_amx_setup,0.0379085540771,483,16.3009166718
roadNet-CA,b32_fast,2,output_zero,0,483,13.5791301727
roadNet-CA,b32_fast,2,row_schedule,0.0770092010498,483,13.5791301727
roadNet-CA,b32_fast,2,partial_zero,0.165939331055,483,13.5791301727
roadNet-CA,b32_fast,2,csr_prefetch,0.888347625732,483,13.5791301727
roadNet-CA,b32_fast,2,feature_gather_decode,1.66463851929,483,13.5791301727
roadNet-CA,b32_fast,2,fp32_neighbor_reduction,1.00255012512,483,13.5791301727
roadNet-CA,b32_fast,2,partial_bf16_conversion,0.0734329223633,483,13.5791301727
roadNet-CA,b32_fast,2,tile_load,0.530242919922,483,13.5791301727
roadNet-CA,b32_fast,2,tile_compute,1.19709968567,483,13.5791301727
roadNet-CA,b32_fast,2,tile_store,0.0860691070557,483,13.5791301727
roadNet-CA,b32_fast,2,output_scatter,0.0813007354736,483,13.5791301727
roadNet-CA,b32_fast,2,thread_amx_setup,0.0367164611816,483,13.5791301727
roadNet-CA,b32_accurate,1,output_zero,0.000953674316406,483,17.8780555725
roadNet-CA,b32_accurate,1,row_schedule,0.0712871551514,483,17.8780555725
roadNet-CA,b32_accurate,1,partial_zero,0.147819519043,483,17.8780555725
roadNet-CA,b32_accurate,1,csr_prefetch,0.883102416992,483,17.8780555725
roadNet-CA,b32_accurate,1,feature_gather_decode,1.65009498596,483,17.8780555725
roadNet-CA,b32_accurate,1,fp32_neighbor_reduction,1.01518630981,483,17.8780555725
roadNet-CA,b32_accurate,1,partial_bf16_conversion,0.146627426147,483,17.8780555725
roadNet-CA,b32_accurate,1,tile_load,0.953674316406,483,17.8780555725
roadNet-CA,b32_accurate,1,tile_compute,1.69062614441,483,17.8780555725
roadNet-CA,b32_accurate,1,tile_store,0.0548362731934,483,17.8780555725
roadNet-CA,b32_accurate,1,output_scatter,0.505447387695,483,17.8780555725
roadNet-CA,b32_accurate,1,thread_amx_setup,0.0338554382324,483,17.8780555725
roadNet-CA,b32_accurate,2,output_zero,0,483,14.9109363556
roadNet-CA,b32_accurate,2,row_schedule,0.0889301300049,483,14.9109363556
roadNet-CA,b32_accurate,2,partial_zero,0.159740447998,483,14.9109363556
roadNet-CA,b32_accurate,2,csr_prefetch,0.910043716431,483,14.9109363556
roadNet-CA,b32_accurate,2,feature_gather_decode,1.68538093567,483,14.9109363556
roadNet-CA,b32_accurate,2,fp32_neighbor_reduction,1.0232925415,483,14.9109363556
roadNet-CA,b32_accurate,2,partial_bf16_conversion,0.145196914673,483,14.9109363556
roadNet-CA,b32_accurate,2,tile_load,0.954389572144,483,14.9109363556
roadNet-CA,b32_accurate,2,tile_compute,1.54209136963,483,14.9109363556
roadNet-CA,b32_accurate,2,tile_store,0.0543594360352,483,14.9109363556
roadNet-CA,b32_accurate,2,output_scatter,0.0896453857422,483,14.9109363556
roadNet-CA,b32_accurate,2,thread_amx_setup,0.0407695770264,483,14.9109363556
roadNet-CA,b64_fast,1,output_zero,0.000953674316406,483,16.3269042969
roadNet-CA,b64_fast,1,row_schedule,0.0905990600586,483,16.3269042969
roadNet-CA,b64_fast,1,partial_zero,0.136852264404,483,16.3269042969
roadNet-CA,b64_fast,1,csr_prefetch,0.802040100098,483,16.3269042969
roadNet-CA,b64_fast,1,feature_gather_decode,1.64008140564,483,16.3269042969
roadNet-CA,b64_fast,1,fp32_neighbor_reduction,1.00016593933,483,16.3269042969
roadNet-CA,b64_fast,1,partial_bf16_conversion,0.0848770141602,483,16.3269042969
roadNet-CA,b64_fast,1,tile_load,0.524044036865,483,16.3269042969
roadNet-CA,b64_fast,1,tile_compute,1.21974945068,483,16.3269042969
roadNet-CA,b64_fast,1,tile_store,0.0808238983154,483,16.3269042969
roadNet-CA,b64_fast,1,output_scatter,0.484943389893,483,16.3269042969
roadNet-CA,b64_fast,1,thread_amx_setup,0.0314712524414,483,16.3269042969
roadNet-CA,b64_fast,2,output_zero,0.000953674316406,483,13.482093811
roadNet-CA,b64_fast,2,row_schedule,0.0848770141602,483,13.482093811
roadNet-CA,b64_fast,2,partial_zero,0.164985656738,483,13.482093811
roadNet-CA,b64_fast,2,csr_prefetch,0.890731811523,483,13.482093811
roadNet-CA,b64_fast,2,feature_gather_decode,1.62839889526,483,13.482093811
roadNet-CA,b64_fast,2,fp32_neighbor_reduction,1.01280212402,483,13.482093811
roadNet-CA,b64_fast,2,partial_bf16_conversion,0.0691413879395,483,13.482093811
roadNet-CA,b64_fast,2,tile_load,0.458955764771,483,13.482093811
roadNet-CA,b64_fast,2,tile_compute,1.23858451843,483,13.482093811
roadNet-CA,b64_fast,2,tile_store,0.0965595245361,483,13.482093811
roadNet-CA,b64_fast,2,output_scatter,0.0674724578857,483,13.482093811
roadNet-CA,b64_fast,2,thread_amx_setup,0.0278949737549,483,13.482093811
roadNet-CA,b64_accurate,1,output_zero,0,483,17.6088809967
roadNet-CA,b64_accurate,1,row_schedule,0.0596046447754,483,17.6088809967
roadNet-CA,b64_accurate,1,partial_zero,0.136375427246,483,17.6088809967
roadNet-CA,b64_accurate,1,csr_prefetch,0.867128372192,483,17.6088809967
roadNet-CA,b64_accurate,1,feature_gather_decode,1.7409324646,483,17.6088809967
roadNet-CA,b64_accurate,1,fp32_neighbor_reduction,0.95009803772,483,17.6088809967
roadNet-CA,b64_accurate,1,partial_bf16_conversion,0.122785568237,483,17.6088809967
roadNet-CA,b64_accurate,1,tile_load,0.958204269409,483,17.6088809967
roadNet-CA,b64_accurate,1,tile_compute,1.55591964722,483,17.6088809967
roadNet-CA,b64_accurate,1,tile_store,0.0679492950439,483,17.6088809967
roadNet-CA,b64_accurate,1,output_scatter,0.478982925415,483,17.6088809967
roadNet-CA,b64_accurate,1,thread_amx_setup,0.0259876251221,483,17.6088809967
roadNet-CA,b64_accurate,2,output_zero,0.000953674316406,483,14.808177948
roadNet-CA,b64_accurate,2,row_schedule,0.0934600830078,483,14.808177948
roadNet-CA,b64_accurate,2,partial_zero,0.153303146362,483,14.808177948
roadNet-CA,b64_accurate,2,csr_prefetch,0.893354415894,483,14.808177948
roadNet-CA,b64_accurate,2,feature_gather_decode,1.55878067017,483,14.808177948
roadNet-CA,b64_accurate,2,fp32_neighbor_reduction,0.970125198364,483,14.808177948
roadNet-CA,b64_accurate,2,partial_bf16_conversion,0.138282775879,483,14.808177948
roadNet-CA,b64_accurate,2,tile_load,0.86498260498,483,14.808177948
roadNet-CA,b64_accurate,2,tile_compute,1.53279304504,483,14.808177948
roadNet-CA,b64_accurate,2,tile_store,0.0500679016113,483,14.808177948
roadNet-CA,b64_accurate,2,output_scatter,0.118732452393,483,14.808177948
roadNet-CA,b64_accurate,2,thread_amx_setup,0.0331401824951,483,14.808177948
roadNet-CA,bfull_fast,1,output_zero,0,483,16.5648460388
roadNet-CA,bfull_fast,1,row_schedule,0.096321105957,483,16.5648460388
roadNet-CA,bfull_fast,1,partial_zero,0.158548355103,483,16.5648460388
roadNet-CA,bfull_fast,1,csr_prefetch,0.83065032959,483,16.5648460388
roadNet-CA,bfull_fast,1,feature_gather_decode,1.76882743835,483,16.5648460388
roadNet-CA,bfull_fast,1,fp32_neighbor_reduction,1.0359287262,483,16.5648460388
roadNet-CA,bfull_fast,1,partial_bf16_conversion,0.0932216644287,483,16.5648460388
roadNet-CA,bfull_fast,1,tile_load,0.576972961426,483,16.5648460388
roadNet-CA,bfull_fast,1,tile_compute,1.20568275452,483,16.5648460388
roadNet-CA,bfull_fast,1,tile_store,0.0534057617188,483,16.5648460388
roadNet-CA,bfull_fast,1,output_scatter,0.486612319946,483,16.5648460388
roadNet-CA,bfull_fast,1,thread_amx_setup,0.0276565551758,483,16.5648460388
roadNet-CA,bfull_fast,2,output_zero,0,483,13.5760307312
roadNet-CA,bfull_fast,2,row_schedule,0.0886917114258,483,13.5760307312
roadNet-CA,bfull_fast,2,partial_zero,0.144720077515,483,13.5760307312
roadNet-CA,bfull_fast,2,csr_prefetch,0.867128372192,483,13.5760307312
roadNet-CA,bfull_fast,2,feature_gather_decode,1.70016288757,483,13.5760307312
roadNet-CA,bfull_fast,2,fp32_neighbor_reduction,1.03640556335,483,13.5760307312
roadNet-CA,bfull_fast,2,partial_bf16_conversion,0.084400177002,483,13.5760307312
roadNet-CA,bfull_fast,2,tile_load,0.503063201904,483,13.5760307312
roadNet-CA,bfull_fast,2,tile_compute,1.1842250824,483,13.5760307312
roadNet-CA,bfull_fast,2,tile_store,0.06103515625,483,13.5760307312
roadNet-CA,bfull_fast,2,output_scatter,0.068187713623,483,13.5760307312
roadNet-CA,bfull_fast,2,thread_amx_setup,0.0360012054443,483,13.5760307312
roadNet-CA,bfull_accurate,1,output_zero,0,483,17.923116684
roadNet-CA,bfull_accurate,1,row_schedule,0.0724792480469,483,17.923116684
roadNet-CA,bfull_accurate,1,partial_zero,0.144243240356,483,17.923116684
roadNet-CA,bfull_accurate,1,csr_prefetch,0.888347625732,483,17.923116684
roadNet-CA,bfull_accurate,1,feature_gather_decode,1.56927108765,483,17.923116684
roadNet-CA,bfull_accurate,1,fp32_neighbor_reduction,1.01542472839,483,17.923116684
roadNet-CA,bfull_accurate,1,partial_bf16_conversion,0.136613845825,483,17.923116684
roadNet-CA,bfull_accurate,1,tile_load,0.938177108765,483,17.923116684
roadNet-CA,bfull_accurate,1,tile_compute,1.67655944824,483,17.923116684
roadNet-CA,bfull_accurate,1,tile_store,0.0565052032471,483,17.923116684
roadNet-CA,bfull_accurate,1,output_scatter,0.519990921021,483,17.923116684
roadNet-CA,bfull_accurate,1,thread_amx_setup,0.0360012054443,483,17.923116684
roadNet-CA,bfull_accurate,2,output_zero,0.000953674316406,483,14.7271156311
roadNet-CA,bfull_accurate,2,row_schedule,0.0894069671631,483,14.7271156311
roadNet-CA,bfull_accurate,2,partial_zero,0.181436538696,483,14.7271156311
roadNet-CA,bfull_accurate,2,csr_prefetch,0.797986984253,483,14.7271156311
roadNet-CA,bfull_accurate,2,feature_gather_decode,1.6872882843,483,14.7271156311
roadNet-CA,bfull_accurate,2,fp32_neighbor_reduction,0.980854034424,483,14.7271156311
roadNet-CA,bfull_accurate,2,partial_bf16_conversion,0.141620635986,483,14.7271156311
roadNet-CA,bfull_accurate,2,tile_load,0.915050506592,483,14.7271156311
roadNet-CA,bfull_accurate,2,tile_compute,1.49464607239,483,14.7271156311
roadNet-CA,bfull_accurate,2,tile_store,0.0584125518799,483,14.7271156311
roadNet-CA,bfull_accurate,2,output_scatter,0.0853538513184,483,14.7271156311
roadNet-CA,bfull_accurate,2,thread_amx_setup,0.0345706939697,483,14.7271156311
wiki-Talk,b2_fast,1,output_zero,0.0269412994385,586,200.772047043
wiki-Talk,b2_fast,1,row_schedule,0.0574588775635,586,200.772047043
wiki-Talk,b2_fast,1,partial_zero,7.408618927,586,200.772047043
wiki-Talk,b2_fast,1,csr_prefetch,3.28779220581,586,200.772047043
wiki-Talk,b2_fast,1,feature_gather_decode,9.91106033325,586,200.772047043
wiki-Talk,b2_fast,1,fp32_neighbor_reduction,4.77862358093,586,200.772047043
wiki-Talk,b2_fast,1,partial_bf16_conversion,7.06243515015,586,200.772047043
wiki-Talk,b2_fast,1,tile_load,30.2441120148,586,200.772047043
wiki-Talk,b2_fast,1,tile_compute,37.5032424927,586,200.772047043
wiki-Talk,b2_fast,1,tile_store,5.1589012146,586,200.772047043
wiki-Talk,b2_fast,1,output_scatter,0.0438690185547,586,200.772047043
wiki-Talk,b2_fast,1,thread_amx_setup,0.0250339508057,586,200.772047043
wiki-Talk,b2_fast,2,output_zero,0.000953674316406,586,198.976039886
wiki-Talk,b2_fast,2,row_schedule,0.0514984130859,586,198.976039886
wiki-Talk,b2_fast,2,partial_zero,7.60340690613,586,198.976039886
wiki-Talk,b2_fast,2,csr_prefetch,3.12733650208,586,198.976039886
wiki-Talk,b2_fast,2,feature_gather_decode,9.72270965576,586,198.976039886
wiki-Talk,b2_fast,2,fp32_neighbor_reduction,4.61959838867,586,198.976039886
wiki-Talk,b2_fast,2,partial_bf16_conversion,6.95943832397,586,198.976039886
wiki-Talk,b2_fast,2,tile_load,30.2033424377,586,198.976039886
wiki-Talk,b2_fast,2,tile_compute,37.4510288239,586,198.976039886
wiki-Talk,b2_fast,2,tile_store,5.20396232605,586,198.976039886
wiki-Talk,b2_fast,2,output_scatter,0.00715255737305,586,198.976039886
wiki-Talk,b2_fast,2,thread_amx_setup,0.028133392334,586,198.976039886
wiki-Talk,b2_accurate,1,output_zero,0,586,305.871963501
wiki-Talk,b2_accurate,1,row_schedule,0.0615119934082,586,305.871963501
wiki-Talk,b2_accurate,1,partial_zero,8.03327560425,586,305.871963501
wiki-Talk,b2_accurate,1,csr_prefetch,3.36933135986,586,305.871963501
wiki-Talk,b2_accurate,1,feature_gather_decode,10.4699134827,586,305.871963501
wiki-Talk,b2_accurate,1,fp32_neighbor_reduction,4.80580329895,586,305.871963501
wiki-Talk,b2_accurate,1,partial_bf16_conversion,12.5424861908,586,305.871963501
wiki-Talk,b2_accurate,1,tile_load,56.8368434906,586,305.871963501
wiki-Talk,b2_accurate,1,tile_compute,59.0176582336,586,305.871963501
wiki-Talk,b2_accurate,1,tile_store,5.25259971619,586,305.871963501
wiki-Talk,b2_accurate,1,output_scatter,0.0431537628174,586,305.871963501
wiki-Talk,b2_accurate,1,thread_amx_setup,0.030517578125,586,305.871963501
wiki-Talk,b2_accurate,2,output_zero,0,586,301.117897034
wiki-Talk,b2_accurate,2,row_schedule,0.0391006469727,586,301.117897034
wiki-Talk,b2_accurate,2,partial_zero,7.61556625366,586,301.117897034
wiki-Talk,b2_accurate,2,csr_prefetch,3.26204299927,586,301.117897034
wiki-Talk,b2_accurate,2,feature_gather_decode,9.89723205566,586,301.117897034
wiki-Talk,b2_accurate,2,fp32_neighbor_reduction,4.80318069458,586,301.117897034
wiki-Talk,b2_accurate,2,partial_bf16_conversion,12.624502182,586,301.117897034
wiki-Talk,b2_accurate,2,tile_load,57.1231842041,586,301.117897034
wiki-Talk,b2_accurate,2,tile_compute,59.2813491821,586,301.117897034
wiki-Talk,b2_accurate,2,tile_store,4.25314903259,586,301.117897034
wiki-Talk,b2_accurate,2,output_scatter,0.00905990600586,586,301.117897034
wiki-Talk,b2_accurate,2,thread_amx_setup,0.0338554382324,586,301.117897034
wiki-Talk,b4_fast,1,output_zero,0,586,117.379903793
wiki-Talk,b4_fast,1,row_schedule,0.0617504119873,586,117.379903793
wiki-Talk,b4_fast,1,partial_zero,3.72695922852,586,117.379903793
wiki-Talk,b4_fast,1,csr_prefetch,3.13639640808,586,117.379903793
wiki-Talk,b4_fast,1,feature_gather_decode,7.22241401672,586,117.379903793
wiki-Talk,b4_fast,1,fp32_neighbor_reduction,3.9701461792,586,117.379903793
wiki-Talk,b4_fast,1,partial_bf16_conversion,3.46612930298,586,117.379903793
wiki-Talk,b4_fast,1,tile_load,15.4139995575,586,117.379903793
wiki-Talk,b4_fast,1,tile_compute,18.7668800354,586,117.379903793
wiki-Talk,b4_fast,1,tile_store,2.50196456909,586,117.379903793
wiki-Talk,b4_fast,1,output_scatter,0.0419616699219,586,117.379903793
wiki-Talk,b4_fast,1,thread_amx_setup,0.0276565551758,586,117.379903793
wiki-Talk,b4_fast,2,output_zero,0,586,113.661050797
wiki-Talk,b4_fast,2,row_schedule,0.0519752502441,586,113.661050797
wiki-Talk,b4_fast,2,partial_zero,3.57580184937,586,113.661050797
wiki-Talk,b4_fast,2,csr_prefetch,3.1476020813,586,113.661050797
wiki-Talk,b4_fast,2,feature_gather_decode,6.88743591309,586,113.661050797
wiki-Talk,b4_fast,2,fp32_neighbor_reduction,3.91149520874,586,113.661050797
wiki-Talk,b4_fast,2,partial_bf16_conversion,3.51405143738,586,113.661050797
wiki-Talk,b4_fast,2,tile_load,15.3694152832,586,113.661050797
wiki-Talk,b4_fast,2,tile_compute,18.7759399414,586,113.661050797
wiki-Talk,b4_fast,2,tile_store,2.63667106628,586,113.661050797
wiki-Talk,b4_fast,2,output_scatter,0.00190734863281,586,113.661050797
wiki-Talk,b4_fast,2,thread_amx_setup,0.0262260437012,586,113.661050797
wiki-Talk,b4_accurate,1,output_zero,0,586,170.627117157
wiki-Talk,b4_accurate,1,row_schedule,0.0596046447754,586,170.627117157
wiki-Talk,b4_accurate,1,partial_zero,3.97896766663,586,170.627117157
wiki-Talk,b4_accurate,1,csr_prefetch,3.31163406372,586,170.627117157
wiki-Talk,b4_accurate,1,feature_gather_decode,7.41147994995,586,170.627117157
wiki-Talk,b4_accurate,1,fp32_neighbor_reduction,3.77154350281,586,170.627117157
wiki-Talk,b4_accurate,1,partial_bf16_conversion,6.30283355713,586,170.627117157
wiki-Talk,b4_accurate,1,tile_load,28.6593437195,586,170.627117157
wiki-Talk,b4_accurate,1,tile_compute,30.1682949066,586,170.627117157
wiki-Talk,b4_accurate,1,tile_store,2.13718414307,586,170.627117157
wiki-Talk,b4_accurate,1,output_scatter,0.0383853912354,586,170.627117157
wiki-Talk,b4_accurate,1,thread_amx_setup,0.0271797180176,586,170.627117157
wiki-Talk,b4_accurate,2,output_zero,0,586,169.863939285
wiki-Talk,b4_accurate,2,row_schedule,0.0622272491455,586,169.863939285
wiki-Talk,b4_accurate,2,partial_zero,3.86953353882,586,169.863939285
wiki-Talk,b4_accurate,2,csr_prefetch,3.24654579163,586,169.863939285
wiki-Talk,b4_accurate,2,feature_gather_decode,7.32398033142,586,169.863939285
wiki-Talk,b4_accurate,2,fp32_neighbor_reduction,3.83448600769,586,169.863939285
wiki-Talk,b4_accurate,2,partial_bf16_conversion,6.38794898987,586,169.863939285
wiki-Talk,b4_accurate,2,tile_load,28.7120342255,586,169.863939285
wiki-Talk,b4_accurate,2,tile_compute,29.9096107483,586,169.863939285
wiki-Talk,b4_accurate,2,tile_store,2.16364860535,586,169.863939285
wiki-Talk,b4_accurate,2,output_scatter,0.00596046447754,586,169.863939285
wiki-Talk,b4_accurate,2,thread_amx_setup,0.0278949737549,586,169.863939285
wiki-Talk,b8_fast,1,output_zero,0,586,74.6219158173
wiki-Talk,b8_fast,1,row_schedule,0.0741481781006,586,74.6219158173
wiki-Talk,b8_fast,1,partial_zero,1.89113616943,586,74.6219158173
wiki-Talk,b8_fast,1,csr_prefetch,3.25679779053,586,74.6219158173
wiki-Talk,b8_fast,1,feature_gather_decode,5.57327270508,586,74.6219158173
wiki-Talk,b8_fast,1,fp32_neighbor_reduction,3.37719917297,586,74.6219158173
wiki-Talk,b8_fast,1,partial_bf16_conversion,1.79648399353,586,74.6219158173
wiki-Talk,b8_fast,1,tile_load,7.79676437378,586,74.6219158173
wiki-Talk,b8_fast,1,tile_compute,9.79971885681,586,74.6219158173
wiki-Talk,b8_fast,1,tile_store,1.25026702881,586,74.6219158173
wiki-Talk,b8_fast,1,output_scatter,0.037670135498,586,74.6219158173
wiki-Talk,b8_fast,1,thread_amx_setup,0.0276565551758,586,74.6219158173
wiki-Talk,b8_fast,2,output_zero,0,586,72.3328590393
wiki-Talk,b8_fast,2,row_schedule,0.0672340393066,586,72.3328590393
wiki-Talk,b8_fast,2,partial_zero,1.8196105957,586,72.3328590393
wiki-Talk,b8_fast,2,csr_prefetch,3.23963165283,586,72.3328590393
wiki-Talk,b8_fast,2,feature_gather_decode,5.50746917725,586,72.3328590393
wiki-Talk,b8_fast,2,fp32_neighbor_reduction,3.43322753906,586,72.3328590393
wiki-Talk,b8_fast,2,partial_bf16_conversion,1.79696083069,586,72.3328590393
wiki-Talk,b8_fast,2,tile_load,7.62581825256,586,72.3328590393
wiki-Talk,b8_fast,2,tile_compute,9.77396965027,586,72.3328590393
wiki-Talk,b8_fast,2,tile_store,1.3153553009,586,72.3328590393
wiki-Talk,b8_fast,2,output_scatter,0.00977516174316,586,72.3328590393
wiki-Talk,b8_fast,2,thread_amx_setup,0.0350475311279,586,72.3328590393
wiki-Talk,b8_accurate,1,output_zero,0,586,103.052139282
wiki-Talk,b8_accurate,1,row_schedule,0.0619888305664,586,103.052139282
wiki-Talk,b8_accurate,1,partial_zero,2.05850601196,586,103.052139282
wiki-Talk,b8_accurate,1,csr_prefetch,3.29780578613,586,103.052139282
wiki-Talk,b8_accurate,1,feature_gather_decode,5.75280189514,586,103.052139282
wiki-Talk,b8_accurate,1,fp32_neighbor_reduction,3.50904464722,586,103.052139282
wiki-Talk,b8_accurate,1,partial_bf16_conversion,3.1099319458,586,103.052139282
wiki-Talk,b8_accurate,1,tile_load,14.6312713623,586,103.052139282
wiki-Talk,b8_accurate,1,tile_compute,14.9517059326,586,103.052139282
wiki-Talk,b8_accurate,1,tile_store,0.997066497803,586,103.052139282
wiki-Talk,b8_accurate,1,output_scatter,0.0431537628174,586,103.052139282
wiki-Talk,b8_accurate,1,thread_amx_setup,0.0274181365967,586,103.052139282
wiki-Talk,b8_accurate,2,output_zero,0,586,100.411176682
wiki-Talk,b8_accurate,2,row_schedule,0.0507831573486,586,100.411176682
wiki-Talk,b8_accurate,2,partial_zero,1.96194648743,586,100.411176682
wiki-Talk,b8_accurate,2,csr_prefetch,3.1590461731,586,100.411176682
wiki-Talk,b8_accurate,2,feature_gather_decode,5.57923316956,586,100.411176682
wiki-Talk,b8_accurate,2,fp32_neighbor_reduction,3.53598594666,586,100.411176682
wiki-Talk,b8_accurate,2,partial_bf16_conversion,3.14903259277,586,100.411176682
wiki-Talk,b8_accurate,2,tile_load,14.527797699,586,100.411176682
wiki-Talk,b8_accurate,2,tile_compute,15.0949954987,586,100.411176682
wiki-Talk,b8_accurate,2,tile_store,1.06430053711,586,100.411176682
wiki-Talk,b8_accurate,2,output_scatter,0.00858306884766,586,100.411176682
wiki-Talk,b8_accurate,2,thread_amx_setup,0.0293254852295,586,100.411176682
wiki-Talk,b16_fast,1,output_zero,0,586,56.2779903412
wiki-Talk,b16_fast,1,row_schedule,0.0734329223633,586,56.2779903412
wiki-Talk,b16_fast,1,partial_zero,0.972509384155,586,56.2779903412
wiki-Talk,b16_fast,1,csr_prefetch,3.27634811401,586,56.2779903412
wiki-Talk,b16_fast,1,feature_gather_decode,5.05948066711,586,56.2779903412
wiki-Talk,b16_fast,1,fp32_neighbor_reduction,3.27706336975,586,56.2779903412
wiki-Talk,b16_fast,1,partial_bf16_conversion,0.884532928467,586,56.2779903412
wiki-Talk,b16_fast,1,tile_load,4.07958030701,586,56.2779903412
wiki-Talk,b16_fast,1,tile_compute,5.23900985718,586,56.2779903412
wiki-Talk,b16_fast,1,tile_store,0.668525695801,586,56.2779903412
wiki-Talk,b16_fast,1,output_scatter,0.0460147857666,586,56.2779903412
wiki-Talk,b16_fast,1,thread_amx_setup,0.0247955322266,586,56.2779903412
wiki-Talk,b16_fast,2,output_zero,0,586,53.1969070435
wiki-Talk,b16_fast,2,row_schedule,0.0603199005127,586,53.1969070435
wiki-Talk,b16_fast,2,partial_zero,0.93150138855,586,53.1969070435
wiki-Talk,b16_fast,2,csr_prefetch,3.2525062561,586,53.1969070435
wiki-Talk,b16_fast,2,feature_gather_decode,5.18131256104,586,53.1969070435
wiki-Talk,b16_fast,2,fp32_neighbor_reduction,3.25679779053,586,53.1969070435
wiki-Talk,b16_fast,2,partial_bf16_conversion,0.857830047607,586,53.1969070435
wiki-Talk,b16_fast,2,tile_load,4.17709350586,586,53.1969070435
wiki-Talk,b16_fast,2,tile_compute,5.29336929321,586,53.1969070435
wiki-Talk,b16_fast,2,tile_store,0.699520111084,586,53.1969070435
wiki-Talk,b16_fast,2,output_scatter,0.00977516174316,586,53.1969070435
wiki-Talk,b16_fast,2,thread_amx_setup,0.0209808349609,586,53.1969070435
wiki-Talk,b16_accurate,1,output_zero,0,586,68.7038898468
wiki-Talk,b16_accurate,1,row_schedule,0.0514984130859,586,68.7038898468
wiki-Talk,b16_accurate,1,partial_zero,0.991106033325,586,68.7038898468
wiki-Talk,b16_accurate,1,csr_prefetch,3.24010848999,586,68.7038898468
wiki-Talk,b16_accurate,1,feature_gather_decode,5.08499145508,586,68.7038898468
wiki-Talk,b16_accurate,1,fp32_neighbor_reduction,3.28898429871,586,68.7038898468
wiki-Talk,b16_accurate,1,partial_bf16_conversion,1.59692764282,586,68.7038898468
wiki-Talk,b16_accurate,1,tile_load,7.58385658264,586,68.7038898468
wiki-Talk,b16_accurate,1,tile_compute,8.19516181946,586,68.7038898468
wiki-Talk,b16_accurate,1,tile_store,0.505924224854,586,68.7038898468
wiki-Talk,b16_accurate,1,output_scatter,0.0443458557129,586,68.7038898468
wiki-Talk,b16_accurate,1,thread_amx_setup,0.0240802764893,586,68.7038898468
wiki-Talk,b16_accurate,2,output_zero,0,586,67.0690536499
wiki-Talk,b16_accurate,2,row_schedule,0.0653266906738,586,67.0690536499
wiki-Talk,b16_accurate,2,partial_zero,0.969886779785,586,67.0690536499
wiki-Talk,b16_accurate,2,csr_prefetch,3.36265563965,586,67.0690536499
wiki-Talk,b16_accurate,2,feature_gather_decode,5.10430335999,586,67.0690536499
wiki-Talk,b16_accurate,2,fp32_neighbor_reduction,3.3438205719,586,67.0690536499
wiki-Talk,b16_accurate,2,partial_bf16_conversion,1.62100791931,586,67.0690536499
wiki-Talk,b16_accurate,2,tile_load,7.46464729309,586,67.0690536499
wiki-Talk,b16_accurate,2,tile_compute,8.54396820068,586,67.0690536499
wiki-Talk,b16_accurate,2,tile_store,0.542163848877,586,67.0690536499
wiki-Talk,b16_accurate,2,output_scatter,0.00786781311035,586,67.0690536499
wiki-Talk,b16_accurate,2,thread_amx_setup,0.0243186950684,586,67.0690536499
wiki-Talk,b32_fast,1,output_zero,0,586,43.4300899506
wiki-Talk,b32_fast,1,row_schedule,0.0605583190918,586,43.4300899506
wiki-Talk,b32_fast,1,partial_zero,0.531673431396,586,43.4300899506
wiki-Talk,b32_fast,1,csr_prefetch,3.1840801239,586,43.4300899506
wiki-Talk,b32_fast,1,feature_gather_decode,4.6706199646,586,43.4300899506
wiki-Talk,b32_fast,1,fp32_neighbor_reduction,3.19266319275,586,43.4300899506
wiki-Talk,b32_fast,1,partial_bf16_conversion,0.484943389893,586,43.4300899506
wiki-Talk,b32_fast,1,tile_load,2.14314460754,586,43.4300899506
wiki-Talk,b32_fast,1,tile_compute,2.6388168335,586,43.4300899506
wiki-Talk,b32_fast,1,tile_store,0.335454940796,586,43.4300899506
wiki-Talk,b32_fast,1,output_scatter,0.0431537628174,586,43.4300899506
wiki-Talk,b32_fast,1,thread_amx_setup,0.035285949707,586,43.4300899506
wiki-Talk,b32_fast,2,output_zero,0,586,42.8330898285
wiki-Talk,b32_fast,2,row_schedule,0.0522136688232,586,42.8330898285
wiki-Talk,b32_fast,2,partial_zero,0.516653060913,586,42.8330898285
wiki-Talk,b32_fast,2,csr_prefetch,3.19957733154,586,42.8330898285
wiki-Talk,b32_fast,2,feature_gather_decode,4.61077690125,586,42.8330898285
wiki-Talk,b32_fast,2,fp32_neighbor_reduction,3.16190719604,586,42.8330898285
wiki-Talk,b32_fast,2,partial_bf16_conversion,0.426292419434,586,42.8330898285
wiki-Talk,b32_fast,2,tile_load,2.12383270264,586,42.8330898285
wiki-Talk,b32_fast,2,tile_compute,2.45833396912,586,42.8330898285
wiki-Talk,b32_fast,2,tile_store,0.336647033691,586,42.8330898285
wiki-Talk,b32_fast,2,output_scatter,0.00858306884766,586,42.8330898285
wiki-Talk,b32_fast,2,thread_amx_setup,0.030517578125,586,42.8330898285
wiki-Talk,b32_accurate,1,output_zero,0,586,52.2191524506
wiki-Talk,b32_accurate,1,row_schedule,0.0543594360352,586,52.2191524506
wiki-Talk,b32_accurate,1,partial_zero,0.566482543945,586,52.2191524506
wiki-Talk,b32_accurate,1,csr_prefetch,3.30543518066,586,52.2191524506
wiki-Talk,b32_accurate,1,feature_gather_decode,4.66299057007,586,52.2191524506
wiki-Talk,b32_accurate,1,fp32_neighbor_reduction,3.2320022583,586,52.2191524506
wiki-Talk,b32_accurate,1,partial_bf16_conversion,0.776767730713,586,52.2191524506
wiki-Talk,b32_accurate,1,tile_load,3.89623641968,586,52.2191524506
wiki-Talk,b32_accurate,1,tile_compute,4.52637672424,586,52.2191524506
wiki-Talk,b32_accurate,1,tile_store,0.356912612915,586,52.2191524506
wiki-Talk,b32_accurate,1,output_scatter,0.0417232513428,586,52.2191524506
wiki-Talk,b32_accurate,1,thread_amx_setup,0.0226497650146,586,52.2191524506
wiki-Talk,b32_accurate,2,output_zero,0,586,49.0021705627
wiki-Talk,b32_accurate,2,row_schedule,0.0436305999756,586,49.0021705627
wiki-Talk,b32_accurate,2,partial_zero,0.524997711182,586,49.0021705627
wiki-Talk,b32_accurate,2,csr_prefetch,3.14664840698,586,49.0021705627
wiki-Talk,b32_accurate,2,feature_gather_decode,4.64177131653,586,49.0021705627
wiki-Talk,b32_accurate,2,fp32_neighbor_reduction,3.13353538513,586,49.0021705627
wiki-Talk,b32_accurate,2,partial_bf16_conversion,0.84400177002,586,49.0021705627
wiki-Talk,b32_accurate,2,tile_load,3.8058757782,586,49.0021705627
wiki-Talk,b32_accurate,2,tile_compute,3.84140014648,586,49.0021705627
wiki-Talk,b32_accurate,2,tile_store,0.268936157227,586,49.0021705627
wiki-Talk,b32_accurate,2,output_scatter,0.00739097595215,586,49.0021705627
wiki-Talk,b32_accurate,2,thread_amx_setup,0.046968460083,586,49.0021705627
wiki-Talk,b64_fast,1,output_zero,0,586,37.9509925842
wiki-Talk,b64_fast,1,row_schedule,0.06103515625,586,37.9509925842
wiki-Talk,b64_fast,1,partial_zero,0.256299972534,586,37.9509925842
wiki-Talk,b64_fast,1,csr_prefetch,3.18551063538,586,37.9509925842
wiki-Talk,b64_fast,1,feature_gather_decode,4.47607040405,586,37.9509925842
wiki-Talk,b64_fast,1,fp32_neighbor_reduction,3.09610366821,586,37.9509925842
wiki-Talk,b64_fast,1,partial_bf16_conversion,0.240564346313,586,37.9509925842
wiki-Talk,b64_fast,1,tile_load,1.20973587036,586,37.9509925842
wiki-Talk,b64_fast,1,tile_compute,1.296043396,586,37.9509925842
wiki-Talk,b64_fast,1,tile_store,0.173807144165,586,37.9509925842
wiki-Talk,b64_fast,1,output_scatter,0.0452995300293,586,37.9509925842
wiki-Talk,b64_fast,1,thread_amx_setup,0.0283718109131,586,37.9509925842
wiki-Talk,b64_fast,2,output_zero,0,586,36.6630554199
wiki-Talk,b64_fast,2,row_schedule,0.0593662261963,586,36.6630554199
wiki-Talk,b64_fast,2,partial_zero,0.265836715698,586,36.6630554199
wiki-Talk,b64_fast,2,csr_prefetch,3.15856933594,586,36.6630554199
wiki-Talk,b64_fast,2,feature_gather_decode,4.469871521,586,36.6630554199
wiki-Talk,b64_fast,2,fp32_neighbor_reduction,3.10277938843,586,36.6630554199
wiki-Talk,b64_fast,2,partial_bf16_conversion,0.222444534302,586,36.6630554199
wiki-Talk,b64_fast,2,tile_load,1.14488601685,586,36.6630554199
wiki-Talk,b64_fast,2,tile_compute,1.2366771698,586,36.6630554199
wiki-Talk,b64_fast,2,tile_store,0.154256820679,586,36.6630554199
wiki-Talk,b64_fast,2,output_scatter,0.00500679016113,586,36.6630554199
wiki-Talk,b64_fast,2,thread_amx_setup,0.0317096710205,586,36.6630554199
wiki-Talk,b64_accurate,1,output_zero,0,586,43.7340736389
wiki-Talk,b64_accurate,1,row_schedule,0.065803527832,586,43.7340736389
wiki-Talk,b64_accurate,1,partial_zero,0.252485275269,586,43.7340736389
wiki-Talk,b64_accurate,1,csr_prefetch,3.16452980042,586,43.7340736389
wiki-Talk,b64_accurate,1,feature_gather_decode,4.71830368042,586,43.7340736389
wiki-Talk,b64_accurate,1,fp32_neighbor_reduction,3.16047668457,586,43.7340736389
wiki-Talk,b64_accurate,1,partial_bf16_conversion,0.407695770264,586,43.7340736389
wiki-Talk,b64_accurate,1,tile_load,2.0751953125,586,43.7340736389
wiki-Talk,b64_accurate,1,tile_compute,2.69436836243,586,43.7340736389
wiki-Talk,b64_accurate,1,tile_store,0.133991241455,586,43.7340736389
wiki-Talk,b64_accurate,1,output_scatter,0.0452995300293,586,43.7340736389
wiki-Talk,b64_accurate,1,thread_amx_setup,0.0290870666504,586,43.7340736389
wiki-Talk,b64_accurate,2,output_zero,0,586,40.8577919006
wiki-Talk,b64_accurate,2,row_schedule,0.0572204589844,586,40.8577919006
wiki-Talk,b64_accurate,2,partial_zero,0.268936157227,586,40.8577919006
wiki-Talk,b64_accurate,2,csr_prefetch,3.12328338623,586,40.8577919006
wiki-Talk,b64_accurate,2,feature_gather_decode,4.47535514832,586,40.8577919006
wiki-Talk,b64_accurate,2,fp32_neighbor_reduction,3.11017036438,586,40.8577919006
wiki-Talk,b64_accurate,2,partial_bf16_conversion,0.441789627075,586,40.8577919006
wiki-Talk,b64_accurate,2,tile_load,2.00891494751,586,40.8577919006
wiki-Talk,b64_accurate,2,tile_compute,1.96766853333,586,40.8577919006
wiki-Talk,b64_accurate,2,tile_store,0.138521194458,586,40.8577919006
wiki-Talk,b64_accurate,2,output_scatter,0.00667572021484,586,40.8577919006
wiki-Talk,b64_accurate,2,thread_amx_setup,0.0252723693848,586,40.8577919006
wiki-Talk,bfull_fast,1,output_zero,0,586,31.0189723969
wiki-Talk,bfull_fast,1,row_schedule,0.0545978546143,586,31.0189723969
wiki-Talk,bfull_fast,1,partial_zero,0.0119209289551,586,31.0189723969
wiki-Talk,bfull_fast,1,csr_prefetch,3.04365158081,586,31.0189723969
wiki-Talk,bfull_fast,1,feature_gather_decode,4.12821769714,586,31.0189723969
wiki-Talk,bfull_fast,1,fp32_neighbor_reduction,2.80904769897,586,31.0189723969
wiki-Talk,bfull_fast,1,partial_bf16_conversion,0.00810623168945,586,31.0189723969
wiki-Talk,bfull_fast,1,tile_load,0.0627040863037,586,31.0189723969
wiki-Talk,bfull_fast,1,tile_compute,0.152826309204,586,31.0189723969
wiki-Talk,bfull_fast,1,tile_store,0.00572204589844,586,31.0189723969
wiki-Talk,bfull_fast,1,output_scatter,0.0412464141846,586,31.0189723969
wiki-Talk,bfull_fast,1,thread_amx_setup,0.0298023223877,586,31.0189723969
wiki-Talk,bfull_fast,2,output_zero,0,586,29.3200016022
wiki-Talk,bfull_fast,2,row_schedule,0.0598430633545,586,29.3200016022
wiki-Talk,bfull_fast,2,partial_zero,0.016450881958,586,29.3200016022
wiki-Talk,bfull_fast,2,csr_prefetch,3.08680534363,586,29.3200016022
wiki-Talk,bfull_fast,2,feature_gather_decode,4.09817695618,586,29.3200016022
wiki-Talk,bfull_fast,2,fp32_neighbor_reduction,2.91395187378,586,29.3200016022
wiki-Talk,bfull_fast,2,partial_bf16_conversion,0.00882148742676,586,29.3200016022
wiki-Talk,bfull_fast,2,tile_load,0.0655651092529,586,29.3200016022
wiki-Talk,bfull_fast,2,tile_compute,0.15115737915,586,29.3200016022
wiki-Talk,bfull_fast,2,tile_store,0.00500679016113,586,29.3200016022
wiki-Talk,bfull_fast,2,output_scatter,0.00905990600586,586,29.3200016022
wiki-Talk,bfull_fast,2,thread_amx_setup,0.0276565551758,586,29.3200016022
wiki-Talk,bfull_accurate,1,output_zero,0,586,32.3300361633
wiki-Talk,bfull_accurate,1,row_schedule,0.0667572021484,586,32.3300361633
wiki-Talk,bfull_accurate,1,partial_zero,0.0169277191162,586,32.3300361633
wiki-Talk,bfull_accurate,1,csr_prefetch,2.97951698303,586,32.3300361633
wiki-Talk,bfull_accurate,1,feature_gather_decode,4.18043136597,586,32.3300361633
wiki-Talk,bfull_accurate,1,fp32_neighbor_reduction,2.87699699402,586,32.3300361633
wiki-Talk,bfull_accurate,1,partial_bf16_conversion,0.0114440917969,586,32.3300361633
wiki-Talk,bfull_accurate,1,tile_load,0.103950500488,586,32.3300361633
wiki-Talk,bfull_accurate,1,tile_compute,0.164985656738,586,32.3300361633
wiki-Talk,bfull_accurate,1,tile_store,0.00500679016113,586,32.3300361633
wiki-Talk,bfull_accurate,1,output_scatter,0.0417232513428,586,32.3300361633
wiki-Talk,bfull_accurate,1,thread_amx_setup,0.0271797180176,586,32.3300361633
wiki-Talk,bfull_accurate,2,output_zero,0,586,31.3138961792
wiki-Talk,bfull_accurate,2,row_schedule,0.0483989715576,586,31.3138961792
wiki-Talk,bfull_accurate,2,partial_zero,0.0200271606445,586,31.3138961792
wiki-Talk,bfull_accurate,2,csr_prefetch,3.08895111084,586,31.3138961792
wiki-Talk,bfull_accurate,2,feature_gather_decode,4.0864944458,586,31.3138961792
wiki-Talk,bfull_accurate,2,fp32_neighbor_reduction,2.86793708801,586,31.3138961792
wiki-Talk,bfull_accurate,2,partial_bf16_conversion,0.0150203704834,586,31.3138961792
wiki-Talk,bfull_accurate,2,tile_load,0.0944137573242,586,31.3138961792
wiki-Talk,bfull_accurate,2,tile_compute,0.150680541992,586,31.3138961792
wiki-Talk,bfull_accurate,2,tile_store,0.0107288360596,586,31.3138961792
wiki-Talk,bfull_accurate,2,output_scatter,0.0100135803223,586,31.3138961792
wiki-Talk,bfull_accurate,2,thread_amx_setup,0.025749206543,586,31.3138961792
email-Enron,b2_fast,1,output_zero,0.0250339508057,10,4.82892990112
email-Enron,b2_fast,1,row_schedule,0.00309944152832,10,4.82892990112
email-Enron,b2_fast,1,partial_zero,0.118732452393,10,4.82892990112
email-Enron,b2_fast,1,csr_prefetch,0.228643417358,10,4.82892990112
email-Enron,b2_fast,1,feature_gather_decode,0.232934951782,10,4.82892990112
email-Enron,b2_fast,1,fp32_neighbor_reduction,0.282764434814,10,4.82892990112
email-Enron,b2_fast,1,partial_bf16_conversion,0.119924545288,10,4.82892990112
email-Enron,b2_fast,1,tile_load,0.491619110107,10,4.82892990112
email-Enron,b2_fast,1,tile_compute,0.658988952637,10,4.82892990112
email-Enron,b2_fast,1,tile_store,0.0944137573242,10,4.82892990112
email-Enron,b2_fast,1,output_scatter,0.346899032593,10,4.82892990112
email-Enron,b2_fast,1,thread_amx_setup,0.0290870666504,10,4.82892990112
email-Enron,b2_fast,2,output_zero,0,10,4.75001335144
email-Enron,b2_fast,2,row_schedule,0.00190734863281,10,4.75001335144
email-Enron,b2_fast,2,partial_zero,0.100135803223,10,4.75001335144
email-Enron,b2_fast,2,csr_prefetch,0.191211700439,10,4.75001335144
email-Enron,b2_fast,2,feature_gather_decode,0.270843505859,10,4.75001335144
email-Enron,b2_fast,2,fp32_neighbor_reduction,0.250816345215,10,4.75001335144
email-Enron,b2_fast,2,partial_bf16_conversion,0.104188919067,10,4.75001335144
email-Enron,b2_fast,2,tile_load,0.474452972412,10,4.75001335144
email-Enron,b2_fast,2,tile_compute,0.623464584351,10,4.75001335144
email-Enron,b2_fast,2,tile_store,0.0998973846436,10,4.75001335144
email-Enron,b2_fast,2,output_scatter,0.00286102294922,10,4.75001335144
email-Enron,b2_fast,2,thread_amx_setup,0.0345706939697,10,4.75001335144
email-Enron,b2_accurate,1,output_zero,0.000953674316406,10,6.30497932434
email-Enron,b2_accurate,1,row_schedule,0.00214576721191,10,6.30497932434
email-Enron,b2_accurate,1,partial_zero,0.1220703125,10,6.30497932434
email-Enron,b2_accurate,1,csr_prefetch,0.184059143066,10,6.30497932434
email-Enron,b2_accurate,1,feature_gather_decode,0.234842300415,10,6.30497932434
email-Enron,b2_accurate,1,fp32_neighbor_reduction,0.293254852295,10,6.30497932434
email-Enron,b2_accurate,1,partial_bf16_conversion,0.207424163818,10,6.30497932434
email-Enron,b2_accurate,1,tile_load,0.898361206055,10,6.30497932434
email-Enron,b2_accurate,1,tile_compute,1.07097625732,10,6.30497932434
email-Enron,b2_accurate,1,tile_store,0.0579357147217,10,6.30497932434
email-Enron,b2_accurate,1,output_scatter,0.00810623168945,10,6.30497932434
email-Enron,b2_accurate,1,thread_amx_setup,0.0255107879639,10,6.30497932434
email-Enron,b2_accurate,2,output_zero,0,10,6.43181800842
email-Enron,b2_accurate,2,row_schedule,0.00190734863281,10,6.43181800842
email-Enron,b2_accurate,2,partial_zero,0.116348266602,10,6.43181800842
email-Enron,b2_accurate,2,csr_prefetch,0.196695327759,10,6.43181800842
email-Enron,b2_accurate,2,feature_gather_decode,0.232458114624,10,6.43181800842
email-Enron,b2_accurate,2,fp32_neighbor_reduction,0.297784805298,10,6.43181800842
email-Enron,b2_accurate,2,partial_bf16_conversion,0.185966491699,10,6.43181800842
email-Enron,b2_accurate,2,tile_load,0.932931900024,10,6.43181800842
email-Enron,b2_accurate,2,tile_compute,1.15585327148,10,6.43181800842
email-Enron,b2_accurate,2,tile_store,0.0636577606201,10,6.43181800842
email-Enron,b2_accurate,2,output_scatter,0.00119209289551,10,6.43181800842
email-Enron,b2_accurate,2,thread_amx_setup,0.0298023223877,10,6.43181800842
email-Enron,b4_fast,1,output_zero,0,10,2.9079914093
email-Enron,b4_fast,1,row_schedule,0.00190734863281,10,2.9079914093
email-Enron,b4_fast,1,partial_zero,0.0567436218262,10,2.9079914093
email-Enron,b4_fast,1,csr_prefetch,0.179052352905,10,2.9079914093
email-Enron,b4_fast,1,feature_gather_decode,0.232219696045,10,2.9079914093
email-Enron,b4_fast,1,fp32_neighbor_reduction,0.224590301514,10,2.9079914093
email-Enron,b4_fast,1,partial_bf16_conversion,0.0519752502441,10,2.9079914093
email-Enron,b4_fast,1,tile_load,0.27060508728,10,2.9079914093
email-Enron,b4_fast,1,tile_compute,0.32377243042,10,2.9079914093
email-Enron,b4_fast,1,tile_store,0.0293254852295,10,2.9079914093
email-Enron,b4_fast,1,output_scatter,0.00762939453125,10,2.9079914093
email-Enron,b4_fast,1,thread_amx_setup,0.0267028808594,10,2.9079914093
email-Enron,b4_fast,2,output_zero,0,10,3.12304496765
email-Enron,b4_fast,2,row_schedule,0,10,3.12304496765
email-Enron,b4_fast,2,partial_zero,0.0689029693604,10,3.12304496765
email-Enron,b4_fast,2,csr_prefetch,0.191926956177,10,3.12304496765
email-Enron,b4_fast,2,feature_gather_decode,0.221014022827,10,3.12304496765
email-Enron,b4_fast,2,fp32_neighbor_reduction,0.234127044678,10,3.12304496765
email-Enron,b4_fast,2,partial_bf16_conversion,0.056266784668,10,3.12304496765
email-Enron,b4_fast,2,tile_load,0.253915786743,10,3.12304496765
email-Enron,b4_fast,2,tile_compute,0.507831573486,10,3.12304496765
email-Enron,b4_fast,2,tile_store,0.032901763916,10,3.12304496765
email-Enron,b4_fast,2,output_scatter,0,10,3.12304496765
email-Enron,b4_fast,2,thread_amx_setup,0.0362396240234,10,3.12304496765
email-Enron,b4_accurate,1,output_zero,0,10,3.85999679565
email-Enron,b4_accurate,1,row_schedule,0.00429153442383,10,3.85999679565
email-Enron,b4_accurate,1,partial_zero,0.0550746917725,10,3.85999679565
email-Enron,b4_accurate,1,csr_prefetch,0.159502029419,10,3.85999679565
email-Enron,b4_accurate,1,feature_gather_decode,0.195026397705,10,3.85999679565
email-Enron,b4_accurate,1,fp32_neighbor_reduction,0.239372253418,10,3.85999679565
email-Enron,b4_accurate,1,partial_bf16_conversion,0.0998973846436,10,3.85999679565
email-Enron,b4_accurate,1,tile_load,0.440835952759,10,3.85999679565
email-Enron,b4_accurate,1,tile_compute,0.599145889282,10,3.85999679565
email-Enron,b4_accurate,1,tile_store,0.032901763916,10,3.85999679565
email-Enron,b4_accurate,1,output_scatter,0.00691413879395,10,3.85999679565
email-Enron,b4_accurate,1,thread_amx_setup,0.025749206543,10,3.85999679565
email-Enron,b4_accurate,2,output_zero,0,10,3.88097763062
email-Enron,b4_accurate,2,row_schedule,0.000953674316406,10,3.88097763062
email-Enron,b4_accurate,2,partial_zero,0.0624656677246,10,3.88097763062
email-Enron,b4_accurate,2,csr_prefetch,0.191926956177,10,3.88097763062
email-Enron,b4_accurate,2,feature_gather_decode,0.236749649048,10,3.88097763062
email-Enron,b4_accurate,2,fp32_neighbor_reduction,0.218391418457,10,3.88097763062
email-Enron,b4_accurate,2,partial_bf16_conversion,0.0977516174316,10,3.88097763062
email-Enron,b4_accurate,2,tile_load,0.448226928711,10,3.88097763062
email-Enron,b4_accurate,2,tile_compute,0.498056411743,10,3.88097763062
email-Enron,b4_accurate,2,tile_store,0.0283718109131,10,3.88097763062
email-Enron,b4_accurate,2,output_scatter,0.00286102294922,10,3.88097763062
email-Enron,b4_accurate,2,thread_amx_setup,0.0326633453369,10,3.88097763062
email-Enron,b8_fast,1,output_zero,0,10,2.34794616699
email-Enron,b8_fast,1,row_schedule,0.00381469726562,10,2.34794616699
email-Enron,b8_fast,1,partial_zero,0.0326633453369,10,2.34794616699
email-Enron,b8_fast,1,csr_prefetch,0.196218490601,10,2.34794616699
email-Enron,b8_fast,1,feature_gather_decode,0.222206115723,10,2.34794616699
email-Enron,b8_fast,1,fp32_neighbor_reduction,0.205039978027,10,2.34794616699
email-Enron,b8_fast,1,partial_bf16_conversion,0.0362396240234,10,2.34794616699
email-Enron,b8_fast,1,tile_load,0.145196914673,10,2.34794616699
email-Enron,b8_fast,1,tile_compute,0.285387039185,10,2.34794616699
email-Enron,b8_fast,1,tile_store,0.0243186950684,10,2.34794616699
email-Enron,b8_fast,1,output_scatter,0.00810623168945,10,2.34794616699
email-Enron,b8_fast,1,thread_amx_setup,0.0205039978027,10,2.34794616699
email-Enron,b8_fast,2,output_zero,0,10,2.33697891235
email-Enron,b8_fast,2,row_schedule,0.00190734863281,10,2.33697891235
email-Enron,b8_fast,2,partial_zero,0.0319480895996,10,2.33697891235
email-Enron,b8_fast,2,csr_prefetch,0.176668167114,10,2.33697891235
email-Enron,b8_fast,2,feature_gather_decode,0.221729278564,10,2.33697891235
email-Enron,b8_fast,2,fp32_neighbor_reduction,0.186920166016,10,2.33697891235
email-Enron,b8_fast,2,partial_bf16_conversion,0.0255107879639,10,2.33697891235
email-Enron,b8_fast,2,tile_load,0.141620635986,10,2.33697891235
email-Enron,b8_fast,2,tile_compute,0.432968139648,10,2.33697891235
email-Enron,b8_fast,2,tile_store,0.0183582305908,10,2.33697891235
email-Enron,b8_fast,2,output_scatter,0.00214576721191,10,2.33697891235
email-Enron,b8_fast,2,thread_amx_setup,0.0333786010742,10,2.33697891235
email-Enron,b8_accurate,1,output_zero,0,10,2.77900695801
email-Enron,b8_accurate,1,row_schedule,0.00286102294922,10,2.77900695801
email-Enron,b8_accurate,1,partial_zero,0.0321865081787,10,2.77900695801
email-Enron,b8_accurate,1,csr_prefetch,0.203371047974,10,2.77900695801
email-Enron,b8_accurate,1,feature_gather_decode,0.215530395508,10,2.77900695801
email-Enron,b8_accurate,1,fp32_neighbor_reduction,0.220775604248,10,2.77900695801
email-Enron,b8_accurate,1,partial_bf16_conversion,0.044584274292,10,2.77900695801
email-Enron,b8_accurate,1,tile_load,0.23365020752,10,2.77900695801
email-Enron,b8_accurate,1,tile_compute,0.392436981201,10,2.77900695801
email-Enron,b8_accurate,1,tile_store,0.0171661376953,10,2.77900695801
email-Enron,b8_accurate,1,output_scatter,0.00667572021484,10,2.77900695801
email-Enron,b8_accurate,1,thread_amx_setup,0.0224113464355,10,2.77900695801
email-Enron,b8_accurate,2,output_zero,0,10,2.73489952087
email-Enron,b8_accurate,2,row_schedule,0.00286102294922,10,2.73489952087
email-Enron,b8_accurate,2,partial_zero,0.035285949707,10,2.73489952087
email-Enron,b8_accurate,2,csr_prefetch,0.171184539795,10,2.73489952087
email-Enron,b8_accurate,2,feature_gather_decode,0.234603881836,10,2.73489952087
email-Enron,b8_accurate,2,fp32_neighbor_reduction,0.218152999878,10,2.73489952087
email-Enron,b8_accurate,2,partial_bf16_conversion,0.0491142272949,10,2.73489952087
email-Enron,b8_accurate,2,tile_load,0.264167785645,10,2.73489952087
email-Enron,b8_accurate,2,tile_compute,0.339508056641,10,2.73489952087
email-Enron,b8_accurate,2,tile_store,0.0159740447998,10,2.73489952087
email-Enron,b8_accurate,2,output_scatter,0,10,2.73489952087
email-Enron,b8_accurate,2,thread_amx_setup,0.0286102294922,10,2.73489952087
email-Enron,b16_fast,1,output_zero,0,10,1.81818008423
email-Enron,b16_fast,1,row_schedule,0,10,1.81818008423
email-Enron,b16_fast,1,partial_zero,0.0381469726562,10,1.81818008423
email-Enron,b16_fast,1,csr_prefetch,0.198841094971,10,1.81818008423
email-Enron,b16_fast,1,feature_gather_decode,0.207424163818,10,1.81818008423
email-Enron,b16_fast,1,fp32_neighbor_reduction,0.189304351807,10,1.81818008423
email-Enron,b16_fast,1,partial_bf16_conversion,0.0367164611816,10,1.81818008423
email-Enron,b16_fast,1,tile_load,0.0791549682617,10,1.81818008423
email-Enron,b16_fast,1,tile_compute,0.0975131988525,10,1.81818008423
email-Enron,b16_fast,1,tile_store,0.0178813934326,10,1.81818008423
email-Enron,b16_fast,1,output_scatter,0.00572204589844,10,1.81818008423
email-Enron,b16_fast,1,thread_amx_setup,0.0190734863281,10,1.81818008423
email-Enron,b16_fast,2,output_zero,0,10,1.93500518799
email-Enron,b16_fast,2,row_schedule,0.00381469726562,10,1.93500518799
email-Enron,b16_fast,2,partial_zero,0.0240802764893,10,1.93500518799
email-Enron,b16_fast,2,csr_prefetch,0.170946121216,10,1.93500518799
email-Enron,b16_fast,2,feature_gather_decode,0.226974487305,10,1.93500518799
email-Enron,b16_fast,2,fp32_neighbor_reduction,0.189542770386,10,1.93500518799
email-Enron,b16_fast,2,partial_bf16_conversion,0.0197887420654,10,1.93500518799
email-Enron,b16_fast,2,tile_load,0.0889301300049,10,1.93500518799
email-Enron,b16_fast,2,tile_compute,0.173568725586,10,1.93500518799
email-Enron,b16_fast,2,tile_store,0.0126361846924,10,1.93500518799
email-Enron,b16_fast,2,output_scatter,0.00190734863281,10,1.93500518799
email-Enron,b16_fast,2,thread_amx_setup,0.025749206543,10,1.93500518799
email-Enron,b16_accurate,1,output_zero,0,10,2.07901000977
email-Enron,b16_accurate,1,row_schedule,0.00286102294922,10,2.07901000977
email-Enron,b16_accurate,1,partial_zero,0.0231266021729,10,2.07901000977
email-Enron,b16_accurate,1,csr_prefetch,0.178337097168,10,2.07901000977
email-Enron,b16_accurate,1,feature_gather_decode,0.203609466553,10,2.07901000977
email-Enron,b16_accurate,1,fp32_neighbor_reduction,0.202894210815,10,2.07901000977
email-Enron,b16_accurate,1,partial_bf16_conversion,0.030517578125,10,2.07901000977
email-Enron,b16_accurate,1,tile_load,0.128984451294,10,2.07901000977
email-Enron,b16_accurate,1,tile_compute,0.205278396606,10,2.07901000977
email-Enron,b16_accurate,1,tile_store,0.00667572021484,10,2.07901000977
email-Enron,b16_accurate,1,output_scatter,0.00977516174316,10,2.07901000977
email-Enron,b16_accurate,1,thread_amx_setup,0.0202655792236,10,2.07901000977
email-Enron,b16_accurate,2,output_zero,0,10,2.11715698242
email-Enron,b16_accurate,2,row_schedule,0.00190734863281,10,2.11715698242
email-Enron,b16_accurate,2,partial_zero,0.0181198120117,10,2.11715698242
email-Enron,b16_accurate,2,csr_prefetch,0.174522399902,10,2.11715698242
email-Enron,b16_accurate,2,feature_gather_decode,0.231504440308,10,2.11715698242
email-Enron,b16_accurate,2,fp32_neighbor_reduction,0.190496444702,10,2.11715698242
email-Enron,b16_accurate,2,partial_bf16_conversion,0.0264644622803,10,2.11715698242
email-Enron,b16_accurate,2,tile_load,0.152826309204,10,2.11715698242
email-Enron,b16_accurate,2,tile_compute,0.17786026001,10,2.11715698242
email-Enron,b16_accurate,2,tile_store,0.011682510376,10,2.11715698242
email-Enron,b16_accurate,2,output_scatter,0.00286102294922,10,2.11715698242
email-Enron,b16_accurate,2,thread_amx_setup,0.0286102294922,10,2.11715698242
email-Enron,b32_fast,1,output_zero,0.000953674316406,10,1.61194801331
email-Enron,b32_fast,1,row_schedule,0.00286102294922,10,1.61194801331
email-Enron,b32_fast,1,partial_zero,0.0195503234863,10,1.61194801331
email-Enron,b32_fast,1,csr_prefetch,0.186681747437,10,1.61194801331
email-Enron,b32_fast,1,feature_gather_decode,0.207424163818,10,1.61194801331
email-Enron,b32_fast,1,fp32_neighbor_reduction,0.181913375854,10,1.61194801331
email-Enron,b32_fast,1,partial_bf16_conversion,0.0176429748535,10,1.61194801331
email-Enron,b32_fast,1,tile_load,0.0393390655518,10,1.61194801331
email-Enron,b32_fast,1,tile_compute,0.0638961791992,10,1.61194801331
email-Enron,b32_fast,1,tile_store,0.00786781311035,10,1.61194801331
email-Enron,b32_fast,1,output_scatter,0.00596046447754,10,1.61194801331
email-Enron,b32_fast,1,thread_amx_setup,0.025749206543,10,1.61194801331
email-Enron,b32_fast,2,output_zero,0,10,1.63102149963
email-Enron,b32_fast,2,row_schedule,0.00333786010742,10,1.63102149963
email-Enron,b32_fast,2,partial_zero,0.00739097595215,10,1.63102149963
email-Enron,b32_fast,2,csr_prefetch,0.182390213013,10,1.63102149963
email-Enron,b32_fast,2,feature_gather_decode,0.213623046875,10,1.63102149963
email-Enron,b32_fast,2,fp32_neighbor_reduction,0.190258026123,10,1.63102149963
email-Enron,b32_fast,2,partial_bf16_conversion,0.0112056732178,10,1.63102149963
email-Enron,b32_fast,2,tile_load,0.0452995300293,10,1.63102149963
email-Enron,b32_fast,2,tile_compute,0.124931335449,10,1.63102149963
email-Enron,b32_fast,2,tile_store,0.00524520874023,10,1.63102149963
email-Enron,b32_fast,2,output_scatter,0.000953674316406,10,1.63102149963
email-Enron,b32_fast,2,thread_amx_setup,0.0267028808594,10,1.63102149963
email-Enron,b32_accurate,1,output_zero,0,10,1.78003311157
email-Enron,b32_accurate,1,row_schedule,0.00405311584473,10,1.78003311157
email-Enron,b32_accurate,1,partial_zero,0.0114440917969,10,1.78003311157
email-Enron,b32_accurate,1,csr_prefetch,0.199317932129,10,1.78003311157
email-Enron,b32_accurate,1,feature_gather_decode,0.216245651245,10,1.78003311157
email-Enron,b32_accurate,1,fp32_neighbor_reduction,0.189781188965,10,1.78003311157
email-Enron,b32_accurate,1,partial_bf16_conversion,0.0147819519043,10,1.78003311157
email-Enron,b32_accurate,1,tile_load,0.0874996185303,10,1.78003311157
email-Enron,b32_accurate,1,tile_compute,0.0948905944824,10,1.78003311157
email-Enron,b32_accurate,1,tile_store,0.00572204589844,10,1.78003311157
email-Enron,b32_accurate,1,output_scatter,0.00929832458496,10,1.78003311157
email-Enron,b32_accurate,1,thread_amx_setup,0.0200271606445,10,1.78003311157
email-Enron,b32_accurate,2,output_zero,0,10,1.78098678589
email-Enron,b32_accurate,2,row_schedule,0.00190734863281,10,1.78098678589
email-Enron,b32_accurate,2,partial_zero,0.00572204589844,10,1.78098678589
email-Enron,b32_accurate,2,csr_prefetch,0.226020812988,10,1.78098678589
email-Enron,b32_accurate,2,feature_gather_decode,0.225782394409,10,1.78098678589
email-Enron,b32_accurate,2,fp32_neighbor_reduction,0.19383430481,10,1.78098678589
email-Enron,b32_accurate,2,partial_bf16_conversion,0.0150203704834,10,1.78098678589
email-Enron,b32_accurate,2,tile_load,0.0910758972168,10,1.78098678589
email-Enron,b32_accurate,2,tile_compute,0.15926361084,10,1.78098678589
email-Enron,b32_accurate,2,tile_store,0.00691413879395,10,1.78098678589
email-Enron,b32_accurate,2,output_scatter,0.000953674316406,10,1.78098678589
email-Enron,b32_accurate,2,thread_amx_setup,0.0302791595459,10,1.78098678589
email-Enron,b64_fast,1,output_zero,0,10,1.42383575439
email-Enron,b64_fast,1,row_schedule,0.000953674316406,10,1.42383575439
email-Enron,b64_fast,1,partial_zero,0.00619888305664,10,1.42383575439
email-Enron,b64_fast,1,csr_prefetch,0.169992446899,10,1.42383575439
email-Enron,b64_fast,1,feature_gather_decode,0.180244445801,10,1.42383575439
email-Enron,b64_fast,1,fp32_neighbor_reduction,0.180006027222,10,1.42383575439
email-Enron,b64_fast,1,partial_bf16_conversion,0.00596046447754,10,1.42383575439
email-Enron,b64_fast,1,tile_load,0.0319480895996,10,1.42383575439
email-Enron,b64_fast,1,tile_compute,0.0481605529785,10,1.42383575439
email-Enron,b64_fast,1,tile_store,0.00500679016113,10,1.42383575439
email-Enron,b64_fast,1,output_scatter,0.00786781311035,10,1.42383575439
email-Enron,b64_fast,1,thread_amx_setup,0.028133392334,10,1.42383575439
email-Enron,b64_fast,2,output_zero,0.00119209289551,10,1.55806541443
email-Enron,b64_fast,2,row_schedule,0.00286102294922,10,1.55806541443
email-Enron,b64_fast,2,partial_zero,0.00691413879395,10,1.55806541443
email-Enron,b64_fast,2,csr_prefetch,0.202894210815,10,1.55806541443
email-Enron,b64_fast,2,feature_gather_decode,0.206470489502,10,1.55806541443
email-Enron,b64_fast,2,fp32_neighbor_reduction,0.192165374756,10,1.55806541443
email-Enron,b64_fast,2,partial_bf16_conversion,0.00476837158203,10,1.55806541443
email-Enron,b64_fast,2,tile_load,0.0388622283936,10,1.55806541443
email-Enron,b64_fast,2,tile_compute,0.06103515625,10,1.55806541443
email-Enron,b64_fast,2,tile_store,0.00619888305664,10,1.55806541443
email-Enron,b64_fast,2,output_scatter,0.00286102294922,10,1.55806541443
email-Enron,b64_fast,2,thread_amx_setup,0.0247955322266,10,1.55806541443
email-Enron,b64_accurate,1,output_zero,0,10,1.62816047668
email-Enron,b64_accurate,1,row_schedule,0.00190734863281,10,1.62816047668
email-Enron,b64_accurate,1,partial_zero,0.00476837158203,10,1.62816047668
email-Enron,b64_accurate,1,csr_prefetch,0.195980072021,10,1.62816047668
email-Enron,b64_accurate,1,feature_gather_decode,0.229120254517,10,1.62816047668
email-Enron,b64_accurate,1,fp32_neighbor_reduction,0.184535980225,10,1.62816047668
email-Enron,b64_accurate,1,partial_bf16_conversion,0.0109672546387,10,1.62816047668
email-Enron,b64_accurate,1,tile_load,0.0646114349365,10,1.62816047668
email-Enron,b64_accurate,1,tile_compute,0.08225440979,10,1.62816047668
email-Enron,b64_accurate,1,tile_store,0.00786781311035,10,1.62816047668
email-Enron,b64_accurate,1,output_scatter,0.00667572021484,10,1.62816047668
email-Enron,b64_accurate,1,thread_amx_setup,0.0190734863281,10,1.62816047668
email-Enron,b64_accurate,2,output_zero,0,10,1.54209136963
email-Enron,b64_accurate,2,row_schedule,0.00190734863281,10,1.54209136963
email-Enron,b64_accurate,2,partial_zero,0.014066696167,10,1.54209136963
email-Enron,b64_accurate,2,csr_prefetch,0.170469284058,10,1.54209136963
email-Enron,b64_accurate,2,feature_gather_decode,0.212430953979,10,1.54209136963
email-Enron,b64_accurate,2,fp32_neighbor_reduction,0.174760818481,10,1.54209136963
email-Enron,b64_accurate,2,partial_bf16_conversion,0.00882148742676,10,1.54209136963
email-Enron,b64_accurate,2,tile_load,0.0402927398682,10,1.54209136963
email-Enron,b64_accurate,2,tile_compute,0.0927448272705,10,1.54209136963
email-Enron,b64_accurate,2,tile_store,0.00405311584473,10,1.54209136963
email-Enron,b64_accurate,2,output_scatter,0.00190734863281,10,1.54209136963
email-Enron,b64_accurate,2,thread_amx_setup,0.0247955322266,10,1.54209136963
email-Enron,bfull_fast,1,output_zero,0,10,1.37090682983
email-Enron,bfull_fast,1,row_schedule,0.00381469726562,10,1.37090682983
email-Enron,bfull_fast,1,partial_zero,0.00286102294922,10,1.37090682983
email-Enron,bfull_fast,1,csr_prefetch,0.180721282959,10,1.37090682983
email-Enron,bfull_fast,1,feature_gather_decode,0.19645690918,10,1.37090682983
email-Enron,bfull_fast,1,fp32_neighbor_reduction,0.178098678589,10,1.37090682983
email-Enron,bfull_fast,1,partial_bf16_conversion,0.00500679016113,10,1.37090682983
email-Enron,bfull_fast,1,tile_load,0.0128746032715,10,1.37090682983
email-Enron,bfull_fast,1,tile_compute,0.0252723693848,10,1.37090682983
email-Enron,bfull_fast,1,tile_store,0.00429153442383,10,1.37090682983
email-Enron,bfull_fast,1,output_scatter,0.00762939453125,10,1.37090682983
email-Enron,bfull_fast,1,thread_amx_setup,0.0252723693848,10,1.37090682983
email-Enron,bfull_fast,2,output_zero,0,10,1.42288208008
email-Enron,bfull_fast,2,row_schedule,0.00214576721191,10,1.42288208008
email-Enron,bfull_fast,2,partial_zero,0.00619888305664,10,1.42288208008
email-Enron,bfull_fast,2,csr_prefetch,0.186920166016,10,1.42288208008
email-Enron,bfull_fast,2,feature_gather_decode,0.231742858887,10,1.42288208008
email-Enron,bfull_fast,2,fp32_neighbor_reduction,0.18572807312,10,1.42288208008
email-Enron,bfull_fast,2,partial_bf16_conversion,0.00286102294922,10,1.42288208008
email-Enron,bfull_fast,2,tile_load,0.0126361846924,10,1.42288208008
email-Enron,bfull_fast,2,tile_compute,0.0231266021729,10,1.42288208008
email-Enron,bfull_fast,2,tile_store,0.00190734863281,10,1.42288208008
email-Enron,bfull_fast,2,output_scatter,0.00309944152832,10,1.42288208008
email-Enron,bfull_fast,2,thread_amx_setup,0.0355243682861,10,1.42288208008
email-Enron,bfull_accurate,1,output_zero,0,10,1.45101547241
email-Enron,bfull_accurate,1,row_schedule,0.00309944152832,10,1.45101547241
email-Enron,bfull_accurate,1,partial_zero,0.00214576721191,10,1.45101547241
email-Enron,bfull_accurate,1,csr_prefetch,0.188589096069,10,1.45101547241
email-Enron,bfull_accurate,1,feature_gather_decode,0.235557556152,10,1.45101547241
email-Enron,bfull_accurate,1,fp32_neighbor_reduction,0.188589096069,10,1.45101547241
email-Enron,bfull_accurate,1,partial_bf16_conversion,0.00381469726562,10,1.45101547241
email-Enron,bfull_accurate,1,tile_load,0.0228881835938,10,1.45101547241
email-Enron,bfull_accurate,1,tile_compute,0.0259876251221,10,1.45101547241
email-Enron,bfull_accurate,1,tile_store,0.00309944152832,10,1.45101547241
email-Enron,bfull_accurate,1,output_scatter,0.00905990600586,10,1.45101547241
email-Enron,bfull_accurate,1,thread_amx_setup,0.0219345092773,10,1.45101547241
email-Enron,bfull_accurate,2,output_zero,0,10,1.35612487793
email-Enron,bfull_accurate,2,row_schedule,0.00286102294922,10,1.35612487793
email-Enron,bfull_accurate,2,partial_zero,0.00309944152832,10,1.35612487793
email-Enron,bfull_accurate,2,csr_prefetch,0.174045562744,10,1.35612487793
email-Enron,bfull_accurate,2,feature_gather_decode,0.208854675293,10,1.35612487793
email-Enron,bfull_accurate,2,fp32_neighbor_reduction,0.169038772583,10,1.35612487793
email-Enron,bfull_accurate,2,partial_bf16_conversion,0.00190734863281,10,1.35612487793
email-Enron,bfull_accurate,2,tile_load,0.0231266021729,10,1.35612487793
email-Enron,bfull_accurate,2,tile_compute,0.0300407409668,10,1.35612487793
email-Enron,bfull_accurate,2,tile_store,0.000953674316406,10,1.35612487793
email-Enron,bfull_accurate,2,output_scatter,0,10,1.35612487793
email-Enron,bfull_accurate,2,thread_amx_setup,0.0269412994385,10,1.35612487793
amazon0601,b2_fast,1,output_zero,0.0250339508057,100,7.9231262207
amazon0601,b2_fast,1,row_schedule,0.0300407409668,100,7.9231262207
amazon0601,b2_fast,1,partial_zero,0.098705291748,100,7.9231262207
amazon0601,b2_fast,1,csr_prefetch,0.459909439087,100,7.9231262207
amazon0601,b2_fast,1,feature_gather_decode,0.916719436646,100,7.9231262207
amazon0601,b2_fast,1,fp32_neighbor_reduction,0.632047653198,100,7.9231262207
amazon0601,b2_fast,1,partial_bf16_conversion,0.0684261322021,100,7.9231262207
amazon0601,b2_fast,1,tile_load,0.418901443481,100,7.9231262207
amazon0601,b2_fast,1,tile_compute,0.895500183105,100,7.9231262207
amazon0601,b2_fast,1,tile_store,0.0543594360352,100,7.9231262207
amazon0601,b2_fast,1,output_scatter,0.108480453491,100,7.9231262207
amazon0601,b2_fast,1,thread_amx_setup,0.0362396240234,100,7.9231262207
amazon0601,b2_fast,2,output_zero,0,100,7.19094276428
amazon0601,b2_fast,2,row_schedule,0.023365020752,100,7.19094276428
amazon0601,b2_fast,2,partial_zero,0.112533569336,100,7.19094276428
amazon0601,b2_fast,2,csr_prefetch,0.487089157104,100,7.19094276428
amazon0601,b2_fast,2,feature_gather_decode,0.867128372192,100,7.19094276428
amazon0601,b2_fast,2,fp32_neighbor_reduction,0.669002532959,100,7.19094276428
amazon0601,b2_fast,2,partial_bf16_conversion,0.0865459442139,100,7.19094276428
amazon0601,b2_fast,2,tile_load,0.404834747314,100,7.19094276428
amazon0601,b2_fast,2,tile_compute,0.933647155762,100,7.19094276428
amazon0601,b2_fast,2,tile_store,0.0526905059814,100,7.19094276428
amazon0601,b2_fast,2,output_scatter,0.0190734863281,100,7.19094276428
amazon0601,b2_fast,2,thread_amx_setup,0.0429153442383,100,7.19094276428
amazon0601,b2_accurate,1,output_zero,0,100,8.71086120605
amazon0601,b2_accurate,1,row_schedule,0.0145435333252,100,8.71086120605
amazon0601,b2_accurate,1,partial_zero,0.108003616333,100,8.71086120605
amazon0601,b2_accurate,1,csr_prefetch,0.461578369141,100,8.71086120605
amazon0601,b2_accurate,1,feature_gather_decode,0.816583633423,100,8.71086120605
amazon0601,b2_accurate,1,fp32_neighbor_reduction,0.62894821167,100,8.71086120605
amazon0601,b2_accurate,1,partial_bf16_conversion,0.104904174805,100,8.71086120605
amazon0601,b2_accurate,1,tile_load,0.676155090332,100,8.71086120605
amazon0601,b2_accurate,1,tile_compute,1.07669830322,100,8.71086120605
amazon0601,b2_accurate,1,tile_store,0.0519752502441,100,8.71086120605
amazon0601,b2_accurate,1,output_scatter,0.0908374786377,100,8.71086120605
amazon0601,b2_accurate,1,thread_amx_setup,0.0267028808594,100,8.71086120605
amazon0601,b2_accurate,2,output_zero,0,100,7.92098045349
amazon0601,b2_accurate,2,row_schedule,0.0262260437012,100,7.92098045349
amazon0601,b2_accurate,2,partial_zero,0.0786781311035,100,7.92098045349
amazon0601,b2_accurate,2,csr_prefetch,0.491380691528,100,7.92098045349
amazon0601,b2_accurate,2,feature_gather_decode,0.804662704468,100,7.92098045349
amazon0601,b2_accurate,2,fp32_neighbor_reduction,0.621318817139,100,7.92098045349
amazon0601,b2_accurate,2,partial_bf16_conversion,0.120878219604,100,7.92098045349
amazon0601,b2_accurate,2,tile_load,0.656366348267,100,7.92098045349
amazon0601,b2_accurate,2,tile_compute,1.19566917419,100,7.92098045349
amazon0601,b2_accurate,2,tile_store,0.0472068786621,100,7.92098045349
amazon0601,b2_accurate,2,output_scatter,0.0145435333252,100,7.92098045349
amazon0601,b2_accurate,2,thread_amx_setup,0.0364780426025,100,7.92098045349
amazon0601,b4_fast,1,output_zero,0,100,6.12497329712
amazon0601,b4_fast,1,row_schedule,0.0367164611816,100,6.12497329712
amazon0601,b4_fast,1,partial_zero,0.0662803649902,100,6.12497329712
amazon0601,b4_fast,1,csr_prefetch,0.509023666382,100,6.12497329712
amazon0601,b4_fast,1,feature_gather_decode,0.645875930786,100,6.12497329712
amazon0601,b4_fast,1,fp32_neighbor_reduction,0.519514083862,100,6.12497329712
amazon0601,b4_fast,1,partial_bf16_conversion,0.0457763671875,100,6.12497329712
amazon0601,b4_fast,1,tile_load,0.283002853394,100,6.12497329712
amazon0601,b4_fast,1,tile_compute,0.482082366943,100,6.12497329712
amazon0601,b4_fast,1,tile_store,0.0288486480713,100,6.12497329712
amazon0601,b4_fast,1,output_scatter,0.0922679901123,100,6.12497329712
amazon0601,b4_fast,1,thread_amx_setup,0.0407695770264,100,6.12497329712
amazon0601,b4_fast,2,output_zero,0,100,5.40399551392
amazon0601,b4_fast,2,row_schedule,0.0255107879639,100,5.40399551392
amazon0601,b4_fast,2,partial_zero,0.0755786895752,100,5.40399551392
amazon0601,b4_fast,2,csr_prefetch,0.495433807373,100,5.40399551392
amazon0601,b4_fast,2,feature_gather_decode,0.706672668457,100,5.40399551392
amazon0601,b4_fast,2,fp32_neighbor_reduction,0.521898269653,100,5.40399551392
amazon0601,b4_fast,2,partial_bf16_conversion,0.046968460083,100,5.40399551392
amazon0601,b4_fast,2,tile_load,0.262260437012,100,5.40399551392
amazon0601,b4_fast,2,tile_compute,0.511646270752,100,5.40399551392
amazon0601,b4_fast,2,tile_store,0.0207424163818,100,5.40399551392
amazon0601,b4_fast,2,output_scatter,0.0143051147461,100,5.40399551392
amazon0601,b4_fast,2,thread_amx_setup,0.0424385070801,100,5.40399551392
amazon0601,b4_accurate,1,output_zero,0,100,6.93702697754
amazon0601,b4_accurate,1,row_schedule,0.0152587890625,100,6.93702697754
amazon0601,b4_accurate,1,partial_zero,0.0500679016113,100,6.93702697754
amazon0601,b4_accurate,1,csr_prefetch,0.476837158203,100,6.93702697754
amazon0601,b4_accurate,1,feature_gather_decode,0.683784484863,100,6.93702697754
amazon0601,b4_accurate,1,fp32_neighbor_reduction,0.549077987671,100,6.93702697754
amazon0601,b4_accurate,1,partial_bf16_conversion,0.0810623168945,100,6.93702697754
amazon0601,b4_accurate,1,tile_load,0.482320785522,100,6.93702697754
amazon0601,b4_accurate,1,tile_compute,0.686168670654,100,6.93702697754
amazon0601,b4_accurate,1,tile_store,0.0255107879639,100,6.93702697754
amazon0601,b4_accurate,1,output_scatter,0.0965595245361,100,6.93702697754
amazon0601,b4_accurate,1,thread_amx_setup,0.0400543212891,100,6.93702697754
amazon0601,b4_accurate,2,output_zero,0.00119209289551,100,6.16693496704
amazon0601,b4_accurate,2,row_schedule,0.0321865081787,100,6.16693496704
amazon0601,b4_accurate,2,partial_zero,0.0865459442139,100,6.16693496704
amazon0601,b4_accurate,2,csr_prefetch,0.452995300293,100,6.16693496704
amazon0601,b4_accurate,2,feature_gather_decode,0.669240951538,100,6.16693496704
amazon0601,b4_accurate,2,fp32_neighbor_reduction,0.560522079468,100,6.16693496704
amazon0601,b4_accurate,2,partial_bf16_conversion,0.0984668731689,100,6.16693496704
amazon0601,b4_accurate,2,tile_load,0.423669815063,100,6.16693496704
amazon0601,b4_accurate,2,tile_compute,0.682353973389,100,6.16693496704
amazon0601,b4_accurate,2,tile_store,0.0245571136475,100,6.16693496704
amazon0601,b4_accurate,2,output_scatter,0.0176429748535,100,6.16693496704
amazon0601,b4_accurate,2,thread_amx_setup,0.044584274292,100,6.16693496704
amazon0601,b8_fast,1,output_zero,0,100,5.49793243408
amazon0601,b8_fast,1,row_schedule,0.0243186950684,100,5.49793243408
amazon0601,b8_fast,1,partial_zero,0.0491142272949,100,5.49793243408
amazon0601,b8_fast,1,csr_prefetch,0.491619110107,100,5.49793243408
amazon0601,b8_fast,1,feature_gather_decode,0.646591186523,100,5.49793243408
amazon0601,b8_fast,1,fp32_neighbor_reduction,0.49877166748,100,5.49793243408
amazon0601,b8_fast,1,partial_bf16_conversion,0.0379085540771,100,5.49793243408
amazon0601,b8_fast,1,tile_load,0.202178955078,100,5.49793243408
amazon0601,b8_fast,1,tile_compute,0.394105911255,100,5.49793243408
amazon0601,b8_fast,1,tile_store,0.02121925354,100,5.49793243408
amazon0601,b8_fast,1,output_scatter,0.106573104858,100,5.49793243408
amazon0601,b8_fast,1,thread_amx_setup,0.0331401824951,100,5.49793243408
amazon0601,b8_fast,2,output_zero,0,100,4.80604171753
amazon0601,b8_fast,2,row_schedule,0.018835067749,100,4.80604171753
amazon0601,b8_fast,2,partial_zero,0.0522136688232,100,4.80604171753
amazon0601,b8_fast,2,csr_prefetch,0.509262084961,100,4.80604171753
amazon0601,b8_fast,2,feature_gather_decode,0.623941421509,100,4.80604171753
amazon0601,b8_fast,2,fp32_neighbor_reduction,0.515937805176,100,4.80604171753
amazon0601,b8_fast,2,partial_bf16_conversion,0.0286102294922,100,4.80604171753
amazon0601,b8_fast,2,tile_load,0.225305557251,100,4.80604171753
amazon0601,b8_fast,2,tile_compute,0.362634658813,100,4.80604171753
amazon0601,b8_fast,2,tile_store,0.0276565551758,100,4.80604171753
amazon0601,b8_fast,2,output_scatter,0.0119209289551,100,4.80604171753
amazon0601,b8_fast,2,thread_amx_setup,0.0524520874023,100,4.80604171753
amazon0601,b8_accurate,1,output_zero,0.000953674316406,100,5.96690177917
amazon0601,b8_accurate,1,row_schedule,0.0221729278564,100,5.96690177917
amazon0601,b8_accurate,1,partial_zero,0.0636577606201,100,5.96690177917
amazon0601,b8_accurate,1,csr_prefetch,0.499248504639,100,5.96690177917
amazon0601,b8_accurate,1,feature_gather_decode,0.678539276123,100,5.96690177917
amazon0601,b8_accurate,1,fp32_neighbor_reduction,0.500202178955,100,5.96690177917
amazon0601,b8_accurate,1,partial_bf16_conversion,0.0467300415039,100,5.96690177917
amazon0601,b8_accurate,1,tile_load,0.359296798706,100,5.96690177917
amazon0601,b8_accurate,1,tile_compute,0.527858734131,100,5.96690177917
amazon0601,b8_accurate,1,tile_store,0.0178813934326,100,5.96690177917
amazon0601,b8_accurate,1,output_scatter,0.10871887207,100,5.96690177917
amazon0601,b8_accurate,1,thread_amx_setup,0.0295639038086,100,5.96690177917
amazon0601,b8_accurate,2,output_zero,0,100,5.41496276855
amazon0601,b8_accurate,2,row_schedule,0.0236034393311,100,5.41496276855
amazon0601,b8_accurate,2,partial_zero,0.0605583190918,100,5.41496276855
amazon0601,b8_accurate,2,csr_prefetch,0.486373901367,100,5.41496276855
amazon0601,b8_accurate,2,feature_gather_decode,0.649213790894,100,5.41496276855
amazon0601,b8_accurate,2,fp32_neighbor_reduction,0.503540039062,100,5.41496276855
amazon0601,b8_accurate,2,partial_bf16_conversion,0.0522136688232,100,5.41496276855
amazon0601,b8_accurate,2,tile_load,0.364065170288,100,5.41496276855
amazon0601,b8_accurate,2,tile_compute,0.502109527588,100,5.41496276855
amazon0601,b8_accurate,2,tile_store,0.0159740447998,100,5.41496276855
amazon0601,b8_accurate,2,output_scatter,0.0154972076416,100,5.41496276855
amazon0601,b8_accurate,2,thread_amx_setup,0.0462532043457,100,5.41496276855
amazon0601,b16_fast,1,output_zero,0,100,5.14101982117
amazon0601,b16_fast,1,row_schedule,0.0293254852295,100,5.14101982117
amazon0601,b16_fast,1,partial_zero,0.0190734863281,100,5.14101982117
amazon0601,b16_fast,1,csr_prefetch,0.454664230347,100,5.14101982117
amazon0601,b16_fast,1,feature_gather_decode,0.569820404053,100,5.14101982117
amazon0601,b16_fast,1,fp32_neighbor_reduction,0.473976135254,100,5.14101982117
amazon0601,b16_fast,1,partial_bf16_conversion,0.0236034393311,100,5.14101982117
amazon0601,b16_fast,1,tile_load,0.141620635986,100,5.14101982117
amazon0601,b16_fast,1,tile_compute,0.287294387817,100,5.14101982117
amazon0601,b16_fast,1,tile_store,0.0162124633789,100,5.14101982117
amazon0601,b16_fast,1,output_scatter,0.108957290649,100,5.14101982117
amazon0601,b16_fast,1,thread_amx_setup,0.0379085540771,100,5.14101982117
amazon0601,b16_fast,2,output_zero,0.000953674316406,100,4.43601608276
amazon0601,b16_fast,2,row_schedule,0.0214576721191,100,4.43601608276
amazon0601,b16_fast,2,partial_zero,0.0438690185547,100,4.43601608276
amazon0601,b16_fast,2,csr_prefetch,0.458240509033,100,4.43601608276
amazon0601,b16_fast,2,feature_gather_decode,0.607252120972,100,4.43601608276
amazon0601,b16_fast,2,fp32_neighbor_reduction,0.422477722168,100,4.43601608276
amazon0601,b16_fast,2,partial_bf16_conversion,0.0221729278564,100,4.43601608276
amazon0601,b16_fast,2,tile_load,0.132322311401,100,4.43601608276
amazon0601,b16_fast,2,tile_compute,0.256061553955,100,4.43601608276
amazon0601,b16_fast,2,tile_store,0.0131130218506,100,4.43601608276
amazon0601,b16_fast,2,output_scatter,0.0150203704834,100,4.43601608276
amazon0601,b16_fast,2,thread_amx_setup,0.0491142272949,100,4.43601608276
amazon0601,b16_accurate,1,output_zero,0.000953674316406,100,5.34701347351
amazon0601,b16_accurate,1,row_schedule,0.0162124633789,100,5.34701347351
amazon0601,b16_accurate,1,partial_zero,0.0340938568115,100,5.34701347351
amazon0601,b16_accurate,1,csr_prefetch,0.482082366943,100,5.34701347351
amazon0601,b16_accurate,1,feature_gather_decode,0.613451004028,100,5.34701347351
amazon0601,b16_accurate,1,fp32_neighbor_reduction,0.466346740723,100,5.34701347351
amazon0601,b16_accurate,1,partial_bf16_conversion,0.0293254852295,100,5.34701347351
amazon0601,b16_accurate,1,tile_load,0.241994857788,100,5.34701347351
amazon0601,b16_accurate,1,tile_compute,0.411033630371,100,5.34701347351
amazon0601,b16_accurate,1,tile_store,0.00786781311035,100,5.34701347351
amazon0601,b16_accurate,1,output_scatter,0.107288360596,100,5.34701347351
amazon0601,b16_accurate,1,thread_amx_setup,0.03981590271,100,5.34701347351
amazon0601,b16_accurate,2,output_zero,0,100,4.6079158783
amazon0601,b16_accurate,2,row_schedule,0.0200271606445,100,4.6079158783
amazon0601,b16_accurate,2,partial_zero,0.0360012054443,100,4.6079158783
amazon0601,b16_accurate,2,csr_prefetch,0.476121902466,100,4.6079158783
amazon0601,b16_accurate,2,feature_gather_decode,0.609636306763,100,4.6079158783
amazon0601,b16_accurate,2,fp32_neighbor_reduction,0.446081161499,100,4.6079158783
amazon0601,b16_accurate,2,partial_bf16_conversion,0.0364780426025,100,4.6079158783
amazon0601,b16_accurate,2,tile_load,0.223398208618,100,4.6079158783
amazon0601,b16_accurate,2,tile_compute,0.375032424927,100,4.6079158783
amazon0601,b16_accurate,2,tile_store,0.0152587890625,100,4.6079158783
amazon0601,b16_accurate,2,output_scatter,0.0197887420654,100,4.6079158783
amazon0601,b16_accurate,2,thread_amx_setup,0.0355243682861,100,4.6079158783
amazon0601,b32_fast,1,output_zero,0,100,5.17201423645
amazon0601,b32_fast,1,row_schedule,0.0231266021729,100,5.17201423645
amazon0601,b32_fast,1,partial_zero,0.035285949707,100,5.17201423645
amazon0601,b32_fast,1,csr_prefetch,0.424385070801,100,5.17201423645
amazon0601,b32_fast,1,feature_gather_decode,0.612735748291,100,5.17201423645
amazon0601,b32_fast,1,fp32_neighbor_reduction,0.42200088501,100,5.17201423645
amazon0601,b32_fast,1,partial_bf16_conversion,0.0228881835938,100,5.17201423645
amazon0601,b32_fast,1,tile_load,0.134229660034,100,5.17201423645
amazon0601,b32_fast,1,tile_compute,0.274896621704,100,5.17201423645
amazon0601,b32_fast,1,tile_store,0.00977516174316,100,5.17201423645
amazon0601,b32_fast,1,output_scatter,0.119686126709,100,5.17201423645
amazon0601,b32_fast,1,thread_amx_setup,0.0488758087158,100,5.17201423645
amazon0601,b32_fast,2,output_zero,0,100,4.41312789917
amazon0601,b32_fast,2,row_schedule,0.016450881958,100,4.41312789917
amazon0601,b32_fast,2,partial_zero,0.035285949707,100,4.41312789917
amazon0601,b32_fast,2,csr_prefetch,0.430107116699,100,4.41312789917
amazon0601,b32_fast,2,feature_gather_decode,0.600337982178,100,4.41312789917
amazon0601,b32_fast,2,fp32_neighbor_reduction,0.431299209595,100,4.41312789917
amazon0601,b32_fast,2,partial_bf16_conversion,0.0243186950684,100,4.41312789917
amazon0601,b32_fast,2,tile_load,0.141143798828,100,4.41312789917
amazon0601,b32_fast,2,tile_compute,0.261783599854,100,4.41312789917
amazon0601,b32_fast,2,tile_store,0.0171661376953,100,4.41312789917
amazon0601,b32_fast,2,output_scatter,0.0231266021729,100,4.41312789917
amazon0601,b32_fast,2,thread_amx_setup,0.0450611114502,100,4.41312789917
amazon0601,b32_accurate,1,output_zero,0,100,5.29384613037
amazon0601,b32_accurate,1,row_schedule,0.0190734863281,100,5.29384613037
amazon0601,b32_accurate,1,partial_zero,0.0245571136475,100,5.29384613037
amazon0601,b32_accurate,1,csr_prefetch,0.47755241394,100,5.29384613037
amazon0601,b32_accurate,1,feature_gather_decode,0.604152679443,100,5.29384613037
amazon0601,b32_accurate,1,fp32_neighbor_reduction,0.483512878418,100,5.29384613037
amazon0601,b32_accurate,1,partial_bf16_conversion,0.030517578125,100,5.29384613037
amazon0601,b32_accurate,1,tile_load,0.257015228271,100,5.29384613037
amazon0601,b32_accurate,1,tile_compute,0.409603118896,100,5.29384613037
amazon0601,b32_accurate,1,tile_store,0.018835067749,100,5.29384613037
amazon0601,b32_accurate,1,output_scatter,0.101804733276,100,5.29384613037
amazon0601,b32_accurate,1,thread_amx_setup,0.0486373901367,100,5.29384613037
amazon0601,b32_accurate,2,output_zero,0,100,4.61411476135
amazon0601,b32_accurate,2,row_schedule,0.0274181365967,100,4.61411476135
amazon0601,b32_accurate,2,partial_zero,0.0357627868652,100,4.61411476135
amazon0601,b32_accurate,2,csr_prefetch,0.543355941772,100,4.61411476135
amazon0601,b32_accurate,2,feature_gather_decode,0.586271286011,100,4.61411476135
amazon0601,b32_accurate,2,fp32_neighbor_reduction,0.460624694824,100,4.61411476135
amazon0601,b32_accurate,2,partial_bf16_conversion,0.0259876251221,100,4.61411476135
amazon0601,b32_accurate,2,tile_load,0.23889541626,100,4.61411476135
amazon0601,b32_accurate,2,tile_compute,0.358104705811,100,4.61411476135
amazon0601,b32_accurate,2,tile_store,0.00905990600586,100,4.61411476135
amazon0601,b32_accurate,2,output_scatter,0.0231266021729,100,4.61411476135
amazon0601,b32_accurate,2,thread_amx_setup,0.0364780426025,100,4.61411476135
amazon0601,b64_fast,1,output_zero,0.000953674316406,100,5.22184371948
amazon0601,b64_fast,1,row_schedule,0.0259876251221,100,5.22184371948
amazon0601,b64_fast,1,partial_zero,0.0262260437012,100,5.22184371948
amazon0601,b64_fast,1,csr_prefetch,0.440120697021,100,5.22184371948
amazon0601,b64_fast,1,feature_gather_decode,0.61821937561,100,5.22184371948
amazon0601,b64_fast,1,fp32_neighbor_reduction,0.446081161499,100,5.22184371948
amazon0601,b64_fast,1,partial_bf16_conversion,0.0128746032715,100,5.22184371948
amazon0601,b64_fast,1,tile_load,0.146865844727,100,5.22184371948
amazon0601,b64_fast,1,tile_compute,0.317811965942,100,5.22184371948
amazon0601,b64_fast,1,tile_store,0.0126361846924,100,5.22184371948
amazon0601,b64_fast,1,output_scatter,0.11157989502,100,5.22184371948
amazon0601,b64_fast,1,thread_amx_setup,0.025749206543,100,5.22184371948
amazon0601,b64_fast,2,output_zero,0,100,4.41002845764
amazon0601,b64_fast,2,row_schedule,0.0159740447998,100,4.41002845764
amazon0601,b64_fast,2,partial_zero,0.0348091125488,100,4.41002845764
amazon0601,b64_fast,2,csr_prefetch,0.4723072052,100,4.41002845764
amazon0601,b64_fast,2,feature_gather_decode,0.54407119751,100,4.41002845764
amazon0601,b64_fast,2,fp32_neighbor_reduction,0.471353530884,100,4.41002845764
amazon0601,b64_fast,2,partial_bf16_conversion,0.0193119049072,100,4.41002845764
amazon0601,b64_fast,2,tile_load,0.136613845825,100,4.41002845764
amazon0601,b64_fast,2,tile_compute,0.268220901489,100,4.41002845764
amazon0601,b64_fast,2,tile_store,0.0247955322266,100,4.41002845764
amazon0601,b64_fast,2,output_scatter,0.0154972076416,100,4.41002845764
amazon0601,b64_fast,2,thread_amx_setup,0.0557899475098,100,4.41002845764
amazon0601,b64_accurate,1,output_zero,0,100,5.35106658936
amazon0601,b64_accurate,1,row_schedule,0.0157356262207,100,5.35106658936
amazon0601,b64_accurate,1,partial_zero,0.0400543212891,100,5.35106658936
amazon0601,b64_accurate,1,csr_prefetch,0.507354736328,100,5.35106658936
amazon0601,b64_accurate,1,feature_gather_decode,0.590801239014,100,5.35106658936
amazon0601,b64_accurate,1,fp32_neighbor_reduction,0.481367111206,100,5.35106658936
amazon0601,b64_accurate,1,partial_bf16_conversion,0.0236034393311,100,5.35106658936
amazon0601,b64_accurate,1,tile_load,0.220060348511,100,5.35106658936
amazon0601,b64_accurate,1,tile_compute,0.441074371338,100,5.35106658936
amazon0601,b64_accurate,1,tile_store,0.0171661376953,100,5.35106658936
amazon0601,b64_accurate,1,output_scatter,0.114917755127,100,5.35106658936
amazon0601,b64_accurate,1,thread_amx_setup,0.0383853912354,100,5.35106658936
amazon0601,b64_accurate,2,output_zero,0,100,4.64415550232
amazon0601,b64_accurate,2,row_schedule,0.0276565551758,100,4.64415550232
amazon0601,b64_accurate,2,partial_zero,0.0298023223877,100,4.64415550232
amazon0601,b64_accurate,2,csr_prefetch,0.51212310791,100,4.64415550232
amazon0601,b64_accurate,2,feature_gather_decode,0.619173049927,100,4.64415550232
amazon0601,b64_accurate,2,fp32_neighbor_reduction,0.445604324341,100,4.64415550232
amazon0601,b64_accurate,2,partial_bf16_conversion,0.0255107879639,100,4.64415550232
amazon0601,b64_accurate,2,tile_load,0.285387039185,100,4.64415550232
amazon0601,b64_accurate,2,tile_compute,0.362157821655,100,4.64415550232
amazon0601,b64_accurate,2,tile_store,0.0183582305908,100,4.64415550232
amazon0601,b64_accurate,2,output_scatter,0.0128746032715,100,4.64415550232
amazon0601,b64_accurate,2,thread_amx_setup,0.0491142272949,100,4.64415550232
amazon0601,bfull_fast,1,output_zero,0,100,5.22780418396
amazon0601,bfull_fast,1,row_schedule,0.0302791595459,100,5.22780418396
amazon0601,bfull_fast,1,partial_zero,0.0269412994385,100,5.22780418396
amazon0601,bfull_fast,1,csr_prefetch,0.49090385437,100,5.22780418396
amazon0601,bfull_fast,1,feature_gather_decode,0.595331192017,100,5.22780418396
amazon0601,bfull_fast,1,fp32_neighbor_reduction,0.416278839111,100,5.22780418396
amazon0601,bfull_fast,1,partial_bf16_conversion,0.0205039978027,100,5.22780418396
amazon0601,bfull_fast,1,tile_load,0.138282775879,100,5.22780418396
amazon0601,bfull_fast,1,tile_compute,0.26798248291,100,5.22780418396
amazon0601,bfull_fast,1,tile_store,0.016450881958,100,5.22780418396
amazon0601,bfull_fast,1,output_scatter,0.117778778076,100,5.22780418396
amazon0601,bfull_fast,1,thread_amx_setup,0.0333786010742,100,5.22780418396
amazon0601,bfull_fast,2,output_zero,0,100,4.43696975708
amazon0601,bfull_fast,2,row_schedule,0.0238418579102,100,4.43696975708
amazon0601,bfull_fast,2,partial_zero,0.0412464141846,100,4.43696975708
amazon0601,bfull_fast,2,csr_prefetch,0.491142272949,100,4.43696975708
amazon0601,bfull_fast,2,feature_gather_decode,0.607013702393,100,4.43696975708
amazon0601,bfull_fast,2,fp32_neighbor_reduction,0.386476516724,100,4.43696975708
amazon0601,bfull_fast,2,partial_bf16_conversion,0.0286102294922,100,4.43696975708
amazon0601,bfull_fast,2,tile_load,0.12731552124,100,4.43696975708
amazon0601,bfull_fast,2,tile_compute,0.285625457764,100,4.43696975708
amazon0601,bfull_fast,2,tile_store,0.016450881958,100,4.43696975708
amazon0601,bfull_fast,2,output_scatter,0.0226497650146,100,4.43696975708
amazon0601,bfull_fast,2,thread_amx_setup,0.0596046447754,100,4.43696975708
amazon0601,bfull_accurate,1,output_zero,0,100,5.31983375549
amazon0601,bfull_accurate,1,row_schedule,0.014066696167,100,5.31983375549
amazon0601,bfull_accurate,1,partial_zero,0.0553131103516,100,5.31983375549
amazon0601,bfull_accurate,1,csr_prefetch,0.488042831421,100,5.31983375549
amazon0601,bfull_accurate,1,feature_gather_decode,0.588417053223,100,5.31983375549
amazon0601,bfull_accurate,1,fp32_neighbor_reduction,0.49352645874,100,5.31983375549
amazon0601,bfull_accurate,1,partial_bf16_conversion,0.0267028808594,100,5.31983375549
amazon0601,bfull_accurate,1,tile_load,0.252485275269,100,5.31983375549
amazon0601,bfull_accurate,1,tile_compute,0.393390655518,100,5.31983375549
amazon0601,bfull_accurate,1,tile_store,0.0162124633789,100,5.31983375549
amazon0601,bfull_accurate,1,output_scatter,0.10085105896,100,5.31983375549
amazon0601,bfull_accurate,1,thread_amx_setup,0.0205039978027,100,5.31983375549
amazon0601,bfull_accurate,2,output_zero,0,100,4.64606285095
amazon0601,bfull_accurate,2,row_schedule,0.0131130218506,100,4.64606285095
amazon0601,bfull_accurate,2,partial_zero,0.0443458557129,100,4.64606285095
amazon0601,bfull_accurate,2,csr_prefetch,0.460386276245,100,4.64606285095
amazon0601,bfull_accurate,2,feature_gather_decode,0.628709793091,100,4.64606285095
amazon0601,bfull_accurate,2,fp32_neighbor_reduction,0.456094741821,100,4.64606285095
amazon0601,bfull_accurate,2,partial_bf16_conversion,0.023365020752,100,4.64606285095
amazon0601,bfull_accurate,2,tile_load,0.266790390015,100,4.64606285095
amazon0601,bfull_accurate,2,tile_compute,0.370025634766,100,4.64606285095
amazon0601,bfull_accurate,2,tile_store,0.0112056732178,100,4.64606285095
amazon0601,bfull_accurate,2,output_scatter,0.0171661376953,100,4.64606285095
amazon0601,bfull_accurate,2,thread_amx_setup,0.0340938568115,100,4.64606285095
com-Youtube,b2_fast,1,output_zero,0.0219345092773,279,90.9018516541
com-Youtube,b2_fast,1,row_schedule,0.0700950622559,279,90.9018516541
com-Youtube,b2_fast,1,partial_zero,2.35462188721,279,90.9018516541
com-Youtube,b2_fast,1,csr_prefetch,4.68277931213,279,90.9018516541
com-Youtube,b2_fast,1,feature_gather_decode,8.67819786072,279,90.9018516541
com-Youtube,b2_fast,1,fp32_neighbor_reduction,9.02366638184,279,90.9018516541
com-Youtube,b2_fast,1,partial_bf16_conversion,2.20012664795,279,90.9018516541
com-Youtube,b2_fast,1,tile_load,9.78565216064,279,90.9018516541
com-Youtube,b2_fast,1,tile_compute,13.3593082428,279,90.9018516541
com-Youtube,b2_fast,1,tile_store,1.6565322876,279,90.9018516541
com-Youtube,b2_fast,1,output_scatter,0.298500061035,279,90.9018516541
com-Youtube,b2_fast,1,thread_amx_setup,0.0364780426025,279,90.9018516541
com-Youtube,b2_fast,2,output_zero,0.000953674316406,279,90.7800197601
com-Youtube,b2_fast,2,row_schedule,0.0598430633545,279,90.7800197601
com-Youtube,b2_fast,2,partial_zero,2.35915184021,279,90.7800197601
com-Youtube,b2_fast,2,csr_prefetch,4.76551055908,279,90.7800197601
com-Youtube,b2_fast,2,feature_gather_decode,8.52823257446,279,90.7800197601
com-Youtube,b2_fast,2,fp32_neighbor_reduction,8.9955329895,279,90.7800197601
com-Youtube,b2_fast,2,partial_bf16_conversion,2.21014022827,279,90.7800197601
com-Youtube,b2_fast,2,tile_load,9.78398323059,279,90.7800197601
com-Youtube,b2_fast,2,tile_compute,12.9981040955,279,90.7800197601
com-Youtube,b2_fast,2,tile_store,1.5697479248,279,90.7800197601
com-Youtube,b2_fast,2,output_scatter,0.0500679016113,279,90.7800197601
com-Youtube,b2_fast,2,thread_amx_setup,0.0343322753906,279,90.7800197601
com-Youtube,b2_accurate,1,output_zero,0,279,123.17109108
com-Youtube,b2_accurate,1,row_schedule,0.0510215759277,279,123.17109108
com-Youtube,b2_accurate,1,partial_zero,2.53415107727,279,123.17109108
com-Youtube,b2_accurate,1,csr_prefetch,4.72521781921,279,123.17109108
com-Youtube,b2_accurate,1,feature_gather_decode,8.75520706177,279,123.17109108
com-Youtube,b2_accurate,1,fp32_neighbor_reduction,8.96430015564,279,123.17109108
com-Youtube,b2_accurate,1,partial_bf16_conversion,3.9381980896,279,123.17109108
com-Youtube,b2_accurate,1,tile_load,18.337726593,279,123.17109108
com-Youtube,b2_accurate,1,tile_compute,20.2958583832,279,123.17109108
com-Youtube,b2_accurate,1,tile_store,1.31440162659,279,123.17109108
com-Youtube,b2_accurate,1,output_scatter,0.287055969238,279,123.17109108
com-Youtube,b2_accurate,1,thread_amx_setup,0.0274181365967,279,123.17109108
com-Youtube,b2_accurate,2,output_zero,0,279,122.816085815
com-Youtube,b2_accurate,2,row_schedule,0.0605583190918,279,122.816085815
com-Youtube,b2_accurate,2,partial_zero,2.56395339966,279,122.816085815
com-Youtube,b2_accurate,2,csr_prefetch,4.65607643127,279,122.816085815
com-Youtube,b2_accurate,2,feature_gather_decode,8.70895385742,279,122.816085815
com-Youtube,b2_accurate,2,fp32_neighbor_reduction,8.82363319397,279,122.816085815
com-Youtube,b2_accurate,2,partial_bf16_conversion,3.90100479126,279,122.816085815
com-Youtube,b2_accurate,2,tile_load,18.1987285614,279,122.816085815
com-Youtube,b2_accurate,2,tile_compute,19.6313858032,279,122.816085815
com-Youtube,b2_accurate,2,tile_store,1.24549865723,279,122.816085815
com-Youtube,b2_accurate,2,output_scatter,0.0579357147217,279,122.816085815
com-Youtube,b2_accurate,2,thread_amx_setup,0.0405311584473,279,122.816085815
com-Youtube,b4_fast,1,output_zero,0,279,62.6921653748
com-Youtube,b4_fast,1,row_schedule,0.075101852417,279,62.6921653748
com-Youtube,b4_fast,1,partial_zero,1.27720832825,279,62.6921653748
com-Youtube,b4_fast,1,csr_prefetch,4.35495376587,279,62.6921653748
com-Youtube,b4_fast,1,feature_gather_decode,6.66689872742,279,62.6921653748
com-Youtube,b4_fast,1,fp32_neighbor_reduction,6.59608840942,279,62.6921653748
com-Youtube,b4_fast,1,partial_bf16_conversion,1.14130973816,279,62.6921653748
com-Youtube,b4_fast,1,tile_load,5.08546829224,279,62.6921653748
com-Youtube,b4_fast,1,tile_compute,7.159948349,279,62.6921653748
com-Youtube,b4_fast,1,tile_store,0.80680847168,279,62.6921653748
com-Youtube,b4_fast,1,output_scatter,0.284910202026,279,62.6921653748
com-Youtube,b4_fast,1,thread_amx_setup,0.0338554382324,279,62.6921653748
com-Youtube,b4_fast,2,output_zero,0,279,60.9049797058
com-Youtube,b4_fast,2,row_schedule,0.0782012939453,279,60.9049797058
com-Youtube,b4_fast,2,partial_zero,1.26051902771,279,60.9049797058
com-Youtube,b4_fast,2,csr_prefetch,4.31227684021,279,60.9049797058
com-Youtube,b4_fast,2,feature_gather_decode,6.5004825592,279,60.9049797058
com-Youtube,b4_fast,2,fp32_neighbor_reduction,6.50501251221,279,60.9049797058
com-Youtube,b4_fast,2,partial_bf16_conversion,1.13701820374,279,60.9049797058
com-Youtube,b4_fast,2,tile_load,5.19847869873,279,60.9049797058
com-Youtube,b4_fast,2,tile_compute,7.07912445068,279,60.9049797058
com-Youtube,b4_fast,2,tile_store,0.792980194092,279,60.9049797058
com-Youtube,b4_fast,2,output_scatter,0.0557899475098,279,60.9049797058
com-Youtube,b4_fast,2,thread_amx_setup,0.0309944152832,279,60.9049797058
com-Youtube,b4_accurate,1,output_zero,0,279,78.1590938568
com-Youtube,b4_accurate,1,row_schedule,0.0479221343994,279,78.1590938568
com-Youtube,b4_accurate,1,partial_zero,1.30128860474,279,78.1590938568
com-Youtube,b4_accurate,1,csr_prefetch,4.2097568512,279,78.1590938568
com-Youtube,b4_accurate,1,feature_gather_decode,6.4594745636,279,78.1590938568
com-Youtube,b4_accurate,1,fp32_neighbor_reduction,6.66737556458,279,78.1590938568
com-Youtube,b4_accurate,1,partial_bf16_conversion,2.03561782837,279,78.1590938568
com-Youtube,b4_accurate,1,tile_load,9.5546245575,279,78.1590938568
com-Youtube,b4_accurate,1,tile_compute,10.4990005493,279,78.1590938568
com-Youtube,b4_accurate,1,tile_store,0.71382522583,279,78.1590938568
com-Youtube,b4_accurate,1,output_scatter,0.296831130981,279,78.1590938568
com-Youtube,b4_accurate,1,thread_amx_setup,0.0286102294922,279,78.1590938568
com-Youtube,b4_accurate,2,output_zero,0,279,75.425863266
com-Youtube,b4_accurate,2,row_schedule,0.0548362731934,279,75.425863266
com-Youtube,b4_accurate,2,partial_zero,1.24430656433,279,75.425863266
com-Youtube,b4_accurate,2,csr_prefetch,4.33731079102,279,75.425863266
com-Youtube,b4_accurate,2,feature_gather_decode,6.56867027283,279,75.425863266
com-Youtube,b4_accurate,2,fp32_neighbor_reduction,6.48999214172,279,75.425863266
com-Youtube,b4_accurate,2,partial_bf16_conversion,1.948595047,279,75.425863266
com-Youtube,b4_accurate,2,tile_load,9.6480846405,279,75.425863266
com-Youtube,b4_accurate,2,tile_compute,10.374546051,279,75.425863266
com-Youtube,b4_accurate,2,tile_store,0.650405883789,279,75.425863266
com-Youtube,b4_accurate,2,output_scatter,0.0550746917725,279,75.425863266
com-Youtube,b4_accurate,2,thread_amx_setup,0.028133392334,279,75.425863266
com-Youtube,b8_fast,1,output_zero,0,279,46.0300445557
com-Youtube,b8_fast,1,row_schedule,0.0743865966797,279,46.0300445557
com-Youtube,b8_fast,1,partial_zero,0.699758529663,279,46.0300445557
com-Youtube,b8_fast,1,csr_prefetch,4.20069694519,279,46.0300445557
com-Youtube,b8_fast,1,feature_gather_decode,6.17337226868,279,46.0300445557
com-Youtube,b8_fast,1,fp32_neighbor_reduction,5.19347190857,279,46.0300445557
com-Youtube,b8_fast,1,partial_bf16_conversion,0.564575195312,279,46.0300445557
com-Youtube,b8_fast,1,tile_load,2.94184684753,279,46.0300445557
com-Youtube,b8_fast,1,tile_compute,3.94177436829,279,46.0300445557
com-Youtube,b8_fast,1,tile_store,0.419616699219,279,46.0300445557
com-Youtube,b8_fast,1,output_scatter,0.29468536377,279,46.0300445557
com-Youtube,b8_fast,1,thread_amx_setup,0.0331401824951,279,46.0300445557
com-Youtube,b8_fast,2,output_zero,0,279,45.2990531921
com-Youtube,b8_fast,2,row_schedule,0.053882598877,279,45.2990531921
com-Youtube,b8_fast,2,partial_zero,0.708341598511,279,45.2990531921
com-Youtube,b8_fast,2,csr_prefetch,4.32515144348,279,45.2990531921
com-Youtube,b8_fast,2,feature_gather_decode,5.97739219666,279,45.2990531921
com-Youtube,b8_fast,2,fp32_neighbor_reduction,5.55014610291,279,45.2990531921
com-Youtube,b8_fast,2,partial_bf16_conversion,0.59962272644,279,45.2990531921
com-Youtube,b8_fast,2,tile_load,2.83193588257,279,45.2990531921
com-Youtube,b8_fast,2,tile_compute,3.91888618469,279,45.2990531921
com-Youtube,b8_fast,2,tile_store,0.391244888306,279,45.2990531921
com-Youtube,b8_fast,2,output_scatter,0.0534057617188,279,45.2990531921
com-Youtube,b8_fast,2,thread_amx_setup,0.0276565551758,279,45.2990531921
com-Youtube,b8_accurate,1,output_zero,0,279,55.7548999786
com-Youtube,b8_accurate,1,row_schedule,0.0622272491455,279,55.7548999786
com-Youtube,b8_accurate,1,partial_zero,0.656843185425,279,55.7548999786
com-Youtube,b8_accurate,1,csr_prefetch,4.37211990356,279,55.7548999786
com-Youtube,b8_accurate,1,feature_gather_decode,5.98406791687,279,55.7548999786
com-Youtube,b8_accurate,1,fp32_neighbor_reduction,5.3858757019,279,55.7548999786
com-Youtube,b8_accurate,1,partial_bf16_conversion,1.04165077209,279,55.7548999786
com-Youtube,b8_accurate,1,tile_load,5.16605377197,279,55.7548999786
com-Youtube,b8_accurate,1,tile_compute,5.81431388855,279,55.7548999786
com-Youtube,b8_accurate,1,tile_store,0.357389450073,279,55.7548999786
com-Youtube,b8_accurate,1,output_scatter,0.286817550659,279,55.7548999786
com-Youtube,b8_accurate,1,thread_amx_setup,0.028133392334,279,55.7548999786
com-Youtube,b8_accurate,2,output_zero,0,279,54.1739463806
com-Youtube,b8_accurate,2,row_schedule,0.0669956207275,279,54.1739463806
com-Youtube,b8_accurate,2,partial_zero,0.654458999634,279,54.1739463806
com-Youtube,b8_accurate,2,csr_prefetch,4.34279441833,279,54.1739463806
com-Youtube,b8_accurate,2,feature_gather_decode,6.05869293213,279,54.1739463806
com-Youtube,b8_accurate,2,fp32_neighbor_reduction,5.26928901672,279,54.1739463806
com-Youtube,b8_accurate,2,partial_bf16_conversion,1.04403495789,279,54.1739463806
com-Youtube,b8_accurate,2,tile_load,5.07283210754,279,54.1739463806
com-Youtube,b8_accurate,2,tile_compute,5.81407546997,279,54.1739463806
com-Youtube,b8_accurate,2,tile_store,0.375747680664,279,54.1739463806
com-Youtube,b8_accurate,2,output_scatter,0.051736831665,279,54.1739463806
com-Youtube,b8_accurate,2,thread_amx_setup,0.0288486480713,279,54.1739463806
com-Youtube,b16_fast,1,output_zero,0.000953674316406,279,40.088891983
com-Youtube,b16_fast,1,row_schedule,0.0734329223633,279,40.088891983
com-Youtube,b16_fast,1,partial_zero,0.362873077393,279,40.088891983
com-Youtube,b16_fast,1,csr_prefetch,4.23622131348,279,40.088891983
com-Youtube,b16_fast,1,feature_gather_decode,5.60808181763,279,40.088891983
com-Youtube,b16_fast,1,fp32_neighbor_reduction,4.60982322693,279,40.088891983
com-Youtube,b16_fast,1,partial_bf16_conversion,0.344276428223,279,40.088891983
com-Youtube,b16_fast,1,tile_load,1.58214569092,279,40.088891983
com-Youtube,b16_fast,1,tile_compute,2.45332717896,279,40.088891983
com-Youtube,b16_fast,1,tile_store,0.247478485107,279,40.088891983
com-Youtube,b16_fast,1,output_scatter,0.292301177979,279,40.088891983
com-Youtube,b16_fast,1,thread_amx_setup,0.0276565551758,279,40.088891983
com-Youtube,b16_fast,2,output_zero,0,279,37.2729301453
com-Youtube,b16_fast,2,row_schedule,0.0476837158203,279,37.2729301453
com-Youtube,b16_fast,2,partial_zero,0.391244888306,279,37.2729301453
com-Youtube,b16_fast,2,csr_prefetch,4.27436828613,279,37.2729301453
com-Youtube,b16_fast,2,feature_gather_decode,5.64527511597,279,37.2729301453
com-Youtube,b16_fast,2,fp32_neighbor_reduction,4.66632843018,279,37.2729301453
com-Youtube,b16_fast,2,partial_bf16_conversion,0.298500061035,279,37.2729301453
com-Youtube,b16_fast,2,tile_load,1.64270401001,279,37.2729301453
com-Youtube,b16_fast,2,tile_compute,2.44784355164,279,37.2729301453
com-Youtube,b16_fast,2,tile_store,0.243425369263,279,37.2729301453
com-Youtube,b16_fast,2,output_scatter,0.0488758087158,279,37.2729301453
com-Youtube,b16_fast,2,thread_amx_setup,0.0331401824951,279,37.2729301453
com-Youtube,b16_accurate,1,output_zero,0,279,44.8830127716
com-Youtube,b16_accurate,1,row_schedule,0.051736831665,279,44.8830127716
com-Youtube,b16_accurate,1,partial_zero,0.399827957153,279,44.8830127716
com-Youtube,b16_accurate,1,csr_prefetch,4.29821014404,279,44.8830127716
com-Youtube,b16_accurate,1,feature_gather_decode,5.610704422,279,44.8830127716
com-Youtube,b16_accurate,1,fp32_neighbor_reduction,4.85396385193,279,44.8830127716
com-Youtube,b16_accurate,1,partial_bf16_conversion,0.590801239014,279,44.8830127716
com-Youtube,b16_accurate,1,tile_load,2.81524658203,279,44.8830127716
com-Youtube,b16_accurate,1,tile_compute,3.51119041443,279,44.8830127716
com-Youtube,b16_accurate,1,tile_store,0.193357467651,279,44.8830127716
com-Youtube,b16_accurate,1,output_scatter,0.297546386719,279,44.8830127716
com-Youtube,b16_accurate,1,thread_amx_setup,0.0286102294922,279,44.8830127716
com-Youtube,b16_accurate,2,output_zero,0,279,42.867898941
com-Youtube,b16_accurate,2,row_schedule,0.0486373901367,279,42.867898941
com-Youtube,b16_accurate,2,partial_zero,0.393867492676,279,42.867898941
com-Youtube,b16_accurate,2,csr_prefetch,4.36067581177,279,42.867898941
com-Youtube,b16_accurate,2,feature_gather_decode,5.54180145264,279,42.867898941
com-Youtube,b16_accurate,2,fp32_neighbor_reduction,4.72855567932,279,42.867898941
com-Youtube,b16_accurate,2,partial_bf16_conversion,0.54144859314,279,42.867898941
com-Youtube,b16_accurate,2,tile_load,2.88200378418,279,42.867898941
com-Youtube,b16_accurate,2,tile_compute,3.41653823853,279,42.867898941
com-Youtube,b16_accurate,2,tile_store,0.199794769287,279,42.867898941
com-Youtube,b16_accurate,2,output_scatter,0.0443458557129,279,42.867898941
com-Youtube,b16_accurate,2,thread_amx_setup,0.0326633453369,279,42.867898941
com-Youtube,b32_fast,1,output_zero,0,279,36.4260673523
com-Youtube,b32_fast,1,row_schedule,0.0851154327393,279,36.4260673523
com-Youtube,b32_fast,1,partial_zero,0.244140625,279,36.4260673523
com-Youtube,b32_fast,1,csr_prefetch,4.13370132446,279,36.4260673523
com-Youtube,b32_fast,1,feature_gather_decode,5.43594360352,279,36.4260673523
com-Youtube,b32_fast,1,fp32_neighbor_reduction,4.35304641724,279,36.4260673523
com-Youtube,b32_fast,1,partial_bf16_conversion,0.209093093872,279,36.4260673523
com-Youtube,b32_fast,1,tile_load,1.00135803223,279,36.4260673523
com-Youtube,b32_fast,1,tile_compute,1.62100791931,279,36.4260673523
com-Youtube,b32_fast,1,tile_store,0.125408172607,279,36.4260673523
com-Youtube,b32_fast,1,output_scatter,0.294923782349,279,36.4260673523
com-Youtube,b32_fast,1,thread_amx_setup,0.0271797180176,279,36.4260673523
com-Youtube,b32_fast,2,output_zero,0,279,34.1699123383
com-Youtube,b32_fast,2,row_schedule,0.0431537628174,279,34.1699123383
com-Youtube,b32_fast,2,partial_zero,0.234842300415,279,34.1699123383
com-Youtube,b32_fast,2,csr_prefetch,4.22644615173,279,34.1699123383
com-Youtube,b32_fast,2,feature_gather_decode,5.34057617188,279,34.1699123383
com-Youtube,b32_fast,2,fp32_neighbor_reduction,4.33802604675,279,34.1699123383
com-Youtube,b32_fast,2,partial_bf16_conversion,0.190734863281,279,34.1699123383
com-Youtube,b32_fast,2,tile_load,0.986576080322,279,34.1699123383
com-Youtube,b32_fast,2,tile_compute,1.50942802429,279,34.1699123383
com-Youtube,b32_fast,2,tile_store,0.165224075317,279,34.1699123383
com-Youtube,b32_fast,2,output_scatter,0.0536441802979,279,34.1699123383
com-Youtube,b32_fast,2,thread_amx_setup,0.0343322753906,279,34.1699123383
com-Youtube,b32_accurate,1,output_zero,0,279,38.5100841522
com-Youtube,b32_accurate,1,row_schedule,0.0410079956055,279,38.5100841522
com-Youtube,b32_accurate,1,partial_zero,0.250339508057,279,38.5100841522
com-Youtube,b32_accurate,1,csr_prefetch,4.32276725769,279,38.5100841522
com-Youtube,b32_accurate,1,feature_gather_decode,5.42831420898,279,38.5100841522
com-Youtube,b32_accurate,1,fp32_neighbor_reduction,4.37808036804,279,38.5100841522
com-Youtube,b32_accurate,1,partial_bf16_conversion,0.335216522217,279,38.5100841522
com-Youtube,b32_accurate,1,tile_load,1.79076194763,279,38.5100841522
com-Youtube,b32_accurate,1,tile_compute,2.27332115173,279,38.5100841522
com-Youtube,b32_accurate,1,tile_store,0.124454498291,279,38.5100841522
com-Youtube,b32_accurate,1,output_scatter,0.296831130981,279,38.5100841522
com-Youtube,b32_accurate,1,thread_amx_setup,0.0543594360352,279,38.5100841522
com-Youtube,b32_accurate,2,output_zero,0,279,37.1360778809
com-Youtube,b32_accurate,2,row_schedule,0.0655651092529,279,37.1360778809
com-Youtube,b32_accurate,2,partial_zero,0.247955322266,279,37.1360778809
com-Youtube,b32_accurate,2,csr_prefetch,4.29606437683,279,37.1360778809
com-Youtube,b32_accurate,2,feature_gather_decode,5.46288490295,279,37.1360778809
com-Youtube,b32_accurate,2,fp32_neighbor_reduction,4.3306350708,279,37.1360778809
com-Youtube,b32_accurate,2,partial_bf16_conversion,0.302791595459,279,37.1360778809
com-Youtube,b32_accurate,2,tile_load,1.79624557495,279,37.1360778809
com-Youtube,b32_accurate,2,tile_compute,2.30097770691,279,37.1360778809
com-Youtube,b32_accurate,2,tile_store,0.138521194458,279,37.1360778809
com-Youtube,b32_accurate,2,output_scatter,0.0510215759277,279,37.1360778809
com-Youtube,b32_accurate,2,thread_amx_setup,0.0267028808594,279,37.1360778809
com-Youtube,b64_fast,1,output_zero,0,279,34.4381332397
com-Youtube,b64_fast,1,row_schedule,0.0741481781006,279,34.4381332397
com-Youtube,b64_fast,1,partial_zero,0.15926361084,279,34.4381332397
com-Youtube,b64_fast,1,csr_prefetch,4.16707992554,279,34.4381332397
com-Youtube,b64_fast,1,feature_gather_decode,5.22208213806,279,34.4381332397
com-Youtube,b64_fast,1,fp32_neighbor_reduction,4.19020652771,279,34.4381332397
com-Youtube,b64_fast,1,partial_bf16_conversion,0.121593475342,279,34.4381332397
com-Youtube,b64_fast,1,tile_load,0.673770904541,279,34.4381332397
com-Youtube,b64_fast,1,tile_compute,1.12199783325,279,34.4381332397
com-Youtube,b64_fast,1,tile_store,0.0872611999512,279,34.4381332397
com-Youtube,b64_fast,1,output_scatter,0.316381454468,279,34.4381332397
com-Youtube,b64_fast,1,thread_amx_setup,0.030517578125,279,34.4381332397
com-Youtube,b64_fast,2,output_zero,0,279,33.2028865814
com-Youtube,b64_fast,2,row_schedule,0.0598430633545,279,33.2028865814
com-Youtube,b64_fast,2,partial_zero,0.17261505127,279,33.2028865814
com-Youtube,b64_fast,2,csr_prefetch,4.2417049408,279,33.2028865814
com-Youtube,b64_fast,2,feature_gather_decode,5.25188446045,279,33.2028865814
com-Youtube,b64_fast,2,fp32_neighbor_reduction,4.13084030151,279,33.2028865814
com-Youtube,b64_fast,2,partial_bf16_conversion,0.120162963867,279,33.2028865814
com-Youtube,b64_fast,2,tile_load,0.680446624756,279,33.2028865814
com-Youtube,b64_fast,2,tile_compute,1.18350982666,279,33.2028865814
com-Youtube,b64_fast,2,tile_store,0.0984668731689,279,33.2028865814
com-Youtube,b64_fast,2,output_scatter,0.0436305999756,279,33.2028865814
com-Youtube,b64_fast,2,thread_amx_setup,0.0336170196533,279,33.2028865814
com-Youtube,b64_accurate,1,output_zero,0,279,36.0908508301
com-Youtube,b64_accurate,1,row_schedule,0.0483989715576,279,36.0908508301
com-Youtube,b64_accurate,1,partial_zero,0.17261505127,279,36.0908508301
com-Youtube,b64_accurate,1,csr_prefetch,4.28199768066,279,36.0908508301
com-Youtube,b64_accurate,1,feature_gather_decode,5.39207458496,279,36.0908508301
com-Youtube,b64_accurate,1,fp32_neighbor_reduction,4.19664382935,279,36.0908508301
com-Youtube,b64_accurate,1,partial_bf16_conversion,0.194549560547,279,36.0908508301
com-Youtube,b64_accurate,1,tile_load,1.17659568787,279,36.0908508301
com-Youtube,b64_accurate,1,tile_compute,1.55138969421,279,36.0908508301
com-Youtube,b64_accurate,1,tile_store,0.0982284545898,279,36.0908508301
com-Youtube,b64_accurate,1,output_scatter,0.316143035889,279,36.0908508301
com-Youtube,b64_accurate,1,thread_amx_setup,0.0360012054443,279,36.0908508301
com-Youtube,b64_accurate,2,output_zero,0,279,34.5709323883
com-Youtube,b64_accurate,2,row_schedule,0.0576972961426,279,34.5709323883
com-Youtube,b64_accurate,2,partial_zero,0.168800354004,279,34.5709323883
com-Youtube,b64_accurate,2,csr_prefetch,4.20689582825,279,34.5709323883
com-Youtube,b64_accurate,2,feature_gather_decode,5.22804260254,279,34.5709323883
com-Youtube,b64_accurate,2,fp32_neighbor_reduction,4.19974327087,279,34.5709323883
com-Youtube,b64_accurate,2,partial_bf16_conversion,0.197649002075,279,34.5709323883
com-Youtube,b64_accurate,2,tile_load,1.10960006714,279,34.5709323883
com-Youtube,b64_accurate,2,tile_compute,1.66440010071,279,34.5709323883
com-Youtube,b64_accurate,2,tile_store,0.0810623168945,279,34.5709323883
com-Youtube,b64_accurate,2,output_scatter,0.0584125518799,279,34.5709323883
com-Youtube,b64_accurate,2,thread_amx_setup,0.0324249267578,279,34.5709323883
com-Youtube,bfull_fast,1,output_zero,0,279,31.0840606689
com-Youtube,bfull_fast,1,row_schedule,0.0536441802979,279,31.0840606689
com-Youtube,bfull_fast,1,partial_zero,0.0784397125244,279,31.0840606689
com-Youtube,bfull_fast,1,csr_prefetch,3.98826599121,279,31.0840606689
com-Youtube,bfull_fast,1,feature_gather_decode,5.038022995,279,31.0840606689
com-Youtube,bfull_fast,1,fp32_neighbor_reduction,3.73649597168,279,31.0840606689
com-Youtube,bfull_fast,1,partial_bf16_conversion,0.053882598877,279,31.0840606689
com-Youtube,bfull_fast,1,tile_load,0.346183776855,279,31.0840606689
com-Youtube,bfull_fast,1,tile_compute,0.708103179932,279,31.0840606689
com-Youtube,bfull_fast,1,tile_store,0.0348091125488,279,31.0840606689
com-Youtube,bfull_fast,1,output_scatter,0.308275222778,279,31.0840606689
com-Youtube,bfull_fast,1,thread_amx_setup,0.0319480895996,279,31.0840606689
com-Youtube,bfull_fast,2,output_zero,0,279,29.7927856445
com-Youtube,bfull_fast,2,row_schedule,0.0481605529785,279,29.7927856445
com-Youtube,bfull_fast,2,partial_zero,0.0996589660645,279,29.7927856445
com-Youtube,bfull_fast,2,csr_prefetch,3.99589538574,279,29.7927856445
com-Youtube,bfull_fast,2,feature_gather_decode,5.0630569458,279,29.7927856445
com-Youtube,bfull_fast,2,fp32_neighbor_reduction,3.82900238037,279,29.7927856445
com-Youtube,bfull_fast,2,partial_bf16_conversion,0.042200088501,279,29.7927856445
com-Youtube,bfull_fast,2,tile_load,0.275373458862,279,29.7927856445
com-Youtube,bfull_fast,2,tile_compute,0.789642333984,279,29.7927856445
com-Youtube,bfull_fast,2,tile_store,0.0450611114502,279,29.7927856445
com-Youtube,bfull_fast,2,output_scatter,0.0555515289307,279,29.7927856445
com-Youtube,bfull_fast,2,thread_amx_setup,0.0336170196533,279,29.7927856445
com-Youtube,bfull_accurate,1,output_zero,0,279,32.6199531555
com-Youtube,bfull_accurate,1,row_schedule,0.0555515289307,279,32.6199531555
com-Youtube,bfull_accurate,1,partial_zero,0.0908374786377,279,32.6199531555
com-Youtube,bfull_accurate,1,csr_prefetch,4.07958030701,279,32.6199531555
com-Youtube,bfull_accurate,1,feature_gather_decode,5.33294677734,279,32.6199531555
com-Youtube,bfull_accurate,1,fp32_neighbor_reduction,3.77607345581,279,32.6199531555
com-Youtube,bfull_accurate,1,partial_bf16_conversion,0.0813007354736,279,32.6199531555
com-Youtube,bfull_accurate,1,tile_load,0.553846359253,279,32.6199531555
com-Youtube,bfull_accurate,1,tile_compute,0.862598419189,279,32.6199531555
com-Youtube,bfull_accurate,1,tile_store,0.0360012054443,279,32.6199531555
com-Youtube,bfull_accurate,1,output_scatter,0.30517578125,279,32.6199531555
com-Youtube,bfull_accurate,1,thread_amx_setup,0.035285949707,279,32.6199531555
com-Youtube,bfull_accurate,2,output_zero,0,279,30.524969101
com-Youtube,bfull_accurate,2,row_schedule,0.0545978546143,279,30.524969101
com-Youtube,bfull_accurate,2,partial_zero,0.086784362793,279,30.524969101
com-Youtube,bfull_accurate,2,csr_prefetch,4.10318374634,279,30.524969101
com-Youtube,bfull_accurate,2,feature_gather_decode,4.99701499939,279,30.524969101
com-Youtube,bfull_accurate,2,fp32_neighbor_reduction,3.86095046997,279,30.524969101
com-Youtube,bfull_accurate,2,partial_bf16_conversion,0.0829696655273,279,30.524969101
com-Youtube,bfull_accurate,2,tile_load,0.557899475098,279,30.524969101
com-Youtube,bfull_accurate,2,tile_compute,0.980138778687,279,30.524969101
com-Youtube,bfull_accurate,2,tile_store,0.0264644622803,279,30.524969101
com-Youtube,bfull_accurate,2,output_scatter,0.0615119934082,279,30.524969101
com-Youtube,bfull_accurate,2,thread_amx_setup,0.0462532043457,279,30.524969101
