ICPP_ONLINE_SMOKE_BEGIN fp32_max_abs_gate=1e-05 fp32_relative_L2_gate=1e-05 original_master_abs_gate=0.003 scope=small_operators_not_model_accuracy bf16_rounding=H_W_RNE_then_RNE_pH emulator=TDPBF16PS_even_odd_FP32_FMA_chains scalar_exp_vs_SVML=reported_separately matched_SVML_entry=__svml_expf16_z0 internal_entry_scope=checks_only subnormals=excluded_DAZ_FTZ_not_tested instruction_gate_does_not_certify_master_gate=true
ICPP_ONLINE_EXP_ENTRY_DIAGNOSTIC samples=1024 interval=[-10,0] plain_entry=__svml_expf16 kernel_matched_entry=__svml_expf16_z0 differing_values=739 max_abs_error=2.384185791015625e-07 mean_abs_error=8.8215017512993654e-09 relative_L2_error=1.0992883093513768e-07 max_ULP_distance=4 argument_at_max_ULP=-8.4652976989746094 plain_at_max=0.00021065311739221215 matched_at_max=0.00021065317559987307 internal_ABI_scope=checks_only matching_entry_does_not_certify_FP32_master_precision=true
ICPP_ONLINE_SMOKE phase=ALL_EQUAL_SCORES_FP32_CONTROL N=35 D=33 K=8 d=47 block=16 finite=1 max_abs_error=1.93355948891e-07 mean_abs_error=1.03815454599e-08 relative_L2_error=1.20974867198e-06 gate=abs_1e-5_and_relative_L2_1e-5_before_AMX pass=1
ICPP_ONLINE_SMOKE phase=ALL_EQUAL_SCORES_FP32_CONTROL N=35 D=33 K=8 d=47 block=32 finite=1 max_abs_error=1.93355948891e-07 mean_abs_error=1.03815454599e-08 relative_L2_error=1.20974867198e-06 gate=abs_1e-5_and_relative_L2_1e-5_before_AMX pass=1
ICPP_ONLINE_SMOKE phase=ALL_EQUAL_SCORES_FP32_CONTROL N=35 D=33 K=8 d=47 block=64 finite=1 max_abs_error=1.93355948891e-07 mean_abs_error=1.03815454599e-08 relative_L2_error=1.20974867198e-06 gate=abs_1e-5_and_relative_L2_1e-5_before_AMX pass=1
ICPP_ONLINE_SMOKE phase=ALL_EQUAL_SCORES_ORIGINAL_B1_VS_ONLINE N=35 D=33 K=8 d=47 block=16 finite=1 max_abs_error=0 mean_abs_error=0 relative_L2_error=0 gate=bitwise_equal_after_finish_without_activation pass=1
ICPP_ONLINE_SMOKE_EQUAL_SCORES block=16 p=1 r=1 activation=false identical_quantized_H=true identical_packed_W=true numerator_bitwise_equal=true denominator_bitwise_equal=true output_bitwise_equal=true rescale_count=0 spill_bytes=0 reload_bytes=0
ICPP_ONLINE_SMOKE phase=ALL_EQUAL_SCORES_ORIGINAL_B1_VS_ONLINE N=35 D=33 K=8 d=47 block=32 finite=1 max_abs_error=0 mean_abs_error=0 relative_L2_error=0 gate=bitwise_equal_after_finish_without_activation pass=1
ICPP_ONLINE_SMOKE_EQUAL_SCORES block=32 p=1 r=1 activation=false identical_quantized_H=true identical_packed_W=true numerator_bitwise_equal=true denominator_bitwise_equal=true output_bitwise_equal=true rescale_count=0 spill_bytes=0 reload_bytes=0
ICPP_ONLINE_SMOKE phase=ALL_EQUAL_SCORES_ORIGINAL_B1_VS_ONLINE N=35 D=33 K=8 d=47 block=64 finite=1 max_abs_error=0 mean_abs_error=0 relative_L2_error=0 gate=bitwise_equal_after_finish_without_activation pass=1
ICPP_ONLINE_SMOKE_EQUAL_SCORES block=64 p=1 r=1 activation=false identical_quantized_H=true identical_packed_W=true numerator_bitwise_equal=true denominator_bitwise_equal=true output_bitwise_equal=true rescale_count=0 spill_bytes=0 reload_bytes=0
ICPP_ONLINE_SMOKE phase=FP32_V_ONLINE_VS_FP64_STABLE_SAME_LR N=17 D=17 K=1 d=7 block=16 finite=1 max_abs_error=8.81284907342e-08 mean_abs_error=1.29853210901e-08 relative_L2_error=1.07199730864e-06 gate=abs_1e-5_and_relative_L2_1e-5 pass=1
ICPP_ONLINE_SMOKE phase=BF16_EMULATION_STD_EXP_VS_SVML_EXP N=17 D=17 K=1 d=7 block=16 finite=1 max_abs_error=3.72529029846e-09 mean_abs_error=5.85011449181e-10 relative_L2_error=5.55148684106e-08 gate=diagnostic_RNE_threshold_sensitive pass=1
ICPP_ONLINE_SMOKE phase=BF16_EMULATION_VS_FP32_MASTER N=17 D=17 K=1 d=7 block=16 finite=1 max_abs_error=0.000229299921425 mean_abs_error=3.58703763862e-05 relative_L2_error=0.00223417340433 gate=master_absolute_.003_small_fixture_only pass=1
ICPP_ONLINE_SMOKE phase=BF16_EMULATION_VS_QUANTIZED_HW_STABLE N=17 D=17 K=1 d=7 block=16 finite=1 max_abs_error=8.15398665426e-05 mean_abs_error=1.16122148909e-05 relative_L2_error=0.000818282087771 gate=diagnostic_additional_pH_RNE pass=1
ICPP_ONLINE_SMOKE phase=AMX_VS_BF16_TDP_EMULATION_SAME_SVML_EXP N=17 D=17 K=1 d=7 block=16 finite=1 max_abs_error=0 mean_abs_error=0 relative_L2_error=0 gate=operand_based_FP32_rounding_budget pass=1
ICPP_ONLINE_SMOKE_BUDGET N=17 D=17 K=1 d=7 block=16 max_absolute_budget=5.40368916981e-06 max_error_to_budget=0 basis=gamma17_plus_gamma_edge_kb_rescales independent_of_master_BF16_error=true
ICPP_ONLINE_SMOKE phase=AMX_VS_BF16_EMULATION_STD_EXP N=17 D=17 K=1 d=7 block=16 finite=1 max_abs_error=3.72529029846e-09 mean_abs_error=5.85011449181e-10 relative_L2_error=5.55148684106e-08 gate=diagnostic_exp_and_RNE_difference pass=1
ICPP_ONLINE_DEN_BUDGET N=17 D=17 K=1 d=7 block=16 differing_states=0 omitted_differing_states=0 max_absolute_budget=0.0065136041625 max_error_to_budget=0 basis=2_gamma_degree_plus_rescales_times_FP64_same_p_r_shadow master_gate_independent=true arithmetic_budget_pass=1
ICPP_ONLINE_SMOKE phase=AMX_DENOMINATOR_VS_SVML_SIMULATION N=17 D=17 K=1 d=7 block=16 finite=1 max_abs_error=0 mean_abs_error=0 relative_L2_error=0 gate=same_p_r_gamma_budget_and_relative_L2_1e-5 pass=1
ICPP_ONLINE_SMOKE phase=AMX_DENOMINATOR_VS_TR16_SIMD_REPLAY N=17 D=17 K=1 d=7 block=16 finite=1 max_abs_error=0 mean_abs_error=0 relative_L2_error=0 gate=bitwise_same_lane_layout_and_mul_add_order pass=1
ICPP_ONLINE_SMOKE phase=AMX_VS_FP32_MASTER N=17 D=17 K=1 d=7 block=16 finite=1 max_abs_error=0.000229299921425 mean_abs_error=3.58703881255e-05 relative_L2_error=0.00223417812377 gate=master_absolute_.003_small_fixture_only pass=1
ICPP_ONLINE_SMOKE phase=PROFILE_ON_VS_OFF N=17 D=17 K=1 d=7 block=16 finite=1 max_abs_error=0 mean_abs_error=0 relative_L2_error=0 gate=bitwise_arithmetic_invariance pass=1
ICPP_ONLINE_SMOKE phase=FINISH_NORMALIZATION_AND_ELU N=17 D=17 K=1 d=7 block=16 finite=1 max_abs_error=2.04890966415e-07 mean_abs_error=4.93150955739e-08 relative_L2_error=3.52044288546e-06 gate=abs_1e-5_SVML_activation_difference pass=1
ICPP_ONLINE_SMOKE_COUNTERS N=17 D=17 K=1 d=7 block=16 edges=1352 blocks=94 max_updates=40 rescales=25 rescale_events=8 spill_bytes=8192 reload_bytes=8192 neighbor_steps=530 amx_calls=530 original_row_scatter=true complete_neighborhoods=true independent_heads=true
ICPP_ONLINE_SMOKE phase=FP32_V_ONLINE_VS_FP64_STABLE_SAME_LR N=17 D=17 K=1 d=7 block=32 finite=1 max_abs_error=1.4773313551e-07 mean_abs_error=1.35637110714e-08 relative_L2_error=1.2323347245e-06 gate=abs_1e-5_and_relative_L2_1e-5 pass=1
ICPP_ONLINE_SMOKE phase=BF16_EMULATION_STD_EXP_VS_SVML_EXP N=17 D=17 K=1 d=7 block=32 finite=1 max_abs_error=7.45058059692e-09 mean_abs_error=6.70610950524e-10 relative_L2_error=6.64753322496e-08 gate=diagnostic_RNE_threshold_sensitive pass=1
ICPP_ONLINE_SMOKE phase=BF16_EMULATION_VS_FP32_MASTER N=17 D=17 K=1 d=7 block=32 finite=1 max_abs_error=0.000229299921425 mean_abs_error=3.79331775386e-05 relative_L2_error=0.00231401340407 gate=master_absolute_.003_small_fixture_only pass=1
ICPP_ONLINE_SMOKE phase=BF16_EMULATION_VS_QUANTIZED_HW_STABLE N=17 D=17 K=1 d=7 block=32 finite=1 max_abs_error=9.26337228438e-05 mean_abs_error=1.40719218008e-05 relative_L2_error=0.000988504656134 gate=diagnostic_additional_pH_RNE pass=1
ICPP_ONLINE_SMOKE phase=AMX_VS_BF16_TDP_EMULATION_SAME_SVML_EXP N=17 D=17 K=1 d=7 block=32 finite=1 max_abs_error=0 mean_abs_error=0 relative_L2_error=0 gate=operand_based_FP32_rounding_budget pass=1
ICPP_ONLINE_SMOKE_BUDGET N=17 D=17 K=1 d=7 block=32 max_absolute_budget=5.40368916981e-06 max_error_to_budget=0 basis=gamma17_plus_gamma_edge_kb_rescales independent_of_master_BF16_error=true
ICPP_ONLINE_SMOKE phase=AMX_VS_BF16_EMULATION_STD_EXP N=17 D=17 K=1 d=7 block=32 finite=1 max_abs_error=7.45058059692e-09 mean_abs_error=6.70610950524e-10 relative_L2_error=6.64753322496e-08 gate=diagnostic_exp_and_RNE_difference pass=1
ICPP_ONLINE_DEN_BUDGET N=17 D=17 K=1 d=7 block=32 differing_states=0 omitted_differing_states=0 max_absolute_budget=0.0065136041625 max_error_to_budget=0 basis=2_gamma_degree_plus_rescales_times_FP64_same_p_r_shadow master_gate_independent=true arithmetic_budget_pass=1
ICPP_ONLINE_SMOKE phase=AMX_DENOMINATOR_VS_SVML_SIMULATION N=17 D=17 K=1 d=7 block=32 finite=1 max_abs_error=0 mean_abs_error=0 relative_L2_error=0 gate=same_p_r_gamma_budget_and_relative_L2_1e-5 pass=1
ICPP_ONLINE_SMOKE phase=AMX_DENOMINATOR_VS_TR16_SIMD_REPLAY N=17 D=17 K=1 d=7 block=32 finite=1 max_abs_error=0 mean_abs_error=0 relative_L2_error=0 gate=bitwise_same_lane_layout_and_mul_add_order pass=1
ICPP_ONLINE_SMOKE phase=AMX_VS_FP32_MASTER N=17 D=17 K=1 d=7 block=32 finite=1 max_abs_error=0.000229299921425 mean_abs_error=3.79331477011e-05 relative_L2_error=0.00231401430872 gate=master_absolute_.003_small_fixture_only pass=1
ICPP_ONLINE_SMOKE phase=PROFILE_ON_VS_OFF N=17 D=17 K=1 d=7 block=32 finite=1 max_abs_error=0 mean_abs_error=0 relative_L2_error=0 gate=bitwise_arithmetic_invariance pass=1
ICPP_ONLINE_SMOKE phase=FINISH_NORMALIZATION_AND_ELU N=17 D=17 K=1 d=7 block=32 finite=1 max_abs_error=2.03028321266e-07 mean_abs_error=4.91350920511e-08 relative_L2_error=3.4869781531e-06 gate=abs_1e-5_SVML_activation_difference pass=1
ICPP_ONLINE_SMOKE_COUNTERS N=17 D=17 K=1 d=7 block=32 edges=1352 blocks=52 max_updates=27 rescales=12 rescale_events=4 spill_bytes=4096 reload_bytes=4096 neighbor_steps=530 amx_calls=530 original_row_scatter=true complete_neighborhoods=true independent_heads=true
ICPP_ONLINE_SMOKE phase=FP32_V_ONLINE_VS_FP64_STABLE_SAME_LR N=17 D=17 K=1 d=7 block=64 finite=1 max_abs_error=1.4773313551e-07 mean_abs_error=1.27864453965e-08 relative_L2_error=1.16949529206e-06 gate=abs_1e-5_and_relative_L2_1e-5 pass=1
ICPP_ONLINE_SMOKE phase=BF16_EMULATION_STD_EXP_VS_SVML_EXP N=17 D=17 K=1 d=7 block=64 finite=1 max_abs_error=7.45058059692e-09 mean_abs_error=4.67128707331e-10 relative_L2_error=5.5579855607e-08 gate=diagnostic_RNE_threshold_sensitive pass=1
ICPP_ONLINE_SMOKE phase=BF16_EMULATION_VS_FP32_MASTER N=17 D=17 K=1 d=7 block=64 finite=1 max_abs_error=0.000229299921425 mean_abs_error=3.698135719e-05 relative_L2_error=0.00226289364747 gate=master_absolute_.003_small_fixture_only pass=1
ICPP_ONLINE_SMOKE phase=BF16_EMULATION_VS_QUANTIZED_HW_STABLE N=17 D=17 K=1 d=7 block=64 finite=1 max_abs_error=9.26337228438e-05 mean_abs_error=1.22010935758e-05 relative_L2_error=0.000840957733867 gate=diagnostic_additional_pH_RNE pass=1
ICPP_ONLINE_SMOKE phase=AMX_VS_BF16_TDP_EMULATION_SAME_SVML_EXP N=17 D=17 K=1 d=7 block=64 finite=1 max_abs_error=0 mean_abs_error=0 relative_L2_error=0 gate=operand_based_FP32_rounding_budget pass=1
ICPP_ONLINE_SMOKE_BUDGET N=17 D=17 K=1 d=7 block=64 max_absolute_budget=5.40368916981e-06 max_error_to_budget=0 basis=gamma17_plus_gamma_edge_kb_rescales independent_of_master_BF16_error=true
ICPP_ONLINE_SMOKE phase=AMX_VS_BF16_EMULATION_STD_EXP N=17 D=17 K=1 d=7 block=64 finite=1 max_abs_error=7.45058059692e-09 mean_abs_error=4.67128707331e-10 relative_L2_error=5.5579855607e-08 gate=diagnostic_exp_and_RNE_difference pass=1
ICPP_ONLINE_DEN_BUDGET N=17 D=17 K=1 d=7 block=64 differing_states=0 omitted_differing_states=0 max_absolute_budget=0.0065136041625 max_error_to_budget=0 basis=2_gamma_degree_plus_rescales_times_FP64_same_p_r_shadow master_gate_independent=true arithmetic_budget_pass=1
ICPP_ONLINE_SMOKE phase=AMX_DENOMINATOR_VS_SVML_SIMULATION N=17 D=17 K=1 d=7 block=64 finite=1 max_abs_error=0 mean_abs_error=0 relative_L2_error=0 gate=same_p_r_gamma_budget_and_relative_L2_1e-5 pass=1
ICPP_ONLINE_SMOKE phase=AMX_DENOMINATOR_VS_TR16_SIMD_REPLAY N=17 D=17 K=1 d=7 block=64 finite=1 max_abs_error=0 mean_abs_error=0 relative_L2_error=0 gate=bitwise_same_lane_layout_and_mul_add_order pass=1
ICPP_ONLINE_SMOKE phase=AMX_VS_FP32_MASTER N=17 D=17 K=1 d=7 block=64 finite=1 max_abs_error=0.000229299921425 mean_abs_error=3.69812921344e-05 relative_L2_error=0.00226289407979 gate=master_absolute_.003_small_fixture_only pass=1
ICPP_ONLINE_SMOKE phase=PROFILE_ON_VS_OFF N=17 D=17 K=1 d=7 block=64 finite=1 max_abs_error=0 mean_abs_error=0 relative_L2_error=0 gate=bitwise_arithmetic_invariance pass=1
ICPP_ONLINE_SMOKE phase=FINISH_NORMALIZATION_AND_ELU N=17 D=17 K=1 d=7 block=64 finite=1 max_abs_error=2.03028321266e-07 mean_abs_error=5.05702288336e-08 relative_L2_error=3.57851429709e-06 gate=abs_1e-5_SVML_activation_difference pass=1
ICPP_ONLINE_SMOKE_COUNTERS N=17 D=17 K=1 d=7 block=64 edges=1352 blocks=32 max_updates=20 rescales=5 rescale_events=2 spill_bytes=2048 reload_bytes=2048 neighbor_steps=530 amx_calls=530 original_row_scatter=true complete_neighborhoods=true independent_heads=true
ICPP_ONLINE_SMOKE phase=LAYER_WRAPPER_WITH_CONTRACTED_REAL_ATTENTION N=17 D=17 K=1 d=7 block=32 finite=1 max_abs_error=0 mean_abs_error=0 relative_L2_error=0 gate=same_LR_instruction_budget pass=1
ICPP_ONLINE_SMOKE phase=REAL_ATTENTION_AMX_VS_FP32_MASTER N=17 D=17 K=1 d=7 block=32 finite=1 max_abs_error=0.000229299921425 mean_abs_error=3.12064256639e-05 relative_L2_error=0.00212729768749 gate=master_absolute_.003_small_fixture_only pass=1
ICPP_ONLINE_SMOKE phase=FP32_V_ONLINE_VS_FP64_STABLE_SAME_LR N=35 D=17 K=2 d=32 block=16 finite=1 max_abs_error=1.58638989681e-07 mean_abs_error=8.22867072596e-09 relative_L2_error=1.0192435507e-06 gate=abs_1e-5_and_relative_L2_1e-5 pass=1
ICPP_ONLINE_SMOKE phase=BF16_EMULATION_STD_EXP_VS_SVML_EXP N=35 D=17 K=2 d=32 block=16 finite=1 max_abs_error=1.02445483208e-08 mean_abs_error=6.1029490033e-10 relative_L2_error=8.07602462916e-08 gate=diagnostic_RNE_threshold_sensitive pass=1
ICPP_ONLINE_SMOKE phase=BF16_EMULATION_VS_FP32_MASTER N=35 D=17 K=2 d=32 block=16 finite=1 max_abs_error=0.000335206854052 mean_abs_error=3.01696151247e-05 relative_L2_error=0.00299362850091 gate=master_absolute_.003_small_fixture_only pass=1
ICPP_ONLINE_SMOKE phase=BF16_EMULATION_VS_QUANTIZED_HW_STABLE N=35 D=17 K=2 d=32 block=16 finite=1 max_abs_error=0.000101134574165 mean_abs_error=1.03872090021e-05 relative_L2_error=0.00102965061501 gate=diagnostic_additional_pH_RNE pass=1
ICPP_ONLINE_SMOKE phase=AMX_VS_BF16_TDP_EMULATION_SAME_SVML_EXP N=35 D=17 K=2 d=32 block=16 finite=1 max_abs_error=0 mean_abs_error=0 relative_L2_error=0 gate=operand_based_FP32_rounding_budget pass=1
ICPP_ONLINE_SMOKE_BUDGET N=35 D=17 K=2 d=32 block=16 max_absolute_budget=6.6327088985e-06 max_error_to_budget=0 basis=gamma17_plus_gamma_edge_kb_rescales independent_of_master_BF16_error=true
ICPP_ONLINE_SMOKE phase=AMX_VS_BF16_EMULATION_STD_EXP N=35 D=17 K=2 d=32 block=16 finite=1 max_abs_error=1.02445483208e-08 mean_abs_error=6.1029490033e-10 relative_L2_error=8.07602462916e-08 gate=diagnostic_exp_and_RNE_difference pass=1
ICPP_ONLINE_DEN_BUDGET N=35 D=17 K=2 d=32 block=16 differing_states=0 omitted_differing_states=0 max_absolute_budget=0.00674867915978 max_error_to_budget=0 basis=2_gamma_degree_plus_rescales_times_FP64_same_p_r_shadow master_gate_independent=true arithmetic_budget_pass=1
ICPP_ONLINE_SMOKE phase=AMX_DENOMINATOR_VS_SVML_SIMULATION N=35 D=17 K=2 d=32 block=16 finite=1 max_abs_error=0 mean_abs_error=0 relative_L2_error=0 gate=same_p_r_gamma_budget_and_relative_L2_1e-5 pass=1
ICPP_ONLINE_SMOKE phase=AMX_DENOMINATOR_VS_TR16_SIMD_REPLAY N=35 D=17 K=2 d=32 block=16 finite=1 max_abs_error=0 mean_abs_error=0 relative_L2_error=0 gate=bitwise_same_lane_layout_and_mul_add_order pass=1
ICPP_ONLINE_SMOKE phase=AMX_VS_FP32_MASTER N=35 D=17 K=2 d=32 block=16 finite=1 max_abs_error=0.000335206854052 mean_abs_error=3.01695999771e-05 relative_L2_error=0.00299362718774 gate=master_absolute_.003_small_fixture_only pass=1
ICPP_ONLINE_SMOKE phase=PROFILE_ON_VS_OFF N=35 D=17 K=2 d=32 block=16 finite=1 max_abs_error=0 mean_abs_error=0 relative_L2_error=0 gate=bitwise_arithmetic_invariance pass=1
ICPP_ONLINE_SMOKE phase=FINISH_NORMALIZATION_AND_ELU N=35 D=17 K=2 d=32 block=16 finite=1 max_abs_error=2.11410224438e-07 mean_abs_error=3.18299392177e-08 relative_L2_error=3.67483842039e-06 gate=abs_1e-5_SVML_activation_difference pass=1
ICPP_ONLINE_SMOKE_COUNTERS N=35 D=17 K=2 d=32 block=16 edges=2736 blocks=380 max_updates=157 rescales=93 rescale_events=37 spill_bytes=75776 reload_bytes=75776 neighbor_steps=1126 amx_calls=2252 original_row_scatter=true complete_neighborhoods=true independent_heads=true
ICPP_ONLINE_SMOKE phase=FP32_V_ONLINE_VS_FP64_STABLE_SAME_LR N=35 D=17 K=2 d=32 block=32 finite=1 max_abs_error=1.58638989681e-07 mean_abs_error=7.79598014851e-09 relative_L2_error=9.41230338132e-07 gate=abs_1e-5_and_relative_L2_1e-5 pass=1
ICPP_ONLINE_SMOKE phase=BF16_EMULATION_STD_EXP_VS_SVML_EXP N=35 D=17 K=2 d=32 block=32 finite=1 max_abs_error=1.86264514923e-08 mean_abs_error=5.92610100674e-10 relative_L2_error=1.02804979787e-07 gate=diagnostic_RNE_threshold_sensitive pass=1
ICPP_ONLINE_SMOKE phase=BF16_EMULATION_VS_FP32_MASTER N=35 D=17 K=2 d=32 block=32 finite=1 max_abs_error=0.000335206854052 mean_abs_error=3.10086291304e-05 relative_L2_error=0.00305437422036 gate=master_absolute_.003_small_fixture_only pass=1
ICPP_ONLINE_SMOKE phase=BF16_EMULATION_VS_QUANTIZED_HW_STABLE N=35 D=17 K=2 d=32 block=32 finite=1 max_abs_error=0.000101134574165 mean_abs_error=1.18561066849e-05 relative_L2_error=0.00116240697111 gate=diagnostic_additional_pH_RNE pass=1
ICPP_ONLINE_SMOKE phase=AMX_VS_BF16_TDP_EMULATION_SAME_SVML_EXP N=35 D=17 K=2 d=32 block=32 finite=1 max_abs_error=0 mean_abs_error=0 relative_L2_error=0 gate=operand_based_FP32_rounding_budget pass=1
ICPP_ONLINE_SMOKE_BUDGET N=35 D=17 K=2 d=32 block=32 max_absolute_budget=6.44270650386e-06 max_error_to_budget=0 basis=gamma17_plus_gamma_edge_kb_rescales independent_of_master_BF16_error=true
ICPP_ONLINE_SMOKE phase=AMX_VS_BF16_EMULATION_STD_EXP N=35 D=17 K=2 d=32 block=32 finite=1 max_abs_error=1.86264514923e-08 mean_abs_error=5.92610100674e-10 relative_L2_error=1.02804979787e-07 gate=diagnostic_exp_and_RNE_difference pass=1
ICPP_ONLINE_DEN_BUDGET N=35 D=17 K=2 d=32 block=32 differing_states=0 omitted_differing_states=0 max_absolute_budget=0.00655539500595 max_error_to_budget=0 basis=2_gamma_degree_plus_rescales_times_FP64_same_p_r_shadow master_gate_independent=true arithmetic_budget_pass=1
ICPP_ONLINE_SMOKE phase=AMX_DENOMINATOR_VS_SVML_SIMULATION N=35 D=17 K=2 d=32 block=32 finite=1 max_abs_error=0 mean_abs_error=0 relative_L2_error=0 gate=same_p_r_gamma_budget_and_relative_L2_1e-5 pass=1
ICPP_ONLINE_SMOKE phase=AMX_DENOMINATOR_VS_TR16_SIMD_REPLAY N=35 D=17 K=2 d=32 block=32 finite=1 max_abs_error=0 mean_abs_error=0 relative_L2_error=0 gate=bitwise_same_lane_layout_and_mul_add_order pass=1
ICPP_ONLINE_SMOKE phase=AMX_VS_FP32_MASTER N=35 D=17 K=2 d=32 block=32 finite=1 max_abs_error=0.000335206854052 mean_abs_error=3.10085297003e-05 relative_L2_error=0.00305436667241 gate=master_absolute_.003_small_fixture_only pass=1
ICPP_ONLINE_SMOKE phase=PROFILE_ON_VS_OFF N=35 D=17 K=2 d=32 block=32 finite=1 max_abs_error=0 mean_abs_error=0 relative_L2_error=0 gate=bitwise_arithmetic_invariance pass=1
ICPP_ONLINE_SMOKE phase=FINISH_NORMALIZATION_AND_ELU N=35 D=17 K=2 d=32 block=32 finite=1 max_abs_error=1.99303030968e-07 mean_abs_error=3.14508317802e-08 relative_L2_error=3.64369796184e-06 gate=abs_1e-5_SVML_activation_difference pass=1
ICPP_ONLINE_SMOKE_COUNTERS N=35 D=17 K=2 d=32 block=32 edges=2736 blocks=210 max_updates=107 rescales=43 rescale_events=18 spill_bytes=36864 reload_bytes=36864 neighbor_steps=1126 amx_calls=2252 original_row_scatter=true complete_neighborhoods=true independent_heads=true
ICPP_ONLINE_SMOKE phase=FP32_V_ONLINE_VS_FP64_STABLE_SAME_LR N=35 D=17 K=2 d=32 block=64 finite=1 max_abs_error=1.58638989681e-07 mean_abs_error=7.86825097439e-09 relative_L2_error=9.7640317675e-07 gate=abs_1e-5_and_relative_L2_1e-5 pass=1
ICPP_ONLINE_SMOKE phase=BF16_EMULATION_STD_EXP_VS_SVML_EXP N=35 D=17 K=2 d=32 block=64 finite=1 max_abs_error=1.49011611938e-08 mean_abs_error=4.76440017597e-10 relative_L2_error=7.78992347345e-08 gate=diagnostic_RNE_threshold_sensitive pass=1
ICPP_ONLINE_SMOKE phase=BF16_EMULATION_VS_FP32_MASTER N=35 D=17 K=2 d=32 block=64 finite=1 max_abs_error=0.000335206854052 mean_abs_error=3.1511958616e-05 relative_L2_error=0.00309590173436 gate=master_absolute_.003_small_fixture_only pass=1
ICPP_ONLINE_SMOKE phase=BF16_EMULATION_VS_QUANTIZED_HW_STABLE N=35 D=17 K=2 d=32 block=64 finite=1 max_abs_error=0.000101134574165 mean_abs_error=1.22663577497e-05 relative_L2_error=0.00119330065345 gate=diagnostic_additional_pH_RNE pass=1
ICPP_ONLINE_SMOKE phase=AMX_VS_BF16_TDP_EMULATION_SAME_SVML_EXP N=35 D=17 K=2 d=32 block=64 finite=1 max_abs_error=0 mean_abs_error=0 relative_L2_error=0 gate=operand_based_FP32_rounding_budget pass=1
ICPP_ONLINE_SMOKE_BUDGET N=35 D=17 K=2 d=32 block=64 max_absolute_budget=6.35833205428e-06 max_error_to_budget=0 basis=gamma17_plus_gamma_edge_kb_rescales independent_of_master_BF16_error=true
ICPP_ONLINE_SMOKE phase=AMX_VS_BF16_EMULATION_STD_EXP N=35 D=17 K=2 d=32 block=64 finite=1 max_abs_error=1.49011611938e-08 mean_abs_error=4.76440017597e-10 relative_L2_error=7.78992347345e-08 gate=diagnostic_exp_and_RNE_difference pass=1
ICPP_ONLINE_DEN_BUDGET N=35 D=17 K=2 d=32 block=64 differing_states=0 omitted_differing_states=0 max_absolute_budget=0.00654681524514 max_error_to_budget=0 basis=2_gamma_degree_plus_rescales_times_FP64_same_p_r_shadow master_gate_independent=true arithmetic_budget_pass=1
ICPP_ONLINE_SMOKE phase=AMX_DENOMINATOR_VS_SVML_SIMULATION N=35 D=17 K=2 d=32 block=64 finite=1 max_abs_error=0 mean_abs_error=0 relative_L2_error=0 gate=same_p_r_gamma_budget_and_relative_L2_1e-5 pass=1
ICPP_ONLINE_SMOKE phase=AMX_DENOMINATOR_VS_TR16_SIMD_REPLAY N=35 D=17 K=2 d=32 block=64 finite=1 max_abs_error=0 mean_abs_error=0 relative_L2_error=0 gate=bitwise_same_lane_layout_and_mul_add_order pass=1
ICPP_ONLINE_SMOKE phase=AMX_VS_FP32_MASTER N=35 D=17 K=2 d=32 block=64 finite=1 max_abs_error=0.000335206854052 mean_abs_error=3.1511883627e-05 relative_L2_error=0.00309589502866 gate=master_absolute_.003_small_fixture_only pass=1
ICPP_ONLINE_SMOKE phase=PROFILE_ON_VS_OFF N=35 D=17 K=2 d=32 block=64 finite=1 max_abs_error=0 mean_abs_error=0 relative_L2_error=0 gate=bitwise_arithmetic_invariance pass=1
ICPP_ONLINE_SMOKE phase=FINISH_NORMALIZATION_AND_ELU N=35 D=17 K=2 d=32 block=64 finite=1 max_abs_error=1.99303030968e-07 mean_abs_error=3.18373995104e-08 relative_L2_error=3.67656238847e-06 gate=abs_1e-5_SVML_activation_difference pass=1
ICPP_ONLINE_SMOKE_COUNTERS N=35 D=17 K=2 d=32 block=64 edges=2736 blocks=130 max_updates=80 rescales=16 rescale_events=8 spill_bytes=16384 reload_bytes=16384 neighbor_steps=1126 amx_calls=2252 original_row_scatter=true complete_neighborhoods=true independent_heads=true
ICPP_ONLINE_SMOKE phase=FP32_V_ONLINE_VS_FP64_STABLE_SAME_LR N=17 D=17 K=8 d=47 block=16 finite=1 max_abs_error=1.02395050813e-07 mean_abs_error=7.88003121458e-09 relative_L2_error=8.66664691029e-07 gate=abs_1e-5_and_relative_L2_1e-5 pass=1
ICPP_ONLINE_SMOKE phase=BF16_EMULATION_STD_EXP_VS_SVML_EXP N=17 D=17 K=8 d=47 block=16 finite=1 max_abs_error=1.67638063431e-08 mean_abs_error=6.06430492528e-10 relative_L2_error=9.10423688353e-08 gate=diagnostic_RNE_threshold_sensitive pass=1
ICPP_ONLINE_SMOKE phase=BF16_EMULATION_VS_FP32_MASTER N=17 D=17 K=8 d=47 block=16 finite=1 max_abs_error=0.000327621874601 mean_abs_error=2.87662941163e-05 relative_L2_error=0.00277394590984 gate=master_absolute_.003_small_fixture_only pass=1
ICPP_ONLINE_SMOKE phase=BF16_EMULATION_VS_QUANTIZED_HW_STABLE N=17 D=17 K=8 d=47 block=16 finite=1 max_abs_error=0.000110286357116 mean_abs_error=1.25563770318e-05 relative_L2_error=0.00113851156521 gate=diagnostic_additional_pH_RNE pass=1
ICPP_ONLINE_SMOKE phase=AMX_VS_BF16_TDP_EMULATION_SAME_SVML_EXP N=17 D=17 K=8 d=47 block=16 finite=1 max_abs_error=0 mean_abs_error=0 relative_L2_error=0 gate=operand_based_FP32_rounding_budget pass=1
ICPP_ONLINE_SMOKE_BUDGET N=17 D=17 K=8 d=47 block=16 max_absolute_budget=6.57683161424e-06 max_error_to_budget=0 basis=gamma17_plus_gamma_edge_kb_rescales independent_of_master_BF16_error=true
ICPP_ONLINE_SMOKE phase=AMX_VS_BF16_EMULATION_STD_EXP N=17 D=17 K=8 d=47 block=16 finite=1 max_abs_error=1.67638063431e-08 mean_abs_error=6.06430492528e-10 relative_L2_error=9.10423688353e-08 gate=diagnostic_exp_and_RNE_difference pass=1
ICPP_ONLINE_DEN_BUDGET N=17 D=17 K=8 d=47 block=16 differing_states=0 omitted_differing_states=0 max_absolute_budget=0.00665244168375 max_error_to_budget=0 basis=2_gamma_degree_plus_rescales_times_FP64_same_p_r_shadow master_gate_independent=true arithmetic_budget_pass=1
ICPP_ONLINE_SMOKE phase=AMX_DENOMINATOR_VS_SVML_SIMULATION N=17 D=17 K=8 d=47 block=16 finite=1 max_abs_error=0 mean_abs_error=0 relative_L2_error=0 gate=same_p_r_gamma_budget_and_relative_L2_1e-5 pass=1
ICPP_ONLINE_SMOKE phase=AMX_DENOMINATOR_VS_TR16_SIMD_REPLAY N=17 D=17 K=8 d=47 block=16 finite=1 max_abs_error=0 mean_abs_error=0 relative_L2_error=0 gate=bitwise_same_lane_layout_and_mul_add_order pass=1
ICPP_ONLINE_SMOKE phase=AMX_VS_FP32_MASTER N=17 D=17 K=8 d=47 block=16 finite=1 max_abs_error=0.000327621874601 mean_abs_error=2.87663502029e-05 relative_L2_error=0.00277394795814 gate=master_absolute_.003_small_fixture_only pass=1
ICPP_ONLINE_SMOKE phase=PROFILE_ON_VS_OFF N=17 D=17 K=8 d=47 block=16 finite=1 max_abs_error=0 mean_abs_error=0 relative_L2_error=0 gate=bitwise_arithmetic_invariance pass=1
ICPP_ONLINE_SMOKE phase=FINISH_NORMALIZATION_AND_ELU N=17 D=17 K=8 d=47 block=16 finite=1 max_abs_error=2.09547579288e-07 mean_abs_error=3.11002493179e-08 relative_L2_error=3.60622275849e-06 gate=abs_1e-5_SVML_activation_difference pass=1
ICPP_ONLINE_SMOKE_COUNTERS N=17 D=17 K=8 d=47 block=16 edges=1352 blocks=752 max_updates=206 rescales=86 rescale_events=33 spill_bytes=101376 reload_bytes=101376 neighbor_steps=4240 amx_calls=12720 original_row_scatter=true complete_neighborhoods=true independent_heads=true
ICPP_ONLINE_SMOKE phase=FP32_V_ONLINE_VS_FP64_STABLE_SAME_LR N=17 D=17 K=8 d=47 block=32 finite=1 max_abs_error=1.0045433331e-07 mean_abs_error=7.97473334429e-09 relative_L2_error=8.73500755814e-07 gate=abs_1e-5_and_relative_L2_1e-5 pass=1
ICPP_ONLINE_SMOKE phase=BF16_EMULATION_STD_EXP_VS_SVML_EXP N=17 D=17 K=8 d=47 block=32 finite=1 max_abs_error=1.67638063431e-08 mean_abs_error=5.73731938331e-10 relative_L2_error=8.9420330869e-08 gate=diagnostic_RNE_threshold_sensitive pass=1
ICPP_ONLINE_SMOKE phase=BF16_EMULATION_VS_FP32_MASTER N=17 D=17 K=8 d=47 block=32 finite=1 max_abs_error=0.000327621874601 mean_abs_error=2.85922221182e-05 relative_L2_error=0.00276048262918 gate=master_absolute_.003_small_fixture_only pass=1
ICPP_ONLINE_SMOKE phase=BF16_EMULATION_VS_QUANTIZED_HW_STABLE N=17 D=17 K=8 d=47 block=32 finite=1 max_abs_error=0.000110286357116 mean_abs_error=1.25558427085e-05 relative_L2_error=0.00114292762957 gate=diagnostic_additional_pH_RNE pass=1
ICPP_ONLINE_SMOKE phase=AMX_VS_BF16_TDP_EMULATION_SAME_SVML_EXP N=17 D=17 K=8 d=47 block=32 finite=1 max_abs_error=0 mean_abs_error=0 relative_L2_error=0 gate=operand_based_FP32_rounding_budget pass=1
ICPP_ONLINE_SMOKE_BUDGET N=17 D=17 K=8 d=47 block=32 max_absolute_budget=6.57683161424e-06 max_error_to_budget=0 basis=gamma17_plus_gamma_edge_kb_rescales independent_of_master_BF16_error=true
ICPP_ONLINE_SMOKE phase=AMX_VS_BF16_EMULATION_STD_EXP N=17 D=17 K=8 d=47 block=32 finite=1 max_abs_error=1.67638063431e-08 mean_abs_error=5.73731938331e-10 relative_L2_error=8.9420330869e-08 gate=diagnostic_exp_and_RNE_difference pass=1
ICPP_ONLINE_DEN_BUDGET N=17 D=17 K=8 d=47 block=32 differing_states=0 omitted_differing_states=0 max_absolute_budget=0.00665244168375 max_error_to_budget=0 basis=2_gamma_degree_plus_rescales_times_FP64_same_p_r_shadow master_gate_independent=true arithmetic_budget_pass=1
ICPP_ONLINE_SMOKE phase=AMX_DENOMINATOR_VS_SVML_SIMULATION N=17 D=17 K=8 d=47 block=32 finite=1 max_abs_error=0 mean_abs_error=0 relative_L2_error=0 gate=same_p_r_gamma_budget_and_relative_L2_1e-5 pass=1
ICPP_ONLINE_SMOKE phase=AMX_DENOMINATOR_VS_TR16_SIMD_REPLAY N=17 D=17 K=8 d=47 block=32 finite=1 max_abs_error=0 mean_abs_error=0 relative_L2_error=0 gate=bitwise_same_lane_layout_and_mul_add_order pass=1
ICPP_ONLINE_SMOKE phase=AMX_VS_FP32_MASTER N=17 D=17 K=8 d=47 block=32 finite=1 max_abs_error=0.000327621874601 mean_abs_error=2.85923105581e-05 relative_L2_error=0.00276048693793 gate=master_absolute_.003_small_fixture_only pass=1
ICPP_ONLINE_SMOKE phase=PROFILE_ON_VS_OFF N=17 D=17 K=8 d=47 block=32 finite=1 max_abs_error=0 mean_abs_error=0 relative_L2_error=0 gate=bitwise_arithmetic_invariance pass=1
ICPP_ONLINE_SMOKE phase=FINISH_NORMALIZATION_AND_ELU N=17 D=17 K=8 d=47 block=32 finite=1 max_abs_error=2.09547579288e-07 mean_abs_error=3.11111814669e-08 relative_L2_error=3.60518313819e-06 gate=abs_1e-5_SVML_activation_difference pass=1
ICPP_ONLINE_SMOKE_COUNTERS N=17 D=17 K=8 d=47 block=32 edges=1352 blocks=416 max_updates=168 rescales=48 rescale_events=17 spill_bytes=52224 reload_bytes=52224 neighbor_steps=4240 amx_calls=12720 original_row_scatter=true complete_neighborhoods=true independent_heads=true
ICPP_ONLINE_SMOKE phase=FP32_V_ONLINE_VS_FP64_STABLE_SAME_LR N=17 D=17 K=8 d=47 block=64 finite=1 max_abs_error=1.0045433331e-07 mean_abs_error=7.97499657768e-09 relative_L2_error=8.78482432554e-07 gate=abs_1e-5_and_relative_L2_1e-5 pass=1
ICPP_ONLINE_SMOKE phase=BF16_EMULATION_STD_EXP_VS_SVML_EXP N=17 D=17 K=8 d=47 block=64 finite=1 max_abs_error=1.67638063431e-08 mean_abs_error=5.52410462805e-10 relative_L2_error=8.77016795482e-08 gate=diagnostic_RNE_threshold_sensitive pass=1
ICPP_ONLINE_SMOKE phase=BF16_EMULATION_VS_FP32_MASTER N=17 D=17 K=8 d=47 block=64 finite=1 max_abs_error=0.000327621874601 mean_abs_error=2.85624405605e-05 relative_L2_error=0.00276207653995 gate=master_absolute_.003_small_fixture_only pass=1
ICPP_ONLINE_SMOKE phase=BF16_EMULATION_VS_QUANTIZED_HW_STABLE N=17 D=17 K=8 d=47 block=64 finite=1 max_abs_error=0.000110540731271 mean_abs_error=1.26182099162e-05 relative_L2_error=0.00115196018703 gate=diagnostic_additional_pH_RNE pass=1
ICPP_ONLINE_SMOKE phase=AMX_VS_BF16_TDP_EMULATION_SAME_SVML_EXP N=17 D=17 K=8 d=47 block=64 finite=1 max_abs_error=0 mean_abs_error=0 relative_L2_error=0 gate=operand_based_FP32_rounding_budget pass=1
ICPP_ONLINE_SMOKE_BUDGET N=17 D=17 K=8 d=47 block=64 max_absolute_budget=6.57683161424e-06 max_error_to_budget=0 basis=gamma17_plus_gamma_edge_kb_rescales independent_of_master_BF16_error=true
ICPP_ONLINE_SMOKE phase=AMX_VS_BF16_EMULATION_STD_EXP N=17 D=17 K=8 d=47 block=64 finite=1 max_abs_error=1.67638063431e-08 mean_abs_error=5.52410462805e-10 relative_L2_error=8.77016795482e-08 gate=diagnostic_exp_and_RNE_difference pass=1
ICPP_ONLINE_DEN_BUDGET N=17 D=17 K=8 d=47 block=64 differing_states=0 omitted_differing_states=0 max_absolute_budget=0.00665244168375 max_error_to_budget=0 basis=2_gamma_degree_plus_rescales_times_FP64_same_p_r_shadow master_gate_independent=true arithmetic_budget_pass=1
ICPP_ONLINE_SMOKE phase=AMX_DENOMINATOR_VS_SVML_SIMULATION N=17 D=17 K=8 d=47 block=64 finite=1 max_abs_error=0 mean_abs_error=0 relative_L2_error=0 gate=same_p_r_gamma_budget_and_relative_L2_1e-5 pass=1
ICPP_ONLINE_SMOKE phase=AMX_DENOMINATOR_VS_TR16_SIMD_REPLAY N=17 D=17 K=8 d=47 block=64 finite=1 max_abs_error=0 mean_abs_error=0 relative_L2_error=0 gate=bitwise_same_lane_layout_and_mul_add_order pass=1
ICPP_ONLINE_SMOKE phase=AMX_VS_FP32_MASTER N=17 D=17 K=8 d=47 block=64 finite=1 max_abs_error=0.000327621874601 mean_abs_error=2.8562519768e-05 relative_L2_error=0.00276208049054 gate=master_absolute_.003_small_fixture_only pass=1
ICPP_ONLINE_SMOKE phase=PROFILE_ON_VS_OFF N=17 D=17 K=8 d=47 block=64 finite=1 max_abs_error=0 mean_abs_error=0 relative_L2_error=0 gate=bitwise_arithmetic_invariance pass=1
ICPP_ONLINE_SMOKE phase=FINISH_NORMALIZATION_AND_ELU N=17 D=17 K=8 d=47 block=64 finite=1 max_abs_error=2.09547579288e-07 mean_abs_error=3.09490973314e-08 relative_L2_error=3.59021636848e-06 gate=abs_1e-5_SVML_activation_difference pass=1
ICPP_ONLINE_SMOKE_COUNTERS N=17 D=17 K=8 d=47 block=64 edges=1352 blocks=256 max_updates=148 rescales=28 rescale_events=10 spill_bytes=30720 reload_bytes=30720 neighbor_steps=4240 amx_calls=12720 original_row_scatter=true complete_neighborhoods=true independent_heads=true
ICPP_ONLINE_SMOKE phase=FP32_V_ONLINE_VS_FP64_STABLE_SAME_LR N=35 D=33 K=1 d=64 block=16 finite=1 max_abs_error=1.44456846627e-07 mean_abs_error=1.01996914903e-08 relative_L2_error=1.14564936886e-06 gate=abs_1e-5_and_relative_L2_1e-5 pass=1
ICPP_ONLINE_SMOKE phase=BF16_EMULATION_STD_EXP_VS_SVML_EXP N=35 D=33 K=1 d=64 block=16 finite=1 max_abs_error=7.45058059692e-09 mean_abs_error=5.89808303784e-10 relative_L2_error=7.12803277674e-08 gate=diagnostic_RNE_threshold_sensitive pass=1
ICPP_ONLINE_SMOKE phase=BF16_EMULATION_VS_FP32_MASTER N=35 D=33 K=1 d=64 block=16 finite=1 max_abs_error=0.000265093334273 mean_abs_error=2.41137295557e-05 relative_L2_error=0.00227370154766 gate=master_absolute_.003_small_fixture_only pass=1
ICPP_ONLINE_SMOKE phase=BF16_EMULATION_VS_QUANTIZED_HW_STABLE N=35 D=33 K=1 d=64 block=16 finite=1 max_abs_error=8.7065371681e-05 mean_abs_error=1.05217846577e-05 relative_L2_error=0.000953398999848 gate=diagnostic_additional_pH_RNE pass=1
ICPP_ONLINE_SMOKE phase=AMX_VS_BF16_TDP_EMULATION_SAME_SVML_EXP N=35 D=33 K=1 d=64 block=16 finite=1 max_abs_error=0 mean_abs_error=0 relative_L2_error=0 gate=operand_based_FP32_rounding_budget pass=1
ICPP_ONLINE_SMOKE_BUDGET N=35 D=33 K=1 d=64 block=16 max_absolute_budget=1.4950872773e-05 max_error_to_budget=0 basis=gamma17_plus_gamma_edge_kb_rescales independent_of_master_BF16_error=true
ICPP_ONLINE_SMOKE phase=AMX_VS_BF16_EMULATION_STD_EXP N=35 D=33 K=1 d=64 block=16 finite=1 max_abs_error=7.45058059692e-09 mean_abs_error=5.89808303784e-10 relative_L2_error=7.12803277674e-08 gate=diagnostic_exp_and_RNE_difference pass=1
ICPP_ONLINE_DEN_BUDGET N=35 D=33 K=1 d=64 block=16 differing_states=0 omitted_differing_states=0 max_absolute_budget=0.00683576440808 max_error_to_budget=0 basis=2_gamma_degree_plus_rescales_times_FP64_same_p_r_shadow master_gate_independent=true arithmetic_budget_pass=1
ICPP_ONLINE_SMOKE phase=AMX_DENOMINATOR_VS_SVML_SIMULATION N=35 D=33 K=1 d=64 block=16 finite=1 max_abs_error=0 mean_abs_error=0 relative_L2_error=0 gate=same_p_r_gamma_budget_and_relative_L2_1e-5 pass=1
ICPP_ONLINE_SMOKE phase=AMX_DENOMINATOR_VS_TR16_SIMD_REPLAY N=35 D=33 K=1 d=64 block=16 finite=1 max_abs_error=0 mean_abs_error=0 relative_L2_error=0 gate=bitwise_same_lane_layout_and_mul_add_order pass=1
ICPP_ONLINE_SMOKE phase=AMX_VS_FP32_MASTER N=35 D=33 K=1 d=64 block=16 finite=1 max_abs_error=0.000265093334273 mean_abs_error=2.41137043686e-05 relative_L2_error=0.00227370324546 gate=master_absolute_.003_small_fixture_only pass=1
ICPP_ONLINE_SMOKE phase=PROFILE_ON_VS_OFF N=35 D=33 K=1 d=64 block=16 finite=1 max_abs_error=0 mean_abs_error=0 relative_L2_error=0 gate=bitwise_arithmetic_invariance pass=1
ICPP_ONLINE_SMOKE phase=FINISH_NORMALIZATION_AND_ELU N=35 D=33 K=1 d=64 block=16 finite=1 max_abs_error=1.99768692255e-07 mean_abs_error=3.56549746045e-08 relative_L2_error=3.80917689583e-06 gate=abs_1e-5_SVML_activation_difference pass=1
ICPP_ONLINE_SMOKE_COUNTERS N=35 D=33 K=1 d=64 block=16 edges=2736 blocks=190 max_updates=97 rescales=65 rescale_events=27 spill_bytes=110592 reload_bytes=110592 neighbor_steps=563 amx_calls=4504 original_row_scatter=true complete_neighborhoods=true independent_heads=true
ICPP_ONLINE_SMOKE phase=FP32_V_ONLINE_VS_FP64_STABLE_SAME_LR N=35 D=33 K=1 d=64 block=32 finite=1 max_abs_error=1.16220225416e-07 mean_abs_error=1.02541172015e-08 relative_L2_error=1.16174849441e-06 gate=abs_1e-5_and_relative_L2_1e-5 pass=1
ICPP_ONLINE_SMOKE phase=BF16_EMULATION_STD_EXP_VS_SVML_EXP N=35 D=33 K=1 d=64 block=32 finite=1 max_abs_error=7.45058059692e-09 mean_abs_error=3.95979782297e-10 relative_L2_error=5.37784503556e-08 gate=diagnostic_RNE_threshold_sensitive pass=1
ICPP_ONLINE_SMOKE phase=BF16_EMULATION_VS_FP32_MASTER N=35 D=33 K=1 d=64 block=32 finite=1 max_abs_error=0.000265093334273 mean_abs_error=2.50704482882e-05 relative_L2_error=0.00234565890251 gate=master_absolute_.003_small_fixture_only pass=1
ICPP_ONLINE_SMOKE phase=BF16_EMULATION_VS_QUANTIZED_HW_STABLE N=35 D=33 K=1 d=64 block=32 finite=1 max_abs_error=8.7065371681e-05 mean_abs_error=1.27749479111e-05 relative_L2_error=0.00110906676576 gate=diagnostic_additional_pH_RNE pass=1
ICPP_ONLINE_SMOKE phase=AMX_VS_BF16_TDP_EMULATION_SAME_SVML_EXP N=35 D=33 K=1 d=64 block=32 finite=1 max_abs_error=0 mean_abs_error=0 relative_L2_error=0 gate=operand_based_FP32_rounding_budget pass=1
ICPP_ONLINE_SMOKE_BUDGET N=35 D=33 K=1 d=64 block=32 max_absolute_budget=1.47210395166e-05 max_error_to_budget=0 basis=gamma17_plus_gamma_edge_kb_rescales independent_of_master_BF16_error=true
ICPP_ONLINE_SMOKE phase=AMX_VS_BF16_EMULATION_STD_EXP N=35 D=33 K=1 d=64 block=32 finite=1 max_abs_error=7.45058059692e-09 mean_abs_error=3.95979782297e-10 relative_L2_error=5.37784503556e-08 gate=diagnostic_exp_and_RNE_difference pass=1
ICPP_ONLINE_DEN_BUDGET N=35 D=33 K=1 d=64 block=32 differing_states=0 omitted_differing_states=0 max_absolute_budget=0.00662361564396 max_error_to_budget=0 basis=2_gamma_degree_plus_rescales_times_FP64_same_p_r_shadow master_gate_independent=true arithmetic_budget_pass=1
ICPP_ONLINE_SMOKE phase=AMX_DENOMINATOR_VS_SVML_SIMULATION N=35 D=33 K=1 d=64 block=32 finite=1 max_abs_error=0 mean_abs_error=0 relative_L2_error=0 gate=same_p_r_gamma_budget_and_relative_L2_1e-5 pass=1
ICPP_ONLINE_SMOKE phase=AMX_DENOMINATOR_VS_TR16_SIMD_REPLAY N=35 D=33 K=1 d=64 block=32 finite=1 max_abs_error=0 mean_abs_error=0 relative_L2_error=0 gate=bitwise_same_lane_layout_and_mul_add_order pass=1
ICPP_ONLINE_SMOKE phase=AMX_VS_FP32_MASTER N=35 D=33 K=1 d=64 block=32 finite=1 max_abs_error=0.000265093334273 mean_abs_error=2.50704996361e-05 relative_L2_error=0.00234566368441 gate=master_absolute_.003_small_fixture_only pass=1
ICPP_ONLINE_SMOKE phase=PROFILE_ON_VS_OFF N=35 D=33 K=1 d=64 block=32 finite=1 max_abs_error=0 mean_abs_error=0 relative_L2_error=0 gate=bitwise_arithmetic_invariance pass=1
ICPP_ONLINE_SMOKE phase=FINISH_NORMALIZATION_AND_ELU N=35 D=33 K=1 d=64 block=32 finite=1 max_abs_error=2.00234353542e-07 mean_abs_error=3.55166605063e-08 relative_L2_error=3.80077266655e-06 gate=abs_1e-5_SVML_activation_difference pass=1
ICPP_ONLINE_SMOKE_COUNTERS N=35 D=33 K=1 d=64 block=32 edges=2736 blocks=105 max_updates=60 rescales=28 rescale_events=13 spill_bytes=53248 reload_bytes=53248 neighbor_steps=563 amx_calls=4504 original_row_scatter=true complete_neighborhoods=true independent_heads=true
ICPP_ONLINE_SMOKE phase=FP32_V_ONLINE_VS_FP64_STABLE_SAME_LR N=35 D=33 K=1 d=64 block=64 finite=1 max_abs_error=1.45543414744e-07 mean_abs_error=1.05942016539e-08 relative_L2_error=1.21867883587e-06 gate=abs_1e-5_and_relative_L2_1e-5 pass=1
ICPP_ONLINE_SMOKE phase=BF16_EMULATION_STD_EXP_VS_SVML_EXP N=35 D=33 K=1 d=64 block=64 finite=1 max_abs_error=7.45058059692e-09 mean_abs_error=4.33669608161e-10 relative_L2_error=5.63739746788e-08 gate=diagnostic_RNE_threshold_sensitive pass=1
ICPP_ONLINE_SMOKE phase=BF16_EMULATION_VS_FP32_MASTER N=35 D=33 K=1 d=64 block=64 finite=1 max_abs_error=0.000265093334273 mean_abs_error=2.51885280059e-05 relative_L2_error=0.00235663654137 gate=master_absolute_.003_small_fixture_only pass=1
ICPP_ONLINE_SMOKE phase=BF16_EMULATION_VS_QUANTIZED_HW_STABLE N=35 D=33 K=1 d=64 block=64 finite=1 max_abs_error=8.7065371681e-05 mean_abs_error=1.28435854379e-05 relative_L2_error=0.00112664147527 gate=diagnostic_additional_pH_RNE pass=1
ICPP_ONLINE_SMOKE phase=AMX_VS_BF16_TDP_EMULATION_SAME_SVML_EXP N=35 D=33 K=1 d=64 block=64 finite=1 max_abs_error=0 mean_abs_error=0 relative_L2_error=0 gate=operand_based_FP32_rounding_budget pass=1
ICPP_ONLINE_SMOKE_BUDGET N=35 D=33 K=1 d=64 block=64 max_absolute_budget=1.46198856287e-05 max_error_to_budget=0 basis=gamma17_plus_gamma_edge_kb_rescales independent_of_master_BF16_error=true
ICPP_ONLINE_SMOKE phase=AMX_VS_BF16_EMULATION_STD_EXP N=35 D=33 K=1 d=64 block=64 finite=1 max_abs_error=7.45058059692e-09 mean_abs_error=4.33669608161e-10 relative_L2_error=5.63739746788e-08 gate=diagnostic_exp_and_RNE_difference pass=1
ICPP_ONLINE_DEN_BUDGET N=35 D=33 K=1 d=64 block=64 differing_states=0 omitted_differing_states=0 max_absolute_budget=0.00652932865223 max_error_to_budget=0 basis=2_gamma_degree_plus_rescales_times_FP64_same_p_r_shadow master_gate_independent=true arithmetic_budget_pass=1
ICPP_ONLINE_SMOKE phase=AMX_DENOMINATOR_VS_SVML_SIMULATION N=35 D=33 K=1 d=64 block=64 finite=1 max_abs_error=0 mean_abs_error=0 relative_L2_error=0 gate=same_p_r_gamma_budget_and_relative_L2_1e-5 pass=1
ICPP_ONLINE_SMOKE phase=AMX_DENOMINATOR_VS_TR16_SIMD_REPLAY N=35 D=33 K=1 d=64 block=64 finite=1 max_abs_error=0 mean_abs_error=0 relative_L2_error=0 gate=bitwise_same_lane_layout_and_mul_add_order pass=1
ICPP_ONLINE_SMOKE phase=AMX_VS_FP32_MASTER N=35 D=33 K=1 d=64 block=64 finite=1 max_abs_error=0.000265093334273 mean_abs_error=2.51885659982e-05 relative_L2_error=0.00235664110514 gate=master_absolute_.003_small_fixture_only pass=1
ICPP_ONLINE_SMOKE phase=PROFILE_ON_VS_OFF N=35 D=33 K=1 d=64 block=64 finite=1 max_abs_error=0 mean_abs_error=0 relative_L2_error=0 gate=bitwise_arithmetic_invariance pass=1
ICPP_ONLINE_SMOKE phase=FINISH_NORMALIZATION_AND_ELU N=35 D=33 K=1 d=64 block=64 finite=1 max_abs_error=1.98371708393e-07 mean_abs_error=3.5446756032e-08 relative_L2_error=3.79508566316e-06 gate=abs_1e-5_SVML_activation_difference pass=1
ICPP_ONLINE_SMOKE_COUNTERS N=35 D=33 K=1 d=64 block=64 edges=2736 blocks=65 max_updates=43 rescales=11 rescale_events=6 spill_bytes=24576 reload_bytes=24576 neighbor_steps=563 amx_calls=4504 original_row_scatter=true complete_neighborhoods=true independent_heads=true
ICPP_ONLINE_SMOKE phase=FP32_V_ONLINE_VS_FP64_STABLE_SAME_LR N=17 D=33 K=2 d=7 block=16 finite=1 max_abs_error=1.19625558511e-07 mean_abs_error=1.15055219252e-08 relative_L2_error=1.18675839539e-06 gate=abs_1e-5_and_relative_L2_1e-5 pass=1
ICPP_ONLINE_SMOKE phase=BF16_EMULATION_STD_EXP_VS_SVML_EXP N=17 D=33 K=2 d=7 block=16 finite=1 max_abs_error=9.31322574615e-09 mean_abs_error=6.83695445729e-10 relative_L2_error=8.50654168271e-08 gate=diagnostic_RNE_threshold_sensitive pass=1
ICPP_ONLINE_SMOKE phase=BF16_EMULATION_VS_FP32_MASTER N=17 D=33 K=2 d=7 block=16 finite=1 max_abs_error=0.000182077118559 mean_abs_error=3.17856302643e-05 relative_L2_error=0.00248664619669 gate=master_absolute_.003_small_fixture_only pass=1
ICPP_ONLINE_SMOKE phase=BF16_EMULATION_VS_QUANTIZED_HW_STABLE N=17 D=33 K=2 d=7 block=16 finite=1 max_abs_error=7.50636480797e-05 mean_abs_error=1.392277928e-05 relative_L2_error=0.00112513038184 gate=diagnostic_additional_pH_RNE pass=1
ICPP_ONLINE_SMOKE phase=AMX_VS_BF16_TDP_EMULATION_SAME_SVML_EXP N=17 D=33 K=2 d=7 block=16 finite=1 max_abs_error=0 mean_abs_error=0 relative_L2_error=0 gate=operand_based_FP32_rounding_budget pass=1
ICPP_ONLINE_SMOKE_BUDGET N=17 D=33 K=2 d=7 block=16 max_absolute_budget=1.412170293e-05 max_error_to_budget=0 basis=gamma17_plus_gamma_edge_kb_rescales independent_of_master_BF16_error=true
ICPP_ONLINE_SMOKE phase=AMX_VS_BF16_EMULATION_STD_EXP N=17 D=33 K=2 d=7 block=16 finite=1 max_abs_error=9.31322574615e-09 mean_abs_error=6.83695445729e-10 relative_L2_error=8.50654168271e-08 gate=diagnostic_exp_and_RNE_difference pass=1
ICPP_ONLINE_DEN_BUDGET N=17 D=33 K=2 d=7 block=16 differing_states=0 omitted_differing_states=0 max_absolute_budget=0.00660352282961 max_error_to_budget=0 basis=2_gamma_degree_plus_rescales_times_FP64_same_p_r_shadow master_gate_independent=true arithmetic_budget_pass=1
ICPP_ONLINE_SMOKE phase=AMX_DENOMINATOR_VS_SVML_SIMULATION N=17 D=33 K=2 d=7 block=16 finite=1 max_abs_error=0 mean_abs_error=0 relative_L2_error=0 gate=same_p_r_gamma_budget_and_relative_L2_1e-5 pass=1
ICPP_ONLINE_SMOKE phase=AMX_DENOMINATOR_VS_TR16_SIMD_REPLAY N=17 D=33 K=2 d=7 block=16 finite=1 max_abs_error=0 mean_abs_error=0 relative_L2_error=0 gate=bitwise_same_lane_layout_and_mul_add_order pass=1
ICPP_ONLINE_SMOKE phase=AMX_VS_FP32_MASTER N=17 D=33 K=2 d=7 block=16 finite=1 max_abs_error=0.000182077118559 mean_abs_error=3.17854645681e-05 relative_L2_error=0.00248664555601 gate=master_absolute_.003_small_fixture_only pass=1
ICPP_ONLINE_SMOKE phase=PROFILE_ON_VS_OFF N=17 D=33 K=2 d=7 block=16 finite=1 max_abs_error=0 mean_abs_error=0 relative_L2_error=0 gate=bitwise_arithmetic_invariance pass=1
ICPP_ONLINE_SMOKE phase=FINISH_NORMALIZATION_AND_ELU N=17 D=33 K=2 d=7 block=16 finite=1 max_abs_error=1.98371708393e-07 mean_abs_error=4.69257689214e-08 relative_L2_error=4.26807410931e-06 gate=abs_1e-5_SVML_activation_difference pass=1
ICPP_ONLINE_SMOKE_COUNTERS N=17 D=33 K=2 d=7 block=16 edges=1352 blocks=188 max_updates=71 rescales=41 rescale_events=16 spill_bytes=16384 reload_bytes=16384 neighbor_steps=1060 amx_calls=2120 original_row_scatter=true complete_neighborhoods=true independent_heads=true
ICPP_ONLINE_SMOKE phase=FP32_V_ONLINE_VS_FP64_STABLE_SAME_LR N=17 D=33 K=2 d=7 block=32 finite=1 max_abs_error=1.12174977914e-07 mean_abs_error=1.2722054702e-08 relative_L2_error=1.27579557443e-06 gate=abs_1e-5_and_relative_L2_1e-5 pass=1
ICPP_ONLINE_SMOKE phase=BF16_EMULATION_STD_EXP_VS_SVML_EXP N=17 D=33 K=2 d=7 block=32 finite=1 max_abs_error=9.31322574615e-09 mean_abs_error=6.57281885315e-10 relative_L2_error=7.90870997649e-08 gate=diagnostic_RNE_threshold_sensitive pass=1
ICPP_ONLINE_SMOKE phase=BF16_EMULATION_VS_FP32_MASTER N=17 D=33 K=2 d=7 block=32 finite=1 max_abs_error=0.000182077118559 mean_abs_error=3.24022160082e-05 relative_L2_error=0.00251235769549 gate=master_absolute_.003_small_fixture_only pass=1
ICPP_ONLINE_SMOKE phase=BF16_EMULATION_VS_QUANTIZED_HW_STABLE N=17 D=33 K=2 d=7 block=32 finite=1 max_abs_error=7.50636480797e-05 mean_abs_error=1.53884318967e-05 relative_L2_error=0.00118707825857 gate=diagnostic_additional_pH_RNE pass=1
ICPP_ONLINE_SMOKE phase=AMX_VS_BF16_TDP_EMULATION_SAME_SVML_EXP N=17 D=33 K=2 d=7 block=32 finite=1 max_abs_error=0 mean_abs_error=0 relative_L2_error=0 gate=operand_based_FP32_rounding_budget pass=1
ICPP_ONLINE_SMOKE_BUDGET N=17 D=33 K=2 d=7 block=32 max_absolute_budget=1.412170293e-05 max_error_to_budget=0 basis=gamma17_plus_gamma_edge_kb_rescales independent_of_master_BF16_error=true
ICPP_ONLINE_SMOKE phase=AMX_VS_BF16_EMULATION_STD_EXP N=17 D=33 K=2 d=7 block=32 finite=1 max_abs_error=9.31322574615e-09 mean_abs_error=6.57281885315e-10 relative_L2_error=7.90870997649e-08 gate=diagnostic_exp_and_RNE_difference pass=1
ICPP_ONLINE_DEN_BUDGET N=17 D=33 K=2 d=7 block=32 differing_states=0 omitted_differing_states=0 max_absolute_budget=0.00660352282961 max_error_to_budget=0 basis=2_gamma_degree_plus_rescales_times_FP64_same_p_r_shadow master_gate_independent=true arithmetic_budget_pass=1
ICPP_ONLINE_SMOKE phase=AMX_DENOMINATOR_VS_SVML_SIMULATION N=17 D=33 K=2 d=7 block=32 finite=1 max_abs_error=0 mean_abs_error=0 relative_L2_error=0 gate=same_p_r_gamma_budget_and_relative_L2_1e-5 pass=1
ICPP_ONLINE_SMOKE phase=AMX_DENOMINATOR_VS_TR16_SIMD_REPLAY N=17 D=33 K=2 d=7 block=32 finite=1 max_abs_error=0 mean_abs_error=0 relative_L2_error=0 gate=bitwise_same_lane_layout_and_mul_add_order pass=1
ICPP_ONLINE_SMOKE phase=AMX_VS_FP32_MASTER N=17 D=33 K=2 d=7 block=32 finite=1 max_abs_error=0.000182077118559 mean_abs_error=3.24020581383e-05 relative_L2_error=0.00251235427312 gate=master_absolute_.003_small_fixture_only pass=1
ICPP_ONLINE_SMOKE phase=PROFILE_ON_VS_OFF N=17 D=33 K=2 d=7 block=32 finite=1 max_abs_error=0 mean_abs_error=0 relative_L2_error=0 gate=bitwise_arithmetic_invariance pass=1
ICPP_ONLINE_SMOKE phase=FINISH_NORMALIZATION_AND_ELU N=17 D=33 K=2 d=7 block=32 finite=1 max_abs_error=1.98371708393e-07 mean_abs_error=4.67188626982e-08 relative_L2_error=4.26972388307e-06 gate=abs_1e-5_SVML_activation_difference pass=1
ICPP_ONLINE_SMOKE_COUNTERS N=17 D=33 K=2 d=7 block=32 edges=1352 blocks=104 max_updates=50 rescales=20 rescale_events=8 spill_bytes=8192 reload_bytes=8192 neighbor_steps=1060 amx_calls=2120 original_row_scatter=true complete_neighborhoods=true independent_heads=true
ICPP_ONLINE_SMOKE phase=FP32_V_ONLINE_VS_FP64_STABLE_SAME_LR N=17 D=33 K=2 d=7 block=64 finite=1 max_abs_error=8.99037679858e-08 mean_abs_error=1.10979490015e-08 relative_L2_error=1.06619131226e-06 gate=abs_1e-5_and_relative_L2_1e-5 pass=1
ICPP_ONLINE_SMOKE phase=BF16_EMULATION_STD_EXP_VS_SVML_EXP N=17 D=33 K=2 d=7 block=64 finite=1 max_abs_error=9.31322574615e-09 mean_abs_error=6.11302724593e-10 relative_L2_error=7.93261183074e-08 gate=diagnostic_RNE_threshold_sensitive pass=1
ICPP_ONLINE_SMOKE phase=BF16_EMULATION_VS_FP32_MASTER N=17 D=33 K=2 d=7 block=64 finite=1 max_abs_error=0.000182077118559 mean_abs_error=3.22336912911e-05 relative_L2_error=0.00249132767252 gate=master_absolute_.003_small_fixture_only pass=1
ICPP_ONLINE_SMOKE phase=BF16_EMULATION_VS_QUANTIZED_HW_STABLE N=17 D=33 K=2 d=7 block=64 finite=1 max_abs_error=7.50636480797e-05 mean_abs_error=1.61126076959e-05 relative_L2_error=0.00124342366592 gate=diagnostic_additional_pH_RNE pass=1
ICPP_ONLINE_SMOKE phase=AMX_VS_BF16_TDP_EMULATION_SAME_SVML_EXP N=17 D=33 K=2 d=7 block=64 finite=1 max_abs_error=0 mean_abs_error=0 relative_L2_error=0 gate=operand_based_FP32_rounding_budget pass=1
ICPP_ONLINE_SMOKE_BUDGET N=17 D=33 K=2 d=7 block=64 max_absolute_budget=1.412170293e-05 max_error_to_budget=0 basis=gamma17_plus_gamma_edge_kb_rescales independent_of_master_BF16_error=true
ICPP_ONLINE_SMOKE phase=AMX_VS_BF16_EMULATION_STD_EXP N=17 D=33 K=2 d=7 block=64 finite=1 max_abs_error=9.31322574615e-09 mean_abs_error=6.11302724593e-10 relative_L2_error=7.93261183074e-08 gate=diagnostic_exp_and_RNE_difference pass=1
ICPP_ONLINE_DEN_BUDGET N=17 D=33 K=2 d=7 block=64 differing_states=0 omitted_differing_states=0 max_absolute_budget=0.00660352282961 max_error_to_budget=0 basis=2_gamma_degree_plus_rescales_times_FP64_same_p_r_shadow master_gate_independent=true arithmetic_budget_pass=1
ICPP_ONLINE_SMOKE phase=AMX_DENOMINATOR_VS_SVML_SIMULATION N=17 D=33 K=2 d=7 block=64 finite=1 max_abs_error=0 mean_abs_error=0 relative_L2_error=0 gate=same_p_r_gamma_budget_and_relative_L2_1e-5 pass=1
ICPP_ONLINE_SMOKE phase=AMX_DENOMINATOR_VS_TR16_SIMD_REPLAY N=17 D=33 K=2 d=7 block=64 finite=1 max_abs_error=0 mean_abs_error=0 relative_L2_error=0 gate=bitwise_same_lane_layout_and_mul_add_order pass=1
ICPP_ONLINE_SMOKE phase=AMX_VS_FP32_MASTER N=17 D=33 K=2 d=7 block=64 finite=1 max_abs_error=0.000182077118559 mean_abs_error=3.22334796158e-05 relative_L2_error=0.00249132139581 gate=master_absolute_.003_small_fixture_only pass=1
ICPP_ONLINE_SMOKE phase=PROFILE_ON_VS_OFF N=17 D=33 K=2 d=7 block=64 finite=1 max_abs_error=0 mean_abs_error=0 relative_L2_error=0 gate=bitwise_arithmetic_invariance pass=1
ICPP_ONLINE_SMOKE phase=FINISH_NORMALIZATION_AND_ELU N=17 D=33 K=2 d=7 block=64 finite=1 max_abs_error=1.98371708393e-07 mean_abs_error=4.63143439118e-08 relative_L2_error=4.22780777842e-06 gate=abs_1e-5_SVML_activation_difference pass=1
ICPP_ONLINE_SMOKE_COUNTERS N=17 D=33 K=2 d=7 block=64 edges=1352 blocks=64 max_updates=39 rescales=9 rescale_events=4 spill_bytes=4096 reload_bytes=4096 neighbor_steps=1060 amx_calls=2120 original_row_scatter=true complete_neighborhoods=true independent_heads=true
ICPP_ONLINE_SMOKE phase=FP32_V_ONLINE_VS_FP64_STABLE_SAME_LR N=35 D=33 K=8 d=32 block=16 finite=1 max_abs_error=2.37074401624e-07 mean_abs_error=1.14179630624e-08 relative_L2_error=1.23834241934e-06 gate=abs_1e-5_and_relative_L2_1e-5 pass=1
ICPP_ONLINE_SMOKE phase=BF16_EMULATION_STD_EXP_VS_SVML_EXP N=35 D=33 K=8 d=32 block=16 finite=1 max_abs_error=2.60770320892e-08 mean_abs_error=6.58818701181e-10 relative_L2_error=1.00218808931e-07 gate=diagnostic_RNE_threshold_sensitive pass=1
ICPP_ONLINE_SMOKE phase=BF16_EMULATION_VS_FP32_MASTER N=35 D=33 K=8 d=32 block=16 finite=1 max_abs_error=0.000301352164786 mean_abs_error=2.47782552601e-05 relative_L2_error=0.00221187832059 gate=master_absolute_.003_small_fixture_only pass=1
ICPP_ONLINE_SMOKE phase=BF16_EMULATION_VS_QUANTIZED_HW_STABLE N=35 D=33 K=8 d=32 block=16 finite=1 max_abs_error=0.000168999633761 mean_abs_error=1.07294094275e-05 relative_L2_error=0.000918401958041 gate=diagnostic_additional_pH_RNE pass=1
ICPP_ONLINE_SMOKE phase=AMX_VS_BF16_TDP_EMULATION_SAME_SVML_EXP N=35 D=33 K=8 d=32 block=16 finite=1 max_abs_error=0 mean_abs_error=0 relative_L2_error=0 gate=operand_based_FP32_rounding_budget pass=1
ICPP_ONLINE_SMOKE_BUDGET N=35 D=33 K=8 d=32 block=16 max_absolute_budget=1.58106310097e-05 max_error_to_budget=0 basis=gamma17_plus_gamma_edge_kb_rescales independent_of_master_BF16_error=true
ICPP_ONLINE_SMOKE phase=AMX_VS_BF16_EMULATION_STD_EXP N=35 D=33 K=8 d=32 block=16 finite=1 max_abs_error=2.60770320892e-08 mean_abs_error=6.58818701181e-10 relative_L2_error=1.00218808931e-07 gate=diagnostic_exp_and_RNE_difference pass=1
ICPP_ONLINE_DEN_BUDGET N=35 D=33 K=8 d=32 block=16 differing_states=0 omitted_differing_states=0 max_absolute_budget=0.0064888844497 max_error_to_budget=0 basis=2_gamma_degree_plus_rescales_times_FP64_same_p_r_shadow master_gate_independent=true arithmetic_budget_pass=1
ICPP_ONLINE_SMOKE phase=AMX_DENOMINATOR_VS_SVML_SIMULATION N=35 D=33 K=8 d=32 block=16 finite=1 max_abs_error=0 mean_abs_error=0 relative_L2_error=0 gate=same_p_r_gamma_budget_and_relative_L2_1e-5 pass=1
ICPP_ONLINE_SMOKE phase=AMX_DENOMINATOR_VS_TR16_SIMD_REPLAY N=35 D=33 K=8 d=32 block=16 finite=1 max_abs_error=0 mean_abs_error=0 relative_L2_error=0 gate=bitwise_same_lane_layout_and_mul_add_order pass=1
ICPP_ONLINE_SMOKE phase=AMX_VS_FP32_MASTER N=35 D=33 K=8 d=32 block=16 finite=1 max_abs_error=0.000301352164786 mean_abs_error=2.47782101734e-05 relative_L2_error=0.00221187714476 gate=master_absolute_.003_small_fixture_only pass=1
ICPP_ONLINE_SMOKE phase=PROFILE_ON_VS_OFF N=35 D=33 K=8 d=32 block=16 finite=1 max_abs_error=0 mean_abs_error=0 relative_L2_error=0 gate=bitwise_arithmetic_invariance pass=1
ICPP_ONLINE_SMOKE phase=FINISH_NORMALIZATION_AND_ELU N=35 D=33 K=8 d=32 block=16 finite=1 max_abs_error=2.19792127609e-07 mean_abs_error=3.53211883107e-08 relative_L2_error=3.60713715891e-06 gate=abs_1e-5_SVML_activation_difference pass=1
ICPP_ONLINE_SMOKE_COUNTERS N=35 D=33 K=8 d=32 block=16 edges=2736 blocks=1520 max_updates=485 rescales=229 rescale_events=83 spill_bytes=169984 reload_bytes=169984 neighbor_steps=4504 amx_calls=18016 original_row_scatter=true complete_neighborhoods=true independent_heads=true
ICPP_ONLINE_SMOKE phase=FP32_V_ONLINE_VS_FP64_STABLE_SAME_LR N=35 D=33 K=8 d=32 block=32 finite=1 max_abs_error=2.16629600286e-07 mean_abs_error=1.15223914433e-08 relative_L2_error=1.26323622852e-06 gate=abs_1e-5_and_relative_L2_1e-5 pass=1
ICPP_ONLINE_SMOKE phase=BF16_EMULATION_STD_EXP_VS_SVML_EXP N=35 D=33 K=8 d=32 block=32 finite=1 max_abs_error=2.23517417908e-08 mean_abs_error=5.61973045876e-10 relative_L2_error=1.01722462463e-07 gate=diagnostic_RNE_threshold_sensitive pass=1
ICPP_ONLINE_SMOKE phase=BF16_EMULATION_VS_FP32_MASTER N=35 D=33 K=8 d=32 block=32 finite=1 max_abs_error=0.000301352164786 mean_abs_error=2.5230206771e-05 relative_L2_error=0.00224002826557 gate=master_absolute_.003_small_fixture_only pass=1
ICPP_ONLINE_SMOKE phase=BF16_EMULATION_VS_QUANTIZED_HW_STABLE N=35 D=33 K=8 d=32 block=32 finite=1 max_abs_error=0.000168999633761 mean_abs_error=1.14937104489e-05 relative_L2_error=0.000983389377812 gate=diagnostic_additional_pH_RNE pass=1
ICPP_ONLINE_SMOKE phase=AMX_VS_BF16_TDP_EMULATION_SAME_SVML_EXP N=35 D=33 K=8 d=32 block=32 finite=1 max_abs_error=0 mean_abs_error=0 relative_L2_error=0 gate=operand_based_FP32_rounding_budget pass=1
ICPP_ONLINE_SMOKE_BUDGET N=35 D=33 K=8 d=32 block=32 max_absolute_budget=1.58106310097e-05 max_error_to_budget=0 basis=gamma17_plus_gamma_edge_kb_rescales independent_of_master_BF16_error=true
ICPP_ONLINE_SMOKE phase=AMX_VS_BF16_EMULATION_STD_EXP N=35 D=33 K=8 d=32 block=32 finite=1 max_abs_error=2.23517417908e-08 mean_abs_error=5.61973045876e-10 relative_L2_error=1.01722462463e-07 gate=diagnostic_exp_and_RNE_difference pass=1
ICPP_ONLINE_DEN_BUDGET N=35 D=33 K=8 d=32 block=32 differing_states=0 omitted_differing_states=0 max_absolute_budget=0.0064888844497 max_error_to_budget=0 basis=2_gamma_degree_plus_rescales_times_FP64_same_p_r_shadow master_gate_independent=true arithmetic_budget_pass=1
ICPP_ONLINE_SMOKE phase=AMX_DENOMINATOR_VS_SVML_SIMULATION N=35 D=33 K=8 d=32 block=32 finite=1 max_abs_error=0 mean_abs_error=0 relative_L2_error=0 gate=same_p_r_gamma_budget_and_relative_L2_1e-5 pass=1
ICPP_ONLINE_SMOKE phase=AMX_DENOMINATOR_VS_TR16_SIMD_REPLAY N=35 D=33 K=8 d=32 block=32 finite=1 max_abs_error=0 mean_abs_error=0 relative_L2_error=0 gate=bitwise_same_lane_layout_and_mul_add_order pass=1
ICPP_ONLINE_SMOKE phase=AMX_VS_FP32_MASTER N=35 D=33 K=8 d=32 block=32 finite=1 max_abs_error=0.000301352164786 mean_abs_error=2.52301672606e-05 relative_L2_error=0.00224002665988 gate=master_absolute_.003_small_fixture_only pass=1
ICPP_ONLINE_SMOKE phase=PROFILE_ON_VS_OFF N=35 D=33 K=8 d=32 block=32 finite=1 max_abs_error=0 mean_abs_error=0 relative_L2_error=0 gate=bitwise_arithmetic_invariance pass=1
ICPP_ONLINE_SMOKE phase=FINISH_NORMALIZATION_AND_ELU N=35 D=33 K=8 d=32 block=32 finite=1 max_abs_error=2.12341547012e-07 mean_abs_error=3.51653953195e-08 relative_L2_error=3.59855943298e-06 gate=abs_1e-5_SVML_activation_difference pass=1
ICPP_ONLINE_SMOKE_COUNTERS N=35 D=33 K=8 d=32 block=32 edges=2736 blocks=840 max_updates=369 rescales=113 rescale_events=43 spill_bytes=88064 reload_bytes=88064 neighbor_steps=4504 amx_calls=18016 original_row_scatter=true complete_neighborhoods=true independent_heads=true
ICPP_ONLINE_SMOKE phase=FP32_V_ONLINE_VS_FP64_STABLE_SAME_LR N=35 D=33 K=8 d=32 block=64 finite=1 max_abs_error=2.10997369535e-07 mean_abs_error=1.15343309312e-08 relative_L2_error=1.25905526847e-06 gate=abs_1e-5_and_relative_L2_1e-5 pass=1
ICPP_ONLINE_SMOKE phase=BF16_EMULATION_STD_EXP_VS_SVML_EXP N=35 D=33 K=8 d=32 block=64 finite=1 max_abs_error=2.23517417908e-08 mean_abs_error=4.82929023755e-10 relative_L2_error=9.39696002662e-08 gate=diagnostic_RNE_threshold_sensitive pass=1
ICPP_ONLINE_SMOKE phase=BF16_EMULATION_VS_FP32_MASTER N=35 D=33 K=8 d=32 block=64 finite=1 max_abs_error=0.000301352164786 mean_abs_error=2.54558043468e-05 relative_L2_error=0.0022544923546 gate=master_absolute_.003_small_fixture_only pass=1
ICPP_ONLINE_SMOKE phase=BF16_EMULATION_VS_QUANTIZED_HW_STABLE N=35 D=33 K=8 d=32 block=64 finite=1 max_abs_error=0.000168999633761 mean_abs_error=1.18135017964e-05 relative_L2_error=0.00100444629882 gate=diagnostic_additional_pH_RNE pass=1
ICPP_ONLINE_SMOKE phase=AMX_VS_BF16_TDP_EMULATION_SAME_SVML_EXP N=35 D=33 K=8 d=32 block=64 finite=1 max_abs_error=0 mean_abs_error=0 relative_L2_error=0 gate=operand_based_FP32_rounding_budget pass=1
ICPP_ONLINE_SMOKE_BUDGET N=35 D=33 K=8 d=32 block=64 max_absolute_budget=1.57831535928e-05 max_error_to_budget=0 basis=gamma17_plus_gamma_edge_kb_rescales independent_of_master_BF16_error=true
ICPP_ONLINE_SMOKE phase=AMX_VS_BF16_EMULATION_STD_EXP N=35 D=33 K=8 d=32 block=64 finite=1 max_abs_error=2.23517417908e-08 mean_abs_error=4.82929023755e-10 relative_L2_error=9.39696002662e-08 gate=diagnostic_exp_and_RNE_difference pass=1
ICPP_ONLINE_DEN_BUDGET N=35 D=33 K=8 d=32 block=64 differing_states=0 omitted_differing_states=0 max_absolute_budget=0.00646520190003 max_error_to_budget=0 basis=2_gamma_degree_plus_rescales_times_FP64_same_p_r_shadow master_gate_independent=true arithmetic_budget_pass=1
ICPP_ONLINE_SMOKE phase=AMX_DENOMINATOR_VS_SVML_SIMULATION N=35 D=33 K=8 d=32 block=64 finite=1 max_abs_error=0 mean_abs_error=0 relative_L2_error=0 gate=same_p_r_gamma_budget_and_relative_L2_1e-5 pass=1
ICPP_ONLINE_SMOKE phase=AMX_DENOMINATOR_VS_TR16_SIMD_REPLAY N=35 D=33 K=8 d=32 block=64 finite=1 max_abs_error=0 mean_abs_error=0 relative_L2_error=0 gate=bitwise_same_lane_layout_and_mul_add_order pass=1
ICPP_ONLINE_SMOKE phase=AMX_VS_FP32_MASTER N=35 D=33 K=8 d=32 block=64 finite=1 max_abs_error=0.000301352164786 mean_abs_error=2.54557672595e-05 relative_L2_error=0.00225449122147 gate=master_absolute_.003_small_fixture_only pass=1
ICPP_ONLINE_SMOKE phase=PROFILE_ON_VS_OFF N=35 D=33 K=8 d=32 block=64 finite=1 max_abs_error=0 mean_abs_error=0 relative_L2_error=0 gate=bitwise_arithmetic_invariance pass=1
ICPP_ONLINE_SMOKE phase=FINISH_NORMALIZATION_AND_ELU N=35 D=33 K=8 d=32 block=64 finite=1 max_abs_error=2.12341547012e-07 mean_abs_error=3.52109488233e-08 relative_L2_error=3.59907336382e-06 gate=abs_1e-5_SVML_activation_difference pass=1
ICPP_ONLINE_SMOKE_COUNTERS N=35 D=33 K=8 d=32 block=64 edges=2736 blocks=520 max_updates=296 rescales=40 rescale_events=20 spill_bytes=40960 reload_bytes=40960 neighbor_steps=4504 amx_calls=18016 original_row_scatter=true complete_neighborhoods=true independent_heads=true
ICPP_ONLINE_SMOKE phase=FP32_V_ONLINE_VS_FP64_STABLE_SAME_LR N=17 D=128 K=1 d=47 block=16 finite=1 max_abs_error=3.23399303323e-07 mean_abs_error=2.31531771879e-08 relative_L2_error=2.43602593125e-06 gate=abs_1e-5_and_relative_L2_1e-5 pass=1
ICPP_ONLINE_SMOKE phase=BF16_EMULATION_STD_EXP_VS_SVML_EXP N=17 D=128 K=1 d=47 block=16 finite=1 max_abs_error=7.45058059692e-09 mean_abs_error=7.40016084011e-10 relative_L2_error=7.82208835287e-08 gate=diagnostic_RNE_threshold_sensitive pass=1
ICPP_ONLINE_SMOKE phase=BF16_EMULATION_VS_FP32_MASTER N=17 D=128 K=1 d=47 block=16 finite=1 max_abs_error=0.000270315905746 mean_abs_error=2.84299986905e-05 relative_L2_error=0.00244220861069 gate=master_absolute_.003_small_fixture_only pass=1
ICPP_ONLINE_SMOKE phase=BF16_EMULATION_VS_QUANTIZED_HW_STABLE N=17 D=128 K=1 d=47 block=16 finite=1 max_abs_error=9.63808557282e-05 mean_abs_error=1.14669537699e-05 relative_L2_error=0.000961068333605 gate=diagnostic_additional_pH_RNE pass=1
ICPP_ONLINE_SMOKE phase=AMX_VS_BF16_TDP_EMULATION_SAME_SVML_EXP N=17 D=128 K=1 d=47 block=16 finite=1 max_abs_error=0 mean_abs_error=0 relative_L2_error=0 gate=operand_based_FP32_rounding_budget pass=1
ICPP_ONLINE_SMOKE_BUDGET N=17 D=128 K=1 d=47 block=16 max_absolute_budget=5.21521500891e-05 max_error_to_budget=0 basis=gamma17_plus_gamma_edge_kb_rescales independent_of_master_BF16_error=true
ICPP_ONLINE_SMOKE phase=AMX_VS_BF16_EMULATION_STD_EXP N=17 D=128 K=1 d=47 block=16 finite=1 max_abs_error=7.45058059692e-09 mean_abs_error=7.40016084011e-10 relative_L2_error=7.82208835287e-08 gate=diagnostic_exp_and_RNE_difference pass=1
ICPP_ONLINE_DEN_BUDGET N=17 D=128 K=1 d=47 block=16 differing_states=0 omitted_differing_states=0 max_absolute_budget=0.00623985892751 max_error_to_budget=0 basis=2_gamma_degree_plus_rescales_times_FP64_same_p_r_shadow master_gate_independent=true arithmetic_budget_pass=1
ICPP_ONLINE_SMOKE phase=AMX_DENOMINATOR_VS_SVML_SIMULATION N=17 D=128 K=1 d=47 block=16 finite=1 max_abs_error=0 mean_abs_error=0 relative_L2_error=0 gate=same_p_r_gamma_budget_and_relative_L2_1e-5 pass=1
ICPP_ONLINE_SMOKE phase=AMX_DENOMINATOR_VS_TR16_SIMD_REPLAY N=17 D=128 K=1 d=47 block=16 finite=1 max_abs_error=0 mean_abs_error=0 relative_L2_error=0 gate=bitwise_same_lane_layout_and_mul_add_order pass=1
ICPP_ONLINE_SMOKE phase=AMX_VS_FP32_MASTER N=17 D=128 K=1 d=47 block=16 finite=1 max_abs_error=0.000270315905746 mean_abs_error=2.84300043098e-05 relative_L2_error=0.00244220958008 gate=master_absolute_.003_small_fixture_only pass=1
ICPP_ONLINE_SMOKE phase=PROFILE_ON_VS_OFF N=17 D=128 K=1 d=47 block=16 finite=1 max_abs_error=0 mean_abs_error=0 relative_L2_error=0 gate=bitwise_arithmetic_invariance pass=1
ICPP_ONLINE_SMOKE phase=FINISH_NORMALIZATION_AND_ELU N=17 D=128 K=1 d=47 block=16 finite=1 max_abs_error=2.01165676117e-07 mean_abs_error=2.77037686553e-08 relative_L2_error=3.14395083514e-06 gate=abs_1e-5_SVML_activation_difference pass=1
ICPP_ONLINE_SMOKE_COUNTERS N=17 D=128 K=1 d=47 block=16 edges=1352 blocks=94 max_updates=40 rescales=25 rescale_events=8 spill_bytes=24576 reload_bytes=24576 neighbor_steps=530 amx_calls=6360 original_row_scatter=true complete_neighborhoods=true independent_heads=true
ICPP_ONLINE_SMOKE phase=FP32_V_ONLINE_VS_FP64_STABLE_SAME_LR N=17 D=128 K=1 d=47 block=32 finite=1 max_abs_error=3.23399303323e-07 mean_abs_error=2.36847327826e-08 relative_L2_error=2.45294933608e-06 gate=abs_1e-5_and_relative_L2_1e-5 pass=1
ICPP_ONLINE_SMOKE phase=BF16_EMULATION_STD_EXP_VS_SVML_EXP N=17 D=128 K=1 d=47 block=32 finite=1 max_abs_error=7.45058059692e-09 mean_abs_error=6.8408344043e-10 relative_L2_error=6.93499386721e-08 gate=diagnostic_RNE_threshold_sensitive pass=1
ICPP_ONLINE_SMOKE phase=BF16_EMULATION_VS_FP32_MASTER N=17 D=128 K=1 d=47 block=32 finite=1 max_abs_error=0.000270315905746 mean_abs_error=2.9722875317e-05 relative_L2_error=0.00252475638472 gate=master_absolute_.003_small_fixture_only pass=1
ICPP_ONLINE_SMOKE phase=BF16_EMULATION_VS_QUANTIZED_HW_STABLE N=17 D=128 K=1 d=47 block=32 finite=1 max_abs_error=9.63808557282e-05 mean_abs_error=1.22700532551e-05 relative_L2_error=0.00104006391486 gate=diagnostic_additional_pH_RNE pass=1
ICPP_ONLINE_SMOKE phase=AMX_VS_BF16_TDP_EMULATION_SAME_SVML_EXP N=17 D=128 K=1 d=47 block=32 finite=1 max_abs_error=0 mean_abs_error=0 relative_L2_error=0 gate=operand_based_FP32_rounding_budget pass=1
ICPP_ONLINE_SMOKE_BUDGET N=17 D=128 K=1 d=47 block=32 max_absolute_budget=5.21521500891e-05 max_error_to_budget=0 basis=gamma17_plus_gamma_edge_kb_rescales independent_of_master_BF16_error=true
ICPP_ONLINE_SMOKE phase=AMX_VS_BF16_EMULATION_STD_EXP N=17 D=128 K=1 d=47 block=32 finite=1 max_abs_error=7.45058059692e-09 mean_abs_error=6.8408344043e-10 relative_L2_error=6.93499386721e-08 gate=diagnostic_exp_and_RNE_difference pass=1
ICPP_ONLINE_DEN_BUDGET N=17 D=128 K=1 d=47 block=32 differing_states=0 omitted_differing_states=0 max_absolute_budget=0.00623985892751 max_error_to_budget=0 basis=2_gamma_degree_plus_rescales_times_FP64_same_p_r_shadow master_gate_independent=true arithmetic_budget_pass=1
ICPP_ONLINE_SMOKE phase=AMX_DENOMINATOR_VS_SVML_SIMULATION N=17 D=128 K=1 d=47 block=32 finite=1 max_abs_error=0 mean_abs_error=0 relative_L2_error=0 gate=same_p_r_gamma_budget_and_relative_L2_1e-5 pass=1
ICPP_ONLINE_SMOKE phase=AMX_DENOMINATOR_VS_TR16_SIMD_REPLAY N=17 D=128 K=1 d=47 block=32 finite=1 max_abs_error=0 mean_abs_error=0 relative_L2_error=0 gate=bitwise_same_lane_layout_and_mul_add_order pass=1
ICPP_ONLINE_SMOKE phase=AMX_VS_FP32_MASTER N=17 D=128 K=1 d=47 block=32 finite=1 max_abs_error=0.000270315905746 mean_abs_error=2.97228694093e-05 relative_L2_error=0.00252475578466 gate=master_absolute_.003_small_fixture_only pass=1
ICPP_ONLINE_SMOKE phase=PROFILE_ON_VS_OFF N=17 D=128 K=1 d=47 block=32 finite=1 max_abs_error=0 mean_abs_error=0 relative_L2_error=0 gate=bitwise_arithmetic_invariance pass=1
ICPP_ONLINE_SMOKE phase=FINISH_NORMALIZATION_AND_ELU N=17 D=128 K=1 d=47 block=32 finite=1 max_abs_error=2.01165676117e-07 mean_abs_error=2.81418610979e-08 relative_L2_error=3.16094370692e-06 gate=abs_1e-5_SVML_activation_difference pass=1
ICPP_ONLINE_SMOKE_COUNTERS N=17 D=128 K=1 d=47 block=32 edges=1352 blocks=52 max_updates=27 rescales=12 rescale_events=4 spill_bytes=12288 reload_bytes=12288 neighbor_steps=530 amx_calls=6360 original_row_scatter=true complete_neighborhoods=true independent_heads=true
ICPP_ONLINE_SMOKE phase=FP32_V_ONLINE_VS_FP64_STABLE_SAME_LR N=17 D=128 K=1 d=47 block=64 finite=1 max_abs_error=3.85149948812e-07 mean_abs_error=2.56493046742e-08 relative_L2_error=2.82813996591e-06 gate=abs_1e-5_and_relative_L2_1e-5 pass=1
ICPP_ONLINE_SMOKE phase=BF16_EMULATION_STD_EXP_VS_SVML_EXP N=17 D=128 K=1 d=47 block=64 finite=1 max_abs_error=7.45058059692e-09 mean_abs_error=6.46587949084e-10 relative_L2_error=6.61246779866e-08 gate=diagnostic_RNE_threshold_sensitive pass=1
ICPP_ONLINE_SMOKE phase=BF16_EMULATION_VS_FP32_MASTER N=17 D=128 K=1 d=47 block=64 finite=1 max_abs_error=0.000270315905746 mean_abs_error=3.01668293664e-05 relative_L2_error=0.0025755418686 gate=master_absolute_.003_small_fixture_only pass=1
ICPP_ONLINE_SMOKE phase=BF16_EMULATION_VS_QUANTIZED_HW_STABLE N=17 D=128 K=1 d=47 block=64 finite=1 max_abs_error=0.000110614101085 mean_abs_error=1.29438657278e-05 relative_L2_error=0.00111362493917 gate=diagnostic_additional_pH_RNE pass=1
ICPP_ONLINE_SMOKE phase=AMX_VS_BF16_TDP_EMULATION_SAME_SVML_EXP N=17 D=128 K=1 d=47 block=64 finite=1 max_abs_error=0 mean_abs_error=0 relative_L2_error=0 gate=operand_based_FP32_rounding_budget pass=1
ICPP_ONLINE_SMOKE_BUDGET N=17 D=128 K=1 d=47 block=64 max_absolute_budget=5.21521500891e-05 max_error_to_budget=0 basis=gamma17_plus_gamma_edge_kb_rescales independent_of_master_BF16_error=true
ICPP_ONLINE_SMOKE phase=AMX_VS_BF16_EMULATION_STD_EXP N=17 D=128 K=1 d=47 block=64 finite=1 max_abs_error=7.45058059692e-09 mean_abs_error=6.46587949084e-10 relative_L2_error=6.61246779866e-08 gate=diagnostic_exp_and_RNE_difference pass=1
ICPP_ONLINE_DEN_BUDGET N=17 D=128 K=1 d=47 block=64 differing_states=0 omitted_differing_states=0 max_absolute_budget=0.00623985892751 max_error_to_budget=0 basis=2_gamma_degree_plus_rescales_times_FP64_same_p_r_shadow master_gate_independent=true arithmetic_budget_pass=1
ICPP_ONLINE_SMOKE phase=AMX_DENOMINATOR_VS_SVML_SIMULATION N=17 D=128 K=1 d=47 block=64 finite=1 max_abs_error=0 mean_abs_error=0 relative_L2_error=0 gate=same_p_r_gamma_budget_and_relative_L2_1e-5 pass=1
ICPP_ONLINE_SMOKE phase=AMX_DENOMINATOR_VS_TR16_SIMD_REPLAY N=17 D=128 K=1 d=47 block=64 finite=1 max_abs_error=0 mean_abs_error=0 relative_L2_error=0 gate=bitwise_same_lane_layout_and_mul_add_order pass=1
ICPP_ONLINE_SMOKE phase=AMX_VS_FP32_MASTER N=17 D=128 K=1 d=47 block=64 finite=1 max_abs_error=0.000270315905746 mean_abs_error=3.016685906e-05 relative_L2_error=0.00257554428169 gate=master_absolute_.003_small_fixture_only pass=1
ICPP_ONLINE_SMOKE phase=PROFILE_ON_VS_OFF N=17 D=128 K=1 d=47 block=64 finite=1 max_abs_error=0 mean_abs_error=0 relative_L2_error=0 gate=bitwise_arithmetic_invariance pass=1
ICPP_ONLINE_SMOKE phase=FINISH_NORMALIZATION_AND_ELU N=17 D=128 K=1 d=47 block=64 finite=1 max_abs_error=2.01165676117e-07 mean_abs_error=2.82087692879e-08 relative_L2_error=3.18063873249e-06 gate=abs_1e-5_SVML_activation_difference pass=1
ICPP_ONLINE_SMOKE_COUNTERS N=17 D=128 K=1 d=47 block=64 edges=1352 blocks=32 max_updates=20 rescales=5 rescale_events=2 spill_bytes=6144 reload_bytes=6144 neighbor_steps=530 amx_calls=6360 original_row_scatter=true complete_neighborhoods=true independent_heads=true
ICPP_ONLINE_SMOKE phase=FP32_V_ONLINE_VS_FP64_STABLE_SAME_LR N=35 D=128 K=2 d=64 block=16 finite=1 max_abs_error=2.99511128246e-07 mean_abs_error=1.95751712197e-08 relative_L2_error=2.5001557935e-06 gate=abs_1e-5_and_relative_L2_1e-5 pass=1
ICPP_ONLINE_SMOKE phase=BF16_EMULATION_STD_EXP_VS_SVML_EXP N=35 D=128 K=2 d=64 block=16 finite=1 max_abs_error=8.38190317154e-09 mean_abs_error=5.95805208345e-10 relative_L2_error=8.50102733754e-08 gate=diagnostic_RNE_threshold_sensitive pass=1
ICPP_ONLINE_SMOKE phase=BF16_EMULATION_VS_FP32_MASTER N=35 D=128 K=2 d=64 block=16 finite=1 max_abs_error=0.000264629807511 mean_abs_error=2.42042428301e-05 relative_L2_error=0.00255231984201 gate=master_absolute_.003_small_fixture_only pass=1
ICPP_ONLINE_SMOKE phase=BF16_EMULATION_VS_QUANTIZED_HW_STABLE N=35 D=128 K=2 d=64 block=16 finite=1 max_abs_error=0.000111363550929 mean_abs_error=1.05489258754e-05 relative_L2_error=0.00106835228371 gate=diagnostic_additional_pH_RNE pass=1
ICPP_ONLINE_SMOKE phase=AMX_VS_BF16_TDP_EMULATION_SAME_SVML_EXP N=35 D=128 K=2 d=64 block=16 finite=1 max_abs_error=0 mean_abs_error=0 relative_L2_error=0 gate=operand_based_FP32_rounding_budget pass=1
ICPP_ONLINE_SMOKE_BUDGET N=35 D=128 K=2 d=64 block=16 max_absolute_budget=5.20109623531e-05 max_error_to_budget=0 basis=gamma17_plus_gamma_edge_kb_rescales independent_of_master_BF16_error=true
ICPP_ONLINE_SMOKE phase=AMX_VS_BF16_EMULATION_STD_EXP N=35 D=128 K=2 d=64 block=16 finite=1 max_abs_error=8.38190317154e-09 mean_abs_error=5.95805208345e-10 relative_L2_error=8.50102733754e-08 gate=diagnostic_exp_and_RNE_difference pass=1
ICPP_ONLINE_DEN_BUDGET N=35 D=128 K=2 d=64 block=16 differing_states=0 omitted_differing_states=0 max_absolute_budget=0.00660200986258 max_error_to_budget=0 basis=2_gamma_degree_plus_rescales_times_FP64_same_p_r_shadow master_gate_independent=true arithmetic_budget_pass=1
ICPP_ONLINE_SMOKE phase=AMX_DENOMINATOR_VS_SVML_SIMULATION N=35 D=128 K=2 d=64 block=16 finite=1 max_abs_error=0 mean_abs_error=0 relative_L2_error=0 gate=same_p_r_gamma_budget_and_relative_L2_1e-5 pass=1
ICPP_ONLINE_SMOKE phase=AMX_DENOMINATOR_VS_TR16_SIMD_REPLAY N=35 D=128 K=2 d=64 block=16 finite=1 max_abs_error=0 mean_abs_error=0 relative_L2_error=0 gate=bitwise_same_lane_layout_and_mul_add_order pass=1
ICPP_ONLINE_SMOKE phase=AMX_VS_FP32_MASTER N=35 D=128 K=2 d=64 block=16 finite=1 max_abs_error=0.000264629923926 mean_abs_error=2.42042361195e-05 relative_L2_error=0.00255232217505 gate=master_absolute_.003_small_fixture_only pass=1
ICPP_ONLINE_SMOKE phase=PROFILE_ON_VS_OFF N=35 D=128 K=2 d=64 block=16 finite=1 max_abs_error=0 mean_abs_error=0 relative_L2_error=0 gate=bitwise_arithmetic_invariance pass=1
ICPP_ONLINE_SMOKE phase=FINISH_NORMALIZATION_AND_ELU N=35 D=128 K=2 d=64 block=16 finite=1 max_abs_error=2.01165676117e-07 mean_abs_error=3.41188586336e-08 relative_L2_error=4.07136846639e-06 gate=abs_1e-5_SVML_activation_difference pass=1
ICPP_ONLINE_SMOKE_COUNTERS N=35 D=128 K=2 d=64 block=16 edges=2736 blocks=380 max_updates=157 rescales=93 rescale_events=37 spill_bytes=151552 reload_bytes=151552 neighbor_steps=1126 amx_calls=18016 original_row_scatter=true complete_neighborhoods=true independent_heads=true
ICPP_ONLINE_SMOKE phase=FP32_V_ONLINE_VS_FP64_STABLE_SAME_LR N=35 D=128 K=2 d=64 block=32 finite=1 max_abs_error=2.99511128246e-07 mean_abs_error=1.97412932051e-08 relative_L2_error=2.50838618615e-06 gate=abs_1e-5_and_relative_L2_1e-5 pass=1
ICPP_ONLINE_SMOKE phase=BF16_EMULATION_STD_EXP_VS_SVML_EXP N=35 D=128 K=2 d=64 block=32 finite=1 max_abs_error=1.49011611938e-08 mean_abs_error=5.16770930809e-10 relative_L2_error=8.89734057062e-08 gate=diagnostic_RNE_threshold_sensitive pass=1
ICPP_ONLINE_SMOKE phase=BF16_EMULATION_VS_FP32_MASTER N=35 D=128 K=2 d=64 block=32 finite=1 max_abs_error=0.000264629807511 mean_abs_error=2.45567176656e-05 relative_L2_error=0.00257536461783 gate=master_absolute_.003_small_fixture_only pass=1
ICPP_ONLINE_SMOKE phase=BF16_EMULATION_VS_QUANTIZED_HW_STABLE N=35 D=128 K=2 d=64 block=32 finite=1 max_abs_error=0.000111363550929 mean_abs_error=1.20465631114e-05 relative_L2_error=0.00121990725149 gate=diagnostic_additional_pH_RNE pass=1
ICPP_ONLINE_SMOKE phase=AMX_VS_BF16_TDP_EMULATION_SAME_SVML_EXP N=35 D=128 K=2 d=64 block=32 finite=1 max_abs_error=0 mean_abs_error=0 relative_L2_error=0 gate=operand_based_FP32_rounding_budget pass=1
ICPP_ONLINE_SMOKE_BUDGET N=35 D=128 K=2 d=64 block=32 max_absolute_budget=5.159600726e-05 max_error_to_budget=0 basis=gamma17_plus_gamma_edge_kb_rescales independent_of_master_BF16_error=true
ICPP_ONLINE_SMOKE phase=AMX_VS_BF16_EMULATION_STD_EXP N=35 D=128 K=2 d=64 block=32 finite=1 max_abs_error=1.49011611938e-08 mean_abs_error=5.16770930809e-10 relative_L2_error=8.89734057062e-08 gate=diagnostic_exp_and_RNE_difference pass=1
ICPP_ONLINE_DEN_BUDGET N=35 D=128 K=2 d=64 block=32 differing_states=0 omitted_differing_states=0 max_absolute_budget=0.00660200986258 max_error_to_budget=0 basis=2_gamma_degree_plus_rescales_times_FP64_same_p_r_shadow master_gate_independent=true arithmetic_budget_pass=1
ICPP_ONLINE_SMOKE phase=AMX_DENOMINATOR_VS_SVML_SIMULATION N=35 D=128 K=2 d=64 block=32 finite=1 max_abs_error=0 mean_abs_error=0 relative_L2_error=0 gate=same_p_r_gamma_budget_and_relative_L2_1e-5 pass=1
ICPP_ONLINE_SMOKE phase=AMX_DENOMINATOR_VS_TR16_SIMD_REPLAY N=35 D=128 K=2 d=64 block=32 finite=1 max_abs_error=0 mean_abs_error=0 relative_L2_error=0 gate=bitwise_same_lane_layout_and_mul_add_order pass=1
ICPP_ONLINE_SMOKE phase=AMX_VS_FP32_MASTER N=35 D=128 K=2 d=64 block=32 finite=1 max_abs_error=0.000264629923926 mean_abs_error=2.45567071001e-05 relative_L2_error=0.00257536684834 gate=master_absolute_.003_small_fixture_only pass=1
ICPP_ONLINE_SMOKE phase=PROFILE_ON_VS_OFF N=35 D=128 K=2 d=64 block=32 finite=1 max_abs_error=0 mean_abs_error=0 relative_L2_error=0 gate=bitwise_arithmetic_invariance pass=1
ICPP_ONLINE_SMOKE phase=FINISH_NORMALIZATION_AND_ELU N=35 D=128 K=2 d=64 block=32 finite=1 max_abs_error=2.01165676117e-07 mean_abs_error=3.44369202995e-08 relative_L2_error=4.09546254715e-06 gate=abs_1e-5_SVML_activation_difference pass=1
ICPP_ONLINE_SMOKE_COUNTERS N=35 D=128 K=2 d=64 block=32 edges=2736 blocks=210 max_updates=107 rescales=43 rescale_events=18 spill_bytes=73728 reload_bytes=73728 neighbor_steps=1126 amx_calls=18016 original_row_scatter=true complete_neighborhoods=true independent_heads=true
ICPP_ONLINE_SMOKE phase=FP32_V_ONLINE_VS_FP64_STABLE_SAME_LR N=35 D=128 K=2 d=64 block=64 finite=1 max_abs_error=3.1847509852e-07 mean_abs_error=2.00286662194e-08 relative_L2_error=2.56891770291e-06 gate=abs_1e-5_and_relative_L2_1e-5 pass=1
ICPP_ONLINE_SMOKE phase=BF16_EMULATION_STD_EXP_VS_SVML_EXP N=35 D=128 K=2 d=64 block=64 finite=1 max_abs_error=1.11758708954e-08 mean_abs_error=4.29093611436e-10 relative_L2_error=7.07840969322e-08 gate=diagnostic_RNE_threshold_sensitive pass=1
ICPP_ONLINE_SMOKE phase=BF16_EMULATION_VS_FP32_MASTER N=35 D=128 K=2 d=64 block=64 finite=1 max_abs_error=0.000264629807511 mean_abs_error=2.50410831073e-05 relative_L2_error=0.00261462054329 gate=master_absolute_.003_small_fixture_only pass=1
ICPP_ONLINE_SMOKE phase=BF16_EMULATION_VS_QUANTIZED_HW_STABLE N=35 D=128 K=2 d=64 block=64 finite=1 max_abs_error=0.000111363550929 mean_abs_error=1.24310980647e-05 relative_L2_error=0.00124676534823 gate=diagnostic_additional_pH_RNE pass=1
ICPP_ONLINE_SMOKE phase=AMX_VS_BF16_TDP_EMULATION_SAME_SVML_EXP N=35 D=128 K=2 d=64 block=64 finite=1 max_abs_error=0 mean_abs_error=0 relative_L2_error=0 gate=operand_based_FP32_rounding_budget pass=1
ICPP_ONLINE_SMOKE_BUDGET N=35 D=128 K=2 d=64 block=64 max_absolute_budget=5.14154818332e-05 max_error_to_budget=0 basis=gamma17_plus_gamma_edge_kb_rescales independent_of_master_BF16_error=true
ICPP_ONLINE_SMOKE phase=AMX_VS_BF16_EMULATION_STD_EXP N=35 D=128 K=2 d=64 block=64 finite=1 max_abs_error=1.11758708954e-08 mean_abs_error=4.29093611436e-10 relative_L2_error=7.07840969322e-08 gate=diagnostic_exp_and_RNE_difference pass=1
ICPP_ONLINE_DEN_BUDGET N=35 D=128 K=2 d=64 block=64 differing_states=0 omitted_differing_states=0 max_absolute_budget=0.00660200986258 max_error_to_budget=0 basis=2_gamma_degree_plus_rescales_times_FP64_same_p_r_shadow master_gate_independent=true arithmetic_budget_pass=1
ICPP_ONLINE_SMOKE phase=AMX_DENOMINATOR_VS_SVML_SIMULATION N=35 D=128 K=2 d=64 block=64 finite=1 max_abs_error=0 mean_abs_error=0 relative_L2_error=0 gate=same_p_r_gamma_budget_and_relative_L2_1e-5 pass=1
ICPP_ONLINE_SMOKE phase=AMX_DENOMINATOR_VS_TR16_SIMD_REPLAY N=35 D=128 K=2 d=64 block=64 finite=1 max_abs_error=0 mean_abs_error=0 relative_L2_error=0 gate=bitwise_same_lane_layout_and_mul_add_order pass=1
ICPP_ONLINE_SMOKE phase=AMX_VS_FP32_MASTER N=35 D=128 K=2 d=64 block=64 finite=1 max_abs_error=0.000264629923926 mean_abs_error=2.50410723352e-05 relative_L2_error=0.00261462268154 gate=master_absolute_.003_small_fixture_only pass=1
ICPP_ONLINE_SMOKE phase=PROFILE_ON_VS_OFF N=35 D=128 K=2 d=64 block=64 finite=1 max_abs_error=0 mean_abs_error=0 relative_L2_error=0 gate=bitwise_arithmetic_invariance pass=1
ICPP_ONLINE_SMOKE phase=FINISH_NORMALIZATION_AND_ELU N=35 D=128 K=2 d=64 block=64 finite=1 max_abs_error=2.04425305128e-07 mean_abs_error=3.44709479881e-08 relative_L2_error=4.10246561871e-06 gate=abs_1e-5_SVML_activation_difference pass=1
ICPP_ONLINE_SMOKE_COUNTERS N=35 D=128 K=2 d=64 block=64 edges=2736 blocks=130 max_updates=80 rescales=16 rescale_events=8 spill_bytes=32768 reload_bytes=32768 neighbor_steps=1126 amx_calls=18016 original_row_scatter=true complete_neighborhoods=true independent_heads=true
ICPP_ONLINE_SMOKE phase=FP32_V_ONLINE_VS_FP64_STABLE_SAME_LR N=17 D=128 K=8 d=7 block=16 finite=1 max_abs_error=4.54097844861e-07 mean_abs_error=2.60404403564e-08 relative_L2_error=3.28772493888e-06 gate=abs_1e-5_and_relative_L2_1e-5 pass=1
ICPP_ONLINE_SMOKE phase=BF16_EMULATION_STD_EXP_VS_SVML_EXP N=17 D=128 K=8 d=7 block=16 finite=1 max_abs_error=2.47079879045e-06 mean_abs_error=1.08791234098e-08 relative_L2_error=7.94655424203e-06 gate=diagnostic_RNE_threshold_sensitive pass=1
ICPP_ONLINE_SMOKE phase=BF16_EMULATION_VS_FP32_MASTER N=17 D=128 K=8 d=7 block=16 finite=1 max_abs_error=0.000288999870543 mean_abs_error=2.68905102662e-05 relative_L2_error=0.00266508875895 gate=master_absolute_.003_small_fixture_only pass=1
ICPP_ONLINE_SMOKE phase=BF16_EMULATION_VS_QUANTIZED_HW_STABLE N=17 D=128 K=8 d=7 block=16 finite=1 max_abs_error=0.00011730756332 mean_abs_error=1.30642889552e-05 relative_L2_error=0.00124419589195 gate=diagnostic_additional_pH_RNE pass=1
ICPP_ONLINE_SMOKE phase=AMX_VS_BF16_TDP_EMULATION_SAME_SVML_EXP N=17 D=128 K=8 d=7 block=16 finite=1 max_abs_error=0 mean_abs_error=0 relative_L2_error=0 gate=operand_based_FP32_rounding_budget pass=1
ICPP_ONLINE_SMOKE_BUDGET N=17 D=128 K=8 d=7 block=16 max_absolute_budget=5.05748786156e-05 max_error_to_budget=0 basis=gamma17_plus_gamma_edge_kb_rescales independent_of_master_BF16_error=true
ICPP_ONLINE_SMOKE phase=AMX_VS_BF16_EMULATION_STD_EXP N=17 D=128 K=8 d=7 block=16 finite=1 max_abs_error=2.47079879045e-06 mean_abs_error=1.08791234098e-08 relative_L2_error=7.94655424203e-06 gate=diagnostic_exp_and_RNE_difference pass=1
ICPP_ONLINE_DEN_BUDGET N=17 D=128 K=8 d=7 block=16 differing_states=0 omitted_differing_states=0 max_absolute_budget=0.00649687959522 max_error_to_budget=0 basis=2_gamma_degree_plus_rescales_times_FP64_same_p_r_shadow master_gate_independent=true arithmetic_budget_pass=1
ICPP_ONLINE_SMOKE phase=AMX_DENOMINATOR_VS_SVML_SIMULATION N=17 D=128 K=8 d=7 block=16 finite=1 max_abs_error=0 mean_abs_error=0 relative_L2_error=0 gate=same_p_r_gamma_budget_and_relative_L2_1e-5 pass=1
ICPP_ONLINE_SMOKE phase=AMX_DENOMINATOR_VS_TR16_SIMD_REPLAY N=17 D=128 K=8 d=7 block=16 finite=1 max_abs_error=0 mean_abs_error=0 relative_L2_error=0 gate=bitwise_same_lane_layout_and_mul_add_order pass=1
ICPP_ONLINE_SMOKE phase=AMX_VS_FP32_MASTER N=17 D=128 K=8 d=7 block=16 finite=1 max_abs_error=0.000288999870543 mean_abs_error=2.68891766489e-05 relative_L2_error=0.0026651490492 gate=master_absolute_.003_small_fixture_only pass=1
ICPP_ONLINE_SMOKE phase=PROFILE_ON_VS_OFF N=17 D=128 K=8 d=7 block=16 finite=1 max_abs_error=0 mean_abs_error=0 relative_L2_error=0 gate=bitwise_arithmetic_invariance pass=1
ICPP_ONLINE_SMOKE phase=FINISH_NORMALIZATION_AND_ELU N=17 D=128 K=8 d=7 block=16 finite=1 max_abs_error=2.00234353542e-07 mean_abs_error=3.30856030379e-08 relative_L2_error=3.89137064328e-06 gate=abs_1e-5_SVML_activation_difference pass=1
ICPP_ONLINE_SMOKE_COUNTERS N=17 D=128 K=8 d=7 block=16 edges=1352 blocks=752 max_updates=218 rescales=98 rescale_events=35 spill_bytes=35840 reload_bytes=35840 neighbor_steps=4240 amx_calls=16960 original_row_scatter=true complete_neighborhoods=true independent_heads=true
ICPP_ONLINE_SMOKE phase=FP32_V_ONLINE_VS_FP64_STABLE_SAME_LR N=17 D=128 K=8 d=7 block=32 finite=1 max_abs_error=4.54097844861e-07 mean_abs_error=2.66290766937e-08 relative_L2_error=3.35959622697e-06 gate=abs_1e-5_and_relative_L2_1e-5 pass=1
ICPP_ONLINE_SMOKE phase=BF16_EMULATION_STD_EXP_VS_SVML_EXP N=17 D=128 K=8 d=7 block=32 finite=1 max_abs_error=2.47079879045e-06 mean_abs_error=1.08443366705e-08 relative_L2_error=7.94653000749e-06 gate=diagnostic_RNE_threshold_sensitive pass=1
ICPP_ONLINE_SMOKE phase=BF16_EMULATION_VS_FP32_MASTER N=17 D=128 K=8 d=7 block=32 finite=1 max_abs_error=0.000288999870543 mean_abs_error=2.68223970872e-05 relative_L2_error=0.00267701724747 gate=master_absolute_.003_small_fixture_only pass=1
ICPP_ONLINE_SMOKE phase=BF16_EMULATION_VS_QUANTIZED_HW_STABLE N=17 D=128 K=8 d=7 block=32 finite=1 max_abs_error=0.00011730756332 mean_abs_error=1.38081844649e-05 relative_L2_error=0.001296629344 gate=diagnostic_additional_pH_RNE pass=1
ICPP_ONLINE_SMOKE phase=AMX_VS_BF16_TDP_EMULATION_SAME_SVML_EXP N=17 D=128 K=8 d=7 block=32 finite=1 max_abs_error=0 mean_abs_error=0 relative_L2_error=0 gate=operand_based_FP32_rounding_budget pass=1
ICPP_ONLINE_SMOKE_BUDGET N=17 D=128 K=8 d=7 block=32 max_absolute_budget=5.05748786156e-05 max_error_to_budget=0 basis=gamma17_plus_gamma_edge_kb_rescales independent_of_master_BF16_error=true
ICPP_ONLINE_SMOKE phase=AMX_VS_BF16_EMULATION_STD_EXP N=17 D=128 K=8 d=7 block=32 finite=1 max_abs_error=2.47079879045e-06 mean_abs_error=1.08443366705e-08 relative_L2_error=7.94653000749e-06 gate=diagnostic_exp_and_RNE_difference pass=1
ICPP_ONLINE_DEN_BUDGET N=17 D=128 K=8 d=7 block=32 differing_states=0 omitted_differing_states=0 max_absolute_budget=0.00649687959522 max_error_to_budget=0 basis=2_gamma_degree_plus_rescales_times_FP64_same_p_r_shadow master_gate_independent=true arithmetic_budget_pass=1
ICPP_ONLINE_SMOKE phase=AMX_DENOMINATOR_VS_SVML_SIMULATION N=17 D=128 K=8 d=7 block=32 finite=1 max_abs_error=0 mean_abs_error=0 relative_L2_error=0 gate=same_p_r_gamma_budget_and_relative_L2_1e-5 pass=1
ICPP_ONLINE_SMOKE phase=AMX_DENOMINATOR_VS_TR16_SIMD_REPLAY N=17 D=128 K=8 d=7 block=32 finite=1 max_abs_error=0 mean_abs_error=0 relative_L2_error=0 gate=bitwise_same_lane_layout_and_mul_add_order pass=1
ICPP_ONLINE_SMOKE phase=AMX_VS_FP32_MASTER N=17 D=128 K=8 d=7 block=32 finite=1 max_abs_error=0.000288999870543 mean_abs_error=2.6821058407e-05 relative_L2_error=0.00267707562111 gate=master_absolute_.003_small_fixture_only pass=1
ICPP_ONLINE_SMOKE phase=PROFILE_ON_VS_OFF N=17 D=128 K=8 d=7 block=32 finite=1 max_abs_error=0 mean_abs_error=0 relative_L2_error=0 gate=bitwise_arithmetic_invariance pass=1
ICPP_ONLINE_SMOKE phase=FINISH_NORMALIZATION_AND_ELU N=17 D=128 K=8 d=7 block=32 finite=1 max_abs_error=1.95577740669e-07 mean_abs_error=3.28318105476e-08 relative_L2_error=3.84700182615e-06 gate=abs_1e-5_SVML_activation_difference pass=1
ICPP_ONLINE_SMOKE_COUNTERS N=17 D=128 K=8 d=7 block=32 edges=1352 blocks=416 max_updates=176 rescales=56 rescale_events=19 spill_bytes=19456 reload_bytes=19456 neighbor_steps=4240 amx_calls=16960 original_row_scatter=true complete_neighborhoods=true independent_heads=true
ICPP_ONLINE_SMOKE phase=FP32_V_ONLINE_VS_FP64_STABLE_SAME_LR N=17 D=128 K=8 d=7 block=64 finite=1 max_abs_error=4.54097844861e-07 mean_abs_error=2.59806846937e-08 relative_L2_error=3.29278370479e-06 gate=abs_1e-5_and_relative_L2_1e-5 pass=1
ICPP_ONLINE_SMOKE phase=BF16_EMULATION_STD_EXP_VS_SVML_EXP N=17 D=128 K=8 d=7 block=64 finite=1 max_abs_error=2.47079879045e-06 mean_abs_error=1.08241486586e-08 relative_L2_error=7.94622866482e-06 gate=diagnostic_RNE_threshold_sensitive pass=1
ICPP_ONLINE_SMOKE phase=BF16_EMULATION_VS_FP32_MASTER N=17 D=128 K=8 d=7 block=64 finite=1 max_abs_error=0.000288999870543 mean_abs_error=2.70722725309e-05 relative_L2_error=0.00269665480404 gate=master_absolute_.003_small_fixture_only pass=1
ICPP_ONLINE_SMOKE phase=BF16_EMULATION_VS_QUANTIZED_HW_STABLE N=17 D=128 K=8 d=7 block=64 finite=1 max_abs_error=0.00011730756332 mean_abs_error=1.38198876253e-05 relative_L2_error=0.00130718103622 gate=diagnostic_additional_pH_RNE pass=1
ICPP_ONLINE_SMOKE phase=AMX_VS_BF16_TDP_EMULATION_SAME_SVML_EXP N=17 D=128 K=8 d=7 block=64 finite=1 max_abs_error=0 mean_abs_error=0 relative_L2_error=0 gate=operand_based_FP32_rounding_budget pass=1
ICPP_ONLINE_SMOKE_BUDGET N=17 D=128 K=8 d=7 block=64 max_absolute_budget=5.05748786156e-05 max_error_to_budget=0 basis=gamma17_plus_gamma_edge_kb_rescales independent_of_master_BF16_error=true
ICPP_ONLINE_SMOKE phase=AMX_VS_BF16_EMULATION_STD_EXP N=17 D=128 K=8 d=7 block=64 finite=1 max_abs_error=2.47079879045e-06 mean_abs_error=1.08241486586e-08 relative_L2_error=7.94622866482e-06 gate=diagnostic_exp_and_RNE_difference pass=1
ICPP_ONLINE_DEN_BUDGET N=17 D=128 K=8 d=7 block=64 differing_states=0 omitted_differing_states=0 max_absolute_budget=0.00649687959522 max_error_to_budget=0 basis=2_gamma_degree_plus_rescales_times_FP64_same_p_r_shadow master_gate_independent=true arithmetic_budget_pass=1
ICPP_ONLINE_SMOKE phase=AMX_DENOMINATOR_VS_SVML_SIMULATION N=17 D=128 K=8 d=7 block=64 finite=1 max_abs_error=0 mean_abs_error=0 relative_L2_error=0 gate=same_p_r_gamma_budget_and_relative_L2_1e-5 pass=1
ICPP_ONLINE_SMOKE phase=AMX_DENOMINATOR_VS_TR16_SIMD_REPLAY N=17 D=128 K=8 d=7 block=64 finite=1 max_abs_error=0 mean_abs_error=0 relative_L2_error=0 gate=bitwise_same_lane_layout_and_mul_add_order pass=1
ICPP_ONLINE_SMOKE phase=AMX_VS_FP32_MASTER N=17 D=128 K=8 d=7 block=64 finite=1 max_abs_error=0.000288999870543 mean_abs_error=2.70709246597e-05 relative_L2_error=0.0026967107171 gate=master_absolute_.003_small_fixture_only pass=1
ICPP_ONLINE_SMOKE phase=PROFILE_ON_VS_OFF N=17 D=128 K=8 d=7 block=64 finite=1 max_abs_error=0 mean_abs_error=0 relative_L2_error=0 gate=bitwise_arithmetic_invariance pass=1
ICPP_ONLINE_SMOKE phase=FINISH_NORMALIZATION_AND_ELU N=17 D=128 K=8 d=7 block=64 finite=1 max_abs_error=1.95577740669e-07 mean_abs_error=3.28657603989e-08 relative_L2_error=3.84727393398e-06 gate=abs_1e-5_SVML_activation_difference pass=1
ICPP_ONLINE_SMOKE_COUNTERS N=17 D=128 K=8 d=7 block=64 edges=1352 blocks=256 max_updates=147 rescales=27 rescale_events=10 spill_bytes=10240 reload_bytes=10240 neighbor_steps=4240 amx_calls=16960 original_row_scatter=true complete_neighborhoods=true independent_heads=true
ICPP_ONLINE_SMOKE phase=FP32_V_ONLINE_VS_FP64_STABLE_SAME_LR N=35 D=256 K=1 d=32 block=16 finite=1 max_abs_error=4.0757382031e-07 mean_abs_error=2.93226720925e-08 relative_L2_error=3.53967243971e-06 gate=abs_1e-5_and_relative_L2_1e-5 pass=1
ICPP_ONLINE_SMOKE phase=BF16_EMULATION_STD_EXP_VS_SVML_EXP N=35 D=256 K=1 d=32 block=16 finite=1 max_abs_error=9.35106072575e-07 mean_abs_error=1.63896418469e-08 relative_L2_error=6.45402050678e-06 gate=diagnostic_RNE_threshold_sensitive pass=1
ICPP_ONLINE_SMOKE phase=BF16_EMULATION_VS_FP32_MASTER N=35 D=256 K=1 d=32 block=16 finite=1 max_abs_error=0.00026088364881 mean_abs_error=2.72427543512e-05 relative_L2_error=0.00265519802364 gate=master_absolute_.003_small_fixture_only pass=1
ICPP_ONLINE_SMOKE phase=BF16_EMULATION_VS_QUANTIZED_HW_STABLE N=35 D=256 K=1 d=32 block=16 finite=1 max_abs_error=9.29002538178e-05 mean_abs_error=1.00458902892e-05 relative_L2_error=0.000949188997951 gate=diagnostic_additional_pH_RNE pass=1
ICPP_ONLINE_SMOKE phase=AMX_VS_BF16_TDP_EMULATION_SAME_SVML_EXP N=35 D=256 K=1 d=32 block=16 finite=1 max_abs_error=0 mean_abs_error=0 relative_L2_error=0 gate=operand_based_FP32_rounding_budget pass=1
ICPP_ONLINE_SMOKE_BUDGET N=35 D=256 K=1 d=32 block=16 max_absolute_budget=0.000143261893407 max_error_to_budget=0 basis=gamma17_plus_gamma_edge_kb_rescales independent_of_master_BF16_error=true
ICPP_ONLINE_SMOKE phase=AMX_VS_BF16_EMULATION_STD_EXP N=35 D=256 K=1 d=32 block=16 finite=1 max_abs_error=9.35106072575e-07 mean_abs_error=1.63896418469e-08 relative_L2_error=6.45402050678e-06 gate=diagnostic_exp_and_RNE_difference pass=1
ICPP_ONLINE_DEN_BUDGET N=35 D=256 K=1 d=32 block=16 differing_states=0 omitted_differing_states=0 max_absolute_budget=0.00677893797217 max_error_to_budget=0 basis=2_gamma_degree_plus_rescales_times_FP64_same_p_r_shadow master_gate_independent=true arithmetic_budget_pass=1
ICPP_ONLINE_SMOKE phase=AMX_DENOMINATOR_VS_SVML_SIMULATION N=35 D=256 K=1 d=32 block=16 finite=1 max_abs_error=0 mean_abs_error=0 relative_L2_error=0 gate=same_p_r_gamma_budget_and_relative_L2_1e-5 pass=1
ICPP_ONLINE_SMOKE phase=AMX_DENOMINATOR_VS_TR16_SIMD_REPLAY N=35 D=256 K=1 d=32 block=16 finite=1 max_abs_error=0 mean_abs_error=0 relative_L2_error=0 gate=bitwise_same_lane_layout_and_mul_add_order pass=1
ICPP_ONLINE_SMOKE phase=AMX_VS_FP32_MASTER N=35 D=256 K=1 d=32 block=16 finite=1 max_abs_error=0.00026088364881 mean_abs_error=2.72376104327e-05 relative_L2_error=0.00265508142235 gate=master_absolute_.003_small_fixture_only pass=1
ICPP_ONLINE_SMOKE phase=PROFILE_ON_VS_OFF N=35 D=256 K=1 d=32 block=16 finite=1 max_abs_error=0 mean_abs_error=0 relative_L2_error=0 gate=bitwise_arithmetic_invariance pass=1
ICPP_ONLINE_SMOKE phase=FINISH_NORMALIZATION_AND_ELU N=35 D=256 K=1 d=32 block=16 finite=1 max_abs_error=1.9883736968e-07 mean_abs_error=3.11126021708e-08 relative_L2_error=3.65202630889e-06 gate=abs_1e-5_SVML_activation_difference pass=1
ICPP_ONLINE_SMOKE_COUNTERS N=35 D=256 K=1 d=32 block=16 edges=2736 blocks=190 max_updates=97 rescales=65 rescale_events=27 spill_bytes=55296 reload_bytes=55296 neighbor_steps=563 amx_calls=9008 original_row_scatter=true complete_neighborhoods=true independent_heads=true
ICPP_ONLINE_SMOKE phase=FP32_V_ONLINE_VS_FP64_STABLE_SAME_LR N=35 D=256 K=1 d=32 block=32 finite=1 max_abs_error=3.55794925497e-07 mean_abs_error=2.6976147632e-08 relative_L2_error=3.1956655724e-06 gate=abs_1e-5_and_relative_L2_1e-5 pass=1
ICPP_ONLINE_SMOKE phase=BF16_EMULATION_STD_EXP_VS_SVML_EXP N=35 D=256 K=1 d=32 block=32 finite=1 max_abs_error=9.35106072575e-07 mean_abs_error=1.61726648327e-08 relative_L2_error=6.45410680548e-06 gate=diagnostic_RNE_threshold_sensitive pass=1
ICPP_ONLINE_SMOKE phase=BF16_EMULATION_VS_FP32_MASTER N=35 D=256 K=1 d=32 block=32 finite=1 max_abs_error=0.00026088364881 mean_abs_error=2.799233288e-05 relative_L2_error=0.00274348502715 gate=master_absolute_.003_small_fixture_only pass=1
ICPP_ONLINE_SMOKE phase=BF16_EMULATION_VS_QUANTIZED_HW_STABLE N=35 D=256 K=1 d=32 block=32 finite=1 max_abs_error=9.29002538178e-05 mean_abs_error=1.20013182828e-05 relative_L2_error=0.00110575480097 gate=diagnostic_additional_pH_RNE pass=1
ICPP_ONLINE_SMOKE phase=AMX_VS_BF16_TDP_EMULATION_SAME_SVML_EXP N=35 D=256 K=1 d=32 block=32 finite=1 max_abs_error=0 mean_abs_error=0 relative_L2_error=0 gate=operand_based_FP32_rounding_budget pass=1
ICPP_ONLINE_SMOKE_BUDGET N=35 D=256 K=1 d=32 block=32 max_absolute_budget=0.000142687957437 max_error_to_budget=0 basis=gamma17_plus_gamma_edge_kb_rescales independent_of_master_BF16_error=true
ICPP_ONLINE_SMOKE phase=AMX_VS_BF16_EMULATION_STD_EXP N=35 D=256 K=1 d=32 block=32 finite=1 max_abs_error=9.35106072575e-07 mean_abs_error=1.61726648327e-08 relative_L2_error=6.45410680548e-06 gate=diagnostic_exp_and_RNE_difference pass=1
ICPP_ONLINE_DEN_BUDGET N=35 D=256 K=1 d=32 block=32 differing_states=0 omitted_differing_states=0 max_absolute_budget=0.00656855290926 max_error_to_budget=0 basis=2_gamma_degree_plus_rescales_times_FP64_same_p_r_shadow master_gate_independent=true arithmetic_budget_pass=1
ICPP_ONLINE_SMOKE phase=AMX_DENOMINATOR_VS_SVML_SIMULATION N=35 D=256 K=1 d=32 block=32 finite=1 max_abs_error=0 mean_abs_error=0 relative_L2_error=0 gate=same_p_r_gamma_budget_and_relative_L2_1e-5 pass=1
ICPP_ONLINE_SMOKE phase=AMX_DENOMINATOR_VS_TR16_SIMD_REPLAY N=35 D=256 K=1 d=32 block=32 finite=1 max_abs_error=0 mean_abs_error=0 relative_L2_error=0 gate=bitwise_same_lane_layout_and_mul_add_order pass=1
ICPP_ONLINE_SMOKE phase=AMX_VS_FP32_MASTER N=35 D=256 K=1 d=32 block=32 finite=1 max_abs_error=0.00026088364881 mean_abs_error=2.79872160929e-05 relative_L2_error=0.00274337323697 gate=master_absolute_.003_small_fixture_only pass=1
ICPP_ONLINE_SMOKE phase=PROFILE_ON_VS_OFF N=35 D=256 K=1 d=32 block=32 finite=1 max_abs_error=0 mean_abs_error=0 relative_L2_error=0 gate=bitwise_arithmetic_invariance pass=1
ICPP_ONLINE_SMOKE phase=FINISH_NORMALIZATION_AND_ELU N=35 D=256 K=1 d=32 block=32 finite=1 max_abs_error=2.01165676117e-07 mean_abs_error=3.065569477e-08 relative_L2_error=3.60902835592e-06 gate=abs_1e-5_SVML_activation_difference pass=1
ICPP_ONLINE_SMOKE_COUNTERS N=35 D=256 K=1 d=32 block=32 edges=2736 blocks=105 max_updates=60 rescales=28 rescale_events=13 spill_bytes=26624 reload_bytes=26624 neighbor_steps=563 amx_calls=9008 original_row_scatter=true complete_neighborhoods=true independent_heads=true
ICPP_ONLINE_SMOKE phase=FP32_V_ONLINE_VS_FP64_STABLE_SAME_LR N=35 D=256 K=1 d=32 block=64 finite=1 max_abs_error=4.89110421661e-07 mean_abs_error=2.86374705102e-08 relative_L2_error=3.43742792585e-06 gate=abs_1e-5_and_relative_L2_1e-5 pass=1
ICPP_ONLINE_SMOKE phase=BF16_EMULATION_STD_EXP_VS_SVML_EXP N=35 D=256 K=1 d=32 block=64 finite=1 max_abs_error=9.35106072575e-07 mean_abs_error=1.61738987409e-08 relative_L2_error=6.45379980269e-06 gate=diagnostic_RNE_threshold_sensitive pass=1
ICPP_ONLINE_SMOKE phase=BF16_EMULATION_VS_FP32_MASTER N=35 D=256 K=1 d=32 block=64 finite=1 max_abs_error=0.00026088364881 mean_abs_error=2.76663470203e-05 relative_L2_error=0.00271377331908 gate=master_absolute_.003_small_fixture_only pass=1
ICPP_ONLINE_SMOKE phase=BF16_EMULATION_VS_QUANTIZED_HW_STABLE N=35 D=256 K=1 d=32 block=64 finite=1 max_abs_error=9.29002538178e-05 mean_abs_error=1.2235916793e-05 relative_L2_error=0.00114714215549 gate=diagnostic_additional_pH_RNE pass=1
ICPP_ONLINE_SMOKE phase=AMX_VS_BF16_TDP_EMULATION_SAME_SVML_EXP N=35 D=256 K=1 d=32 block=64 finite=1 max_abs_error=0 mean_abs_error=0 relative_L2_error=0 gate=operand_based_FP32_rounding_budget pass=1
ICPP_ONLINE_SMOKE_BUDGET N=35 D=256 K=1 d=32 block=64 max_absolute_budget=0.000142445497277 max_error_to_budget=0 basis=gamma17_plus_gamma_edge_kb_rescales independent_of_master_BF16_error=true
ICPP_ONLINE_SMOKE phase=AMX_VS_BF16_EMULATION_STD_EXP N=35 D=256 K=1 d=32 block=64 finite=1 max_abs_error=9.35106072575e-07 mean_abs_error=1.61738987409e-08 relative_L2_error=6.45379980269e-06 gate=diagnostic_exp_and_RNE_difference pass=1
ICPP_ONLINE_DEN_BUDGET N=35 D=256 K=1 d=32 block=64 differing_states=0 omitted_differing_states=0 max_absolute_budget=0.00647504875214 max_error_to_budget=0 basis=2_gamma_degree_plus_rescales_times_FP64_same_p_r_shadow master_gate_independent=true arithmetic_budget_pass=1
ICPP_ONLINE_SMOKE phase=AMX_DENOMINATOR_VS_SVML_SIMULATION N=35 D=256 K=1 d=32 block=64 finite=1 max_abs_error=0 mean_abs_error=0 relative_L2_error=0 gate=same_p_r_gamma_budget_and_relative_L2_1e-5 pass=1
ICPP_ONLINE_SMOKE phase=AMX_DENOMINATOR_VS_TR16_SIMD_REPLAY N=35 D=256 K=1 d=32 block=64 finite=1 max_abs_error=0 mean_abs_error=0 relative_L2_error=0 gate=bitwise_same_lane_layout_and_mul_add_order pass=1
ICPP_ONLINE_SMOKE phase=AMX_VS_FP32_MASTER N=35 D=256 K=1 d=32 block=64 finite=1 max_abs_error=0.00026088364881 mean_abs_error=2.76611919691e-05 relative_L2_error=0.00271365841892 gate=master_absolute_.003_small_fixture_only pass=1
ICPP_ONLINE_SMOKE phase=PROFILE_ON_VS_OFF N=35 D=256 K=1 d=32 block=64 finite=1 max_abs_error=0 mean_abs_error=0 relative_L2_error=0 gate=bitwise_arithmetic_invariance pass=1
ICPP_ONLINE_SMOKE phase=FINISH_NORMALIZATION_AND_ELU N=35 D=256 K=1 d=32 block=64 finite=1 max_abs_error=1.97440385818e-07 mean_abs_error=3.08000348273e-08 relative_L2_error=3.60607401519e-06 gate=abs_1e-5_SVML_activation_difference pass=1
ICPP_ONLINE_SMOKE_COUNTERS N=35 D=256 K=1 d=32 block=64 edges=2736 blocks=65 max_updates=43 rescales=11 rescale_events=6 spill_bytes=12288 reload_bytes=12288 neighbor_steps=563 amx_calls=9008 original_row_scatter=true complete_neighborhoods=true independent_heads=true
ICPP_ONLINE_SMOKE phase=FP32_V_ONLINE_VS_FP64_STABLE_SAME_LR N=17 D=256 K=2 d=47 block=16 finite=1 max_abs_error=6.6773682135e-07 mean_abs_error=3.73332073593e-08 relative_L2_error=4.11363417363e-06 gate=abs_1e-5_and_relative_L2_1e-5 pass=1
ICPP_ONLINE_SMOKE phase=BF16_EMULATION_STD_EXP_VS_SVML_EXP N=17 D=256 K=2 d=47 block=16 finite=1 max_abs_error=7.68341124058e-09 mean_abs_error=4.25271868339e-10 relative_L2_error=6.25791795107e-08 gate=diagnostic_RNE_threshold_sensitive pass=1
ICPP_ONLINE_SMOKE phase=BF16_EMULATION_VS_FP32_MASTER N=17 D=256 K=2 d=47 block=16 finite=1 max_abs_error=0.000286875667051 mean_abs_error=2.71194177367e-05 relative_L2_error=0.00246137772551 gate=master_absolute_.003_small_fixture_only pass=1
ICPP_ONLINE_SMOKE phase=BF16_EMULATION_VS_QUANTIZED_HW_STABLE N=17 D=256 K=2 d=47 block=16 finite=1 max_abs_error=0.000114013046432 mean_abs_error=1.18904770489e-05 relative_L2_error=0.00107287237672 gate=diagnostic_additional_pH_RNE pass=1
ICPP_ONLINE_SMOKE phase=AMX_VS_BF16_TDP_EMULATION_SAME_SVML_EXP N=17 D=256 K=2 d=47 block=16 finite=1 max_abs_error=0 mean_abs_error=0 relative_L2_error=0 gate=operand_based_FP32_rounding_budget pass=1
ICPP_ONLINE_SMOKE_BUDGET N=17 D=256 K=2 d=47 block=16 max_absolute_budget=0.000143554765067 max_error_to_budget=0 basis=gamma17_plus_gamma_edge_kb_rescales independent_of_master_BF16_error=true
ICPP_ONLINE_SMOKE phase=AMX_VS_BF16_EMULATION_STD_EXP N=17 D=256 K=2 d=47 block=16 finite=1 max_abs_error=7.68341124058e-09 mean_abs_error=4.25271868339e-10 relative_L2_error=6.25791795107e-08 gate=diagnostic_exp_and_RNE_difference pass=1
ICPP_ONLINE_DEN_BUDGET N=17 D=256 K=2 d=47 block=16 differing_states=0 omitted_differing_states=0 max_absolute_budget=0.00664803710502 max_error_to_budget=0 basis=2_gamma_degree_plus_rescales_times_FP64_same_p_r_shadow master_gate_independent=true arithmetic_budget_pass=1
ICPP_ONLINE_SMOKE phase=AMX_DENOMINATOR_VS_SVML_SIMULATION N=17 D=256 K=2 d=47 block=16 finite=1 max_abs_error=0 mean_abs_error=0 relative_L2_error=0 gate=same_p_r_gamma_budget_and_relative_L2_1e-5 pass=1
ICPP_ONLINE_SMOKE phase=AMX_DENOMINATOR_VS_TR16_SIMD_REPLAY N=17 D=256 K=2 d=47 block=16 finite=1 max_abs_error=0 mean_abs_error=0 relative_L2_error=0 gate=bitwise_same_lane_layout_and_mul_add_order pass=1
ICPP_ONLINE_SMOKE phase=AMX_VS_FP32_MASTER N=17 D=256 K=2 d=47 block=16 finite=1 max_abs_error=0.000286875667051 mean_abs_error=2.71194103418e-05 relative_L2_error=0.00246137586464 gate=master_absolute_.003_small_fixture_only pass=1
ICPP_ONLINE_SMOKE phase=PROFILE_ON_VS_OFF N=17 D=256 K=2 d=47 block=16 finite=1 max_abs_error=0 mean_abs_error=0 relative_L2_error=0 gate=bitwise_arithmetic_invariance pass=1
ICPP_ONLINE_SMOKE phase=FINISH_NORMALIZATION_AND_ELU N=17 D=256 K=2 d=47 block=16 finite=1 max_abs_error=2.01165676117e-07 mean_abs_error=3.35799285516e-08 relative_L2_error=3.63433039221e-06 gate=abs_1e-5_SVML_activation_difference pass=1
ICPP_ONLINE_SMOKE_COUNTERS N=17 D=256 K=2 d=47 block=16 edges=1352 blocks=188 max_updates=71 rescales=41 rescale_events=16 spill_bytes=49152 reload_bytes=49152 neighbor_steps=1060 amx_calls=25440 original_row_scatter=true complete_neighborhoods=true independent_heads=true
ICPP_ONLINE_SMOKE phase=FP32_V_ONLINE_VS_FP64_STABLE_SAME_LR N=17 D=256 K=2 d=47 block=32 finite=1 max_abs_error=6.6773682135e-07 mean_abs_error=3.71610413669e-08 relative_L2_error=4.15645318917e-06 gate=abs_1e-5_and_relative_L2_1e-5 pass=1
ICPP_ONLINE_SMOKE phase=BF16_EMULATION_STD_EXP_VS_SVML_EXP N=17 D=256 K=2 d=47 block=32 finite=1 max_abs_error=7.45058059692e-09 mean_abs_error=3.3303214504e-10 relative_L2_error=4.94431500064e-08 gate=diagnostic_RNE_threshold_sensitive pass=1
ICPP_ONLINE_SMOKE phase=BF16_EMULATION_VS_FP32_MASTER N=17 D=256 K=2 d=47 block=32 finite=1 max_abs_error=0.000286875667051 mean_abs_error=2.73567313883e-05 relative_L2_error=0.00245780235728 gate=master_absolute_.003_small_fixture_only pass=1
ICPP_ONLINE_SMOKE phase=BF16_EMULATION_VS_QUANTIZED_HW_STABLE N=17 D=256 K=2 d=47 block=32 finite=1 max_abs_error=0.000114013046432 mean_abs_error=1.2877368086e-05 relative_L2_error=0.00114532116111 gate=diagnostic_additional_pH_RNE pass=1
ICPP_ONLINE_SMOKE phase=AMX_VS_BF16_TDP_EMULATION_SAME_SVML_EXP N=17 D=256 K=2 d=47 block=32 finite=1 max_abs_error=0 mean_abs_error=0 relative_L2_error=0 gate=operand_based_FP32_rounding_budget pass=1
ICPP_ONLINE_SMOKE_BUDGET N=17 D=256 K=2 d=47 block=32 max_absolute_budget=0.000143554765067 max_error_to_budget=0 basis=gamma17_plus_gamma_edge_kb_rescales independent_of_master_BF16_error=true
ICPP_ONLINE_SMOKE phase=AMX_VS_BF16_EMULATION_STD_EXP N=17 D=256 K=2 d=47 block=32 finite=1 max_abs_error=7.45058059692e-09 mean_abs_error=3.3303214504e-10 relative_L2_error=4.94431500064e-08 gate=diagnostic_exp_and_RNE_difference pass=1
ICPP_ONLINE_DEN_BUDGET N=17 D=256 K=2 d=47 block=32 differing_states=0 omitted_differing_states=0 max_absolute_budget=0.00664803710502 max_error_to_budget=0 basis=2_gamma_degree_plus_rescales_times_FP64_same_p_r_shadow master_gate_independent=true arithmetic_budget_pass=1
ICPP_ONLINE_SMOKE phase=AMX_DENOMINATOR_VS_SVML_SIMULATION N=17 D=256 K=2 d=47 block=32 finite=1 max_abs_error=0 mean_abs_error=0 relative_L2_error=0 gate=same_p_r_gamma_budget_and_relative_L2_1e-5 pass=1
ICPP_ONLINE_SMOKE phase=AMX_DENOMINATOR_VS_TR16_SIMD_REPLAY N=17 D=256 K=2 d=47 block=32 finite=1 max_abs_error=0 mean_abs_error=0 relative_L2_error=0 gate=bitwise_same_lane_layout_and_mul_add_order pass=1
ICPP_ONLINE_SMOKE phase=AMX_VS_FP32_MASTER N=17 D=256 K=2 d=47 block=32 finite=1 max_abs_error=0.000286875667051 mean_abs_error=2.73567165883e-05 relative_L2_error=0.0024578022444 gate=master_absolute_.003_small_fixture_only pass=1
ICPP_ONLINE_SMOKE phase=PROFILE_ON_VS_OFF N=17 D=256 K=2 d=47 block=32 finite=1 max_abs_error=0 mean_abs_error=0 relative_L2_error=0 gate=bitwise_arithmetic_invariance pass=1
ICPP_ONLINE_SMOKE phase=FINISH_NORMALIZATION_AND_ELU N=17 D=256 K=2 d=47 block=32 finite=1 max_abs_error=2.01165676117e-07 mean_abs_error=3.40337675461e-08 relative_L2_error=3.65986237664e-06 gate=abs_1e-5_SVML_activation_difference pass=1
ICPP_ONLINE_SMOKE_COUNTERS N=17 D=256 K=2 d=47 block=32 edges=1352 blocks=104 max_updates=50 rescales=20 rescale_events=8 spill_bytes=24576 reload_bytes=24576 neighbor_steps=1060 amx_calls=25440 original_row_scatter=true complete_neighborhoods=true independent_heads=true
ICPP_ONLINE_SMOKE phase=FP32_V_ONLINE_VS_FP64_STABLE_SAME_LR N=17 D=256 K=2 d=47 block=64 finite=1 max_abs_error=6.6773682135e-07 mean_abs_error=3.65752545467e-08 relative_L2_error=4.09797525135e-06 gate=abs_1e-5_and_relative_L2_1e-5 pass=1
ICPP_ONLINE_SMOKE phase=BF16_EMULATION_STD_EXP_VS_SVML_EXP N=17 D=256 K=2 d=47 block=64 finite=1 max_abs_error=7.45058059692e-09 mean_abs_error=2.85865909167e-10 relative_L2_error=4.57355862139e-08 gate=diagnostic_RNE_threshold_sensitive pass=1
ICPP_ONLINE_SMOKE phase=BF16_EMULATION_VS_FP32_MASTER N=17 D=256 K=2 d=47 block=64 finite=1 max_abs_error=0.000286875667051 mean_abs_error=2.75455387916e-05 relative_L2_error=0.00248759254123 gate=master_absolute_.003_small_fixture_only pass=1
ICPP_ONLINE_SMOKE phase=BF16_EMULATION_VS_QUANTIZED_HW_STABLE N=17 D=256 K=2 d=47 block=64 finite=1 max_abs_error=0.000114013046432 mean_abs_error=1.29573770915e-05 relative_L2_error=0.00117509811157 gate=diagnostic_additional_pH_RNE pass=1
ICPP_ONLINE_SMOKE phase=AMX_VS_BF16_TDP_EMULATION_SAME_SVML_EXP N=17 D=256 K=2 d=47 block=64 finite=1 max_abs_error=0 mean_abs_error=0 relative_L2_error=0 gate=operand_based_FP32_rounding_budget pass=1
ICPP_ONLINE_SMOKE_BUDGET N=17 D=256 K=2 d=47 block=64 max_absolute_budget=0.000143554765067 max_error_to_budget=0 basis=gamma17_plus_gamma_edge_kb_rescales independent_of_master_BF16_error=true
ICPP_ONLINE_SMOKE phase=AMX_VS_BF16_EMULATION_STD_EXP N=17 D=256 K=2 d=47 block=64 finite=1 max_abs_error=7.45058059692e-09 mean_abs_error=2.85865909167e-10 relative_L2_error=4.57355862139e-08 gate=diagnostic_exp_and_RNE_difference pass=1
ICPP_ONLINE_DEN_BUDGET N=17 D=256 K=2 d=47 block=64 differing_states=0 omitted_differing_states=0 max_absolute_budget=0.00664803710502 max_error_to_budget=0 basis=2_gamma_degree_plus_rescales_times_FP64_same_p_r_shadow master_gate_independent=true arithmetic_budget_pass=1
ICPP_ONLINE_SMOKE phase=AMX_DENOMINATOR_VS_SVML_SIMULATION N=17 D=256 K=2 d=47 block=64 finite=1 max_abs_error=0 mean_abs_error=0 relative_L2_error=0 gate=same_p_r_gamma_budget_and_relative_L2_1e-5 pass=1
ICPP_ONLINE_SMOKE phase=AMX_DENOMINATOR_VS_TR16_SIMD_REPLAY N=17 D=256 K=2 d=47 block=64 finite=1 max_abs_error=0 mean_abs_error=0 relative_L2_error=0 gate=bitwise_same_lane_layout_and_mul_add_order pass=1
ICPP_ONLINE_SMOKE phase=AMX_VS_FP32_MASTER N=17 D=256 K=2 d=47 block=64 finite=1 max_abs_error=0.000286875667051 mean_abs_error=2.75455284218e-05 relative_L2_error=0.0024875921646 gate=master_absolute_.003_small_fixture_only pass=1
ICPP_ONLINE_SMOKE phase=PROFILE_ON_VS_OFF N=17 D=256 K=2 d=47 block=64 finite=1 max_abs_error=0 mean_abs_error=0 relative_L2_error=0 gate=bitwise_arithmetic_invariance pass=1
ICPP_ONLINE_SMOKE phase=FINISH_NORMALIZATION_AND_ELU N=17 D=256 K=2 d=47 block=64 finite=1 max_abs_error=2.01165676117e-07 mean_abs_error=3.33669884091e-08 relative_L2_error=3.59551807195e-06 gate=abs_1e-5_SVML_activation_difference pass=1
ICPP_ONLINE_SMOKE_COUNTERS N=17 D=256 K=2 d=47 block=64 edges=1352 blocks=64 max_updates=39 rescales=9 rescale_events=4 spill_bytes=12288 reload_bytes=12288 neighbor_steps=1060 amx_calls=25440 original_row_scatter=true complete_neighborhoods=true independent_heads=true
ICPP_ONLINE_SMOKE phase=FP32_V_ONLINE_VS_FP64_STABLE_SAME_LR N=35 D=256 K=8 d=64 block=16 finite=1 max_abs_error=8.66647694851e-07 mean_abs_error=2.77542677067e-08 relative_L2_error=3.42735126241e-06 gate=abs_1e-5_and_relative_L2_1e-5 pass=1
ICPP_ONLINE_SMOKE phase=BF16_EMULATION_STD_EXP_VS_SVML_EXP N=35 D=256 K=8 d=64 block=16 finite=1 max_abs_error=1.87894329429e-06 mean_abs_error=1.7287360252e-08 relative_L2_error=7.10133843232e-06 gate=diagnostic_RNE_threshold_sensitive pass=1
ICPP_ONLINE_SMOKE phase=BF16_EMULATION_VS_FP32_MASTER N=35 D=256 K=8 d=64 block=16 finite=1 max_abs_error=0.000339178073641 mean_abs_error=2.72951760562e-05 relative_L2_error=0.00273966929831 gate=master_absolute_.003_small_fixture_only pass=1
ICPP_ONLINE_SMOKE phase=BF16_EMULATION_VS_QUANTIZED_HW_STABLE N=35 D=256 K=8 d=64 block=16 finite=1 max_abs_error=9.80735670355e-05 mean_abs_error=1.08141975029e-05 relative_L2_error=0.00103342433007 gate=diagnostic_additional_pH_RNE pass=1
ICPP_ONLINE_SMOKE phase=AMX_VS_BF16_TDP_EMULATION_SAME_SVML_EXP N=35 D=256 K=8 d=64 block=16 finite=1 max_abs_error=0 mean_abs_error=0 relative_L2_error=0 gate=operand_based_FP32_rounding_budget pass=1
ICPP_ONLINE_SMOKE_BUDGET N=35 D=256 K=8 d=64 block=16 max_absolute_budget=0.000143720302849 max_error_to_budget=0 basis=gamma17_plus_gamma_edge_kb_rescales independent_of_master_BF16_error=true
ICPP_ONLINE_SMOKE phase=AMX_VS_BF16_EMULATION_STD_EXP N=35 D=256 K=8 d=64 block=16 finite=1 max_abs_error=1.87894329429e-06 mean_abs_error=1.7287360252e-08 relative_L2_error=7.10133843232e-06 gate=diagnostic_exp_and_RNE_difference pass=1
ICPP_ONLINE_DEN_BUDGET N=35 D=256 K=8 d=64 block=16 differing_states=0 omitted_differing_states=0 max_absolute_budget=0.00674568281253 max_error_to_budget=0 basis=2_gamma_degree_plus_rescales_times_FP64_same_p_r_shadow master_gate_independent=true arithmetic_budget_pass=1
ICPP_ONLINE_SMOKE phase=AMX_DENOMINATOR_VS_SVML_SIMULATION N=35 D=256 K=8 d=64 block=16 finite=1 max_abs_error=0 mean_abs_error=0 relative_L2_error=0 gate=same_p_r_gamma_budget_and_relative_L2_1e-5 pass=1
ICPP_ONLINE_SMOKE phase=AMX_DENOMINATOR_VS_TR16_SIMD_REPLAY N=35 D=256 K=8 d=64 block=16 finite=1 max_abs_error=0 mean_abs_error=0 relative_L2_error=0 gate=bitwise_same_lane_layout_and_mul_add_order pass=1
ICPP_ONLINE_SMOKE phase=AMX_VS_FP32_MASTER N=35 D=256 K=8 d=64 block=16 finite=1 max_abs_error=0.000339178073641 mean_abs_error=2.72930473103e-05 relative_L2_error=0.00273963332281 gate=master_absolute_.003_small_fixture_only pass=1
ICPP_ONLINE_SMOKE phase=PROFILE_ON_VS_OFF N=35 D=256 K=8 d=64 block=16 finite=1 max_abs_error=0 mean_abs_error=0 relative_L2_error=0 gate=bitwise_arithmetic_invariance pass=1
ICPP_ONLINE_SMOKE phase=FINISH_NORMALIZATION_AND_ELU N=35 D=256 K=8 d=64 block=16 finite=1 max_abs_error=2.11410224438e-07 mean_abs_error=3.63191210075e-08 relative_L2_error=4.11092034757e-06 gate=abs_1e-5_SVML_activation_difference pass=1
ICPP_ONLINE_SMOKE_COUNTERS N=35 D=256 K=8 d=64 block=16 edges=2736 blocks=1520 max_updates=493 rescales=237 rescale_events=91 spill_bytes=372736 reload_bytes=372736 neighbor_steps=4504 amx_calls=144128 original_row_scatter=true complete_neighborhoods=true independent_heads=true
ICPP_ONLINE_SMOKE phase=FP32_V_ONLINE_VS_FP64_STABLE_SAME_LR N=35 D=256 K=8 d=64 block=32 finite=1 max_abs_error=8.66647694851e-07 mean_abs_error=2.76975621316e-08 relative_L2_error=3.38769547167e-06 gate=abs_1e-5_and_relative_L2_1e-5 pass=1
ICPP_ONLINE_SMOKE phase=BF16_EMULATION_STD_EXP_VS_SVML_EXP N=35 D=256 K=8 d=64 block=32 finite=1 max_abs_error=1.87894329429e-06 mean_abs_error=1.87925114747e-08 relative_L2_error=7.62896779187e-06 gate=diagnostic_RNE_threshold_sensitive pass=1
ICPP_ONLINE_SMOKE phase=BF16_EMULATION_VS_FP32_MASTER N=35 D=256 K=8 d=64 block=32 finite=1 max_abs_error=0.000339178073641 mean_abs_error=2.75479453724e-05 relative_L2_error=0.00276759410014 gate=master_absolute_.003_small_fixture_only pass=1
ICPP_ONLINE_SMOKE phase=BF16_EMULATION_VS_QUANTIZED_HW_STABLE N=35 D=256 K=8 d=64 block=32 finite=1 max_abs_error=0.000108212478272 mean_abs_error=1.16081796096e-05 relative_L2_error=0.00111436799364 gate=diagnostic_additional_pH_RNE pass=1
ICPP_ONLINE_SMOKE phase=AMX_VS_BF16_TDP_EMULATION_SAME_SVML_EXP N=35 D=256 K=8 d=64 block=32 finite=1 max_abs_error=0 mean_abs_error=0 relative_L2_error=0 gate=operand_based_FP32_rounding_budget pass=1
ICPP_ONLINE_SMOKE_BUDGET N=35 D=256 K=8 d=64 block=32 max_absolute_budget=0.000143720302849 max_error_to_budget=0 basis=gamma17_plus_gamma_edge_kb_rescales independent_of_master_BF16_error=true
ICPP_ONLINE_SMOKE phase=AMX_VS_BF16_EMULATION_STD_EXP N=35 D=256 K=8 d=64 block=32 finite=1 max_abs_error=1.87894329429e-06 mean_abs_error=1.87925114747e-08 relative_L2_error=7.62896779187e-06 gate=diagnostic_exp_and_RNE_difference pass=1
ICPP_ONLINE_DEN_BUDGET N=35 D=256 K=8 d=64 block=32 differing_states=0 omitted_differing_states=0 max_absolute_budget=0.00674568281253 max_error_to_budget=0 basis=2_gamma_degree_plus_rescales_times_FP64_same_p_r_shadow master_gate_independent=true arithmetic_budget_pass=1
ICPP_ONLINE_SMOKE phase=AMX_DENOMINATOR_VS_SVML_SIMULATION N=35 D=256 K=8 d=64 block=32 finite=1 max_abs_error=0 mean_abs_error=0 relative_L2_error=0 gate=same_p_r_gamma_budget_and_relative_L2_1e-5 pass=1
ICPP_ONLINE_SMOKE phase=AMX_DENOMINATOR_VS_TR16_SIMD_REPLAY N=35 D=256 K=8 d=64 block=32 finite=1 max_abs_error=0 mean_abs_error=0 relative_L2_error=0 gate=bitwise_same_lane_layout_and_mul_add_order pass=1
ICPP_ONLINE_SMOKE phase=AMX_VS_FP32_MASTER N=35 D=256 K=8 d=64 block=32 finite=1 max_abs_error=0.000339178073641 mean_abs_error=2.75460954856e-05 relative_L2_error=0.00276755244932 gate=master_absolute_.003_small_fixture_only pass=1
ICPP_ONLINE_SMOKE phase=PROFILE_ON_VS_OFF N=35 D=256 K=8 d=64 block=32 finite=1 max_abs_error=0 mean_abs_error=0 relative_L2_error=0 gate=bitwise_arithmetic_invariance pass=1
ICPP_ONLINE_SMOKE phase=FINISH_NORMALIZATION_AND_ELU N=35 D=256 K=8 d=64 block=32 finite=1 max_abs_error=2.09547579288e-07 mean_abs_error=3.63831119026e-08 relative_L2_error=4.11788323085e-06 gate=abs_1e-5_SVML_activation_difference pass=1
ICPP_ONLINE_SMOKE_COUNTERS N=35 D=256 K=8 d=64 block=32 edges=2736 blocks=840 max_updates=386 rescales=130 rescale_events=49 spill_bytes=200704 reload_bytes=200704 neighbor_steps=4504 amx_calls=144128 original_row_scatter=true complete_neighborhoods=true independent_heads=true
ICPP_ONLINE_SMOKE phase=FP32_V_ONLINE_VS_FP64_STABLE_SAME_LR N=35 D=256 K=8 d=64 block=64 finite=1 max_abs_error=8.66647694851e-07 mean_abs_error=2.74393893869e-08 relative_L2_error=3.33776651435e-06 gate=abs_1e-5_and_relative_L2_1e-5 pass=1
ICPP_ONLINE_SMOKE phase=BF16_EMULATION_STD_EXP_VS_SVML_EXP N=35 D=256 K=8 d=64 block=64 finite=1 max_abs_error=2.92062759399e-06 mean_abs_error=2.14126403251e-08 relative_L2_error=8.72948063619e-06 gate=diagnostic_RNE_threshold_sensitive pass=1
ICPP_ONLINE_SMOKE phase=BF16_EMULATION_VS_FP32_MASTER N=35 D=256 K=8 d=64 block=64 finite=1 max_abs_error=0.000339178073641 mean_abs_error=2.78157295114e-05 relative_L2_error=0.00278191076022 gate=master_absolute_.003_small_fixture_only pass=1
ICPP_ONLINE_SMOKE phase=BF16_EMULATION_VS_QUANTIZED_HW_STABLE N=35 D=256 K=8 d=64 block=64 finite=1 max_abs_error=0.000108212478272 mean_abs_error=1.19440349025e-05 relative_L2_error=0.00114161949807 gate=diagnostic_additional_pH_RNE pass=1
ICPP_ONLINE_SMOKE phase=AMX_VS_BF16_TDP_EMULATION_SAME_SVML_EXP N=35 D=256 K=8 d=64 block=64 finite=1 max_abs_error=0 mean_abs_error=0 relative_L2_error=0 gate=operand_based_FP32_rounding_budget pass=1
ICPP_ONLINE_SMOKE_BUDGET N=35 D=256 K=8 d=64 block=64 max_absolute_budget=0.000143654884958 max_error_to_budget=0 basis=gamma17_plus_gamma_edge_kb_rescales independent_of_master_BF16_error=true
ICPP_ONLINE_SMOKE phase=AMX_VS_BF16_EMULATION_STD_EXP N=35 D=256 K=8 d=64 block=64 finite=1 max_abs_error=2.92062759399e-06 mean_abs_error=2.14126403251e-08 relative_L2_error=8.72948063619e-06 gate=diagnostic_exp_and_RNE_difference pass=1
ICPP_ONLINE_DEN_BUDGET N=35 D=256 K=8 d=64 block=64 differing_states=0 omitted_differing_states=0 max_absolute_budget=0.00674568281253 max_error_to_budget=0 basis=2_gamma_degree_plus_rescales_times_FP64_same_p_r_shadow master_gate_independent=true arithmetic_budget_pass=1
ICPP_ONLINE_SMOKE phase=AMX_DENOMINATOR_VS_SVML_SIMULATION N=35 D=256 K=8 d=64 block=64 finite=1 max_abs_error=0 mean_abs_error=0 relative_L2_error=0 gate=same_p_r_gamma_budget_and_relative_L2_1e-5 pass=1
ICPP_ONLINE_SMOKE phase=AMX_DENOMINATOR_VS_TR16_SIMD_REPLAY N=35 D=256 K=8 d=64 block=64 finite=1 max_abs_error=0 mean_abs_error=0 relative_L2_error=0 gate=bitwise_same_lane_layout_and_mul_add_order pass=1
ICPP_ONLINE_SMOKE phase=AMX_VS_FP32_MASTER N=35 D=256 K=8 d=64 block=64 finite=1 max_abs_error=0.000339178073641 mean_abs_error=2.78136471478e-05 relative_L2_error=0.00278184805496 gate=master_absolute_.003_small_fixture_only pass=1
ICPP_ONLINE_SMOKE phase=PROFILE_ON_VS_OFF N=35 D=256 K=8 d=64 block=64 finite=1 max_abs_error=0 mean_abs_error=0 relative_L2_error=0 gate=bitwise_arithmetic_invariance pass=1
ICPP_ONLINE_SMOKE phase=FINISH_NORMALIZATION_AND_ELU N=35 D=256 K=8 d=64 block=64 finite=1 max_abs_error=2.10478901863e-07 mean_abs_error=3.64154370039e-08 relative_L2_error=4.11998967121e-06 gate=abs_1e-5_SVML_activation_difference pass=1
ICPP_ONLINE_SMOKE_COUNTERS N=35 D=256 K=8 d=64 block=64 edges=2736 blocks=520 max_updates=306 rescales=50 rescale_events=24 spill_bytes=98304 reload_bytes=98304 neighbor_steps=4504 amx_calls=144128 original_row_scatter=true complete_neighborhoods=true independent_heads=true
ICPP_ONLINE_SMOKE phase=FP32_V_ONLINE_VS_FP64_STABLE_SAME_LR N=17 D=256 K=8 d=32 block=16 finite=1 max_abs_error=6.36845984413e-07 mean_abs_error=3.36830458999e-08 relative_L2_error=3.77737787375e-06 gate=abs_1e-5_and_relative_L2_1e-5 pass=1
ICPP_ONLINE_SMOKE phase=BF16_EMULATION_STD_EXP_VS_SVML_EXP N=17 D=256 K=8 d=32 block=16 finite=1 max_abs_error=4.7292560339e-06 mean_abs_error=7.62853997488e-08 relative_L2_error=2.32054288085e-05 gate=diagnostic_RNE_threshold_sensitive pass=1
ICPP_ONLINE_SMOKE phase=BF16_EMULATION_VS_FP32_MASTER N=17 D=256 K=8 d=32 block=16 finite=1 max_abs_error=0.000356601980362 mean_abs_error=2.94298904192e-05 relative_L2_error=0.0027779975487 gate=master_absolute_.003_small_fixture_only pass=1
ICPP_ONLINE_SMOKE phase=BF16_EMULATION_VS_QUANTIZED_HW_STABLE N=17 D=256 K=8 d=32 block=16 finite=1 max_abs_error=9.6950218587e-05 mean_abs_error=1.14129093819e-05 relative_L2_error=0.000995043964053 gate=diagnostic_additional_pH_RNE pass=1
ICPP_ONLINE_SMOKE phase=AMX_VS_BF16_TDP_EMULATION_SAME_SVML_EXP N=17 D=256 K=8 d=32 block=16 finite=1 max_abs_error=0 mean_abs_error=0 relative_L2_error=0 gate=operand_based_FP32_rounding_budget pass=1
ICPP_ONLINE_SMOKE_BUDGET N=17 D=256 K=8 d=32 block=16 max_absolute_budget=0.000140331730181 max_error_to_budget=0 basis=gamma17_plus_gamma_edge_kb_rescales independent_of_master_BF16_error=true
ICPP_ONLINE_SMOKE phase=AMX_VS_BF16_EMULATION_STD_EXP N=17 D=256 K=8 d=32 block=16 finite=1 max_abs_error=4.7292560339e-06 mean_abs_error=7.62853997488e-08 relative_L2_error=2.32054288085e-05 gate=diagnostic_exp_and_RNE_difference pass=1
ICPP_ONLINE_DEN_BUDGET N=17 D=256 K=8 d=32 block=16 differing_states=0 omitted_differing_states=0 max_absolute_budget=0.00679782895334 max_error_to_budget=0 basis=2_gamma_degree_plus_rescales_times_FP64_same_p_r_shadow master_gate_independent=true arithmetic_budget_pass=1
ICPP_ONLINE_SMOKE phase=AMX_DENOMINATOR_VS_SVML_SIMULATION N=17 D=256 K=8 d=32 block=16 finite=1 max_abs_error=0 mean_abs_error=0 relative_L2_error=0 gate=same_p_r_gamma_budget_and_relative_L2_1e-5 pass=1
ICPP_ONLINE_SMOKE phase=AMX_DENOMINATOR_VS_TR16_SIMD_REPLAY N=17 D=256 K=8 d=32 block=16 finite=1 max_abs_error=0 mean_abs_error=0 relative_L2_error=0 gate=bitwise_same_lane_layout_and_mul_add_order pass=1
ICPP_ONLINE_SMOKE phase=AMX_VS_FP32_MASTER N=17 D=256 K=8 d=32 block=16 finite=1 max_abs_error=0.000356601980362 mean_abs_error=2.94158039821e-05 relative_L2_error=0.00277700839762 gate=master_absolute_.003_small_fixture_only pass=1
ICPP_ONLINE_SMOKE phase=PROFILE_ON_VS_OFF N=17 D=256 K=8 d=32 block=16 finite=1 max_abs_error=0 mean_abs_error=0 relative_L2_error=0 gate=bitwise_arithmetic_invariance pass=1
ICPP_ONLINE_SMOKE phase=FINISH_NORMALIZATION_AND_ELU N=17 D=256 K=8 d=32 block=16 finite=1 max_abs_error=2.15135514736e-07 mean_abs_error=3.19652050744e-08 relative_L2_error=3.54888864881e-06 gate=abs_1e-5_SVML_activation_difference pass=1
ICPP_ONLINE_SMOKE_COUNTERS N=17 D=256 K=8 d=32 block=16 edges=1352 blocks=752 max_updates=224 rescales=104 rescale_events=36 spill_bytes=73728 reload_bytes=73728 neighbor_steps=4240 amx_calls=67840 original_row_scatter=true complete_neighborhoods=true independent_heads=true
ICPP_ONLINE_SMOKE phase=FP32_V_ONLINE_VS_FP64_STABLE_SAME_LR N=17 D=256 K=8 d=32 block=32 finite=1 max_abs_error=6.48021855308e-07 mean_abs_error=3.33109024685e-08 relative_L2_error=3.68999944896e-06 gate=abs_1e-5_and_relative_L2_1e-5 pass=1
ICPP_ONLINE_SMOKE phase=BF16_EMULATION_STD_EXP_VS_SVML_EXP N=17 D=256 K=8 d=32 block=32 finite=1 max_abs_error=4.7292560339e-06 mean_abs_error=7.61666941805e-08 relative_L2_error=2.32041365203e-05 gate=diagnostic_RNE_threshold_sensitive pass=1
ICPP_ONLINE_SMOKE phase=BF16_EMULATION_VS_FP32_MASTER N=17 D=256 K=8 d=32 block=32 finite=1 max_abs_error=0.000356601980362 mean_abs_error=2.96072711136e-05 relative_L2_error=0.002787053197 gate=master_absolute_.003_small_fixture_only pass=1
ICPP_ONLINE_SMOKE phase=BF16_EMULATION_VS_QUANTIZED_HW_STABLE N=17 D=256 K=8 d=32 block=32 finite=1 max_abs_error=9.6950218587e-05 mean_abs_error=1.18840899696e-05 relative_L2_error=0.00103869066287 gate=diagnostic_additional_pH_RNE pass=1
ICPP_ONLINE_SMOKE phase=AMX_VS_BF16_TDP_EMULATION_SAME_SVML_EXP N=17 D=256 K=8 d=32 block=32 finite=1 max_abs_error=0 mean_abs_error=0 relative_L2_error=0 gate=operand_based_FP32_rounding_budget pass=1
ICPP_ONLINE_SMOKE_BUDGET N=17 D=256 K=8 d=32 block=32 max_absolute_budget=0.000140268756205 max_error_to_budget=0 basis=gamma17_plus_gamma_edge_kb_rescales independent_of_master_BF16_error=true
ICPP_ONLINE_SMOKE phase=AMX_VS_BF16_EMULATION_STD_EXP N=17 D=256 K=8 d=32 block=32 finite=1 max_abs_error=4.7292560339e-06 mean_abs_error=7.61666941805e-08 relative_L2_error=2.32041365203e-05 gate=diagnostic_exp_and_RNE_difference pass=1
ICPP_ONLINE_DEN_BUDGET N=17 D=256 K=8 d=32 block=32 differing_states=0 omitted_differing_states=0 max_absolute_budget=0.00679782895334 max_error_to_budget=0 basis=2_gamma_degree_plus_rescales_times_FP64_same_p_r_shadow master_gate_independent=true arithmetic_budget_pass=1
ICPP_ONLINE_SMOKE phase=AMX_DENOMINATOR_VS_SVML_SIMULATION N=17 D=256 K=8 d=32 block=32 finite=1 max_abs_error=0 mean_abs_error=0 relative_L2_error=0 gate=same_p_r_gamma_budget_and_relative_L2_1e-5 pass=1
ICPP_ONLINE_SMOKE phase=AMX_DENOMINATOR_VS_TR16_SIMD_REPLAY N=17 D=256 K=8 d=32 block=32 finite=1 max_abs_error=0 mean_abs_error=0 relative_L2_error=0 gate=bitwise_same_lane_layout_and_mul_add_order pass=1
ICPP_ONLINE_SMOKE phase=AMX_VS_FP32_MASTER N=17 D=256 K=8 d=32 block=32 finite=1 max_abs_error=0.000356601980362 mean_abs_error=2.95916332391e-05 relative_L2_error=0.00278601685447 gate=master_absolute_.003_small_fixture_only pass=1
ICPP_ONLINE_SMOKE phase=PROFILE_ON_VS_OFF N=17 D=256 K=8 d=32 block=32 finite=1 max_abs_error=0 mean_abs_error=0 relative_L2_error=0 gate=bitwise_arithmetic_invariance pass=1
ICPP_ONLINE_SMOKE phase=COUNTERS_AND_CLOCKS_OFF_VS_PROFILE N=17 D=256 K=8 d=32 block=32 finite=1 max_abs_error=0 mean_abs_error=0 relative_L2_error=0 gate=bitwise_benchmark_specialization_invariance pass=1
ICPP_ONLINE_SMOKE phase=FINISH_NORMALIZATION_AND_ELU N=17 D=256 K=8 d=32 block=32 finite=1 max_abs_error=2.15135514736e-07 mean_abs_error=3.19146294784e-08 relative_L2_error=3.53318444904e-06 gate=abs_1e-5_SVML_activation_difference pass=1
ICPP_ONLINE_SMOKE_COUNTERS N=17 D=256 K=8 d=32 block=32 edges=1352 blocks=416 max_updates=170 rescales=50 rescale_events=20 spill_bytes=40960 reload_bytes=40960 neighbor_steps=4240 amx_calls=67840 original_row_scatter=true complete_neighborhoods=true independent_heads=true
ICPP_ONLINE_SMOKE phase=FP32_V_ONLINE_VS_FP64_STABLE_SAME_LR N=17 D=256 K=8 d=32 block=64 finite=1 max_abs_error=6.48021855308e-07 mean_abs_error=3.3420125207e-08 relative_L2_error=3.66968211951e-06 gate=abs_1e-5_and_relative_L2_1e-5 pass=1
ICPP_ONLINE_SMOKE phase=BF16_EMULATION_STD_EXP_VS_SVML_EXP N=17 D=256 K=8 d=32 block=64 finite=1 max_abs_error=4.7292560339e-06 mean_abs_error=7.61777652723e-08 relative_L2_error=2.32049966737e-05 gate=diagnostic_RNE_threshold_sensitive pass=1
ICPP_ONLINE_SMOKE phase=BF16_EMULATION_VS_FP32_MASTER N=17 D=256 K=8 d=32 block=64 finite=1 max_abs_error=0.000356601980362 mean_abs_error=2.9684714547e-05 relative_L2_error=0.00279741169397 gate=master_absolute_.003_small_fixture_only pass=1
ICPP_ONLINE_SMOKE phase=BF16_EMULATION_VS_QUANTIZED_HW_STABLE N=17 D=256 K=8 d=32 block=64 finite=1 max_abs_error=9.6950218587e-05 mean_abs_error=1.19157388057e-05 relative_L2_error=0.00104701122743 gate=diagnostic_additional_pH_RNE pass=1
ICPP_ONLINE_SMOKE phase=AMX_VS_BF16_TDP_EMULATION_SAME_SVML_EXP N=17 D=256 K=8 d=32 block=64 finite=1 max_abs_error=0 mean_abs_error=0 relative_L2_error=0 gate=operand_based_FP32_rounding_budget pass=1
ICPP_ONLINE_SMOKE_BUDGET N=17 D=256 K=8 d=32 block=64 max_absolute_budget=0.000140268756205 max_error_to_budget=0 basis=gamma17_plus_gamma_edge_kb_rescales independent_of_master_BF16_error=true
ICPP_ONLINE_SMOKE phase=AMX_VS_BF16_EMULATION_STD_EXP N=17 D=256 K=8 d=32 block=64 finite=1 max_abs_error=4.7292560339e-06 mean_abs_error=7.61777652723e-08 relative_L2_error=2.32049966737e-05 gate=diagnostic_exp_and_RNE_difference pass=1
ICPP_ONLINE_DEN_BUDGET N=17 D=256 K=8 d=32 block=64 differing_states=0 omitted_differing_states=0 max_absolute_budget=0.00679782895334 max_error_to_budget=0 basis=2_gamma_degree_plus_rescales_times_FP64_same_p_r_shadow master_gate_independent=true arithmetic_budget_pass=1
ICPP_ONLINE_SMOKE phase=AMX_DENOMINATOR_VS_SVML_SIMULATION N=17 D=256 K=8 d=32 block=64 finite=1 max_abs_error=0 mean_abs_error=0 relative_L2_error=0 gate=same_p_r_gamma_budget_and_relative_L2_1e-5 pass=1
ICPP_ONLINE_SMOKE phase=AMX_DENOMINATOR_VS_TR16_SIMD_REPLAY N=17 D=256 K=8 d=32 block=64 finite=1 max_abs_error=0 mean_abs_error=0 relative_L2_error=0 gate=bitwise_same_lane_layout_and_mul_add_order pass=1
ICPP_ONLINE_SMOKE phase=AMX_VS_FP32_MASTER N=17 D=256 K=8 d=32 block=64 finite=1 max_abs_error=0.000356601980362 mean_abs_error=2.96658232704e-05 relative_L2_error=0.00279630412084 gate=master_absolute_.003_small_fixture_only pass=1
ICPP_ONLINE_SMOKE phase=PROFILE_ON_VS_OFF N=17 D=256 K=8 d=32 block=64 finite=1 max_abs_error=0 mean_abs_error=0 relative_L2_error=0 gate=bitwise_arithmetic_invariance pass=1
ICPP_ONLINE_SMOKE phase=FINISH_NORMALIZATION_AND_ELU N=17 D=256 K=8 d=32 block=64 finite=1 max_abs_error=2.15135514736e-07 mean_abs_error=3.19039926536e-08 relative_L2_error=3.53400813801e-06 gate=abs_1e-5_SVML_activation_difference pass=1
ICPP_ONLINE_SMOKE_COUNTERS N=17 D=256 K=8 d=32 block=64 edges=1352 blocks=256 max_updates=144 rescales=24 rescale_events=11 spill_bytes=22528 reload_bytes=22528 neighbor_steps=4240 amx_calls=67840 original_row_scatter=true complete_neighborhoods=true independent_heads=true
ICPP_ONLINE_SMOKE phase=LAYER_WRAPPER_WITH_CONTRACTED_REAL_ATTENTION N=17 D=256 K=8 d=32 block=32 finite=1 max_abs_error=0 mean_abs_error=0 relative_L2_error=0 gate=same_LR_instruction_budget pass=1
ICPP_ONLINE_SMOKE phase=REAL_ATTENTION_AMX_VS_FP32_MASTER N=17 D=256 K=8 d=32 block=32 finite=1 max_abs_error=0.000322961412977 mean_abs_error=3.02772724261e-05 relative_L2_error=0.00284430710378 gate=master_absolute_.003_small_fixture_only pass=1
ICPP_ONLINE_SMOKE phase=FP32_V_ONLINE_VS_FP64_STABLE_SAME_LR N=35 D=128 K=8 d=32 block=16 finite=1 max_abs_error=4.49510793726e-07 mean_abs_error=1.95384902104e-08 relative_L2_error=2.63002712144e-06 gate=abs_1e-5_and_relative_L2_1e-5 pass=1
ICPP_ONLINE_SMOKE phase=BF16_EMULATION_STD_EXP_VS_SVML_EXP N=35 D=128 K=8 d=32 block=16 finite=1 max_abs_error=1.54646113515e-06 mean_abs_error=8.23074819729e-09 relative_L2_error=4.67241477486e-06 gate=diagnostic_RNE_threshold_sensitive pass=1
ICPP_ONLINE_SMOKE phase=BF16_EMULATION_VS_FP32_MASTER N=35 D=128 K=8 d=32 block=16 finite=1 max_abs_error=0.000301615030778 mean_abs_error=2.59845418569e-05 relative_L2_error=0.0027201127092 gate=master_absolute_.003_small_fixture_only pass=1
ICPP_ONLINE_SMOKE phase=BF16_EMULATION_VS_QUANTIZED_HW_STABLE N=35 D=128 K=8 d=32 block=16 finite=1 max_abs_error=0.000100959610431 mean_abs_error=1.13053040551e-05 relative_L2_error=0.00111512398458 gate=diagnostic_additional_pH_RNE pass=1
ICPP_ONLINE_SMOKE phase=AMX_VS_BF16_TDP_EMULATION_SAME_SVML_EXP N=35 D=128 K=8 d=32 block=16 finite=1 max_abs_error=0 mean_abs_error=0 relative_L2_error=0 gate=operand_based_FP32_rounding_budget pass=1
ICPP_ONLINE_SMOKE_BUDGET N=35 D=128 K=8 d=32 block=16 max_absolute_budget=5.29442985587e-05 max_error_to_budget=0 basis=gamma17_plus_gamma_edge_kb_rescales independent_of_master_BF16_error=true
ICPP_ONLINE_SMOKE phase=AMX_VS_BF16_EMULATION_STD_EXP N=35 D=128 K=8 d=32 block=16 finite=1 max_abs_error=1.54646113515e-06 mean_abs_error=8.23074819729e-09 relative_L2_error=4.67241477486e-06 gate=diagnostic_exp_and_RNE_difference pass=1
ICPP_ONLINE_DEN_BUDGET N=35 D=128 K=8 d=32 block=16 differing_states=0 omitted_differing_states=0 max_absolute_budget=0.00673034274814 max_error_to_budget=0 basis=2_gamma_degree_plus_rescales_times_FP64_same_p_r_shadow master_gate_independent=true arithmetic_budget_pass=1
ICPP_ONLINE_SMOKE phase=AMX_DENOMINATOR_VS_SVML_SIMULATION N=35 D=128 K=8 d=32 block=16 finite=1 max_abs_error=0 mean_abs_error=0 relative_L2_error=0 gate=same_p_r_gamma_budget_and_relative_L2_1e-5 pass=1
ICPP_ONLINE_SMOKE phase=AMX_DENOMINATOR_VS_TR16_SIMD_REPLAY N=35 D=128 K=8 d=32 block=16 finite=1 max_abs_error=0 mean_abs_error=0 relative_L2_error=0 gate=bitwise_same_lane_layout_and_mul_add_order pass=1
ICPP_ONLINE_SMOKE phase=AMX_VS_FP32_MASTER N=35 D=128 K=8 d=32 block=16 finite=1 max_abs_error=0.000301615030778 mean_abs_error=2.59834446337e-05 relative_L2_error=0.00272008959095 gate=master_absolute_.003_small_fixture_only pass=1
ICPP_ONLINE_SMOKE phase=PROFILE_ON_VS_OFF N=35 D=128 K=8 d=32 block=16 finite=1 max_abs_error=0 mean_abs_error=0 relative_L2_error=0 gate=bitwise_arithmetic_invariance pass=1
ICPP_ONLINE_SMOKE phase=FINISH_NORMALIZATION_AND_ELU N=35 D=128 K=8 d=32 block=16 finite=1 max_abs_error=2.15135514736e-07 mean_abs_error=3.4301103824e-08 relative_L2_error=4.14430713789e-06 gate=abs_1e-5_SVML_activation_difference pass=1
ICPP_ONLINE_SMOKE_COUNTERS N=35 D=128 K=8 d=32 block=16 edges=2736 blocks=1520 max_updates=485 rescales=229 rescale_events=86 spill_bytes=176128 reload_bytes=176128 neighbor_steps=4504 amx_calls=36032 original_row_scatter=true complete_neighborhoods=true independent_heads=true
ICPP_ONLINE_SMOKE phase=FP32_V_ONLINE_VS_FP64_STABLE_SAME_LR N=35 D=128 K=8 d=32 block=32 finite=1 max_abs_error=4.45785503428e-07 mean_abs_error=1.97240036962e-08 relative_L2_error=2.62842151799e-06 gate=abs_1e-5_and_relative_L2_1e-5 pass=1
ICPP_ONLINE_SMOKE phase=BF16_EMULATION_STD_EXP_VS_SVML_EXP N=35 D=128 K=8 d=32 block=32 finite=1 max_abs_error=1.54646113515e-06 mean_abs_error=7.91844984503e-09 relative_L2_error=4.60727929676e-06 gate=diagnostic_RNE_threshold_sensitive pass=1
ICPP_ONLINE_SMOKE phase=BF16_EMULATION_VS_FP32_MASTER N=35 D=128 K=8 d=32 block=32 finite=1 max_abs_error=0.000301615030778 mean_abs_error=2.63475431059e-05 relative_L2_error=0.00276545798361 gate=master_absolute_.003_small_fixture_only pass=1
ICPP_ONLINE_SMOKE phase=BF16_EMULATION_VS_QUANTIZED_HW_STABLE N=35 D=128 K=8 d=32 block=32 finite=1 max_abs_error=0.000100959610431 mean_abs_error=1.19605428701e-05 relative_L2_error=0.00118417877774 gate=diagnostic_additional_pH_RNE pass=1
ICPP_ONLINE_SMOKE phase=AMX_VS_BF16_TDP_EMULATION_SAME_SVML_EXP N=35 D=128 K=8 d=32 block=32 finite=1 max_abs_error=0 mean_abs_error=0 relative_L2_error=0 gate=operand_based_FP32_rounding_budget pass=1
ICPP_ONLINE_SMOKE_BUDGET N=35 D=128 K=8 d=32 block=32 max_absolute_budget=5.29442985587e-05 max_error_to_budget=0 basis=gamma17_plus_gamma_edge_kb_rescales independent_of_master_BF16_error=true
ICPP_ONLINE_SMOKE phase=AMX_VS_BF16_EMULATION_STD_EXP N=35 D=128 K=8 d=32 block=32 finite=1 max_abs_error=1.54646113515e-06 mean_abs_error=7.91844984503e-09 relative_L2_error=4.60727929676e-06 gate=diagnostic_exp_and_RNE_difference pass=1
ICPP_ONLINE_DEN_BUDGET N=35 D=128 K=8 d=32 block=32 differing_states=0 omitted_differing_states=0 max_absolute_budget=0.00673034274814 max_error_to_budget=0 basis=2_gamma_degree_plus_rescales_times_FP64_same_p_r_shadow master_gate_independent=true arithmetic_budget_pass=1
ICPP_ONLINE_SMOKE phase=AMX_DENOMINATOR_VS_SVML_SIMULATION N=35 D=128 K=8 d=32 block=32 finite=1 max_abs_error=0 mean_abs_error=0 relative_L2_error=0 gate=same_p_r_gamma_budget_and_relative_L2_1e-5 pass=1
ICPP_ONLINE_SMOKE phase=AMX_DENOMINATOR_VS_TR16_SIMD_REPLAY N=35 D=128 K=8 d=32 block=32 finite=1 max_abs_error=0 mean_abs_error=0 relative_L2_error=0 gate=bitwise_same_lane_layout_and_mul_add_order pass=1
ICPP_ONLINE_SMOKE phase=AMX_VS_FP32_MASTER N=35 D=128 K=8 d=32 block=32 finite=1 max_abs_error=0.000301615030778 mean_abs_error=2.63466436014e-05 relative_L2_error=0.00276544463359 gate=master_absolute_.003_small_fixture_only pass=1
ICPP_ONLINE_SMOKE phase=PROFILE_ON_VS_OFF N=35 D=128 K=8 d=32 block=32 finite=1 max_abs_error=0 mean_abs_error=0 relative_L2_error=0 gate=bitwise_arithmetic_invariance pass=1
ICPP_ONLINE_SMOKE phase=FINISH_NORMALIZATION_AND_ELU N=35 D=128 K=8 d=32 block=32 finite=1 max_abs_error=2.07684934139e-07 mean_abs_error=3.44493477046e-08 relative_L2_error=4.15895335971e-06 gate=abs_1e-5_SVML_activation_difference pass=1
ICPP_ONLINE_SMOKE_COUNTERS N=35 D=128 K=8 d=32 block=32 edges=2736 blocks=840 max_updates=370 rescales=114 rescale_events=44 spill_bytes=90112 reload_bytes=90112 neighbor_steps=4504 amx_calls=36032 original_row_scatter=true complete_neighborhoods=true independent_heads=true
ICPP_ONLINE_SMOKE phase=FP32_V_ONLINE_VS_FP64_STABLE_SAME_LR N=35 D=128 K=8 d=32 block=64 finite=1 max_abs_error=4.34609632533e-07 mean_abs_error=1.95870607021e-08 relative_L2_error=2.61735622313e-06 gate=abs_1e-5_and_relative_L2_1e-5 pass=1
ICPP_ONLINE_SMOKE phase=BF16_EMULATION_STD_EXP_VS_SVML_EXP N=35 D=128 K=8 d=32 block=64 finite=1 max_abs_error=1.54646113515e-06 mean_abs_error=1.05062272025e-08 relative_L2_error=5.41533030709e-06 gate=diagnostic_RNE_threshold_sensitive pass=1
ICPP_ONLINE_SMOKE phase=BF16_EMULATION_VS_FP32_MASTER N=35 D=128 K=8 d=32 block=64 finite=1 max_abs_error=0.000301615030778 mean_abs_error=2.65223312541e-05 relative_L2_error=0.00277867708011 gate=master_absolute_.003_small_fixture_only pass=1
ICPP_ONLINE_SMOKE phase=BF16_EMULATION_VS_QUANTIZED_HW_STABLE N=35 D=128 K=8 d=32 block=64 finite=1 max_abs_error=0.000103363092667 mean_abs_error=1.22525030859e-05 relative_L2_error=0.00121551419799 gate=diagnostic_additional_pH_RNE pass=1
ICPP_ONLINE_SMOKE phase=AMX_VS_BF16_TDP_EMULATION_SAME_SVML_EXP N=35 D=128 K=8 d=32 block=64 finite=1 max_abs_error=0 mean_abs_error=0 relative_L2_error=0 gate=operand_based_FP32_rounding_budget pass=1
ICPP_ONLINE_SMOKE_BUDGET N=35 D=128 K=8 d=32 block=64 max_absolute_budget=5.28970431482e-05 max_error_to_budget=0 basis=gamma17_plus_gamma_edge_kb_rescales independent_of_master_BF16_error=true
ICPP_ONLINE_SMOKE phase=AMX_VS_BF16_EMULATION_STD_EXP N=35 D=128 K=8 d=32 block=64 finite=1 max_abs_error=1.54646113515e-06 mean_abs_error=1.05062272025e-08 relative_L2_error=5.41533030709e-06 gate=diagnostic_exp_and_RNE_difference pass=1
ICPP_ONLINE_DEN_BUDGET N=35 D=128 K=8 d=32 block=64 differing_states=0 omitted_differing_states=0 max_absolute_budget=0.00673034274814 max_error_to_budget=0 basis=2_gamma_degree_plus_rescales_times_FP64_same_p_r_shadow master_gate_independent=true arithmetic_budget_pass=1
ICPP_ONLINE_SMOKE phase=AMX_DENOMINATOR_VS_SVML_SIMULATION N=35 D=128 K=8 d=32 block=64 finite=1 max_abs_error=0 mean_abs_error=0 relative_L2_error=0 gate=same_p_r_gamma_budget_and_relative_L2_1e-5 pass=1
ICPP_ONLINE_SMOKE phase=AMX_DENOMINATOR_VS_TR16_SIMD_REPLAY N=35 D=128 K=8 d=32 block=64 finite=1 max_abs_error=0 mean_abs_error=0 relative_L2_error=0 gate=bitwise_same_lane_layout_and_mul_add_order pass=1
ICPP_ONLINE_SMOKE phase=AMX_VS_FP32_MASTER N=35 D=128 K=8 d=32 block=64 finite=1 max_abs_error=0.000301615030778 mean_abs_error=2.65215684281e-05 relative_L2_error=0.00277867601999 gate=master_absolute_.003_small_fixture_only pass=1
ICPP_ONLINE_SMOKE phase=PROFILE_ON_VS_OFF N=35 D=128 K=8 d=32 block=64 finite=1 max_abs_error=0 mean_abs_error=0 relative_L2_error=0 gate=bitwise_arithmetic_invariance pass=1
ICPP_ONLINE_SMOKE phase=FINISH_NORMALIZATION_AND_ELU N=35 D=128 K=8 d=32 block=64 finite=1 max_abs_error=2.07684934139e-07 mean_abs_error=3.45412032437e-08 relative_L2_error=4.1659500288e-06 gate=abs_1e-5_SVML_activation_difference pass=1
ICPP_ONLINE_SMOKE_COUNTERS N=35 D=128 K=8 d=32 block=64 edges=2736 blocks=520 max_updates=302 rescales=46 rescale_events=19 spill_bytes=38912 reload_bytes=38912 neighbor_steps=4504 amx_calls=36032 original_row_scatter=true complete_neighborhoods=true independent_heads=true
ICPP_ONLINE_SMOKE phase=FP32_V_ONLINE_VS_FP64_STABLE_SAME_LR N=17 D=33 K=8 d=64 block=16 finite=1 max_abs_error=2.21776796486e-07 mean_abs_error=1.29971283276e-08 relative_L2_error=1.35150103803e-06 gate=abs_1e-5_and_relative_L2_1e-5 pass=1
ICPP_ONLINE_SMOKE phase=BF16_EMULATION_STD_EXP_VS_SVML_EXP N=17 D=33 K=8 d=64 block=16 finite=1 max_abs_error=2.23517417908e-08 mean_abs_error=6.60627369802e-10 relative_L2_error=9.31215783728e-08 gate=diagnostic_RNE_threshold_sensitive pass=1
ICPP_ONLINE_SMOKE phase=BF16_EMULATION_VS_FP32_MASTER N=17 D=33 K=8 d=64 block=16 finite=1 max_abs_error=0.000295281537139 mean_abs_error=2.93102484238e-05 relative_L2_error=0.00250824763283 gate=master_absolute_.003_small_fixture_only pass=1
ICPP_ONLINE_SMOKE phase=BF16_EMULATION_VS_QUANTIZED_HW_STABLE N=17 D=33 K=8 d=64 block=16 finite=1 max_abs_error=0.000185022316189 mean_abs_error=1.18042824693e-05 relative_L2_error=0.000987543147678 gate=diagnostic_additional_pH_RNE pass=1
ICPP_ONLINE_SMOKE phase=AMX_VS_BF16_TDP_EMULATION_SAME_SVML_EXP N=17 D=33 K=8 d=64 block=16 finite=1 max_abs_error=0 mean_abs_error=0 relative_L2_error=0 gate=operand_based_FP32_rounding_budget pass=1
ICPP_ONLINE_SMOKE_BUDGET N=17 D=33 K=8 d=64 block=16 max_absolute_budget=1.58404850624e-05 max_error_to_budget=0 basis=gamma17_plus_gamma_edge_kb_rescales independent_of_master_BF16_error=true
ICPP_ONLINE_SMOKE phase=AMX_VS_BF16_EMULATION_STD_EXP N=17 D=33 K=8 d=64 block=16 finite=1 max_abs_error=2.23517417908e-08 mean_abs_error=6.60627369802e-10 relative_L2_error=9.31215783728e-08 gate=diagnostic_exp_and_RNE_difference pass=1
ICPP_ONLINE_DEN_BUDGET N=17 D=33 K=8 d=64 block=16 differing_states=0 omitted_differing_states=0 max_absolute_budget=0.00687237630373 max_error_to_budget=0 basis=2_gamma_degree_plus_rescales_times_FP64_same_p_r_shadow master_gate_independent=true arithmetic_budget_pass=1
ICPP_ONLINE_SMOKE phase=AMX_DENOMINATOR_VS_SVML_SIMULATION N=17 D=33 K=8 d=64 block=16 finite=1 max_abs_error=0 mean_abs_error=0 relative_L2_error=0 gate=same_p_r_gamma_budget_and_relative_L2_1e-5 pass=1
ICPP_ONLINE_SMOKE phase=AMX_DENOMINATOR_VS_TR16_SIMD_REPLAY N=17 D=33 K=8 d=64 block=16 finite=1 max_abs_error=0 mean_abs_error=0 relative_L2_error=0 gate=bitwise_same_lane_layout_and_mul_add_order pass=1
ICPP_ONLINE_SMOKE phase=AMX_VS_FP32_MASTER N=17 D=33 K=8 d=64 block=16 finite=1 max_abs_error=0.000295281537139 mean_abs_error=2.93102895448e-05 relative_L2_error=0.00250824972719 gate=master_absolute_.003_small_fixture_only pass=1
ICPP_ONLINE_SMOKE phase=PROFILE_ON_VS_OFF N=17 D=33 K=8 d=64 block=16 finite=1 max_abs_error=0 mean_abs_error=0 relative_L2_error=0 gate=bitwise_arithmetic_invariance pass=1
ICPP_ONLINE_SMOKE phase=FINISH_NORMALIZATION_AND_ELU N=17 D=33 K=8 d=64 block=16 finite=1 max_abs_error=2.12341547012e-07 mean_abs_error=3.41325335577e-08 relative_L2_error=3.45737607267e-06 gate=abs_1e-5_SVML_activation_difference pass=1
ICPP_ONLINE_SMOKE_COUNTERS N=17 D=33 K=8 d=64 block=16 edges=1352 blocks=752 max_updates=202 rescales=82 rescale_events=29 spill_bytes=118784 reload_bytes=118784 neighbor_steps=4240 amx_calls=33920 original_row_scatter=true complete_neighborhoods=true independent_heads=true
ICPP_ONLINE_SMOKE phase=FP32_V_ONLINE_VS_FP64_STABLE_SAME_LR N=17 D=33 K=8 d=64 block=32 finite=1 max_abs_error=1.92308753394e-07 mean_abs_error=1.27805706939e-08 relative_L2_error=1.31344868284e-06 gate=abs_1e-5_and_relative_L2_1e-5 pass=1
ICPP_ONLINE_SMOKE phase=BF16_EMULATION_STD_EXP_VS_SVML_EXP N=17 D=33 K=8 d=64 block=32 finite=1 max_abs_error=2.23517417908e-08 mean_abs_error=6.3267942519e-10 relative_L2_error=9.32086359379e-08 gate=diagnostic_RNE_threshold_sensitive pass=1
ICPP_ONLINE_SMOKE phase=BF16_EMULATION_VS_FP32_MASTER N=17 D=33 K=8 d=64 block=32 finite=1 max_abs_error=0.000295281537139 mean_abs_error=2.94276285361e-05 relative_L2_error=0.00252432045355 gate=master_absolute_.003_small_fixture_only pass=1
ICPP_ONLINE_SMOKE phase=BF16_EMULATION_VS_QUANTIZED_HW_STABLE N=17 D=33 K=8 d=64 block=32 finite=1 max_abs_error=0.000185022316189 mean_abs_error=1.22182013349e-05 relative_L2_error=0.00102552144526 gate=diagnostic_additional_pH_RNE pass=1
ICPP_ONLINE_SMOKE phase=AMX_VS_BF16_TDP_EMULATION_SAME_SVML_EXP N=17 D=33 K=8 d=64 block=32 finite=1 max_abs_error=0 mean_abs_error=0 relative_L2_error=0 gate=operand_based_FP32_rounding_budget pass=1
ICPP_ONLINE_SMOKE_BUDGET N=17 D=33 K=8 d=64 block=32 max_absolute_budget=1.58404850624e-05 max_error_to_budget=0 basis=gamma17_plus_gamma_edge_kb_rescales independent_of_master_BF16_error=true
ICPP_ONLINE_SMOKE phase=AMX_VS_BF16_EMULATION_STD_EXP N=17 D=33 K=8 d=64 block=32 finite=1 max_abs_error=2.23517417908e-08 mean_abs_error=6.3267942519e-10 relative_L2_error=9.32086359379e-08 gate=diagnostic_exp_and_RNE_difference pass=1
ICPP_ONLINE_DEN_BUDGET N=17 D=33 K=8 d=64 block=32 differing_states=0 omitted_differing_states=0 max_absolute_budget=0.00687237630373 max_error_to_budget=0 basis=2_gamma_degree_plus_rescales_times_FP64_same_p_r_shadow master_gate_independent=true arithmetic_budget_pass=1
ICPP_ONLINE_SMOKE phase=AMX_DENOMINATOR_VS_SVML_SIMULATION N=17 D=33 K=8 d=64 block=32 finite=1 max_abs_error=0 mean_abs_error=0 relative_L2_error=0 gate=same_p_r_gamma_budget_and_relative_L2_1e-5 pass=1
ICPP_ONLINE_SMOKE phase=AMX_DENOMINATOR_VS_TR16_SIMD_REPLAY N=17 D=33 K=8 d=64 block=32 finite=1 max_abs_error=0 mean_abs_error=0 relative_L2_error=0 gate=bitwise_same_lane_layout_and_mul_add_order pass=1
ICPP_ONLINE_SMOKE phase=AMX_VS_FP32_MASTER N=17 D=33 K=8 d=64 block=32 finite=1 max_abs_error=0.000295281537139 mean_abs_error=2.94276480932e-05 relative_L2_error=0.00252432093352 gate=master_absolute_.003_small_fixture_only pass=1
ICPP_ONLINE_SMOKE phase=PROFILE_ON_VS_OFF N=17 D=33 K=8 d=64 block=32 finite=1 max_abs_error=0 mean_abs_error=0 relative_L2_error=0 gate=bitwise_arithmetic_invariance pass=1
ICPP_ONLINE_SMOKE phase=FINISH_NORMALIZATION_AND_ELU N=17 D=33 K=8 d=64 block=32 finite=1 max_abs_error=2.12341547012e-07 mean_abs_error=3.42206664051e-08 relative_L2_error=3.46501742448e-06 gate=abs_1e-5_SVML_activation_difference pass=1
ICPP_ONLINE_SMOKE_COUNTERS N=17 D=33 K=8 d=64 block=32 edges=1352 blocks=416 max_updates=168 rescales=48 rescale_events=19 spill_bytes=77824 reload_bytes=77824 neighbor_steps=4240 amx_calls=33920 original_row_scatter=true complete_neighborhoods=true independent_heads=true
ICPP_ONLINE_SMOKE phase=FP32_V_ONLINE_VS_FP64_STABLE_SAME_LR N=17 D=33 K=8 d=64 block=64 finite=1 max_abs_error=1.96393201916e-07 mean_abs_error=1.28406941036e-08 relative_L2_error=1.33278487657e-06 gate=abs_1e-5_and_relative_L2_1e-5 pass=1
ICPP_ONLINE_SMOKE phase=BF16_EMULATION_STD_EXP_VS_SVML_EXP N=17 D=33 K=8 d=64 block=64 finite=1 max_abs_error=2.23517417908e-08 mean_abs_error=6.08364652772e-10 relative_L2_error=9.20772340146e-08 gate=diagnostic_RNE_threshold_sensitive pass=1
ICPP_ONLINE_SMOKE phase=BF16_EMULATION_VS_FP32_MASTER N=17 D=33 K=8 d=64 block=64 finite=1 max_abs_error=0.000295281537139 mean_abs_error=2.96019762729e-05 relative_L2_error=0.00253134854754 gate=master_absolute_.003_small_fixture_only pass=1
ICPP_ONLINE_SMOKE phase=BF16_EMULATION_VS_QUANTIZED_HW_STABLE N=17 D=33 K=8 d=64 block=64 finite=1 max_abs_error=0.000185022316189 mean_abs_error=1.22933606605e-05 relative_L2_error=0.00102956847036 gate=diagnostic_additional_pH_RNE pass=1
ICPP_ONLINE_SMOKE phase=AMX_VS_BF16_TDP_EMULATION_SAME_SVML_EXP N=17 D=33 K=8 d=64 block=64 finite=1 max_abs_error=0 mean_abs_error=0 relative_L2_error=0 gate=operand_based_FP32_rounding_budget pass=1
ICPP_ONLINE_SMOKE_BUDGET N=17 D=33 K=8 d=64 block=64 max_absolute_budget=1.58404850624e-05 max_error_to_budget=0 basis=gamma17_plus_gamma_edge_kb_rescales independent_of_master_BF16_error=true
ICPP_ONLINE_SMOKE phase=AMX_VS_BF16_EMULATION_STD_EXP N=17 D=33 K=8 d=64 block=64 finite=1 max_abs_error=2.23517417908e-08 mean_abs_error=6.08364652772e-10 relative_L2_error=9.20772340146e-08 gate=diagnostic_exp_and_RNE_difference pass=1
ICPP_ONLINE_DEN_BUDGET N=17 D=33 K=8 d=64 block=64 differing_states=0 omitted_differing_states=0 max_absolute_budget=0.00687237630373 max_error_to_budget=0 basis=2_gamma_degree_plus_rescales_times_FP64_same_p_r_shadow master_gate_independent=true arithmetic_budget_pass=1
ICPP_ONLINE_SMOKE phase=AMX_DENOMINATOR_VS_SVML_SIMULATION N=17 D=33 K=8 d=64 block=64 finite=1 max_abs_error=0 mean_abs_error=0 relative_L2_error=0 gate=same_p_r_gamma_budget_and_relative_L2_1e-5 pass=1
ICPP_ONLINE_SMOKE phase=AMX_DENOMINATOR_VS_TR16_SIMD_REPLAY N=17 D=33 K=8 d=64 block=64 finite=1 max_abs_error=0 mean_abs_error=0 relative_L2_error=0 gate=bitwise_same_lane_layout_and_mul_add_order pass=1
ICPP_ONLINE_SMOKE phase=AMX_VS_FP32_MASTER N=17 D=33 K=8 d=64 block=64 finite=1 max_abs_error=0.000295281537139 mean_abs_error=2.96019988628e-05 relative_L2_error=0.00253134879556 gate=master_absolute_.003_small_fixture_only pass=1
ICPP_ONLINE_SMOKE phase=PROFILE_ON_VS_OFF N=17 D=33 K=8 d=64 block=64 finite=1 max_abs_error=0 mean_abs_error=0 relative_L2_error=0 gate=bitwise_arithmetic_invariance pass=1
ICPP_ONLINE_SMOKE phase=FINISH_NORMALIZATION_AND_ELU N=17 D=33 K=8 d=64 block=64 finite=1 max_abs_error=2.12341547012e-07 mean_abs_error=3.41314152235e-08 relative_L2_error=3.4573978006e-06 gate=abs_1e-5_SVML_activation_difference pass=1
ICPP_ONLINE_SMOKE_COUNTERS N=17 D=33 K=8 d=64 block=64 edges=1352 blocks=256 max_updates=145 rescales=25 rescale_events=11 spill_bytes=45056 reload_bytes=45056 neighbor_steps=4240 amx_calls=33920 original_row_scatter=true complete_neighborhoods=true independent_heads=true
ICPP_ONLINE_SMOKE phase=FP32_V_ONLINE_VS_FP64_STABLE_SAME_LR N=35 D=17 K=8 d=7 block=16 finite=1 max_abs_error=1.6481583006e-07 mean_abs_error=9.15939678526e-09 relative_L2_error=9.65603229057e-07 gate=abs_1e-5_and_relative_L2_1e-5 pass=1
ICPP_ONLINE_SMOKE phase=BF16_EMULATION_STD_EXP_VS_SVML_EXP N=35 D=17 K=8 d=7 block=16 finite=1 max_abs_error=1.45263038576e-06 mean_abs_error=3.8617738993e-09 relative_L2_error=3.41878861518e-06 gate=diagnostic_RNE_threshold_sensitive pass=1
ICPP_ONLINE_SMOKE phase=BF16_EMULATION_VS_FP32_MASTER N=35 D=17 K=8 d=7 block=16 finite=1 max_abs_error=0.000322259216245 mean_abs_error=2.58415308453e-05 relative_L2_error=0.00226670776869 gate=master_absolute_.003_small_fixture_only pass=1
ICPP_ONLINE_SMOKE phase=BF16_EMULATION_VS_QUANTIZED_HW_STABLE N=35 D=17 K=8 d=7 block=16 finite=1 max_abs_error=8.39673379163e-05 mean_abs_error=1.0621125338e-05 relative_L2_error=0.000872521429978 gate=diagnostic_additional_pH_RNE pass=1
ICPP_ONLINE_SMOKE phase=AMX_VS_BF16_TDP_EMULATION_SAME_SVML_EXP N=35 D=17 K=8 d=7 block=16 finite=1 max_abs_error=0 mean_abs_error=0 relative_L2_error=0 gate=operand_based_FP32_rounding_budget pass=1
ICPP_ONLINE_SMOKE_BUDGET N=35 D=17 K=8 d=7 block=16 max_absolute_budget=5.89072690719e-06 max_error_to_budget=0 basis=gamma17_plus_gamma_edge_kb_rescales independent_of_master_BF16_error=true
ICPP_ONLINE_SMOKE phase=AMX_VS_BF16_EMULATION_STD_EXP N=35 D=17 K=8 d=7 block=16 finite=1 max_abs_error=1.45263038576e-06 mean_abs_error=3.8617738993e-09 relative_L2_error=3.41878861518e-06 gate=diagnostic_exp_and_RNE_difference pass=1
ICPP_ONLINE_DEN_BUDGET N=35 D=17 K=8 d=7 block=16 differing_states=0 omitted_differing_states=0 max_absolute_budget=0.00668398303785 max_error_to_budget=0 basis=2_gamma_degree_plus_rescales_times_FP64_same_p_r_shadow master_gate_independent=true arithmetic_budget_pass=1
ICPP_ONLINE_SMOKE phase=AMX_DENOMINATOR_VS_SVML_SIMULATION N=35 D=17 K=8 d=7 block=16 finite=1 max_abs_error=0 mean_abs_error=0 relative_L2_error=0 gate=same_p_r_gamma_budget_and_relative_L2_1e-5 pass=1
ICPP_ONLINE_SMOKE phase=AMX_DENOMINATOR_VS_TR16_SIMD_REPLAY N=35 D=17 K=8 d=7 block=16 finite=1 max_abs_error=0 mean_abs_error=0 relative_L2_error=0 gate=bitwise_same_lane_layout_and_mul_add_order pass=1
ICPP_ONLINE_SMOKE phase=AMX_VS_FP32_MASTER N=35 D=17 K=8 d=7 block=16 finite=1 max_abs_error=0.000322259216245 mean_abs_error=2.58426260957e-05 relative_L2_error=0.0022667555373 gate=master_absolute_.003_small_fixture_only pass=1
ICPP_ONLINE_SMOKE phase=PROFILE_ON_VS_OFF N=35 D=17 K=8 d=7 block=16 finite=1 max_abs_error=0 mean_abs_error=0 relative_L2_error=0 gate=bitwise_arithmetic_invariance pass=1
ICPP_ONLINE_SMOKE phase=FINISH_NORMALIZATION_AND_ELU N=35 D=17 K=8 d=7 block=16 finite=1 max_abs_error=2.12341547012e-07 mean_abs_error=3.42697817081e-08 relative_L2_error=3.42584839786e-06 gate=abs_1e-5_SVML_activation_difference pass=1
ICPP_ONLINE_SMOKE_COUNTERS N=35 D=17 K=8 d=7 block=16 edges=2736 blocks=1520 max_updates=506 rescales=250 rescale_events=91 spill_bytes=93184 reload_bytes=93184 neighbor_steps=4504 amx_calls=4504 original_row_scatter=true complete_neighborhoods=true independent_heads=true
ICPP_ONLINE_SMOKE phase=FP32_V_ONLINE_VS_FP64_STABLE_SAME_LR N=35 D=17 K=8 d=7 block=32 finite=1 max_abs_error=1.6481583006e-07 mean_abs_error=8.85344435428e-09 relative_L2_error=9.29054292761e-07 gate=abs_1e-5_and_relative_L2_1e-5 pass=1
ICPP_ONLINE_SMOKE phase=BF16_EMULATION_STD_EXP_VS_SVML_EXP N=35 D=17 K=8 d=7 block=32 finite=1 max_abs_error=1.45263038576e-06 mean_abs_error=3.80135932165e-09 relative_L2_error=3.41882064447e-06 gate=diagnostic_RNE_threshold_sensitive pass=1
ICPP_ONLINE_SMOKE phase=BF16_EMULATION_VS_FP32_MASTER N=35 D=17 K=8 d=7 block=32 finite=1 max_abs_error=0.000322259216245 mean_abs_error=2.60146792569e-05 relative_L2_error=0.00227958525178 gate=master_absolute_.003_small_fixture_only pass=1
ICPP_ONLINE_SMOKE phase=BF16_EMULATION_VS_QUANTIZED_HW_STABLE N=35 D=17 K=8 d=7 block=32 finite=1 max_abs_error=8.424039029e-05 mean_abs_error=1.11808873363e-05 relative_L2_error=0.000933465147911 gate=diagnostic_additional_pH_RNE pass=1
ICPP_ONLINE_SMOKE phase=AMX_VS_BF16_TDP_EMULATION_SAME_SVML_EXP N=35 D=17 K=8 d=7 block=32 finite=1 max_abs_error=0 mean_abs_error=0 relative_L2_error=0 gate=operand_based_FP32_rounding_budget pass=1
ICPP_ONLINE_SMOKE_BUDGET N=35 D=17 K=8 d=7 block=32 max_absolute_budget=5.89072690719e-06 max_error_to_budget=0 basis=gamma17_plus_gamma_edge_kb_rescales independent_of_master_BF16_error=true
ICPP_ONLINE_SMOKE phase=AMX_VS_BF16_EMULATION_STD_EXP N=35 D=17 K=8 d=7 block=32 finite=1 max_abs_error=1.45263038576e-06 mean_abs_error=3.80135932165e-09 relative_L2_error=3.41882064447e-06 gate=diagnostic_exp_and_RNE_difference pass=1
ICPP_ONLINE_DEN_BUDGET N=35 D=17 K=8 d=7 block=32 differing_states=0 omitted_differing_states=0 max_absolute_budget=0.00658689323902 max_error_to_budget=0 basis=2_gamma_degree_plus_rescales_times_FP64_same_p_r_shadow master_gate_independent=true arithmetic_budget_pass=1
ICPP_ONLINE_SMOKE phase=AMX_DENOMINATOR_VS_SVML_SIMULATION N=35 D=17 K=8 d=7 block=32 finite=1 max_abs_error=0 mean_abs_error=0 relative_L2_error=0 gate=same_p_r_gamma_budget_and_relative_L2_1e-5 pass=1
ICPP_ONLINE_SMOKE phase=AMX_DENOMINATOR_VS_TR16_SIMD_REPLAY N=35 D=17 K=8 d=7 block=32 finite=1 max_abs_error=0 mean_abs_error=0 relative_L2_error=0 gate=bitwise_same_lane_layout_and_mul_add_order pass=1
ICPP_ONLINE_SMOKE phase=AMX_VS_FP32_MASTER N=35 D=17 K=8 d=7 block=32 finite=1 max_abs_error=0.000322259216245 mean_abs_error=2.60157816329e-05 relative_L2_error=0.00227963285831 gate=master_absolute_.003_small_fixture_only pass=1
ICPP_ONLINE_SMOKE phase=PROFILE_ON_VS_OFF N=35 D=17 K=8 d=7 block=32 finite=1 max_abs_error=0 mean_abs_error=0 relative_L2_error=0 gate=bitwise_arithmetic_invariance pass=1
ICPP_ONLINE_SMOKE phase=FINISH_NORMALIZATION_AND_ELU N=35 D=17 K=8 d=7 block=32 finite=1 max_abs_error=2.12341547012e-07 mean_abs_error=3.47220905923e-08 relative_L2_error=3.46043434261e-06 gate=abs_1e-5_SVML_activation_difference pass=1
ICPP_ONLINE_SMOKE_COUNTERS N=35 D=17 K=8 d=7 block=32 edges=2736 blocks=840 max_updates=382 rescales=126 rescale_events=46 spill_bytes=47104 reload_bytes=47104 neighbor_steps=4504 amx_calls=4504 original_row_scatter=true complete_neighborhoods=true independent_heads=true
ICPP_ONLINE_SMOKE phase=FP32_V_ONLINE_VS_FP64_STABLE_SAME_LR N=35 D=17 K=8 d=7 block=64 finite=1 max_abs_error=1.6481583006e-07 mean_abs_error=8.93881164355e-09 relative_L2_error=9.24855665977e-07 gate=abs_1e-5_and_relative_L2_1e-5 pass=1
ICPP_ONLINE_SMOKE phase=BF16_EMULATION_STD_EXP_VS_SVML_EXP N=35 D=17 K=8 d=7 block=64 finite=1 max_abs_error=1.45263038576e-06 mean_abs_error=3.72471675997e-09 relative_L2_error=3.41857565529e-06 gate=diagnostic_RNE_threshold_sensitive pass=1
ICPP_ONLINE_SMOKE phase=BF16_EMULATION_VS_FP32_MASTER N=35 D=17 K=8 d=7 block=64 finite=1 max_abs_error=0.000322259216245 mean_abs_error=2.61578119839e-05 relative_L2_error=0.00229787007212 gate=master_absolute_.003_small_fixture_only pass=1
ICPP_ONLINE_SMOKE phase=BF16_EMULATION_VS_QUANTIZED_HW_STABLE N=35 D=17 K=8 d=7 block=64 finite=1 max_abs_error=8.5547165643e-05 mean_abs_error=1.1687710258e-05 relative_L2_error=0.000971814997534 gate=diagnostic_additional_pH_RNE pass=1
ICPP_ONLINE_SMOKE phase=AMX_VS_BF16_TDP_EMULATION_SAME_SVML_EXP N=35 D=17 K=8 d=7 block=64 finite=1 max_abs_error=0 mean_abs_error=0 relative_L2_error=0 gate=operand_based_FP32_rounding_budget pass=1
ICPP_ONLINE_SMOKE_BUDGET N=35 D=17 K=8 d=7 block=64 max_absolute_budget=5.89111704691e-06 max_error_to_budget=0 basis=gamma17_plus_gamma_edge_kb_rescales independent_of_master_BF16_error=true
ICPP_ONLINE_SMOKE phase=AMX_VS_BF16_EMULATION_STD_EXP N=35 D=17 K=8 d=7 block=64 finite=1 max_abs_error=1.45263038576e-06 mean_abs_error=3.72471675997e-09 relative_L2_error=3.41857565529e-06 gate=diagnostic_exp_and_RNE_difference pass=1
ICPP_ONLINE_DEN_BUDGET N=35 D=17 K=8 d=7 block=64 differing_states=0 omitted_differing_states=0 max_absolute_budget=0.00656285296335 max_error_to_budget=0 basis=2_gamma_degree_plus_rescales_times_FP64_same_p_r_shadow master_gate_independent=true arithmetic_budget_pass=1
ICPP_ONLINE_SMOKE phase=AMX_DENOMINATOR_VS_SVML_SIMULATION N=35 D=17 K=8 d=7 block=64 finite=1 max_abs_error=0 mean_abs_error=0 relative_L2_error=0 gate=same_p_r_gamma_budget_and_relative_L2_1e-5 pass=1
ICPP_ONLINE_SMOKE phase=AMX_DENOMINATOR_VS_TR16_SIMD_REPLAY N=35 D=17 K=8 d=7 block=64 finite=1 max_abs_error=0 mean_abs_error=0 relative_L2_error=0 gate=bitwise_same_lane_layout_and_mul_add_order pass=1
ICPP_ONLINE_SMOKE phase=AMX_VS_FP32_MASTER N=35 D=17 K=8 d=7 block=64 finite=1 max_abs_error=0.000322259216245 mean_abs_error=2.61589105066e-05 relative_L2_error=0.0022979155045 gate=master_absolute_.003_small_fixture_only pass=1
ICPP_ONLINE_SMOKE phase=PROFILE_ON_VS_OFF N=35 D=17 K=8 d=7 block=64 finite=1 max_abs_error=0 mean_abs_error=0 relative_L2_error=0 gate=bitwise_arithmetic_invariance pass=1
ICPP_ONLINE_SMOKE phase=FINISH_NORMALIZATION_AND_ELU N=35 D=17 K=8 d=7 block=64 finite=1 max_abs_error=2.12341547012e-07 mean_abs_error=3.44867486296e-08 relative_L2_error=3.44702799335e-06 gate=abs_1e-5_SVML_activation_difference pass=1
ICPP_ONLINE_SMOKE_COUNTERS N=35 D=17 K=8 d=7 block=64 edges=2736 blocks=520 max_updates=305 rescales=49 rescale_events=24 spill_bytes=24576 reload_bytes=24576 neighbor_steps=4504 amx_calls=4504 original_row_scatter=true complete_neighborhoods=true independent_heads=true
ICPP_ONLINE_SMOKE_PASS operator_cases=48 D=17,33,128,256 K=1,2,8 d=7,32,47,64 N=17,35 block=16,32,64 state=V_head_dim no_local_U=true master_gate_scope=small_fixtures_only trained_model_accuracy=UNVERIFIED
ICPP_PAIR_SMOKE_START oracle=original_icpp_online bitwise_required=1 master_precision_certification=0 untrained_model_accuracy_certification=0 profile_intervals=sampled_worker_seconds logical_bytes_are_DRAM_measurement=0
ICPP_PAIR_SMOKE_CASE N=17 D=17 K=1 d=7 E=1352 block=16 optimized=0 equal_scores=0
ICPP_PAIR_SMOKE phase=operator.numerator max_abs_error=0 mean_abs_error=0 relative_L2_error=0 bitwise=PASS
ICPP_PAIR_SMOKE phase=operator.denominator max_abs_error=0 mean_abs_error=0 relative_L2_error=0 bitwise=PASS
ICPP_PAIR_SMOKE phase=operator.maximum max_abs_error=0 mean_abs_error=0 relative_L2_error=0 bitwise=PASS
ICPP_PAIR_SMOKE phase=operator.normalized max_abs_error=0 mean_abs_error=0 relative_L2_error=0 bitwise=PASS
ICPP_PAIR_SMOKE_CASE_RESULT pass=PASS raw_H_vectors=2704 logical_raw_H_bytes=45968 source_index_loads=1352 counters_unit=head logical_bytes_are_DRAM_measurement=0
ICPP_PAIR_SMOKE_CASE N=17 D=17 K=1 d=7 E=1352 block=32 optimized=0 equal_scores=0
ICPP_PAIR_SMOKE phase=operator.numerator max_abs_error=0 mean_abs_error=0 relative_L2_error=0 bitwise=PASS
ICPP_PAIR_SMOKE phase=operator.denominator max_abs_error=0 mean_abs_error=0 relative_L2_error=0 bitwise=PASS
ICPP_PAIR_SMOKE phase=operator.maximum max_abs_error=0 mean_abs_error=0 relative_L2_error=0 bitwise=PASS
ICPP_PAIR_SMOKE phase=operator.normalized max_abs_error=0 mean_abs_error=0 relative_L2_error=0 bitwise=PASS
ICPP_PAIR_SMOKE_CASE_RESULT pass=PASS raw_H_vectors=2704 logical_raw_H_bytes=45968 source_index_loads=1352 counters_unit=head logical_bytes_are_DRAM_measurement=0
ICPP_PAIR_SMOKE_CASE N=17 D=17 K=1 d=7 E=1352 block=64 optimized=0 equal_scores=0
ICPP_PAIR_SMOKE phase=operator.numerator max_abs_error=0 mean_abs_error=0 relative_L2_error=0 bitwise=PASS
ICPP_PAIR_SMOKE phase=operator.denominator max_abs_error=0 mean_abs_error=0 relative_L2_error=0 bitwise=PASS
ICPP_PAIR_SMOKE phase=operator.maximum max_abs_error=0 mean_abs_error=0 relative_L2_error=0 bitwise=PASS
ICPP_PAIR_SMOKE phase=operator.normalized max_abs_error=0 mean_abs_error=0 relative_L2_error=0 bitwise=PASS
ICPP_PAIR_SMOKE_CASE_RESULT pass=PASS raw_H_vectors=2704 logical_raw_H_bytes=45968 source_index_loads=1352 counters_unit=head logical_bytes_are_DRAM_measurement=0
ICPP_PAIR_SMOKE_CASE N=35 D=17 K=2 d=7 E=2736 block=16 optimized=1 equal_scores=0
ICPP_PAIR_SMOKE phase=operator.numerator max_abs_error=0 mean_abs_error=0 relative_L2_error=0 bitwise=PASS
ICPP_PAIR_SMOKE phase=operator.denominator max_abs_error=0 mean_abs_error=0 relative_L2_error=0 bitwise=PASS
ICPP_PAIR_SMOKE phase=operator.maximum max_abs_error=0 mean_abs_error=0 relative_L2_error=0 bitwise=PASS
ICPP_PAIR_SMOKE phase=operator.normalized max_abs_error=0 mean_abs_error=0 relative_L2_error=0 bitwise=PASS
ICPP_PAIR_SMOKE_CASE_RESULT pass=PASS raw_H_vectors=5472 logical_raw_H_bytes=93024 source_index_loads=2736 counters_unit=head logical_bytes_are_DRAM_measurement=0
ICPP_PAIR_SMOKE_CASE N=35 D=17 K=2 d=7 E=2736 block=32 optimized=1 equal_scores=0
ICPP_PAIR_SMOKE phase=operator.numerator max_abs_error=0 mean_abs_error=0 relative_L2_error=0 bitwise=PASS
ICPP_PAIR_SMOKE phase=operator.denominator max_abs_error=0 mean_abs_error=0 relative_L2_error=0 bitwise=PASS
ICPP_PAIR_SMOKE phase=operator.maximum max_abs_error=0 mean_abs_error=0 relative_L2_error=0 bitwise=PASS
ICPP_PAIR_SMOKE phase=operator.normalized max_abs_error=0 mean_abs_error=0 relative_L2_error=0 bitwise=PASS
ICPP_PAIR_SMOKE_CASE_RESULT pass=PASS raw_H_vectors=5472 logical_raw_H_bytes=93024 source_index_loads=2736 counters_unit=head logical_bytes_are_DRAM_measurement=0
ICPP_PAIR_SMOKE_CASE N=35 D=17 K=2 d=7 E=2736 block=64 optimized=1 equal_scores=0
ICPP_PAIR_SMOKE phase=operator.numerator max_abs_error=0 mean_abs_error=0 relative_L2_error=0 bitwise=PASS
ICPP_PAIR_SMOKE phase=operator.denominator max_abs_error=0 mean_abs_error=0 relative_L2_error=0 bitwise=PASS
ICPP_PAIR_SMOKE phase=operator.maximum max_abs_error=0 mean_abs_error=0 relative_L2_error=0 bitwise=PASS
ICPP_PAIR_SMOKE phase=operator.normalized max_abs_error=0 mean_abs_error=0 relative_L2_error=0 bitwise=PASS
ICPP_PAIR_SMOKE_CASE_RESULT pass=PASS raw_H_vectors=5472 logical_raw_H_bytes=93024 source_index_loads=2736 counters_unit=head logical_bytes_are_DRAM_measurement=0
ICPP_PAIR_SMOKE_CASE N=17 D=17 K=3 d=16 E=1352 block=16 optimized=0 equal_scores=0
ICPP_PAIR_SMOKE phase=operator.numerator max_abs_error=0 mean_abs_error=0 relative_L2_error=0 bitwise=PASS
ICPP_PAIR_SMOKE phase=operator.denominator max_abs_error=0 mean_abs_error=0 relative_L2_error=0 bitwise=PASS
ICPP_PAIR_SMOKE phase=operator.maximum max_abs_error=0 mean_abs_error=0 relative_L2_error=0 bitwise=PASS
ICPP_PAIR_SMOKE phase=operator.normalized max_abs_error=0 mean_abs_error=0 relative_L2_error=0 bitwise=PASS
ICPP_PAIR_SMOKE_CASE_RESULT pass=PASS raw_H_vectors=8112 logical_raw_H_bytes=137904 source_index_loads=4056 counters_unit=head logical_bytes_are_DRAM_measurement=0
ICPP_PAIR_SMOKE_CASE N=17 D=17 K=3 d=16 E=1352 block=32 optimized=0 equal_scores=0
ICPP_PAIR_SMOKE phase=operator.numerator max_abs_error=0 mean_abs_error=0 relative_L2_error=0 bitwise=PASS
ICPP_PAIR_SMOKE phase=operator.denominator max_abs_error=0 mean_abs_error=0 relative_L2_error=0 bitwise=PASS
ICPP_PAIR_SMOKE phase=operator.maximum max_abs_error=0 mean_abs_error=0 relative_L2_error=0 bitwise=PASS
ICPP_PAIR_SMOKE phase=operator.normalized max_abs_error=0 mean_abs_error=0 relative_L2_error=0 bitwise=PASS
ICPP_PAIR_SMOKE_CASE_RESULT pass=PASS raw_H_vectors=8112 logical_raw_H_bytes=137904 source_index_loads=4056 counters_unit=head logical_bytes_are_DRAM_measurement=0
ICPP_PAIR_SMOKE_CASE N=17 D=17 K=3 d=16 E=1352 block=64 optimized=0 equal_scores=0
ICPP_PAIR_SMOKE phase=operator.numerator max_abs_error=0 mean_abs_error=0 relative_L2_error=0 bitwise=PASS
ICPP_PAIR_SMOKE phase=operator.denominator max_abs_error=0 mean_abs_error=0 relative_L2_error=0 bitwise=PASS
ICPP_PAIR_SMOKE phase=operator.maximum max_abs_error=0 mean_abs_error=0 relative_L2_error=0 bitwise=PASS
ICPP_PAIR_SMOKE phase=operator.normalized max_abs_error=0 mean_abs_error=0 relative_L2_error=0 bitwise=PASS
ICPP_PAIR_SMOKE_CASE_RESULT pass=PASS raw_H_vectors=8112 logical_raw_H_bytes=137904 source_index_loads=4056 counters_unit=head logical_bytes_are_DRAM_measurement=0
ICPP_PAIR_SMOKE_CASE N=35 D=33 K=4 d=16 E=2736 block=16 optimized=1 equal_scores=0
ICPP_PAIR_SMOKE phase=operator.numerator max_abs_error=0 mean_abs_error=0 relative_L2_error=0 bitwise=PASS
ICPP_PAIR_SMOKE phase=operator.denominator max_abs_error=0 mean_abs_error=0 relative_L2_error=0 bitwise=PASS
ICPP_PAIR_SMOKE phase=operator.maximum max_abs_error=0 mean_abs_error=0 relative_L2_error=0 bitwise=PASS
ICPP_PAIR_SMOKE phase=operator.normalized max_abs_error=0 mean_abs_error=0 relative_L2_error=0 bitwise=PASS
ICPP_PAIR_SMOKE_CASE_RESULT pass=PASS raw_H_vectors=16416 logical_raw_H_bytes=361152 source_index_loads=5472 counters_unit=head logical_bytes_are_DRAM_measurement=0
ICPP_PAIR_SMOKE_CASE N=35 D=33 K=4 d=16 E=2736 block=32 optimized=1 equal_scores=0
ICPP_PAIR_SMOKE phase=operator.numerator max_abs_error=0 mean_abs_error=0 relative_L2_error=0 bitwise=PASS
ICPP_PAIR_SMOKE phase=operator.denominator max_abs_error=0 mean_abs_error=0 relative_L2_error=0 bitwise=PASS
ICPP_PAIR_SMOKE phase=operator.maximum max_abs_error=0 mean_abs_error=0 relative_L2_error=0 bitwise=PASS
ICPP_PAIR_SMOKE phase=operator.normalized max_abs_error=0 mean_abs_error=0 relative_L2_error=0 bitwise=PASS
ICPP_PAIR_SMOKE_CASE_RESULT pass=PASS raw_H_vectors=16416 logical_raw_H_bytes=361152 source_index_loads=5472 counters_unit=head logical_bytes_are_DRAM_measurement=0
ICPP_PAIR_SMOKE_CASE N=35 D=33 K=4 d=16 E=2736 block=64 optimized=1 equal_scores=0
ICPP_PAIR_SMOKE phase=operator.numerator max_abs_error=0 mean_abs_error=0 relative_L2_error=0 bitwise=PASS
ICPP_PAIR_SMOKE phase=operator.denominator max_abs_error=0 mean_abs_error=0 relative_L2_error=0 bitwise=PASS
ICPP_PAIR_SMOKE phase=operator.maximum max_abs_error=0 mean_abs_error=0 relative_L2_error=0 bitwise=PASS
ICPP_PAIR_SMOKE phase=operator.normalized max_abs_error=0 mean_abs_error=0 relative_L2_error=0 bitwise=PASS
ICPP_PAIR_SMOKE_CASE_RESULT pass=PASS raw_H_vectors=16416 logical_raw_H_bytes=361152 source_index_loads=5472 counters_unit=head logical_bytes_are_DRAM_measurement=0
ICPP_PAIR_SMOKE_CASE N=17 D=33 K=8 d=32 E=1352 block=16 optimized=1 equal_scores=0
ICPP_PAIR_SMOKE phase=operator.numerator max_abs_error=0 mean_abs_error=0 relative_L2_error=0 bitwise=PASS
ICPP_PAIR_SMOKE phase=operator.denominator max_abs_error=0 mean_abs_error=0 relative_L2_error=0 bitwise=PASS
ICPP_PAIR_SMOKE phase=operator.maximum max_abs_error=0 mean_abs_error=0 relative_L2_error=0 bitwise=PASS
ICPP_PAIR_SMOKE phase=operator.normalized max_abs_error=0 mean_abs_error=0 relative_L2_error=0 bitwise=PASS
ICPP_PAIR_SMOKE_CASE_RESULT pass=PASS raw_H_vectors=16224 logical_raw_H_bytes=356928 source_index_loads=5408 counters_unit=head logical_bytes_are_DRAM_measurement=0
ICPP_PAIR_SMOKE_CASE N=17 D=33 K=8 d=32 E=1352 block=32 optimized=1 equal_scores=0
ICPP_PAIR_SMOKE phase=operator.numerator max_abs_error=0 mean_abs_error=0 relative_L2_error=0 bitwise=PASS
ICPP_PAIR_SMOKE phase=operator.denominator max_abs_error=0 mean_abs_error=0 relative_L2_error=0 bitwise=PASS
ICPP_PAIR_SMOKE phase=operator.maximum max_abs_error=0 mean_abs_error=0 relative_L2_error=0 bitwise=PASS
ICPP_PAIR_SMOKE phase=operator.normalized max_abs_error=0 mean_abs_error=0 relative_L2_error=0 bitwise=PASS
ICPP_PAIR_SMOKE_CASE_RESULT pass=PASS raw_H_vectors=16224 logical_raw_H_bytes=356928 source_index_loads=5408 counters_unit=head logical_bytes_are_DRAM_measurement=0
ICPP_PAIR_SMOKE_CASE N=17 D=33 K=8 d=32 E=1352 block=64 optimized=1 equal_scores=0
ICPP_PAIR_SMOKE phase=operator.numerator max_abs_error=0 mean_abs_error=0 relative_L2_error=0 bitwise=PASS
ICPP_PAIR_SMOKE phase=operator.denominator max_abs_error=0 mean_abs_error=0 relative_L2_error=0 bitwise=PASS
ICPP_PAIR_SMOKE phase=operator.maximum max_abs_error=0 mean_abs_error=0 relative_L2_error=0 bitwise=PASS
ICPP_PAIR_SMOKE phase=operator.normalized max_abs_error=0 mean_abs_error=0 relative_L2_error=0 bitwise=PASS
ICPP_PAIR_SMOKE_CASE_RESULT pass=PASS raw_H_vectors=16224 logical_raw_H_bytes=356928 source_index_loads=5408 counters_unit=head logical_bytes_are_DRAM_measurement=0
ICPP_PAIR_SMOKE_CASE N=35 D=33 K=2 d=47 E=2736 block=16 optimized=0 equal_scores=0
ICPP_PAIR_SMOKE phase=operator.numerator max_abs_error=0 mean_abs_error=0 relative_L2_error=0 bitwise=PASS
ICPP_PAIR_SMOKE phase=operator.denominator max_abs_error=0 mean_abs_error=0 relative_L2_error=0 bitwise=PASS
ICPP_PAIR_SMOKE phase=operator.maximum max_abs_error=0 mean_abs_error=0 relative_L2_error=0 bitwise=PASS
ICPP_PAIR_SMOKE phase=operator.normalized max_abs_error=0 mean_abs_error=0 relative_L2_error=0 bitwise=PASS
ICPP_PAIR_SMOKE_CASE_RESULT pass=PASS raw_H_vectors=16416 logical_raw_H_bytes=361152 source_index_loads=5472 counters_unit=head logical_bytes_are_DRAM_measurement=0
ICPP_PAIR_SMOKE_CASE N=35 D=33 K=2 d=47 E=2736 block=32 optimized=0 equal_scores=0
ICPP_PAIR_SMOKE phase=operator.numerator max_abs_error=0 mean_abs_error=0 relative_L2_error=0 bitwise=PASS
ICPP_PAIR_SMOKE phase=operator.denominator max_abs_error=0 mean_abs_error=0 relative_L2_error=0 bitwise=PASS
ICPP_PAIR_SMOKE phase=operator.maximum max_abs_error=0 mean_abs_error=0 relative_L2_error=0 bitwise=PASS
ICPP_PAIR_SMOKE phase=operator.normalized max_abs_error=0 mean_abs_error=0 relative_L2_error=0 bitwise=PASS
ICPP_PAIR_SMOKE_CASE_RESULT pass=PASS raw_H_vectors=16416 logical_raw_H_bytes=361152 source_index_loads=5472 counters_unit=head logical_bytes_are_DRAM_measurement=0
ICPP_PAIR_SMOKE_CASE N=35 D=33 K=2 d=47 E=2736 block=64 optimized=0 equal_scores=0
ICPP_PAIR_SMOKE phase=operator.numerator max_abs_error=0 mean_abs_error=0 relative_L2_error=0 bitwise=PASS
ICPP_PAIR_SMOKE phase=operator.denominator max_abs_error=0 mean_abs_error=0 relative_L2_error=0 bitwise=PASS
ICPP_PAIR_SMOKE phase=operator.maximum max_abs_error=0 mean_abs_error=0 relative_L2_error=0 bitwise=PASS
ICPP_PAIR_SMOKE phase=operator.normalized max_abs_error=0 mean_abs_error=0 relative_L2_error=0 bitwise=PASS
ICPP_PAIR_SMOKE_CASE_RESULT pass=PASS raw_H_vectors=16416 logical_raw_H_bytes=361152 source_index_loads=5472 counters_unit=head logical_bytes_are_DRAM_measurement=0
ICPP_PAIR_SMOKE_CASE N=17 D=100 K=4 d=7 E=1352 block=16 optimized=1 equal_scores=0
ICPP_PAIR_SMOKE phase=operator.numerator max_abs_error=0 mean_abs_error=0 relative_L2_error=0 bitwise=PASS
ICPP_PAIR_SMOKE phase=operator.denominator max_abs_error=0 mean_abs_error=0 relative_L2_error=0 bitwise=PASS
ICPP_PAIR_SMOKE phase=operator.maximum max_abs_error=0 mean_abs_error=0 relative_L2_error=0 bitwise=PASS
ICPP_PAIR_SMOKE phase=operator.normalized max_abs_error=0 mean_abs_error=0 relative_L2_error=0 bitwise=PASS
ICPP_PAIR_SMOKE_CASE_RESULT pass=PASS raw_H_vectors=18928 logical_raw_H_bytes=540800 source_index_loads=2704 counters_unit=head logical_bytes_are_DRAM_measurement=0
ICPP_PAIR_SMOKE_CASE N=17 D=100 K=4 d=7 E=1352 block=32 optimized=1 equal_scores=0
ICPP_PAIR_SMOKE phase=operator.numerator max_abs_error=0 mean_abs_error=0 relative_L2_error=0 bitwise=PASS
ICPP_PAIR_SMOKE phase=operator.denominator max_abs_error=0 mean_abs_error=0 relative_L2_error=0 bitwise=PASS
ICPP_PAIR_SMOKE phase=operator.maximum max_abs_error=0 mean_abs_error=0 relative_L2_error=0 bitwise=PASS
ICPP_PAIR_SMOKE phase=operator.normalized max_abs_error=0 mean_abs_error=0 relative_L2_error=0 bitwise=PASS
ICPP_PAIR_SMOKE_CASE_RESULT pass=PASS raw_H_vectors=18928 logical_raw_H_bytes=540800 source_index_loads=2704 counters_unit=head logical_bytes_are_DRAM_measurement=0
ICPP_PAIR_SMOKE_CASE N=17 D=100 K=4 d=7 E=1352 block=64 optimized=1 equal_scores=0
ICPP_PAIR_SMOKE phase=operator.numerator max_abs_error=0 mean_abs_error=0 relative_L2_error=0 bitwise=PASS
ICPP_PAIR_SMOKE phase=operator.denominator max_abs_error=0 mean_abs_error=0 relative_L2_error=0 bitwise=PASS
ICPP_PAIR_SMOKE phase=operator.maximum max_abs_error=0 mean_abs_error=0 relative_L2_error=0 bitwise=PASS
ICPP_PAIR_SMOKE phase=operator.normalized max_abs_error=0 mean_abs_error=0 relative_L2_error=0 bitwise=PASS
ICPP_PAIR_SMOKE_CASE_RESULT pass=PASS raw_H_vectors=18928 logical_raw_H_bytes=540800 source_index_loads=2704 counters_unit=head logical_bytes_are_DRAM_measurement=0
ICPP_PAIR_SMOKE_CASE N=35 D=100 K=8 d=16 E=2736 block=16 optimized=1 equal_scores=0
ICPP_PAIR_SMOKE phase=operator.numerator max_abs_error=0 mean_abs_error=0 relative_L2_error=0 bitwise=PASS
ICPP_PAIR_SMOKE phase=operator.denominator max_abs_error=0 mean_abs_error=0 relative_L2_error=0 bitwise=PASS
ICPP_PAIR_SMOKE phase=operator.maximum max_abs_error=0 mean_abs_error=0 relative_L2_error=0 bitwise=PASS
ICPP_PAIR_SMOKE phase=operator.normalized max_abs_error=0 mean_abs_error=0 relative_L2_error=0 bitwise=PASS
ICPP_PAIR_SMOKE_CASE_RESULT pass=PASS raw_H_vectors=76608 logical_raw_H_bytes=2188800 source_index_loads=10944 counters_unit=head logical_bytes_are_DRAM_measurement=0
ICPP_PAIR_SMOKE_CASE N=35 D=100 K=8 d=16 E=2736 block=32 optimized=1 equal_scores=0
ICPP_PAIR_SMOKE phase=operator.numerator max_abs_error=0 mean_abs_error=0 relative_L2_error=0 bitwise=PASS
ICPP_PAIR_SMOKE phase=operator.denominator max_abs_error=0 mean_abs_error=0 relative_L2_error=0 bitwise=PASS
ICPP_PAIR_SMOKE phase=operator.maximum max_abs_error=0 mean_abs_error=0 relative_L2_error=0 bitwise=PASS
ICPP_PAIR_SMOKE phase=operator.normalized max_abs_error=0 mean_abs_error=0 relative_L2_error=0 bitwise=PASS
ICPP_PAIR_SMOKE_CASE_RESULT pass=PASS raw_H_vectors=76608 logical_raw_H_bytes=2188800 source_index_loads=10944 counters_unit=head logical_bytes_are_DRAM_measurement=0
ICPP_PAIR_SMOKE_CASE N=35 D=100 K=8 d=16 E=2736 block=64 optimized=1 equal_scores=0
ICPP_PAIR_SMOKE phase=operator.numerator max_abs_error=0 mean_abs_error=0 relative_L2_error=0 bitwise=PASS
ICPP_PAIR_SMOKE phase=operator.denominator max_abs_error=0 mean_abs_error=0 relative_L2_error=0 bitwise=PASS
ICPP_PAIR_SMOKE phase=operator.maximum max_abs_error=0 mean_abs_error=0 relative_L2_error=0 bitwise=PASS
ICPP_PAIR_SMOKE phase=operator.normalized max_abs_error=0 mean_abs_error=0 relative_L2_error=0 bitwise=PASS
ICPP_PAIR_SMOKE_CASE_RESULT pass=PASS raw_H_vectors=76608 logical_raw_H_bytes=2188800 source_index_loads=10944 counters_unit=head logical_bytes_are_DRAM_measurement=0
ICPP_PAIR_SMOKE_CASE N=17 D=100 K=3 d=32 E=1352 block=16 optimized=0 equal_scores=0
ICPP_PAIR_SMOKE phase=operator.numerator max_abs_error=0 mean_abs_error=0 relative_L2_error=0 bitwise=PASS
ICPP_PAIR_SMOKE phase=operator.denominator max_abs_error=0 mean_abs_error=0 relative_L2_error=0 bitwise=PASS
ICPP_PAIR_SMOKE phase=operator.maximum max_abs_error=0 mean_abs_error=0 relative_L2_error=0 bitwise=PASS
ICPP_PAIR_SMOKE phase=operator.normalized max_abs_error=0 mean_abs_error=0 relative_L2_error=0 bitwise=PASS
ICPP_PAIR_SMOKE_CASE_RESULT pass=PASS raw_H_vectors=28392 logical_raw_H_bytes=811200 source_index_loads=4056 counters_unit=head logical_bytes_are_DRAM_measurement=0
ICPP_PAIR_SMOKE_CASE N=17 D=100 K=3 d=32 E=1352 block=32 optimized=0 equal_scores=0
ICPP_PAIR_SMOKE phase=operator.numerator max_abs_error=0 mean_abs_error=0 relative_L2_error=0 bitwise=PASS
ICPP_PAIR_SMOKE phase=operator.denominator max_abs_error=0 mean_abs_error=0 relative_L2_error=0 bitwise=PASS
ICPP_PAIR_SMOKE phase=operator.maximum max_abs_error=0 mean_abs_error=0 relative_L2_error=0 bitwise=PASS
ICPP_PAIR_SMOKE phase=operator.normalized max_abs_error=0 mean_abs_error=0 relative_L2_error=0 bitwise=PASS
ICPP_PAIR_SMOKE_CASE_RESULT pass=PASS raw_H_vectors=28392 logical_raw_H_bytes=811200 source_index_loads=4056 counters_unit=head logical_bytes_are_DRAM_measurement=0
ICPP_PAIR_SMOKE_CASE N=17 D=100 K=3 d=32 E=1352 block=64 optimized=0 equal_scores=0
ICPP_PAIR_SMOKE phase=operator.numerator max_abs_error=0 mean_abs_error=0 relative_L2_error=0 bitwise=PASS
ICPP_PAIR_SMOKE phase=operator.denominator max_abs_error=0 mean_abs_error=0 relative_L2_error=0 bitwise=PASS
ICPP_PAIR_SMOKE phase=operator.maximum max_abs_error=0 mean_abs_error=0 relative_L2_error=0 bitwise=PASS
ICPP_PAIR_SMOKE phase=operator.normalized max_abs_error=0 mean_abs_error=0 relative_L2_error=0 bitwise=PASS
ICPP_PAIR_SMOKE_CASE_RESULT pass=PASS raw_H_vectors=28392 logical_raw_H_bytes=811200 source_index_loads=4056 counters_unit=head logical_bytes_are_DRAM_measurement=0
ICPP_PAIR_SMOKE_CASE N=35 D=128 K=2 d=32 E=2736 block=16 optimized=1 equal_scores=0
ICPP_PAIR_SMOKE phase=operator.numerator max_abs_error=0 mean_abs_error=0 relative_L2_error=0 bitwise=PASS
ICPP_PAIR_SMOKE phase=operator.denominator max_abs_error=0 mean_abs_error=0 relative_L2_error=0 bitwise=PASS
ICPP_PAIR_SMOKE phase=operator.maximum max_abs_error=0 mean_abs_error=0 relative_L2_error=0 bitwise=PASS
ICPP_PAIR_SMOKE phase=operator.normalized max_abs_error=0 mean_abs_error=0 relative_L2_error=0 bitwise=PASS
ICPP_PAIR_SMOKE_CASE_RESULT pass=PASS raw_H_vectors=21888 logical_raw_H_bytes=700416 source_index_loads=2736 counters_unit=head logical_bytes_are_DRAM_measurement=0
ICPP_PAIR_SMOKE_CASE N=35 D=128 K=2 d=32 E=2736 block=32 optimized=1 equal_scores=0
ICPP_PAIR_SMOKE phase=operator.numerator max_abs_error=0 mean_abs_error=0 relative_L2_error=0 bitwise=PASS
ICPP_PAIR_SMOKE phase=operator.denominator max_abs_error=0 mean_abs_error=0 relative_L2_error=0 bitwise=PASS
ICPP_PAIR_SMOKE phase=operator.maximum max_abs_error=0 mean_abs_error=0 relative_L2_error=0 bitwise=PASS
ICPP_PAIR_SMOKE phase=operator.normalized max_abs_error=0 mean_abs_error=0 relative_L2_error=0 bitwise=PASS
ICPP_PAIR_SMOKE_CASE_RESULT pass=PASS raw_H_vectors=21888 logical_raw_H_bytes=700416 source_index_loads=2736 counters_unit=head logical_bytes_are_DRAM_measurement=0
ICPP_PAIR_SMOKE_CASE N=35 D=128 K=2 d=32 E=2736 block=64 optimized=1 equal_scores=0
ICPP_PAIR_SMOKE phase=operator.numerator max_abs_error=0 mean_abs_error=0 relative_L2_error=0 bitwise=PASS
ICPP_PAIR_SMOKE phase=operator.denominator max_abs_error=0 mean_abs_error=0 relative_L2_error=0 bitwise=PASS
ICPP_PAIR_SMOKE phase=operator.maximum max_abs_error=0 mean_abs_error=0 relative_L2_error=0 bitwise=PASS
ICPP_PAIR_SMOKE phase=operator.normalized max_abs_error=0 mean_abs_error=0 relative_L2_error=0 bitwise=PASS
ICPP_PAIR_SMOKE_CASE_RESULT pass=PASS raw_H_vectors=21888 logical_raw_H_bytes=700416 source_index_loads=2736 counters_unit=head logical_bytes_are_DRAM_measurement=0
ICPP_PAIR_SMOKE_CASE N=17 D=128 K=4 d=47 E=1352 block=16 optimized=0 equal_scores=0
ICPP_PAIR_SMOKE phase=operator.numerator max_abs_error=0 mean_abs_error=0 relative_L2_error=0 bitwise=PASS
ICPP_PAIR_SMOKE phase=operator.denominator max_abs_error=0 mean_abs_error=0 relative_L2_error=0 bitwise=PASS
ICPP_PAIR_SMOKE phase=operator.maximum max_abs_error=0 mean_abs_error=0 relative_L2_error=0 bitwise=PASS
ICPP_PAIR_SMOKE phase=operator.normalized max_abs_error=0 mean_abs_error=0 relative_L2_error=0 bitwise=PASS
ICPP_PAIR_SMOKE_CASE_RESULT pass=PASS raw_H_vectors=43264 logical_raw_H_bytes=1384448 source_index_loads=5408 counters_unit=head logical_bytes_are_DRAM_measurement=0
ICPP_PAIR_SMOKE_CASE N=17 D=128 K=4 d=47 E=1352 block=32 optimized=0 equal_scores=0
ICPP_PAIR_SMOKE phase=operator.numerator max_abs_error=0 mean_abs_error=0 relative_L2_error=0 bitwise=PASS
ICPP_PAIR_SMOKE phase=operator.denominator max_abs_error=0 mean_abs_error=0 relative_L2_error=0 bitwise=PASS
ICPP_PAIR_SMOKE phase=operator.maximum max_abs_error=0 mean_abs_error=0 relative_L2_error=0 bitwise=PASS
ICPP_PAIR_SMOKE phase=operator.normalized max_abs_error=0 mean_abs_error=0 relative_L2_error=0 bitwise=PASS
ICPP_PAIR_SMOKE_CASE_RESULT pass=PASS raw_H_vectors=43264 logical_raw_H_bytes=1384448 source_index_loads=5408 counters_unit=head logical_bytes_are_DRAM_measurement=0
ICPP_PAIR_SMOKE_CASE N=17 D=128 K=4 d=47 E=1352 block=64 optimized=0 equal_scores=0
ICPP_PAIR_SMOKE phase=operator.numerator max_abs_error=0 mean_abs_error=0 relative_L2_error=0 bitwise=PASS
ICPP_PAIR_SMOKE phase=operator.denominator max_abs_error=0 mean_abs_error=0 relative_L2_error=0 bitwise=PASS
ICPP_PAIR_SMOKE phase=operator.maximum max_abs_error=0 mean_abs_error=0 relative_L2_error=0 bitwise=PASS
ICPP_PAIR_SMOKE phase=operator.normalized max_abs_error=0 mean_abs_error=0 relative_L2_error=0 bitwise=PASS
ICPP_PAIR_SMOKE_CASE_RESULT pass=PASS raw_H_vectors=43264 logical_raw_H_bytes=1384448 source_index_loads=5408 counters_unit=head logical_bytes_are_DRAM_measurement=0
ICPP_PAIR_SMOKE_CASE N=35 D=128 K=1 d=16 E=2736 block=16 optimized=0 equal_scores=0
ICPP_PAIR_SMOKE phase=operator.numerator max_abs_error=0 mean_abs_error=0 relative_L2_error=0 bitwise=PASS
ICPP_PAIR_SMOKE phase=operator.denominator max_abs_error=0 mean_abs_error=0 relative_L2_error=0 bitwise=PASS
ICPP_PAIR_SMOKE phase=operator.maximum max_abs_error=0 mean_abs_error=0 relative_L2_error=0 bitwise=PASS
ICPP_PAIR_SMOKE phase=operator.normalized max_abs_error=0 mean_abs_error=0 relative_L2_error=0 bitwise=PASS
ICPP_PAIR_SMOKE_CASE_RESULT pass=PASS raw_H_vectors=21888 logical_raw_H_bytes=700416 source_index_loads=2736 counters_unit=head logical_bytes_are_DRAM_measurement=0
ICPP_PAIR_SMOKE_CASE N=35 D=128 K=1 d=16 E=2736 block=32 optimized=0 equal_scores=0
ICPP_PAIR_SMOKE phase=operator.numerator max_abs_error=0 mean_abs_error=0 relative_L2_error=0 bitwise=PASS
ICPP_PAIR_SMOKE phase=operator.denominator max_abs_error=0 mean_abs_error=0 relative_L2_error=0 bitwise=PASS
ICPP_PAIR_SMOKE phase=operator.maximum max_abs_error=0 mean_abs_error=0 relative_L2_error=0 bitwise=PASS
ICPP_PAIR_SMOKE phase=operator.normalized max_abs_error=0 mean_abs_error=0 relative_L2_error=0 bitwise=PASS
ICPP_PAIR_SMOKE_CASE_RESULT pass=PASS raw_H_vectors=21888 logical_raw_H_bytes=700416 source_index_loads=2736 counters_unit=head logical_bytes_are_DRAM_measurement=0
ICPP_PAIR_SMOKE_CASE N=35 D=128 K=1 d=16 E=2736 block=64 optimized=0 equal_scores=0
ICPP_PAIR_SMOKE phase=operator.numerator max_abs_error=0 mean_abs_error=0 relative_L2_error=0 bitwise=PASS
ICPP_PAIR_SMOKE phase=operator.denominator max_abs_error=0 mean_abs_error=0 relative_L2_error=0 bitwise=PASS
ICPP_PAIR_SMOKE phase=operator.maximum max_abs_error=0 mean_abs_error=0 relative_L2_error=0 bitwise=PASS
ICPP_PAIR_SMOKE phase=operator.normalized max_abs_error=0 mean_abs_error=0 relative_L2_error=0 bitwise=PASS
ICPP_PAIR_SMOKE_CASE_RESULT pass=PASS raw_H_vectors=21888 logical_raw_H_bytes=700416 source_index_loads=2736 counters_unit=head logical_bytes_are_DRAM_measurement=0
ICPP_PAIR_SMOKE_CASE N=17 D=256 K=8 d=32 E=1352 block=16 optimized=1 equal_scores=0
ICPP_PAIR_SMOKE phase=operator.numerator max_abs_error=0 mean_abs_error=0 relative_L2_error=0 bitwise=PASS
ICPP_PAIR_SMOKE phase=operator.denominator max_abs_error=0 mean_abs_error=0 relative_L2_error=0 bitwise=PASS
ICPP_PAIR_SMOKE phase=operator.maximum max_abs_error=0 mean_abs_error=0 relative_L2_error=0 bitwise=PASS
ICPP_PAIR_SMOKE phase=operator.normalized max_abs_error=0 mean_abs_error=0 relative_L2_error=0 bitwise=PASS
ICPP_PAIR_SMOKE_CASE_RESULT pass=PASS raw_H_vectors=86528 logical_raw_H_bytes=2768896 source_index_loads=5408 counters_unit=head logical_bytes_are_DRAM_measurement=0
ICPP_PAIR_SMOKE_CASE N=17 D=256 K=8 d=32 E=1352 block=32 optimized=1 equal_scores=0
ICPP_PAIR_SMOKE phase=operator.numerator max_abs_error=0 mean_abs_error=0 relative_L2_error=0 bitwise=PASS
ICPP_PAIR_SMOKE phase=operator.denominator max_abs_error=0 mean_abs_error=0 relative_L2_error=0 bitwise=PASS
ICPP_PAIR_SMOKE phase=operator.maximum max_abs_error=0 mean_abs_error=0 relative_L2_error=0 bitwise=PASS
ICPP_PAIR_SMOKE phase=operator.normalized max_abs_error=0 mean_abs_error=0 relative_L2_error=0 bitwise=PASS
ICPP_PAIR_SMOKE phase=profile.original.numerator max_abs_error=0 mean_abs_error=0 relative_L2_error=0 bitwise=PASS
ICPP_PAIR_SMOKE phase=profile.original.denominator max_abs_error=0 mean_abs_error=0 relative_L2_error=0 bitwise=PASS
ICPP_PAIR_SMOKE phase=profile.original.maximum max_abs_error=0 mean_abs_error=0 relative_L2_error=0 bitwise=PASS
ICPP_PAIR_SMOKE phase=profile.pair.numerator max_abs_error=0 mean_abs_error=0 relative_L2_error=0 bitwise=PASS
ICPP_PAIR_SMOKE phase=profile.pair.denominator max_abs_error=0 mean_abs_error=0 relative_L2_error=0 bitwise=PASS
ICPP_PAIR_SMOKE phase=profile.pair.maximum max_abs_error=0 mean_abs_error=0 relative_L2_error=0 bitwise=PASS
ICPP_PAIR_SMOKE phase=profile.normalized max_abs_error=0 mean_abs_error=0 relative_L2_error=0 bitwise=PASS
ICPP_PAIR_SMOKE phase=no_profile_no_counters.numerator max_abs_error=0 mean_abs_error=0 relative_L2_error=0 bitwise=PASS
ICPP_PAIR_SMOKE phase=no_profile_no_counters.denominator max_abs_error=0 mean_abs_error=0 relative_L2_error=0 bitwise=PASS
ICPP_PAIR_SMOKE phase=no_profile_no_counters.maximum max_abs_error=0 mean_abs_error=0 relative_L2_error=0 bitwise=PASS
ICPP_PAIR_SMOKE phase=no_profile_no_counters.normalized max_abs_error=0 mean_abs_error=0 relative_L2_error=0 bitwise=PASS
ICPP_PAIR_SMOKE phase=profile_no_counters.numerator max_abs_error=0 mean_abs_error=0 relative_L2_error=0 bitwise=PASS
ICPP_PAIR_SMOKE phase=profile_no_counters.denominator max_abs_error=0 mean_abs_error=0 relative_L2_error=0 bitwise=PASS
ICPP_PAIR_SMOKE phase=profile_no_counters.maximum max_abs_error=0 mean_abs_error=0 relative_L2_error=0 bitwise=PASS
ICPP_PAIR_SMOKE phase=profile_no_counters.normalized max_abs_error=0 mean_abs_error=0 relative_L2_error=0 bitwise=PASS
ICPP_PAIR_SMOKE_CASE_RESULT pass=PASS raw_H_vectors=86528 logical_raw_H_bytes=2768896 source_index_loads=5408 counters_unit=head logical_bytes_are_DRAM_measurement=0
ICPP_PAIR_SMOKE_CASE N=17 D=256 K=8 d=32 E=1352 block=64 optimized=1 equal_scores=0
ICPP_PAIR_SMOKE phase=operator.numerator max_abs_error=0 mean_abs_error=0 relative_L2_error=0 bitwise=PASS
ICPP_PAIR_SMOKE phase=operator.denominator max_abs_error=0 mean_abs_error=0 relative_L2_error=0 bitwise=PASS
ICPP_PAIR_SMOKE phase=operator.maximum max_abs_error=0 mean_abs_error=0 relative_L2_error=0 bitwise=PASS
ICPP_PAIR_SMOKE phase=operator.normalized max_abs_error=0 mean_abs_error=0 relative_L2_error=0 bitwise=PASS
ICPP_PAIR_SMOKE_CASE_RESULT pass=PASS raw_H_vectors=86528 logical_raw_H_bytes=2768896 source_index_loads=5408 counters_unit=head logical_bytes_are_DRAM_measurement=0
ICPP_PAIR_SMOKE_CASE N=35 D=256 K=4 d=32 E=2736 block=16 optimized=1 equal_scores=0
ICPP_PAIR_SMOKE phase=operator.numerator max_abs_error=0 mean_abs_error=0 relative_L2_error=0 bitwise=PASS
ICPP_PAIR_SMOKE phase=operator.denominator max_abs_error=0 mean_abs_error=0 relative_L2_error=0 bitwise=PASS
ICPP_PAIR_SMOKE phase=operator.maximum max_abs_error=0 mean_abs_error=0 relative_L2_error=0 bitwise=PASS
ICPP_PAIR_SMOKE phase=operator.normalized max_abs_error=0 mean_abs_error=0 relative_L2_error=0 bitwise=PASS
ICPP_PAIR_SMOKE_CASE_RESULT pass=PASS raw_H_vectors=87552 logical_raw_H_bytes=2801664 source_index_loads=5472 counters_unit=head logical_bytes_are_DRAM_measurement=0
ICPP_PAIR_SMOKE_CASE N=35 D=256 K=4 d=32 E=2736 block=32 optimized=1 equal_scores=0
ICPP_PAIR_SMOKE phase=operator.numerator max_abs_error=0 mean_abs_error=0 relative_L2_error=0 bitwise=PASS
ICPP_PAIR_SMOKE phase=operator.denominator max_abs_error=0 mean_abs_error=0 relative_L2_error=0 bitwise=PASS
ICPP_PAIR_SMOKE phase=operator.maximum max_abs_error=0 mean_abs_error=0 relative_L2_error=0 bitwise=PASS
ICPP_PAIR_SMOKE phase=operator.normalized max_abs_error=0 mean_abs_error=0 relative_L2_error=0 bitwise=PASS
ICPP_PAIR_SMOKE_CASE_RESULT pass=PASS raw_H_vectors=87552 logical_raw_H_bytes=2801664 source_index_loads=5472 counters_unit=head logical_bytes_are_DRAM_measurement=0
ICPP_PAIR_SMOKE_CASE N=35 D=256 K=4 d=32 E=2736 block=64 optimized=1 equal_scores=0
ICPP_PAIR_SMOKE phase=operator.numerator max_abs_error=0 mean_abs_error=0 relative_L2_error=0 bitwise=PASS
ICPP_PAIR_SMOKE phase=operator.denominator max_abs_error=0 mean_abs_error=0 relative_L2_error=0 bitwise=PASS
ICPP_PAIR_SMOKE phase=operator.maximum max_abs_error=0 mean_abs_error=0 relative_L2_error=0 bitwise=PASS
ICPP_PAIR_SMOKE phase=operator.normalized max_abs_error=0 mean_abs_error=0 relative_L2_error=0 bitwise=PASS
ICPP_PAIR_SMOKE_CASE_RESULT pass=PASS raw_H_vectors=87552 logical_raw_H_bytes=2801664 source_index_loads=5472 counters_unit=head logical_bytes_are_DRAM_measurement=0
ICPP_PAIR_SMOKE_CASE N=17 D=256 K=3 d=47 E=1352 block=16 optimized=0 equal_scores=0
ICPP_PAIR_SMOKE phase=operator.numerator max_abs_error=0 mean_abs_error=0 relative_L2_error=0 bitwise=PASS
ICPP_PAIR_SMOKE phase=operator.denominator max_abs_error=0 mean_abs_error=0 relative_L2_error=0 bitwise=PASS
ICPP_PAIR_SMOKE phase=operator.maximum max_abs_error=0 mean_abs_error=0 relative_L2_error=0 bitwise=PASS
ICPP_PAIR_SMOKE phase=operator.normalized max_abs_error=0 mean_abs_error=0 relative_L2_error=0 bitwise=PASS
ICPP_PAIR_SMOKE_CASE_RESULT pass=PASS raw_H_vectors=64896 logical_raw_H_bytes=2076672 source_index_loads=4056 counters_unit=head logical_bytes_are_DRAM_measurement=0
ICPP_PAIR_SMOKE_CASE N=17 D=256 K=3 d=47 E=1352 block=32 optimized=0 equal_scores=0
ICPP_PAIR_SMOKE phase=operator.numerator max_abs_error=0 mean_abs_error=0 relative_L2_error=0 bitwise=PASS
ICPP_PAIR_SMOKE phase=operator.denominator max_abs_error=0 mean_abs_error=0 relative_L2_error=0 bitwise=PASS
ICPP_PAIR_SMOKE phase=operator.maximum max_abs_error=0 mean_abs_error=0 relative_L2_error=0 bitwise=PASS
ICPP_PAIR_SMOKE phase=operator.normalized max_abs_error=0 mean_abs_error=0 relative_L2_error=0 bitwise=PASS
ICPP_PAIR_SMOKE_CASE_RESULT pass=PASS raw_H_vectors=64896 logical_raw_H_bytes=2076672 source_index_loads=4056 counters_unit=head logical_bytes_are_DRAM_measurement=0
ICPP_PAIR_SMOKE_CASE N=17 D=256 K=3 d=47 E=1352 block=64 optimized=0 equal_scores=0
ICPP_PAIR_SMOKE phase=operator.numerator max_abs_error=0 mean_abs_error=0 relative_L2_error=0 bitwise=PASS
ICPP_PAIR_SMOKE phase=operator.denominator max_abs_error=0 mean_abs_error=0 relative_L2_error=0 bitwise=PASS
ICPP_PAIR_SMOKE phase=operator.maximum max_abs_error=0 mean_abs_error=0 relative_L2_error=0 bitwise=PASS
ICPP_PAIR_SMOKE phase=operator.normalized max_abs_error=0 mean_abs_error=0 relative_L2_error=0 bitwise=PASS
ICPP_PAIR_SMOKE_CASE_RESULT pass=PASS raw_H_vectors=64896 logical_raw_H_bytes=2076672 source_index_loads=4056 counters_unit=head logical_bytes_are_DRAM_measurement=0
ICPP_PAIR_SMOKE_CASE N=35 D=17 K=8 d=7 E=2736 block=16 optimized=1 equal_scores=0
ICPP_PAIR_SMOKE phase=operator.numerator max_abs_error=0 mean_abs_error=0 relative_L2_error=0 bitwise=PASS
ICPP_PAIR_SMOKE phase=operator.denominator max_abs_error=0 mean_abs_error=0 relative_L2_error=0 bitwise=PASS
ICPP_PAIR_SMOKE phase=operator.maximum max_abs_error=0 mean_abs_error=0 relative_L2_error=0 bitwise=PASS
ICPP_PAIR_SMOKE phase=operator.normalized max_abs_error=0 mean_abs_error=0 relative_L2_error=0 bitwise=PASS
ICPP_PAIR_SMOKE_CASE_RESULT pass=PASS raw_H_vectors=21888 logical_raw_H_bytes=372096 source_index_loads=10944 counters_unit=head logical_bytes_are_DRAM_measurement=0
ICPP_PAIR_SMOKE_CASE N=35 D=17 K=8 d=7 E=2736 block=32 optimized=1 equal_scores=0
ICPP_PAIR_SMOKE phase=operator.numerator max_abs_error=0 mean_abs_error=0 relative_L2_error=0 bitwise=PASS
ICPP_PAIR_SMOKE phase=operator.denominator max_abs_error=0 mean_abs_error=0 relative_L2_error=0 bitwise=PASS
ICPP_PAIR_SMOKE phase=operator.maximum max_abs_error=0 mean_abs_error=0 relative_L2_error=0 bitwise=PASS
ICPP_PAIR_SMOKE phase=operator.normalized max_abs_error=0 mean_abs_error=0 relative_L2_error=0 bitwise=PASS
ICPP_PAIR_SMOKE_CASE_RESULT pass=PASS raw_H_vectors=21888 logical_raw_H_bytes=372096 source_index_loads=10944 counters_unit=head logical_bytes_are_DRAM_measurement=0
ICPP_PAIR_SMOKE_CASE N=35 D=17 K=8 d=7 E=2736 block=64 optimized=1 equal_scores=0
ICPP_PAIR_SMOKE phase=operator.numerator max_abs_error=0 mean_abs_error=0 relative_L2_error=0 bitwise=PASS
ICPP_PAIR_SMOKE phase=operator.denominator max_abs_error=0 mean_abs_error=0 relative_L2_error=0 bitwise=PASS
ICPP_PAIR_SMOKE phase=operator.maximum max_abs_error=0 mean_abs_error=0 relative_L2_error=0 bitwise=PASS
ICPP_PAIR_SMOKE phase=operator.normalized max_abs_error=0 mean_abs_error=0 relative_L2_error=0 bitwise=PASS
ICPP_PAIR_SMOKE_CASE_RESULT pass=PASS raw_H_vectors=21888 logical_raw_H_bytes=372096 source_index_loads=10944 counters_unit=head logical_bytes_are_DRAM_measurement=0
ICPP_PAIR_SMOKE_CASE N=17 D=33 K=2 d=16 E=1352 block=16 optimized=1 equal_scores=0
ICPP_PAIR_SMOKE phase=operator.numerator max_abs_error=0 mean_abs_error=0 relative_L2_error=0 bitwise=PASS
ICPP_PAIR_SMOKE phase=operator.denominator max_abs_error=0 mean_abs_error=0 relative_L2_error=0 bitwise=PASS
ICPP_PAIR_SMOKE phase=operator.maximum max_abs_error=0 mean_abs_error=0 relative_L2_error=0 bitwise=PASS
ICPP_PAIR_SMOKE phase=operator.normalized max_abs_error=0 mean_abs_error=0 relative_L2_error=0 bitwise=PASS
ICPP_PAIR_SMOKE_CASE_RESULT pass=PASS raw_H_vectors=4056 logical_raw_H_bytes=89232 source_index_loads=1352 counters_unit=head logical_bytes_are_DRAM_measurement=0
ICPP_PAIR_SMOKE_CASE N=17 D=33 K=2 d=16 E=1352 block=32 optimized=1 equal_scores=0
ICPP_PAIR_SMOKE phase=operator.numerator max_abs_error=0 mean_abs_error=0 relative_L2_error=0 bitwise=PASS
ICPP_PAIR_SMOKE phase=operator.denominator max_abs_error=0 mean_abs_error=0 relative_L2_error=0 bitwise=PASS
ICPP_PAIR_SMOKE phase=operator.maximum max_abs_error=0 mean_abs_error=0 relative_L2_error=0 bitwise=PASS
ICPP_PAIR_SMOKE phase=operator.normalized max_abs_error=0 mean_abs_error=0 relative_L2_error=0 bitwise=PASS
ICPP_PAIR_SMOKE_CASE_RESULT pass=PASS raw_H_vectors=4056 logical_raw_H_bytes=89232 source_index_loads=1352 counters_unit=head logical_bytes_are_DRAM_measurement=0
ICPP_PAIR_SMOKE_CASE N=17 D=33 K=2 d=16 E=1352 block=64 optimized=1 equal_scores=0
ICPP_PAIR_SMOKE phase=operator.numerator max_abs_error=0 mean_abs_error=0 relative_L2_error=0 bitwise=PASS
ICPP_PAIR_SMOKE phase=operator.denominator max_abs_error=0 mean_abs_error=0 relative_L2_error=0 bitwise=PASS
ICPP_PAIR_SMOKE phase=operator.maximum max_abs_error=0 mean_abs_error=0 relative_L2_error=0 bitwise=PASS
ICPP_PAIR_SMOKE phase=operator.normalized max_abs_error=0 mean_abs_error=0 relative_L2_error=0 bitwise=PASS
ICPP_PAIR_SMOKE_CASE_RESULT pass=PASS raw_H_vectors=4056 logical_raw_H_bytes=89232 source_index_loads=1352 counters_unit=head logical_bytes_are_DRAM_measurement=0
ICPP_PAIR_SMOKE_CASE N=35 D=100 K=8 d=32 E=2736 block=16 optimized=1 equal_scores=0
ICPP_PAIR_SMOKE phase=operator.numerator max_abs_error=0 mean_abs_error=0 relative_L2_error=0 bitwise=PASS
ICPP_PAIR_SMOKE phase=operator.denominator max_abs_error=0 mean_abs_error=0 relative_L2_error=0 bitwise=PASS
ICPP_PAIR_SMOKE phase=operator.maximum max_abs_error=0 mean_abs_error=0 relative_L2_error=0 bitwise=PASS
ICPP_PAIR_SMOKE phase=operator.normalized max_abs_error=0 mean_abs_error=0 relative_L2_error=0 bitwise=PASS
ICPP_PAIR_SMOKE_CASE_RESULT pass=PASS raw_H_vectors=76608 logical_raw_H_bytes=2188800 source_index_loads=10944 counters_unit=head logical_bytes_are_DRAM_measurement=0
ICPP_PAIR_SMOKE_CASE N=35 D=100 K=8 d=32 E=2736 block=32 optimized=1 equal_scores=0
ICPP_PAIR_SMOKE phase=operator.numerator max_abs_error=0 mean_abs_error=0 relative_L2_error=0 bitwise=PASS
ICPP_PAIR_SMOKE phase=operator.denominator max_abs_error=0 mean_abs_error=0 relative_L2_error=0 bitwise=PASS
ICPP_PAIR_SMOKE phase=operator.maximum max_abs_error=0 mean_abs_error=0 relative_L2_error=0 bitwise=PASS
ICPP_PAIR_SMOKE phase=operator.normalized max_abs_error=0 mean_abs_error=0 relative_L2_error=0 bitwise=PASS
ICPP_PAIR_SMOKE_CASE_RESULT pass=PASS raw_H_vectors=76608 logical_raw_H_bytes=2188800 source_index_loads=10944 counters_unit=head logical_bytes_are_DRAM_measurement=0
ICPP_PAIR_SMOKE_CASE N=35 D=100 K=8 d=32 E=2736 block=64 optimized=1 equal_scores=0
ICPP_PAIR_SMOKE phase=operator.numerator max_abs_error=0 mean_abs_error=0 relative_L2_error=0 bitwise=PASS
ICPP_PAIR_SMOKE phase=operator.denominator max_abs_error=0 mean_abs_error=0 relative_L2_error=0 bitwise=PASS
ICPP_PAIR_SMOKE phase=operator.maximum max_abs_error=0 mean_abs_error=0 relative_L2_error=0 bitwise=PASS
ICPP_PAIR_SMOKE phase=operator.normalized max_abs_error=0 mean_abs_error=0 relative_L2_error=0 bitwise=PASS
ICPP_PAIR_SMOKE_CASE_RESULT pass=PASS raw_H_vectors=76608 logical_raw_H_bytes=2188800 source_index_loads=10944 counters_unit=head logical_bytes_are_DRAM_measurement=0
ICPP_PAIR_SMOKE_CASE N=35 D=33 K=8 d=32 E=2736 block=16 optimized=1 equal_scores=1
ICPP_PAIR_SMOKE phase=operator.numerator max_abs_error=0 mean_abs_error=0 relative_L2_error=0 bitwise=PASS
ICPP_PAIR_SMOKE phase=operator.denominator max_abs_error=0 mean_abs_error=0 relative_L2_error=0 bitwise=PASS
ICPP_PAIR_SMOKE phase=operator.maximum max_abs_error=0 mean_abs_error=0 relative_L2_error=0 bitwise=PASS
ICPP_PAIR_SMOKE phase=operator.normalized max_abs_error=0 mean_abs_error=0 relative_L2_error=0 bitwise=PASS
ICPP_PAIR_SMOKE_CASE_RESULT pass=PASS raw_H_vectors=32832 logical_raw_H_bytes=722304 source_index_loads=10944 counters_unit=head logical_bytes_are_DRAM_measurement=0
ICPP_PAIR_SMOKE_CASE N=35 D=33 K=8 d=32 E=2736 block=32 optimized=1 equal_scores=1
ICPP_PAIR_SMOKE phase=operator.numerator max_abs_error=0 mean_abs_error=0 relative_L2_error=0 bitwise=PASS
ICPP_PAIR_SMOKE phase=operator.denominator max_abs_error=0 mean_abs_error=0 relative_L2_error=0 bitwise=PASS
ICPP_PAIR_SMOKE phase=operator.maximum max_abs_error=0 mean_abs_error=0 relative_L2_error=0 bitwise=PASS
ICPP_PAIR_SMOKE phase=operator.normalized max_abs_error=0 mean_abs_error=0 relative_L2_error=0 bitwise=PASS
ICPP_PAIR_SMOKE_CASE_RESULT pass=PASS raw_H_vectors=32832 logical_raw_H_bytes=722304 source_index_loads=10944 counters_unit=head logical_bytes_are_DRAM_measurement=0
ICPP_PAIR_SMOKE_CASE N=35 D=33 K=8 d=32 E=2736 block=64 optimized=1 equal_scores=1
ICPP_PAIR_SMOKE phase=operator.numerator max_abs_error=0 mean_abs_error=0 relative_L2_error=0 bitwise=PASS
ICPP_PAIR_SMOKE phase=operator.denominator max_abs_error=0 mean_abs_error=0 relative_L2_error=0 bitwise=PASS
ICPP_PAIR_SMOKE phase=operator.maximum max_abs_error=0 mean_abs_error=0 relative_L2_error=0 bitwise=PASS
ICPP_PAIR_SMOKE phase=operator.normalized max_abs_error=0 mean_abs_error=0 relative_L2_error=0 bitwise=PASS
ICPP_PAIR_SMOKE_CASE_RESULT pass=PASS raw_H_vectors=32832 logical_raw_H_bytes=722304 source_index_loads=10944 counters_unit=head logical_bytes_are_DRAM_measurement=0
ICPP_PAIR_SMOKE_LAYER N=17 D=128 K=8 d=32 block=32 lr_policy=fp32 hidden=1
ICPP_PAIR_SMOKE phase=layer.left max_abs_error=0 mean_abs_error=0 relative_L2_error=0 bitwise=PASS
ICPP_PAIR_SMOKE phase=layer.right max_abs_error=0 mean_abs_error=0 relative_L2_error=0 bitwise=PASS
ICPP_PAIR_SMOKE phase=layer.normalized_ELU max_abs_error=0 mean_abs_error=0 relative_L2_error=0 bitwise=PASS
ICPP_PAIR_SMOKE phase=layer.denominator max_abs_error=0 mean_abs_error=0 relative_L2_error=0 bitwise=PASS
ICPP_PAIR_SMOKE phase=layer.maximum max_abs_error=0 mean_abs_error=0 relative_L2_error=0 bitwise=PASS
ICPP_PAIR_SMOKE_LAYER_RESULT pass=PASS
ICPP_PAIR_SMOKE_LAYER N=35 D=100 K=3 d=47 block=32 lr_policy=fp32 hidden=1
ICPP_PAIR_SMOKE phase=layer.left max_abs_error=0 mean_abs_error=0 relative_L2_error=0 bitwise=PASS
ICPP_PAIR_SMOKE phase=layer.right max_abs_error=0 mean_abs_error=0 relative_L2_error=0 bitwise=PASS
ICPP_PAIR_SMOKE phase=layer.normalized_ELU max_abs_error=0 mean_abs_error=0 relative_L2_error=0 bitwise=PASS
ICPP_PAIR_SMOKE phase=layer.denominator max_abs_error=0 mean_abs_error=0 relative_L2_error=0 bitwise=PASS
ICPP_PAIR_SMOKE phase=layer.maximum max_abs_error=0 mean_abs_error=0 relative_L2_error=0 bitwise=PASS
ICPP_PAIR_SMOKE_LAYER_RESULT pass=PASS
ICPP_PAIR_SMOKE_RESULT pass=PASS operator_cases=57 optimized_cases=36 fallback_cases=21 layer_wrapper_cases=2 comparison=EXACT_original_online original_master_gate_unchanged=1
