graph,method,boundary,reference,max_abs,mean_abs,relative_L2,normalized_max,gate,pass
ogbn-products,paper_tfs,kernel_FP32,paper_tfs,0,0,0,0,0.01,1
ogbn-products,paper_tfs,e2e_FP32_final,paper_tfs,0,0,0,0,0.01,1
ogbn-products,paper_tfs,e2e_BF16_final,paper_tfs,0,0,0,0,0.02,1
ogbn-products,paper_tfs,e2e_BF16_final,source_MKL_FP32,87793.5,79.6746653957,0.0127954883771,0.0135534967021,0.03,1
ogbn-products,b64_fast,kernel_FP32,paper_tfs,7.42822265625,0.0565590515441,0.00328826619572,0.00290152025128,0.01,1
ogbn-products,b64_fast,e2e_FP32_final,paper_tfs,35613,36.1791278913,0.00571474087541,0.00555625806855,0.01,1
ogbn-products,b64_fast,e2e_BF16_final,paper_tfs,32768,36.0753509035,0.00609675543231,0.00512820512821,0.02,1
ogbn-products,b64_fast,e2e_BF16_final,source_MKL_FP32,120561.5,114.44889789,0.0182746867585,0.018612196719,0.03,1
ogbn-products,bfull_fast,kernel_FP32,paper_tfs,6.76220703125,0.0565733405329,0.00329457783311,0.00264136948399,0.01,1
ogbn-products,bfull_fast,e2e_FP32_final,paper_tfs,35290.5,36.7816148971,0.00588307246424,0.00550594236285,0.01,1
ogbn-products,bfull_fast,e2e_BF16_final,paper_tfs,32768,36.6786260634,0.00628402291847,0.00512820512821,0.02,1
ogbn-products,bfull_fast,e2e_BF16_final,source_MKL_FP32,120561.5,114.659691528,0.0183357711407,0.018612196719,0.03,1
ogbn-products,s64_mfull_degree_fast,kernel_FP32,paper_tfs,6.76220703125,0.0565733405329,0.00329457783311,0.00264136948399,0.01,1
ogbn-products,s64_mfull_degree_fast,e2e_FP32_final,paper_tfs,35290.5,36.7816148971,0.00588307246424,0.00550594236285,0.01,1
ogbn-products,s64_mfull_degree_fast,e2e_BF16_final,paper_tfs,32768,36.6786260634,0.00628402291847,0.00512820512821,0.02,1
ogbn-products,s64_mfull_degree_fast,e2e_BF16_final,source_MKL_FP32,120561.5,114.659691528,0.0183357711407,0.018612196719,0.03,1
ogbn-products,s64_mfull_qshuffle_fast,kernel_FP32,paper_tfs,6.76220703125,0.0565733405329,0.00329457783311,0.00264136948399,0.01,1
ogbn-products,s64_mfull_qshuffle_fast,e2e_FP32_final,paper_tfs,35290.5,36.7816148971,0.00588307246424,0.00550594236285,0.01,1
ogbn-products,s64_mfull_qshuffle_fast,e2e_BF16_final,paper_tfs,32768,36.6786260634,0.00628402291847,0.00512820512821,0.02,1
ogbn-products,s64_mfull_qshuffle_fast,e2e_BF16_final,source_MKL_FP32,120561.5,114.659691528,0.0183357711407,0.018612196719,0.03,1
ogbn-products,s64_mfull_qsource_fast,kernel_FP32,paper_tfs,6.76220703125,0.0565733405329,0.00329457783311,0.00264136948399,0.01,1
ogbn-products,s64_mfull_qsource_fast,e2e_FP32_final,paper_tfs,35290.5,36.7816148971,0.00588307246424,0.00550594236285,0.01,1
ogbn-products,s64_mfull_qsource_fast,e2e_BF16_final,paper_tfs,32768,36.6786260634,0.00628402291847,0.00512820512821,0.02,1
ogbn-products,s64_mfull_qsource_fast,e2e_BF16_final,source_MKL_FP32,120561.5,114.659691528,0.0183357711407,0.018612196719,0.03,1
ogbn-products,s64_mfull_qpage_fast,kernel_FP32,paper_tfs,6.76220703125,0.0565733405329,0.00329457783311,0.00264136948399,0.01,1
ogbn-products,s64_mfull_qpage_fast,e2e_FP32_final,paper_tfs,35290.5,36.7816148971,0.00588307246424,0.00550594236285,0.01,1
ogbn-products,s64_mfull_qpage_fast,e2e_BF16_final,paper_tfs,32768,36.6786260634,0.00628402291847,0.00512820512821,0.02,1
ogbn-products,s64_mfull_qpage_fast,e2e_BF16_final,source_MKL_FP32,120561.5,114.659691528,0.0183357711407,0.018612196719,0.03,1
ogbn-products,s64_m64_degree_fast,kernel_FP32,paper_tfs,7.42822265625,0.0565590515441,0.00328826619572,0.00290152025128,0.01,1
ogbn-products,s64_m64_degree_fast,e2e_FP32_final,paper_tfs,35613,36.1791278913,0.00571474087541,0.00555625806855,0.01,1
ogbn-products,s64_m64_degree_fast,e2e_BF16_final,paper_tfs,32768,36.0753509035,0.00609675543231,0.00512820512821,0.02,1
ogbn-products,s64_m64_degree_fast,e2e_BF16_final,source_MKL_FP32,120561.5,114.44889789,0.0182746867585,0.018612196719,0.03,1
ogbn-products,s64_m64_qshuffle_fast,kernel_FP32,paper_tfs,7.42822265625,0.0565590515441,0.00328826619572,0.00290152025128,0.01,1
ogbn-products,s64_m64_qshuffle_fast,e2e_FP32_final,paper_tfs,35613,36.1791278913,0.00571474087541,0.00555625806855,0.01,1
ogbn-products,s64_m64_qshuffle_fast,e2e_BF16_final,paper_tfs,32768,36.0753509035,0.00609675543231,0.00512820512821,0.02,1
ogbn-products,s64_m64_qshuffle_fast,e2e_BF16_final,source_MKL_FP32,120561.5,114.44889789,0.0182746867585,0.018612196719,0.03,1
ogbn-products,s64_m64_qsource_fast,kernel_FP32,paper_tfs,7.42822265625,0.0565590515441,0.00328826619572,0.00290152025128,0.01,1
ogbn-products,s64_m64_qsource_fast,e2e_FP32_final,paper_tfs,35613,36.1791278913,0.00571474087541,0.00555625806855,0.01,1
ogbn-products,s64_m64_qsource_fast,e2e_BF16_final,paper_tfs,32768,36.0753509035,0.00609675543231,0.00512820512821,0.02,1
ogbn-products,s64_m64_qsource_fast,e2e_BF16_final,source_MKL_FP32,120561.5,114.44889789,0.0182746867585,0.018612196719,0.03,1
ogbn-products,s64_m64_qpage_fast,kernel_FP32,paper_tfs,7.42822265625,0.0565590515441,0.00328826619572,0.00290152025128,0.01,1
ogbn-products,s64_m64_qpage_fast,e2e_FP32_final,paper_tfs,35613,36.1791278913,0.00571474087541,0.00555625806855,0.01,1
ogbn-products,s64_m64_qpage_fast,e2e_BF16_final,paper_tfs,32768,36.0753509035,0.00609675543231,0.00512820512821,0.02,1
ogbn-products,s64_m64_qpage_fast,e2e_BF16_final,source_MKL_FP32,120561.5,114.44889789,0.0182746867585,0.018612196719,0.03,1
reddit,paper_tfs,kernel_FP32,paper_tfs,0,0,0,0,0.01,1
reddit,paper_tfs,e2e_FP32_final,paper_tfs,0,0,0,0,0.01,1
reddit,paper_tfs,e2e_BF16_final,paper_tfs,0,0,0,0,0.02,1
reddit,paper_tfs,e2e_BF16_final,source_MKL_FP32,388622,2831.50670601,0.0120236734565,0.0118142017636,0.03,1
reddit,b64_fast,kernel_FP32,paper_tfs,8.90112304688,0.183179182394,0.00324800577591,0.00367094945782,0.01,1
reddit,b64_fast,e2e_FP32_final,paper_tfs,184064,1319.41411569,0.00560537092091,0.00565019721848,0.01,1
reddit,b64_fast,e2e_BF16_final,paper_tfs,262144,1315.41576132,0.00598069542562,0.00806451612903,0.02,1
reddit,b64_fast,e2e_BF16_final,source_MKL_FP32,586268,4128.18090512,0.017462511111,0.0178226874432,0.03,1
reddit,bfull_fast,kernel_FP32,paper_tfs,8.81042480469,0.184078272728,0.00328614283687,0.00363354421566,0.01,1
reddit,bfull_fast,e2e_FP32_final,paper_tfs,197034,1371.64503125,0.00585589609114,0.00604833622406,0.01,1
reddit,bfull_fast,e2e_BF16_final,paper_tfs,262144,1367.38437275,0.00625788269038,0.00806451612903,0.02,1
reddit,bfull_fast,e2e_BF16_final,source_MKL_FP32,595806,4147.15709347,0.0175517640027,0.0181126449248,0.03,1
reddit,s64_mfull_degree_fast,kernel_FP32,paper_tfs,8.81042480469,0.184078272728,0.00328614283687,0.00363354421566,0.01,1
reddit,s64_mfull_degree_fast,e2e_FP32_final,paper_tfs,197034,1371.64503125,0.00585589609114,0.00604833622406,0.01,1
reddit,s64_mfull_degree_fast,e2e_BF16_final,paper_tfs,262144,1367.38437275,0.00625788269038,0.00806451612903,0.02,1
reddit,s64_mfull_degree_fast,e2e_BF16_final,source_MKL_FP32,595806,4147.15709347,0.0175517640027,0.0181126449248,0.03,1
reddit,s64_mfull_qshuffle_fast,kernel_FP32,paper_tfs,8.81042480469,0.184078272728,0.00328614283687,0.00363354421566,0.01,1
reddit,s64_mfull_qshuffle_fast,e2e_FP32_final,paper_tfs,197034,1371.64503125,0.00585589609114,0.00604833622406,0.01,1
reddit,s64_mfull_qshuffle_fast,e2e_BF16_final,paper_tfs,262144,1367.38437275,0.00625788269038,0.00806451612903,0.02,1
reddit,s64_mfull_qshuffle_fast,e2e_BF16_final,source_MKL_FP32,595806,4147.15709347,0.0175517640027,0.0181126449248,0.03,1
reddit,s64_mfull_qsource_fast,kernel_FP32,paper_tfs,8.81042480469,0.184078272728,0.00328614283687,0.00363354421566,0.01,1
reddit,s64_mfull_qsource_fast,e2e_FP32_final,paper_tfs,197034,1371.64503125,0.00585589609114,0.00604833622406,0.01,1
reddit,s64_mfull_qsource_fast,e2e_BF16_final,paper_tfs,262144,1367.38437275,0.00625788269038,0.00806451612903,0.02,1
reddit,s64_mfull_qsource_fast,e2e_BF16_final,source_MKL_FP32,595806,4147.15709347,0.0175517640027,0.0181126449248,0.03,1
reddit,s64_mfull_qpage_fast,kernel_FP32,paper_tfs,8.81042480469,0.184078272728,0.00328614283687,0.00363354421566,0.01,1
reddit,s64_mfull_qpage_fast,e2e_FP32_final,paper_tfs,197034,1371.64503125,0.00585589609114,0.00604833622406,0.01,1
reddit,s64_mfull_qpage_fast,e2e_BF16_final,paper_tfs,262144,1367.38437275,0.00625788269038,0.00806451612903,0.02,1
reddit,s64_mfull_qpage_fast,e2e_BF16_final,source_MKL_FP32,595806,4147.15709347,0.0175517640027,0.0181126449248,0.03,1
reddit,s64_m64_degree_fast,kernel_FP32,paper_tfs,8.90112304688,0.183179182394,0.00324800577591,0.00367094945782,0.01,1
reddit,s64_m64_degree_fast,e2e_FP32_final,paper_tfs,184064,1319.41411569,0.00560537092091,0.00565019721848,0.01,1
reddit,s64_m64_degree_fast,e2e_BF16_final,paper_tfs,262144,1315.41576132,0.00598069542562,0.00806451612903,0.02,1
reddit,s64_m64_degree_fast,e2e_BF16_final,source_MKL_FP32,586268,4128.18090512,0.017462511111,0.0178226874432,0.03,1
reddit,s64_m64_qshuffle_fast,kernel_FP32,paper_tfs,8.90112304688,0.183179182394,0.00324800577591,0.00367094945782,0.01,1
reddit,s64_m64_qshuffle_fast,e2e_FP32_final,paper_tfs,184064,1319.41411569,0.00560537092091,0.00565019721848,0.01,1
reddit,s64_m64_qshuffle_fast,e2e_BF16_final,paper_tfs,262144,1315.41576132,0.00598069542562,0.00806451612903,0.02,1
reddit,s64_m64_qshuffle_fast,e2e_BF16_final,source_MKL_FP32,586268,4128.18090512,0.017462511111,0.0178226874432,0.03,1
reddit,s64_m64_qsource_fast,kernel_FP32,paper_tfs,8.90112304688,0.183179182394,0.00324800577591,0.00367094945782,0.01,1
reddit,s64_m64_qsource_fast,e2e_FP32_final,paper_tfs,184064,1319.41411569,0.00560537092091,0.00565019721848,0.01,1
reddit,s64_m64_qsource_fast,e2e_BF16_final,paper_tfs,262144,1315.41576132,0.00598069542562,0.00806451612903,0.02,1
reddit,s64_m64_qsource_fast,e2e_BF16_final,source_MKL_FP32,586268,4128.18090512,0.017462511111,0.0178226874432,0.03,1
reddit,s64_m64_qpage_fast,kernel_FP32,paper_tfs,8.90112304688,0.183179182394,0.00324800577591,0.00367094945782,0.01,1
reddit,s64_m64_qpage_fast,e2e_FP32_final,paper_tfs,184064,1319.41411569,0.00560537092091,0.00565019721848,0.01,1
reddit,s64_m64_qpage_fast,e2e_BF16_final,paper_tfs,262144,1315.41576132,0.00598069542562,0.00806451612903,0.02,1
reddit,s64_m64_qpage_fast,e2e_BF16_final,source_MKL_FP32,586268,4128.18090512,0.017462511111,0.0178226874432,0.03,1
mycielskian19,paper_tfs,kernel_FP32,paper_tfs,0,0,0,0,0.01,1
mycielskian19,paper_tfs,e2e_FP32_final,paper_tfs,0,0,0,0,0.01,1
mycielskian19,paper_tfs,e2e_BF16_final,paper_tfs,0,0,0,0,0.02,1
mycielskian19,paper_tfs,e2e_BF16_final,source_MKL_FP32,4399232,46905.9725516,0.0110781608543,0.0149732438601,0.03,1
mycielskian19,b64_fast,kernel_FP32,paper_tfs,53.53125,0.441249271908,0.00307224794212,0.00296637405903,0.01,1
mycielskian19,b64_fast,e2e_FP32_final,paper_tfs,1630688,24497.4466493,0.00562924062475,0.00559769409144,0.01,1
mycielskian19,b64_fast,e2e_BF16_final,paper_tfs,2097152,24432.4311723,0.00600570842091,0.00724637681159,0.02,1
mycielskian19,b64_fast,e2e_BF16_final,source_MKL_FP32,6012768,70880.202984,0.016537247198,0.0204650815275,0.03,1
mycielskian19,bfull_fast,kernel_FP32,paper_tfs,72.32421875,0.453115868829,0.003259883094,0.00400776530232,0.01,1
mycielskian19,bfull_fast,e2e_FP32_final,paper_tfs,1773728,25575.3728534,0.00588971972333,0.00608871025323,0.01,1
mycielskian19,bfull_fast,e2e_BF16_final,paper_tfs,2097152,25506.0948911,0.00629538593344,0.00724637681159,0.02,1
mycielskian19,bfull_fast,e2e_BF16_final,source_MKL_FP32,6012768,71300.1778745,0.0166271367838,0.0204650815275,0.03,1
mycielskian19,s64_mfull_degree_fast,kernel_FP32,paper_tfs,72.32421875,0.453115868829,0.003259883094,0.00400776530232,0.01,1
mycielskian19,s64_mfull_degree_fast,e2e_FP32_final,paper_tfs,1773728,25575.3728534,0.00588971972333,0.00608871025323,0.01,1
mycielskian19,s64_mfull_degree_fast,e2e_BF16_final,paper_tfs,2097152,25506.0948911,0.00629538593344,0.00724637681159,0.02,1
mycielskian19,s64_mfull_degree_fast,e2e_BF16_final,source_MKL_FP32,6012768,71300.1778745,0.0166271367838,0.0204650815275,0.03,1
mycielskian19,s64_mfull_qshuffle_fast,kernel_FP32,paper_tfs,72.32421875,0.453115868829,0.003259883094,0.00400776530232,0.01,1
mycielskian19,s64_mfull_qshuffle_fast,e2e_FP32_final,paper_tfs,1773728,25575.3728534,0.00588971972333,0.00608871025323,0.01,1
mycielskian19,s64_mfull_qshuffle_fast,e2e_BF16_final,paper_tfs,2097152,25506.0948911,0.00629538593344,0.00724637681159,0.02,1
mycielskian19,s64_mfull_qshuffle_fast,e2e_BF16_final,source_MKL_FP32,6012768,71300.1778745,0.0166271367838,0.0204650815275,0.03,1
mycielskian19,s64_mfull_qsource_fast,kernel_FP32,paper_tfs,72.32421875,0.453115868829,0.003259883094,0.00400776530232,0.01,1
mycielskian19,s64_mfull_qsource_fast,e2e_FP32_final,paper_tfs,1773728,25575.3728534,0.00588971972333,0.00608871025323,0.01,1
mycielskian19,s64_mfull_qsource_fast,e2e_BF16_final,paper_tfs,2097152,25506.0948911,0.00629538593344,0.00724637681159,0.02,1
mycielskian19,s64_mfull_qsource_fast,e2e_BF16_final,source_MKL_FP32,6012768,71300.1778745,0.0166271367838,0.0204650815275,0.03,1
mycielskian19,s64_mfull_qpage_fast,kernel_FP32,paper_tfs,72.32421875,0.453115868829,0.003259883094,0.00400776530232,0.01,1
mycielskian19,s64_mfull_qpage_fast,e2e_FP32_final,paper_tfs,1773728,25575.3728534,0.00588971972333,0.00608871025323,0.01,1
mycielskian19,s64_mfull_qpage_fast,e2e_BF16_final,paper_tfs,2097152,25506.0948911,0.00629538593344,0.00724637681159,0.02,1
mycielskian19,s64_mfull_qpage_fast,e2e_BF16_final,source_MKL_FP32,6012768,71300.1778745,0.0166271367838,0.0204650815275,0.03,1
mycielskian19,s64_m64_degree_fast,kernel_FP32,paper_tfs,53.53125,0.441249271908,0.00307224794212,0.00296637405903,0.01,1
mycielskian19,s64_m64_degree_fast,e2e_FP32_final,paper_tfs,1630688,24497.4466493,0.00562924062475,0.00559769409144,0.01,1
mycielskian19,s64_m64_degree_fast,e2e_BF16_final,paper_tfs,2097152,24432.4311723,0.00600570842091,0.00724637681159,0.02,1
mycielskian19,s64_m64_degree_fast,e2e_BF16_final,source_MKL_FP32,6012768,70880.202984,0.016537247198,0.0204650815275,0.03,1
mycielskian19,s64_m64_qshuffle_fast,kernel_FP32,paper_tfs,53.53125,0.441249271908,0.00307224794212,0.00296637405903,0.01,1
mycielskian19,s64_m64_qshuffle_fast,e2e_FP32_final,paper_tfs,1630688,24497.4466493,0.00562924062475,0.00559769409144,0.01,1
mycielskian19,s64_m64_qshuffle_fast,e2e_BF16_final,paper_tfs,2097152,24432.4311723,0.00600570842091,0.00724637681159,0.02,1
mycielskian19,s64_m64_qshuffle_fast,e2e_BF16_final,source_MKL_FP32,6012768,70880.202984,0.016537247198,0.0204650815275,0.03,1
mycielskian19,s64_m64_qsource_fast,kernel_FP32,paper_tfs,53.53125,0.441249271908,0.00307224794212,0.00296637405903,0.01,1
mycielskian19,s64_m64_qsource_fast,e2e_FP32_final,paper_tfs,1630688,24497.4466493,0.00562924062475,0.00559769409144,0.01,1
mycielskian19,s64_m64_qsource_fast,e2e_BF16_final,paper_tfs,2097152,24432.4311723,0.00600570842091,0.00724637681159,0.02,1
mycielskian19,s64_m64_qsource_fast,e2e_BF16_final,source_MKL_FP32,6012768,70880.202984,0.016537247198,0.0204650815275,0.03,1
mycielskian19,s64_m64_qpage_fast,kernel_FP32,paper_tfs,53.53125,0.441249271908,0.00307224794212,0.00296637405903,0.01,1
mycielskian19,s64_m64_qpage_fast,e2e_FP32_final,paper_tfs,1630688,24497.4466493,0.00562924062475,0.00559769409144,0.01,1
mycielskian19,s64_m64_qpage_fast,e2e_BF16_final,paper_tfs,2097152,24432.4311723,0.00600570842091,0.00724637681159,0.02,1
mycielskian19,s64_m64_qpage_fast,e2e_BF16_final,source_MKL_FP32,6012768,70880.202984,0.016537247198,0.0204650815275,0.03,1
roadNet-CA,paper_tfs,kernel_FP32,paper_tfs,0,0,0,0,0.01,1
roadNet-CA,paper_tfs,e2e_FP32_final,paper_tfs,0,0,0,0,0.01,1
roadNet-CA,paper_tfs,e2e_BF16_final,paper_tfs,0,0,0,0,0.02,1
roadNet-CA,paper_tfs,e2e_BF16_final,source_MKL_FP32,12.6315307617,0.767823984775,0.0132329376713,0.0160488692742,0.03,1
roadNet-CA,b64_fast,kernel_FP32,paper_tfs,0.146816253662,0.0124401047832,0.00276077147962,0.00328926536493,0.01,1
roadNet-CA,b64_fast,e2e_FP32_final,paper_tfs,4.62408447266,0.286809950805,0.00508033488093,0.00593296898577,0.01,1
roadNet-CA,b64_fast,e2e_BF16_final,paper_tfs,8,0.28601018643,0.00561707779365,0.0103092783505,0.02,1
roadNet-CA,b64_fast,e2e_BF16_final,source_MKL_FP32,16.6315307617,1.01011954163,0.0175083451157,0.0211310305979,0.03,1
roadNet-CA,bfull_fast,kernel_FP32,paper_tfs,0.146816253662,0.0124401047832,0.00276077147962,0.00328926536493,0.01,1
roadNet-CA,bfull_fast,e2e_FP32_final,paper_tfs,4.62408447266,0.286809950805,0.00508033488093,0.00593296898577,0.01,1
roadNet-CA,bfull_fast,e2e_BF16_final,paper_tfs,8,0.28601018643,0.00561707779365,0.0103092783505,0.02,1
roadNet-CA,bfull_fast,e2e_BF16_final,source_MKL_FP32,16.6315307617,1.01011954163,0.0175083451157,0.0211310305979,0.03,1
roadNet-CA,s64_mfull_degree_fast,kernel_FP32,paper_tfs,0.146816253662,0.0124401047832,0.00276077147962,0.00328926536493,0.01,1
roadNet-CA,s64_mfull_degree_fast,e2e_FP32_final,paper_tfs,4.62408447266,0.286809950805,0.00508033488093,0.00593296898577,0.01,1
roadNet-CA,s64_mfull_degree_fast,e2e_BF16_final,paper_tfs,8,0.28601018643,0.00561707779365,0.0103092783505,0.02,1
roadNet-CA,s64_mfull_degree_fast,e2e_BF16_final,source_MKL_FP32,16.6315307617,1.01011954163,0.0175083451157,0.0211310305979,0.03,1
roadNet-CA,s64_mfull_qshuffle_fast,kernel_FP32,paper_tfs,0.146816253662,0.0124401047832,0.00276077147962,0.00328926536493,0.01,1
roadNet-CA,s64_mfull_qshuffle_fast,e2e_FP32_final,paper_tfs,4.62408447266,0.286809950805,0.00508033488093,0.00593296898577,0.01,1
roadNet-CA,s64_mfull_qshuffle_fast,e2e_BF16_final,paper_tfs,8,0.28601018643,0.00561707779365,0.0103092783505,0.02,1
roadNet-CA,s64_mfull_qshuffle_fast,e2e_BF16_final,source_MKL_FP32,16.6315307617,1.01011954163,0.0175083451157,0.0211310305979,0.03,1
roadNet-CA,s64_mfull_qsource_fast,kernel_FP32,paper_tfs,0.146816253662,0.0124401047832,0.00276077147962,0.00328926536493,0.01,1
roadNet-CA,s64_mfull_qsource_fast,e2e_FP32_final,paper_tfs,4.62408447266,0.286809950805,0.00508033488093,0.00593296898577,0.01,1
roadNet-CA,s64_mfull_qsource_fast,e2e_BF16_final,paper_tfs,8,0.28601018643,0.00561707779365,0.0103092783505,0.02,1
roadNet-CA,s64_mfull_qsource_fast,e2e_BF16_final,source_MKL_FP32,16.6315307617,1.01011954163,0.0175083451157,0.0211310305979,0.03,1
roadNet-CA,s64_mfull_qpage_fast,kernel_FP32,paper_tfs,0.146816253662,0.0124401047832,0.00276077147962,0.00328926536493,0.01,1
roadNet-CA,s64_mfull_qpage_fast,e2e_FP32_final,paper_tfs,4.62408447266,0.286809950805,0.00508033488093,0.00593296898577,0.01,1
roadNet-CA,s64_mfull_qpage_fast,e2e_BF16_final,paper_tfs,8,0.28601018643,0.00561707779365,0.0103092783505,0.02,1
roadNet-CA,s64_mfull_qpage_fast,e2e_BF16_final,source_MKL_FP32,16.6315307617,1.01011954163,0.0175083451157,0.0211310305979,0.03,1
roadNet-CA,s64_m64_degree_fast,kernel_FP32,paper_tfs,0.146816253662,0.0124401047832,0.00276077147962,0.00328926536493,0.01,1
roadNet-CA,s64_m64_degree_fast,e2e_FP32_final,paper_tfs,4.62408447266,0.286809950805,0.00508033488093,0.00593296898577,0.01,1
roadNet-CA,s64_m64_degree_fast,e2e_BF16_final,paper_tfs,8,0.28601018643,0.00561707779365,0.0103092783505,0.02,1
roadNet-CA,s64_m64_degree_fast,e2e_BF16_final,source_MKL_FP32,16.6315307617,1.01011954163,0.0175083451157,0.0211310305979,0.03,1
roadNet-CA,s64_m64_qshuffle_fast,kernel_FP32,paper_tfs,0.146816253662,0.0124401047832,0.00276077147962,0.00328926536493,0.01,1
roadNet-CA,s64_m64_qshuffle_fast,e2e_FP32_final,paper_tfs,4.62408447266,0.286809950805,0.00508033488093,0.00593296898577,0.01,1
roadNet-CA,s64_m64_qshuffle_fast,e2e_BF16_final,paper_tfs,8,0.28601018643,0.00561707779365,0.0103092783505,0.02,1
roadNet-CA,s64_m64_qshuffle_fast,e2e_BF16_final,source_MKL_FP32,16.6315307617,1.01011954163,0.0175083451157,0.0211310305979,0.03,1
roadNet-CA,s64_m64_qsource_fast,kernel_FP32,paper_tfs,0.146816253662,0.0124401047832,0.00276077147962,0.00328926536493,0.01,1
roadNet-CA,s64_m64_qsource_fast,e2e_FP32_final,paper_tfs,4.62408447266,0.286809950805,0.00508033488093,0.00593296898577,0.01,1
roadNet-CA,s64_m64_qsource_fast,e2e_BF16_final,paper_tfs,8,0.28601018643,0.00561707779365,0.0103092783505,0.02,1
roadNet-CA,s64_m64_qsource_fast,e2e_BF16_final,source_MKL_FP32,16.6315307617,1.01011954163,0.0175083451157,0.0211310305979,0.03,1
roadNet-CA,s64_m64_qpage_fast,kernel_FP32,paper_tfs,0.146816253662,0.0124401047832,0.00276077147962,0.00328926536493,0.01,1
roadNet-CA,s64_m64_qpage_fast,e2e_FP32_final,paper_tfs,4.62408447266,0.286809950805,0.00508033488093,0.00593296898577,0.01,1
roadNet-CA,s64_m64_qpage_fast,e2e_BF16_final,paper_tfs,8,0.28601018643,0.00561707779365,0.0103092783505,0.02,1
roadNet-CA,s64_m64_qpage_fast,e2e_BF16_final,source_MKL_FP32,16.6315307617,1.01011954163,0.0175083451157,0.0211310305979,0.03,1
wiki-Talk,paper_tfs,kernel_FP32,paper_tfs,0,0,0,0,0.01,1
wiki-Talk,paper_tfs,e2e_FP32_final,paper_tfs,0,0,0,0,0.01,1
wiki-Talk,paper_tfs,e2e_BF16_final,paper_tfs,0,0,0,0,0.02,1
wiki-Talk,paper_tfs,e2e_BF16_final,source_MKL_FP32,41242.5,1.89094870253,0.0120588659797,0.011844885633,0.03,1
wiki-Talk,b64_fast,kernel_FP32,paper_tfs,27.34765625,0.00120377999327,0.00316130538823,0.00299441663837,0.01,1
wiki-Talk,b64_fast,e2e_FP32_final,paper_tfs,19292.75,0.875339903864,0.00566961976983,0.00559696310121,0.01,1
wiki-Talk,b64_fast,e2e_BF16_final,paper_tfs,16384,0.872406862499,0.00603904262364,0.0047619047619,0.02,1
wiki-Talk,b64_fast,e2e_BF16_final,source_MKL_FP32,57626.5,2.69952923151,0.0175060748553,0.0165503861776,0.03,1
wiki-Talk,bfull_fast,kernel_FP32,paper_tfs,37.0361328125,0.00121145641839,0.00327674697925,0.00405525107163,0.01,1
wiki-Talk,bfull_fast,e2e_FP32_final,paper_tfs,18391.5,0.88873566301,0.00584344591256,0.00533550410781,0.01,1
wiki-Talk,bfull_fast,e2e_BF16_final,paper_tfs,16384,0.886109368894,0.00624648647755,0.0047619047619,0.02,1
wiki-Talk,bfull_fast,e2e_BF16_final,source_MKL_FP32,57626.5,2.70411876665,0.0175631921176,0.0165503861776,0.03,1
wiki-Talk,s64_mfull_degree_fast,kernel_FP32,paper_tfs,37.0361328125,0.00121145641839,0.00327674697925,0.00405525107163,0.01,1
wiki-Talk,s64_mfull_degree_fast,e2e_FP32_final,paper_tfs,18391.5,0.88873566301,0.00584344591256,0.00533550410781,0.01,1
wiki-Talk,s64_mfull_degree_fast,e2e_BF16_final,paper_tfs,16384,0.886109368894,0.00624648647755,0.0047619047619,0.02,1
wiki-Talk,s64_mfull_degree_fast,e2e_BF16_final,source_MKL_FP32,57626.5,2.70411876665,0.0175631921176,0.0165503861776,0.03,1
wiki-Talk,s64_mfull_qshuffle_fast,kernel_FP32,paper_tfs,37.0361328125,0.00121145641839,0.00327674697925,0.00405525107163,0.01,1
wiki-Talk,s64_mfull_qshuffle_fast,e2e_FP32_final,paper_tfs,18391.5,0.88873566301,0.00584344591256,0.00533550410781,0.01,1
wiki-Talk,s64_mfull_qshuffle_fast,e2e_BF16_final,paper_tfs,16384,0.886109368894,0.00624648647755,0.0047619047619,0.02,1
wiki-Talk,s64_mfull_qshuffle_fast,e2e_BF16_final,source_MKL_FP32,57626.5,2.70411876665,0.0175631921176,0.0165503861776,0.03,1
wiki-Talk,s64_mfull_qsource_fast,kernel_FP32,paper_tfs,37.0361328125,0.00121145641839,0.00327674697925,0.00405525107163,0.01,1
wiki-Talk,s64_mfull_qsource_fast,e2e_FP32_final,paper_tfs,18391.5,0.88873566301,0.00584344591256,0.00533550410781,0.01,1
wiki-Talk,s64_mfull_qsource_fast,e2e_BF16_final,paper_tfs,16384,0.886109368894,0.00624648647755,0.0047619047619,0.02,1
wiki-Talk,s64_mfull_qsource_fast,e2e_BF16_final,source_MKL_FP32,57626.5,2.70411876665,0.0175631921176,0.0165503861776,0.03,1
wiki-Talk,s64_mfull_qpage_fast,kernel_FP32,paper_tfs,37.0361328125,0.00121145641839,0.00327674697925,0.00405525107163,0.01,1
wiki-Talk,s64_mfull_qpage_fast,e2e_FP32_final,paper_tfs,18391.5,0.88873566301,0.00584344591256,0.00533550410781,0.01,1
wiki-Talk,s64_mfull_qpage_fast,e2e_BF16_final,paper_tfs,16384,0.886109368894,0.00624648647755,0.0047619047619,0.02,1
wiki-Talk,s64_mfull_qpage_fast,e2e_BF16_final,source_MKL_FP32,57626.5,2.70411876665,0.0175631921176,0.0165503861776,0.03,1
wiki-Talk,s64_m64_degree_fast,kernel_FP32,paper_tfs,27.34765625,0.00120377999327,0.00316130538823,0.00299441663837,0.01,1
wiki-Talk,s64_m64_degree_fast,e2e_FP32_final,paper_tfs,19292.75,0.875339903864,0.00566961976983,0.00559696310121,0.01,1
wiki-Talk,s64_m64_degree_fast,e2e_BF16_final,paper_tfs,16384,0.872406862499,0.00603904262364,0.0047619047619,0.02,1
wiki-Talk,s64_m64_degree_fast,e2e_BF16_final,source_MKL_FP32,57626.5,2.69952923151,0.0175060748553,0.0165503861776,0.03,1
wiki-Talk,s64_m64_qshuffle_fast,kernel_FP32,paper_tfs,27.34765625,0.00120377999327,0.00316130538823,0.00299441663837,0.01,1
wiki-Talk,s64_m64_qshuffle_fast,e2e_FP32_final,paper_tfs,19292.75,0.875339903864,0.00566961976983,0.00559696310121,0.01,1
wiki-Talk,s64_m64_qshuffle_fast,e2e_BF16_final,paper_tfs,16384,0.872406862499,0.00603904262364,0.0047619047619,0.02,1
wiki-Talk,s64_m64_qshuffle_fast,e2e_BF16_final,source_MKL_FP32,57626.5,2.69952923151,0.0175060748553,0.0165503861776,0.03,1
wiki-Talk,s64_m64_qsource_fast,kernel_FP32,paper_tfs,27.34765625,0.00120377999327,0.00316130538823,0.00299441663837,0.01,1
wiki-Talk,s64_m64_qsource_fast,e2e_FP32_final,paper_tfs,19292.75,0.875339903864,0.00566961976983,0.00559696310121,0.01,1
wiki-Talk,s64_m64_qsource_fast,e2e_BF16_final,paper_tfs,16384,0.872406862499,0.00603904262364,0.0047619047619,0.02,1
wiki-Talk,s64_m64_qsource_fast,e2e_BF16_final,source_MKL_FP32,57626.5,2.69952923151,0.0175060748553,0.0165503861776,0.03,1
wiki-Talk,s64_m64_qpage_fast,kernel_FP32,paper_tfs,27.34765625,0.00120377999327,0.00316130538823,0.00299441663837,0.01,1
wiki-Talk,s64_m64_qpage_fast,e2e_FP32_final,paper_tfs,19292.75,0.875339903864,0.00566961976983,0.00559696310121,0.01,1
wiki-Talk,s64_m64_qpage_fast,e2e_BF16_final,paper_tfs,16384,0.872406862499,0.00603904262364,0.0047619047619,0.02,1
wiki-Talk,s64_m64_qpage_fast,e2e_BF16_final,source_MKL_FP32,57626.5,2.69952923151,0.0175060748553,0.0165503861776,0.03,1
hollywood-2009,paper_tfs,kernel_FP32,paper_tfs,0,0,0,0,0.01,1
hollywood-2009,paper_tfs,e2e_FP32_final,paper_tfs,0,0,0,0,0.01,1
hollywood-2009,paper_tfs,e2e_BF16_final,paper_tfs,0,0,0,0,0.02,1
hollywood-2009,paper_tfs,e2e_BF16_final,source_MKL_FP32,135670,328.748540249,0.012284731855,0.0121214103042,0.03,1
hollywood-2009,b64_fast,kernel_FP32,paper_tfs,5.35668945312,0.0720189606988,0.00327599238865,0.00320654959787,0.01,1
hollywood-2009,b64_fast,e2e_FP32_final,paper_tfs,62954,150.087356643,0.0055820651573,0.0056761117958,0.01,1
hollywood-2009,b64_fast,e2e_BF16_final,paper_tfs,65536,149.706760795,0.00595497440904,0.00591715976331,0.02,1
hollywood-2009,b64_fast,e2e_BF16_final,source_MKL_FP32,191195,474.725805987,0.0176778331721,0.0170822808515,0.03,1
hollywood-2009,bfull_fast,kernel_FP32,paper_tfs,5.36962890625,0.0721906003622,0.00330233041237,0.00321429523976,0.01,1
hollywood-2009,bfull_fast,e2e_FP32_final,paper_tfs,63238,155.674478996,0.00588085158172,0.00570171804401,0.01,1
hollywood-2009,bfull_fast,e2e_BF16_final,paper_tfs,65536,155.418417367,0.006278850379,0.00591715976331,0.02,1
hollywood-2009,bfull_fast,e2e_BF16_final,source_MKL_FP32,195468,477.143287344,0.0178326776142,0.0174640512225,0.03,1
hollywood-2009,s64_mfull_degree_fast,kernel_FP32,paper_tfs,5.36962890625,0.0721906003622,0.00330233041237,0.00321429523976,0.01,1
hollywood-2009,s64_mfull_degree_fast,e2e_FP32_final,paper_tfs,63238,155.674478996,0.00588085158172,0.00570171804401,0.01,1
hollywood-2009,s64_mfull_degree_fast,e2e_BF16_final,paper_tfs,65536,155.418417367,0.006278850379,0.00591715976331,0.02,1
hollywood-2009,s64_mfull_degree_fast,e2e_BF16_final,source_MKL_FP32,195468,477.143287344,0.0178326776142,0.0174640512225,0.03,1
hollywood-2009,s64_mfull_qshuffle_fast,kernel_FP32,paper_tfs,5.36962890625,0.0721906003622,0.00330233041237,0.00321429523976,0.01,1
hollywood-2009,s64_mfull_qshuffle_fast,e2e_FP32_final,paper_tfs,63238,155.674478996,0.00588085158172,0.00570171804401,0.01,1
hollywood-2009,s64_mfull_qshuffle_fast,e2e_BF16_final,paper_tfs,65536,155.418417367,0.006278850379,0.00591715976331,0.02,1
hollywood-2009,s64_mfull_qshuffle_fast,e2e_BF16_final,source_MKL_FP32,195468,477.143287344,0.0178326776142,0.0174640512225,0.03,1
hollywood-2009,s64_mfull_qsource_fast,kernel_FP32,paper_tfs,5.36962890625,0.0721906003622,0.00330233041237,0.00321429523976,0.01,1
hollywood-2009,s64_mfull_qsource_fast,e2e_FP32_final,paper_tfs,63238,155.674478996,0.00588085158172,0.00570171804401,0.01,1
hollywood-2009,s64_mfull_qsource_fast,e2e_BF16_final,paper_tfs,65536,155.418417367,0.006278850379,0.00591715976331,0.02,1
hollywood-2009,s64_mfull_qsource_fast,e2e_BF16_final,source_MKL_FP32,195468,477.143287344,0.0178326776142,0.0174640512225,0.03,1
hollywood-2009,s64_mfull_qpage_fast,kernel_FP32,paper_tfs,5.36962890625,0.0721906003622,0.00330233041237,0.00321429523976,0.01,1
hollywood-2009,s64_mfull_qpage_fast,e2e_FP32_final,paper_tfs,63238,155.674478996,0.00588085158172,0.00570171804401,0.01,1
hollywood-2009,s64_mfull_qpage_fast,e2e_BF16_final,paper_tfs,65536,155.418417367,0.006278850379,0.00591715976331,0.02,1
hollywood-2009,s64_mfull_qpage_fast,e2e_BF16_final,source_MKL_FP32,195468,477.143287344,0.0178326776142,0.0174640512225,0.03,1
hollywood-2009,s64_m64_degree_fast,kernel_FP32,paper_tfs,5.35668945312,0.0720189606988,0.00327599238865,0.00320654959787,0.01,1
hollywood-2009,s64_m64_degree_fast,e2e_FP32_final,paper_tfs,62954,150.087356643,0.0055820651573,0.0056761117958,0.01,1
hollywood-2009,s64_m64_degree_fast,e2e_BF16_final,paper_tfs,65536,149.706760795,0.00595497440904,0.00591715976331,0.02,1
hollywood-2009,s64_m64_degree_fast,e2e_BF16_final,source_MKL_FP32,191195,474.725805987,0.0176778331721,0.0170822808515,0.03,1
hollywood-2009,s64_m64_qshuffle_fast,kernel_FP32,paper_tfs,5.35668945312,0.0720189606988,0.00327599238865,0.00320654959787,0.01,1
hollywood-2009,s64_m64_qshuffle_fast,e2e_FP32_final,paper_tfs,62954,150.087356643,0.0055820651573,0.0056761117958,0.01,1
hollywood-2009,s64_m64_qshuffle_fast,e2e_BF16_final,paper_tfs,65536,149.706760795,0.00595497440904,0.00591715976331,0.02,1
hollywood-2009,s64_m64_qshuffle_fast,e2e_BF16_final,source_MKL_FP32,191195,474.725805987,0.0176778331721,0.0170822808515,0.03,1
hollywood-2009,s64_m64_qsource_fast,kernel_FP32,paper_tfs,5.35668945312,0.0720189606988,0.00327599238865,0.00320654959787,0.01,1
hollywood-2009,s64_m64_qsource_fast,e2e_FP32_final,paper_tfs,62954,150.087356643,0.0055820651573,0.0056761117958,0.01,1
hollywood-2009,s64_m64_qsource_fast,e2e_BF16_final,paper_tfs,65536,149.706760795,0.00595497440904,0.00591715976331,0.02,1
hollywood-2009,s64_m64_qsource_fast,e2e_BF16_final,source_MKL_FP32,191195,474.725805987,0.0176778331721,0.0170822808515,0.03,1
hollywood-2009,s64_m64_qpage_fast,kernel_FP32,paper_tfs,5.35668945312,0.0720189606988,0.00327599238865,0.00320654959787,0.01,1
hollywood-2009,s64_m64_qpage_fast,e2e_FP32_final,paper_tfs,62954,150.087356643,0.0055820651573,0.0056761117958,0.01,1
hollywood-2009,s64_m64_qpage_fast,e2e_BF16_final,paper_tfs,65536,149.706760795,0.00595497440904,0.00591715976331,0.02,1
hollywood-2009,s64_m64_qpage_fast,e2e_BF16_final,source_MKL_FP32,191195,474.725805987,0.0176778331721,0.0170822808515,0.03,1
indochina-2004,paper_tfs,kernel_FP32,paper_tfs,0,0,0,0,0.01,1
indochina-2004,paper_tfs,e2e_FP32_final,paper_tfs,0,0,0,0,0.01,1
indochina-2004,paper_tfs,e2e_BF16_final,paper_tfs,0,0,0,0,0.02,1
indochina-2004,paper_tfs,e2e_BF16_final,source_MKL_FP32,598908,148.494195791,0.0122209035657,0.0149265441402,0.03,1
indochina-2004,b64_fast,kernel_FP32,paper_tfs,4.52941894531,0.0328525803849,0.00326500475592,0.00317213615436,0.01,1
indochina-2004,b64_fast,e2e_FP32_final,paper_tfs,224264,66.3393086463,0.00563891480015,0.00563724859315,0.01,1
indochina-2004,b64_fast,e2e_BF16_final,paper_tfs,262144,65.6555387791,0.0059788431947,0.00662251655629,0.02,1
indochina-2004,b64_fast,e2e_BF16_final,source_MKL_FP32,820392,211.366855102,0.0175146014647,0.0204465751005,0.03,1
indochina-2004,bfull_fast,kernel_FP32,paper_tfs,5.46606445312,0.0328383965999,0.0032578925049,0.00382810706697,0.01,1
indochina-2004,bfull_fast,e2e_FP32_final,paper_tfs,279990,71.2863304077,0.00600463832796,0.00703801427602,0.01,1
indochina-2004,bfull_fast,e2e_BF16_final,paper_tfs,262144,70.31088722,0.00630784269788,0.00662251655629,0.02,1
indochina-2004,bfull_fast,e2e_BF16_final,source_MKL_FP32,837844,214.81538276,0.0177392012683,0.0208815301325,0.03,1
indochina-2004,s64_mfull_degree_fast,kernel_FP32,paper_tfs,5.46606445312,0.0328383965999,0.0032578925049,0.00382810706697,0.01,1
indochina-2004,s64_mfull_degree_fast,e2e_FP32_final,paper_tfs,279990,71.2863304077,0.00600463832796,0.00703801427602,0.01,1
indochina-2004,s64_mfull_degree_fast,e2e_BF16_final,paper_tfs,262144,70.31088722,0.00630784269788,0.00662251655629,0.02,1
indochina-2004,s64_mfull_degree_fast,e2e_BF16_final,source_MKL_FP32,837844,214.81538276,0.0177392012683,0.0208815301325,0.03,1
indochina-2004,s64_mfull_qshuffle_fast,kernel_FP32,paper_tfs,5.46606445312,0.0328383965999,0.0032578925049,0.00382810706697,0.01,1
indochina-2004,s64_mfull_qshuffle_fast,e2e_FP32_final,paper_tfs,279990,71.2863304077,0.00600463832796,0.00703801427602,0.01,1
indochina-2004,s64_mfull_qshuffle_fast,e2e_BF16_final,paper_tfs,262144,70.31088722,0.00630784269788,0.00662251655629,0.02,1
indochina-2004,s64_mfull_qshuffle_fast,e2e_BF16_final,source_MKL_FP32,837844,214.81538276,0.0177392012683,0.0208815301325,0.03,1
indochina-2004,s64_mfull_qsource_fast,kernel_FP32,paper_tfs,5.46606445312,0.0328383965999,0.0032578925049,0.00382810706697,0.01,1
indochina-2004,s64_mfull_qsource_fast,e2e_FP32_final,paper_tfs,279990,71.2863304077,0.00600463832796,0.00703801427602,0.01,1
indochina-2004,s64_mfull_qsource_fast,e2e_BF16_final,paper_tfs,262144,70.31088722,0.00630784269788,0.00662251655629,0.02,1
indochina-2004,s64_mfull_qsource_fast,e2e_BF16_final,source_MKL_FP32,837844,214.81538276,0.0177392012683,0.0208815301325,0.03,1
indochina-2004,s64_mfull_qpage_fast,kernel_FP32,paper_tfs,5.46606445312,0.0328383965999,0.0032578925049,0.00382810706697,0.01,1
indochina-2004,s64_mfull_qpage_fast,e2e_FP32_final,paper_tfs,279990,71.2863304077,0.00600463832796,0.00703801427602,0.01,1
indochina-2004,s64_mfull_qpage_fast,e2e_BF16_final,paper_tfs,262144,70.31088722,0.00630784269788,0.00662251655629,0.02,1
indochina-2004,s64_mfull_qpage_fast,e2e_BF16_final,source_MKL_FP32,837844,214.81538276,0.0177392012683,0.0208815301325,0.03,1
indochina-2004,s64_m64_degree_fast,kernel_FP32,paper_tfs,4.52941894531,0.0328525803849,0.00326500475592,0.00317213615436,0.01,1
indochina-2004,s64_m64_degree_fast,e2e_FP32_final,paper_tfs,224264,66.3393086463,0.00563891480015,0.00563724859315,0.01,1
indochina-2004,s64_m64_degree_fast,e2e_BF16_final,paper_tfs,262144,65.6555387791,0.0059788431947,0.00662251655629,0.02,1
indochina-2004,s64_m64_degree_fast,e2e_BF16_final,source_MKL_FP32,820392,211.366855102,0.0175146014647,0.0204465751005,0.03,1
indochina-2004,s64_m64_qshuffle_fast,kernel_FP32,paper_tfs,4.52941894531,0.0328525803849,0.00326500475592,0.00317213615436,0.01,1
indochina-2004,s64_m64_qshuffle_fast,e2e_FP32_final,paper_tfs,224264,66.3393086463,0.00563891480015,0.00563724859315,0.01,1
indochina-2004,s64_m64_qshuffle_fast,e2e_BF16_final,paper_tfs,262144,65.6555387791,0.0059788431947,0.00662251655629,0.02,1
indochina-2004,s64_m64_qshuffle_fast,e2e_BF16_final,source_MKL_FP32,820392,211.366855102,0.0175146014647,0.0204465751005,0.03,1
indochina-2004,s64_m64_qsource_fast,kernel_FP32,paper_tfs,4.52941894531,0.0328525803849,0.00326500475592,0.00317213615436,0.01,1
indochina-2004,s64_m64_qsource_fast,e2e_FP32_final,paper_tfs,224264,66.3393086463,0.00563891480015,0.00563724859315,0.01,1
indochina-2004,s64_m64_qsource_fast,e2e_BF16_final,paper_tfs,262144,65.6555387791,0.0059788431947,0.00662251655629,0.02,1
indochina-2004,s64_m64_qsource_fast,e2e_BF16_final,source_MKL_FP32,820392,211.366855102,0.0175146014647,0.0204465751005,0.03,1
indochina-2004,s64_m64_qpage_fast,kernel_FP32,paper_tfs,4.52941894531,0.0328525803849,0.00326500475592,0.00317213615436,0.01,1
indochina-2004,s64_m64_qpage_fast,e2e_FP32_final,paper_tfs,224264,66.3393086463,0.00563891480015,0.00563724859315,0.01,1
indochina-2004,s64_m64_qpage_fast,e2e_BF16_final,paper_tfs,262144,65.6555387791,0.0059788431947,0.00662251655629,0.02,1
indochina-2004,s64_m64_qpage_fast,e2e_BF16_final,source_MKL_FP32,820392,211.366855102,0.0175146014647,0.0204465751005,0.03,1
soc-Pokec,paper_tfs,kernel_FP32,paper_tfs,0,0,0,0,0.01,1
soc-Pokec,paper_tfs,e2e_FP32_final,paper_tfs,0,0,0,0,0.01,1
soc-Pokec,paper_tfs,e2e_BF16_final,paper_tfs,0,0,0,0,0.02,1
soc-Pokec,paper_tfs,e2e_BF16_final,source_MKL_FP32,24560.25,13.6608355281,0.0129342882828,0.0162940691287,0.03,1
soc-Pokec,b64_fast,kernel_FP32,paper_tfs,4.00445556641,0.0318868461282,0.00326384582366,0.00286975680748,0.01,1
soc-Pokec,b64_fast,e2e_FP32_final,paper_tfs,8355.375,6.17901146105,0.00577880454095,0.00560472184169,0.01,1
soc-Pokec,b64_fast,e2e_BF16_final,paper_tfs,8192,6.16187444121,0.00616993107827,0.00552486187845,0.02,1
soc-Pokec,b64_fast,e2e_BF16_final,source_MKL_FP32,32752.25,19.4949399242,0.0184188598131,0.0217289085258,0.03,1
soc-Pokec,bfull_fast,kernel_FP32,paper_tfs,4.73297119141,0.0318924909954,0.0032661749059,0.00339184093091,0.01,1
soc-Pokec,bfull_fast,e2e_FP32_final,paper_tfs,8185.375,6.21850247866,0.00587816919252,0.00549068713791,0.01,1
soc-Pokec,bfull_fast,e2e_BF16_final,paper_tfs,8192,6.20118277799,0.00629675829904,0.00552486187845,0.02,1
soc-Pokec,bfull_fast,e2e_BF16_final,source_MKL_FP32,32752.25,19.5084609413,0.0184729933051,0.0217289085258,0.03,1
soc-Pokec,s64_mfull_degree_fast,kernel_FP32,paper_tfs,4.73297119141,0.0318924909954,0.0032661749059,0.00339184093091,0.01,1
soc-Pokec,s64_mfull_degree_fast,e2e_FP32_final,paper_tfs,8185.375,6.21850247866,0.00587816919252,0.00549068713791,0.01,1
soc-Pokec,s64_mfull_degree_fast,e2e_BF16_final,paper_tfs,8192,6.20118277799,0.00629675829904,0.00552486187845,0.02,1
soc-Pokec,s64_mfull_degree_fast,e2e_BF16_final,source_MKL_FP32,32752.25,19.5084609413,0.0184729933051,0.0217289085258,0.03,1
soc-Pokec,s64_mfull_qshuffle_fast,kernel_FP32,paper_tfs,4.73297119141,0.0318924909954,0.0032661749059,0.00339184093091,0.01,1
soc-Pokec,s64_mfull_qshuffle_fast,e2e_FP32_final,paper_tfs,8185.375,6.21850247866,0.00587816919252,0.00549068713791,0.01,1
soc-Pokec,s64_mfull_qshuffle_fast,e2e_BF16_final,paper_tfs,8192,6.20118277799,0.00629675829904,0.00552486187845,0.02,1
soc-Pokec,s64_mfull_qshuffle_fast,e2e_BF16_final,source_MKL_FP32,32752.25,19.5084609413,0.0184729933051,0.0217289085258,0.03,1
soc-Pokec,s64_mfull_qsource_fast,kernel_FP32,paper_tfs,4.73297119141,0.0318924909954,0.0032661749059,0.00339184093091,0.01,1
soc-Pokec,s64_mfull_qsource_fast,e2e_FP32_final,paper_tfs,8185.375,6.21850247866,0.00587816919252,0.00549068713791,0.01,1
soc-Pokec,s64_mfull_qsource_fast,e2e_BF16_final,paper_tfs,8192,6.20118277799,0.00629675829904,0.00552486187845,0.02,1
soc-Pokec,s64_mfull_qsource_fast,e2e_BF16_final,source_MKL_FP32,32752.25,19.5084609413,0.0184729933051,0.0217289085258,0.03,1
soc-Pokec,s64_mfull_qpage_fast,kernel_FP32,paper_tfs,4.73297119141,0.0318924909954,0.0032661749059,0.00339184093091,0.01,1
soc-Pokec,s64_mfull_qpage_fast,e2e_FP32_final,paper_tfs,8185.375,6.21850247866,0.00587816919252,0.00549068713791,0.01,1
soc-Pokec,s64_mfull_qpage_fast,e2e_BF16_final,paper_tfs,8192,6.20118277799,0.00629675829904,0.00552486187845,0.02,1
soc-Pokec,s64_mfull_qpage_fast,e2e_BF16_final,source_MKL_FP32,32752.25,19.5084609413,0.0184729933051,0.0217289085258,0.03,1
soc-Pokec,s64_m64_degree_fast,kernel_FP32,paper_tfs,4.00445556641,0.0318868461282,0.00326384582366,0.00286975680748,0.01,1
soc-Pokec,s64_m64_degree_fast,e2e_FP32_final,paper_tfs,8355.375,6.17901146105,0.00577880454095,0.00560472184169,0.01,1
soc-Pokec,s64_m64_degree_fast,e2e_BF16_final,paper_tfs,8192,6.16187444121,0.00616993107827,0.00552486187845,0.02,1
soc-Pokec,s64_m64_degree_fast,e2e_BF16_final,source_MKL_FP32,32752.25,19.4949399242,0.0184188598131,0.0217289085258,0.03,1
soc-Pokec,s64_m64_qshuffle_fast,kernel_FP32,paper_tfs,4.00445556641,0.0318868461282,0.00326384582366,0.00286975680748,0.01,1
soc-Pokec,s64_m64_qshuffle_fast,e2e_FP32_final,paper_tfs,8355.375,6.17901146105,0.00577880454095,0.00560472184169,0.01,1
soc-Pokec,s64_m64_qshuffle_fast,e2e_BF16_final,paper_tfs,8192,6.16187444121,0.00616993107827,0.00552486187845,0.02,1
soc-Pokec,s64_m64_qshuffle_fast,e2e_BF16_final,source_MKL_FP32,32752.25,19.4949399242,0.0184188598131,0.0217289085258,0.03,1
soc-Pokec,s64_m64_qsource_fast,kernel_FP32,paper_tfs,4.00445556641,0.0318868461282,0.00326384582366,0.00286975680748,0.01,1
soc-Pokec,s64_m64_qsource_fast,e2e_FP32_final,paper_tfs,8355.375,6.17901146105,0.00577880454095,0.00560472184169,0.01,1
soc-Pokec,s64_m64_qsource_fast,e2e_BF16_final,paper_tfs,8192,6.16187444121,0.00616993107827,0.00552486187845,0.02,1
soc-Pokec,s64_m64_qsource_fast,e2e_BF16_final,source_MKL_FP32,32752.25,19.4949399242,0.0184188598131,0.0217289085258,0.03,1
soc-Pokec,s64_m64_qpage_fast,kernel_FP32,paper_tfs,4.00445556641,0.0318868461282,0.00326384582366,0.00286975680748,0.01,1
soc-Pokec,s64_m64_qpage_fast,e2e_FP32_final,paper_tfs,8355.375,6.17901146105,0.00577880454095,0.00560472184169,0.01,1
soc-Pokec,s64_m64_qpage_fast,e2e_BF16_final,paper_tfs,8192,6.16187444121,0.00616993107827,0.00552486187845,0.02,1
soc-Pokec,s64_m64_qpage_fast,e2e_BF16_final,source_MKL_FP32,32752.25,19.4949399242,0.0184188598131,0.0217289085258,0.03,1
cit-Patents,paper_tfs,kernel_FP32,paper_tfs,0,0,0,0,0.01,1
cit-Patents,paper_tfs,e2e_FP32_final,paper_tfs,0,0,0,0,0.01,1
cit-Patents,paper_tfs,e2e_BF16_final,paper_tfs,0,0,0,0,0.02,1
cit-Patents,paper_tfs,e2e_BF16_final,source_MKL_FP32,645.875,0.90145634162,0.0130847827918,0.0121119786651,0.03,1
cit-Patents,b64_fast,kernel_FP32,paper_tfs,1.05746459961,0.0129792868356,0.00316353991885,0.00307708319402,0.01,1
cit-Patents,b64_fast,e2e_FP32_final,paper_tfs,293.6328125,0.378905496522,0.00565339537812,0.00556512154649,0.01,1
cit-Patents,b64_fast,e2e_BF16_final,paper_tfs,512,0.377830157192,0.0060872254351,0.00970873786408,0.02,1
cit-Patents,b64_fast,e2e_BF16_final,source_MKL_FP32,1101.30859375,1.24226116915,0.0183148573313,0.0206526436094,0.03,1
cit-Patents,bfull_fast,kernel_FP32,paper_tfs,1.30975341797,0.0129795904996,0.00316388184882,0.00381121054288,0.01,1
cit-Patents,bfull_fast,e2e_FP32_final,paper_tfs,290.23828125,0.379328330491,0.005692006456,0.00550078616504,0.01,1
cit-Patents,bfull_fast,e2e_BF16_final,paper_tfs,256,0.378260670604,0.00612542567851,0.00485436893204,0.02,1
cit-Patents,bfull_fast,e2e_BF16_final,source_MKL_FP32,900.375,1.2424405523,0.0183197833007,0.016884571768,0.03,1
cit-Patents,s64_mfull_degree_fast,kernel_FP32,paper_tfs,1.30975341797,0.0129795904996,0.00316388184882,0.00381121054288,0.01,1
cit-Patents,s64_mfull_degree_fast,e2e_FP32_final,paper_tfs,290.23828125,0.379328330491,0.005692006456,0.00550078616504,0.01,1
cit-Patents,s64_mfull_degree_fast,e2e_BF16_final,paper_tfs,256,0.378260670604,0.00612542567851,0.00485436893204,0.02,1
cit-Patents,s64_mfull_degree_fast,e2e_BF16_final,source_MKL_FP32,900.375,1.2424405523,0.0183197833007,0.016884571768,0.03,1
cit-Patents,s64_mfull_qshuffle_fast,kernel_FP32,paper_tfs,1.30975341797,0.0129795904996,0.00316388184882,0.00381121054288,0.01,1
cit-Patents,s64_mfull_qshuffle_fast,e2e_FP32_final,paper_tfs,290.23828125,0.379328330491,0.005692006456,0.00550078616504,0.01,1
cit-Patents,s64_mfull_qshuffle_fast,e2e_BF16_final,paper_tfs,256,0.378260670604,0.00612542567851,0.00485436893204,0.02,1
cit-Patents,s64_mfull_qshuffle_fast,e2e_BF16_final,source_MKL_FP32,900.375,1.2424405523,0.0183197833007,0.016884571768,0.03,1
cit-Patents,s64_mfull_qsource_fast,kernel_FP32,paper_tfs,1.30975341797,0.0129795904996,0.00316388184882,0.00381121054288,0.01,1
cit-Patents,s64_mfull_qsource_fast,e2e_FP32_final,paper_tfs,290.23828125,0.379328330491,0.005692006456,0.00550078616504,0.01,1
cit-Patents,s64_mfull_qsource_fast,e2e_BF16_final,paper_tfs,256,0.378260670604,0.00612542567851,0.00485436893204,0.02,1
cit-Patents,s64_mfull_qsource_fast,e2e_BF16_final,source_MKL_FP32,900.375,1.2424405523,0.0183197833007,0.016884571768,0.03,1
cit-Patents,s64_mfull_qpage_fast,kernel_FP32,paper_tfs,1.30975341797,0.0129795904996,0.00316388184882,0.00381121054288,0.01,1
cit-Patents,s64_mfull_qpage_fast,e2e_FP32_final,paper_tfs,290.23828125,0.379328330491,0.005692006456,0.00550078616504,0.01,1
cit-Patents,s64_mfull_qpage_fast,e2e_BF16_final,paper_tfs,256,0.378260670604,0.00612542567851,0.00485436893204,0.02,1
cit-Patents,s64_mfull_qpage_fast,e2e_BF16_final,source_MKL_FP32,900.375,1.2424405523,0.0183197833007,0.016884571768,0.03,1
cit-Patents,s64_m64_degree_fast,kernel_FP32,paper_tfs,1.05746459961,0.0129792868356,0.00316353991885,0.00307708319402,0.01,1
cit-Patents,s64_m64_degree_fast,e2e_FP32_final,paper_tfs,293.6328125,0.378905496522,0.00565339537812,0.00556512154649,0.01,1
cit-Patents,s64_m64_degree_fast,e2e_BF16_final,paper_tfs,512,0.377830157192,0.0060872254351,0.00970873786408,0.02,1
cit-Patents,s64_m64_degree_fast,e2e_BF16_final,source_MKL_FP32,1101.30859375,1.24226116915,0.0183148573313,0.0206526436094,0.03,1
cit-Patents,s64_m64_qshuffle_fast,kernel_FP32,paper_tfs,1.05746459961,0.0129792868356,0.00316353991885,0.00307708319402,0.01,1
cit-Patents,s64_m64_qshuffle_fast,e2e_FP32_final,paper_tfs,293.6328125,0.378905496522,0.00565339537812,0.00556512154649,0.01,1
cit-Patents,s64_m64_qshuffle_fast,e2e_BF16_final,paper_tfs,512,0.377830157192,0.0060872254351,0.00970873786408,0.02,1
cit-Patents,s64_m64_qshuffle_fast,e2e_BF16_final,source_MKL_FP32,1101.30859375,1.24226116915,0.0183148573313,0.0206526436094,0.03,1
cit-Patents,s64_m64_qsource_fast,kernel_FP32,paper_tfs,1.05746459961,0.0129792868356,0.00316353991885,0.00307708319402,0.01,1
cit-Patents,s64_m64_qsource_fast,e2e_FP32_final,paper_tfs,293.6328125,0.378905496522,0.00565339537812,0.00556512154649,0.01,1
cit-Patents,s64_m64_qsource_fast,e2e_BF16_final,paper_tfs,512,0.377830157192,0.0060872254351,0.00970873786408,0.02,1
cit-Patents,s64_m64_qsource_fast,e2e_BF16_final,source_MKL_FP32,1101.30859375,1.24226116915,0.0183148573313,0.0206526436094,0.03,1
cit-Patents,s64_m64_qpage_fast,kernel_FP32,paper_tfs,1.05746459961,0.0129792868356,0.00316353991885,0.00307708319402,0.01,1
cit-Patents,s64_m64_qpage_fast,e2e_FP32_final,paper_tfs,293.6328125,0.378905496522,0.00565339537812,0.00556512154649,0.01,1
cit-Patents,s64_m64_qpage_fast,e2e_BF16_final,paper_tfs,512,0.377830157192,0.0060872254351,0.00970873786408,0.02,1
cit-Patents,s64_m64_qpage_fast,e2e_BF16_final,source_MKL_FP32,1101.30859375,1.24226116915,0.0183148573313,0.0206526436094,0.03,1
soc-LiveJournal1,paper_tfs,kernel_FP32,paper_tfs,0,0,0,0,0.01,1
soc-LiveJournal1,paper_tfs,e2e_FP32_final,paper_tfs,0,0,0,0,0.01,1
soc-LiveJournal1,paper_tfs,e2e_BF16_final,paper_tfs,0,0,0,0,0.02,1
soc-LiveJournal1,paper_tfs,e2e_BF16_final,source_MKL_FP32,66260,13.2248135724,0.0128773740708,0.0144412546499,0.03,1
soc-LiveJournal1,b64_fast,kernel_FP32,paper_tfs,6.44287109375,0.0244987727338,0.00323585575574,0.00276904748439,0.01,1
soc-LiveJournal1,b64_fast,e2e_FP32_final,paper_tfs,25650,5.91146481266,0.00571259040755,0.00564956321057,0.01,1
soc-LiveJournal1,b64_fast,e2e_BF16_final,paper_tfs,32768,5.89548085473,0.00609595795163,0.00724637681159,0.02,1
soc-LiveJournal1,b64_fast,e2e_BF16_final,source_MKL_FP32,99028,18.8218154772,0.0183508870473,0.0215829846887,0.03,1
soc-LiveJournal1,bfull_fast,kernel_FP32,paper_tfs,7.9365234375,0.0245026906471,0.00323954448119,0.00341099642374,0.01,1
soc-LiveJournal1,bfull_fast,e2e_FP32_final,paper_tfs,23714.5,5.98659947406,0.00588794429307,0.00522325796324,0.01,1
soc-LiveJournal1,bfull_fast,e2e_BF16_final,paper_tfs,32768,5.97030326947,0.00628301249673,0.00724637681159,0.02,1
soc-LiveJournal1,bfull_fast,e2e_BF16_final,source_MKL_FP32,99028,18.8515393465,0.0183946727007,0.0215829846887,0.03,1
soc-LiveJournal1,s64_mfull_degree_fast,kernel_FP32,paper_tfs,7.9365234375,0.0245026906471,0.00323954448119,0.00341099642374,0.01,1
soc-LiveJournal1,s64_mfull_degree_fast,e2e_FP32_final,paper_tfs,23714.5,5.98659947406,0.00588794429307,0.00522325796324,0.01,1
soc-LiveJournal1,s64_mfull_degree_fast,e2e_BF16_final,paper_tfs,32768,5.97030326947,0.00628301249673,0.00724637681159,0.02,1
soc-LiveJournal1,s64_mfull_degree_fast,e2e_BF16_final,source_MKL_FP32,99028,18.8515393465,0.0183946727007,0.0215829846887,0.03,1
soc-LiveJournal1,s64_mfull_qshuffle_fast,kernel_FP32,paper_tfs,7.9365234375,0.0245026906471,0.00323954448119,0.00341099642374,0.01,1
soc-LiveJournal1,s64_mfull_qshuffle_fast,e2e_FP32_final,paper_tfs,23714.5,5.98659947406,0.00588794429307,0.00522325796324,0.01,1
soc-LiveJournal1,s64_mfull_qshuffle_fast,e2e_BF16_final,paper_tfs,32768,5.97030326947,0.00628301249673,0.00724637681159,0.02,1
soc-LiveJournal1,s64_mfull_qshuffle_fast,e2e_BF16_final,source_MKL_FP32,99028,18.8515393465,0.0183946727007,0.0215829846887,0.03,1
soc-LiveJournal1,s64_mfull_qsource_fast,kernel_FP32,paper_tfs,7.9365234375,0.0245026906471,0.00323954448119,0.00341099642374,0.01,1
soc-LiveJournal1,s64_mfull_qsource_fast,e2e_FP32_final,paper_tfs,23714.5,5.98659947406,0.00588794429307,0.00522325796324,0.01,1
soc-LiveJournal1,s64_mfull_qsource_fast,e2e_BF16_final,paper_tfs,32768,5.97030326947,0.00628301249673,0.00724637681159,0.02,1
soc-LiveJournal1,s64_mfull_qsource_fast,e2e_BF16_final,source_MKL_FP32,99028,18.8515393465,0.0183946727007,0.0215829846887,0.03,1
soc-LiveJournal1,s64_mfull_qpage_fast,kernel_FP32,paper_tfs,7.9365234375,0.0245026906471,0.00323954448119,0.00341099642374,0.01,1
soc-LiveJournal1,s64_mfull_qpage_fast,e2e_FP32_final,paper_tfs,23714.5,5.98659947406,0.00588794429307,0.00522325796324,0.01,1
soc-LiveJournal1,s64_mfull_qpage_fast,e2e_BF16_final,paper_tfs,32768,5.97030326947,0.00628301249673,0.00724637681159,0.02,1
soc-LiveJournal1,s64_mfull_qpage_fast,e2e_BF16_final,source_MKL_FP32,99028,18.8515393465,0.0183946727007,0.0215829846887,0.03,1
soc-LiveJournal1,s64_m64_degree_fast,kernel_FP32,paper_tfs,6.44287109375,0.0244987727338,0.00323585575574,0.00276904748439,0.01,1
soc-LiveJournal1,s64_m64_degree_fast,e2e_FP32_final,paper_tfs,25650,5.91146481266,0.00571259040755,0.00564956321057,0.01,1
soc-LiveJournal1,s64_m64_degree_fast,e2e_BF16_final,paper_tfs,32768,5.89548085473,0.00609595795163,0.00724637681159,0.02,1
soc-LiveJournal1,s64_m64_degree_fast,e2e_BF16_final,source_MKL_FP32,99028,18.8218154772,0.0183508870473,0.0215829846887,0.03,1
soc-LiveJournal1,s64_m64_qshuffle_fast,kernel_FP32,paper_tfs,6.44287109375,0.0244987727338,0.00323585575574,0.00276904748439,0.01,1
soc-LiveJournal1,s64_m64_qshuffle_fast,e2e_FP32_final,paper_tfs,25650,5.91146481266,0.00571259040755,0.00564956321057,0.01,1
soc-LiveJournal1,s64_m64_qshuffle_fast,e2e_BF16_final,paper_tfs,32768,5.89548085473,0.00609595795163,0.00724637681159,0.02,1
soc-LiveJournal1,s64_m64_qshuffle_fast,e2e_BF16_final,source_MKL_FP32,99028,18.8218154772,0.0183508870473,0.0215829846887,0.03,1
soc-LiveJournal1,s64_m64_qsource_fast,kernel_FP32,paper_tfs,6.44287109375,0.0244987727338,0.00323585575574,0.00276904748439,0.01,1
soc-LiveJournal1,s64_m64_qsource_fast,e2e_FP32_final,paper_tfs,25650,5.91146481266,0.00571259040755,0.00564956321057,0.01,1
soc-LiveJournal1,s64_m64_qsource_fast,e2e_BF16_final,paper_tfs,32768,5.89548085473,0.00609595795163,0.00724637681159,0.02,1
soc-LiveJournal1,s64_m64_qsource_fast,e2e_BF16_final,source_MKL_FP32,99028,18.8218154772,0.0183508870473,0.0215829846887,0.03,1
soc-LiveJournal1,s64_m64_qpage_fast,kernel_FP32,paper_tfs,6.44287109375,0.0244987727338,0.00323585575574,0.00276904748439,0.01,1
soc-LiveJournal1,s64_m64_qpage_fast,e2e_FP32_final,paper_tfs,25650,5.91146481266,0.00571259040755,0.00564956321057,0.01,1
soc-LiveJournal1,s64_m64_qpage_fast,e2e_BF16_final,paper_tfs,32768,5.89548085473,0.00609595795163,0.00724637681159,0.02,1
soc-LiveJournal1,s64_m64_qpage_fast,e2e_BF16_final,source_MKL_FP32,99028,18.8218154772,0.0183508870473,0.0215829846887,0.03,1
com-LiveJournal,paper_tfs,kernel_FP32,paper_tfs,0,0,0,0,0.01,1
com-LiveJournal,paper_tfs,e2e_FP32_final,paper_tfs,0,0,0,0,0.01,1
com-LiveJournal,paper_tfs,e2e_BF16_final,paper_tfs,0,0,0,0,0.02,1
com-LiveJournal,paper_tfs,e2e_BF16_final,source_MKL_FP32,37904.75,18.7738840035,0.0128691809134,0.0133545182028,0.03,1
com-LiveJournal,b64_fast,kernel_FP32,paper_tfs,6.5400390625,0.0290276905659,0.00324243976422,0.00314571058735,0.01,1
com-LiveJournal,b64_fast,e2e_FP32_final,paper_tfs,15810.75,8.4445481637,0.00569256585011,0.00562246660952,0.01,1
com-LiveJournal,b64_fast,e2e_BF16_final,paper_tfs,16384,8.42146359547,0.00607767240714,0.00584795321637,0.02,1
com-LiveJournal,b64_fast,e2e_BF16_final,source_MKL_FP32,53345.75,26.7890945634,0.0183444969133,0.0187946573824,0.03,1
com-LiveJournal,bfull_fast,kernel_FP32,paper_tfs,5.24780273438,0.0290304786294,0.00324507654098,0.00252415443762,0.01,1
com-LiveJournal,bfull_fast,e2e_FP32_final,paper_tfs,15874.5,8.56417095331,0.00587799678191,0.00564513677041,0.01,1
com-LiveJournal,bfull_fast,e2e_BF16_final,paper_tfs,16384,8.53978982793,0.00627983341884,0.00584795321637,0.02,1
com-LiveJournal,bfull_fast,e2e_BF16_final,source_MKL_FP32,54288.75,26.8372687296,0.018407251517,0.0191268930696,0.03,1
com-LiveJournal,s64_mfull_degree_fast,kernel_FP32,paper_tfs,5.24780273438,0.0290304786294,0.00324507654098,0.00252415443762,0.01,1
com-LiveJournal,s64_mfull_degree_fast,e2e_FP32_final,paper_tfs,15874.5,8.56417095331,0.00587799678191,0.00564513677041,0.01,1
com-LiveJournal,s64_mfull_degree_fast,e2e_BF16_final,paper_tfs,16384,8.53978982793,0.00627983341884,0.00584795321637,0.02,1
com-LiveJournal,s64_mfull_degree_fast,e2e_BF16_final,source_MKL_FP32,54288.75,26.8372687296,0.018407251517,0.0191268930696,0.03,1
com-LiveJournal,s64_mfull_qshuffle_fast,kernel_FP32,paper_tfs,5.24780273438,0.0290304786294,0.00324507654098,0.00252415443762,0.01,1
com-LiveJournal,s64_mfull_qshuffle_fast,e2e_FP32_final,paper_tfs,15874.5,8.56417095331,0.00587799678191,0.00564513677041,0.01,1
com-LiveJournal,s64_mfull_qshuffle_fast,e2e_BF16_final,paper_tfs,16384,8.53978982793,0.00627983341884,0.00584795321637,0.02,1
com-LiveJournal,s64_mfull_qshuffle_fast,e2e_BF16_final,source_MKL_FP32,54288.75,26.8372687296,0.018407251517,0.0191268930696,0.03,1
com-LiveJournal,s64_mfull_qsource_fast,kernel_FP32,paper_tfs,5.24780273438,0.0290304786294,0.00324507654098,0.00252415443762,0.01,1
com-LiveJournal,s64_mfull_qsource_fast,e2e_FP32_final,paper_tfs,15874.5,8.56417095331,0.00587799678191,0.00564513677041,0.01,1
com-LiveJournal,s64_mfull_qsource_fast,e2e_BF16_final,paper_tfs,16384,8.53978982793,0.00627983341884,0.00584795321637,0.02,1
com-LiveJournal,s64_mfull_qsource_fast,e2e_BF16_final,source_MKL_FP32,54288.75,26.8372687296,0.018407251517,0.0191268930696,0.03,1
com-LiveJournal,s64_mfull_qpage_fast,kernel_FP32,paper_tfs,5.24780273438,0.0290304786294,0.00324507654098,0.00252415443762,0.01,1
com-LiveJournal,s64_mfull_qpage_fast,e2e_FP32_final,paper_tfs,15874.5,8.56417095331,0.00587799678191,0.00564513677041,0.01,1
com-LiveJournal,s64_mfull_qpage_fast,e2e_BF16_final,paper_tfs,16384,8.53978982793,0.00627983341884,0.00584795321637,0.02,1
com-LiveJournal,s64_mfull_qpage_fast,e2e_BF16_final,source_MKL_FP32,54288.75,26.8372687296,0.018407251517,0.0191268930696,0.03,1
com-LiveJournal,s64_m64_degree_fast,kernel_FP32,paper_tfs,6.5400390625,0.0290276905659,0.00324243976422,0.00314571058735,0.01,1
com-LiveJournal,s64_m64_degree_fast,e2e_FP32_final,paper_tfs,15810.75,8.4445481637,0.00569256585011,0.00562246660952,0.01,1
com-LiveJournal,s64_m64_degree_fast,e2e_BF16_final,paper_tfs,16384,8.42146359547,0.00607767240714,0.00584795321637,0.02,1
com-LiveJournal,s64_m64_degree_fast,e2e_BF16_final,source_MKL_FP32,53345.75,26.7890945634,0.0183444969133,0.0187946573824,0.03,1
com-LiveJournal,s64_m64_qshuffle_fast,kernel_FP32,paper_tfs,6.5400390625,0.0290276905659,0.00324243976422,0.00314571058735,0.01,1
com-LiveJournal,s64_m64_qshuffle_fast,e2e_FP32_final,paper_tfs,15810.75,8.4445481637,0.00569256585011,0.00562246660952,0.01,1
com-LiveJournal,s64_m64_qshuffle_fast,e2e_BF16_final,paper_tfs,16384,8.42146359547,0.00607767240714,0.00584795321637,0.02,1
com-LiveJournal,s64_m64_qshuffle_fast,e2e_BF16_final,source_MKL_FP32,53345.75,26.7890945634,0.0183444969133,0.0187946573824,0.03,1
com-LiveJournal,s64_m64_qsource_fast,kernel_FP32,paper_tfs,6.5400390625,0.0290276905659,0.00324243976422,0.00314571058735,0.01,1
com-LiveJournal,s64_m64_qsource_fast,e2e_FP32_final,paper_tfs,15810.75,8.4445481637,0.00569256585011,0.00562246660952,0.01,1
com-LiveJournal,s64_m64_qsource_fast,e2e_BF16_final,paper_tfs,16384,8.42146359547,0.00607767240714,0.00584795321637,0.02,1
com-LiveJournal,s64_m64_qsource_fast,e2e_BF16_final,source_MKL_FP32,53345.75,26.7890945634,0.0183444969133,0.0187946573824,0.03,1
com-LiveJournal,s64_m64_qpage_fast,kernel_FP32,paper_tfs,6.5400390625,0.0290276905659,0.00324243976422,0.00314571058735,0.01,1
com-LiveJournal,s64_m64_qpage_fast,e2e_FP32_final,paper_tfs,15810.75,8.4445481637,0.00569256585011,0.00562246660952,0.01,1
com-LiveJournal,s64_m64_qpage_fast,e2e_BF16_final,paper_tfs,16384,8.42146359547,0.00607767240714,0.00584795321637,0.02,1
com-LiveJournal,s64_m64_qpage_fast,e2e_BF16_final,source_MKL_FP32,53345.75,26.7890945634,0.0183444969133,0.0187946573824,0.03,1
as-Skitter,paper_tfs,kernel_FP32,paper_tfs,0,0,0,0,0.01,1
as-Skitter,paper_tfs,e2e_FP32_final,paper_tfs,0,0,0,0,0.01,1
as-Skitter,paper_tfs,e2e_BF16_final,paper_tfs,0,0,0,0,0.02,1
as-Skitter,paper_tfs,e2e_BF16_final,source_MKL_FP32,101176,49.296742437,0.0115825632437,0.0141074558509,0.03,1
as-Skitter,b64_fast,kernel_FP32,paper_tfs,12.7639160156,0.0241241709683,0.00317383389263,0.00291060256337,0.01,1
as-Skitter,b64_fast,e2e_FP32_final,paper_tfs,39717.5,25.447340191,0.00592238221834,0.00559843487678,0.01,1
as-Skitter,b64_fast,e2e_BF16_final,paper_tfs,32768,25.374573895,0.00630847915001,0.00462962962963,0.02,1
as-Skitter,b64_fast,e2e_BF16_final,source_MKL_FP32,133944,73.1586083381,0.017168137754,0.0186764555477,0.03,1
as-Skitter,bfull_fast,kernel_FP32,paper_tfs,13.8238525391,0.0241367617241,0.00322832966378,0.00315230377469,0.01,1
as-Skitter,bfull_fast,e2e_FP32_final,paper_tfs,46943.5,25.7084822882,0.00604604186784,0.00661698565212,0.01,1
as-Skitter,bfull_fast,e2e_BF16_final,paper_tfs,65536,25.6329044094,0.0064397834697,0.00925925925926,0.02,1
as-Skitter,bfull_fast,e2e_BF16_final,source_MKL_FP32,133944,73.3207592817,0.0172384073062,0.0186764555477,0.03,1
as-Skitter,s64_mfull_degree_fast,kernel_FP32,paper_tfs,13.8238525391,0.0241367617241,0.00322832966378,0.00315230377469,0.01,1
as-Skitter,s64_mfull_degree_fast,e2e_FP32_final,paper_tfs,46943.5,25.7084822882,0.00604604186784,0.00661698565212,0.01,1
as-Skitter,s64_mfull_degree_fast,e2e_BF16_final,paper_tfs,65536,25.6329044094,0.0064397834697,0.00925925925926,0.02,1
as-Skitter,s64_mfull_degree_fast,e2e_BF16_final,source_MKL_FP32,133944,73.3207592817,0.0172384073062,0.0186764555477,0.03,1
as-Skitter,s64_mfull_qshuffle_fast,kernel_FP32,paper_tfs,13.8238525391,0.0241367617241,0.00322832966378,0.00315230377469,0.01,1
as-Skitter,s64_mfull_qshuffle_fast,e2e_FP32_final,paper_tfs,46943.5,25.7084822882,0.00604604186784,0.00661698565212,0.01,1
as-Skitter,s64_mfull_qshuffle_fast,e2e_BF16_final,paper_tfs,65536,25.6329044094,0.0064397834697,0.00925925925926,0.02,1
as-Skitter,s64_mfull_qshuffle_fast,e2e_BF16_final,source_MKL_FP32,133944,73.3207592817,0.0172384073062,0.0186764555477,0.03,1
as-Skitter,s64_mfull_qsource_fast,kernel_FP32,paper_tfs,13.8238525391,0.0241367617241,0.00322832966378,0.00315230377469,0.01,1
as-Skitter,s64_mfull_qsource_fast,e2e_FP32_final,paper_tfs,46943.5,25.7084822882,0.00604604186784,0.00661698565212,0.01,1
as-Skitter,s64_mfull_qsource_fast,e2e_BF16_final,paper_tfs,65536,25.6329044094,0.0064397834697,0.00925925925926,0.02,1
as-Skitter,s64_mfull_qsource_fast,e2e_BF16_final,source_MKL_FP32,133944,73.3207592817,0.0172384073062,0.0186764555477,0.03,1
as-Skitter,s64_mfull_qpage_fast,kernel_FP32,paper_tfs,13.8238525391,0.0241367617241,0.00322832966378,0.00315230377469,0.01,1
as-Skitter,s64_mfull_qpage_fast,e2e_FP32_final,paper_tfs,46943.5,25.7084822882,0.00604604186784,0.00661698565212,0.01,1
as-Skitter,s64_mfull_qpage_fast,e2e_BF16_final,paper_tfs,65536,25.6329044094,0.0064397834697,0.00925925925926,0.02,1
as-Skitter,s64_mfull_qpage_fast,e2e_BF16_final,source_MKL_FP32,133944,73.3207592817,0.0172384073062,0.0186764555477,0.03,1
as-Skitter,s64_m64_degree_fast,kernel_FP32,paper_tfs,12.7639160156,0.0241241709683,0.00317383389263,0.00291060256337,0.01,1
as-Skitter,s64_m64_degree_fast,e2e_FP32_final,paper_tfs,39717.5,25.447340191,0.00592238221834,0.00559843487678,0.01,1
as-Skitter,s64_m64_degree_fast,e2e_BF16_final,paper_tfs,32768,25.374573895,0.00630847915001,0.00462962962963,0.02,1
as-Skitter,s64_m64_degree_fast,e2e_BF16_final,source_MKL_FP32,133944,73.1586083381,0.017168137754,0.0186764555477,0.03,1
as-Skitter,s64_m64_qshuffle_fast,kernel_FP32,paper_tfs,12.7639160156,0.0241241709683,0.00317383389263,0.00291060256337,0.01,1
as-Skitter,s64_m64_qshuffle_fast,e2e_FP32_final,paper_tfs,39717.5,25.447340191,0.00592238221834,0.00559843487678,0.01,1
as-Skitter,s64_m64_qshuffle_fast,e2e_BF16_final,paper_tfs,32768,25.374573895,0.00630847915001,0.00462962962963,0.02,1
as-Skitter,s64_m64_qshuffle_fast,e2e_BF16_final,source_MKL_FP32,133944,73.1586083381,0.017168137754,0.0186764555477,0.03,1
as-Skitter,s64_m64_qsource_fast,kernel_FP32,paper_tfs,12.7639160156,0.0241241709683,0.00317383389263,0.00291060256337,0.01,1
as-Skitter,s64_m64_qsource_fast,e2e_FP32_final,paper_tfs,39717.5,25.447340191,0.00592238221834,0.00559843487678,0.01,1
as-Skitter,s64_m64_qsource_fast,e2e_BF16_final,paper_tfs,32768,25.374573895,0.00630847915001,0.00462962962963,0.02,1
as-Skitter,s64_m64_qsource_fast,e2e_BF16_final,source_MKL_FP32,133944,73.1586083381,0.017168137754,0.0186764555477,0.03,1
as-Skitter,s64_m64_qpage_fast,kernel_FP32,paper_tfs,12.7639160156,0.0241241709683,0.00317383389263,0.00291060256337,0.01,1
as-Skitter,s64_m64_qpage_fast,e2e_FP32_final,paper_tfs,39717.5,25.447340191,0.00592238221834,0.00559843487678,0.01,1
as-Skitter,s64_m64_qpage_fast,e2e_BF16_final,paper_tfs,32768,25.374573895,0.00630847915001,0.00462962962963,0.02,1
as-Skitter,s64_m64_qpage_fast,e2e_BF16_final,source_MKL_FP32,133944,73.1586083381,0.017168137754,0.0186764555477,0.03,1
rgg_n_2_24_s0,paper_tfs,kernel_FP32,paper_tfs,0,0,0,0,0.01,1
rgg_n_2_24_s0,paper_tfs,e2e_FP32_final,paper_tfs,0,0,0,0,0.01,1
rgg_n_2_24_s0,paper_tfs,e2e_BF16_final,paper_tfs,0,0,0,0,0.02,1
rgg_n_2_24_s0,paper_tfs,e2e_BF16_final,source_MKL_FP32,190.588867188,9.43934433653,0.0131541738972,0.0151953371992,0.03,1
rgg_n_2_24_s0,b64_fast,kernel_FP32,paper_tfs,0.37043762207,0.038433857048,0.00326824265474,0.00318313558326,0.01,1
rgg_n_2_24_s0,b64_fast,e2e_FP32_final,paper_tfs,75.341796875,4.19348919808,0.00586274522077,0.00606981347617,0.01,1
rgg_n_2_24_s0,b64_fast,e2e_BF16_final,paper_tfs,64,4.18172953651,0.00627735988506,0.00518134715026,0.02,1
rgg_n_2_24_s0,b64_fast,e2e_BF16_final,source_MKL_FP32,254.588867188,13.3989871429,0.0186044922592,0.0202979520323,0.03,1
rgg_n_2_24_s0,bfull_fast,kernel_FP32,paper_tfs,0.37043762207,0.038433857048,0.00326824265474,0.00318313558326,0.01,1
rgg_n_2_24_s0,bfull_fast,e2e_FP32_final,paper_tfs,75.341796875,4.19348919808,0.00586274522077,0.00606981347617,0.01,1
rgg_n_2_24_s0,bfull_fast,e2e_BF16_final,paper_tfs,64,4.18172953651,0.00627735988506,0.00518134715026,0.02,1
rgg_n_2_24_s0,bfull_fast,e2e_BF16_final,source_MKL_FP32,254.588867188,13.3989871429,0.0186044922592,0.0202979520323,0.03,1
rgg_n_2_24_s0,s64_mfull_degree_fast,kernel_FP32,paper_tfs,0.37043762207,0.038433857048,0.00326824265474,0.00318313558326,0.01,1
rgg_n_2_24_s0,s64_mfull_degree_fast,e2e_FP32_final,paper_tfs,75.341796875,4.19348919808,0.00586274522077,0.00606981347617,0.01,1
rgg_n_2_24_s0,s64_mfull_degree_fast,e2e_BF16_final,paper_tfs,64,4.18172953651,0.00627735988506,0.00518134715026,0.02,1
rgg_n_2_24_s0,s64_mfull_degree_fast,e2e_BF16_final,source_MKL_FP32,254.588867188,13.3989871429,0.0186044922592,0.0202979520323,0.03,1
rgg_n_2_24_s0,s64_mfull_qshuffle_fast,kernel_FP32,paper_tfs,0.37043762207,0.038433857048,0.00326824265474,0.00318313558326,0.01,1
rgg_n_2_24_s0,s64_mfull_qshuffle_fast,e2e_FP32_final,paper_tfs,75.341796875,4.19348919808,0.00586274522077,0.00606981347617,0.01,1
rgg_n_2_24_s0,s64_mfull_qshuffle_fast,e2e_BF16_final,paper_tfs,64,4.18172953651,0.00627735988506,0.00518134715026,0.02,1
rgg_n_2_24_s0,s64_mfull_qshuffle_fast,e2e_BF16_final,source_MKL_FP32,254.588867188,13.3989871429,0.0186044922592,0.0202979520323,0.03,1
rgg_n_2_24_s0,s64_mfull_qsource_fast,kernel_FP32,paper_tfs,0.37043762207,0.038433857048,0.00326824265474,0.00318313558326,0.01,1
rgg_n_2_24_s0,s64_mfull_qsource_fast,e2e_FP32_final,paper_tfs,75.341796875,4.19348919808,0.00586274522077,0.00606981347617,0.01,1
rgg_n_2_24_s0,s64_mfull_qsource_fast,e2e_BF16_final,paper_tfs,64,4.18172953651,0.00627735988506,0.00518134715026,0.02,1
rgg_n_2_24_s0,s64_mfull_qsource_fast,e2e_BF16_final,source_MKL_FP32,254.588867188,13.3989871429,0.0186044922592,0.0202979520323,0.03,1
rgg_n_2_24_s0,s64_mfull_qpage_fast,kernel_FP32,paper_tfs,0.37043762207,0.038433857048,0.00326824265474,0.00318313558326,0.01,1
rgg_n_2_24_s0,s64_mfull_qpage_fast,e2e_FP32_final,paper_tfs,75.341796875,4.19348919808,0.00586274522077,0.00606981347617,0.01,1
rgg_n_2_24_s0,s64_mfull_qpage_fast,e2e_BF16_final,paper_tfs,64,4.18172953651,0.00627735988506,0.00518134715026,0.02,1
rgg_n_2_24_s0,s64_mfull_qpage_fast,e2e_BF16_final,source_MKL_FP32,254.588867188,13.3989871429,0.0186044922592,0.0202979520323,0.03,1
rgg_n_2_24_s0,s64_m64_degree_fast,kernel_FP32,paper_tfs,0.37043762207,0.038433857048,0.00326824265474,0.00318313558326,0.01,1
rgg_n_2_24_s0,s64_m64_degree_fast,e2e_FP32_final,paper_tfs,75.341796875,4.19348919808,0.00586274522077,0.00606981347617,0.01,1
rgg_n_2_24_s0,s64_m64_degree_fast,e2e_BF16_final,paper_tfs,64,4.18172953651,0.00627735988506,0.00518134715026,0.02,1
rgg_n_2_24_s0,s64_m64_degree_fast,e2e_BF16_final,source_MKL_FP32,254.588867188,13.3989871429,0.0186044922592,0.0202979520323,0.03,1
rgg_n_2_24_s0,s64_m64_qshuffle_fast,kernel_FP32,paper_tfs,0.37043762207,0.038433857048,0.00326824265474,0.00318313558326,0.01,1
rgg_n_2_24_s0,s64_m64_qshuffle_fast,e2e_FP32_final,paper_tfs,75.341796875,4.19348919808,0.00586274522077,0.00606981347617,0.01,1
rgg_n_2_24_s0,s64_m64_qshuffle_fast,e2e_BF16_final,paper_tfs,64,4.18172953651,0.00627735988506,0.00518134715026,0.02,1
rgg_n_2_24_s0,s64_m64_qshuffle_fast,e2e_BF16_final,source_MKL_FP32,254.588867188,13.3989871429,0.0186044922592,0.0202979520323,0.03,1
rgg_n_2_24_s0,s64_m64_qsource_fast,kernel_FP32,paper_tfs,0.37043762207,0.038433857048,0.00326824265474,0.00318313558326,0.01,1
rgg_n_2_24_s0,s64_m64_qsource_fast,e2e_FP32_final,paper_tfs,75.341796875,4.19348919808,0.00586274522077,0.00606981347617,0.01,1
rgg_n_2_24_s0,s64_m64_qsource_fast,e2e_BF16_final,paper_tfs,64,4.18172953651,0.00627735988506,0.00518134715026,0.02,1
rgg_n_2_24_s0,s64_m64_qsource_fast,e2e_BF16_final,source_MKL_FP32,254.588867188,13.3989871429,0.0186044922592,0.0202979520323,0.03,1
rgg_n_2_24_s0,s64_m64_qpage_fast,kernel_FP32,paper_tfs,0.37043762207,0.038433857048,0.00326824265474,0.00318313558326,0.01,1
rgg_n_2_24_s0,s64_m64_qpage_fast,e2e_FP32_final,paper_tfs,75.341796875,4.19348919808,0.00586274522077,0.00606981347617,0.01,1
rgg_n_2_24_s0,s64_m64_qpage_fast,e2e_BF16_final,paper_tfs,64,4.18172953651,0.00627735988506,0.00518134715026,0.02,1
rgg_n_2_24_s0,s64_m64_qpage_fast,e2e_BF16_final,source_MKL_FP32,254.588867188,13.3989871429,0.0186044922592,0.0202979520323,0.03,1
web-Google,paper_tfs,kernel_FP32,paper_tfs,0,0,0,0,0.01,1
web-Google,paper_tfs,e2e_FP32_final,paper_tfs,0,0,0,0,0.01,1
web-Google,paper_tfs,e2e_BF16_final,paper_tfs,0,0,0,0,0.02,1
web-Google,paper_tfs,e2e_BF16_final,source_MKL_FP32,666.25,2.55826937075,0.0131663707239,0.0153772862624,0.03,1
web-Google,b64_fast,kernel_FP32,paper_tfs,0.785339355469,0.0165102109181,0.00313470904496,0.00308683995465,0.01,1
web-Google,b64_fast,e2e_FP32_final,paper_tfs,250.734375,1.09735202262,0.00579343270334,0.00584607095178,0.01,1
web-Google,b64_fast,e2e_BF16_final,paper_tfs,256,1.0941678288,0.00621922114826,0.0059880239521,0.02,1
web-Google,b64_fast,e2e_BF16_final,source_MKL_FP32,830.890625,3.56662743723,0.0185075073576,0.0191772502715,0.03,1
web-Google,bfull_fast,kernel_FP32,paper_tfs,0.785766601562,0.0165107423424,0.00313519421366,0.00308851928003,0.01,1
web-Google,bfull_fast,e2e_FP32_final,paper_tfs,238.81640625,1.09799728619,0.00580214833271,0.00556819405152,0.01,1
web-Google,bfull_fast,e2e_BF16_final,paper_tfs,256,1.09479791867,0.00622767757251,0.0059880239521,0.02,1
web-Google,bfull_fast,e2e_BF16_final,source_MKL_FP32,830.890625,3.56713013078,0.0185106584075,0.0191772502715,0.03,1
web-Google,s64_mfull_degree_fast,kernel_FP32,paper_tfs,0.785766601562,0.0165107423424,0.00313519421366,0.00308851928003,0.01,1
web-Google,s64_mfull_degree_fast,e2e_FP32_final,paper_tfs,238.81640625,1.09799728619,0.00580214833271,0.00556819405152,0.01,1
web-Google,s64_mfull_degree_fast,e2e_BF16_final,paper_tfs,256,1.09479791867,0.00622767757251,0.0059880239521,0.02,1
web-Google,s64_mfull_degree_fast,e2e_BF16_final,source_MKL_FP32,830.890625,3.56713013078,0.0185106584075,0.0191772502715,0.03,1
web-Google,s64_mfull_qshuffle_fast,kernel_FP32,paper_tfs,0.785766601562,0.0165107423424,0.00313519421366,0.00308851928003,0.01,1
web-Google,s64_mfull_qshuffle_fast,e2e_FP32_final,paper_tfs,238.81640625,1.09799728619,0.00580214833271,0.00556819405152,0.01,1
web-Google,s64_mfull_qshuffle_fast,e2e_BF16_final,paper_tfs,256,1.09479791867,0.00622767757251,0.0059880239521,0.02,1
web-Google,s64_mfull_qshuffle_fast,e2e_BF16_final,source_MKL_FP32,830.890625,3.56713013078,0.0185106584075,0.0191772502715,0.03,1
web-Google,s64_mfull_qsource_fast,kernel_FP32,paper_tfs,0.785766601562,0.0165107423424,0.00313519421366,0.00308851928003,0.01,1
web-Google,s64_mfull_qsource_fast,e2e_FP32_final,paper_tfs,238.81640625,1.09799728619,0.00580214833271,0.00556819405152,0.01,1
web-Google,s64_mfull_qsource_fast,e2e_BF16_final,paper_tfs,256,1.09479791867,0.00622767757251,0.0059880239521,0.02,1
web-Google,s64_mfull_qsource_fast,e2e_BF16_final,source_MKL_FP32,830.890625,3.56713013078,0.0185106584075,0.0191772502715,0.03,1
web-Google,s64_mfull_qpage_fast,kernel_FP32,paper_tfs,0.785766601562,0.0165107423424,0.00313519421366,0.00308851928003,0.01,1
web-Google,s64_mfull_qpage_fast,e2e_FP32_final,paper_tfs,238.81640625,1.09799728619,0.00580214833271,0.00556819405152,0.01,1
web-Google,s64_mfull_qpage_fast,e2e_BF16_final,paper_tfs,256,1.09479791867,0.00622767757251,0.0059880239521,0.02,1
web-Google,s64_mfull_qpage_fast,e2e_BF16_final,source_MKL_FP32,830.890625,3.56713013078,0.0185106584075,0.0191772502715,0.03,1
web-Google,s64_m64_degree_fast,kernel_FP32,paper_tfs,0.785339355469,0.0165102109181,0.00313470904496,0.00308683995465,0.01,1
web-Google,s64_m64_degree_fast,e2e_FP32_final,paper_tfs,250.734375,1.09735202262,0.00579343270334,0.00584607095178,0.01,1
web-Google,s64_m64_degree_fast,e2e_BF16_final,paper_tfs,256,1.0941678288,0.00621922114826,0.0059880239521,0.02,1
web-Google,s64_m64_degree_fast,e2e_BF16_final,source_MKL_FP32,830.890625,3.56662743723,0.0185075073576,0.0191772502715,0.03,1
web-Google,s64_m64_qshuffle_fast,kernel_FP32,paper_tfs,0.785339355469,0.0165102109181,0.00313470904496,0.00308683995465,0.01,1
web-Google,s64_m64_qshuffle_fast,e2e_FP32_final,paper_tfs,250.734375,1.09735202262,0.00579343270334,0.00584607095178,0.01,1
web-Google,s64_m64_qshuffle_fast,e2e_BF16_final,paper_tfs,256,1.0941678288,0.00621922114826,0.0059880239521,0.02,1
web-Google,s64_m64_qshuffle_fast,e2e_BF16_final,source_MKL_FP32,830.890625,3.56662743723,0.0185075073576,0.0191772502715,0.03,1
web-Google,s64_m64_qsource_fast,kernel_FP32,paper_tfs,0.785339355469,0.0165102109181,0.00313470904496,0.00308683995465,0.01,1
web-Google,s64_m64_qsource_fast,e2e_FP32_final,paper_tfs,250.734375,1.09735202262,0.00579343270334,0.00584607095178,0.01,1
web-Google,s64_m64_qsource_fast,e2e_BF16_final,paper_tfs,256,1.0941678288,0.00621922114826,0.0059880239521,0.02,1
web-Google,s64_m64_qsource_fast,e2e_BF16_final,source_MKL_FP32,830.890625,3.56662743723,0.0185075073576,0.0191772502715,0.03,1
web-Google,s64_m64_qpage_fast,kernel_FP32,paper_tfs,0.785339355469,0.0165102109181,0.00313470904496,0.00308683995465,0.01,1
web-Google,s64_m64_qpage_fast,e2e_FP32_final,paper_tfs,250.734375,1.09735202262,0.00579343270334,0.00584607095178,0.01,1
web-Google,s64_m64_qpage_fast,e2e_BF16_final,paper_tfs,256,1.0941678288,0.00621922114826,0.0059880239521,0.02,1
web-Google,s64_m64_qpage_fast,e2e_BF16_final,source_MKL_FP32,830.890625,3.56662743723,0.0185075073576,0.0191772502715,0.03,1
email-Enron,paper_tfs,kernel_FP32,paper_tfs,0,0,0,0,0.01,1
email-Enron,paper_tfs,e2e_FP32_final,paper_tfs,0,0,0,0,0.01,1
email-Enron,paper_tfs,e2e_BF16_final,paper_tfs,0,0,0,0,0.02,1
email-Enron,paper_tfs,e2e_BF16_final,source_MKL_FP32,3058.8125,12.317174065,0.0130503761638,0.0134196176461,0.03,1
email-Enron,b64_fast,kernel_FP32,paper_tfs,1.51919555664,0.0187442744011,0.00317828493231,0.00353306006252,0.01,1
email-Enron,b64_fast,e2e_FP32_final,paper_tfs,1278.078125,5.3380944936,0.00573254593248,0.00566900409618,0.01,1
email-Enron,b64_fast,e2e_BF16_final,paper_tfs,2048,5.3170280145,0.00612116516622,0.00909090909091,0.02,1
email-Enron,b64_fast,e2e_BF16_final,source_MKL_FP32,4703.890625,17.2362089349,0.0185138570724,0.0206369019469,0.03,1
email-Enron,bfull_fast,kernel_FP32,paper_tfs,1.63317871094,0.0187412289992,0.00317622504898,0.00379814070239,0.01,1
email-Enron,bfull_fast,e2e_FP32_final,paper_tfs,1465.328125,5.36762317403,0.00582180153671,0.00649956444789,0.01,1
email-Enron,bfull_fast,e2e_BF16_final,paper_tfs,2048,5.3539862212,0.00622168735811,0.00909090909091,0.02,1
email-Enron,bfull_fast,e2e_BF16_final,source_MKL_FP32,4082.8125,17.2455459245,0.0185067194323,0.0179121089215,0.03,1
email-Enron,s64_mfull_degree_fast,kernel_FP32,paper_tfs,1.63317871094,0.0187412289992,0.00317622504898,0.00379814070239,0.01,1
email-Enron,s64_mfull_degree_fast,e2e_FP32_final,paper_tfs,1465.328125,5.36762317403,0.00582180153671,0.00649956444789,0.01,1
email-Enron,s64_mfull_degree_fast,e2e_BF16_final,paper_tfs,2048,5.3539862212,0.00622168735811,0.00909090909091,0.02,1
email-Enron,s64_mfull_degree_fast,e2e_BF16_final,source_MKL_FP32,4082.8125,17.2455459245,0.0185067194323,0.0179121089215,0.03,1
email-Enron,s64_mfull_qshuffle_fast,kernel_FP32,paper_tfs,1.63317871094,0.0187412289992,0.00317622504898,0.00379814070239,0.01,1
email-Enron,s64_mfull_qshuffle_fast,e2e_FP32_final,paper_tfs,1465.328125,5.36762317403,0.00582180153671,0.00649956444789,0.01,1
email-Enron,s64_mfull_qshuffle_fast,e2e_BF16_final,paper_tfs,2048,5.3539862212,0.00622168735811,0.00909090909091,0.02,1
email-Enron,s64_mfull_qshuffle_fast,e2e_BF16_final,source_MKL_FP32,4082.8125,17.2455459245,0.0185067194323,0.0179121089215,0.03,1
email-Enron,s64_mfull_qsource_fast,kernel_FP32,paper_tfs,1.63317871094,0.0187412289992,0.00317622504898,0.00379814070239,0.01,1
email-Enron,s64_mfull_qsource_fast,e2e_FP32_final,paper_tfs,1465.328125,5.36762317403,0.00582180153671,0.00649956444789,0.01,1
email-Enron,s64_mfull_qsource_fast,e2e_BF16_final,paper_tfs,2048,5.3539862212,0.00622168735811,0.00909090909091,0.02,1
email-Enron,s64_mfull_qsource_fast,e2e_BF16_final,source_MKL_FP32,4082.8125,17.2455459245,0.0185067194323,0.0179121089215,0.03,1
email-Enron,s64_mfull_qpage_fast,kernel_FP32,paper_tfs,1.63317871094,0.0187412289992,0.00317622504898,0.00379814070239,0.01,1
email-Enron,s64_mfull_qpage_fast,e2e_FP32_final,paper_tfs,1465.328125,5.36762317403,0.00582180153671,0.00649956444789,0.01,1
email-Enron,s64_mfull_qpage_fast,e2e_BF16_final,paper_tfs,2048,5.3539862212,0.00622168735811,0.00909090909091,0.02,1
email-Enron,s64_mfull_qpage_fast,e2e_BF16_final,source_MKL_FP32,4082.8125,17.2455459245,0.0185067194323,0.0179121089215,0.03,1
email-Enron,s64_m64_degree_fast,kernel_FP32,paper_tfs,1.51919555664,0.0187442744011,0.00317828493231,0.00353306006252,0.01,1
email-Enron,s64_m64_degree_fast,e2e_FP32_final,paper_tfs,1278.078125,5.3380944936,0.00573254593248,0.00566900409618,0.01,1
email-Enron,s64_m64_degree_fast,e2e_BF16_final,paper_tfs,2048,5.3170280145,0.00612116516622,0.00909090909091,0.02,1
email-Enron,s64_m64_degree_fast,e2e_BF16_final,source_MKL_FP32,4703.890625,17.2362089349,0.0185138570724,0.0206369019469,0.03,1
email-Enron,s64_m64_qshuffle_fast,kernel_FP32,paper_tfs,1.51919555664,0.0187442744011,0.00317828493231,0.00353306006252,0.01,1
email-Enron,s64_m64_qshuffle_fast,e2e_FP32_final,paper_tfs,1278.078125,5.3380944936,0.00573254593248,0.00566900409618,0.01,1
email-Enron,s64_m64_qshuffle_fast,e2e_BF16_final,paper_tfs,2048,5.3170280145,0.00612116516622,0.00909090909091,0.02,1
email-Enron,s64_m64_qshuffle_fast,e2e_BF16_final,source_MKL_FP32,4703.890625,17.2362089349,0.0185138570724,0.0206369019469,0.03,1
email-Enron,s64_m64_qsource_fast,kernel_FP32,paper_tfs,1.51919555664,0.0187442744011,0.00317828493231,0.00353306006252,0.01,1
email-Enron,s64_m64_qsource_fast,e2e_FP32_final,paper_tfs,1278.078125,5.3380944936,0.00573254593248,0.00566900409618,0.01,1
email-Enron,s64_m64_qsource_fast,e2e_BF16_final,paper_tfs,2048,5.3170280145,0.00612116516622,0.00909090909091,0.02,1
email-Enron,s64_m64_qsource_fast,e2e_BF16_final,source_MKL_FP32,4703.890625,17.2362089349,0.0185138570724,0.0206369019469,0.03,1
email-Enron,s64_m64_qpage_fast,kernel_FP32,paper_tfs,1.51919555664,0.0187442744011,0.00317828493231,0.00353306006252,0.01,1
email-Enron,s64_m64_qpage_fast,e2e_FP32_final,paper_tfs,1278.078125,5.3380944936,0.00573254593248,0.00566900409618,0.01,1
email-Enron,s64_m64_qpage_fast,e2e_BF16_final,paper_tfs,2048,5.3170280145,0.00612116516622,0.00909090909091,0.02,1
email-Enron,s64_m64_qpage_fast,e2e_BF16_final,source_MKL_FP32,4703.890625,17.2362089349,0.0185138570724,0.0206369019469,0.03,1
amazon0601,paper_tfs,kernel_FP32,paper_tfs,0,0,0,0,0.01,1
amazon0601,paper_tfs,e2e_FP32_final,paper_tfs,0,0,0,0,0.01,1
amazon0601,paper_tfs,e2e_BF16_final,paper_tfs,0,0,0,0,0.02,1
amazon0601,paper_tfs,e2e_BF16_final,source_MKL_FP32,40.2041015625,3.5819906305,0.0131560059242,0.0164618679776,0.03,1
amazon0601,b64_fast,kernel_FP32,paper_tfs,0.230484008789,0.026546522623,0.00318884804894,0.00354674001057,0.01,1
amazon0601,b64_fast,e2e_FP32_final,paper_tfs,16.0229492188,1.56393010035,0.00578187996819,0.00662488436988,0.01,1
amazon0601,b64_fast,e2e_BF16_final,paper_tfs,16,1.55946604925,0.00621228430385,0.00662251655629,0.02,1
amazon0601,b64_fast,e2e_BF16_final,source_MKL_FP32,52.884765625,5.0315008829,0.0184475342814,0.0216540600563,0.03,1
amazon0601,bfull_fast,kernel_FP32,paper_tfs,0.230484008789,0.026546522623,0.00318884804894,0.00354674001057,0.01,1
amazon0601,bfull_fast,e2e_FP32_final,paper_tfs,16.0229492188,1.56393010035,0.00578187996819,0.00662488436988,0.01,1
amazon0601,bfull_fast,e2e_BF16_final,paper_tfs,16,1.55946604925,0.00621228430385,0.00662251655629,0.02,1
amazon0601,bfull_fast,e2e_BF16_final,source_MKL_FP32,52.884765625,5.0315008829,0.0184475342814,0.0216540600563,0.03,1
amazon0601,s64_mfull_degree_fast,kernel_FP32,paper_tfs,0.230484008789,0.026546522623,0.00318884804894,0.00354674001057,0.01,1
amazon0601,s64_mfull_degree_fast,e2e_FP32_final,paper_tfs,16.0229492188,1.56393010035,0.00578187996819,0.00662488436988,0.01,1
amazon0601,s64_mfull_degree_fast,e2e_BF16_final,paper_tfs,16,1.55946604925,0.00621228430385,0.00662251655629,0.02,1
amazon0601,s64_mfull_degree_fast,e2e_BF16_final,source_MKL_FP32,52.884765625,5.0315008829,0.0184475342814,0.0216540600563,0.03,1
amazon0601,s64_mfull_qshuffle_fast,kernel_FP32,paper_tfs,0.230484008789,0.026546522623,0.00318884804894,0.00354674001057,0.01,1
amazon0601,s64_mfull_qshuffle_fast,e2e_FP32_final,paper_tfs,16.0229492188,1.56393010035,0.00578187996819,0.00662488436988,0.01,1
amazon0601,s64_mfull_qshuffle_fast,e2e_BF16_final,paper_tfs,16,1.55946604925,0.00621228430385,0.00662251655629,0.02,1
amazon0601,s64_mfull_qshuffle_fast,e2e_BF16_final,source_MKL_FP32,52.884765625,5.0315008829,0.0184475342814,0.0216540600563,0.03,1
amazon0601,s64_mfull_qsource_fast,kernel_FP32,paper_tfs,0.230484008789,0.026546522623,0.00318884804894,0.00354674001057,0.01,1
amazon0601,s64_mfull_qsource_fast,e2e_FP32_final,paper_tfs,16.0229492188,1.56393010035,0.00578187996819,0.00662488436988,0.01,1
amazon0601,s64_mfull_qsource_fast,e2e_BF16_final,paper_tfs,16,1.55946604925,0.00621228430385,0.00662251655629,0.02,1
amazon0601,s64_mfull_qsource_fast,e2e_BF16_final,source_MKL_FP32,52.884765625,5.0315008829,0.0184475342814,0.0216540600563,0.03,1
amazon0601,s64_mfull_qpage_fast,kernel_FP32,paper_tfs,0.230484008789,0.026546522623,0.00318884804894,0.00354674001057,0.01,1
amazon0601,s64_mfull_qpage_fast,e2e_FP32_final,paper_tfs,16.0229492188,1.56393010035,0.00578187996819,0.00662488436988,0.01,1
amazon0601,s64_mfull_qpage_fast,e2e_BF16_final,paper_tfs,16,1.55946604925,0.00621228430385,0.00662251655629,0.02,1
amazon0601,s64_mfull_qpage_fast,e2e_BF16_final,source_MKL_FP32,52.884765625,5.0315008829,0.0184475342814,0.0216540600563,0.03,1
amazon0601,s64_m64_degree_fast,kernel_FP32,paper_tfs,0.230484008789,0.026546522623,0.00318884804894,0.00354674001057,0.01,1
amazon0601,s64_m64_degree_fast,e2e_FP32_final,paper_tfs,16.0229492188,1.56393010035,0.00578187996819,0.00662488436988,0.01,1
amazon0601,s64_m64_degree_fast,e2e_BF16_final,paper_tfs,16,1.55946604925,0.00621228430385,0.00662251655629,0.02,1
amazon0601,s64_m64_degree_fast,e2e_BF16_final,source_MKL_FP32,52.884765625,5.0315008829,0.0184475342814,0.0216540600563,0.03,1
amazon0601,s64_m64_qshuffle_fast,kernel_FP32,paper_tfs,0.230484008789,0.026546522623,0.00318884804894,0.00354674001057,0.01,1
amazon0601,s64_m64_qshuffle_fast,e2e_FP32_final,paper_tfs,16.0229492188,1.56393010035,0.00578187996819,0.00662488436988,0.01,1
amazon0601,s64_m64_qshuffle_fast,e2e_BF16_final,paper_tfs,16,1.55946604925,0.00621228430385,0.00662251655629,0.02,1
amazon0601,s64_m64_qshuffle_fast,e2e_BF16_final,source_MKL_FP32,52.884765625,5.0315008829,0.0184475342814,0.0216540600563,0.03,1
amazon0601,s64_m64_qsource_fast,kernel_FP32,paper_tfs,0.230484008789,0.026546522623,0.00318884804894,0.00354674001057,0.01,1
amazon0601,s64_m64_qsource_fast,e2e_FP32_final,paper_tfs,16.0229492188,1.56393010035,0.00578187996819,0.00662488436988,0.01,1
amazon0601,s64_m64_qsource_fast,e2e_BF16_final,paper_tfs,16,1.55946604925,0.00621228430385,0.00662251655629,0.02,1
amazon0601,s64_m64_qsource_fast,e2e_BF16_final,source_MKL_FP32,52.884765625,5.0315008829,0.0184475342814,0.0216540600563,0.03,1
amazon0601,s64_m64_qpage_fast,kernel_FP32,paper_tfs,0.230484008789,0.026546522623,0.00318884804894,0.00354674001057,0.01,1
amazon0601,s64_m64_qpage_fast,e2e_FP32_final,paper_tfs,16.0229492188,1.56393010035,0.00578187996819,0.00662488436988,0.01,1
amazon0601,s64_m64_qpage_fast,e2e_BF16_final,paper_tfs,16,1.55946604925,0.00621228430385,0.00662251655629,0.02,1
amazon0601,s64_m64_qpage_fast,e2e_BF16_final,source_MKL_FP32,52.884765625,5.0315008829,0.0184475342814,0.0216540600563,0.03,1
com-Youtube,paper_tfs,kernel_FP32,paper_tfs,0,0,0,0,0.01,1
com-Youtube,paper_tfs,e2e_FP32_final,paper_tfs,0,0,0,0,0.01,1
com-Youtube,paper_tfs,e2e_BF16_final,paper_tfs,0,0,0,0,0.02,1
com-Youtube,paper_tfs,e2e_BF16_final,source_MKL_FP32,44704.25,10.0235319013,0.0124641391878,0.012141452948,0.03,1
com-Youtube,b64_fast,kernel_FP32,paper_tfs,8.55102539062,0.010178289729,0.00301003628531,0.00318687217936,0.01,1
com-Youtube,b64_fast,e2e_FP32_final,paper_tfs,19699.25,4.47160501769,0.0055989650994,0.00540726860641,0.01,1
com-Youtube,b64_fast,e2e_BF16_final,paper_tfs,16384,4.4577749125,0.00598909252314,0.0045045045045,0.02,1
com-Youtube,b64_fast,e2e_BF16_final,source_MKL_FP32,61088.25,13.9844581967,0.0177251642885,0.016591266223,0.03,1
com-Youtube,bfull_fast,kernel_FP32,paper_tfs,10.0947265625,0.0101814606388,0.00302628011987,0.00376219245887,0.01,1
com-Youtube,bfull_fast,e2e_FP32_final,paper_tfs,21057.75,4.47103371774,0.00570767172727,0.0057801647523,0.01,1
com-Youtube,bfull_fast,e2e_BF16_final,paper_tfs,32768,4.46358303888,0.006190860387,0.00900900900901,0.02,1
com-Youtube,bfull_fast,e2e_BF16_final,source_MKL_FP32,70790.25,13.9658556544,0.017815196989,0.0192262813837,0.03,1
com-Youtube,s64_mfull_degree_fast,kernel_FP32,paper_tfs,10.0947265625,0.0101814606388,0.00302628011987,0.00376219245887,0.01,1
com-Youtube,s64_mfull_degree_fast,e2e_FP32_final,paper_tfs,21057.75,4.47103371774,0.00570767172727,0.0057801647523,0.01,1
com-Youtube,s64_mfull_degree_fast,e2e_BF16_final,paper_tfs,32768,4.46358303888,0.006190860387,0.00900900900901,0.02,1
com-Youtube,s64_mfull_degree_fast,e2e_BF16_final,source_MKL_FP32,70790.25,13.9658556544,0.017815196989,0.0192262813837,0.03,1
com-Youtube,s64_mfull_qshuffle_fast,kernel_FP32,paper_tfs,10.0947265625,0.0101814606388,0.00302628011987,0.00376219245887,0.01,1
com-Youtube,s64_mfull_qshuffle_fast,e2e_FP32_final,paper_tfs,21057.75,4.47103371774,0.00570767172727,0.0057801647523,0.01,1
com-Youtube,s64_mfull_qshuffle_fast,e2e_BF16_final,paper_tfs,32768,4.46358303888,0.006190860387,0.00900900900901,0.02,1
com-Youtube,s64_mfull_qshuffle_fast,e2e_BF16_final,source_MKL_FP32,70790.25,13.9658556544,0.017815196989,0.0192262813837,0.03,1
com-Youtube,s64_mfull_qsource_fast,kernel_FP32,paper_tfs,10.0947265625,0.0101814606388,0.00302628011987,0.00376219245887,0.01,1
com-Youtube,s64_mfull_qsource_fast,e2e_FP32_final,paper_tfs,21057.75,4.47103371774,0.00570767172727,0.0057801647523,0.01,1
com-Youtube,s64_mfull_qsource_fast,e2e_BF16_final,paper_tfs,32768,4.46358303888,0.006190860387,0.00900900900901,0.02,1
com-Youtube,s64_mfull_qsource_fast,e2e_BF16_final,source_MKL_FP32,70790.25,13.9658556544,0.017815196989,0.0192262813837,0.03,1
com-Youtube,s64_mfull_qpage_fast,kernel_FP32,paper_tfs,10.0947265625,0.0101814606388,0.00302628011987,0.00376219245887,0.01,1
com-Youtube,s64_mfull_qpage_fast,e2e_FP32_final,paper_tfs,21057.75,4.47103371774,0.00570767172727,0.0057801647523,0.01,1
com-Youtube,s64_mfull_qpage_fast,e2e_BF16_final,paper_tfs,32768,4.46358303888,0.006190860387,0.00900900900901,0.02,1
com-Youtube,s64_mfull_qpage_fast,e2e_BF16_final,source_MKL_FP32,70790.25,13.9658556544,0.017815196989,0.0192262813837,0.03,1
com-Youtube,s64_m64_degree_fast,kernel_FP32,paper_tfs,8.55102539062,0.010178289729,0.00301003628531,0.00318687217936,0.01,1
com-Youtube,s64_m64_degree_fast,e2e_FP32_final,paper_tfs,19699.25,4.47160501769,0.0055989650994,0.00540726860641,0.01,1
com-Youtube,s64_m64_degree_fast,e2e_BF16_final,paper_tfs,16384,4.4577749125,0.00598909252314,0.0045045045045,0.02,1
com-Youtube,s64_m64_degree_fast,e2e_BF16_final,source_MKL_FP32,61088.25,13.9844581967,0.0177251642885,0.016591266223,0.03,1
com-Youtube,s64_m64_qshuffle_fast,kernel_FP32,paper_tfs,8.55102539062,0.010178289729,0.00301003628531,0.00318687217936,0.01,1
com-Youtube,s64_m64_qshuffle_fast,e2e_FP32_final,paper_tfs,19699.25,4.47160501769,0.0055989650994,0.00540726860641,0.01,1
com-Youtube,s64_m64_qshuffle_fast,e2e_BF16_final,paper_tfs,16384,4.4577749125,0.00598909252314,0.0045045045045,0.02,1
com-Youtube,s64_m64_qshuffle_fast,e2e_BF16_final,source_MKL_FP32,61088.25,13.9844581967,0.0177251642885,0.016591266223,0.03,1
com-Youtube,s64_m64_qsource_fast,kernel_FP32,paper_tfs,8.55102539062,0.010178289729,0.00301003628531,0.00318687217936,0.01,1
com-Youtube,s64_m64_qsource_fast,e2e_FP32_final,paper_tfs,19699.25,4.47160501769,0.0055989650994,0.00540726860641,0.01,1
com-Youtube,s64_m64_qsource_fast,e2e_BF16_final,paper_tfs,16384,4.4577749125,0.00598909252314,0.0045045045045,0.02,1
com-Youtube,s64_m64_qsource_fast,e2e_BF16_final,source_MKL_FP32,61088.25,13.9844581967,0.0177251642885,0.016591266223,0.03,1
com-Youtube,s64_m64_qpage_fast,kernel_FP32,paper_tfs,8.55102539062,0.010178289729,0.00301003628531,0.00318687217936,0.01,1
com-Youtube,s64_m64_qpage_fast,e2e_FP32_final,paper_tfs,19699.25,4.47160501769,0.0055989650994,0.00540726860641,0.01,1
com-Youtube,s64_m64_qpage_fast,e2e_BF16_final,paper_tfs,16384,4.4577749125,0.00598909252314,0.0045045045045,0.02,1
com-Youtube,s64_m64_qpage_fast,e2e_BF16_final,source_MKL_FP32,61088.25,13.9844581967,0.0177251642885,0.016591266223,0.03,1
regular128_reuse1,paper_tfs,kernel_FP32,paper_tfs,0,0,0,0,0.01,1
regular128_reuse1,paper_tfs,e2e_FP32_final,paper_tfs,0,0,0,0,0.01,1
regular128_reuse1,paper_tfs,e2e_BF16_final,paper_tfs,0,0,0,0,0.02,1
regular128_reuse1,paper_tfs,e2e_BF16_final,source_MKL_FP32,738.19921875,152.513002199,0.0128081928173,0.0156339889915,0.03,1
regular128_reuse1,b64_fast,kernel_FP32,paper_tfs,0.719100952148,0.111790320447,0.00330271513625,0.00340896144475,0.01,1
regular128_reuse1,b64_fast,e2e_FP32_final,paper_tfs,307.44140625,70.17334134,0.00585613545454,0.00658073348861,0.01,1
regular128_reuse1,b64_fast,e2e_BF16_final,paper_tfs,512,69.954634766,0.00622744662113,0.010989010989,0.02,1
regular128_reuse1,b64_fast,e2e_BF16_final,source_MKL_FP32,1031.3046875,220.262012746,0.0184196416337,0.0218415377877,0.03,1
regular128_reuse1,bfull_fast,kernel_FP32,paper_tfs,0.721542358398,0.11145606112,0.00329591397946,0.00342053514626,0.01,1
regular128_reuse1,bfull_fast,e2e_FP32_final,paper_tfs,332.37890625,72.6661615569,0.00603919745276,0.0071145166357,0.01,1
regular128_reuse1,bfull_fast,e2e_BF16_final,paper_tfs,512,72.4027440163,0.00640689675893,0.010989010989,0.02,1
regular128_reuse1,bfull_fast,e2e_BF16_final,source_MKL_FP32,1013.5,221.581703964,0.0185042219189,0.021464460325,0.03,1
regular128_reuse1,s64_mfull_degree_fast,kernel_FP32,paper_tfs,0.721542358398,0.11145606112,0.00329591397946,0.00342053514626,0.01,1
regular128_reuse1,s64_mfull_degree_fast,e2e_FP32_final,paper_tfs,332.37890625,72.6661615569,0.00603919745276,0.0071145166357,0.01,1
regular128_reuse1,s64_mfull_degree_fast,e2e_BF16_final,paper_tfs,512,72.4027440163,0.00640689675893,0.010989010989,0.02,1
regular128_reuse1,s64_mfull_degree_fast,e2e_BF16_final,source_MKL_FP32,1013.5,221.581703964,0.0185042219189,0.021464460325,0.03,1
regular128_reuse1,s64_mfull_qshuffle_fast,kernel_FP32,paper_tfs,0.721542358398,0.11145606112,0.00329591397946,0.00342053514626,0.01,1
regular128_reuse1,s64_mfull_qshuffle_fast,e2e_FP32_final,paper_tfs,332.37890625,72.6661615569,0.00603919745276,0.0071145166357,0.01,1
regular128_reuse1,s64_mfull_qshuffle_fast,e2e_BF16_final,paper_tfs,512,72.4027440163,0.00640689675893,0.010989010989,0.02,1
regular128_reuse1,s64_mfull_qshuffle_fast,e2e_BF16_final,source_MKL_FP32,1013.5,221.581703964,0.0185042219189,0.021464460325,0.03,1
regular128_reuse1,s64_mfull_qsource_fast,kernel_FP32,paper_tfs,0.721542358398,0.11145606112,0.00329591397946,0.00342053514626,0.01,1
regular128_reuse1,s64_mfull_qsource_fast,e2e_FP32_final,paper_tfs,332.37890625,72.6661615569,0.00603919745276,0.0071145166357,0.01,1
regular128_reuse1,s64_mfull_qsource_fast,e2e_BF16_final,paper_tfs,512,72.4027440163,0.00640689675893,0.010989010989,0.02,1
regular128_reuse1,s64_mfull_qsource_fast,e2e_BF16_final,source_MKL_FP32,1013.5,221.581703964,0.0185042219189,0.021464460325,0.03,1
regular128_reuse1,s64_mfull_qpage_fast,kernel_FP32,paper_tfs,0.721542358398,0.11145606112,0.00329591397946,0.00342053514626,0.01,1
regular128_reuse1,s64_mfull_qpage_fast,e2e_FP32_final,paper_tfs,332.37890625,72.6661615569,0.00603919745276,0.0071145166357,0.01,1
regular128_reuse1,s64_mfull_qpage_fast,e2e_BF16_final,paper_tfs,512,72.4027440163,0.00640689675893,0.010989010989,0.02,1
regular128_reuse1,s64_mfull_qpage_fast,e2e_BF16_final,source_MKL_FP32,1013.5,221.581703964,0.0185042219189,0.021464460325,0.03,1
regular128_reuse1,s64_m64_degree_fast,kernel_FP32,paper_tfs,0.719100952148,0.111790320447,0.00330271513625,0.00340896144475,0.01,1
regular128_reuse1,s64_m64_degree_fast,e2e_FP32_final,paper_tfs,307.44140625,70.17334134,0.00585613545454,0.00658073348861,0.01,1
regular128_reuse1,s64_m64_degree_fast,e2e_BF16_final,paper_tfs,512,69.954634766,0.00622744662113,0.010989010989,0.02,1
regular128_reuse1,s64_m64_degree_fast,e2e_BF16_final,source_MKL_FP32,1031.3046875,220.262012746,0.0184196416337,0.0218415377877,0.03,1
regular128_reuse1,s64_m64_qshuffle_fast,kernel_FP32,paper_tfs,0.719100952148,0.111790320447,0.00330271513625,0.00340896144475,0.01,1
regular128_reuse1,s64_m64_qshuffle_fast,e2e_FP32_final,paper_tfs,307.44140625,70.17334134,0.00585613545454,0.00658073348861,0.01,1
regular128_reuse1,s64_m64_qshuffle_fast,e2e_BF16_final,paper_tfs,512,69.954634766,0.00622744662113,0.010989010989,0.02,1
regular128_reuse1,s64_m64_qshuffle_fast,e2e_BF16_final,source_MKL_FP32,1031.3046875,220.262012746,0.0184196416337,0.0218415377877,0.03,1
regular128_reuse1,s64_m64_qsource_fast,kernel_FP32,paper_tfs,0.719100952148,0.111790320447,0.00330271513625,0.00340896144475,0.01,1
regular128_reuse1,s64_m64_qsource_fast,e2e_FP32_final,paper_tfs,307.44140625,70.17334134,0.00585613545454,0.00658073348861,0.01,1
regular128_reuse1,s64_m64_qsource_fast,e2e_BF16_final,paper_tfs,512,69.954634766,0.00622744662113,0.010989010989,0.02,1
regular128_reuse1,s64_m64_qsource_fast,e2e_BF16_final,source_MKL_FP32,1031.3046875,220.262012746,0.0184196416337,0.0218415377877,0.03,1
regular128_reuse1,s64_m64_qpage_fast,kernel_FP32,paper_tfs,0.719100952148,0.111790320447,0.00330271513625,0.00340896144475,0.01,1
regular128_reuse1,s64_m64_qpage_fast,e2e_FP32_final,paper_tfs,307.44140625,70.17334134,0.00585613545454,0.00658073348861,0.01,1
regular128_reuse1,s64_m64_qpage_fast,e2e_BF16_final,paper_tfs,512,69.954634766,0.00622744662113,0.010989010989,0.02,1
regular128_reuse1,s64_m64_qpage_fast,e2e_BF16_final,source_MKL_FP32,1031.3046875,220.262012746,0.0184196416337,0.0218415377877,0.03,1
regular128_reuse4,paper_tfs,kernel_FP32,paper_tfs,0,0,0,0,0.01,1
regular128_reuse4,paper_tfs,e2e_FP32_final,paper_tfs,0,0,0,0,0.01,1
regular128_reuse4,paper_tfs,e2e_BF16_final,paper_tfs,0,0,0,0,0.02,1
regular128_reuse4,paper_tfs,e2e_BF16_final,source_MKL_FP32,748.89453125,152.478520377,0.0128029211794,0.0156400206753,0.03,1
regular128_reuse4,b64_fast,kernel_FP32,paper_tfs,0.719100952148,0.111790320447,0.00330271513625,0.00340896144475,0.01,1
regular128_reuse4,b64_fast,e2e_FP32_final,paper_tfs,308.50390625,70.1766548646,0.00585725182934,0.00651286442667,0.01,1
regular128_reuse4,b64_fast,e2e_BF16_final,paper_tfs,512,69.9945023851,0.0062279271391,0.0108108108108,0.02,1
regular128_reuse4,b64_fast,e2e_BF16_final,source_MKL_FP32,1035.21875,220.277449449,0.0184168148367,0.0216196566777,0.03,1
regular128_reuse4,bfull_fast,kernel_FP32,paper_tfs,0.721542358398,0.11145606112,0.00329591397946,0.00342053514626,0.01,1
regular128_reuse4,bfull_fast,e2e_FP32_final,paper_tfs,328.90625,72.6369400946,0.00603522805989,0.00694358084918,0.01,1
regular128_reuse4,bfull_fast,e2e_BF16_final,paper_tfs,512,72.4984047497,0.00641274409169,0.0108108108108,0.02,1
regular128_reuse4,bfull_fast,e2e_BF16_final,source_MKL_FP32,1069.6484375,221.607034315,0.0185080132677,0.0223386912038,0.03,1
regular128_reuse4,s64_mfull_degree_fast,kernel_FP32,paper_tfs,0.721542358398,0.11145606112,0.00329591397946,0.00342053514626,0.01,1
regular128_reuse4,s64_mfull_degree_fast,e2e_FP32_final,paper_tfs,328.90625,72.6369400946,0.00603522805989,0.00694358084918,0.01,1
regular128_reuse4,s64_mfull_degree_fast,e2e_BF16_final,paper_tfs,512,72.4984047497,0.00641274409169,0.0108108108108,0.02,1
regular128_reuse4,s64_mfull_degree_fast,e2e_BF16_final,source_MKL_FP32,1069.6484375,221.607034315,0.0185080132677,0.0223386912038,0.03,1
regular128_reuse4,s64_mfull_qshuffle_fast,kernel_FP32,paper_tfs,0.721542358398,0.11145606112,0.00329591397946,0.00342053514626,0.01,1
regular128_reuse4,s64_mfull_qshuffle_fast,e2e_FP32_final,paper_tfs,328.90625,72.6369400946,0.00603522805989,0.00694358084918,0.01,1
regular128_reuse4,s64_mfull_qshuffle_fast,e2e_BF16_final,paper_tfs,512,72.4984047497,0.00641274409169,0.0108108108108,0.02,1
regular128_reuse4,s64_mfull_qshuffle_fast,e2e_BF16_final,source_MKL_FP32,1069.6484375,221.607034315,0.0185080132677,0.0223386912038,0.03,1
regular128_reuse4,s64_mfull_qsource_fast,kernel_FP32,paper_tfs,0.721542358398,0.11145606112,0.00329591397946,0.00342053514626,0.01,1
regular128_reuse4,s64_mfull_qsource_fast,e2e_FP32_final,paper_tfs,328.90625,72.6369400946,0.00603522805989,0.00694358084918,0.01,1
regular128_reuse4,s64_mfull_qsource_fast,e2e_BF16_final,paper_tfs,512,72.4984047497,0.00641274409169,0.0108108108108,0.02,1
regular128_reuse4,s64_mfull_qsource_fast,e2e_BF16_final,source_MKL_FP32,1069.6484375,221.607034315,0.0185080132677,0.0223386912038,0.03,1
regular128_reuse4,s64_mfull_qpage_fast,kernel_FP32,paper_tfs,0.721542358398,0.11145606112,0.00329591397946,0.00342053514626,0.01,1
regular128_reuse4,s64_mfull_qpage_fast,e2e_FP32_final,paper_tfs,328.90625,72.6369400946,0.00603522805989,0.00694358084918,0.01,1
regular128_reuse4,s64_mfull_qpage_fast,e2e_BF16_final,paper_tfs,512,72.4984047497,0.00641274409169,0.0108108108108,0.02,1
regular128_reuse4,s64_mfull_qpage_fast,e2e_BF16_final,source_MKL_FP32,1069.6484375,221.607034315,0.0185080132677,0.0223386912038,0.03,1
regular128_reuse4,s64_m64_degree_fast,kernel_FP32,paper_tfs,0.719100952148,0.111790320447,0.00330271513625,0.00340896144475,0.01,1
regular128_reuse4,s64_m64_degree_fast,e2e_FP32_final,paper_tfs,308.50390625,70.1766548646,0.00585725182934,0.00651286442667,0.01,1
regular128_reuse4,s64_m64_degree_fast,e2e_BF16_final,paper_tfs,512,69.9945023851,0.0062279271391,0.0108108108108,0.02,1
regular128_reuse4,s64_m64_degree_fast,e2e_BF16_final,source_MKL_FP32,1035.21875,220.277449449,0.0184168148367,0.0216196566777,0.03,1
regular128_reuse4,s64_m64_qshuffle_fast,kernel_FP32,paper_tfs,0.719100952148,0.111790320447,0.00330271513625,0.00340896144475,0.01,1
regular128_reuse4,s64_m64_qshuffle_fast,e2e_FP32_final,paper_tfs,308.50390625,70.1766548646,0.00585725182934,0.00651286442667,0.01,1
regular128_reuse4,s64_m64_qshuffle_fast,e2e_BF16_final,paper_tfs,512,69.9945023851,0.0062279271391,0.0108108108108,0.02,1
regular128_reuse4,s64_m64_qshuffle_fast,e2e_BF16_final,source_MKL_FP32,1035.21875,220.277449449,0.0184168148367,0.0216196566777,0.03,1
regular128_reuse4,s64_m64_qsource_fast,kernel_FP32,paper_tfs,0.719100952148,0.111790320447,0.00330271513625,0.00340896144475,0.01,1
regular128_reuse4,s64_m64_qsource_fast,e2e_FP32_final,paper_tfs,308.50390625,70.1766548646,0.00585725182934,0.00651286442667,0.01,1
regular128_reuse4,s64_m64_qsource_fast,e2e_BF16_final,paper_tfs,512,69.9945023851,0.0062279271391,0.0108108108108,0.02,1
regular128_reuse4,s64_m64_qsource_fast,e2e_BF16_final,source_MKL_FP32,1035.21875,220.277449449,0.0184168148367,0.0216196566777,0.03,1
regular128_reuse4,s64_m64_qpage_fast,kernel_FP32,paper_tfs,0.719100952148,0.111790320447,0.00330271513625,0.00340896144475,0.01,1
regular128_reuse4,s64_m64_qpage_fast,e2e_FP32_final,paper_tfs,308.50390625,70.1766548646,0.00585725182934,0.00651286442667,0.01,1
regular128_reuse4,s64_m64_qpage_fast,e2e_BF16_final,paper_tfs,512,69.9945023851,0.0062279271391,0.0108108108108,0.02,1
regular128_reuse4,s64_m64_qpage_fast,e2e_BF16_final,source_MKL_FP32,1035.21875,220.277449449,0.0184168148367,0.0216196566777,0.03,1
regular128_reuse16,paper_tfs,kernel_FP32,paper_tfs,0,0,0,0,0.01,1
regular128_reuse16,paper_tfs,e2e_FP32_final,paper_tfs,0,0,0,0,0.01,1
regular128_reuse16,paper_tfs,e2e_BF16_final,paper_tfs,0,0,0,0,0.02,1
regular128_reuse16,paper_tfs,e2e_BF16_final,source_MKL_FP32,746.47265625,152.520702688,0.0128099293986,0.0156979293112,0.03,1
regular128_reuse16,b64_fast,kernel_FP32,paper_tfs,0.719100952148,0.111790320447,0.00330271513625,0.00340896144475,0.01,1
regular128_reuse16,b64_fast,e2e_FP32_final,paper_tfs,310.19921875,70.1287360971,0.00585388575185,0.00659133498957,0.01,1
regular128_reuse16,b64_fast,e2e_BF16_final,paper_tfs,512,69.898424753,0.00621813965105,0.0109289617486,0.02,1
regular128_reuse16,b64_fast,e2e_BF16_final,source_MKL_FP32,1012.53515625,220.221874838,0.0184150166253,0.0212930844484,0.03,1
regular128_reuse16,bfull_fast,kernel_FP32,paper_tfs,0.721542358398,0.11145606112,0.00329591397946,0.00342053514626,0.01,1
regular128_reuse16,bfull_fast,e2e_FP32_final,paper_tfs,343.66015625,72.7033502443,0.0060408188592,0.00730233693541,0.01,1
regular128_reuse16,bfull_fast,e2e_BF16_final,paper_tfs,512,72.4607744613,0.00640805003485,0.0109289617486,0.02,1
regular128_reuse16,bfull_fast,e2e_BF16_final,source_MKL_FP32,1041.01953125,221.642835839,0.018507811788,0.021892095948,0.03,1
regular128_reuse16,s64_mfull_degree_fast,kernel_FP32,paper_tfs,0.721542358398,0.11145606112,0.00329591397946,0.00342053514626,0.01,1
regular128_reuse16,s64_mfull_degree_fast,e2e_FP32_final,paper_tfs,343.66015625,72.7033502443,0.0060408188592,0.00730233693541,0.01,1
regular128_reuse16,s64_mfull_degree_fast,e2e_BF16_final,paper_tfs,512,72.4607744613,0.00640805003485,0.0109289617486,0.02,1
regular128_reuse16,s64_mfull_degree_fast,e2e_BF16_final,source_MKL_FP32,1041.01953125,221.642835839,0.018507811788,0.021892095948,0.03,1
regular128_reuse16,s64_mfull_qshuffle_fast,kernel_FP32,paper_tfs,0.721542358398,0.11145606112,0.00329591397946,0.00342053514626,0.01,1
regular128_reuse16,s64_mfull_qshuffle_fast,e2e_FP32_final,paper_tfs,343.66015625,72.7033502443,0.0060408188592,0.00730233693541,0.01,1
regular128_reuse16,s64_mfull_qshuffle_fast,e2e_BF16_final,paper_tfs,512,72.4607744613,0.00640805003485,0.0109289617486,0.02,1
regular128_reuse16,s64_mfull_qshuffle_fast,e2e_BF16_final,source_MKL_FP32,1041.01953125,221.642835839,0.018507811788,0.021892095948,0.03,1
regular128_reuse16,s64_mfull_qsource_fast,kernel_FP32,paper_tfs,0.721542358398,0.11145606112,0.00329591397946,0.00342053514626,0.01,1
regular128_reuse16,s64_mfull_qsource_fast,e2e_FP32_final,paper_tfs,343.66015625,72.7033502443,0.0060408188592,0.00730233693541,0.01,1
regular128_reuse16,s64_mfull_qsource_fast,e2e_BF16_final,paper_tfs,512,72.4607744613,0.00640805003485,0.0109289617486,0.02,1
regular128_reuse16,s64_mfull_qsource_fast,e2e_BF16_final,source_MKL_FP32,1041.01953125,221.642835839,0.018507811788,0.021892095948,0.03,1
regular128_reuse16,s64_mfull_qpage_fast,kernel_FP32,paper_tfs,0.721542358398,0.11145606112,0.00329591397946,0.00342053514626,0.01,1
regular128_reuse16,s64_mfull_qpage_fast,e2e_FP32_final,paper_tfs,343.66015625,72.7033502443,0.0060408188592,0.00730233693541,0.01,1
regular128_reuse16,s64_mfull_qpage_fast,e2e_BF16_final,paper_tfs,512,72.4607744613,0.00640805003485,0.0109289617486,0.02,1
regular128_reuse16,s64_mfull_qpage_fast,e2e_BF16_final,source_MKL_FP32,1041.01953125,221.642835839,0.018507811788,0.021892095948,0.03,1
regular128_reuse16,s64_m64_degree_fast,kernel_FP32,paper_tfs,0.719100952148,0.111790320447,0.00330271513625,0.00340896144475,0.01,1
regular128_reuse16,s64_m64_degree_fast,e2e_FP32_final,paper_tfs,310.19921875,70.1287360971,0.00585388575185,0.00659133498957,0.01,1
regular128_reuse16,s64_m64_degree_fast,e2e_BF16_final,paper_tfs,512,69.898424753,0.00621813965105,0.0109289617486,0.02,1
regular128_reuse16,s64_m64_degree_fast,e2e_BF16_final,source_MKL_FP32,1012.53515625,220.221874838,0.0184150166253,0.0212930844484,0.03,1
regular128_reuse16,s64_m64_qshuffle_fast,kernel_FP32,paper_tfs,0.719100952148,0.111790320447,0.00330271513625,0.00340896144475,0.01,1
regular128_reuse16,s64_m64_qshuffle_fast,e2e_FP32_final,paper_tfs,310.19921875,70.1287360971,0.00585388575185,0.00659133498957,0.01,1
regular128_reuse16,s64_m64_qshuffle_fast,e2e_BF16_final,paper_tfs,512,69.898424753,0.00621813965105,0.0109289617486,0.02,1
regular128_reuse16,s64_m64_qshuffle_fast,e2e_BF16_final,source_MKL_FP32,1012.53515625,220.221874838,0.0184150166253,0.0212930844484,0.03,1
regular128_reuse16,s64_m64_qsource_fast,kernel_FP32,paper_tfs,0.719100952148,0.111790320447,0.00330271513625,0.00340896144475,0.01,1
regular128_reuse16,s64_m64_qsource_fast,e2e_FP32_final,paper_tfs,310.19921875,70.1287360971,0.00585388575185,0.00659133498957,0.01,1
regular128_reuse16,s64_m64_qsource_fast,e2e_BF16_final,paper_tfs,512,69.898424753,0.00621813965105,0.0109289617486,0.02,1
regular128_reuse16,s64_m64_qsource_fast,e2e_BF16_final,source_MKL_FP32,1012.53515625,220.221874838,0.0184150166253,0.0212930844484,0.03,1
regular128_reuse16,s64_m64_qpage_fast,kernel_FP32,paper_tfs,0.719100952148,0.111790320447,0.00330271513625,0.00340896144475,0.01,1
regular128_reuse16,s64_m64_qpage_fast,e2e_FP32_final,paper_tfs,310.19921875,70.1287360971,0.00585388575185,0.00659133498957,0.01,1
regular128_reuse16,s64_m64_qpage_fast,e2e_BF16_final,paper_tfs,512,69.898424753,0.00621813965105,0.0109289617486,0.02,1
regular128_reuse16,s64_m64_qpage_fast,e2e_BF16_final,source_MKL_FP32,1012.53515625,220.221874838,0.0184150166253,0.0212930844484,0.03,1
