graph,method,layer,phase,sampled_thread_ms,sampled_tiles,wall_ms
ogbn-products,s64_mfull_degree_fast,1,output_zero,0,599,187.780857086
ogbn-products,s64_mfull_degree_fast,1,row_schedule,0.354290008545,599,187.780857086
ogbn-products,s64_mfull_degree_fast,1,partial_zero,0.309705734253,599,187.780857086
ogbn-products,s64_mfull_degree_fast,1,csr_prefetch,98.7119674683,599,187.780857086
ogbn-products,s64_mfull_degree_fast,1,feature_gather_decode,71.7532634735,599,187.780857086
ogbn-products,s64_mfull_degree_fast,1,fp32_neighbor_reduction,28.0168056488,599,187.780857086
ogbn-products,s64_mfull_degree_fast,1,partial_bf16_conversion,4.20737266541,599,187.780857086
ogbn-products,s64_mfull_degree_fast,1,tile_load,1.31464004517,599,187.780857086
ogbn-products,s64_mfull_degree_fast,1,tile_compute,2.12645530701,599,187.780857086
ogbn-products,s64_mfull_degree_fast,1,tile_store,0.112533569336,599,187.780857086
ogbn-products,s64_mfull_degree_fast,1,output_scatter,0.819683074951,599,187.780857086
ogbn-products,s64_mfull_degree_fast,1,thread_amx_setup,0.0355243682861,599,187.780857086
ogbn-products,s64_mfull_degree_fast,2,output_zero,0,599,185.883998871
ogbn-products,s64_mfull_degree_fast,2,row_schedule,0.340223312378,599,185.883998871
ogbn-products,s64_mfull_degree_fast,2,partial_zero,0.304937362671,599,185.883998871
ogbn-products,s64_mfull_degree_fast,2,csr_prefetch,98.9079475403,599,185.883998871
ogbn-products,s64_mfull_degree_fast,2,feature_gather_decode,70.9941387177,599,185.883998871
ogbn-products,s64_mfull_degree_fast,2,fp32_neighbor_reduction,27.9779434204,599,185.883998871
ogbn-products,s64_mfull_degree_fast,2,partial_bf16_conversion,4.21547889709,599,185.883998871
ogbn-products,s64_mfull_degree_fast,2,tile_load,1.28436088562,599,185.883998871
ogbn-products,s64_mfull_degree_fast,2,tile_compute,2.15768814087,599,185.883998871
ogbn-products,s64_mfull_degree_fast,2,tile_store,0.0872611999512,599,185.883998871
ogbn-products,s64_mfull_degree_fast,2,output_scatter,1.16181373596,599,185.883998871
ogbn-products,s64_mfull_degree_fast,2,thread_amx_setup,0.0460147857666,599,185.883998871
ogbn-products,s64_mfull_qshuffle_fast,1,output_zero,0,599,190.883159637
ogbn-products,s64_mfull_qshuffle_fast,1,row_schedule,0.351667404175,599,190.883159637
ogbn-products,s64_mfull_qshuffle_fast,1,partial_zero,0.290155410767,599,190.883159637
ogbn-products,s64_mfull_qshuffle_fast,1,csr_prefetch,99.0464687347,599,190.883159637
ogbn-products,s64_mfull_qshuffle_fast,1,feature_gather_decode,71.6707706451,599,190.883159637
ogbn-products,s64_mfull_qshuffle_fast,1,fp32_neighbor_reduction,27.9693603516,599,190.883159637
ogbn-products,s64_mfull_qshuffle_fast,1,partial_bf16_conversion,4.2245388031,599,190.883159637
ogbn-products,s64_mfull_qshuffle_fast,1,tile_load,1.28650665283,599,190.883159637
ogbn-products,s64_mfull_qshuffle_fast,1,tile_compute,2.14242935181,599,190.883159637
ogbn-products,s64_mfull_qshuffle_fast,1,tile_store,0.10347366333,599,190.883159637
ogbn-products,s64_mfull_qshuffle_fast,1,output_scatter,0.81729888916,599,190.883159637
ogbn-products,s64_mfull_qshuffle_fast,1,thread_amx_setup,0.037670135498,599,190.883159637
ogbn-products,s64_mfull_qshuffle_fast,2,output_zero,0,599,177.336931229
ogbn-products,s64_mfull_qshuffle_fast,2,row_schedule,0.356912612915,599,177.336931229
ogbn-products,s64_mfull_qshuffle_fast,2,partial_zero,0.286102294922,599,177.336931229
ogbn-products,s64_mfull_qshuffle_fast,2,csr_prefetch,98.571062088,599,177.336931229
ogbn-products,s64_mfull_qshuffle_fast,2,feature_gather_decode,71.7675685883,599,177.336931229
ogbn-products,s64_mfull_qshuffle_fast,2,fp32_neighbor_reduction,27.8565883636,599,177.336931229
ogbn-products,s64_mfull_qshuffle_fast,2,partial_bf16_conversion,4.18829917908,599,177.336931229
ogbn-products,s64_mfull_qshuffle_fast,2,tile_load,1.29389762878,599,177.336931229
ogbn-products,s64_mfull_qshuffle_fast,2,tile_compute,2.1378993988,599,177.336931229
ogbn-products,s64_mfull_qshuffle_fast,2,tile_store,0.0944137573242,599,177.336931229
ogbn-products,s64_mfull_qshuffle_fast,2,output_scatter,1.1830329895,599,177.336931229
ogbn-products,s64_mfull_qshuffle_fast,2,thread_amx_setup,0.0426769256592,599,177.336931229
ogbn-products,s64_mfull_qsource_fast,1,output_zero,0,599,190.881967545
ogbn-products,s64_mfull_qsource_fast,1,row_schedule,0.342845916748,599,190.881967545
ogbn-products,s64_mfull_qsource_fast,1,partial_zero,0.325918197632,599,190.881967545
ogbn-products,s64_mfull_qsource_fast,1,csr_prefetch,99.6289253235,599,190.881967545
ogbn-products,s64_mfull_qsource_fast,1,feature_gather_decode,72.3118782043,599,190.881967545
ogbn-products,s64_mfull_qsource_fast,1,fp32_neighbor_reduction,28.7821292877,599,190.881967545
ogbn-products,s64_mfull_qsource_fast,1,partial_bf16_conversion,4.25577163696,599,190.881967545
ogbn-products,s64_mfull_qsource_fast,1,tile_load,1.26242637634,599,190.881967545
ogbn-products,s64_mfull_qsource_fast,1,tile_compute,2.13503837585,599,190.881967545
ogbn-products,s64_mfull_qsource_fast,1,tile_store,0.0972747802734,599,190.881967545
ogbn-products,s64_mfull_qsource_fast,1,output_scatter,0.780582427979,599,190.881967545
ogbn-products,s64_mfull_qsource_fast,1,thread_amx_setup,0.0360012054443,599,190.881967545
ogbn-products,s64_mfull_qsource_fast,2,output_zero,0,599,185.22310257
ogbn-products,s64_mfull_qsource_fast,2,row_schedule,0.329494476318,599,185.22310257
ogbn-products,s64_mfull_qsource_fast,2,partial_zero,0.313758850098,599,185.22310257
ogbn-products,s64_mfull_qsource_fast,2,csr_prefetch,99.4050502777,599,185.22310257
ogbn-products,s64_mfull_qsource_fast,2,feature_gather_decode,72.1709728241,599,185.22310257
ogbn-products,s64_mfull_qsource_fast,2,fp32_neighbor_reduction,28.2125473022,599,185.22310257
ogbn-products,s64_mfull_qsource_fast,2,partial_bf16_conversion,4.23693656921,599,185.22310257
ogbn-products,s64_mfull_qsource_fast,2,tile_load,1.23190879822,599,185.22310257
ogbn-products,s64_mfull_qsource_fast,2,tile_compute,2.08139419556,599,185.22310257
ogbn-products,s64_mfull_qsource_fast,2,tile_store,0.0944137573242,599,185.22310257
ogbn-products,s64_mfull_qsource_fast,2,output_scatter,1.1785030365,599,185.22310257
ogbn-products,s64_mfull_qsource_fast,2,thread_amx_setup,0.0395774841309,599,185.22310257
ogbn-products,s64_mfull_qpage_fast,1,output_zero,0,599,177.315235138
ogbn-products,s64_mfull_qpage_fast,1,row_schedule,0.3502368927,599,177.315235138
ogbn-products,s64_mfull_qpage_fast,1,partial_zero,0.30255317688,599,177.315235138
ogbn-products,s64_mfull_qpage_fast,1,csr_prefetch,99.5450019836,599,177.315235138
ogbn-products,s64_mfull_qpage_fast,1,feature_gather_decode,72.1740722656,599,177.315235138
ogbn-products,s64_mfull_qpage_fast,1,fp32_neighbor_reduction,28.3501148224,599,177.315235138
ogbn-products,s64_mfull_qpage_fast,1,partial_bf16_conversion,4.24313545227,599,177.315235138
ogbn-products,s64_mfull_qpage_fast,1,tile_load,1.28245353699,599,177.315235138
ogbn-products,s64_mfull_qpage_fast,1,tile_compute,2.07877159119,599,177.315235138
ogbn-products,s64_mfull_qpage_fast,1,tile_store,0.0970363616943,599,177.315235138
ogbn-products,s64_mfull_qpage_fast,1,output_scatter,0.779628753662,599,177.315235138
ogbn-products,s64_mfull_qpage_fast,1,thread_amx_setup,0.0367164611816,599,177.315235138
ogbn-products,s64_mfull_qpage_fast,2,output_zero,0,599,183.392763138
ogbn-products,s64_mfull_qpage_fast,2,row_schedule,0.338554382324,599,183.392763138
ogbn-products,s64_mfull_qpage_fast,2,partial_zero,0.304937362671,599,183.392763138
ogbn-products,s64_mfull_qpage_fast,2,csr_prefetch,99.0972518921,599,183.392763138
ogbn-products,s64_mfull_qpage_fast,2,feature_gather_decode,72.1774101257,599,183.392763138
ogbn-products,s64_mfull_qpage_fast,2,fp32_neighbor_reduction,28.0094146729,599,183.392763138
ogbn-products,s64_mfull_qpage_fast,2,partial_bf16_conversion,4.24003601074,599,183.392763138
ogbn-products,s64_mfull_qpage_fast,2,tile_load,1.23810768127,599,183.392763138
ogbn-products,s64_mfull_qpage_fast,2,tile_compute,2.13813781738,599,183.392763138
ogbn-products,s64_mfull_qpage_fast,2,tile_store,0.111818313599,599,183.392763138
ogbn-products,s64_mfull_qpage_fast,2,output_scatter,1.16324424744,599,183.392763138
ogbn-products,s64_mfull_qpage_fast,2,thread_amx_setup,0.0510215759277,599,183.392763138
ogbn-products,s64_m64_degree_fast,1,output_zero,0,599,199.70703125
ogbn-products,s64_m64_degree_fast,1,row_schedule,0.373840332031,599,199.70703125
ogbn-products,s64_m64_degree_fast,1,partial_zero,0.445365905762,599,199.70703125
ogbn-products,s64_m64_degree_fast,1,csr_prefetch,98.552942276,599,199.70703125
ogbn-products,s64_m64_degree_fast,1,feature_gather_decode,72.7360248566,599,199.70703125
ogbn-products,s64_m64_degree_fast,1,fp32_neighbor_reduction,28.0258655548,599,199.70703125
ogbn-products,s64_m64_degree_fast,1,partial_bf16_conversion,8.06164741516,599,199.70703125
ogbn-products,s64_m64_degree_fast,1,tile_load,2.37941741943,599,199.70703125
ogbn-products,s64_m64_degree_fast,1,tile_compute,3.73721122742,599,199.70703125
ogbn-products,s64_m64_degree_fast,1,tile_store,0.17523765564,599,199.70703125
ogbn-products,s64_m64_degree_fast,1,output_scatter,0.798940658569,599,199.70703125
ogbn-products,s64_m64_degree_fast,1,thread_amx_setup,0.0374317169189,599,199.70703125
ogbn-products,s64_m64_degree_fast,2,output_zero,0,599,190.137147903
ogbn-products,s64_m64_degree_fast,2,row_schedule,0.341176986694,599,190.137147903
ogbn-products,s64_m64_degree_fast,2,partial_zero,0.428915023804,599,190.137147903
ogbn-products,s64_m64_degree_fast,2,csr_prefetch,98.4282493591,599,190.137147903
ogbn-products,s64_m64_degree_fast,2,feature_gather_decode,72.5359916687,599,190.137147903
ogbn-products,s64_m64_degree_fast,2,fp32_neighbor_reduction,28.1858444214,599,190.137147903
ogbn-products,s64_m64_degree_fast,2,partial_bf16_conversion,8.04233551025,599,190.137147903
ogbn-products,s64_m64_degree_fast,2,tile_load,2.41637229919,599,190.137147903
ogbn-products,s64_m64_degree_fast,2,tile_compute,3.62539291382,599,190.137147903
ogbn-products,s64_m64_degree_fast,2,tile_store,0.181436538696,599,190.137147903
ogbn-products,s64_m64_degree_fast,2,output_scatter,1.15489959717,599,190.137147903
ogbn-products,s64_m64_degree_fast,2,thread_amx_setup,0.0362396240234,599,190.137147903
ogbn-products,s64_m64_qshuffle_fast,1,output_zero,0,599,189.918994904
ogbn-products,s64_m64_qshuffle_fast,1,row_schedule,0.368118286133,599,189.918994904
ogbn-products,s64_m64_qshuffle_fast,1,partial_zero,0.421047210693,599,189.918994904
ogbn-products,s64_m64_qshuffle_fast,1,csr_prefetch,98.7641811371,599,189.918994904
ogbn-products,s64_m64_qshuffle_fast,1,feature_gather_decode,72.9656219482,599,189.918994904
ogbn-products,s64_m64_qshuffle_fast,1,fp32_neighbor_reduction,28.1836986542,599,189.918994904
ogbn-products,s64_m64_qshuffle_fast,1,partial_bf16_conversion,8.056640625,599,189.918994904
ogbn-products,s64_m64_qshuffle_fast,1,tile_load,2.45761871338,599,189.918994904
ogbn-products,s64_m64_qshuffle_fast,1,tile_compute,3.66449356079,599,189.918994904
ogbn-products,s64_m64_qshuffle_fast,1,tile_store,0.186681747437,599,189.918994904
ogbn-products,s64_m64_qshuffle_fast,1,output_scatter,0.793218612671,599,189.918994904
ogbn-products,s64_m64_qshuffle_fast,1,thread_amx_setup,0.042200088501,599,189.918994904
ogbn-products,s64_m64_qshuffle_fast,2,output_zero,0,599,192.087173462
ogbn-products,s64_m64_qshuffle_fast,2,row_schedule,0.327110290527,599,192.087173462
ogbn-products,s64_m64_qshuffle_fast,2,partial_zero,0.421047210693,599,192.087173462
ogbn-products,s64_m64_qshuffle_fast,2,csr_prefetch,98.977804184,599,192.087173462
ogbn-products,s64_m64_qshuffle_fast,2,feature_gather_decode,72.2346305847,599,192.087173462
ogbn-products,s64_m64_qshuffle_fast,2,fp32_neighbor_reduction,28.374671936,599,192.087173462
ogbn-products,s64_m64_qshuffle_fast,2,partial_bf16_conversion,8.03589820862,599,192.087173462
ogbn-products,s64_m64_qshuffle_fast,2,tile_load,2.4745464325,599,192.087173462
ogbn-products,s64_m64_qshuffle_fast,2,tile_compute,3.53026390076,599,192.087173462
ogbn-products,s64_m64_qshuffle_fast,2,tile_store,0.180721282959,599,192.087173462
ogbn-products,s64_m64_qshuffle_fast,2,output_scatter,1.1785030365,599,192.087173462
ogbn-products,s64_m64_qshuffle_fast,2,thread_amx_setup,0.0436305999756,599,192.087173462
ogbn-products,s64_m64_qsource_fast,1,output_zero,0,599,187.397956848
ogbn-products,s64_m64_qsource_fast,1,row_schedule,0.351667404175,599,187.397956848
ogbn-products,s64_m64_qsource_fast,1,partial_zero,0.406742095947,599,187.397956848
ogbn-products,s64_m64_qsource_fast,1,csr_prefetch,99.7083187103,599,187.397956848
ogbn-products,s64_m64_qsource_fast,1,feature_gather_decode,73.2688903809,599,187.397956848
ogbn-products,s64_m64_qsource_fast,1,fp32_neighbor_reduction,28.8093090057,599,187.397956848
ogbn-products,s64_m64_qsource_fast,1,partial_bf16_conversion,8.13245773315,599,187.397956848
ogbn-products,s64_m64_qsource_fast,1,tile_load,2.5269985199,599,187.397956848
ogbn-products,s64_m64_qsource_fast,1,tile_compute,3.43370437622,599,187.397956848
ogbn-products,s64_m64_qsource_fast,1,tile_store,0.202894210815,599,187.397956848
ogbn-products,s64_m64_qsource_fast,1,output_scatter,0.823259353638,599,187.397956848
ogbn-products,s64_m64_qsource_fast,1,thread_amx_setup,0.0405311584473,599,187.397956848
ogbn-products,s64_m64_qsource_fast,2,output_zero,0,599,189.954996109
ogbn-products,s64_m64_qsource_fast,2,row_schedule,0.326871871948,599,189.954996109
ogbn-products,s64_m64_qsource_fast,2,partial_zero,0.389575958252,599,189.954996109
ogbn-products,s64_m64_qsource_fast,2,csr_prefetch,100.313186646,599,189.954996109
ogbn-products,s64_m64_qsource_fast,2,feature_gather_decode,73.9693641663,599,189.954996109
ogbn-products,s64_m64_qsource_fast,2,fp32_neighbor_reduction,28.8517475128,599,189.954996109
ogbn-products,s64_m64_qsource_fast,2,partial_bf16_conversion,8.14914703369,599,189.954996109
ogbn-products,s64_m64_qsource_fast,2,tile_load,2.38561630249,599,189.954996109
ogbn-products,s64_m64_qsource_fast,2,tile_compute,3.49998474121,599,189.954996109
ogbn-products,s64_m64_qsource_fast,2,tile_store,0.190258026123,599,189.954996109
ogbn-products,s64_m64_qsource_fast,2,output_scatter,1.16658210754,599,189.954996109
ogbn-products,s64_m64_qsource_fast,2,thread_amx_setup,0.0462532043457,599,189.954996109
ogbn-products,s64_m64_qpage_fast,1,output_zero,0,599,187.074899673
ogbn-products,s64_m64_qpage_fast,1,row_schedule,0.353097915649,599,187.074899673
ogbn-products,s64_m64_qpage_fast,1,partial_zero,0.448942184448,599,187.074899673
ogbn-products,s64_m64_qpage_fast,1,csr_prefetch,99.6220111847,599,187.074899673
ogbn-products,s64_m64_qpage_fast,1,feature_gather_decode,73.3850002289,599,187.074899673
ogbn-products,s64_m64_qpage_fast,1,fp32_neighbor_reduction,28.5935401917,599,187.074899673
ogbn-products,s64_m64_qpage_fast,1,partial_bf16_conversion,8.08930397034,599,187.074899673
ogbn-products,s64_m64_qpage_fast,1,tile_load,2.42519378662,599,187.074899673
ogbn-products,s64_m64_qpage_fast,1,tile_compute,3.53384017944,599,187.074899673
ogbn-products,s64_m64_qpage_fast,1,tile_store,0.16975402832,599,187.074899673
ogbn-products,s64_m64_qpage_fast,1,output_scatter,0.80132484436,599,187.074899673
ogbn-products,s64_m64_qpage_fast,1,thread_amx_setup,0.0364780426025,599,187.074899673
ogbn-products,s64_m64_qpage_fast,2,output_zero,0,599,188.481807709
ogbn-products,s64_m64_qpage_fast,2,row_schedule,0.344753265381,599,188.481807709
ogbn-products,s64_m64_qpage_fast,2,partial_zero,0.44059753418,599,188.481807709
ogbn-products,s64_m64_qpage_fast,2,csr_prefetch,99.7798442841,599,188.481807709
ogbn-products,s64_m64_qpage_fast,2,feature_gather_decode,72.7775096893,599,188.481807709
ogbn-products,s64_m64_qpage_fast,2,fp32_neighbor_reduction,28.9297103882,599,188.481807709
ogbn-products,s64_m64_qpage_fast,2,partial_bf16_conversion,8.08691978455,599,188.481807709
ogbn-products,s64_m64_qpage_fast,2,tile_load,2.33125686646,599,188.481807709
ogbn-products,s64_m64_qpage_fast,2,tile_compute,3.37815284729,599,188.481807709
ogbn-products,s64_m64_qpage_fast,2,tile_store,0.202894210815,599,188.481807709
ogbn-products,s64_m64_qpage_fast,2,output_scatter,1.17349624634,599,188.481807709
ogbn-products,s64_m64_qpage_fast,2,thread_amx_setup,0.0402927398682,599,188.481807709
reddit,s64_mfull_degree_fast,1,output_zero,0,58,98.0451107025
reddit,s64_mfull_degree_fast,1,row_schedule,0.0331401824951,58,98.0451107025
reddit,s64_mfull_degree_fast,1,partial_zero,0.0298023223877,58,98.0451107025
reddit,s64_mfull_degree_fast,1,csr_prefetch,98.5703468323,58,98.0451107025
reddit,s64_mfull_degree_fast,1,feature_gather_decode,70.2250003815,58,98.0451107025
reddit,s64_mfull_degree_fast,1,fp32_neighbor_reduction,27.9078483582,58,98.0451107025
reddit,s64_mfull_degree_fast,1,partial_bf16_conversion,0.442028045654,58,98.0451107025
reddit,s64_mfull_degree_fast,1,tile_load,0.131845474243,58,98.0451107025
reddit,s64_mfull_degree_fast,1,tile_compute,0.235319137573,58,98.0451107025
reddit,s64_mfull_degree_fast,1,tile_store,0.0135898590088,58,98.0451107025
reddit,s64_mfull_degree_fast,1,output_scatter,0.0782012939453,58,98.0451107025
reddit,s64_mfull_degree_fast,1,thread_amx_setup,0.0474452972412,58,98.0451107025
reddit,s64_mfull_degree_fast,2,output_zero,0,58,93.6470031738
reddit,s64_mfull_degree_fast,2,row_schedule,0.035285949707,58,93.6470031738
reddit,s64_mfull_degree_fast,2,partial_zero,0.0267028808594,58,93.6470031738
reddit,s64_mfull_degree_fast,2,csr_prefetch,98.0634689331,58,93.6470031738
reddit,s64_mfull_degree_fast,2,feature_gather_decode,71.37799263,58,93.6470031738
reddit,s64_mfull_degree_fast,2,fp32_neighbor_reduction,28.1021595001,58,93.6470031738
reddit,s64_mfull_degree_fast,2,partial_bf16_conversion,0.440835952759,58,93.6470031738
reddit,s64_mfull_degree_fast,2,tile_load,0.128984451294,58,93.6470031738
reddit,s64_mfull_degree_fast,2,tile_compute,0.218391418457,58,93.6470031738
reddit,s64_mfull_degree_fast,2,tile_store,0.00786781311035,58,93.6470031738
reddit,s64_mfull_degree_fast,2,output_scatter,0.115871429443,58,93.6470031738
reddit,s64_mfull_degree_fast,2,thread_amx_setup,0.0476837158203,58,93.6470031738
reddit,s64_mfull_qshuffle_fast,1,output_zero,0,58,98.6421108246
reddit,s64_mfull_qshuffle_fast,1,row_schedule,0.030517578125,58,98.6421108246
reddit,s64_mfull_qshuffle_fast,1,partial_zero,0.0288486480713,58,98.6421108246
reddit,s64_mfull_qshuffle_fast,1,csr_prefetch,97.7001190186,58,98.6421108246
reddit,s64_mfull_qshuffle_fast,1,feature_gather_decode,70.0302124023,58,98.6421108246
reddit,s64_mfull_qshuffle_fast,1,fp32_neighbor_reduction,27.6169776917,58,98.6421108246
reddit,s64_mfull_qshuffle_fast,1,partial_bf16_conversion,0.441312789917,58,98.6421108246
reddit,s64_mfull_qshuffle_fast,1,tile_load,0.145435333252,58,98.6421108246
reddit,s64_mfull_qshuffle_fast,1,tile_compute,0.216245651245,58,98.6421108246
reddit,s64_mfull_qshuffle_fast,1,tile_store,0.00500679016113,58,98.6421108246
reddit,s64_mfull_qshuffle_fast,1,output_scatter,0.0724792480469,58,98.6421108246
reddit,s64_mfull_qshuffle_fast,1,thread_amx_setup,0.0383853912354,58,98.6421108246
reddit,s64_mfull_qshuffle_fast,2,output_zero,0,58,98.3099937439
reddit,s64_mfull_qshuffle_fast,2,row_schedule,0.028133392334,58,98.3099937439
reddit,s64_mfull_qshuffle_fast,2,partial_zero,0.0343322753906,58,98.3099937439
reddit,s64_mfull_qshuffle_fast,2,csr_prefetch,98.1485843658,58,98.3099937439
reddit,s64_mfull_qshuffle_fast,2,feature_gather_decode,70.3628063202,58,98.3099937439
reddit,s64_mfull_qshuffle_fast,2,fp32_neighbor_reduction,27.7245044708,58,98.3099937439
reddit,s64_mfull_qshuffle_fast,2,partial_bf16_conversion,0.433683395386,58,98.3099937439
reddit,s64_mfull_qshuffle_fast,2,tile_load,0.126123428345,58,98.3099937439
reddit,s64_mfull_qshuffle_fast,2,tile_compute,0.207424163818,58,98.3099937439
reddit,s64_mfull_qshuffle_fast,2,tile_store,0.0109672546387,58,98.3099937439
reddit,s64_mfull_qshuffle_fast,2,output_scatter,0.113248825073,58,98.3099937439
reddit,s64_mfull_qshuffle_fast,2,thread_amx_setup,0.0410079956055,58,98.3099937439
reddit,s64_mfull_qsource_fast,1,output_zero,0,58,94.2039489746
reddit,s64_mfull_qsource_fast,1,row_schedule,0.0269412994385,58,94.2039489746
reddit,s64_mfull_qsource_fast,1,partial_zero,0.032901763916,58,94.2039489746
reddit,s64_mfull_qsource_fast,1,csr_prefetch,100.890636444,58,94.2039489746
reddit,s64_mfull_qsource_fast,1,feature_gather_decode,71.9499588013,58,94.2039489746
reddit,s64_mfull_qsource_fast,1,fp32_neighbor_reduction,28.5723209381,58,94.2039489746
reddit,s64_mfull_qsource_fast,1,partial_bf16_conversion,0.454664230347,58,94.2039489746
reddit,s64_mfull_qsource_fast,1,tile_load,0.117540359497,58,94.2039489746
reddit,s64_mfull_qsource_fast,1,tile_compute,0.258207321167,58,94.2039489746
reddit,s64_mfull_qsource_fast,1,tile_store,0.0104904174805,58,94.2039489746
reddit,s64_mfull_qsource_fast,1,output_scatter,0.072717666626,58,94.2039489746
reddit,s64_mfull_qsource_fast,1,thread_amx_setup,0.0438690185547,58,94.2039489746
reddit,s64_mfull_qsource_fast,2,output_zero,0,58,88.6590480804
reddit,s64_mfull_qsource_fast,2,row_schedule,0.0348091125488,58,88.6590480804
reddit,s64_mfull_qsource_fast,2,partial_zero,0.0259876251221,58,88.6590480804
reddit,s64_mfull_qsource_fast,2,csr_prefetch,100.906848907,58,88.6590480804
reddit,s64_mfull_qsource_fast,2,feature_gather_decode,71.8679428101,58,88.6590480804
reddit,s64_mfull_qsource_fast,2,fp32_neighbor_reduction,28.5503864288,58,88.6590480804
reddit,s64_mfull_qsource_fast,2,partial_bf16_conversion,0.453472137451,58,88.6590480804
reddit,s64_mfull_qsource_fast,2,tile_load,0.122785568237,58,88.6590480804
reddit,s64_mfull_qsource_fast,2,tile_compute,0.260591506958,58,88.6590480804
reddit,s64_mfull_qsource_fast,2,tile_store,0.00619888305664,58,88.6590480804
reddit,s64_mfull_qsource_fast,2,output_scatter,0.118494033813,58,88.6590480804
reddit,s64_mfull_qsource_fast,2,thread_amx_setup,0.0364780426025,58,88.6590480804
reddit,s64_mfull_qpage_fast,1,output_zero,0,58,92.2980308533
reddit,s64_mfull_qpage_fast,1,row_schedule,0.0293254852295,58,92.2980308533
reddit,s64_mfull_qpage_fast,1,partial_zero,0.0255107879639,58,92.2980308533
reddit,s64_mfull_qpage_fast,1,csr_prefetch,100.041627884,58,92.2980308533
reddit,s64_mfull_qpage_fast,1,feature_gather_decode,71.6915130615,58,92.2980308533
reddit,s64_mfull_qpage_fast,1,fp32_neighbor_reduction,28.7206172943,58,92.2980308533
reddit,s64_mfull_qpage_fast,1,partial_bf16_conversion,0.450611114502,58,92.2980308533
reddit,s64_mfull_qpage_fast,1,tile_load,0.134468078613,58,92.2980308533
reddit,s64_mfull_qpage_fast,1,tile_compute,0.255584716797,58,92.2980308533
reddit,s64_mfull_qpage_fast,1,tile_store,0.0143051147461,58,92.2980308533
reddit,s64_mfull_qpage_fast,1,output_scatter,0.0717639923096,58,92.2980308533
reddit,s64_mfull_qpage_fast,1,thread_amx_setup,0.0407695770264,58,92.2980308533
reddit,s64_mfull_qpage_fast,2,output_zero,0,58,94.8190689087
reddit,s64_mfull_qpage_fast,2,row_schedule,0.0319480895996,58,94.8190689087
reddit,s64_mfull_qpage_fast,2,partial_zero,0.037670135498,58,94.8190689087
reddit,s64_mfull_qpage_fast,2,csr_prefetch,101.133346558,58,94.8190689087
reddit,s64_mfull_qpage_fast,2,feature_gather_decode,71.8321800232,58,94.8190689087
reddit,s64_mfull_qpage_fast,2,fp32_neighbor_reduction,28.7058353424,58,94.8190689087
reddit,s64_mfull_qpage_fast,2,partial_bf16_conversion,0.450134277344,58,94.8190689087
reddit,s64_mfull_qpage_fast,2,tile_load,0.126123428345,58,94.8190689087
reddit,s64_mfull_qpage_fast,2,tile_compute,0.238180160522,58,94.8190689087
reddit,s64_mfull_qpage_fast,2,tile_store,0.00596046447754,58,94.8190689087
reddit,s64_mfull_qpage_fast,2,output_scatter,0.117301940918,58,94.8190689087
reddit,s64_mfull_qpage_fast,2,thread_amx_setup,0.0457763671875,58,94.8190689087
reddit,s64_m64_degree_fast,1,output_zero,0,58,111.665010452
reddit,s64_m64_degree_fast,1,row_schedule,0.0367164611816,58,111.665010452
reddit,s64_m64_degree_fast,1,partial_zero,0.149726867676,58,111.665010452
reddit,s64_m64_degree_fast,1,csr_prefetch,98.5107421875,58,111.665010452
reddit,s64_m64_degree_fast,1,feature_gather_decode,71.2480545044,58,111.665010452
reddit,s64_m64_degree_fast,1,fp32_neighbor_reduction,28.2564163208,58,111.665010452
reddit,s64_m64_degree_fast,1,partial_bf16_conversion,5.86652755737,58,111.665010452
reddit,s64_m64_degree_fast,1,tile_load,1.6188621521,58,111.665010452
reddit,s64_m64_degree_fast,1,tile_compute,2.40755081177,58,111.665010452
reddit,s64_m64_degree_fast,1,tile_store,0.123500823975,58,111.665010452
reddit,s64_m64_degree_fast,1,output_scatter,0.0746250152588,58,111.665010452
reddit,s64_m64_degree_fast,1,thread_amx_setup,0.0429153442383,58,111.665010452
reddit,s64_m64_degree_fast,2,output_zero,0,58,101.73201561
reddit,s64_m64_degree_fast,2,row_schedule,0.0367164611816,58,101.73201561
reddit,s64_m64_degree_fast,2,partial_zero,0.195264816284,58,101.73201561
reddit,s64_m64_degree_fast,2,csr_prefetch,98.0050563812,58,101.73201561
reddit,s64_m64_degree_fast,2,feature_gather_decode,70.8847045898,58,101.73201561
reddit,s64_m64_degree_fast,2,fp32_neighbor_reduction,28.4242630005,58,101.73201561
reddit,s64_m64_degree_fast,2,partial_bf16_conversion,5.79762458801,58,101.73201561
reddit,s64_m64_degree_fast,2,tile_load,1.58095359802,58,101.73201561
reddit,s64_m64_degree_fast,2,tile_compute,2.52199172974,58,101.73201561
reddit,s64_m64_degree_fast,2,tile_store,0.116109848022,58,101.73201561
reddit,s64_m64_degree_fast,2,output_scatter,0.114679336548,58,101.73201561
reddit,s64_m64_degree_fast,2,thread_amx_setup,0.0393390655518,58,101.73201561
reddit,s64_m64_qshuffle_fast,1,output_zero,0,58,109.831094742
reddit,s64_m64_qshuffle_fast,1,row_schedule,0.0319480895996,58,109.831094742
reddit,s64_m64_qshuffle_fast,1,partial_zero,0.150918960571,58,109.831094742
reddit,s64_m64_qshuffle_fast,1,csr_prefetch,98.4401702881,58,109.831094742
reddit,s64_m64_qshuffle_fast,1,feature_gather_decode,70.7182884216,58,109.831094742
reddit,s64_m64_qshuffle_fast,1,fp32_neighbor_reduction,28.0599594116,58,109.831094742
reddit,s64_m64_qshuffle_fast,1,partial_bf16_conversion,5.81526756287,58,109.831094742
reddit,s64_m64_qshuffle_fast,1,tile_load,1.60121917725,58,109.831094742
reddit,s64_m64_qshuffle_fast,1,tile_compute,2.38871574402,58,109.831094742
reddit,s64_m64_qshuffle_fast,1,tile_store,0.128746032715,58,109.831094742
reddit,s64_m64_qshuffle_fast,1,output_scatter,0.0789165496826,58,109.831094742
reddit,s64_m64_qshuffle_fast,1,thread_amx_setup,0.0393390655518,58,109.831094742
reddit,s64_m64_qshuffle_fast,2,output_zero,0,58,105.962991714
reddit,s64_m64_qshuffle_fast,2,row_schedule,0.0274181365967,58,105.962991714
reddit,s64_m64_qshuffle_fast,2,partial_zero,0.164270401001,58,105.962991714
reddit,s64_m64_qshuffle_fast,2,csr_prefetch,98.7141132355,58,105.962991714
reddit,s64_m64_qshuffle_fast,2,feature_gather_decode,71.2316036224,58,105.962991714
reddit,s64_m64_qshuffle_fast,2,fp32_neighbor_reduction,28.1414985657,58,105.962991714
reddit,s64_m64_qshuffle_fast,2,partial_bf16_conversion,5.81979751587,58,105.962991714
reddit,s64_m64_qshuffle_fast,2,tile_load,1.60360336304,58,105.962991714
reddit,s64_m64_qshuffle_fast,2,tile_compute,2.35056877136,58,105.962991714
reddit,s64_m64_qshuffle_fast,2,tile_store,0.138759613037,58,105.962991714
reddit,s64_m64_qshuffle_fast,2,output_scatter,0.113964080811,58,105.962991714
reddit,s64_m64_qshuffle_fast,2,thread_amx_setup,0.0374317169189,58,105.962991714
reddit,s64_m64_qsource_fast,1,output_zero,0.000953674316406,58,102.61797905
reddit,s64_m64_qsource_fast,1,row_schedule,0.03981590271,58,102.61797905
reddit,s64_m64_qsource_fast,1,partial_zero,0.151634216309,58,102.61797905
reddit,s64_m64_qsource_fast,1,csr_prefetch,99.2331504822,58,102.61797905
reddit,s64_m64_qsource_fast,1,feature_gather_decode,70.8510875702,58,102.61797905
reddit,s64_m64_qsource_fast,1,fp32_neighbor_reduction,28.3749103546,58,102.61797905
reddit,s64_m64_qsource_fast,1,partial_bf16_conversion,5.87844848633,58,102.61797905
reddit,s64_m64_qsource_fast,1,tile_load,1.58357620239,58,102.61797905
reddit,s64_m64_qsource_fast,1,tile_compute,2.4425983429,58,102.61797905
reddit,s64_m64_qsource_fast,1,tile_store,0.13279914856,58,102.61797905
reddit,s64_m64_qsource_fast,1,output_scatter,0.0741481781006,58,102.61797905
reddit,s64_m64_qsource_fast,1,thread_amx_setup,0.0574588775635,58,102.61797905
reddit,s64_m64_qsource_fast,2,output_zero,0,58,100.848913193
reddit,s64_m64_qsource_fast,2,row_schedule,0.0340938568115,58,100.848913193
reddit,s64_m64_qsource_fast,2,partial_zero,0.134229660034,58,100.848913193
reddit,s64_m64_qsource_fast,2,csr_prefetch,99.5008945465,58,100.848913193
reddit,s64_m64_qsource_fast,2,feature_gather_decode,72.0522403717,58,100.848913193
reddit,s64_m64_qsource_fast,2,fp32_neighbor_reduction,44.6019172668,58,100.848913193
reddit,s64_m64_qsource_fast,2,partial_bf16_conversion,5.91635704041,58,100.848913193
reddit,s64_m64_qsource_fast,2,tile_load,1.57332420349,58,100.848913193
reddit,s64_m64_qsource_fast,2,tile_compute,2.45571136475,58,100.848913193
reddit,s64_m64_qsource_fast,2,tile_store,0.126838684082,58,100.848913193
reddit,s64_m64_qsource_fast,2,output_scatter,0.118255615234,58,100.848913193
reddit,s64_m64_qsource_fast,2,thread_amx_setup,0.0343322753906,58,100.848913193
reddit,s64_m64_qpage_fast,1,output_zero,0,58,96.7509746552
reddit,s64_m64_qpage_fast,1,row_schedule,0.0309944152832,58,96.7509746552
reddit,s64_m64_qpage_fast,1,partial_zero,0.17261505127,58,96.7509746552
reddit,s64_m64_qpage_fast,1,csr_prefetch,99.5581150055,58,96.7509746552
reddit,s64_m64_qpage_fast,1,feature_gather_decode,71.8121528625,58,96.7509746552
reddit,s64_m64_qpage_fast,1,fp32_neighbor_reduction,28.2621383667,58,96.7509746552
reddit,s64_m64_qpage_fast,1,partial_bf16_conversion,5.88917732239,58,96.7509746552
reddit,s64_m64_qpage_fast,1,tile_load,1.55878067017,58,96.7509746552
reddit,s64_m64_qpage_fast,1,tile_compute,2.48074531555,58,96.7509746552
reddit,s64_m64_qpage_fast,1,tile_store,0.114917755127,58,96.7509746552
reddit,s64_m64_qpage_fast,1,output_scatter,0.0724792480469,58,96.7509746552
reddit,s64_m64_qpage_fast,1,thread_amx_setup,0.0452995300293,58,96.7509746552
reddit,s64_m64_qpage_fast,2,output_zero,0,58,103.024959564
reddit,s64_m64_qpage_fast,2,row_schedule,0.0429153442383,58,103.024959564
reddit,s64_m64_qpage_fast,2,partial_zero,0.169038772583,58,103.024959564
reddit,s64_m64_qpage_fast,2,csr_prefetch,98.9806652069,58,103.024959564
reddit,s64_m64_qpage_fast,2,feature_gather_decode,71.2587833405,58,103.024959564
reddit,s64_m64_qpage_fast,2,fp32_neighbor_reduction,28.54180336,58,103.024959564
reddit,s64_m64_qpage_fast,2,partial_bf16_conversion,5.8434009552,58,103.024959564
reddit,s64_m64_qpage_fast,2,tile_load,1.5435218811,58,103.024959564
reddit,s64_m64_qpage_fast,2,tile_compute,2.51626968384,58,103.024959564
reddit,s64_m64_qpage_fast,2,tile_store,0.110864639282,58,103.024959564
reddit,s64_m64_qpage_fast,2,output_scatter,0.119686126709,58,103.024959564
reddit,s64_m64_qpage_fast,2,thread_amx_setup,0.0464916229248,58,103.024959564
mycielskian19,s64_mfull_degree_fast,1,output_zero,0,97,1885.05196571
mycielskian19,s64_mfull_degree_fast,1,row_schedule,0.0643730163574,97,1885.05196571
mycielskian19,s64_mfull_degree_fast,1,partial_zero,0.0662803649902,97,1885.05196571
mycielskian19,s64_mfull_degree_fast,1,csr_prefetch,1189.37039375,97,1885.05196571
mycielskian19,s64_mfull_degree_fast,1,feature_gather_decode,846.73333168,97,1885.05196571
mycielskian19,s64_mfull_degree_fast,1,fp32_neighbor_reduction,336.318016052,97,1885.05196571
mycielskian19,s64_mfull_degree_fast,1,partial_bf16_conversion,0.762939453125,97,1885.05196571
mycielskian19,s64_mfull_degree_fast,1,tile_load,0.390291213989,97,1885.05196571
mycielskian19,s64_mfull_degree_fast,1,tile_compute,0.836610794067,97,1885.05196571
mycielskian19,s64_mfull_degree_fast,1,tile_store,0.0231266021729,97,1885.05196571
mycielskian19,s64_mfull_degree_fast,1,output_scatter,0.142335891724,97,1885.05196571
mycielskian19,s64_mfull_degree_fast,1,thread_amx_setup,0.0479221343994,97,1885.05196571
mycielskian19,s64_mfull_degree_fast,2,output_zero,0,97,1891.97897911
mycielskian19,s64_mfull_degree_fast,2,row_schedule,0.065803527832,97,1891.97897911
mycielskian19,s64_mfull_degree_fast,2,partial_zero,0.0760555267334,97,1891.97897911
mycielskian19,s64_mfull_degree_fast,2,csr_prefetch,1136.92903519,97,1891.97897911
mycielskian19,s64_mfull_degree_fast,2,feature_gather_decode,815.534591675,97,1891.97897911
mycielskian19,s64_mfull_degree_fast,2,fp32_neighbor_reduction,324.486017227,97,1891.97897911
mycielskian19,s64_mfull_degree_fast,2,partial_bf16_conversion,0.72979927063,97,1891.97897911
mycielskian19,s64_mfull_degree_fast,2,tile_load,0.365972518921,97,1891.97897911
mycielskian19,s64_mfull_degree_fast,2,tile_compute,0.803709030151,97,1891.97897911
mycielskian19,s64_mfull_degree_fast,2,tile_store,0.0147819519043,97,1891.97897911
mycielskian19,s64_mfull_degree_fast,2,output_scatter,0.216245651245,97,1891.97897911
mycielskian19,s64_mfull_degree_fast,2,thread_amx_setup,0.051736831665,97,1891.97897911
mycielskian19,s64_mfull_qshuffle_fast,1,output_zero,0,97,2148.42510223
mycielskian19,s64_mfull_qshuffle_fast,1,row_schedule,0.111818313599,97,2148.42510223
mycielskian19,s64_mfull_qshuffle_fast,1,partial_zero,0.0777244567871,97,2148.42510223
mycielskian19,s64_mfull_qshuffle_fast,1,csr_prefetch,1139.60242271,97,2148.42510223
mycielskian19,s64_mfull_qshuffle_fast,1,feature_gather_decode,819.184541702,97,2148.42510223
mycielskian19,s64_mfull_qshuffle_fast,1,fp32_neighbor_reduction,325.416088104,97,2148.42510223
mycielskian19,s64_mfull_qshuffle_fast,1,partial_bf16_conversion,0.70333480835,97,2148.42510223
mycielskian19,s64_mfull_qshuffle_fast,1,tile_load,0.468969345093,97,2148.42510223
mycielskian19,s64_mfull_qshuffle_fast,1,tile_compute,0.858068466187,97,2148.42510223
mycielskian19,s64_mfull_qshuffle_fast,1,tile_store,0.0214576721191,97,2148.42510223
mycielskian19,s64_mfull_qshuffle_fast,1,output_scatter,0.17523765564,97,2148.42510223
mycielskian19,s64_mfull_qshuffle_fast,1,thread_amx_setup,0.0500679016113,97,2148.42510223
mycielskian19,s64_mfull_qshuffle_fast,2,output_zero,0,97,2109.46178436
mycielskian19,s64_mfull_qshuffle_fast,2,row_schedule,0.0946521759033,97,2109.46178436
mycielskian19,s64_mfull_qshuffle_fast,2,partial_zero,0.0650882720947,97,2109.46178436
mycielskian19,s64_mfull_qshuffle_fast,2,csr_prefetch,1136.18063927,97,2109.46178436
mycielskian19,s64_mfull_qshuffle_fast,2,feature_gather_decode,815.972089767,97,2109.46178436
mycielskian19,s64_mfull_qshuffle_fast,2,fp32_neighbor_reduction,324.439287186,97,2109.46178436
mycielskian19,s64_mfull_qshuffle_fast,2,partial_bf16_conversion,0.72455406189,97,2109.46178436
mycielskian19,s64_mfull_qshuffle_fast,2,tile_load,0.46706199646,97,2109.46178436
mycielskian19,s64_mfull_qshuffle_fast,2,tile_compute,0.869989395142,97,2109.46178436
mycielskian19,s64_mfull_qshuffle_fast,2,tile_store,0.0236034393311,97,2109.46178436
mycielskian19,s64_mfull_qshuffle_fast,2,output_scatter,0.228643417358,97,2109.46178436
mycielskian19,s64_mfull_qshuffle_fast,2,thread_amx_setup,0.0534057617188,97,2109.46178436
mycielskian19,s64_mfull_qsource_fast,1,output_zero,0,97,1929.04806137
mycielskian19,s64_mfull_qsource_fast,1,row_schedule,0.0705718994141,97,1929.04806137
mycielskian19,s64_mfull_qsource_fast,1,partial_zero,0.0746250152588,97,1929.04806137
mycielskian19,s64_mfull_qsource_fast,1,csr_prefetch,1188.82441521,97,1929.04806137
mycielskian19,s64_mfull_qsource_fast,1,feature_gather_decode,852.800607681,97,1929.04806137
mycielskian19,s64_mfull_qsource_fast,1,fp32_neighbor_reduction,338.760614395,97,1929.04806137
mycielskian19,s64_mfull_qsource_fast,1,partial_bf16_conversion,0.759124755859,97,1929.04806137
mycielskian19,s64_mfull_qsource_fast,1,tile_load,0.353813171387,97,1929.04806137
mycielskian19,s64_mfull_qsource_fast,1,tile_compute,0.774621963501,97,1929.04806137
mycielskian19,s64_mfull_qsource_fast,1,tile_store,0.0190734863281,97,1929.04806137
mycielskian19,s64_mfull_qsource_fast,1,output_scatter,0.151395797729,97,1929.04806137
mycielskian19,s64_mfull_qsource_fast,1,thread_amx_setup,0.0467300415039,97,1929.04806137
mycielskian19,s64_mfull_qsource_fast,2,output_zero,0,97,1896.05093002
mycielskian19,s64_mfull_qsource_fast,2,row_schedule,0.0631809234619,97,1896.05093002
mycielskian19,s64_mfull_qsource_fast,2,partial_zero,0.0481605529785,97,1896.05093002
mycielskian19,s64_mfull_qsource_fast,2,csr_prefetch,1144.72031593,97,1896.05093002
mycielskian19,s64_mfull_qsource_fast,2,feature_gather_decode,820.192575455,97,1896.05093002
mycielskian19,s64_mfull_qsource_fast,2,fp32_neighbor_reduction,325.8228302,97,1896.05093002
mycielskian19,s64_mfull_qsource_fast,2,partial_bf16_conversion,0.749588012695,97,1896.05093002
mycielskian19,s64_mfull_qsource_fast,2,tile_load,0.349521636963,97,1896.05093002
mycielskian19,s64_mfull_qsource_fast,2,tile_compute,0.809907913208,97,1896.05093002
mycielskian19,s64_mfull_qsource_fast,2,tile_store,0.0238418579102,97,1896.05093002
mycielskian19,s64_mfull_qsource_fast,2,output_scatter,0.22029876709,97,1896.05093002
mycielskian19,s64_mfull_qsource_fast,2,thread_amx_setup,0.0441074371338,97,1896.05093002
mycielskian19,s64_mfull_qpage_fast,1,output_zero,0,97,1819.71478462
mycielskian19,s64_mfull_qpage_fast,1,row_schedule,0.06103515625,97,1819.71478462
mycielskian19,s64_mfull_qpage_fast,1,partial_zero,0.0605583190918,97,1819.71478462
mycielskian19,s64_mfull_qpage_fast,1,csr_prefetch,1165.68303108,97,1819.71478462
mycielskian19,s64_mfull_qpage_fast,1,feature_gather_decode,833.704948425,97,1819.71478462
mycielskian19,s64_mfull_qpage_fast,1,fp32_neighbor_reduction,331.727266312,97,1819.71478462
mycielskian19,s64_mfull_qpage_fast,1,partial_bf16_conversion,0.759601593018,97,1819.71478462
mycielskian19,s64_mfull_qpage_fast,1,tile_load,0.307321548462,97,1819.71478462
mycielskian19,s64_mfull_qpage_fast,1,tile_compute,0.831365585327,97,1819.71478462
mycielskian19,s64_mfull_qpage_fast,1,tile_store,0.0216960906982,97,1819.71478462
mycielskian19,s64_mfull_qpage_fast,1,output_scatter,0.144958496094,97,1819.71478462
mycielskian19,s64_mfull_qpage_fast,1,thread_amx_setup,0.0455379486084,97,1819.71478462
mycielskian19,s64_mfull_qpage_fast,2,output_zero,0,97,1804.3859005
mycielskian19,s64_mfull_qpage_fast,2,row_schedule,0.0555515289307,97,1804.3859005
mycielskian19,s64_mfull_qpage_fast,2,partial_zero,0.0715255737305,97,1804.3859005
mycielskian19,s64_mfull_qpage_fast,2,csr_prefetch,1142.68088341,97,1804.3859005
mycielskian19,s64_mfull_qpage_fast,2,feature_gather_decode,818.957567215,97,1804.3859005
mycielskian19,s64_mfull_qpage_fast,2,fp32_neighbor_reduction,325.220823288,97,1804.3859005
mycielskian19,s64_mfull_qpage_fast,2,partial_bf16_conversion,0.747680664062,97,1804.3859005
mycielskian19,s64_mfull_qpage_fast,2,tile_load,0.305652618408,97,1804.3859005
mycielskian19,s64_mfull_qpage_fast,2,tile_compute,0.784158706665,97,1804.3859005
mycielskian19,s64_mfull_qpage_fast,2,tile_store,0.0238418579102,97,1804.3859005
mycielskian19,s64_mfull_qpage_fast,2,output_scatter,0.213384628296,97,1804.3859005
mycielskian19,s64_mfull_qpage_fast,2,thread_amx_setup,0.0452995300293,97,1804.3859005
mycielskian19,s64_m64_degree_fast,1,output_zero,0,97,1960.86812019
mycielskian19,s64_m64_degree_fast,1,row_schedule,0.0631809234619,97,1960.86812019
mycielskian19,s64_m64_degree_fast,1,partial_zero,1.27792358398,97,1960.86812019
mycielskian19,s64_m64_degree_fast,1,csr_prefetch,1192.09527969,97,1960.86812019
mycielskian19,s64_m64_degree_fast,1,feature_gather_decode,862.330675125,97,1960.86812019
mycielskian19,s64_m64_degree_fast,1,fp32_neighbor_reduction,358.597278595,97,1960.86812019
mycielskian19,s64_m64_degree_fast,1,partial_bf16_conversion,46.7853546143,97,1960.86812019
mycielskian19,s64_m64_degree_fast,1,tile_load,16.4456367493,97,1960.86812019
mycielskian19,s64_m64_degree_fast,1,tile_compute,26.9982814789,97,1960.86812019
mycielskian19,s64_m64_degree_fast,1,tile_store,1.07216835022,97,1960.86812019
mycielskian19,s64_m64_degree_fast,1,output_scatter,0.131130218506,97,1960.86812019
mycielskian19,s64_m64_degree_fast,1,thread_amx_setup,0.0438690185547,97,1960.86812019
mycielskian19,s64_m64_degree_fast,2,output_zero,0,97,1888.43393326
mycielskian19,s64_m64_degree_fast,2,row_schedule,0.0636577606201,97,1888.43393326
mycielskian19,s64_m64_degree_fast,2,partial_zero,1.2948513031,97,1888.43393326
mycielskian19,s64_m64_degree_fast,2,csr_prefetch,1141.41893387,97,1888.43393326
mycielskian19,s64_m64_degree_fast,2,feature_gather_decode,822.696685791,97,1888.43393326
mycielskian19,s64_m64_degree_fast,2,fp32_neighbor_reduction,327.460289001,97,1888.43393326
mycielskian19,s64_m64_degree_fast,2,partial_bf16_conversion,45.149564743,97,1888.43393326
mycielskian19,s64_m64_degree_fast,2,tile_load,15.2297019958,97,1888.43393326
mycielskian19,s64_m64_degree_fast,2,tile_compute,27.4739265442,97,1888.43393326
mycielskian19,s64_m64_degree_fast,2,tile_store,1.10340118408,97,1888.43393326
mycielskian19,s64_m64_degree_fast,2,output_scatter,0.212907791138,97,1888.43393326
mycielskian19,s64_m64_degree_fast,2,thread_amx_setup,0.0355243682861,97,1888.43393326
mycielskian19,s64_m64_qshuffle_fast,1,output_zero,0,97,2200.07801056
mycielskian19,s64_m64_qshuffle_fast,1,row_schedule,0.0789165496826,97,2200.07801056
mycielskian19,s64_m64_qshuffle_fast,1,partial_zero,1.46818161011,97,2200.07801056
mycielskian19,s64_m64_qshuffle_fast,1,csr_prefetch,1240.97156525,97,2200.07801056
mycielskian19,s64_m64_qshuffle_fast,1,feature_gather_decode,900.744438171,97,2200.07801056
mycielskian19,s64_m64_qshuffle_fast,1,fp32_neighbor_reduction,357.149124146,97,2200.07801056
mycielskian19,s64_m64_qshuffle_fast,1,partial_bf16_conversion,48.5837459564,97,2200.07801056
mycielskian19,s64_m64_qshuffle_fast,1,tile_load,18.2816982269,97,2200.07801056
mycielskian19,s64_m64_qshuffle_fast,1,tile_compute,27.2836685181,97,2200.07801056
mycielskian19,s64_m64_qshuffle_fast,1,tile_store,1.04880332947,97,2200.07801056
mycielskian19,s64_m64_qshuffle_fast,1,output_scatter,0.168085098267,97,2200.07801056
mycielskian19,s64_m64_qshuffle_fast,1,thread_amx_setup,0.0419616699219,97,2200.07801056
mycielskian19,s64_m64_qshuffle_fast,2,output_zero,0,97,2212.14413643
mycielskian19,s64_m64_qshuffle_fast,2,row_schedule,0.0853538513184,97,2212.14413643
mycielskian19,s64_m64_qshuffle_fast,2,partial_zero,1.36756896973,97,2212.14413643
mycielskian19,s64_m64_qshuffle_fast,2,csr_prefetch,1182.00731277,97,2212.14413643
mycielskian19,s64_m64_qshuffle_fast,2,feature_gather_decode,853.88469696,97,2212.14413643
mycielskian19,s64_m64_qshuffle_fast,2,fp32_neighbor_reduction,339.872121811,97,2212.14413643
mycielskian19,s64_m64_qshuffle_fast,2,partial_bf16_conversion,46.3888645172,97,2212.14413643
mycielskian19,s64_m64_qshuffle_fast,2,tile_load,17.2896385193,97,2212.14413643
mycielskian19,s64_m64_qshuffle_fast,2,tile_compute,28.4504890442,97,2212.14413643
mycielskian19,s64_m64_qshuffle_fast,2,tile_store,1.07550621033,97,2212.14413643
mycielskian19,s64_m64_qshuffle_fast,2,output_scatter,0.242233276367,97,2212.14413643
mycielskian19,s64_m64_qshuffle_fast,2,thread_amx_setup,0.0476837158203,97,2212.14413643
mycielskian19,s64_m64_qsource_fast,1,output_zero,0,97,1982.61594772
mycielskian19,s64_m64_qsource_fast,1,row_schedule,0.0636577606201,97,1982.61594772
mycielskian19,s64_m64_qsource_fast,1,partial_zero,1.36113166809,97,1982.61594772
mycielskian19,s64_m64_qsource_fast,1,csr_prefetch,1189.30149078,97,1982.61594772
mycielskian19,s64_m64_qsource_fast,1,feature_gather_decode,859.68208313,97,1982.61594772
mycielskian19,s64_m64_qsource_fast,1,fp32_neighbor_reduction,340.815782547,97,1982.61594772
mycielskian19,s64_m64_qsource_fast,1,partial_bf16_conversion,46.7154979706,97,1982.61594772
mycielskian19,s64_m64_qsource_fast,1,tile_load,15.8741474152,97,1982.61594772
mycielskian19,s64_m64_qsource_fast,1,tile_compute,26.9856452942,97,1982.61594772
mycielskian19,s64_m64_qsource_fast,1,tile_store,1.06692314148,97,1982.61594772
mycielskian19,s64_m64_qsource_fast,1,output_scatter,0.133275985718,97,1982.61594772
mycielskian19,s64_m64_qsource_fast,1,thread_amx_setup,0.0479221343994,97,1982.61594772
mycielskian19,s64_m64_qsource_fast,2,output_zero,0,97,1965.05689621
mycielskian19,s64_m64_qsource_fast,2,row_schedule,0.0588893890381,97,1965.05689621
mycielskian19,s64_m64_qsource_fast,2,partial_zero,1.30438804626,97,1965.05689621
mycielskian19,s64_m64_qsource_fast,2,csr_prefetch,1153.96785736,97,1965.05689621
mycielskian19,s64_m64_qsource_fast,2,feature_gather_decode,849.455833435,97,1965.05689621
mycielskian19,s64_m64_qsource_fast,2,fp32_neighbor_reduction,331.32314682,97,1965.05689621
mycielskian19,s64_m64_qsource_fast,2,partial_bf16_conversion,45.5105304718,97,1965.05689621
mycielskian19,s64_m64_qsource_fast,2,tile_load,15.2540206909,97,1965.05689621
mycielskian19,s64_m64_qsource_fast,2,tile_compute,27.34375,97,1965.05689621
mycielskian19,s64_m64_qsource_fast,2,tile_store,1.06978416443,97,1965.05689621
mycielskian19,s64_m64_qsource_fast,2,output_scatter,0.210762023926,97,1965.05689621
mycielskian19,s64_m64_qsource_fast,2,thread_amx_setup,0.03981590271,97,1965.05689621
mycielskian19,s64_m64_qpage_fast,1,output_zero,0,97,1920.18890381
mycielskian19,s64_m64_qpage_fast,1,row_schedule,0.046968460083,97,1920.18890381
mycielskian19,s64_m64_qpage_fast,1,partial_zero,1.27220153809,97,1920.18890381
mycielskian19,s64_m64_qpage_fast,1,csr_prefetch,1145.13492584,97,1920.18890381
mycielskian19,s64_m64_qpage_fast,1,feature_gather_decode,829.405546188,97,1920.18890381
mycielskian19,s64_m64_qpage_fast,1,fp32_neighbor_reduction,328.99928093,97,1920.18890381
mycielskian19,s64_m64_qpage_fast,1,partial_bf16_conversion,45.3157424927,97,1920.18890381
mycielskian19,s64_m64_qpage_fast,1,tile_load,15.0585174561,97,1920.18890381
mycielskian19,s64_m64_qpage_fast,1,tile_compute,27.0891189575,97,1920.18890381
mycielskian19,s64_m64_qpage_fast,1,tile_store,1.05857849121,97,1920.18890381
mycielskian19,s64_m64_qpage_fast,1,output_scatter,0.1220703125,97,1920.18890381
mycielskian19,s64_m64_qpage_fast,1,thread_amx_setup,0.0412464141846,97,1920.18890381
mycielskian19,s64_m64_qpage_fast,2,output_zero,0,97,1855.18598557
mycielskian19,s64_m64_qpage_fast,2,row_schedule,0.053882598877,97,1855.18598557
mycielskian19,s64_m64_qpage_fast,2,partial_zero,1.25956535339,97,1855.18598557
mycielskian19,s64_m64_qpage_fast,2,csr_prefetch,1135.99228859,97,1855.18598557
mycielskian19,s64_m64_qpage_fast,2,feature_gather_decode,819.710016251,97,1855.18598557
mycielskian19,s64_m64_qpage_fast,2,fp32_neighbor_reduction,326.117277145,97,1855.18598557
mycielskian19,s64_m64_qpage_fast,2,partial_bf16_conversion,44.9976921082,97,1855.18598557
mycielskian19,s64_m64_qpage_fast,2,tile_load,14.9295330048,97,1855.18598557
mycielskian19,s64_m64_qpage_fast,2,tile_compute,27.238368988,97,1855.18598557
mycielskian19,s64_m64_qpage_fast,2,tile_store,1.00779533386,97,1855.18598557
mycielskian19,s64_m64_qpage_fast,2,output_scatter,0.207424163818,97,1855.18598557
mycielskian19,s64_m64_qpage_fast,2,thread_amx_setup,0.0479221343994,97,1855.18598557
roadNet-CA,s64_mfull_degree_fast,1,output_zero,0,483,19.0432071686
roadNet-CA,s64_mfull_degree_fast,1,row_schedule,0.149011611938,483,19.0432071686
roadNet-CA,s64_mfull_degree_fast,1,partial_zero,0.193357467651,483,19.0432071686
roadNet-CA,s64_mfull_degree_fast,1,csr_prefetch,3.79705429077,483,19.0432071686
roadNet-CA,s64_mfull_degree_fast,1,feature_gather_decode,3.9963722229,483,19.0432071686
roadNet-CA,s64_mfull_degree_fast,1,fp32_neighbor_reduction,1.38115882874,483,19.0432071686
roadNet-CA,s64_mfull_degree_fast,1,partial_bf16_conversion,3.72552871704,483,19.0432071686
roadNet-CA,s64_mfull_degree_fast,1,tile_load,0.942945480347,483,19.0432071686
roadNet-CA,s64_mfull_degree_fast,1,tile_compute,1.90830230713,483,19.0432071686
roadNet-CA,s64_mfull_degree_fast,1,tile_store,0.0753402709961,483,19.0432071686
roadNet-CA,s64_mfull_degree_fast,1,output_scatter,0.653028488159,483,19.0432071686
roadNet-CA,s64_mfull_degree_fast,1,thread_amx_setup,0.0324249267578,483,19.0432071686
roadNet-CA,s64_mfull_degree_fast,2,output_zero,0,483,15.8598423004
roadNet-CA,s64_mfull_degree_fast,2,row_schedule,0.12731552124,483,15.8598423004
roadNet-CA,s64_mfull_degree_fast,2,partial_zero,0.190734863281,483,15.8598423004
roadNet-CA,s64_mfull_degree_fast,2,csr_prefetch,3.71122360229,483,15.8598423004
roadNet-CA,s64_mfull_degree_fast,2,feature_gather_decode,4.11915779114,483,15.8598423004
roadNet-CA,s64_mfull_degree_fast,2,fp32_neighbor_reduction,1.41954421997,483,15.8598423004
roadNet-CA,s64_mfull_degree_fast,2,partial_bf16_conversion,3.71360778809,483,15.8598423004
roadNet-CA,s64_mfull_degree_fast,2,tile_load,0.90503692627,483,15.8598423004
roadNet-CA,s64_mfull_degree_fast,2,tile_compute,1.92093849182,483,15.8598423004
roadNet-CA,s64_mfull_degree_fast,2,tile_store,0.0796318054199,483,15.8598423004
roadNet-CA,s64_mfull_degree_fast,2,output_scatter,0.976085662842,483,15.8598423004
roadNet-CA,s64_mfull_degree_fast,2,thread_amx_setup,0.0486373901367,483,15.8598423004
roadNet-CA,s64_mfull_qshuffle_fast,1,output_zero,0,483,21.3420391083
roadNet-CA,s64_mfull_qshuffle_fast,1,row_schedule,0.174999237061,483,21.3420391083
roadNet-CA,s64_mfull_qshuffle_fast,1,partial_zero,0.211000442505,483,21.3420391083
roadNet-CA,s64_mfull_qshuffle_fast,1,csr_prefetch,3.86238098145,483,21.3420391083
roadNet-CA,s64_mfull_qshuffle_fast,1,feature_gather_decode,4.22716140747,483,21.3420391083
roadNet-CA,s64_mfull_qshuffle_fast,1,fp32_neighbor_reduction,1.24669075012,483,21.3420391083
roadNet-CA,s64_mfull_qshuffle_fast,1,partial_bf16_conversion,3.66425514221,483,21.3420391083
roadNet-CA,s64_mfull_qshuffle_fast,1,tile_load,0.971078872681,483,21.3420391083
roadNet-CA,s64_mfull_qshuffle_fast,1,tile_compute,1.75786018372,483,21.3420391083
roadNet-CA,s64_mfull_qshuffle_fast,1,tile_store,0.0827312469482,483,21.3420391083
roadNet-CA,s64_mfull_qshuffle_fast,1,output_scatter,0.659465789795,483,21.3420391083
roadNet-CA,s64_mfull_qshuffle_fast,1,thread_amx_setup,0.0288486480713,483,21.3420391083
roadNet-CA,s64_mfull_qshuffle_fast,2,output_zero,0,483,17.9350376129
roadNet-CA,s64_mfull_qshuffle_fast,2,row_schedule,0.166416168213,483,17.9350376129
roadNet-CA,s64_mfull_qshuffle_fast,2,partial_zero,0.20170211792,483,17.9350376129
roadNet-CA,s64_mfull_qshuffle_fast,2,csr_prefetch,3.7248134613,483,17.9350376129
roadNet-CA,s64_mfull_qshuffle_fast,2,feature_gather_decode,4.25004959106,483,17.9350376129
roadNet-CA,s64_mfull_qshuffle_fast,2,fp32_neighbor_reduction,1.30891799927,483,17.9350376129
roadNet-CA,s64_mfull_qshuffle_fast,2,partial_bf16_conversion,3.65090370178,483,17.9350376129
roadNet-CA,s64_mfull_qshuffle_fast,2,tile_load,0.968217849731,483,17.9350376129
roadNet-CA,s64_mfull_qshuffle_fast,2,tile_compute,1.83129310608,483,17.9350376129
roadNet-CA,s64_mfull_qshuffle_fast,2,tile_store,0.08225440979,483,17.9350376129
roadNet-CA,s64_mfull_qshuffle_fast,2,output_scatter,0.9446144104,483,17.9350376129
roadNet-CA,s64_mfull_qshuffle_fast,2,thread_amx_setup,0.0436305999756,483,17.9350376129
roadNet-CA,s64_mfull_qsource_fast,1,output_zero,0,483,21.1520195007
roadNet-CA,s64_mfull_qsource_fast,1,row_schedule,0.153064727783,483,21.1520195007
roadNet-CA,s64_mfull_qsource_fast,1,partial_zero,0.228881835938,483,21.1520195007
roadNet-CA,s64_mfull_qsource_fast,1,csr_prefetch,3.91173362732,483,21.1520195007
roadNet-CA,s64_mfull_qsource_fast,1,feature_gather_decode,4.36687469482,483,21.1520195007
roadNet-CA,s64_mfull_qsource_fast,1,fp32_neighbor_reduction,1.23715400696,483,21.1520195007
roadNet-CA,s64_mfull_qsource_fast,1,partial_bf16_conversion,3.64899635315,483,21.1520195007
roadNet-CA,s64_mfull_qsource_fast,1,tile_load,0.961065292358,483,21.1520195007
roadNet-CA,s64_mfull_qsource_fast,1,tile_compute,1.75428390503,483,21.1520195007
roadNet-CA,s64_mfull_qsource_fast,1,tile_store,0.070333480835,483,21.1520195007
roadNet-CA,s64_mfull_qsource_fast,1,output_scatter,0.673770904541,483,21.1520195007
roadNet-CA,s64_mfull_qsource_fast,1,thread_amx_setup,0.0417232513428,483,21.1520195007
roadNet-CA,s64_mfull_qsource_fast,2,output_zero,0,483,17.8890228271
roadNet-CA,s64_mfull_qsource_fast,2,row_schedule,0.155448913574,483,17.8890228271
roadNet-CA,s64_mfull_qsource_fast,2,partial_zero,0.16450881958,483,17.8890228271
roadNet-CA,s64_mfull_qsource_fast,2,csr_prefetch,3.79395484924,483,17.8890228271
roadNet-CA,s64_mfull_qsource_fast,2,feature_gather_decode,4.2839050293,483,17.8890228271
roadNet-CA,s64_mfull_qsource_fast,2,fp32_neighbor_reduction,1.27506256104,483,17.8890228271
roadNet-CA,s64_mfull_qsource_fast,2,partial_bf16_conversion,3.68356704712,483,17.8890228271
roadNet-CA,s64_mfull_qsource_fast,2,tile_load,0.972747802734,483,17.8890228271
roadNet-CA,s64_mfull_qsource_fast,2,tile_compute,1.80888175964,483,17.8890228271
roadNet-CA,s64_mfull_qsource_fast,2,tile_store,0.0834465026855,483,17.8890228271
roadNet-CA,s64_mfull_qsource_fast,2,output_scatter,0.943422317505,483,17.8890228271
roadNet-CA,s64_mfull_qsource_fast,2,thread_amx_setup,0.0355243682861,483,17.8890228271
roadNet-CA,s64_mfull_qpage_fast,1,output_zero,0,483,20.2422142029
roadNet-CA,s64_mfull_qpage_fast,1,row_schedule,0.159740447998,483,20.2422142029
roadNet-CA,s64_mfull_qpage_fast,1,partial_zero,0.172853469849,483,20.2422142029
roadNet-CA,s64_mfull_qpage_fast,1,csr_prefetch,3.77368927002,483,20.2422142029
roadNet-CA,s64_mfull_qpage_fast,1,feature_gather_decode,4.18519973755,483,20.2422142029
roadNet-CA,s64_mfull_qpage_fast,1,fp32_neighbor_reduction,1.30009651184,483,20.2422142029
roadNet-CA,s64_mfull_qpage_fast,1,partial_bf16_conversion,3.71599197388,483,20.2422142029
roadNet-CA,s64_mfull_qpage_fast,1,tile_load,0.987529754639,483,20.2422142029
roadNet-CA,s64_mfull_qpage_fast,1,tile_compute,1.8196105957,483,20.2422142029
roadNet-CA,s64_mfull_qpage_fast,1,tile_store,0.0917911529541,483,20.2422142029
roadNet-CA,s64_mfull_qpage_fast,1,output_scatter,0.658988952637,483,20.2422142029
roadNet-CA,s64_mfull_qpage_fast,1,thread_amx_setup,0.0317096710205,483,20.2422142029
roadNet-CA,s64_mfull_qpage_fast,2,output_zero,0,483,16.7751312256
roadNet-CA,s64_mfull_qpage_fast,2,row_schedule,0.157117843628,483,16.7751312256
roadNet-CA,s64_mfull_qpage_fast,2,partial_zero,0.198364257812,483,16.7751312256
roadNet-CA,s64_mfull_qpage_fast,2,csr_prefetch,3.6473274231,483,16.7751312256
roadNet-CA,s64_mfull_qpage_fast,2,feature_gather_decode,4.25624847412,483,16.7751312256
roadNet-CA,s64_mfull_qpage_fast,2,fp32_neighbor_reduction,1.36208534241,483,16.7751312256
roadNet-CA,s64_mfull_qpage_fast,2,partial_bf16_conversion,3.66878509521,483,16.7751312256
roadNet-CA,s64_mfull_qpage_fast,2,tile_load,0.963687896729,483,16.7751312256
roadNet-CA,s64_mfull_qpage_fast,2,tile_compute,1.8048286438,483,16.7751312256
roadNet-CA,s64_mfull_qpage_fast,2,tile_store,0.103950500488,483,16.7751312256
roadNet-CA,s64_mfull_qpage_fast,2,output_scatter,0.952243804932,483,16.7751312256
roadNet-CA,s64_mfull_qpage_fast,2,thread_amx_setup,0.0371932983398,483,16.7751312256
roadNet-CA,s64_m64_degree_fast,1,output_zero,0,483,18.9738273621
roadNet-CA,s64_m64_degree_fast,1,row_schedule,0.139474868774,483,18.9738273621
roadNet-CA,s64_m64_degree_fast,1,partial_zero,0.19383430481,483,18.9738273621
roadNet-CA,s64_m64_degree_fast,1,csr_prefetch,3.61108779907,483,18.9738273621
roadNet-CA,s64_m64_degree_fast,1,feature_gather_decode,4.17923927307,483,18.9738273621
roadNet-CA,s64_m64_degree_fast,1,fp32_neighbor_reduction,1.3530254364,483,18.9738273621
roadNet-CA,s64_m64_degree_fast,1,partial_bf16_conversion,3.71813774109,483,18.9738273621
roadNet-CA,s64_m64_degree_fast,1,tile_load,0.934600830078,483,18.9738273621
roadNet-CA,s64_m64_degree_fast,1,tile_compute,1.86443328857,483,18.9738273621
roadNet-CA,s64_m64_degree_fast,1,tile_store,0.0984668731689,483,18.9738273621
roadNet-CA,s64_m64_degree_fast,1,output_scatter,0.632286071777,483,18.9738273621
roadNet-CA,s64_m64_degree_fast,1,thread_amx_setup,0.0314712524414,483,18.9738273621
roadNet-CA,s64_m64_degree_fast,2,output_zero,0,483,16.0140991211
roadNet-CA,s64_m64_degree_fast,2,row_schedule,0.153064727783,483,16.0140991211
roadNet-CA,s64_m64_degree_fast,2,partial_zero,0.187635421753,483,16.0140991211
roadNet-CA,s64_m64_degree_fast,2,csr_prefetch,3.89075279236,483,16.0140991211
roadNet-CA,s64_m64_degree_fast,2,feature_gather_decode,4.15205955505,483,16.0140991211
roadNet-CA,s64_m64_degree_fast,2,fp32_neighbor_reduction,1.2481212616,483,16.0140991211
roadNet-CA,s64_m64_degree_fast,2,partial_bf16_conversion,3.65614891052,483,16.0140991211
roadNet-CA,s64_m64_degree_fast,2,tile_load,0.954866409302,483,16.0140991211
roadNet-CA,s64_m64_degree_fast,2,tile_compute,1.82509422302,483,16.0140991211
roadNet-CA,s64_m64_degree_fast,2,tile_store,0.096321105957,483,16.0140991211
roadNet-CA,s64_m64_degree_fast,2,output_scatter,0.949382781982,483,16.0140991211
roadNet-CA,s64_m64_degree_fast,2,thread_amx_setup,0.0374317169189,483,16.0140991211
roadNet-CA,s64_m64_qshuffle_fast,1,output_zero,0,483,21.3370323181
roadNet-CA,s64_m64_qshuffle_fast,1,row_schedule,0.162363052368,483,21.3370323181
roadNet-CA,s64_m64_qshuffle_fast,1,partial_zero,0.188827514648,483,21.3370323181
roadNet-CA,s64_m64_qshuffle_fast,1,csr_prefetch,3.62539291382,483,21.3370323181
roadNet-CA,s64_m64_qshuffle_fast,1,feature_gather_decode,4.39500808716,483,21.3370323181
roadNet-CA,s64_m64_qshuffle_fast,1,fp32_neighbor_reduction,1.36160850525,483,21.3370323181
roadNet-CA,s64_m64_qshuffle_fast,1,partial_bf16_conversion,3.66473197937,483,21.3370323181
roadNet-CA,s64_m64_qshuffle_fast,1,tile_load,0.967741012573,483,21.3370323181
roadNet-CA,s64_m64_qshuffle_fast,1,tile_compute,1.78956985474,483,21.3370323181
roadNet-CA,s64_m64_qshuffle_fast,1,tile_store,0.0796318054199,483,21.3370323181
roadNet-CA,s64_m64_qshuffle_fast,1,output_scatter,0.686883926392,483,21.3370323181
roadNet-CA,s64_m64_qshuffle_fast,1,thread_amx_setup,0.0271797180176,483,21.3370323181
roadNet-CA,s64_m64_qshuffle_fast,2,output_zero,0,483,17.9860591888
roadNet-CA,s64_m64_qshuffle_fast,2,row_schedule,0.165700912476,483,17.9860591888
roadNet-CA,s64_m64_qshuffle_fast,2,partial_zero,0.185251235962,483,17.9860591888
roadNet-CA,s64_m64_qshuffle_fast,2,csr_prefetch,3.7727355957,483,17.9860591888
roadNet-CA,s64_m64_qshuffle_fast,2,feature_gather_decode,4.23574447632,483,17.9860591888
roadNet-CA,s64_m64_qshuffle_fast,2,fp32_neighbor_reduction,1.25217437744,483,17.9860591888
roadNet-CA,s64_m64_qshuffle_fast,2,partial_bf16_conversion,3.66806983948,483,17.9860591888
roadNet-CA,s64_m64_qshuffle_fast,2,tile_load,0.948667526245,483,17.9860591888
roadNet-CA,s64_m64_qshuffle_fast,2,tile_compute,1.85918807983,483,17.9860591888
roadNet-CA,s64_m64_qshuffle_fast,2,tile_store,0.0731945037842,483,17.9860591888
roadNet-CA,s64_m64_qshuffle_fast,2,output_scatter,0.948905944824,483,17.9860591888
roadNet-CA,s64_m64_qshuffle_fast,2,thread_amx_setup,0.0371932983398,483,17.9860591888
roadNet-CA,s64_m64_qsource_fast,1,output_zero,0.00119209289551,483,21.1448669434
roadNet-CA,s64_m64_qsource_fast,1,row_schedule,0.192403793335,483,21.1448669434
roadNet-CA,s64_m64_qsource_fast,1,partial_zero,0.19097328186,483,21.1448669434
roadNet-CA,s64_m64_qsource_fast,1,csr_prefetch,3.64351272583,483,21.1448669434
roadNet-CA,s64_m64_qsource_fast,1,feature_gather_decode,4.36878204346,483,21.1448669434
roadNet-CA,s64_m64_qsource_fast,1,fp32_neighbor_reduction,1.33395195007,483,21.1448669434
roadNet-CA,s64_m64_qsource_fast,1,partial_bf16_conversion,3.66926193237,483,21.1448669434
roadNet-CA,s64_m64_qsource_fast,1,tile_load,0.979900360107,483,21.1448669434
roadNet-CA,s64_m64_qsource_fast,1,tile_compute,1.7774105072,483,21.1448669434
roadNet-CA,s64_m64_qsource_fast,1,tile_store,0.0865459442139,483,21.1448669434
roadNet-CA,s64_m64_qsource_fast,1,output_scatter,0.669956207275,483,21.1448669434
roadNet-CA,s64_m64_qsource_fast,1,thread_amx_setup,0.0293254852295,483,21.1448669434
roadNet-CA,s64_m64_qsource_fast,2,output_zero,0,483,17.9607868195
roadNet-CA,s64_m64_qsource_fast,2,row_schedule,0.157117843628,483,17.9607868195
roadNet-CA,s64_m64_qsource_fast,2,partial_zero,0.175714492798,483,17.9607868195
roadNet-CA,s64_m64_qsource_fast,2,csr_prefetch,3.81541252136,483,17.9607868195
roadNet-CA,s64_m64_qsource_fast,2,feature_gather_decode,4.19735908508,483,17.9607868195
roadNet-CA,s64_m64_qsource_fast,2,fp32_neighbor_reduction,1.34015083313,483,17.9607868195
roadNet-CA,s64_m64_qsource_fast,2,partial_bf16_conversion,3.6518573761,483,17.9607868195
roadNet-CA,s64_m64_qsource_fast,2,tile_load,0.921964645386,483,17.9607868195
roadNet-CA,s64_m64_qsource_fast,2,tile_compute,1.8150806427,483,17.9607868195
roadNet-CA,s64_m64_qsource_fast,2,tile_store,0.0765323638916,483,17.9607868195
roadNet-CA,s64_m64_qsource_fast,2,output_scatter,0.948190689087,483,17.9607868195
roadNet-CA,s64_m64_qsource_fast,2,thread_amx_setup,0.0336170196533,483,17.9607868195
roadNet-CA,s64_m64_qpage_fast,1,output_zero,0,483,20.2529430389
roadNet-CA,s64_m64_qpage_fast,1,row_schedule,0.14591217041,483,20.2529430389
roadNet-CA,s64_m64_qpage_fast,1,partial_zero,0.195264816284,483,20.2529430389
roadNet-CA,s64_m64_qpage_fast,1,csr_prefetch,3.76963615417,483,20.2529430389
roadNet-CA,s64_m64_qpage_fast,1,feature_gather_decode,4.29606437683,483,20.2529430389
roadNet-CA,s64_m64_qpage_fast,1,fp32_neighbor_reduction,1.26433372498,483,20.2529430389
roadNet-CA,s64_m64_qpage_fast,1,partial_bf16_conversion,3.66377830505,483,20.2529430389
roadNet-CA,s64_m64_qpage_fast,1,tile_load,1.01947784424,483,20.2529430389
roadNet-CA,s64_m64_qpage_fast,1,tile_compute,1.77049636841,483,20.2529430389
roadNet-CA,s64_m64_qpage_fast,1,tile_store,0.0953674316406,483,20.2529430389
roadNet-CA,s64_m64_qpage_fast,1,output_scatter,0.677585601807,483,20.2529430389
roadNet-CA,s64_m64_qpage_fast,1,thread_amx_setup,0.0269412994385,483,20.2529430389
roadNet-CA,s64_m64_qpage_fast,2,output_zero,0,483,16.7899131775
roadNet-CA,s64_m64_qpage_fast,2,row_schedule,0.147581100464,483,16.7899131775
roadNet-CA,s64_m64_qpage_fast,2,partial_zero,0.187873840332,483,16.7899131775
roadNet-CA,s64_m64_qpage_fast,2,csr_prefetch,3.9803981781,483,16.7899131775
roadNet-CA,s64_m64_qpage_fast,2,feature_gather_decode,4.09531593323,483,16.7899131775
roadNet-CA,s64_m64_qpage_fast,2,fp32_neighbor_reduction,1.24502182007,483,16.7899131775
roadNet-CA,s64_m64_qpage_fast,2,partial_bf16_conversion,3.73673439026,483,16.7899131775
roadNet-CA,s64_m64_qpage_fast,2,tile_load,0.97393989563,483,16.7899131775
roadNet-CA,s64_m64_qpage_fast,2,tile_compute,1.88541412354,483,16.7899131775
roadNet-CA,s64_m64_qpage_fast,2,tile_store,0.0989437103271,483,16.7899131775
roadNet-CA,s64_m64_qpage_fast,2,output_scatter,0.958681106567,483,16.7899131775
roadNet-CA,s64_m64_qpage_fast,2,thread_amx_setup,0.0307559967041,483,16.7899131775
wiki-Talk,s64_mfull_degree_fast,1,output_zero,0,586,62.3271465302
wiki-Talk,s64_mfull_degree_fast,1,row_schedule,0.103712081909,586,62.3271465302
wiki-Talk,s64_mfull_degree_fast,1,partial_zero,0.0150203704834,586,62.3271465302
wiki-Talk,s64_mfull_degree_fast,1,csr_prefetch,20.423412323,586,62.3271465302
wiki-Talk,s64_mfull_degree_fast,1,feature_gather_decode,14.6565437317,586,62.3271465302
wiki-Talk,s64_mfull_degree_fast,1,fp32_neighbor_reduction,5.86867332458,586,62.3271465302
wiki-Talk,s64_mfull_degree_fast,1,partial_bf16_conversion,0.293970108032,586,62.3271465302
wiki-Talk,s64_mfull_degree_fast,1,tile_load,0.0846385955811,586,62.3271465302
wiki-Talk,s64_mfull_degree_fast,1,tile_compute,0.14328956604,586,62.3271465302
wiki-Talk,s64_mfull_degree_fast,1,tile_store,0.00929832458496,586,62.3271465302
wiki-Talk,s64_mfull_degree_fast,1,output_scatter,0.404834747314,586,62.3271465302
wiki-Talk,s64_mfull_degree_fast,1,thread_amx_setup,0.0331401824951,586,62.3271465302
wiki-Talk,s64_mfull_degree_fast,2,output_zero,0,586,59.6578121185
wiki-Talk,s64_mfull_degree_fast,2,row_schedule,0.0793933868408,586,59.6578121185
wiki-Talk,s64_mfull_degree_fast,2,partial_zero,0.0138282775879,586,59.6578121185
wiki-Talk,s64_mfull_degree_fast,2,csr_prefetch,20.5171108246,586,59.6578121185
wiki-Talk,s64_mfull_degree_fast,2,feature_gather_decode,14.6999359131,586,59.6578121185
wiki-Talk,s64_mfull_degree_fast,2,fp32_neighbor_reduction,5.77092170715,586,59.6578121185
wiki-Talk,s64_mfull_degree_fast,2,partial_bf16_conversion,0.294208526611,586,59.6578121185
wiki-Talk,s64_mfull_degree_fast,2,tile_load,0.0805854797363,586,59.6578121185
wiki-Talk,s64_mfull_degree_fast,2,tile_compute,0.172853469849,586,59.6578121185
wiki-Talk,s64_mfull_degree_fast,2,tile_store,0.00405311584473,586,59.6578121185
wiki-Talk,s64_mfull_degree_fast,2,output_scatter,0.191450119019,586,59.6578121185
wiki-Talk,s64_mfull_degree_fast,2,thread_amx_setup,0.042200088501,586,59.6578121185
wiki-Talk,s64_mfull_qshuffle_fast,1,output_zero,0,586,63.483953476
wiki-Talk,s64_mfull_qshuffle_fast,1,row_schedule,0.249624252319,586,63.483953476
wiki-Talk,s64_mfull_qshuffle_fast,1,partial_zero,0.00929832458496,586,63.483953476
wiki-Talk,s64_mfull_qshuffle_fast,1,csr_prefetch,20.5793380737,586,63.483953476
wiki-Talk,s64_mfull_qshuffle_fast,1,feature_gather_decode,14.8687362671,586,63.483953476
wiki-Talk,s64_mfull_qshuffle_fast,1,fp32_neighbor_reduction,5.89084625244,586,63.483953476
wiki-Talk,s64_mfull_qshuffle_fast,1,partial_bf16_conversion,0.274658203125,586,63.483953476
wiki-Talk,s64_mfull_qshuffle_fast,1,tile_load,0.0731945037842,586,63.483953476
wiki-Talk,s64_mfull_qshuffle_fast,1,tile_compute,0.139951705933,586,63.483953476
wiki-Talk,s64_mfull_qshuffle_fast,1,tile_store,0.00476837158203,586,63.483953476
wiki-Talk,s64_mfull_qshuffle_fast,1,output_scatter,0.452518463135,586,63.483953476
wiki-Talk,s64_mfull_qshuffle_fast,1,thread_amx_setup,0.0324249267578,586,63.483953476
wiki-Talk,s64_mfull_qshuffle_fast,2,output_zero,0.000953674316406,586,60.4848861694
wiki-Talk,s64_mfull_qshuffle_fast,2,row_schedule,0.226259231567,586,60.4848861694
wiki-Talk,s64_mfull_qshuffle_fast,2,partial_zero,0.0166893005371,586,60.4848861694
wiki-Talk,s64_mfull_qshuffle_fast,2,csr_prefetch,20.6487178802,586,60.4848861694
wiki-Talk,s64_mfull_qshuffle_fast,2,feature_gather_decode,14.7933959961,586,60.4848861694
wiki-Talk,s64_mfull_qshuffle_fast,2,fp32_neighbor_reduction,5.81526756287,586,60.4848861694
wiki-Talk,s64_mfull_qshuffle_fast,2,partial_bf16_conversion,0.279664993286,586,60.4848861694
wiki-Talk,s64_mfull_qshuffle_fast,2,tile_load,0.0722408294678,586,60.4848861694
wiki-Talk,s64_mfull_qshuffle_fast,2,tile_compute,0.153064727783,586,60.4848861694
wiki-Talk,s64_mfull_qshuffle_fast,2,tile_store,0.0102519989014,586,60.4848861694
wiki-Talk,s64_mfull_qshuffle_fast,2,output_scatter,0.230073928833,586,60.4848861694
wiki-Talk,s64_mfull_qshuffle_fast,2,thread_amx_setup,0.03981590271,586,60.4848861694
wiki-Talk,s64_mfull_qsource_fast,1,output_zero,0,586,62.5939369202
wiki-Talk,s64_mfull_qsource_fast,1,row_schedule,0.0879764556885,586,62.5939369202
wiki-Talk,s64_mfull_qsource_fast,1,partial_zero,0.0269412994385,586,62.5939369202
wiki-Talk,s64_mfull_qsource_fast,1,csr_prefetch,20.5693244934,586,62.5939369202
wiki-Talk,s64_mfull_qsource_fast,1,feature_gather_decode,14.7507190704,586,62.5939369202
wiki-Talk,s64_mfull_qsource_fast,1,fp32_neighbor_reduction,5.88631629944,586,62.5939369202
wiki-Talk,s64_mfull_qsource_fast,1,partial_bf16_conversion,0.280857086182,586,62.5939369202
wiki-Talk,s64_mfull_qsource_fast,1,tile_load,0.068187713623,586,62.5939369202
wiki-Talk,s64_mfull_qsource_fast,1,tile_compute,0.149011611938,586,62.5939369202
wiki-Talk,s64_mfull_qsource_fast,1,tile_store,0.00214576721191,586,62.5939369202
wiki-Talk,s64_mfull_qsource_fast,1,output_scatter,0.420331954956,586,62.5939369202
wiki-Talk,s64_mfull_qsource_fast,1,thread_amx_setup,0.0317096710205,586,62.5939369202
wiki-Talk,s64_mfull_qsource_fast,2,output_zero,0,586,61.723947525
wiki-Talk,s64_mfull_qsource_fast,2,row_schedule,0.0767707824707,586,61.723947525
wiki-Talk,s64_mfull_qsource_fast,2,partial_zero,0.018835067749,586,61.723947525
wiki-Talk,s64_mfull_qsource_fast,2,csr_prefetch,20.5733776093,586,61.723947525
wiki-Talk,s64_mfull_qsource_fast,2,feature_gather_decode,14.6985054016,586,61.723947525
wiki-Talk,s64_mfull_qsource_fast,2,fp32_neighbor_reduction,5.86652755737,586,61.723947525
wiki-Talk,s64_mfull_qsource_fast,2,partial_bf16_conversion,0.291585922241,586,61.723947525
wiki-Talk,s64_mfull_qsource_fast,2,tile_load,0.0710487365723,586,61.723947525
wiki-Talk,s64_mfull_qsource_fast,2,tile_compute,0.186920166016,586,61.723947525
wiki-Talk,s64_mfull_qsource_fast,2,tile_store,0.00429153442383,586,61.723947525
wiki-Talk,s64_mfull_qsource_fast,2,output_scatter,0.187635421753,586,61.723947525
wiki-Talk,s64_mfull_qsource_fast,2,thread_amx_setup,0.0436305999756,586,61.723947525
wiki-Talk,s64_mfull_qpage_fast,1,output_zero,0,586,61.5870952606
wiki-Talk,s64_mfull_qpage_fast,1,row_schedule,0.120162963867,586,61.5870952606
wiki-Talk,s64_mfull_qpage_fast,1,partial_zero,0.0195503234863,586,61.5870952606
wiki-Talk,s64_mfull_qpage_fast,1,csr_prefetch,20.4427242279,586,61.5870952606
wiki-Talk,s64_mfull_qpage_fast,1,feature_gather_decode,14.716386795,586,61.5870952606
wiki-Talk,s64_mfull_qpage_fast,1,fp32_neighbor_reduction,5.8376789093,586,61.5870952606
wiki-Talk,s64_mfull_qpage_fast,1,partial_bf16_conversion,0.292778015137,586,61.5870952606
wiki-Talk,s64_mfull_qpage_fast,1,tile_load,0.0765323638916,586,61.5870952606
wiki-Talk,s64_mfull_qpage_fast,1,tile_compute,0.184297561646,586,61.5870952606
wiki-Talk,s64_mfull_qpage_fast,1,tile_store,0.00476837158203,586,61.5870952606
wiki-Talk,s64_mfull_qpage_fast,1,output_scatter,0.394582748413,586,61.5870952606
wiki-Talk,s64_mfull_qpage_fast,1,thread_amx_setup,0.0286102294922,586,61.5870952606
wiki-Talk,s64_mfull_qpage_fast,2,output_zero,0,586,60.6820583344
wiki-Talk,s64_mfull_qpage_fast,2,row_schedule,0.0777244567871,586,60.6820583344
wiki-Talk,s64_mfull_qpage_fast,2,partial_zero,0.0176429748535,586,60.6820583344
wiki-Talk,s64_mfull_qpage_fast,2,csr_prefetch,20.5047130585,586,60.6820583344
wiki-Talk,s64_mfull_qpage_fast,2,feature_gather_decode,14.853477478,586,60.6820583344
wiki-Talk,s64_mfull_qpage_fast,2,fp32_neighbor_reduction,5.92565536499,586,60.6820583344
wiki-Talk,s64_mfull_qpage_fast,2,partial_bf16_conversion,0.292778015137,586,60.6820583344
wiki-Talk,s64_mfull_qpage_fast,2,tile_load,0.0810623168945,586,60.6820583344
wiki-Talk,s64_mfull_qpage_fast,2,tile_compute,0.167608261108,586,60.6820583344
wiki-Talk,s64_mfull_qpage_fast,2,tile_store,0.0112056732178,586,60.6820583344
wiki-Talk,s64_mfull_qpage_fast,2,output_scatter,0.214099884033,586,60.6820583344
wiki-Talk,s64_mfull_qpage_fast,2,thread_amx_setup,0.0393390655518,586,60.6820583344
wiki-Talk,s64_m64_degree_fast,1,output_zero,0,586,85.1089954376
wiki-Talk,s64_m64_degree_fast,1,row_schedule,0.107765197754,586,85.1089954376
wiki-Talk,s64_m64_degree_fast,1,partial_zero,0.300884246826,586,85.1089954376
wiki-Talk,s64_m64_degree_fast,1,csr_prefetch,21.6705799103,586,85.1089954376
wiki-Talk,s64_m64_degree_fast,1,feature_gather_decode,15.7587528229,586,85.1089954376
wiki-Talk,s64_m64_degree_fast,1,fp32_neighbor_reduction,6.22177124023,586,85.1089954376
wiki-Talk,s64_m64_degree_fast,1,partial_bf16_conversion,12.0537281036,586,85.1089954376
wiki-Talk,s64_m64_degree_fast,1,tile_load,3.07726860046,586,85.1089954376
wiki-Talk,s64_m64_degree_fast,1,tile_compute,2.67291069031,586,85.1089954376
wiki-Talk,s64_m64_degree_fast,1,tile_store,0.260353088379,586,85.1089954376
wiki-Talk,s64_m64_degree_fast,1,output_scatter,0.373840332031,586,85.1089954376
wiki-Talk,s64_m64_degree_fast,1,thread_amx_setup,0.0307559967041,586,85.1089954376
wiki-Talk,s64_m64_degree_fast,2,output_zero,0,586,82.2861194611
wiki-Talk,s64_m64_degree_fast,2,row_schedule,0.0679492950439,586,82.2861194611
wiki-Talk,s64_m64_degree_fast,2,partial_zero,0.331163406372,586,82.2861194611
wiki-Talk,s64_m64_degree_fast,2,csr_prefetch,21.448135376,586,82.2861194611
wiki-Talk,s64_m64_degree_fast,2,feature_gather_decode,15.7461166382,586,82.2861194611
wiki-Talk,s64_m64_degree_fast,2,fp32_neighbor_reduction,6.17837905884,586,82.2861194611
wiki-Talk,s64_m64_degree_fast,2,partial_bf16_conversion,12.0902061462,586,82.2861194611
wiki-Talk,s64_m64_degree_fast,2,tile_load,3.07559967041,586,82.2861194611
wiki-Talk,s64_m64_degree_fast,2,tile_compute,2.49743461609,586,82.2861194611
wiki-Talk,s64_m64_degree_fast,2,tile_store,0.264644622803,586,82.2861194611
wiki-Talk,s64_m64_degree_fast,2,output_scatter,0.188589096069,586,82.2861194611
wiki-Talk,s64_m64_degree_fast,2,thread_amx_setup,0.037670135498,586,82.2861194611
wiki-Talk,s64_m64_qshuffle_fast,1,output_zero,0,586,85.5009555817
wiki-Talk,s64_m64_qshuffle_fast,1,row_schedule,0.23341178894,586,85.5009555817
wiki-Talk,s64_m64_qshuffle_fast,1,partial_zero,0.320434570312,586,85.5009555817
wiki-Talk,s64_m64_qshuffle_fast,1,csr_prefetch,21.5728282928,586,85.5009555817
wiki-Talk,s64_m64_qshuffle_fast,1,feature_gather_decode,15.9358978271,586,85.5009555817
wiki-Talk,s64_m64_qshuffle_fast,1,fp32_neighbor_reduction,6.2267780304,586,85.5009555817
wiki-Talk,s64_m64_qshuffle_fast,1,partial_bf16_conversion,12.0522975922,586,85.5009555817
wiki-Talk,s64_m64_qshuffle_fast,1,tile_load,3.11994552612,586,85.5009555817
wiki-Talk,s64_m64_qshuffle_fast,1,tile_compute,2.47001647949,586,85.5009555817
wiki-Talk,s64_m64_qshuffle_fast,1,tile_store,0.243425369263,586,85.5009555817
wiki-Talk,s64_m64_qshuffle_fast,1,output_scatter,0.446081161499,586,85.5009555817
wiki-Talk,s64_m64_qshuffle_fast,1,thread_amx_setup,0.0288486480713,586,85.5009555817
wiki-Talk,s64_m64_qshuffle_fast,2,output_zero,0.000953674316406,586,83.9200019836
wiki-Talk,s64_m64_qshuffle_fast,2,row_schedule,0.216722488403,586,83.9200019836
wiki-Talk,s64_m64_qshuffle_fast,2,partial_zero,0.338554382324,586,83.9200019836
wiki-Talk,s64_m64_qshuffle_fast,2,csr_prefetch,21.6028690338,586,83.9200019836
wiki-Talk,s64_m64_qshuffle_fast,2,feature_gather_decode,15.9780979156,586,83.9200019836
wiki-Talk,s64_m64_qshuffle_fast,2,fp32_neighbor_reduction,6.21485710144,586,83.9200019836
wiki-Talk,s64_m64_qshuffle_fast,2,partial_bf16_conversion,12.0675563812,586,83.9200019836
wiki-Talk,s64_m64_qshuffle_fast,2,tile_load,3.01837921143,586,83.9200019836
wiki-Talk,s64_m64_qshuffle_fast,2,tile_compute,2.4836063385,586,83.9200019836
wiki-Talk,s64_m64_qshuffle_fast,2,tile_store,0.29182434082,586,83.9200019836
wiki-Talk,s64_m64_qshuffle_fast,2,output_scatter,0.221252441406,586,83.9200019836
wiki-Talk,s64_m64_qshuffle_fast,2,thread_amx_setup,0.0374317169189,586,83.9200019836
wiki-Talk,s64_m64_qsource_fast,1,output_zero,0,586,86.0238075256
wiki-Talk,s64_m64_qsource_fast,1,row_schedule,0.110626220703,586,86.0238075256
wiki-Talk,s64_m64_qsource_fast,1,partial_zero,0.287771224976,586,86.0238075256
wiki-Talk,s64_m64_qsource_fast,1,csr_prefetch,21.5799808502,586,86.0238075256
wiki-Talk,s64_m64_qsource_fast,1,feature_gather_decode,15.9065723419,586,86.0238075256
wiki-Talk,s64_m64_qsource_fast,1,fp32_neighbor_reduction,6.20174407959,586,86.0238075256
wiki-Talk,s64_m64_qsource_fast,1,partial_bf16_conversion,12.101650238,586,86.0238075256
wiki-Talk,s64_m64_qsource_fast,1,tile_load,3.02839279175,586,86.0238075256
wiki-Talk,s64_m64_qsource_fast,1,tile_compute,2.49242782593,586,86.0238075256
wiki-Talk,s64_m64_qsource_fast,1,tile_store,0.298500061035,586,86.0238075256
wiki-Talk,s64_m64_qsource_fast,1,output_scatter,0.39529800415,586,86.0238075256
wiki-Talk,s64_m64_qsource_fast,1,thread_amx_setup,0.0307559967041,586,86.0238075256
wiki-Talk,s64_m64_qsource_fast,2,output_zero,0,586,84.9010944366
wiki-Talk,s64_m64_qsource_fast,2,row_schedule,0.0829696655273,586,84.9010944366
wiki-Talk,s64_m64_qsource_fast,2,partial_zero,0.30255317688,586,84.9010944366
wiki-Talk,s64_m64_qsource_fast,2,csr_prefetch,21.6157436371,586,84.9010944366
wiki-Talk,s64_m64_qsource_fast,2,feature_gather_decode,15.8395767212,586,84.9010944366
wiki-Talk,s64_m64_qsource_fast,2,fp32_neighbor_reduction,6.25514984131,586,84.9010944366
wiki-Talk,s64_m64_qsource_fast,2,partial_bf16_conversion,12.081861496,586,84.9010944366
wiki-Talk,s64_m64_qsource_fast,2,tile_load,3.05891036987,586,84.9010944366
wiki-Talk,s64_m64_qsource_fast,2,tile_compute,2.52842903137,586,84.9010944366
wiki-Talk,s64_m64_qsource_fast,2,tile_store,0.277996063232,586,84.9010944366
wiki-Talk,s64_m64_qsource_fast,2,output_scatter,0.183582305908,586,84.9010944366
wiki-Talk,s64_m64_qsource_fast,2,thread_amx_setup,0.042200088501,586,84.9010944366
wiki-Talk,s64_m64_qpage_fast,1,output_zero,0,586,84.6190452576
wiki-Talk,s64_m64_qpage_fast,1,row_schedule,0.106811523438,586,84.6190452576
wiki-Talk,s64_m64_qpage_fast,1,partial_zero,0.293731689453,586,84.6190452576
wiki-Talk,s64_m64_qpage_fast,1,csr_prefetch,21.5966701508,586,84.6190452576
wiki-Talk,s64_m64_qpage_fast,1,feature_gather_decode,15.9940719604,586,84.6190452576
wiki-Talk,s64_m64_qpage_fast,1,fp32_neighbor_reduction,6.14523887634,586,84.6190452576
wiki-Talk,s64_m64_qpage_fast,1,partial_bf16_conversion,12.0747089386,586,84.6190452576
wiki-Talk,s64_m64_qpage_fast,1,tile_load,3.02791595459,586,84.6190452576
wiki-Talk,s64_m64_qpage_fast,1,tile_compute,2.53534317017,586,84.6190452576
wiki-Talk,s64_m64_qpage_fast,1,tile_store,0.270128250122,586,84.6190452576
wiki-Talk,s64_m64_qpage_fast,1,output_scatter,0.396728515625,586,84.6190452576
wiki-Talk,s64_m64_qpage_fast,1,thread_amx_setup,0.0312328338623,586,84.6190452576
wiki-Talk,s64_m64_qpage_fast,2,output_zero,0,586,83.4951400757
wiki-Talk,s64_m64_qpage_fast,2,row_schedule,0.0615119934082,586,83.4951400757
wiki-Talk,s64_m64_qpage_fast,2,partial_zero,0.293016433716,586,83.4951400757
wiki-Talk,s64_m64_qpage_fast,2,csr_prefetch,21.5232372284,586,83.4951400757
wiki-Talk,s64_m64_qpage_fast,2,feature_gather_decode,15.7968997955,586,83.4951400757
wiki-Talk,s64_m64_qpage_fast,2,fp32_neighbor_reduction,6.18362426758,586,83.4951400757
wiki-Talk,s64_m64_qpage_fast,2,partial_bf16_conversion,12.042760849,586,83.4951400757
wiki-Talk,s64_m64_qpage_fast,2,tile_load,3.05008888245,586,83.4951400757
wiki-Talk,s64_m64_qpage_fast,2,tile_compute,2.50959396362,586,83.4951400757
wiki-Talk,s64_m64_qpage_fast,2,tile_store,0.268459320068,586,83.4951400757
wiki-Talk,s64_m64_qpage_fast,2,output_scatter,0.207185745239,586,83.4951400757
wiki-Talk,s64_m64_qpage_fast,2,thread_amx_setup,0.0402927398682,586,83.4951400757
hollywood-2009,s64_mfull_degree_fast,1,output_zero,0,280,111.738920212
hollywood-2009,s64_mfull_degree_fast,1,row_schedule,0.135183334351,280,111.738920212
hollywood-2009,s64_mfull_degree_fast,1,partial_zero,0.133991241455,280,111.738920212
hollywood-2009,s64_mfull_degree_fast,1,csr_prefetch,91.9463634491,280,111.738920212
hollywood-2009,s64_mfull_degree_fast,1,feature_gather_decode,67.7709579468,280,111.738920212
hollywood-2009,s64_mfull_degree_fast,1,fp32_neighbor_reduction,26.1504650116,280,111.738920212
hollywood-2009,s64_mfull_degree_fast,1,partial_bf16_conversion,2.19535827637,280,111.738920212
hollywood-2009,s64_mfull_degree_fast,1,tile_load,0.558614730835,280,111.738920212
hollywood-2009,s64_mfull_degree_fast,1,tile_compute,1.12009048462,280,111.738920212
hollywood-2009,s64_mfull_degree_fast,1,tile_store,0.0593662261963,280,111.738920212
hollywood-2009,s64_mfull_degree_fast,1,output_scatter,0.402450561523,280,111.738920212
hollywood-2009,s64_mfull_degree_fast,1,thread_amx_setup,0.0441074371338,280,111.738920212
hollywood-2009,s64_mfull_degree_fast,2,output_zero,0,280,102.33092308
hollywood-2009,s64_mfull_degree_fast,2,row_schedule,0.13279914856,280,102.33092308
hollywood-2009,s64_mfull_degree_fast,2,partial_zero,0.144004821777,280,102.33092308
hollywood-2009,s64_mfull_degree_fast,2,csr_prefetch,93.0256843567,280,102.33092308
hollywood-2009,s64_mfull_degree_fast,2,feature_gather_decode,67.6057338715,280,102.33092308
hollywood-2009,s64_mfull_degree_fast,2,fp32_neighbor_reduction,26.4070034027,280,102.33092308
hollywood-2009,s64_mfull_degree_fast,2,partial_bf16_conversion,2.21490859985,280,102.33092308
hollywood-2009,s64_mfull_degree_fast,2,tile_load,0.585317611694,280,102.33092308
hollywood-2009,s64_mfull_degree_fast,2,tile_compute,1.04069709778,280,102.33092308
hollywood-2009,s64_mfull_degree_fast,2,tile_store,0.0412464141846,280,102.33092308
hollywood-2009,s64_mfull_degree_fast,2,output_scatter,0.570297241211,280,102.33092308
hollywood-2009,s64_mfull_degree_fast,2,thread_amx_setup,0.035285949707,280,102.33092308
hollywood-2009,s64_mfull_qshuffle_fast,1,output_zero,0,280,118.891954422
hollywood-2009,s64_mfull_qshuffle_fast,1,row_schedule,0.157117843628,280,118.891954422
hollywood-2009,s64_mfull_qshuffle_fast,1,partial_zero,0.139713287354,280,118.891954422
hollywood-2009,s64_mfull_qshuffle_fast,1,csr_prefetch,90.8706188202,280,118.891954422
hollywood-2009,s64_mfull_qshuffle_fast,1,feature_gather_decode,65.6821727753,280,118.891954422
hollywood-2009,s64_mfull_qshuffle_fast,1,fp32_neighbor_reduction,25.910615921,280,118.891954422
hollywood-2009,s64_mfull_qshuffle_fast,1,partial_bf16_conversion,2.09760665894,280,118.891954422
hollywood-2009,s64_mfull_qshuffle_fast,1,tile_load,0.570774078369,280,118.891954422
hollywood-2009,s64_mfull_qshuffle_fast,1,tile_compute,1.01375579834,280,118.891954422
hollywood-2009,s64_mfull_qshuffle_fast,1,tile_store,0.0541210174561,280,118.891954422
hollywood-2009,s64_mfull_qshuffle_fast,1,output_scatter,0.379085540771,280,118.891954422
hollywood-2009,s64_mfull_qshuffle_fast,1,thread_amx_setup,0.0400543212891,280,118.891954422
hollywood-2009,s64_mfull_qshuffle_fast,2,output_zero,0.000953674316406,280,107.210159302
hollywood-2009,s64_mfull_qshuffle_fast,2,row_schedule,0.150918960571,280,107.210159302
hollywood-2009,s64_mfull_qshuffle_fast,2,partial_zero,0.156164169312,280,107.210159302
hollywood-2009,s64_mfull_qshuffle_fast,2,csr_prefetch,90.8527374268,280,107.210159302
hollywood-2009,s64_mfull_qshuffle_fast,2,feature_gather_decode,65.2606487274,280,107.210159302
hollywood-2009,s64_mfull_qshuffle_fast,2,fp32_neighbor_reduction,25.7983207703,280,107.210159302
hollywood-2009,s64_mfull_qshuffle_fast,2,partial_bf16_conversion,2.10642814636,280,107.210159302
hollywood-2009,s64_mfull_qshuffle_fast,2,tile_load,0.578641891479,280,107.210159302
hollywood-2009,s64_mfull_qshuffle_fast,2,tile_compute,0.930547714233,280,107.210159302
hollywood-2009,s64_mfull_qshuffle_fast,2,tile_store,0.0433921813965,280,107.210159302
hollywood-2009,s64_mfull_qshuffle_fast,2,output_scatter,0.593900680542,280,107.210159302
hollywood-2009,s64_mfull_qshuffle_fast,2,thread_amx_setup,0.0391006469727,280,107.210159302
hollywood-2009,s64_mfull_qsource_fast,1,output_zero,0,280,102.891206741
hollywood-2009,s64_mfull_qsource_fast,1,row_schedule,0.153541564941,280,102.891206741
hollywood-2009,s64_mfull_qsource_fast,1,partial_zero,0.140190124512,280,102.891206741
hollywood-2009,s64_mfull_qsource_fast,1,csr_prefetch,95.6084728241,280,102.891206741
hollywood-2009,s64_mfull_qsource_fast,1,feature_gather_decode,70.1184272766,280,102.891206741
hollywood-2009,s64_mfull_qsource_fast,1,fp32_neighbor_reduction,26.9863605499,280,102.891206741
hollywood-2009,s64_mfull_qsource_fast,1,partial_bf16_conversion,2.22253799438,280,102.891206741
hollywood-2009,s64_mfull_qsource_fast,1,tile_load,0.561952590942,280,102.891206741
hollywood-2009,s64_mfull_qsource_fast,1,tile_compute,1.0769367218,280,102.891206741
hollywood-2009,s64_mfull_qsource_fast,1,tile_store,0.0483989715576,280,102.891206741
hollywood-2009,s64_mfull_qsource_fast,1,output_scatter,0.388622283936,280,102.891206741
hollywood-2009,s64_mfull_qsource_fast,1,thread_amx_setup,0.0433921813965,280,102.891206741
hollywood-2009,s64_mfull_qsource_fast,2,output_zero,0,280,94.3369865417
hollywood-2009,s64_mfull_qsource_fast,2,row_schedule,0.139951705933,280,94.3369865417
hollywood-2009,s64_mfull_qsource_fast,2,partial_zero,0.152826309204,280,94.3369865417
hollywood-2009,s64_mfull_qsource_fast,2,csr_prefetch,95.5095291138,280,94.3369865417
hollywood-2009,s64_mfull_qsource_fast,2,feature_gather_decode,68.5098171234,280,94.3369865417
hollywood-2009,s64_mfull_qsource_fast,2,fp32_neighbor_reduction,27.2746086121,280,94.3369865417
hollywood-2009,s64_mfull_qsource_fast,2,partial_bf16_conversion,2.25186347961,280,94.3369865417
hollywood-2009,s64_mfull_qsource_fast,2,tile_load,0.570058822632,280,94.3369865417
hollywood-2009,s64_mfull_qsource_fast,2,tile_compute,1.06287002563,280,94.3369865417
hollywood-2009,s64_mfull_qsource_fast,2,tile_store,0.0391006469727,280,94.3369865417
hollywood-2009,s64_mfull_qsource_fast,2,output_scatter,0.601291656494,280,94.3369865417
hollywood-2009,s64_mfull_qsource_fast,2,thread_amx_setup,0.0381469726562,280,94.3369865417
hollywood-2009,s64_mfull_qpage_fast,1,output_zero,0,280,110.949039459
hollywood-2009,s64_mfull_qpage_fast,1,row_schedule,0.143051147461,280,110.949039459
hollywood-2009,s64_mfull_qpage_fast,1,partial_zero,0.128984451294,280,110.949039459
hollywood-2009,s64_mfull_qpage_fast,1,csr_prefetch,94.738483429,280,110.949039459
hollywood-2009,s64_mfull_qpage_fast,1,feature_gather_decode,68.5937404633,280,110.949039459
hollywood-2009,s64_mfull_qpage_fast,1,fp32_neighbor_reduction,27.3401737213,280,110.949039459
hollywood-2009,s64_mfull_qpage_fast,1,partial_bf16_conversion,2.23779678345,280,110.949039459
hollywood-2009,s64_mfull_qpage_fast,1,tile_load,0.596046447754,280,110.949039459
hollywood-2009,s64_mfull_qpage_fast,1,tile_compute,1.13344192505,280,110.949039459
hollywood-2009,s64_mfull_qpage_fast,1,tile_store,0.0500679016113,280,110.949039459
hollywood-2009,s64_mfull_qpage_fast,1,output_scatter,0.373601913452,280,110.949039459
hollywood-2009,s64_mfull_qpage_fast,1,thread_amx_setup,0.0462532043457,280,110.949039459
hollywood-2009,s64_mfull_qpage_fast,2,output_zero,0,280,106.282949448
hollywood-2009,s64_mfull_qpage_fast,2,row_schedule,0.139951705933,280,106.282949448
hollywood-2009,s64_mfull_qpage_fast,2,partial_zero,0.13256072998,280,106.282949448
hollywood-2009,s64_mfull_qpage_fast,2,csr_prefetch,94.2862033844,280,106.282949448
hollywood-2009,s64_mfull_qpage_fast,2,feature_gather_decode,68.4213638306,280,106.282949448
hollywood-2009,s64_mfull_qpage_fast,2,fp32_neighbor_reduction,27.4732112885,280,106.282949448
hollywood-2009,s64_mfull_qpage_fast,2,partial_bf16_conversion,2.25806236267,280,106.282949448
hollywood-2009,s64_mfull_qpage_fast,2,tile_load,0.628232955933,280,106.282949448
hollywood-2009,s64_mfull_qpage_fast,2,tile_compute,1.07264518738,280,106.282949448
hollywood-2009,s64_mfull_qpage_fast,2,tile_store,0.049352645874,280,106.282949448
hollywood-2009,s64_mfull_qpage_fast,2,output_scatter,0.592470169067,280,106.282949448
hollywood-2009,s64_mfull_qpage_fast,2,thread_amx_setup,0.0429153442383,280,106.282949448
hollywood-2009,s64_m64_degree_fast,1,output_zero,0,280,112.11681366
hollywood-2009,s64_m64_degree_fast,1,row_schedule,0.137090682983,280,112.11681366
hollywood-2009,s64_m64_degree_fast,1,partial_zero,0.258207321167,280,112.11681366
hollywood-2009,s64_m64_degree_fast,1,csr_prefetch,92.1981334686,280,112.11681366
hollywood-2009,s64_m64_degree_fast,1,feature_gather_decode,66.4126873016,280,112.11681366
hollywood-2009,s64_m64_degree_fast,1,fp32_neighbor_reduction,26.5095233917,280,112.11681366
hollywood-2009,s64_m64_degree_fast,1,partial_bf16_conversion,6.08038902283,280,112.11681366
hollywood-2009,s64_m64_degree_fast,1,tile_load,1.80244445801,280,112.11681366
hollywood-2009,s64_m64_degree_fast,1,tile_compute,2.69865989685,280,112.11681366
hollywood-2009,s64_m64_degree_fast,1,tile_store,0.144958496094,280,112.11681366
hollywood-2009,s64_m64_degree_fast,1,output_scatter,0.355243682861,280,112.11681366
hollywood-2009,s64_m64_degree_fast,1,thread_amx_setup,0.0410079956055,280,112.11681366
hollywood-2009,s64_m64_degree_fast,2,output_zero,0,280,109.496116638
hollywood-2009,s64_m64_degree_fast,2,row_schedule,0.146150588989,280,109.496116638
hollywood-2009,s64_m64_degree_fast,2,partial_zero,0.232696533203,280,109.496116638
hollywood-2009,s64_m64_degree_fast,2,csr_prefetch,92.4129486084,280,109.496116638
hollywood-2009,s64_m64_degree_fast,2,feature_gather_decode,66.9159889221,280,109.496116638
hollywood-2009,s64_m64_degree_fast,2,fp32_neighbor_reduction,26.3433456421,280,109.496116638
hollywood-2009,s64_m64_degree_fast,2,partial_bf16_conversion,6.16431236267,280,109.496116638
hollywood-2009,s64_m64_degree_fast,2,tile_load,1.79672241211,280,109.496116638
hollywood-2009,s64_m64_degree_fast,2,tile_compute,2.83074378967,280,109.496116638
hollywood-2009,s64_m64_degree_fast,2,tile_store,0.151872634888,280,109.496116638
hollywood-2009,s64_m64_degree_fast,2,output_scatter,0.57053565979,280,109.496116638
hollywood-2009,s64_m64_degree_fast,2,thread_amx_setup,0.044584274292,280,109.496116638
hollywood-2009,s64_m64_qshuffle_fast,1,output_zero,0,280,115.298986435
hollywood-2009,s64_m64_qshuffle_fast,1,row_schedule,0.175714492798,280,115.298986435
hollywood-2009,s64_m64_qshuffle_fast,1,partial_zero,0.248432159424,280,115.298986435
hollywood-2009,s64_m64_qshuffle_fast,1,csr_prefetch,92.9992198944,280,115.298986435
hollywood-2009,s64_m64_qshuffle_fast,1,feature_gather_decode,67.8043365479,280,115.298986435
hollywood-2009,s64_m64_qshuffle_fast,1,fp32_neighbor_reduction,26.6904830933,280,115.298986435
hollywood-2009,s64_m64_qshuffle_fast,1,partial_bf16_conversion,6.16955757141,280,115.298986435
hollywood-2009,s64_m64_qshuffle_fast,1,tile_load,1.85346603394,280,115.298986435
hollywood-2009,s64_m64_qshuffle_fast,1,tile_compute,2.48456001282,280,115.298986435
hollywood-2009,s64_m64_qshuffle_fast,1,tile_store,0.136375427246,280,115.298986435
hollywood-2009,s64_m64_qshuffle_fast,1,output_scatter,0.383138656616,280,115.298986435
hollywood-2009,s64_m64_qshuffle_fast,1,thread_amx_setup,0.0412464141846,280,115.298986435
hollywood-2009,s64_m64_qshuffle_fast,2,output_zero,0,280,114.895105362
hollywood-2009,s64_m64_qshuffle_fast,2,row_schedule,0.167846679688,280,114.895105362
hollywood-2009,s64_m64_qshuffle_fast,2,partial_zero,0.247240066528,280,114.895105362
hollywood-2009,s64_m64_qshuffle_fast,2,csr_prefetch,90.4581546783,280,114.895105362
hollywood-2009,s64_m64_qshuffle_fast,2,feature_gather_decode,66.3721561432,280,114.895105362
hollywood-2009,s64_m64_qshuffle_fast,2,fp32_neighbor_reduction,25.9552001953,280,114.895105362
hollywood-2009,s64_m64_qshuffle_fast,2,partial_bf16_conversion,6.09040260315,280,114.895105362
hollywood-2009,s64_m64_qshuffle_fast,2,tile_load,1.83296203613,280,114.895105362
hollywood-2009,s64_m64_qshuffle_fast,2,tile_compute,2.52676010132,280,114.895105362
hollywood-2009,s64_m64_qshuffle_fast,2,tile_store,0.138521194458,280,114.895105362
hollywood-2009,s64_m64_qshuffle_fast,2,output_scatter,0.583648681641,280,114.895105362
hollywood-2009,s64_m64_qshuffle_fast,2,thread_amx_setup,0.0405311584473,280,114.895105362
hollywood-2009,s64_m64_qsource_fast,1,output_zero,0,280,100.203037262
hollywood-2009,s64_m64_qsource_fast,1,row_schedule,0.147104263306,280,100.203037262
hollywood-2009,s64_m64_qsource_fast,1,partial_zero,0.240564346313,280,100.203037262
hollywood-2009,s64_m64_qsource_fast,1,csr_prefetch,93.132019043,280,100.203037262
hollywood-2009,s64_m64_qsource_fast,1,feature_gather_decode,68.3128833771,280,100.203037262
hollywood-2009,s64_m64_qsource_fast,1,fp32_neighbor_reduction,26.6175270081,280,100.203037262
hollywood-2009,s64_m64_qsource_fast,1,partial_bf16_conversion,6.23846054077,280,100.203037262
hollywood-2009,s64_m64_qsource_fast,1,tile_load,1.75309181213,280,100.203037262
hollywood-2009,s64_m64_qsource_fast,1,tile_compute,2.84337997437,280,100.203037262
hollywood-2009,s64_m64_qsource_fast,1,tile_store,0.136375427246,280,100.203037262
hollywood-2009,s64_m64_qsource_fast,1,output_scatter,0.398397445679,280,100.203037262
hollywood-2009,s64_m64_qsource_fast,1,thread_amx_setup,0.0393390655518,280,100.203037262
hollywood-2009,s64_m64_qsource_fast,2,output_zero,0,280,100.990056992
hollywood-2009,s64_m64_qsource_fast,2,row_schedule,0.155448913574,280,100.990056992
hollywood-2009,s64_m64_qsource_fast,2,partial_zero,0.248908996582,280,100.990056992
hollywood-2009,s64_m64_qsource_fast,2,csr_prefetch,93.9099788666,280,100.990056992
hollywood-2009,s64_m64_qsource_fast,2,feature_gather_decode,68.2072639465,280,100.990056992
hollywood-2009,s64_m64_qsource_fast,2,fp32_neighbor_reduction,26.8762111664,280,100.990056992
hollywood-2009,s64_m64_qsource_fast,2,partial_bf16_conversion,6.23726844788,280,100.990056992
hollywood-2009,s64_m64_qsource_fast,2,tile_load,1.83439254761,280,100.990056992
hollywood-2009,s64_m64_qsource_fast,2,tile_compute,2.67887115479,280,100.990056992
hollywood-2009,s64_m64_qsource_fast,2,tile_store,0.121355056763,280,100.990056992
hollywood-2009,s64_m64_qsource_fast,2,output_scatter,0.579595565796,280,100.990056992
hollywood-2009,s64_m64_qsource_fast,2,thread_amx_setup,0.0495910644531,280,100.990056992
hollywood-2009,s64_m64_qpage_fast,1,output_zero,0,280,95.0920581818
hollywood-2009,s64_m64_qpage_fast,1,row_schedule,0.138998031616,280,95.0920581818
hollywood-2009,s64_m64_qpage_fast,1,partial_zero,0.236034393311,280,95.0920581818
hollywood-2009,s64_m64_qpage_fast,1,csr_prefetch,93.8408374786,280,95.0920581818
hollywood-2009,s64_m64_qpage_fast,1,feature_gather_decode,68.3867931366,280,95.0920581818
hollywood-2009,s64_m64_qpage_fast,1,fp32_neighbor_reduction,27.2207260132,280,95.0920581818
hollywood-2009,s64_m64_qpage_fast,1,partial_bf16_conversion,6.28423690796,280,95.0920581818
hollywood-2009,s64_m64_qpage_fast,1,tile_load,1.8355846405,280,95.0920581818
hollywood-2009,s64_m64_qpage_fast,1,tile_compute,2.74753570557,280,95.0920581818
hollywood-2009,s64_m64_qpage_fast,1,tile_store,0.144958496094,280,95.0920581818
hollywood-2009,s64_m64_qpage_fast,1,output_scatter,0.359773635864,280,95.0920581818
hollywood-2009,s64_m64_qpage_fast,1,thread_amx_setup,0.0414848327637,280,95.0920581818
hollywood-2009,s64_m64_qpage_fast,2,output_zero,0,280,110.947847366
hollywood-2009,s64_m64_qpage_fast,2,row_schedule,0.129461288452,280,110.947847366
hollywood-2009,s64_m64_qpage_fast,2,partial_zero,0.248670578003,280,110.947847366
hollywood-2009,s64_m64_qpage_fast,2,csr_prefetch,94.4185256958,280,110.947847366
hollywood-2009,s64_m64_qpage_fast,2,feature_gather_decode,67.6832199097,280,110.947847366
hollywood-2009,s64_m64_qpage_fast,2,fp32_neighbor_reduction,26.9086360931,280,110.947847366
hollywood-2009,s64_m64_qpage_fast,2,partial_bf16_conversion,6.24871253967,280,110.947847366
hollywood-2009,s64_m64_qpage_fast,2,tile_load,1.8298625946,280,110.947847366
hollywood-2009,s64_m64_qpage_fast,2,tile_compute,2.71558761597,280,110.947847366
hollywood-2009,s64_m64_qpage_fast,2,tile_store,0.13256072998,280,110.947847366
hollywood-2009,s64_m64_qpage_fast,2,output_scatter,0.594139099121,280,110.947847366
hollywood-2009,s64_m64_qpage_fast,2,thread_amx_setup,0.0412464141846,280,110.947847366
indochina-2004,s64_mfull_degree_fast,1,output_zero,0,1812,179.07500267
indochina-2004,s64_mfull_degree_fast,1,row_schedule,0.566244125366,1812,179.07500267
indochina-2004,s64_mfull_degree_fast,1,partial_zero,0.619888305664,1812,179.07500267
indochina-2004,s64_mfull_degree_fast,1,csr_prefetch,165.951490402,1812,179.07500267
indochina-2004,s64_mfull_degree_fast,1,feature_gather_decode,119.98295784,1812,179.07500267
indochina-2004,s64_mfull_degree_fast,1,fp32_neighbor_reduction,47.6839542389,1812,179.07500267
indochina-2004,s64_mfull_degree_fast,1,partial_bf16_conversion,12.2375488281,1812,179.07500267
indochina-2004,s64_mfull_degree_fast,1,tile_load,3.34215164185,1812,179.07500267
indochina-2004,s64_mfull_degree_fast,1,tile_compute,5.91111183167,1812,179.07500267
indochina-2004,s64_mfull_degree_fast,1,tile_store,0.253438949585,1812,179.07500267
indochina-2004,s64_mfull_degree_fast,1,output_scatter,2.2075176239,1812,179.07500267
indochina-2004,s64_mfull_degree_fast,1,thread_amx_setup,0.0348091125488,1812,179.07500267
indochina-2004,s64_mfull_degree_fast,2,output_zero,0,1812,166.353940964
indochina-2004,s64_mfull_degree_fast,2,row_schedule,0.586271286011,1812,166.353940964
indochina-2004,s64_mfull_degree_fast,2,partial_zero,0.633955001831,1812,166.353940964
indochina-2004,s64_mfull_degree_fast,2,csr_prefetch,165.553092957,1812,166.353940964
indochina-2004,s64_mfull_degree_fast,2,feature_gather_decode,121.332168579,1812,166.353940964
indochina-2004,s64_mfull_degree_fast,2,fp32_neighbor_reduction,47.9502677917,1812,166.353940964
indochina-2004,s64_mfull_degree_fast,2,partial_bf16_conversion,12.2535228729,1812,166.353940964
indochina-2004,s64_mfull_degree_fast,2,tile_load,3.21936607361,1812,166.353940964
indochina-2004,s64_mfull_degree_fast,2,tile_compute,5.55205345154,1812,166.353940964
indochina-2004,s64_mfull_degree_fast,2,tile_store,0.273466110229,1812,166.353940964
indochina-2004,s64_mfull_degree_fast,2,output_scatter,3.24296951294,1812,166.353940964
indochina-2004,s64_mfull_degree_fast,2,thread_amx_setup,0.0355243682861,1812,166.353940964
indochina-2004,s64_mfull_qshuffle_fast,1,output_zero,0,1812,191.083192825
indochina-2004,s64_mfull_qshuffle_fast,1,row_schedule,0.806331634521,1812,191.083192825
indochina-2004,s64_mfull_qshuffle_fast,1,partial_zero,0.639915466309,1812,191.083192825
indochina-2004,s64_mfull_qshuffle_fast,1,csr_prefetch,159.671545029,1812,191.083192825
indochina-2004,s64_mfull_qshuffle_fast,1,feature_gather_decode,116.939067841,1812,191.083192825
indochina-2004,s64_mfull_qshuffle_fast,1,fp32_neighbor_reduction,46.3306903839,1812,191.083192825
indochina-2004,s64_mfull_qshuffle_fast,1,partial_bf16_conversion,11.5990638733,1812,191.083192825
indochina-2004,s64_mfull_qshuffle_fast,1,tile_load,3.33547592163,1812,191.083192825
indochina-2004,s64_mfull_qshuffle_fast,1,tile_compute,5.23734092712,1812,191.083192825
indochina-2004,s64_mfull_qshuffle_fast,1,tile_store,0.262975692749,1812,191.083192825
indochina-2004,s64_mfull_qshuffle_fast,1,output_scatter,2.27761268616,1812,191.083192825
indochina-2004,s64_mfull_qshuffle_fast,1,thread_amx_setup,0.032901763916,1812,191.083192825
indochina-2004,s64_mfull_qshuffle_fast,2,output_zero,0,1812,178.673028946
indochina-2004,s64_mfull_qshuffle_fast,2,row_schedule,0.704765319824,1812,178.673028946
indochina-2004,s64_mfull_qshuffle_fast,2,partial_zero,0.662565231323,1812,178.673028946
indochina-2004,s64_mfull_qshuffle_fast,2,csr_prefetch,162.459373474,1812,178.673028946
indochina-2004,s64_mfull_qshuffle_fast,2,feature_gather_decode,118.003368378,1812,178.673028946
indochina-2004,s64_mfull_qshuffle_fast,2,fp32_neighbor_reduction,46.528339386,1812,178.673028946
indochina-2004,s64_mfull_qshuffle_fast,2,partial_bf16_conversion,11.7697715759,1812,178.673028946
indochina-2004,s64_mfull_qshuffle_fast,2,tile_load,3.36694717407,1812,178.673028946
indochina-2004,s64_mfull_qshuffle_fast,2,tile_compute,5.16533851624,1812,178.673028946
indochina-2004,s64_mfull_qshuffle_fast,2,tile_store,0.282049179077,1812,178.673028946
indochina-2004,s64_mfull_qshuffle_fast,2,output_scatter,3.2205581665,1812,178.673028946
indochina-2004,s64_mfull_qshuffle_fast,2,thread_amx_setup,0.0348091125488,1812,178.673028946
indochina-2004,s64_mfull_qsource_fast,1,output_zero,0,1812,174.541950226
indochina-2004,s64_mfull_qsource_fast,1,row_schedule,0.566244125366,1812,174.541950226
indochina-2004,s64_mfull_qsource_fast,1,partial_zero,0.592947006226,1812,174.541950226
indochina-2004,s64_mfull_qsource_fast,1,csr_prefetch,165.387868881,1812,174.541950226
indochina-2004,s64_mfull_qsource_fast,1,feature_gather_decode,121.050357819,1812,174.541950226
indochina-2004,s64_mfull_qsource_fast,1,fp32_neighbor_reduction,47.1503734589,1812,174.541950226
indochina-2004,s64_mfull_qsource_fast,1,partial_bf16_conversion,12.223482132,1812,174.541950226
indochina-2004,s64_mfull_qsource_fast,1,tile_load,3.37052345276,1812,174.541950226
indochina-2004,s64_mfull_qsource_fast,1,tile_compute,5.9654712677,1812,174.541950226
indochina-2004,s64_mfull_qsource_fast,1,tile_store,0.271558761597,1812,174.541950226
indochina-2004,s64_mfull_qsource_fast,1,output_scatter,2.19202041626,1812,174.541950226
indochina-2004,s64_mfull_qsource_fast,1,thread_amx_setup,0.0333786010742,1812,174.541950226
indochina-2004,s64_mfull_qsource_fast,2,output_zero,0,1812,165.755987167
indochina-2004,s64_mfull_qsource_fast,2,row_schedule,0.516891479492,1812,165.755987167
indochina-2004,s64_mfull_qsource_fast,2,partial_zero,0.663042068481,1812,165.755987167
indochina-2004,s64_mfull_qsource_fast,2,csr_prefetch,165.546894073,1812,165.755987167
indochina-2004,s64_mfull_qsource_fast,2,feature_gather_decode,121.114730835,1812,165.755987167
indochina-2004,s64_mfull_qsource_fast,2,fp32_neighbor_reduction,47.3937988281,1812,165.755987167
indochina-2004,s64_mfull_qsource_fast,2,partial_bf16_conversion,12.2106075287,1812,165.755987167
indochina-2004,s64_mfull_qsource_fast,2,tile_load,3.33428382874,1812,165.755987167
indochina-2004,s64_mfull_qsource_fast,2,tile_compute,5.77425956726,1812,165.755987167
indochina-2004,s64_mfull_qsource_fast,2,tile_store,0.280141830444,1812,165.755987167
indochina-2004,s64_mfull_qsource_fast,2,output_scatter,3.2742023468,1812,165.755987167
indochina-2004,s64_mfull_qsource_fast,2,thread_amx_setup,0.032901763916,1812,165.755987167
indochina-2004,s64_mfull_qpage_fast,1,output_zero,0,1812,180.880069733
indochina-2004,s64_mfull_qpage_fast,1,row_schedule,0.547647476196,1812,180.880069733
indochina-2004,s64_mfull_qpage_fast,1,partial_zero,0.580549240112,1812,180.880069733
indochina-2004,s64_mfull_qpage_fast,1,csr_prefetch,165.836572647,1812,180.880069733
indochina-2004,s64_mfull_qpage_fast,1,feature_gather_decode,120.023965836,1812,180.880069733
indochina-2004,s64_mfull_qpage_fast,1,fp32_neighbor_reduction,47.4436283112,1812,180.880069733
indochina-2004,s64_mfull_qpage_fast,1,partial_bf16_conversion,12.3515129089,1812,180.880069733
indochina-2004,s64_mfull_qpage_fast,1,tile_load,3.30948829651,1812,180.880069733
indochina-2004,s64_mfull_qpage_fast,1,tile_compute,5.90062141418,1812,180.880069733
indochina-2004,s64_mfull_qpage_fast,1,tile_store,0.293731689453,1812,180.880069733
indochina-2004,s64_mfull_qpage_fast,1,output_scatter,2.12550163269,1812,180.880069733
indochina-2004,s64_mfull_qpage_fast,1,thread_amx_setup,0.0350475311279,1812,180.880069733
indochina-2004,s64_mfull_qpage_fast,2,output_zero,0,1812,170.878887177
indochina-2004,s64_mfull_qpage_fast,2,row_schedule,0.523567199707,1812,170.878887177
indochina-2004,s64_mfull_qpage_fast,2,partial_zero,0.625610351562,1812,170.878887177
indochina-2004,s64_mfull_qpage_fast,2,csr_prefetch,165.286540985,1812,170.878887177
indochina-2004,s64_mfull_qpage_fast,2,feature_gather_decode,120.820999146,1812,170.878887177
indochina-2004,s64_mfull_qpage_fast,2,fp32_neighbor_reduction,48.0563640594,1812,170.878887177
indochina-2004,s64_mfull_qpage_fast,2,partial_bf16_conversion,12.3102664948,1812,170.878887177
indochina-2004,s64_mfull_qpage_fast,2,tile_load,3.27944755554,1812,170.878887177
indochina-2004,s64_mfull_qpage_fast,2,tile_compute,5.80263137817,1812,170.878887177
indochina-2004,s64_mfull_qpage_fast,2,tile_store,0.254154205322,1812,170.878887177
indochina-2004,s64_mfull_qpage_fast,2,output_scatter,3.25965881348,1812,170.878887177
indochina-2004,s64_mfull_qpage_fast,2,thread_amx_setup,0.0357627868652,1812,170.878887177
indochina-2004,s64_m64_degree_fast,1,output_zero,0,1812,176.34510994
indochina-2004,s64_m64_degree_fast,1,row_schedule,0.595331192017,1812,176.34510994
indochina-2004,s64_m64_degree_fast,1,partial_zero,0.705480575562,1812,176.34510994
indochina-2004,s64_m64_degree_fast,1,csr_prefetch,164.011240005,1812,176.34510994
indochina-2004,s64_m64_degree_fast,1,feature_gather_decode,120.822906494,1812,176.34510994
indochina-2004,s64_m64_degree_fast,1,fp32_neighbor_reduction,47.9514598846,1812,176.34510994
indochina-2004,s64_m64_degree_fast,1,partial_bf16_conversion,15.8977508545,1812,176.34510994
indochina-2004,s64_m64_degree_fast,1,tile_load,4.20570373535,1812,176.34510994
indochina-2004,s64_m64_degree_fast,1,tile_compute,7.52544403076,1812,176.34510994
indochina-2004,s64_m64_degree_fast,1,tile_store,0.398397445679,1812,176.34510994
indochina-2004,s64_m64_degree_fast,1,output_scatter,2.13432312012,1812,176.34510994
indochina-2004,s64_m64_degree_fast,1,thread_amx_setup,0.0331401824951,1812,176.34510994
indochina-2004,s64_m64_degree_fast,2,output_zero,0,1812,175.673961639
indochina-2004,s64_m64_degree_fast,2,row_schedule,0.569343566895,1812,175.673961639
indochina-2004,s64_m64_degree_fast,2,partial_zero,0.718593597412,1812,175.673961639
indochina-2004,s64_m64_degree_fast,2,csr_prefetch,164.765357971,1812,175.673961639
indochina-2004,s64_m64_degree_fast,2,feature_gather_decode,121.184825897,1812,175.673961639
indochina-2004,s64_m64_degree_fast,2,fp32_neighbor_reduction,47.6107597351,1812,175.673961639
indochina-2004,s64_m64_degree_fast,2,partial_bf16_conversion,15.8548355103,1812,175.673961639
indochina-2004,s64_m64_degree_fast,2,tile_load,4.23789024353,1812,175.673961639
indochina-2004,s64_m64_degree_fast,2,tile_compute,7.27605819702,1812,175.673961639
indochina-2004,s64_m64_degree_fast,2,tile_store,0.354766845703,1812,175.673961639
indochina-2004,s64_m64_degree_fast,2,output_scatter,3.2160282135,1812,175.673961639
indochina-2004,s64_m64_degree_fast,2,thread_amx_setup,0.0331401824951,1812,175.673961639
indochina-2004,s64_m64_qshuffle_fast,1,output_zero,0.00119209289551,1812,194.884777069
indochina-2004,s64_m64_qshuffle_fast,1,row_schedule,0.767230987549,1812,194.884777069
indochina-2004,s64_m64_qshuffle_fast,1,partial_zero,0.772476196289,1812,194.884777069
indochina-2004,s64_m64_qshuffle_fast,1,csr_prefetch,159.641504288,1812,194.884777069
indochina-2004,s64_m64_qshuffle_fast,1,feature_gather_decode,117.895364761,1812,194.884777069
indochina-2004,s64_m64_qshuffle_fast,1,fp32_neighbor_reduction,46.2400913239,1812,194.884777069
indochina-2004,s64_m64_qshuffle_fast,1,partial_bf16_conversion,15.371799469,1812,194.884777069
indochina-2004,s64_m64_qshuffle_fast,1,tile_load,4.39548492432,1812,194.884777069
indochina-2004,s64_m64_qshuffle_fast,1,tile_compute,6.7617893219,1812,194.884777069
indochina-2004,s64_m64_qshuffle_fast,1,tile_store,0.379800796509,1812,194.884777069
indochina-2004,s64_m64_qshuffle_fast,1,output_scatter,2.22897529602,1812,194.884777069
indochina-2004,s64_m64_qshuffle_fast,1,thread_amx_setup,0.0309944152832,1812,194.884777069
indochina-2004,s64_m64_qshuffle_fast,2,output_zero,0,1812,190.536022186
indochina-2004,s64_m64_qshuffle_fast,2,row_schedule,0.734090805054,1812,190.536022186
indochina-2004,s64_m64_qshuffle_fast,2,partial_zero,0.673294067383,1812,190.536022186
indochina-2004,s64_m64_qshuffle_fast,2,csr_prefetch,161.807775497,1812,190.536022186
indochina-2004,s64_m64_qshuffle_fast,2,feature_gather_decode,117.82169342,1812,190.536022186
indochina-2004,s64_m64_qshuffle_fast,2,fp32_neighbor_reduction,46.0748672485,1812,190.536022186
indochina-2004,s64_m64_qshuffle_fast,2,partial_bf16_conversion,15.3341293335,1812,190.536022186
indochina-2004,s64_m64_qshuffle_fast,2,tile_load,4.37378883362,1812,190.536022186
indochina-2004,s64_m64_qshuffle_fast,2,tile_compute,6.89792633057,1812,190.536022186
indochina-2004,s64_m64_qshuffle_fast,2,tile_store,0.349283218384,1812,190.536022186
indochina-2004,s64_m64_qshuffle_fast,2,output_scatter,3.15356254578,1812,190.536022186
indochina-2004,s64_m64_qshuffle_fast,2,thread_amx_setup,0.0295639038086,1812,190.536022186
indochina-2004,s64_m64_qsource_fast,1,output_zero,0,1812,184.041976929
indochina-2004,s64_m64_qsource_fast,1,row_schedule,0.580310821533,1812,184.041976929
indochina-2004,s64_m64_qsource_fast,1,partial_zero,0.684261322021,1812,184.041976929
indochina-2004,s64_m64_qsource_fast,1,csr_prefetch,165.345191956,1812,184.041976929
indochina-2004,s64_m64_qsource_fast,1,feature_gather_decode,121.188640594,1812,184.041976929
indochina-2004,s64_m64_qsource_fast,1,fp32_neighbor_reduction,47.3947525024,1812,184.041976929
indochina-2004,s64_m64_qsource_fast,1,partial_bf16_conversion,15.8531665802,1812,184.041976929
indochina-2004,s64_m64_qsource_fast,1,tile_load,4.36067581177,1812,184.041976929
indochina-2004,s64_m64_qsource_fast,1,tile_compute,7.58147239685,1812,184.041976929
indochina-2004,s64_m64_qsource_fast,1,tile_store,0.35548210144,1812,184.041976929
indochina-2004,s64_m64_qsource_fast,1,output_scatter,2.15554237366,1812,184.041976929
indochina-2004,s64_m64_qsource_fast,1,thread_amx_setup,0.0293254852295,1812,184.041976929
indochina-2004,s64_m64_qsource_fast,2,output_zero,0,1812,169.945955276
indochina-2004,s64_m64_qsource_fast,2,row_schedule,0.555276870728,1812,169.945955276
indochina-2004,s64_m64_qsource_fast,2,partial_zero,0.701427459717,1812,169.945955276
indochina-2004,s64_m64_qsource_fast,2,csr_prefetch,165.13133049,1812,169.945955276
indochina-2004,s64_m64_qsource_fast,2,feature_gather_decode,121.018409729,1812,169.945955276
indochina-2004,s64_m64_qsource_fast,2,fp32_neighbor_reduction,47.8675365448,1812,169.945955276
indochina-2004,s64_m64_qsource_fast,2,partial_bf16_conversion,15.9013271332,1812,169.945955276
indochina-2004,s64_m64_qsource_fast,2,tile_load,4.32896614075,1812,169.945955276
indochina-2004,s64_m64_qsource_fast,2,tile_compute,7.22289085388,1812,169.945955276
indochina-2004,s64_m64_qsource_fast,2,tile_store,0.369787216187,1812,169.945955276
indochina-2004,s64_m64_qsource_fast,2,output_scatter,3.28350067139,1812,169.945955276
indochina-2004,s64_m64_qsource_fast,2,thread_amx_setup,0.0362396240234,1812,169.945955276
indochina-2004,s64_m64_qpage_fast,1,output_zero,0,1812,183.543920517
indochina-2004,s64_m64_qpage_fast,1,row_schedule,0.569820404053,1812,183.543920517
indochina-2004,s64_m64_qpage_fast,1,partial_zero,0.694513320923,1812,183.543920517
indochina-2004,s64_m64_qpage_fast,1,csr_prefetch,164.345026016,1812,183.543920517
indochina-2004,s64_m64_qpage_fast,1,feature_gather_decode,120.618104935,1812,183.543920517
indochina-2004,s64_m64_qpage_fast,1,fp32_neighbor_reduction,47.8014945984,1812,183.543920517
indochina-2004,s64_m64_qpage_fast,1,partial_bf16_conversion,15.8574581146,1812,183.543920517
indochina-2004,s64_m64_qpage_fast,1,tile_load,4.44936752319,1812,183.543920517
indochina-2004,s64_m64_qpage_fast,1,tile_compute,7.61222839355,1812,183.543920517
indochina-2004,s64_m64_qpage_fast,1,tile_store,0.372171401978,1812,183.543920517
indochina-2004,s64_m64_qpage_fast,1,output_scatter,2.17270851135,1812,183.543920517
indochina-2004,s64_m64_qpage_fast,1,thread_amx_setup,0.0333786010742,1812,183.543920517
indochina-2004,s64_m64_qpage_fast,2,output_zero,0.00119209289551,1812,171.825885773
indochina-2004,s64_m64_qpage_fast,2,row_schedule,0.547409057617,1812,171.825885773
indochina-2004,s64_m64_qpage_fast,2,partial_zero,0.72455406189,1812,171.825885773
indochina-2004,s64_m64_qpage_fast,2,csr_prefetch,165.029287338,1812,171.825885773
indochina-2004,s64_m64_qpage_fast,2,feature_gather_decode,121.618032455,1812,171.825885773
indochina-2004,s64_m64_qpage_fast,2,fp32_neighbor_reduction,48.0587482452,1812,171.825885773
indochina-2004,s64_m64_qpage_fast,2,partial_bf16_conversion,16.0474777222,1812,171.825885773
indochina-2004,s64_m64_qpage_fast,2,tile_load,4.3249130249,1812,171.825885773
indochina-2004,s64_m64_qpage_fast,2,tile_compute,7.30729103088,1812,171.825885773
indochina-2004,s64_m64_qpage_fast,2,tile_store,0.327110290527,1812,171.825885773
indochina-2004,s64_m64_qpage_fast,2,output_scatter,3.27110290527,1812,171.825885773
indochina-2004,s64_m64_qpage_fast,2,thread_amx_setup,0.0348091125488,1812,171.825885773
soc-Pokec,s64_mfull_degree_fast,1,output_zero,0,400,62.0968341827
soc-Pokec,s64_mfull_degree_fast,1,row_schedule,0.205278396606,400,62.0968341827
soc-Pokec,s64_mfull_degree_fast,1,partial_zero,0.198841094971,400,62.0968341827
soc-Pokec,s64_mfull_degree_fast,1,csr_prefetch,26.7148017883,400,62.0968341827
soc-Pokec,s64_mfull_degree_fast,1,feature_gather_decode,19.802570343,400,62.0968341827
soc-Pokec,s64_mfull_degree_fast,1,fp32_neighbor_reduction,7.57360458374,400,62.0968341827
soc-Pokec,s64_mfull_degree_fast,1,partial_bf16_conversion,2.57086753845,400,62.0968341827
soc-Pokec,s64_mfull_degree_fast,1,tile_load,0.723838806152,400,62.0968341827
soc-Pokec,s64_mfull_degree_fast,1,tile_compute,1.25050544739,400,62.0968341827
soc-Pokec,s64_mfull_degree_fast,1,tile_store,0.0572204589844,400,62.0968341827
soc-Pokec,s64_mfull_degree_fast,1,output_scatter,0.562906265259,400,62.0968341827
soc-Pokec,s64_mfull_degree_fast,1,thread_amx_setup,0.0457763671875,400,62.0968341827
soc-Pokec,s64_mfull_degree_fast,2,output_zero,0,400,56.2970638275
soc-Pokec,s64_mfull_degree_fast,2,row_schedule,0.201225280762,400,56.2970638275
soc-Pokec,s64_mfull_degree_fast,2,partial_zero,0.17237663269,400,56.2970638275
soc-Pokec,s64_mfull_degree_fast,2,csr_prefetch,26.6733169556,400,56.2970638275
soc-Pokec,s64_mfull_degree_fast,2,feature_gather_decode,19.6805000305,400,56.2970638275
soc-Pokec,s64_mfull_degree_fast,2,fp32_neighbor_reduction,7.64393806458,400,56.2970638275
soc-Pokec,s64_mfull_degree_fast,2,partial_bf16_conversion,2.56562232971,400,56.2970638275
soc-Pokec,s64_mfull_degree_fast,2,tile_load,0.771522521973,400,56.2970638275
soc-Pokec,s64_mfull_degree_fast,2,tile_compute,1.2264251709,400,56.2970638275
soc-Pokec,s64_mfull_degree_fast,2,tile_store,0.0522136688232,400,56.2970638275
soc-Pokec,s64_mfull_degree_fast,2,output_scatter,0.701904296875,400,56.2970638275
soc-Pokec,s64_mfull_degree_fast,2,thread_amx_setup,0.0395774841309,400,56.2970638275
soc-Pokec,s64_mfull_qshuffle_fast,1,output_zero,0,400,62.7920627594
soc-Pokec,s64_mfull_qshuffle_fast,1,row_schedule,0.20694732666,400,62.7920627594
soc-Pokec,s64_mfull_qshuffle_fast,1,partial_zero,0.179767608643,400,62.7920627594
soc-Pokec,s64_mfull_qshuffle_fast,1,csr_prefetch,26.7896652222,400,62.7920627594
soc-Pokec,s64_mfull_qshuffle_fast,1,feature_gather_decode,19.7999477386,400,62.7920627594
soc-Pokec,s64_mfull_qshuffle_fast,1,fp32_neighbor_reduction,7.61818885803,400,62.7920627594
soc-Pokec,s64_mfull_qshuffle_fast,1,partial_bf16_conversion,2.57253646851,400,62.7920627594
soc-Pokec,s64_mfull_qshuffle_fast,1,tile_load,0.741958618164,400,62.7920627594
soc-Pokec,s64_mfull_qshuffle_fast,1,tile_compute,1.22904777527,400,62.7920627594
soc-Pokec,s64_mfull_qshuffle_fast,1,tile_store,0.065803527832,400,62.7920627594
soc-Pokec,s64_mfull_qshuffle_fast,1,output_scatter,0.492811203003,400,62.7920627594
soc-Pokec,s64_mfull_qshuffle_fast,1,thread_amx_setup,0.0431537628174,400,62.7920627594
soc-Pokec,s64_mfull_qshuffle_fast,2,output_zero,0,400,60.4989528656
soc-Pokec,s64_mfull_qshuffle_fast,2,row_schedule,0.218629837036,400,60.4989528656
soc-Pokec,s64_mfull_qshuffle_fast,2,partial_zero,0.17237663269,400,60.4989528656
soc-Pokec,s64_mfull_qshuffle_fast,2,csr_prefetch,26.8516540527,400,60.4989528656
soc-Pokec,s64_mfull_qshuffle_fast,2,feature_gather_decode,19.8459625244,400,60.4989528656
soc-Pokec,s64_mfull_qshuffle_fast,2,fp32_neighbor_reduction,7.60722160339,400,60.4989528656
soc-Pokec,s64_mfull_qshuffle_fast,2,partial_bf16_conversion,2.58564949036,400,60.4989528656
soc-Pokec,s64_mfull_qshuffle_fast,2,tile_load,0.785827636719,400,60.4989528656
soc-Pokec,s64_mfull_qshuffle_fast,2,tile_compute,1.22332572937,400,60.4989528656
soc-Pokec,s64_mfull_qshuffle_fast,2,tile_store,0.0555515289307,400,60.4989528656
soc-Pokec,s64_mfull_qshuffle_fast,2,output_scatter,0.698328018188,400,60.4989528656
soc-Pokec,s64_mfull_qshuffle_fast,2,thread_amx_setup,0.0405311584473,400,60.4989528656
soc-Pokec,s64_mfull_qsource_fast,1,output_zero,0,400,61.411857605
soc-Pokec,s64_mfull_qsource_fast,1,row_schedule,0.207901000977,400,61.411857605
soc-Pokec,s64_mfull_qsource_fast,1,partial_zero,0.18835067749,400,61.411857605
soc-Pokec,s64_mfull_qsource_fast,1,csr_prefetch,26.576757431,400,61.411857605
soc-Pokec,s64_mfull_qsource_fast,1,feature_gather_decode,19.8273658752,400,61.411857605
soc-Pokec,s64_mfull_qsource_fast,1,fp32_neighbor_reduction,7.62391090393,400,61.411857605
soc-Pokec,s64_mfull_qsource_fast,1,partial_bf16_conversion,2.53963470459,400,61.411857605
soc-Pokec,s64_mfull_qsource_fast,1,tile_load,0.746250152588,400,61.411857605
soc-Pokec,s64_mfull_qsource_fast,1,tile_compute,1.21831893921,400,61.411857605
soc-Pokec,s64_mfull_qsource_fast,1,tile_store,0.0481605529785,400,61.411857605
soc-Pokec,s64_mfull_qsource_fast,1,output_scatter,0.514984130859,400,61.411857605
soc-Pokec,s64_mfull_qsource_fast,1,thread_amx_setup,0.0448226928711,400,61.411857605
soc-Pokec,s64_mfull_qsource_fast,2,output_zero,0,400,60.1131916046
soc-Pokec,s64_mfull_qsource_fast,2,row_schedule,0.219583511353,400,60.1131916046
soc-Pokec,s64_mfull_qsource_fast,2,partial_zero,0.165700912476,400,60.1131916046
soc-Pokec,s64_mfull_qsource_fast,2,csr_prefetch,26.754617691,400,60.1131916046
soc-Pokec,s64_mfull_qsource_fast,2,feature_gather_decode,19.9272632599,400,60.1131916046
soc-Pokec,s64_mfull_qsource_fast,2,fp32_neighbor_reduction,7.54332542419,400,60.1131916046
soc-Pokec,s64_mfull_qsource_fast,2,partial_bf16_conversion,2.54225730896,400,60.1131916046
soc-Pokec,s64_mfull_qsource_fast,2,tile_load,0.713348388672,400,60.1131916046
soc-Pokec,s64_mfull_qsource_fast,2,tile_compute,1.22547149658,400,60.1131916046
soc-Pokec,s64_mfull_qsource_fast,2,tile_store,0.0569820404053,400,60.1131916046
soc-Pokec,s64_mfull_qsource_fast,2,output_scatter,0.704288482666,400,60.1131916046
soc-Pokec,s64_mfull_qsource_fast,2,thread_amx_setup,0.0455379486084,400,60.1131916046
soc-Pokec,s64_mfull_qpage_fast,1,output_zero,0,400,60.8820915222
soc-Pokec,s64_mfull_qpage_fast,1,row_schedule,0.209331512451,400,60.8820915222
soc-Pokec,s64_mfull_qpage_fast,1,partial_zero,0.191926956177,400,60.8820915222
soc-Pokec,s64_mfull_qpage_fast,1,csr_prefetch,26.6971588135,400,60.8820915222
soc-Pokec,s64_mfull_qpage_fast,1,feature_gather_decode,19.8719501495,400,60.8820915222
soc-Pokec,s64_mfull_qpage_fast,1,fp32_neighbor_reduction,7.51447677612,400,60.8820915222
soc-Pokec,s64_mfull_qpage_fast,1,partial_bf16_conversion,2.56705284119,400,60.8820915222
soc-Pokec,s64_mfull_qpage_fast,1,tile_load,0.748634338379,400,60.8820915222
soc-Pokec,s64_mfull_qpage_fast,1,tile_compute,1.2743473053,400,60.8820915222
soc-Pokec,s64_mfull_qpage_fast,1,tile_store,0.053882598877,400,60.8820915222
soc-Pokec,s64_mfull_qpage_fast,1,output_scatter,0.495672225952,400,60.8820915222
soc-Pokec,s64_mfull_qpage_fast,1,thread_amx_setup,0.0391006469727,400,60.8820915222
soc-Pokec,s64_mfull_qpage_fast,2,output_zero,0,400,60.1320266724
soc-Pokec,s64_mfull_qpage_fast,2,row_schedule,0.194072723389,400,60.1320266724
soc-Pokec,s64_mfull_qpage_fast,2,partial_zero,0.180959701538,400,60.1320266724
soc-Pokec,s64_mfull_qpage_fast,2,csr_prefetch,26.8585681915,400,60.1320266724
soc-Pokec,s64_mfull_qpage_fast,2,feature_gather_decode,19.7787284851,400,60.1320266724
soc-Pokec,s64_mfull_qpage_fast,2,fp32_neighbor_reduction,7.68375396729,400,60.1320266724
soc-Pokec,s64_mfull_qpage_fast,2,partial_bf16_conversion,2.57635116577,400,60.1320266724
soc-Pokec,s64_mfull_qpage_fast,2,tile_load,0.750541687012,400,60.1320266724
soc-Pokec,s64_mfull_qpage_fast,2,tile_compute,1.32012367249,400,60.1320266724
soc-Pokec,s64_mfull_qpage_fast,2,tile_store,0.0548362731934,400,60.1320266724
soc-Pokec,s64_mfull_qpage_fast,2,output_scatter,0.708818435669,400,60.1320266724
soc-Pokec,s64_mfull_qpage_fast,2,thread_amx_setup,0.035285949707,400,60.1320266724
soc-Pokec,s64_m64_degree_fast,1,output_zero,0,400,63.9450550079
soc-Pokec,s64_m64_degree_fast,1,row_schedule,0.184774398804,400,63.9450550079
soc-Pokec,s64_m64_degree_fast,1,partial_zero,0.215768814087,400,63.9450550079
soc-Pokec,s64_m64_degree_fast,1,csr_prefetch,26.6506671906,400,63.9450550079
soc-Pokec,s64_m64_degree_fast,1,feature_gather_decode,20.1234817505,400,63.9450550079
soc-Pokec,s64_m64_degree_fast,1,fp32_neighbor_reduction,7.7052116394,400,63.9450550079
soc-Pokec,s64_m64_degree_fast,1,partial_bf16_conversion,3.73220443726,400,63.9450550079
soc-Pokec,s64_m64_degree_fast,1,tile_load,1.10793113708,400,63.9450550079
soc-Pokec,s64_m64_degree_fast,1,tile_compute,1.66702270508,400,63.9450550079
soc-Pokec,s64_m64_degree_fast,1,tile_store,0.0848770141602,400,63.9450550079
soc-Pokec,s64_m64_degree_fast,1,output_scatter,0.500440597534,400,63.9450550079
soc-Pokec,s64_m64_degree_fast,1,thread_amx_setup,0.0438690185547,400,63.9450550079
soc-Pokec,s64_m64_degree_fast,2,output_zero,0.00119209289551,400,58.6929321289
soc-Pokec,s64_m64_degree_fast,2,row_schedule,0.200271606445,400,58.6929321289
soc-Pokec,s64_m64_degree_fast,2,partial_zero,0.220775604248,400,58.6929321289
soc-Pokec,s64_m64_degree_fast,2,csr_prefetch,26.9532203674,400,58.6929321289
soc-Pokec,s64_m64_degree_fast,2,feature_gather_decode,19.9248790741,400,58.6929321289
soc-Pokec,s64_m64_degree_fast,2,fp32_neighbor_reduction,7.6539516449,400,58.6929321289
soc-Pokec,s64_m64_degree_fast,2,partial_bf16_conversion,3.7739276886,400,58.6929321289
soc-Pokec,s64_m64_degree_fast,2,tile_load,1.11246109009,400,58.6929321289
soc-Pokec,s64_m64_degree_fast,2,tile_compute,1.67226791382,400,58.6929321289
soc-Pokec,s64_m64_degree_fast,2,tile_store,0.0770092010498,400,58.6929321289
soc-Pokec,s64_m64_degree_fast,2,output_scatter,0.738382339478,400,58.6929321289
soc-Pokec,s64_m64_degree_fast,2,thread_amx_setup,0.0400543212891,400,58.6929321289
soc-Pokec,s64_m64_qshuffle_fast,1,output_zero,0,400,65.701007843
soc-Pokec,s64_m64_qshuffle_fast,1,row_schedule,0.211238861084,400,65.701007843
soc-Pokec,s64_m64_qshuffle_fast,1,partial_zero,0.221967697144,400,65.701007843
soc-Pokec,s64_m64_qshuffle_fast,1,csr_prefetch,26.8545150757,400,65.701007843
soc-Pokec,s64_m64_qshuffle_fast,1,feature_gather_decode,20.0815200806,400,65.701007843
soc-Pokec,s64_m64_qshuffle_fast,1,fp32_neighbor_reduction,7.65156745911,400,65.701007843
soc-Pokec,s64_m64_qshuffle_fast,1,partial_bf16_conversion,3.80325317383,400,65.701007843
soc-Pokec,s64_m64_qshuffle_fast,1,tile_load,1.08218193054,400,65.701007843
soc-Pokec,s64_m64_qshuffle_fast,1,tile_compute,1.56426429749,400,65.701007843
soc-Pokec,s64_m64_qshuffle_fast,1,tile_store,0.089168548584,400,65.701007843
soc-Pokec,s64_m64_qshuffle_fast,1,output_scatter,0.501394271851,400,65.701007843
soc-Pokec,s64_m64_qshuffle_fast,1,thread_amx_setup,0.0514984130859,400,65.701007843
soc-Pokec,s64_m64_qshuffle_fast,2,output_zero,0,400,60.2931976318
soc-Pokec,s64_m64_qshuffle_fast,2,row_schedule,0.186920166016,400,60.2931976318
soc-Pokec,s64_m64_qshuffle_fast,2,partial_zero,0.197172164917,400,60.2931976318
soc-Pokec,s64_m64_qshuffle_fast,2,csr_prefetch,27.2166728973,400,60.2931976318
soc-Pokec,s64_m64_qshuffle_fast,2,feature_gather_decode,20.033121109,400,60.2931976318
soc-Pokec,s64_m64_qshuffle_fast,2,fp32_neighbor_reduction,7.65705108643,400,60.2931976318
soc-Pokec,s64_m64_qshuffle_fast,2,partial_bf16_conversion,3.75628471375,400,60.2931976318
soc-Pokec,s64_m64_qshuffle_fast,2,tile_load,1.08814239502,400,60.2931976318
soc-Pokec,s64_m64_qshuffle_fast,2,tile_compute,1.6233921051,400,60.2931976318
soc-Pokec,s64_m64_qshuffle_fast,2,tile_store,0.0874996185303,400,60.2931976318
soc-Pokec,s64_m64_qshuffle_fast,2,output_scatter,0.703573226929,400,60.2931976318
soc-Pokec,s64_m64_qshuffle_fast,2,thread_amx_setup,0.0476837158203,400,60.2931976318
soc-Pokec,s64_m64_qsource_fast,1,output_zero,0,400,63.4889602661
soc-Pokec,s64_m64_qsource_fast,1,row_schedule,0.202655792236,400,63.4889602661
soc-Pokec,s64_m64_qsource_fast,1,partial_zero,0.219583511353,400,63.4889602661
soc-Pokec,s64_m64_qsource_fast,1,csr_prefetch,27.1861553192,400,63.4889602661
soc-Pokec,s64_m64_qsource_fast,1,feature_gather_decode,19.9689865112,400,63.4889602661
soc-Pokec,s64_m64_qsource_fast,1,fp32_neighbor_reduction,7.63630867004,400,63.4889602661
soc-Pokec,s64_m64_qsource_fast,1,partial_bf16_conversion,3.72457504272,400,63.4889602661
soc-Pokec,s64_m64_qsource_fast,1,tile_load,1.11937522888,400,63.4889602661
soc-Pokec,s64_m64_qsource_fast,1,tile_compute,1.67083740234,400,63.4889602661
soc-Pokec,s64_m64_qsource_fast,1,tile_store,0.0846385955811,400,63.4889602661
soc-Pokec,s64_m64_qsource_fast,1,output_scatter,0.516176223755,400,63.4889602661
soc-Pokec,s64_m64_qsource_fast,1,thread_amx_setup,0.0503063201904,400,63.4889602661
soc-Pokec,s64_m64_qsource_fast,2,output_zero,0,400,61.9719028473
soc-Pokec,s64_m64_qsource_fast,2,row_schedule,0.196695327759,400,61.9719028473
soc-Pokec,s64_m64_qsource_fast,2,partial_zero,0.217914581299,400,61.9719028473
soc-Pokec,s64_m64_qsource_fast,2,csr_prefetch,26.9842147827,400,61.9719028473
soc-Pokec,s64_m64_qsource_fast,2,feature_gather_decode,20.0424194336,400,61.9719028473
soc-Pokec,s64_m64_qsource_fast,2,fp32_neighbor_reduction,7.61580467224,400,61.9719028473
soc-Pokec,s64_m64_qsource_fast,2,partial_bf16_conversion,3.7739276886,400,61.9719028473
soc-Pokec,s64_m64_qsource_fast,2,tile_load,1.09624862671,400,61.9719028473
soc-Pokec,s64_m64_qsource_fast,2,tile_compute,1.61552429199,400,61.9719028473
soc-Pokec,s64_m64_qsource_fast,2,tile_store,0.0782012939453,400,61.9719028473
soc-Pokec,s64_m64_qsource_fast,2,output_scatter,0.692844390869,400,61.9719028473
soc-Pokec,s64_m64_qsource_fast,2,thread_amx_setup,0.0426769256592,400,61.9719028473
soc-Pokec,s64_m64_qpage_fast,1,output_zero,0,400,65.8900737762
soc-Pokec,s64_m64_qpage_fast,1,row_schedule,0.214099884033,400,65.8900737762
soc-Pokec,s64_m64_qpage_fast,1,partial_zero,0.192880630493,400,65.8900737762
soc-Pokec,s64_m64_qpage_fast,1,csr_prefetch,27.0128250122,400,65.8900737762
soc-Pokec,s64_m64_qpage_fast,1,feature_gather_decode,19.9618339539,400,65.8900737762
soc-Pokec,s64_m64_qpage_fast,1,fp32_neighbor_reduction,7.77983665466,400,65.8900737762
soc-Pokec,s64_m64_qpage_fast,1,partial_bf16_conversion,3.77488136292,400,65.8900737762
soc-Pokec,s64_m64_qpage_fast,1,tile_load,1.05357170105,400,65.8900737762
soc-Pokec,s64_m64_qpage_fast,1,tile_compute,1.66964530945,400,65.8900737762
soc-Pokec,s64_m64_qpage_fast,1,tile_store,0.0777244567871,400,65.8900737762
soc-Pokec,s64_m64_qpage_fast,1,output_scatter,0.512838363647,400,65.8900737762
soc-Pokec,s64_m64_qpage_fast,1,thread_amx_setup,0.0414848327637,400,65.8900737762
soc-Pokec,s64_m64_qpage_fast,2,output_zero,0,400,59.0879917145
soc-Pokec,s64_m64_qpage_fast,2,row_schedule,0.211000442505,400,59.0879917145
soc-Pokec,s64_m64_qpage_fast,2,partial_zero,0.192642211914,400,59.0879917145
soc-Pokec,s64_m64_qpage_fast,2,csr_prefetch,26.8995761871,400,59.0879917145
soc-Pokec,s64_m64_qpage_fast,2,feature_gather_decode,20.1056003571,400,59.0879917145
soc-Pokec,s64_m64_qpage_fast,2,fp32_neighbor_reduction,7.52401351929,400,59.0879917145
soc-Pokec,s64_m64_qpage_fast,2,partial_bf16_conversion,3.78036499023,400,59.0879917145
soc-Pokec,s64_m64_qpage_fast,2,tile_load,1.07932090759,400,59.0879917145
soc-Pokec,s64_m64_qpage_fast,2,tile_compute,1.61051750183,400,59.0879917145
soc-Pokec,s64_m64_qpage_fast,2,tile_store,0.0684261322021,400,59.0879917145
soc-Pokec,s64_m64_qpage_fast,2,output_scatter,0.715494155884,400,59.0879917145
soc-Pokec,s64_m64_qpage_fast,2,thread_amx_setup,0.0452995300293,400,59.0879917145
cit-Patents,s64_mfull_degree_fast,1,output_zero,0,923,48.5391616821
cit-Patents,s64_mfull_degree_fast,1,row_schedule,0.306367874146,923,48.5391616821
cit-Patents,s64_mfull_degree_fast,1,partial_zero,0.234842300415,923,48.5391616821
cit-Patents,s64_mfull_degree_fast,1,csr_prefetch,14.4419670105,923,48.5391616821
cit-Patents,s64_mfull_degree_fast,1,feature_gather_decode,11.8465423584,923,48.5391616821
cit-Patents,s64_mfull_degree_fast,1,fp32_neighbor_reduction,4.14371490479,923,48.5391616821
cit-Patents,s64_mfull_degree_fast,1,partial_bf16_conversion,3.7248134613,923,48.5391616821
cit-Patents,s64_mfull_degree_fast,1,tile_load,0.992298126221,923,48.5391616821
cit-Patents,s64_mfull_degree_fast,1,tile_compute,1.78861618042,923,48.5391616821
cit-Patents,s64_mfull_degree_fast,1,tile_store,0.0762939453125,923,48.5391616821
cit-Patents,s64_mfull_degree_fast,1,output_scatter,0.978708267212,923,48.5391616821
cit-Patents,s64_mfull_degree_fast,1,thread_amx_setup,0.0343322753906,923,48.5391616821
cit-Patents,s64_mfull_degree_fast,2,output_zero,0.000953674316406,923,43.7259674072
cit-Patents,s64_mfull_degree_fast,2,row_schedule,0.247240066528,923,43.7259674072
cit-Patents,s64_mfull_degree_fast,2,partial_zero,0.221729278564,923,43.7259674072
cit-Patents,s64_mfull_degree_fast,2,csr_prefetch,14.4510269165,923,43.7259674072
cit-Patents,s64_mfull_degree_fast,2,feature_gather_decode,11.6384029388,923,43.7259674072
cit-Patents,s64_mfull_degree_fast,2,fp32_neighbor_reduction,4.13799285889,923,43.7259674072
cit-Patents,s64_mfull_degree_fast,2,partial_bf16_conversion,3.67641448975,923,43.7259674072
cit-Patents,s64_mfull_degree_fast,2,tile_load,0.921487808228,923,43.7259674072
cit-Patents,s64_mfull_degree_fast,2,tile_compute,1.78337097168,923,43.7259674072
cit-Patents,s64_mfull_degree_fast,2,tile_store,0.075101852417,923,43.7259674072
cit-Patents,s64_mfull_degree_fast,2,output_scatter,1.06382369995,923,43.7259674072
cit-Patents,s64_mfull_degree_fast,2,thread_amx_setup,0.0321865081787,923,43.7259674072
cit-Patents,s64_mfull_qshuffle_fast,1,output_zero,0,923,50.1239299774
cit-Patents,s64_mfull_qshuffle_fast,1,row_schedule,0.442504882812,923,50.1239299774
cit-Patents,s64_mfull_qshuffle_fast,1,partial_zero,0.214099884033,923,50.1239299774
cit-Patents,s64_mfull_qshuffle_fast,1,csr_prefetch,14.3668651581,923,50.1239299774
cit-Patents,s64_mfull_qshuffle_fast,1,feature_gather_decode,11.6236209869,923,50.1239299774
cit-Patents,s64_mfull_qshuffle_fast,1,fp32_neighbor_reduction,4.12034988403,923,50.1239299774
cit-Patents,s64_mfull_qshuffle_fast,1,partial_bf16_conversion,3.77464294434,923,50.1239299774
cit-Patents,s64_mfull_qshuffle_fast,1,tile_load,1.09601020813,923,50.1239299774
cit-Patents,s64_mfull_qshuffle_fast,1,tile_compute,1.78861618042,923,50.1239299774
cit-Patents,s64_mfull_qshuffle_fast,1,tile_store,0.0803470611572,923,50.1239299774
cit-Patents,s64_mfull_qshuffle_fast,1,output_scatter,0.994205474854,923,50.1239299774
cit-Patents,s64_mfull_qshuffle_fast,1,thread_amx_setup,0.0288486480713,923,50.1239299774
cit-Patents,s64_mfull_qshuffle_fast,2,output_zero,0.00119209289551,923,43.9929962158
cit-Patents,s64_mfull_qshuffle_fast,2,row_schedule,0.351428985596,923,43.9929962158
cit-Patents,s64_mfull_qshuffle_fast,2,partial_zero,0.221729278564,923,43.9929962158
cit-Patents,s64_mfull_qshuffle_fast,2,csr_prefetch,14.4822597504,923,43.9929962158
cit-Patents,s64_mfull_qshuffle_fast,2,feature_gather_decode,11.6631984711,923,43.9929962158
cit-Patents,s64_mfull_qshuffle_fast,2,fp32_neighbor_reduction,4.12058830261,923,43.9929962158
cit-Patents,s64_mfull_qshuffle_fast,2,partial_bf16_conversion,3.62944602966,923,43.9929962158
cit-Patents,s64_mfull_qshuffle_fast,2,tile_load,0.996828079224,923,43.9929962158
cit-Patents,s64_mfull_qshuffle_fast,2,tile_compute,1.79529190063,923,43.9929962158
cit-Patents,s64_mfull_qshuffle_fast,2,tile_store,0.0910758972168,923,43.9929962158
cit-Patents,s64_mfull_qshuffle_fast,2,output_scatter,1.10125541687,923,43.9929962158
cit-Patents,s64_mfull_qshuffle_fast,2,thread_amx_setup,0.0286102294922,923,43.9929962158
cit-Patents,s64_mfull_qsource_fast,1,output_zero,0,923,48.1629371643
cit-Patents,s64_mfull_qsource_fast,1,row_schedule,0.300168991089,923,48.1629371643
cit-Patents,s64_mfull_qsource_fast,1,partial_zero,0.216007232666,923,48.1629371643
cit-Patents,s64_mfull_qsource_fast,1,csr_prefetch,14.5816802979,923,48.1629371643
cit-Patents,s64_mfull_qsource_fast,1,feature_gather_decode,11.7692947388,923,48.1629371643
cit-Patents,s64_mfull_qsource_fast,1,fp32_neighbor_reduction,4.25434112549,923,48.1629371643
cit-Patents,s64_mfull_qsource_fast,1,partial_bf16_conversion,3.73077392578,923,48.1629371643
cit-Patents,s64_mfull_qsource_fast,1,tile_load,1.00135803223,923,48.1629371643
cit-Patents,s64_mfull_qsource_fast,1,tile_compute,1.80649757385,923,48.1629371643
cit-Patents,s64_mfull_qsource_fast,1,tile_store,0.0920295715332,923,48.1629371643
cit-Patents,s64_mfull_qsource_fast,1,output_scatter,0.934600830078,923,48.1629371643
cit-Patents,s64_mfull_qsource_fast,1,thread_amx_setup,0.0345706939697,923,48.1629371643
cit-Patents,s64_mfull_qsource_fast,2,output_zero,0,923,44.3239212036
cit-Patents,s64_mfull_qsource_fast,2,row_schedule,0.252723693848,923,44.3239212036
cit-Patents,s64_mfull_qsource_fast,2,partial_zero,0.228881835938,923,44.3239212036
cit-Patents,s64_mfull_qsource_fast,2,csr_prefetch,14.6286487579,923,44.3239212036
cit-Patents,s64_mfull_qsource_fast,2,feature_gather_decode,11.6441249847,923,44.3239212036
cit-Patents,s64_mfull_qsource_fast,2,fp32_neighbor_reduction,4.03594970703,923,44.3239212036
cit-Patents,s64_mfull_qsource_fast,2,partial_bf16_conversion,3.66497039795,923,44.3239212036
cit-Patents,s64_mfull_qsource_fast,2,tile_load,0.919103622437,923,44.3239212036
cit-Patents,s64_mfull_qsource_fast,2,tile_compute,1.8162727356,923,44.3239212036
cit-Patents,s64_mfull_qsource_fast,2,tile_store,0.0784397125244,923,44.3239212036
cit-Patents,s64_mfull_qsource_fast,2,output_scatter,1.08790397644,923,44.3239212036
cit-Patents,s64_mfull_qsource_fast,2,thread_amx_setup,0.0274181365967,923,44.3239212036
cit-Patents,s64_mfull_qpage_fast,1,output_zero,0,923,48.5141277313
cit-Patents,s64_mfull_qpage_fast,1,row_schedule,0.298738479614,923,48.5141277313
cit-Patents,s64_mfull_qpage_fast,1,partial_zero,0.22029876709,923,48.5141277313
cit-Patents,s64_mfull_qpage_fast,1,csr_prefetch,14.4217014313,923,48.5141277313
cit-Patents,s64_mfull_qpage_fast,1,feature_gather_decode,11.7974281311,923,48.5141277313
cit-Patents,s64_mfull_qpage_fast,1,fp32_neighbor_reduction,4.15539741516,923,48.5141277313
cit-Patents,s64_mfull_qpage_fast,1,partial_bf16_conversion,3.76033782959,923,48.5141277313
cit-Patents,s64_mfull_qpage_fast,1,tile_load,1.02519989014,923,48.5141277313
cit-Patents,s64_mfull_qpage_fast,1,tile_compute,1.69897079468,923,48.5141277313
cit-Patents,s64_mfull_qpage_fast,1,tile_store,0.0779628753662,923,48.5141277313
cit-Patents,s64_mfull_qpage_fast,1,output_scatter,0.938653945923,923,48.5141277313
cit-Patents,s64_mfull_qpage_fast,1,thread_amx_setup,0.0309944152832,923,48.5141277313
cit-Patents,s64_mfull_qpage_fast,2,output_zero,0,923,44.3179607391
cit-Patents,s64_mfull_qpage_fast,2,row_schedule,0.271797180176,923,44.3179607391
cit-Patents,s64_mfull_qpage_fast,2,partial_zero,0.22292137146,923,44.3179607391
cit-Patents,s64_mfull_qpage_fast,2,csr_prefetch,14.6343708038,923,44.3179607391
cit-Patents,s64_mfull_qpage_fast,2,feature_gather_decode,11.622428894,923,44.3179607391
cit-Patents,s64_mfull_qpage_fast,2,fp32_neighbor_reduction,4.17900085449,923,44.3179607391
cit-Patents,s64_mfull_qpage_fast,2,partial_bf16_conversion,3.65614891052,923,44.3179607391
cit-Patents,s64_mfull_qpage_fast,2,tile_load,0.964403152466,923,44.3179607391
cit-Patents,s64_mfull_qpage_fast,2,tile_compute,1.74307823181,923,44.3179607391
cit-Patents,s64_mfull_qpage_fast,2,tile_store,0.0874996185303,923,44.3179607391
cit-Patents,s64_mfull_qpage_fast,2,output_scatter,1.0678768158,923,44.3179607391
cit-Patents,s64_mfull_qpage_fast,2,thread_amx_setup,0.0274181365967,923,44.3179607391
cit-Patents,s64_m64_degree_fast,1,output_zero,0,923,46.5819835663
cit-Patents,s64_m64_degree_fast,1,row_schedule,0.307559967041,923,46.5819835663
cit-Patents,s64_m64_degree_fast,1,partial_zero,0.246524810791,923,46.5819835663
cit-Patents,s64_m64_degree_fast,1,csr_prefetch,14.0993595123,923,46.5819835663
cit-Patents,s64_m64_degree_fast,1,feature_gather_decode,11.7545127869,923,46.5819835663
cit-Patents,s64_m64_degree_fast,1,fp32_neighbor_reduction,4.07862663269,923,46.5819835663
cit-Patents,s64_m64_degree_fast,1,partial_bf16_conversion,3.86047363281,923,46.5819835663
cit-Patents,s64_m64_degree_fast,1,tile_load,1.01447105408,923,46.5819835663
cit-Patents,s64_m64_degree_fast,1,tile_compute,1.81579589844,923,46.5819835663
cit-Patents,s64_m64_degree_fast,1,tile_store,0.106573104858,923,46.5819835663
cit-Patents,s64_m64_degree_fast,1,output_scatter,0.976085662842,923,46.5819835663
cit-Patents,s64_m64_degree_fast,1,thread_amx_setup,0.0348091125488,923,46.5819835663
cit-Patents,s64_m64_degree_fast,2,output_zero,0,923,41.5859222412
cit-Patents,s64_m64_degree_fast,2,row_schedule,0.257015228271,923,41.5859222412
cit-Patents,s64_m64_degree_fast,2,partial_zero,0.22029876709,923,41.5859222412
cit-Patents,s64_m64_degree_fast,2,csr_prefetch,14.2514705658,923,41.5859222412
cit-Patents,s64_m64_degree_fast,2,feature_gather_decode,11.5792751312,923,41.5859222412
cit-Patents,s64_m64_degree_fast,2,fp32_neighbor_reduction,4.25434112549,923,41.5859222412
cit-Patents,s64_m64_degree_fast,2,partial_bf16_conversion,3.74341011047,923,41.5859222412
cit-Patents,s64_m64_degree_fast,2,tile_load,0.995397567749,923,41.5859222412
cit-Patents,s64_m64_degree_fast,2,tile_compute,1.86991691589,923,41.5859222412
cit-Patents,s64_m64_degree_fast,2,tile_store,0.0782012939453,923,41.5859222412
cit-Patents,s64_m64_degree_fast,2,output_scatter,1.0826587677,923,41.5859222412
cit-Patents,s64_m64_degree_fast,2,thread_amx_setup,0.0290870666504,923,41.5859222412
cit-Patents,s64_m64_qshuffle_fast,1,output_zero,0,923,49.8430728912
cit-Patents,s64_m64_qshuffle_fast,1,row_schedule,0.401496887207,923,49.8430728912
cit-Patents,s64_m64_qshuffle_fast,1,partial_zero,0.266075134277,923,49.8430728912
cit-Patents,s64_m64_qshuffle_fast,1,csr_prefetch,14.0244960785,923,49.8430728912
cit-Patents,s64_m64_qshuffle_fast,1,feature_gather_decode,11.6846561432,923,49.8430728912
cit-Patents,s64_m64_qshuffle_fast,1,fp32_neighbor_reduction,4.24289703369,923,49.8430728912
cit-Patents,s64_m64_qshuffle_fast,1,partial_bf16_conversion,3.88169288635,923,49.8430728912
cit-Patents,s64_m64_qshuffle_fast,1,tile_load,1.04236602783,923,49.8430728912
cit-Patents,s64_m64_qshuffle_fast,1,tile_compute,1.80697441101,923,49.8430728912
cit-Patents,s64_m64_qshuffle_fast,1,tile_store,0.104665756226,923,49.8430728912
cit-Patents,s64_m64_qshuffle_fast,1,output_scatter,1.00898742676,923,49.8430728912
cit-Patents,s64_m64_qshuffle_fast,1,thread_amx_setup,0.0350475311279,923,49.8430728912
cit-Patents,s64_m64_qshuffle_fast,2,output_zero,0,923,44.095993042
cit-Patents,s64_m64_qshuffle_fast,2,row_schedule,0.410556793213,923,44.095993042
cit-Patents,s64_m64_qshuffle_fast,2,partial_zero,0.223636627197,923,44.095993042
cit-Patents,s64_m64_qshuffle_fast,2,csr_prefetch,14.1558647156,923,44.095993042
cit-Patents,s64_m64_qshuffle_fast,2,feature_gather_decode,11.4612579346,923,44.095993042
cit-Patents,s64_m64_qshuffle_fast,2,fp32_neighbor_reduction,4.16874885559,923,44.095993042
cit-Patents,s64_m64_qshuffle_fast,2,partial_bf16_conversion,3.74817848206,923,44.095993042
cit-Patents,s64_m64_qshuffle_fast,2,tile_load,0.997066497803,923,44.095993042
cit-Patents,s64_m64_qshuffle_fast,2,tile_compute,1.80339813232,923,44.095993042
cit-Patents,s64_m64_qshuffle_fast,2,tile_store,0.0953674316406,923,44.095993042
cit-Patents,s64_m64_qshuffle_fast,2,output_scatter,1.10673904419,923,44.095993042
cit-Patents,s64_m64_qshuffle_fast,2,thread_amx_setup,0.0324249267578,923,44.095993042
cit-Patents,s64_m64_qsource_fast,1,output_zero,0,923,49.1380691528
cit-Patents,s64_m64_qsource_fast,1,row_schedule,0.310897827148,923,49.1380691528
cit-Patents,s64_m64_qsource_fast,1,partial_zero,0.232934951782,923,49.1380691528
cit-Patents,s64_m64_qsource_fast,1,csr_prefetch,14.3306255341,923,49.1380691528
cit-Patents,s64_m64_qsource_fast,1,feature_gather_decode,11.910200119,923,49.1380691528
cit-Patents,s64_m64_qsource_fast,1,fp32_neighbor_reduction,4.07838821411,923,49.1380691528
cit-Patents,s64_m64_qsource_fast,1,partial_bf16_conversion,3.80349159241,923,49.1380691528
cit-Patents,s64_m64_qsource_fast,1,tile_load,1.06549263,923,49.1380691528
cit-Patents,s64_m64_qsource_fast,1,tile_compute,1.77597999573,923,49.1380691528
cit-Patents,s64_m64_qsource_fast,1,tile_store,0.0896453857422,923,49.1380691528
cit-Patents,s64_m64_qsource_fast,1,output_scatter,0.945568084717,923,49.1380691528
cit-Patents,s64_m64_qsource_fast,1,thread_amx_setup,0.0348091125488,923,49.1380691528
cit-Patents,s64_m64_qsource_fast,2,output_zero,0,923,44.440984726
cit-Patents,s64_m64_qsource_fast,2,row_schedule,0.300407409668,923,44.440984726
cit-Patents,s64_m64_qsource_fast,2,partial_zero,0.234603881836,923,44.440984726
cit-Patents,s64_m64_qsource_fast,2,csr_prefetch,14.1975879669,923,44.440984726
cit-Patents,s64_m64_qsource_fast,2,feature_gather_decode,11.8052959442,923,44.440984726
cit-Patents,s64_m64_qsource_fast,2,fp32_neighbor_reduction,4.05240058899,923,44.440984726
cit-Patents,s64_m64_qsource_fast,2,partial_bf16_conversion,3.73601913452,923,44.440984726
cit-Patents,s64_m64_qsource_fast,2,tile_load,1.03282928467,923,44.440984726
cit-Patents,s64_m64_qsource_fast,2,tile_compute,1.78003311157,923,44.440984726
cit-Patents,s64_m64_qsource_fast,2,tile_store,0.0872611999512,923,44.440984726
cit-Patents,s64_m64_qsource_fast,2,output_scatter,1.08861923218,923,44.440984726
cit-Patents,s64_m64_qsource_fast,2,thread_amx_setup,0.0264644622803,923,44.440984726
cit-Patents,s64_m64_qpage_fast,1,output_zero,0,923,49.3159294128
cit-Patents,s64_m64_qpage_fast,1,row_schedule,0.29468536377,923,49.3159294128
cit-Patents,s64_m64_qpage_fast,1,partial_zero,0.23341178894,923,49.3159294128
cit-Patents,s64_m64_qpage_fast,1,csr_prefetch,14.377117157,923,49.3159294128
cit-Patents,s64_m64_qpage_fast,1,feature_gather_decode,11.7564201355,923,49.3159294128
cit-Patents,s64_m64_qpage_fast,1,fp32_neighbor_reduction,3.97491455078,923,49.3159294128
cit-Patents,s64_m64_qpage_fast,1,partial_bf16_conversion,3.87954711914,923,49.3159294128
cit-Patents,s64_m64_qpage_fast,1,tile_load,1.03068351746,923,49.3159294128
cit-Patents,s64_m64_qpage_fast,1,tile_compute,1.8265247345,923,49.3159294128
cit-Patents,s64_m64_qpage_fast,1,tile_store,0.0860691070557,923,49.3159294128
cit-Patents,s64_m64_qpage_fast,1,output_scatter,0.950574874878,923,49.3159294128
cit-Patents,s64_m64_qpage_fast,1,thread_amx_setup,0.0307559967041,923,49.3159294128
cit-Patents,s64_m64_qpage_fast,2,output_zero,0,923,44.1799163818
cit-Patents,s64_m64_qpage_fast,2,row_schedule,0.296592712402,923,44.1799163818
cit-Patents,s64_m64_qpage_fast,2,partial_zero,0.232934951782,923,44.1799163818
cit-Patents,s64_m64_qpage_fast,2,csr_prefetch,14.4646167755,923,44.1799163818
cit-Patents,s64_m64_qpage_fast,2,feature_gather_decode,11.533498764,923,44.1799163818
cit-Patents,s64_m64_qpage_fast,2,fp32_neighbor_reduction,4.10342216492,923,44.1799163818
cit-Patents,s64_m64_qpage_fast,2,partial_bf16_conversion,3.76057624817,923,44.1799163818
cit-Patents,s64_m64_qpage_fast,2,tile_load,1.02376937866,923,44.1799163818
cit-Patents,s64_m64_qpage_fast,2,tile_compute,1.80387496948,923,44.1799163818
cit-Patents,s64_m64_qpage_fast,2,tile_store,0.0994205474854,923,44.1799163818
cit-Patents,s64_m64_qpage_fast,2,output_scatter,1.08218193054,923,44.1799163818
cit-Patents,s64_m64_qpage_fast,2,thread_amx_setup,0.0309944152832,923,44.1799163818
soc-LiveJournal1,s64_mfull_degree_fast,1,output_zero,0,1185,154.990911484
soc-LiveJournal1,s64_mfull_degree_fast,1,row_schedule,0.616073608398,1185,154.990911484
soc-LiveJournal1,s64_mfull_degree_fast,1,partial_zero,0.527143478394,1185,154.990911484
soc-LiveJournal1,s64_mfull_degree_fast,1,csr_prefetch,60.3013038635,1185,154.990911484
soc-LiveJournal1,s64_mfull_degree_fast,1,feature_gather_decode,45.782327652,1185,154.990911484
soc-LiveJournal1,s64_mfull_degree_fast,1,fp32_neighbor_reduction,17.3490047455,1185,154.990911484
soc-LiveJournal1,s64_mfull_degree_fast,1,partial_bf16_conversion,7.93027877808,1185,154.990911484
soc-LiveJournal1,s64_mfull_degree_fast,1,tile_load,2.20918655396,1185,154.990911484
soc-LiveJournal1,s64_mfull_degree_fast,1,tile_compute,3.86166572571,1185,154.990911484
soc-LiveJournal1,s64_mfull_degree_fast,1,tile_store,0.177621841431,1185,154.990911484
soc-LiveJournal1,s64_mfull_degree_fast,1,output_scatter,1.65104866028,1185,154.990911484
soc-LiveJournal1,s64_mfull_degree_fast,1,thread_amx_setup,0.035285949707,1185,154.990911484
soc-LiveJournal1,s64_mfull_degree_fast,2,output_zero,0,1185,148.509025574
soc-LiveJournal1,s64_mfull_degree_fast,2,row_schedule,0.567436218262,1185,148.509025574
soc-LiveJournal1,s64_mfull_degree_fast,2,partial_zero,0.494718551636,1185,148.509025574
soc-LiveJournal1,s64_mfull_degree_fast,2,csr_prefetch,60.3847503662,1185,148.509025574
soc-LiveJournal1,s64_mfull_degree_fast,2,feature_gather_decode,45.7270145416,1185,148.509025574
soc-LiveJournal1,s64_mfull_degree_fast,2,fp32_neighbor_reduction,17.5223350525,1185,148.509025574
soc-LiveJournal1,s64_mfull_degree_fast,2,partial_bf16_conversion,7.9026222229,1185,148.509025574
soc-LiveJournal1,s64_mfull_degree_fast,2,tile_load,2.33697891235,1185,148.509025574
soc-LiveJournal1,s64_mfull_degree_fast,2,tile_compute,3.77345085144,1185,148.509025574
soc-LiveJournal1,s64_mfull_degree_fast,2,tile_store,0.176429748535,1185,148.509025574
soc-LiveJournal1,s64_mfull_degree_fast,2,output_scatter,2.19130516052,1185,148.509025574
soc-LiveJournal1,s64_mfull_degree_fast,2,thread_amx_setup,0.0314712524414,1185,148.509025574
soc-LiveJournal1,s64_mfull_qshuffle_fast,1,output_zero,0,1185,159.100055695
soc-LiveJournal1,s64_mfull_qshuffle_fast,1,row_schedule,0.597476959229,1185,159.100055695
soc-LiveJournal1,s64_mfull_qshuffle_fast,1,partial_zero,0.499486923218,1185,159.100055695
soc-LiveJournal1,s64_mfull_qshuffle_fast,1,csr_prefetch,60.5261325836,1185,159.100055695
soc-LiveJournal1,s64_mfull_qshuffle_fast,1,feature_gather_decode,45.8505153656,1185,159.100055695
soc-LiveJournal1,s64_mfull_qshuffle_fast,1,fp32_neighbor_reduction,17.126083374,1185,159.100055695
soc-LiveJournal1,s64_mfull_qshuffle_fast,1,partial_bf16_conversion,7.86566734314,1185,159.100055695
soc-LiveJournal1,s64_mfull_qshuffle_fast,1,tile_load,2.32934951782,1185,159.100055695
soc-LiveJournal1,s64_mfull_qshuffle_fast,1,tile_compute,3.84497642517,1185,159.100055695
soc-LiveJournal1,s64_mfull_qshuffle_fast,1,tile_store,0.176668167114,1185,159.100055695
soc-LiveJournal1,s64_mfull_qshuffle_fast,1,output_scatter,1.64079666138,1185,159.100055695
soc-LiveJournal1,s64_mfull_qshuffle_fast,1,thread_amx_setup,0.0331401824951,1185,159.100055695
soc-LiveJournal1,s64_mfull_qshuffle_fast,2,output_zero,0,1185,153.32198143
soc-LiveJournal1,s64_mfull_qshuffle_fast,2,row_schedule,0.611543655396,1185,153.32198143
soc-LiveJournal1,s64_mfull_qshuffle_fast,2,partial_zero,0.509262084961,1185,153.32198143
soc-LiveJournal1,s64_mfull_qshuffle_fast,2,csr_prefetch,60.3168010712,1185,153.32198143
soc-LiveJournal1,s64_mfull_qshuffle_fast,2,feature_gather_decode,45.8385944366,1185,153.32198143
soc-LiveJournal1,s64_mfull_qshuffle_fast,2,fp32_neighbor_reduction,17.299413681,1185,153.32198143
soc-LiveJournal1,s64_mfull_qshuffle_fast,2,partial_bf16_conversion,7.82918930054,1185,153.32198143
soc-LiveJournal1,s64_mfull_qshuffle_fast,2,tile_load,2.22754478455,1185,153.32198143
soc-LiveJournal1,s64_mfull_qshuffle_fast,2,tile_compute,3.85689735413,1185,153.32198143
soc-LiveJournal1,s64_mfull_qshuffle_fast,2,tile_store,0.158071517944,1185,153.32198143
soc-LiveJournal1,s64_mfull_qshuffle_fast,2,output_scatter,2.20799446106,1185,153.32198143
soc-LiveJournal1,s64_mfull_qshuffle_fast,2,thread_amx_setup,0.0288486480713,1185,153.32198143
soc-LiveJournal1,s64_mfull_qsource_fast,1,output_zero,0,1185,153.630971909
soc-LiveJournal1,s64_mfull_qsource_fast,1,row_schedule,0.608682632446,1185,153.630971909
soc-LiveJournal1,s64_mfull_qsource_fast,1,partial_zero,0.536680221558,1185,153.630971909
soc-LiveJournal1,s64_mfull_qsource_fast,1,csr_prefetch,61.7308616638,1185,153.630971909
soc-LiveJournal1,s64_mfull_qsource_fast,1,feature_gather_decode,46.9496250153,1185,153.630971909
soc-LiveJournal1,s64_mfull_qsource_fast,1,fp32_neighbor_reduction,17.582654953,1185,153.630971909
soc-LiveJournal1,s64_mfull_qsource_fast,1,partial_bf16_conversion,7.86972045898,1185,153.630971909
soc-LiveJournal1,s64_mfull_qsource_fast,1,tile_load,2.37059593201,1185,153.630971909
soc-LiveJournal1,s64_mfull_qsource_fast,1,tile_compute,3.85046005249,1185,153.630971909
soc-LiveJournal1,s64_mfull_qsource_fast,1,tile_store,0.211238861084,1185,153.630971909
soc-LiveJournal1,s64_mfull_qsource_fast,1,output_scatter,1.6622543335,1185,153.630971909
soc-LiveJournal1,s64_mfull_qsource_fast,1,thread_amx_setup,0.0381469726562,1185,153.630971909
soc-LiveJournal1,s64_mfull_qsource_fast,2,output_zero,0.000953674316406,1185,152.804851532
soc-LiveJournal1,s64_mfull_qsource_fast,2,row_schedule,0.596761703491,1185,152.804851532
soc-LiveJournal1,s64_mfull_qsource_fast,2,partial_zero,0.495672225952,1185,152.804851532
soc-LiveJournal1,s64_mfull_qsource_fast,2,csr_prefetch,61.1519813538,1185,152.804851532
soc-LiveJournal1,s64_mfull_qsource_fast,2,feature_gather_decode,47.40691185,1185,152.804851532
soc-LiveJournal1,s64_mfull_qsource_fast,2,fp32_neighbor_reduction,17.4996852875,1185,152.804851532
soc-LiveJournal1,s64_mfull_qsource_fast,2,partial_bf16_conversion,7.93623924255,1185,152.804851532
soc-LiveJournal1,s64_mfull_qsource_fast,2,tile_load,2.33697891235,1185,152.804851532
soc-LiveJournal1,s64_mfull_qsource_fast,2,tile_compute,3.80110740662,1185,152.804851532
soc-LiveJournal1,s64_mfull_qsource_fast,2,tile_store,0.208854675293,1185,152.804851532
soc-LiveJournal1,s64_mfull_qsource_fast,2,output_scatter,2.19368934631,1185,152.804851532
soc-LiveJournal1,s64_mfull_qsource_fast,2,thread_amx_setup,0.0267028808594,1185,152.804851532
soc-LiveJournal1,s64_mfull_qpage_fast,1,output_zero,0,1185,154.532909393
soc-LiveJournal1,s64_mfull_qpage_fast,1,row_schedule,0.598907470703,1185,154.532909393
soc-LiveJournal1,s64_mfull_qpage_fast,1,partial_zero,0.553131103516,1185,154.532909393
soc-LiveJournal1,s64_mfull_qpage_fast,1,csr_prefetch,62.1783733368,1185,154.532909393
soc-LiveJournal1,s64_mfull_qpage_fast,1,feature_gather_decode,47.3718643188,1185,154.532909393
soc-LiveJournal1,s64_mfull_qpage_fast,1,fp32_neighbor_reduction,18.0339813232,1185,154.532909393
soc-LiveJournal1,s64_mfull_qpage_fast,1,partial_bf16_conversion,7.89332389832,1185,154.532909393
soc-LiveJournal1,s64_mfull_qpage_fast,1,tile_load,2.36034393311,1185,154.532909393
soc-LiveJournal1,s64_mfull_qpage_fast,1,tile_compute,3.84569168091,1185,154.532909393
soc-LiveJournal1,s64_mfull_qpage_fast,1,tile_store,0.189781188965,1185,154.532909393
soc-LiveJournal1,s64_mfull_qpage_fast,1,output_scatter,1.62506103516,1185,154.532909393
soc-LiveJournal1,s64_mfull_qpage_fast,1,thread_amx_setup,0.0307559967041,1185,154.532909393
soc-LiveJournal1,s64_mfull_qpage_fast,2,output_zero,0.000953674316406,1185,150.028944016
soc-LiveJournal1,s64_mfull_qpage_fast,2,row_schedule,0.59175491333,1185,150.028944016
soc-LiveJournal1,s64_mfull_qpage_fast,2,partial_zero,0.476837158203,1185,150.028944016
soc-LiveJournal1,s64_mfull_qpage_fast,2,csr_prefetch,62.9374980927,1185,150.028944016
soc-LiveJournal1,s64_mfull_qpage_fast,2,feature_gather_decode,47.0507144928,1185,150.028944016
soc-LiveJournal1,s64_mfull_qpage_fast,2,fp32_neighbor_reduction,17.6801681519,1185,150.028944016
soc-LiveJournal1,s64_mfull_qpage_fast,2,partial_bf16_conversion,7.94291496277,1185,150.028944016
soc-LiveJournal1,s64_mfull_qpage_fast,2,tile_load,2.3295879364,1185,150.028944016
soc-LiveJournal1,s64_mfull_qpage_fast,2,tile_compute,3.73101234436,1185,150.028944016
soc-LiveJournal1,s64_mfull_qpage_fast,2,tile_store,0.184297561646,1185,150.028944016
soc-LiveJournal1,s64_mfull_qpage_fast,2,output_scatter,2.17366218567,1185,150.028944016
soc-LiveJournal1,s64_mfull_qpage_fast,2,thread_amx_setup,0.0290870666504,1185,150.028944016
soc-LiveJournal1,s64_m64_degree_fast,1,output_zero,0,1185,157.638072968
soc-LiveJournal1,s64_m64_degree_fast,1,row_schedule,0.567436218262,1185,157.638072968
soc-LiveJournal1,s64_m64_degree_fast,1,partial_zero,0.564336776733,1185,157.638072968
soc-LiveJournal1,s64_m64_degree_fast,1,csr_prefetch,60.5158805847,1185,157.638072968
soc-LiveJournal1,s64_m64_degree_fast,1,feature_gather_decode,46.7948913574,1185,157.638072968
soc-LiveJournal1,s64_m64_degree_fast,1,fp32_neighbor_reduction,17.2989368439,1185,157.638072968
soc-LiveJournal1,s64_m64_degree_fast,1,partial_bf16_conversion,10.6921195984,1185,157.638072968
soc-LiveJournal1,s64_m64_degree_fast,1,tile_load,3.14259529114,1185,157.638072968
soc-LiveJournal1,s64_m64_degree_fast,1,tile_compute,4.65750694275,1185,157.638072968
soc-LiveJournal1,s64_m64_degree_fast,1,tile_store,0.268459320068,1185,157.638072968
soc-LiveJournal1,s64_m64_degree_fast,1,output_scatter,1.64294242859,1185,157.638072968
soc-LiveJournal1,s64_m64_degree_fast,1,thread_amx_setup,0.0312328338623,1185,157.638072968
soc-LiveJournal1,s64_m64_degree_fast,2,output_zero,0,1185,157.21487999
soc-LiveJournal1,s64_m64_degree_fast,2,row_schedule,0.576019287109,1185,157.21487999
soc-LiveJournal1,s64_m64_degree_fast,2,partial_zero,0.548839569092,1185,157.21487999
soc-LiveJournal1,s64_m64_degree_fast,2,csr_prefetch,61.0897541046,1185,157.21487999
soc-LiveJournal1,s64_m64_degree_fast,2,feature_gather_decode,46.6454029083,1185,157.21487999
soc-LiveJournal1,s64_m64_degree_fast,2,fp32_neighbor_reduction,17.2464847565,1185,157.21487999
soc-LiveJournal1,s64_m64_degree_fast,2,partial_bf16_conversion,10.8456611633,1185,157.21487999
soc-LiveJournal1,s64_m64_degree_fast,2,tile_load,3.14569473267,1185,157.21487999
soc-LiveJournal1,s64_m64_degree_fast,2,tile_compute,4.60171699524,1185,157.21487999
soc-LiveJournal1,s64_m64_degree_fast,2,tile_store,0.242710113525,1185,157.21487999
soc-LiveJournal1,s64_m64_degree_fast,2,output_scatter,2.14886665344,1185,157.21487999
soc-LiveJournal1,s64_m64_degree_fast,2,thread_amx_setup,0.0309944152832,1185,157.21487999
soc-LiveJournal1,s64_m64_qshuffle_fast,1,output_zero,0,1185,163.493871689
soc-LiveJournal1,s64_m64_qshuffle_fast,1,row_schedule,0.581026077271,1185,163.493871689
soc-LiveJournal1,s64_m64_qshuffle_fast,1,partial_zero,0.632762908936,1185,163.493871689
soc-LiveJournal1,s64_m64_qshuffle_fast,1,csr_prefetch,60.6451034546,1185,163.493871689
soc-LiveJournal1,s64_m64_qshuffle_fast,1,feature_gather_decode,46.3538169861,1185,163.493871689
soc-LiveJournal1,s64_m64_qshuffle_fast,1,fp32_neighbor_reduction,17.462015152,1185,163.493871689
soc-LiveJournal1,s64_m64_qshuffle_fast,1,partial_bf16_conversion,10.7316970825,1185,163.493871689
soc-LiveJournal1,s64_m64_qshuffle_fast,1,tile_load,3.19123268127,1185,163.493871689
soc-LiveJournal1,s64_m64_qshuffle_fast,1,tile_compute,4.78386878967,1185,163.493871689
soc-LiveJournal1,s64_m64_qshuffle_fast,1,tile_store,0.263214111328,1185,163.493871689
soc-LiveJournal1,s64_m64_qshuffle_fast,1,output_scatter,1.57737731934,1185,163.493871689
soc-LiveJournal1,s64_m64_qshuffle_fast,1,thread_amx_setup,0.0369548797607,1185,163.493871689
soc-LiveJournal1,s64_m64_qshuffle_fast,2,output_zero,0,1185,158.424139023
soc-LiveJournal1,s64_m64_qshuffle_fast,2,row_schedule,0.57315826416,1185,158.424139023
soc-LiveJournal1,s64_m64_qshuffle_fast,2,partial_zero,0.579118728638,1185,158.424139023
soc-LiveJournal1,s64_m64_qshuffle_fast,2,csr_prefetch,61.0842704773,1185,158.424139023
soc-LiveJournal1,s64_m64_qshuffle_fast,2,feature_gather_decode,46.4773178101,1185,158.424139023
soc-LiveJournal1,s64_m64_qshuffle_fast,2,fp32_neighbor_reduction,17.3811912537,1185,158.424139023
soc-LiveJournal1,s64_m64_qshuffle_fast,2,partial_bf16_conversion,10.7705593109,1185,158.424139023
soc-LiveJournal1,s64_m64_qshuffle_fast,2,tile_load,3.13258171082,1185,158.424139023
soc-LiveJournal1,s64_m64_qshuffle_fast,2,tile_compute,4.64558601379,1185,158.424139023
soc-LiveJournal1,s64_m64_qshuffle_fast,2,tile_store,0.247240066528,1185,158.424139023
soc-LiveJournal1,s64_m64_qshuffle_fast,2,output_scatter,2.18558311462,1185,158.424139023
soc-LiveJournal1,s64_m64_qshuffle_fast,2,thread_amx_setup,0.0302791595459,1185,158.424139023
soc-LiveJournal1,s64_m64_qsource_fast,1,output_zero,0,1185,158.550977707
soc-LiveJournal1,s64_m64_qsource_fast,1,row_schedule,0.570058822632,1185,158.550977707
soc-LiveJournal1,s64_m64_qsource_fast,1,partial_zero,0.640153884888,1185,158.550977707
soc-LiveJournal1,s64_m64_qsource_fast,1,csr_prefetch,62.2005462646,1185,158.550977707
soc-LiveJournal1,s64_m64_qsource_fast,1,feature_gather_decode,47.970533371,1185,158.550977707
soc-LiveJournal1,s64_m64_qsource_fast,1,fp32_neighbor_reduction,17.6372528076,1185,158.550977707
soc-LiveJournal1,s64_m64_qsource_fast,1,partial_bf16_conversion,10.8437538147,1185,158.550977707
soc-LiveJournal1,s64_m64_qsource_fast,1,tile_load,3.18646430969,1185,158.550977707
soc-LiveJournal1,s64_m64_qsource_fast,1,tile_compute,4.68397140503,1185,158.550977707
soc-LiveJournal1,s64_m64_qsource_fast,1,tile_store,0.255107879639,1185,158.550977707
soc-LiveJournal1,s64_m64_qsource_fast,1,output_scatter,1.62506103516,1185,158.550977707
soc-LiveJournal1,s64_m64_qsource_fast,1,thread_amx_setup,0.0331401824951,1185,158.550977707
soc-LiveJournal1,s64_m64_qsource_fast,2,output_zero,0,1185,161.885023117
soc-LiveJournal1,s64_m64_qsource_fast,2,row_schedule,0.586271286011,1185,161.885023117
soc-LiveJournal1,s64_m64_qsource_fast,2,partial_zero,0.5784034729,1185,161.885023117
soc-LiveJournal1,s64_m64_qsource_fast,2,csr_prefetch,61.8996620178,1185,161.885023117
soc-LiveJournal1,s64_m64_qsource_fast,2,feature_gather_decode,47.3515987396,1185,161.885023117
soc-LiveJournal1,s64_m64_qsource_fast,2,fp32_neighbor_reduction,17.792224884,1185,161.885023117
soc-LiveJournal1,s64_m64_qsource_fast,2,partial_bf16_conversion,10.8180046082,1185,161.885023117
soc-LiveJournal1,s64_m64_qsource_fast,2,tile_load,3.09157371521,1185,161.885023117
soc-LiveJournal1,s64_m64_qsource_fast,2,tile_compute,4.53805923462,1185,161.885023117
soc-LiveJournal1,s64_m64_qsource_fast,2,tile_store,0.236988067627,1185,161.885023117
soc-LiveJournal1,s64_m64_qsource_fast,2,output_scatter,2.19869613647,1185,161.885023117
soc-LiveJournal1,s64_m64_qsource_fast,2,thread_amx_setup,0.0300407409668,1185,161.885023117
soc-LiveJournal1,s64_m64_qpage_fast,1,output_zero,0,1185,163.53392601
soc-LiveJournal1,s64_m64_qpage_fast,1,row_schedule,0.563621520996,1185,163.53392601
soc-LiveJournal1,s64_m64_qpage_fast,1,partial_zero,0.627756118774,1185,163.53392601
soc-LiveJournal1,s64_m64_qpage_fast,1,csr_prefetch,62.1778964996,1185,163.53392601
soc-LiveJournal1,s64_m64_qpage_fast,1,feature_gather_decode,48.0451583862,1185,163.53392601
soc-LiveJournal1,s64_m64_qpage_fast,1,fp32_neighbor_reduction,17.6985263824,1185,163.53392601
soc-LiveJournal1,s64_m64_qpage_fast,1,partial_bf16_conversion,10.8284950256,1185,163.53392601
soc-LiveJournal1,s64_m64_qpage_fast,1,tile_load,3.16429138184,1185,163.53392601
soc-LiveJournal1,s64_m64_qpage_fast,1,tile_compute,4.66513633728,1185,163.53392601
soc-LiveJournal1,s64_m64_qpage_fast,1,tile_store,0.271797180176,1185,163.53392601
soc-LiveJournal1,s64_m64_qpage_fast,1,output_scatter,1.62625312805,1185,163.53392601
soc-LiveJournal1,s64_m64_qpage_fast,1,thread_amx_setup,0.0360012054443,1185,163.53392601
soc-LiveJournal1,s64_m64_qpage_fast,2,output_zero,0,1185,155.039787292
soc-LiveJournal1,s64_m64_qpage_fast,2,row_schedule,0.56529045105,1185,155.039787292
soc-LiveJournal1,s64_m64_qpage_fast,2,partial_zero,0.58388710022,1185,155.039787292
soc-LiveJournal1,s64_m64_qpage_fast,2,csr_prefetch,62.7226829529,1185,155.039787292
soc-LiveJournal1,s64_m64_qpage_fast,2,feature_gather_decode,47.7020740509,1185,155.039787292
soc-LiveJournal1,s64_m64_qpage_fast,2,fp32_neighbor_reduction,17.7211761475,1185,155.039787292
soc-LiveJournal1,s64_m64_qpage_fast,2,partial_bf16_conversion,10.8518600464,1185,155.039787292
soc-LiveJournal1,s64_m64_qpage_fast,2,tile_load,3.19814682007,1185,155.039787292
soc-LiveJournal1,s64_m64_qpage_fast,2,tile_compute,4.77886199951,1185,155.039787292
soc-LiveJournal1,s64_m64_qpage_fast,2,tile_store,0.258684158325,1185,155.039787292
soc-LiveJournal1,s64_m64_qpage_fast,2,output_scatter,2.16436386108,1185,155.039787292
soc-LiveJournal1,s64_m64_qpage_fast,2,thread_amx_setup,0.0336170196533,1185,155.039787292
com-LiveJournal,s64_mfull_degree_fast,1,output_zero,0,978,149.408102036
com-LiveJournal,s64_mfull_degree_fast,1,row_schedule,0.49901008606,978,149.408102036
com-LiveJournal,s64_mfull_degree_fast,1,partial_zero,0.460386276245,978,149.408102036
com-LiveJournal,s64_mfull_degree_fast,1,csr_prefetch,67.8210258484,978,149.408102036
com-LiveJournal,s64_mfull_degree_fast,1,feature_gather_decode,50.6308078766,978,149.408102036
com-LiveJournal,s64_mfull_degree_fast,1,fp32_neighbor_reduction,19.3068981171,978,149.408102036
com-LiveJournal,s64_mfull_degree_fast,1,partial_bf16_conversion,7.26199150085,978,149.408102036
com-LiveJournal,s64_mfull_degree_fast,1,tile_load,2.13360786438,978,149.408102036
com-LiveJournal,s64_mfull_degree_fast,1,tile_compute,3.48377227783,978,149.408102036
com-LiveJournal,s64_mfull_degree_fast,1,tile_store,0.175952911377,978,149.408102036
com-LiveJournal,s64_mfull_degree_fast,1,output_scatter,1.38235092163,978,149.408102036
com-LiveJournal,s64_mfull_degree_fast,1,thread_amx_setup,0.0302791595459,978,149.408102036
com-LiveJournal,s64_mfull_degree_fast,2,output_zero,0,978,143.025159836
com-LiveJournal,s64_mfull_degree_fast,2,row_schedule,0.482559204102,978,143.025159836
com-LiveJournal,s64_mfull_degree_fast,2,partial_zero,0.458717346191,978,143.025159836
com-LiveJournal,s64_mfull_degree_fast,2,csr_prefetch,67.4982070923,978,143.025159836
com-LiveJournal,s64_mfull_degree_fast,2,feature_gather_decode,50.8525371552,978,143.025159836
com-LiveJournal,s64_mfull_degree_fast,2,fp32_neighbor_reduction,19.2339420319,978,143.025159836
com-LiveJournal,s64_mfull_degree_fast,2,partial_bf16_conversion,7.30514526367,978,143.025159836
com-LiveJournal,s64_mfull_degree_fast,2,tile_load,2.10070610046,978,143.025159836
com-LiveJournal,s64_mfull_degree_fast,2,tile_compute,3.49736213684,978,143.025159836
com-LiveJournal,s64_mfull_degree_fast,2,tile_store,0.181913375854,978,143.025159836
com-LiveJournal,s64_mfull_degree_fast,2,output_scatter,1.94954872131,978,143.025159836
com-LiveJournal,s64_mfull_degree_fast,2,thread_amx_setup,0.0326633453369,978,143.025159836
com-LiveJournal,s64_mfull_qshuffle_fast,1,output_zero,0,978,156.929969788
com-LiveJournal,s64_mfull_qshuffle_fast,1,row_schedule,0.550508499146,978,156.929969788
com-LiveJournal,s64_mfull_qshuffle_fast,1,partial_zero,0.454187393188,978,156.929969788
com-LiveJournal,s64_mfull_qshuffle_fast,1,csr_prefetch,67.9860115051,978,156.929969788
com-LiveJournal,s64_mfull_qshuffle_fast,1,feature_gather_decode,51.0611534119,978,156.929969788
com-LiveJournal,s64_mfull_qshuffle_fast,1,fp32_neighbor_reduction,19.1111564636,978,156.929969788
com-LiveJournal,s64_mfull_qshuffle_fast,1,partial_bf16_conversion,7.3299407959,978,156.929969788
com-LiveJournal,s64_mfull_qshuffle_fast,1,tile_load,2.1185874939,978,156.929969788
com-LiveJournal,s64_mfull_qshuffle_fast,1,tile_compute,3.5924911499,978,156.929969788
com-LiveJournal,s64_mfull_qshuffle_fast,1,tile_store,0.17261505127,978,156.929969788
com-LiveJournal,s64_mfull_qshuffle_fast,1,output_scatter,1.37495994568,978,156.929969788
com-LiveJournal,s64_mfull_qshuffle_fast,1,thread_amx_setup,0.037670135498,978,156.929969788
com-LiveJournal,s64_mfull_qshuffle_fast,2,output_zero,0,978,150.181055069
com-LiveJournal,s64_mfull_qshuffle_fast,2,row_schedule,0.518560409546,978,150.181055069
com-LiveJournal,s64_mfull_qshuffle_fast,2,partial_zero,0.451803207397,978,150.181055069
com-LiveJournal,s64_mfull_qshuffle_fast,2,csr_prefetch,67.8515434265,978,150.181055069
com-LiveJournal,s64_mfull_qshuffle_fast,2,feature_gather_decode,50.9767532349,978,150.181055069
com-LiveJournal,s64_mfull_qshuffle_fast,2,fp32_neighbor_reduction,19.1938877106,978,150.181055069
com-LiveJournal,s64_mfull_qshuffle_fast,2,partial_bf16_conversion,7.25340843201,978,150.181055069
com-LiveJournal,s64_mfull_qshuffle_fast,2,tile_load,2.18605995178,978,150.181055069
com-LiveJournal,s64_mfull_qshuffle_fast,2,tile_compute,3.47828865051,978,150.181055069
com-LiveJournal,s64_mfull_qshuffle_fast,2,tile_store,0.174045562744,978,150.181055069
com-LiveJournal,s64_mfull_qshuffle_fast,2,output_scatter,2.02345848083,978,150.181055069
com-LiveJournal,s64_mfull_qshuffle_fast,2,thread_amx_setup,0.032901763916,978,150.181055069
com-LiveJournal,s64_mfull_qsource_fast,1,output_zero,0,978,161.967039108
com-LiveJournal,s64_mfull_qsource_fast,1,row_schedule,0.537872314453,978,161.967039108
com-LiveJournal,s64_mfull_qsource_fast,1,partial_zero,0.474452972412,978,161.967039108
com-LiveJournal,s64_mfull_qsource_fast,1,csr_prefetch,69.1075325012,978,161.967039108
com-LiveJournal,s64_mfull_qsource_fast,1,feature_gather_decode,52.5407791138,978,161.967039108
com-LiveJournal,s64_mfull_qsource_fast,1,fp32_neighbor_reduction,19.8125839233,978,161.967039108
com-LiveJournal,s64_mfull_qsource_fast,1,partial_bf16_conversion,7.27391242981,978,161.967039108
com-LiveJournal,s64_mfull_qsource_fast,1,tile_load,2.17294692993,978,161.967039108
com-LiveJournal,s64_mfull_qsource_fast,1,tile_compute,3.64327430725,978,161.967039108
com-LiveJournal,s64_mfull_qsource_fast,1,tile_store,0.168800354004,978,161.967039108
com-LiveJournal,s64_mfull_qsource_fast,1,output_scatter,1.40976905823,978,161.967039108
com-LiveJournal,s64_mfull_qsource_fast,1,thread_amx_setup,0.0386238098145,978,161.967039108
com-LiveJournal,s64_mfull_qsource_fast,2,output_zero,0,978,151.057004929
com-LiveJournal,s64_mfull_qsource_fast,2,row_schedule,0.503301620483,978,151.057004929
com-LiveJournal,s64_mfull_qsource_fast,2,partial_zero,0.463724136353,978,151.057004929
com-LiveJournal,s64_mfull_qsource_fast,2,csr_prefetch,70.0845718384,978,151.057004929
com-LiveJournal,s64_mfull_qsource_fast,2,feature_gather_decode,52.3788928986,978,151.057004929
com-LiveJournal,s64_mfull_qsource_fast,2,fp32_neighbor_reduction,20.2143192291,978,151.057004929
com-LiveJournal,s64_mfull_qsource_fast,2,partial_bf16_conversion,7.2717666626,978,151.057004929
com-LiveJournal,s64_mfull_qsource_fast,2,tile_load,2.09021568298,978,151.057004929
com-LiveJournal,s64_mfull_qsource_fast,2,tile_compute,3.56078147888,978,151.057004929
com-LiveJournal,s64_mfull_qsource_fast,2,tile_store,0.152349472046,978,151.057004929
com-LiveJournal,s64_mfull_qsource_fast,2,output_scatter,2.00819969177,978,151.057004929
com-LiveJournal,s64_mfull_qsource_fast,2,thread_amx_setup,0.0338554382324,978,151.057004929
com-LiveJournal,s64_mfull_qpage_fast,1,output_zero,0,978,161.866903305
com-LiveJournal,s64_mfull_qpage_fast,1,row_schedule,0.56529045105,978,161.866903305
com-LiveJournal,s64_mfull_qpage_fast,1,partial_zero,0.466346740723,978,161.866903305
com-LiveJournal,s64_mfull_qpage_fast,1,csr_prefetch,69.6659088135,978,161.866903305
com-LiveJournal,s64_mfull_qpage_fast,1,feature_gather_decode,52.3600578308,978,161.866903305
com-LiveJournal,s64_mfull_qpage_fast,1,fp32_neighbor_reduction,19.6735858917,978,161.866903305
com-LiveJournal,s64_mfull_qpage_fast,1,partial_bf16_conversion,7.33971595764,978,161.866903305
com-LiveJournal,s64_mfull_qpage_fast,1,tile_load,2.17485427856,978,161.866903305
com-LiveJournal,s64_mfull_qpage_fast,1,tile_compute,3.57294082642,978,161.866903305
com-LiveJournal,s64_mfull_qpage_fast,1,tile_store,0.179529190063,978,161.866903305
com-LiveJournal,s64_mfull_qpage_fast,1,output_scatter,1.42931938171,978,161.866903305
com-LiveJournal,s64_mfull_qpage_fast,1,thread_amx_setup,0.0298023223877,978,161.866903305
com-LiveJournal,s64_mfull_qpage_fast,2,output_zero,0,978,152.375936508
com-LiveJournal,s64_mfull_qpage_fast,2,row_schedule,0.490427017212,978,152.375936508
com-LiveJournal,s64_mfull_qpage_fast,2,partial_zero,0.458240509033,978,152.375936508
com-LiveJournal,s64_mfull_qpage_fast,2,csr_prefetch,69.8456764221,978,152.375936508
com-LiveJournal,s64_mfull_qpage_fast,2,feature_gather_decode,52.4621009827,978,152.375936508
com-LiveJournal,s64_mfull_qpage_fast,2,fp32_neighbor_reduction,19.8719501495,978,152.375936508
com-LiveJournal,s64_mfull_qpage_fast,2,partial_bf16_conversion,7.34233856201,978,152.375936508
com-LiveJournal,s64_mfull_qpage_fast,2,tile_load,2.18939781189,978,152.375936508
com-LiveJournal,s64_mfull_qpage_fast,2,tile_compute,3.56411933899,978,152.375936508
com-LiveJournal,s64_mfull_qpage_fast,2,tile_store,0.160217285156,978,152.375936508
com-LiveJournal,s64_mfull_qpage_fast,2,output_scatter,2.02679634094,978,152.375936508
com-LiveJournal,s64_mfull_qpage_fast,2,thread_amx_setup,0.0333786010742,978,152.375936508
com-LiveJournal,s64_m64_degree_fast,1,output_zero,0,978,163.84601593
com-LiveJournal,s64_m64_degree_fast,1,row_schedule,0.526189804077,978,163.84601593
com-LiveJournal,s64_m64_degree_fast,1,partial_zero,0.506401062012,978,163.84601593
com-LiveJournal,s64_m64_degree_fast,1,csr_prefetch,67.6171779633,978,163.84601593
com-LiveJournal,s64_m64_degree_fast,1,feature_gather_decode,50.9793758392,978,163.84601593
com-LiveJournal,s64_m64_degree_fast,1,fp32_neighbor_reduction,19.3519592285,978,163.84601593
com-LiveJournal,s64_m64_degree_fast,1,partial_bf16_conversion,9.78422164917,978,163.84601593
com-LiveJournal,s64_m64_degree_fast,1,tile_load,2.78306007385,978,163.84601593
com-LiveJournal,s64_m64_degree_fast,1,tile_compute,4.46653366089,978,163.84601593
com-LiveJournal,s64_m64_degree_fast,1,tile_store,0.222206115723,978,163.84601593
com-LiveJournal,s64_m64_degree_fast,1,output_scatter,1.38211250305,978,163.84601593
com-LiveJournal,s64_m64_degree_fast,1,thread_amx_setup,0.0367164611816,978,163.84601593
com-LiveJournal,s64_m64_degree_fast,2,output_zero,0,978,152.483940125
com-LiveJournal,s64_m64_degree_fast,2,row_schedule,0.502824783325,978,152.483940125
com-LiveJournal,s64_m64_degree_fast,2,partial_zero,0.526189804077,978,152.483940125
com-LiveJournal,s64_m64_degree_fast,2,csr_prefetch,67.6407814026,978,152.483940125
com-LiveJournal,s64_m64_degree_fast,2,feature_gather_decode,51.6602993011,978,152.483940125
com-LiveJournal,s64_m64_degree_fast,2,fp32_neighbor_reduction,19.2592144012,978,152.483940125
com-LiveJournal,s64_m64_degree_fast,2,partial_bf16_conversion,9.67741012573,978,152.483940125
com-LiveJournal,s64_m64_degree_fast,2,tile_load,2.85625457764,978,152.483940125
com-LiveJournal,s64_m64_degree_fast,2,tile_compute,4.44078445435,978,152.483940125
com-LiveJournal,s64_m64_degree_fast,2,tile_store,0.214099884033,978,152.483940125
com-LiveJournal,s64_m64_degree_fast,2,output_scatter,1.96075439453,978,152.483940125
com-LiveJournal,s64_m64_degree_fast,2,thread_amx_setup,0.0293254852295,978,152.483940125
com-LiveJournal,s64_m64_qshuffle_fast,1,output_zero,0,978,165.096998215
com-LiveJournal,s64_m64_qshuffle_fast,1,row_schedule,0.520944595337,978,165.096998215
com-LiveJournal,s64_m64_qshuffle_fast,1,partial_zero,0.571012496948,978,165.096998215
com-LiveJournal,s64_m64_qshuffle_fast,1,csr_prefetch,68.0539608002,978,165.096998215
com-LiveJournal,s64_m64_qshuffle_fast,1,feature_gather_decode,51.2428283691,978,165.096998215
com-LiveJournal,s64_m64_qshuffle_fast,1,fp32_neighbor_reduction,19.2556381226,978,165.096998215
com-LiveJournal,s64_m64_qshuffle_fast,1,partial_bf16_conversion,10.1189613342,978,165.096998215
com-LiveJournal,s64_m64_qshuffle_fast,1,tile_load,2.85387039185,978,165.096998215
com-LiveJournal,s64_m64_qshuffle_fast,1,tile_compute,4.52303886414,978,165.096998215
com-LiveJournal,s64_m64_qshuffle_fast,1,tile_store,0.223636627197,978,165.096998215
com-LiveJournal,s64_m64_qshuffle_fast,1,output_scatter,1.36399269104,978,165.096998215
com-LiveJournal,s64_m64_qshuffle_fast,1,thread_amx_setup,0.0677108764648,978,165.096998215
com-LiveJournal,s64_m64_qshuffle_fast,2,output_zero,0,978,147.720813751
com-LiveJournal,s64_m64_qshuffle_fast,2,row_schedule,0.533103942871,978,147.720813751
com-LiveJournal,s64_m64_qshuffle_fast,2,partial_zero,0.475168228149,978,147.720813751
com-LiveJournal,s64_m64_qshuffle_fast,2,csr_prefetch,68.2218074799,978,147.720813751
com-LiveJournal,s64_m64_qshuffle_fast,2,feature_gather_decode,51.349401474,978,147.720813751
com-LiveJournal,s64_m64_qshuffle_fast,2,fp32_neighbor_reduction,19.5395946503,978,147.720813751
com-LiveJournal,s64_m64_qshuffle_fast,2,partial_bf16_conversion,9.65118408203,978,147.720813751
com-LiveJournal,s64_m64_qshuffle_fast,2,tile_load,2.8817653656,978,147.720813751
com-LiveJournal,s64_m64_qshuffle_fast,2,tile_compute,4.563331604,978,147.720813751
com-LiveJournal,s64_m64_qshuffle_fast,2,tile_store,0.217437744141,978,147.720813751
com-LiveJournal,s64_m64_qshuffle_fast,2,output_scatter,1.99341773987,978,147.720813751
com-LiveJournal,s64_m64_qshuffle_fast,2,thread_amx_setup,0.0333786010742,978,147.720813751
com-LiveJournal,s64_m64_qsource_fast,1,output_zero,0,978,163.179159164
com-LiveJournal,s64_m64_qsource_fast,1,row_schedule,0.55456161499,978,163.179159164
com-LiveJournal,s64_m64_qsource_fast,1,partial_zero,0.524282455444,978,163.179159164
com-LiveJournal,s64_m64_qsource_fast,1,csr_prefetch,69.9589252472,978,163.179159164
com-LiveJournal,s64_m64_qsource_fast,1,feature_gather_decode,52.6471138,978,163.179159164
com-LiveJournal,s64_m64_qsource_fast,1,fp32_neighbor_reduction,19.8767185211,978,163.179159164
com-LiveJournal,s64_m64_qsource_fast,1,partial_bf16_conversion,9.75155830383,978,163.179159164
com-LiveJournal,s64_m64_qsource_fast,1,tile_load,2.9501914978,978,163.179159164
com-LiveJournal,s64_m64_qsource_fast,1,tile_compute,4.46534156799,978,163.179159164
com-LiveJournal,s64_m64_qsource_fast,1,tile_store,0.23341178894,978,163.179159164
com-LiveJournal,s64_m64_qsource_fast,1,output_scatter,1.40857696533,978,163.179159164
com-LiveJournal,s64_m64_qsource_fast,1,thread_amx_setup,0.0362396240234,978,163.179159164
com-LiveJournal,s64_m64_qsource_fast,2,output_zero,0,978,161.269903183
com-LiveJournal,s64_m64_qsource_fast,2,row_schedule,0.532865524292,978,161.269903183
com-LiveJournal,s64_m64_qsource_fast,2,partial_zero,0.495433807373,978,161.269903183
com-LiveJournal,s64_m64_qsource_fast,2,csr_prefetch,68.9322948456,978,161.269903183
com-LiveJournal,s64_m64_qsource_fast,2,feature_gather_decode,52.9158115387,978,161.269903183
com-LiveJournal,s64_m64_qsource_fast,2,fp32_neighbor_reduction,19.8969841003,978,161.269903183
com-LiveJournal,s64_m64_qsource_fast,2,partial_bf16_conversion,9.75012779236,978,161.269903183
com-LiveJournal,s64_m64_qsource_fast,2,tile_load,2.81143188477,978,161.269903183
com-LiveJournal,s64_m64_qsource_fast,2,tile_compute,4.39095497131,978,161.269903183
com-LiveJournal,s64_m64_qsource_fast,2,tile_store,0.240564346313,978,161.269903183
com-LiveJournal,s64_m64_qsource_fast,2,output_scatter,2.03227996826,978,161.269903183
com-LiveJournal,s64_m64_qsource_fast,2,thread_amx_setup,0.0300407409668,978,161.269903183
com-LiveJournal,s64_m64_qpage_fast,1,output_zero,0,978,165.745973587
com-LiveJournal,s64_m64_qpage_fast,1,row_schedule,0.543117523193,978,165.745973587
com-LiveJournal,s64_m64_qpage_fast,1,partial_zero,0.527143478394,978,165.745973587
com-LiveJournal,s64_m64_qpage_fast,1,csr_prefetch,70.3768730164,978,165.745973587
com-LiveJournal,s64_m64_qpage_fast,1,feature_gather_decode,52.2577762604,978,165.745973587
com-LiveJournal,s64_m64_qpage_fast,1,fp32_neighbor_reduction,20.2240943909,978,165.745973587
com-LiveJournal,s64_m64_qpage_fast,1,partial_bf16_conversion,9.7668170929,978,165.745973587
com-LiveJournal,s64_m64_qpage_fast,1,tile_load,2.87270545959,978,165.745973587
com-LiveJournal,s64_m64_qpage_fast,1,tile_compute,4.4219493866,978,165.745973587
com-LiveJournal,s64_m64_qpage_fast,1,tile_store,0.24151802063,978,165.745973587
com-LiveJournal,s64_m64_qpage_fast,1,output_scatter,1.40023231506,978,165.745973587
com-LiveJournal,s64_m64_qpage_fast,1,thread_amx_setup,0.0321865081787,978,165.745973587
com-LiveJournal,s64_m64_qpage_fast,2,output_zero,0,978,150.195121765
com-LiveJournal,s64_m64_qpage_fast,2,row_schedule,0.499486923218,978,150.195121765
com-LiveJournal,s64_m64_qpage_fast,2,partial_zero,0.522613525391,978,150.195121765
com-LiveJournal,s64_m64_qpage_fast,2,csr_prefetch,69.9789524078,978,150.195121765
com-LiveJournal,s64_m64_qpage_fast,2,feature_gather_decode,52.1256923676,978,150.195121765
com-LiveJournal,s64_m64_qpage_fast,2,fp32_neighbor_reduction,19.8135375977,978,150.195121765
com-LiveJournal,s64_m64_qpage_fast,2,partial_bf16_conversion,9.70554351807,978,150.195121765
com-LiveJournal,s64_m64_qpage_fast,2,tile_load,2.90632247925,978,150.195121765
com-LiveJournal,s64_m64_qpage_fast,2,tile_compute,4.39143180847,978,150.195121765
com-LiveJournal,s64_m64_qpage_fast,2,tile_store,0.211477279663,978,150.195121765
com-LiveJournal,s64_m64_qpage_fast,2,output_scatter,2.028465271,978,150.195121765
com-LiveJournal,s64_m64_qpage_fast,2,thread_amx_setup,0.0307559967041,978,150.195121765
as-Skitter,s64_mfull_degree_fast,1,output_zero,0,416,235.171079636
as-Skitter,s64_mfull_degree_fast,1,row_schedule,0.179290771484,416,235.171079636
as-Skitter,s64_mfull_degree_fast,1,partial_zero,0.207901000977,416,235.171079636
as-Skitter,s64_mfull_degree_fast,1,csr_prefetch,97.5368022919,416,235.171079636
as-Skitter,s64_mfull_degree_fast,1,feature_gather_decode,70.3148841858,416,235.171079636
as-Skitter,s64_mfull_degree_fast,1,fp32_neighbor_reduction,28.0206203461,416,235.171079636
as-Skitter,s64_mfull_degree_fast,1,partial_bf16_conversion,3.1852722168,416,235.171079636
as-Skitter,s64_mfull_degree_fast,1,tile_load,0.872373580933,416,235.171079636
as-Skitter,s64_mfull_degree_fast,1,tile_compute,1.5230178833,416,235.171079636
as-Skitter,s64_mfull_degree_fast,1,tile_store,0.0832080841064,416,235.171079636
as-Skitter,s64_mfull_degree_fast,1,output_scatter,0.555753707886,416,235.171079636
as-Skitter,s64_mfull_degree_fast,1,thread_amx_setup,0.0467300415039,416,235.171079636
as-Skitter,s64_mfull_degree_fast,2,output_zero,0,416,231.00399971
as-Skitter,s64_mfull_degree_fast,2,row_schedule,0.179052352905,416,231.00399971
as-Skitter,s64_mfull_degree_fast,2,partial_zero,0.17523765564,416,231.00399971
as-Skitter,s64_mfull_degree_fast,2,csr_prefetch,98.210811615,416,231.00399971
as-Skitter,s64_mfull_degree_fast,2,feature_gather_decode,70.4410076141,416,231.00399971
as-Skitter,s64_mfull_degree_fast,2,fp32_neighbor_reduction,27.9502868652,416,231.00399971
as-Skitter,s64_mfull_degree_fast,2,partial_bf16_conversion,3.21531295776,416,231.00399971
as-Skitter,s64_mfull_degree_fast,2,tile_load,0.869035720825,416,231.00399971
as-Skitter,s64_mfull_degree_fast,2,tile_compute,1.55091285706,416,231.00399971
as-Skitter,s64_mfull_degree_fast,2,tile_store,0.0712871551514,416,231.00399971
as-Skitter,s64_mfull_degree_fast,2,output_scatter,0.843286514282,416,231.00399971
as-Skitter,s64_mfull_degree_fast,2,thread_amx_setup,0.0448226928711,416,231.00399971
as-Skitter,s64_mfull_qshuffle_fast,1,output_zero,0,416,236.881971359
as-Skitter,s64_mfull_qshuffle_fast,1,row_schedule,0.192403793335,416,236.881971359
as-Skitter,s64_mfull_qshuffle_fast,1,partial_zero,0.219106674194,416,236.881971359
as-Skitter,s64_mfull_qshuffle_fast,1,csr_prefetch,97.9363918304,416,236.881971359
as-Skitter,s64_mfull_qshuffle_fast,1,feature_gather_decode,70.5735683441,416,236.881971359
as-Skitter,s64_mfull_qshuffle_fast,1,fp32_neighbor_reduction,27.9846191406,416,236.881971359
as-Skitter,s64_mfull_qshuffle_fast,1,partial_bf16_conversion,3.12852859497,416,236.881971359
as-Skitter,s64_mfull_qshuffle_fast,1,tile_load,0.802516937256,416,236.881971359
as-Skitter,s64_mfull_qshuffle_fast,1,tile_compute,1.49774551392,416,236.881971359
as-Skitter,s64_mfull_qshuffle_fast,1,tile_store,0.0667572021484,416,236.881971359
as-Skitter,s64_mfull_qshuffle_fast,1,output_scatter,0.580310821533,416,236.881971359
as-Skitter,s64_mfull_qshuffle_fast,1,thread_amx_setup,0.0507831573486,416,236.881971359
as-Skitter,s64_mfull_qshuffle_fast,2,output_zero,0,416,233.186006546
as-Skitter,s64_mfull_qshuffle_fast,2,row_schedule,0.198841094971,416,233.186006546
as-Skitter,s64_mfull_qshuffle_fast,2,partial_zero,0.204801559448,416,233.186006546
as-Skitter,s64_mfull_qshuffle_fast,2,csr_prefetch,97.4230766296,416,233.186006546
as-Skitter,s64_mfull_qshuffle_fast,2,feature_gather_decode,70.6202983856,416,233.186006546
as-Skitter,s64_mfull_qshuffle_fast,2,fp32_neighbor_reduction,27.9302597046,416,233.186006546
as-Skitter,s64_mfull_qshuffle_fast,2,partial_bf16_conversion,3.16262245178,416,233.186006546
as-Skitter,s64_mfull_qshuffle_fast,2,tile_load,0.840663909912,416,233.186006546
as-Skitter,s64_mfull_qshuffle_fast,2,tile_compute,1.56188011169,416,233.186006546
as-Skitter,s64_mfull_qshuffle_fast,2,tile_store,0.0627040863037,416,233.186006546
as-Skitter,s64_mfull_qshuffle_fast,2,output_scatter,0.838756561279,416,233.186006546
as-Skitter,s64_mfull_qshuffle_fast,2,thread_amx_setup,0.0393390655518,416,233.186006546
as-Skitter,s64_mfull_qsource_fast,1,output_zero,0,416,234.675168991
as-Skitter,s64_mfull_qsource_fast,1,row_schedule,0.193357467651,416,234.675168991
as-Skitter,s64_mfull_qsource_fast,1,partial_zero,0.210523605347,416,234.675168991
as-Skitter,s64_mfull_qsource_fast,1,csr_prefetch,97.8243350983,416,234.675168991
as-Skitter,s64_mfull_qsource_fast,1,feature_gather_decode,71.1750984192,416,234.675168991
as-Skitter,s64_mfull_qsource_fast,1,fp32_neighbor_reduction,28.1043052673,416,234.675168991
as-Skitter,s64_mfull_qsource_fast,1,partial_bf16_conversion,3.20386886597,416,234.675168991
as-Skitter,s64_mfull_qsource_fast,1,tile_load,0.885248184204,416,234.675168991
as-Skitter,s64_mfull_qsource_fast,1,tile_compute,1.60551071167,416,234.675168991
as-Skitter,s64_mfull_qsource_fast,1,tile_store,0.0784397125244,416,234.675168991
as-Skitter,s64_mfull_qsource_fast,1,output_scatter,0.568151473999,416,234.675168991
as-Skitter,s64_mfull_qsource_fast,1,thread_amx_setup,0.0419616699219,416,234.675168991
as-Skitter,s64_mfull_qsource_fast,2,output_zero,0,416,231.539011002
as-Skitter,s64_mfull_qsource_fast,2,row_schedule,0.201940536499,416,231.539011002
as-Skitter,s64_mfull_qsource_fast,2,partial_zero,0.190496444702,416,231.539011002
as-Skitter,s64_mfull_qsource_fast,2,csr_prefetch,98.2985496521,416,231.539011002
as-Skitter,s64_mfull_qsource_fast,2,feature_gather_decode,70.9762573242,416,231.539011002
as-Skitter,s64_mfull_qsource_fast,2,fp32_neighbor_reduction,27.9779434204,416,231.539011002
as-Skitter,s64_mfull_qsource_fast,2,partial_bf16_conversion,3.21626663208,416,231.539011002
as-Skitter,s64_mfull_qsource_fast,2,tile_load,0.948905944824,416,231.539011002
as-Skitter,s64_mfull_qsource_fast,2,tile_compute,1.63793563843,416,231.539011002
as-Skitter,s64_mfull_qsource_fast,2,tile_store,0.0729560852051,416,231.539011002
as-Skitter,s64_mfull_qsource_fast,2,output_scatter,0.888347625732,416,231.539011002
as-Skitter,s64_mfull_qsource_fast,2,thread_amx_setup,0.0362396240234,416,231.539011002
as-Skitter,s64_mfull_qpage_fast,1,output_zero,0.000953674316406,416,235.397815704
as-Skitter,s64_mfull_qpage_fast,1,row_schedule,0.204801559448,416,235.397815704
as-Skitter,s64_mfull_qpage_fast,1,partial_zero,0.195503234863,416,235.397815704
as-Skitter,s64_mfull_qpage_fast,1,csr_prefetch,97.9673862457,416,235.397815704
as-Skitter,s64_mfull_qpage_fast,1,feature_gather_decode,71.0742473602,416,235.397815704
as-Skitter,s64_mfull_qpage_fast,1,fp32_neighbor_reduction,28.0637741089,416,235.397815704
as-Skitter,s64_mfull_qpage_fast,1,partial_bf16_conversion,3.22937965393,416,235.397815704
as-Skitter,s64_mfull_qpage_fast,1,tile_load,0.923156738281,416,235.397815704
as-Skitter,s64_mfull_qpage_fast,1,tile_compute,1.66392326355,416,235.397815704
as-Skitter,s64_mfull_qpage_fast,1,tile_store,0.0758171081543,416,235.397815704
as-Skitter,s64_mfull_qpage_fast,1,output_scatter,0.573396682739,416,235.397815704
as-Skitter,s64_mfull_qpage_fast,1,thread_amx_setup,0.0472068786621,416,235.397815704
as-Skitter,s64_mfull_qpage_fast,2,output_zero,0,416,232.750177383
as-Skitter,s64_mfull_qpage_fast,2,row_schedule,0.202894210815,416,232.750177383
as-Skitter,s64_mfull_qpage_fast,2,partial_zero,0.206708908081,416,232.750177383
as-Skitter,s64_mfull_qpage_fast,2,csr_prefetch,97.9011058807,416,232.750177383
as-Skitter,s64_mfull_qpage_fast,2,feature_gather_decode,70.9230899811,416,232.750177383
as-Skitter,s64_mfull_qpage_fast,2,fp32_neighbor_reduction,27.8203487396,416,232.750177383
as-Skitter,s64_mfull_qpage_fast,2,partial_bf16_conversion,3.28540802002,416,232.750177383
as-Skitter,s64_mfull_qpage_fast,2,tile_load,0.869274139404,416,232.750177383
as-Skitter,s64_mfull_qpage_fast,2,tile_compute,1.74021720886,416,232.750177383
as-Skitter,s64_mfull_qpage_fast,2,tile_store,0.0705718994141,416,232.750177383
as-Skitter,s64_mfull_qpage_fast,2,output_scatter,0.86236000061,416,232.750177383
as-Skitter,s64_mfull_qpage_fast,2,thread_amx_setup,0.0431537628174,416,232.750177383
as-Skitter,s64_m64_degree_fast,1,output_zero,0,416,242.988109589
as-Skitter,s64_m64_degree_fast,1,row_schedule,0.179529190063,416,242.988109589
as-Skitter,s64_m64_degree_fast,1,partial_zero,0.329494476318,416,242.988109589
as-Skitter,s64_m64_degree_fast,1,csr_prefetch,97.1593856812,416,242.988109589
as-Skitter,s64_m64_degree_fast,1,feature_gather_decode,70.6660747528,416,242.988109589
as-Skitter,s64_m64_degree_fast,1,fp32_neighbor_reduction,28.0630588531,416,242.988109589
as-Skitter,s64_m64_degree_fast,1,partial_bf16_conversion,7.39455223083,416,242.988109589
as-Skitter,s64_m64_degree_fast,1,tile_load,2.02965736389,416,242.988109589
as-Skitter,s64_m64_degree_fast,1,tile_compute,3.8275718689,416,242.988109589
as-Skitter,s64_m64_degree_fast,1,tile_store,0.175952911377,416,242.988109589
as-Skitter,s64_m64_degree_fast,1,output_scatter,0.562429428101,416,242.988109589
as-Skitter,s64_m64_degree_fast,1,thread_amx_setup,0.0431537628174,416,242.988109589
as-Skitter,s64_m64_degree_fast,2,output_zero,0,416,240.078926086
as-Skitter,s64_m64_degree_fast,2,row_schedule,0.152111053467,416,240.078926086
as-Skitter,s64_m64_degree_fast,2,partial_zero,0.299692153931,416,240.078926086
as-Skitter,s64_m64_degree_fast,2,csr_prefetch,97.5253582001,416,240.078926086
as-Skitter,s64_m64_degree_fast,2,feature_gather_decode,70.9302425385,416,240.078926086
as-Skitter,s64_m64_degree_fast,2,fp32_neighbor_reduction,27.9836654663,416,240.078926086
as-Skitter,s64_m64_degree_fast,2,partial_bf16_conversion,7.35664367676,416,240.078926086
as-Skitter,s64_m64_degree_fast,2,tile_load,2.12097167969,416,240.078926086
as-Skitter,s64_m64_degree_fast,2,tile_compute,3.90410423279,416,240.078926086
as-Skitter,s64_m64_degree_fast,2,tile_store,0.177145004272,416,240.078926086
as-Skitter,s64_m64_degree_fast,2,output_scatter,0.848293304443,416,240.078926086
as-Skitter,s64_m64_degree_fast,2,thread_amx_setup,0.0479221343994,416,240.078926086
as-Skitter,s64_m64_qshuffle_fast,1,output_zero,0.000953674316406,416,244.22287941
as-Skitter,s64_m64_qshuffle_fast,1,row_schedule,0.228404998779,416,244.22287941
as-Skitter,s64_m64_qshuffle_fast,1,partial_zero,0.319004058838,416,244.22287941
as-Skitter,s64_m64_qshuffle_fast,1,csr_prefetch,97.3560810089,416,244.22287941
as-Skitter,s64_m64_qshuffle_fast,1,feature_gather_decode,70.7108974457,416,244.22287941
as-Skitter,s64_m64_qshuffle_fast,1,fp32_neighbor_reduction,27.6727676392,416,244.22287941
as-Skitter,s64_m64_qshuffle_fast,1,partial_bf16_conversion,7.29250907898,416,244.22287941
as-Skitter,s64_m64_qshuffle_fast,1,tile_load,2.09617614746,416,244.22287941
as-Skitter,s64_m64_qshuffle_fast,1,tile_compute,3.78060340881,416,244.22287941
as-Skitter,s64_m64_qshuffle_fast,1,tile_store,0.179767608643,416,244.22287941
as-Skitter,s64_m64_qshuffle_fast,1,output_scatter,0.563383102417,416,244.22287941
as-Skitter,s64_m64_qshuffle_fast,1,thread_amx_setup,0.0436305999756,416,244.22287941
as-Skitter,s64_m64_qshuffle_fast,2,output_zero,0,416,241.967916489
as-Skitter,s64_m64_qshuffle_fast,2,row_schedule,0.196933746338,416,241.967916489
as-Skitter,s64_m64_qshuffle_fast,2,partial_zero,0.289440155029,416,241.967916489
as-Skitter,s64_m64_qshuffle_fast,2,csr_prefetch,97.3289012909,416,241.967916489
as-Skitter,s64_m64_qshuffle_fast,2,feature_gather_decode,71.1023807526,416,241.967916489
as-Skitter,s64_m64_qshuffle_fast,2,fp32_neighbor_reduction,27.7483463287,416,241.967916489
as-Skitter,s64_m64_qshuffle_fast,2,partial_bf16_conversion,7.32564926147,416,241.967916489
as-Skitter,s64_m64_qshuffle_fast,2,tile_load,2.12216377258,416,241.967916489
as-Skitter,s64_m64_qshuffle_fast,2,tile_compute,3.80516052246,416,241.967916489
as-Skitter,s64_m64_qshuffle_fast,2,tile_store,0.15664100647,416,241.967916489
as-Skitter,s64_m64_qshuffle_fast,2,output_scatter,0.839471817017,416,241.967916489
as-Skitter,s64_m64_qshuffle_fast,2,thread_amx_setup,0.0357627868652,416,241.967916489
as-Skitter,s64_m64_qsource_fast,1,output_zero,0,416,244.13895607
as-Skitter,s64_m64_qsource_fast,1,row_schedule,0.209093093872,416,244.13895607
as-Skitter,s64_m64_qsource_fast,1,partial_zero,0.303268432617,416,244.13895607
as-Skitter,s64_m64_qsource_fast,1,csr_prefetch,97.4681377411,416,244.13895607
as-Skitter,s64_m64_qsource_fast,1,feature_gather_decode,71.1934566498,416,244.13895607
as-Skitter,s64_m64_qsource_fast,1,fp32_neighbor_reduction,28.1352996826,416,244.13895607
as-Skitter,s64_m64_qsource_fast,1,partial_bf16_conversion,7.39026069641,416,244.13895607
as-Skitter,s64_m64_qsource_fast,1,tile_load,2.09641456604,416,244.13895607
as-Skitter,s64_m64_qsource_fast,1,tile_compute,3.85594367981,416,244.13895607
as-Skitter,s64_m64_qsource_fast,1,tile_store,0.173091888428,416,244.13895607
as-Skitter,s64_m64_qsource_fast,1,output_scatter,0.562429428101,416,244.13895607
as-Skitter,s64_m64_qsource_fast,1,thread_amx_setup,0.0381469726562,416,244.13895607
as-Skitter,s64_m64_qsource_fast,2,output_zero,0,416,241.38879776
as-Skitter,s64_m64_qsource_fast,2,row_schedule,0.195980072021,416,241.38879776
as-Skitter,s64_m64_qsource_fast,2,partial_zero,0.307321548462,416,241.38879776
as-Skitter,s64_m64_qsource_fast,2,csr_prefetch,98.0529785156,416,241.38879776
as-Skitter,s64_m64_qsource_fast,2,feature_gather_decode,71.0351467133,416,241.38879776
as-Skitter,s64_m64_qsource_fast,2,fp32_neighbor_reduction,28.4066200256,416,241.38879776
as-Skitter,s64_m64_qsource_fast,2,partial_bf16_conversion,7.43079185486,416,241.38879776
as-Skitter,s64_m64_qsource_fast,2,tile_load,2.05111503601,416,241.38879776
as-Skitter,s64_m64_qsource_fast,2,tile_compute,3.99208068848,416,241.38879776
as-Skitter,s64_m64_qsource_fast,2,tile_store,0.166177749634,416,241.38879776
as-Skitter,s64_m64_qsource_fast,2,output_scatter,0.871419906616,416,241.38879776
as-Skitter,s64_m64_qsource_fast,2,thread_amx_setup,0.0414848327637,416,241.38879776
as-Skitter,s64_m64_qpage_fast,1,output_zero,0,416,242.130994797
as-Skitter,s64_m64_qpage_fast,1,row_schedule,0.23078918457,416,242.130994797
as-Skitter,s64_m64_qpage_fast,1,partial_zero,0.306129455566,416,242.130994797
as-Skitter,s64_m64_qpage_fast,1,csr_prefetch,97.8453159332,416,242.130994797
as-Skitter,s64_m64_qpage_fast,1,feature_gather_decode,71.0682868958,416,242.130994797
as-Skitter,s64_m64_qpage_fast,1,fp32_neighbor_reduction,28.2282829285,416,242.130994797
as-Skitter,s64_m64_qpage_fast,1,partial_bf16_conversion,7.43246078491,416,242.130994797
as-Skitter,s64_m64_qpage_fast,1,tile_load,2.13050842285,416,242.130994797
as-Skitter,s64_m64_qpage_fast,1,tile_compute,3.87954711914,416,242.130994797
as-Skitter,s64_m64_qpage_fast,1,tile_store,0.17523765564,416,242.130994797
as-Skitter,s64_m64_qpage_fast,1,output_scatter,0.58650970459,416,242.130994797
as-Skitter,s64_m64_qpage_fast,1,thread_amx_setup,0.0426769256592,416,242.130994797
as-Skitter,s64_m64_qpage_fast,2,output_zero,0,416,240.350961685
as-Skitter,s64_m64_qpage_fast,2,row_schedule,0.183343887329,416,240.350961685
as-Skitter,s64_m64_qpage_fast,2,partial_zero,0.348091125488,416,240.350961685
as-Skitter,s64_m64_qpage_fast,2,csr_prefetch,97.6152420044,416,240.350961685
as-Skitter,s64_m64_qpage_fast,2,feature_gather_decode,71.1507797241,416,240.350961685
as-Skitter,s64_m64_qpage_fast,2,fp32_neighbor_reduction,28.1751155853,416,240.350961685
as-Skitter,s64_m64_qpage_fast,2,partial_bf16_conversion,7.4610710144,416,240.350961685
as-Skitter,s64_m64_qpage_fast,2,tile_load,2.18081474304,416,240.350961685
as-Skitter,s64_m64_qpage_fast,2,tile_compute,3.97729873657,416,240.350961685
as-Skitter,s64_m64_qpage_fast,2,tile_store,0.178098678589,416,240.350961685
as-Skitter,s64_m64_qpage_fast,2,output_scatter,0.860929489136,416,240.350961685
as-Skitter,s64_m64_qpage_fast,2,thread_amx_setup,0.0426769256592,416,240.350961685
rgg_n_2_24_s0,s64_mfull_degree_fast,1,output_zero,0,4097,540.244102478
rgg_n_2_24_s0,s64_mfull_degree_fast,1,row_schedule,2.28643417358,4097,540.244102478
rgg_n_2_24_s0,s64_mfull_degree_fast,1,partial_zero,1.99937820435,4097,540.244102478
rgg_n_2_24_s0,s64_mfull_degree_fast,1,csr_prefetch,198.287963867,4097,540.244102478
rgg_n_2_24_s0,s64_mfull_degree_fast,1,feature_gather_decode,151.780128479,4097,540.244102478
rgg_n_2_24_s0,s64_mfull_degree_fast,1,fp32_neighbor_reduction,56.6422939301,4097,540.244102478
rgg_n_2_24_s0,s64_mfull_degree_fast,1,partial_bf16_conversion,28.9754867554,4097,540.244102478
rgg_n_2_24_s0,s64_mfull_degree_fast,1,tile_load,8.43906402588,4097,540.244102478
rgg_n_2_24_s0,s64_mfull_degree_fast,1,tile_compute,14.310836792,4097,540.244102478
rgg_n_2_24_s0,s64_mfull_degree_fast,1,tile_store,0.68998336792,4097,540.244102478
rgg_n_2_24_s0,s64_mfull_degree_fast,1,output_scatter,5.78379631042,4097,540.244102478
rgg_n_2_24_s0,s64_mfull_degree_fast,1,thread_amx_setup,0.0357627868652,4097,540.244102478
rgg_n_2_24_s0,s64_mfull_degree_fast,2,output_zero,0,4097,501.553058624
rgg_n_2_24_s0,s64_mfull_degree_fast,2,row_schedule,2.28309631348,4097,501.553058624
rgg_n_2_24_s0,s64_mfull_degree_fast,2,partial_zero,1.92189216614,4097,501.553058624
rgg_n_2_24_s0,s64_mfull_degree_fast,2,csr_prefetch,197.956323624,4097,501.553058624
rgg_n_2_24_s0,s64_mfull_degree_fast,2,feature_gather_decode,152.072668076,4097,501.553058624
rgg_n_2_24_s0,s64_mfull_degree_fast,2,fp32_neighbor_reduction,56.1218261719,4097,501.553058624
rgg_n_2_24_s0,s64_mfull_degree_fast,2,partial_bf16_conversion,28.909444809,4097,501.553058624
rgg_n_2_24_s0,s64_mfull_degree_fast,2,tile_load,8.33797454834,4097,501.553058624
rgg_n_2_24_s0,s64_mfull_degree_fast,2,tile_compute,14.0695571899,4097,501.553058624
rgg_n_2_24_s0,s64_mfull_degree_fast,2,tile_store,0.62084197998,4097,501.553058624
rgg_n_2_24_s0,s64_mfull_degree_fast,2,output_scatter,7.97510147095,4097,501.553058624
rgg_n_2_24_s0,s64_mfull_degree_fast,2,thread_amx_setup,0.032901763916,4097,501.553058624
rgg_n_2_24_s0,s64_mfull_qshuffle_fast,1,output_zero,0,4097,567.245960236
rgg_n_2_24_s0,s64_mfull_qshuffle_fast,1,row_schedule,2.5041103363,4097,567.245960236
rgg_n_2_24_s0,s64_mfull_qshuffle_fast,1,partial_zero,2.14171409607,4097,567.245960236
rgg_n_2_24_s0,s64_mfull_qshuffle_fast,1,csr_prefetch,201.585292816,4097,567.245960236
rgg_n_2_24_s0,s64_mfull_qshuffle_fast,1,feature_gather_decode,153.55682373,4097,567.245960236
rgg_n_2_24_s0,s64_mfull_qshuffle_fast,1,fp32_neighbor_reduction,56.3411712646,4097,567.245960236
rgg_n_2_24_s0,s64_mfull_qshuffle_fast,1,partial_bf16_conversion,29.0174484253,4097,567.245960236
rgg_n_2_24_s0,s64_mfull_qshuffle_fast,1,tile_load,8.37993621826,4097,567.245960236
rgg_n_2_24_s0,s64_mfull_qshuffle_fast,1,tile_compute,14.11652565,4097,567.245960236
rgg_n_2_24_s0,s64_mfull_qshuffle_fast,1,tile_store,0.719785690308,4097,567.245960236
rgg_n_2_24_s0,s64_mfull_qshuffle_fast,1,output_scatter,6.22272491455,4097,567.245960236
rgg_n_2_24_s0,s64_mfull_qshuffle_fast,1,thread_amx_setup,0.0326633453369,4097,567.245960236
rgg_n_2_24_s0,s64_mfull_qshuffle_fast,2,output_zero,0,4097,526.613950729
rgg_n_2_24_s0,s64_mfull_qshuffle_fast,2,row_schedule,2.48026847839,4097,526.613950729
rgg_n_2_24_s0,s64_mfull_qshuffle_fast,2,partial_zero,1.96313858032,4097,526.613950729
rgg_n_2_24_s0,s64_mfull_qshuffle_fast,2,csr_prefetch,201.735973358,4097,526.613950729
rgg_n_2_24_s0,s64_mfull_qshuffle_fast,2,feature_gather_decode,152.261734009,4097,526.613950729
rgg_n_2_24_s0,s64_mfull_qshuffle_fast,2,fp32_neighbor_reduction,56.7553043365,4097,526.613950729
rgg_n_2_24_s0,s64_mfull_qshuffle_fast,2,partial_bf16_conversion,28.9433002472,4097,526.613950729
rgg_n_2_24_s0,s64_mfull_qshuffle_fast,2,tile_load,8.33463668823,4097,526.613950729
rgg_n_2_24_s0,s64_mfull_qshuffle_fast,2,tile_compute,14.1212940216,4097,526.613950729
rgg_n_2_24_s0,s64_mfull_qshuffle_fast,2,tile_store,0.67663192749,4097,526.613950729
rgg_n_2_24_s0,s64_mfull_qshuffle_fast,2,output_scatter,8.67056846619,4097,526.613950729
rgg_n_2_24_s0,s64_mfull_qshuffle_fast,2,thread_amx_setup,0.0333786010742,4097,526.613950729
rgg_n_2_24_s0,s64_mfull_qsource_fast,1,output_zero,0,4097,547.58310318
rgg_n_2_24_s0,s64_mfull_qsource_fast,1,row_schedule,2.42328643799,4097,547.58310318
rgg_n_2_24_s0,s64_mfull_qsource_fast,1,partial_zero,1.96552276611,4097,547.58310318
rgg_n_2_24_s0,s64_mfull_qsource_fast,1,csr_prefetch,201.211929321,4097,547.58310318
rgg_n_2_24_s0,s64_mfull_qsource_fast,1,feature_gather_decode,152.581691742,4097,547.58310318
rgg_n_2_24_s0,s64_mfull_qsource_fast,1,fp32_neighbor_reduction,56.0550689697,4097,547.58310318
rgg_n_2_24_s0,s64_mfull_qsource_fast,1,partial_bf16_conversion,28.9471149445,4097,547.58310318
rgg_n_2_24_s0,s64_mfull_qsource_fast,1,tile_load,8.27741622925,4097,547.58310318
rgg_n_2_24_s0,s64_mfull_qsource_fast,1,tile_compute,14.1544342041,4097,547.58310318
rgg_n_2_24_s0,s64_mfull_qsource_fast,1,tile_store,0.64492225647,4097,547.58310318
rgg_n_2_24_s0,s64_mfull_qsource_fast,1,output_scatter,6.09159469604,4097,547.58310318
rgg_n_2_24_s0,s64_mfull_qsource_fast,1,thread_amx_setup,0.0312328338623,4097,547.58310318
rgg_n_2_24_s0,s64_mfull_qsource_fast,2,output_zero,0,4097,508.657932281
rgg_n_2_24_s0,s64_mfull_qsource_fast,2,row_schedule,2.37107276917,4097,508.657932281
rgg_n_2_24_s0,s64_mfull_qsource_fast,2,partial_zero,1.86324119568,4097,508.657932281
rgg_n_2_24_s0,s64_mfull_qsource_fast,2,csr_prefetch,200.72555542,4097,508.657932281
rgg_n_2_24_s0,s64_mfull_qsource_fast,2,feature_gather_decode,151.464939117,4097,508.657932281
rgg_n_2_24_s0,s64_mfull_qsource_fast,2,fp32_neighbor_reduction,56.3008785248,4097,508.657932281
rgg_n_2_24_s0,s64_mfull_qsource_fast,2,partial_bf16_conversion,29.0448665619,4097,508.657932281
rgg_n_2_24_s0,s64_mfull_qsource_fast,2,tile_load,8.15463066101,4097,508.657932281
rgg_n_2_24_s0,s64_mfull_qsource_fast,2,tile_compute,13.916015625,4097,508.657932281
rgg_n_2_24_s0,s64_mfull_qsource_fast,2,tile_store,0.648021697998,4097,508.657932281
rgg_n_2_24_s0,s64_mfull_qsource_fast,2,output_scatter,8.41760635376,4097,508.657932281
rgg_n_2_24_s0,s64_mfull_qsource_fast,2,thread_amx_setup,0.0343322753906,4097,508.657932281
rgg_n_2_24_s0,s64_mfull_qpage_fast,1,output_zero,0,4097,547.176122665
rgg_n_2_24_s0,s64_mfull_qpage_fast,1,row_schedule,2.44784355164,4097,547.176122665
rgg_n_2_24_s0,s64_mfull_qpage_fast,1,partial_zero,1.99604034424,4097,547.176122665
rgg_n_2_24_s0,s64_mfull_qpage_fast,1,csr_prefetch,200.875520706,4097,547.176122665
rgg_n_2_24_s0,s64_mfull_qpage_fast,1,feature_gather_decode,151.822328568,4097,547.176122665
rgg_n_2_24_s0,s64_mfull_qpage_fast,1,fp32_neighbor_reduction,56.4036369324,4097,547.176122665
rgg_n_2_24_s0,s64_mfull_qpage_fast,1,partial_bf16_conversion,29.0594100952,4097,547.176122665
rgg_n_2_24_s0,s64_mfull_qpage_fast,1,tile_load,8.27884674072,4097,547.176122665
rgg_n_2_24_s0,s64_mfull_qpage_fast,1,tile_compute,13.9977931976,4097,547.176122665
rgg_n_2_24_s0,s64_mfull_qpage_fast,1,tile_store,0.633955001831,4097,547.176122665
rgg_n_2_24_s0,s64_mfull_qpage_fast,1,output_scatter,6.17837905884,4097,547.176122665
rgg_n_2_24_s0,s64_mfull_qpage_fast,1,thread_amx_setup,0.0331401824951,4097,547.176122665
rgg_n_2_24_s0,s64_mfull_qpage_fast,2,output_zero,0,4097,506.906032562
rgg_n_2_24_s0,s64_mfull_qpage_fast,2,row_schedule,2.3775100708,4097,506.906032562
rgg_n_2_24_s0,s64_mfull_qpage_fast,2,partial_zero,1.92356109619,4097,506.906032562
rgg_n_2_24_s0,s64_mfull_qpage_fast,2,csr_prefetch,201.037406921,4097,506.906032562
rgg_n_2_24_s0,s64_mfull_qpage_fast,2,feature_gather_decode,150.8872509,4097,506.906032562
rgg_n_2_24_s0,s64_mfull_qpage_fast,2,fp32_neighbor_reduction,56.2427043915,4097,506.906032562
rgg_n_2_24_s0,s64_mfull_qpage_fast,2,partial_bf16_conversion,29.036283493,4097,506.906032562
rgg_n_2_24_s0,s64_mfull_qpage_fast,2,tile_load,8.12363624573,4097,506.906032562
rgg_n_2_24_s0,s64_mfull_qpage_fast,2,tile_compute,14.1201019287,4097,506.906032562
rgg_n_2_24_s0,s64_mfull_qpage_fast,2,tile_store,0.645875930786,4097,506.906032562
rgg_n_2_24_s0,s64_mfull_qpage_fast,2,output_scatter,8.23307037354,4097,506.906032562
rgg_n_2_24_s0,s64_mfull_qpage_fast,2,thread_amx_setup,0.0293254852295,4097,506.906032562
rgg_n_2_24_s0,s64_m64_degree_fast,1,output_zero,0,4097,540.991067886
rgg_n_2_24_s0,s64_m64_degree_fast,1,row_schedule,2.26736068726,4097,540.991067886
rgg_n_2_24_s0,s64_m64_degree_fast,1,partial_zero,2.05230712891,4097,540.991067886
rgg_n_2_24_s0,s64_m64_degree_fast,1,csr_prefetch,197.930574417,4097,540.991067886
rgg_n_2_24_s0,s64_m64_degree_fast,1,feature_gather_decode,152.3001194,4097,540.991067886
rgg_n_2_24_s0,s64_m64_degree_fast,1,fp32_neighbor_reduction,56.389093399,4097,540.991067886
rgg_n_2_24_s0,s64_m64_degree_fast,1,partial_bf16_conversion,29.0825366974,4097,540.991067886
rgg_n_2_24_s0,s64_m64_degree_fast,1,tile_load,8.50176811218,4097,540.991067886
rgg_n_2_24_s0,s64_m64_degree_fast,1,tile_compute,13.8652324677,4097,540.991067886
rgg_n_2_24_s0,s64_m64_degree_fast,1,tile_store,0.622510910034,4097,540.991067886
rgg_n_2_24_s0,s64_m64_degree_fast,1,output_scatter,5.76424598694,4097,540.991067886
rgg_n_2_24_s0,s64_m64_degree_fast,1,thread_amx_setup,0.0379085540771,4097,540.991067886
rgg_n_2_24_s0,s64_m64_degree_fast,2,output_zero,0.00119209289551,4097,502.927780151
rgg_n_2_24_s0,s64_m64_degree_fast,2,row_schedule,2.28333473206,4097,502.927780151
rgg_n_2_24_s0,s64_m64_degree_fast,2,partial_zero,1.92332267761,4097,502.927780151
rgg_n_2_24_s0,s64_m64_degree_fast,2,csr_prefetch,197.79253006,4097,502.927780151
rgg_n_2_24_s0,s64_m64_degree_fast,2,feature_gather_decode,152.847528458,4097,502.927780151
rgg_n_2_24_s0,s64_m64_degree_fast,2,fp32_neighbor_reduction,58.7096214294,4097,502.927780151
rgg_n_2_24_s0,s64_m64_degree_fast,2,partial_bf16_conversion,29.1068553925,4097,502.927780151
rgg_n_2_24_s0,s64_m64_degree_fast,2,tile_load,8.41903686523,4097,502.927780151
rgg_n_2_24_s0,s64_m64_degree_fast,2,tile_compute,13.7152671814,4097,502.927780151
rgg_n_2_24_s0,s64_m64_degree_fast,2,tile_store,0.637769699097,4097,502.927780151
rgg_n_2_24_s0,s64_m64_degree_fast,2,output_scatter,7.89713859558,4097,502.927780151
rgg_n_2_24_s0,s64_m64_degree_fast,2,thread_amx_setup,0.0309944152832,4097,502.927780151
rgg_n_2_24_s0,s64_m64_qshuffle_fast,1,output_zero,0,4097,567.962884903
rgg_n_2_24_s0,s64_m64_qshuffle_fast,1,row_schedule,2.48050689697,4097,567.962884903
rgg_n_2_24_s0,s64_m64_qshuffle_fast,1,partial_zero,2.09879875183,4097,567.962884903
rgg_n_2_24_s0,s64_m64_qshuffle_fast,1,csr_prefetch,201.601266861,4097,567.962884903
rgg_n_2_24_s0,s64_m64_qshuffle_fast,1,feature_gather_decode,153.078794479,4097,567.962884903
rgg_n_2_24_s0,s64_m64_qshuffle_fast,1,fp32_neighbor_reduction,56.2195777893,4097,567.962884903
rgg_n_2_24_s0,s64_m64_qshuffle_fast,1,partial_bf16_conversion,29.0679931641,4097,567.962884903
rgg_n_2_24_s0,s64_m64_qshuffle_fast,1,tile_load,8.49270820618,4097,567.962884903
rgg_n_2_24_s0,s64_m64_qshuffle_fast,1,tile_compute,14.012336731,4097,567.962884903
rgg_n_2_24_s0,s64_m64_qshuffle_fast,1,tile_store,0.691890716553,4097,567.962884903
rgg_n_2_24_s0,s64_m64_qshuffle_fast,1,output_scatter,6.19554519653,4097,567.962884903
rgg_n_2_24_s0,s64_m64_qshuffle_fast,1,thread_amx_setup,0.0333786010742,4097,567.962884903
rgg_n_2_24_s0,s64_m64_qshuffle_fast,2,output_zero,0,4097,527.769088745
rgg_n_2_24_s0,s64_m64_qshuffle_fast,2,row_schedule,2.37536430359,4097,527.769088745
rgg_n_2_24_s0,s64_m64_qshuffle_fast,2,partial_zero,1.97339057922,4097,527.769088745
rgg_n_2_24_s0,s64_m64_qshuffle_fast,2,csr_prefetch,201.447486877,4097,527.769088745
rgg_n_2_24_s0,s64_m64_qshuffle_fast,2,feature_gather_decode,153.086423874,4097,527.769088745
rgg_n_2_24_s0,s64_m64_qshuffle_fast,2,fp32_neighbor_reduction,56.5826892853,4097,527.769088745
rgg_n_2_24_s0,s64_m64_qshuffle_fast,2,partial_bf16_conversion,29.0315151215,4097,527.769088745
rgg_n_2_24_s0,s64_m64_qshuffle_fast,2,tile_load,8.51511955261,4097,527.769088745
rgg_n_2_24_s0,s64_m64_qshuffle_fast,2,tile_compute,13.8771533966,4097,527.769088745
rgg_n_2_24_s0,s64_m64_qshuffle_fast,2,tile_store,0.702381134033,4097,527.769088745
rgg_n_2_24_s0,s64_m64_qshuffle_fast,2,output_scatter,8.52537155151,4097,527.769088745
rgg_n_2_24_s0,s64_m64_qshuffle_fast,2,thread_amx_setup,0.032901763916,4097,527.769088745
rgg_n_2_24_s0,s64_m64_qsource_fast,1,output_zero,0.000953674316406,4097,547.987937927
rgg_n_2_24_s0,s64_m64_qsource_fast,1,row_schedule,2.51412391663,4097,547.987937927
rgg_n_2_24_s0,s64_m64_qsource_fast,1,partial_zero,1.98912620544,4097,547.987937927
rgg_n_2_24_s0,s64_m64_qsource_fast,1,csr_prefetch,201.119661331,4097,547.987937927
rgg_n_2_24_s0,s64_m64_qsource_fast,1,feature_gather_decode,152.022838593,4097,547.987937927
rgg_n_2_24_s0,s64_m64_qsource_fast,1,fp32_neighbor_reduction,56.2088489532,4097,547.987937927
rgg_n_2_24_s0,s64_m64_qsource_fast,1,partial_bf16_conversion,28.9888381958,4097,547.987937927
rgg_n_2_24_s0,s64_m64_qsource_fast,1,tile_load,8.28957557678,4097,547.987937927
rgg_n_2_24_s0,s64_m64_qsource_fast,1,tile_compute,14.0264034271,4097,547.987937927
rgg_n_2_24_s0,s64_m64_qsource_fast,1,tile_store,0.672578811646,4097,547.987937927
rgg_n_2_24_s0,s64_m64_qsource_fast,1,output_scatter,6.07252120972,4097,547.987937927
rgg_n_2_24_s0,s64_m64_qsource_fast,1,thread_amx_setup,0.0286102294922,4097,547.987937927
rgg_n_2_24_s0,s64_m64_qsource_fast,2,output_zero,0,4097,509.161949158
rgg_n_2_24_s0,s64_m64_qsource_fast,2,row_schedule,2.37369537354,4097,509.161949158
rgg_n_2_24_s0,s64_m64_qsource_fast,2,partial_zero,1.87039375305,4097,509.161949158
rgg_n_2_24_s0,s64_m64_qsource_fast,2,csr_prefetch,200.773715973,4097,509.161949158
rgg_n_2_24_s0,s64_m64_qsource_fast,2,feature_gather_decode,152.110815048,4097,509.161949158
rgg_n_2_24_s0,s64_m64_qsource_fast,2,fp32_neighbor_reduction,56.4119815826,4097,509.161949158
rgg_n_2_24_s0,s64_m64_qsource_fast,2,partial_bf16_conversion,29.0820598602,4097,509.161949158
rgg_n_2_24_s0,s64_m64_qsource_fast,2,tile_load,8.10551643372,4097,509.161949158
rgg_n_2_24_s0,s64_m64_qsource_fast,2,tile_compute,14.1830444336,4097,509.161949158
rgg_n_2_24_s0,s64_m64_qsource_fast,2,tile_store,0.67138671875,4097,509.161949158
rgg_n_2_24_s0,s64_m64_qsource_fast,2,output_scatter,8.42618942261,4097,509.161949158
rgg_n_2_24_s0,s64_m64_qsource_fast,2,thread_amx_setup,0.0300407409668,4097,509.161949158
rgg_n_2_24_s0,s64_m64_qpage_fast,1,output_zero,0.000953674316406,4097,547.249078751
rgg_n_2_24_s0,s64_m64_qpage_fast,1,row_schedule,2.47573852539,4097,547.249078751
rgg_n_2_24_s0,s64_m64_qpage_fast,1,partial_zero,1.99699401855,4097,547.249078751
rgg_n_2_24_s0,s64_m64_qpage_fast,1,csr_prefetch,200.175523758,4097,547.249078751
rgg_n_2_24_s0,s64_m64_qpage_fast,1,feature_gather_decode,152.302742004,4097,547.249078751
rgg_n_2_24_s0,s64_m64_qpage_fast,1,fp32_neighbor_reduction,56.4866065979,4097,547.249078751
rgg_n_2_24_s0,s64_m64_qpage_fast,1,partial_bf16_conversion,29.0727615356,4097,547.249078751
rgg_n_2_24_s0,s64_m64_qpage_fast,1,tile_load,8.25357437134,4097,547.249078751
rgg_n_2_24_s0,s64_m64_qpage_fast,1,tile_compute,14.2366886139,4097,547.249078751
rgg_n_2_24_s0,s64_m64_qpage_fast,1,tile_store,0.679016113281,4097,547.249078751
rgg_n_2_24_s0,s64_m64_qpage_fast,1,output_scatter,6.03866577148,4097,547.249078751
rgg_n_2_24_s0,s64_m64_qpage_fast,1,thread_amx_setup,0.0345706939697,4097,547.249078751
rgg_n_2_24_s0,s64_m64_qpage_fast,2,output_zero,0,4097,507.109880447
rgg_n_2_24_s0,s64_m64_qpage_fast,2,row_schedule,2.41208076477,4097,507.109880447
rgg_n_2_24_s0,s64_m64_qpage_fast,2,partial_zero,1.84559822083,4097,507.109880447
rgg_n_2_24_s0,s64_m64_qpage_fast,2,csr_prefetch,200.354576111,4097,507.109880447
rgg_n_2_24_s0,s64_m64_qpage_fast,2,feature_gather_decode,151.740074158,4097,507.109880447
rgg_n_2_24_s0,s64_m64_qpage_fast,2,fp32_neighbor_reduction,56.4422607422,4097,507.109880447
rgg_n_2_24_s0,s64_m64_qpage_fast,2,partial_bf16_conversion,28.9859771729,4097,507.109880447
rgg_n_2_24_s0,s64_m64_qpage_fast,2,tile_load,8.16917419434,4097,507.109880447
rgg_n_2_24_s0,s64_m64_qpage_fast,2,tile_compute,13.929605484,4097,507.109880447
rgg_n_2_24_s0,s64_m64_qpage_fast,2,tile_store,0.699758529663,4097,507.109880447
rgg_n_2_24_s0,s64_m64_qpage_fast,2,output_scatter,8.1958770752,4097,507.109880447
rgg_n_2_24_s0,s64_m64_qpage_fast,2,thread_amx_setup,0.0476837158203,4097,507.109880447
web-Google,s64_mfull_degree_fast,1,output_zero,0.000953674316406,225,12.2239589691
web-Google,s64_mfull_degree_fast,1,row_schedule,0.107288360596,225,12.2239589691
web-Google,s64_mfull_degree_fast,1,partial_zero,0.0941753387451,225,12.2239589691
web-Google,s64_mfull_degree_fast,1,csr_prefetch,5.86271286011,225,12.2239589691
web-Google,s64_mfull_degree_fast,1,feature_gather_decode,3.45611572266,225,12.2239589691
web-Google,s64_mfull_degree_fast,1,fp32_neighbor_reduction,1.26075744629,225,12.2239589691
web-Google,s64_mfull_degree_fast,1,partial_bf16_conversion,1.36470794678,225,12.2239589691
web-Google,s64_mfull_degree_fast,1,tile_load,0.333309173584,225,12.2239589691
web-Google,s64_mfull_degree_fast,1,tile_compute,0.742673873901,225,12.2239589691
web-Google,s64_mfull_degree_fast,1,tile_store,0.0309944152832,225,12.2239589691
web-Google,s64_mfull_degree_fast,1,output_scatter,0.998020172119,225,12.2239589691
web-Google,s64_mfull_degree_fast,1,thread_amx_setup,0.0467300415039,225,12.2239589691
web-Google,s64_mfull_degree_fast,2,output_zero,0,225,10.8380317688
web-Google,s64_mfull_degree_fast,2,row_schedule,0.0996589660645,225,10.8380317688
web-Google,s64_mfull_degree_fast,2,partial_zero,0.0870227813721,225,10.8380317688
web-Google,s64_mfull_degree_fast,2,csr_prefetch,4.49204444885,225,10.8380317688
web-Google,s64_mfull_degree_fast,2,feature_gather_decode,3.46255302429,225,10.8380317688
web-Google,s64_mfull_degree_fast,2,fp32_neighbor_reduction,1.34491920471,225,10.8380317688
web-Google,s64_mfull_degree_fast,2,partial_bf16_conversion,1.34444236755,225,10.8380317688
web-Google,s64_mfull_degree_fast,2,tile_load,0.395536422729,225,10.8380317688
web-Google,s64_mfull_degree_fast,2,tile_compute,0.71120262146,225,10.8380317688
web-Google,s64_mfull_degree_fast,2,tile_store,0.0278949737549,225,10.8380317688
web-Google,s64_mfull_degree_fast,2,output_scatter,0.365495681763,225,10.8380317688
web-Google,s64_mfull_degree_fast,2,thread_amx_setup,0.051736831665,225,10.8380317688
web-Google,s64_mfull_qshuffle_fast,1,output_zero,0,225,12.4320983887
web-Google,s64_mfull_qshuffle_fast,1,row_schedule,0.115871429443,225,12.4320983887
web-Google,s64_mfull_qshuffle_fast,1,partial_zero,0.084400177002,225,12.4320983887
web-Google,s64_mfull_qshuffle_fast,1,csr_prefetch,4.40216064453,225,12.4320983887
web-Google,s64_mfull_qshuffle_fast,1,feature_gather_decode,3.41176986694,225,12.4320983887
web-Google,s64_mfull_qshuffle_fast,1,fp32_neighbor_reduction,1.24454498291,225,12.4320983887
web-Google,s64_mfull_qshuffle_fast,1,partial_bf16_conversion,1.3279914856,225,12.4320983887
web-Google,s64_mfull_qshuffle_fast,1,tile_load,0.380039215088,225,12.4320983887
web-Google,s64_mfull_qshuffle_fast,1,tile_compute,0.688314437866,225,12.4320983887
web-Google,s64_mfull_qshuffle_fast,1,tile_store,0.0288486480713,225,12.4320983887
web-Google,s64_mfull_qshuffle_fast,1,output_scatter,0.276327133179,225,12.4320983887
web-Google,s64_mfull_qshuffle_fast,1,thread_amx_setup,0.0405311584473,225,12.4320983887
web-Google,s64_mfull_qshuffle_fast,2,output_zero,0.000953674316406,225,11.018037796
web-Google,s64_mfull_qshuffle_fast,2,row_schedule,0.0784397125244,225,11.018037796
web-Google,s64_mfull_qshuffle_fast,2,partial_zero,0.0872611999512,225,11.018037796
web-Google,s64_mfull_qshuffle_fast,2,csr_prefetch,4.43649291992,225,11.018037796
web-Google,s64_mfull_qshuffle_fast,2,feature_gather_decode,3.49283218384,225,11.018037796
web-Google,s64_mfull_qshuffle_fast,2,fp32_neighbor_reduction,1.29389762878,225,11.018037796
web-Google,s64_mfull_qshuffle_fast,2,partial_bf16_conversion,1.3415813446,225,11.018037796
web-Google,s64_mfull_qshuffle_fast,2,tile_load,0.380516052246,225,11.018037796
web-Google,s64_mfull_qshuffle_fast,2,tile_compute,0.746488571167,225,11.018037796
web-Google,s64_mfull_qshuffle_fast,2,tile_store,0.0345706939697,225,11.018037796
web-Google,s64_mfull_qshuffle_fast,2,output_scatter,0.360488891602,225,11.018037796
web-Google,s64_mfull_qshuffle_fast,2,thread_amx_setup,0.051736831665,225,11.018037796
web-Google,s64_mfull_qsource_fast,1,output_zero,0,225,12.2239589691
web-Google,s64_mfull_qsource_fast,1,row_schedule,0.0879764556885,225,12.2239589691
web-Google,s64_mfull_qsource_fast,1,partial_zero,0.105619430542,225,12.2239589691
web-Google,s64_mfull_qsource_fast,1,csr_prefetch,4.40645217896,225,12.2239589691
web-Google,s64_mfull_qsource_fast,1,feature_gather_decode,3.50737571716,225,12.2239589691
web-Google,s64_mfull_qsource_fast,1,fp32_neighbor_reduction,1.31821632385,225,12.2239589691
web-Google,s64_mfull_qsource_fast,1,partial_bf16_conversion,1.35660171509,225,12.2239589691
web-Google,s64_mfull_qsource_fast,1,tile_load,0.372171401978,225,12.2239589691
web-Google,s64_mfull_qsource_fast,1,tile_compute,0.755548477173,225,12.2239589691
web-Google,s64_mfull_qsource_fast,1,tile_store,0.0267028808594,225,12.2239589691
web-Google,s64_mfull_qsource_fast,1,output_scatter,0.260829925537,225,12.2239589691
web-Google,s64_mfull_qsource_fast,1,thread_amx_setup,0.0460147857666,225,12.2239589691
web-Google,s64_mfull_qsource_fast,2,output_zero,0,225,10.8828544617
web-Google,s64_mfull_qsource_fast,2,row_schedule,0.0858306884766,225,10.8828544617
web-Google,s64_mfull_qsource_fast,2,partial_zero,0.0860691070557,225,10.8828544617
web-Google,s64_mfull_qsource_fast,2,csr_prefetch,4.61316108704,225,10.8828544617
web-Google,s64_mfull_qsource_fast,2,feature_gather_decode,3.50284576416,225,10.8828544617
web-Google,s64_mfull_qsource_fast,2,fp32_neighbor_reduction,1.23834609985,225,10.8828544617
web-Google,s64_mfull_qsource_fast,2,partial_bf16_conversion,1.36828422546,225,10.8828544617
web-Google,s64_mfull_qsource_fast,2,tile_load,0.384092330933,225,10.8828544617
web-Google,s64_mfull_qsource_fast,2,tile_compute,0.752687454224,225,10.8828544617
web-Google,s64_mfull_qsource_fast,2,tile_store,0.0278949737549,225,10.8828544617
web-Google,s64_mfull_qsource_fast,2,output_scatter,0.37956237793,225,10.8828544617
web-Google,s64_mfull_qsource_fast,2,thread_amx_setup,0.0560283660889,225,10.8828544617
web-Google,s64_mfull_qpage_fast,1,output_zero,0,225,11.7659568787
web-Google,s64_mfull_qpage_fast,1,row_schedule,0.115394592285,225,11.7659568787
web-Google,s64_mfull_qpage_fast,1,partial_zero,0.0743865966797,225,11.7659568787
web-Google,s64_mfull_qpage_fast,1,csr_prefetch,4.37164306641,225,11.7659568787
web-Google,s64_mfull_qpage_fast,1,feature_gather_decode,3.53598594666,225,11.7659568787
web-Google,s64_mfull_qpage_fast,1,fp32_neighbor_reduction,1.31773948669,225,11.7659568787
web-Google,s64_mfull_qpage_fast,1,partial_bf16_conversion,1.34706497192,225,11.7659568787
web-Google,s64_mfull_qpage_fast,1,tile_load,0.330686569214,225,11.7659568787
web-Google,s64_mfull_qpage_fast,1,tile_compute,0.756502151489,225,11.7659568787
web-Google,s64_mfull_qpage_fast,1,tile_store,0.0243186950684,225,11.7659568787
web-Google,s64_mfull_qpage_fast,1,output_scatter,0.290632247925,225,11.7659568787
web-Google,s64_mfull_qpage_fast,1,thread_amx_setup,0.0460147857666,225,11.7659568787
web-Google,s64_mfull_qpage_fast,2,output_zero,0,225,10.8561515808
web-Google,s64_mfull_qpage_fast,2,row_schedule,0.0858306884766,225,10.8561515808
web-Google,s64_mfull_qpage_fast,2,partial_zero,0.0863075256348,225,10.8561515808
web-Google,s64_mfull_qpage_fast,2,csr_prefetch,4.41741943359,225,10.8561515808
web-Google,s64_mfull_qpage_fast,2,feature_gather_decode,3.64255905151,225,10.8561515808
web-Google,s64_mfull_qpage_fast,2,fp32_neighbor_reduction,1.31416320801,225,10.8561515808
web-Google,s64_mfull_qpage_fast,2,partial_bf16_conversion,1.40285491943,225,10.8561515808
web-Google,s64_mfull_qpage_fast,2,tile_load,0.3662109375,225,10.8561515808
web-Google,s64_mfull_qpage_fast,2,tile_compute,0.794172286987,225,10.8561515808
web-Google,s64_mfull_qpage_fast,2,tile_store,0.0274181365967,225,10.8561515808
web-Google,s64_mfull_qpage_fast,2,output_scatter,0.373601913452,225,10.8561515808
web-Google,s64_mfull_qpage_fast,2,thread_amx_setup,0.037670135498,225,10.8561515808
web-Google,s64_m64_degree_fast,1,output_zero,0,225,12.3360157013
web-Google,s64_m64_degree_fast,1,row_schedule,0.0853538513184,225,12.3360157013
web-Google,s64_m64_degree_fast,1,partial_zero,0.0946521759033,225,12.3360157013
web-Google,s64_m64_degree_fast,1,csr_prefetch,4.28485870361,225,12.3360157013
web-Google,s64_m64_degree_fast,1,feature_gather_decode,3.51047515869,225,12.3360157013
web-Google,s64_m64_degree_fast,1,fp32_neighbor_reduction,1.33848190308,225,12.3360157013
web-Google,s64_m64_degree_fast,1,partial_bf16_conversion,1.39713287354,225,12.3360157013
web-Google,s64_m64_degree_fast,1,tile_load,0.371932983398,225,12.3360157013
web-Google,s64_m64_degree_fast,1,tile_compute,0.775098800659,225,12.3360157013
web-Google,s64_m64_degree_fast,1,tile_store,0.0317096710205,225,12.3360157013
web-Google,s64_m64_degree_fast,1,output_scatter,0.273466110229,225,12.3360157013
web-Google,s64_m64_degree_fast,1,thread_amx_setup,0.0410079956055,225,12.3360157013
web-Google,s64_m64_degree_fast,2,output_zero,0,225,10.724067688
web-Google,s64_m64_degree_fast,2,row_schedule,0.100374221802,225,10.724067688
web-Google,s64_m64_degree_fast,2,partial_zero,0.0824928283691,225,10.724067688
web-Google,s64_m64_degree_fast,2,csr_prefetch,4.30083274841,225,10.724067688
web-Google,s64_m64_degree_fast,2,feature_gather_decode,3.63349914551,225,10.724067688
web-Google,s64_m64_degree_fast,2,fp32_neighbor_reduction,1.3120174408,225,10.724067688
web-Google,s64_m64_degree_fast,2,partial_bf16_conversion,1.38974189758,225,10.724067688
web-Google,s64_m64_degree_fast,2,tile_load,0.378370285034,225,10.724067688
web-Google,s64_m64_degree_fast,2,tile_compute,0.788927078247,225,10.724067688
web-Google,s64_m64_degree_fast,2,tile_store,0.0231266021729,225,10.724067688
web-Google,s64_m64_degree_fast,2,output_scatter,0.366926193237,225,10.724067688
web-Google,s64_m64_degree_fast,2,thread_amx_setup,0.051736831665,225,10.724067688
web-Google,s64_m64_qshuffle_fast,1,output_zero,0,225,12.7398967743
web-Google,s64_m64_qshuffle_fast,1,row_schedule,0.0967979431152,225,12.7398967743
web-Google,s64_m64_qshuffle_fast,1,partial_zero,0.0846385955811,225,12.7398967743
web-Google,s64_m64_qshuffle_fast,1,csr_prefetch,4.51421737671,225,12.7398967743
web-Google,s64_m64_qshuffle_fast,1,feature_gather_decode,3.39698791504,225,12.7398967743
web-Google,s64_m64_qshuffle_fast,1,fp32_neighbor_reduction,1.25002861023,225,12.7398967743
web-Google,s64_m64_qshuffle_fast,1,partial_bf16_conversion,1.39975547791,225,12.7398967743
web-Google,s64_m64_qshuffle_fast,1,tile_load,0.429153442383,225,12.7398967743
web-Google,s64_m64_qshuffle_fast,1,tile_compute,0.731468200684,225,12.7398967743
web-Google,s64_m64_qshuffle_fast,1,tile_store,0.0324249267578,225,12.7398967743
web-Google,s64_m64_qshuffle_fast,1,output_scatter,0.270128250122,225,12.7398967743
web-Google,s64_m64_qshuffle_fast,1,thread_amx_setup,0.0519752502441,225,12.7398967743
web-Google,s64_m64_qshuffle_fast,2,output_zero,0,225,11.1291408539
web-Google,s64_m64_qshuffle_fast,2,row_schedule,0.0793933868408,225,11.1291408539
web-Google,s64_m64_qshuffle_fast,2,partial_zero,0.0879764556885,225,11.1291408539
web-Google,s64_m64_qshuffle_fast,2,csr_prefetch,4.47559356689,225,11.1291408539
web-Google,s64_m64_qshuffle_fast,2,feature_gather_decode,3.45325469971,225,11.1291408539
web-Google,s64_m64_qshuffle_fast,2,fp32_neighbor_reduction,1.26767158508,225,11.1291408539
web-Google,s64_m64_qshuffle_fast,2,partial_bf16_conversion,1.40237808228,225,11.1291408539
web-Google,s64_m64_qshuffle_fast,2,tile_load,0.383853912354,225,11.1291408539
web-Google,s64_m64_qshuffle_fast,2,tile_compute,0.782489776611,225,11.1291408539
web-Google,s64_m64_qshuffle_fast,2,tile_store,0.0474452972412,225,11.1291408539
web-Google,s64_m64_qshuffle_fast,2,output_scatter,0.367403030396,225,11.1291408539
web-Google,s64_m64_qshuffle_fast,2,thread_amx_setup,0.0462532043457,225,11.1291408539
web-Google,s64_m64_qsource_fast,1,output_zero,0,225,12.3629570007
web-Google,s64_m64_qsource_fast,1,row_schedule,0.093936920166,225,12.3629570007
web-Google,s64_m64_qsource_fast,1,partial_zero,0.0815391540527,225,12.3629570007
web-Google,s64_m64_qsource_fast,1,csr_prefetch,4.51827049255,225,12.3629570007
web-Google,s64_m64_qsource_fast,1,feature_gather_decode,3.45659255981,225,12.3629570007
web-Google,s64_m64_qsource_fast,1,fp32_neighbor_reduction,1.30748748779,225,12.3629570007
web-Google,s64_m64_qsource_fast,1,partial_bf16_conversion,1.40023231506,225,12.3629570007
web-Google,s64_m64_qsource_fast,1,tile_load,0.391960144043,225,12.3629570007
web-Google,s64_m64_qsource_fast,1,tile_compute,0.737905502319,225,12.3629570007
web-Google,s64_m64_qsource_fast,1,tile_store,0.028133392334,225,12.3629570007
web-Google,s64_m64_qsource_fast,1,output_scatter,0.298261642456,225,12.3629570007
web-Google,s64_m64_qsource_fast,1,thread_amx_setup,0.0560283660889,225,12.3629570007
web-Google,s64_m64_qsource_fast,2,output_zero,0,225,10.6918811798
web-Google,s64_m64_qsource_fast,2,row_schedule,0.0965595245361,225,10.6918811798
web-Google,s64_m64_qsource_fast,2,partial_zero,0.0755786895752,225,10.6918811798
web-Google,s64_m64_qsource_fast,2,csr_prefetch,4.469871521,225,10.6918811798
web-Google,s64_m64_qsource_fast,2,feature_gather_decode,3.63326072693,225,10.6918811798
web-Google,s64_m64_qsource_fast,2,fp32_neighbor_reduction,1.29508972168,225,10.6918811798
web-Google,s64_m64_qsource_fast,2,partial_bf16_conversion,1.42550468445,225,10.6918811798
web-Google,s64_m64_qsource_fast,2,tile_load,0.410795211792,225,10.6918811798
web-Google,s64_m64_qsource_fast,2,tile_compute,0.780820846558,225,10.6918811798
web-Google,s64_m64_qsource_fast,2,tile_store,0.0286102294922,225,10.6918811798
web-Google,s64_m64_qsource_fast,2,output_scatter,0.372886657715,225,10.6918811798
web-Google,s64_m64_qsource_fast,2,thread_amx_setup,0.0464916229248,225,10.6918811798
web-Google,s64_m64_qpage_fast,1,output_zero,0,225,12.5021934509
web-Google,s64_m64_qpage_fast,1,row_schedule,0.0879764556885,225,12.5021934509
web-Google,s64_m64_qpage_fast,1,partial_zero,0.0803470611572,225,12.5021934509
web-Google,s64_m64_qpage_fast,1,csr_prefetch,4.48250770569,225,12.5021934509
web-Google,s64_m64_qpage_fast,1,feature_gather_decode,3.48806381226,225,12.5021934509
web-Google,s64_m64_qpage_fast,1,fp32_neighbor_reduction,1.34778022766,225,12.5021934509
web-Google,s64_m64_qpage_fast,1,partial_bf16_conversion,1.40333175659,225,12.5021934509
web-Google,s64_m64_qpage_fast,1,tile_load,0.423192977905,225,12.5021934509
web-Google,s64_m64_qpage_fast,1,tile_compute,0.738382339478,225,12.5021934509
web-Google,s64_m64_qpage_fast,1,tile_store,0.0269412994385,225,12.5021934509
web-Google,s64_m64_qpage_fast,1,output_scatter,0.286817550659,225,12.5021934509
web-Google,s64_m64_qpage_fast,1,thread_amx_setup,0.0448226928711,225,12.5021934509
web-Google,s64_m64_qpage_fast,2,output_zero,0,225,10.8790397644
web-Google,s64_m64_qpage_fast,2,row_schedule,0.0932216644287,225,10.8790397644
web-Google,s64_m64_qpage_fast,2,partial_zero,0.0889301300049,225,10.8790397644
web-Google,s64_m64_qpage_fast,2,csr_prefetch,4.2462348938,225,10.8790397644
web-Google,s64_m64_qpage_fast,2,feature_gather_decode,3.70955467224,225,10.8790397644
web-Google,s64_m64_qpage_fast,2,fp32_neighbor_reduction,1.28316879272,225,10.8790397644
web-Google,s64_m64_qpage_fast,2,partial_bf16_conversion,1.40953063965,225,10.8790397644
web-Google,s64_m64_qpage_fast,2,tile_load,0.383138656616,225,10.8790397644
web-Google,s64_m64_qpage_fast,2,tile_compute,0.788927078247,225,10.8790397644
web-Google,s64_m64_qpage_fast,2,tile_store,0.030517578125,225,10.8790397644
web-Google,s64_m64_qpage_fast,2,output_scatter,0.379085540771,225,10.8790397644
web-Google,s64_m64_qpage_fast,2,thread_amx_setup,0.0460147857666,225,10.8790397644
email-Enron,s64_mfull_degree_fast,1,output_zero,0,10,3.48091125488
email-Enron,s64_mfull_degree_fast,1,row_schedule,0.00214576721191,10,3.48091125488
email-Enron,s64_mfull_degree_fast,1,partial_zero,0.00286102294922,10,3.48091125488
email-Enron,s64_mfull_degree_fast,1,csr_prefetch,1.31392478943,10,3.48091125488
email-Enron,s64_mfull_degree_fast,1,feature_gather_decode,0.931262969971,10,3.48091125488
email-Enron,s64_mfull_degree_fast,1,fp32_neighbor_reduction,0.356674194336,10,3.48091125488
email-Enron,s64_mfull_degree_fast,1,partial_bf16_conversion,0.0958442687988,10,3.48091125488
email-Enron,s64_mfull_degree_fast,1,tile_load,0.0276565551758,10,3.48091125488
email-Enron,s64_mfull_degree_fast,1,tile_compute,0.0302791595459,10,3.48091125488
email-Enron,s64_mfull_degree_fast,1,tile_store,0.00119209289551,10,3.48091125488
email-Enron,s64_mfull_degree_fast,1,output_scatter,0.0123977661133,10,3.48091125488
email-Enron,s64_mfull_degree_fast,1,thread_amx_setup,0.0381469726562,10,3.48091125488
email-Enron,s64_mfull_degree_fast,2,output_zero,0,10,3.28707695007
email-Enron,s64_mfull_degree_fast,2,row_schedule,0.00286102294922,10,3.28707695007
email-Enron,s64_mfull_degree_fast,2,partial_zero,0.00190734863281,10,3.28707695007
email-Enron,s64_mfull_degree_fast,2,csr_prefetch,1.26838684082,10,3.28707695007
email-Enron,s64_mfull_degree_fast,2,feature_gather_decode,0.930070877075,10,3.28707695007
email-Enron,s64_mfull_degree_fast,2,fp32_neighbor_reduction,0.387668609619,10,3.28707695007
email-Enron,s64_mfull_degree_fast,2,partial_bf16_conversion,0.0860691070557,10,3.28707695007
email-Enron,s64_mfull_degree_fast,2,tile_load,0.0226497650146,10,3.28707695007
email-Enron,s64_mfull_degree_fast,2,tile_compute,0.0307559967041,10,3.28707695007
email-Enron,s64_mfull_degree_fast,2,tile_store,0.00309944152832,10,3.28707695007
email-Enron,s64_mfull_degree_fast,2,output_scatter,0.0193119049072,10,3.28707695007
email-Enron,s64_mfull_degree_fast,2,thread_amx_setup,0.032901763916,10,3.28707695007
email-Enron,s64_mfull_qshuffle_fast,1,output_zero,0,10,3.17788124084
email-Enron,s64_mfull_qshuffle_fast,1,row_schedule,0.00309944152832,10,3.17788124084
email-Enron,s64_mfull_qshuffle_fast,1,partial_zero,0.00667572021484,10,3.17788124084
email-Enron,s64_mfull_qshuffle_fast,1,csr_prefetch,1.30939483643,10,3.17788124084
email-Enron,s64_mfull_qshuffle_fast,1,feature_gather_decode,0.900745391846,10,3.17788124084
email-Enron,s64_mfull_qshuffle_fast,1,fp32_neighbor_reduction,0.343561172485,10,3.17788124084
email-Enron,s64_mfull_qshuffle_fast,1,partial_bf16_conversion,0.0884532928467,10,3.17788124084
email-Enron,s64_mfull_qshuffle_fast,1,tile_load,0.0247955322266,10,3.17788124084
email-Enron,s64_mfull_qshuffle_fast,1,tile_compute,0.030517578125,10,3.17788124084
email-Enron,s64_mfull_qshuffle_fast,1,tile_store,0.00286102294922,10,3.17788124084
email-Enron,s64_mfull_qshuffle_fast,1,output_scatter,0.011682510376,10,3.17788124084
email-Enron,s64_mfull_qshuffle_fast,1,thread_amx_setup,0.0309944152832,10,3.17788124084
email-Enron,s64_mfull_qshuffle_fast,2,output_zero,0,10,3.24296951294
email-Enron,s64_mfull_qshuffle_fast,2,row_schedule,0.00286102294922,10,3.24296951294
email-Enron,s64_mfull_qshuffle_fast,2,partial_zero,0.000953674316406,10,3.24296951294
email-Enron,s64_mfull_qshuffle_fast,2,csr_prefetch,1.33395195007,10,3.24296951294
email-Enron,s64_mfull_qshuffle_fast,2,feature_gather_decode,0.94199180603,10,3.24296951294
email-Enron,s64_mfull_qshuffle_fast,2,fp32_neighbor_reduction,0.397920608521,10,3.24296951294
email-Enron,s64_mfull_qshuffle_fast,2,partial_bf16_conversion,0.0841617584229,10,3.24296951294
email-Enron,s64_mfull_qshuffle_fast,2,tile_load,0.0262260437012,10,3.24296951294
email-Enron,s64_mfull_qshuffle_fast,2,tile_compute,0.0236034393311,10,3.24296951294
email-Enron,s64_mfull_qshuffle_fast,2,tile_store,0.00405311584473,10,3.24296951294
email-Enron,s64_mfull_qshuffle_fast,2,output_scatter,0.0202655792236,10,3.24296951294
email-Enron,s64_mfull_qshuffle_fast,2,thread_amx_setup,0.0307559967041,10,3.24296951294
email-Enron,s64_mfull_qsource_fast,1,output_zero,0,10,3.36599349976
email-Enron,s64_mfull_qsource_fast,1,row_schedule,0.00190734863281,10,3.36599349976
email-Enron,s64_mfull_qsource_fast,1,partial_zero,0.00381469726562,10,3.36599349976
email-Enron,s64_mfull_qsource_fast,1,csr_prefetch,1.37543678284,10,3.36599349976
email-Enron,s64_mfull_qsource_fast,1,feature_gather_decode,1.03759765625,10,3.36599349976
email-Enron,s64_mfull_qsource_fast,1,fp32_neighbor_reduction,0.416040420532,10,3.36599349976
email-Enron,s64_mfull_qsource_fast,1,partial_bf16_conversion,0.0870227813721,10,3.36599349976
email-Enron,s64_mfull_qsource_fast,1,tile_load,0.0240802764893,10,3.36599349976
email-Enron,s64_mfull_qsource_fast,1,tile_compute,0.0319480895996,10,3.36599349976
email-Enron,s64_mfull_qsource_fast,1,tile_store,0.00119209289551,10,3.36599349976
email-Enron,s64_mfull_qsource_fast,1,output_scatter,0.0135898590088,10,3.36599349976
email-Enron,s64_mfull_qsource_fast,1,thread_amx_setup,0.0343322753906,10,3.36599349976
email-Enron,s64_mfull_qsource_fast,2,output_zero,0,10,3.20601463318
email-Enron,s64_mfull_qsource_fast,2,row_schedule,0.00381469726562,10,3.20601463318
email-Enron,s64_mfull_qsource_fast,2,partial_zero,0.000953674316406,10,3.20601463318
email-Enron,s64_mfull_qsource_fast,2,csr_prefetch,1.32441520691,10,3.20601463318
email-Enron,s64_mfull_qsource_fast,2,feature_gather_decode,0.979423522949,10,3.20601463318
email-Enron,s64_mfull_qsource_fast,2,fp32_neighbor_reduction,0.391721725464,10,3.20601463318
email-Enron,s64_mfull_qsource_fast,2,partial_bf16_conversion,0.0848770141602,10,3.20601463318
email-Enron,s64_mfull_qsource_fast,2,tile_load,0.0200271606445,10,3.20601463318
email-Enron,s64_mfull_qsource_fast,2,tile_compute,0.0321865081787,10,3.20601463318
email-Enron,s64_mfull_qsource_fast,2,tile_store,0.00309944152832,10,3.20601463318
email-Enron,s64_mfull_qsource_fast,2,output_scatter,0.0200271606445,10,3.20601463318
email-Enron,s64_mfull_qsource_fast,2,thread_amx_setup,0.0355243682861,10,3.20601463318
email-Enron,s64_mfull_qpage_fast,1,output_zero,0,10,3.41820716858
email-Enron,s64_mfull_qpage_fast,1,row_schedule,0.00309944152832,10,3.41820716858
email-Enron,s64_mfull_qpage_fast,1,partial_zero,0.00381469726562,10,3.41820716858
email-Enron,s64_mfull_qpage_fast,1,csr_prefetch,1.40619277954,10,3.41820716858
email-Enron,s64_mfull_qpage_fast,1,feature_gather_decode,1.02424621582,10,3.41820716858
email-Enron,s64_mfull_qpage_fast,1,fp32_neighbor_reduction,0.393629074097,10,3.41820716858
email-Enron,s64_mfull_qpage_fast,1,partial_bf16_conversion,0.0901222229004,10,3.41820716858
email-Enron,s64_mfull_qpage_fast,1,tile_load,0.0195503234863,10,3.41820716858
email-Enron,s64_mfull_qpage_fast,1,tile_compute,0.0369548797607,10,3.41820716858
email-Enron,s64_mfull_qpage_fast,1,tile_store,0.00190734863281,10,3.41820716858
email-Enron,s64_mfull_qpage_fast,1,output_scatter,0.0121593475342,10,3.41820716858
email-Enron,s64_mfull_qpage_fast,1,thread_amx_setup,0.0624656677246,10,3.41820716858
email-Enron,s64_mfull_qpage_fast,2,output_zero,0,10,3.2160282135
email-Enron,s64_mfull_qpage_fast,2,row_schedule,0.00214576721191,10,3.2160282135
email-Enron,s64_mfull_qpage_fast,2,partial_zero,0.00691413879395,10,3.2160282135
email-Enron,s64_mfull_qpage_fast,2,csr_prefetch,1.32346153259,10,3.2160282135
email-Enron,s64_mfull_qpage_fast,2,feature_gather_decode,1.00111961365,10,3.2160282135
email-Enron,s64_mfull_qpage_fast,2,fp32_neighbor_reduction,0.360250473022,10,3.2160282135
email-Enron,s64_mfull_qpage_fast,2,partial_bf16_conversion,0.0839233398438,10,3.2160282135
email-Enron,s64_mfull_qpage_fast,2,tile_load,0.0207424163818,10,3.2160282135
email-Enron,s64_mfull_qpage_fast,2,tile_compute,0.0402927398682,10,3.2160282135
email-Enron,s64_mfull_qpage_fast,2,tile_store,0.00190734863281,10,3.2160282135
email-Enron,s64_mfull_qpage_fast,2,output_scatter,0.0205039978027,10,3.2160282135
email-Enron,s64_mfull_qpage_fast,2,thread_amx_setup,0.030517578125,10,3.2160282135
email-Enron,s64_m64_degree_fast,1,output_zero,0,10,3.70478630066
email-Enron,s64_m64_degree_fast,1,row_schedule,0.000953674316406,10,3.70478630066
email-Enron,s64_m64_degree_fast,1,partial_zero,0.00667572021484,10,3.70478630066
email-Enron,s64_m64_degree_fast,1,csr_prefetch,1.27339363098,10,3.70478630066
email-Enron,s64_m64_degree_fast,1,feature_gather_decode,0.950336456299,10,3.70478630066
email-Enron,s64_m64_degree_fast,1,fp32_neighbor_reduction,0.359773635864,10,3.70478630066
email-Enron,s64_m64_degree_fast,1,partial_bf16_conversion,0.27322769165,10,3.70478630066
email-Enron,s64_m64_degree_fast,1,tile_load,0.0805854797363,10,3.70478630066
email-Enron,s64_m64_degree_fast,1,tile_compute,0.0884532928467,10,3.70478630066
email-Enron,s64_m64_degree_fast,1,tile_store,0.00715255737305,10,3.70478630066
email-Enron,s64_m64_degree_fast,1,output_scatter,0.0128746032715,10,3.70478630066
email-Enron,s64_m64_degree_fast,1,thread_amx_setup,0.0295639038086,10,3.70478630066
email-Enron,s64_m64_degree_fast,2,output_zero,0,10,3.51691246033
email-Enron,s64_m64_degree_fast,2,row_schedule,0.00381469726562,10,3.51691246033
email-Enron,s64_m64_degree_fast,2,partial_zero,0.00810623168945,10,3.51691246033
email-Enron,s64_m64_degree_fast,2,csr_prefetch,1.25312805176,10,3.51691246033
email-Enron,s64_m64_degree_fast,2,feature_gather_decode,0.881910324097,10,3.51691246033
email-Enron,s64_m64_degree_fast,2,fp32_neighbor_reduction,0.346422195435,10,3.51691246033
email-Enron,s64_m64_degree_fast,2,partial_bf16_conversion,0.264644622803,10,3.51691246033
email-Enron,s64_m64_degree_fast,2,tile_load,0.0574588775635,10,3.51691246033
email-Enron,s64_m64_degree_fast,2,tile_compute,0.0982284545898,10,3.51691246033
email-Enron,s64_m64_degree_fast,2,tile_store,0.00381469726562,10,3.51691246033
email-Enron,s64_m64_degree_fast,2,output_scatter,0.0207424163818,10,3.51691246033
email-Enron,s64_m64_degree_fast,2,thread_amx_setup,0.0314712524414,10,3.51691246033
email-Enron,s64_m64_qshuffle_fast,1,output_zero,0,10,3.60989570618
email-Enron,s64_m64_qshuffle_fast,1,row_schedule,0.00381469726562,10,3.60989570618
email-Enron,s64_m64_qshuffle_fast,1,partial_zero,0.00905990600586,10,3.60989570618
email-Enron,s64_m64_qshuffle_fast,1,csr_prefetch,1.2583732605,10,3.60989570618
email-Enron,s64_m64_qshuffle_fast,1,feature_gather_decode,0.969886779785,10,3.60989570618
email-Enron,s64_m64_qshuffle_fast,1,fp32_neighbor_reduction,0.359296798706,10,3.60989570618
email-Enron,s64_m64_qshuffle_fast,1,partial_bf16_conversion,0.24938583374,10,3.60989570618
email-Enron,s64_m64_qshuffle_fast,1,tile_load,0.0698566436768,10,3.60989570618
email-Enron,s64_m64_qshuffle_fast,1,tile_compute,0.123262405396,10,3.60989570618
email-Enron,s64_m64_qshuffle_fast,1,tile_store,0.00286102294922,10,3.60989570618
email-Enron,s64_m64_qshuffle_fast,1,output_scatter,0.011682510376,10,3.60989570618
email-Enron,s64_m64_qshuffle_fast,1,thread_amx_setup,0.0374317169189,10,3.60989570618
email-Enron,s64_m64_qshuffle_fast,2,output_zero,0,10,3.55291366577
email-Enron,s64_m64_qshuffle_fast,2,row_schedule,0.000953674316406,10,3.55291366577
email-Enron,s64_m64_qshuffle_fast,2,partial_zero,0.00786781311035,10,3.55291366577
email-Enron,s64_m64_qshuffle_fast,2,csr_prefetch,1.33061408997,10,3.55291366577
email-Enron,s64_m64_qshuffle_fast,2,feature_gather_decode,0.891208648682,10,3.55291366577
email-Enron,s64_m64_qshuffle_fast,2,fp32_neighbor_reduction,0.382661819458,10,3.55291366577
email-Enron,s64_m64_qshuffle_fast,2,partial_bf16_conversion,0.249147415161,10,3.55291366577
email-Enron,s64_m64_qshuffle_fast,2,tile_load,0.0662803649902,10,3.55291366577
email-Enron,s64_m64_qshuffle_fast,2,tile_compute,0.0853538513184,10,3.55291366577
email-Enron,s64_m64_qshuffle_fast,2,tile_store,0.00786781311035,10,3.55291366577
email-Enron,s64_m64_qshuffle_fast,2,output_scatter,0.0209808349609,10,3.55291366577
email-Enron,s64_m64_qshuffle_fast,2,thread_amx_setup,0.0343322753906,10,3.55291366577
email-Enron,s64_m64_qsource_fast,1,output_zero,0,10,3.61680984497
email-Enron,s64_m64_qsource_fast,1,row_schedule,0.000953674316406,10,3.61680984497
email-Enron,s64_m64_qsource_fast,1,partial_zero,0.00715255737305,10,3.61680984497
email-Enron,s64_m64_qsource_fast,1,csr_prefetch,1.26767158508,10,3.61680984497
email-Enron,s64_m64_qsource_fast,1,feature_gather_decode,1.01089477539,10,3.61680984497
email-Enron,s64_m64_qsource_fast,1,fp32_neighbor_reduction,0.407218933105,10,3.61680984497
email-Enron,s64_m64_qsource_fast,1,partial_bf16_conversion,0.257253646851,10,3.61680984497
email-Enron,s64_m64_qsource_fast,1,tile_load,0.0779628753662,10,3.61680984497
email-Enron,s64_m64_qsource_fast,1,tile_compute,0.101566314697,10,3.61680984497
email-Enron,s64_m64_qsource_fast,1,tile_store,0.011682510376,10,3.61680984497
email-Enron,s64_m64_qsource_fast,1,output_scatter,0.0102519989014,10,3.61680984497
email-Enron,s64_m64_qsource_fast,1,thread_amx_setup,0.0267028808594,10,3.61680984497
email-Enron,s64_m64_qsource_fast,2,output_zero,0,10,3.48496437073
email-Enron,s64_m64_qsource_fast,2,row_schedule,0.000953674316406,10,3.48496437073
email-Enron,s64_m64_qsource_fast,2,partial_zero,0.0109672546387,10,3.48496437073
email-Enron,s64_m64_qsource_fast,2,csr_prefetch,1.44004821777,10,3.48496437073
email-Enron,s64_m64_qsource_fast,2,feature_gather_decode,0.838041305542,10,3.48496437073
email-Enron,s64_m64_qsource_fast,2,fp32_neighbor_reduction,0.353574752808,10,3.48496437073
email-Enron,s64_m64_qsource_fast,2,partial_bf16_conversion,0.240564346313,10,3.48496437073
email-Enron,s64_m64_qsource_fast,2,tile_load,0.0612735748291,10,3.48496437073
email-Enron,s64_m64_qsource_fast,2,tile_compute,0.110387802124,10,3.48496437073
email-Enron,s64_m64_qsource_fast,2,tile_store,0.00405311584473,10,3.48496437073
email-Enron,s64_m64_qsource_fast,2,output_scatter,0.0200271606445,10,3.48496437073
email-Enron,s64_m64_qsource_fast,2,thread_amx_setup,0.0324249267578,10,3.48496437073
email-Enron,s64_m64_qpage_fast,1,output_zero,0,10,3.53288650513
email-Enron,s64_m64_qpage_fast,1,row_schedule,0.00500679016113,10,3.53288650513
email-Enron,s64_m64_qpage_fast,1,partial_zero,0.0121593475342,10,3.53288650513
email-Enron,s64_m64_qpage_fast,1,csr_prefetch,1.23929977417,10,3.53288650513
email-Enron,s64_m64_qpage_fast,1,feature_gather_decode,1.02019309998,10,3.53288650513
email-Enron,s64_m64_qpage_fast,1,fp32_neighbor_reduction,0.412940979004,10,3.53288650513
email-Enron,s64_m64_qpage_fast,1,partial_bf16_conversion,0.256061553955,10,3.53288650513
email-Enron,s64_m64_qpage_fast,1,tile_load,0.0512599945068,10,3.53288650513
email-Enron,s64_m64_qpage_fast,1,tile_compute,0.131607055664,10,3.53288650513
email-Enron,s64_m64_qpage_fast,1,tile_store,0.00309944152832,10,3.53288650513
email-Enron,s64_m64_qpage_fast,1,output_scatter,0.0145435333252,10,3.53288650513
email-Enron,s64_m64_qpage_fast,1,thread_amx_setup,0.0338554382324,10,3.53288650513
email-Enron,s64_m64_qpage_fast,2,output_zero,0,10,3.48305702209
email-Enron,s64_m64_qpage_fast,2,row_schedule,0.00119209289551,10,3.48305702209
email-Enron,s64_m64_qpage_fast,2,partial_zero,0.0107288360596,10,3.48305702209
email-Enron,s64_m64_qpage_fast,2,csr_prefetch,1.28841400146,10,3.48305702209
email-Enron,s64_m64_qpage_fast,2,feature_gather_decode,0.935792922974,10,3.48305702209
email-Enron,s64_m64_qpage_fast,2,fp32_neighbor_reduction,0.353813171387,10,3.48305702209
email-Enron,s64_m64_qpage_fast,2,partial_bf16_conversion,0.243902206421,10,3.48305702209
email-Enron,s64_m64_qpage_fast,2,tile_load,0.049352645874,10,3.48305702209
email-Enron,s64_m64_qpage_fast,2,tile_compute,0.113010406494,10,3.48305702209
email-Enron,s64_m64_qpage_fast,2,tile_store,0.00405311584473,10,3.48305702209
email-Enron,s64_m64_qpage_fast,2,output_scatter,0.0193119049072,10,3.48305702209
email-Enron,s64_m64_qpage_fast,2,thread_amx_setup,0.030517578125,10,3.48305702209
amazon0601,s64_mfull_degree_fast,1,output_zero,0,100,5.59115409851
amazon0601,s64_mfull_degree_fast,1,row_schedule,0.0355243682861,100,5.59115409851
amazon0601,s64_mfull_degree_fast,1,partial_zero,0.0545978546143,100,5.59115409851
amazon0601,s64_mfull_degree_fast,1,csr_prefetch,2.47621536255,100,5.59115409851
amazon0601,s64_mfull_degree_fast,1,feature_gather_decode,2.07114219666,100,5.59115409851
amazon0601,s64_mfull_degree_fast,1,fp32_neighbor_reduction,0.762224197388,100,5.59115409851
amazon0601,s64_mfull_degree_fast,1,partial_bf16_conversion,0.751256942749,100,5.59115409851
amazon0601,s64_mfull_degree_fast,1,tile_load,0.216007232666,100,5.59115409851
amazon0601,s64_mfull_degree_fast,1,tile_compute,0.335216522217,100,5.59115409851
amazon0601,s64_mfull_degree_fast,1,tile_store,0.025749206543,100,5.59115409851
amazon0601,s64_mfull_degree_fast,1,output_scatter,0.186920166016,100,5.59115409851
amazon0601,s64_mfull_degree_fast,1,thread_amx_setup,0.0519752502441,100,5.59115409851
amazon0601,s64_mfull_degree_fast,2,output_zero,0,100,4.88996505737
amazon0601,s64_mfull_degree_fast,2,row_schedule,0.0345706939697,100,4.88996505737
amazon0601,s64_mfull_degree_fast,2,partial_zero,0.0526905059814,100,4.88996505737
amazon0601,s64_mfull_degree_fast,2,csr_prefetch,2.58326530457,100,4.88996505737
amazon0601,s64_mfull_degree_fast,2,feature_gather_decode,2.10809707642,100,4.88996505737
amazon0601,s64_mfull_degree_fast,2,fp32_neighbor_reduction,0.78821182251,100,4.88996505737
amazon0601,s64_mfull_degree_fast,2,partial_bf16_conversion,0.750064849854,100,4.88996505737
amazon0601,s64_mfull_degree_fast,2,tile_load,0.237703323364,100,4.88996505737
amazon0601,s64_mfull_degree_fast,2,tile_compute,0.324726104736,100,4.88996505737
amazon0601,s64_mfull_degree_fast,2,tile_store,0.0193119049072,100,4.88996505737
amazon0601,s64_mfull_degree_fast,2,output_scatter,0.209093093872,100,4.88996505737
amazon0601,s64_mfull_degree_fast,2,thread_amx_setup,0.0402927398682,100,4.88996505737
amazon0601,s64_mfull_qshuffle_fast,1,output_zero,0,100,6.11686706543
amazon0601,s64_mfull_qshuffle_fast,1,row_schedule,0.0495910644531,100,6.11686706543
amazon0601,s64_mfull_qshuffle_fast,1,partial_zero,0.0505447387695,100,6.11686706543
amazon0601,s64_mfull_qshuffle_fast,1,csr_prefetch,2.52318382263,100,6.11686706543
amazon0601,s64_mfull_qshuffle_fast,1,feature_gather_decode,1.97076797485,100,6.11686706543
amazon0601,s64_mfull_qshuffle_fast,1,fp32_neighbor_reduction,0.743389129639,100,6.11686706543
amazon0601,s64_mfull_qshuffle_fast,1,partial_bf16_conversion,0.745296478271,100,6.11686706543
amazon0601,s64_mfull_qshuffle_fast,1,tile_load,0.238656997681,100,6.11686706543
amazon0601,s64_mfull_qshuffle_fast,1,tile_compute,0.318765640259,100,6.11686706543
amazon0601,s64_mfull_qshuffle_fast,1,tile_store,0.0176429748535,100,6.11686706543
amazon0601,s64_mfull_qshuffle_fast,1,output_scatter,0.12993812561,100,6.11686706543
amazon0601,s64_mfull_qshuffle_fast,1,thread_amx_setup,0.0460147857666,100,6.11686706543
amazon0601,s64_mfull_qshuffle_fast,2,output_zero,0,100,5.49507141113
amazon0601,s64_mfull_qshuffle_fast,2,row_schedule,0.0333786010742,100,5.49507141113
amazon0601,s64_mfull_qshuffle_fast,2,partial_zero,0.0550746917725,100,5.49507141113
amazon0601,s64_mfull_qshuffle_fast,2,csr_prefetch,2.67124176025,100,5.49507141113
amazon0601,s64_mfull_qshuffle_fast,2,feature_gather_decode,1.89256668091,100,5.49507141113
amazon0601,s64_mfull_qshuffle_fast,2,fp32_neighbor_reduction,0.781059265137,100,5.49507141113
amazon0601,s64_mfull_qshuffle_fast,2,partial_bf16_conversion,0.767707824707,100,5.49507141113
amazon0601,s64_mfull_qshuffle_fast,2,tile_load,0.215291976929,100,5.49507141113
amazon0601,s64_mfull_qshuffle_fast,2,tile_compute,0.343799591064,100,5.49507141113
amazon0601,s64_mfull_qshuffle_fast,2,tile_store,0.0226497650146,100,5.49507141113
amazon0601,s64_mfull_qshuffle_fast,2,output_scatter,0.196695327759,100,5.49507141113
amazon0601,s64_mfull_qshuffle_fast,2,thread_amx_setup,0.0317096710205,100,5.49507141113
amazon0601,s64_mfull_qsource_fast,1,output_zero,0,100,5.94782829285
amazon0601,s64_mfull_qsource_fast,1,row_schedule,0.0402927398682,100,5.94782829285
amazon0601,s64_mfull_qsource_fast,1,partial_zero,0.051736831665,100,5.94782829285
amazon0601,s64_mfull_qsource_fast,1,csr_prefetch,2.59113311768,100,5.94782829285
amazon0601,s64_mfull_qsource_fast,1,feature_gather_decode,2.01725959778,100,5.94782829285
amazon0601,s64_mfull_qsource_fast,1,fp32_neighbor_reduction,0.7164478302,100,5.94782829285
amazon0601,s64_mfull_qsource_fast,1,partial_bf16_conversion,0.742197036743,100,5.94782829285
amazon0601,s64_mfull_qsource_fast,1,tile_load,0.241279602051,100,5.94782829285
amazon0601,s64_mfull_qsource_fast,1,tile_compute,0.327587127686,100,5.94782829285
amazon0601,s64_mfull_qsource_fast,1,tile_store,0.0221729278564,100,5.94782829285
amazon0601,s64_mfull_qsource_fast,1,output_scatter,0.138521194458,100,5.94782829285
amazon0601,s64_mfull_qsource_fast,1,thread_amx_setup,0.046968460083,100,5.94782829285
amazon0601,s64_mfull_qsource_fast,2,output_zero,0.000953674316406,100,5.1441192627
amazon0601,s64_mfull_qsource_fast,2,row_schedule,0.03981590271,100,5.1441192627
amazon0601,s64_mfull_qsource_fast,2,partial_zero,0.0531673431396,100,5.1441192627
amazon0601,s64_mfull_qsource_fast,2,csr_prefetch,2.60257720947,100,5.1441192627
amazon0601,s64_mfull_qsource_fast,2,feature_gather_decode,1.9154548645,100,5.1441192627
amazon0601,s64_mfull_qsource_fast,2,fp32_neighbor_reduction,0.767707824707,100,5.1441192627
amazon0601,s64_mfull_qsource_fast,2,partial_bf16_conversion,0.820159912109,100,5.1441192627
amazon0601,s64_mfull_qsource_fast,2,tile_load,0.219821929932,100,5.1441192627
amazon0601,s64_mfull_qsource_fast,2,tile_compute,0.377655029297,100,5.1441192627
amazon0601,s64_mfull_qsource_fast,2,tile_store,0.0231266021729,100,5.1441192627
amazon0601,s64_mfull_qsource_fast,2,output_scatter,0.20432472229,100,5.1441192627
amazon0601,s64_mfull_qsource_fast,2,thread_amx_setup,0.0326633453369,100,5.1441192627
amazon0601,s64_mfull_qpage_fast,1,output_zero,0,100,5.9380531311
amazon0601,s64_mfull_qpage_fast,1,row_schedule,0.0472068786621,100,5.9380531311
amazon0601,s64_mfull_qpage_fast,1,partial_zero,0.0662803649902,100,5.9380531311
amazon0601,s64_mfull_qpage_fast,1,csr_prefetch,2.61306762695,100,5.9380531311
amazon0601,s64_mfull_qpage_fast,1,feature_gather_decode,2.03251838684,100,5.9380531311
amazon0601,s64_mfull_qpage_fast,1,fp32_neighbor_reduction,0.778198242188,100,5.9380531311
amazon0601,s64_mfull_qpage_fast,1,partial_bf16_conversion,0.74028968811,100,5.9380531311
amazon0601,s64_mfull_qpage_fast,1,tile_load,0.22554397583,100,5.9380531311
amazon0601,s64_mfull_qpage_fast,1,tile_compute,0.340461730957,100,5.9380531311
amazon0601,s64_mfull_qpage_fast,1,tile_store,0.0178813934326,100,5.9380531311
amazon0601,s64_mfull_qpage_fast,1,output_scatter,0.136375427246,100,5.9380531311
amazon0601,s64_mfull_qpage_fast,1,thread_amx_setup,0.03981590271,100,5.9380531311
amazon0601,s64_mfull_qpage_fast,2,output_zero,0,100,5.16104698181
amazon0601,s64_mfull_qpage_fast,2,row_schedule,0.046968460083,100,5.16104698181
amazon0601,s64_mfull_qpage_fast,2,partial_zero,0.0452995300293,100,5.16104698181
amazon0601,s64_mfull_qpage_fast,2,csr_prefetch,2.68149375916,100,5.16104698181
amazon0601,s64_mfull_qpage_fast,2,feature_gather_decode,1.98125839233,100,5.16104698181
amazon0601,s64_mfull_qpage_fast,2,fp32_neighbor_reduction,0.730037689209,100,5.16104698181
amazon0601,s64_mfull_qpage_fast,2,partial_bf16_conversion,0.744819641113,100,5.16104698181
amazon0601,s64_mfull_qpage_fast,2,tile_load,0.261783599854,100,5.16104698181
amazon0601,s64_mfull_qpage_fast,2,tile_compute,0.356435775757,100,5.16104698181
amazon0601,s64_mfull_qpage_fast,2,tile_store,0.0178813934326,100,5.16104698181
amazon0601,s64_mfull_qpage_fast,2,output_scatter,0.209093093872,100,5.16104698181
amazon0601,s64_mfull_qpage_fast,2,thread_amx_setup,0.0317096710205,100,5.16104698181
amazon0601,s64_m64_degree_fast,1,output_zero,0,100,5.530834198
amazon0601,s64_m64_degree_fast,1,row_schedule,0.0302791595459,100,5.530834198
amazon0601,s64_m64_degree_fast,1,partial_zero,0.0512599945068,100,5.530834198
amazon0601,s64_m64_degree_fast,1,csr_prefetch,2.76947021484,100,5.530834198
amazon0601,s64_m64_degree_fast,1,feature_gather_decode,1.92594528198,100,5.530834198
amazon0601,s64_m64_degree_fast,1,fp32_neighbor_reduction,0.67663192749,100,5.530834198
amazon0601,s64_m64_degree_fast,1,partial_bf16_conversion,0.757932662964,100,5.530834198
amazon0601,s64_m64_degree_fast,1,tile_load,0.203371047974,100,5.530834198
amazon0601,s64_m64_degree_fast,1,tile_compute,0.386238098145,100,5.530834198
amazon0601,s64_m64_degree_fast,1,tile_store,0.0207424163818,100,5.530834198
amazon0601,s64_m64_degree_fast,1,output_scatter,0.118970870972,100,5.530834198
amazon0601,s64_m64_degree_fast,1,thread_amx_setup,0.0405311584473,100,5.530834198
amazon0601,s64_m64_degree_fast,2,output_zero,0,100,4.82702255249
amazon0601,s64_m64_degree_fast,2,row_schedule,0.0412464141846,100,4.82702255249
amazon0601,s64_m64_degree_fast,2,partial_zero,0.0467300415039,100,4.82702255249
amazon0601,s64_m64_degree_fast,2,csr_prefetch,2.5417804718,100,4.82702255249
amazon0601,s64_m64_degree_fast,2,feature_gather_decode,2.07042694092,100,4.82702255249
amazon0601,s64_m64_degree_fast,2,fp32_neighbor_reduction,0.734806060791,100,4.82702255249
amazon0601,s64_m64_degree_fast,2,partial_bf16_conversion,0.770092010498,100,4.82702255249
amazon0601,s64_m64_degree_fast,2,tile_load,0.191688537598,100,4.82702255249
amazon0601,s64_m64_degree_fast,2,tile_compute,0.37693977356,100,4.82702255249
amazon0601,s64_m64_degree_fast,2,tile_store,0.0154972076416,100,4.82702255249
amazon0601,s64_m64_degree_fast,2,output_scatter,0.195264816284,100,4.82702255249
amazon0601,s64_m64_degree_fast,2,thread_amx_setup,0.0367164611816,100,4.82702255249
amazon0601,s64_m64_qshuffle_fast,1,output_zero,0,100,6.19316101074
amazon0601,s64_m64_qshuffle_fast,1,row_schedule,0.0457763671875,100,6.19316101074
amazon0601,s64_m64_qshuffle_fast,1,partial_zero,0.0522136688232,100,6.19316101074
amazon0601,s64_m64_qshuffle_fast,1,csr_prefetch,2.53200531006,100,6.19316101074
amazon0601,s64_m64_qshuffle_fast,1,feature_gather_decode,1.85823440552,100,6.19316101074
amazon0601,s64_m64_qshuffle_fast,1,fp32_neighbor_reduction,0.73766708374,100,6.19316101074
amazon0601,s64_m64_qshuffle_fast,1,partial_bf16_conversion,0.747919082642,100,6.19316101074
amazon0601,s64_m64_qshuffle_fast,1,tile_load,0.199556350708,100,6.19316101074
amazon0601,s64_m64_qshuffle_fast,1,tile_compute,0.350713729858,100,6.19316101074
amazon0601,s64_m64_qshuffle_fast,1,tile_store,0.0126361846924,100,6.19316101074
amazon0601,s64_m64_qshuffle_fast,1,output_scatter,0.144720077515,100,6.19316101074
amazon0601,s64_m64_qshuffle_fast,1,thread_amx_setup,0.0362396240234,100,6.19316101074
amazon0601,s64_m64_qshuffle_fast,2,output_zero,0.00119209289551,100,5.49793243408
amazon0601,s64_m64_qshuffle_fast,2,row_schedule,0.0443458557129,100,5.49793243408
amazon0601,s64_m64_qshuffle_fast,2,partial_zero,0.0507831573486,100,5.49793243408
amazon0601,s64_m64_qshuffle_fast,2,csr_prefetch,2.54344940186,100,5.49793243408
amazon0601,s64_m64_qshuffle_fast,2,feature_gather_decode,2.03466415405,100,5.49793243408
amazon0601,s64_m64_qshuffle_fast,2,fp32_neighbor_reduction,0.752925872803,100,5.49793243408
amazon0601,s64_m64_qshuffle_fast,2,partial_bf16_conversion,0.744819641113,100,5.49793243408
amazon0601,s64_m64_qshuffle_fast,2,tile_load,0.217914581299,100,5.49793243408
amazon0601,s64_m64_qshuffle_fast,2,tile_compute,0.375270843506,100,5.49793243408
amazon0601,s64_m64_qshuffle_fast,2,tile_store,0.0183582305908,100,5.49793243408
amazon0601,s64_m64_qshuffle_fast,2,output_scatter,0.192642211914,100,5.49793243408
amazon0601,s64_m64_qshuffle_fast,2,thread_amx_setup,0.0433921813965,100,5.49793243408
amazon0601,s64_m64_qsource_fast,1,output_zero,0,100,6.00099563599
amazon0601,s64_m64_qsource_fast,1,row_schedule,0.0452995300293,100,6.00099563599
amazon0601,s64_m64_qsource_fast,1,partial_zero,0.06103515625,100,6.00099563599
amazon0601,s64_m64_qsource_fast,1,csr_prefetch,2.54607200623,100,6.00099563599
amazon0601,s64_m64_qsource_fast,1,feature_gather_decode,2.0444393158,100,6.00099563599
amazon0601,s64_m64_qsource_fast,1,fp32_neighbor_reduction,0.756025314331,100,6.00099563599
amazon0601,s64_m64_qsource_fast,1,partial_bf16_conversion,0.738620758057,100,6.00099563599
amazon0601,s64_m64_qsource_fast,1,tile_load,0.23889541626,100,6.00099563599
amazon0601,s64_m64_qsource_fast,1,tile_compute,0.345468521118,100,6.00099563599
amazon0601,s64_m64_qsource_fast,1,tile_store,0.0183582305908,100,6.00099563599
amazon0601,s64_m64_qsource_fast,1,output_scatter,0.136137008667,100,6.00099563599
amazon0601,s64_m64_qsource_fast,1,thread_amx_setup,0.0374317169189,100,6.00099563599
amazon0601,s64_m64_qsource_fast,2,output_zero,0,100,5.15294075012
amazon0601,s64_m64_qsource_fast,2,row_schedule,0.0412464141846,100,5.15294075012
amazon0601,s64_m64_qsource_fast,2,partial_zero,0.0505447387695,100,5.15294075012
amazon0601,s64_m64_qsource_fast,2,csr_prefetch,2.6228427887,100,5.15294075012
amazon0601,s64_m64_qsource_fast,2,feature_gather_decode,1.97434425354,100,5.15294075012
amazon0601,s64_m64_qsource_fast,2,fp32_neighbor_reduction,0.767946243286,100,5.15294075012
amazon0601,s64_m64_qsource_fast,2,partial_bf16_conversion,0.754356384277,100,5.15294075012
amazon0601,s64_m64_qsource_fast,2,tile_load,0.238180160522,100,5.15294075012
amazon0601,s64_m64_qsource_fast,2,tile_compute,0.367641448975,100,5.15294075012
amazon0601,s64_m64_qsource_fast,2,tile_store,0.0109672546387,100,5.15294075012
amazon0601,s64_m64_qsource_fast,2,output_scatter,0.198125839233,100,5.15294075012
amazon0601,s64_m64_qsource_fast,2,thread_amx_setup,0.0429153442383,100,5.15294075012
amazon0601,s64_m64_qpage_fast,1,output_zero,0,100,5.99384307861
amazon0601,s64_m64_qpage_fast,1,row_schedule,0.0536441802979,100,5.99384307861
amazon0601,s64_m64_qpage_fast,1,partial_zero,0.0591278076172,100,5.99384307861
amazon0601,s64_m64_qpage_fast,1,csr_prefetch,2.53081321716,100,5.99384307861
amazon0601,s64_m64_qpage_fast,1,feature_gather_decode,2.05826759338,100,5.99384307861
amazon0601,s64_m64_qpage_fast,1,fp32_neighbor_reduction,0.725984573364,100,5.99384307861
amazon0601,s64_m64_qpage_fast,1,partial_bf16_conversion,0.775814056396,100,5.99384307861
amazon0601,s64_m64_qpage_fast,1,tile_load,0.215530395508,100,5.99384307861
amazon0601,s64_m64_qpage_fast,1,tile_compute,0.331401824951,100,5.99384307861
amazon0601,s64_m64_qpage_fast,1,tile_store,0.0152587890625,100,5.99384307861
amazon0601,s64_m64_qpage_fast,1,output_scatter,0.128746032715,100,5.99384307861
amazon0601,s64_m64_qpage_fast,1,thread_amx_setup,0.0324249267578,100,5.99384307861
amazon0601,s64_m64_qpage_fast,2,output_zero,0.000953674316406,100,5.16605377197
amazon0601,s64_m64_qpage_fast,2,row_schedule,0.0503063201904,100,5.16605377197
amazon0601,s64_m64_qpage_fast,2,partial_zero,0.044584274292,100,5.16605377197
amazon0601,s64_m64_qpage_fast,2,csr_prefetch,2.47955322266,100,5.16605377197
amazon0601,s64_m64_qpage_fast,2,feature_gather_decode,2.18319892883,100,5.16605377197
amazon0601,s64_m64_qpage_fast,2,fp32_neighbor_reduction,0.744104385376,100,5.16605377197
amazon0601,s64_m64_qpage_fast,2,partial_bf16_conversion,0.754117965698,100,5.16605377197
amazon0601,s64_m64_qpage_fast,2,tile_load,0.20432472229,100,5.16605377197
amazon0601,s64_m64_qpage_fast,2,tile_compute,0.373363494873,100,5.16605377197
amazon0601,s64_m64_qpage_fast,2,tile_store,0.0169277191162,100,5.16605377197
amazon0601,s64_m64_qpage_fast,2,output_scatter,0.195026397705,100,5.16605377197
amazon0601,s64_m64_qpage_fast,2,thread_amx_setup,0.0452995300293,100,5.16605377197
com-Youtube,s64_mfull_degree_fast,1,output_zero,0,279,64.0149116516
com-Youtube,s64_mfull_degree_fast,1,row_schedule,0.0994205474854,279,64.0149116516
com-Youtube,s64_mfull_degree_fast,1,partial_zero,0.116586685181,279,64.0149116516
com-Youtube,s64_mfull_degree_fast,1,csr_prefetch,25.9833335876,279,64.0149116516
com-Youtube,s64_mfull_degree_fast,1,feature_gather_decode,19.186258316,279,64.0149116516
com-Youtube,s64_mfull_degree_fast,1,fp32_neighbor_reduction,7.49540328979,279,64.0149116516
com-Youtube,s64_mfull_degree_fast,1,partial_bf16_conversion,2.21133232117,279,64.0149116516
com-Youtube,s64_mfull_degree_fast,1,tile_load,0.573396682739,279,64.0149116516
com-Youtube,s64_mfull_degree_fast,1,tile_compute,1.11961364746,279,64.0149116516
com-Youtube,s64_mfull_degree_fast,1,tile_store,0.0505447387695,279,64.0149116516
com-Youtube,s64_mfull_degree_fast,1,output_scatter,0.364542007446,279,64.0149116516
com-Youtube,s64_mfull_degree_fast,1,thread_amx_setup,0.0374317169189,279,64.0149116516
com-Youtube,s64_mfull_degree_fast,2,output_zero,0,279,62.607049942
com-Youtube,s64_mfull_degree_fast,2,row_schedule,0.0922679901123,279,62.607049942
com-Youtube,s64_mfull_degree_fast,2,partial_zero,0.123262405396,279,62.607049942
com-Youtube,s64_mfull_degree_fast,2,csr_prefetch,26.0155200958,279,62.607049942
com-Youtube,s64_mfull_degree_fast,2,feature_gather_decode,19.2744731903,279,62.607049942
com-Youtube,s64_mfull_degree_fast,2,fp32_neighbor_reduction,7.54714012146,279,62.607049942
com-Youtube,s64_mfull_degree_fast,2,partial_bf16_conversion,2.20441818237,279,62.607049942
com-Youtube,s64_mfull_degree_fast,2,tile_load,0.560522079468,279,62.607049942
com-Youtube,s64_mfull_degree_fast,2,tile_compute,1.11269950867,279,62.607049942
com-Youtube,s64_mfull_degree_fast,2,tile_store,0.0491142272949,279,62.607049942
com-Youtube,s64_mfull_degree_fast,2,output_scatter,0.570297241211,279,62.607049942
com-Youtube,s64_mfull_degree_fast,2,thread_amx_setup,0.0448226928711,279,62.607049942
com-Youtube,s64_mfull_qshuffle_fast,1,output_zero,0,279,65.8710002899
com-Youtube,s64_mfull_qshuffle_fast,1,row_schedule,0.112771987915,279,65.8710002899
com-Youtube,s64_mfull_qshuffle_fast,1,partial_zero,0.100374221802,279,65.8710002899
com-Youtube,s64_mfull_qshuffle_fast,1,csr_prefetch,26.2775421143,279,65.8710002899
com-Youtube,s64_mfull_qshuffle_fast,1,feature_gather_decode,19.1967487335,279,65.8710002899
com-Youtube,s64_mfull_qshuffle_fast,1,fp32_neighbor_reduction,7.50637054443,279,65.8710002899
com-Youtube,s64_mfull_qshuffle_fast,1,partial_bf16_conversion,2.11119651794,279,65.8710002899
com-Youtube,s64_mfull_qshuffle_fast,1,tile_load,0.567674636841,279,65.8710002899
com-Youtube,s64_mfull_qshuffle_fast,1,tile_compute,1.07216835022,279,65.8710002899
com-Youtube,s64_mfull_qshuffle_fast,1,tile_store,0.0443458557129,279,65.8710002899
com-Youtube,s64_mfull_qshuffle_fast,1,output_scatter,0.404596328735,279,65.8710002899
com-Youtube,s64_mfull_qshuffle_fast,1,thread_amx_setup,0.0500679016113,279,65.8710002899
com-Youtube,s64_mfull_qshuffle_fast,2,output_zero,0,279,63.3251667023
com-Youtube,s64_mfull_qshuffle_fast,2,row_schedule,0.122785568237,279,63.3251667023
com-Youtube,s64_mfull_qshuffle_fast,2,partial_zero,0.114917755127,279,63.3251667023
com-Youtube,s64_mfull_qshuffle_fast,2,csr_prefetch,26.4317989349,279,63.3251667023
com-Youtube,s64_mfull_qshuffle_fast,2,feature_gather_decode,19.4494724274,279,63.3251667023
com-Youtube,s64_mfull_qshuffle_fast,2,fp32_neighbor_reduction,7.54499435425,279,63.3251667023
com-Youtube,s64_mfull_qshuffle_fast,2,partial_bf16_conversion,2.17437744141,279,63.3251667023
com-Youtube,s64_mfull_qshuffle_fast,2,tile_load,0.521659851074,279,63.3251667023
com-Youtube,s64_mfull_qshuffle_fast,2,tile_compute,1.12366676331,279,63.3251667023
com-Youtube,s64_mfull_qshuffle_fast,2,tile_store,0.0388622283936,279,63.3251667023
com-Youtube,s64_mfull_qshuffle_fast,2,output_scatter,0.577449798584,279,63.3251667023
com-Youtube,s64_mfull_qshuffle_fast,2,thread_amx_setup,0.0374317169189,279,63.3251667023
com-Youtube,s64_mfull_qsource_fast,1,output_zero,0,279,65.299987793
com-Youtube,s64_mfull_qsource_fast,1,row_schedule,0.135898590088,279,65.299987793
com-Youtube,s64_mfull_qsource_fast,1,partial_zero,0.126600265503,279,65.299987793
com-Youtube,s64_mfull_qsource_fast,1,csr_prefetch,26.2446403503,279,65.299987793
com-Youtube,s64_mfull_qsource_fast,1,feature_gather_decode,19.1411972046,279,65.299987793
com-Youtube,s64_mfull_qsource_fast,1,fp32_neighbor_reduction,7.48896598816,279,65.299987793
com-Youtube,s64_mfull_qsource_fast,1,partial_bf16_conversion,2.20608711243,279,65.299987793
com-Youtube,s64_mfull_qsource_fast,1,tile_load,0.592231750488,279,65.299987793
com-Youtube,s64_mfull_qsource_fast,1,tile_compute,1.13201141357,279,65.299987793
com-Youtube,s64_mfull_qsource_fast,1,tile_store,0.0481605529785,279,65.299987793
com-Youtube,s64_mfull_qsource_fast,1,output_scatter,0.406742095947,279,65.299987793
com-Youtube,s64_mfull_qsource_fast,1,thread_amx_setup,0.0479221343994,279,65.299987793
com-Youtube,s64_mfull_qsource_fast,2,output_zero,0,279,62.6709461212
com-Youtube,s64_mfull_qsource_fast,2,row_schedule,0.111103057861,279,62.6709461212
com-Youtube,s64_mfull_qsource_fast,2,partial_zero,0.133991241455,279,62.6709461212
com-Youtube,s64_mfull_qsource_fast,2,csr_prefetch,26.309967041,279,62.6709461212
com-Youtube,s64_mfull_qsource_fast,2,feature_gather_decode,19.3483829498,279,62.6709461212
com-Youtube,s64_mfull_qsource_fast,2,fp32_neighbor_reduction,7.47394561768,279,62.6709461212
com-Youtube,s64_mfull_qsource_fast,2,partial_bf16_conversion,2.16507911682,279,62.6709461212
com-Youtube,s64_mfull_qsource_fast,2,tile_load,0.534057617188,279,62.6709461212
com-Youtube,s64_mfull_qsource_fast,2,tile_compute,1.15656852722,279,62.6709461212
com-Youtube,s64_mfull_qsource_fast,2,tile_store,0.0655651092529,279,62.6709461212
com-Youtube,s64_mfull_qsource_fast,2,output_scatter,0.591993331909,279,62.6709461212
com-Youtube,s64_mfull_qsource_fast,2,thread_amx_setup,0.0400543212891,279,62.6709461212
com-Youtube,s64_mfull_qpage_fast,1,output_zero,0,279,64.0749931335
com-Youtube,s64_mfull_qpage_fast,1,row_schedule,0.118970870972,279,64.0749931335
com-Youtube,s64_mfull_qpage_fast,1,partial_zero,0.123023986816,279,64.0749931335
com-Youtube,s64_mfull_qpage_fast,1,csr_prefetch,26.1979103088,279,64.0749931335
com-Youtube,s64_mfull_qpage_fast,1,feature_gather_decode,19.1919803619,279,64.0749931335
com-Youtube,s64_mfull_qpage_fast,1,fp32_neighbor_reduction,7.47227668762,279,64.0749931335
com-Youtube,s64_mfull_qpage_fast,1,partial_bf16_conversion,2.1824836731,279,64.0749931335
com-Youtube,s64_mfull_qpage_fast,1,tile_load,0.59986114502,279,64.0749931335
com-Youtube,s64_mfull_qpage_fast,1,tile_compute,1.12080574036,279,64.0749931335
com-Youtube,s64_mfull_qpage_fast,1,tile_store,0.0457763671875,279,64.0749931335
com-Youtube,s64_mfull_qpage_fast,1,output_scatter,0.396728515625,279,64.0749931335
com-Youtube,s64_mfull_qpage_fast,1,thread_amx_setup,0.0407695770264,279,64.0749931335
com-Youtube,s64_mfull_qpage_fast,2,output_zero,0,279,62.0939731598
com-Youtube,s64_mfull_qpage_fast,2,row_schedule,0.107288360596,279,62.0939731598
com-Youtube,s64_mfull_qpage_fast,2,partial_zero,0.12993812561,279,62.0939731598
com-Youtube,s64_mfull_qpage_fast,2,csr_prefetch,26.0937213898,279,62.0939731598
com-Youtube,s64_mfull_qpage_fast,2,feature_gather_decode,19.234418869,279,62.0939731598
com-Youtube,s64_mfull_qpage_fast,2,fp32_neighbor_reduction,7.55524635315,279,62.0939731598
com-Youtube,s64_mfull_qpage_fast,2,partial_bf16_conversion,2.17914581299,279,62.0939731598
com-Youtube,s64_mfull_qpage_fast,2,tile_load,0.581502914429,279,62.0939731598
com-Youtube,s64_mfull_qpage_fast,2,tile_compute,1.17206573486,279,62.0939731598
com-Youtube,s64_mfull_qpage_fast,2,tile_store,0.0488758087158,279,62.0939731598
com-Youtube,s64_mfull_qpage_fast,2,output_scatter,0.57053565979,279,62.0939731598
com-Youtube,s64_mfull_qpage_fast,2,thread_amx_setup,0.0402927398682,279,62.0939731598
com-Youtube,s64_m64_degree_fast,1,output_zero,0,279,70.3608989716
com-Youtube,s64_m64_degree_fast,1,row_schedule,0.0848770141602,279,70.3608989716
com-Youtube,s64_m64_degree_fast,1,partial_zero,0.209331512451,279,70.3608989716
com-Youtube,s64_m64_degree_fast,1,csr_prefetch,26.0124206543,279,70.3608989716
com-Youtube,s64_m64_degree_fast,1,feature_gather_decode,19.4449424744,279,70.3608989716
com-Youtube,s64_m64_degree_fast,1,fp32_neighbor_reduction,7.54261016846,279,70.3608989716
com-Youtube,s64_m64_degree_fast,1,partial_bf16_conversion,5.60188293457,279,70.3608989716
com-Youtube,s64_m64_degree_fast,1,tile_load,1.49178504944,279,70.3608989716
com-Youtube,s64_m64_degree_fast,1,tile_compute,2.14719772339,279,70.3608989716
com-Youtube,s64_m64_degree_fast,1,tile_store,0.12469291687,279,70.3608989716
com-Youtube,s64_m64_degree_fast,1,output_scatter,0.360012054443,279,70.3608989716
com-Youtube,s64_m64_degree_fast,1,thread_amx_setup,0.044584274292,279,70.3608989716
com-Youtube,s64_m64_degree_fast,2,output_zero,0,279,69.4680213928
com-Youtube,s64_m64_degree_fast,2,row_schedule,0.0817775726318,279,69.4680213928
com-Youtube,s64_m64_degree_fast,2,partial_zero,0.194787979126,279,69.4680213928
com-Youtube,s64_m64_degree_fast,2,csr_prefetch,26.0360240936,279,69.4680213928
com-Youtube,s64_m64_degree_fast,2,feature_gather_decode,19.6135044098,279,69.4680213928
com-Youtube,s64_m64_degree_fast,2,fp32_neighbor_reduction,7.67803192139,279,69.4680213928
com-Youtube,s64_m64_degree_fast,2,partial_bf16_conversion,5.54418563843,279,69.4680213928
com-Youtube,s64_m64_degree_fast,2,tile_load,1.49822235107,279,69.4680213928
com-Youtube,s64_m64_degree_fast,2,tile_compute,2.10309028625,279,69.4680213928
com-Youtube,s64_m64_degree_fast,2,tile_store,0.133275985718,279,69.4680213928
com-Youtube,s64_m64_degree_fast,2,output_scatter,0.595569610596,279,69.4680213928
com-Youtube,s64_m64_degree_fast,2,thread_amx_setup,0.0417232513428,279,69.4680213928
com-Youtube,s64_m64_qshuffle_fast,1,output_zero,0,279,72.7958679199
com-Youtube,s64_m64_qshuffle_fast,1,row_schedule,0.115871429443,279,72.7958679199
com-Youtube,s64_m64_qshuffle_fast,1,partial_zero,0.225305557251,279,72.7958679199
com-Youtube,s64_m64_qshuffle_fast,1,csr_prefetch,26.6420841217,279,72.7958679199
com-Youtube,s64_m64_qshuffle_fast,1,feature_gather_decode,19.8948383331,279,72.7958679199
com-Youtube,s64_m64_qshuffle_fast,1,fp32_neighbor_reduction,7.6892375946,279,72.7958679199
com-Youtube,s64_m64_qshuffle_fast,1,partial_bf16_conversion,5.51271438599,279,72.7958679199
com-Youtube,s64_m64_qshuffle_fast,1,tile_load,1.50609016418,279,72.7958679199
com-Youtube,s64_m64_qshuffle_fast,1,tile_compute,2.01177597046,279,72.7958679199
com-Youtube,s64_m64_qshuffle_fast,1,tile_store,0.110149383545,279,72.7958679199
com-Youtube,s64_m64_qshuffle_fast,1,output_scatter,0.382423400879,279,72.7958679199
com-Youtube,s64_m64_qshuffle_fast,1,thread_amx_setup,0.0407695770264,279,72.7958679199
com-Youtube,s64_m64_qshuffle_fast,2,output_zero,0,279,69.7250366211
com-Youtube,s64_m64_qshuffle_fast,2,row_schedule,0.122547149658,279,69.7250366211
com-Youtube,s64_m64_qshuffle_fast,2,partial_zero,0.227451324463,279,69.7250366211
com-Youtube,s64_m64_qshuffle_fast,2,csr_prefetch,26.6442298889,279,69.7250366211
com-Youtube,s64_m64_qshuffle_fast,2,feature_gather_decode,19.6294784546,279,69.7250366211
com-Youtube,s64_m64_qshuffle_fast,2,fp32_neighbor_reduction,7.61485099792,279,69.7250366211
com-Youtube,s64_m64_qshuffle_fast,2,partial_bf16_conversion,5.55777549744,279,69.7250366211
com-Youtube,s64_m64_qshuffle_fast,2,tile_load,1.46412849426,279,69.7250366211
com-Youtube,s64_m64_qshuffle_fast,2,tile_compute,2.19559669495,279,69.7250366211
com-Youtube,s64_m64_qshuffle_fast,2,tile_store,0.133752822876,279,69.7250366211
com-Youtube,s64_m64_qshuffle_fast,2,output_scatter,0.591516494751,279,69.7250366211
com-Youtube,s64_m64_qshuffle_fast,2,thread_amx_setup,0.049352645874,279,69.7250366211
com-Youtube,s64_m64_qsource_fast,1,output_zero,0,279,71.4130401611
com-Youtube,s64_m64_qsource_fast,1,row_schedule,0.145435333252,279,71.4130401611
com-Youtube,s64_m64_qsource_fast,1,partial_zero,0.197172164917,279,71.4130401611
com-Youtube,s64_m64_qsource_fast,1,csr_prefetch,26.4072418213,279,71.4130401611
com-Youtube,s64_m64_qsource_fast,1,feature_gather_decode,19.5434093475,279,71.4130401611
com-Youtube,s64_m64_qsource_fast,1,fp32_neighbor_reduction,7.64012336731,279,71.4130401611
com-Youtube,s64_m64_qsource_fast,1,partial_bf16_conversion,5.56182861328,279,71.4130401611
com-Youtube,s64_m64_qsource_fast,1,tile_load,1.52707099915,279,71.4130401611
com-Youtube,s64_m64_qsource_fast,1,tile_compute,2.11381912231,279,71.4130401611
com-Youtube,s64_m64_qsource_fast,1,tile_store,0.1220703125,279,71.4130401611
com-Youtube,s64_m64_qsource_fast,1,output_scatter,0.380277633667,279,71.4130401611
com-Youtube,s64_m64_qsource_fast,1,thread_amx_setup,0.0417232513428,279,71.4130401611
com-Youtube,s64_m64_qsource_fast,2,output_zero,0.000953674316406,279,69.130897522
com-Youtube,s64_m64_qsource_fast,2,row_schedule,0.117063522339,279,69.130897522
com-Youtube,s64_m64_qsource_fast,2,partial_zero,0.217199325562,279,69.130897522
com-Youtube,s64_m64_qsource_fast,2,csr_prefetch,26.556968689,279,69.130897522
com-Youtube,s64_m64_qsource_fast,2,feature_gather_decode,19.5753574371,279,69.130897522
com-Youtube,s64_m64_qsource_fast,2,fp32_neighbor_reduction,7.58862495422,279,69.130897522
com-Youtube,s64_m64_qsource_fast,2,partial_bf16_conversion,5.5992603302,279,69.130897522
com-Youtube,s64_m64_qsource_fast,2,tile_load,1.5025138855,279,69.130897522
com-Youtube,s64_m64_qsource_fast,2,tile_compute,2.09784507751,279,69.130897522
com-Youtube,s64_m64_qsource_fast,2,tile_store,0.12731552124,279,69.130897522
com-Youtube,s64_m64_qsource_fast,2,output_scatter,0.570774078369,279,69.130897522
com-Youtube,s64_m64_qsource_fast,2,thread_amx_setup,0.0419616699219,279,69.130897522
com-Youtube,s64_m64_qpage_fast,1,output_zero,0,279,71.1228847504
com-Youtube,s64_m64_qpage_fast,1,row_schedule,0.122547149658,279,71.1228847504
com-Youtube,s64_m64_qpage_fast,1,partial_zero,0.19907951355,279,71.1228847504
com-Youtube,s64_m64_qpage_fast,1,csr_prefetch,26.2620449066,279,71.1228847504
com-Youtube,s64_m64_qpage_fast,1,feature_gather_decode,19.5825099945,279,71.1228847504
com-Youtube,s64_m64_qpage_fast,1,fp32_neighbor_reduction,7.61079788208,279,71.1228847504
com-Youtube,s64_m64_qpage_fast,1,partial_bf16_conversion,5.57446479797,279,71.1228847504
com-Youtube,s64_m64_qpage_fast,1,tile_load,1.50918960571,279,71.1228847504
com-Youtube,s64_m64_qpage_fast,1,tile_compute,2.12550163269,279,71.1228847504
com-Youtube,s64_m64_qpage_fast,1,tile_store,0.125646591187,279,71.1228847504
com-Youtube,s64_m64_qpage_fast,1,output_scatter,0.39529800415,279,71.1228847504
com-Youtube,s64_m64_qpage_fast,1,thread_amx_setup,0.0333786010742,279,71.1228847504
com-Youtube,s64_m64_qpage_fast,2,output_zero,0,279,69.2160129547
com-Youtube,s64_m64_qpage_fast,2,row_schedule,0.124216079712,279,69.2160129547
com-Youtube,s64_m64_qpage_fast,2,partial_zero,0.202894210815,279,69.2160129547
com-Youtube,s64_m64_qpage_fast,2,csr_prefetch,26.3094902039,279,69.2160129547
com-Youtube,s64_m64_qpage_fast,2,feature_gather_decode,19.6895599365,279,69.2160129547
com-Youtube,s64_m64_qpage_fast,2,fp32_neighbor_reduction,7.73167610168,279,69.2160129547
com-Youtube,s64_m64_qpage_fast,2,partial_bf16_conversion,5.5844783783,279,69.2160129547
com-Youtube,s64_m64_qpage_fast,2,tile_load,1.50322914124,279,69.2160129547
com-Youtube,s64_m64_qpage_fast,2,tile_compute,2.2406578064,279,69.2160129547
com-Youtube,s64_m64_qpage_fast,2,tile_store,0.124931335449,279,69.2160129547
com-Youtube,s64_m64_qpage_fast,2,output_scatter,0.571012496948,279,69.2160129547
com-Youtube,s64_m64_qpage_fast,2,thread_amx_setup,0.0479221343994,279,69.2160129547
regular128_reuse1,s64_mfull_degree_fast,1,output_zero,0,129,121.196985245
regular128_reuse1,s64_mfull_degree_fast,1,row_schedule,0.0717639923096,129,121.196985245
regular128_reuse1,s64_mfull_degree_fast,1,partial_zero,0.0672340393066,129,121.196985245
regular128_reuse1,s64_mfull_degree_fast,1,csr_prefetch,54.340839386,129,121.196985245
regular128_reuse1,s64_mfull_degree_fast,1,feature_gather_decode,35.6526374817,129,121.196985245
regular128_reuse1,s64_mfull_degree_fast,1,fp32_neighbor_reduction,14.3270492554,129,121.196985245
regular128_reuse1,s64_mfull_degree_fast,1,partial_bf16_conversion,0.910758972168,129,121.196985245
regular128_reuse1,s64_mfull_degree_fast,1,tile_load,0.259160995483,129,121.196985245
regular128_reuse1,s64_mfull_degree_fast,1,tile_compute,0.644683837891,129,121.196985245
regular128_reuse1,s64_mfull_degree_fast,1,tile_store,0.0214576721191,129,121.196985245
regular128_reuse1,s64_mfull_degree_fast,1,output_scatter,0.14591217041,129,121.196985245
regular128_reuse1,s64_mfull_degree_fast,1,thread_amx_setup,0.0412464141846,129,121.196985245
regular128_reuse1,s64_mfull_degree_fast,2,output_zero,0,129,120.936870575
regular128_reuse1,s64_mfull_degree_fast,2,row_schedule,0.0574588775635,129,120.936870575
regular128_reuse1,s64_mfull_degree_fast,2,partial_zero,0.0665187835693,129,120.936870575
regular128_reuse1,s64_mfull_degree_fast,2,csr_prefetch,49.6671199799,129,120.936870575
regular128_reuse1,s64_mfull_degree_fast,2,feature_gather_decode,35.5958938599,129,120.936870575
regular128_reuse1,s64_mfull_degree_fast,2,fp32_neighbor_reduction,14.0261650085,129,120.936870575
regular128_reuse1,s64_mfull_degree_fast,2,partial_bf16_conversion,0.90765953064,129,120.936870575
regular128_reuse1,s64_mfull_degree_fast,2,tile_load,0.263214111328,129,120.936870575
regular128_reuse1,s64_mfull_degree_fast,2,tile_compute,0.619173049927,129,120.936870575
regular128_reuse1,s64_mfull_degree_fast,2,tile_store,0.0109672546387,129,120.936870575
regular128_reuse1,s64_mfull_degree_fast,2,output_scatter,0.252723693848,129,120.936870575
regular128_reuse1,s64_mfull_degree_fast,2,thread_amx_setup,0.0391006469727,129,120.936870575
regular128_reuse1,s64_mfull_qshuffle_fast,1,output_zero,0,129,75.345993042
regular128_reuse1,s64_mfull_qshuffle_fast,1,row_schedule,0.0772476196289,129,75.345993042
regular128_reuse1,s64_mfull_qshuffle_fast,1,partial_zero,0.0655651092529,129,75.345993042
regular128_reuse1,s64_mfull_qshuffle_fast,1,csr_prefetch,49.2994785309,129,75.345993042
regular128_reuse1,s64_mfull_qshuffle_fast,1,feature_gather_decode,35.5343818665,129,75.345993042
regular128_reuse1,s64_mfull_qshuffle_fast,1,fp32_neighbor_reduction,13.9846801758,129,75.345993042
regular128_reuse1,s64_mfull_qshuffle_fast,1,partial_bf16_conversion,0.906705856323,129,75.345993042
regular128_reuse1,s64_mfull_qshuffle_fast,1,tile_load,0.308036804199,129,75.345993042
regular128_reuse1,s64_mfull_qshuffle_fast,1,tile_compute,0.661611557007,129,75.345993042
regular128_reuse1,s64_mfull_qshuffle_fast,1,tile_store,0.0190734863281,129,75.345993042
regular128_reuse1,s64_mfull_qshuffle_fast,1,output_scatter,0.155687332153,129,75.345993042
regular128_reuse1,s64_mfull_qshuffle_fast,1,thread_amx_setup,0.0400543212891,129,75.345993042
regular128_reuse1,s64_mfull_qshuffle_fast,2,output_zero,0,129,74.3288993835
regular128_reuse1,s64_mfull_qshuffle_fast,2,row_schedule,0.0600814819336,129,74.3288993835
regular128_reuse1,s64_mfull_qshuffle_fast,2,partial_zero,0.0710487365723,129,74.3288993835
regular128_reuse1,s64_mfull_qshuffle_fast,2,csr_prefetch,49.4723320007,129,74.3288993835
regular128_reuse1,s64_mfull_qshuffle_fast,2,feature_gather_decode,35.6078147888,129,74.3288993835
regular128_reuse1,s64_mfull_qshuffle_fast,2,fp32_neighbor_reduction,13.8623714447,129,74.3288993835
regular128_reuse1,s64_mfull_qshuffle_fast,2,partial_bf16_conversion,0.907182693481,129,74.3288993835
regular128_reuse1,s64_mfull_qshuffle_fast,2,tile_load,0.313758850098,129,74.3288993835
regular128_reuse1,s64_mfull_qshuffle_fast,2,tile_compute,0.670671463013,129,74.3288993835
regular128_reuse1,s64_mfull_qshuffle_fast,2,tile_store,0.0162124633789,129,74.3288993835
regular128_reuse1,s64_mfull_qshuffle_fast,2,output_scatter,0.250577926636,129,74.3288993835
regular128_reuse1,s64_mfull_qshuffle_fast,2,thread_amx_setup,0.0438690185547,129,74.3288993835
regular128_reuse1,s64_mfull_qsource_fast,1,output_zero,0,129,119.186878204
regular128_reuse1,s64_mfull_qsource_fast,1,row_schedule,0.0717639923096,129,119.186878204
regular128_reuse1,s64_mfull_qsource_fast,1,partial_zero,0.0514984130859,129,119.186878204
regular128_reuse1,s64_mfull_qsource_fast,1,csr_prefetch,49.5512485504,129,119.186878204
regular128_reuse1,s64_mfull_qsource_fast,1,feature_gather_decode,35.6764793396,129,119.186878204
regular128_reuse1,s64_mfull_qsource_fast,1,fp32_neighbor_reduction,14.1305923462,129,119.186878204
regular128_reuse1,s64_mfull_qsource_fast,1,partial_bf16_conversion,0.921964645386,129,119.186878204
regular128_reuse1,s64_mfull_qsource_fast,1,tile_load,0.250101089478,129,119.186878204
regular128_reuse1,s64_mfull_qsource_fast,1,tile_compute,0.676870346069,129,119.186878204
regular128_reuse1,s64_mfull_qsource_fast,1,tile_store,0.0238418579102,129,119.186878204
regular128_reuse1,s64_mfull_qsource_fast,1,output_scatter,0.172138214111,129,119.186878204
regular128_reuse1,s64_mfull_qsource_fast,1,thread_amx_setup,0.0452995300293,129,119.186878204
regular128_reuse1,s64_mfull_qsource_fast,2,output_zero,0,129,118.896961212
regular128_reuse1,s64_mfull_qsource_fast,2,row_schedule,0.079870223999,129,118.896961212
regular128_reuse1,s64_mfull_qsource_fast,2,partial_zero,0.0803470611572,129,118.896961212
regular128_reuse1,s64_mfull_qsource_fast,2,csr_prefetch,49.5638847351,129,118.896961212
regular128_reuse1,s64_mfull_qsource_fast,2,feature_gather_decode,35.8603000641,129,118.896961212
regular128_reuse1,s64_mfull_qsource_fast,2,fp32_neighbor_reduction,14.2323970795,129,118.896961212
regular128_reuse1,s64_mfull_qsource_fast,2,partial_bf16_conversion,0.949144363403,129,118.896961212
regular128_reuse1,s64_mfull_qsource_fast,2,tile_load,0.251293182373,129,118.896961212
regular128_reuse1,s64_mfull_qsource_fast,2,tile_compute,0.673055648804,129,118.896961212
regular128_reuse1,s64_mfull_qsource_fast,2,tile_store,0.0193119049072,129,118.896961212
regular128_reuse1,s64_mfull_qsource_fast,2,output_scatter,0.26535987854,129,118.896961212
regular128_reuse1,s64_mfull_qsource_fast,2,thread_amx_setup,0.0336170196533,129,118.896961212
regular128_reuse1,s64_mfull_qpage_fast,1,output_zero,0,129,118.191003799
regular128_reuse1,s64_mfull_qpage_fast,1,row_schedule,0.0686645507812,129,118.191003799
regular128_reuse1,s64_mfull_qpage_fast,1,partial_zero,0.0715255737305,129,118.191003799
regular128_reuse1,s64_mfull_qpage_fast,1,csr_prefetch,49.5836734772,129,118.191003799
regular128_reuse1,s64_mfull_qpage_fast,1,feature_gather_decode,35.3755950928,129,118.191003799
regular128_reuse1,s64_mfull_qpage_fast,1,fp32_neighbor_reduction,13.8559341431,129,118.191003799
regular128_reuse1,s64_mfull_qpage_fast,1,partial_bf16_conversion,0.902414321899,129,118.191003799
regular128_reuse1,s64_mfull_qpage_fast,1,tile_load,0.252723693848,129,118.191003799
regular128_reuse1,s64_mfull_qpage_fast,1,tile_compute,0.684499740601,129,118.191003799
regular128_reuse1,s64_mfull_qpage_fast,1,tile_store,0.0154972076416,129,118.191003799
regular128_reuse1,s64_mfull_qpage_fast,1,output_scatter,0.178337097168,129,118.191003799
regular128_reuse1,s64_mfull_qpage_fast,1,thread_amx_setup,0.0467300415039,129,118.191003799
regular128_reuse1,s64_mfull_qpage_fast,2,output_zero,0,129,118.858098984
regular128_reuse1,s64_mfull_qpage_fast,2,row_schedule,0.0793933868408,129,118.858098984
regular128_reuse1,s64_mfull_qpage_fast,2,partial_zero,0.0624656677246,129,118.858098984
regular128_reuse1,s64_mfull_qpage_fast,2,csr_prefetch,49.5512485504,129,118.858098984
regular128_reuse1,s64_mfull_qpage_fast,2,feature_gather_decode,35.8147621155,129,118.858098984
regular128_reuse1,s64_mfull_qpage_fast,2,fp32_neighbor_reduction,14.2226219177,129,118.858098984
regular128_reuse1,s64_mfull_qpage_fast,2,partial_bf16_conversion,0.905513763428,129,118.858098984
regular128_reuse1,s64_mfull_qpage_fast,2,tile_load,0.25486946106,129,118.858098984
regular128_reuse1,s64_mfull_qpage_fast,2,tile_compute,0.673055648804,129,118.858098984
regular128_reuse1,s64_mfull_qpage_fast,2,tile_store,0.0195503234863,129,118.858098984
regular128_reuse1,s64_mfull_qpage_fast,2,output_scatter,0.257968902588,129,118.858098984
regular128_reuse1,s64_mfull_qpage_fast,2,thread_amx_setup,0.037670135498,129,118.858098984
regular128_reuse1,s64_m64_degree_fast,1,output_zero,0,129,123.308181763
regular128_reuse1,s64_m64_degree_fast,1,row_schedule,0.0557899475098,129,123.308181763
regular128_reuse1,s64_m64_degree_fast,1,partial_zero,0.128269195557,129,123.308181763
regular128_reuse1,s64_m64_degree_fast,1,csr_prefetch,49.0591526031,129,123.308181763
regular128_reuse1,s64_m64_degree_fast,1,feature_gather_decode,35.9053611755,129,123.308181763
regular128_reuse1,s64_m64_degree_fast,1,fp32_neighbor_reduction,13.9482021332,129,123.308181763
regular128_reuse1,s64_m64_degree_fast,1,partial_bf16_conversion,1.81722640991,129,123.308181763
regular128_reuse1,s64_m64_degree_fast,1,tile_load,0.531911849976,129,123.308181763
regular128_reuse1,s64_m64_degree_fast,1,tile_compute,1.39236450195,129,123.308181763
regular128_reuse1,s64_m64_degree_fast,1,tile_store,0.0436305999756,129,123.308181763
regular128_reuse1,s64_m64_degree_fast,1,output_scatter,0.140428543091,129,123.308181763
regular128_reuse1,s64_m64_degree_fast,1,thread_amx_setup,0.0443458557129,129,123.308181763
regular128_reuse1,s64_m64_degree_fast,2,output_zero,0,129,122.634887695
regular128_reuse1,s64_m64_degree_fast,2,row_schedule,0.06103515625,129,122.634887695
regular128_reuse1,s64_m64_degree_fast,2,partial_zero,0.0886917114258,129,122.634887695
regular128_reuse1,s64_m64_degree_fast,2,csr_prefetch,49.2134094238,129,122.634887695
regular128_reuse1,s64_m64_degree_fast,2,feature_gather_decode,35.6624126434,129,122.634887695
regular128_reuse1,s64_m64_degree_fast,2,fp32_neighbor_reduction,14.1046047211,129,122.634887695
regular128_reuse1,s64_m64_degree_fast,2,partial_bf16_conversion,1.83033943176,129,122.634887695
regular128_reuse1,s64_m64_degree_fast,2,tile_load,0.532150268555,129,122.634887695
regular128_reuse1,s64_m64_degree_fast,2,tile_compute,1.29747390747,129,122.634887695
regular128_reuse1,s64_m64_degree_fast,2,tile_store,0.0560283660889,129,122.634887695
regular128_reuse1,s64_m64_degree_fast,2,output_scatter,0.265836715698,129,122.634887695
regular128_reuse1,s64_m64_degree_fast,2,thread_amx_setup,0.0395774841309,129,122.634887695
regular128_reuse1,s64_m64_qshuffle_fast,1,output_zero,0,129,76.4739513397
regular128_reuse1,s64_m64_qshuffle_fast,1,row_schedule,0.0827312469482,129,76.4739513397
regular128_reuse1,s64_m64_qshuffle_fast,1,partial_zero,0.0805854797363,129,76.4739513397
regular128_reuse1,s64_m64_qshuffle_fast,1,csr_prefetch,49.1058826447,129,76.4739513397
regular128_reuse1,s64_m64_qshuffle_fast,1,feature_gather_decode,35.6638431549,129,76.4739513397
regular128_reuse1,s64_m64_qshuffle_fast,1,fp32_neighbor_reduction,14.2199993134,129,76.4739513397
regular128_reuse1,s64_m64_qshuffle_fast,1,partial_bf16_conversion,1.83153152466,129,76.4739513397
regular128_reuse1,s64_m64_qshuffle_fast,1,tile_load,0.611782073975,129,76.4739513397
regular128_reuse1,s64_m64_qshuffle_fast,1,tile_compute,1.34992599487,129,76.4739513397
regular128_reuse1,s64_m64_qshuffle_fast,1,tile_store,0.0462532043457,129,76.4739513397
regular128_reuse1,s64_m64_qshuffle_fast,1,output_scatter,0.172853469849,129,76.4739513397
regular128_reuse1,s64_m64_qshuffle_fast,1,thread_amx_setup,0.117301940918,129,76.4739513397
regular128_reuse1,s64_m64_qshuffle_fast,2,output_zero,0,129,75.6230354309
regular128_reuse1,s64_m64_qshuffle_fast,2,row_schedule,0.0708103179932,129,75.6230354309
regular128_reuse1,s64_m64_qshuffle_fast,2,partial_zero,0.0913143157959,129,75.6230354309
regular128_reuse1,s64_m64_qshuffle_fast,2,csr_prefetch,49.1404533386,129,75.6230354309
regular128_reuse1,s64_m64_qshuffle_fast,2,feature_gather_decode,35.8471870422,129,75.6230354309
regular128_reuse1,s64_m64_qshuffle_fast,2,fp32_neighbor_reduction,14.1611099243,129,75.6230354309
regular128_reuse1,s64_m64_qshuffle_fast,2,partial_bf16_conversion,1.85894966125,129,75.6230354309
regular128_reuse1,s64_m64_qshuffle_fast,2,tile_load,0.595808029175,129,75.6230354309
regular128_reuse1,s64_m64_qshuffle_fast,2,tile_compute,1.38068199158,129,75.6230354309
regular128_reuse1,s64_m64_qshuffle_fast,2,tile_store,0.0424385070801,129,75.6230354309
regular128_reuse1,s64_m64_qshuffle_fast,2,output_scatter,0.253438949585,129,75.6230354309
regular128_reuse1,s64_m64_qshuffle_fast,2,thread_amx_setup,0.0336170196533,129,75.6230354309
regular128_reuse1,s64_m64_qsource_fast,1,output_zero,0,129,121.096134186
regular128_reuse1,s64_m64_qsource_fast,1,row_schedule,0.0724792480469,129,121.096134186
regular128_reuse1,s64_m64_qsource_fast,1,partial_zero,0.0853538513184,129,121.096134186
regular128_reuse1,s64_m64_qsource_fast,1,csr_prefetch,49.2975711823,129,121.096134186
regular128_reuse1,s64_m64_qsource_fast,1,feature_gather_decode,35.5007648468,129,121.096134186
regular128_reuse1,s64_m64_qsource_fast,1,fp32_neighbor_reduction,13.7271881104,129,121.096134186
regular128_reuse1,s64_m64_qsource_fast,1,partial_bf16_conversion,1.84845924377,129,121.096134186
regular128_reuse1,s64_m64_qsource_fast,1,tile_load,0.660419464111,129,121.096134186
regular128_reuse1,s64_m64_qsource_fast,1,tile_compute,1.57690048218,129,121.096134186
regular128_reuse1,s64_m64_qsource_fast,1,tile_store,0.0560283660889,129,121.096134186
regular128_reuse1,s64_m64_qsource_fast,1,output_scatter,0.154495239258,129,121.096134186
regular128_reuse1,s64_m64_qsource_fast,1,thread_amx_setup,0.0498294830322,129,121.096134186
regular128_reuse1,s64_m64_qsource_fast,2,output_zero,0,129,120.317935944
regular128_reuse1,s64_m64_qsource_fast,2,row_schedule,0.0855922698975,129,120.317935944
regular128_reuse1,s64_m64_qsource_fast,2,partial_zero,0.0627040863037,129,120.317935944
regular128_reuse1,s64_m64_qsource_fast,2,csr_prefetch,49.0095615387,129,120.317935944
regular128_reuse1,s64_m64_qsource_fast,2,feature_gather_decode,35.6905460358,129,120.317935944
regular128_reuse1,s64_m64_qsource_fast,2,fp32_neighbor_reduction,14.1446590424,129,120.317935944
regular128_reuse1,s64_m64_qsource_fast,2,partial_bf16_conversion,1.84750556946,129,120.317935944
regular128_reuse1,s64_m64_qsource_fast,2,tile_load,0.487327575684,129,120.317935944
regular128_reuse1,s64_m64_qsource_fast,2,tile_compute,1.37972831726,129,120.317935944
regular128_reuse1,s64_m64_qsource_fast,2,tile_store,0.0636577606201,129,120.317935944
regular128_reuse1,s64_m64_qsource_fast,2,output_scatter,0.258445739746,129,120.317935944
regular128_reuse1,s64_m64_qsource_fast,2,thread_amx_setup,0.0333786010742,129,120.317935944
regular128_reuse1,s64_m64_qpage_fast,1,output_zero,0,129,121.565818787
regular128_reuse1,s64_m64_qpage_fast,1,row_schedule,0.0758171081543,129,121.565818787
regular128_reuse1,s64_m64_qpage_fast,1,partial_zero,0.0989437103271,129,121.565818787
regular128_reuse1,s64_m64_qpage_fast,1,csr_prefetch,49.3855476379,129,121.565818787
regular128_reuse1,s64_m64_qpage_fast,1,feature_gather_decode,35.5653762817,129,121.565818787
regular128_reuse1,s64_m64_qpage_fast,1,fp32_neighbor_reduction,14.0569210052,129,121.565818787
regular128_reuse1,s64_m64_qpage_fast,1,partial_bf16_conversion,1.84440612793,129,121.565818787
regular128_reuse1,s64_m64_qpage_fast,1,tile_load,0.505447387695,129,121.565818787
regular128_reuse1,s64_m64_qpage_fast,1,tile_compute,1.36375427246,129,121.565818787
regular128_reuse1,s64_m64_qpage_fast,1,tile_store,0.075101852417,129,121.565818787
regular128_reuse1,s64_m64_qpage_fast,1,output_scatter,0.153064727783,129,121.565818787
regular128_reuse1,s64_m64_qpage_fast,1,thread_amx_setup,0.0495910644531,129,121.565818787
regular128_reuse1,s64_m64_qpage_fast,2,output_zero,0,129,120.08690834
regular128_reuse1,s64_m64_qpage_fast,2,row_schedule,0.075101852417,129,120.08690834
regular128_reuse1,s64_m64_qpage_fast,2,partial_zero,0.0660419464111,129,120.08690834
regular128_reuse1,s64_m64_qpage_fast,2,csr_prefetch,49.289226532,129,120.08690834
regular128_reuse1,s64_m64_qpage_fast,2,feature_gather_decode,35.4359149933,129,120.08690834
regular128_reuse1,s64_m64_qpage_fast,2,fp32_neighbor_reduction,14.2569541931,129,120.08690834
regular128_reuse1,s64_m64_qpage_fast,2,partial_bf16_conversion,1.80888175964,129,120.08690834
regular128_reuse1,s64_m64_qpage_fast,2,tile_load,0.552892684937,129,120.08690834
regular128_reuse1,s64_m64_qpage_fast,2,tile_compute,1.40905380249,129,120.08690834
regular128_reuse1,s64_m64_qpage_fast,2,tile_store,0.0219345092773,129,120.08690834
regular128_reuse1,s64_m64_qpage_fast,2,output_scatter,0.256538391113,129,120.08690834
regular128_reuse1,s64_m64_qpage_fast,2,thread_amx_setup,0.0381469726562,129,120.08690834
regular128_reuse4,s64_mfull_degree_fast,1,output_zero,0,129,48.1181144714
regular128_reuse4,s64_mfull_degree_fast,1,row_schedule,0.06103515625,129,48.1181144714
regular128_reuse4,s64_mfull_degree_fast,1,partial_zero,0.0677108764648,129,48.1181144714
regular128_reuse4,s64_mfull_degree_fast,1,csr_prefetch,57.9686164856,129,48.1181144714
regular128_reuse4,s64_mfull_degree_fast,1,feature_gather_decode,40.1320457458,129,48.1181144714
regular128_reuse4,s64_mfull_degree_fast,1,fp32_neighbor_reduction,15.9194469452,129,48.1181144714
regular128_reuse4,s64_mfull_degree_fast,1,partial_bf16_conversion,1.02567672729,129,48.1181144714
regular128_reuse4,s64_mfull_degree_fast,1,tile_load,0.251054763794,129,48.1181144714
regular128_reuse4,s64_mfull_degree_fast,1,tile_compute,0.654220581055,129,48.1181144714
regular128_reuse4,s64_mfull_degree_fast,1,tile_store,0.0255107879639,129,48.1181144714
regular128_reuse4,s64_mfull_degree_fast,1,output_scatter,0.141620635986,129,48.1181144714
regular128_reuse4,s64_mfull_degree_fast,1,thread_amx_setup,0.0460147857666,129,48.1181144714
regular128_reuse4,s64_mfull_degree_fast,2,output_zero,0,129,47.5568771362
regular128_reuse4,s64_mfull_degree_fast,2,row_schedule,0.0553131103516,129,47.5568771362
regular128_reuse4,s64_mfull_degree_fast,2,partial_zero,0.0615119934082,129,47.5568771362
regular128_reuse4,s64_mfull_degree_fast,2,csr_prefetch,55.3212165833,129,47.5568771362
regular128_reuse4,s64_mfull_degree_fast,2,feature_gather_decode,39.8044586182,129,47.5568771362
regular128_reuse4,s64_mfull_degree_fast,2,fp32_neighbor_reduction,15.7794952393,129,47.5568771362
regular128_reuse4,s64_mfull_degree_fast,2,partial_bf16_conversion,1.01494789124,129,47.5568771362
regular128_reuse4,s64_mfull_degree_fast,2,tile_load,0.272274017334,129,47.5568771362
regular128_reuse4,s64_mfull_degree_fast,2,tile_compute,0.610113143921,129,47.5568771362
regular128_reuse4,s64_mfull_degree_fast,2,tile_store,0.0214576721191,129,47.5568771362
regular128_reuse4,s64_mfull_degree_fast,2,output_scatter,0.269174575806,129,47.5568771362
regular128_reuse4,s64_mfull_degree_fast,2,thread_amx_setup,0.0383853912354,129,47.5568771362
regular128_reuse4,s64_mfull_qshuffle_fast,1,output_zero,0,129,42.1230792999
regular128_reuse4,s64_mfull_qshuffle_fast,1,row_schedule,0.0748634338379,129,42.1230792999
regular128_reuse4,s64_mfull_qshuffle_fast,1,partial_zero,0.0765323638916,129,42.1230792999
regular128_reuse4,s64_mfull_qshuffle_fast,1,csr_prefetch,52.2193908691,129,42.1230792999
regular128_reuse4,s64_mfull_qshuffle_fast,1,feature_gather_decode,37.8239154816,129,42.1230792999
regular128_reuse4,s64_mfull_qshuffle_fast,1,fp32_neighbor_reduction,14.6491527557,129,42.1230792999
regular128_reuse4,s64_mfull_qshuffle_fast,1,partial_bf16_conversion,1.00016593933,129,42.1230792999
regular128_reuse4,s64_mfull_qshuffle_fast,1,tile_load,0.30779838562,129,42.1230792999
regular128_reuse4,s64_mfull_qshuffle_fast,1,tile_compute,0.783920288086,129,42.1230792999
regular128_reuse4,s64_mfull_qshuffle_fast,1,tile_store,0.0197887420654,129,42.1230792999
regular128_reuse4,s64_mfull_qshuffle_fast,1,output_scatter,0.186920166016,129,42.1230792999
regular128_reuse4,s64_mfull_qshuffle_fast,1,thread_amx_setup,0.0400543212891,129,42.1230792999
regular128_reuse4,s64_mfull_qshuffle_fast,2,output_zero,0,129,41.1159992218
regular128_reuse4,s64_mfull_qshuffle_fast,2,row_schedule,0.0982284545898,129,41.1159992218
regular128_reuse4,s64_mfull_qshuffle_fast,2,partial_zero,0.0643730163574,129,41.1159992218
regular128_reuse4,s64_mfull_qshuffle_fast,2,csr_prefetch,52.1535873413,129,41.1159992218
regular128_reuse4,s64_mfull_qshuffle_fast,2,feature_gather_decode,37.4376773834,129,41.1159992218
regular128_reuse4,s64_mfull_qshuffle_fast,2,fp32_neighbor_reduction,14.9037837982,129,41.1159992218
regular128_reuse4,s64_mfull_qshuffle_fast,2,partial_bf16_conversion,1.02114677429,129,41.1159992218
regular128_reuse4,s64_mfull_qshuffle_fast,2,tile_load,0.326633453369,129,41.1159992218
regular128_reuse4,s64_mfull_qshuffle_fast,2,tile_compute,0.810623168945,129,41.1159992218
regular128_reuse4,s64_mfull_qshuffle_fast,2,tile_store,0.0185966491699,129,41.1159992218
regular128_reuse4,s64_mfull_qshuffle_fast,2,output_scatter,0.27871131897,129,41.1159992218
regular128_reuse4,s64_mfull_qshuffle_fast,2,thread_amx_setup,0.0417232513428,129,41.1159992218
regular128_reuse4,s64_mfull_qsource_fast,1,output_zero,0.000953674316406,129,48.9439964294
regular128_reuse4,s64_mfull_qsource_fast,1,row_schedule,0.0765323638916,129,48.9439964294
regular128_reuse4,s64_mfull_qsource_fast,1,partial_zero,0.0641345977783,129,48.9439964294
regular128_reuse4,s64_mfull_qsource_fast,1,csr_prefetch,55.4659366608,129,48.9439964294
regular128_reuse4,s64_mfull_qsource_fast,1,feature_gather_decode,39.5662784576,129,48.9439964294
regular128_reuse4,s64_mfull_qsource_fast,1,fp32_neighbor_reduction,15.7606601715,129,48.9439964294
regular128_reuse4,s64_mfull_qsource_fast,1,partial_bf16_conversion,1.03259086609,129,48.9439964294
regular128_reuse4,s64_mfull_qsource_fast,1,tile_load,0.299215316772,129,48.9439964294
regular128_reuse4,s64_mfull_qsource_fast,1,tile_compute,0.706672668457,129,48.9439964294
regular128_reuse4,s64_mfull_qsource_fast,1,tile_store,0.0298023223877,129,48.9439964294
regular128_reuse4,s64_mfull_qsource_fast,1,output_scatter,0.146389007568,129,48.9439964294
regular128_reuse4,s64_mfull_qsource_fast,1,thread_amx_setup,0.0436305999756,129,48.9439964294
regular128_reuse4,s64_mfull_qsource_fast,2,output_zero,0,129,48.3641624451
regular128_reuse4,s64_mfull_qsource_fast,2,row_schedule,0.0708103179932,129,48.3641624451
regular128_reuse4,s64_mfull_qsource_fast,2,partial_zero,0.0722408294678,129,48.3641624451
regular128_reuse4,s64_mfull_qsource_fast,2,csr_prefetch,55.2492141724,129,48.3641624451
regular128_reuse4,s64_mfull_qsource_fast,2,feature_gather_decode,39.4642353058,129,48.3641624451
regular128_reuse4,s64_mfull_qsource_fast,2,fp32_neighbor_reduction,15.6109333038,129,48.3641624451
regular128_reuse4,s64_mfull_qsource_fast,2,partial_bf16_conversion,1.02496147156,129,48.3641624451
regular128_reuse4,s64_mfull_qsource_fast,2,tile_load,0.277996063232,129,48.3641624451
regular128_reuse4,s64_mfull_qsource_fast,2,tile_compute,0.670433044434,129,48.3641624451
regular128_reuse4,s64_mfull_qsource_fast,2,tile_store,0.0238418579102,129,48.3641624451
regular128_reuse4,s64_mfull_qsource_fast,2,output_scatter,0.27322769165,129,48.3641624451
regular128_reuse4,s64_mfull_qsource_fast,2,thread_amx_setup,0.0367164611816,129,48.3641624451
regular128_reuse4,s64_mfull_qpage_fast,1,output_zero,0,129,49.0131378174
regular128_reuse4,s64_mfull_qpage_fast,1,row_schedule,0.0579357147217,129,49.0131378174
regular128_reuse4,s64_mfull_qpage_fast,1,partial_zero,0.0762939453125,129,49.0131378174
regular128_reuse4,s64_mfull_qpage_fast,1,csr_prefetch,55.0158023834,129,49.0131378174
regular128_reuse4,s64_mfull_qpage_fast,1,feature_gather_decode,39.5131111145,129,49.0131378174
regular128_reuse4,s64_mfull_qpage_fast,1,fp32_neighbor_reduction,15.7196521759,129,49.0131378174
regular128_reuse4,s64_mfull_qpage_fast,1,partial_bf16_conversion,1.01685523987,129,49.0131378174
regular128_reuse4,s64_mfull_qpage_fast,1,tile_load,0.262260437012,129,49.0131378174
regular128_reuse4,s64_mfull_qpage_fast,1,tile_compute,0.667333602905,129,49.0131378174
regular128_reuse4,s64_mfull_qpage_fast,1,tile_store,0.0262260437012,129,49.0131378174
regular128_reuse4,s64_mfull_qpage_fast,1,output_scatter,0.14853477478,129,49.0131378174
regular128_reuse4,s64_mfull_qpage_fast,1,thread_amx_setup,0.0438690185547,129,49.0131378174
regular128_reuse4,s64_mfull_qpage_fast,2,output_zero,0,129,48.4328269958
regular128_reuse4,s64_mfull_qpage_fast,2,row_schedule,0.0691413879395,129,48.4328269958
regular128_reuse4,s64_mfull_qpage_fast,2,partial_zero,0.0452995300293,129,48.4328269958
regular128_reuse4,s64_mfull_qpage_fast,2,csr_prefetch,55.376291275,129,48.4328269958
regular128_reuse4,s64_mfull_qpage_fast,2,feature_gather_decode,39.498090744,129,48.4328269958
regular128_reuse4,s64_mfull_qpage_fast,2,fp32_neighbor_reduction,15.6145095825,129,48.4328269958
regular128_reuse4,s64_mfull_qpage_fast,2,partial_bf16_conversion,1.02114677429,129,48.4328269958
regular128_reuse4,s64_mfull_qpage_fast,2,tile_load,0.250101089478,129,48.4328269958
regular128_reuse4,s64_mfull_qpage_fast,2,tile_compute,0.674486160278,129,48.4328269958
regular128_reuse4,s64_mfull_qpage_fast,2,tile_store,0.0255107879639,129,48.4328269958
regular128_reuse4,s64_mfull_qpage_fast,2,output_scatter,0.264406204224,129,48.4328269958
regular128_reuse4,s64_mfull_qpage_fast,2,thread_amx_setup,0.051736831665,129,48.4328269958
regular128_reuse4,s64_m64_degree_fast,1,output_zero,0,129,49.7579574585
regular128_reuse4,s64_m64_degree_fast,1,row_schedule,0.0598430633545,129,49.7579574585
regular128_reuse4,s64_m64_degree_fast,1,partial_zero,0.0946521759033,129,49.7579574585
regular128_reuse4,s64_m64_degree_fast,1,csr_prefetch,55.9301376343,129,49.7579574585
regular128_reuse4,s64_m64_degree_fast,1,feature_gather_decode,40.2677059174,129,49.7579574585
regular128_reuse4,s64_m64_degree_fast,1,fp32_neighbor_reduction,15.9568786621,129,49.7579574585
regular128_reuse4,s64_m64_degree_fast,1,partial_bf16_conversion,2.07161903381,129,49.7579574585
regular128_reuse4,s64_m64_degree_fast,1,tile_load,0.545740127563,129,49.7579574585
regular128_reuse4,s64_m64_degree_fast,1,tile_compute,1.08242034912,129,49.7579574585
regular128_reuse4,s64_m64_degree_fast,1,tile_store,0.0410079956055,129,49.7579574585
regular128_reuse4,s64_m64_degree_fast,1,output_scatter,0.151872634888,129,49.7579574585
regular128_reuse4,s64_m64_degree_fast,1,thread_amx_setup,0.0381469726562,129,49.7579574585
regular128_reuse4,s64_m64_degree_fast,2,output_zero,0,129,49.2849349976
regular128_reuse4,s64_m64_degree_fast,2,row_schedule,0.0576972961426,129,49.2849349976
regular128_reuse4,s64_m64_degree_fast,2,partial_zero,0.104427337646,129,49.2849349976
regular128_reuse4,s64_m64_degree_fast,2,csr_prefetch,55.965423584,129,49.2849349976
regular128_reuse4,s64_m64_degree_fast,2,feature_gather_decode,40.2886867523,129,49.2849349976
regular128_reuse4,s64_m64_degree_fast,2,fp32_neighbor_reduction,15.8841609955,129,49.2849349976
regular128_reuse4,s64_m64_degree_fast,2,partial_bf16_conversion,2.0751953125,129,49.2849349976
regular128_reuse4,s64_m64_degree_fast,2,tile_load,0.531673431396,129,49.2849349976
regular128_reuse4,s64_m64_degree_fast,2,tile_compute,1.08861923218,129,49.2849349976
regular128_reuse4,s64_m64_degree_fast,2,tile_store,0.0615119934082,129,49.2849349976
regular128_reuse4,s64_m64_degree_fast,2,output_scatter,0.268936157227,129,49.2849349976
regular128_reuse4,s64_m64_degree_fast,2,thread_amx_setup,0.0362396240234,129,49.2849349976
regular128_reuse4,s64_m64_qshuffle_fast,1,output_zero,0,129,43.2858467102
regular128_reuse4,s64_m64_qshuffle_fast,1,row_schedule,0.0743865966797,129,43.2858467102
regular128_reuse4,s64_m64_qshuffle_fast,1,partial_zero,0.096321105957,129,43.2858467102
regular128_reuse4,s64_m64_qshuffle_fast,1,csr_prefetch,51.1140823364,129,43.2858467102
regular128_reuse4,s64_m64_qshuffle_fast,1,feature_gather_decode,37.6620292664,129,43.2858467102
regular128_reuse4,s64_m64_qshuffle_fast,1,fp32_neighbor_reduction,14.6083831787,129,43.2858467102
regular128_reuse4,s64_m64_qshuffle_fast,1,partial_bf16_conversion,1.98864936829,129,43.2858467102
regular128_reuse4,s64_m64_qshuffle_fast,1,tile_load,0.603437423706,129,43.2858467102
regular128_reuse4,s64_m64_qshuffle_fast,1,tile_compute,1.47557258606,129,43.2858467102
regular128_reuse4,s64_m64_qshuffle_fast,1,tile_store,0.0402927398682,129,43.2858467102
regular128_reuse4,s64_m64_qshuffle_fast,1,output_scatter,0.181913375854,129,43.2858467102
regular128_reuse4,s64_m64_qshuffle_fast,1,thread_amx_setup,0.0393390655518,129,43.2858467102
regular128_reuse4,s64_m64_qshuffle_fast,2,output_zero,0,129,42.4768924713
regular128_reuse4,s64_m64_qshuffle_fast,2,row_schedule,0.065803527832,129,42.4768924713
regular128_reuse4,s64_m64_qshuffle_fast,2,partial_zero,0.0982284545898,129,42.4768924713
regular128_reuse4,s64_m64_qshuffle_fast,2,csr_prefetch,51.0234832764,129,42.4768924713
regular128_reuse4,s64_m64_qshuffle_fast,2,feature_gather_decode,38.5391712189,129,42.4768924713
regular128_reuse4,s64_m64_qshuffle_fast,2,fp32_neighbor_reduction,14.7314071655,129,42.4768924713
regular128_reuse4,s64_m64_qshuffle_fast,2,partial_bf16_conversion,2.00080871582,129,42.4768924713
regular128_reuse4,s64_m64_qshuffle_fast,2,tile_load,0.568628311157,129,42.4768924713
regular128_reuse4,s64_m64_qshuffle_fast,2,tile_compute,1.51777267456,129,42.4768924713
regular128_reuse4,s64_m64_qshuffle_fast,2,tile_store,0.0343322753906,129,42.4768924713
regular128_reuse4,s64_m64_qshuffle_fast,2,output_scatter,0.263690948486,129,42.4768924713
regular128_reuse4,s64_m64_qshuffle_fast,2,thread_amx_setup,0.046968460083,129,42.4768924713
regular128_reuse4,s64_m64_qsource_fast,1,output_zero,0,129,50.8608818054
regular128_reuse4,s64_m64_qsource_fast,1,row_schedule,0.0588893890381,129,50.8608818054
regular128_reuse4,s64_m64_qsource_fast,1,partial_zero,0.100612640381,129,50.8608818054
regular128_reuse4,s64_m64_qsource_fast,1,csr_prefetch,55.3159713745,129,50.8608818054
regular128_reuse4,s64_m64_qsource_fast,1,feature_gather_decode,39.4341945648,129,50.8608818054
regular128_reuse4,s64_m64_qsource_fast,1,fp32_neighbor_reduction,15.8319473267,129,50.8608818054
regular128_reuse4,s64_m64_qsource_fast,1,partial_bf16_conversion,2.02226638794,129,50.8608818054
regular128_reuse4,s64_m64_qsource_fast,1,tile_load,0.530242919922,129,50.8608818054
regular128_reuse4,s64_m64_qsource_fast,1,tile_compute,1.13487243652,129,50.8608818054
regular128_reuse4,s64_m64_qsource_fast,1,tile_store,0.0464916229248,129,50.8608818054
regular128_reuse4,s64_m64_qsource_fast,1,output_scatter,0.148057937622,129,50.8608818054
regular128_reuse4,s64_m64_qsource_fast,1,thread_amx_setup,0.0526905059814,129,50.8608818054
regular128_reuse4,s64_m64_qsource_fast,2,output_zero,0,129,50.1010417938
regular128_reuse4,s64_m64_qsource_fast,2,row_schedule,0.0593662261963,129,50.1010417938
regular128_reuse4,s64_m64_qsource_fast,2,partial_zero,0.098705291748,129,50.1010417938
regular128_reuse4,s64_m64_qsource_fast,2,csr_prefetch,55.8636188507,129,50.1010417938
regular128_reuse4,s64_m64_qsource_fast,2,feature_gather_decode,40.30418396,129,50.1010417938
regular128_reuse4,s64_m64_qsource_fast,2,fp32_neighbor_reduction,16.1347389221,129,50.1010417938
regular128_reuse4,s64_m64_qsource_fast,2,partial_bf16_conversion,2.06971168518,129,50.1010417938
regular128_reuse4,s64_m64_qsource_fast,2,tile_load,0.530242919922,129,50.1010417938
regular128_reuse4,s64_m64_qsource_fast,2,tile_compute,1.10125541687,129,50.1010417938
regular128_reuse4,s64_m64_qsource_fast,2,tile_store,0.0498294830322,129,50.1010417938
regular128_reuse4,s64_m64_qsource_fast,2,output_scatter,0.275373458862,129,50.1010417938
regular128_reuse4,s64_m64_qsource_fast,2,thread_amx_setup,0.0429153442383,129,50.1010417938
regular128_reuse4,s64_m64_qpage_fast,1,output_zero,0,129,50.6989955902
regular128_reuse4,s64_m64_qpage_fast,1,row_schedule,0.068187713623,129,50.6989955902
regular128_reuse4,s64_m64_qpage_fast,1,partial_zero,0.0996589660645,129,50.6989955902
regular128_reuse4,s64_m64_qpage_fast,1,csr_prefetch,55.4883480072,129,50.6989955902
regular128_reuse4,s64_m64_qpage_fast,1,feature_gather_decode,40.1344299316,129,50.6989955902
regular128_reuse4,s64_m64_qpage_fast,1,fp32_neighbor_reduction,15.921831131,129,50.6989955902
regular128_reuse4,s64_m64_qpage_fast,1,partial_bf16_conversion,2.07781791687,129,50.6989955902
regular128_reuse4,s64_m64_qpage_fast,1,tile_load,0.523090362549,129,50.6989955902
regular128_reuse4,s64_m64_qpage_fast,1,tile_compute,1.15323066711,129,50.6989955902
regular128_reuse4,s64_m64_qpage_fast,1,tile_store,0.0367164611816,129,50.6989955902
regular128_reuse4,s64_m64_qpage_fast,1,output_scatter,0.155210494995,129,50.6989955902
regular128_reuse4,s64_m64_qpage_fast,1,thread_amx_setup,0.0395774841309,129,50.6989955902
regular128_reuse4,s64_m64_qpage_fast,2,output_zero,0,129,50.0152111053
regular128_reuse4,s64_m64_qpage_fast,2,row_schedule,0.0746250152588,129,50.0152111053
regular128_reuse4,s64_m64_qpage_fast,2,partial_zero,0.0913143157959,129,50.0152111053
regular128_reuse4,s64_m64_qpage_fast,2,csr_prefetch,55.70936203,129,50.0152111053
regular128_reuse4,s64_m64_qpage_fast,2,feature_gather_decode,40.3485298157,129,50.0152111053
regular128_reuse4,s64_m64_qpage_fast,2,fp32_neighbor_reduction,15.8729553223,129,50.0152111053
regular128_reuse4,s64_m64_qpage_fast,2,partial_bf16_conversion,2.07614898682,129,50.0152111053
regular128_reuse4,s64_m64_qpage_fast,2,tile_load,0.564098358154,129,50.0152111053
regular128_reuse4,s64_m64_qpage_fast,2,tile_compute,1.23763084412,129,50.0152111053
regular128_reuse4,s64_m64_qpage_fast,2,tile_store,0.044584274292,129,50.0152111053
regular128_reuse4,s64_m64_qpage_fast,2,output_scatter,0.266551971436,129,50.0152111053
regular128_reuse4,s64_m64_qpage_fast,2,thread_amx_setup,0.0395774841309,129,50.0152111053
regular128_reuse16,s64_mfull_degree_fast,1,output_zero,0,129,31.0111045837
regular128_reuse16,s64_mfull_degree_fast,1,row_schedule,0.0488758087158,129,31.0111045837
regular128_reuse16,s64_mfull_degree_fast,1,partial_zero,0.0820159912109,129,31.0111045837
regular128_reuse16,s64_mfull_degree_fast,1,csr_prefetch,58.6907863617,129,31.0111045837
regular128_reuse16,s64_mfull_degree_fast,1,feature_gather_decode,37.9462242126,129,31.0111045837
regular128_reuse16,s64_mfull_degree_fast,1,fp32_neighbor_reduction,15.3651237488,129,31.0111045837
regular128_reuse16,s64_mfull_degree_fast,1,partial_bf16_conversion,0.983715057373,129,31.0111045837
regular128_reuse16,s64_mfull_degree_fast,1,tile_load,0.268936157227,129,31.0111045837
regular128_reuse16,s64_mfull_degree_fast,1,tile_compute,0.659704208374,129,31.0111045837
regular128_reuse16,s64_mfull_degree_fast,1,tile_store,0.0216960906982,129,31.0111045837
regular128_reuse16,s64_mfull_degree_fast,1,output_scatter,0.133275985718,129,31.0111045837
regular128_reuse16,s64_mfull_degree_fast,1,thread_amx_setup,0.042200088501,129,31.0111045837
regular128_reuse16,s64_mfull_degree_fast,2,output_zero,0,129,30.403137207
regular128_reuse16,s64_mfull_degree_fast,2,row_schedule,0.0600814819336,129,30.403137207
regular128_reuse16,s64_mfull_degree_fast,2,partial_zero,0.051736831665,129,30.403137207
regular128_reuse16,s64_mfull_degree_fast,2,csr_prefetch,53.4262657166,129,30.403137207
regular128_reuse16,s64_mfull_degree_fast,2,feature_gather_decode,38.4197235107,129,30.403137207
regular128_reuse16,s64_mfull_degree_fast,2,fp32_neighbor_reduction,15.2678489685,129,30.403137207
regular128_reuse16,s64_mfull_degree_fast,2,partial_bf16_conversion,1.00612640381,129,30.403137207
regular128_reuse16,s64_mfull_degree_fast,2,tile_load,0.282049179077,129,30.403137207
regular128_reuse16,s64_mfull_degree_fast,2,tile_compute,0.639915466309,129,30.403137207
regular128_reuse16,s64_mfull_degree_fast,2,tile_store,0.0209808349609,129,30.403137207
regular128_reuse16,s64_mfull_degree_fast,2,output_scatter,0.259399414062,129,30.403137207
regular128_reuse16,s64_mfull_degree_fast,2,thread_amx_setup,0.0441074371338,129,30.403137207
regular128_reuse16,s64_mfull_qshuffle_fast,1,output_zero,0,129,40.1480197906
regular128_reuse16,s64_mfull_qshuffle_fast,1,row_schedule,0.0672340393066,129,40.1480197906
regular128_reuse16,s64_mfull_qshuffle_fast,1,partial_zero,0.063419342041,129,40.1480197906
regular128_reuse16,s64_mfull_qshuffle_fast,1,csr_prefetch,51.4302253723,129,40.1480197906
regular128_reuse16,s64_mfull_qshuffle_fast,1,feature_gather_decode,38.0010604858,129,40.1480197906
regular128_reuse16,s64_mfull_qshuffle_fast,1,fp32_neighbor_reduction,14.8177146912,129,40.1480197906
regular128_reuse16,s64_mfull_qshuffle_fast,1,partial_bf16_conversion,0.983238220215,129,40.1480197906
regular128_reuse16,s64_mfull_qshuffle_fast,1,tile_load,0.311613082886,129,40.1480197906
regular128_reuse16,s64_mfull_qshuffle_fast,1,tile_compute,0.716209411621,129,40.1480197906
regular128_reuse16,s64_mfull_qshuffle_fast,1,tile_store,0.0209808349609,129,40.1480197906
regular128_reuse16,s64_mfull_qshuffle_fast,1,output_scatter,0.17523765564,129,40.1480197906
regular128_reuse16,s64_mfull_qshuffle_fast,1,thread_amx_setup,0.0393390655518,129,40.1480197906
regular128_reuse16,s64_mfull_qshuffle_fast,2,output_zero,0,129,39.1418933868
regular128_reuse16,s64_mfull_qshuffle_fast,2,row_schedule,0.077486038208,129,39.1418933868
regular128_reuse16,s64_mfull_qshuffle_fast,2,partial_zero,0.0669956207275,129,39.1418933868
regular128_reuse16,s64_mfull_qshuffle_fast,2,csr_prefetch,51.5737533569,129,39.1418933868
regular128_reuse16,s64_mfull_qshuffle_fast,2,feature_gather_decode,37.8985404968,129,39.1418933868
regular128_reuse16,s64_mfull_qshuffle_fast,2,fp32_neighbor_reduction,14.9931907654,129,39.1418933868
regular128_reuse16,s64_mfull_qshuffle_fast,2,partial_bf16_conversion,0.990629196167,129,39.1418933868
regular128_reuse16,s64_mfull_qshuffle_fast,2,tile_load,0.278949737549,129,39.1418933868
regular128_reuse16,s64_mfull_qshuffle_fast,2,tile_compute,0.753402709961,129,39.1418933868
regular128_reuse16,s64_mfull_qshuffle_fast,2,tile_store,0.0202655792236,129,39.1418933868
regular128_reuse16,s64_mfull_qshuffle_fast,2,output_scatter,0.260353088379,129,39.1418933868
regular128_reuse16,s64_mfull_qshuffle_fast,2,thread_amx_setup,0.0455379486084,129,39.1418933868
regular128_reuse16,s64_mfull_qsource_fast,1,output_zero,0,129,30.8640003204
regular128_reuse16,s64_mfull_qsource_fast,1,row_schedule,0.0455379486084,129,30.8640003204
regular128_reuse16,s64_mfull_qsource_fast,1,partial_zero,0.0712871551514,129,30.8640003204
regular128_reuse16,s64_mfull_qsource_fast,1,csr_prefetch,53.7011623383,129,30.8640003204
regular128_reuse16,s64_mfull_qsource_fast,1,feature_gather_decode,38.2795333862,129,30.8640003204
regular128_reuse16,s64_mfull_qsource_fast,1,fp32_neighbor_reduction,15.1884555817,129,30.8640003204
regular128_reuse16,s64_mfull_qsource_fast,1,partial_bf16_conversion,0.986337661743,129,30.8640003204
regular128_reuse16,s64_mfull_qsource_fast,1,tile_load,0.253677368164,129,30.8640003204
regular128_reuse16,s64_mfull_qsource_fast,1,tile_compute,0.686407089233,129,30.8640003204
regular128_reuse16,s64_mfull_qsource_fast,1,tile_store,0.0247955322266,129,30.8640003204
regular128_reuse16,s64_mfull_qsource_fast,1,output_scatter,0.143527984619,129,30.8640003204
regular128_reuse16,s64_mfull_qsource_fast,1,thread_amx_setup,0.0412464141846,129,30.8640003204
regular128_reuse16,s64_mfull_qsource_fast,2,output_zero,0.000953674316406,129,30.5371284485
regular128_reuse16,s64_mfull_qsource_fast,2,row_schedule,0.049352645874,129,30.5371284485
regular128_reuse16,s64_mfull_qsource_fast,2,partial_zero,0.0801086425781,129,30.5371284485
regular128_reuse16,s64_mfull_qsource_fast,2,csr_prefetch,53.4110069275,129,30.5371284485
regular128_reuse16,s64_mfull_qsource_fast,2,feature_gather_decode,38.4142398834,129,30.5371284485
regular128_reuse16,s64_mfull_qsource_fast,2,fp32_neighbor_reduction,15.331029892,129,30.5371284485
regular128_reuse16,s64_mfull_qsource_fast,2,partial_bf16_conversion,0.983715057373,129,30.5371284485
regular128_reuse16,s64_mfull_qsource_fast,2,tile_load,0.2601146698,129,30.5371284485
regular128_reuse16,s64_mfull_qsource_fast,2,tile_compute,0.692367553711,129,30.5371284485
regular128_reuse16,s64_mfull_qsource_fast,2,tile_store,0.035285949707,129,30.5371284485
regular128_reuse16,s64_mfull_qsource_fast,2,output_scatter,0.258445739746,129,30.5371284485
regular128_reuse16,s64_mfull_qsource_fast,2,thread_amx_setup,0.0362396240234,129,30.5371284485
regular128_reuse16,s64_mfull_qpage_fast,1,output_zero,0,129,30.9028625488
regular128_reuse16,s64_mfull_qpage_fast,1,row_schedule,0.058650970459,129,30.9028625488
regular128_reuse16,s64_mfull_qpage_fast,1,partial_zero,0.0791549682617,129,30.9028625488
regular128_reuse16,s64_mfull_qpage_fast,1,csr_prefetch,53.4195899963,129,30.9028625488
regular128_reuse16,s64_mfull_qpage_fast,1,feature_gather_decode,38.3770465851,129,30.9028625488
regular128_reuse16,s64_mfull_qpage_fast,1,fp32_neighbor_reduction,15.2039527893,129,30.9028625488
regular128_reuse16,s64_mfull_qpage_fast,1,partial_bf16_conversion,0.9765625,129,30.9028625488
regular128_reuse16,s64_mfull_qpage_fast,1,tile_load,0.253915786743,129,30.9028625488
regular128_reuse16,s64_mfull_qpage_fast,1,tile_compute,0.678062438965,129,30.9028625488
regular128_reuse16,s64_mfull_qpage_fast,1,tile_store,0.0195503234863,129,30.9028625488
regular128_reuse16,s64_mfull_qpage_fast,1,output_scatter,0.135660171509,129,30.9028625488
regular128_reuse16,s64_mfull_qpage_fast,1,thread_amx_setup,0.0374317169189,129,30.9028625488
regular128_reuse16,s64_mfull_qpage_fast,2,output_zero,0,129,30.49492836
regular128_reuse16,s64_mfull_qpage_fast,2,row_schedule,0.0619888305664,129,30.49492836
regular128_reuse16,s64_mfull_qpage_fast,2,partial_zero,0.0503063201904,129,30.49492836
regular128_reuse16,s64_mfull_qpage_fast,2,csr_prefetch,53.4090995789,129,30.49492836
regular128_reuse16,s64_mfull_qpage_fast,2,feature_gather_decode,38.7873649597,129,30.49492836
regular128_reuse16,s64_mfull_qpage_fast,2,fp32_neighbor_reduction,14.8105621338,129,30.49492836
regular128_reuse16,s64_mfull_qpage_fast,2,partial_bf16_conversion,0.994682312012,129,30.49492836
regular128_reuse16,s64_mfull_qpage_fast,2,tile_load,0.266313552856,129,30.49492836
regular128_reuse16,s64_mfull_qpage_fast,2,tile_compute,0.694274902344,129,30.49492836
regular128_reuse16,s64_mfull_qpage_fast,2,tile_store,0.0271797180176,129,30.49492836
regular128_reuse16,s64_mfull_qpage_fast,2,output_scatter,0.254154205322,129,30.49492836
regular128_reuse16,s64_mfull_qpage_fast,2,thread_amx_setup,0.0438690185547,129,30.49492836
regular128_reuse16,s64_m64_degree_fast,1,output_zero,0,129,31.8779945374
regular128_reuse16,s64_m64_degree_fast,1,row_schedule,0.0436305999756,129,31.8779945374
regular128_reuse16,s64_m64_degree_fast,1,partial_zero,0.105142593384,129,31.8779945374
regular128_reuse16,s64_m64_degree_fast,1,csr_prefetch,53.7514686584,129,31.8779945374
regular128_reuse16,s64_m64_degree_fast,1,feature_gather_decode,38.4740829468,129,31.8779945374
regular128_reuse16,s64_m64_degree_fast,1,fp32_neighbor_reduction,15.1309967041,129,31.8779945374
regular128_reuse16,s64_m64_degree_fast,1,partial_bf16_conversion,2.08592414856,129,31.8779945374
regular128_reuse16,s64_m64_degree_fast,1,tile_load,0.579118728638,129,31.8779945374
regular128_reuse16,s64_m64_degree_fast,1,tile_compute,1.40357017517,129,31.8779945374
regular128_reuse16,s64_m64_degree_fast,1,tile_store,0.0507831573486,129,31.8779945374
regular128_reuse16,s64_m64_degree_fast,1,output_scatter,0.144720077515,129,31.8779945374
regular128_reuse16,s64_m64_degree_fast,1,thread_amx_setup,0.0662803649902,129,31.8779945374
regular128_reuse16,s64_m64_degree_fast,2,output_zero,0,129,31.5139293671
regular128_reuse16,s64_m64_degree_fast,2,row_schedule,0.0572204589844,129,31.5139293671
regular128_reuse16,s64_m64_degree_fast,2,partial_zero,0.0946521759033,129,31.5139293671
regular128_reuse16,s64_m64_degree_fast,2,csr_prefetch,53.5976886749,129,31.5139293671
regular128_reuse16,s64_m64_degree_fast,2,feature_gather_decode,38.1371974945,129,31.5139293671
regular128_reuse16,s64_m64_degree_fast,2,fp32_neighbor_reduction,15.4099464417,129,31.5139293671
regular128_reuse16,s64_m64_degree_fast,2,partial_bf16_conversion,2.07877159119,129,31.5139293671
regular128_reuse16,s64_m64_degree_fast,2,tile_load,0.549554824829,129,31.5139293671
regular128_reuse16,s64_m64_degree_fast,2,tile_compute,1.51181221008,129,31.5139293671
regular128_reuse16,s64_m64_degree_fast,2,tile_store,0.0367164611816,129,31.5139293671
regular128_reuse16,s64_m64_degree_fast,2,output_scatter,0.261068344116,129,31.5139293671
regular128_reuse16,s64_m64_degree_fast,2,thread_amx_setup,0.0402927398682,129,31.5139293671
regular128_reuse16,s64_m64_qshuffle_fast,1,output_zero,0,129,41.7559146881
regular128_reuse16,s64_m64_qshuffle_fast,1,row_schedule,0.0824928283691,129,41.7559146881
regular128_reuse16,s64_m64_qshuffle_fast,1,partial_zero,0.10347366333,129,41.7559146881
regular128_reuse16,s64_m64_qshuffle_fast,1,csr_prefetch,51.9232749939,129,41.7559146881
regular128_reuse16,s64_m64_qshuffle_fast,1,feature_gather_decode,38.1481647491,129,41.7559146881
regular128_reuse16,s64_m64_qshuffle_fast,1,fp32_neighbor_reduction,14.8000717163,129,41.7559146881
regular128_reuse16,s64_m64_qshuffle_fast,1,partial_bf16_conversion,2.07734107971,129,41.7559146881
regular128_reuse16,s64_m64_qshuffle_fast,1,tile_load,0.590801239014,129,41.7559146881
regular128_reuse16,s64_m64_qshuffle_fast,1,tile_compute,1.55830383301,129,41.7559146881
regular128_reuse16,s64_m64_qshuffle_fast,1,tile_store,0.0348091125488,129,41.7559146881
regular128_reuse16,s64_m64_qshuffle_fast,1,output_scatter,0.170469284058,129,41.7559146881
regular128_reuse16,s64_m64_qshuffle_fast,1,thread_amx_setup,0.0448226928711,129,41.7559146881
regular128_reuse16,s64_m64_qshuffle_fast,2,output_zero,0,129,40.7319068909
regular128_reuse16,s64_m64_qshuffle_fast,2,row_schedule,0.0641345977783,129,40.7319068909
regular128_reuse16,s64_m64_qshuffle_fast,2,partial_zero,0.0824928283691,129,40.7319068909
regular128_reuse16,s64_m64_qshuffle_fast,2,csr_prefetch,51.5887737274,129,40.7319068909
regular128_reuse16,s64_m64_qshuffle_fast,2,feature_gather_decode,38.3858680725,129,40.7319068909
regular128_reuse16,s64_m64_qshuffle_fast,2,fp32_neighbor_reduction,15.1474475861,129,40.7319068909
regular128_reuse16,s64_m64_qshuffle_fast,2,partial_bf16_conversion,2.06136703491,129,40.7319068909
regular128_reuse16,s64_m64_qshuffle_fast,2,tile_load,0.586986541748,129,40.7319068909
regular128_reuse16,s64_m64_qshuffle_fast,2,tile_compute,1.5332698822,129,40.7319068909
regular128_reuse16,s64_m64_qshuffle_fast,2,tile_store,0.0362396240234,129,40.7319068909
regular128_reuse16,s64_m64_qshuffle_fast,2,output_scatter,0.256776809692,129,40.7319068909
regular128_reuse16,s64_m64_qshuffle_fast,2,thread_amx_setup,0.0367164611816,129,40.7319068909
regular128_reuse16,s64_m64_qsource_fast,1,output_zero,0,129,31.9559574127
regular128_reuse16,s64_m64_qsource_fast,1,row_schedule,0.0495910644531,129,31.9559574127
regular128_reuse16,s64_m64_qsource_fast,1,partial_zero,0.100374221802,129,31.9559574127
regular128_reuse16,s64_m64_qsource_fast,1,csr_prefetch,53.5335540771,129,31.9559574127
regular128_reuse16,s64_m64_qsource_fast,1,feature_gather_decode,38.0229949951,129,31.9559574127
regular128_reuse16,s64_m64_qsource_fast,1,fp32_neighbor_reduction,15.3620243073,129,31.9559574127
regular128_reuse16,s64_m64_qsource_fast,1,partial_bf16_conversion,2.10356712341,129,31.9559574127
regular128_reuse16,s64_m64_qsource_fast,1,tile_load,0.564575195312,129,31.9559574127
regular128_reuse16,s64_m64_qsource_fast,1,tile_compute,1.47199630737,129,31.9559574127
regular128_reuse16,s64_m64_qsource_fast,1,tile_store,0.0400543212891,129,31.9559574127
regular128_reuse16,s64_m64_qsource_fast,1,output_scatter,0.151395797729,129,31.9559574127
regular128_reuse16,s64_m64_qsource_fast,1,thread_amx_setup,0.0710487365723,129,31.9559574127
regular128_reuse16,s64_m64_qsource_fast,2,output_zero,0,129,31.4540863037
regular128_reuse16,s64_m64_qsource_fast,2,row_schedule,0.0467300415039,129,31.4540863037
regular128_reuse16,s64_m64_qsource_fast,2,partial_zero,0.0882148742676,129,31.4540863037
regular128_reuse16,s64_m64_qsource_fast,2,csr_prefetch,53.1485080719,129,31.4540863037
regular128_reuse16,s64_m64_qsource_fast,2,feature_gather_decode,38.4123325348,129,31.4540863037
regular128_reuse16,s64_m64_qsource_fast,2,fp32_neighbor_reduction,15.1138305664,129,31.4540863037
regular128_reuse16,s64_m64_qsource_fast,2,partial_bf16_conversion,2.0751953125,129,31.4540863037
regular128_reuse16,s64_m64_qsource_fast,2,tile_load,0.574111938477,129,31.4540863037
regular128_reuse16,s64_m64_qsource_fast,2,tile_compute,1.49869918823,129,31.4540863037
regular128_reuse16,s64_m64_qsource_fast,2,tile_store,0.044584274292,129,31.4540863037
regular128_reuse16,s64_m64_qsource_fast,2,output_scatter,0.264883041382,129,31.4540863037
regular128_reuse16,s64_m64_qsource_fast,2,thread_amx_setup,0.0400543212891,129,31.4540863037
regular128_reuse16,s64_m64_qpage_fast,1,output_zero,0,129,32.0360660553
regular128_reuse16,s64_m64_qpage_fast,1,row_schedule,0.0510215759277,129,32.0360660553
regular128_reuse16,s64_m64_qpage_fast,1,partial_zero,0.0953674316406,129,32.0360660553
regular128_reuse16,s64_m64_qpage_fast,1,csr_prefetch,53.263425827,129,32.0360660553
regular128_reuse16,s64_m64_qpage_fast,1,feature_gather_decode,38.1922721863,129,32.0360660553
regular128_reuse16,s64_m64_qpage_fast,1,fp32_neighbor_reduction,15.5062675476,129,32.0360660553
regular128_reuse16,s64_m64_qpage_fast,1,partial_bf16_conversion,2.0649433136,129,32.0360660553
regular128_reuse16,s64_m64_qpage_fast,1,tile_load,0.592708587646,129,32.0360660553
regular128_reuse16,s64_m64_qpage_fast,1,tile_compute,1.4591217041,129,32.0360660553
regular128_reuse16,s64_m64_qpage_fast,1,tile_store,0.046968460083,129,32.0360660553
regular128_reuse16,s64_m64_qpage_fast,1,output_scatter,0.148296356201,129,32.0360660553
regular128_reuse16,s64_m64_qpage_fast,1,thread_amx_setup,0.0364780426025,129,32.0360660553
regular128_reuse16,s64_m64_qpage_fast,2,output_zero,0,129,31.5358638763
regular128_reuse16,s64_m64_qpage_fast,2,row_schedule,0.044584274292,129,31.5358638763
regular128_reuse16,s64_m64_qpage_fast,2,partial_zero,0.108242034912,129,31.5358638763
regular128_reuse16,s64_m64_qpage_fast,2,csr_prefetch,53.2450675964,129,31.5358638763
regular128_reuse16,s64_m64_qpage_fast,2,feature_gather_decode,38.4409427643,129,31.5358638763
regular128_reuse16,s64_m64_qpage_fast,2,fp32_neighbor_reduction,15.2204036713,129,31.5358638763
regular128_reuse16,s64_m64_qpage_fast,2,partial_bf16_conversion,2.14624404907,129,31.5358638763
regular128_reuse16,s64_m64_qpage_fast,2,tile_load,0.564098358154,129,31.5358638763
regular128_reuse16,s64_m64_qpage_fast,2,tile_compute,1.57165527344,129,31.5358638763
regular128_reuse16,s64_m64_qpage_fast,2,tile_store,0.030517578125,129,31.5358638763
regular128_reuse16,s64_m64_qpage_fast,2,output_scatter,0.302314758301,129,31.5358638763
regular128_reuse16,s64_m64_qpage_fast,2,thread_amx_setup,0.0507831573486,129,31.5358638763
